"appid","name","is_free","positive_reviews","negative_reviews","total_reviews","raw_positive_rate","wilson_lower_95","wilson_center","wilson_upper_95","wilson_width","eb_posterior_mean","eb_ci95_lower","eb_ci95_upper","data_weight","prior_weight","eb_ci95_width","eb_shrinkage","absolute_shrinkage","eb_shrinkage_pp","raw_rank","wilson_rank","eb_rank","rank_change"
660200,"Transistor Defense",0,1,0,1,1,0.206549314377237,0.603274657188619,1,0.793450685622763,0.852153574587866,0.534749383069649,0.995001716766416,0.141504169329759,0.858495830670241,0.460252333696767,-0.147846425412134,0.147846425412134,-14.7846425412134,576,1735,1072,-496
1154140,"Pity Please!",0,1,0,1,1,0.206549314377237,0.603274657188619,1,0.793450685622763,0.852153574587866,0.534749383069649,0.995001716766416,0.141504169329759,0.858495830670241,0.460252333696767,-0.147846425412134,0.147846425412134,-14.7846425412134,577,1736,1073,-496
1858790,"Bony Odyssey",0,1,0,1,1,0.206549314377237,0.603274657188619,1,0.793450685622763,0.852153574587866,0.534749383069649,0.995001716766416,0.141504169329759,0.858495830670241,0.460252333696767,-0.147846425412134,0.147846425412134,-14.7846425412134,578,1737,1074,-496
1860290,"Moondrills",0,1,0,1,1,0.206549314377237,0.603274657188619,1,0.793450685622763,0.852153574587866,0.534749383069649,0.995001716766416,0.141504169329759,0.858495830670241,0.460252333696767,-0.147846425412134,0.147846425412134,-14.7846425412134,579,1738,1075,-496
1866640,"Kronos",0,1,0,1,1,0.206549314377237,0.603274657188619,1,0.793450685622763,0.852153574587866,0.534749383069649,0.995001716766416,0.141504169329759,0.858495830670241,0.460252333696767,-0.147846425412134,0.147846425412134,-14.7846425412134,580,1739,1076,-496
1968440,"Strange Hunting Grounds",0,1,0,1,1,0.206549314377237,0.603274657188619,1,0.793450685622763,0.852153574587866,0.534749383069649,0.995001716766416,0.141504169329759,0.858495830670241,0.460252333696767,-0.147846425412134,0.147846425412134,-14.7846425412134,581,1740,1077,-496
2055400,"Knights Together",0,1,0,1,1,0.206549314377237,0.603274657188619,1,0.793450685622763,0.852153574587866,0.534749383069649,0.995001716766416,0.141504169329759,0.858495830670241,0.460252333696767,-0.147846425412134,0.147846425412134,-14.7846425412134,582,1741,1078,-496
2143760,"Her Name",0,1,0,1,1,0.206549314377237,0.603274657188619,1,0.793450685622763,0.852153574587866,0.534749383069649,0.995001716766416,0.141504169329759,0.858495830670241,0.460252333696767,-0.147846425412134,0.147846425412134,-14.7846425412134,583,1742,1079,-496
2588400,"Robokid",0,1,0,1,1,0.206549314377237,0.603274657188619,1,0.793450685622763,0.852153574587866,0.534749383069649,0.995001716766416,0.141504169329759,0.858495830670241,0.460252333696767,-0.147846425412134,0.147846425412134,-14.7846425412134,584,1743,1080,-496
2673790,"Endless Asphalt",0,1,0,1,1,0.206549314377237,0.603274657188619,1,0.793450685622763,0.852153574587866,0.534749383069649,0.995001716766416,0.141504169329759,0.858495830670241,0.460252333696767,-0.147846425412134,0.147846425412134,-14.7846425412134,585,1744,1081,-496
2691340,"The Christopher Redemption - I",0,1,0,1,1,0.206549314377237,0.603274657188619,1,0.793450685622763,0.852153574587866,0.534749383069649,0.995001716766416,0.141504169329759,0.858495830670241,0.460252333696767,-0.147846425412134,0.147846425412134,-14.7846425412134,586,1745,1082,-496
2751920,"Redacted:Genome",0,1,0,1,1,0.206549314377237,0.603274657188619,1,0.793450685622763,0.852153574587866,0.534749383069649,0.995001716766416,0.141504169329759,0.858495830670241,0.460252333696767,-0.147846425412134,0.147846425412134,-14.7846425412134,587,1746,1083,-496
2831070,"Dimachaerus",0,1,0,1,1,0.206549314377237,0.603274657188619,1,0.793450685622763,0.852153574587866,0.534749383069649,0.995001716766416,0.141504169329759,0.858495830670241,0.460252333696767,-0.147846425412134,0.147846425412134,-14.7846425412134,588,1747,1084,-496
2860040,"SIS and BRO: The Cyborg Siblings",0,1,0,1,1,0.206549314377237,0.603274657188619,1,0.793450685622763,0.852153574587866,0.534749383069649,0.995001716766416,0.141504169329759,0.858495830670241,0.460252333696767,-0.147846425412134,0.147846425412134,-14.7846425412134,589,1748,1085,-496
2881170,"My fair damnation",0,1,0,1,1,0.206549314377237,0.603274657188619,1,0.793450685622763,0.852153574587866,0.534749383069649,0.995001716766416,0.141504169329759,0.858495830670241,0.460252333696767,-0.147846425412134,0.147846425412134,-14.7846425412134,590,1749,1086,-496
2899300,"UKNON Jones & Guynelk 2",0,1,0,1,1,0.206549314377237,0.603274657188619,1,0.793450685622763,0.852153574587866,0.534749383069649,0.995001716766416,0.141504169329759,0.858495830670241,0.460252333696767,-0.147846425412134,0.147846425412134,-14.7846425412134,591,1750,1087,-496
3002630,"Dionysus",0,1,0,1,1,0.206549314377237,0.603274657188619,1,0.793450685622763,0.852153574587866,0.534749383069649,0.995001716766416,0.141504169329759,0.858495830670241,0.460252333696767,-0.147846425412134,0.147846425412134,-14.7846425412134,592,1751,1088,-496
3026650,"Master Bobber",0,1,0,1,1,0.206549314377237,0.603274657188619,1,0.793450685622763,0.852153574587866,0.534749383069649,0.995001716766416,0.141504169329759,0.858495830670241,0.460252333696767,-0.147846425412134,0.147846425412134,-14.7846425412134,593,1752,1089,-496
3061100,"栖云：遗忘之境 Oriental Dreams : The Forgotten Realm",0,1,0,1,1,0.206549314377237,0.603274657188619,1,0.793450685622763,0.852153574587866,0.534749383069649,0.995001716766416,0.141504169329759,0.858495830670241,0.460252333696767,-0.147846425412134,0.147846425412134,-14.7846425412134,594,1753,1090,-496
3069360,"RIP Party",0,1,0,1,1,0.206549314377237,0.603274657188619,1,0.793450685622763,0.852153574587866,0.534749383069649,0.995001716766416,0.141504169329759,0.858495830670241,0.460252333696767,-0.147846425412134,0.147846425412134,-14.7846425412134,595,1754,1091,-496
3121630,"Nightwatch at the Hopkins' Cliffside",0,1,0,1,1,0.206549314377237,0.603274657188619,1,0.793450685622763,0.852153574587866,0.534749383069649,0.995001716766416,0.141504169329759,0.858495830670241,0.460252333696767,-0.147846425412134,0.147846425412134,-14.7846425412134,596,1755,1092,-496
3121720,"A Snail's Pace",0,1,0,1,1,0.206549314377237,0.603274657188619,1,0.793450685622763,0.852153574587866,0.534749383069649,0.995001716766416,0.141504169329759,0.858495830670241,0.460252333696767,-0.147846425412134,0.147846425412134,-14.7846425412134,597,1756,1093,-496
3166730,"Forest Time",0,1,0,1,1,0.206549314377237,0.603274657188619,1,0.793450685622763,0.852153574587866,0.534749383069649,0.995001716766416,0.141504169329759,0.858495830670241,0.460252333696767,-0.147846425412134,0.147846425412134,-14.7846425412134,598,1757,1094,-496
3188460,"Orcs Will Never Be Slaves",0,1,0,1,1,0.206549314377237,0.603274657188619,1,0.793450685622763,0.852153574587866,0.534749383069649,0.995001716766416,0.141504169329759,0.858495830670241,0.460252333696767,-0.147846425412134,0.147846425412134,-14.7846425412134,599,1758,1095,-496
3198760,"THE BEST INVESTOR",0,1,0,1,1,0.206549314377237,0.603274657188619,1,0.793450685622763,0.852153574587866,0.534749383069649,0.995001716766416,0.141504169329759,0.858495830670241,0.460252333696767,-0.147846425412134,0.147846425412134,-14.7846425412134,600,1759,1096,-496
3202430,"Tiny Devils",0,1,0,1,1,0.206549314377237,0.603274657188619,1,0.793450685622763,0.852153574587866,0.534749383069649,0.995001716766416,0.141504169329759,0.858495830670241,0.460252333696767,-0.147846425412134,0.147846425412134,-14.7846425412134,601,1760,1097,-496
3203160,"Talk to Me Human",0,1,0,1,1,0.206549314377237,0.603274657188619,1,0.793450685622763,0.852153574587866,0.534749383069649,0.995001716766416,0.141504169329759,0.858495830670241,0.460252333696767,-0.147846425412134,0.147846425412134,-14.7846425412134,602,1761,1098,-496
3205360,"City Lights, Old Flames",0,1,0,1,1,0.206549314377237,0.603274657188619,1,0.793450685622763,0.852153574587866,0.534749383069649,0.995001716766416,0.141504169329759,0.858495830670241,0.460252333696767,-0.147846425412134,0.147846425412134,-14.7846425412134,603,1762,1099,-496
3220170,"Arcane Afterfall",1,1,0,1,1,0.206549314377237,0.603274657188619,1,0.793450685622763,0.852153574587866,0.534749383069649,0.995001716766416,0.141504169329759,0.858495830670241,0.460252333696767,-0.147846425412134,0.147846425412134,-14.7846425412134,604,1763,1100,-496
3226740,"Beastly Tactics: Rock Paper Scissors",0,1,0,1,1,0.206549314377237,0.603274657188619,1,0.793450685622763,0.852153574587866,0.534749383069649,0.995001716766416,0.141504169329759,0.858495830670241,0.460252333696767,-0.147846425412134,0.147846425412134,-14.7846425412134,605,1764,1101,-496
3238190,"Success In Progress",0,1,0,1,1,0.206549314377237,0.603274657188619,1,0.793450685622763,0.852153574587866,0.534749383069649,0.995001716766416,0.141504169329759,0.858495830670241,0.460252333696767,-0.147846425412134,0.147846425412134,-14.7846425412134,606,1765,1102,-496
3252440,"Geon",0,1,0,1,1,0.206549314377237,0.603274657188619,1,0.793450685622763,0.852153574587866,0.534749383069649,0.995001716766416,0.141504169329759,0.858495830670241,0.460252333696767,-0.147846425412134,0.147846425412134,-14.7846425412134,607,1766,1103,-496
3262080,"Word Rave",0,1,0,1,1,0.206549314377237,0.603274657188619,1,0.793450685622763,0.852153574587866,0.534749383069649,0.995001716766416,0.141504169329759,0.858495830670241,0.460252333696767,-0.147846425412134,0.147846425412134,-14.7846425412134,608,1767,1104,-496
3262560,"Weeks Till Winter",0,1,0,1,1,0.206549314377237,0.603274657188619,1,0.793450685622763,0.852153574587866,0.534749383069649,0.995001716766416,0.141504169329759,0.858495830670241,0.460252333696767,-0.147846425412134,0.147846425412134,-14.7846425412134,609,1768,1105,-496
3268870,"Mercator",0,1,0,1,1,0.206549314377237,0.603274657188619,1,0.793450685622763,0.852153574587866,0.534749383069649,0.995001716766416,0.141504169329759,0.858495830670241,0.460252333696767,-0.147846425412134,0.147846425412134,-14.7846425412134,610,1769,1106,-496
3305920,"CubeyCollect",0,1,0,1,1,0.206549314377237,0.603274657188619,1,0.793450685622763,0.852153574587866,0.534749383069649,0.995001716766416,0.141504169329759,0.858495830670241,0.460252333696767,-0.147846425412134,0.147846425412134,-14.7846425412134,611,1770,1107,-496
3308330,"Hardcore Circus",0,1,0,1,1,0.206549314377237,0.603274657188619,1,0.793450685622763,0.852153574587866,0.534749383069649,0.995001716766416,0.141504169329759,0.858495830670241,0.460252333696767,-0.147846425412134,0.147846425412134,-14.7846425412134,612,1771,1108,-496
3326580,"Raybounder",0,1,0,1,1,0.206549314377237,0.603274657188619,1,0.793450685622763,0.852153574587866,0.534749383069649,0.995001716766416,0.141504169329759,0.858495830670241,0.460252333696767,-0.147846425412134,0.147846425412134,-14.7846425412134,613,1772,1109,-496
3342150,"10MIN HEROES",0,1,0,1,1,0.206549314377237,0.603274657188619,1,0.793450685622763,0.852153574587866,0.534749383069649,0.995001716766416,0.141504169329759,0.858495830670241,0.460252333696767,-0.147846425412134,0.147846425412134,-14.7846425412134,614,1773,1110,-496
3344770,"Axe & Bow Land",0,1,0,1,1,0.206549314377237,0.603274657188619,1,0.793450685622763,0.852153574587866,0.534749383069649,0.995001716766416,0.141504169329759,0.858495830670241,0.460252333696767,-0.147846425412134,0.147846425412134,-14.7846425412134,615,1774,1111,-496
3356250,"Low_Signal",0,1,0,1,1,0.206549314377237,0.603274657188619,1,0.793450685622763,0.852153574587866,0.534749383069649,0.995001716766416,0.141504169329759,0.858495830670241,0.460252333696767,-0.147846425412134,0.147846425412134,-14.7846425412134,616,1775,1112,-496
3360820,"Great Hoax: The Moon Landing",0,1,0,1,1,0.206549314377237,0.603274657188619,1,0.793450685622763,0.852153574587866,0.534749383069649,0.995001716766416,0.141504169329759,0.858495830670241,0.460252333696767,-0.147846425412134,0.147846425412134,-14.7846425412134,617,1776,1113,-496
3398960,"MAiZE",0,1,0,1,1,0.206549314377237,0.603274657188619,1,0.793450685622763,0.852153574587866,0.534749383069649,0.995001716766416,0.141504169329759,0.858495830670241,0.460252333696767,-0.147846425412134,0.147846425412134,-14.7846425412134,618,1777,1114,-496
3405420,"Just Cube",0,1,0,1,1,0.206549314377237,0.603274657188619,1,0.793450685622763,0.852153574587866,0.534749383069649,0.995001716766416,0.141504169329759,0.858495830670241,0.460252333696767,-0.147846425412134,0.147846425412134,-14.7846425412134,619,1778,1115,-496
3413260,"OMEXYAN",0,1,0,1,1,0.206549314377237,0.603274657188619,1,0.793450685622763,0.852153574587866,0.534749383069649,0.995001716766416,0.141504169329759,0.858495830670241,0.460252333696767,-0.147846425412134,0.147846425412134,-14.7846425412134,620,1779,1116,-496
3427500,"Bat-Rush",0,1,0,1,1,0.206549314377237,0.603274657188619,1,0.793450685622763,0.852153574587866,0.534749383069649,0.995001716766416,0.141504169329759,0.858495830670241,0.460252333696767,-0.147846425412134,0.147846425412134,-14.7846425412134,621,1780,1117,-496
3437610,"Dragon Fall",0,1,0,1,1,0.206549314377237,0.603274657188619,1,0.793450685622763,0.852153574587866,0.534749383069649,0.995001716766416,0.141504169329759,0.858495830670241,0.460252333696767,-0.147846425412134,0.147846425412134,-14.7846425412134,622,1781,1118,-496
3441200,"Ruby Journey",0,1,0,1,1,0.206549314377237,0.603274657188619,1,0.793450685622763,0.852153574587866,0.534749383069649,0.995001716766416,0.141504169329759,0.858495830670241,0.460252333696767,-0.147846425412134,0.147846425412134,-14.7846425412134,623,1782,1119,-496
3446250,"Aslimelate",0,1,0,1,1,0.206549314377237,0.603274657188619,1,0.793450685622763,0.852153574587866,0.534749383069649,0.995001716766416,0.141504169329759,0.858495830670241,0.460252333696767,-0.147846425412134,0.147846425412134,-14.7846425412134,624,1783,1120,-496
3447300,"Cardrunners",0,1,0,1,1,0.206549314377237,0.603274657188619,1,0.793450685622763,0.852153574587866,0.534749383069649,0.995001716766416,0.141504169329759,0.858495830670241,0.460252333696767,-0.147846425412134,0.147846425412134,-14.7846425412134,625,1784,1121,-496
3447910,"Forged Into History: Speedway Odyssey",0,1,0,1,1,0.206549314377237,0.603274657188619,1,0.793450685622763,0.852153574587866,0.534749383069649,0.995001716766416,0.141504169329759,0.858495830670241,0.460252333696767,-0.147846425412134,0.147846425412134,-14.7846425412134,626,1785,1122,-496
3481920,"One Hard Game Please!",0,1,0,1,1,0.206549314377237,0.603274657188619,1,0.793450685622763,0.852153574587866,0.534749383069649,0.995001716766416,0.141504169329759,0.858495830670241,0.460252333696767,-0.147846425412134,0.147846425412134,-14.7846425412134,627,1786,1123,-496
3502370,"Speed Rally",0,1,0,1,1,0.206549314377237,0.603274657188619,1,0.793450685622763,0.852153574587866,0.534749383069649,0.995001716766416,0.141504169329759,0.858495830670241,0.460252333696767,-0.147846425412134,0.147846425412134,-14.7846425412134,628,1787,1124,-496
3502860,"Caller of the Crows",0,1,0,1,1,0.206549314377237,0.603274657188619,1,0.793450685622763,0.852153574587866,0.534749383069649,0.995001716766416,0.141504169329759,0.858495830670241,0.460252333696767,-0.147846425412134,0.147846425412134,-14.7846425412134,629,1788,1125,-496
3509730,"Jackie Hart: Headhunter",0,1,0,1,1,0.206549314377237,0.603274657188619,1,0.793450685622763,0.852153574587866,0.534749383069649,0.995001716766416,0.141504169329759,0.858495830670241,0.460252333696767,-0.147846425412134,0.147846425412134,-14.7846425412134,630,1789,1126,-496
3513340,"Why Do Boys Play Games?",0,1,0,1,1,0.206549314377237,0.603274657188619,1,0.793450685622763,0.852153574587866,0.534749383069649,0.995001716766416,0.141504169329759,0.858495830670241,0.460252333696767,-0.147846425412134,0.147846425412134,-14.7846425412134,631,1790,1127,-496
3515710,"Ashen Reverie",0,1,0,1,1,0.206549314377237,0.603274657188619,1,0.793450685622763,0.852153574587866,0.534749383069649,0.995001716766416,0.141504169329759,0.858495830670241,0.460252333696767,-0.147846425412134,0.147846425412134,-14.7846425412134,632,1791,1128,-496
3518030,"Synthetic Paradox",0,1,0,1,1,0.206549314377237,0.603274657188619,1,0.793450685622763,0.852153574587866,0.534749383069649,0.995001716766416,0.141504169329759,0.858495830670241,0.460252333696767,-0.147846425412134,0.147846425412134,-14.7846425412134,633,1792,1129,-496
3529380,"Carrotour",0,1,0,1,1,0.206549314377237,0.603274657188619,1,0.793450685622763,0.852153574587866,0.534749383069649,0.995001716766416,0.141504169329759,0.858495830670241,0.460252333696767,-0.147846425412134,0.147846425412134,-14.7846425412134,634,1793,1130,-496
3554010,"Lixing's Picross World",0,1,0,1,1,0.206549314377237,0.603274657188619,1,0.793450685622763,0.852153574587866,0.534749383069649,0.995001716766416,0.141504169329759,0.858495830670241,0.460252333696767,-0.147846425412134,0.147846425412134,-14.7846425412134,635,1794,1131,-496
3565700,"Forgedale",0,1,0,1,1,0.206549314377237,0.603274657188619,1,0.793450685622763,0.852153574587866,0.534749383069649,0.995001716766416,0.141504169329759,0.858495830670241,0.460252333696767,-0.147846425412134,0.147846425412134,-14.7846425412134,636,1795,1132,-496
3571780,"Mosh Pit Mayhem",0,1,0,1,1,0.206549314377237,0.603274657188619,1,0.793450685622763,0.852153574587866,0.534749383069649,0.995001716766416,0.141504169329759,0.858495830670241,0.460252333696767,-0.147846425412134,0.147846425412134,-14.7846425412134,637,1796,1133,-496
3572030,"Motamo",1,1,0,1,1,0.206549314377237,0.603274657188619,1,0.793450685622763,0.852153574587866,0.534749383069649,0.995001716766416,0.141504169329759,0.858495830670241,0.460252333696767,-0.147846425412134,0.147846425412134,-14.7846425412134,638,1797,1134,-496
3576000,"Behind The Curtain",0,1,0,1,1,0.206549314377237,0.603274657188619,1,0.793450685622763,0.852153574587866,0.534749383069649,0.995001716766416,0.141504169329759,0.858495830670241,0.460252333696767,-0.147846425412134,0.147846425412134,-14.7846425412134,639,1798,1135,-496
3578500,"Rusty Foodies",0,1,0,1,1,0.206549314377237,0.603274657188619,1,0.793450685622763,0.852153574587866,0.534749383069649,0.995001716766416,0.141504169329759,0.858495830670241,0.460252333696767,-0.147846425412134,0.147846425412134,-14.7846425412134,640,1799,1136,-496
3593000,"Abrez",0,1,0,1,1,0.206549314377237,0.603274657188619,1,0.793450685622763,0.852153574587866,0.534749383069649,0.995001716766416,0.141504169329759,0.858495830670241,0.460252333696767,-0.147846425412134,0.147846425412134,-14.7846425412134,641,1800,1137,-496
3606340,"Harvest Reaper",0,1,0,1,1,0.206549314377237,0.603274657188619,1,0.793450685622763,0.852153574587866,0.534749383069649,0.995001716766416,0.141504169329759,0.858495830670241,0.460252333696767,-0.147846425412134,0.147846425412134,-14.7846425412134,642,1801,1138,-496
3612610,"Stackmancy",0,1,0,1,1,0.206549314377237,0.603274657188619,1,0.793450685622763,0.852153574587866,0.534749383069649,0.995001716766416,0.141504169329759,0.858495830670241,0.460252333696767,-0.147846425412134,0.147846425412134,-14.7846425412134,643,1802,1139,-496
3626860,"PROTECT GLOOBI",0,1,0,1,1,0.206549314377237,0.603274657188619,1,0.793450685622763,0.852153574587866,0.534749383069649,0.995001716766416,0.141504169329759,0.858495830670241,0.460252333696767,-0.147846425412134,0.147846425412134,-14.7846425412134,644,1803,1140,-496
3628600,"Luft Gears",0,1,0,1,1,0.206549314377237,0.603274657188619,1,0.793450685622763,0.852153574587866,0.534749383069649,0.995001716766416,0.141504169329759,0.858495830670241,0.460252333696767,-0.147846425412134,0.147846425412134,-14.7846425412134,645,1804,1141,-496
3630930,"Art Together",0,1,0,1,1,0.206549314377237,0.603274657188619,1,0.793450685622763,0.852153574587866,0.534749383069649,0.995001716766416,0.141504169329759,0.858495830670241,0.460252333696767,-0.147846425412134,0.147846425412134,-14.7846425412134,646,1805,1142,-496
3632280,"The Dance of Maple Leaves",0,1,0,1,1,0.206549314377237,0.603274657188619,1,0.793450685622763,0.852153574587866,0.534749383069649,0.995001716766416,0.141504169329759,0.858495830670241,0.460252333696767,-0.147846425412134,0.147846425412134,-14.7846425412134,647,1806,1143,-496
3636110,"不思議な世界の観光日記Ⅱ～パクルワールドとセジカの逆襲～",0,1,0,1,1,0.206549314377237,0.603274657188619,1,0.793450685622763,0.852153574587866,0.534749383069649,0.995001716766416,0.141504169329759,0.858495830670241,0.460252333696767,-0.147846425412134,0.147846425412134,-14.7846425412134,648,1807,1144,-496
3643350,"Destroy All Letters - Space Adventure",0,1,0,1,1,0.206549314377237,0.603274657188619,1,0.793450685622763,0.852153574587866,0.534749383069649,0.995001716766416,0.141504169329759,0.858495830670241,0.460252333696767,-0.147846425412134,0.147846425412134,-14.7846425412134,649,1808,1145,-496
3653390,"Final Echo",0,1,0,1,1,0.206549314377237,0.603274657188619,1,0.793450685622763,0.852153574587866,0.534749383069649,0.995001716766416,0.141504169329759,0.858495830670241,0.460252333696767,-0.147846425412134,0.147846425412134,-14.7846425412134,650,1809,1146,-496
3656690,"Arc’s Glitch Defender",0,1,0,1,1,0.206549314377237,0.603274657188619,1,0.793450685622763,0.852153574587866,0.534749383069649,0.995001716766416,0.141504169329759,0.858495830670241,0.460252333696767,-0.147846425412134,0.147846425412134,-14.7846425412134,651,1810,1147,-496
3659560,"Bob's Crystals",0,1,0,1,1,0.206549314377237,0.603274657188619,1,0.793450685622763,0.852153574587866,0.534749383069649,0.995001716766416,0.141504169329759,0.858495830670241,0.460252333696767,-0.147846425412134,0.147846425412134,-14.7846425412134,652,1811,1148,-496
3660270,"Corrupted World",0,1,0,1,1,0.206549314377237,0.603274657188619,1,0.793450685622763,0.852153574587866,0.534749383069649,0.995001716766416,0.141504169329759,0.858495830670241,0.460252333696767,-0.147846425412134,0.147846425412134,-14.7846425412134,653,1812,1149,-496
3666940,"Rebels - Under the Spell of Magic (Chapter 5)",0,1,0,1,1,0.206549314377237,0.603274657188619,1,0.793450685622763,0.852153574587866,0.534749383069649,0.995001716766416,0.141504169329759,0.858495830670241,0.460252333696767,-0.147846425412134,0.147846425412134,-14.7846425412134,654,1813,1150,-496
3668840,"CAGELING",0,1,0,1,1,0.206549314377237,0.603274657188619,1,0.793450685622763,0.852153574587866,0.534749383069649,0.995001716766416,0.141504169329759,0.858495830670241,0.460252333696767,-0.147846425412134,0.147846425412134,-14.7846425412134,655,1814,1151,-496
3675150,"Donut Riders",0,1,0,1,1,0.206549314377237,0.603274657188619,1,0.793450685622763,0.852153574587866,0.534749383069649,0.995001716766416,0.141504169329759,0.858495830670241,0.460252333696767,-0.147846425412134,0.147846425412134,-14.7846425412134,656,1815,1152,-496
3684010,"3 Hell",0,1,0,1,1,0.206549314377237,0.603274657188619,1,0.793450685622763,0.852153574587866,0.534749383069649,0.995001716766416,0.141504169329759,0.858495830670241,0.460252333696767,-0.147846425412134,0.147846425412134,-14.7846425412134,657,1816,1153,-496
3686840,"Under the Ruin",0,1,0,1,1,0.206549314377237,0.603274657188619,1,0.793450685622763,0.852153574587866,0.534749383069649,0.995001716766416,0.141504169329759,0.858495830670241,0.460252333696767,-0.147846425412134,0.147846425412134,-14.7846425412134,658,1817,1154,-496
3702810,"Hellbound: Reign of El Diablo",0,1,0,1,1,0.206549314377237,0.603274657188619,1,0.793450685622763,0.852153574587866,0.534749383069649,0.995001716766416,0.141504169329759,0.858495830670241,0.460252333696767,-0.147846425412134,0.147846425412134,-14.7846425412134,659,1818,1155,-496
3715980,"WAHM | <U+0648><U+0647><U+0645>",0,1,0,1,1,0.206549314377237,0.603274657188619,1,0.793450685622763,0.852153574587866,0.534749383069649,0.995001716766416,0.141504169329759,0.858495830670241,0.460252333696767,-0.147846425412134,0.147846425412134,-14.7846425412134,660,1819,1156,-496
3725130,"Meow Path 2",0,1,0,1,1,0.206549314377237,0.603274657188619,1,0.793450685622763,0.852153574587866,0.534749383069649,0.995001716766416,0.141504169329759,0.858495830670241,0.460252333696767,-0.147846425412134,0.147846425412134,-14.7846425412134,661,1820,1157,-496
3728040,"I commissioned some snails 5",0,1,0,1,1,0.206549314377237,0.603274657188619,1,0.793450685622763,0.852153574587866,0.534749383069649,0.995001716766416,0.141504169329759,0.858495830670241,0.460252333696767,-0.147846425412134,0.147846425412134,-14.7846425412134,662,1821,1158,-496
3738820,"Nonogram Nonsense",0,1,0,1,1,0.206549314377237,0.603274657188619,1,0.793450685622763,0.852153574587866,0.534749383069649,0.995001716766416,0.141504169329759,0.858495830670241,0.460252333696767,-0.147846425412134,0.147846425412134,-14.7846425412134,663,1822,1159,-496
3742110,"Dustoria",0,1,0,1,1,0.206549314377237,0.603274657188619,1,0.793450685622763,0.852153574587866,0.534749383069649,0.995001716766416,0.141504169329759,0.858495830670241,0.460252333696767,-0.147846425412134,0.147846425412134,-14.7846425412134,664,1823,1160,-496
3748700,"Xiao Jun (English Edition)",0,1,0,1,1,0.206549314377237,0.603274657188619,1,0.793450685622763,0.852153574587866,0.534749383069649,0.995001716766416,0.141504169329759,0.858495830670241,0.460252333696767,-0.147846425412134,0.147846425412134,-14.7846425412134,665,1824,1161,-496
3754500,"Mad Carnival",0,1,0,1,1,0.206549314377237,0.603274657188619,1,0.793450685622763,0.852153574587866,0.534749383069649,0.995001716766416,0.141504169329759,0.858495830670241,0.460252333696767,-0.147846425412134,0.147846425412134,-14.7846425412134,666,1825,1162,-496
3754800,"City Love Clicker",0,1,0,1,1,0.206549314377237,0.603274657188619,1,0.793450685622763,0.852153574587866,0.534749383069649,0.995001716766416,0.141504169329759,0.858495830670241,0.460252333696767,-0.147846425412134,0.147846425412134,-14.7846425412134,667,1826,1163,-496
3758650,"词力牌：LexiLoong",0,1,0,1,1,0.206549314377237,0.603274657188619,1,0.793450685622763,0.852153574587866,0.534749383069649,0.995001716766416,0.141504169329759,0.858495830670241,0.460252333696767,-0.147846425412134,0.147846425412134,-14.7846425412134,668,1827,1164,-496
3763000,"Starfall Defenders",0,1,0,1,1,0.206549314377237,0.603274657188619,1,0.793450685622763,0.852153574587866,0.534749383069649,0.995001716766416,0.141504169329759,0.858495830670241,0.460252333696767,-0.147846425412134,0.147846425412134,-14.7846425412134,669,1828,1165,-496
3770260,"Rolling Rumble",0,1,0,1,1,0.206549314377237,0.603274657188619,1,0.793450685622763,0.852153574587866,0.534749383069649,0.995001716766416,0.141504169329759,0.858495830670241,0.460252333696767,-0.147846425412134,0.147846425412134,-14.7846425412134,670,1829,1166,-496
3772060,"Bunny's Tea Time",0,1,0,1,1,0.206549314377237,0.603274657188619,1,0.793450685622763,0.852153574587866,0.534749383069649,0.995001716766416,0.141504169329759,0.858495830670241,0.460252333696767,-0.147846425412134,0.147846425412134,-14.7846425412134,671,1830,1167,-496
3779910,"Elegant Sleuth:Mystic Family",0,1,0,1,1,0.206549314377237,0.603274657188619,1,0.793450685622763,0.852153574587866,0.534749383069649,0.995001716766416,0.141504169329759,0.858495830670241,0.460252333696767,-0.147846425412134,0.147846425412134,-14.7846425412134,672,1831,1168,-496
3783190,"Useless Timmy",0,1,0,1,1,0.206549314377237,0.603274657188619,1,0.793450685622763,0.852153574587866,0.534749383069649,0.995001716766416,0.141504169329759,0.858495830670241,0.460252333696767,-0.147846425412134,0.147846425412134,-14.7846425412134,673,1832,1169,-496
3784130,"New Lands 4: Legends of Tenkai",0,1,0,1,1,0.206549314377237,0.603274657188619,1,0.793450685622763,0.852153574587866,0.534749383069649,0.995001716766416,0.141504169329759,0.858495830670241,0.460252333696767,-0.147846425412134,0.147846425412134,-14.7846425412134,674,1833,1170,-496
3788740,"Dino Explore",0,1,0,1,1,0.206549314377237,0.603274657188619,1,0.793450685622763,0.852153574587866,0.534749383069649,0.995001716766416,0.141504169329759,0.858495830670241,0.460252333696767,-0.147846425412134,0.147846425412134,-14.7846425412134,675,1834,1171,-496
3790080,"Epimythos: The Forgotten Legends",0,1,0,1,1,0.206549314377237,0.603274657188619,1,0.793450685622763,0.852153574587866,0.534749383069649,0.995001716766416,0.141504169329759,0.858495830670241,0.460252333696767,-0.147846425412134,0.147846425412134,-14.7846425412134,676,1835,1172,-496
3792500,"The Museum",0,1,0,1,1,0.206549314377237,0.603274657188619,1,0.793450685622763,0.852153574587866,0.534749383069649,0.995001716766416,0.141504169329759,0.858495830670241,0.460252333696767,-0.147846425412134,0.147846425412134,-14.7846425412134,677,1836,1173,-496
3792540,"BederSNAKE",0,1,0,1,1,0.206549314377237,0.603274657188619,1,0.793450685622763,0.852153574587866,0.534749383069649,0.995001716766416,0.141504169329759,0.858495830670241,0.460252333696767,-0.147846425412134,0.147846425412134,-14.7846425412134,678,1837,1174,-496
3793430,"X.E.H.A. Rogue",0,1,0,1,1,0.206549314377237,0.603274657188619,1,0.793450685622763,0.852153574587866,0.534749383069649,0.995001716766416,0.141504169329759,0.858495830670241,0.460252333696767,-0.147846425412134,0.147846425412134,-14.7846425412134,679,1838,1175,-496
3807790,"Vertex",0,1,0,1,1,0.206549314377237,0.603274657188619,1,0.793450685622763,0.852153574587866,0.534749383069649,0.995001716766416,0.141504169329759,0.858495830670241,0.460252333696767,-0.147846425412134,0.147846425412134,-14.7846425412134,680,1839,1176,-496
3810990,"Row Away",0,1,0,1,1,0.206549314377237,0.603274657188619,1,0.793450685622763,0.852153574587866,0.534749383069649,0.995001716766416,0.141504169329759,0.858495830670241,0.460252333696767,-0.147846425412134,0.147846425412134,-14.7846425412134,681,1840,1177,-496
3812120,"Breadbulls",0,1,0,1,1,0.206549314377237,0.603274657188619,1,0.793450685622763,0.852153574587866,0.534749383069649,0.995001716766416,0.141504169329759,0.858495830670241,0.460252333696767,-0.147846425412134,0.147846425412134,-14.7846425412134,682,1841,1178,-496
3813150,"Lone Labyrinth: Burden of the Just",0,1,0,1,1,0.206549314377237,0.603274657188619,1,0.793450685622763,0.852153574587866,0.534749383069649,0.995001716766416,0.141504169329759,0.858495830670241,0.460252333696767,-0.147846425412134,0.147846425412134,-14.7846425412134,683,1842,1179,-496
3814610,"FastFly",0,1,0,1,1,0.206549314377237,0.603274657188619,1,0.793450685622763,0.852153574587866,0.534749383069649,0.995001716766416,0.141504169329759,0.858495830670241,0.460252333696767,-0.147846425412134,0.147846425412134,-14.7846425412134,684,1843,1180,-496
3817790,"SnaiL TraiL",0,1,0,1,1,0.206549314377237,0.603274657188619,1,0.793450685622763,0.852153574587866,0.534749383069649,0.995001716766416,0.141504169329759,0.858495830670241,0.460252333696767,-0.147846425412134,0.147846425412134,-14.7846425412134,685,1844,1181,-496
3817930,"Tombs & Trials",0,1,0,1,1,0.206549314377237,0.603274657188619,1,0.793450685622763,0.852153574587866,0.534749383069649,0.995001716766416,0.141504169329759,0.858495830670241,0.460252333696767,-0.147846425412134,0.147846425412134,-14.7846425412134,686,1845,1182,-496
3823150,"Bird Like",0,1,0,1,1,0.206549314377237,0.603274657188619,1,0.793450685622763,0.852153574587866,0.534749383069649,0.995001716766416,0.141504169329759,0.858495830670241,0.460252333696767,-0.147846425412134,0.147846425412134,-14.7846425412134,687,1846,1183,-496
3824770,"Chronos Shift",0,1,0,1,1,0.206549314377237,0.603274657188619,1,0.793450685622763,0.852153574587866,0.534749383069649,0.995001716766416,0.141504169329759,0.858495830670241,0.460252333696767,-0.147846425412134,0.147846425412134,-14.7846425412134,688,1847,1184,-496
3826460,"Looking For Waifu",0,1,0,1,1,0.206549314377237,0.603274657188619,1,0.793450685622763,0.852153574587866,0.534749383069649,0.995001716766416,0.141504169329759,0.858495830670241,0.460252333696767,-0.147846425412134,0.147846425412134,-14.7846425412134,689,1848,1185,-496
3826650,"Worm Wars",0,1,0,1,1,0.206549314377237,0.603274657188619,1,0.793450685622763,0.852153574587866,0.534749383069649,0.995001716766416,0.141504169329759,0.858495830670241,0.460252333696767,-0.147846425412134,0.147846425412134,-14.7846425412134,690,1849,1186,-496
3828290,"Kick Yourself On",0,1,0,1,1,0.206549314377237,0.603274657188619,1,0.793450685622763,0.852153574587866,0.534749383069649,0.995001716766416,0.141504169329759,0.858495830670241,0.460252333696767,-0.147846425412134,0.147846425412134,-14.7846425412134,691,1850,1187,-496
3828490,"Monster Destroyer",0,1,0,1,1,0.206549314377237,0.603274657188619,1,0.793450685622763,0.852153574587866,0.534749383069649,0.995001716766416,0.141504169329759,0.858495830670241,0.460252333696767,-0.147846425412134,0.147846425412134,-14.7846425412134,692,1851,1188,-496
3828830,"You Were Sent Alone",0,1,0,1,1,0.206549314377237,0.603274657188619,1,0.793450685622763,0.852153574587866,0.534749383069649,0.995001716766416,0.141504169329759,0.858495830670241,0.460252333696767,-0.147846425412134,0.147846425412134,-14.7846425412134,693,1852,1189,-496
3830430,"Pain 'n Dave: The Maze of Malice",0,1,0,1,1,0.206549314377237,0.603274657188619,1,0.793450685622763,0.852153574587866,0.534749383069649,0.995001716766416,0.141504169329759,0.858495830670241,0.460252333696767,-0.147846425412134,0.147846425412134,-14.7846425412134,694,1853,1190,-496
3830530,"cube hits corner",0,1,0,1,1,0.206549314377237,0.603274657188619,1,0.793450685622763,0.852153574587866,0.534749383069649,0.995001716766416,0.141504169329759,0.858495830670241,0.460252333696767,-0.147846425412134,0.147846425412134,-14.7846425412134,695,1854,1191,-496
3832630,"Wheelchair Wizards",1,1,0,1,1,0.206549314377237,0.603274657188619,1,0.793450685622763,0.852153574587866,0.534749383069649,0.995001716766416,0.141504169329759,0.858495830670241,0.460252333696767,-0.147846425412134,0.147846425412134,-14.7846425412134,696,1855,1192,-496
3842770,"The Last Village",0,1,0,1,1,0.206549314377237,0.603274657188619,1,0.793450685622763,0.852153574587866,0.534749383069649,0.995001716766416,0.141504169329759,0.858495830670241,0.460252333696767,-0.147846425412134,0.147846425412134,-14.7846425412134,697,1856,1193,-496
3844910,"Historic Helix",0,1,0,1,1,0.206549314377237,0.603274657188619,1,0.793450685622763,0.852153574587866,0.534749383069649,0.995001716766416,0.141504169329759,0.858495830670241,0.460252333696767,-0.147846425412134,0.147846425412134,-14.7846425412134,698,1857,1194,-496
3846730,"Planetris",0,1,0,1,1,0.206549314377237,0.603274657188619,1,0.793450685622763,0.852153574587866,0.534749383069649,0.995001716766416,0.141504169329759,0.858495830670241,0.460252333696767,-0.147846425412134,0.147846425412134,-14.7846425412134,699,1858,1195,-496
3851630,"ToneTrek",0,1,0,1,1,0.206549314377237,0.603274657188619,1,0.793450685622763,0.852153574587866,0.534749383069649,0.995001716766416,0.141504169329759,0.858495830670241,0.460252333696767,-0.147846425412134,0.147846425412134,-14.7846425412134,700,1859,1196,-496
3851750,"US Visual Novel",0,1,0,1,1,0.206549314377237,0.603274657188619,1,0.793450685622763,0.852153574587866,0.534749383069649,0.995001716766416,0.141504169329759,0.858495830670241,0.460252333696767,-0.147846425412134,0.147846425412134,-14.7846425412134,701,1860,1197,-496
3854340,"The Abyssal Descent",0,1,0,1,1,0.206549314377237,0.603274657188619,1,0.793450685622763,0.852153574587866,0.534749383069649,0.995001716766416,0.141504169329759,0.858495830670241,0.460252333696767,-0.147846425412134,0.147846425412134,-14.7846425412134,702,1861,1198,-496
3856010,"Space Travel:Chronicles",0,1,0,1,1,0.206549314377237,0.603274657188619,1,0.793450685622763,0.852153574587866,0.534749383069649,0.995001716766416,0.141504169329759,0.858495830670241,0.460252333696767,-0.147846425412134,0.147846425412134,-14.7846425412134,703,1862,1199,-496
3860020,"Wise in the Heights",0,1,0,1,1,0.206549314377237,0.603274657188619,1,0.793450685622763,0.852153574587866,0.534749383069649,0.995001716766416,0.141504169329759,0.858495830670241,0.460252333696767,-0.147846425412134,0.147846425412134,-14.7846425412134,704,1863,1200,-496
3861720,"Ruby's Realms",0,1,0,1,1,0.206549314377237,0.603274657188619,1,0.793450685622763,0.852153574587866,0.534749383069649,0.995001716766416,0.141504169329759,0.858495830670241,0.460252333696767,-0.147846425412134,0.147846425412134,-14.7846425412134,705,1864,1201,-496
3861930,"Pieces To Find",0,1,0,1,1,0.206549314377237,0.603274657188619,1,0.793450685622763,0.852153574587866,0.534749383069649,0.995001716766416,0.141504169329759,0.858495830670241,0.460252333696767,-0.147846425412134,0.147846425412134,-14.7846425412134,706,1865,1202,-496
3862710,"Vita: The Ember Oracle",0,1,0,1,1,0.206549314377237,0.603274657188619,1,0.793450685622763,0.852153574587866,0.534749383069649,0.995001716766416,0.141504169329759,0.858495830670241,0.460252333696767,-0.147846425412134,0.147846425412134,-14.7846425412134,707,1866,1203,-496
3863990,"FOREST SURVIVAL",0,1,0,1,1,0.206549314377237,0.603274657188619,1,0.793450685622763,0.852153574587866,0.534749383069649,0.995001716766416,0.141504169329759,0.858495830670241,0.460252333696767,-0.147846425412134,0.147846425412134,-14.7846425412134,708,1867,1204,-496
3865990,"The Three Cardinals",0,1,0,1,1,0.206549314377237,0.603274657188619,1,0.793450685622763,0.852153574587866,0.534749383069649,0.995001716766416,0.141504169329759,0.858495830670241,0.460252333696767,-0.147846425412134,0.147846425412134,-14.7846425412134,709,1868,1205,-496
3875320,"Neoteria",0,1,0,1,1,0.206549314377237,0.603274657188619,1,0.793450685622763,0.852153574587866,0.534749383069649,0.995001716766416,0.141504169329759,0.858495830670241,0.460252333696767,-0.147846425412134,0.147846425412134,-14.7846425412134,710,1869,1206,-496
3877150,"Pixelo",0,1,0,1,1,0.206549314377237,0.603274657188619,1,0.793450685622763,0.852153574587866,0.534749383069649,0.995001716766416,0.141504169329759,0.858495830670241,0.460252333696767,-0.147846425412134,0.147846425412134,-14.7846425412134,711,1870,1207,-496
3877280,"Moxie",0,1,0,1,1,0.206549314377237,0.603274657188619,1,0.793450685622763,0.852153574587866,0.534749383069649,0.995001716766416,0.141504169329759,0.858495830670241,0.460252333696767,-0.147846425412134,0.147846425412134,-14.7846425412134,712,1871,1208,-496
3877400,"Contingence",0,1,0,1,1,0.206549314377237,0.603274657188619,1,0.793450685622763,0.852153574587866,0.534749383069649,0.995001716766416,0.141504169329759,0.858495830670241,0.460252333696767,-0.147846425412134,0.147846425412134,-14.7846425412134,713,1872,1209,-496
3880060,"Corrupted Basement",0,1,0,1,1,0.206549314377237,0.603274657188619,1,0.793450685622763,0.852153574587866,0.534749383069649,0.995001716766416,0.141504169329759,0.858495830670241,0.460252333696767,-0.147846425412134,0.147846425412134,-14.7846425412134,714,1873,1210,-496
3882340,"W3DGE",0,1,0,1,1,0.206549314377237,0.603274657188619,1,0.793450685622763,0.852153574587866,0.534749383069649,0.995001716766416,0.141504169329759,0.858495830670241,0.460252333696767,-0.147846425412134,0.147846425412134,-14.7846425412134,715,1874,1211,-496
3882860,"I Am A Stick",0,1,0,1,1,0.206549314377237,0.603274657188619,1,0.793450685622763,0.852153574587866,0.534749383069649,0.995001716766416,0.141504169329759,0.858495830670241,0.460252333696767,-0.147846425412134,0.147846425412134,-14.7846425412134,716,1875,1212,-496
3884580,"Reflections of Life: In Screams and Sorrow Collector's Edition",0,1,0,1,1,0.206549314377237,0.603274657188619,1,0.793450685622763,0.852153574587866,0.534749383069649,0.995001716766416,0.141504169329759,0.858495830670241,0.460252333696767,-0.147846425412134,0.147846425412134,-14.7846425412134,717,1876,1213,-496
3885080,"Mage of Tempest Castle",0,1,0,1,1,0.206549314377237,0.603274657188619,1,0.793450685622763,0.852153574587866,0.534749383069649,0.995001716766416,0.141504169329759,0.858495830670241,0.460252333696767,-0.147846425412134,0.147846425412134,-14.7846425412134,718,1877,1214,-496
3885160,"Drunk But Not Wasted Knight",0,1,0,1,1,0.206549314377237,0.603274657188619,1,0.793450685622763,0.852153574587866,0.534749383069649,0.995001716766416,0.141504169329759,0.858495830670241,0.460252333696767,-0.147846425412134,0.147846425412134,-14.7846425412134,719,1878,1215,-496
3885750,"Sudoku-X",0,1,0,1,1,0.206549314377237,0.603274657188619,1,0.793450685622763,0.852153574587866,0.534749383069649,0.995001716766416,0.141504169329759,0.858495830670241,0.460252333696767,-0.147846425412134,0.147846425412134,-14.7846425412134,720,1879,1216,-496
3885800,"Sudoku-9",0,1,0,1,1,0.206549314377237,0.603274657188619,1,0.793450685622763,0.852153574587866,0.534749383069649,0.995001716766416,0.141504169329759,0.858495830670241,0.460252333696767,-0.147846425412134,0.147846425412134,-14.7846425412134,721,1880,1217,-496
3886310,"KOALAS DELIV & GUY",0,1,0,1,1,0.206549314377237,0.603274657188619,1,0.793450685622763,0.852153574587866,0.534749383069649,0.995001716766416,0.141504169329759,0.858495830670241,0.460252333696767,-0.147846425412134,0.147846425412134,-14.7846425412134,722,1881,1218,-496
3891810,"BrainRot Battle",0,1,0,1,1,0.206549314377237,0.603274657188619,1,0.793450685622763,0.852153574587866,0.534749383069649,0.995001716766416,0.141504169329759,0.858495830670241,0.460252333696767,-0.147846425412134,0.147846425412134,-14.7846425412134,723,1882,1219,-496
3892140,"Sudoku-Zen",0,1,0,1,1,0.206549314377237,0.603274657188619,1,0.793450685622763,0.852153574587866,0.534749383069649,0.995001716766416,0.141504169329759,0.858495830670241,0.460252333696767,-0.147846425412134,0.147846425412134,-14.7846425412134,724,1883,1220,-496
3894530,"Rogue Cave",0,1,0,1,1,0.206549314377237,0.603274657188619,1,0.793450685622763,0.852153574587866,0.534749383069649,0.995001716766416,0.141504169329759,0.858495830670241,0.460252333696767,-0.147846425412134,0.147846425412134,-14.7846425412134,725,1884,1221,-496
3895030,"Blue Hawaii Aniki's Soft Ore Demand vol.1",0,1,0,1,1,0.206549314377237,0.603274657188619,1,0.793450685622763,0.852153574587866,0.534749383069649,0.995001716766416,0.141504169329759,0.858495830670241,0.460252333696767,-0.147846425412134,0.147846425412134,-14.7846425412134,726,1885,1222,-496
3898080,"Quadcubes",0,1,0,1,1,0.206549314377237,0.603274657188619,1,0.793450685622763,0.852153574587866,0.534749383069649,0.995001716766416,0.141504169329759,0.858495830670241,0.460252333696767,-0.147846425412134,0.147846425412134,-14.7846425412134,727,1886,1223,-496
3902230,"Waiting for Your Food Delivery Simulator 2025",0,1,0,1,1,0.206549314377237,0.603274657188619,1,0.793450685622763,0.852153574587866,0.534749383069649,0.995001716766416,0.141504169329759,0.858495830670241,0.460252333696767,-0.147846425412134,0.147846425412134,-14.7846425412134,728,1887,1224,-496
3903980,"Charge!",0,1,0,1,1,0.206549314377237,0.603274657188619,1,0.793450685622763,0.852153574587866,0.534749383069649,0.995001716766416,0.141504169329759,0.858495830670241,0.460252333696767,-0.147846425412134,0.147846425412134,-14.7846425412134,729,1888,1225,-496
3908780,"Mork Folio",0,1,0,1,1,0.206549314377237,0.603274657188619,1,0.793450685622763,0.852153574587866,0.534749383069649,0.995001716766416,0.141504169329759,0.858495830670241,0.460252333696767,-0.147846425412134,0.147846425412134,-14.7846425412134,730,1889,1226,-496
3919680,"The Single-Eye Nightmare",0,1,0,1,1,0.206549314377237,0.603274657188619,1,0.793450685622763,0.852153574587866,0.534749383069649,0.995001716766416,0.141504169329759,0.858495830670241,0.460252333696767,-0.147846425412134,0.147846425412134,-14.7846425412134,731,1890,1227,-496
3922110,"Clara Wraiths",0,1,0,1,1,0.206549314377237,0.603274657188619,1,0.793450685622763,0.852153574587866,0.534749383069649,0.995001716766416,0.141504169329759,0.858495830670241,0.460252333696767,-0.147846425412134,0.147846425412134,-14.7846425412134,732,1891,1228,-496
3924850,"Space Memory: Owls",0,1,0,1,1,0.206549314377237,0.603274657188619,1,0.793450685622763,0.852153574587866,0.534749383069649,0.995001716766416,0.141504169329759,0.858495830670241,0.460252333696767,-0.147846425412134,0.147846425412134,-14.7846425412134,733,1892,1229,-496
3926370,"Dig Dig Spud Spud Harvest",0,1,0,1,1,0.206549314377237,0.603274657188619,1,0.793450685622763,0.852153574587866,0.534749383069649,0.995001716766416,0.141504169329759,0.858495830670241,0.460252333696767,-0.147846425412134,0.147846425412134,-14.7846425412134,734,1893,1230,-496
3926610,"White Eternal",0,1,0,1,1,0.206549314377237,0.603274657188619,1,0.793450685622763,0.852153574587866,0.534749383069649,0.995001716766416,0.141504169329759,0.858495830670241,0.460252333696767,-0.147846425412134,0.147846425412134,-14.7846425412134,735,1894,1231,-496
3928270,"The Barber Shop",0,1,0,1,1,0.206549314377237,0.603274657188619,1,0.793450685622763,0.852153574587866,0.534749383069649,0.995001716766416,0.141504169329759,0.858495830670241,0.460252333696767,-0.147846425412134,0.147846425412134,-14.7846425412134,736,1895,1232,-496
3932880,"Step Away",1,1,0,1,1,0.206549314377237,0.603274657188619,1,0.793450685622763,0.852153574587866,0.534749383069649,0.995001716766416,0.141504169329759,0.858495830670241,0.460252333696767,-0.147846425412134,0.147846425412134,-14.7846425412134,737,1896,1233,-496
3933980,"3 SECONDS REMAINING",0,1,0,1,1,0.206549314377237,0.603274657188619,1,0.793450685622763,0.852153574587866,0.534749383069649,0.995001716766416,0.141504169329759,0.858495830670241,0.460252333696767,-0.147846425412134,0.147846425412134,-14.7846425412134,738,1897,1234,-496
3937540,"Links",0,1,0,1,1,0.206549314377237,0.603274657188619,1,0.793450685622763,0.852153574587866,0.534749383069649,0.995001716766416,0.141504169329759,0.858495830670241,0.460252333696767,-0.147846425412134,0.147846425412134,-14.7846425412134,739,1898,1235,-496
3937900,"ReuniunO",0,1,0,1,1,0.206549314377237,0.603274657188619,1,0.793450685622763,0.852153574587866,0.534749383069649,0.995001716766416,0.141504169329759,0.858495830670241,0.460252333696767,-0.147846425412134,0.147846425412134,-14.7846425412134,740,1899,1236,-496
3938610,"Locally Sourced Anthology II: The Timeline",0,1,0,1,1,0.206549314377237,0.603274657188619,1,0.793450685622763,0.852153574587866,0.534749383069649,0.995001716766416,0.141504169329759,0.858495830670241,0.460252333696767,-0.147846425412134,0.147846425412134,-14.7846425412134,741,1900,1237,-496
3938690,"SQUISH Units",0,1,0,1,1,0.206549314377237,0.603274657188619,1,0.793450685622763,0.852153574587866,0.534749383069649,0.995001716766416,0.141504169329759,0.858495830670241,0.460252333696767,-0.147846425412134,0.147846425412134,-14.7846425412134,742,1901,1238,-496
3939080,"Ironwood Conquest",0,1,0,1,1,0.206549314377237,0.603274657188619,1,0.793450685622763,0.852153574587866,0.534749383069649,0.995001716766416,0.141504169329759,0.858495830670241,0.460252333696767,-0.147846425412134,0.147846425412134,-14.7846425412134,743,1902,1239,-496
3940250,"Halloween 2048",0,1,0,1,1,0.206549314377237,0.603274657188619,1,0.793450685622763,0.852153574587866,0.534749383069649,0.995001716766416,0.141504169329759,0.858495830670241,0.460252333696767,-0.147846425412134,0.147846425412134,-14.7846425412134,744,1903,1240,-496
3942530,"1Second",0,1,0,1,1,0.206549314377237,0.603274657188619,1,0.793450685622763,0.852153574587866,0.534749383069649,0.995001716766416,0.141504169329759,0.858495830670241,0.460252333696767,-0.147846425412134,0.147846425412134,-14.7846425412134,745,1904,1241,-496
3946860,"Begin the Slaughter",0,1,0,1,1,0.206549314377237,0.603274657188619,1,0.793450685622763,0.852153574587866,0.534749383069649,0.995001716766416,0.141504169329759,0.858495830670241,0.460252333696767,-0.147846425412134,0.147846425412134,-14.7846425412134,746,1905,1242,-496
3947220,"Deckaroo",0,1,0,1,1,0.206549314377237,0.603274657188619,1,0.793450685622763,0.852153574587866,0.534749383069649,0.995001716766416,0.141504169329759,0.858495830670241,0.460252333696767,-0.147846425412134,0.147846425412134,-14.7846425412134,747,1906,1243,-496
3949080,"These Are Them",0,1,0,1,1,0.206549314377237,0.603274657188619,1,0.793450685622763,0.852153574587866,0.534749383069649,0.995001716766416,0.141504169329759,0.858495830670241,0.460252333696767,-0.147846425412134,0.147846425412134,-14.7846425412134,748,1907,1244,-496
3969950,"For What",0,1,0,1,1,0.206549314377237,0.603274657188619,1,0.793450685622763,0.852153574587866,0.534749383069649,0.995001716766416,0.141504169329759,0.858495830670241,0.460252333696767,-0.147846425412134,0.147846425412134,-14.7846425412134,749,1908,1245,-496
3977490,"Crush Point",0,1,0,1,1,0.206549314377237,0.603274657188619,1,0.793450685622763,0.852153574587866,0.534749383069649,0.995001716766416,0.141504169329759,0.858495830670241,0.460252333696767,-0.147846425412134,0.147846425412134,-14.7846425412134,750,1909,1246,-496
3979220,"YUNHANZHI",0,1,0,1,1,0.206549314377237,0.603274657188619,1,0.793450685622763,0.852153574587866,0.534749383069649,0.995001716766416,0.141504169329759,0.858495830670241,0.460252333696767,-0.147846425412134,0.147846425412134,-14.7846425412134,751,1910,1247,-496
3979880,"Secret File",0,1,0,1,1,0.206549314377237,0.603274657188619,1,0.793450685622763,0.852153574587866,0.534749383069649,0.995001716766416,0.141504169329759,0.858495830670241,0.460252333696767,-0.147846425412134,0.147846425412134,-14.7846425412134,752,1911,1248,-496
3982420,"Going To High School With Lira",0,1,0,1,1,0.206549314377237,0.603274657188619,1,0.793450685622763,0.852153574587866,0.534749383069649,0.995001716766416,0.141504169329759,0.858495830670241,0.460252333696767,-0.147846425412134,0.147846425412134,-14.7846425412134,753,1912,1249,-496
3983700,"Nightmare Train",0,1,0,1,1,0.206549314377237,0.603274657188619,1,0.793450685622763,0.852153574587866,0.534749383069649,0.995001716766416,0.141504169329759,0.858495830670241,0.460252333696767,-0.147846425412134,0.147846425412134,-14.7846425412134,754,1913,1250,-496
3986020,"Jupiter's Orbit",0,1,0,1,1,0.206549314377237,0.603274657188619,1,0.793450685622763,0.852153574587866,0.534749383069649,0.995001716766416,0.141504169329759,0.858495830670241,0.460252333696767,-0.147846425412134,0.147846425412134,-14.7846425412134,755,1914,1251,-496
3986350,"Frogshot Adventure",0,1,0,1,1,0.206549314377237,0.603274657188619,1,0.793450685622763,0.852153574587866,0.534749383069649,0.995001716766416,0.141504169329759,0.858495830670241,0.460252333696767,-0.147846425412134,0.147846425412134,-14.7846425412134,756,1915,1252,-496
3990400,"Big BEAUTIFUL Van Derby Racing",0,1,0,1,1,0.206549314377237,0.603274657188619,1,0.793450685622763,0.852153574587866,0.534749383069649,0.995001716766416,0.141504169329759,0.858495830670241,0.460252333696767,-0.147846425412134,0.147846425412134,-14.7846425412134,757,1916,1253,-496
3994200,"Enchanted Broom",0,1,0,1,1,0.206549314377237,0.603274657188619,1,0.793450685622763,0.852153574587866,0.534749383069649,0.995001716766416,0.141504169329759,0.858495830670241,0.460252333696767,-0.147846425412134,0.147846425412134,-14.7846425412134,758,1917,1254,-496
3994250,"S K Y R I S E",0,1,0,1,1,0.206549314377237,0.603274657188619,1,0.793450685622763,0.852153574587866,0.534749383069649,0.995001716766416,0.141504169329759,0.858495830670241,0.460252333696767,-0.147846425412134,0.147846425412134,-14.7846425412134,759,1918,1255,-496
3996120,"Second Death",0,1,0,1,1,0.206549314377237,0.603274657188619,1,0.793450685622763,0.852153574587866,0.534749383069649,0.995001716766416,0.141504169329759,0.858495830670241,0.460252333696767,-0.147846425412134,0.147846425412134,-14.7846425412134,760,1919,1256,-496
3997950,"Hooked",0,1,0,1,1,0.206549314377237,0.603274657188619,1,0.793450685622763,0.852153574587866,0.534749383069649,0.995001716766416,0.141504169329759,0.858495830670241,0.460252333696767,-0.147846425412134,0.147846425412134,-14.7846425412134,761,1920,1257,-496
3998090,"Dungeon & Rogue",0,1,0,1,1,0.206549314377237,0.603274657188619,1,0.793450685622763,0.852153574587866,0.534749383069649,0.995001716766416,0.141504169329759,0.858495830670241,0.460252333696767,-0.147846425412134,0.147846425412134,-14.7846425412134,762,1921,1258,-496
4001950,"Office Chug",0,1,0,1,1,0.206549314377237,0.603274657188619,1,0.793450685622763,0.852153574587866,0.534749383069649,0.995001716766416,0.141504169329759,0.858495830670241,0.460252333696767,-0.147846425412134,0.147846425412134,-14.7846425412134,763,1922,1259,-496
4005240,"Spirit-Capture Net",0,1,0,1,1,0.206549314377237,0.603274657188619,1,0.793450685622763,0.852153574587866,0.534749383069649,0.995001716766416,0.141504169329759,0.858495830670241,0.460252333696767,-0.147846425412134,0.147846425412134,-14.7846425412134,764,1923,1260,-496
4018920,"All My Heart, Banjo",0,1,0,1,1,0.206549314377237,0.603274657188619,1,0.793450685622763,0.852153574587866,0.534749383069649,0.995001716766416,0.141504169329759,0.858495830670241,0.460252333696767,-0.147846425412134,0.147846425412134,-14.7846425412134,765,1924,1261,-496
4020720,"Yapori Dimens<U+00F5>es",0,1,0,1,1,0.206549314377237,0.603274657188619,1,0.793450685622763,0.852153574587866,0.534749383069649,0.995001716766416,0.141504169329759,0.858495830670241,0.460252333696767,-0.147846425412134,0.147846425412134,-14.7846425412134,766,1925,1262,-496
4022780,"GreySpire",0,1,0,1,1,0.206549314377237,0.603274657188619,1,0.793450685622763,0.852153574587866,0.534749383069649,0.995001716766416,0.141504169329759,0.858495830670241,0.460252333696767,-0.147846425412134,0.147846425412134,-14.7846425412134,767,1926,1263,-496
4029000,"YKick",0,1,0,1,1,0.206549314377237,0.603274657188619,1,0.793450685622763,0.852153574587866,0.534749383069649,0.995001716766416,0.141504169329759,0.858495830670241,0.460252333696767,-0.147846425412134,0.147846425412134,-14.7846425412134,768,1927,1264,-496
4032670,"Arnaud Thion’s Dragons",0,1,0,1,1,0.206549314377237,0.603274657188619,1,0.793450685622763,0.852153574587866,0.534749383069649,0.995001716766416,0.141504169329759,0.858495830670241,0.460252333696767,-0.147846425412134,0.147846425412134,-14.7846425412134,769,1928,1265,-496
4032820,"靴下物語ー大門ジゲンの靴下店ー",0,1,0,1,1,0.206549314377237,0.603274657188619,1,0.793450685622763,0.852153574587866,0.534749383069649,0.995001716766416,0.141504169329759,0.858495830670241,0.460252333696767,-0.147846425412134,0.147846425412134,-14.7846425412134,770,1929,1266,-496
4033140,"歐特在庫比城 Alter in Cube City",0,1,0,1,1,0.206549314377237,0.603274657188619,1,0.793450685622763,0.852153574587866,0.534749383069649,0.995001716766416,0.141504169329759,0.858495830670241,0.460252333696767,-0.147846425412134,0.147846425412134,-14.7846425412134,771,1930,1267,-496
4035390,"Alexia Zero",0,1,0,1,1,0.206549314377237,0.603274657188619,1,0.793450685622763,0.852153574587866,0.534749383069649,0.995001716766416,0.141504169329759,0.858495830670241,0.460252333696767,-0.147846425412134,0.147846425412134,-14.7846425412134,772,1931,1268,-496
4040220,"Mad Stacks",0,1,0,1,1,0.206549314377237,0.603274657188619,1,0.793450685622763,0.852153574587866,0.534749383069649,0.995001716766416,0.141504169329759,0.858495830670241,0.460252333696767,-0.147846425412134,0.147846425412134,-14.7846425412134,773,1932,1269,-496
4042100,"Boomerang Survivor Collection",0,1,0,1,1,0.206549314377237,0.603274657188619,1,0.793450685622763,0.852153574587866,0.534749383069649,0.995001716766416,0.141504169329759,0.858495830670241,0.460252333696767,-0.147846425412134,0.147846425412134,-14.7846425412134,774,1933,1270,-496
4047260,"Gamma Burst",0,1,0,1,1,0.206549314377237,0.603274657188619,1,0.793450685622763,0.852153574587866,0.534749383069649,0.995001716766416,0.141504169329759,0.858495830670241,0.460252333696767,-0.147846425412134,0.147846425412134,-14.7846425412134,775,1934,1271,-496
4049780,"RFX Enduro: 8th Day",0,1,0,1,1,0.206549314377237,0.603274657188619,1,0.793450685622763,0.852153574587866,0.534749383069649,0.995001716766416,0.141504169329759,0.858495830670241,0.460252333696767,-0.147846425412134,0.147846425412134,-14.7846425412134,776,1935,1272,-496
4050410,"Laser Hell",0,1,0,1,1,0.206549314377237,0.603274657188619,1,0.793450685622763,0.852153574587866,0.534749383069649,0.995001716766416,0.141504169329759,0.858495830670241,0.460252333696767,-0.147846425412134,0.147846425412134,-14.7846425412134,777,1936,1273,-496
4050690,"GRIBOUILLE",0,1,0,1,1,0.206549314377237,0.603274657188619,1,0.793450685622763,0.852153574587866,0.534749383069649,0.995001716766416,0.141504169329759,0.858495830670241,0.460252333696767,-0.147846425412134,0.147846425412134,-14.7846425412134,778,1937,1274,-496
4051060,"Shattered Delirium",0,1,0,1,1,0.206549314377237,0.603274657188619,1,0.793450685622763,0.852153574587866,0.534749383069649,0.995001716766416,0.141504169329759,0.858495830670241,0.460252333696767,-0.147846425412134,0.147846425412134,-14.7846425412134,779,1938,1275,-496
4051880,"Penalty Shooters 2",0,1,0,1,1,0.206549314377237,0.603274657188619,1,0.793450685622763,0.852153574587866,0.534749383069649,0.995001716766416,0.141504169329759,0.858495830670241,0.460252333696767,-0.147846425412134,0.147846425412134,-14.7846425412134,780,1939,1276,-496
4053490,"SQUARE PILL ESCAPE !!",0,1,0,1,1,0.206549314377237,0.603274657188619,1,0.793450685622763,0.852153574587866,0.534749383069649,0.995001716766416,0.141504169329759,0.858495830670241,0.460252333696767,-0.147846425412134,0.147846425412134,-14.7846425412134,781,1940,1277,-496
4056580,"Arthur's Kindergarten",0,1,0,1,1,0.206549314377237,0.603274657188619,1,0.793450685622763,0.852153574587866,0.534749383069649,0.995001716766416,0.141504169329759,0.858495830670241,0.460252333696767,-0.147846425412134,0.147846425412134,-14.7846425412134,782,1941,1278,-496
4056630,"Harry and the Haunted House",0,1,0,1,1,0.206549314377237,0.603274657188619,1,0.793450685622763,0.852153574587866,0.534749383069649,0.995001716766416,0.141504169329759,0.858495830670241,0.460252333696767,-0.147846425412134,0.147846425412134,-14.7846425412134,783,1942,1279,-496
4056960,"Drone Feeder",0,1,0,1,1,0.206549314377237,0.603274657188619,1,0.793450685622763,0.852153574587866,0.534749383069649,0.995001716766416,0.141504169329759,0.858495830670241,0.460252333696767,-0.147846425412134,0.147846425412134,-14.7846425412134,784,1943,1280,-496
4059600,"Coffee Fox: Kim Sam-wol",0,1,0,1,1,0.206549314377237,0.603274657188619,1,0.793450685622763,0.852153574587866,0.534749383069649,0.995001716766416,0.141504169329759,0.858495830670241,0.460252333696767,-0.147846425412134,0.147846425412134,-14.7846425412134,785,1944,1281,-496
4062800,"PORTERS",0,1,0,1,1,0.206549314377237,0.603274657188619,1,0.793450685622763,0.852153574587866,0.534749383069649,0.995001716766416,0.141504169329759,0.858495830670241,0.460252333696767,-0.147846425412134,0.147846425412134,-14.7846425412134,786,1945,1282,-496
4067310,"Memory Matrix Pro",0,1,0,1,1,0.206549314377237,0.603274657188619,1,0.793450685622763,0.852153574587866,0.534749383069649,0.995001716766416,0.141504169329759,0.858495830670241,0.460252333696767,-0.147846425412134,0.147846425412134,-14.7846425412134,787,1946,1283,-496
4068510,"Detective Modo",0,1,0,1,1,0.206549314377237,0.603274657188619,1,0.793450685622763,0.852153574587866,0.534749383069649,0.995001716766416,0.141504169329759,0.858495830670241,0.460252333696767,-0.147846425412134,0.147846425412134,-14.7846425412134,788,1947,1284,-496
4068860,"Lost my Collection of Fish 2",0,1,0,1,1,0.206549314377237,0.603274657188619,1,0.793450685622763,0.852153574587866,0.534749383069649,0.995001716766416,0.141504169329759,0.858495830670241,0.460252333696767,-0.147846425412134,0.147846425412134,-14.7846425412134,789,1948,1285,-496
4076810,"The Keyless: Beyond the Door",0,1,0,1,1,0.206549314377237,0.603274657188619,1,0.793450685622763,0.852153574587866,0.534749383069649,0.995001716766416,0.141504169329759,0.858495830670241,0.460252333696767,-0.147846425412134,0.147846425412134,-14.7846425412134,790,1949,1286,-496
4080150,"Y.E.L.L.",0,1,0,1,1,0.206549314377237,0.603274657188619,1,0.793450685622763,0.852153574587866,0.534749383069649,0.995001716766416,0.141504169329759,0.858495830670241,0.460252333696767,-0.147846425412134,0.147846425412134,-14.7846425412134,791,1950,1287,-496
4083540,"Cozy Cat",0,1,0,1,1,0.206549314377237,0.603274657188619,1,0.793450685622763,0.852153574587866,0.534749383069649,0.995001716766416,0.141504169329759,0.858495830670241,0.460252333696767,-0.147846425412134,0.147846425412134,-14.7846425412134,792,1951,1288,-496
4084730,"Ass Kicker",0,1,0,1,1,0.206549314377237,0.603274657188619,1,0.793450685622763,0.852153574587866,0.534749383069649,0.995001716766416,0.141504169329759,0.858495830670241,0.460252333696767,-0.147846425412134,0.147846425412134,-14.7846425412134,793,1952,1289,-496
4097890,"Sweetie Candy Maze: Pink Raspberry",0,1,0,1,1,0.206549314377237,0.603274657188619,1,0.793450685622763,0.852153574587866,0.534749383069649,0.995001716766416,0.141504169329759,0.858495830670241,0.460252333696767,-0.147846425412134,0.147846425412134,-14.7846425412134,794,1953,1290,-496
4103080,"SCHOLA SPIRITUS",0,1,0,1,1,0.206549314377237,0.603274657188619,1,0.793450685622763,0.852153574587866,0.534749383069649,0.995001716766416,0.141504169329759,0.858495830670241,0.460252333696767,-0.147846425412134,0.147846425412134,-14.7846425412134,795,1954,1291,-496
4105170,"Disturbulence",0,1,0,1,1,0.206549314377237,0.603274657188619,1,0.793450685622763,0.852153574587866,0.534749383069649,0.995001716766416,0.141504169329759,0.858495830670241,0.460252333696767,-0.147846425412134,0.147846425412134,-14.7846425412134,796,1955,1292,-496
4109200,"WorkParadise",0,1,0,1,1,0.206549314377237,0.603274657188619,1,0.793450685622763,0.852153574587866,0.534749383069649,0.995001716766416,0.141504169329759,0.858495830670241,0.460252333696767,-0.147846425412134,0.147846425412134,-14.7846425412134,797,1956,1293,-496
4116900,"Cali and the Kingdom of the Yard",0,1,0,1,1,0.206549314377237,0.603274657188619,1,0.793450685622763,0.852153574587866,0.534749383069649,0.995001716766416,0.141504169329759,0.858495830670241,0.460252333696767,-0.147846425412134,0.147846425412134,-14.7846425412134,798,1957,1294,-496
4117360,"Edgar Dreams and the Way of Light",0,1,0,1,1,0.206549314377237,0.603274657188619,1,0.793450685622763,0.852153574587866,0.534749383069649,0.995001716766416,0.141504169329759,0.858495830670241,0.460252333696767,-0.147846425412134,0.147846425412134,-14.7846425412134,799,1958,1295,-496
4117500,"AYBABTU",0,1,0,1,1,0.206549314377237,0.603274657188619,1,0.793450685622763,0.852153574587866,0.534749383069649,0.995001716766416,0.141504169329759,0.858495830670241,0.460252333696767,-0.147846425412134,0.147846425412134,-14.7846425412134,800,1959,1296,-496
4117930,"Blue Balls",0,1,0,1,1,0.206549314377237,0.603274657188619,1,0.793450685622763,0.852153574587866,0.534749383069649,0.995001716766416,0.141504169329759,0.858495830670241,0.460252333696767,-0.147846425412134,0.147846425412134,-14.7846425412134,801,1960,1297,-496
4121040,"World Sprint",0,1,0,1,1,0.206549314377237,0.603274657188619,1,0.793450685622763,0.852153574587866,0.534749383069649,0.995001716766416,0.141504169329759,0.858495830670241,0.460252333696767,-0.147846425412134,0.147846425412134,-14.7846425412134,802,1961,1298,-496
4126270,"That's Not My Kind",0,1,0,1,1,0.206549314377237,0.603274657188619,1,0.793450685622763,0.852153574587866,0.534749383069649,0.995001716766416,0.141504169329759,0.858495830670241,0.460252333696767,-0.147846425412134,0.147846425412134,-14.7846425412134,803,1962,1299,-496
4127870,"Gamers Club Repeat",0,1,0,1,1,0.206549314377237,0.603274657188619,1,0.793450685622763,0.852153574587866,0.534749383069649,0.995001716766416,0.141504169329759,0.858495830670241,0.460252333696767,-0.147846425412134,0.147846425412134,-14.7846425412134,804,1963,1300,-496
4129570,"Final Orbit",0,1,0,1,1,0.206549314377237,0.603274657188619,1,0.793450685622763,0.852153574587866,0.534749383069649,0.995001716766416,0.141504169329759,0.858495830670241,0.460252333696767,-0.147846425412134,0.147846425412134,-14.7846425412134,805,1964,1301,-496
4135730,"GoGDoD",0,1,0,1,1,0.206549314377237,0.603274657188619,1,0.793450685622763,0.852153574587866,0.534749383069649,0.995001716766416,0.141504169329759,0.858495830670241,0.460252333696767,-0.147846425412134,0.147846425412134,-14.7846425412134,806,1965,1302,-496
4140370,"Lang Ops: Korean (intro to learn language)",0,1,0,1,1,0.206549314377237,0.603274657188619,1,0.793450685622763,0.852153574587866,0.534749383069649,0.995001716766416,0.141504169329759,0.858495830670241,0.460252333696767,-0.147846425412134,0.147846425412134,-14.7846425412134,807,1966,1303,-496
4148020,"Desktop Dream Car",0,1,0,1,1,0.206549314377237,0.603274657188619,1,0.793450685622763,0.852153574587866,0.534749383069649,0.995001716766416,0.141504169329759,0.858495830670241,0.460252333696767,-0.147846425412134,0.147846425412134,-14.7846425412134,808,1967,1304,-496
4148960,"Seven Scarecrows",0,1,0,1,1,0.206549314377237,0.603274657188619,1,0.793450685622763,0.852153574587866,0.534749383069649,0.995001716766416,0.141504169329759,0.858495830670241,0.460252333696767,-0.147846425412134,0.147846425412134,-14.7846425412134,809,1968,1305,-496
4150260,"Fanjing Mountain in Guizhou",0,1,0,1,1,0.206549314377237,0.603274657188619,1,0.793450685622763,0.852153574587866,0.534749383069649,0.995001716766416,0.141504169329759,0.858495830670241,0.460252333696767,-0.147846425412134,0.147846425412134,-14.7846425412134,810,1969,1306,-496
4155130,"Exovore",0,1,0,1,1,0.206549314377237,0.603274657188619,1,0.793450685622763,0.852153574587866,0.534749383069649,0.995001716766416,0.141504169329759,0.858495830670241,0.460252333696767,-0.147846425412134,0.147846425412134,-14.7846425412134,811,1970,1307,-496
4155500,"Elezion",0,1,0,1,1,0.206549314377237,0.603274657188619,1,0.793450685622763,0.852153574587866,0.534749383069649,0.995001716766416,0.141504169329759,0.858495830670241,0.460252333696767,-0.147846425412134,0.147846425412134,-14.7846425412134,812,1971,1308,-496
4157640,"BUDUKUTUA",0,1,0,1,1,0.206549314377237,0.603274657188619,1,0.793450685622763,0.852153574587866,0.534749383069649,0.995001716766416,0.141504169329759,0.858495830670241,0.460252333696767,-0.147846425412134,0.147846425412134,-14.7846425412134,813,1972,1309,-496
4158430,"Linker Vibe",0,1,0,1,1,0.206549314377237,0.603274657188619,1,0.793450685622763,0.852153574587866,0.534749383069649,0.995001716766416,0.141504169329759,0.858495830670241,0.460252333696767,-0.147846425412134,0.147846425412134,-14.7846425412134,814,1973,1310,-496
4161290,"Home Cooked Spaghetti Western",0,1,0,1,1,0.206549314377237,0.603274657188619,1,0.793450685622763,0.852153574587866,0.534749383069649,0.995001716766416,0.141504169329759,0.858495830670241,0.460252333696767,-0.147846425412134,0.147846425412134,-14.7846425412134,815,1974,1311,-496
4161490,"Tatvalok",0,1,0,1,1,0.206549314377237,0.603274657188619,1,0.793450685622763,0.852153574587866,0.534749383069649,0.995001716766416,0.141504169329759,0.858495830670241,0.460252333696767,-0.147846425412134,0.147846425412134,-14.7846425412134,816,1975,1312,-496
4162240,"圈套scheme",0,1,0,1,1,0.206549314377237,0.603274657188619,1,0.793450685622763,0.852153574587866,0.534749383069649,0.995001716766416,0.141504169329759,0.858495830670241,0.460252333696767,-0.147846425412134,0.147846425412134,-14.7846425412134,817,1976,1313,-496
4163440,"Cognitive Displacement",0,1,0,1,1,0.206549314377237,0.603274657188619,1,0.793450685622763,0.852153574587866,0.534749383069649,0.995001716766416,0.141504169329759,0.858495830670241,0.460252333696767,-0.147846425412134,0.147846425412134,-14.7846425412134,818,1977,1314,-496
4171330,"Miracle Vibe Show VR",0,1,0,1,1,0.206549314377237,0.603274657188619,1,0.793450685622763,0.852153574587866,0.534749383069649,0.995001716766416,0.141504169329759,0.858495830670241,0.460252333696767,-0.147846425412134,0.147846425412134,-14.7846425412134,819,1978,1315,-496
4172330,"魔塔三国之曹操传奇",0,1,0,1,1,0.206549314377237,0.603274657188619,1,0.793450685622763,0.852153574587866,0.534749383069649,0.995001716766416,0.141504169329759,0.858495830670241,0.460252333696767,-0.147846425412134,0.147846425412134,-14.7846425412134,820,1979,1316,-496
4178780,"TheDrippingSound",0,1,0,1,1,0.206549314377237,0.603274657188619,1,0.793450685622763,0.852153574587866,0.534749383069649,0.995001716766416,0.141504169329759,0.858495830670241,0.460252333696767,-0.147846425412134,0.147846425412134,-14.7846425412134,821,1980,1317,-496
4192310,"Reindeer Wrangler",0,1,0,1,1,0.206549314377237,0.603274657188619,1,0.793450685622763,0.852153574587866,0.534749383069649,0.995001716766416,0.141504169329759,0.858495830670241,0.460252333696767,-0.147846425412134,0.147846425412134,-14.7846425412134,822,1981,1318,-496
4203610,"Last Gate",0,1,0,1,1,0.206549314377237,0.603274657188619,1,0.793450685622763,0.852153574587866,0.534749383069649,0.995001716766416,0.141504169329759,0.858495830670241,0.460252333696767,-0.147846425412134,0.147846425412134,-14.7846425412134,823,1982,1319,-496
4204950,"Marshmallow's Adventure",0,1,0,1,1,0.206549314377237,0.603274657188619,1,0.793450685622763,0.852153574587866,0.534749383069649,0.995001716766416,0.141504169329759,0.858495830670241,0.460252333696767,-0.147846425412134,0.147846425412134,-14.7846425412134,824,1983,1320,-496
4205860,"World Without",0,1,0,1,1,0.206549314377237,0.603274657188619,1,0.793450685622763,0.852153574587866,0.534749383069649,0.995001716766416,0.141504169329759,0.858495830670241,0.460252333696767,-0.147846425412134,0.147846425412134,-14.7846425412134,825,1984,1321,-496
4213000,"Argonauts Agency:  Patterns of Morpheus",0,1,0,1,1,0.206549314377237,0.603274657188619,1,0.793450685622763,0.852153574587866,0.534749383069649,0.995001716766416,0.141504169329759,0.858495830670241,0.460252333696767,-0.147846425412134,0.147846425412134,-14.7846425412134,826,1985,1322,-496
4213650,"Hazen's Children",0,1,0,1,1,0.206549314377237,0.603274657188619,1,0.793450685622763,0.852153574587866,0.534749383069649,0.995001716766416,0.141504169329759,0.858495830670241,0.460252333696767,-0.147846425412134,0.147846425412134,-14.7846425412134,827,1986,1323,-496
4214010,"A.I. P.I.",0,1,0,1,1,0.206549314377237,0.603274657188619,1,0.793450685622763,0.852153574587866,0.534749383069649,0.995001716766416,0.141504169329759,0.858495830670241,0.460252333696767,-0.147846425412134,0.147846425412134,-14.7846425412134,828,1987,1324,-496
4223750,"Glowing Hexagon",0,1,0,1,1,0.206549314377237,0.603274657188619,1,0.793450685622763,0.852153574587866,0.534749383069649,0.995001716766416,0.141504169329759,0.858495830670241,0.460252333696767,-0.147846425412134,0.147846425412134,-14.7846425412134,829,1988,1325,-496
4233260,"Cybersoul",1,1,0,1,1,0.206549314377237,0.603274657188619,1,0.793450685622763,0.852153574587866,0.534749383069649,0.995001716766416,0.141504169329759,0.858495830670241,0.460252333696767,-0.147846425412134,0.147846425412134,-14.7846425412134,830,1989,1326,-496
4236590,"world of Y",0,1,0,1,1,0.206549314377237,0.603274657188619,1,0.793450685622763,0.852153574587866,0.534749383069649,0.995001716766416,0.141504169329759,0.858495830670241,0.460252333696767,-0.147846425412134,0.147846425412134,-14.7846425412134,831,1990,1327,-496
4249550,"The Frog That Leapt Too Far",1,1,0,1,1,0.206549314377237,0.603274657188619,1,0.793450685622763,0.852153574587866,0.534749383069649,0.995001716766416,0.141504169329759,0.858495830670241,0.460252333696767,-0.147846425412134,0.147846425412134,-14.7846425412134,832,1991,1328,-496
1942500,"Retro Golf Mania",0,2,0,2,1,0.342380227506653,0.671190113753327,1,0.657619772493347,0.870481046513441,0.58446518931204,0.995709839532952,0.247925803745148,0.752074196254852,0.411244650220912,-0.129518953486559,0.129518953486559,-12.9518953486559,438,1471,857,-419
1983950,"Pet Desktop Adventure",0,2,0,2,1,0.342380227506653,0.671190113753327,1,0.657619772493347,0.870481046513441,0.58446518931204,0.995709839532952,0.247925803745148,0.752074196254852,0.411244650220912,-0.129518953486559,0.129518953486559,-12.9518953486559,439,1472,858,-419
2174300,"Piczle World of Puzzles",1,2,0,2,1,0.342380227506653,0.671190113753327,1,0.657619772493347,0.870481046513441,0.58446518931204,0.995709839532952,0.247925803745148,0.752074196254852,0.411244650220912,-0.129518953486559,0.129518953486559,-12.9518953486559,440,1473,859,-419
2495610,"Elven Rivers 6: Guardians of Hope Collector's Edition",0,2,0,2,1,0.342380227506653,0.671190113753327,1,0.657619772493347,0.870481046513441,0.58446518931204,0.995709839532952,0.247925803745148,0.752074196254852,0.411244650220912,-0.129518953486559,0.129518953486559,-12.9518953486559,441,1474,860,-419
2495640,"World Wonders Hidden Histories 3",0,2,0,2,1,0.342380227506653,0.671190113753327,1,0.657619772493347,0.870481046513441,0.58446518931204,0.995709839532952,0.247925803745148,0.752074196254852,0.411244650220912,-0.129518953486559,0.129518953486559,-12.9518953486559,442,1475,861,-419
2549190,"The Final Breath",0,2,0,2,1,0.342380227506653,0.671190113753327,1,0.657619772493347,0.870481046513441,0.58446518931204,0.995709839532952,0.247925803745148,0.752074196254852,0.411244650220912,-0.129518953486559,0.129518953486559,-12.9518953486559,443,1476,862,-419
2622330,"Alternate Tales of Ryukyu:Bonds of the Red Sakura Trees",0,2,0,2,1,0.342380227506653,0.671190113753327,1,0.657619772493347,0.870481046513441,0.58446518931204,0.995709839532952,0.247925803745148,0.752074196254852,0.411244650220912,-0.129518953486559,0.129518953486559,-12.9518953486559,444,1477,863,-419
2679310,"GuildMestar",0,2,0,2,1,0.342380227506653,0.671190113753327,1,0.657619772493347,0.870481046513441,0.58446518931204,0.995709839532952,0.247925803745148,0.752074196254852,0.411244650220912,-0.129518953486559,0.129518953486559,-12.9518953486559,445,1478,864,-419
2857670,"Pot",0,2,0,2,1,0.342380227506653,0.671190113753327,1,0.657619772493347,0.870481046513441,0.58446518931204,0.995709839532952,0.247925803745148,0.752074196254852,0.411244650220912,-0.129518953486559,0.129518953486559,-12.9518953486559,446,1479,865,-419
2875000,"Psycho-Kin",0,2,0,2,1,0.342380227506653,0.671190113753327,1,0.657619772493347,0.870481046513441,0.58446518931204,0.995709839532952,0.247925803745148,0.752074196254852,0.411244650220912,-0.129518953486559,0.129518953486559,-12.9518953486559,447,1480,866,-419
2886690,"Human Sacrifice",0,2,0,2,1,0.342380227506653,0.671190113753327,1,0.657619772493347,0.870481046513441,0.58446518931204,0.995709839532952,0.247925803745148,0.752074196254852,0.411244650220912,-0.129518953486559,0.129518953486559,-12.9518953486559,448,1481,867,-419
2892560,"AO: Containment Breach",0,2,0,2,1,0.342380227506653,0.671190113753327,1,0.657619772493347,0.870481046513441,0.58446518931204,0.995709839532952,0.247925803745148,0.752074196254852,0.411244650220912,-0.129518953486559,0.129518953486559,-12.9518953486559,449,1482,868,-419
2905160,"Risky Rocket",0,2,0,2,1,0.342380227506653,0.671190113753327,1,0.657619772493347,0.870481046513441,0.58446518931204,0.995709839532952,0.247925803745148,0.752074196254852,0.411244650220912,-0.129518953486559,0.129518953486559,-12.9518953486559,450,1483,869,-419
2943250,"Impawlse",0,2,0,2,1,0.342380227506653,0.671190113753327,1,0.657619772493347,0.870481046513441,0.58446518931204,0.995709839532952,0.247925803745148,0.752074196254852,0.411244650220912,-0.129518953486559,0.129518953486559,-12.9518953486559,451,1484,870,-419
2999220,"Cupig's Key Collectathon",0,2,0,2,1,0.342380227506653,0.671190113753327,1,0.657619772493347,0.870481046513441,0.58446518931204,0.995709839532952,0.247925803745148,0.752074196254852,0.411244650220912,-0.129518953486559,0.129518953486559,-12.9518953486559,452,1485,871,-419
3004860,"Sunchaser",0,2,0,2,1,0.342380227506653,0.671190113753327,1,0.657619772493347,0.870481046513441,0.58446518931204,0.995709839532952,0.247925803745148,0.752074196254852,0.411244650220912,-0.129518953486559,0.129518953486559,-12.9518953486559,453,1486,872,-419
3030130,"Known as Puca",0,2,0,2,1,0.342380227506653,0.671190113753327,1,0.657619772493347,0.870481046513441,0.58446518931204,0.995709839532952,0.247925803745148,0.752074196254852,0.411244650220912,-0.129518953486559,0.129518953486559,-12.9518953486559,454,1487,873,-419
3037480,"Paplion",0,2,0,2,1,0.342380227506653,0.671190113753327,1,0.657619772493347,0.870481046513441,0.58446518931204,0.995709839532952,0.247925803745148,0.752074196254852,0.411244650220912,-0.129518953486559,0.129518953486559,-12.9518953486559,455,1488,874,-419
3111670,"programming-factory-2",0,2,0,2,1,0.342380227506653,0.671190113753327,1,0.657619772493347,0.870481046513441,0.58446518931204,0.995709839532952,0.247925803745148,0.752074196254852,0.411244650220912,-0.129518953486559,0.129518953486559,-12.9518953486559,456,1489,875,-419
3125370,"There Is No Escape",1,2,0,2,1,0.342380227506653,0.671190113753327,1,0.657619772493347,0.870481046513441,0.58446518931204,0.995709839532952,0.247925803745148,0.752074196254852,0.411244650220912,-0.129518953486559,0.129518953486559,-12.9518953486559,457,1490,876,-419
3158600,"Stunt Dog Adventure",0,2,0,2,1,0.342380227506653,0.671190113753327,1,0.657619772493347,0.870481046513441,0.58446518931204,0.995709839532952,0.247925803745148,0.752074196254852,0.411244650220912,-0.129518953486559,0.129518953486559,-12.9518953486559,458,1491,877,-419
3205410,"Line Clipper: Tennis Tactics",0,2,0,2,1,0.342380227506653,0.671190113753327,1,0.657619772493347,0.870481046513441,0.58446518931204,0.995709839532952,0.247925803745148,0.752074196254852,0.411244650220912,-0.129518953486559,0.129518953486559,-12.9518953486559,459,1492,878,-419
3226580,"Monsters & Magics: Digital Card Game",0,2,0,2,1,0.342380227506653,0.671190113753327,1,0.657619772493347,0.870481046513441,0.58446518931204,0.995709839532952,0.247925803745148,0.752074196254852,0.411244650220912,-0.129518953486559,0.129518953486559,-12.9518953486559,460,1493,879,-419
3232760,"Cappi: Starbound Saga",0,2,0,2,1,0.342380227506653,0.671190113753327,1,0.657619772493347,0.870481046513441,0.58446518931204,0.995709839532952,0.247925803745148,0.752074196254852,0.411244650220912,-0.129518953486559,0.129518953486559,-12.9518953486559,461,1494,880,-419
3235740,"Fruit vs. Aliens",0,2,0,2,1,0.342380227506653,0.671190113753327,1,0.657619772493347,0.870481046513441,0.58446518931204,0.995709839532952,0.247925803745148,0.752074196254852,0.411244650220912,-0.129518953486559,0.129518953486559,-12.9518953486559,462,1495,881,-419
3277640,"Bug.Splash TD : Debugged",0,2,0,2,1,0.342380227506653,0.671190113753327,1,0.657619772493347,0.870481046513441,0.58446518931204,0.995709839532952,0.247925803745148,0.752074196254852,0.411244650220912,-0.129518953486559,0.129518953486559,-12.9518953486559,463,1496,882,-419
3294570,"Killer Depths",0,2,0,2,1,0.342380227506653,0.671190113753327,1,0.657619772493347,0.870481046513441,0.58446518931204,0.995709839532952,0.247925803745148,0.752074196254852,0.411244650220912,-0.129518953486559,0.129518953486559,-12.9518953486559,464,1497,883,-419
3313200,"Cat Snap",0,2,0,2,1,0.342380227506653,0.671190113753327,1,0.657619772493347,0.870481046513441,0.58446518931204,0.995709839532952,0.247925803745148,0.752074196254852,0.411244650220912,-0.129518953486559,0.129518953486559,-12.9518953486559,465,1498,884,-419
3317620,"Clan Duramont",0,2,0,2,1,0.342380227506653,0.671190113753327,1,0.657619772493347,0.870481046513441,0.58446518931204,0.995709839532952,0.247925803745148,0.752074196254852,0.411244650220912,-0.129518953486559,0.129518953486559,-12.9518953486559,466,1499,885,-419
3323040,"Shapefighter",0,2,0,2,1,0.342380227506653,0.671190113753327,1,0.657619772493347,0.870481046513441,0.58446518931204,0.995709839532952,0.247925803745148,0.752074196254852,0.411244650220912,-0.129518953486559,0.129518953486559,-12.9518953486559,467,1500,886,-419
3428430,"Deep Sea Heroes",0,2,0,2,1,0.342380227506653,0.671190113753327,1,0.657619772493347,0.870481046513441,0.58446518931204,0.995709839532952,0.247925803745148,0.752074196254852,0.411244650220912,-0.129518953486559,0.129518953486559,-12.9518953486559,468,1501,887,-419
3451200,"Spider Canyon",0,2,0,2,1,0.342380227506653,0.671190113753327,1,0.657619772493347,0.870481046513441,0.58446518931204,0.995709839532952,0.247925803745148,0.752074196254852,0.411244650220912,-0.129518953486559,0.129518953486559,-12.9518953486559,469,1502,888,-419
3468180,"App Empire Tycoon",0,2,0,2,1,0.342380227506653,0.671190113753327,1,0.657619772493347,0.870481046513441,0.58446518931204,0.995709839532952,0.247925803745148,0.752074196254852,0.411244650220912,-0.129518953486559,0.129518953486559,-12.9518953486559,470,1503,889,-419
3494790,"Radio Ghosts",0,2,0,2,1,0.342380227506653,0.671190113753327,1,0.657619772493347,0.870481046513441,0.58446518931204,0.995709839532952,0.247925803745148,0.752074196254852,0.411244650220912,-0.129518953486559,0.129518953486559,-12.9518953486559,471,1504,890,-419
3505240,"Deaded The Runner",0,2,0,2,1,0.342380227506653,0.671190113753327,1,0.657619772493347,0.870481046513441,0.58446518931204,0.995709839532952,0.247925803745148,0.752074196254852,0.411244650220912,-0.129518953486559,0.129518953486559,-12.9518953486559,472,1505,891,-419
3553260,"QuickMaze",0,2,0,2,1,0.342380227506653,0.671190113753327,1,0.657619772493347,0.870481046513441,0.58446518931204,0.995709839532952,0.247925803745148,0.752074196254852,0.411244650220912,-0.129518953486559,0.129518953486559,-12.9518953486559,473,1506,892,-419
3571640,"Mystic Jumper",0,2,0,2,1,0.342380227506653,0.671190113753327,1,0.657619772493347,0.870481046513441,0.58446518931204,0.995709839532952,0.247925803745148,0.752074196254852,0.411244650220912,-0.129518953486559,0.129518953486559,-12.9518953486559,474,1507,893,-419
3575020,"Couch Racers",0,2,0,2,1,0.342380227506653,0.671190113753327,1,0.657619772493347,0.870481046513441,0.58446518931204,0.995709839532952,0.247925803745148,0.752074196254852,0.411244650220912,-0.129518953486559,0.129518953486559,-12.9518953486559,475,1508,894,-419
3577140,"Escape from Mental Hospital",0,2,0,2,1,0.342380227506653,0.671190113753327,1,0.657619772493347,0.870481046513441,0.58446518931204,0.995709839532952,0.247925803745148,0.752074196254852,0.411244650220912,-0.129518953486559,0.129518953486559,-12.9518953486559,476,1509,895,-419
3578960,"Wave Leads You...",0,2,0,2,1,0.342380227506653,0.671190113753327,1,0.657619772493347,0.870481046513441,0.58446518931204,0.995709839532952,0.247925803745148,0.752074196254852,0.411244650220912,-0.129518953486559,0.129518953486559,-12.9518953486559,477,1510,896,-419
3590590,"AnimaCircus",0,2,0,2,1,0.342380227506653,0.671190113753327,1,0.657619772493347,0.870481046513441,0.58446518931204,0.995709839532952,0.247925803745148,0.752074196254852,0.411244650220912,-0.129518953486559,0.129518953486559,-12.9518953486559,478,1511,897,-419
3597710,"Rise of the Penguins 2: Penguin's Dark Ascent",0,2,0,2,1,0.342380227506653,0.671190113753327,1,0.657619772493347,0.870481046513441,0.58446518931204,0.995709839532952,0.247925803745148,0.752074196254852,0.411244650220912,-0.129518953486559,0.129518953486559,-12.9518953486559,479,1512,898,-419
3601300,"Critter Cart",0,2,0,2,1,0.342380227506653,0.671190113753327,1,0.657619772493347,0.870481046513441,0.58446518931204,0.995709839532952,0.247925803745148,0.752074196254852,0.411244650220912,-0.129518953486559,0.129518953486559,-12.9518953486559,480,1513,899,-419
3615850,"Blighted Deep",0,2,0,2,1,0.342380227506653,0.671190113753327,1,0.657619772493347,0.870481046513441,0.58446518931204,0.995709839532952,0.247925803745148,0.752074196254852,0.411244650220912,-0.129518953486559,0.129518953486559,-12.9518953486559,481,1514,900,-419
3620210,"Untapped",0,2,0,2,1,0.342380227506653,0.671190113753327,1,0.657619772493347,0.870481046513441,0.58446518931204,0.995709839532952,0.247925803745148,0.752074196254852,0.411244650220912,-0.129518953486559,0.129518953486559,-12.9518953486559,482,1515,901,-419
3621680,"Cosmic Tails",0,2,0,2,1,0.342380227506653,0.671190113753327,1,0.657619772493347,0.870481046513441,0.58446518931204,0.995709839532952,0.247925803745148,0.752074196254852,0.411244650220912,-0.129518953486559,0.129518953486559,-12.9518953486559,483,1516,902,-419
3636390,"AQK",0,2,0,2,1,0.342380227506653,0.671190113753327,1,0.657619772493347,0.870481046513441,0.58446518931204,0.995709839532952,0.247925803745148,0.752074196254852,0.411244650220912,-0.129518953486559,0.129518953486559,-12.9518953486559,484,1517,903,-419
3638500,"Juiced Fruit Racing",0,2,0,2,1,0.342380227506653,0.671190113753327,1,0.657619772493347,0.870481046513441,0.58446518931204,0.995709839532952,0.247925803745148,0.752074196254852,0.411244650220912,-0.129518953486559,0.129518953486559,-12.9518953486559,485,1518,904,-419
3648340,"Field of Enemies",0,2,0,2,1,0.342380227506653,0.671190113753327,1,0.657619772493347,0.870481046513441,0.58446518931204,0.995709839532952,0.247925803745148,0.752074196254852,0.411244650220912,-0.129518953486559,0.129518953486559,-12.9518953486559,486,1519,905,-419
3670200,"Colossal Kickoff",0,2,0,2,1,0.342380227506653,0.671190113753327,1,0.657619772493347,0.870481046513441,0.58446518931204,0.995709839532952,0.247925803745148,0.752074196254852,0.411244650220912,-0.129518953486559,0.129518953486559,-12.9518953486559,487,1520,906,-419
3672410,"POGO Stadium",0,2,0,2,1,0.342380227506653,0.671190113753327,1,0.657619772493347,0.870481046513441,0.58446518931204,0.995709839532952,0.247925803745148,0.752074196254852,0.411244650220912,-0.129518953486559,0.129518953486559,-12.9518953486559,488,1521,907,-419
3705340,"Claviator",0,2,0,2,1,0.342380227506653,0.671190113753327,1,0.657619772493347,0.870481046513441,0.58446518931204,0.995709839532952,0.247925803745148,0.752074196254852,0.411244650220912,-0.129518953486559,0.129518953486559,-12.9518953486559,489,1522,908,-419
3706640,"The Fantastic Adventures of Mr. Don and Friends",0,2,0,2,1,0.342380227506653,0.671190113753327,1,0.657619772493347,0.870481046513441,0.58446518931204,0.995709839532952,0.247925803745148,0.752074196254852,0.411244650220912,-0.129518953486559,0.129518953486559,-12.9518953486559,490,1523,909,-419
3715720,"Bat & Ball",0,2,0,2,1,0.342380227506653,0.671190113753327,1,0.657619772493347,0.870481046513441,0.58446518931204,0.995709839532952,0.247925803745148,0.752074196254852,0.411244650220912,-0.129518953486559,0.129518953486559,-12.9518953486559,491,1524,910,-419
3728030,"I commissioned some snails 4",0,2,0,2,1,0.342380227506653,0.671190113753327,1,0.657619772493347,0.870481046513441,0.58446518931204,0.995709839532952,0.247925803745148,0.752074196254852,0.411244650220912,-0.129518953486559,0.129518953486559,-12.9518953486559,492,1525,911,-419
3736190,"TUM TUM TUM: Dance Party",1,2,0,2,1,0.342380227506653,0.671190113753327,1,0.657619772493347,0.870481046513441,0.58446518931204,0.995709839532952,0.247925803745148,0.752074196254852,0.411244650220912,-0.129518953486559,0.129518953486559,-12.9518953486559,493,1526,912,-419
3748360,"Rogue Pong",0,2,0,2,1,0.342380227506653,0.671190113753327,1,0.657619772493347,0.870481046513441,0.58446518931204,0.995709839532952,0.247925803745148,0.752074196254852,0.411244650220912,-0.129518953486559,0.129518953486559,-12.9518953486559,494,1527,913,-419
3775190,"Goblin Adventure: Free from Lore",0,2,0,2,1,0.342380227506653,0.671190113753327,1,0.657619772493347,0.870481046513441,0.58446518931204,0.995709839532952,0.247925803745148,0.752074196254852,0.411244650220912,-0.129518953486559,0.129518953486559,-12.9518953486559,495,1528,914,-419
3783850,"RELSU",0,2,0,2,1,0.342380227506653,0.671190113753327,1,0.657619772493347,0.870481046513441,0.58446518931204,0.995709839532952,0.247925803745148,0.752074196254852,0.411244650220912,-0.129518953486559,0.129518953486559,-12.9518953486559,496,1529,915,-419
3789090,"God Fishing",1,2,0,2,1,0.342380227506653,0.671190113753327,1,0.657619772493347,0.870481046513441,0.58446518931204,0.995709839532952,0.247925803745148,0.752074196254852,0.411244650220912,-0.129518953486559,0.129518953486559,-12.9518953486559,497,1530,916,-419
3789440,"The Adventure of Sunny the hedgehog",0,2,0,2,1,0.342380227506653,0.671190113753327,1,0.657619772493347,0.870481046513441,0.58446518931204,0.995709839532952,0.247925803745148,0.752074196254852,0.411244650220912,-0.129518953486559,0.129518953486559,-12.9518953486559,498,1531,917,-419
3803860,"Blood Oath",0,2,0,2,1,0.342380227506653,0.671190113753327,1,0.657619772493347,0.870481046513441,0.58446518931204,0.995709839532952,0.247925803745148,0.752074196254852,0.411244650220912,-0.129518953486559,0.129518953486559,-12.9518953486559,499,1532,918,-419
3806520,"SENKOU",0,2,0,2,1,0.342380227506653,0.671190113753327,1,0.657619772493347,0.870481046513441,0.58446518931204,0.995709839532952,0.247925803745148,0.752074196254852,0.411244650220912,-0.129518953486559,0.129518953486559,-12.9518953486559,500,1533,919,-419
3807000,"Tosbik Around The World",0,2,0,2,1,0.342380227506653,0.671190113753327,1,0.657619772493347,0.870481046513441,0.58446518931204,0.995709839532952,0.247925803745148,0.752074196254852,0.411244650220912,-0.129518953486559,0.129518953486559,-12.9518953486559,501,1534,920,-419
3807080,"Ballotoro",0,2,0,2,1,0.342380227506653,0.671190113753327,1,0.657619772493347,0.870481046513441,0.58446518931204,0.995709839532952,0.247925803745148,0.752074196254852,0.411244650220912,-0.129518953486559,0.129518953486559,-12.9518953486559,502,1535,921,-419
3815120,"BIT LOST",0,2,0,2,1,0.342380227506653,0.671190113753327,1,0.657619772493347,0.870481046513441,0.58446518931204,0.995709839532952,0.247925803745148,0.752074196254852,0.411244650220912,-0.129518953486559,0.129518953486559,-12.9518953486559,503,1536,922,-419
3820830,"Anime Dream Match: Primates",0,2,0,2,1,0.342380227506653,0.671190113753327,1,0.657619772493347,0.870481046513441,0.58446518931204,0.995709839532952,0.247925803745148,0.752074196254852,0.411244650220912,-0.129518953486559,0.129518953486559,-12.9518953486559,504,1537,923,-419
3822100,"In Arrears",0,2,0,2,1,0.342380227506653,0.671190113753327,1,0.657619772493347,0.870481046513441,0.58446518931204,0.995709839532952,0.247925803745148,0.752074196254852,0.411244650220912,-0.129518953486559,0.129518953486559,-12.9518953486559,505,1538,924,-419
3822580,"Heart of Ice by Dave Morris",0,2,0,2,1,0.342380227506653,0.671190113753327,1,0.657619772493347,0.870481046513441,0.58446518931204,0.995709839532952,0.247925803745148,0.752074196254852,0.411244650220912,-0.129518953486559,0.129518953486559,-12.9518953486559,506,1539,925,-419
3828730,"Cross and Gun",0,2,0,2,1,0.342380227506653,0.671190113753327,1,0.657619772493347,0.870481046513441,0.58446518931204,0.995709839532952,0.247925803745148,0.752074196254852,0.411244650220912,-0.129518953486559,0.129518953486559,-12.9518953486559,507,1540,926,-419
3829040,"Turtle Turtle",0,2,0,2,1,0.342380227506653,0.671190113753327,1,0.657619772493347,0.870481046513441,0.58446518931204,0.995709839532952,0.247925803745148,0.752074196254852,0.411244650220912,-0.129518953486559,0.129518953486559,-12.9518953486559,508,1541,927,-419
3838270,"Awurda First Wave",0,2,0,2,1,0.342380227506653,0.671190113753327,1,0.657619772493347,0.870481046513441,0.58446518931204,0.995709839532952,0.247925803745148,0.752074196254852,0.411244650220912,-0.129518953486559,0.129518953486559,-12.9518953486559,509,1542,928,-419
3838900,"Prism",0,2,0,2,1,0.342380227506653,0.671190113753327,1,0.657619772493347,0.870481046513441,0.58446518931204,0.995709839532952,0.247925803745148,0.752074196254852,0.411244650220912,-0.129518953486559,0.129518953486559,-12.9518953486559,510,1543,929,-419
3843730,"Infinite Canyon",0,2,0,2,1,0.342380227506653,0.671190113753327,1,0.657619772493347,0.870481046513441,0.58446518931204,0.995709839532952,0.247925803745148,0.752074196254852,0.411244650220912,-0.129518953486559,0.129518953486559,-12.9518953486559,511,1544,930,-419
3847210,"TANK 2025",0,2,0,2,1,0.342380227506653,0.671190113753327,1,0.657619772493347,0.870481046513441,0.58446518931204,0.995709839532952,0.247925803745148,0.752074196254852,0.411244650220912,-0.129518953486559,0.129518953486559,-12.9518953486559,512,1545,931,-419
3848270,"Yacht Dice Family",0,2,0,2,1,0.342380227506653,0.671190113753327,1,0.657619772493347,0.870481046513441,0.58446518931204,0.995709839532952,0.247925803745148,0.752074196254852,0.411244650220912,-0.129518953486559,0.129518953486559,-12.9518953486559,513,1546,932,-419
3852180,"Hexateria",0,2,0,2,1,0.342380227506653,0.671190113753327,1,0.657619772493347,0.870481046513441,0.58446518931204,0.995709839532952,0.247925803745148,0.752074196254852,0.411244650220912,-0.129518953486559,0.129518953486559,-12.9518953486559,514,1547,933,-419
3854990,"TryAngle: Shapes Warfare",0,2,0,2,1,0.342380227506653,0.671190113753327,1,0.657619772493347,0.870481046513441,0.58446518931204,0.995709839532952,0.247925803745148,0.752074196254852,0.411244650220912,-0.129518953486559,0.129518953486559,-12.9518953486559,515,1548,934,-419
3862060,"My First PC Game",0,2,0,2,1,0.342380227506653,0.671190113753327,1,0.657619772493347,0.870481046513441,0.58446518931204,0.995709839532952,0.247925803745148,0.752074196254852,0.411244650220912,-0.129518953486559,0.129518953486559,-12.9518953486559,516,1549,935,-419
3868390,"Chop It Down",0,2,0,2,1,0.342380227506653,0.671190113753327,1,0.657619772493347,0.870481046513441,0.58446518931204,0.995709839532952,0.247925803745148,0.752074196254852,0.411244650220912,-0.129518953486559,0.129518953486559,-12.9518953486559,517,1550,936,-419
3869100,"TearItUp<U+00AE> Remix",0,2,0,2,1,0.342380227506653,0.671190113753327,1,0.657619772493347,0.870481046513441,0.58446518931204,0.995709839532952,0.247925803745148,0.752074196254852,0.411244650220912,-0.129518953486559,0.129518953486559,-12.9518953486559,518,1551,937,-419
3869160,"Info Fighter",0,2,0,2,1,0.342380227506653,0.671190113753327,1,0.657619772493347,0.870481046513441,0.58446518931204,0.995709839532952,0.247925803745148,0.752074196254852,0.411244650220912,-0.129518953486559,0.129518953486559,-12.9518953486559,519,1552,938,-419
3878510,"Mr Taoist priest",0,2,0,2,1,0.342380227506653,0.671190113753327,1,0.657619772493347,0.870481046513441,0.58446518931204,0.995709839532952,0.247925803745148,0.752074196254852,0.411244650220912,-0.129518953486559,0.129518953486559,-12.9518953486559,520,1553,939,-419
3880170,"Hope - The Game",0,2,0,2,1,0.342380227506653,0.671190113753327,1,0.657619772493347,0.870481046513441,0.58446518931204,0.995709839532952,0.247925803745148,0.752074196254852,0.411244650220912,-0.129518953486559,0.129518953486559,-12.9518953486559,521,1554,940,-419
3880670,"XD CLICKER",0,2,0,2,1,0.342380227506653,0.671190113753327,1,0.657619772493347,0.870481046513441,0.58446518931204,0.995709839532952,0.247925803745148,0.752074196254852,0.411244650220912,-0.129518953486559,0.129518953486559,-12.9518953486559,522,1555,941,-419
3899180,"Project X",0,2,0,2,1,0.342380227506653,0.671190113753327,1,0.657619772493347,0.870481046513441,0.58446518931204,0.995709839532952,0.247925803745148,0.752074196254852,0.411244650220912,-0.129518953486559,0.129518953486559,-12.9518953486559,523,1556,942,-419
3900070,"Flashmaster",0,2,0,2,1,0.342380227506653,0.671190113753327,1,0.657619772493347,0.870481046513441,0.58446518931204,0.995709839532952,0.247925803745148,0.752074196254852,0.411244650220912,-0.129518953486559,0.129518953486559,-12.9518953486559,524,1557,943,-419
3900250,"Little Lures",0,2,0,2,1,0.342380227506653,0.671190113753327,1,0.657619772493347,0.870481046513441,0.58446518931204,0.995709839532952,0.247925803745148,0.752074196254852,0.411244650220912,-0.129518953486559,0.129518953486559,-12.9518953486559,525,1558,944,-419
3910440,"The Remainer",0,2,0,2,1,0.342380227506653,0.671190113753327,1,0.657619772493347,0.870481046513441,0.58446518931204,0.995709839532952,0.247925803745148,0.752074196254852,0.411244650220912,-0.129518953486559,0.129518953486559,-12.9518953486559,526,1559,945,-419
3915550,"Proper Bullet Hell",0,2,0,2,1,0.342380227506653,0.671190113753327,1,0.657619772493347,0.870481046513441,0.58446518931204,0.995709839532952,0.247925803745148,0.752074196254852,0.411244650220912,-0.129518953486559,0.129518953486559,-12.9518953486559,527,1560,946,-419
3926660,"Kola Аbyss",0,2,0,2,1,0.342380227506653,0.671190113753327,1,0.657619772493347,0.870481046513441,0.58446518931204,0.995709839532952,0.247925803745148,0.752074196254852,0.411244650220912,-0.129518953486559,0.129518953486559,-12.9518953486559,528,1561,947,-419
3929030,"Why Did You Leave Me Like This?",0,2,0,2,1,0.342380227506653,0.671190113753327,1,0.657619772493347,0.870481046513441,0.58446518931204,0.995709839532952,0.247925803745148,0.752074196254852,0.411244650220912,-0.129518953486559,0.129518953486559,-12.9518953486559,529,1562,948,-419
3931220,"Time and Space Legacy",0,2,0,2,1,0.342380227506653,0.671190113753327,1,0.657619772493347,0.870481046513441,0.58446518931204,0.995709839532952,0.247925803745148,0.752074196254852,0.411244650220912,-0.129518953486559,0.129518953486559,-12.9518953486559,530,1563,949,-419
3931940,"Everslide",0,2,0,2,1,0.342380227506653,0.671190113753327,1,0.657619772493347,0.870481046513441,0.58446518931204,0.995709839532952,0.247925803745148,0.752074196254852,0.411244650220912,-0.129518953486559,0.129518953486559,-12.9518953486559,531,1564,950,-419
3937580,"Manipulation",0,2,0,2,1,0.342380227506653,0.671190113753327,1,0.657619772493347,0.870481046513441,0.58446518931204,0.995709839532952,0.247925803745148,0.752074196254852,0.411244650220912,-0.129518953486559,0.129518953486559,-12.9518953486559,532,1565,951,-419
3939000,"Free Fall",0,2,0,2,1,0.342380227506653,0.671190113753327,1,0.657619772493347,0.870481046513441,0.58446518931204,0.995709839532952,0.247925803745148,0.752074196254852,0.411244650220912,-0.129518953486559,0.129518953486559,-12.9518953486559,533,1566,952,-419
3940820,"Dentist Simulator 2",0,2,0,2,1,0.342380227506653,0.671190113753327,1,0.657619772493347,0.870481046513441,0.58446518931204,0.995709839532952,0.247925803745148,0.752074196254852,0.411244650220912,-0.129518953486559,0.129518953486559,-12.9518953486559,534,1567,953,-419
3942780,"The Cute the Baldy and the Fluffy",0,2,0,2,1,0.342380227506653,0.671190113753327,1,0.657619772493347,0.870481046513441,0.58446518931204,0.995709839532952,0.247925803745148,0.752074196254852,0.411244650220912,-0.129518953486559,0.129518953486559,-12.9518953486559,535,1568,954,-419
3948840,"Fatebreaker",0,2,0,2,1,0.342380227506653,0.671190113753327,1,0.657619772493347,0.870481046513441,0.58446518931204,0.995709839532952,0.247925803745148,0.752074196254852,0.411244650220912,-0.129518953486559,0.129518953486559,-12.9518953486559,536,1569,955,-419
3952680,"Backrooms Maze 2D",0,2,0,2,1,0.342380227506653,0.671190113753327,1,0.657619772493347,0.870481046513441,0.58446518931204,0.995709839532952,0.247925803745148,0.752074196254852,0.411244650220912,-0.129518953486559,0.129518953486559,-12.9518953486559,537,1570,956,-419
3955280,"Escape The Buildings",0,2,0,2,1,0.342380227506653,0.671190113753327,1,0.657619772493347,0.870481046513441,0.58446518931204,0.995709839532952,0.247925803745148,0.752074196254852,0.411244650220912,-0.129518953486559,0.129518953486559,-12.9518953486559,538,1571,957,-419
3960120,"ZeroZeta",0,2,0,2,1,0.342380227506653,0.671190113753327,1,0.657619772493347,0.870481046513441,0.58446518931204,0.995709839532952,0.247925803745148,0.752074196254852,0.411244650220912,-0.129518953486559,0.129518953486559,-12.9518953486559,539,1572,958,-419
3961740,"PaJinko",0,2,0,2,1,0.342380227506653,0.671190113753327,1,0.657619772493347,0.870481046513441,0.58446518931204,0.995709839532952,0.247925803745148,0.752074196254852,0.411244650220912,-0.129518953486559,0.129518953486559,-12.9518953486559,540,1573,959,-419
3967430,"Defend the Town",0,2,0,2,1,0.342380227506653,0.671190113753327,1,0.657619772493347,0.870481046513441,0.58446518931204,0.995709839532952,0.247925803745148,0.752074196254852,0.411244650220912,-0.129518953486559,0.129518953486559,-12.9518953486559,541,1574,960,-419
3968450,"Darko",0,2,0,2,1,0.342380227506653,0.671190113753327,1,0.657619772493347,0.870481046513441,0.58446518931204,0.995709839532952,0.247925803745148,0.752074196254852,0.411244650220912,-0.129518953486559,0.129518953486559,-12.9518953486559,542,1575,961,-419
3988540,"The Last Zone",0,2,0,2,1,0.342380227506653,0.671190113753327,1,0.657619772493347,0.870481046513441,0.58446518931204,0.995709839532952,0.247925803745148,0.752074196254852,0.411244650220912,-0.129518953486559,0.129518953486559,-12.9518953486559,543,1576,962,-419
3990520,"LEARNMOOR: Kids Academy",0,2,0,2,1,0.342380227506653,0.671190113753327,1,0.657619772493347,0.870481046513441,0.58446518931204,0.995709839532952,0.247925803745148,0.752074196254852,0.411244650220912,-0.129518953486559,0.129518953486559,-12.9518953486559,544,1577,963,-419
3992910,"Undead World Order",0,2,0,2,1,0.342380227506653,0.671190113753327,1,0.657619772493347,0.870481046513441,0.58446518931204,0.995709839532952,0.247925803745148,0.752074196254852,0.411244650220912,-0.129518953486559,0.129518953486559,-12.9518953486559,545,1578,964,-419
3993060,"Gamblers Chess",0,2,0,2,1,0.342380227506653,0.671190113753327,1,0.657619772493347,0.870481046513441,0.58446518931204,0.995709839532952,0.247925803745148,0.752074196254852,0.411244650220912,-0.129518953486559,0.129518953486559,-12.9518953486559,546,1579,965,-419
3995320,"Weird Store",0,2,0,2,1,0.342380227506653,0.671190113753327,1,0.657619772493347,0.870481046513441,0.58446518931204,0.995709839532952,0.247925803745148,0.752074196254852,0.411244650220912,-0.129518953486559,0.129518953486559,-12.9518953486559,547,1580,966,-419
4000480,"Boffins History Quiz Reel",0,2,0,2,1,0.342380227506653,0.671190113753327,1,0.657619772493347,0.870481046513441,0.58446518931204,0.995709839532952,0.247925803745148,0.752074196254852,0.411244650220912,-0.129518953486559,0.129518953486559,-12.9518953486559,548,1581,967,-419
4005510,"My Liminal Nightmare",0,2,0,2,1,0.342380227506653,0.671190113753327,1,0.657619772493347,0.870481046513441,0.58446518931204,0.995709839532952,0.247925803745148,0.752074196254852,0.411244650220912,-0.129518953486559,0.129518953486559,-12.9518953486559,549,1582,968,-419
4030450,"Halloween Trouble 7: The Apprentice",0,2,0,2,1,0.342380227506653,0.671190113753327,1,0.657619772493347,0.870481046513441,0.58446518931204,0.995709839532952,0.247925803745148,0.752074196254852,0.411244650220912,-0.129518953486559,0.129518953486559,-12.9518953486559,550,1583,969,-419
4034390,"Meta Lines 2",0,2,0,2,1,0.342380227506653,0.671190113753327,1,0.657619772493347,0.870481046513441,0.58446518931204,0.995709839532952,0.247925803745148,0.752074196254852,0.411244650220912,-0.129518953486559,0.129518953486559,-12.9518953486559,551,1584,970,-419
4036810,"Monster Market Simulator Modavuj Multiplayer",0,2,0,2,1,0.342380227506653,0.671190113753327,1,0.657619772493347,0.870481046513441,0.58446518931204,0.995709839532952,0.247925803745148,0.752074196254852,0.411244650220912,-0.129518953486559,0.129518953486559,-12.9518953486559,552,1585,971,-419
4037070,"Jumping Eras",0,2,0,2,1,0.342380227506653,0.671190113753327,1,0.657619772493347,0.870481046513441,0.58446518931204,0.995709839532952,0.247925803745148,0.752074196254852,0.411244650220912,-0.129518953486559,0.129518953486559,-12.9518953486559,553,1586,972,-419
4038570,"Shopping Cart Pusher",0,2,0,2,1,0.342380227506653,0.671190113753327,1,0.657619772493347,0.870481046513441,0.58446518931204,0.995709839532952,0.247925803745148,0.752074196254852,0.411244650220912,-0.129518953486559,0.129518953486559,-12.9518953486559,554,1587,973,-419
4043890,"Monroe Murders",0,2,0,2,1,0.342380227506653,0.671190113753327,1,0.657619772493347,0.870481046513441,0.58446518931204,0.995709839532952,0.247925803745148,0.752074196254852,0.411244650220912,-0.129518953486559,0.129518953486559,-12.9518953486559,555,1588,974,-419
4047290,"机械傀儡(DollMachine)",0,2,0,2,1,0.342380227506653,0.671190113753327,1,0.657619772493347,0.870481046513441,0.58446518931204,0.995709839532952,0.247925803745148,0.752074196254852,0.411244650220912,-0.129518953486559,0.129518953486559,-12.9518953486559,556,1589,975,-419
4048960,"Mysteerie",0,2,0,2,1,0.342380227506653,0.671190113753327,1,0.657619772493347,0.870481046513441,0.58446518931204,0.995709839532952,0.247925803745148,0.752074196254852,0.411244650220912,-0.129518953486559,0.129518953486559,-12.9518953486559,557,1590,976,-419
4050900,"DVK",0,2,0,2,1,0.342380227506653,0.671190113753327,1,0.657619772493347,0.870481046513441,0.58446518931204,0.995709839532952,0.247925803745148,0.752074196254852,0.411244650220912,-0.129518953486559,0.129518953486559,-12.9518953486559,558,1591,977,-419
4055950,"Curved World",0,2,0,2,1,0.342380227506653,0.671190113753327,1,0.657619772493347,0.870481046513441,0.58446518931204,0.995709839532952,0.247925803745148,0.752074196254852,0.411244650220912,-0.129518953486559,0.129518953486559,-12.9518953486559,559,1592,978,-419
4067490,"SpinGrid: Core Block Puzzle",0,2,0,2,1,0.342380227506653,0.671190113753327,1,0.657619772493347,0.870481046513441,0.58446518931204,0.995709839532952,0.247925803745148,0.752074196254852,0.411244650220912,-0.129518953486559,0.129518953486559,-12.9518953486559,560,1593,979,-419
4073470,"Critterking",0,2,0,2,1,0.342380227506653,0.671190113753327,1,0.657619772493347,0.870481046513441,0.58446518931204,0.995709839532952,0.247925803745148,0.752074196254852,0.411244650220912,-0.129518953486559,0.129518953486559,-12.9518953486559,561,1594,980,-419
4073530,"Incursion",0,2,0,2,1,0.342380227506653,0.671190113753327,1,0.657619772493347,0.870481046513441,0.58446518931204,0.995709839532952,0.247925803745148,0.752074196254852,0.411244650220912,-0.129518953486559,0.129518953486559,-12.9518953486559,562,1595,981,-419
4091700,"Max’s Adventures: Christmas Edition",0,2,0,2,1,0.342380227506653,0.671190113753327,1,0.657619772493347,0.870481046513441,0.58446518931204,0.995709839532952,0.247925803745148,0.752074196254852,0.411244650220912,-0.129518953486559,0.129518953486559,-12.9518953486559,563,1596,982,-419
4101990,"Harsh Reality of Being a Hamster",0,2,0,2,1,0.342380227506653,0.671190113753327,1,0.657619772493347,0.870481046513441,0.58446518931204,0.995709839532952,0.247925803745148,0.752074196254852,0.411244650220912,-0.129518953486559,0.129518953486559,-12.9518953486559,564,1597,983,-419
4103510,"The Unseen Fears: Inner Darkness Collector's Edition",0,2,0,2,1,0.342380227506653,0.671190113753327,1,0.657619772493347,0.870481046513441,0.58446518931204,0.995709839532952,0.247925803745148,0.752074196254852,0.411244650220912,-0.129518953486559,0.129518953486559,-12.9518953486559,565,1598,984,-419
4104830,"Calvin's Gallery",0,2,0,2,1,0.342380227506653,0.671190113753327,1,0.657619772493347,0.870481046513441,0.58446518931204,0.995709839532952,0.247925803745148,0.752074196254852,0.411244650220912,-0.129518953486559,0.129518953486559,-12.9518953486559,566,1599,985,-419
4105390,"ZUMANU Trip",0,2,0,2,1,0.342380227506653,0.671190113753327,1,0.657619772493347,0.870481046513441,0.58446518931204,0.995709839532952,0.247925803745148,0.752074196254852,0.411244650220912,-0.129518953486559,0.129518953486559,-12.9518953486559,567,1600,986,-419
4133980,"Bazterka - Urik Gabeko Herria",0,2,0,2,1,0.342380227506653,0.671190113753327,1,0.657619772493347,0.870481046513441,0.58446518931204,0.995709839532952,0.247925803745148,0.752074196254852,0.411244650220912,-0.129518953486559,0.129518953486559,-12.9518953486559,568,1601,987,-419
4140080,"Russian prison",0,2,0,2,1,0.342380227506653,0.671190113753327,1,0.657619772493347,0.870481046513441,0.58446518931204,0.995709839532952,0.247925803745148,0.752074196254852,0.411244650220912,-0.129518953486559,0.129518953486559,-12.9518953486559,569,1602,988,-419
4170730,"ElDorado",0,2,0,2,1,0.342380227506653,0.671190113753327,1,0.657619772493347,0.870481046513441,0.58446518931204,0.995709839532952,0.247925803745148,0.752074196254852,0.411244650220912,-0.129518953486559,0.129518953486559,-12.9518953486559,570,1603,989,-419
4182160,"Defend The General",0,2,0,2,1,0.342380227506653,0.671190113753327,1,0.657619772493347,0.870481046513441,0.58446518931204,0.995709839532952,0.247925803745148,0.752074196254852,0.411244650220912,-0.129518953486559,0.129518953486559,-12.9518953486559,571,1604,990,-419
4192900,"Terria Tactics",0,2,0,2,1,0.342380227506653,0.671190113753327,1,0.657619772493347,0.870481046513441,0.58446518931204,0.995709839532952,0.247925803745148,0.752074196254852,0.411244650220912,-0.129518953486559,0.129518953486559,-12.9518953486559,572,1605,991,-419
4198310,"A Haunting Novel: Surfaced Secrets Collector's Edition",0,2,0,2,1,0.342380227506653,0.671190113753327,1,0.657619772493347,0.870481046513441,0.58446518931204,0.995709839532952,0.247925803745148,0.752074196254852,0.411244650220912,-0.129518953486559,0.129518953486559,-12.9518953486559,573,1606,992,-419
4199400,"Rock Paper Scissors: The Roguelike Puzzle Game",0,2,0,2,1,0.342380227506653,0.671190113753327,1,0.657619772493347,0.870481046513441,0.58446518931204,0.995709839532952,0.247925803745148,0.752074196254852,0.411244650220912,-0.129518953486559,0.129518953486559,-12.9518953486559,574,1607,993,-419
4217990,"Sugoroku New Year's Party",0,2,0,2,1,0.342380227506653,0.671190113753327,1,0.657619772493347,0.870481046513441,0.58446518931204,0.995709839532952,0.247925803745148,0.752074196254852,0.411244650220912,-0.129518953486559,0.129518953486559,-12.9518953486559,575,1608,994,-419
1427070,"Mascot Mayhem",0,3,0,3,1,0.438502968244955,0.719251484122477,1,0.561497031755045,0.884765810979371,0.624831367315985,0.996242206486757,0.330872758342948,0.669127241657052,0.371410839170772,-0.115234189020629,0.115234189020629,-11.5234189020629,352,1276,722,-370
1829920,"Aluna Rift",0,3,0,3,1,0.438502968244955,0.719251484122477,1,0.561497031755045,0.884765810979371,0.624831367315985,0.996242206486757,0.330872758342948,0.669127241657052,0.371410839170772,-0.115234189020629,0.115234189020629,-11.5234189020629,353,1277,723,-370
2182990,"Autumn with the Shiba Inu",0,3,0,3,1,0.438502968244955,0.719251484122477,1,0.561497031755045,0.884765810979371,0.624831367315985,0.996242206486757,0.330872758342948,0.669127241657052,0.371410839170772,-0.115234189020629,0.115234189020629,-11.5234189020629,354,1278,724,-370
2353100,"Ember the Werefox",0,3,0,3,1,0.438502968244955,0.719251484122477,1,0.561497031755045,0.884765810979371,0.624831367315985,0.996242206486757,0.330872758342948,0.669127241657052,0.371410839170772,-0.115234189020629,0.115234189020629,-11.5234189020629,355,1279,725,-370
2571730,"Halchemist",0,3,0,3,1,0.438502968244955,0.719251484122477,1,0.561497031755045,0.884765810979371,0.624831367315985,0.996242206486757,0.330872758342948,0.669127241657052,0.371410839170772,-0.115234189020629,0.115234189020629,-11.5234189020629,356,1280,726,-370
2607180,"Mecha Blitz",0,3,0,3,1,0.438502968244955,0.719251484122477,1,0.561497031755045,0.884765810979371,0.624831367315985,0.996242206486757,0.330872758342948,0.669127241657052,0.371410839170772,-0.115234189020629,0.115234189020629,-11.5234189020629,357,1281,727,-370
2676040,"Statera: Aurum",0,3,0,3,1,0.438502968244955,0.719251484122477,1,0.561497031755045,0.884765810979371,0.624831367315985,0.996242206486757,0.330872758342948,0.669127241657052,0.371410839170772,-0.115234189020629,0.115234189020629,-11.5234189020629,358,1282,728,-370
2897520,"Furball Blitz!",0,3,0,3,1,0.438502968244955,0.719251484122477,1,0.561497031755045,0.884765810979371,0.624831367315985,0.996242206486757,0.330872758342948,0.669127241657052,0.371410839170772,-0.115234189020629,0.115234189020629,-11.5234189020629,359,1283,729,-370
3059160,"Wizard Duel",0,3,0,3,1,0.438502968244955,0.719251484122477,1,0.561497031755045,0.884765810979371,0.624831367315985,0.996242206486757,0.330872758342948,0.669127241657052,0.371410839170772,-0.115234189020629,0.115234189020629,-11.5234189020629,360,1284,730,-370
3227790,"The Uncultured",0,3,0,3,1,0.438502968244955,0.719251484122477,1,0.561497031755045,0.884765810979371,0.624831367315985,0.996242206486757,0.330872758342948,0.669127241657052,0.371410839170772,-0.115234189020629,0.115234189020629,-11.5234189020629,361,1285,731,-370
3273550,"Dora<U+2122>: Rainforest Rescue",0,3,0,3,1,0.438502968244955,0.719251484122477,1,0.561497031755045,0.884765810979371,0.624831367315985,0.996242206486757,0.330872758342948,0.669127241657052,0.371410839170772,-0.115234189020629,0.115234189020629,-11.5234189020629,362,1286,732,-370
3281330,"A Simple Ball Game",0,3,0,3,1,0.438502968244955,0.719251484122477,1,0.561497031755045,0.884765810979371,0.624831367315985,0.996242206486757,0.330872758342948,0.669127241657052,0.371410839170772,-0.115234189020629,0.115234189020629,-11.5234189020629,363,1287,733,-370
3282690,"RoundZ",0,3,0,3,1,0.438502968244955,0.719251484122477,1,0.561497031755045,0.884765810979371,0.624831367315985,0.996242206486757,0.330872758342948,0.669127241657052,0.371410839170772,-0.115234189020629,0.115234189020629,-11.5234189020629,364,1288,734,-370
3324980,"EVERDARK: Undead Apocalypse",0,3,0,3,1,0.438502968244955,0.719251484122477,1,0.561497031755045,0.884765810979371,0.624831367315985,0.996242206486757,0.330872758342948,0.669127241657052,0.371410839170772,-0.115234189020629,0.115234189020629,-11.5234189020629,365,1289,735,-370
3352160,"Willow’s Descent: Into The Under",0,3,0,3,1,0.438502968244955,0.719251484122477,1,0.561497031755045,0.884765810979371,0.624831367315985,0.996242206486757,0.330872758342948,0.669127241657052,0.371410839170772,-0.115234189020629,0.115234189020629,-11.5234189020629,366,1290,736,-370
3355900,"FIREBALL",0,3,0,3,1,0.438502968244955,0.719251484122477,1,0.561497031755045,0.884765810979371,0.624831367315985,0.996242206486757,0.330872758342948,0.669127241657052,0.371410839170772,-0.115234189020629,0.115234189020629,-11.5234189020629,367,1291,737,-370
3369990,"Hampy's Great Adventure",0,3,0,3,1,0.438502968244955,0.719251484122477,1,0.561497031755045,0.884765810979371,0.624831367315985,0.996242206486757,0.330872758342948,0.669127241657052,0.371410839170772,-0.115234189020629,0.115234189020629,-11.5234189020629,368,1292,738,-370
3377290,"Life Choices",0,3,0,3,1,0.438502968244955,0.719251484122477,1,0.561497031755045,0.884765810979371,0.624831367315985,0.996242206486757,0.330872758342948,0.669127241657052,0.371410839170772,-0.115234189020629,0.115234189020629,-11.5234189020629,369,1293,739,-370
3386150,"You're here again",0,3,0,3,1,0.438502968244955,0.719251484122477,1,0.561497031755045,0.884765810979371,0.624831367315985,0.996242206486757,0.330872758342948,0.669127241657052,0.371410839170772,-0.115234189020629,0.115234189020629,-11.5234189020629,370,1294,740,-370
3406740,"Dino Space Station",0,3,0,3,1,0.438502968244955,0.719251484122477,1,0.561497031755045,0.884765810979371,0.624831367315985,0.996242206486757,0.330872758342948,0.669127241657052,0.371410839170772,-0.115234189020629,0.115234189020629,-11.5234189020629,371,1295,741,-370
3431770,"Lords of the Void",0,3,0,3,1,0.438502968244955,0.719251484122477,1,0.561497031755045,0.884765810979371,0.624831367315985,0.996242206486757,0.330872758342948,0.669127241657052,0.371410839170772,-0.115234189020629,0.115234189020629,-11.5234189020629,372,1296,742,-370
3453680,"Where is my hat?",0,3,0,3,1,0.438502968244955,0.719251484122477,1,0.561497031755045,0.884765810979371,0.624831367315985,0.996242206486757,0.330872758342948,0.669127241657052,0.371410839170772,-0.115234189020629,0.115234189020629,-11.5234189020629,373,1297,743,-370
3467310,"BBQ Master",0,3,0,3,1,0.438502968244955,0.719251484122477,1,0.561497031755045,0.884765810979371,0.624831367315985,0.996242206486757,0.330872758342948,0.669127241657052,0.371410839170772,-0.115234189020629,0.115234189020629,-11.5234189020629,374,1298,744,-370
3484190,"Bits and Boards - Game Store Simulator",0,3,0,3,1,0.438502968244955,0.719251484122477,1,0.561497031755045,0.884765810979371,0.624831367315985,0.996242206486757,0.330872758342948,0.669127241657052,0.371410839170772,-0.115234189020629,0.115234189020629,-11.5234189020629,375,1299,745,-370
3502020,"Sometimes Toast is O.K.",0,3,0,3,1,0.438502968244955,0.719251484122477,1,0.561497031755045,0.884765810979371,0.624831367315985,0.996242206486757,0.330872758342948,0.669127241657052,0.371410839170772,-0.115234189020629,0.115234189020629,-11.5234189020629,376,1300,746,-370
3548370,"Arcane Coven",0,3,0,3,1,0.438502968244955,0.719251484122477,1,0.561497031755045,0.884765810979371,0.624831367315985,0.996242206486757,0.330872758342948,0.669127241657052,0.371410839170772,-0.115234189020629,0.115234189020629,-11.5234189020629,377,1301,747,-370
3563380,"Mari's Magical Deliveries",0,3,0,3,1,0.438502968244955,0.719251484122477,1,0.561497031755045,0.884765810979371,0.624831367315985,0.996242206486757,0.330872758342948,0.669127241657052,0.371410839170772,-0.115234189020629,0.115234189020629,-11.5234189020629,378,1302,748,-370
3568030,"Beast and Cleaver",0,3,0,3,1,0.438502968244955,0.719251484122477,1,0.561497031755045,0.884765810979371,0.624831367315985,0.996242206486757,0.330872758342948,0.669127241657052,0.371410839170772,-0.115234189020629,0.115234189020629,-11.5234189020629,379,1303,749,-370
3579320,"Arthur's Pet Chase",0,3,0,3,1,0.438502968244955,0.719251484122477,1,0.561497031755045,0.884765810979371,0.624831367315985,0.996242206486757,0.330872758342948,0.669127241657052,0.371410839170772,-0.115234189020629,0.115234189020629,-11.5234189020629,380,1304,750,-370
3585600,"Your husband",0,3,0,3,1,0.438502968244955,0.719251484122477,1,0.561497031755045,0.884765810979371,0.624831367315985,0.996242206486757,0.330872758342948,0.669127241657052,0.371410839170772,-0.115234189020629,0.115234189020629,-11.5234189020629,381,1305,751,-370
3585640,"Lavender Field",0,3,0,3,1,0.438502968244955,0.719251484122477,1,0.561497031755045,0.884765810979371,0.624831367315985,0.996242206486757,0.330872758342948,0.669127241657052,0.371410839170772,-0.115234189020629,0.115234189020629,-11.5234189020629,382,1306,752,-370
3645520,"Faith Requiem",0,3,0,3,1,0.438502968244955,0.719251484122477,1,0.561497031755045,0.884765810979371,0.624831367315985,0.996242206486757,0.330872758342948,0.669127241657052,0.371410839170772,-0.115234189020629,0.115234189020629,-11.5234189020629,383,1307,753,-370
3676270,"Poly Frenzy",0,3,0,3,1,0.438502968244955,0.719251484122477,1,0.561497031755045,0.884765810979371,0.624831367315985,0.996242206486757,0.330872758342948,0.669127241657052,0.371410839170772,-0.115234189020629,0.115234189020629,-11.5234189020629,384,1308,754,-370
3688930,"Myrath's Curse",0,3,0,3,1,0.438502968244955,0.719251484122477,1,0.561497031755045,0.884765810979371,0.624831367315985,0.996242206486757,0.330872758342948,0.669127241657052,0.371410839170772,-0.115234189020629,0.115234189020629,-11.5234189020629,385,1309,755,-370
3703790,"Skyfire Legends",0,3,0,3,1,0.438502968244955,0.719251484122477,1,0.561497031755045,0.884765810979371,0.624831367315985,0.996242206486757,0.330872758342948,0.669127241657052,0.371410839170772,-0.115234189020629,0.115234189020629,-11.5234189020629,386,1310,756,-370
3720260,"Frogdoku",0,3,0,3,1,0.438502968244955,0.719251484122477,1,0.561497031755045,0.884765810979371,0.624831367315985,0.996242206486757,0.330872758342948,0.669127241657052,0.371410839170772,-0.115234189020629,0.115234189020629,-11.5234189020629,387,1311,757,-370
3729610,"Can you clear up to 100 stages?",0,3,0,3,1,0.438502968244955,0.719251484122477,1,0.561497031755045,0.884765810979371,0.624831367315985,0.996242206486757,0.330872758342948,0.669127241657052,0.371410839170772,-0.115234189020629,0.115234189020629,-11.5234189020629,388,1312,758,-370
3742040,"The Rainbox",0,3,0,3,1,0.438502968244955,0.719251484122477,1,0.561497031755045,0.884765810979371,0.624831367315985,0.996242206486757,0.330872758342948,0.669127241657052,0.371410839170772,-0.115234189020629,0.115234189020629,-11.5234189020629,389,1313,759,-370
3749260,"The Awakened Avenger",0,3,0,3,1,0.438502968244955,0.719251484122477,1,0.561497031755045,0.884765810979371,0.624831367315985,0.996242206486757,0.330872758342948,0.669127241657052,0.371410839170772,-0.115234189020629,0.115234189020629,-11.5234189020629,390,1314,760,-370
3762110,"Bloodplague Lockdown",0,3,0,3,1,0.438502968244955,0.719251484122477,1,0.561497031755045,0.884765810979371,0.624831367315985,0.996242206486757,0.330872758342948,0.669127241657052,0.371410839170772,-0.115234189020629,0.115234189020629,-11.5234189020629,391,1315,761,-370
3776630,"Bananaganza",0,3,0,3,1,0.438502968244955,0.719251484122477,1,0.561497031755045,0.884765810979371,0.624831367315985,0.996242206486757,0.330872758342948,0.669127241657052,0.371410839170772,-0.115234189020629,0.115234189020629,-11.5234189020629,392,1316,762,-370
3793730,"Beat Vortex",0,3,0,3,1,0.438502968244955,0.719251484122477,1,0.561497031755045,0.884765810979371,0.624831367315985,0.996242206486757,0.330872758342948,0.669127241657052,0.371410839170772,-0.115234189020629,0.115234189020629,-11.5234189020629,393,1317,763,-370
3794290,"Chess Empire",0,3,0,3,1,0.438502968244955,0.719251484122477,1,0.561497031755045,0.884765810979371,0.624831367315985,0.996242206486757,0.330872758342948,0.669127241657052,0.371410839170772,-0.115234189020629,0.115234189020629,-11.5234189020629,394,1318,764,-370
3795140,"Railroad crossing play",0,3,0,3,1,0.438502968244955,0.719251484122477,1,0.561497031755045,0.884765810979371,0.624831367315985,0.996242206486757,0.330872758342948,0.669127241657052,0.371410839170772,-0.115234189020629,0.115234189020629,-11.5234189020629,395,1319,765,-370
3797700,"The Nightmare",0,3,0,3,1,0.438502968244955,0.719251484122477,1,0.561497031755045,0.884765810979371,0.624831367315985,0.996242206486757,0.330872758342948,0.669127241657052,0.371410839170772,-0.115234189020629,0.115234189020629,-11.5234189020629,396,1320,766,-370
3801500,"Neffy -Moonlight Labyrinth X-",0,3,0,3,1,0.438502968244955,0.719251484122477,1,0.561497031755045,0.884765810979371,0.624831367315985,0.996242206486757,0.330872758342948,0.669127241657052,0.371410839170772,-0.115234189020629,0.115234189020629,-11.5234189020629,397,1321,767,-370
3807440,"Taste of the Sea",0,3,0,3,1,0.438502968244955,0.719251484122477,1,0.561497031755045,0.884765810979371,0.624831367315985,0.996242206486757,0.330872758342948,0.669127241657052,0.371410839170772,-0.115234189020629,0.115234189020629,-11.5234189020629,398,1322,768,-370
3830610,"RETRYS",0,3,0,3,1,0.438502968244955,0.719251484122477,1,0.561497031755045,0.884765810979371,0.624831367315985,0.996242206486757,0.330872758342948,0.669127241657052,0.371410839170772,-0.115234189020629,0.115234189020629,-11.5234189020629,399,1323,769,-370
3844490,"Wald-Guard",0,3,0,3,1,0.438502968244955,0.719251484122477,1,0.561497031755045,0.884765810979371,0.624831367315985,0.996242206486757,0.330872758342948,0.669127241657052,0.371410839170772,-0.115234189020629,0.115234189020629,-11.5234189020629,400,1324,770,-370
3853780,"Just Grandma and Me",0,3,0,3,1,0.438502968244955,0.719251484122477,1,0.561497031755045,0.884765810979371,0.624831367315985,0.996242206486757,0.330872758342948,0.669127241657052,0.371410839170772,-0.115234189020629,0.115234189020629,-11.5234189020629,401,1325,771,-370
3854760,"Tentaphage",0,3,0,3,1,0.438502968244955,0.719251484122477,1,0.561497031755045,0.884765810979371,0.624831367315985,0.996242206486757,0.330872758342948,0.669127241657052,0.371410839170772,-0.115234189020629,0.115234189020629,-11.5234189020629,402,1326,772,-370
3861060,"Scooter Slayer",0,3,0,3,1,0.438502968244955,0.719251484122477,1,0.561497031755045,0.884765810979371,0.624831367315985,0.996242206486757,0.330872758342948,0.669127241657052,0.371410839170772,-0.115234189020629,0.115234189020629,-11.5234189020629,403,1327,773,-370
3861560,"Planet Drop",0,3,0,3,1,0.438502968244955,0.719251484122477,1,0.561497031755045,0.884765810979371,0.624831367315985,0.996242206486757,0.330872758342948,0.669127241657052,0.371410839170772,-0.115234189020629,0.115234189020629,-11.5234189020629,404,1328,774,-370
3867530,"Way to Town",0,3,0,3,1,0.438502968244955,0.719251484122477,1,0.561497031755045,0.884765810979371,0.624831367315985,0.996242206486757,0.330872758342948,0.669127241657052,0.371410839170772,-0.115234189020629,0.115234189020629,-11.5234189020629,405,1329,775,-370
3869480,"Attrition",0,3,0,3,1,0.438502968244955,0.719251484122477,1,0.561497031755045,0.884765810979371,0.624831367315985,0.996242206486757,0.330872758342948,0.669127241657052,0.371410839170772,-0.115234189020629,0.115234189020629,-11.5234189020629,406,1330,776,-370
3869490,"GeneBreak",0,3,0,3,1,0.438502968244955,0.719251484122477,1,0.561497031755045,0.884765810979371,0.624831367315985,0.996242206486757,0.330872758342948,0.669127241657052,0.371410839170772,-0.115234189020629,0.115234189020629,-11.5234189020629,407,1331,777,-370
3873550,"Cosmic Cat",0,3,0,3,1,0.438502968244955,0.719251484122477,1,0.561497031755045,0.884765810979371,0.624831367315985,0.996242206486757,0.330872758342948,0.669127241657052,0.371410839170772,-0.115234189020629,0.115234189020629,-11.5234189020629,408,1332,778,-370
3879000,"They Watch",0,3,0,3,1,0.438502968244955,0.719251484122477,1,0.561497031755045,0.884765810979371,0.624831367315985,0.996242206486757,0.330872758342948,0.669127241657052,0.371410839170772,-0.115234189020629,0.115234189020629,-11.5234189020629,409,1333,779,-370
3884400,"DinoGORE",0,3,0,3,1,0.438502968244955,0.719251484122477,1,0.561497031755045,0.884765810979371,0.624831367315985,0.996242206486757,0.330872758342948,0.669127241657052,0.371410839170772,-0.115234189020629,0.115234189020629,-11.5234189020629,410,1334,780,-370
3894070,"A Pirate Game About Digging For Treasure And Getting Drunk",0,3,0,3,1,0.438502968244955,0.719251484122477,1,0.561497031755045,0.884765810979371,0.624831367315985,0.996242206486757,0.330872758342948,0.669127241657052,0.371410839170772,-0.115234189020629,0.115234189020629,-11.5234189020629,411,1335,781,-370
3898700,"INFINITE MINEFIELD",0,3,0,3,1,0.438502968244955,0.719251484122477,1,0.561497031755045,0.884765810979371,0.624831367315985,0.996242206486757,0.330872758342948,0.669127241657052,0.371410839170772,-0.115234189020629,0.115234189020629,-11.5234189020629,412,1336,782,-370
3919840,"Sepan and the Seven Flasks",0,3,0,3,1,0.438502968244955,0.719251484122477,1,0.561497031755045,0.884765810979371,0.624831367315985,0.996242206486757,0.330872758342948,0.669127241657052,0.371410839170772,-0.115234189020629,0.115234189020629,-11.5234189020629,413,1337,783,-370
3921270,"Blood & Money",0,3,0,3,1,0.438502968244955,0.719251484122477,1,0.561497031755045,0.884765810979371,0.624831367315985,0.996242206486757,0.330872758342948,0.669127241657052,0.371410839170772,-0.115234189020629,0.115234189020629,-11.5234189020629,414,1338,784,-370
3927520,"Cosmolon",0,3,0,3,1,0.438502968244955,0.719251484122477,1,0.561497031755045,0.884765810979371,0.624831367315985,0.996242206486757,0.330872758342948,0.669127241657052,0.371410839170772,-0.115234189020629,0.115234189020629,-11.5234189020629,415,1339,785,-370
3931960,"Nightcrawler",0,3,0,3,1,0.438502968244955,0.719251484122477,1,0.561497031755045,0.884765810979371,0.624831367315985,0.996242206486757,0.330872758342948,0.669127241657052,0.371410839170772,-0.115234189020629,0.115234189020629,-11.5234189020629,416,1340,786,-370
3940900,"Swipepi",0,3,0,3,1,0.438502968244955,0.719251484122477,1,0.561497031755045,0.884765810979371,0.624831367315985,0.996242206486757,0.330872758342948,0.669127241657052,0.371410839170772,-0.115234189020629,0.115234189020629,-11.5234189020629,417,1341,787,-370
3948350,"Wolftown",0,3,0,3,1,0.438502968244955,0.719251484122477,1,0.561497031755045,0.884765810979371,0.624831367315985,0.996242206486757,0.330872758342948,0.669127241657052,0.371410839170772,-0.115234189020629,0.115234189020629,-11.5234189020629,418,1342,788,-370
3955170,"Exclusive Cars",0,3,0,3,1,0.438502968244955,0.719251484122477,1,0.561497031755045,0.884765810979371,0.624831367315985,0.996242206486757,0.330872758342948,0.669127241657052,0.371410839170772,-0.115234189020629,0.115234189020629,-11.5234189020629,419,1343,789,-370
3988830,"Crystal of Death",0,3,0,3,1,0.438502968244955,0.719251484122477,1,0.561497031755045,0.884765810979371,0.624831367315985,0.996242206486757,0.330872758342948,0.669127241657052,0.371410839170772,-0.115234189020629,0.115234189020629,-11.5234189020629,420,1344,790,-370
3990040,"Ants March TD",0,3,0,3,1,0.438502968244955,0.719251484122477,1,0.561497031755045,0.884765810979371,0.624831367315985,0.996242206486757,0.330872758342948,0.669127241657052,0.371410839170772,-0.115234189020629,0.115234189020629,-11.5234189020629,421,1345,791,-370
3995560,"Real Puzzles - Paris",0,3,0,3,1,0.438502968244955,0.719251484122477,1,0.561497031755045,0.884765810979371,0.624831367315985,0.996242206486757,0.330872758342948,0.669127241657052,0.371410839170772,-0.115234189020629,0.115234189020629,-11.5234189020629,422,1346,792,-370
3998630,"Puzzle Pleasant",0,3,0,3,1,0.438502968244955,0.719251484122477,1,0.561497031755045,0.884765810979371,0.624831367315985,0.996242206486757,0.330872758342948,0.669127241657052,0.371410839170772,-0.115234189020629,0.115234189020629,-11.5234189020629,423,1347,793,-370
4001120,"The Glitch prison Together",0,3,0,3,1,0.438502968244955,0.719251484122477,1,0.561497031755045,0.884765810979371,0.624831367315985,0.996242206486757,0.330872758342948,0.669127241657052,0.371410839170772,-0.115234189020629,0.115234189020629,-11.5234189020629,424,1348,794,-370
4016750,"Pachingo",0,3,0,3,1,0.438502968244955,0.719251484122477,1,0.561497031755045,0.884765810979371,0.624831367315985,0.996242206486757,0.330872758342948,0.669127241657052,0.371410839170772,-0.115234189020629,0.115234189020629,-11.5234189020629,425,1349,795,-370
4033820,"Spot The Word",0,3,0,3,1,0.438502968244955,0.719251484122477,1,0.561497031755045,0.884765810979371,0.624831367315985,0.996242206486757,0.330872758342948,0.669127241657052,0.371410839170772,-0.115234189020629,0.115234189020629,-11.5234189020629,426,1350,796,-370
4052020,"Trigwa",0,3,0,3,1,0.438502968244955,0.719251484122477,1,0.561497031755045,0.884765810979371,0.624831367315985,0.996242206486757,0.330872758342948,0.669127241657052,0.371410839170772,-0.115234189020629,0.115234189020629,-11.5234189020629,427,1351,797,-370
4086240,"WRITHING",0,3,0,3,1,0.438502968244955,0.719251484122477,1,0.561497031755045,0.884765810979371,0.624831367315985,0.996242206486757,0.330872758342948,0.669127241657052,0.371410839170772,-0.115234189020629,0.115234189020629,-11.5234189020629,428,1352,798,-370
4109760,"Level Denied",0,3,0,3,1,0.438502968244955,0.719251484122477,1,0.561497031755045,0.884765810979371,0.624831367315985,0.996242206486757,0.330872758342948,0.669127241657052,0.371410839170772,-0.115234189020629,0.115234189020629,-11.5234189020629,429,1353,799,-370
4112630,"H4CT0PL45M",0,3,0,3,1,0.438502968244955,0.719251484122477,1,0.561497031755045,0.884765810979371,0.624831367315985,0.996242206486757,0.330872758342948,0.669127241657052,0.371410839170772,-0.115234189020629,0.115234189020629,-11.5234189020629,430,1354,800,-370
4127400,"Tic Tac Rogue",0,3,0,3,1,0.438502968244955,0.719251484122477,1,0.561497031755045,0.884765810979371,0.624831367315985,0.996242206486757,0.330872758342948,0.669127241657052,0.371410839170772,-0.115234189020629,0.115234189020629,-11.5234189020629,431,1355,801,-370
4132780,"on Titan",0,3,0,3,1,0.438502968244955,0.719251484122477,1,0.561497031755045,0.884765810979371,0.624831367315985,0.996242206486757,0.330872758342948,0.669127241657052,0.371410839170772,-0.115234189020629,0.115234189020629,-11.5234189020629,432,1356,802,-370
4168670,"Maelslime",0,3,0,3,1,0.438502968244955,0.719251484122477,1,0.561497031755045,0.884765810979371,0.624831367315985,0.996242206486757,0.330872758342948,0.669127241657052,0.371410839170772,-0.115234189020629,0.115234189020629,-11.5234189020629,433,1357,803,-370
4186410,"Retail Therapy",0,3,0,3,1,0.438502968244955,0.719251484122477,1,0.561497031755045,0.884765810979371,0.624831367315985,0.996242206486757,0.330872758342948,0.669127241657052,0.371410839170772,-0.115234189020629,0.115234189020629,-11.5234189020629,434,1358,804,-370
4201160,"Compass & Straightedge",0,3,0,3,1,0.438502968244955,0.719251484122477,1,0.561497031755045,0.884765810979371,0.624831367315985,0.996242206486757,0.330872758342948,0.669127241657052,0.371410839170772,-0.115234189020629,0.115234189020629,-11.5234189020629,435,1359,805,-370
4203490,"Typing English",0,3,0,3,1,0.438502968244955,0.719251484122477,1,0.561497031755045,0.884765810979371,0.624831367315985,0.996242206486757,0.330872758342948,0.669127241657052,0.371410839170772,-0.115234189020629,0.115234189020629,-11.5234189020629,436,1360,806,-370
4222270,"Dear Lighthouse",0,3,0,3,1,0.438502968244955,0.719251484122477,1,0.561497031755045,0.884765810979371,0.624831367315985,0.996242206486757,0.330872758342948,0.669127241657052,0.371410839170772,-0.115234189020629,0.115234189020629,-11.5234189020629,437,1361,807,-370
1194040,"東１局５３本場",0,4,0,4,1,0.510109163545403,0.755054581772701,1,0.489890836454597,0.896212616889674,0.658188789563792,0.996657030244202,0.397340615926201,0.602659384073799,0.338468240680411,-0.103787383110326,0.103787383110326,-10.3787383110326,301,1145,611,-310
1989960,"AirShooShoo",0,4,0,4,1,0.510109163545403,0.755054581772701,1,0.489890836454597,0.896212616889674,0.658188789563792,0.996657030244202,0.397340615926201,0.602659384073799,0.338468240680411,-0.103787383110326,0.103787383110326,-10.3787383110326,302,1146,612,-310
2449060,"15 Minutes Dungeon",0,4,0,4,1,0.510109163545403,0.755054581772701,1,0.489890836454597,0.896212616889674,0.658188789563792,0.996657030244202,0.397340615926201,0.602659384073799,0.338468240680411,-0.103787383110326,0.103787383110326,-10.3787383110326,303,1147,613,-310
2568800,"Astral Outcast",0,4,0,4,1,0.510109163545403,0.755054581772701,1,0.489890836454597,0.896212616889674,0.658188789563792,0.996657030244202,0.397340615926201,0.602659384073799,0.338468240680411,-0.103787383110326,0.103787383110326,-10.3787383110326,304,1148,614,-310
2923120,"Star's Peaces: Memorial Edition",0,4,0,4,1,0.510109163545403,0.755054581772701,1,0.489890836454597,0.896212616889674,0.658188789563792,0.996657030244202,0.397340615926201,0.602659384073799,0.338468240680411,-0.103787383110326,0.103787383110326,-10.3787383110326,305,1149,615,-310
2977680,"ScanIt!",0,4,0,4,1,0.510109163545403,0.755054581772701,1,0.489890836454597,0.896212616889674,0.658188789563792,0.996657030244202,0.397340615926201,0.602659384073799,0.338468240680411,-0.103787383110326,0.103787383110326,-10.3787383110326,306,1150,616,-310
3042560,"Void: Icarus",0,4,0,4,1,0.510109163545403,0.755054581772701,1,0.489890836454597,0.896212616889674,0.658188789563792,0.996657030244202,0.397340615926201,0.602659384073799,0.338468240680411,-0.103787383110326,0.103787383110326,-10.3787383110326,307,1151,617,-310
3062040,"Hot Rod Mayhem",0,4,0,4,1,0.510109163545403,0.755054581772701,1,0.489890836454597,0.896212616889674,0.658188789563792,0.996657030244202,0.397340615926201,0.602659384073799,0.338468240680411,-0.103787383110326,0.103787383110326,-10.3787383110326,308,1152,618,-310
3131880,"The Lubs: True Alliance",0,4,0,4,1,0.510109163545403,0.755054581772701,1,0.489890836454597,0.896212616889674,0.658188789563792,0.996657030244202,0.397340615926201,0.602659384073799,0.338468240680411,-0.103787383110326,0.103787383110326,-10.3787383110326,309,1153,619,-310
3223470,"Conquero : Rise or Kneel",0,4,0,4,1,0.510109163545403,0.755054581772701,1,0.489890836454597,0.896212616889674,0.658188789563792,0.996657030244202,0.397340615926201,0.602659384073799,0.338468240680411,-0.103787383110326,0.103787383110326,-10.3787383110326,310,1154,620,-310
3234660,"Tokiros",0,4,0,4,1,0.510109163545403,0.755054581772701,1,0.489890836454597,0.896212616889674,0.658188789563792,0.996657030244202,0.397340615926201,0.602659384073799,0.338468240680411,-0.103787383110326,0.103787383110326,-10.3787383110326,311,1155,621,-310
3291040,"Ordinary Heroes",0,4,0,4,1,0.510109163545403,0.755054581772701,1,0.489890836454597,0.896212616889674,0.658188789563792,0.996657030244202,0.397340615926201,0.602659384073799,0.338468240680411,-0.103787383110326,0.103787383110326,-10.3787383110326,312,1156,622,-310
3292750,"Distractor",0,4,0,4,1,0.510109163545403,0.755054581772701,1,0.489890836454597,0.896212616889674,0.658188789563792,0.996657030244202,0.397340615926201,0.602659384073799,0.338468240680411,-0.103787383110326,0.103787383110326,-10.3787383110326,313,1157,623,-310
3321850,"HyperCoven",0,4,0,4,1,0.510109163545403,0.755054581772701,1,0.489890836454597,0.896212616889674,0.658188789563792,0.996657030244202,0.397340615926201,0.602659384073799,0.338468240680411,-0.103787383110326,0.103787383110326,-10.3787383110326,314,1158,624,-310
3334770,"99Managers Futsal Edition",0,4,0,4,1,0.510109163545403,0.755054581772701,1,0.489890836454597,0.896212616889674,0.658188789563792,0.996657030244202,0.397340615926201,0.602659384073799,0.338468240680411,-0.103787383110326,0.103787383110326,-10.3787383110326,315,1159,625,-310
3415460,"恋愛花道",0,4,0,4,1,0.510109163545403,0.755054581772701,1,0.489890836454597,0.896212616889674,0.658188789563792,0.996657030244202,0.397340615926201,0.602659384073799,0.338468240680411,-0.103787383110326,0.103787383110326,-10.3787383110326,316,1160,626,-310
3520580,"Sheep for the Stars",0,4,0,4,1,0.510109163545403,0.755054581772701,1,0.489890836454597,0.896212616889674,0.658188789563792,0.996657030244202,0.397340615926201,0.602659384073799,0.338468240680411,-0.103787383110326,0.103787383110326,-10.3787383110326,317,1161,627,-310
3562220,"Questy Chess",0,4,0,4,1,0.510109163545403,0.755054581772701,1,0.489890836454597,0.896212616889674,0.658188789563792,0.996657030244202,0.397340615926201,0.602659384073799,0.338468240680411,-0.103787383110326,0.103787383110326,-10.3787383110326,318,1162,628,-310
3625280,"Alive",0,4,0,4,1,0.510109163545403,0.755054581772701,1,0.489890836454597,0.896212616889674,0.658188789563792,0.996657030244202,0.397340615926201,0.602659384073799,0.338468240680411,-0.103787383110326,0.103787383110326,-10.3787383110326,319,1163,629,-310
3678130,"Gutfarm",0,4,0,4,1,0.510109163545403,0.755054581772701,1,0.489890836454597,0.896212616889674,0.658188789563792,0.996657030244202,0.397340615926201,0.602659384073799,0.338468240680411,-0.103787383110326,0.103787383110326,-10.3787383110326,320,1164,630,-310
3679920,"Favela Defender",0,4,0,4,1,0.510109163545403,0.755054581772701,1,0.489890836454597,0.896212616889674,0.658188789563792,0.996657030244202,0.397340615926201,0.602659384073799,0.338468240680411,-0.103787383110326,0.103787383110326,-10.3787383110326,321,1165,631,-310
3726630,"Depths of Insanity 3",0,4,0,4,1,0.510109163545403,0.755054581772701,1,0.489890836454597,0.896212616889674,0.658188789563792,0.996657030244202,0.397340615926201,0.602659384073799,0.338468240680411,-0.103787383110326,0.103787383110326,-10.3787383110326,322,1166,632,-310
3752210,"Rubble Eats The World",0,4,0,4,1,0.510109163545403,0.755054581772701,1,0.489890836454597,0.896212616889674,0.658188789563792,0.996657030244202,0.397340615926201,0.602659384073799,0.338468240680411,-0.103787383110326,0.103787383110326,-10.3787383110326,323,1167,633,-310
3754320,"Project DAR",0,4,0,4,1,0.510109163545403,0.755054581772701,1,0.489890836454597,0.896212616889674,0.658188789563792,0.996657030244202,0.397340615926201,0.602659384073799,0.338468240680411,-0.103787383110326,0.103787383110326,-10.3787383110326,324,1168,634,-310
3821900,"Hot Pig Jump!",0,4,0,4,1,0.510109163545403,0.755054581772701,1,0.489890836454597,0.896212616889674,0.658188789563792,0.996657030244202,0.397340615926201,0.602659384073799,0.338468240680411,-0.103787383110326,0.103787383110326,-10.3787383110326,325,1169,635,-310
3835960,"Stay&Stack: Hotel Operation",0,4,0,4,1,0.510109163545403,0.755054581772701,1,0.489890836454597,0.896212616889674,0.658188789563792,0.996657030244202,0.397340615926201,0.602659384073799,0.338468240680411,-0.103787383110326,0.103787383110326,-10.3787383110326,326,1170,636,-310
3841340,"Petmancer",0,4,0,4,1,0.510109163545403,0.755054581772701,1,0.489890836454597,0.896212616889674,0.658188789563792,0.996657030244202,0.397340615926201,0.602659384073799,0.338468240680411,-0.103787383110326,0.103787383110326,-10.3787383110326,327,1171,637,-310
3890550,"Jam's Adjustable Mirrors",1,4,0,4,1,0.510109163545403,0.755054581772701,1,0.489890836454597,0.896212616889674,0.658188789563792,0.996657030244202,0.397340615926201,0.602659384073799,0.338468240680411,-0.103787383110326,0.103787383110326,-10.3787383110326,328,1172,638,-310
3890660,"Rachel's Journal",0,4,0,4,1,0.510109163545403,0.755054581772701,1,0.489890836454597,0.896212616889674,0.658188789563792,0.996657030244202,0.397340615926201,0.602659384073799,0.338468240680411,-0.103787383110326,0.103787383110326,-10.3787383110326,329,1173,639,-310
3895980,"The Case of the Catacombs: A Tale from Atruxia",0,4,0,4,1,0.510109163545403,0.755054581772701,1,0.489890836454597,0.896212616889674,0.658188789563792,0.996657030244202,0.397340615926201,0.602659384073799,0.338468240680411,-0.103787383110326,0.103787383110326,-10.3787383110326,330,1174,640,-310
3899660,"Pompiers Simulator",0,4,0,4,1,0.510109163545403,0.755054581772701,1,0.489890836454597,0.896212616889674,0.658188789563792,0.996657030244202,0.397340615926201,0.602659384073799,0.338468240680411,-0.103787383110326,0.103787383110326,-10.3787383110326,331,1175,641,-310
3900500,"Empty Space: The Creator",0,4,0,4,1,0.510109163545403,0.755054581772701,1,0.489890836454597,0.896212616889674,0.658188789563792,0.996657030244202,0.397340615926201,0.602659384073799,0.338468240680411,-0.103787383110326,0.103787383110326,-10.3787383110326,332,1176,642,-310
3900640,"Jixo 3: Hidden Horizons Collector's Edition",0,4,0,4,1,0.510109163545403,0.755054581772701,1,0.489890836454597,0.896212616889674,0.658188789563792,0.996657030244202,0.397340615926201,0.602659384073799,0.338468240680411,-0.103787383110326,0.103787383110326,-10.3787383110326,333,1177,643,-310
3908770,"Project Kouvola",0,4,0,4,1,0.510109163545403,0.755054581772701,1,0.489890836454597,0.896212616889674,0.658188789563792,0.996657030244202,0.397340615926201,0.602659384073799,0.338468240680411,-0.103787383110326,0.103787383110326,-10.3787383110326,334,1178,644,-310
3917250,"Gunvolution",0,4,0,4,1,0.510109163545403,0.755054581772701,1,0.489890836454597,0.896212616889674,0.658188789563792,0.996657030244202,0.397340615926201,0.602659384073799,0.338468240680411,-0.103787383110326,0.103787383110326,-10.3787383110326,335,1179,645,-310
3940500,"Manekin: The Lost Island",0,4,0,4,1,0.510109163545403,0.755054581772701,1,0.489890836454597,0.896212616889674,0.658188789563792,0.996657030244202,0.397340615926201,0.602659384073799,0.338468240680411,-0.103787383110326,0.103787383110326,-10.3787383110326,336,1180,646,-310
3973790,"The Last Detour",0,4,0,4,1,0.510109163545403,0.755054581772701,1,0.489890836454597,0.896212616889674,0.658188789563792,0.996657030244202,0.397340615926201,0.602659384073799,0.338468240680411,-0.103787383110326,0.103787383110326,-10.3787383110326,337,1181,647,-310
3978700,"Soul Redemption",0,4,0,4,1,0.510109163545403,0.755054581772701,1,0.489890836454597,0.896212616889674,0.658188789563792,0.996657030244202,0.397340615926201,0.602659384073799,0.338468240680411,-0.103787383110326,0.103787383110326,-10.3787383110326,338,1182,648,-310
3981780,"The Beautiful World",0,4,0,4,1,0.510109163545403,0.755054581772701,1,0.489890836454597,0.896212616889674,0.658188789563792,0.996657030244202,0.397340615926201,0.602659384073799,0.338468240680411,-0.103787383110326,0.103787383110326,-10.3787383110326,339,1183,649,-310
4000060,"Eight Strange Corridors",0,4,0,4,1,0.510109163545403,0.755054581772701,1,0.489890836454597,0.896212616889674,0.658188789563792,0.996657030244202,0.397340615926201,0.602659384073799,0.338468240680411,-0.103787383110326,0.103787383110326,-10.3787383110326,340,1184,650,-310
4023200,"Penelope Syndrome",0,4,0,4,1,0.510109163545403,0.755054581772701,1,0.489890836454597,0.896212616889674,0.658188789563792,0.996657030244202,0.397340615926201,0.602659384073799,0.338468240680411,-0.103787383110326,0.103787383110326,-10.3787383110326,341,1185,651,-310
4043620,"Romb",0,4,0,4,1,0.510109163545403,0.755054581772701,1,0.489890836454597,0.896212616889674,0.658188789563792,0.996657030244202,0.397340615926201,0.602659384073799,0.338468240680411,-0.103787383110326,0.103787383110326,-10.3787383110326,342,1186,652,-310
4045970,"Farm Simulator",0,4,0,4,1,0.510109163545403,0.755054581772701,1,0.489890836454597,0.896212616889674,0.658188789563792,0.996657030244202,0.397340615926201,0.602659384073799,0.338468240680411,-0.103787383110326,0.103787383110326,-10.3787383110326,343,1187,653,-310
4052630,"Boss Battle Arena",0,4,0,4,1,0.510109163545403,0.755054581772701,1,0.489890836454597,0.896212616889674,0.658188789563792,0.996657030244202,0.397340615926201,0.602659384073799,0.338468240680411,-0.103787383110326,0.103787383110326,-10.3787383110326,344,1188,654,-310
4072280,"Avatars",0,4,0,4,1,0.510109163545403,0.755054581772701,1,0.489890836454597,0.896212616889674,0.658188789563792,0.996657030244202,0.397340615926201,0.602659384073799,0.338468240680411,-0.103787383110326,0.103787383110326,-10.3787383110326,345,1189,655,-310
4125150,"Fish Go",0,4,0,4,1,0.510109163545403,0.755054581772701,1,0.489890836454597,0.896212616889674,0.658188789563792,0.996657030244202,0.397340615926201,0.602659384073799,0.338468240680411,-0.103787383110326,0.103787383110326,-10.3787383110326,346,1190,656,-310
4133370,"Pixel Mart",0,4,0,4,1,0.510109163545403,0.755054581772701,1,0.489890836454597,0.896212616889674,0.658188789563792,0.996657030244202,0.397340615926201,0.602659384073799,0.338468240680411,-0.103787383110326,0.103787383110326,-10.3787383110326,347,1191,657,-310
4147730,"Survivors of Cloudacre",0,4,0,4,1,0.510109163545403,0.755054581772701,1,0.489890836454597,0.896212616889674,0.658188789563792,0.996657030244202,0.397340615926201,0.602659384073799,0.338468240680411,-0.103787383110326,0.103787383110326,-10.3787383110326,348,1192,658,-310
4175070,"Space Force Bargain Bin",0,4,0,4,1,0.510109163545403,0.755054581772701,1,0.489890836454597,0.896212616889674,0.658188789563792,0.996657030244202,0.397340615926201,0.602659384073799,0.338468240680411,-0.103787383110326,0.103787383110326,-10.3787383110326,349,1193,659,-310
4196660,"Christmas Wonderland 16: Collector's Edition",0,4,0,4,1,0.510109163545403,0.755054581772701,1,0.489890836454597,0.896212616889674,0.658188789563792,0.996657030244202,0.397340615926201,0.602659384073799,0.338468240680411,-0.103787383110326,0.103787383110326,-10.3787383110326,350,1194,660,-310
4214660,"At the Mount Leng of madness",0,4,0,4,1,0.510109163545403,0.755054581772701,1,0.489890836454597,0.896212616889674,0.658188789563792,0.996657030244202,0.397340615926201,0.602659384073799,0.338468240680411,-0.103787383110326,0.103787383110326,-10.3787383110326,351,1195,661,-310
690320,"Snake-A-Roid",0,5,0,5,1,0.565517535216825,0.782758767608413,1,0.434482464783175,0.905590772082171,0.68618151869736,0.996989370906001,0.451796495462645,0.548203504537355,0.310807852208641,-0.0944092279178288,0.0944092279178288,-9.44092279178288,251,1011,524,-273
1191050,"MotoTrials",0,5,0,5,1,0.565517535216825,0.782758767608413,1,0.434482464783175,0.905590772082171,0.68618151869736,0.996989370906001,0.451796495462645,0.548203504537355,0.310807852208641,-0.0944092279178288,0.0944092279178288,-9.44092279178288,252,1012,525,-273
1274700,"You Alone Can Defeat Evil",0,5,0,5,1,0.565517535216825,0.782758767608413,1,0.434482464783175,0.905590772082171,0.68618151869736,0.996989370906001,0.451796495462645,0.548203504537355,0.310807852208641,-0.0944092279178288,0.0944092279178288,-9.44092279178288,253,1013,526,-273
1710260,"Catsploration",0,5,0,5,1,0.565517535216825,0.782758767608413,1,0.434482464783175,0.905590772082171,0.68618151869736,0.996989370906001,0.451796495462645,0.548203504537355,0.310807852208641,-0.0944092279178288,0.0944092279178288,-9.44092279178288,254,1014,527,-273
1962020,"Space Tournament",0,5,0,5,1,0.565517535216825,0.782758767608413,1,0.434482464783175,0.905590772082171,0.68618151869736,0.996989370906001,0.451796495462645,0.548203504537355,0.310807852208641,-0.0944092279178288,0.0944092279178288,-9.44092279178288,255,1015,528,-273
2561810,"HamSumo",0,5,0,5,1,0.565517535216825,0.782758767608413,1,0.434482464783175,0.905590772082171,0.68618151869736,0.996989370906001,0.451796495462645,0.548203504537355,0.310807852208641,-0.0944092279178288,0.0944092279178288,-9.44092279178288,256,1016,529,-273
2659530,"Stop The Slimes",0,5,0,5,1,0.565517535216825,0.782758767608413,1,0.434482464783175,0.905590772082171,0.68618151869736,0.996989370906001,0.451796495462645,0.548203504537355,0.310807852208641,-0.0944092279178288,0.0944092279178288,-9.44092279178288,257,1017,530,-273
2905650,"Chaos Pieces",0,5,0,5,1,0.565517535216825,0.782758767608413,1,0.434482464783175,0.905590772082171,0.68618151869736,0.996989370906001,0.451796495462645,0.548203504537355,0.310807852208641,-0.0944092279178288,0.0944092279178288,-9.44092279178288,258,1018,531,-273
2948470,"Mordfield Command",0,5,0,5,1,0.565517535216825,0.782758767608413,1,0.434482464783175,0.905590772082171,0.68618151869736,0.996989370906001,0.451796495462645,0.548203504537355,0.310807852208641,-0.0944092279178288,0.0944092279178288,-9.44092279178288,259,1019,532,-273
3040110,"Outsider",0,5,0,5,1,0.565517535216825,0.782758767608413,1,0.434482464783175,0.905590772082171,0.68618151869736,0.996989370906001,0.451796495462645,0.548203504537355,0.310807852208641,-0.0944092279178288,0.0944092279178288,-9.44092279178288,260,1020,533,-273
3040670,"Catalina's Horror Adventure",0,5,0,5,1,0.565517535216825,0.782758767608413,1,0.434482464783175,0.905590772082171,0.68618151869736,0.996989370906001,0.451796495462645,0.548203504537355,0.310807852208641,-0.0944092279178288,0.0944092279178288,-9.44092279178288,261,1021,534,-273
3042280,"Drop It! Jelly Man",0,5,0,5,1,0.565517535216825,0.782758767608413,1,0.434482464783175,0.905590772082171,0.68618151869736,0.996989370906001,0.451796495462645,0.548203504537355,0.310807852208641,-0.0944092279178288,0.0944092279178288,-9.44092279178288,262,1022,535,-273
3047090,"Drive Out",0,5,0,5,1,0.565517535216825,0.782758767608413,1,0.434482464783175,0.905590772082171,0.68618151869736,0.996989370906001,0.451796495462645,0.548203504537355,0.310807852208641,-0.0944092279178288,0.0944092279178288,-9.44092279178288,263,1023,536,-273
3078670,"Tiny Pixels Vol. 2 - Stormy Knights",0,5,0,5,1,0.565517535216825,0.782758767608413,1,0.434482464783175,0.905590772082171,0.68618151869736,0.996989370906001,0.451796495462645,0.548203504537355,0.310807852208641,-0.0944092279178288,0.0944092279178288,-9.44092279178288,264,1024,537,-273
3204140,"Novel Rogue",0,5,0,5,1,0.565517535216825,0.782758767608413,1,0.434482464783175,0.905590772082171,0.68618151869736,0.996989370906001,0.451796495462645,0.548203504537355,0.310807852208641,-0.0944092279178288,0.0944092279178288,-9.44092279178288,265,1025,538,-273
3210590,"Massi vs. José",0,5,0,5,1,0.565517535216825,0.782758767608413,1,0.434482464783175,0.905590772082171,0.68618151869736,0.996989370906001,0.451796495462645,0.548203504537355,0.310807852208641,-0.0944092279178288,0.0944092279178288,-9.44092279178288,266,1026,539,-273
3271880,"Kano. Stone islands.",0,5,0,5,1,0.565517535216825,0.782758767608413,1,0.434482464783175,0.905590772082171,0.68618151869736,0.996989370906001,0.451796495462645,0.548203504537355,0.310807852208641,-0.0944092279178288,0.0944092279178288,-9.44092279178288,267,1027,540,-273
3424980,"Alice in the Manor",0,5,0,5,1,0.565517535216825,0.782758767608413,1,0.434482464783175,0.905590772082171,0.68618151869736,0.996989370906001,0.451796495462645,0.548203504537355,0.310807852208641,-0.0944092279178288,0.0944092279178288,-9.44092279178288,268,1028,541,-273
3456810,"Frame Machina - OcularZero",0,5,0,5,1,0.565517535216825,0.782758767608413,1,0.434482464783175,0.905590772082171,0.68618151869736,0.996989370906001,0.451796495462645,0.548203504537355,0.310807852208641,-0.0944092279178288,0.0944092279178288,-9.44092279178288,269,1029,542,-273
3502340,"Torn Veil",0,5,0,5,1,0.565517535216825,0.782758767608413,1,0.434482464783175,0.905590772082171,0.68618151869736,0.996989370906001,0.451796495462645,0.548203504537355,0.310807852208641,-0.0944092279178288,0.0944092279178288,-9.44092279178288,270,1030,543,-273
3565250,"Crossing Chains",0,5,0,5,1,0.565517535216825,0.782758767608413,1,0.434482464783175,0.905590772082171,0.68618151869736,0.996989370906001,0.451796495462645,0.548203504537355,0.310807852208641,-0.0944092279178288,0.0944092279178288,-9.44092279178288,271,1031,544,-273
3565330,"Squinky",0,5,0,5,1,0.565517535216825,0.782758767608413,1,0.434482464783175,0.905590772082171,0.68618151869736,0.996989370906001,0.451796495462645,0.548203504537355,0.310807852208641,-0.0944092279178288,0.0944092279178288,-9.44092279178288,272,1032,545,-273
3572530,"LHEA and the Word Spirit",0,5,0,5,1,0.565517535216825,0.782758767608413,1,0.434482464783175,0.905590772082171,0.68618151869736,0.996989370906001,0.451796495462645,0.548203504537355,0.310807852208641,-0.0944092279178288,0.0944092279178288,-9.44092279178288,273,1033,546,-273
3582170,"Cart Capers",0,5,0,5,1,0.565517535216825,0.782758767608413,1,0.434482464783175,0.905590772082171,0.68618151869736,0.996989370906001,0.451796495462645,0.548203504537355,0.310807852208641,-0.0944092279178288,0.0944092279178288,-9.44092279178288,274,1034,547,-273
3582270,"RYZY NYIL",0,5,0,5,1,0.565517535216825,0.782758767608413,1,0.434482464783175,0.905590772082171,0.68618151869736,0.996989370906001,0.451796495462645,0.548203504537355,0.310807852208641,-0.0944092279178288,0.0944092279178288,-9.44092279178288,275,1035,548,-273
3637820,"Addy",0,5,0,5,1,0.565517535216825,0.782758767608413,1,0.434482464783175,0.905590772082171,0.68618151869736,0.996989370906001,0.451796495462645,0.548203504537355,0.310807852208641,-0.0944092279178288,0.0944092279178288,-9.44092279178288,276,1036,549,-273
3669400,"A Spooky Item Game",0,5,0,5,1,0.565517535216825,0.782758767608413,1,0.434482464783175,0.905590772082171,0.68618151869736,0.996989370906001,0.451796495462645,0.548203504537355,0.310807852208641,-0.0944092279178288,0.0944092279178288,-9.44092279178288,277,1037,550,-273
3671980,"Job Battle Simulator",0,5,0,5,1,0.565517535216825,0.782758767608413,1,0.434482464783175,0.905590772082171,0.68618151869736,0.996989370906001,0.451796495462645,0.548203504537355,0.310807852208641,-0.0944092279178288,0.0944092279178288,-9.44092279178288,278,1038,551,-273
3709000,"The Drawstring Dungeon",0,5,0,5,1,0.565517535216825,0.782758767608413,1,0.434482464783175,0.905590772082171,0.68618151869736,0.996989370906001,0.451796495462645,0.548203504537355,0.310807852208641,-0.0944092279178288,0.0944092279178288,-9.44092279178288,279,1039,552,-273
3720170,"The Showdown: Gorilla vs 100",0,5,0,5,1,0.565517535216825,0.782758767608413,1,0.434482464783175,0.905590772082171,0.68618151869736,0.996989370906001,0.451796495462645,0.548203504537355,0.310807852208641,-0.0944092279178288,0.0944092279178288,-9.44092279178288,280,1040,553,-273
3744780,"Patch of Heaven",0,5,0,5,1,0.565517535216825,0.782758767608413,1,0.434482464783175,0.905590772082171,0.68618151869736,0.996989370906001,0.451796495462645,0.548203504537355,0.310807852208641,-0.0944092279178288,0.0944092279178288,-9.44092279178288,281,1041,554,-273
3789290,"Bad Golf",1,5,0,5,1,0.565517535216825,0.782758767608413,1,0.434482464783175,0.905590772082171,0.68618151869736,0.996989370906001,0.451796495462645,0.548203504537355,0.310807852208641,-0.0944092279178288,0.0944092279178288,-9.44092279178288,282,1042,555,-273
3796060,"Area Zero",0,5,0,5,1,0.565517535216825,0.782758767608413,1,0.434482464783175,0.905590772082171,0.68618151869736,0.996989370906001,0.451796495462645,0.548203504537355,0.310807852208641,-0.0944092279178288,0.0944092279178288,-9.44092279178288,283,1043,556,-273
3841160,"Not a Dream Job",0,5,0,5,1,0.565517535216825,0.782758767608413,1,0.434482464783175,0.905590772082171,0.68618151869736,0.996989370906001,0.451796495462645,0.548203504537355,0.310807852208641,-0.0944092279178288,0.0944092279178288,-9.44092279178288,284,1044,557,-273
3853500,"DarkShine",0,5,0,5,1,0.565517535216825,0.782758767608413,1,0.434482464783175,0.905590772082171,0.68618151869736,0.996989370906001,0.451796495462645,0.548203504537355,0.310807852208641,-0.0944092279178288,0.0944092279178288,-9.44092279178288,285,1045,558,-273
3863220,"Hypercore",0,5,0,5,1,0.565517535216825,0.782758767608413,1,0.434482464783175,0.905590772082171,0.68618151869736,0.996989370906001,0.451796495462645,0.548203504537355,0.310807852208641,-0.0944092279178288,0.0944092279178288,-9.44092279178288,286,1046,559,-273
3876030,"Monkey Jump",0,5,0,5,1,0.565517535216825,0.782758767608413,1,0.434482464783175,0.905590772082171,0.68618151869736,0.996989370906001,0.451796495462645,0.548203504537355,0.310807852208641,-0.0944092279178288,0.0944092279178288,-9.44092279178288,287,1047,560,-273
3915970,"Big Theft Valkeala 2: San Piritori",0,5,0,5,1,0.565517535216825,0.782758767608413,1,0.434482464783175,0.905590772082171,0.68618151869736,0.996989370906001,0.451796495462645,0.548203504537355,0.310807852208641,-0.0944092279178288,0.0944092279178288,-9.44092279178288,288,1048,561,-273
3918860,"I'm Tripping",1,5,0,5,1,0.565517535216825,0.782758767608413,1,0.434482464783175,0.905590772082171,0.68618151869736,0.996989370906001,0.451796495462645,0.548203504537355,0.310807852208641,-0.0944092279178288,0.0944092279178288,-9.44092279178288,289,1049,562,-273
3924530,"Train Maze Master",0,5,0,5,1,0.565517535216825,0.782758767608413,1,0.434482464783175,0.905590772082171,0.68618151869736,0.996989370906001,0.451796495462645,0.548203504537355,0.310807852208641,-0.0944092279178288,0.0944092279178288,-9.44092279178288,290,1050,563,-273
3929610,"數論冒險譚 - 魔王與秘林迷路",0,5,0,5,1,0.565517535216825,0.782758767608413,1,0.434482464783175,0.905590772082171,0.68618151869736,0.996989370906001,0.451796495462645,0.548203504537355,0.310807852208641,-0.0944092279178288,0.0944092279178288,-9.44092279178288,291,1051,564,-273
3952230,"3000m to Whatever’s Up There",0,5,0,5,1,0.565517535216825,0.782758767608413,1,0.434482464783175,0.905590772082171,0.68618151869736,0.996989370906001,0.451796495462645,0.548203504537355,0.310807852208641,-0.0944092279178288,0.0944092279178288,-9.44092279178288,292,1052,565,-273
3960240,"Cat Merge",0,5,0,5,1,0.565517535216825,0.782758767608413,1,0.434482464783175,0.905590772082171,0.68618151869736,0.996989370906001,0.451796495462645,0.548203504537355,0.310807852208641,-0.0944092279178288,0.0944092279178288,-9.44092279178288,293,1053,566,-273
3971630,"Triple Swap Tower",0,5,0,5,1,0.565517535216825,0.782758767608413,1,0.434482464783175,0.905590772082171,0.68618151869736,0.996989370906001,0.451796495462645,0.548203504537355,0.310807852208641,-0.0944092279178288,0.0944092279178288,-9.44092279178288,294,1054,567,-273
3982060,"Ark of Isolation",0,5,0,5,1,0.565517535216825,0.782758767608413,1,0.434482464783175,0.905590772082171,0.68618151869736,0.996989370906001,0.451796495462645,0.548203504537355,0.310807852208641,-0.0944092279178288,0.0944092279178288,-9.44092279178288,295,1055,568,-273
4037960,"hilda",0,5,0,5,1,0.565517535216825,0.782758767608413,1,0.434482464783175,0.905590772082171,0.68618151869736,0.996989370906001,0.451796495462645,0.548203504537355,0.310807852208641,-0.0944092279178288,0.0944092279178288,-9.44092279178288,296,1056,569,-273
4103720,"...Vincent: Mansion of The Dead",0,5,0,5,1,0.565517535216825,0.782758767608413,1,0.434482464783175,0.905590772082171,0.68618151869736,0.996989370906001,0.451796495462645,0.548203504537355,0.310807852208641,-0.0944092279178288,0.0944092279178288,-9.44092279178288,297,1057,570,-273
4123500,"Samurai Ace",0,5,0,5,1,0.565517535216825,0.782758767608413,1,0.434482464783175,0.905590772082171,0.68618151869736,0.996989370906001,0.451796495462645,0.548203504537355,0.310807852208641,-0.0944092279178288,0.0944092279178288,-9.44092279178288,298,1058,571,-273
4188280,"Balls2",0,5,0,5,1,0.565517535216825,0.782758767608413,1,0.434482464783175,0.905590772082171,0.68618151869736,0.996989370906001,0.451796495462645,0.548203504537355,0.310807852208641,-0.0944092279178288,0.0944092279178288,-9.44092279178288,299,1059,572,-273
4230400,"Cubio",0,5,0,5,1,0.565517535216825,0.782758767608413,1,0.434482464783175,0.905590772082171,0.68618151869736,0.996989370906001,0.451796495462645,0.548203504537355,0.310807852208641,-0.0944092279178288,0.0944092279178288,-9.44092279178288,300,1060,573,-273
1639710,"SquareMan-Boy",0,6,0,6,1,0.609665712097835,0.804832856048917,1,0.390334287902165,0.913414570778272,0.709988022926607,0.997261605765302,0.497226735266432,0.502773264733568,0.287273582838695,-0.0865854292217277,0.0865854292217277,-8.65854292217277,218,912,457,-239
1844460,"Termina",0,6,0,6,1,0.609665712097835,0.804832856048917,1,0.390334287902165,0.913414570778272,0.709988022926607,0.997261605765302,0.497226735266432,0.502773264733568,0.287273582838695,-0.0865854292217277,0.0865854292217277,-8.65854292217277,219,913,458,-239
2092170,"By Grit Alone",0,6,0,6,1,0.609665712097835,0.804832856048917,1,0.390334287902165,0.913414570778272,0.709988022926607,0.997261605765302,0.497226735266432,0.502773264733568,0.287273582838695,-0.0865854292217277,0.0865854292217277,-8.65854292217277,220,914,459,-239
2372450,"Rootin' Tootin' Lootin' & Shootin'",0,6,0,6,1,0.609665712097835,0.804832856048917,1,0.390334287902165,0.913414570778272,0.709988022926607,0.997261605765302,0.497226735266432,0.502773264733568,0.287273582838695,-0.0865854292217277,0.0865854292217277,-8.65854292217277,221,915,460,-239
2707080,"Inflatum",0,6,0,6,1,0.609665712097835,0.804832856048917,1,0.390334287902165,0.913414570778272,0.709988022926607,0.997261605765302,0.497226735266432,0.502773264733568,0.287273582838695,-0.0865854292217277,0.0865854292217277,-8.65854292217277,222,916,461,-239
2979020,"Clayers: Prologue",0,6,0,6,1,0.609665712097835,0.804832856048917,1,0.390334287902165,0.913414570778272,0.709988022926607,0.997261605765302,0.497226735266432,0.502773264733568,0.287273582838695,-0.0865854292217277,0.0865854292217277,-8.65854292217277,223,917,462,-239
3224330,"Thunderman - Adventures in another realm",0,6,0,6,1,0.609665712097835,0.804832856048917,1,0.390334287902165,0.913414570778272,0.709988022926607,0.997261605765302,0.497226735266432,0.502773264733568,0.287273582838695,-0.0865854292217277,0.0865854292217277,-8.65854292217277,224,918,463,-239
3330410,"Spell Slide",0,6,0,6,1,0.609665712097835,0.804832856048917,1,0.390334287902165,0.913414570778272,0.709988022926607,0.997261605765302,0.497226735266432,0.502773264733568,0.287273582838695,-0.0865854292217277,0.0865854292217277,-8.65854292217277,225,919,464,-239
3435810,"GoodMan",0,6,0,6,1,0.609665712097835,0.804832856048917,1,0.390334287902165,0.913414570778272,0.709988022926607,0.997261605765302,0.497226735266432,0.502773264733568,0.287273582838695,-0.0865854292217277,0.0865854292217277,-8.65854292217277,226,920,465,-239
3491430,"Mini Star Quest",0,6,0,6,1,0.609665712097835,0.804832856048917,1,0.390334287902165,0.913414570778272,0.709988022926607,0.997261605765302,0.497226735266432,0.502773264733568,0.287273582838695,-0.0865854292217277,0.0865854292217277,-8.65854292217277,227,921,466,-239
3552220,"Match Shot Chimera",0,6,0,6,1,0.609665712097835,0.804832856048917,1,0.390334287902165,0.913414570778272,0.709988022926607,0.997261605765302,0.497226735266432,0.502773264733568,0.287273582838695,-0.0865854292217277,0.0865854292217277,-8.65854292217277,228,922,467,-239
3565680,"DECRYPTO Project",0,6,0,6,1,0.609665712097835,0.804832856048917,1,0.390334287902165,0.913414570778272,0.709988022926607,0.997261605765302,0.497226735266432,0.502773264733568,0.287273582838695,-0.0865854292217277,0.0865854292217277,-8.65854292217277,229,923,468,-239
3580760,"Concrete Spaces",0,6,0,6,1,0.609665712097835,0.804832856048917,1,0.390334287902165,0.913414570778272,0.709988022926607,0.997261605765302,0.497226735266432,0.502773264733568,0.287273582838695,-0.0865854292217277,0.0865854292217277,-8.65854292217277,230,924,469,-239
3597530,"Royal's Gambit",0,6,0,6,1,0.609665712097835,0.804832856048917,1,0.390334287902165,0.913414570778272,0.709988022926607,0.997261605765302,0.497226735266432,0.502773264733568,0.287273582838695,-0.0865854292217277,0.0865854292217277,-8.65854292217277,231,925,470,-239
3623480,"Flipto",0,6,0,6,1,0.609665712097835,0.804832856048917,1,0.390334287902165,0.913414570778272,0.709988022926607,0.997261605765302,0.497226735266432,0.502773264733568,0.287273582838695,-0.0865854292217277,0.0865854292217277,-8.65854292217277,232,926,471,-239
3711530,"A Flame in the Dark",0,6,0,6,1,0.609665712097835,0.804832856048917,1,0.390334287902165,0.913414570778272,0.709988022926607,0.997261605765302,0.497226735266432,0.502773264733568,0.287273582838695,-0.0865854292217277,0.0865854292217277,-8.65854292217277,233,927,472,-239
3713090,"Animal Run Relay",0,6,0,6,1,0.609665712097835,0.804832856048917,1,0.390334287902165,0.913414570778272,0.709988022926607,0.997261605765302,0.497226735266432,0.502773264733568,0.287273582838695,-0.0865854292217277,0.0865854292217277,-8.65854292217277,234,928,473,-239
3734000,"Guardian Chicken",0,6,0,6,1,0.609665712097835,0.804832856048917,1,0.390334287902165,0.913414570778272,0.709988022926607,0.997261605765302,0.497226735266432,0.502773264733568,0.287273582838695,-0.0865854292217277,0.0865854292217277,-8.65854292217277,235,929,474,-239
3749460,"Rat`s Lair",1,6,0,6,1,0.609665712097835,0.804832856048917,1,0.390334287902165,0.913414570778272,0.709988022926607,0.997261605765302,0.497226735266432,0.502773264733568,0.287273582838695,-0.0865854292217277,0.0865854292217277,-8.65854292217277,236,930,475,-239
3825510,"GAYA - The Mystery",0,6,0,6,1,0.609665712097835,0.804832856048917,1,0.390334287902165,0.913414570778272,0.709988022926607,0.997261605765302,0.497226735266432,0.502773264733568,0.287273582838695,-0.0865854292217277,0.0865854292217277,-8.65854292217277,237,931,476,-239
3846020,"Egg Finder",0,6,0,6,1,0.609665712097835,0.804832856048917,1,0.390334287902165,0.913414570778272,0.709988022926607,0.997261605765302,0.497226735266432,0.502773264733568,0.287273582838695,-0.0865854292217277,0.0865854292217277,-8.65854292217277,238,932,477,-239
3868480,"The Inconvenient Platformer",0,6,0,6,1,0.609665712097835,0.804832856048917,1,0.390334287902165,0.913414570778272,0.709988022926607,0.997261605765302,0.497226735266432,0.502773264733568,0.287273582838695,-0.0865854292217277,0.0865854292217277,-8.65854292217277,239,933,478,-239
3870210,"Gray Goo",0,6,0,6,1,0.609665712097835,0.804832856048917,1,0.390334287902165,0.913414570778272,0.709988022926607,0.997261605765302,0.497226735266432,0.502773264733568,0.287273582838695,-0.0865854292217277,0.0865854292217277,-8.65854292217277,240,934,479,-239
3914070,"Draft Day Sports: College Football 2026",0,6,0,6,1,0.609665712097835,0.804832856048917,1,0.390334287902165,0.913414570778272,0.709988022926607,0.997261605765302,0.497226735266432,0.502773264733568,0.287273582838695,-0.0865854292217277,0.0865854292217277,-8.65854292217277,241,935,480,-239
3939630,"Bao Boi",0,6,0,6,1,0.609665712097835,0.804832856048917,1,0.390334287902165,0.913414570778272,0.709988022926607,0.997261605765302,0.497226735266432,0.502773264733568,0.287273582838695,-0.0865854292217277,0.0865854292217277,-8.65854292217277,242,936,481,-239
3953080,"Melon Bounce",0,6,0,6,1,0.609665712097835,0.804832856048917,1,0.390334287902165,0.913414570778272,0.709988022926607,0.997261605765302,0.497226735266432,0.502773264733568,0.287273582838695,-0.0865854292217277,0.0865854292217277,-8.65854292217277,243,937,482,-239
3958510,"The evil mouse",0,6,0,6,1,0.609665712097835,0.804832856048917,1,0.390334287902165,0.913414570778272,0.709988022926607,0.997261605765302,0.497226735266432,0.502773264733568,0.287273582838695,-0.0865854292217277,0.0865854292217277,-8.65854292217277,244,938,483,-239
3979310,"FIND KITTENS 6: After us",1,6,0,6,1,0.609665712097835,0.804832856048917,1,0.390334287902165,0.913414570778272,0.709988022926607,0.997261605765302,0.497226735266432,0.502773264733568,0.287273582838695,-0.0865854292217277,0.0865854292217277,-8.65854292217277,245,939,484,-239
3984670,"My Local Bee Cult",0,6,0,6,1,0.609665712097835,0.804832856048917,1,0.390334287902165,0.913414570778272,0.709988022926607,0.997261605765302,0.497226735266432,0.502773264733568,0.287273582838695,-0.0865854292217277,0.0865854292217277,-8.65854292217277,246,940,485,-239
3989410,"Shablon: Color Patterns",0,6,0,6,1,0.609665712097835,0.804832856048917,1,0.390334287902165,0.913414570778272,0.709988022926607,0.997261605765302,0.497226735266432,0.502773264733568,0.287273582838695,-0.0865854292217277,0.0865854292217277,-8.65854292217277,247,941,486,-239
4016120,"Luna Anomaly",0,6,0,6,1,0.609665712097835,0.804832856048917,1,0.390334287902165,0.913414570778272,0.709988022926607,0.997261605765302,0.497226735266432,0.502773264733568,0.287273582838695,-0.0865854292217277,0.0865854292217277,-8.65854292217277,248,942,487,-239
4018050,"K-Pattern Master",0,6,0,6,1,0.609665712097835,0.804832856048917,1,0.390334287902165,0.913414570778272,0.709988022926607,0.997261605765302,0.497226735266432,0.502773264733568,0.287273582838695,-0.0865854292217277,0.0865854292217277,-8.65854292217277,249,943,488,-239
4194980,"Dungeonfall",0,6,0,6,1,0.609665712097835,0.804832856048917,1,0.390334287902165,0.913414570778272,0.709988022926607,0.997261605765302,0.497226735266432,0.502773264733568,0.287273582838695,-0.0865854292217277,0.0865854292217277,-8.65854292217277,250,944,489,-239
1821550,"Snapshot Aquarium",0,7,0,7,1,0.645669564933313,0.822834782466656,1,0.354330435066687,0.920040873360553,0.730470837927101,0.997488688736488,0.535703506847418,0.464296493152582,0.267017850809387,-0.0799591266394466,0.0799591266394466,-7.99591266394466,187,828,398,-211
1985300,"SIR ABANDON",0,7,0,7,1,0.645669564933313,0.822834782466656,1,0.354330435066687,0.920040873360553,0.730470837927101,0.997488688736488,0.535703506847418,0.464296493152582,0.267017850809387,-0.0799591266394466,0.0799591266394466,-7.99591266394466,188,829,399,-211
2336210,"Monochrome Heights",0,7,0,7,1,0.645669564933313,0.822834782466656,1,0.354330435066687,0.920040873360553,0.730470837927101,0.997488688736488,0.535703506847418,0.464296493152582,0.267017850809387,-0.0799591266394466,0.0799591266394466,-7.99591266394466,189,830,400,-211
2568650,"Carnival Survivors The Parade",0,7,0,7,1,0.645669564933313,0.822834782466656,1,0.354330435066687,0.920040873360553,0.730470837927101,0.997488688736488,0.535703506847418,0.464296493152582,0.267017850809387,-0.0799591266394466,0.0799591266394466,-7.99591266394466,190,831,401,-211
2717150,"Releaseburg",0,7,0,7,1,0.645669564933313,0.822834782466656,1,0.354330435066687,0.920040873360553,0.730470837927101,0.997488688736488,0.535703506847418,0.464296493152582,0.267017850809387,-0.0799591266394466,0.0799591266394466,-7.99591266394466,191,832,402,-211
2854980,"MADNESS",0,7,0,7,1,0.645669564933313,0.822834782466656,1,0.354330435066687,0.920040873360553,0.730470837927101,0.997488688736488,0.535703506847418,0.464296493152582,0.267017850809387,-0.0799591266394466,0.0799591266394466,-7.99591266394466,192,833,403,-211
3014460,"Azrael's Tear",0,7,0,7,1,0.645669564933313,0.822834782466656,1,0.354330435066687,0.920040873360553,0.730470837927101,0.997488688736488,0.535703506847418,0.464296493152582,0.267017850809387,-0.0799591266394466,0.0799591266394466,-7.99591266394466,193,834,404,-211
3114280,"Eternal ONE",0,7,0,7,1,0.645669564933313,0.822834782466656,1,0.354330435066687,0.920040873360553,0.730470837927101,0.997488688736488,0.535703506847418,0.464296493152582,0.267017850809387,-0.0799591266394466,0.0799591266394466,-7.99591266394466,194,835,405,-211
3223370,"There's Nothing Underground",0,7,0,7,1,0.645669564933313,0.822834782466656,1,0.354330435066687,0.920040873360553,0.730470837927101,0.997488688736488,0.535703506847418,0.464296493152582,0.267017850809387,-0.0799591266394466,0.0799591266394466,-7.99591266394466,195,836,406,-211
3253190,"RazePact",0,7,0,7,1,0.645669564933313,0.822834782466656,1,0.354330435066687,0.920040873360553,0.730470837927101,0.997488688736488,0.535703506847418,0.464296493152582,0.267017850809387,-0.0799591266394466,0.0799591266394466,-7.99591266394466,196,837,407,-211
3363580,"Domain of Hallucination",0,7,0,7,1,0.645669564933313,0.822834782466656,1,0.354330435066687,0.920040873360553,0.730470837927101,0.997488688736488,0.535703506847418,0.464296493152582,0.267017850809387,-0.0799591266394466,0.0799591266394466,-7.99591266394466,197,838,408,-211
3533360,"Filiy Eclipse",0,7,0,7,1,0.645669564933313,0.822834782466656,1,0.354330435066687,0.920040873360553,0.730470837927101,0.997488688736488,0.535703506847418,0.464296493152582,0.267017850809387,-0.0799591266394466,0.0799591266394466,-7.99591266394466,198,839,409,-211
3628730,"Tankiro",0,7,0,7,1,0.645669564933313,0.822834782466656,1,0.354330435066687,0.920040873360553,0.730470837927101,0.997488688736488,0.535703506847418,0.464296493152582,0.267017850809387,-0.0799591266394466,0.0799591266394466,-7.99591266394466,199,840,410,-211
3775390,"The Ruin Wanderer",0,7,0,7,1,0.645669564933313,0.822834782466656,1,0.354330435066687,0.920040873360553,0.730470837927101,0.997488688736488,0.535703506847418,0.464296493152582,0.267017850809387,-0.0799591266394466,0.0799591266394466,-7.99591266394466,200,841,411,-211
3798420,"Paint by Words",0,7,0,7,1,0.645669564933313,0.822834782466656,1,0.354330435066687,0.920040873360553,0.730470837927101,0.997488688736488,0.535703506847418,0.464296493152582,0.267017850809387,-0.0799591266394466,0.0799591266394466,-7.99591266394466,201,842,412,-211
3809220,"W.A.PU Space Orderty",0,7,0,7,1,0.645669564933313,0.822834782466656,1,0.354330435066687,0.920040873360553,0.730470837927101,0.997488688736488,0.535703506847418,0.464296493152582,0.267017850809387,-0.0799591266394466,0.0799591266394466,-7.99591266394466,202,843,413,-211
3861140,"Agent Versus",0,7,0,7,1,0.645669564933313,0.822834782466656,1,0.354330435066687,0.920040873360553,0.730470837927101,0.997488688736488,0.535703506847418,0.464296493152582,0.267017850809387,-0.0799591266394466,0.0799591266394466,-7.99591266394466,203,844,414,-211
3871180,"One more gem",0,7,0,7,1,0.645669564933313,0.822834782466656,1,0.354330435066687,0.920040873360553,0.730470837927101,0.997488688736488,0.535703506847418,0.464296493152582,0.267017850809387,-0.0799591266394466,0.0799591266394466,-7.99591266394466,204,845,415,-211
3874510,"Nightmare Mines",0,7,0,7,1,0.645669564933313,0.822834782466656,1,0.354330435066687,0.920040873360553,0.730470837927101,0.997488688736488,0.535703506847418,0.464296493152582,0.267017850809387,-0.0799591266394466,0.0799591266394466,-7.99591266394466,205,846,416,-211
3882570,"Skeleton Dungeon",0,7,0,7,1,0.645669564933313,0.822834782466656,1,0.354330435066687,0.920040873360553,0.730470837927101,0.997488688736488,0.535703506847418,0.464296493152582,0.267017850809387,-0.0799591266394466,0.0799591266394466,-7.99591266394466,206,847,417,-211
3888790,"ExitApartment",0,7,0,7,1,0.645669564933313,0.822834782466656,1,0.354330435066687,0.920040873360553,0.730470837927101,0.997488688736488,0.535703506847418,0.464296493152582,0.267017850809387,-0.0799591266394466,0.0799591266394466,-7.99591266394466,207,848,418,-211
3895060,"FLOW",0,7,0,7,1,0.645669564933313,0.822834782466656,1,0.354330435066687,0.920040873360553,0.730470837927101,0.997488688736488,0.535703506847418,0.464296493152582,0.267017850809387,-0.0799591266394466,0.0799591266394466,-7.99591266394466,208,849,419,-211
3918570,"Yes",0,7,0,7,1,0.645669564933313,0.822834782466656,1,0.354330435066687,0.920040873360553,0.730470837927101,0.997488688736488,0.535703506847418,0.464296493152582,0.267017850809387,-0.0799591266394466,0.0799591266394466,-7.99591266394466,209,850,420,-211
3923290,"Teapot Spinner",0,7,0,7,1,0.645669564933313,0.822834782466656,1,0.354330435066687,0.920040873360553,0.730470837927101,0.997488688736488,0.535703506847418,0.464296493152582,0.267017850809387,-0.0799591266394466,0.0799591266394466,-7.99591266394466,210,851,421,-211
3980000,"欺心恋曲/亵渎神明的少女 Deceptiive Love Ballad The Blasphemer 偽りの恋の旋律/神を冒涜する少女",0,7,0,7,1,0.645669564933313,0.822834782466656,1,0.354330435066687,0.920040873360553,0.730470837927101,0.997488688736488,0.535703506847418,0.464296493152582,0.267017850809387,-0.0799591266394466,0.0799591266394466,-7.99591266394466,211,852,422,-211
4027120,"Farmer Fowl's Farmhouse",0,7,0,7,1,0.645669564933313,0.822834782466656,1,0.354330435066687,0.920040873360553,0.730470837927101,0.997488688736488,0.535703506847418,0.464296493152582,0.267017850809387,-0.0799591266394466,0.0799591266394466,-7.99591266394466,212,853,423,-211
4092400,"Humerous (REBOOT)",0,7,0,7,1,0.645669564933313,0.822834782466656,1,0.354330435066687,0.920040873360553,0.730470837927101,0.997488688736488,0.535703506847418,0.464296493152582,0.267017850809387,-0.0799591266394466,0.0799591266394466,-7.99591266394466,213,854,424,-211
4101050,"Retail Therapy",0,7,0,7,1,0.645669564933313,0.822834782466656,1,0.354330435066687,0.920040873360553,0.730470837927101,0.997488688736488,0.535703506847418,0.464296493152582,0.267017850809387,-0.0799591266394466,0.0799591266394466,-7.99591266394466,214,855,425,-211
4139030,"发现时代 Age Of Discovery",0,7,0,7,1,0.645669564933313,0.822834782466656,1,0.354330435066687,0.920040873360553,0.730470837927101,0.997488688736488,0.535703506847418,0.464296493152582,0.267017850809387,-0.0799591266394466,0.0799591266394466,-7.99591266394466,215,856,426,-211
4193830,"Robot Space Frenzy",0,7,0,7,1,0.645669564933313,0.822834782466656,1,0.354330435066687,0.920040873360553,0.730470837927101,0.997488688736488,0.535703506847418,0.464296493152582,0.267017850809387,-0.0799591266394466,0.0799591266394466,-7.99591266394466,216,857,427,-211
4224640,"Vらいふ",0,7,0,7,1,0.645669564933313,0.822834782466656,1,0.354330435066687,0.920040873360553,0.730470837927101,0.997488688736488,0.535703506847418,0.464296493152582,0.267017850809387,-0.0799591266394466,0.0799591266394466,-7.99591266394466,217,858,428,-211
1033380,"Skate & Date",0,8,0,8,1,0.67559243511612,0.83779621755806,1,0.32440756488388,0.925725065222174,0.748273816826629,0.99768099293825,0.568709749645159,0.431290250354841,0.249407176111621,-0.0742749347778259,0.0742749347778259,-7.42749347778259,174,755,367,-193
2334690,"Detective Malinowski The Truth Will Be Revealed",0,8,0,8,1,0.67559243511612,0.83779621755806,1,0.32440756488388,0.925725065222174,0.748273816826629,0.99768099293825,0.568709749645159,0.431290250354841,0.249407176111621,-0.0742749347778259,0.0742749347778259,-7.42749347778259,175,756,368,-193
2978460,"HARD VOID",0,8,0,8,1,0.67559243511612,0.83779621755806,1,0.32440756488388,0.925725065222174,0.748273816826629,0.99768099293825,0.568709749645159,0.431290250354841,0.249407176111621,-0.0742749347778259,0.0742749347778259,-7.42749347778259,176,757,369,-193
3061370,"Manga Ninja 漫画忍者",0,8,0,8,1,0.67559243511612,0.83779621755806,1,0.32440756488388,0.925725065222174,0.748273816826629,0.99768099293825,0.568709749645159,0.431290250354841,0.249407176111621,-0.0742749347778259,0.0742749347778259,-7.42749347778259,177,758,370,-193
3185230,"Quest of the Hero",0,8,0,8,1,0.67559243511612,0.83779621755806,1,0.32440756488388,0.925725065222174,0.748273816826629,0.99768099293825,0.568709749645159,0.431290250354841,0.249407176111621,-0.0742749347778259,0.0742749347778259,-7.42749347778259,178,759,371,-193
3374840,"Piss Off",0,8,0,8,1,0.67559243511612,0.83779621755806,1,0.32440756488388,0.925725065222174,0.748273816826629,0.99768099293825,0.568709749645159,0.431290250354841,0.249407176111621,-0.0742749347778259,0.0742749347778259,-7.42749347778259,179,760,372,-193
3441000,"Ardena",0,8,0,8,1,0.67559243511612,0.83779621755806,1,0.32440756488388,0.925725065222174,0.748273816826629,0.99768099293825,0.568709749645159,0.431290250354841,0.249407176111621,-0.0742749347778259,0.0742749347778259,-7.42749347778259,180,761,373,-193
3579010,"JAIL DICE: Roll to Break",0,8,0,8,1,0.67559243511612,0.83779621755806,1,0.32440756488388,0.925725065222174,0.748273816826629,0.99768099293825,0.568709749645159,0.431290250354841,0.249407176111621,-0.0742749347778259,0.0742749347778259,-7.42749347778259,181,762,374,-193
3704520,"Now Loading",0,8,0,8,1,0.67559243511612,0.83779621755806,1,0.32440756488388,0.925725065222174,0.748273816826629,0.99768099293825,0.568709749645159,0.431290250354841,0.249407176111621,-0.0742749347778259,0.0742749347778259,-7.42749347778259,182,763,375,-193
3749880,"NeverHome Ch.2 - Tower of Vanity",0,8,0,8,1,0.67559243511612,0.83779621755806,1,0.32440756488388,0.925725065222174,0.748273816826629,0.99768099293825,0.568709749645159,0.431290250354841,0.249407176111621,-0.0742749347778259,0.0742749347778259,-7.42749347778259,183,764,376,-193
3760620,"Revolver Gambit",0,8,0,8,1,0.67559243511612,0.83779621755806,1,0.32440756488388,0.925725065222174,0.748273816826629,0.99768099293825,0.568709749645159,0.431290250354841,0.249407176111621,-0.0742749347778259,0.0742749347778259,-7.42749347778259,184,765,377,-193
3842380,"漂流、のち、座礁",0,8,0,8,1,0.67559243511612,0.83779621755806,1,0.32440756488388,0.925725065222174,0.748273816826629,0.99768099293825,0.568709749645159,0.431290250354841,0.249407176111621,-0.0742749347778259,0.0742749347778259,-7.42749347778259,185,766,378,-193
4121010,"Locum Tenens",0,8,0,8,1,0.67559243511612,0.83779621755806,1,0.32440756488388,0.925725065222174,0.748273816826629,0.99768099293825,0.568709749645159,0.431290250354841,0.249407176111621,-0.0742749347778259,0.0742749347778259,-7.42749347778259,186,767,379,-193
2296120,"Dreadstone Keep",0,9,0,9,1,0.700854951580456,0.850427475790228,1,0.299145048419544,0.930654731507598,0.763886321497756,0.997845939982778,0.597334709233019,0.40266529076698,0.233959618485022,-0.0693452684924021,0.0693452684924021,-6.93452684924021,161,699,329,-168
2621760,"Checkout Blitz: The Shopping Dead",0,9,0,9,1,0.700854951580456,0.850427475790228,1,0.299145048419544,0.930654731507598,0.763886321497756,0.997845939982778,0.597334709233019,0.40266529076698,0.233959618485022,-0.0693452684924021,0.0693452684924021,-6.93452684924021,162,700,330,-168
2865380,"Scott Whiskers: the Search for the Golden Cat",0,9,0,9,1,0.700854951580456,0.850427475790228,1,0.299145048419544,0.930654731507598,0.763886321497756,0.997845939982778,0.597334709233019,0.40266529076698,0.233959618485022,-0.0693452684924021,0.0693452684924021,-6.93452684924021,163,701,331,-168
2924080,"The Mnemograph",0,9,0,9,1,0.700854951580456,0.850427475790228,1,0.299145048419544,0.930654731507598,0.763886321497756,0.997845939982778,0.597334709233019,0.40266529076698,0.233959618485022,-0.0693452684924021,0.0693452684924021,-6.93452684924021,164,702,332,-168
2986340,"Flood",0,9,0,9,1,0.700854951580456,0.850427475790228,1,0.299145048419544,0.930654731507598,0.763886321497756,0.997845939982778,0.597334709233019,0.40266529076698,0.233959618485022,-0.0693452684924021,0.0693452684924021,-6.93452684924021,165,703,333,-168
3499270,"An Imp and an Impostor",0,9,0,9,1,0.700854951580456,0.850427475790228,1,0.299145048419544,0.930654731507598,0.763886321497756,0.997845939982778,0.597334709233019,0.40266529076698,0.233959618485022,-0.0693452684924021,0.0693452684924021,-6.93452684924021,166,704,334,-168
3607380,"A Bottled Up Island",0,9,0,9,1,0.700854951580456,0.850427475790228,1,0.299145048419544,0.930654731507598,0.763886321497756,0.997845939982778,0.597334709233019,0.40266529076698,0.233959618485022,-0.0693452684924021,0.0693452684924021,-6.93452684924021,167,705,335,-168
3686450,"John Parkour",0,9,0,9,1,0.700854951580456,0.850427475790228,1,0.299145048419544,0.930654731507598,0.763886321497756,0.997845939982778,0.597334709233019,0.40266529076698,0.233959618485022,-0.0693452684924021,0.0693452684924021,-6.93452684924021,168,706,336,-168
3837210,"The PipeTuber's Guide to the Solar System",0,9,0,9,1,0.700854951580456,0.850427475790228,1,0.299145048419544,0.930654731507598,0.763886321497756,0.997845939982778,0.597334709233019,0.40266529076698,0.233959618485022,-0.0693452684924021,0.0693452684924021,-6.93452684924021,169,707,337,-168
3837230,"Codename: Black Crow",0,9,0,9,1,0.700854951580456,0.850427475790228,1,0.299145048419544,0.930654731507598,0.763886321497756,0.997845939982778,0.597334709233019,0.40266529076698,0.233959618485022,-0.0693452684924021,0.0693452684924021,-6.93452684924021,170,708,338,-168
3926040,"Deskcat",0,9,0,9,1,0.700854951580456,0.850427475790228,1,0.299145048419544,0.930654731507598,0.763886321497756,0.997845939982778,0.597334709233019,0.40266529076698,0.233959618485022,-0.0693452684924021,0.0693452684924021,-6.93452684924021,171,709,339,-168
4182560,"Marble Odyssey: Sandbox",0,9,0,9,1,0.700854951580456,0.850427475790228,1,0.299145048419544,0.930654731507598,0.763886321497756,0.997845939982778,0.597334709233019,0.40266529076698,0.233959618485022,-0.0693452684924021,0.0693452684924021,-6.93452684924021,172,710,340,-168
4216090,"Clash of Peaks: Dynasty in Your Grasp",0,9,0,9,1,0.700854951580456,0.850427475790228,1,0.299145048419544,0.930654731507598,0.763886321497756,0.997845939982778,0.597334709233019,0.40266529076698,0.233959618485022,-0.0693452684924021,0.0693452684924021,-6.93452684924021,173,711,341,-168
1715860,"Fight.EXE",0,10,0,10,1,0.722467200137111,0.861233600068555,1,0.277532799862889,0.934970756429782,0.777686418312525,0.997988980033724,0.622396454151338,0.377603545848662,0.220302561721199,-0.0650292435702178,0.0650292435702178,-6.50292435702178,144,624,289,-145
2436660,"Splatterbot",0,10,0,10,1,0.722467200137111,0.861233600068555,1,0.277532799862889,0.934970756429782,0.777686418312525,0.997988980033724,0.622396454151338,0.377603545848662,0.220302561721199,-0.0650292435702178,0.0650292435702178,-6.50292435702178,145,625,290,-145
2560730,"SauceLore",0,10,0,10,1,0.722467200137111,0.861233600068555,1,0.277532799862889,0.934970756429782,0.777686418312525,0.997988980033724,0.622396454151338,0.377603545848662,0.220302561721199,-0.0650292435702178,0.0650292435702178,-6.50292435702178,146,626,291,-145
2908830,"Toni Island Adventure",0,10,0,10,1,0.722467200137111,0.861233600068555,1,0.277532799862889,0.934970756429782,0.777686418312525,0.997988980033724,0.622396454151338,0.377603545848662,0.220302561721199,-0.0650292435702178,0.0650292435702178,-6.50292435702178,147,627,292,-145
3243410,"The Forbidden Flask",0,10,0,10,1,0.722467200137111,0.861233600068555,1,0.277532799862889,0.934970756429782,0.777686418312525,0.997988980033724,0.622396454151338,0.377603545848662,0.220302561721199,-0.0650292435702178,0.0650292435702178,-6.50292435702178,148,628,293,-145
3330420,"Elohim Eternal II: Son of Man",0,10,0,10,1,0.722467200137111,0.861233600068555,1,0.277532799862889,0.934970756429782,0.777686418312525,0.997988980033724,0.622396454151338,0.377603545848662,0.220302561721199,-0.0650292435702178,0.0650292435702178,-6.50292435702178,149,629,294,-145
3481800,"SUPER SHAPESHOOTER",0,10,0,10,1,0.722467200137111,0.861233600068555,1,0.277532799862889,0.934970756429782,0.777686418312525,0.997988980033724,0.622396454151338,0.377603545848662,0.220302561721199,-0.0650292435702178,0.0650292435702178,-6.50292435702178,150,630,295,-145
3604520,"The Mare Show",0,10,0,10,1,0.722467200137111,0.861233600068555,1,0.277532799862889,0.934970756429782,0.777686418312525,0.997988980033724,0.622396454151338,0.377603545848662,0.220302561721199,-0.0650292435702178,0.0650292435702178,-6.50292435702178,151,631,296,-145
3715440,"Joe and the Lost Pixels",0,10,0,10,1,0.722467200137111,0.861233600068555,1,0.277532799862889,0.934970756429782,0.777686418312525,0.997988980033724,0.622396454151338,0.377603545848662,0.220302561721199,-0.0650292435702178,0.0650292435702178,-6.50292435702178,152,632,297,-145
3739960,"Retro Racing 2",0,10,0,10,1,0.722467200137111,0.861233600068555,1,0.277532799862889,0.934970756429782,0.777686418312525,0.997988980033724,0.622396454151338,0.377603545848662,0.220302561721199,-0.0650292435702178,0.0650292435702178,-6.50292435702178,153,633,298,-145
3746510,"3D PUZZLE - Mountain Life",0,10,0,10,1,0.722467200137111,0.861233600068555,1,0.277532799862889,0.934970756429782,0.777686418312525,0.997988980033724,0.622396454151338,0.377603545848662,0.220302561721199,-0.0650292435702178,0.0650292435702178,-6.50292435702178,154,634,299,-145
3902710,"One Rotten Oath",0,10,0,10,1,0.722467200137111,0.861233600068555,1,0.277532799862889,0.934970756429782,0.777686418312525,0.997988980033724,0.622396454151338,0.377603545848662,0.220302561721199,-0.0650292435702178,0.0650292435702178,-6.50292435702178,155,635,300,-145
3984440,"Beguile",0,10,0,10,1,0.722467200137111,0.861233600068555,1,0.277532799862889,0.934970756429782,0.777686418312525,0.997988980033724,0.622396454151338,0.377603545848662,0.220302561721199,-0.0650292435702178,0.0650292435702178,-6.50292435702178,156,636,301,-145
4001620,"Pondemonium",0,10,0,10,1,0.722467200137111,0.861233600068555,1,0.277532799862889,0.934970756429782,0.777686418312525,0.997988980033724,0.622396454151338,0.377603545848662,0.220302561721199,-0.0650292435702178,0.0650292435702178,-6.50292435702178,157,637,302,-145
4022550,"Sammy The Sharky",0,10,0,10,1,0.722467200137111,0.861233600068555,1,0.277532799862889,0.934970756429782,0.777686418312525,0.997988980033724,0.622396454151338,0.377603545848662,0.220302561721199,-0.0650292435702178,0.0650292435702178,-6.50292435702178,158,638,303,-145
4093550,"熵减协议-The Entropy Directive",0,10,0,10,1,0.722467200137111,0.861233600068555,1,0.277532799862889,0.934970756429782,0.777686418312525,0.997988980033724,0.622396454151338,0.377603545848662,0.220302561721199,-0.0650292435702178,0.0650292435702178,-6.50292435702178,159,639,304,-145
4109440,"It's Not You, It's M.E",0,10,0,10,1,0.722467200137111,0.861233600068555,1,0.277532799862889,0.934970756429782,0.777686418312525,0.997988980033724,0.622396454151338,0.377603545848662,0.220302561721199,-0.0650292435702178,0.0650292435702178,-6.50292435702178,160,640,305,-145
2070860,"Esophaguys",0,11,0,11,1,0.741167033031968,0.870583516515984,1,0.258832966968032,0.938781004972937,0.789970527437453,0.998114205660352,0.644521321079962,0.355478678920038,0.208143678222899,-0.0612189950270625,0.0612189950270625,-6.12189950270625,131,573,260,-129
2248170,"DRINK HUMAN BEANS",0,11,0,11,1,0.741167033031968,0.870583516515984,1,0.258832966968032,0.938781004972937,0.789970527437453,0.998114205660352,0.644521321079962,0.355478678920038,0.208143678222899,-0.0612189950270625,0.0612189950270625,-6.12189950270625,132,574,261,-129
3421330,"There's No Cake",0,11,0,11,1,0.741167033031968,0.870583516515984,1,0.258832966968032,0.938781004972937,0.789970527437453,0.998114205660352,0.644521321079962,0.355478678920038,0.208143678222899,-0.0612189950270625,0.0612189950270625,-6.12189950270625,133,575,262,-129
3458600,"NINDO Guardian of the Starlit Shadow",0,11,0,11,1,0.741167033031968,0.870583516515984,1,0.258832966968032,0.938781004972937,0.789970527437453,0.998114205660352,0.644521321079962,0.355478678920038,0.208143678222899,-0.0612189950270625,0.0612189950270625,-6.12189950270625,134,576,263,-129
3618060,"Astro Busters",0,11,0,11,1,0.741167033031968,0.870583516515984,1,0.258832966968032,0.938781004972937,0.789970527437453,0.998114205660352,0.644521321079962,0.355478678920038,0.208143678222899,-0.0612189950270625,0.0612189950270625,-6.12189950270625,135,577,264,-129
3658230,"MAGEYE",0,11,0,11,1,0.741167033031968,0.870583516515984,1,0.258832966968032,0.938781004972937,0.789970527437453,0.998114205660352,0.644521321079962,0.355478678920038,0.208143678222899,-0.0612189950270625,0.0612189950270625,-6.12189950270625,136,578,265,-129
3679570,"Screen Greens",0,11,0,11,1,0.741167033031968,0.870583516515984,1,0.258832966968032,0.938781004972937,0.789970527437453,0.998114205660352,0.644521321079962,0.355478678920038,0.208143678222899,-0.0612189950270625,0.0612189950270625,-6.12189950270625,137,579,266,-129
3844180,"A Wild Last Boss Appeared! ~Black-Winged Survivor~",0,11,0,11,1,0.741167033031968,0.870583516515984,1,0.258832966968032,0.938781004972937,0.789970527437453,0.998114205660352,0.644521321079962,0.355478678920038,0.208143678222899,-0.0612189950270625,0.0612189950270625,-6.12189950270625,138,580,267,-129
3935420,"Hotdangle",0,11,0,11,1,0.741167033031968,0.870583516515984,1,0.258832966968032,0.938781004972937,0.789970527437453,0.998114205660352,0.644521321079962,0.355478678920038,0.208143678222899,-0.0612189950270625,0.0612189950270625,-6.12189950270625,139,581,268,-129
3936890,"Saving Princess Of Mars",0,11,0,11,1,0.741167033031968,0.870583516515984,1,0.258832966968032,0.938781004972937,0.789970527437453,0.998114205660352,0.644521321079962,0.355478678920038,0.208143678222899,-0.0612189950270625,0.0612189950270625,-6.12189950270625,140,582,269,-129
4171420,"Circuit Overload",0,11,0,11,1,0.741167033031968,0.870583516515984,1,0.258832966968032,0.938781004972937,0.789970527437453,0.998114205660352,0.644521321079962,0.355478678920038,0.208143678222899,-0.0612189950270625,0.0612189950270625,-6.12189950270625,141,583,270,-129
4227580,"Field Pong: Gamesforfarm",0,11,0,11,1,0.741167033031968,0.870583516515984,1,0.258832966968032,0.938781004972937,0.789970527437453,0.998114205660352,0.644521321079962,0.355478678920038,0.208143678222899,-0.0612189950270625,0.0612189950270625,-6.12189950270625,142,584,271,-129
4241940,"Sundered Soul: Chains of the Undying",0,11,0,11,1,0.741167033031968,0.870583516515984,1,0.258832966968032,0.938781004972937,0.789970527437453,0.998114205660352,0.644521321079962,0.355478678920038,0.208143678222899,-0.0612189950270625,0.0612189950270625,-6.12189950270625,143,585,272,-129
2316640,"Light On",0,12,0,12,1,0.757505993344759,0.87875299667238,1,0.242494006655241,0.942169460922484,0.800974166896997,0.998224749770572,0.664196976389084,0.335803023610916,0.197250582873575,-0.0578305390775165,0.0578305390775165,-5.78305390775165,114,532,235,-121
2522290,"Bridge Hunter",0,12,0,12,1,0.757505993344759,0.87875299667238,1,0.242494006655241,0.942169460922484,0.800974166896997,0.998224749770572,0.664196976389084,0.335803023610916,0.197250582873575,-0.0578305390775165,0.0578305390775165,-5.78305390775165,115,533,236,-121
3181260,"Catolonizer",0,12,0,12,1,0.757505993344759,0.87875299667238,1,0.242494006655241,0.942169460922484,0.800974166896997,0.998224749770572,0.664196976389084,0.335803023610916,0.197250582873575,-0.0578305390775165,0.0578305390775165,-5.78305390775165,116,534,237,-121
3222920,"Interior Tales",0,12,0,12,1,0.757505993344759,0.87875299667238,1,0.242494006655241,0.942169460922484,0.800974166896997,0.998224749770572,0.664196976389084,0.335803023610916,0.197250582873575,-0.0578305390775165,0.0578305390775165,-5.78305390775165,117,535,238,-121
3282260,"Marble Quest",0,12,0,12,1,0.757505993344759,0.87875299667238,1,0.242494006655241,0.942169460922484,0.800974166896997,0.998224749770572,0.664196976389084,0.335803023610916,0.197250582873575,-0.0578305390775165,0.0578305390775165,-5.78305390775165,118,536,239,-121
3363570,"Symphorix",0,12,0,12,1,0.757505993344759,0.87875299667238,1,0.242494006655241,0.942169460922484,0.800974166896997,0.998224749770572,0.664196976389084,0.335803023610916,0.197250582873575,-0.0578305390775165,0.0578305390775165,-5.78305390775165,119,537,240,-121
3701370,"Cook for Me Grandpa!",0,12,0,12,1,0.757505993344759,0.87875299667238,1,0.242494006655241,0.942169460922484,0.800974166896997,0.998224749770572,0.664196976389084,0.335803023610916,0.197250582873575,-0.0578305390775165,0.0578305390775165,-5.78305390775165,120,538,241,-121
3727130,"MADHOUSE",0,12,0,12,1,0.757505993344759,0.87875299667238,1,0.242494006655241,0.942169460922484,0.800974166896997,0.998224749770572,0.664196976389084,0.335803023610916,0.197250582873575,-0.0578305390775165,0.0578305390775165,-5.78305390775165,121,539,242,-121
3744300,"SkateRPG",0,12,0,12,1,0.757505993344759,0.87875299667238,1,0.242494006655241,0.942169460922484,0.800974166896997,0.998224749770572,0.664196976389084,0.335803023610916,0.197250582873575,-0.0578305390775165,0.0578305390775165,-5.78305390775165,122,540,243,-121
3829350,"Vribyss Refuge<U+2122> Metamorphosis",0,12,0,12,1,0.757505993344759,0.87875299667238,1,0.242494006655241,0.942169460922484,0.800974166896997,0.998224749770572,0.664196976389084,0.335803023610916,0.197250582873575,-0.0578305390775165,0.0578305390775165,-5.78305390775165,123,541,244,-121
3848660,"Perception: Heart and Mind",0,12,0,12,1,0.757505993344759,0.87875299667238,1,0.242494006655241,0.942169460922484,0.800974166896997,0.998224749770572,0.664196976389084,0.335803023610916,0.197250582873575,-0.0578305390775165,0.0578305390775165,-5.78305390775165,124,542,245,-121
3852230,"Path of the Bogatyr",0,12,0,12,1,0.757505993344759,0.87875299667238,1,0.242494006655241,0.942169460922484,0.800974166896997,0.998224749770572,0.664196976389084,0.335803023610916,0.197250582873575,-0.0578305390775165,0.0578305390775165,-5.78305390775165,125,543,246,-121
3854270,"Midnight Murder Maze",0,12,0,12,1,0.757505993344759,0.87875299667238,1,0.242494006655241,0.942169460922484,0.800974166896997,0.998224749770572,0.664196976389084,0.335803023610916,0.197250582873575,-0.0578305390775165,0.0578305390775165,-5.78305390775165,126,544,247,-121
3882780,"Dead On Duty",0,12,0,12,1,0.757505993344759,0.87875299667238,1,0.242494006655241,0.942169460922484,0.800974166896997,0.998224749770572,0.664196976389084,0.335803023610916,0.197250582873575,-0.0578305390775165,0.0578305390775165,-5.78305390775165,127,545,248,-121
3902220,"黒歴史ファイターズ",0,12,0,12,1,0.757505993344759,0.87875299667238,1,0.242494006655241,0.942169460922484,0.800974166896997,0.998224749770572,0.664196976389084,0.335803023610916,0.197250582873575,-0.0578305390775165,0.0578305390775165,-5.78305390775165,128,546,249,-121
3955050,"Shadow President",0,12,0,12,1,0.757505993344759,0.87875299667238,1,0.242494006655241,0.942169460922484,0.800974166896997,0.998224749770572,0.664196976389084,0.335803023610916,0.197250582873575,-0.0578305390775165,0.0578305390775165,-5.78305390775165,129,547,250,-121
4004380,"Fridge",0,12,0,12,1,0.757505993344759,0.87875299667238,1,0.242494006655241,0.942169460922484,0.800974166896997,0.998224749770572,0.664196976389084,0.335803023610916,0.197250582873575,-0.0578305390775165,0.0578305390775165,-5.78305390775165,130,548,251,-121
3924300,"Find Kitties: Zombie Hunter",0,19,1,20,0.95,0.763868806553258,0.877493678876231,0.991118551199205,0.227249744645947,0.921555000530419,0.794290965354842,0.989608699565364,0.76725568840929,0.23274431159071,0.195317734210523,-0.0284449994695808,0.0284449994695808,-2.84449994695808,963,513,390,573
4105120,"[omni-dissonance]",0,19,1,20,0.95,0.763868806553258,0.877493678876231,0.991118551199205,0.227249744645947,0.921555000530419,0.794290965354842,0.989608699565364,0.76725568840929,0.23274431159071,0.195317734210523,-0.0284449994695808,0.0284449994695808,-2.84449994695808,964,514,391,573
1935330,"SOPA - Tale of the Stolen Potato",0,13,0,13,1,0.771904627645802,0.885952313822901,1,0.228095372354198,0.945202489330826,0.81088672917826,0.9983230513247,0.681808780229511,0.318191219770489,0.18743632214644,-0.0547975106691736,0.0547975106691736,-5.47975106691736,103,487,208,-105
2920010,"Comet Angel",0,13,0,13,1,0.771904627645802,0.885952313822901,1,0.228095372354198,0.945202489330826,0.81088672917826,0.9983230513247,0.681808780229511,0.318191219770489,0.18743632214644,-0.0547975106691736,0.0547975106691736,-5.47975106691736,104,488,209,-105
3273740,"Abyss Chaser",0,13,0,13,1,0.771904627645802,0.885952313822901,1,0.228095372354198,0.945202489330826,0.81088672917826,0.9983230513247,0.681808780229511,0.318191219770489,0.18743632214644,-0.0547975106691736,0.0547975106691736,-5.47975106691736,105,489,210,-105
3276960,"Sorcery Slam",0,13,0,13,1,0.771904627645802,0.885952313822901,1,0.228095372354198,0.945202489330826,0.81088672917826,0.9983230513247,0.681808780229511,0.318191219770489,0.18743632214644,-0.0547975106691736,0.0547975106691736,-5.47975106691736,106,490,211,-105
3308220,"Galatico",0,13,0,13,1,0.771904627645802,0.885952313822901,1,0.228095372354198,0.945202489330826,0.81088672917826,0.9983230513247,0.681808780229511,0.318191219770489,0.18743632214644,-0.0547975106691736,0.0547975106691736,-5.47975106691736,107,491,212,-105
3629840,"Blast Rush LS",0,13,0,13,1,0.771904627645802,0.885952313822901,1,0.228095372354198,0.945202489330826,0.81088672917826,0.9983230513247,0.681808780229511,0.318191219770489,0.18743632214644,-0.0547975106691736,0.0547975106691736,-5.47975106691736,108,492,213,-105
3685030,"Neon Strike",0,13,0,13,1,0.771904627645802,0.885952313822901,1,0.228095372354198,0.945202489330826,0.81088672917826,0.9983230513247,0.681808780229511,0.318191219770489,0.18743632214644,-0.0547975106691736,0.0547975106691736,-5.47975106691736,109,493,214,-105
3690420,"Dreaming in Cherry Blossoms, I Fall in Love with You",0,13,0,13,1,0.771904627645802,0.885952313822901,1,0.228095372354198,0.945202489330826,0.81088672917826,0.9983230513247,0.681808780229511,0.318191219770489,0.18743632214644,-0.0547975106691736,0.0547975106691736,-5.47975106691736,110,494,215,-105
3817720,"Genki Break!",0,13,0,13,1,0.771904627645802,0.885952313822901,1,0.228095372354198,0.945202489330826,0.81088672917826,0.9983230513247,0.681808780229511,0.318191219770489,0.18743632214644,-0.0547975106691736,0.0547975106691736,-5.47975106691736,111,495,216,-105
3871740,"Behind You",1,13,0,13,1,0.771904627645802,0.885952313822901,1,0.228095372354198,0.945202489330826,0.81088672917826,0.9983230513247,0.681808780229511,0.318191219770489,0.18743632214644,-0.0547975106691736,0.0547975106691736,-5.47975106691736,112,496,217,-105
4229050,"Error: Girlfriend Not Found",0,13,0,13,1,0.771904627645802,0.885952313822901,1,0.228095372354198,0.945202489330826,0.81088672917826,0.9983230513247,0.681808780229511,0.318191219770489,0.18743632214644,-0.0547975106691736,0.0547975106691736,-5.47975106691736,113,497,218,-105
1968180,"DIGGERGUN",0,20,1,21,0.952380952380952,0.773306399258774,0.882425205724474,0.991544012190174,0.218237612931399,0.924453186644817,0.801493104957511,0.990013635223272,0.775854532651986,0.224145467348014,0.188520530265761,-0.0279277657361352,0.0279277657361352,-2.79277657361352,948,485,380,568
2393510,"Master of Luna",0,20,1,21,0.952380952380952,0.773306399258774,0.882425205724474,0.991544012190174,0.218237612931399,0.924453186644817,0.801493104957511,0.990013635223272,0.775854532651986,0.224145467348014,0.188520530265761,-0.0279277657361352,0.0279277657361352,-2.79277657361352,949,486,381,568
3294020,"Contra Spem Spero",0,21,1,22,0.954545454545455,0.782019541613427,0.886975056996082,0.991930572378736,0.209911030765309,0.927144853117935,0.808209773575345,0.990388188953989,0.783840638389173,0.216159361610827,0.182178415378644,-0.0274006014275195,0.0274006014275195,-2.74006014275195,942,471,358,584
3687580,"Strength In Numbers",0,21,1,22,0.954545454545455,0.782019541613427,0.886975056996082,0.991930572378736,0.209911030765309,0.927144853117935,0.808209773575345,0.990388188953989,0.783840638389173,0.216159361610827,0.182178415378644,-0.0274006014275195,0.0274006014275195,-2.74006014275195,943,472,359,584
2359270,"Bravest Chicken",0,14,0,14,1,0.784689197262364,0.892344598631182,1,0.215310802737636,0.947933226509594,0.819862183909706,0.998411037394891,0.69766527778157,0.30233472221843,0.178548853485185,-0.0520667734904059,0.0520667734904059,-5.20667734904059,93,460,188,-95
2359390,"Just Climb",0,14,0,14,1,0.784689197262364,0.892344598631182,1,0.215310802737636,0.947933226509594,0.819862183909706,0.998411037394891,0.69766527778157,0.30233472221843,0.178548853485185,-0.0520667734904059,0.0520667734904059,-5.20667734904059,94,461,189,-95
2912770,"Silver Daze",0,14,0,14,1,0.784689197262364,0.892344598631182,1,0.215310802737636,0.947933226509594,0.819862183909706,0.998411037394891,0.69766527778157,0.30233472221843,0.178548853485185,-0.0520667734904059,0.0520667734904059,-5.20667734904059,95,462,190,-95
3477080,"Tree Kingdoms",0,14,0,14,1,0.784689197262364,0.892344598631182,1,0.215310802737636,0.947933226509594,0.819862183909706,0.998411037394891,0.69766527778157,0.30233472221843,0.178548853485185,-0.0520667734904059,0.0520667734904059,-5.20667734904059,96,463,191,-95
3708530,"Flowerdrops",0,14,0,14,1,0.784689197262364,0.892344598631182,1,0.215310802737636,0.947933226509594,0.819862183909706,0.998411037394891,0.69766527778157,0.30233472221843,0.178548853485185,-0.0520667734904059,0.0520667734904059,-5.20667734904059,97,464,192,-95
3797830,"Egglings",0,14,0,14,1,0.784689197262364,0.892344598631182,1,0.215310802737636,0.947933226509594,0.819862183909706,0.998411037394891,0.69766527778157,0.30233472221843,0.178548853485185,-0.0520667734904059,0.0520667734904059,-5.20667734904059,98,465,193,-95
3869460,"GluMe",0,14,0,14,1,0.784689197262364,0.892344598631182,1,0.215310802737636,0.947933226509594,0.819862183909706,0.998411037394891,0.69766527778157,0.30233472221843,0.178548853485185,-0.0520667734904059,0.0520667734904059,-5.20667734904059,99,466,194,-95
3907270,"勇者モナナナは最初の洞窟が抜けられない",0,14,0,14,1,0.784689197262364,0.892344598631182,1,0.215310802737636,0.947933226509594,0.819862183909706,0.998411037394891,0.69766527778157,0.30233472221843,0.178548853485185,-0.0520667734904059,0.0520667734904059,-5.20667734904059,100,467,195,-95
4027680,"CoThrust",0,14,0,14,1,0.784689197262364,0.892344598631182,1,0.215310802737636,0.947933226509594,0.819862183909706,0.998411037394891,0.69766527778157,0.30233472221843,0.178548853485185,-0.0520667734904059,0.0520667734904059,-5.20667734904059,101,468,196,-95
4038680,"ARTDINK GAME LOG: Tail of the Sun",0,14,0,14,1,0.784689197262364,0.892344598631182,1,0.215310802737636,0.947933226509594,0.819862183909706,0.998411037394891,0.69766527778157,0.30233472221843,0.178548853485185,-0.0520667734904059,0.0520667734904059,-5.20667734904059,102,469,197,-95
2651090,"Super Stream-Bara",0,22,1,23,0.956521739130435,0.790088449297411,0.891185891576979,0.992283333856547,0.202194884559135,0.929651314857566,0.814488274524097,0.990735657018478,0.791277246408338,0.208722753591662,0.176247382494381,-0.0268704242728687,0.0268704242728687,-2.68704242728687,929,443,347,582
3168400,"Awaken Infinity",0,22,1,23,0.956521739130435,0.790088449297411,0.891185891576979,0.992283333856547,0.202194884559135,0.929651314857566,0.814488274524097,0.990735657018478,0.791277246408338,0.208722753591662,0.176247382494381,-0.0268704242728687,0.0268704242728687,-2.68704242728687,930,444,348,582
3637770,"Hate You",0,22,1,23,0.956521739130435,0.790088449297411,0.891185891576979,0.992283333856547,0.202194884559135,0.929651314857566,0.814488274524097,0.990735657018478,0.791277246408338,0.208722753591662,0.176247382494381,-0.0268704242728687,0.0268704242728687,-2.68704242728687,931,445,349,582
4017210,"Hidden Pets: 101 Cats in Vietnam",0,22,1,23,0.956521739130435,0.790088449297411,0.891185891576979,0.992283333856547,0.202194884559135,0.929651314857566,0.814488274524097,0.990735657018478,0.791277246408338,0.208722753591662,0.176247382494381,-0.0268704242728687,0.0268704242728687,-2.68704242728687,932,446,350,582
4203690,"思い出せ！更生日記女苑ちゃん！！",0,22,1,23,0.956521739130435,0.790088449297411,0.891185891576979,0.992283333856547,0.202194884559135,0.929651314857566,0.814488274524097,0.990735657018478,0.791277246408338,0.208722753591662,0.176247382494381,-0.0268704242728687,0.0268704242728687,-2.68704242728687,933,447,351,582
1517560,"Droplet: States of Matter",0,15,0,15,1,0.796116698964151,0.898058349482076,1,0.203883301035849,0.950404719723233,0.828026949892693,0.998490250764892,0.712016430428814,0.287983569571186,0.170463300872199,-0.049595280276767,0.049595280276767,-4.9595280276767,84,431,168,-84
2377720,"Super Power Racing",0,15,0,15,1,0.796116698964151,0.898058349482076,1,0.203883301035849,0.950404719723233,0.828026949892693,0.998490250764892,0.712016430428814,0.287983569571186,0.170463300872199,-0.049595280276767,0.049595280276767,-4.9595280276767,85,432,169,-84
2488250,"Ploko",0,15,0,15,1,0.796116698964151,0.898058349482076,1,0.203883301035849,0.950404719723233,0.828026949892693,0.998490250764892,0.712016430428814,0.287983569571186,0.170463300872199,-0.049595280276767,0.049595280276767,-4.9595280276767,86,433,170,-84
2653120,"Donna: The Canine Quest",0,15,0,15,1,0.796116698964151,0.898058349482076,1,0.203883301035849,0.950404719723233,0.828026949892693,0.998490250764892,0.712016430428814,0.287983569571186,0.170463300872199,-0.049595280276767,0.049595280276767,-4.9595280276767,87,434,171,-84
3185010,"Hounimal",0,15,0,15,1,0.796116698964151,0.898058349482076,1,0.203883301035849,0.950404719723233,0.828026949892693,0.998490250764892,0.712016430428814,0.287983569571186,0.170463300872199,-0.049595280276767,0.049595280276767,-4.9595280276767,88,435,172,-84
3391200,"Snowman Mo",0,15,0,15,1,0.796116698964151,0.898058349482076,1,0.203883301035849,0.950404719723233,0.828026949892693,0.998490250764892,0.712016430428814,0.287983569571186,0.170463300872199,-0.049595280276767,0.049595280276767,-4.9595280276767,89,436,173,-84
3474140,"Azmar Quest - Text Based RPG",0,15,0,15,1,0.796116698964151,0.898058349482076,1,0.203883301035849,0.950404719723233,0.828026949892693,0.998490250764892,0.712016430428814,0.287983569571186,0.170463300872199,-0.049595280276767,0.049595280276767,-4.9595280276767,90,437,174,-84
3605550,"Potato Cop",0,15,0,15,1,0.796116698964151,0.898058349482076,1,0.203883301035849,0.950404719723233,0.828026949892693,0.998490250764892,0.712016430428814,0.287983569571186,0.170463300872199,-0.049595280276767,0.049595280276767,-4.9595280276767,91,438,175,-84
3843570,"Combat Mission 3: Afrika Korps",0,15,0,15,1,0.796116698964151,0.898058349482076,1,0.203883301035849,0.950404719723233,0.828026949892693,0.998490250764892,0.712016430428814,0.287983569571186,0.170463300872199,-0.049595280276767,0.049595280276767,-4.9595280276767,92,439,176,-84
3967950,"Spookie Dookie",0,23,1,24,0.958333333333333,0.797581935213441,0.895094239523967,0.992606543834494,0.195024608621053,0.931991051110119,0.82036998300276,0.991058875407908,0.798219184162004,0.201780815837996,0.170688892405148,-0.0263422822232146,0.0263422822232146,-2.63422822232146,925,423,320,605
4122860,"Z.A.T.O. // I Love the World and Everything In It",1,23,1,24,0.958333333333333,0.797581935213441,0.895094239523967,0.992606543834494,0.195024608621053,0.931991051110119,0.82036998300276,0.991058875407908,0.798219184162004,0.201780815837996,0.170688892405148,-0.0263422822232146,0.0263422822232146,-2.63422822232146,926,424,321,605
