"appid","is_free","total_reviews","positive_reviews","negative_reviews","computed_positive_rate","current_price_usd","log1p_current_price","days_since_release","z_log1p_price","z_days_since_release","platform_segment","genre_action","genre_adventure","genre_casual","genre_indie","genre_rpg","genre_simulation","genre_strategy","high_rating_80","high_rating_85","high_rating_90"
427410,0,41961,40249,1712,0.959200209718548,34.99,3.58324112209094,418,1.80442439773998,1.41443211278523,"Windows only",1,1,0,0,1,1,0,1,1,1
541300,0,4715,3225,1490,0.683987274655355,19.99,3.04404613383254,282,1.0582700510032,-1.30654642423939,"Windows only",1,1,0,1,0,1,0,0,0,0
606160,0,7248,6649,599,0.91735651214128,17.49,2.91723004539903,283,0.882778108975961,-1.28653922911421,"Windows only",1,1,0,1,0,0,0,1,1,1
633080,0,1101,726,375,0.659400544959128,19.99,3.04404613383254,395,1.0582700510032,0.954266624906066,"Windows only",1,1,0,1,1,0,0,0,0,0
832360,0,419,246,173,0.587112171837709,19.99,3.04404613383254,355,1.0582700510032,0.153978819898824,"Windows + macOS + Linux",0,0,1,1,0,1,1,0,0,0
887330,0,22,14,8,0.636363636363636,19.99,3.04404613383254,304,1.0582700510032,-0.866388131485408,"Windows only",1,0,0,0,0,0,1,0,0,0
990380,0,1910,1605,305,0.840314136125654,19.99,3.04404613383254,376,1.0582700510032,0.574129917527626,"Windows only",1,1,0,0,0,0,0,1,0,0
1004640,0,5650,5059,591,0.895398230088496,49.99,3.93162953506706,348,2.28653482969061,0.0139284540225572,"Windows only",0,0,0,0,1,0,1,1,1,0
1056170,0,37,26,11,0.702702702702703,9.99,2.39698576841553,276,0.162848330158823,-1.42658959499048,"Windows only",1,0,0,1,0,0,0,0,0,0
1057580,0,36,19,17,0.527777777777778,9.99,2.39698576841553,418,0.162848330158823,1.41443211278523,"Windows only",1,0,1,1,0,1,0,0,0,0
1058710,0,365,293,72,0.802739726027397,11.99,2.56417983068251,398,0.394216534659459,1.01428821028161,"Windows only",0,0,0,1,1,1,1,1,0,0
1141550,0,1682,1568,114,0.932223543400713,4.99,1.79009141212736,301,-0.676990451386808,-0.926409716860951,"Windows only",1,1,1,1,0,1,0,1,1,1
1151990,0,76,72,4,0.947368421052632,9.99,2.39698576841553,381,0.162848330158823,0.674165893153531,"Windows + macOS + Linux",0,1,1,1,0,0,1,1,1,1
1156820,0,36,28,8,0.777777777777778,7.99,2.19611284848353,297,-0.115125697072204,-1.00643849736168,"Windows only",1,0,0,1,1,0,0,0,0,0
1166940,0,43,16,27,0.372093023255814,29.99,3.43366457179966,313,1.59743583961146,-0.686323375358779,"Windows only",1,1,0,1,0,0,0,0,0,0
1170570,0,4712,4596,116,0.975382003395586,19.99,3.04404613383254,423,1.0582700510032,1.51446808841113,"Windows + macOS + Linux",0,1,0,1,0,0,0,1,1,1
1201700,0,477,403,74,0.844863731656184,9.35,2.33698651971138,402,0.0798195535632769,1.09431699078233,"Windows + macOS + Linux",0,0,0,1,0,1,1,1,0,0
1239360,0,218,215,3,0.986238532110092,16.99,2.88981604796244,346,0.844841789473412,-0.0260859362278048,"Windows + macOS + Linux",1,1,0,1,0,0,0,1,1,1
1264970,0,576,546,30,0.947916666666667,10.49,2.44147709186066,277,0.224416770340151,-1.4065823998653,"Windows + macOS",0,0,0,1,0,0,1,1,1,1
1273640,0,206,198,8,0.961165048543689,6.99,2.07819075977818,423,-0.278309853045123,1.51446808841113,"Windows + macOS",0,1,1,1,0,0,0,1,1,1
1275550,0,326,274,52,0.840490797546012,24.99,3.2577118486534,360,1.35394713505243,0.25401479552473,"Windows + macOS",0,1,0,1,0,0,0,1,0,0
1292460,0,66,59,7,0.893939393939394,19.99,3.04404613383254,374,1.0582700510032,0.534115527277264,"Windows + macOS + Linux",1,1,0,1,1,0,0,1,1,0
1295870,0,63,47,16,0.746031746031746,9.99,2.39698576841553,311,0.162848330158823,-0.726337765609141,"Windows + macOS + Linux",0,0,0,0,1,0,1,0,0,0
1296660,0,130,95,35,0.730769230769231,34.99,3.58324112209094,306,1.80442439773998,-0.826373741235046,"Windows only",1,1,0,1,0,0,1,0,0,0
1308940,0,112,111,1,0.991071428571429,19.99,3.04404613383254,409,1.0582700510032,1.2343673566586,"Windows only",0,1,1,1,0,0,0,1,1,1
1330360,0,409,242,167,0.591687041564792,29.99,3.43366457179966,363,1.59743583961146,0.314036380900273,"Windows only",0,0,0,0,1,1,1,0,0,0
1342490,0,1831,1158,673,0.632441288913162,27.99,3.36695094293356,373,1.50511550049665,0.514108332152083,"Windows only",1,0,0,0,0,0,0,0,0,0
1342690,0,413,374,39,0.905569007263923,14.99,2.77196352684586,325,0.681753903235711,-0.446237033856606,"Windows only",0,1,0,1,0,0,0,1,1,1
1344550,0,83,49,34,0.590361445783133,17.99,2.94391252482419,426,0.919702131710493,1.57448967378668,"Windows + macOS + Linux",1,0,0,1,1,0,0,0,0,0
1380990,0,74,74,0,1,19.99,3.04404613383254,355,1.0582700510032,0.153978819898824,"Windows only",1,1,0,1,0,0,0,1,1,1
1386750,0,311,296,15,0.951768488745981,19.99,3.04404613383254,335,1.0582700510032,-0.246165082604796,"Windows + macOS + Linux",1,1,0,1,1,0,0,1,1,1
1395520,0,3644,3466,178,0.951152579582876,19.99,3.04404613383254,321,1.0582700510032,-0.526265814357331,"Windows + Linux",0,1,0,0,0,0,0,1,1,1
1421250,0,27145,22663,4482,0.834886719469516,10.99,2.48407296903942,282,0.283362234600968,-1.30654642423939,"Windows + macOS",0,1,0,1,0,0,0,1,0,0
1425980,0,1524,1447,77,0.949475065616798,3.99,1.60743590976343,390,-0.929754664727241,0.85423064928016,"Windows only",0,1,1,1,0,1,0,1,1,1
1447820,0,152,141,11,0.927631578947368,19.99,3.04404613383254,388,1.0582700510032,0.814216259029798,"Windows + Linux",1,1,0,1,1,0,0,1,1,1
1449110,0,8398,6147,2251,0.731959990473922,69.99,4.26253902205129,319,2.74445739474864,-0.566280204607693,"Windows only",1,1,0,0,1,0,0,0,0,0
1456570,0,23,18,5,0.782608695652174,14.99,2.77196352684586,339,0.681753903235711,-0.166136302104072,"Windows only",0,1,1,1,0,0,0,0,0,0
1471650,0,489,426,63,0.871165644171779,29.99,3.43366457179966,381,1.59743583961146,0.674165893153531,"Windows only",1,1,0,1,0,0,0,1,1,0
1476400,0,60,48,12,0.8,19.99,3.04404613383254,356,1.0582700510032,0.173986015024005,"Windows only",0,0,0,1,0,0,1,1,0,0
1538550,0,1848,1637,211,0.885822510822511,24.99,3.2577118486534,363,1.35394713505243,0.314036380900273,"Windows only",0,1,1,0,0,0,0,1,1,0
1541370,0,627,553,74,0.881977671451356,12.99,2.63834278867739,319,0.49684548092151,-0.566280204607693,"Windows + macOS",0,0,0,0,0,1,0,1,1,0
1548180,0,197,153,44,0.776649746192893,19.99,3.04404613383254,424,1.0582700510032,1.53447528353632,"Windows only",1,1,0,1,0,0,1,0,0,0
1556010,0,73,69,4,0.945205479452055,10.99,2.48407296903942,277,0.283362234600968,-1.4065823998653,"Windows only",1,0,0,0,0,0,0,1,1,1
1558800,0,102,94,8,0.92156862745098,3.99,1.60743590976343,282,-0.929754664727241,-1.30654642423939,"Windows only",0,0,1,1,0,0,0,1,1,1
1560160,0,75,72,3,0.96,14.99,2.77196352684586,328,0.681753903235711,-0.386215448481063,"Windows only",1,1,1,1,1,0,0,1,1,1
1574570,0,236,207,29,0.877118644067797,4.99,1.79009141212736,311,-0.676990451386808,-0.726337765609141,"Windows + macOS + Linux",0,1,1,1,1,1,0,1,1,0
1575810,0,147,136,11,0.925170068027211,24.99,3.2577118486534,359,1.35394713505243,0.234007600399549,"Windows only",0,1,0,1,1,0,0,1,1,1
1594040,0,359,229,130,0.637883008356546,39.99,3.71332813451625,320,1.98444274340129,-0.546273009482512,"Windows only",1,0,0,0,0,0,0,0,0,0
1599420,0,27,24,3,0.888888888888889,14.99,2.77196352684586,409,0.681753903235711,1.2343673566586,"Windows only",1,1,0,1,0,0,0,1,1,0
1605250,0,725,588,137,0.811034482758621,24.99,3.2577118486534,360,1.35394713505243,0.25401479552473,"Windows only",1,0,0,1,0,0,1,1,0,0
1620730,0,4254,3564,690,0.837799717912553,49.99,3.93162953506706,374,2.28653482969061,0.534115527277264,"Windows only",1,1,0,0,0,0,0,1,0,0
1622630,0,63,44,19,0.698412698412698,29.99,3.43366457179966,376,1.59743583961146,0.574129917527626,"Windows only",1,1,0,0,0,0,0,0,0,0
1623120,0,34,23,11,0.676470588235294,4.99,1.79009141212736,400,-0.676990451386808,1.05430260053197,"Windows only",1,0,0,0,0,0,0,0,0,0
1645630,0,737,465,272,0.630936227951153,24.99,3.2577118486534,283,1.35394713505243,-1.28653922911421,"Windows only",1,1,0,1,0,0,0,0,0,0
1657630,0,43483,41078,2405,0.944691028677874,17.99,2.94391252482419,355,0.919702131710493,0.153978819898824,"Windows only",1,1,1,1,0,1,0,1,1,1
1660960,0,466,432,34,0.927038626609442,19.99,3.04404613383254,306,1.0582700510032,-0.826373741235046,"Windows only",1,1,0,1,0,0,0,1,1,1
1665260,0,295,228,67,0.772881355932203,9.99,2.39698576841553,366,0.162848330158823,0.374057966275816,"Windows + macOS + Linux",1,1,0,1,0,0,0,0,0,0
1670690,0,572,471,101,0.823426573426573,19.99,3.04404613383254,277,1.0582700510032,-1.4065823998653,"Windows only",1,1,0,1,0,0,0,1,0,0
1689390,0,32,28,4,0.875,14.99,2.77196352684586,321,0.681753903235711,-0.526265814357331,"Windows only",1,1,0,1,1,0,0,1,1,0
1693040,0,1056,787,269,0.745265151515151,12.99,2.63834278867739,359,0.49684548092151,0.234007600399549,"Windows only",1,0,0,1,0,0,0,0,0,0
1699230,0,2520,2289,231,0.908333333333333,14.99,2.77196352684586,290,0.681753903235711,-1.14648886323794,"Windows only",1,1,0,1,0,0,0,1,1,1
1714530,0,60,36,24,0.6,24.99,3.2577118486534,342,1.35394713505243,-0.106114716728529,"Windows only",1,1,0,0,1,0,0,0,0,0
1717400,0,50,42,8,0.84,14.99,2.77196352684586,325,0.681753903235711,-0.446237033856606,"Windows + macOS",0,1,0,1,0,0,0,1,0,0
1718460,0,1441,1214,227,0.842470506592644,29.99,3.43366457179966,275,1.59743583961146,-1.44659679011566,"Windows + macOS + Linux",1,0,0,0,0,0,0,1,0,0
1724030,0,153,108,45,0.705882352941177,9.99,2.39698576841553,382,0.162848330158823,0.694173088278712,"Windows + macOS",0,0,0,0,1,0,1,0,0,0
1731000,0,21,17,4,0.80952380952381,9.99,2.39698576841553,263,0.162848330158823,-1.68668313161783,"Windows only",0,0,1,1,1,0,0,1,0,0
1735700,0,8544,8050,494,0.942181647940075,23.99,3.21847574484686,423,1.29965102688788,1.51446808841113,"Windows only",0,1,0,1,1,1,1,1,1,1
1748160,0,27,26,1,0.962962962962963,4.99,1.79009141212736,375,-0.676990451386808,0.554122722402445,"Windows only",1,1,0,1,1,1,1,1,1,1
1752780,0,38,33,5,0.868421052631579,6.99,2.07819075977818,391,-0.278309853045123,0.874237844405341,"Windows + macOS + Linux",1,1,0,0,0,0,0,1,1,0
1757300,0,10663,9095,1568,0.85294945137391,19.99,3.04404613383254,359,1.0582700510032,0.234007600399549,"Windows only",1,1,0,1,0,0,0,1,1,0
1803850,0,31,31,0,1,11.24,2.50470927708418,348,0.311919382355494,0.0139284540225572,"Windows + macOS + Linux",0,0,1,0,0,0,0,1,1,1
1805570,0,42,30,12,0.714285714285714,4.99,1.79009141212736,419,-0.676990451386808,1.43443930791041,"Windows only",0,0,0,1,0,0,1,0,0,0
1817500,0,746,698,48,0.935656836461126,5.99,1.94448055624572,293,-0.463342080238223,-1.0864672778624,"Windows + macOS + Linux",1,0,0,1,0,0,0,1,1,1
1820100,0,66,62,4,0.939393939393939,9.99,2.39698576841553,328,0.162848330158823,-0.386215448481063,"Windows only",1,1,1,1,0,0,0,1,1,1
1856490,0,26,24,2,0.923076923076923,14.99,2.77196352684586,436,0.681753903235711,1.77456162503849,"Windows only",0,0,0,1,1,0,1,1,1,1
1861410,0,43,40,3,0.930232558139535,17.99,2.94391252482419,297,0.919702131710493,-1.00643849736168,"Windows only",1,0,0,0,0,0,1,1,1,1
1864000,0,2301,1952,349,0.848326814428509,18.99,2.99523214851231,402,0.990719780467703,1.09431699078233,"Windows only",0,1,1,1,1,0,0,1,0,0
1869290,0,1466,1345,121,0.917462482946794,25.49,3.27676730328398,394,1.38031664999837,0.934259429780884,"Windows only",1,1,0,1,0,0,0,1,1,1
1869780,0,826,623,203,0.754237288135593,19.99,3.04404613383254,418,1.0582700510032,1.41443211278523,"Windows only",1,1,0,1,1,0,0,0,0,0
1880620,0,1344,1226,118,0.912202380952381,23.99,3.21847574484686,325,1.29965102688788,-0.446237033856606,"Windows only",1,0,1,0,0,0,0,1,1,1
1893440,0,104,96,8,0.923076923076923,14.99,2.77196352684586,310,0.681753903235711,-0.746344960734322,"Windows + macOS + Linux",1,1,0,1,1,0,0,1,1,1
1909840,0,2047,1441,606,0.703957010258915,17.99,2.94391252482419,312,0.919702131710493,-0.70633057048396,"Windows only",1,1,0,1,0,1,0,0,0,0
1926610,0,47,35,12,0.74468085106383,19.99,3.04404613383254,312,1.0582700510032,-0.70633057048396,"Windows + macOS",0,0,1,1,0,1,1,0,0,0
1929290,0,1787,1638,149,0.916620033575825,12.79,2.62394369180521,278,0.476919574794371,-1.38657520474011,"Windows + macOS + Linux",1,0,1,1,0,0,0,1,1,1
1936360,0,181,173,8,0.955801104972376,12.99,2.63834278867739,363,0.49684548092151,0.314036380900273,"Windows only",1,0,0,1,0,0,0,1,1,1
1940870,0,43,35,8,0.813953488372093,6.99,2.07819075977818,320,-0.278309853045123,-0.546273009482512,"Windows only",0,0,1,0,0,1,0,1,0,0
1941370,0,56,52,4,0.928571428571429,14.99,2.77196352684586,290,0.681753903235711,-1.14648886323794,"Windows only",1,0,0,0,0,0,0,1,1,1
1943950,0,136842,123368,13474,0.901536078104676,9.99,2.39698576841553,325,0.162848330158823,-0.446237033856606,"Windows only",1,0,0,1,0,0,0,1,1,1
1961850,0,60,52,8,0.866666666666667,20,3.04452243772342,286,1.05892917474561,-1.22651764373867,"Windows + macOS + Linux",0,1,0,1,0,0,0,1,1,0
1963370,0,6960,4518,2442,0.649137931034483,16.99,2.88981604796244,260,0.844841789473412,-1.74670471699337,"Windows only",0,1,0,1,1,0,0,0,0,0
1968180,0,21,20,1,0.952380952380952,4.49,1.70292825552144,311,-0.797609466016146,-0.726337765609141,"Windows + macOS + Linux",1,1,0,1,0,1,0,1,1,1
1976860,0,123,115,8,0.934959349593496,13.99,2.70738331211451,306,0.592385847181183,-0.826373741235046,"Windows only",1,0,0,1,0,0,1,1,1,1
2000970,0,40,35,5,0.875,11.99,2.56417983068251,339,0.394216534659459,-0.166136302104072,"Windows + Linux",1,1,0,1,0,0,1,1,1,0
2016460,0,3235,2633,602,0.813910355486862,34.99,3.58324112209094,411,1.80442439773998,1.27438174690896,"Windows only",0,0,1,1,1,1,0,1,0,0
2018960,0,30,18,12,0.6,19.99,3.04404613383254,276,1.0582700510032,-1.42658959499048,"Windows only",1,1,0,1,1,1,0,0,0,0
2021390,0,64,53,11,0.828125,3.99,1.60743590976343,283,-0.929754664727241,-1.28653922911421,"Windows + macOS",1,0,0,1,0,0,0,1,0,0
2022230,0,104,96,8,0.923076923076923,19.99,3.04404613383254,405,1.0582700510032,1.15433857615788,"Windows + macOS + Linux",0,0,0,1,0,0,1,1,1,1
2058140,0,177,173,4,0.977401129943503,12.99,2.63834278867739,362,0.49684548092151,0.294029185775092,"Windows only",1,1,1,1,0,0,0,1,1,1
2060160,0,8990,8581,409,0.954505005561735,7.99,2.19611284848353,338,-0.115125697072204,-0.186143497229253,"Windows + macOS",0,0,1,1,0,1,1,1,1,1
2074740,0,20,18,2,0.9,14.99,2.77196352684586,384,0.681753903235711,0.734187478529074,"Windows + macOS",0,1,1,1,1,0,0,1,1,1
2076520,0,146,120,26,0.821917808219178,19.99,3.04404613383254,289,1.0582700510032,-1.16649605836312,"Windows only",1,1,0,1,0,0,0,1,0,0
2077750,0,86,44,42,0.511627906976744,24.99,3.2577118486534,307,1.35394713505243,-0.806366546109865,"Windows only",0,0,0,0,0,1,0,0,0,0
2085620,0,115,80,35,0.695652173913043,11.99,2.56417983068251,312,0.394216534659459,-0.70633057048396,"Windows only",1,1,0,1,1,0,0,0,0,0
2094910,0,959,711,248,0.741397288842544,9.99,2.39698576841553,417,0.162848330158823,1.39442491766005,"Windows only",0,0,1,1,0,0,1,0,0,0
2099220,0,369,319,50,0.86449864498645,4.99,1.79009141212736,429,-0.676990451386808,1.63451125916222,"Windows only",1,0,1,1,0,0,1,1,1,0
2105620,0,894,860,34,0.961968680089485,14.99,2.77196352684586,299,0.681753903235711,-0.966424107111313,"Windows only",1,0,0,0,0,0,0,1,1,1
2112750,0,137,109,28,0.795620437956204,18.99,2.99523214851231,321,0.990719780467703,-0.526265814357331,"Windows + Linux",1,1,0,1,0,0,0,0,0,0
2115390,0,775,634,141,0.818064516129032,9.99,2.39698576841553,338,0.162848330158823,-0.186143497229253,"Windows only",1,1,0,1,0,0,0,1,0,0
2115490,0,37,36,1,0.972972972972973,9.09,2.31154483436552,311,0.0446125792357895,-0.726337765609141,"Windows only",1,1,0,1,0,0,0,1,1,1
2122880,0,88,63,25,0.715909090909091,12.99,2.63834278867739,306,0.49684548092151,-0.826373741235046,"Windows only",0,1,1,1,0,0,0,0,0,0
2126190,0,1899,1327,572,0.698788836229595,14.99,2.77196352684586,306,0.681753903235711,-0.826373741235046,"Windows only",0,1,1,1,0,0,0,0,0,0
2135960,0,86,79,7,0.918604651162791,9.99,2.39698576841553,415,0.162848330158823,1.35441052740969,"Windows only",1,0,0,0,0,0,0,1,1,1
2158690,0,31,30,1,0.967741935483871,14.99,2.77196352684586,425,0.681753903235711,1.5544824786615,"Windows only",1,1,0,1,1,0,0,1,1,1
2165140,0,172,129,43,0.75,17.99,2.94391252482419,311,0.919702131710493,-0.726337765609141,"Windows only",1,1,0,0,0,1,0,0,0,0
2171630,0,1617,1218,399,0.753246753246753,16.99,2.88981604796244,423,0.844841789473412,1.51446808841113,"Windows only",1,1,0,1,1,1,0,0,0,0
2179390,0,33,28,5,0.848484848484849,7.99,2.19611284848353,359,-0.115125697072204,0.234007600399549,"Windows only",0,1,0,1,0,0,0,1,0,0
2183670,0,590,433,157,0.733898305084746,34.99,3.58324112209094,416,1.80442439773998,1.37441772253487,"Windows only",0,0,1,1,0,1,0,0,0,0
2185030,0,271,221,50,0.81549815498155,10.49,2.44147709186066,418,0.224416770340151,1.41443211278523,"Windows only",0,0,1,1,0,1,0,1,0,0
2186270,0,27,16,11,0.592592592592593,1.99,1.0952733874026,352,-1.63850066685453,0.0939572345232813,"Windows only",0,0,1,1,1,0,0,0,0,0
2201910,0,112,88,24,0.785714285714286,12.99,2.63834278867739,303,0.49684548092151,-0.886395326610589,"Windows only",1,1,0,0,1,0,0,0,0,0
2212790,0,552,499,53,0.903985507246377,12.99,2.63834278867739,298,0.49684548092151,-0.986431302236494,"Windows only",0,1,1,0,0,0,0,1,1,1
2217720,0,22,7,15,0.318181818181818,29.99,3.43366457179966,415,1.59743583961146,1.35441052740969,"Windows only",1,1,0,0,0,0,0,0,0,0
2218400,0,2920,2437,483,0.83458904109589,12.99,2.63834278867739,363,0.49684548092151,0.314036380900273,"Windows only",1,1,1,1,0,0,0,1,0,0
2221390,0,90,76,14,0.844444444444444,9.79,2.37861977927004,402,0.137432918421987,1.09431699078233,"Windows only",1,0,0,1,0,0,0,1,0,0
2221780,0,46,43,3,0.934782608695652,14.99,2.77196352684586,396,0.681753903235711,0.974273820031247,"Windows + macOS",1,0,0,1,0,0,0,1,1,1
2228490,0,30,27,3,0.9,12.99,2.63834278867739,409,0.49684548092151,1.2343673566586,"Windows + Linux",1,1,0,1,0,0,0,1,1,1
2234150,0,1366,1136,230,0.831625183016105,2.99,1.38379123090177,395,-1.2392409412896,0.954266624906066,"Windows only",1,1,0,1,0,0,0,1,0,0
2235200,0,1956,1343,613,0.686605316973415,19.99,3.04404613383254,423,1.0582700510032,1.51446808841113,"Windows only",1,1,0,1,1,0,0,0,0,0
2238440,0,74,70,4,0.945945945945946,9.99,2.39698576841553,375,0.162848330158823,0.554122722402445,"Windows + macOS + Linux",0,1,0,1,1,1,0,1,1,1
2263360,0,379,378,1,0.997361477572559,14.99,2.77196352684586,326,0.681753903235711,-0.426229838731425,"Windows only",1,0,0,1,0,0,0,1,1,1
2279440,0,95,93,2,0.978947368421053,12.99,2.63834278867739,338,0.49684548092151,-0.186143497229253,"Windows + macOS + Linux",0,1,0,1,0,1,1,1,1,1
2285150,0,9557,6381,3176,0.667678141676258,19.99,3.04404613383254,318,1.0582700510032,-0.586287399732874,"Windows only",1,0,0,1,0,1,0,0,0,0
2288470,0,2574,2349,225,0.912587412587413,25.99,3.29546642702991,355,1.40619306347963,0.153978819898824,"Windows + Linux",0,1,0,1,1,0,1,1,1,1
2292870,0,24,18,6,0.75,4.99,1.79009141212736,368,-0.676990451386808,0.414072356526178,"Windows only",1,1,0,1,0,0,0,0,0,0
2299690,0,62,54,8,0.870967741935484,9.99,2.39698576841553,360,0.162848330158823,0.25401479552473,"Windows only",0,0,0,0,1,0,0,1,1,0
2300120,0,1083,587,496,0.542012927054478,39.99,3.71332813451625,327,1.98444274340129,-0.406222643606244,"Windows only",1,0,0,0,0,0,0,0,0,0
2308690,0,1403,1187,216,0.846044191019244,19.49,3.01993696225081,430,1.02490704955907,1.6545184542874,"Windows + macOS",0,0,0,0,0,1,1,1,0,0
2319790,0,1009,983,26,0.974231912784936,9.99,2.39698576841553,292,0.162848330158823,-1.10647447298758,"Windows only",1,1,0,1,0,0,0,1,1,1
2321250,0,63,63,0,1,19.99,3.04404613383254,379,1.0582700510032,0.634151502903169,"Windows only",0,1,1,0,0,0,0,1,1,1
2321470,0,46306,39900,6406,0.861659396190558,12.99,2.63834278867739,361,0.49684548092151,0.274021990649911,"Windows only",1,0,0,0,0,0,0,1,1,0
2324760,0,22,20,2,0.909090909090909,4.99,1.79009141212736,425,-0.676990451386808,1.5544824786615,"Windows only",0,0,1,1,0,0,0,1,1,1
2345740,0,31,29,2,0.935483870967742,4.99,1.79009141212736,389,-0.676990451386808,0.834223454154979,"Windows only",0,0,0,0,0,0,1,1,1,1
2347080,0,810,588,222,0.725925925925926,39.99,3.71332813451625,409,1.98444274340129,1.2343673566586,"Windows only",0,0,0,0,1,0,1,0,0,0
2350270,0,621,552,69,0.888888888888889,19.99,3.04404613383254,412,1.0582700510032,1.29438894203414,"Windows only",1,1,0,1,0,0,0,1,1,0
2352620,0,15273,11436,3837,0.748772343351012,24.99,3.2577118486534,332,1.35394713505243,-0.306186667980339,"Windows only",0,0,0,0,1,0,0,0,0,0
2357350,0,22,18,4,0.818181818181818,4.19,1.6467336971778,293,-0.875373196918942,-1.0864672778624,"Windows only",1,0,0,1,0,0,1,1,0,0
2361770,0,3550,2972,578,0.837183098591549,29.99,3.43366457179966,381,1.59743583961146,0.674165893153531,"Windows only",1,0,0,0,0,0,0,1,0,0
2367120,0,108,98,10,0.907407407407407,2.99,1.38379123090177,363,-1.2392409412896,0.314036380900273,"Windows only",0,1,1,1,0,0,0,1,1,1
2377620,0,21,18,3,0.857142857142857,4.99,1.79009141212736,424,-0.676990451386808,1.53447528353632,"Windows only",1,0,1,1,0,0,0,1,1,0
2393510,0,21,20,1,0.952380952380952,14.99,2.77196352684586,366,0.681753903235711,0.374057966275816,"Windows + macOS + Linux",0,0,0,1,0,0,1,1,1,1
2403600,0,44,43,1,0.977272727272727,7.99,2.19611284848353,353,-0.115125697072204,0.113964429648462,"Windows only",1,1,0,1,0,0,0,1,1,1
2411100,0,29,29,0,1,9.99,2.39698576841553,384,0.162848330158823,0.734187478529074,"Windows only",1,1,0,1,1,0,0,1,1,1
2416100,0,1338,1296,42,0.968609865470852,19.99,3.04404613383254,306,1.0582700510032,-0.826373741235046,"Windows only",0,1,0,1,0,0,0,1,1,1
2421540,0,86,86,0,1,1.57,0.943905898907129,356,-1.84796757948355,0.173986015024005,"Windows + macOS",1,1,1,1,1,0,0,1,1,1
2430540,0,31,31,0,1,6.99,2.07819075977818,380,-0.278309853045123,0.65415869802835,"Windows + macOS + Linux",0,0,0,1,1,0,0,1,1,1
2446540,0,163,117,46,0.717791411042945,29.99,3.43366457179966,285,1.59743583961146,-1.24652483886385,"Windows only",1,1,0,1,0,1,0,0,0,0
2451310,0,189,108,81,0.571428571428571,14.99,2.77196352684586,395,0.681753903235711,0.954266624906066,"Windows only",0,0,1,1,0,1,0,0,0,0
2453160,0,1628,1455,173,0.893734643734644,29.99,3.43366457179966,390,1.59743583961146,0.85423064928016,"Windows only",0,1,0,1,0,0,0,1,1,0
2460920,0,209,168,41,0.803827751196172,14.99,2.77196352684586,340,0.681753903235711,-0.146129106978891,"Windows only",0,0,1,1,0,1,1,1,0,0
2467850,0,513,436,77,0.84990253411306,4.99,1.79009141212736,286,-0.676990451386808,-1.22651764373867,"Windows + macOS",0,0,1,1,0,1,1,1,0,0
2471390,0,45,44,1,0.977777777777778,7.99,2.19611284848353,439,-0.115125697072204,1.83458321041403,"Windows + Linux",1,0,0,1,0,0,0,1,1,1
2479770,0,142,135,7,0.950704225352113,24.99,3.2577118486534,363,1.35394713505243,0.314036380900273,"Windows only",1,1,0,0,0,0,0,1,1,1
2481640,0,368,306,62,0.831521739130435,5.84,1.92278773163446,370,-0.493361267599314,0.45408674677654,"Windows only",0,0,0,0,0,0,1,1,0,0
2484630,0,89,83,6,0.932584269662921,0.99,0.688134638736401,408,-2.20191159176594,1.21436016153342,"Windows only",0,1,1,1,1,0,0,1,1,1
2486820,0,11445,10698,747,0.934731323722149,69.99,4.26253902205129,353,2.74445739474864,0.113964429648462,"Windows only",1,1,0,0,0,0,0,1,1,1
2488470,0,81,73,8,0.901234567901235,4.99,1.79009141212736,272,-0.676990451386808,-1.5066183754912,"Windows + macOS",0,0,1,1,0,0,1,1,1,1
2500460,0,129,129,0,1,4.99,1.79009141212736,377,-0.676990451386808,0.594137112652807,"Windows only",0,0,0,0,0,0,1,1,1,1
2503550,0,107,105,2,0.981308411214953,4.89,1.7732559976635,368,-0.700287807547149,0.414072356526178,"Windows + macOS + Linux",1,1,1,1,0,0,1,1,1,1
2507560,0,118,92,26,0.779661016949153,13.99,2.70738331211451,362,0.592385847181183,0.294029185775092,"Windows only",0,1,0,0,0,0,0,0,0,0
2508780,0,3118,2922,196,0.937139191789609,34.99,3.58324112209094,382,1.80442439773998,0.694173088278712,"Windows only",0,0,1,0,0,1,0,1,1,1
2521400,0,308,294,14,0.954545454545455,12,2.56494935746154,320,0.395281429110642,-0.546273009482512,"Windows only",0,1,1,1,1,0,0,1,1,1
2523720,0,3923,2407,1516,0.613561050216671,39.99,3.71332813451625,383,1.98444274340129,0.714180283403893,"Windows only",1,0,0,0,0,0,0,0,0,0
2529050,0,21,18,3,0.857142857142857,1.99,1.0952733874026,416,-1.63850066685453,1.37441772253487,"Windows + Linux",0,1,0,1,0,0,0,1,1,0
2538520,0,20,20,0,1,4.99,1.79009141212736,402,-0.676990451386808,1.09431699078233,"Windows + Linux",0,1,1,1,0,0,0,1,1,1
2545710,0,1549,1062,487,0.685603615235636,27.49,3.34955314850982,430,1.481039905924,1.6545184542874,"Windows only",0,0,0,0,0,0,0,0,0,0
2549240,0,412,384,28,0.932038834951456,4.99,1.79009141212736,401,-0.676990451386808,1.07430979565715,"Windows only",1,0,0,0,0,0,0,1,1,1
2550790,0,83,74,9,0.891566265060241,4.99,1.79009141212736,298,-0.676990451386808,-0.986431302236494,"Windows + macOS",0,0,0,1,1,1,1,1,1,0
2555950,0,667,621,46,0.931034482758621,11.89,2.5564518169511,306,0.383522275323036,-0.826373741235046,"Windows only",1,0,0,1,0,0,1,1,1,1
2559960,0,83,76,7,0.91566265060241,12.99,2.63834278867739,269,0.49684548092151,-1.56663996086674,"Windows only",0,0,0,1,1,1,1,1,1,1
2560340,0,72,49,23,0.680555555555556,24.99,3.2577118486534,308,1.35394713505243,-0.786359350984684,"Windows only",0,0,0,0,0,1,1,0,0,0
2567380,0,62,59,3,0.951612903225806,9.99,2.39698576841553,349,0.162848330158823,0.0339356491477382,"Windows only",1,1,0,1,1,0,0,1,1,1
2576200,0,195,162,33,0.830769230769231,11.99,2.56417983068251,307,0.394216534659459,-0.806366546109865,"Windows + macOS + Linux",0,0,0,1,1,0,1,1,0,0
2582140,0,1905,1234,671,0.647769028871391,20.99,3.09058780456667,341,1.12267582382915,-0.12612191185371,"Windows only",0,0,1,0,0,1,0,0,0,0
2597810,0,256,203,53,0.79296875,11.99,2.56417983068251,290,0.394216534659459,-1.14648886323794,"Windows only",1,1,0,1,1,0,0,0,0,0
2602230,0,425,423,2,0.995294117647059,9.99,2.39698576841553,321,0.162848330158823,-0.526265814357331,"Windows only",1,1,1,1,0,0,0,1,1,1
2610880,0,170,155,15,0.911764705882353,19.99,3.04404613383254,298,1.0582700510032,-0.986431302236494,"Windows + macOS + Linux",0,1,0,1,1,0,0,1,1,1
2615540,0,2499,2291,208,0.916766706682673,29.99,3.43366457179966,390,1.59743583961146,0.85423064928016,"Windows only",1,1,0,1,1,1,0,1,1,1
2642760,0,339,333,6,0.982300884955752,3.99,1.60743590976343,353,-0.929754664727241,0.113964429648462,"Windows + macOS + Linux",0,0,1,0,0,0,0,1,1,1
2643010,0,135,87,48,0.644444444444444,5.99,1.94448055624572,425,-0.463342080238223,1.5544824786615,"Windows + macOS + Linux",0,0,0,1,0,1,1,0,0,0
2643880,0,32,15,17,0.46875,8.99,2.30158459266046,380,0.0308292952576109,0.65415869802835,"Windows only",0,0,1,1,0,1,0,0,0,0
2644020,0,26,24,2,0.923076923076923,9.99,2.39698576841553,281,0.162848330158823,-1.32655361936457,"Windows only",1,1,0,0,1,0,1,1,1,1
2651090,0,23,22,1,0.956521739130435,6.99,2.07819075977818,363,-0.278309853045123,0.314036380900273,"Windows only",1,1,1,1,0,0,0,1,1,1
2653470,0,447,406,41,0.9082774049217,6.99,2.07819075977818,369,-0.278309853045123,0.434079551651359,"Windows only",0,0,1,1,0,0,0,1,1,1
2685840,0,214,196,18,0.91588785046729,15.99,2.83262493568384,383,0.76569899706871,0.714180283403893,"Windows + macOS + Linux",1,0,1,1,0,0,0,1,1,1
2687400,0,809,567,242,0.700865265760198,8.99,2.30158459266046,325,0.0308292952576109,-0.446237033856606,"Windows only",1,0,0,1,0,0,0,0,0,0
2689930,0,431,405,26,0.939675174013921,13.99,2.70738331211451,291,0.592385847181183,-1.12648166811276,"Windows only",0,1,0,0,0,0,0,1,1,1
2692990,0,2303,1141,1162,0.495440729483283,7.99,2.19611284848353,284,-0.115125697072204,-1.26653203398903,"Windows only",0,0,1,0,0,1,0,0,0,0
2695430,0,879,716,163,0.814562002275313,29.99,3.43366457179966,292,1.59743583961146,-1.10647447298758,"Windows only",0,1,0,0,0,0,0,1,0,0
2701720,0,1534,1512,22,0.985658409387223,9.99,2.39698576841553,396,0.162848330158823,0.974273820031247,"Windows + macOS + Linux",0,0,1,1,1,1,0,1,1,1
2701800,0,624,520,104,0.833333333333333,14.99,2.77196352684586,311,0.681753903235711,-0.726337765609141,"Windows only",1,1,0,1,0,1,0,1,0,0
2705860,0,277,265,12,0.956678700361011,14.99,2.77196352684586,289,0.681753903235711,-1.16649605836312,"Windows only",0,1,0,0,0,0,0,1,1,1
2714970,0,547,218,329,0.39853747714808,7.99,2.19611284848353,271,-0.115125697072204,-1.52662557061638,"Windows only",1,1,1,1,1,0,1,0,0,0
2719740,0,432,345,87,0.798611111111111,12.49,2.60194867021966,318,0.44648219811245,-0.586287399732874,"Windows only",1,1,1,1,0,1,0,0,0,0
2722610,0,78,39,39,0.5,1.79,1.02604159583327,404,-1.73430571574543,1.13433138103269,"Windows only",1,1,0,1,1,1,0,0,0,0
2722680,0,76,50,26,0.657894736842105,0.99,0.688134638736401,371,-2.20191159176594,0.474093941901721,"Windows only",0,0,0,1,0,0,0,0,0,0
2725250,0,158,155,3,0.981012658227848,19.99,3.04404613383254,293,1.0582700510032,-1.0864672778624,"Windows only",1,1,1,1,1,1,0,1,1,1
2726960,0,29,20,9,0.689655172413793,9.99,2.39698576841553,415,0.162848330158823,1.35441052740969,"Windows only",0,0,0,1,1,0,0,0,0,0
2727660,0,273,262,11,0.95970695970696,6.99,2.07819075977818,333,-0.278309853045123,-0.286179472855158,"Windows only",0,1,1,0,0,0,0,1,1,1
2730810,0,1048,636,412,0.606870229007634,39.99,3.71332813451625,374,1.98444274340129,0.534115527277264,"Windows only",0,0,0,0,0,0,0,0,0,0
2731330,0,604,558,46,0.923841059602649,7.99,2.19611284848353,363,-0.115125697072204,0.314036380900273,"Windows only",1,0,1,1,0,1,0,1,1,1
2738630,0,1366,650,716,0.475841874084919,29.99,3.43366457179966,425,1.59743583961146,1.5544824786615,"Windows only",1,1,0,0,1,0,0,0,0,0
2739150,0,47,38,9,0.808510638297872,16.99,2.88981604796244,363,0.844841789473412,0.314036380900273,"Windows only",1,1,0,1,0,1,0,1,0,0
2740170,0,199,176,23,0.884422110552764,24.99,3.2577118486534,324,1.35394713505243,-0.466244228981787,"Windows + macOS",0,0,0,1,1,1,1,1,1,0
2747330,0,9353,8853,500,0.946541216721907,9.99,2.39698576841553,325,0.162848330158823,-0.446237033856606,"Windows only",1,0,0,1,0,0,0,1,1,1
2749000,0,726,556,170,0.765840220385675,5.99,1.94448055624572,310,-0.463342080238223,-0.746344960734322,"Windows only",0,0,1,0,0,1,1,0,0,0
2749690,0,29,29,0,1,14.99,2.77196352684586,423,0.681753903235711,1.51446808841113,"Windows + macOS",0,1,1,1,1,0,1,1,1,1
2750780,0,4205,3763,442,0.894887039239001,11.99,2.56417983068251,282,0.394216534659459,-1.30654642423939,"Windows only",0,1,0,1,1,0,0,1,1,0
2760580,0,208,192,16,0.923076923076923,24.99,3.2577118486534,363,1.35394713505243,0.314036380900273,"Windows only",1,1,0,0,0,1,1,1,1,1
2764590,0,271,248,23,0.915129151291513,29.99,3.43366457179966,416,1.59743583961146,1.37441772253487,"Windows only",1,0,0,1,0,0,0,1,1,1
2774180,0,31,27,4,0.870967741935484,3.99,1.60743590976343,297,-0.929754664727241,-1.00643849736168,"Windows only",0,0,1,1,0,0,0,1,1,0
2776450,0,2583,2086,497,0.807588075880759,10.79,2.46725171454928,394,0.260084473440897,0.934259429780884,"Windows only",0,1,1,1,1,1,1,1,0,0
2780980,0,16566,14256,2310,0.860557768924303,9.99,2.39698576841553,299,0.162848330158823,-0.966424107111313,"Windows only",1,0,1,1,0,0,1,1,1,0
2780990,0,23,19,4,0.826086956521739,14.99,2.77196352684586,409,0.681753903235711,1.2343673566586,"Windows + Linux",0,1,0,1,1,0,0,1,0,0
2784440,0,20,20,0,1,7.99,2.19611284848353,398,-0.115125697072204,1.01428821028161,"Windows only",0,0,1,1,0,1,0,1,1,1
2786550,0,822,713,109,0.867396593673966,9.99,2.39698576841553,297,0.162848330158823,-1.00643849736168,"Windows only",0,0,0,0,0,1,0,1,1,0
2786660,0,27,18,9,0.666666666666667,39.99,3.71332813451625,338,1.98444274340129,-0.186143497229253,"Windows only",1,1,1,0,0,0,0,0,0,0
2787680,0,30,26,4,0.866666666666667,7.49,2.13888900032326,346,-0.194313790380912,-0.0260859362278048,"Windows only",1,1,0,1,0,0,0,1,1,0
2788430,0,21,13,8,0.619047619047619,7.99,2.19611284848353,396,-0.115125697072204,0.974273820031247,"Windows only",1,1,1,1,1,1,1,0,0,0
2790160,0,31,26,5,0.838709677419355,19.99,3.04404613383254,432,1.0582700510032,1.69453284453776,"Windows only",0,1,0,1,0,0,1,1,0,0
2797650,0,133,116,17,0.87218045112782,7.69,2.1621729392773,415,-0.162092770827613,1.35441052740969,"Windows + Linux",0,0,1,1,0,0,1,1,1,0
2806120,0,308,261,47,0.847402597402597,23.99,3.21847574484686,315,1.29965102688788,-0.646308985108417,"Windows only",1,1,0,1,1,0,0,1,0,0
2808530,0,24,24,0,1,9.99,2.39698576841553,419,0.162848330158823,1.43443930791041,"Windows + Linux",1,0,0,1,0,0,0,1,1,1
2810550,0,139,123,16,0.884892086330935,9.99,2.39698576841553,403,0.162848330158823,1.11432418590751,"Windows only",0,1,0,1,0,1,0,1,1,0
2812670,0,62,51,11,0.82258064516129,8.99,2.30158459266046,427,0.0308292952576109,1.59449686891186,"Windows only",1,1,0,1,0,0,0,1,0,0
2819920,0,21,21,0,1,14.99,2.77196352684586,390,0.681753903235711,0.85423064928016,"Windows only",0,1,0,1,0,0,0,1,1,1
2823790,0,20,12,8,0.6,12.99,2.63834278867739,292,0.49684548092151,-1.10647447298758,"Windows only",0,1,1,1,0,1,0,0,0,0
2824490,0,3818,3236,582,0.847564169722368,19.99,3.04404613383254,423,1.0582700510032,1.51446808841113,"Windows only",0,0,0,0,1,0,1,1,0,0
2824780,0,62,62,0,1,4.99,1.79009141212736,354,-0.676990451386808,0.133971624773643,"Windows only",1,0,1,1,0,0,0,1,1,1
2825880,0,1288,1196,92,0.928571428571429,19.99,3.04404613383254,278,1.0582700510032,-1.38657520474011,"Windows only",0,1,0,1,0,0,1,1,1,1
2827080,0,58,51,7,0.879310344827586,14.99,2.77196352684586,356,0.681753903235711,0.173986015024005,"Windows only",0,1,0,1,0,0,0,1,1,0
2827200,0,8339,7025,1314,0.842427149538314,9.99,2.39698576841553,321,0.162848330158823,-0.526265814357331,"Windows only",1,1,1,1,0,0,0,1,0,0
2835650,0,97,92,5,0.948453608247423,12.99,2.63834278867739,292,0.49684548092151,-1.10647447298758,"Windows only",0,1,1,0,0,0,0,1,1,1
2836300,0,45,15,30,0.333333333333333,5.99,1.94448055624572,409,-0.463342080238223,1.2343673566586,"Windows only",0,1,0,1,0,1,0,0,0,0
2851640,0,26,24,2,0.923076923076923,14.99,2.77196352684586,296,0.681753903235711,-1.02644569248686,"Windows only",0,0,0,0,0,0,0,1,1,1
2863790,0,36,32,4,0.888888888888889,7.99,2.19611284848353,417,-0.115125697072204,1.39442491766005,"Windows only",0,0,0,1,0,0,1,1,1,0
2870530,0,346,313,33,0.904624277456647,19.99,3.04404613383254,341,1.0582700510032,-0.12612191185371,"Windows + macOS",0,1,0,1,1,1,1,1,1,1
2870920,0,1630,1461,169,0.896319018404908,19.9,3.03974915897077,310,1.05232376711564,-0.746344960734322,"Windows only",1,0,1,1,1,1,1,1,1,0
2871820,0,45,39,6,0.866666666666667,1.29,0.828551817566148,302,-2.00759804912944,-0.90640252173577,"Windows only",1,1,0,1,0,0,0,1,1,0
2873860,0,36,34,2,0.944444444444444,2.99,1.38379123090177,409,-1.2392409412896,1.2343673566586,"Windows only",0,0,1,0,0,0,0,1,1,1
2876200,0,43,35,8,0.813953488372093,14.99,2.77196352684586,364,0.681753903235711,0.334043576025454,"Windows only",1,1,0,1,0,1,1,1,0,0
2877170,0,1241,1128,113,0.908944399677679,13.99,2.70738331211451,354,0.592385847181183,0.133971624773643,"Windows only",1,1,1,1,0,0,0,1,1,1
2877660,0,164,138,26,0.841463414634146,9.99,2.39698576841553,311,0.162848330158823,-0.726337765609141,"Windows only",1,1,0,1,0,1,0,1,0,0
2878450,0,3807,3508,299,0.921460467559758,22.49,3.15657479867082,321,1.2139906237644,-0.526265814357331,"Windows only",0,0,0,0,0,0,1,1,1,1
2879980,0,277,243,34,0.877256317689531,6.99,2.07819075977818,296,-0.278309853045123,-1.02644569248686,"Windows only",1,0,1,1,0,0,0,1,1,0
2892040,0,41,41,0,1,9.95,2.39333945626251,283,0.157802453023868,-1.28653922911421,"Windows only",1,1,0,1,1,0,0,1,1,1
2893530,0,25,17,8,0.68,10.49,2.44147709186066,333,0.224416770340151,-0.286179472855158,"Windows only",0,1,0,0,1,0,0,0,0,0
2893820,0,6044,3999,2045,0.661647915287889,29.99,3.43366457179966,293,1.59743583961146,-1.0864672778624,"Windows only",1,1,0,1,1,0,0,0,0,0
2896570,0,42,39,3,0.928571428571429,19.99,3.04404613383254,297,1.0582700510032,-1.00643849736168,"Windows only",0,0,1,0,0,0,1,1,1,1
2902440,0,130,114,16,0.876923076923077,7.99,2.19611284848353,418,-0.115125697072204,1.41443211278523,"Windows only",0,0,0,1,0,0,1,1,1,0
2903160,0,463,439,24,0.948164146868251,9.99,2.39698576841553,327,0.162848330158823,-0.406222643606244,"Windows only",0,0,1,1,0,1,0,1,1,1
2904360,0,29,26,3,0.896551724137931,18.99,2.99523214851231,278,0.990719780467703,-1.38657520474011,"Windows only",0,1,0,1,1,0,1,1,1,0
2904420,0,26,20,6,0.769230769230769,9.99,2.39698576841553,370,0.162848330158823,0.45408674677654,"Windows only",0,1,1,1,0,1,1,0,0,0
2906270,0,54,54,0,1,3.99,1.60743590976343,373,-0.929754664727241,0.514108332152083,"Windows + macOS",0,0,1,1,0,0,0,1,1,1
2908050,0,1195,1163,32,0.973221757322176,4.99,1.79009141212736,405,-0.676990451386808,1.15433857615788,"Windows only",0,0,1,0,0,0,0,1,1,1
2908500,0,686,573,113,0.835276967930029,19.99,3.04404613383254,353,1.0582700510032,0.113964429648462,"Windows only",0,0,0,0,0,1,1,1,0,0
2909870,0,46,24,22,0.521739130434783,8.99,2.30158459266046,340,0.0308292952576109,-0.146129106978891,"Windows only",1,1,0,1,0,1,0,0,0,0
2914490,0,57,41,16,0.719298245614035,39.99,3.71332813451625,382,1.98444274340129,0.694173088278712,"Windows only",0,0,0,0,1,0,1,0,0,0
2915660,0,175,121,54,0.691428571428571,18.99,2.99523214851231,402,0.990719780467703,1.09431699078233,"Windows only",0,1,0,1,1,1,1,0,0,0
2917040,0,1573,1393,180,0.885568976478067,9.99,2.39698576841553,381,0.162848330158823,0.674165893153531,"Windows only",1,1,1,1,0,0,0,1,1,0
2920510,0,56,50,6,0.892857142857143,7.99,2.19611284848353,429,-0.115125697072204,1.63451125916222,"Windows only",1,0,1,1,1,0,1,1,1,0
2925970,0,371,271,100,0.730458221024259,9.99,2.39698576841553,400,0.162848330158823,1.05430260053197,"Windows only",0,0,1,1,0,1,0,0,0,0
2928690,0,107,80,27,0.747663551401869,6.99,2.07819075977818,367,-0.278309853045123,0.394065161400997,"Windows only",1,1,0,0,0,0,0,0,0,0
2930290,0,25,25,0,1,13.99,2.70738331211451,277,0.592385847181183,-1.4065823998653,"Windows + macOS + Linux",0,0,0,1,1,1,0,1,1,1
2931620,0,219,210,9,0.958904109589041,4.99,1.79009141212736,414,-0.676990451386808,1.33440333228451,"Windows only",0,1,1,0,0,0,0,1,1,1
2932990,0,21,17,4,0.80952380952381,6.99,2.07819075977818,317,-0.278309853045123,-0.606294594858055,"Windows only",1,1,1,1,0,0,0,1,0,0
2934220,0,2698,2145,553,0.795033358042995,5.39,1.85473426838944,297,-0.587535710085835,-1.00643849736168,"Windows only",1,0,0,1,0,0,1,0,0,0
2937090,0,155,88,67,0.567741935483871,6.74,2.04640168760164,268,-0.322300533410819,-1.58664715599192,"Windows only",1,0,0,0,0,0,0,0,0,0
2943420,0,256,206,50,0.8046875,13.99,2.70738331211451,353,0.592385847181183,0.113964429648462,"Windows only",0,1,1,1,1,0,0,1,0,0
2943670,0,288,172,116,0.597222222222222,14.99,2.77196352684586,410,0.681753903235711,1.25437455178378,"Windows only",0,0,0,1,0,1,0,0,0,0
2952970,0,34,26,8,0.764705882352941,5.99,1.94448055624572,371,-0.463342080238223,0.474093941901721,"Windows only",0,1,0,1,1,0,0,0,0,0
2955840,0,49,40,9,0.816326530612245,4.99,1.79009141212736,405,-0.676990451386808,1.15433857615788,"Windows only",1,1,1,1,0,0,0,1,0,0
2957700,0,1300,1130,170,0.869230769230769,11.89,2.5564518169511,404,0.383522275323036,1.13433138103269,"Windows only",0,0,1,1,1,1,0,1,1,0
2958130,0,11304,10572,732,0.935244161358811,59.99,4.11070991630837,327,2.53435168219896,-0.406222643606244,"Windows only",0,0,0,0,0,1,1,1,1,1
2967630,0,188,173,15,0.920212765957447,7.99,2.19611284848353,418,-0.115125697072204,1.41443211278523,"Windows + macOS",0,1,0,0,0,0,0,1,1,1
2968420,0,10838,9924,914,0.915667097250415,24.99,3.2577118486534,325,1.35394713505243,-0.446237033856606,"Windows only",0,0,1,1,0,1,0,1,1,1
2973830,0,157,135,22,0.859872611464968,19.99,3.04404613383254,430,1.0582700510032,1.6545184542874,"Windows only",0,0,1,1,0,1,0,1,1,0
2981070,0,360,307,53,0.852777777777778,7.19,2.10291389786498,305,-0.244097226165892,-0.846380936360227,"Windows + macOS",0,0,1,1,1,0,1,1,1,0
2981450,0,351,332,19,0.945868945868946,13.99,2.70738331211451,383,0.592385847181183,0.714180283403893,"Windows only",0,1,0,0,0,0,0,1,1,1
2983410,0,416,354,62,0.850961538461538,6.24,1.97962120639763,297,-0.414713384814526,-1.00643849736168,"Windows only",0,0,0,1,0,1,1,1,1,0
2985450,0,43,33,10,0.767441860465116,14.99,2.77196352684586,293,0.681753903235711,-1.0864672778624,"Windows only",1,1,0,1,0,0,0,0,0,0
2987110,0,27,26,1,0.962962962962963,7.99,2.19611284848353,395,-0.115125697072204,0.954266624906066,"Windows only",0,0,0,1,0,0,1,1,1,1
2995560,0,110,87,23,0.790909090909091,9.99,2.39698576841553,325,0.162848330158823,-0.446237033856606,"Windows only",1,0,0,1,1,0,0,0,0,0
3001330,0,278,232,46,0.834532374100719,9.99,2.39698576841553,423,0.162848330158823,1.51446808841113,"Windows + macOS",1,0,1,0,0,0,1,1,0,0
3002400,0,20,15,5,0.75,5.99,1.94448055624572,331,-0.463342080238223,-0.32619386310552,"Windows only",0,0,0,1,0,0,0,0,0,0
3003730,0,36,22,14,0.611111111111111,4.99,1.79009141212736,399,-0.676990451386808,1.03429540540679,"Windows only",0,0,1,1,1,0,0,0,0,0
3006280,0,306,301,5,0.983660130718954,10.49,2.44147709186066,300,0.224416770340151,-0.946416911986132,"Windows only",1,0,1,1,0,0,0,1,1,1
3008340,0,381,262,119,0.687664041994751,14.99,2.77196352684586,411,0.681753903235711,1.27438174690896,"Windows only",0,0,0,0,0,0,1,0,0,0
3008800,0,24,24,0,1,4.99,1.79009141212736,426,-0.676990451386808,1.57448967378668,"Windows only",1,0,0,1,0,0,0,1,1,1
3012220,0,157,99,58,0.630573248407643,34.99,3.58324112209094,326,1.80442439773998,-0.426229838731425,"Windows only",1,0,0,0,0,0,0,0,0,0
3013500,0,51,50,1,0.980392156862745,4.99,1.79009141212736,348,-0.676990451386808,0.0139284540225572,"Windows + Linux",0,1,0,1,0,1,0,1,1,1
3015920,0,25,21,4,0.84,7.99,2.19611284848353,277,-0.115125697072204,-1.4065823998653,"Windows + macOS",1,1,0,1,1,0,1,1,0,0
3019870,0,55,53,2,0.963636363636364,0.99,0.688134638736401,282,-2.20191159176594,-1.30654642423939,"Windows only",0,0,1,1,0,0,0,1,1,1
3024040,0,10580,9813,767,0.927504725897921,19.99,3.04404613383254,425,1.0582700510032,1.5544824786615,"Windows only",0,0,0,0,0,1,1,1,1,1
3024370,0,53,48,5,0.905660377358491,1.59,0.951657875711446,284,-1.83724015932145,-1.26653203398903,"Windows + macOS + Linux",0,1,0,1,1,0,1,1,1,1
3032010,0,120,106,14,0.883333333333333,9.99,2.39698576841553,383,0.162848330158823,0.714180283403893,"Windows only",0,1,0,1,0,0,0,1,1,0
3032520,0,22,22,0,1,7.99,2.19611284848353,300,-0.115125697072204,-0.946416911986132,"Windows + macOS + Linux",0,1,1,1,0,0,0,1,1,1
3034350,0,21,11,10,0.523809523809524,15.99,2.83262493568384,290,0.76569899706871,-1.14648886323794,"Windows only",1,1,0,1,0,0,0,0,0,0
3035880,0,63,59,4,0.936507936507937,9.99,2.39698576841553,398,0.162848330158823,1.01428821028161,"Windows + Linux",1,1,1,1,0,0,0,1,1,1
3036800,0,76,71,5,0.934210526315789,9.99,2.39698576841553,263,0.162848330158823,-1.68668313161783,"Windows + macOS",1,0,1,1,0,0,0,1,1,1
3039910,0,459,355,104,0.773420479302832,6.99,2.07819075977818,410,-0.278309853045123,1.25437455178378,"Windows only",1,0,0,1,0,0,0,0,0,0
3040180,0,53,45,8,0.849056603773585,5.99,1.94448055624572,352,-0.463342080238223,0.0939572345232813,"Windows + macOS + Linux",1,0,1,1,0,0,0,1,0,0
3043580,0,1021,930,91,0.910871694417238,19.99,3.04404613383254,331,1.0582700510032,-0.32619386310552,"Windows only",0,1,0,0,0,0,0,1,1,1
3044220,0,90,62,28,0.688888888888889,2.99,1.38379123090177,402,-1.2392409412896,1.09431699078233,"Windows only",0,1,0,1,0,1,0,0,0,0
3045660,0,104,92,12,0.884615384615385,8.99,2.30158459266046,298,0.0308292952576109,-0.986431302236494,"Windows only",1,1,1,1,1,0,0,1,1,0
3047310,0,42,33,9,0.785714285714286,17.99,2.94391252482419,296,0.919702131710493,-1.02644569248686,"Windows only",1,0,0,0,0,0,0,0,0,0
3047510,0,182,182,0,1,14.99,2.77196352684586,299,0.681753903235711,-0.966424107111313,"Windows only",1,0,0,1,0,0,0,1,1,1
3051490,0,39,36,3,0.923076923076923,49.99,3.93162953506706,348,2.28653482969061,0.0139284540225572,"Windows only",0,1,0,0,1,0,0,1,1,1
3054820,0,1941,1917,24,0.987635239567233,16.66,2.87130219517581,318,0.819221759553981,-0.586287399732874,"Windows + macOS",0,1,0,1,0,0,0,1,1,1
3055230,0,432,314,118,0.726851851851852,5.99,1.94448055624572,360,-0.463342080238223,0.25401479552473,"Windows only",0,1,0,0,0,1,0,0,0,0
3055530,0,20,20,0,1,9.99,2.39698576841553,433,0.162848330158823,1.71454003966294,"Windows + Linux",0,1,1,1,0,0,0,1,1,1
3058360,0,425,399,26,0.938823529411765,19.99,3.04404613383254,385,1.0582700510032,0.754194673654255,"Windows only",0,0,1,1,0,1,1,1,1,1
3065870,0,79,53,26,0.670886075949367,12.99,2.63834278867739,271,0.49684548092151,-1.52662557061638,"Windows only",1,1,0,1,1,0,0,0,0,0
3067620,0,27,23,4,0.851851851851852,9.99,2.39698576841553,397,0.162848330158823,0.994281015156428,"Windows only",0,1,0,0,0,0,0,1,1,0
3068670,0,224,205,19,0.915178571428571,15.99,2.83262493568384,298,0.76569899706871,-0.986431302236494,"Windows + macOS",0,0,0,1,1,0,0,1,1,1
3070390,0,108,108,0,1,9.99,2.39698576841553,313,0.162848330158823,-0.686323375358779,"Windows only",0,1,0,1,1,0,0,1,1,1
3070650,0,27,25,2,0.925925925925926,10.99,2.48407296903942,405,0.283362234600968,1.15433857615788,"Windows only",0,1,0,1,1,1,0,1,1,1
3070880,0,830,656,174,0.790361445783132,9.59,2.35991015961332,378,0.111541980381648,0.614144307777988,"Windows only",0,1,1,1,0,1,0,0,0,0
3075800,0,190,146,44,0.768421052631579,4.99,1.79009141212736,329,-0.676990451386808,-0.366208253355882,"Windows only",1,1,0,1,0,0,0,0,0,0
3076240,0,134,107,27,0.798507462686567,7.99,2.19611284848353,419,-0.115125697072204,1.43443930791041,"Windows only",0,1,1,0,0,0,0,0,0,0
3077570,0,701,626,75,0.893009985734665,12,2.56494935746154,360,0.395281429110642,0.25401479552473,"Windows + macOS",0,0,1,1,0,0,0,1,1,0
3080530,0,141,132,9,0.936170212765957,17.99,2.94391252482419,394,0.919702131710493,0.934259429780884,"Windows + Linux",1,0,0,1,0,0,0,1,1,1
3083990,0,50,48,2,0.96,4.99,1.79009141212736,299,-0.676990451386808,-0.966424107111313,"Windows only",1,1,0,1,1,1,0,1,1,1
3084740,0,74,73,1,0.986486486486487,14.99,2.77196352684586,354,0.681753903235711,0.133971624773643,"Windows + macOS",0,0,0,1,0,0,1,1,1,1
3086120,0,61,51,10,0.836065573770492,8.99,2.30158459266046,385,0.0308292952576109,0.754194673654255,"Windows only",0,0,0,0,0,0,1,1,0,0
3086580,0,100,77,23,0.77,29.99,3.43366457179966,290,1.59743583961146,-1.14648886323794,"Windows only",0,1,0,1,0,0,0,0,0,0
3094480,0,604,434,170,0.718543046357616,12.99,2.63834278867739,377,0.49684548092151,0.594137112652807,"Windows only",1,1,0,0,0,0,0,0,0,0
3098140,0,1672,1034,638,0.618421052631579,19.99,3.04404613383254,326,1.0582700510032,-0.426229838731425,"Windows only",0,1,0,0,1,0,1,0,0,0
3098170,0,108,90,18,0.833333333333333,24.99,3.2577118486534,284,1.35394713505243,-1.26653203398903,"Windows only",1,0,0,1,1,0,0,1,0,0
3099630,0,169,156,13,0.923076923076923,8.99,2.30158459266046,310,0.0308292952576109,-0.746344960734322,"Windows only",0,0,1,1,1,1,0,1,1,1
3101040,0,29730,28728,1002,0.966296670030272,29.99,3.43366457179966,422,1.59743583961146,1.49446089328595,"Windows + macOS",0,1,0,1,0,1,0,1,1,1
3102750,0,47,42,5,0.893617021276596,4.99,1.79009141212736,265,-0.676990451386808,-1.64666874136747,"Windows only",0,0,0,0,1,0,0,1,1,0
3108990,0,27,17,10,0.62962962962963,5.49,1.870262530716,389,-0.566047230621935,0.834223454154979,"Windows only",1,1,0,1,1,0,0,0,0,0
3109280,0,327,249,78,0.761467889908257,9.99,2.39698576841553,426,0.162848330158823,1.57448967378668,"Windows only",0,0,0,1,0,1,1,0,0,0
3110450,0,89,74,15,0.831460674157303,19.99,3.04404613383254,283,1.0582700510032,-1.28653922911421,"Windows + macOS + Linux",0,1,0,1,0,0,0,1,0,0
3113650,0,22,22,0,1,0.99,0.688134638736401,408,-2.20191159176594,1.21436016153342,"Windows only",1,0,0,0,0,0,0,1,1,1
3114900,0,1452,1212,240,0.834710743801653,4.79,1.7561322915849,430,-0.723984110370833,1.6545184542874,"Windows only",0,1,1,1,1,1,0,1,0,0
3119050,0,49,36,13,0.73469387755102,1.49,0.912282710476616,286,-1.89172870490001,-1.22651764373867,"Windows only",1,1,0,1,0,1,0,0,0,0
3120890,0,23,21,2,0.91304347826087,5.99,1.94448055624572,362,-0.463342080238223,0.294029185775092,"Windows + macOS",0,0,1,0,0,1,0,1,1,1
3126880,0,26,19,7,0.730769230769231,7.99,2.19611284848353,395,-0.115125697072204,0.954266624906066,"Windows + macOS",1,1,0,0,1,0,1,0,0,0
3127000,0,307,273,34,0.889250814332248,9.99,2.39698576841553,325,0.162848330158823,-0.446237033856606,"Windows only",0,0,0,1,1,0,0,1,1,0
3130800,0,208,208,0,1,3.99,1.60743590976343,417,-0.929754664727241,1.39442491766005,"Windows only",0,1,1,1,0,0,0,1,1,1
3134570,0,29,25,4,0.862068965517241,14.99,2.77196352684586,286,0.681753903235711,-1.22651764373867,"Windows + macOS",0,0,1,1,1,0,1,1,1,0
3135270,0,26,19,7,0.730769230769231,4.99,1.79009141212736,327,-0.676990451386808,-0.406222643606244,"Windows only",1,1,0,1,0,0,0,0,0,0
3136490,0,46,37,9,0.804347826086957,9.99,2.39698576841553,415,0.162848330158823,1.35441052740969,"Windows only",0,0,0,1,0,1,1,1,0,0
3141140,0,41,37,4,0.902439024390244,1.99,1.0952733874026,392,-1.63850066685453,0.894245039530522,"Windows only",0,0,1,1,0,0,0,1,1,1
3141310,0,616,540,76,0.876623376623377,19.99,3.04404613383254,395,1.0582700510032,0.954266624906066,"Windows only",0,1,0,1,1,0,1,1,1,0
3141330,0,168,134,34,0.797619047619048,39.99,3.71332813451625,313,1.98444274340129,-0.686323375358779,"Windows only",1,1,0,0,0,0,0,0,0,0
3143300,0,81,80,1,0.987654320987654,29.99,3.43366457179966,307,1.59743583961146,-0.806366546109865,"Windows only",0,1,1,0,0,0,0,1,1,1
3148060,0,572,556,16,0.972027972027972,24.99,3.2577118486534,298,1.35394713505243,-0.986431302236494,"Windows + macOS",0,1,0,1,0,0,0,1,1,1
3151420,0,45,34,11,0.755555555555556,1.99,1.0952733874026,417,-1.63850066685453,1.39442491766005,"Windows only",0,0,1,1,0,0,1,0,0,0
3154800,0,174,164,10,0.942528735632184,9.99,2.39698576841553,338,0.162848330158823,-0.186143497229253,"Windows + macOS",0,0,1,1,0,1,0,1,1,1
3160500,0,74,54,20,0.72972972972973,11.99,2.56417983068251,356,0.394216534659459,0.173986015024005,"Windows only",0,0,1,1,1,0,1,0,0,0
3164400,0,39,38,1,0.974358974358974,4.99,1.79009141212736,400,-0.676990451386808,1.05430260053197,"Windows + macOS + Linux",1,0,1,1,0,0,1,1,1,1
3167020,0,83387,71481,11906,0.857219950351973,17.99,2.94391252482419,332,0.919702131710493,-0.306186667980339,"Windows + macOS",1,1,0,1,1,0,0,1,1,0
3167260,0,381,364,17,0.955380577427822,7.19,2.10291389786498,297,-0.244097226165892,-1.00643849736168,"Windows only",1,0,0,0,0,0,1,1,1,1
3167280,0,195,158,37,0.81025641025641,12.99,2.63834278867739,408,0.49684548092151,1.21436016153342,"Windows only",1,0,0,1,0,0,0,1,0,0
3168400,0,23,22,1,0.956521739130435,5.99,1.94448055624572,347,-0.463342080238223,-0.00607874110262382,"Windows only",0,1,0,1,0,0,0,1,1,1
3168930,0,34,20,14,0.588235294117647,2.99,1.38379123090177,300,-1.2392409412896,-0.946416911986132,"Windows only",1,1,0,1,0,0,0,0,0,0
3172770,0,51,43,8,0.843137254901961,7.99,2.19611284848353,299,-0.115125697072204,-0.966424107111313,"Windows only",1,1,0,1,0,0,0,1,0,0
3180070,0,27097,25246,1851,0.931689854965494,14.99,2.77196352684586,363,0.681753903235711,0.314036380900273,"Windows only",0,0,0,1,0,1,0,1,1,1
3183220,0,98,59,39,0.602040816326531,12.99,2.63834278867739,430,0.49684548092151,1.6545184542874,"Windows only",0,0,0,1,0,0,1,0,0,0
3183410,0,87,80,7,0.919540229885057,14.99,2.77196352684586,324,0.681753903235711,-0.466244228981787,"Windows only",0,1,0,1,0,0,0,1,1,1
3184990,0,272,197,75,0.724264705882353,13.49,2.67345875633259,291,0.545440019959102,-1.12648166811276,"Windows only",0,1,0,1,1,0,0,0,0,0
3185890,0,1132,1082,50,0.95583038869258,10.99,2.48407296903942,353,0.283362234600968,0.113964429648462,"Windows only",0,0,0,1,1,0,1,1,1,1
3186120,0,184,154,30,0.83695652173913,6.99,2.07819075977818,413,-0.278309853045123,1.31439613715932,"Windows only",0,1,0,0,0,0,0,1,0,0
3187010,0,721,693,28,0.961165048543689,10.49,2.44147709186066,311,0.224416770340151,-0.726337765609141,"Windows + macOS + Linux",0,1,1,1,0,0,0,1,1,1
3194360,0,853,704,149,0.825322391559203,19.99,3.04404613383254,360,1.0582700510032,0.25401479552473,"Windows only",1,0,1,1,0,0,0,1,0,0
3196520,0,79,63,16,0.79746835443038,5.99,1.94448055624572,426,-0.463342080238223,1.57448967378668,"Windows only",0,0,1,1,0,1,0,0,0,0
3199430,0,66,61,5,0.924242424242424,4.99,1.79009141212736,432,-0.676990451386808,1.69453284453776,"Windows only",0,0,0,1,0,1,0,1,1,1
3200060,0,175,148,27,0.845714285714286,19.99,3.04404613383254,430,1.0582700510032,1.6545184542874,"Windows only",1,0,0,1,0,0,0,1,0,0
3200220,0,52,33,19,0.634615384615385,16.99,2.88981604796244,292,0.844841789473412,-1.10647447298758,"Windows + Linux",0,1,0,0,0,0,1,0,0,0
3202950,0,53,50,3,0.943396226415094,13.74,2.69056488676119,383,0.569112001066295,0.714180283403893,"Windows + Linux",1,0,0,1,0,0,0,1,1,1
3209480,0,2409,2150,259,0.892486508924865,2.99,1.38379123090177,429,-1.2392409412896,1.63451125916222,"Windows only",0,1,0,1,0,0,0,1,1,0
3213600,0,99,94,5,0.94949494949495,12.99,2.63834278867739,307,0.49684548092151,-0.806366546109865,"Windows only",0,0,0,0,0,1,0,1,1,1
3214220,0,40,23,17,0.575,9.99,2.39698576841553,341,0.162848330158823,-0.12612191185371,"Windows only",1,0,0,0,0,0,0,0,0,0
3214790,0,32,23,9,0.71875,19.99,3.04404613383254,402,1.0582700510032,1.09431699078233,"Windows only",0,0,0,1,1,0,1,0,0,0
3216500,0,700,562,138,0.802857142857143,24.99,3.2577118486534,373,1.35394713505243,0.514108332152083,"Windows only",0,1,0,0,0,0,0,1,0,0
3220180,0,21,19,2,0.904761904761905,4.99,1.79009141212736,407,-0.676990451386808,1.19435296640824,"Windows only",1,0,1,1,0,1,0,1,1,1
3220620,0,49,38,11,0.775510204081633,7.99,2.19611284848353,429,-0.115125697072204,1.63451125916222,"Windows only",0,1,0,1,0,0,0,0,0,0
3227670,0,21,12,9,0.571428571428571,2.99,1.38379123090177,287,-1.2392409412896,-1.20651044861349,"Windows only",0,0,1,1,1,1,0,0,0,0
3233130,0,115,105,10,0.91304347826087,14.99,2.77196352684586,429,0.681753903235711,1.63451125916222,"Windows only",0,1,0,1,0,1,0,1,1,1
3236710,0,520,405,115,0.778846153846154,11.99,2.56417983068251,360,0.394216534659459,0.25401479552473,"Windows only",1,0,1,0,1,0,0,0,0,0
3237570,0,142,69,73,0.485915492957746,9.99,2.39698576841553,411,0.162848330158823,1.27438174690896,"Windows only",1,1,0,0,0,0,0,0,0,0
3239500,0,46,45,1,0.978260869565217,4.99,1.79009141212736,381,-0.676990451386808,0.674165893153531,"Windows only",0,1,1,1,0,0,0,1,1,1
3239650,0,216,99,117,0.458333333333333,12.49,2.60194867021966,368,0.44648219811245,0.414072356526178,"Windows only",0,0,0,0,0,0,0,0,0,0
3247750,0,4069,3602,467,0.885229786188253,14.99,2.77196352684586,430,0.681753903235711,1.6545184542874,"Windows only",1,0,0,1,0,0,0,1,1,0
3249650,0,1768,1354,414,0.765837104072398,15.88,2.82612948916781,422,0.756710401556007,1.49446089328595,"Windows + macOS",1,0,0,1,0,0,0,0,0,0
3256840,0,21,21,0,1,2.99,1.38379123090177,401,-1.2392409412896,1.07430979565715,"Windows only",1,1,0,1,0,0,0,1,1,1
3265060,0,2147,2097,50,0.976711690731253,6.99,2.07819075977818,331,-0.278309853045123,-0.32619386310552,"Windows only",1,1,0,1,1,0,0,1,1,1
3272170,0,139,134,5,0.964028776978417,6.99,2.07819075977818,389,-0.278309853045123,0.834223454154979,"Windows only",0,1,1,1,0,0,1,1,1,1
3279410,0,63,58,5,0.920634920634921,12.99,2.63834278867739,282,0.49684548092151,-1.30654642423939,"Windows + macOS + Linux",0,0,1,1,0,0,0,1,1,1
3290390,0,94,83,11,0.882978723404255,18.99,2.99523214851231,326,0.990719780467703,-0.426229838731425,"Windows only",1,0,0,0,0,0,0,1,1,0
3290600,0,39,28,11,0.717948717948718,10.99,2.48407296903942,424,0.283362234600968,1.53447528353632,"Windows only",0,0,1,1,1,1,0,0,0,0
3293010,0,9479,9016,463,0.951155185146112,12.99,2.63834278867739,360,0.49684548092151,0.25401479552473,"Windows only",0,0,1,1,0,1,0,1,1,1
3294020,0,22,21,1,0.954545454545455,9.99,2.39698576841553,395,0.162848330158823,0.954266624906066,"Windows + Linux",0,1,0,1,0,0,0,1,1,1
3297940,0,22,13,9,0.590909090909091,2.99,1.38379123090177,382,-1.2392409412896,0.694173088278712,"Windows only",1,1,0,1,0,1,0,0,0,0
3299340,0,23,19,4,0.826086956521739,9.99,2.39698576841553,393,0.162848330158823,0.914252234655703,"Windows only",0,0,1,1,1,0,0,1,0,0
3308870,0,2674,2541,133,0.950261780104712,3.49,1.50185270175416,417,-1.07586390408236,1.39442491766005,"Windows + macOS",0,1,1,1,0,1,0,1,1,1
3309750,0,486,485,1,0.997942386831276,9.99,2.39698576841553,320,0.162848330158823,-0.546273009482512,"Windows + macOS",0,1,0,1,0,0,0,1,1,1
3314790,0,24603,22176,2427,0.901353493476405,9.99,2.39698576841553,352,0.162848330158823,0.0939572345232813,"Windows only",1,1,0,1,0,1,1,1,1,1
3323850,0,394,375,19,0.951776649746193,14.99,2.77196352684586,355,0.681753903235711,0.153978819898824,"Windows + macOS",0,0,1,1,0,0,0,1,1,1
3325500,0,557,436,121,0.782764811490126,19.99,3.04404613383254,389,1.0582700510032,0.834223454154979,"Windows only",0,0,1,1,0,1,1,0,0,0
3327640,0,153,124,29,0.810457516339869,24.99,3.2577118486534,410,1.35394713505243,1.25437455178378,"Windows only",0,1,1,0,0,0,0,1,0,0
3328180,0,62,56,6,0.903225806451613,17.99,2.94391252482419,338,0.919702131710493,-0.186143497229253,"Windows only",0,1,0,0,0,0,0,1,1,1
3339810,0,89,86,3,0.966292134831461,5.99,1.94448055624572,325,-0.463342080238223,-0.446237033856606,"Windows only",1,0,0,1,0,0,0,1,1,1
3341510,0,109,83,26,0.761467889908257,29.99,3.43366457179966,383,1.59743583961146,0.714180283403893,"Windows only",1,0,0,0,1,0,0,0,0,0
3342800,0,137,130,7,0.948905109489051,10.99,2.48407296903942,291,0.283362234600968,-1.12648166811276,"Windows only",0,1,0,1,0,0,0,1,1,1
3343940,0,33,26,7,0.787878787878788,3.99,1.60743590976343,425,-0.929754664727241,1.5544824786615,"Windows only",1,1,1,1,1,0,0,0,0,0
3348910,0,27,15,12,0.555555555555556,12.49,2.60194867021966,405,0.44648219811245,1.15433857615788,"Windows only",0,1,1,0,0,1,0,0,0,0
3354220,0,173,143,30,0.826589595375723,11.99,2.56417983068251,290,0.394216534659459,-1.14648886323794,"Windows only",0,0,1,1,0,1,0,1,0,0
3356350,0,31,30,1,0.967741935483871,3.99,1.60743590976343,313,-0.929754664727241,-0.686323375358779,"Windows only",1,0,1,1,0,1,0,1,1,1
3356360,0,20,18,2,0.9,4.99,1.79009141212736,265,-0.676990451386808,-1.64666874136747,"Windows only",1,0,1,1,0,1,0,1,1,1
3359900,0,84,68,16,0.80952380952381,19.99,3.04404613383254,351,1.0582700510032,0.0739500393981003,"Windows only",1,0,0,0,0,0,0,1,0,0
3359910,0,38,32,6,0.842105263157895,19.99,3.04404613383254,337,1.0582700510032,-0.206150692354434,"Windows only",1,0,0,0,0,0,0,1,0,0
3360890,0,79,60,19,0.759493670886076,19.99,3.04404613383254,297,1.0582700510032,-1.00643849736168,"Windows only",0,0,0,0,1,1,1,0,0,0
3362660,0,167,67,100,0.401197604790419,19.99,3.04404613383254,397,1.0582700510032,0.994281015156428,"Windows only",1,1,0,0,0,0,0,0,0,0
3362960,0,259,240,19,0.926640926640927,16.99,2.88981604796244,355,0.844841789473412,0.153978819898824,"Windows + macOS + Linux",0,0,1,1,0,1,0,1,1,1
3364070,0,417,388,29,0.930455635491607,29.99,3.43366457179966,326,1.59743583961146,-0.426229838731425,"Windows + macOS + Linux",0,1,1,1,1,1,1,1,1,1
3365030,0,250,191,59,0.764,39.99,3.71332813451625,305,1.98444274340129,-0.846380936360227,"Windows only",1,1,1,0,1,1,0,0,0,0
3370100,0,215,192,23,0.893023255813953,8.99,2.30158459266046,408,0.0308292952576109,1.21436016153342,"Windows only",0,0,0,0,1,0,0,1,1,0
3371110,0,37,24,13,0.648648648648649,19.99,3.04404613383254,325,1.0582700510032,-0.446237033856606,"Windows only",0,1,0,0,1,1,1,0,0,0
3371480,0,356,272,84,0.764044943820225,3.99,1.60743590976343,365,-0.929754664727241,0.354050771150635,"Windows only",0,0,1,1,1,0,0,0,0,0
3373830,0,60,46,14,0.766666666666667,9.99,2.39698576841553,384,0.162848330158823,0.734187478529074,"Windows only",0,0,1,1,0,1,0,0,0,0
3375780,0,4593,4380,213,0.953625081645983,59.99,4.11070991630837,359,2.53435168219896,0.234007600399549,"Windows only",1,1,0,0,1,0,0,1,1,1
3385370,0,315,280,35,0.888888888888889,9.99,2.39698576841553,429,0.162848330158823,1.63451125916222,"Windows + macOS + Linux",1,0,0,1,0,0,0,1,1,0
3385960,0,208,177,31,0.850961538461538,24.99,3.2577118486534,310,1.35394713505243,-0.746344960734322,"Windows only",1,0,0,0,0,0,1,1,1,0
3386100,0,26,24,2,0.923076923076923,3.99,1.60743590976343,382,-0.929754664727241,0.694173088278712,"Windows only",1,0,0,1,0,0,0,1,1,1
3387320,0,21,17,4,0.80952380952381,4.99,1.79009141212736,283,-0.676990451386808,-1.28653922911421,"Windows only",0,1,0,1,1,0,0,1,0,0
3390310,0,41,39,2,0.951219512195122,14.99,2.77196352684586,299,0.681753903235711,-0.966424107111313,"Windows + Linux",0,1,1,1,0,0,0,1,1,1
3391420,0,96,53,43,0.552083333333333,6.99,2.07819075977818,327,-0.278309853045123,-0.406222643606244,"Windows only",0,0,1,1,1,0,0,0,0,0
3395760,0,152,134,18,0.881578947368421,8.99,2.30158459266046,276,0.0308292952576109,-1.42658959499048,"Windows + macOS",0,0,1,1,0,1,0,1,1,0
3396670,0,46,46,0,1,12.99,2.63834278867739,303,0.49684548092151,-0.886395326610589,"Windows only",0,1,1,1,0,0,0,1,1,1
3396740,0,63,28,35,0.444444444444444,5.99,1.94448055624572,391,-0.463342080238223,0.874237844405341,"Windows only",1,1,1,1,0,0,0,0,0,0
3400380,0,60,59,1,0.983333333333333,7.49,2.13888900032326,416,-0.194313790380912,1.37441772253487,"Windows + macOS + Linux",1,0,0,1,1,0,0,1,1,1
3400530,0,39,26,13,0.666666666666667,10.99,2.48407296903942,276,0.283362234600968,-1.42658959499048,"Windows only",0,0,1,1,0,1,0,0,0,0
3404590,0,27,26,1,0.962962962962963,9.99,2.39698576841553,278,0.162848330158823,-1.38657520474011,"Windows + macOS + Linux",0,0,1,1,0,0,0,1,1,1
3405340,0,99706,94028,5678,0.943052574569234,9.99,2.39698576841553,360,0.162848330158823,0.25401479552473,"Windows + Linux",1,0,1,1,0,0,0,1,1,1
3406620,0,121,57,64,0.471074380165289,59.99,4.11070991630837,382,2.53435168219896,0.694173088278712,"Windows only",0,0,0,0,1,0,0,0,0,0
3406910,0,734,630,104,0.858310626702997,16.79,2.87863650167774,263,0.829371194908324,-1.68668313161783,"Windows + macOS",0,1,0,0,1,1,0,1,1,0
3410630,0,296,287,9,0.969594594594595,14.99,2.77196352684586,370,0.681753903235711,0.45408674677654,"Windows only",0,1,0,0,0,0,0,1,1,1
3412620,0,270,261,9,0.966666666666667,6.99,2.07819075977818,412,-0.278309853045123,1.29438894203414,"Windows + macOS + Linux",0,0,1,1,0,0,0,1,1,1
3415230,0,860,745,115,0.866279069767442,7.49,2.13888900032326,356,-0.194313790380912,0.173986015024005,"Windows + macOS + Linux",0,0,1,1,1,1,1,1,1,0
3415240,0,647,439,208,0.678516228748068,3.99,1.60743590976343,365,-0.929754664727241,0.354050771150635,"Windows + macOS + Linux",0,0,1,1,0,1,1,0,0,0
3415340,0,20,20,0,1,8.99,2.30158459266046,408,0.0308292952576109,1.21436016153342,"Windows only",1,1,0,1,0,0,0,1,1,1
3415580,0,163,128,35,0.785276073619632,19.99,3.04404613383254,429,1.0582700510032,1.63451125916222,"Windows only",0,0,0,0,0,0,1,0,0,0
3418150,0,231,186,45,0.805194805194805,9.99,2.39698576841553,380,0.162848330158823,0.65415869802835,"Windows + Linux",0,0,1,1,0,0,1,1,0,0
3419690,0,27,24,3,0.888888888888889,29.99,3.43366457179966,324,1.59743583961146,-0.466244228981787,"Windows only",1,1,1,0,0,1,0,1,1,0
3422180,0,23,23,0,1,9.99,2.39698576841553,359,0.162848330158823,0.234007600399549,"Windows + macOS + Linux",0,1,0,1,0,0,0,1,1,1
3424920,0,51,34,17,0.666666666666667,6.99,2.07819075977818,423,-0.278309853045123,1.51446808841113,"Windows + macOS",0,1,1,1,1,0,1,0,0,0
3425460,0,513,474,39,0.923976608187134,15.99,2.83262493568384,420,0.76569899706871,1.45444650303559,"Windows only",0,0,1,1,0,1,0,1,1,1
3431340,0,34,34,0,1,0.99,0.688134638736401,294,-2.20191159176594,-1.06646008273722,"Windows only",1,0,1,1,0,0,0,1,1,1
3432750,0,396,321,75,0.810606060606061,12.99,2.63834278867739,313,0.49684548092151,-0.686323375358779,"Windows only",0,0,1,1,0,1,0,1,0,0
3432800,0,28,27,1,0.964285714285714,5.99,1.94448055624572,328,-0.463342080238223,-0.386215448481063,"Windows only",1,0,0,1,0,0,0,1,1,1
3433230,0,120,110,10,0.916666666666667,9.99,2.39698576841553,341,0.162848330158823,-0.12612191185371,"Windows only",0,1,0,1,0,0,0,1,1,1
3435920,0,25,25,0,1,4.99,1.79009141212736,401,-0.676990451386808,1.07430979565715,"Windows only",1,1,0,1,1,0,0,1,1,1
3437170,0,388,301,87,0.775773195876289,3.74,1.55603713570699,417,-1.00088184416011,1.39442491766005,"Windows only",0,1,1,1,0,1,1,0,0,0
3442880,0,66,63,3,0.954545454545455,11.99,2.56417983068251,373,0.394216534659459,0.514108332152083,"Windows only",0,0,1,0,0,0,0,1,1,1
3443080,0,170,166,4,0.976470588235294,9.99,2.39698576841553,356,0.162848330158823,0.173986015024005,"Windows + macOS",1,1,0,0,0,0,0,1,1,1
3444080,0,379,266,113,0.701846965699208,11.99,2.56417983068251,432,0.394216534659459,1.69453284453776,"Windows only",0,0,1,0,0,1,0,0,0,0
3444220,0,263,241,22,0.916349809885932,5.99,1.94448055624572,396,-0.463342080238223,0.974273820031247,"Windows only",1,0,1,1,0,0,0,1,1,1
3445800,0,69,60,9,0.869565217391304,8.99,2.30158459266046,402,0.0308292952576109,1.09431699078233,"Windows only",0,0,1,1,0,1,0,1,1,0
3445830,0,132,130,2,0.984848484848485,5.99,1.94448055624572,430,-0.463342080238223,1.6545184542874,"Windows + macOS + Linux",0,1,0,0,0,0,0,1,1,1
3446680,0,1767,1722,45,0.974533106960951,7.99,2.19611284848353,360,-0.115125697072204,0.25401479552473,"Windows + macOS",0,1,1,0,1,1,0,1,1,1
3447040,0,5170,5030,140,0.972920696324952,59.99,4.11070991630837,359,2.53435168219896,0.234007600399549,"Windows only",0,0,0,0,1,0,0,1,1,1
3447510,0,267,218,49,0.816479400749064,5.99,1.94448055624572,413,-0.463342080238223,1.31439613715932,"Windows only",0,0,1,1,0,1,1,1,0,0
3448870,0,29,26,3,0.896551724137931,9.99,2.39698576841553,348,0.162848330158823,0.0139284540225572,"Windows + macOS + Linux",0,1,0,1,0,0,0,1,1,0
3449030,0,131,128,3,0.977099236641221,7.99,2.19611284848353,439,-0.115125697072204,1.83458321041403,"Windows + macOS + Linux",0,1,1,1,0,0,0,1,1,1
3449040,0,604,535,69,0.885761589403974,4.89,1.7732559976635,368,-0.700287807547149,0.414072356526178,"Windows only",1,0,0,1,1,0,0,1,1,0
3454570,0,67,55,12,0.82089552238806,2.99,1.38379123090177,362,-1.2392409412896,0.294029185775092,"Windows only",1,1,0,1,0,1,0,1,0,0
3454980,0,1207,767,440,0.635459817729909,49.99,3.93162953506706,319,2.28653482969061,-0.566280204607693,"Windows only",1,0,0,0,0,0,0,0,0,0
3456830,0,38,28,10,0.736842105263158,9.99,2.39698576841553,430,0.162848330158823,1.6545184542874,"Windows only",0,1,0,1,0,0,0,0,0,0
3461520,0,34,34,0,1,2.99,1.38379123090177,398,-1.2392409412896,1.01428821028161,"Windows only",0,0,1,1,0,0,0,1,1,1
3463910,0,44,43,1,0.977272727272727,4.99,1.79009141212736,388,-0.676990451386808,0.814216259029798,"Windows only",1,0,0,1,0,0,0,1,1,1
3466450,0,28,27,1,0.964285714285714,1.99,1.0952733874026,385,-1.63850066685453,0.754194673654255,"Windows only",0,0,1,1,0,0,0,1,1,1
3467710,0,1738,1275,463,0.733601841196778,11.99,2.56417983068251,306,0.394216534659459,-0.826373741235046,"Windows + macOS",1,1,0,1,0,0,1,0,0,0
3468400,0,93,72,21,0.774193548387097,9.99,2.39698576841553,283,0.162848330158823,-1.28653922911421,"Windows only",0,0,1,1,0,1,0,0,0,0
3468660,0,501,179,322,0.357285429141717,59.99,4.11070991630837,424,2.53435168219896,1.53447528353632,"Windows only",0,0,0,0,0,1,0,0,0,0
3469230,0,137,104,33,0.759124087591241,29.99,3.43366457179966,367,1.59743583961146,0.394065161400997,"Windows only",1,0,0,0,0,0,0,0,0,0
3470170,0,311,305,6,0.980707395498392,9.99,2.39698576841553,401,0.162848330158823,1.07430979565715,"Windows only",0,1,1,1,1,0,1,1,1,1
3473610,0,30,27,3,0.9,11.99,2.56417983068251,423,0.394216534659459,1.51446808841113,"Windows + macOS + Linux",0,0,1,1,0,1,1,1,1,1
3480790,0,48,46,2,0.958333333333333,9.99,2.39698576841553,308,0.162848330158823,-0.786359350984684,"Windows only",1,0,0,1,0,0,0,1,1,1
3481710,0,105,99,6,0.942857142857143,3.99,1.60743590976343,331,-0.929754664727241,-0.32619386310552,"Windows only",0,1,0,1,0,0,0,1,1,1
3484640,0,391,374,17,0.956521739130435,13.99,2.70738331211451,422,0.592385847181183,1.49446089328595,"Windows only",1,0,0,1,0,1,0,1,1,1
3488580,0,25,22,3,0.88,7.99,2.19611284848353,419,-0.115125697072204,1.43443930791041,"Windows + macOS + Linux",0,0,1,1,0,0,1,1,1,0
3488970,0,1859,1614,245,0.868208714362561,9.99,2.39698576841553,396,0.162848330158823,0.974273820031247,"Windows only",0,0,0,0,1,0,1,1,1,0
3489240,0,26,20,6,0.769230769230769,24.99,3.2577118486534,318,1.35394713505243,-0.586287399732874,"Windows only",1,1,0,0,0,0,0,0,0,0
3489460,0,40,38,2,0.95,2.99,1.38379123090177,321,-1.2392409412896,-0.526265814357331,"Windows only",0,1,0,1,1,0,0,1,1,1
3494210,0,41,35,6,0.853658536585366,5.99,1.94448055624572,321,-0.463342080238223,-0.526265814357331,"Windows + macOS",1,0,0,0,0,0,0,1,1,0
3495040,0,32,28,4,0.875,1.99,1.0952733874026,329,-1.63850066685453,-0.366208253355882,"Windows only",0,0,1,1,0,0,0,1,1,0
3495050,0,40,39,1,0.975,1.99,1.0952733874026,416,-1.63850066685453,1.37441772253487,"Windows only",0,0,1,1,0,0,0,1,1,1
3500750,0,220,214,6,0.972727272727273,3.99,1.60743590976343,437,-0.929754664727241,1.79456882016367,"Windows only",0,1,0,1,0,0,0,1,1,1
3504570,0,94,73,21,0.776595744680851,9.99,2.39698576841553,380,0.162848330158823,0.65415869802835,"Windows only",1,1,0,0,0,0,0,0,0,0
3505350,0,20,20,0,1,5.99,1.94448055624572,439,-0.463342080238223,1.83458321041403,"Windows only",0,0,0,1,0,0,0,1,1,1
3505600,0,39,32,7,0.82051282051282,6.99,2.07819075977818,259,-0.278309853045123,-1.76671191211855,"Windows only",0,1,0,1,0,1,0,1,0,0
3511130,0,36,28,8,0.777777777777778,12.99,2.63834278867739,417,0.49684548092151,1.39442491766005,"Windows + macOS",1,0,1,1,0,0,0,0,0,0
3513000,0,67,60,7,0.895522388059702,2.99,1.38379123090177,340,-1.2392409412896,-0.146129106978891,"Windows only",0,0,1,1,0,1,0,1,1,0
3514440,0,33,28,5,0.848484848484849,7.99,2.19611284848353,325,-0.115125697072204,-0.446237033856606,"Windows only",1,0,0,0,0,0,0,1,0,0
3516180,0,366,318,48,0.868852459016393,9.99,2.39698576841553,433,0.162848330158823,1.71454003966294,"Windows + macOS + Linux",0,1,0,0,1,1,0,1,1,0
3516890,0,26,14,12,0.538461538461538,10.99,2.48407296903942,319,0.283362234600968,-0.566280204607693,"Windows only",1,1,0,1,1,0,0,0,0,0
3520030,0,183,167,16,0.912568306010929,3.99,1.60743590976343,367,-0.929754664727241,0.394065161400997,"Windows only",0,1,1,1,0,0,0,1,1,1
3521270,0,53,41,12,0.773584905660377,6.79,2.05284085988266,313,-0.313389811887999,-0.686323375358779,"Windows only",1,1,0,1,0,0,0,0,0,0
3521410,0,1034,928,106,0.897485493230174,4.99,1.79009141212736,316,-0.676990451386808,-0.626301789983236,"Windows + macOS + Linux",0,0,1,1,0,1,1,1,1,0
3527810,0,39,27,12,0.692307692307692,29.99,3.43366457179966,352,1.59743583961146,0.0939572345232813,"Windows only",0,1,0,0,0,0,0,0,0,0
3527920,0,49,34,15,0.693877551020408,6.99,2.07819075977818,296,-0.278309853045123,-1.02644569248686,"Windows only",0,1,0,1,0,0,0,0,0,0
3528450,0,9839,9335,504,0.948775282040858,5.59,1.88555334851442,391,-0.544887334083762,0.874237844405341,"Windows + macOS",0,0,1,1,1,1,0,1,1,1
3528970,0,255,204,51,0.8,24.99,3.2577118486534,300,1.35394713505243,-0.946416911986132,"Windows only",1,1,0,1,0,1,0,1,0,0
3530490,0,34,33,1,0.970588235294118,5.99,1.94448055624572,394,-0.463342080238223,0.934259429780884,"Windows only",0,0,0,1,1,0,1,1,1,1
3531960,0,40,24,16,0.6,14.99,2.77196352684586,408,0.681753903235711,1.21436016153342,"Windows only",0,1,0,0,0,0,0,0,0,0
3531980,0,48,30,18,0.625,14.99,2.77196352684586,373,0.681753903235711,0.514108332152083,"Windows only",0,1,0,0,1,0,0,0,0,0
3531990,0,58,45,13,0.775862068965517,14.99,2.77196352684586,352,0.681753903235711,0.0939572345232813,"Windows only",0,0,0,0,1,0,0,0,0,0
3532890,0,80,63,17,0.7875,4.99,1.79009141212736,360,-0.676990451386808,0.25401479552473,"Windows + macOS",0,1,1,1,0,0,1,0,0,0
3535110,0,20,18,2,0.9,2.99,1.38379123090177,405,-1.2392409412896,1.15433857615788,"Windows only",0,0,1,1,0,0,1,1,1,1
3536480,0,373,239,134,0.640750670241287,1.63,0.966983846189673,430,-1.81603161744085,1.6545184542874,"Windows only",1,1,1,1,1,0,0,0,0,0
3540550,0,102,96,6,0.941176470588235,1.25,0.810930216216329,366,-2.03198335450125,0.374057966275816,"Windows only",0,1,0,1,0,0,0,1,1,1
3541750,0,67,64,3,0.955223880597015,3.99,1.60743590976343,300,-0.929754664727241,-0.946416911986132,"Windows only",0,1,0,0,1,0,0,1,1,1
3550490,0,170,127,43,0.747058823529412,3.17,1.42791603581071,328,-1.17817970055355,-0.386215448481063,"Windows only",0,1,1,1,0,0,0,0,0,0
3551100,0,60,51,9,0.85,3.99,1.60743590976343,375,-0.929754664727241,0.554122722402445,"Windows only",1,1,0,1,0,1,0,1,1,0
3552820,0,269,172,97,0.639405204460966,9.99,2.39698576841553,321,0.162848330158823,-0.526265814357331,"Windows only",1,0,1,1,0,0,0,0,0,0
3555840,0,21,18,3,0.857142857142857,9.99,2.39698576841553,291,0.162848330158823,-1.12648166811276,"Windows + macOS",0,0,1,1,0,1,0,1,1,0
3555980,0,352,334,18,0.948863636363636,7.19,2.10291389786498,382,-0.244097226165892,0.694173088278712,"Windows only",0,1,0,0,0,0,0,1,1,1
3556730,0,144,122,22,0.847222222222222,14.99,2.77196352684586,387,0.681753903235711,0.794209063904617,"Windows only",0,1,0,0,1,0,0,1,0,0
3556750,0,12237,10490,1747,0.857236250715045,20.99,3.09058780456667,395,1.12267582382915,0.954266624906066,"Windows only",0,0,0,0,0,0,1,1,1,0
3560030,0,279,251,28,0.899641577060932,6.99,2.07819075977818,429,-0.278309853045123,1.63451125916222,"Windows + macOS + Linux",0,1,0,0,1,1,0,1,1,0
3560370,0,253,235,18,0.928853754940711,9.99,2.39698576841553,346,0.162848330158823,-0.0260859362278048,"Windows + macOS",0,1,1,1,0,0,0,1,1,1
3561830,0,43,40,3,0.930232558139535,0.99,0.688134638736401,310,-2.20191159176594,-0.746344960734322,"Windows only",0,0,1,1,0,0,0,1,1,1
3568460,0,304,151,153,0.496710526315789,6.99,2.07819075977818,410,-0.278309853045123,1.25437455178378,"Windows only",1,0,1,1,0,0,0,0,0,0
3570370,0,2728,2625,103,0.962243401759531,4.99,1.79009141212736,342,-0.676990451386808,-0.106114716728529,"Windows + macOS",0,1,1,1,0,0,0,1,1,1
3571710,0,214,164,50,0.766355140186916,19.99,3.04404613383254,300,1.0582700510032,-0.946416911986132,"Windows only",0,0,1,1,0,1,0,0,0,0
3575980,0,574,565,9,0.984320557491289,34.99,3.58324112209094,328,1.80442439773998,-0.386215448481063,"Windows only",0,0,0,1,1,1,0,1,1,1
3582390,0,36,32,4,0.888888888888889,6.99,2.07819075977818,325,-0.278309853045123,-0.446237033856606,"Windows + macOS",0,1,0,1,0,1,1,1,1,0
3583530,0,72,71,1,0.986111111111111,7.99,2.19611284848353,342,-0.115125697072204,-0.106114716728529,"Windows only",1,1,0,1,0,0,0,1,1,1
3583790,0,95,94,1,0.989473684210526,19.99,3.04404613383254,388,1.0582700510032,0.814216259029798,"Windows only",1,0,1,1,0,1,0,1,1,1
3584910,0,33,23,10,0.696969696969697,4.99,1.79009141212736,372,-0.676990451386808,0.494101137026902,"Windows only",1,1,0,1,0,0,1,0,0,0
3587090,0,23,21,2,0.91304347826087,5.99,1.94448055624572,429,-0.463342080238223,1.63451125916222,"Windows only",1,0,1,0,1,0,0,1,1,1
3589720,0,21,13,8,0.619047619047619,2.69,1.30562645805244,296,-1.34740772008628,-1.02644569248686,"Windows only",0,1,1,1,0,0,0,0,0,0
3591360,0,383,379,4,0.989556135770235,2.99,1.38379123090177,322,-1.2392409412896,-0.50625861923215,"Windows only",0,1,0,1,1,0,1,1,1,1
3592140,0,50,45,5,0.9,24.99,3.2577118486534,310,1.35394713505243,-0.746344960734322,"Windows only",1,1,0,1,1,0,0,1,1,1
3594000,0,229,227,2,0.991266375545852,1.99,1.0952733874026,417,-1.63850066685453,1.39442491766005,"Windows only",0,1,0,0,0,0,0,1,1,1
3603110,0,45,40,5,0.888888888888889,0.99,0.688134638736401,425,-2.20191159176594,1.5544824786615,"Windows only",0,0,1,0,0,1,0,1,1,0
3603580,0,199,186,13,0.934673366834171,6.99,2.07819075977818,399,-0.278309853045123,1.03429540540679,"Windows + macOS",0,1,1,1,0,0,0,1,1,1
3604260,0,107,79,28,0.738317757009346,11.99,2.56417983068251,279,0.394216534659459,-1.36656800961493,"Windows only",0,1,0,1,0,1,0,0,0,0
3606360,0,38,24,14,0.631578947368421,14.99,2.77196352684586,345,0.681753903235711,-0.0460931313529859,"Windows only",0,0,0,1,1,1,0,0,0,0
3606830,0,167,122,45,0.730538922155689,10.26,2.42125662271154,402,0.196435073037278,1.09431699078233,"Windows only",0,0,1,1,0,1,0,0,0,0
3609980,0,49,41,8,0.836734693877551,12.99,2.63834278867739,307,0.49684548092151,-0.806366546109865,"Windows + macOS",0,1,0,1,0,0,1,1,0,0
3612060,0,239,163,76,0.682008368200837,4.99,1.79009141212736,395,-0.676990451386808,0.954266624906066,"Windows only",0,0,0,1,1,0,0,0,0,0
3612120,0,33,30,3,0.909090909090909,4.99,1.79009141212736,388,-0.676990451386808,0.814216259029798,"Windows only",0,1,0,1,1,0,0,1,1,1
3612250,0,67,48,19,0.716417910447761,14.99,2.77196352684586,326,0.681753903235711,-0.426229838731425,"Windows only",0,0,1,1,0,1,1,0,0,0
3612480,0,112,88,24,0.785714285714286,9.99,2.39698576841553,419,0.162848330158823,1.43443930791041,"Windows only",0,1,1,1,0,0,1,0,0,0
3612850,0,1074,880,194,0.819366852886406,7.99,2.19611284848353,371,-0.115125697072204,0.474093941901721,"Windows only",0,1,0,1,0,0,0,1,0,0
3614460,0,421,341,80,0.809976247030879,14.99,2.77196352684586,389,0.681753903235711,0.834223454154979,"Windows only",0,0,1,1,0,1,0,1,0,0
3614720,0,54,51,3,0.944444444444444,1.99,1.0952733874026,389,-1.63850066685453,0.834223454154979,"Windows only",1,1,0,1,1,0,0,1,1,1
3617620,0,1177,1112,65,0.944774851316907,14.99,2.77196352684586,342,0.681753903235711,-0.106114716728529,"Windows only",0,0,1,1,0,0,1,1,1,1
3620740,0,137,130,7,0.948905109489051,9.99,2.39698576841553,344,0.162848330158823,-0.0661003264781669,"Windows only",0,0,1,1,1,0,0,1,1,1
3624920,0,47,28,19,0.595744680851064,5.99,1.94448055624572,373,-0.463342080238223,0.514108332152083,"Windows only",0,0,0,0,1,1,1,0,0,0
3625210,0,526,450,76,0.855513307984791,5.59,1.88555334851442,311,-0.544887334083762,-0.726337765609141,"Windows only",0,0,1,1,0,1,0,1,1,0
3625340,0,20,20,0,1,3.99,1.60743590976343,373,-0.929754664727241,0.514108332152083,"Windows + Linux",1,0,0,1,0,0,0,1,1,1
3628580,0,54,41,13,0.759259259259259,4.99,1.79009141212736,367,-0.676990451386808,0.394065161400997,"Windows only",0,1,1,1,0,1,0,0,0,0
3629080,0,265,193,72,0.728301886792453,9.99,2.39698576841553,404,0.162848330158823,1.13433138103269,"Windows + macOS",0,0,1,1,0,1,1,0,0,0
3629360,0,64,50,14,0.78125,3.99,1.60743590976343,362,-0.929754664727241,0.294029185775092,"Windows only",0,1,1,1,0,0,0,0,0,0
3629400,0,154,153,1,0.993506493506494,9.99,2.39698576841553,426,0.162848330158823,1.57448967378668,"Windows + macOS",0,0,0,1,0,0,0,1,1,1
3629780,0,1217,1092,125,0.897288414133114,6.99,2.07819075977818,286,-0.278309853045123,-1.22651764373867,"Windows + macOS",0,0,1,1,0,1,1,1,1,0
3630410,0,542,475,67,0.876383763837638,4.99,1.79009141212736,388,-0.676990451386808,0.814216259029798,"Windows only",1,1,1,0,1,0,1,1,1,0
3631260,0,45,42,3,0.933333333333333,3.99,1.60743590976343,360,-0.929754664727241,0.25401479552473,"Windows only",1,1,0,0,1,0,0,1,1,1
3636470,0,47,33,14,0.702127659574468,9.99,2.39698576841553,346,0.162848330158823,-0.0260859362278048,"Windows only",1,0,1,1,1,0,0,0,0,0
3636960,0,205,168,37,0.819512195121951,5.99,1.94448055624572,299,-0.463342080238223,-0.966424107111313,"Windows only",0,0,0,1,0,0,0,1,0,0
3637770,0,23,22,1,0.956521739130435,7.99,2.19611284848353,325,-0.115125697072204,-0.446237033856606,"Windows only",0,0,0,1,0,1,0,1,1,1
3639500,0,39,24,15,0.615384615384615,0.99,0.688134638736401,401,-2.20191159176594,1.07430979565715,"Windows only",0,1,1,1,0,0,0,0,0,0
3644260,0,28,19,9,0.678571428571429,1.79,1.02604159583327,306,-1.73430571574543,-0.826373741235046,"Windows + macOS + Linux",0,0,1,1,0,1,0,0,0,0
3653590,0,31,16,15,0.516129032258065,16.99,2.88981604796244,311,0.844841789473412,-0.726337765609141,"Windows only",0,0,0,1,0,0,0,0,0,0
3653600,0,121,74,47,0.611570247933884,6.99,2.07819075977818,325,-0.278309853045123,-0.446237033856606,"Windows only",0,0,1,0,0,0,1,0,0,0
3654560,0,6841,4524,2317,0.661306826487356,19.99,3.04404613383254,325,1.0582700510032,-0.446237033856606,"Windows only",0,0,0,0,0,0,1,0,0,0
3659410,0,1089,853,236,0.783287419651056,7.99,2.19611284848353,307,-0.115125697072204,-0.806366546109865,"Windows only",0,0,1,1,0,1,1,0,0,0
3660220,0,722,513,209,0.710526315789474,29.99,3.43366457179966,311,1.59743583961146,-0.726337765609141,"Windows only",0,1,0,0,0,0,0,0,0,0
3664250,0,39,25,14,0.641025641025641,3.99,1.60743590976343,404,-0.929754664727241,1.13433138103269,"Windows only",0,1,0,1,0,1,1,0,0,0
3667850,0,24,18,6,0.75,9.99,2.39698576841553,408,0.162848330158823,1.21436016153342,"Windows + macOS + Linux",0,0,0,0,0,1,0,0,0,0
3668800,0,44,38,6,0.863636363636364,5.99,1.94448055624572,315,-0.463342080238223,-0.646308985108417,"Windows only",0,0,1,1,1,1,0,1,1,0
3669050,0,31,28,3,0.903225806451613,2.49,1.24990173621434,392,-1.42452127701028,0.894245039530522,"Windows + macOS",1,0,1,1,0,0,0,1,1,1
3669740,0,99,93,6,0.939393939393939,9.99,2.39698576841553,282,0.162848330158823,-1.30654642423939,"Windows only",0,0,1,1,0,0,1,1,1,1
3669750,0,32,29,3,0.90625,2.99,1.38379123090177,308,-1.2392409412896,-0.786359350984684,"Windows only",0,0,1,1,0,0,0,1,1,1
3672100,0,57,52,5,0.912280701754386,13.99,2.70738331211451,356,0.592385847181183,0.173986015024005,"Windows + macOS + Linux",0,0,0,1,1,1,0,1,1,1
3672300,0,21,19,2,0.904761904761905,11.99,2.56417983068251,314,0.394216534659459,-0.666316180233598,"Windows only",0,1,1,1,0,1,0,1,1,1
3673060,0,1845,1754,91,0.950677506775068,2.79,1.33236601909433,321,-1.31040470608259,-0.526265814357331,"Windows only",0,0,1,1,0,1,0,1,1,1
3676260,0,40,38,2,0.95,4.99,1.79009141212736,391,-0.676990451386808,0.874237844405341,"Windows only",1,0,0,1,0,0,0,1,1,1
3676850,0,823,751,72,0.912515188335358,5.99,1.94448055624572,383,-0.463342080238223,0.714180283403893,"Windows only",0,0,0,0,0,1,0,1,1,1
3678950,0,182,141,41,0.774725274725275,4.99,1.79009141212736,353,-0.676990451386808,0.113964429648462,"Windows only",0,0,1,1,1,1,0,0,0,0
3680420,0,32,31,1,0.96875,16.99,2.88981604796244,299,0.844841789473412,-0.966424107111313,"Windows + macOS",0,1,0,0,0,0,0,1,1,1
3680900,0,144,90,54,0.625,9.99,2.39698576841553,423,0.162848330158823,1.51446808841113,"Windows only",0,1,0,1,1,1,1,0,0,0
3682530,0,86,74,12,0.86046511627907,3.99,1.60743590976343,370,-0.929754664727241,0.45408674677654,"Windows only",0,0,1,1,1,1,0,1,1,0
3685170,0,35,29,6,0.828571428571429,6.99,2.07819075977818,388,-0.278309853045123,0.814216259029798,"Windows + macOS",0,0,1,1,0,0,0,1,0,0
3686580,0,347,296,51,0.853025936599424,12.99,2.63834278867739,293,0.49684548092151,-1.0864672778624,"Windows + Linux",0,0,0,1,0,0,1,1,1,0
3686930,0,461,414,47,0.898047722342733,4.99,1.79009141212736,396,-0.676990451386808,0.974273820031247,"Windows only",0,1,0,1,1,0,0,1,1,0
3686940,0,323,273,50,0.845201238390093,4.99,1.79009141212736,368,-0.676990451386808,0.414072356526178,"Windows only",0,1,1,1,0,0,0,1,0,0
3687470,0,101,82,19,0.811881188118812,4.99,1.79009141212736,304,-0.676990451386808,-0.866388131485408,"Windows only",1,1,0,1,0,1,0,1,0,0
3687580,0,22,21,1,0.954545454545455,4.99,1.79009141212736,305,-0.676990451386808,-0.846380936360227,"Windows only",0,0,1,0,0,0,1,1,1,1
3688970,0,71,64,7,0.901408450704225,6.49,2.01356879752913,307,-0.367735680578382,-0.806366546109865,"Windows only",0,0,1,1,0,0,0,1,1,1
3690390,0,49,46,3,0.938775510204082,1.99,1.0952733874026,277,-1.63850066685453,-1.4065823998653,"Windows + Linux",0,0,1,1,0,0,0,1,1,1
3693590,0,137,111,26,0.81021897810219,5.12,1.81156209652423,296,-0.647278668378792,-1.02644569248686,"Windows only",0,0,0,1,0,0,1,1,0,0
3693720,0,59,56,3,0.949152542372881,8.99,2.30158459266046,262,0.0308292952576109,-1.70669032674301,"Windows only",1,1,0,1,0,1,0,1,1,1
3696700,0,61,51,10,0.836065573770492,3.99,1.60743590976343,310,-0.929754664727241,-0.746344960734322,"Windows only",1,0,1,1,0,0,0,1,0,0
3698680,0,45,39,6,0.866666666666667,29.99,3.43366457179966,423,1.59743583961146,1.51446808841113,"Windows only",0,0,1,0,0,1,0,1,1,0
3704300,0,191,173,18,0.905759162303665,1.47,0.904218150639886,335,-1.90288868692456,-0.246165082604796,"Windows + macOS + Linux",0,1,1,1,0,0,0,1,1,1
3716650,0,311,273,38,0.877813504823151,4.99,1.79009141212736,361,-0.676990451386808,0.274021990649911,"Windows only",1,0,1,1,0,1,1,1,1,0
3720760,0,101,99,2,0.98019801980198,3.99,1.60743590976343,268,-0.929754664727241,-1.58664715599192,"Windows only",1,1,0,1,0,1,0,1,1,1
3721490,0,117,79,38,0.675213675213675,3.99,1.60743590976343,391,-0.929754664727241,0.874237844405341,"Windows only",1,1,1,1,1,0,0,0,0,0
3721940,0,71,48,23,0.676056338028169,12.99,2.63834278867739,282,0.49684548092151,-1.30654642423939,"Windows only",0,1,0,0,1,0,0,0,0,0
3722760,0,38,25,13,0.657894736842105,3.49,1.50185270175416,419,-1.07586390408236,1.43443930791041,"Windows only",0,1,0,1,0,1,1,0,0,0
3724650,0,21,14,7,0.666666666666667,4.99,1.79009141212736,351,-0.676990451386808,0.0739500393981003,"Windows only",0,1,0,0,0,0,0,0,0,0
3725070,0,27,22,5,0.814814814814815,5.99,1.94448055624572,430,-0.463342080238223,1.6545184542874,"Windows only",0,0,0,1,0,0,0,1,0,0
3727830,0,48,47,1,0.979166666666667,4.99,1.79009141212736,433,-0.676990451386808,1.71454003966294,"Windows only",0,1,0,0,0,0,0,1,1,1
3728120,0,73,61,12,0.835616438356164,9.99,2.39698576841553,389,0.162848330158823,0.834223454154979,"Windows + macOS",0,0,0,1,0,1,1,1,0,0
3732620,0,28,24,4,0.857142857142857,4.99,1.79009141212736,270,-0.676990451386808,-1.54663276574156,"Windows only",1,1,1,1,0,0,0,1,1,0
3734310,0,39,26,13,0.666666666666667,5.99,1.94448055624572,264,-0.463342080238223,-1.66667593649265,"Windows only",0,0,0,1,1,1,1,0,0,0
3734990,0,28,25,3,0.892857142857143,24.99,3.2577118486534,363,1.35394713505243,0.314036380900273,"Windows + macOS",0,0,0,1,0,1,1,1,1,0
3736540,0,35,22,13,0.628571428571429,4.99,1.79009141212736,375,-0.676990451386808,0.554122722402445,"Windows only",0,1,0,1,0,0,0,0,0,0
3736550,0,33,32,1,0.96969696969697,8.99,2.30158459266046,312,0.0308292952576109,-0.70633057048396,"Windows + macOS",0,1,0,1,1,0,0,1,1,1
3737620,0,699,633,66,0.905579399141631,5.99,1.94448055624572,296,-0.463342080238223,-1.02644569248686,"Windows only",0,0,1,1,0,0,0,1,1,1
3738330,0,47,39,8,0.829787234042553,4.99,1.79009141212736,307,-0.676990451386808,-0.806366546109865,"Windows only",0,1,1,0,0,1,0,1,0,0
3738910,0,34,27,7,0.794117647058823,39.99,3.71332813451625,375,1.98444274340129,0.554122722402445,"Windows only",0,0,0,0,0,1,0,0,0,0
3740360,0,91,88,3,0.967032967032967,14.99,2.77196352684586,304,0.681753903235711,-0.866388131485408,"Windows only",1,0,0,1,1,0,0,1,1,1
3741530,0,30,30,0,1,9.99,2.39698576841553,349,0.162848330158823,0.0339356491477382,"Windows only",1,1,0,1,0,0,0,1,1,1
3742820,0,34,34,0,1,17.49,2.91723004539903,300,0.882778108975961,-0.946416911986132,"Windows only",0,1,0,0,0,1,0,1,1,1
3743220,0,277,254,23,0.916967509025271,9.99,2.39698576841553,431,0.162848330158823,1.67452564941258,"Windows + macOS + Linux",0,0,0,1,0,0,0,1,1,1
3743850,0,20,11,9,0.55,6.99,2.07819075977818,256,-0.278309853045123,-1.8267334974941,"Windows only",0,1,1,1,0,1,0,0,0,0
3745290,0,20,16,4,0.8,4.99,1.79009141212736,331,-0.676990451386808,-0.32619386310552,"Windows only",0,1,1,1,0,0,0,1,0,0
3749110,0,50,38,12,0.76,9.99,2.39698576841553,277,0.162848330158823,-1.4065823998653,"Windows only",0,1,1,1,0,1,0,0,0,0
3751210,0,213,163,50,0.765258215962441,14.99,2.77196352684586,290,0.681753903235711,-1.14648886323794,"Windows only",1,1,0,1,0,0,0,0,0,0
3755860,0,7297,6947,350,0.952035082910785,13.99,2.70738331211451,394,0.592385847181183,0.934259429780884,"Windows only",0,1,0,1,1,0,0,1,1,1
3757210,0,1144,854,290,0.746503496503496,4.99,1.79009141212736,283,-0.676990451386808,-1.28653922911421,"Windows only",1,0,0,1,0,0,0,0,0,0
3757240,0,26,26,0,1,3.99,1.60743590976343,340,-0.929754664727241,-0.146129106978891,"Windows only",1,1,0,0,0,0,0,1,1,1
3759140,0,144,125,19,0.868055555555556,4.99,1.79009141212736,308,-0.676990451386808,-0.786359350984684,"Windows only",0,0,0,1,0,0,0,1,1,0
3762650,0,88,80,8,0.909090909090909,2.99,1.38379123090177,387,-1.2392409412896,0.794209063904617,"Windows + macOS + Linux",0,0,1,1,0,0,0,1,1,1
3764120,0,33,29,4,0.878787878787879,0.69,0.524728528934982,359,-2.42803791297953,0.234007600399549,"Windows only",0,0,0,1,1,1,0,1,1,0
3769130,0,8273,7729,544,0.934243926024417,4.99,1.79009141212736,410,-0.676990451386808,1.25437455178378,"Windows only",0,0,1,1,0,0,0,1,1,1
3771390,0,152,87,65,0.572368421052632,2.49,1.24990173621434,302,-1.42452127701028,-0.90640252173577,"Windows + macOS + Linux",0,0,1,1,0,1,1,0,0,0
3771660,0,34,21,13,0.617647058823529,6.99,2.07819075977818,257,-0.278309853045123,-1.80672630236892,"Windows only",0,0,0,0,1,0,1,0,0,0
3773590,0,177,137,40,0.774011299435028,7.99,2.19611284848353,320,-0.115125697072204,-0.546273009482512,"Windows + macOS + Linux",1,0,0,0,0,0,0,0,0,0
3778040,0,117,83,34,0.709401709401709,2.99,1.38379123090177,311,-1.2392409412896,-0.726337765609141,"Windows only",1,0,1,1,0,1,0,0,0,0
3778380,0,20,15,5,0.75,4.99,1.79009141212736,415,-0.676990451386808,1.35441052740969,"Windows only",1,0,0,1,0,0,0,0,0,0
3785720,0,267,230,37,0.861423220973783,6.99,2.07819075977818,415,-0.278309853045123,1.35441052740969,"Windows + macOS",0,0,1,1,1,1,0,1,1,0
3799100,0,851,708,143,0.831962397179788,4.99,1.79009141212736,296,-0.676990451386808,-1.02644569248686,"Windows only",0,0,0,1,0,0,1,1,0,0
3803930,0,250,197,53,0.788,2.99,1.38379123090177,355,-1.2392409412896,0.153978819898824,"Windows + macOS + Linux",0,0,1,1,0,1,1,0,0,0
3805710,0,85,81,4,0.952941176470588,4.99,1.79009141212736,424,-0.676990451386808,1.53447528353632,"Windows only",0,0,0,1,0,1,0,1,1,1
3807550,0,230,225,5,0.978260869565217,4.99,1.79009141212736,402,-0.676990451386808,1.09431699078233,"Windows only",0,0,0,1,1,0,0,1,1,1
3809740,0,21,19,2,0.904761904761905,4.99,1.79009141212736,296,-0.676990451386808,-1.02644569248686,"Windows + Linux",1,0,1,1,0,0,0,1,1,1
3810010,0,37,35,2,0.945945945945946,2.99,1.38379123090177,435,-1.2392409412896,1.75455442991331,"Windows + macOS",0,0,0,0,0,0,1,1,1,1
3812200,0,20,16,4,0.8,5.99,1.94448055624572,285,-0.463342080238223,-1.24652483886385,"Windows + macOS + Linux",0,0,0,0,0,1,1,1,0,0
3812580,0,24,24,0,1,6,1.94591014905531,355,-0.461363766433067,0.153978819898824,"Windows + Linux",0,0,1,1,1,1,0,1,1,1
3813350,0,209,163,46,0.779904306220096,27.99,3.36695094293356,417,1.50511550049665,1.39442491766005,"Windows only",1,1,0,0,0,0,0,0,0,0
3814340,0,230,206,24,0.895652173913044,17.99,2.94391252482419,304,0.919702131710493,-0.866388131485408,"Windows only",1,0,0,1,1,0,0,1,1,0
3814680,0,193,113,80,0.585492227979275,12.99,2.63834278867739,290,0.49684548092151,-1.14648886323794,"Windows only",1,1,0,0,0,0,0,0,0,0
3815000,0,28,21,7,0.75,6.25,1.98100146886658,321,-0.412803335828022,-0.526265814357331,"Windows + Linux",0,1,0,1,0,1,0,0,0,0
3815050,0,59,45,14,0.76271186440678,4.99,1.79009141212736,401,-0.676990451386808,1.07430979565715,"Windows only",0,1,0,1,0,1,0,0,0,0
3815750,0,455,323,132,0.70989010989011,9.99,2.39698576841553,317,0.162848330158823,-0.606294594858055,"Windows only",1,1,1,1,0,0,1,0,0,0
3816450,0,141,127,14,0.900709219858156,13.99,2.70738331211451,262,0.592385847181183,-1.70669032674301,"Windows only",0,1,0,0,0,0,0,1,1,1
3816550,0,54,54,0,1,5.99,1.94448055624572,385,-0.463342080238223,0.754194673654255,"Windows only",0,1,1,1,0,0,0,1,1,1
3816700,0,554,528,26,0.953068592057762,4.99,1.79009141212736,419,-0.676990451386808,1.43443930791041,"Windows only",0,0,0,1,0,0,0,1,1,1
3816720,0,28,27,1,0.964285714285714,18.99,2.99523214851231,268,0.990719780467703,-1.58664715599192,"Windows only",0,1,1,1,0,0,0,1,1,1
3817040,0,23,23,0,1,14.99,2.77196352684586,286,0.681753903235711,-1.22651764373867,"Windows + Linux",1,1,1,1,0,0,0,1,1,1
3817910,0,26,19,7,0.730769230769231,1.99,1.0952733874026,430,-1.63850066685453,1.6545184542874,"Windows only",1,0,1,1,0,0,0,0,0,0
3819120,0,27,24,3,0.888888888888889,6.99,2.07819075977818,415,-0.278309853045123,1.35441052740969,"Windows only",0,1,1,1,0,1,0,1,1,0
3820130,0,366,347,19,0.948087431693989,2.99,1.38379123090177,318,-1.2392409412896,-0.586287399732874,"Windows only",0,0,1,1,0,1,0,1,1,1
3823130,0,185,161,24,0.87027027027027,4.99,1.79009141212736,388,-0.676990451386808,0.814216259029798,"Windows only",0,0,0,1,0,1,0,1,1,0
3823430,0,25,22,3,0.88,9.99,2.39698576841553,304,0.162848330158823,-0.866388131485408,"Windows only",0,0,1,1,1,0,1,1,1,0
3823490,0,105,96,9,0.914285714285714,11.99,2.56417983068251,405,0.394216534659459,1.15433857615788,"Windows only",0,0,0,0,0,0,0,1,1,1
3829570,0,74,52,22,0.702702702702703,2.99,1.38379123090177,389,-1.2392409412896,0.834223454154979,"Windows only",1,1,0,1,0,0,0,0,0,0
3829880,0,47,44,3,0.936170212765957,14.99,2.77196352684586,373,0.681753903235711,0.514108332152083,"Windows only",1,1,0,1,0,0,0,1,1,1
3830150,0,31,27,4,0.870967741935484,4.99,1.79009141212736,355,-0.676990451386808,0.153978819898824,"Windows only",0,1,0,1,0,0,0,1,1,0
3831120,0,5390,4908,482,0.910575139146568,14.99,2.77196352684586,298,0.681753903235711,-0.986431302236494,"Windows + macOS + Linux",0,0,0,0,1,1,1,1,1,1
3831660,0,148,133,15,0.898648648648649,2.99,1.38379123090177,389,-1.2392409412896,0.834223454154979,"Windows only",0,1,0,1,0,0,0,1,1,0
3833100,0,33,29,4,0.878787878787879,2.99,1.38379123090177,426,-1.2392409412896,1.57448967378668,"Windows only",0,0,0,1,0,1,0,1,1,0
3834740,0,35,33,2,0.942857142857143,1.99,1.0952733874026,314,-1.63850066685453,-0.666316180233598,"Windows only",0,0,1,0,0,0,0,1,1,1
3837380,0,152,137,15,0.901315789473684,16.24,2.84723226523555,311,0.785913061881195,-0.726337765609141,"Windows only",1,1,0,0,0,0,0,1,1,1
3841040,0,73,44,29,0.602739726027397,12.99,2.63834278867739,338,0.49684548092151,-0.186143497229253,"Windows only",0,1,0,0,1,0,1,0,0,0
3841220,0,82,70,12,0.853658536585366,7.99,2.19611284848353,320,-0.115125697072204,-0.546273009482512,"Windows only",0,1,1,1,0,1,0,1,1,0
3843520,0,356,254,102,0.713483146067416,6.69,2.03992078351755,277,-0.331269004665981,-1.4065823998653,"Windows only",0,0,0,0,1,0,0,0,0,0
3843530,0,127,89,38,0.700787401574803,6.69,2.03992078351755,397,-0.331269004665981,0.994281015156428,"Windows only",1,0,0,0,1,0,0,0,0,0
3845440,0,48,19,29,0.395833333333333,9.99,2.39698576841553,363,0.162848330158823,0.314036380900273,"Windows only",1,1,0,0,0,0,0,0,0,0
3845600,0,309,262,47,0.84789644012945,5.99,1.94448055624572,324,-0.463342080238223,-0.466244228981787,"Windows only",0,0,0,0,0,1,0,1,0,0
3846030,0,47,23,24,0.48936170212766,10.99,2.48407296903942,381,0.283362234600968,0.674165893153531,"Windows only",1,1,0,0,0,0,0,0,0,0
3848510,0,32,30,2,0.9375,1.99,1.0952733874026,406,-1.63850066685453,1.17434577128306,"Windows only",0,0,1,0,0,0,0,1,1,1
3850520,0,102,96,6,0.941176470588235,1.99,1.0952733874026,423,-1.63850066685453,1.51446808841113,"Windows only",0,1,1,0,0,0,0,1,1,1
3853330,0,33,27,6,0.818181818181818,6.99,2.07819075977818,300,-0.278309853045123,-0.946416911986132,"Windows + macOS",0,0,1,1,0,0,0,1,0,0
3854020,0,73,56,17,0.767123287671233,4.99,1.79009141212736,362,-0.676990451386808,0.294029185775092,"Windows only",0,1,1,1,0,1,0,0,0,0
3854060,0,76,64,12,0.842105263157895,9.99,2.39698576841553,257,0.162848330158823,-1.80672630236892,"Windows + Linux",1,1,0,1,0,0,0,1,0,0
3854330,0,387,365,22,0.943152454780362,4.99,1.79009141212736,310,-0.676990451386808,-0.746344960734322,"Windows only",0,1,1,1,0,1,0,1,1,1
3854410,0,54,34,20,0.62962962962963,4.99,1.79009141212736,373,-0.676990451386808,0.514108332152083,"Windows only",0,1,0,1,0,0,0,0,0,0
3857770,0,136,116,20,0.852941176470588,1.99,1.0952733874026,419,-1.63850066685453,1.43443930791041,"Windows only",1,1,1,1,0,0,0,1,1,0
3857980,0,22,17,5,0.772727272727273,3.99,1.60743590976343,306,-0.929754664727241,-0.826373741235046,"Windows only",0,1,0,1,0,1,0,0,0,0
3858850,0,83,76,7,0.91566265060241,3.24,1.44456326924387,363,-1.15514275499994,0.314036380900273,"Windows only",1,0,1,1,0,1,1,1,1,1
3860080,0,27,20,7,0.740740740740741,0.99,0.688134638736401,419,-2.20191159176594,1.43443930791041,"Windows only",0,1,1,1,0,0,0,0,0,0
3863340,0,47,36,11,0.765957446808511,9.99,2.39698576841553,317,0.162848330158823,-0.606294594858055,"Windows only",1,1,0,1,0,1,1,0,0,0
3863590,0,43,35,8,0.813953488372093,5.99,1.94448055624572,429,-0.463342080238223,1.63451125916222,"Windows only",1,1,0,0,1,0,0,1,0,0
3864010,0,50,34,16,0.68,6.49,2.01356879752913,353,-0.367735680578382,0.113964429648462,"Windows only",1,0,0,0,0,0,0,0,0,0
3865340,0,61,44,17,0.721311475409836,7.99,2.19611284848353,312,-0.115125697072204,-0.70633057048396,"Windows only",1,1,0,1,0,0,0,0,0,0
3868490,0,30,27,3,0.9,4.99,1.79009141212736,326,-0.676990451386808,-0.426229838731425,"Windows only",0,0,0,1,1,0,1,1,1,1
3868610,0,29,26,3,0.896551724137931,1.85,1.04731899428056,318,-1.70486140768543,-0.586287399732874,"Windows only",0,0,0,1,0,0,0,1,1,0
3868630,0,85,80,5,0.941176470588235,4.99,1.79009141212736,303,-0.676990451386808,-0.886395326610589,"Windows + Linux",1,1,1,1,0,1,0,1,1,1
3870020,0,38,36,2,0.947368421052632,9.99,2.39698576841553,289,0.162848330158823,-1.16649605836312,"Windows only",1,1,0,1,0,1,0,1,1,1
3871250,0,26,26,0,1,7.99,2.19611284848353,268,-0.115125697072204,-1.58664715599192,"Windows only",0,1,1,1,0,1,0,1,1,1
3874050,0,63,56,7,0.888888888888889,4.99,1.79009141212736,361,-0.676990451386808,0.274021990649911,"Windows + macOS",0,0,1,1,0,0,0,1,1,0
3874490,0,40,38,2,0.95,9.99,2.39698576841553,307,0.162848330158823,-0.806366546109865,"Windows only",1,0,1,1,0,0,0,1,1,1
3874950,0,440,437,3,0.993181818181818,1.99,1.0952733874026,299,-1.63850066685453,-0.966424107111313,"Windows only",0,0,1,0,0,0,0,1,1,1
3876670,0,21,19,2,0.904761904761905,0.99,0.688134638736401,387,-2.20191159176594,0.794209063904617,"Windows only",0,0,1,1,0,0,0,1,1,1
3877790,0,204,171,33,0.838235294117647,19.99,3.04404613383254,293,1.0582700510032,-1.0864672778624,"Windows only",0,1,0,0,1,0,1,1,0,0
3879060,0,48,46,2,0.958333333333333,5.99,1.94448055624572,393,-0.463342080238223,0.914252234655703,"Windows only",1,0,0,1,0,0,0,1,1,1
3879670,0,26,16,10,0.615384615384615,1.99,1.0952733874026,359,-1.63850066685453,0.234007600399549,"Windows only",0,0,1,1,0,0,0,0,0,0
3882020,0,132,122,10,0.924242424242424,19.99,3.04404613383254,326,1.0582700510032,-0.426229838731425,"Windows + macOS",0,1,0,1,1,0,1,1,1,1
3883760,0,114,55,59,0.482456140350877,4.99,1.79009141212736,402,-0.676990451386808,1.09431699078233,"Windows only",1,0,0,1,0,1,0,0,0,0
3884520,0,716,514,202,0.717877094972067,29.99,3.43366457179966,283,1.59743583961146,-1.28653922911421,"Windows only",1,0,0,0,0,0,0,0,0,0
3892250,0,21,21,0,1,4.99,1.79009141212736,275,-0.676990451386808,-1.44659679011566,"Windows only",1,0,0,1,0,0,0,1,1,1
3893770,0,35,35,0,1,0.99,0.688134638736401,353,-2.20191159176594,0.113964429648462,"Windows only",0,0,0,1,0,0,0,1,1,1
3894150,0,45,42,3,0.933333333333333,1.99,1.0952733874026,401,-1.63850066685453,1.07430979565715,"Windows only",0,1,1,1,0,0,0,1,1,1
3894170,0,712,665,47,0.933988764044944,2.99,1.38379123090177,376,-1.2392409412896,0.574129917527626,"Windows only",1,1,0,1,1,0,1,1,1,1
3894950,0,110,110,0,1,6.99,2.07819075977818,347,-0.278309853045123,-0.00607874110262382,"Windows + macOS + Linux",0,1,0,0,1,0,0,1,1,1
3895170,0,53,42,11,0.792452830188679,9.99,2.39698576841553,377,0.162848330158823,0.594137112652807,"Windows only",0,0,0,1,0,0,0,0,0,0
3895180,0,72,67,5,0.930555555555556,1.99,1.0952733874026,404,-1.63850066685453,1.13433138103269,"Windows + Linux",1,1,0,1,0,0,0,1,1,1
3896380,0,28,22,6,0.785714285714286,14.99,2.77196352684586,296,0.681753903235711,-1.02644569248686,"Windows + Linux",0,0,1,1,0,1,1,0,0,0
3897330,0,34,33,1,0.970588235294118,24.99,3.2577118486534,398,1.35394713505243,1.01428821028161,"Windows only",0,0,0,0,0,1,1,1,1,1
3898040,0,140,125,15,0.892857142857143,14.99,2.77196352684586,392,0.681753903235711,0.894245039530522,"Windows only",0,0,0,1,0,0,1,1,1,0
3902830,0,298,296,2,0.993288590604027,0.99,0.688134638736401,290,-2.20191159176594,-1.14648886323794,"Windows only",0,0,1,1,1,0,0,1,1,1
3903490,0,21,21,0,1,7.99,2.19611284848353,353,-0.115125697072204,0.113964429648462,"Windows only",0,0,1,1,0,1,0,1,1,1
3906110,0,39,25,14,0.641025641025641,9.99,2.39698576841553,289,0.162848330158823,-1.16649605836312,"Windows only",1,1,0,1,0,0,0,0,0,0
3906770,0,140,106,34,0.757142857142857,4.99,1.79009141212736,390,-0.676990451386808,0.85423064928016,"Windows only",0,0,0,1,0,0,0,0,0,0
3911080,0,20,20,0,1,5.99,1.94448055624572,389,-0.463342080238223,0.834223454154979,"Windows only",0,0,1,1,0,0,0,1,1,1
3914200,0,33,30,3,0.909090909090909,5.24,1.83098018238134,293,-0.620407333364378,-1.0864672778624,"Windows + macOS",0,1,0,1,1,0,0,1,1,1
3914710,0,92,84,8,0.91304347826087,9.99,2.39698576841553,373,0.162848330158823,0.514108332152083,"Windows + macOS",0,0,0,0,0,1,1,1,1,1
3915140,0,430,417,13,0.969767441860465,8.99,2.30158459266046,374,0.0308292952576109,0.534115527277264,"Windows only",0,0,0,1,0,1,0,1,1,1
3915220,0,40,28,12,0.7,11.99,2.56417983068251,285,0.394216534659459,-1.24652483886385,"Windows only",0,1,0,0,1,1,0,0,0,0
3916180,0,76,62,14,0.815789473684211,8.99,2.30158459266046,315,0.0308292952576109,-0.646308985108417,"Windows + Linux",0,0,0,0,0,0,1,1,0,0
3917000,0,22,20,2,0.909090909090909,0.99,0.688134638736401,277,-2.20191159176594,-1.4065823998653,"Windows only",0,0,1,1,0,0,0,1,1,1
3918230,0,44,43,1,0.977272727272727,1.99,1.0952733874026,394,-1.63850066685453,0.934259429780884,"Windows only",0,0,1,0,1,0,0,1,1,1
3918960,0,119,106,13,0.890756302521008,1.99,1.0952733874026,348,-1.63850066685453,0.0139284540225572,"Windows + macOS",0,1,1,1,0,0,0,1,1,0
3919230,0,70,61,9,0.871428571428571,3.99,1.60743590976343,324,-0.929754664727241,-0.466244228981787,"Windows only",0,1,0,1,0,0,0,1,1,0
3919530,0,872,799,73,0.916284403669725,5.99,1.94448055624572,311,-0.463342080238223,-0.726337765609141,"Windows only",1,1,0,1,0,0,0,1,1,1
3921530,0,44,24,20,0.545454545454545,0.99,0.688134638736401,393,-2.20191159176594,0.914252234655703,"Windows only",0,0,0,1,0,0,0,0,0,0
3921950,0,22,22,0,1,11.99,2.56417983068251,387,0.394216534659459,0.794209063904617,"Windows only",0,0,0,1,0,0,0,1,1,1
3922100,0,249,163,86,0.654618473895582,13.99,2.70738331211451,380,0.592385847181183,0.65415869802835,"Windows only",0,1,0,1,0,1,0,0,0,0
3923980,0,63,58,5,0.920634920634921,16.99,2.88981604796244,284,0.844841789473412,-1.26653203398903,"Windows only",0,1,1,1,0,0,0,1,1,1
3924300,0,20,19,1,0.95,1.2,0.78845736036427,389,-2.06308197270571,0.834223454154979,"Windows + Linux",0,0,1,1,0,0,0,1,1,1
3928970,0,71,53,18,0.746478873239437,2.99,1.38379123090177,327,-1.2392409412896,-0.406222643606244,"Windows only",0,0,1,1,0,0,0,0,0,0
3929410,0,81,76,5,0.938271604938272,7.99,2.19611284848353,278,-0.115125697072204,-1.38657520474011,"Windows + macOS",0,1,0,1,0,0,0,1,1,1
3929740,0,608,457,151,0.751644736842105,9.99,2.39698576841553,334,0.162848330158823,-0.266172277729977,"Windows only",1,0,0,0,0,0,0,0,0,0
3933710,0,168,165,3,0.982142857142857,1.99,1.0952733874026,275,-1.63850066685453,-1.44659679011566,"Windows + macOS + Linux",1,0,0,0,0,1,0,1,1,1
3937360,0,137,105,32,0.766423357664234,5.99,1.94448055624572,284,-0.463342080238223,-1.26653203398903,"Windows only",1,1,0,1,0,0,0,0,0,0
3938040,0,23,10,13,0.434782608695652,3.99,1.60743590976343,296,-0.929754664727241,-1.02644569248686,"Windows only",1,1,0,1,0,1,0,0,0,0
3942700,0,45,43,2,0.955555555555556,0.99,0.688134638736401,341,-2.20191159176594,-0.12612191185371,"Windows + Linux",1,0,1,1,0,0,0,1,1,1
3943440,0,37,34,3,0.918918918918919,19.99,3.04404613383254,272,1.0582700510032,-1.5066183754912,"Windows only",0,0,1,0,1,0,0,1,1,1
3943720,0,37,23,14,0.621621621621622,6.99,2.07819075977818,326,-0.278309853045123,-0.426229838731425,"Windows only",0,0,1,1,0,1,0,0,0,0
3943880,0,132,95,37,0.71969696969697,1.99,1.0952733874026,319,-1.63850066685453,-0.566280204607693,"Windows only",0,1,1,1,0,0,0,0,0,0
3944070,0,26,23,3,0.884615384615385,9.99,2.39698576841553,325,0.162848330158823,-0.446237033856606,"Windows only",0,0,1,1,0,0,1,1,1,0
3948550,0,514,287,227,0.558365758754864,2,1.09861228866811,303,-1.63388019421135,-0.886395326610589,"Windows only",0,0,1,0,1,1,0,0,0,0
3952640,0,137,130,7,0.948905109489051,14.99,2.77196352684586,268,0.681753903235711,-1.58664715599192,"Windows only",1,0,0,0,0,1,0,1,1,1
3952930,0,148,118,30,0.797297297297297,3.99,1.60743590976343,311,-0.929754664727241,-0.726337765609141,"Windows only",0,0,0,1,1,0,1,0,0,0
3953060,0,111,108,3,0.972972972972973,7.72,2.16561923792089,272,-0.157323678441625,-1.5066183754912,"Windows only",0,0,1,1,0,0,1,1,1,1
3954070,0,64,46,18,0.71875,2.24,1.17557332980424,310,-1.5273791757976,-0.746344960734322,"Windows only",1,1,0,1,0,1,0,0,0,0
3956340,0,143,102,41,0.713286713286713,5.99,1.94448055624572,304,-0.463342080238223,-0.866388131485408,"Windows only",1,0,1,1,0,1,0,0,0,0
3957480,0,21,16,5,0.761904761904762,2.02,1.10525683138678,364,-1.62468527486014,0.334043576025454,"Windows only",0,0,1,1,0,1,0,0,0,0
3962470,0,29,27,2,0.931034482758621,2.99,1.38379123090177,277,-1.2392409412896,-1.4065823998653,"Windows only",0,0,0,0,0,1,0,1,1,1
3964050,0,31,23,8,0.741935483870968,0.59,0.46373401623214,358,-2.51244396602412,0.214000405274367,"Windows only",1,1,0,0,1,1,1,0,0,0
3965930,0,29,27,2,0.931034482758621,14.99,2.77196352684586,284,0.681753903235711,-1.26653203398903,"Windows only",1,1,0,1,0,0,0,1,1,1
3966360,0,160,159,1,0.99375,3.99,1.60743590976343,314,-0.929754664727241,-0.666316180233598,"Windows only",0,0,1,1,0,0,0,1,1,1
3967160,0,22,22,0,1,2,1.09861228866811,363,-1.63388019421135,0.314036380900273,"Windows only",0,0,0,0,0,0,1,1,1,1
3967950,0,24,23,1,0.958333333333333,3.99,1.60743590976343,338,-0.929754664727241,-0.186143497229253,"Windows only",0,0,0,1,0,0,1,1,1,1
3978710,0,25,24,1,0.96,2.99,1.38379123090177,321,-1.2392409412896,-0.526265814357331,"Windows only",0,1,0,1,0,0,0,1,1,1
3981060,0,42,28,14,0.666666666666667,2.99,1.38379123090177,290,-1.2392409412896,-1.14648886323794,"Windows only",0,0,0,1,0,0,0,0,0,0
3981100,0,6170,5899,271,0.956077795786062,5.99,1.94448055624572,318,-0.463342080238223,-0.586287399732874,"Windows only",0,0,1,1,0,1,0,1,1,1
3981230,0,38,38,0,1,1.99,1.0952733874026,352,-1.63850066685453,0.0939572345232813,"Windows only",0,1,1,1,1,0,0,1,1,1
3982130,0,72,71,1,0.986111111111111,4.99,1.79009141212736,324,-0.676990451386808,-0.466244228981787,"Windows only",1,0,0,1,0,1,0,1,1,1
3985770,0,53,35,18,0.660377358490566,2.09,1.12817109090965,256,-1.59297582889427,-1.8267334974941,"Windows + macOS + Linux",0,0,1,1,0,0,0,0,0,0
3987810,0,230,184,46,0.8,3.89,1.58719230348678,300,-0.957768379887571,-0.946416911986132,"Windows only",0,0,0,0,1,0,0,1,0,0
3988370,0,32,31,1,0.96875,3.99,1.60743590976343,321,-0.929754664727241,-0.526265814357331,"Windows only",1,0,1,1,0,1,0,1,1,1
3991720,0,73,64,9,0.876712328767123,15.99,2.83262493568384,277,0.76569899706871,-1.4065823998653,"Windows only",0,0,0,1,1,1,0,1,1,0
3998890,0,83,61,22,0.734939759036145,3.99,1.60743590976343,268,-0.929754664727241,-1.58664715599192,"Windows only",1,1,0,1,0,0,0,0,0,0
3998910,0,32,21,11,0.65625,1.99,1.0952733874026,352,-1.63850066685453,0.0939572345232813,"Windows only",0,0,0,1,1,0,0,0,0,0
4002520,0,24,21,3,0.875,10.99,2.48407296903942,340,0.283362234600968,-0.146129106978891,"Windows only",0,1,0,0,0,0,0,1,1,0
4003220,0,98,79,19,0.806122448979592,1.49,0.912282710476616,279,-1.89172870490001,-1.36656800961493,"Windows only",1,0,0,1,0,0,0,1,0,0
4003500,0,44,39,5,0.886363636363636,4.99,1.79009141212736,347,-0.676990451386808,-0.00607874110262382,"Windows only",0,0,1,1,0,0,0,1,1,0
4015300,0,111,99,12,0.891891891891892,9.49,2.35042242240821,335,0.0984125624336898,-0.246165082604796,"Windows only",0,1,0,1,0,1,0,1,1,0
4015530,0,3334,3066,268,0.919616076784643,2.99,1.38379123090177,352,-1.2392409412896,0.0939572345232813,"Windows only",0,0,1,1,0,1,0,1,1,1
4017180,0,23,21,2,0.91304347826087,0.99,0.688134638736401,326,-2.20191159176594,-0.426229838731425,"Windows only",0,0,1,1,0,0,0,1,1,1
4017210,0,23,22,1,0.956521739130435,0.99,0.688134638736401,326,-2.20191159176594,-0.426229838731425,"Windows only",0,0,1,1,0,0,0,1,1,1
4017450,0,87,82,5,0.942528735632184,7.99,2.19611284848353,272,-0.115125697072204,-1.5066183754912,"Windows only",1,0,0,0,0,0,0,1,1,1
4019450,0,28,28,0,1,1.99,1.0952733874026,296,-1.63850066685453,-1.02644569248686,"Windows + macOS + Linux",1,1,1,1,0,0,0,1,1,1
4021380,0,71,66,5,0.929577464788732,3.49,1.50185270175416,325,-1.07586390408236,-0.446237033856606,"Windows only",0,0,0,1,0,1,0,1,1,1
4021770,0,121,113,8,0.933884297520661,8.99,2.30158459266046,301,0.0308292952576109,-0.926409716860951,"Windows only",0,0,0,0,1,0,0,1,1,1
4025330,0,133,111,22,0.834586466165414,6.99,2.07819075977818,323,-0.278309853045123,-0.486251424106968,"Windows + macOS",0,1,1,1,1,1,0,1,0,0
4025420,0,21,19,2,0.904761904761905,2.99,1.38379123090177,268,-1.2392409412896,-1.58664715599192,"Windows only",0,1,0,1,0,0,0,1,1,1
4028870,0,22,22,0,1,9.99,2.39698576841553,326,0.162848330158823,-0.426229838731425,"Windows + Linux",0,0,0,1,0,0,0,1,1,1
4033430,0,45,42,3,0.933333333333333,5.99,1.94448055624572,325,-0.463342080238223,-0.446237033856606,"Windows only",0,0,0,1,0,1,0,1,1,1
4034000,0,178,173,5,0.971910112359551,4.99,1.79009141212736,306,-0.676990451386808,-0.826373741235046,"Windows only",1,1,0,1,0,1,0,1,1,1
4035270,0,4621,4448,173,0.962562215970569,2.99,1.38379123090177,268,-1.2392409412896,-1.58664715599192,"Windows only",0,0,1,0,0,0,0,1,1,1
4045150,0,48,46,2,0.958333333333333,0.99,0.688134638736401,334,-2.20191159176594,-0.266172277729977,"Windows only",0,0,1,1,1,0,0,1,1,1
4048080,0,64,58,6,0.90625,0.99,0.688134638736401,326,-2.20191159176594,-0.426229838731425,"Windows only",1,1,1,1,1,1,0,1,1,1
4048550,0,67,48,19,0.716417910447761,14.99,2.77196352684586,274,0.681753903235711,-1.46660398524084,"Windows only",1,1,0,0,0,1,0,0,0,0
4050920,0,35,27,8,0.771428571428571,7.99,2.19611284848353,304,-0.115125697072204,-0.866388131485408,"Windows only",0,1,0,1,0,0,1,0,0,0
4056910,0,22,18,4,0.818181818181818,5.99,1.94448055624572,282,-0.463342080238223,-1.30654642423939,"Windows only",0,1,0,1,0,1,0,1,0,0
4059360,0,713,584,129,0.819074333800841,4.99,1.79009141212736,304,-0.676990451386808,-0.866388131485408,"Windows + macOS + Linux",0,1,0,1,0,1,0,1,0,0
4072790,0,29,29,0,1,3.99,1.60743590976343,313,-0.929754664727241,-0.686323375358779,"Windows only",0,1,1,0,0,1,1,1,1,1
4078030,0,41,30,11,0.731707317073171,0.59,0.46373401623214,316,-2.51244396602412,-0.626301789983236,"Windows only",0,1,1,1,1,1,0,0,0,0
4078150,0,42,42,0,1,3.99,1.60743590976343,276,-0.929754664727241,-1.42658959499048,"Windows only",0,0,1,1,0,1,0,1,1,1
4093400,0,68,64,4,0.941176470588235,24.99,3.2577118486534,284,1.35394713505243,-1.26653203398903,"Windows + macOS + Linux",0,1,0,1,0,0,0,1,1,1
4105120,0,20,19,1,0.95,4.99,1.79009141212736,286,-0.676990451386808,-1.22651764373867,"Windows only",0,1,0,1,0,0,0,1,1,1
4111190,0,24,24,0,1,2.99,1.38379123090177,300,-1.2392409412896,-0.946416911986132,"Windows only",0,1,1,1,0,0,0,1,1,1
4113200,0,42,28,14,0.666666666666667,4.99,1.79009141212736,270,-0.676990451386808,-1.54663276574156,"Windows only",0,0,1,1,0,0,0,0,0,0
4113470,0,97,97,0,1,6.99,2.07819075977818,290,-0.278309853045123,-1.14648886323794,"Windows only",1,1,1,1,0,0,0,1,1,1
4123890,0,56,53,3,0.946428571428571,0.59,0.46373401623214,273,-2.51244396602412,-1.48661118036602,"Windows only",1,0,1,0,0,1,0,1,1,1
4128150,0,21,16,5,0.761904761904762,14.99,2.77196352684586,287,0.681753903235711,-1.20651044861349,"Windows only",1,1,0,1,0,0,0,0,0,0
4137880,0,128,107,21,0.8359375,2.99,1.38379123090177,278,-1.2392409412896,-1.38657520474011,"Windows only",0,0,0,1,0,0,0,1,0,0
4141140,0,34,33,1,0.970588235294118,7.2,2.10413415427021,275,-0.242408598413924,-1.44659679011566,"Windows + macOS",0,0,0,1,0,0,0,1,1,1
4149960,0,51,38,13,0.745098039215686,2.99,1.38379123090177,289,-1.2392409412896,-1.16649605836312,"Windows only",0,0,0,0,0,1,0,0,0,0
4152310,0,94,93,1,0.98936170212766,6.15,1.96711235670592,269,-0.432023509673611,-1.56663996086674,"Windows + Linux",0,0,0,1,0,1,0,1,1,1
4153890,0,28,24,4,0.857142857142857,2.99,1.38379123090177,297,-1.2392409412896,-1.00643849736168,"Windows only",0,1,0,1,0,1,0,1,1,0
4161930,0,90,85,5,0.944444444444444,2.99,1.38379123090177,283,-1.2392409412896,-1.28653922911421,"Windows only",1,1,0,1,0,1,0,1,1,1
4162300,0,77,66,11,0.857142857142857,4.99,1.79009141212736,265,-0.676990451386808,-1.64666874136747,"Windows only",0,1,0,1,0,0,0,1,1,0
4168750,0,150,149,1,0.993333333333333,1.99,1.0952733874026,285,-1.63850066685453,-1.24652483886385,"Windows + macOS",0,0,1,1,0,1,0,1,1,1
4172680,0,57,42,15,0.736842105263158,3.99,1.60743590976343,288,-0.929754664727241,-1.1865032534883,"Windows only",0,1,0,1,1,0,0,0,0,0
4172720,0,21,21,0,1,6.99,2.07819075977818,272,-0.278309853045123,-1.5066183754912,"Windows only",0,0,1,0,0,1,0,1,1,1
4174060,0,64,54,10,0.84375,1.99,1.0952733874026,282,-1.63850066685453,-1.30654642423939,"Windows only",1,1,1,1,0,0,0,1,0,0
4186480,0,26,26,0,1,2.49,1.24990173621434,273,-1.42452127701028,-1.48661118036602,"Windows + macOS + Linux",0,0,1,1,0,0,0,1,1,1
4201500,0,42,42,0,1,4.99,1.79009141212736,275,-0.676990451386808,-1.44659679011566,"Windows + Linux",0,0,0,1,0,1,1,1,1,1
4201780,0,20,13,7,0.65,0.99,0.688134638736401,276,-2.20191159176594,-1.42658959499048,"Windows only",1,1,0,1,0,1,0,0,0,0
4203690,0,23,22,1,0.956521739130435,6.99,2.07819075977818,275,-0.278309853045123,-1.44659679011566,"Windows only",0,0,1,0,0,0,0,1,1,1
4212070,0,59,44,15,0.745762711864407,0.99,0.688134638736401,270,-2.20191159176594,-1.54663276574156,"Windows + Linux",0,0,1,1,0,0,0,0,0,0
4217660,0,78,67,11,0.858974358974359,0.99,0.688134638736401,270,-2.20191159176594,-1.54663276574156,"Windows only",0,0,1,1,1,0,0,1,1,0
4220940,0,101,59,42,0.584158415841584,0.99,0.688134638736401,260,-2.20191159176594,-1.74670471699337,"Windows only",1,1,1,1,1,1,0,0,0,0
4232360,0,51,43,8,0.843137254901961,1.99,1.0952733874026,256,-1.63850066685453,-1.8267334974941,"Windows + macOS + Linux",0,0,1,1,0,0,1,1,0,0
