"appid","name","total_reviews","raw_positive_rate","eb_all","eb_prior10","eb_prior20"
267390,"Revolution Editions - Shadow & Steel",14,0.857142857142857,0.848266758255084,0.851570924368255,0.851364454763571
427410,"Abiotic Factor",41961,0.959200209718548,0.95918121170699,0.959179971902595,0.959178122033488
444930,"Zaccaria Pinball",214,0.794392523364486,0.795313087872937,0.795892605900695,0.796042826798296
496170,"Desert Race Adventures",9,0.777777777777778,0.797913685011371,0.805664860092241,0.807248908679491
497880,"Doodle WHAT?!",12,0.416666666666667,0.554721224695518,0.575212271992036,0.584447831532193
533610,"Jet Gunner: Refueled",10,0.9,0.872731111014648,0.87523801578664,0.87408406095321
541300,"Survive the Nights",4715,0.683987274655355,0.684172064807053,0.684225089090213,0.684248212898118
606160,"ROUTINE",7248,0.91735651214128,0.917281598570553,0.917280777612465,0.917274001827872
633080,"Relic Hunters Legend",1101,0.659400544959128,0.660323319006908,0.660572934421259,0.660685919558043
660200,"Transistor Defense",1,1,0.852153574587866,0.860194089670355,0.859021775111307
690320,"Snake-A-Roid",5,1,0.905590772082171,0.906157895613021,0.902919151609382
766500,"The Hordes of the Dead",19,0.631578947368421,0.679066386998786,0.688850005105254,0.692800934590329
832360,"Hotel Magnate",419,0.587112171837709,0.59054725699578,0.591376385178277,0.591780057589358
863970,"Survive the Rift",7,0.857142857142857,0.84351180095378,0.848817722790863,0.848639924943097
887330,"Glassbreakers: Champions of Moss",22,0.636363636363636,0.677741013630471,0.686568285759761,0.690174037423315
990380,"METAL EDEN",1910,0.840314136125654,0.840274462466652,0.84031552668697,0.84031716294791
1004640,"FINAL FANTASY TACTICS - The Ivalice Chronicles",5650,0.895398230088496,0.895325704655156,0.895328919736426,0.895322866806147
1024820,"Hockey Club",9,0.666666666666667,0.731543161763258,0.743808968204983,0.747888214016706
1033380,"Skate & Date",8,1,0.925725065222174,0.924720141050274,0.921298523700963
1056170,"SUPERVERSE",37,0.702702702702703,0.720323217966985,0.725092314740969,0.726908270412965
1057580,"Shopkeeper: My First Supermarket",36,0.527777777777778,0.571044988139997,0.57972746273914,0.583837790554689
1058230,"Cozy Jigsaw Puzzles",2,0,0.622555242768293,0.657262542102133,0.670215071609419
1058710,"Monarch : Medieval Remastered",365,0.802739726027397,0.803149204485306,0.803470439169611,0.803546010210783
1101650,"OutSpaceX_EP1",2,0.5,0.746518144640867,0.76635414103533,0.771777466428911
1126340,"Raid on Area 51",8,0.875,0.854636346516529,0.858785823121557,0.85819176819333
1141550,"CUCKOLD SIMULATOR: Life as a Beta Male Cuck",1682,0.932223543400713,0.931848187852536,0.931835178619648,0.931800231905057
1151990,"Slip 'n Slime",76,0.947368421052632,0.938527975849671,0.93817542588223,0.937419719032453
1154140,"Pity Please!",1,1,0.852153574587866,0.860194089670355,0.859021775111307
1156820,"Strike & Resist",36,0.777777777777778,0.784989768273719,0.788221951206258,0.789100900713171
1166940,"Dead Static Drive",43,0.372093023255814,0.428437431954916,0.439034431619088,0.444459242196951
1170570,"The Drifter",4712,0.975382003395586,0.975192208583713,0.975177451894201,0.975158699578583
1191050,"MotoTrials",5,1,0.905590772082171,0.906157895613021,0.902919151609382
1194040,"東１局５３本場",4,1,0.896212616889674,0.89775408144717,0.894724022111121
1201700,"Warnament",477,0.844863731656184,0.844649228333047,0.844801895022563,0.844802079330916
1239360,"Genokids",218,0.986238532110092,0.981948160379185,0.981605886469323,0.981194648481802
1264970,"The Conquest of Go",576,0.947916666666667,0.946664517945574,0.946598896954804,0.946480565552605
1273640,"Bring You Home",206,0.961165048543689,0.957349218499048,0.957114577093153,0.956758090353194
1274700,"You Alone Can Defeat Evil",5,1,0.905590772082171,0.906157895613021,0.902919151609382
1275550,"Arctic Awakening",326,0.840490797546012,0.840258648025783,0.840494999270954,0.840504033777076
1283360,"Geki Yaba Runner",6,0.666666666666667,0.747672325689462,0.761385772518708,0.765486202982612
1292460,"Adventure of Samsara",66,0.893939393939394,0.88837015363434,0.888723280902298,0.888320312764571
1295870,"Next Run",63,0.746031746031746,0.753213001060801,0.755699463304793,0.756555393833591
1296660,"Wartorn",130,0.730769230769231,0.735094924326989,0.736512111030481,0.737046607314074
1298430,"Warsong",10,0.7,0.748251820184381,0.758732768022143,0.762015159469791
1308940,"Misc. A Tiny Tale",112,0.991071428571429,0.982680838026524,0.982027346526764,0.981249992256249
1329030,"Puzzle - LINES AND KNOTS 3",13,0.923076923076923,0.892755660082402,0.893797703148418,0.892204796085096
1330360,"Fata Deum - The God Sim",409,0.591687041564792,0.59513801678453,0.59597493732487,0.596380797001933
1342490,"Daemon X Machina: Titanic Scion",1831,0.632441288913162,0.633086411048161,0.633253189905279,0.633331417446363
1342690,"Radiolight",413,0.905569007263923,0.904442900523785,0.90446232677114,0.904366203276722
1344550,"Warspace 2",83,0.590361445783133,0.606533867933068,0.610257714357955,0.612013155699617
1380990,"Hyper Team Recon",74,1,0.986950663868468,0.985933376026955,0.984762676193228
1386750,"Spindle",311,0.951768488745981,0.949396109211566,0.949266391499527,0.949044027069833
1395520,"The Séance of Blake Manor",3644,0.951152579582876,0.950947524050554,0.950935753044834,0.950916027551003
1408090,"The Office Type",11,0.272727272727273,0.470038226005693,0.496783339468145,0.509336940783677
1408730,"KindFolx",5,0.8,0.815231472989642,0.823965723203626,0.825074902022729
1421250,"Tiny Bunny",27145,0.834886719469516,0.834885132436805,0.834888250180112,0.834888501580333
1423630,"Holiday Harry",4,0.75,0.796877462908124,0.808201377778077,0.810308510358622
1425980,"Stone Simulator – Just Be a Rock",1524,0.949475065616798,0.948992544856509,0.948965880185924,0.948919729447672
1427070,"Mascot Mayhem",3,1,0.884765810979371,0.887697048511342,0.885017735402677
1447820,"The Girl from Arkanya",152,0.927631578947368,0.923799239290077,0.9237167879441,0.92338185544092
1449110,"The Outer Worlds 2",8398,0.731959990473922,0.732029166456254,0.732052695084911,0.732061820719715
1456570,"PixelJunk<U+2122> Eden 2",23,0.782608695652174,0.792037880699594,0.796406012203217,0.797475093008541
1471650,"The Knightling",489,0.871165644171779,0.870634016432111,0.870725399414366,0.870690122711108
1476400,"Northwind",60,0.8,0.802551437459769,0.804341168656517,0.804747745274787
1517560,"Droplet: States of Matter",15,1,0.950404719723233,0.948492790252201,0.945412433285724
1533140,"Prison Miner",5,0.8,0.815231472989642,0.823965723203626,0.825074902022729
1538550,"LEGO<U+00AE> Voyagers",1848,0.885822510822511,0.885632596701839,0.885648146549869,0.885633238025789
1541370,"Ultimate Theater Simulator",627,0.881977671451356,0.881458315431444,0.881511042787842,0.881471889150832
1548180,"Worship",197,0.776649746192893,0.778177469023779,0.778897536424042,0.77911660335337
1556010,"DriveCrazy",73,0.945205479452055,0.936195571221978,0.935861822683112,0.93509752050733
1558800,"Forgot",102,0.92156862745098,0.916303532336612,0.916258824263795,0.915817574656129
1560160,"ILA: A Frosty Glide",75,0.96,0.950105174846923,0.949593390438791,0.94873490459186
1567530,"Vlad Circus: Curse of Asmodeus",19,0.894736842105263,0.878532379989422,0.879933230948969,0.879047282186878
1574570,"Choice of Life: Samosbor",236,0.877118644067797,0.875882177176438,0.876044904665287,0.875958202489813
1575810,"Wander Stars",147,0.925170068027211,0.921310107218285,0.921242736893143,0.920907846961841
1583540,"Meco Rocket Simulator",15,0.8,0.80800143363747,0.813154090478582,0.814099360581525
1594040,"Wreckreation",359,0.637883008356546,0.641038917363177,0.641852268755588,0.642228461496311
1599420,"Rusty Rangers",27,0.888888888888889,0.877677778722419,0.878778131010986,0.878118105091373
1605250,"Moros Protocol",725,0.811034482758621,0.811173485365657,0.8113247196443,0.811355884376655
1620730,"Hell is Us",4254,0.837799717912553,0.837785454618394,0.837804572402195,0.837805709099527
1622630,"Otherskin",63,0.698412698412698,0.709776872971401,0.712944083565994,0.714210123055401
1623120,"Chaos on Wheels",34,0.676470588235294,0.699382498154317,0.705058528092066,0.707330007805243
1639710,"SquareMan-Boy",6,1,0.913414570778272,0.913285175424945,0.909930541051875
1644700,"Magic Boy",5,0.8,0.815231472989642,0.823965723203626,0.825074902022729
1645630,"FEROCIOUS",737,0.630936227951153,0.632543436657496,0.632956199633154,0.633149595588082
1652400,"Developer Daily",6,0.833333333333333,0.830543448233867,0.837335473971826,0.837708372017243
1657630,"Slime Rancher 2",43483,0.944691028677874,0.944674719644524,0.944673890035584,0.944672331565412
1660960,"Windswept",466,0.927038626609442,0.925763026212706,0.925730726730204,0.925614853134777
1665260,"Beyond Sunset",295,0.772881355932203,0.773987729665531,0.774489509424363,0.774647578187056
1670690,"Eternity Egg",572,0.823426573426573,0.823472309078172,0.823640143217447,0.823665098013356
1689390,"Mythrealm",32,0.875,0.867474988586934,0.86872133344496,0.868315642675301
1693040,"Synthwave Burnout",1056,0.745265151515151,0.745736532457724,0.745908366616404,0.745971621050161
1699230,"Hail to the Rainbow",2520,0.908333333333333,0.908139876438012,0.908141497531467,0.908124505435724
1710260,"Catsploration",5,1,0.905590772082171,0.906157895613021,0.902919151609382
1711790,"Knight of the Lions",12,0.833333333333333,0.831469964857636,0.836082626156889,0.836385686583097
1714530,"Blood of Mehran",60,0.6,0.62091744786473,0.625680964843069,0.627877023558203
1715860,"Fight.EXE",10,1,0.934970756429782,0.933490639668888,0.930118511694919
1717400,"Bulb Boy 2: Jar of Despair",50,0.84,0.838678159392876,0.84008601574459,0.840142960957945
1718460,"Terminator 2D: NO FATE",1441,0.842470506592644,0.842408933812601,0.842461676168332,0.84246283548356
1724030,"Eyes of Hellfire",153,0.705882352941177,0.710531784334125,0.711914109077071,0.712476099265369
1727750,"Old Salt",2,0.5,0.746518144640867,0.76635414103533,0.771777466428911
1731000,"Skulker",21,0.80952380952381,0.813616824837391,0.817452636264241,0.818100025499693
1735700,"Back to the Dawn",8544,0.942181647940075,0.94210047425893,0.942096586019042,0.942088865140468
1748160,"Warlordocracy",27,0.962962962962963,0.938161168785332,0.937314815687406,0.93551323178388
1752780,"City of Springs",38,0.868421052631579,0.862826379449159,0.864020338467126,0.863737422001165
1757300,"Jump Space",10663,0.85294945137391,0.852935141317104,0.852941214724408,0.852940704759509
1803850,"Lock & Key: A Magical Girl Mystery",31,1,0.971812602528984,0.97008536512356,0.967896019218687
1805570,"DEMONS",42,0.714285714285714,0.728611326103743,0.73271005442629,0.734240001047631
1817500,"Abandoned Archive",746,0.935656836461126,0.934786628226729,0.934753161390793,0.934672193276488
1820100,"DREAMOUT",66,0.939393939393939,0.929998123876212,0.929725591290289,0.928945307154939
1821550,"Snapshot Aquarium",7,1,0.920040873360553,0.919406246911038,0.915997391632726
1829920,"Aluna Rift",3,1,0.884765810979371,0.887697048511342,0.885017735402677
1844460,"Termina",6,1,0.913414570778272,0.913285175424945,0.909930541051875
1856490,"Arhaekon",26,0.923076923076923,0.905047963214802,0.905274000363506,0.904062495834557
1858790,"Bony Odyssey",1,1,0.852153574587866,0.860194089670355,0.859021775111307
1860290,"Moondrills",1,1,0.852153574587866,0.860194089670355,0.859021775111307
1861410,"IRON GUARD: Salvation",43,0.930232558139535,0.917565245844863,0.917440300012276,0.916471250411954
1864000,"Artis Impact",2301,0.848326814428509,0.848272793567907,0.848303090927737,0.848302099135725
1866640,"Kronos",1,1,0.852153574587866,0.860194089670355,0.859021775111307
1869290,"Supraworld",1466,0.917462482946794,0.917092886318766,0.917088984068504,0.917055714845763
1869780,"UnderMine 2",826,0.754237288135593,0.754773548829793,0.754980890938468,0.755054199070086
1880620,"Once Upon A KATAMARI",1344,0.912202380952381,0.91182302323774,0.911823057647719,0.911789433091096
1891030,"Dummy Dungeon",4,0.75,0.796877462908124,0.808201377778077,0.810308510358622
1893440,"INTO EVIL",104,0.923076923076923,0.917824360944849,0.917765412918691,0.917322899868918
1909840,"JIANGHU CHRONICLES",2047,0.703957010258915,0.704322927065435,0.704434032959152,0.704480497309317
1911200,"Sultan Of Egypt",1,0,0.710649405258107,0.737744240951264,0.745978427154954
1925940,"THE OFFICE ROOMS",21,1,0.961398640580626,0.959464762837403,0.956766643148657
1926610,"Nature Game System",47,0.74468085106383,0.754181740299706,0.757382998882585,0.758467766433708
1929290,"Bits & Bops",1787,0.916620033575825,0.916319453668012,0.916316723633342,0.916289696847656
1932190,"Outbreak: Shades of Horror",9,0.222222222222222,0.466061068770805,0.496385400655953,0.510445435365566
1935330,"SOPA - Tale of the Stolen Potato",13,1,0.945202489330826,0.943384622536829,0.940175252325093
1936360,"Escape From Mandrillia: Local Asymmetric VR+PC",181,0.955801104972376,0.951649282439184,0.951416777786081,0.95103360160518
1940870,"The Creator",43,0.813953488372093,0.815663617951124,0.817772410763695,0.818135415367162
1941370,"Dancin' Divas",56,0.928571428571429,0.918719673887318,0.918600344873749,0.91781626065543
1942500,"Retro Golf Mania",2,1,0.870481046513441,0.875445739968527,0.873339861248404
1943950,"Escape the Backrooms",136842,0.901536078104676,0.901532808445068,0.901532891473911,0.901532610417764
1946930,"公考刷题模拟器-我要上岸",18,0.611111111111111,0.665731341000176,0.676486400672492,0.680915261153539
1947160,"CYCLE",17,1,0.954704839520599,0.952755466110847,0.949806477100265
1951060,"Fantasy Zoo",17,0.823529411764706,0.824648518434128,0.828617237321587,0.829063492597735
1961850,"Toroban",60,0.866666666666667,0.863096100658115,0.863894569927666,0.863704652513649
1962020,"Space Tournament",5,1,0.905590772082171,0.906157895613021,0.902919151609382
1963370,"No One Survived",6960,0.649137931034483,0.649293518857385,0.649334962492129,0.649354038682424
1968180,"DIGGERGUN",21,0.952380952380952,0.924453186644817,0.923961731194113,0.922099988736416
1968440,"Strange Hunting Grounds",1,1,0.852153574587866,0.860194089670355,0.859021775111307
1976860,"MORSE",123,0.934959349593496,0.929921473250244,0.92976893033484,0.929328333226318
1983950,"Pet Desktop Adventure",2,1,0.870481046513441,0.875445739968527,0.873339861248404
1985300,"SIR ABANDON",7,1,0.920040873360553,0.919406246911038,0.915997391632726
1989960,"AirShooShoo",4,1,0.896212616889674,0.89775408144717,0.894724022111121
1995980,"Desktop Pachinko Idle",7,0.571428571428571,0.690453656140232,0.707640674550513,0.713924991563841
2000780,"Mole Maiden",14,0.928571428571429,0.898099992382339,0.89881514823616,0.897139081285115
2000970,"Beacon of Neyda",40,0.875,0.868781784847348,0.86978626759697,0.869433284176288
2012510,"Stormgate",2103,0.55206847360913,0.55286159625826,0.553048685220025,0.553142653135276
2016460,"Tales of the Shire: A The Lord of The Rings<U+2122> Game",3235,0.813910355486862,0.813936326098897,0.813969541680834,0.813976030317837
2018960,"Neolithic Dawn",30,0.6,0.638316307242026,0.646410027090518,0.649974658229824
2021390,"Bat to Bed",64,0.828125,0.828095503124938,0.829389928993834,0.829536946516389
2022230,"Yomi 2",104,0.923076923076923,0.917824360944849,0.917765412918691,0.917322899868918
2025870,"The Drain",17,0.941176470588235,0.911352732491775,0.911376056514427,0.909558815599422
2055400,"Knights Together",1,1,0.852153574587866,0.860194089670355,0.859021775111307
2058140,"Henry Halfhead",177,0.977401129943503,0.972442754741799,0.972081040097174,0.971613603500888
2060160,"The Farmer Was Replaced",8990,0.954505005561735,0.954419545398354,0.954414344203972,0.954406075740294
2070860,"Esophaguys",11,1,0.938781004972937,0.937151717056822,0.933826507027305
2074740,"Particle Hearts",20,0.9,0.883192216109955,0.884352876049761,0.88339088648462
2076520,"Death In Abyss",146,0.821917808219178,0.822151862001004,0.822795971041385,0.822893754463464
2077750,"RENNSPORT",86,0.511627906976744,0.532461650744195,0.53693988903078,0.539170120112554
2085620,"Second Sun",115,0.695652173913043,0.702273606822168,0.704160240281476,0.704938963408271
2092170,"By Grit Alone",6,1,0.913414570778272,0.913285175424945,0.909930541051875
2094910,"Pile Up!",959,0.741397288842544,0.74194036429642,0.742133770800977,0.742206024315609
2099220,"Mobmania",369,0.86449864498645,0.863904769385539,0.864044976399273,0.864010513059092
2105620,"Sektori",894,0.961968680089485,0.961064206310247,0.961004169679104,0.960916708515064
2112750,"Toziuha Night: Order of the Alchemists",137,0.795620437956204,0.796984387920525,0.797860680595036,0.798081525340434
2115390,"Project Unknown",775,0.818064516129032,0.818140014770045,0.818271786876955,0.818294930680608
2115490,"High School Dirty Secrets",37,0.972972972972973,0.952519942864892,0.951507706234378,0.949892782318945
2117370,"Mad World Survivors",17,0.647058823529412,0.694592197347658,0.704479008532327,0.708320508095205
2122880,"All Hands on Deck",88,0.715909090909091,0.723124583812123,0.725305540246086,0.726153709270292
2126190,"Rue Valley",1899,0.698788836229595,0.699199638931687,0.699322327047629,0.699374219423965
2128430,"Seven Seas: Adventures",8,0.25,0.499192752988305,0.529114233477975,0.542657990655168
2135960,"Rhythm Storm",86,0.918604651162791,0.91261986998185,0.912610963549346,0.912120899261462
2140810,"Trinity Building Editor",3,0.333333333333333,0.664183972084073,0.690974615417215,0.700620745641357
2143760,"Her Name",1,1,0.852153574587866,0.860194089670355,0.859021775111307
2158690,"Star Rift Saga",31,0.967741935483871,0.944834376619326,0.943884451968531,0.942153451718555
2165140,"Kentum",172,0.75,0.752650195177286,0.75362741705179,0.753972420044113
2167530,"V's Rage",10,0.8,0.810491465599515,0.816985391904392,0.8180496102115
2171630,"Return from Core",1617,0.753246753246753,0.753525370404465,0.753632578074137,0.753670762585955
2174300,"Piczle World of Puzzles",2,1,0.870481046513441,0.875445739968527,0.873339861248404
2176710,"MEAT 2",17,0.882352941176471,0.868000625462952,0.869996646918007,0.869311154098579
2177940,"Odania Sports Arena",1,0,0.710649405258107,0.737744240951264,0.745978427154954
2179390,"Dyer Expedition",33,0.848484848484849,0.845270146847336,0.847093385217885,0.847057449573994
2182990,"Autumn with the Shiba Inu",3,1,0.884765810979371,0.887697048511342,0.885017735402677
2183670,"Hotel Galactic",590,0.733898305084746,0.73485390241605,0.735179867963924,0.73530462178818
2185030,"Dealer's Life Legend",271,0.81549815498155,0.815767185371412,0.816147091117194,0.81621724408606
2186270,"她毕业了 So Long, My Youth",27,0.592592592592593,0.63574421847077,0.644631392305308,0.648537598321347
2192780,"Grimdark Survivors",18,0.0555555555555556,0.2502234147999,0.279134492087548,0.294010651891788
2201910,"Winds Of Arcana: Ruination",112,0.785714285714286,0.787876077017481,0.789020259636457,0.789337299984063
2204560,"Mineral Madness",11,0.909090909090909,0.880188157602032,0.882105669858237,0.880765311246851
2208840,"Amazing Space",1,0,0.710649405258107,0.737744240951264,0.745978427154954
2212790,"Asbury Pines",552,0.903985507246377,0.903157099243022,0.90317422513921,0.903103530955527
2212830,"Soul Taker",15,0.933333333333333,0.902936957694645,0.903379890327661,0.901641409050991
2217720,"Oxide Room 208",22,0.318181818181818,0.428337174143007,0.446567808785162,0.455638035078156
2218400,"Greedland",2920,0.83458904109589,0.834574932178153,0.834603968655342,0.834606366123018
2221390,"Damned 2",90,0.844444444444444,0.843392306355442,0.844167246689226,0.844172567693562
2221780,"Metavoidal",46,0.934782608695652,0.922314983623871,0.922098846156446,0.921124994150573
2228490,"Atomic Owl",30,0.9,0.887852380999381,0.888562871122507,0.88777947220667
2234150,"BACKROOMS: APPREHENSION",1366,0.831625183016105,0.831608199792588,0.831672472444984,0.831679031789605
2235200,"Neon Abyss 2",1956,0.686605316973415,0.6870418582467,0.687167794398206,0.687222386483021
2238440,"The Last Craftsman",74,0.945945945945946,0.936992459888901,0.936652026664075,0.935890501830908
2243700,"Isle of Leil",3,0.666666666666667,0.774474891531722,0.789335831964278,0.792819240522017
2248170,"DRINK HUMAN BEANS",11,1,0.938781004972937,0.937151717056822,0.933826507027305
2262890,"Whispers in the Dark",7,0.285714285714286,0.537395511326684,0.566463626310163,0.579210058184584
2263360,"HYPERBEAT",379,0.997361477572559,0.994689701659545,0.994453844233271,0.994191188351512
2268550,"Trans Theft Horso",18,1,0.956586889340369,0.954632736681953,0.951748487636765
2271110,"RogueViz Collection",11,0.909090909090909,0.880188157602032,0.882105669858237,0.880765311246851
2279180,"Death Nomad",6,0.5,0.664801203145056,0.685436071065589,0.693264033947981
2279440,"Soul Mates",95,0.978947368421053,0.969873228663877,0.969248855338276,0.9684274417614
2282770,"Jack the Ripper: Hunter Clan",3,0.666666666666667,0.774474891531722,0.789335831964278,0.792819240522017
2285150,"The Front",9557,0.667678141676258,0.667779715056696,0.667807779794078,0.667820364069416
2288470,"Aethermancer",2574,0.912587412587413,0.912388001378759,0.912387778688349,0.912370024343522
2292540,"Cosmic Waves",3,0.666666666666667,0.774474891531722,0.789335831964278,0.792819240522017
2292870,"Eternal Rising",24,0.75,0.765695387743035,0.770852830596562,0.772433612598845
2296120,"Dreadstone Keep",9,1,0.930654731507598,0.929376643866756,0.92597029800506
2297590,"Glory Hunters",17,0.823529411764706,0.824648518434128,0.828617237321587,0.829063492597735
2299690,"香恋Ready！",62,0.870967741935484,0.867118726628925,0.867830151926792,0.867607382158252
2300120,"Painkiller",1083,0.542012927054478,0.543604890776938,0.543976364533779,0.544163849226102
2308690,"Ground of Aces",1403,0.846044191019244,0.845965570747066,0.846016960815877,0.84601643889983
2316640,"Light On",12,1,0.942169460922484,0.94043076782283,0.937160828603458
2319790,"Captain Wayne - Vacation Desperation",1009,0.974231912784936,0.973356613747339,0.973290068841704,0.97320428844858
2321250,"A Corgi's Cozy Hike",63,1,0.984872350870934,0.98372815524505,0.982396837983941
2321470,"Deep Rock Galactic: Survivor",46306,0.861659396190558,0.861654958522596,0.86165615073792,0.861655905367706
2324760,"Florida Interstate '86",22,0.909090909090909,0.891515733191154,0.892282980309418,0.891204896576309
2327050,"Pyrite Tycoon",2,0.5,0.746518144640867,0.76635414103533,0.771777466428911
2327950,"Citadel Anew",10,0.5,0.623772529354113,0.642227520257647,0.649946257986372
2334690,"Detective Malinowski The Truth Will Be Revealed",8,1,0.925725065222174,0.924720141050274,0.921298523700963
2336210,"Monochrome Heights",7,1,0.920040873360553,0.919406246911038,0.915997391632726
2345740,"Rogue Tactics",31,0.935483870967742,0.917856150709668,0.917683538813502,0.916410884218423
2347080,"Frosthaven",810,0.725925925925926,0.726683177332314,0.726932381000677,0.727030429047645
2350270,"Primal Planet",621,0.888888888888889,0.888297696828032,0.888338954678281,0.888292048961191
2352620,"Fellowship",15273,0.748772343351012,0.748803717009276,0.748815452183736,0.748819726649985
2353100,"Ember the Werefox",3,1,0.884765810979371,0.887697048511342,0.885017735402677
2357350,"Primal Fray",22,0.818181818181818,0.820257493337593,0.823711415459532,0.824194610191977
2359270,"Bravest Chicken",14,1,0.947933226509594,0.946059372104065,0.942913707806658
2359390,"Just Climb",14,1,0.947933226509594,0.946059372104065,0.942913707806658
2361770,"SHINOBI: Art of Vengeance",3550,0.837183098591549,0.837167063572275,0.837190156135184,0.837191635108354
2365410,"A Call From Under the House",10,0.9,0.872731111014648,0.87523801578664,0.87408406095321
2367120,"Blood Lily Ghoststories",108,0.907407407407407,0.903172459206756,0.903255463632857,0.9029133454977
2372450,"Rootin' Tootin' Lootin' & Shootin'",6,1,0.913414570778272,0.913285175424945,0.909930541051875
2376990,"Meduziak",6,0.833333333333333,0.830543448233867,0.837335473971826,0.837708372017243
2377620,"Lord O' Pirates",21,0.857142857142857,0.850562278773199,0.852955667907532,0.852766679911934
2377720,"Super Power Racing",15,1,0.950404719723233,0.948492790252201,0.945412433285724
2393510,"Master of Luna",21,0.952380952380952,0.924453186644817,0.923961731194113,0.922099988736416
2398290,"King of the Arcade",3,0.333333333333333,0.664183972084073,0.690974615417215,0.700620745641357
2402620,"World Guesser",1,0,0.710649405258107,0.737744240951264,0.745978427154954
2403600,"Jamboy, a Jelly-cious Hero",44,0.977272727272727,0.959158264861679,0.958141838630023,0.956657998805858
2411100,"Mind Control: Bloody Renaissance",29,1,0.970204968338696,0.968431096949087,0.96615342366688
2416100,"Goodnight Universe",1338,0.968609865470852,0.967974198806788,0.967928329558059,0.967866225977903
2421540,"白猫骑士物语/ White Cat Knight",86,1,0.988651513829381,0.987745178453059,0.986711055091244
2424300,"Grey Heritage: Noble Duty",12,0.916666666666667,0.88681971289006,0.888256696989859,0.886773257593277
2424480,"No Heroes Here 2",13,0.615384615384615,0.682968343088707,0.695450025594775,0.700322971125108
2430170,"Hidden Pass",16,0.6875,0.726068810114011,0.734888250455522,0.738024258636206
2430540,"Radix Chronicle",31,1,0.971812602528984,0.97008536512356,0.967896019218687
2436660,"Splatterbot",10,1,0.934970756429782,0.933490639668888,0.930118511694919
2440940,"JUMPING JUMP NINJA",1,0,0.710649405258107,0.737744240951264,0.745978427154954
2444530,"Wreckage",5,0.8,0.815231472989642,0.823965723203626,0.825074902022729
2446540,"SLEEP AWAKE",163,0.717791411042945,0.721738483132997,0.722967152465465,0.723452283705036
2449060,"15 Minutes Dungeon",4,1,0.896212616889674,0.89775408144717,0.894724022111121
2451310,"Monster Mop Up",189,0.571428571428571,0.579401693287743,0.581265431932313,0.582175670510552
2453160,"Sword of the Sea",1628,0.893734643734644,0.893489784826747,0.893502142694747,0.893481966499095
2460920,"ACRES",209,0.803827751196172,0.804503554502186,0.805049723373174,0.805174711342946
2461360,"Click Cluck",3,0.666666666666667,0.774474891531722,0.789335831964278,0.792819240522017
2467850,"Wild Growth",513,0.84990253411306,0.849644013460479,0.849775554876754,0.849769237241813
2471390,"BloodRush: Undying Wish",45,0.977777777777778,0.959958033625413,0.958944232391323,0.957478152964234
2479770,"Troublemaker 2: Beyond Dream",142,0.950704225352113,0.945667676773549,0.945418480485272,0.944962778616769
2481640,"Mage and Monsters II",368,0.831521739130435,0.831461122885634,0.83169680163602,0.831720734293251
2483440,"Shroomtopia",18,0.944444444444444,0.915036096720342,0.914897545823459,0.91305802671059
2484630,"无尽的冒险",89,0.932584269662921,0.925896204829561,0.925735759425997,0.925168781071769
2486820,"Sonic Racing: CrossWorlds",11445,0.934731323722149,0.93467466176931,0.934672471530816,0.934667146857081
2488250,"Ploko",15,1,0.950404719723233,0.948492790252201,0.945412433285724
2488470,"Politon",81,0.901234567901235,0.8961164667148,0.896312897836912,0.895919912767607
2495610,"Elven Rivers 6: Guardians of Hope Collector's Edition",2,1,0.870481046513441,0.875445739968527,0.873339861248404
2495630,"Myth Finders",3,0.666666666666667,0.774474891531722,0.789335831964278,0.792819240522017
2495640,"World Wonders Hidden Histories 3",2,1,0.870481046513441,0.875445739968527,0.873339861248404
2500460,"Inventorix",129,1,0.992264425641712,0.99161512374688,0.990886726620455
2503550,"Operation Octo",107,0.981308411214953,0.973070637998108,0.972481094082502,0.971726382583848
2505200,"Shadows Labyrinth",5,0.2,0.544153575712055,0.577389205975441,0.591542153262772
2507560,"Type-NOISE: Shonen Shojo",118,0.779661016949153,0.78201426948695,0.783155104660726,0.783488700580966
2508780,"STORY OF SEASONS: Grand Bazaar",3118,0.937139191789609,0.936926824962878,0.936918006350483,0.936898009002228
2521400,"愚人船 NARRENSCHIFF",308,0.954545454545455,0.95209677027374,0.951956394663226,0.951726130503876
2522040,"Epic Trains 4",4,0.5,0.697542308926574,0.718648674108985,0.725892998606123
2522290,"Bridge Hunter",12,1,0.942169460922484,0.94043076782283,0.937160828603458
2523450,"Survivors Last Stand",9,0.888888888888889,0.864284208259485,0.867520751979498,0.866609603342275
2523720,"Gears of War: Reloaded",3923,0.613561050216671,0.61389183552567,0.613975209904609,0.614015137406624
2528800,"Talents",13,0.769230769230769,0.787862001585555,0.794623864371596,0.796263883605102
2529050,"A Doctor's Term",21,0.857142857142857,0.850562278773199,0.852955667907532,0.852766679911934
2538520,"Double Date - Yuri Visual Novel",20,1,0.959917784950884,0.95797266503423,0.955214064603747
2545710,"Tony Hawk's<U+2122> Pro Skater<U+2122> 3 + 4",1549,0.685603615235636,0.686158318337608,0.686317816206581,0.68638705109058
2548500,"Evil Doll",7,0.857142857142857,0.84351180095378,0.848817722790863,0.848639924943097
2549190,"The Final Breath",2,1,0.870481046513441,0.875445739968527,0.873339861248404
2549240,"Toree Saturn",412,0.932038834951456,0.930525908121314,0.930476952221771,0.930338492979857
2549930,"Ostrich Farm",16,0.75,0.771385490731139,0.778053826086439,0.779959724575036
2550790,"Live Hard, Die Hard",83,0.891566265060241,0.887221662131763,0.887522217926778,0.88720364132262
2552750,"Dark Ride: The Feline Fix",4,0.5,0.697542308926574,0.718648674108985,0.725892998606123
2555950,"Million Depth",667,0.931034482758621,0.930103800662978,0.9300740506051,0.929988315824744
2559960,"RED DAWN",83,0.91566265060241,0.909676685667659,0.909703378212284,0.90921888017246
2560340,"Bonaparte - A Mechanized Revolution",72,0.680555555555556,0.691997361669994,0.695051479912329,0.696327096054525
2560730,"SauceLore",10,1,0.934970756429782,0.933490639668888,0.930118511694919
2561810,"HamSumo",5,1,0.905590772082171,0.906157895613021,0.902919151609382
2567380,"Luctus",62,0.951612903225806,0.940575837605071,0.940119369135718,0.939193274791048
2568650,"Carnival Survivors The Parade",7,1,0.920040873360553,0.919406246911038,0.915997391632726
2568800,"Astral Outcast",4,1,0.896212616889674,0.89775408144717,0.894724022111121
2571730,"Halchemist",3,1,0.884765810979371,0.887697048511342,0.885017735402677
2576200,"Into The Grid",195,0.830769230769231,0.830679165648243,0.831120775170935,0.831167048854843
2582140,"Seafarer: The Ship Sim",1905,0.647769028871391,0.648340510803231,0.648492062822741,0.648561850325184
2588400,"Robokid",1,1,0.852153574587866,0.860194089670355,0.859021775111307
2597810,"Afallon",256,0.79296875,0.793774741576024,0.794268199788009,0.794398691750505
2602230,"MotionRec",425,0.995294117647059,0.992936548669881,0.992730257033952,0.992498220445028
2604780,"World of blind",5,0.6,0.724872173897113,0.741773550794231,0.747230652436077
2607180,"Mecha Blitz",3,1,0.884765810979371,0.887697048511342,0.885017735402677
2610880,"Duskpunk",170,0.911764705882353,0.908870903154019,0.908889489491797,0.908645111401269
2615540,"VOID/BREAKER",2499,0.916766706682673,0.916551203559211,0.916549147435909,0.91652973385236
2617360,"Paddle Protectors",5,0.6,0.724872173897113,0.741773550794231,0.747230652436077
2621760,"Checkout Blitz: The Shopping Dead",9,1,0.930654731507598,0.929376643866756,0.92597029800506
2622330,"Alternate Tales of Ryukyu:Bonds of the Red Sakura Trees",2,1,0.870481046513441,0.875445739968527,0.873339861248404
2632690,"FoMO",6,0.833333333333333,0.830543448233867,0.837335473971826,0.837708372017243
2642760,"Back to Hearth",339,0.982300884955752,0.979584191722805,0.979369066847426,0.979105674921155
2643010,"Becoming Saint",135,0.644444444444444,0.652329426726981,0.65433697397201,0.655243689364896
2643880,"Build For Sale Simulator",32,0.46875,0.525971217642911,0.53680594860265,0.542060899911419
2644020,"The End Grows",26,0.923076923076923,0.905047963214802,0.905274000363506,0.904062495834557
2644280,"Core Miners",8,0.125,0.42810403428266,0.463179915549259,0.479551235147535
2651090,"Super Stream-Bara",23,0.956521739130435,0.929651314857566,0.929002952072419,0.927150860614995
2653120,"Donna: The Canine Quest",15,1,0.950404719723233,0.948492790252201,0.945412433285724
2653470,"Little Problems: A Cozy Detective Game",447,0.9082774049217,0.90719953823148,0.907210835503103,0.907117790928834
2656440,"Knight Case Files",5,0.8,0.815231472989642,0.823965723203626,0.825074902022729
2659530,"Stop The Slimes",5,1,0.905590772082171,0.906157895613021,0.902919151609382
2659840,"A-RED Walking Robot",5,0.8,0.815231472989642,0.823965723203626,0.825074902022729
2673560,"Wolf Knight Memoir",8,0.875,0.854636346516529,0.858785823121557,0.85819176819333
2673790,"Endless Asphalt",1,1,0.852153574587866,0.860194089670355,0.859021775111307
2676040,"Statera: Aurum",3,1,0.884765810979371,0.887697048511342,0.885017735402677
2676220,"Pigeon's Mission",13,0.923076923076923,0.892755660082402,0.893797703148418,0.892204796085096
2679310,"GuildMestar",2,1,0.870481046513441,0.875445739968527,0.873339861248404
2685840,"Pastel☆Parade",214,0.91588785046729,0.913458963082641,0.913451039123027,0.913241157056339
2687280,"Red's Ascent",10,0.4,0.561532883938979,0.583974896375399,0.593911807244663
2687400,"GODBREAKERS",809,0.700865265760198,0.701809984608003,0.70209300702621,0.702211839619975
2689930,"Detective Instinct: Farewell, My Beloved",431,0.939675174013921,0.938122016453925,0.938056119236873,0.937911918261197
2691210,"Idle Life - An Idle Game",14,0.857142857142857,0.848266758255084,0.851570924368255,0.851364454763571
2691340,"The Christopher Redemption - I",1,1,0.852153574587866,0.860194089670355,0.859021775111307
2692990,"DON'T SCREAM TOGETHER",2303,0.495440729483283,0.496313941628182,0.496511751237831,0.496614212315786
2695430,"A.I.L.A",879,0.814562002275313,0.814652638354853,0.814773273386645,0.814796383901493
2701070,"Major\Minor 2.0: (Re)Vision",17,0.647058823529412,0.694592197347658,0.704479008532327,0.708320508095205
2701720,"Wagotabi: A Japanese Journey",1534,0.985658409387223,0.985036481314878,0.984984270984647,0.984922544773917
2701800,"No Players Online",624,0.833333333333333,0.833279901950964,0.833416820987825,0.83342920715003
2705860,"Sound of Horses",277,0.956678700361011,0.953916127551714,0.953753397614749,0.953493786555387
2707080,"Inflatum",6,1,0.913414570778272,0.913285175424945,0.909930541051875
2714970,"Backrooms Media",547,0.39853747714808,0.403246148657892,0.404255444156826,0.404795170435332
2715940,"Marble Champions",9,0.666666666666667,0.731543161763258,0.743808968204983,0.747888214016706
2717150,"Releaseburg",7,1,0.920040873360553,0.919406246911038,0.915997391632726
2719740,"Zero Caliber 2 Remastered",432,0.798611111111111,0.799015140537019,0.799297718866982,0.799368225261538
2722610,"Grand Emprise 2: Portals Apart",78,0.5,0.523655491202736,0.528668092155246,0.531171637632254
2722680,"The Winter Mind",76,0.657894736842105,0.670454098680657,0.673646183394264,0.675034429841424
2725250,"Nientum - Op.ZERO",158,0.981012658227848,0.975346522986334,0.97492386508183,0.974391228592037
2726960,"搜查一刻",29,0.689655172413793,0.713552900203089,0.719582771844124,0.721894618612459
2727660,"GlitchSPANKR",273,0.95970695970696,0.956838955102198,0.956662429473461,0.956392081958477
2730810,"EVERYBODY'S GOLF HOT SHOTS",1048,0.606870229007634,0.608141752021855,0.608458288239113,0.608610486473285
2730970,"Westland Survival",1,0,0.710649405258107,0.737744240951264,0.745978427154954
2731330,"TROLEU",604,0.923841059602649,0.922885804825603,0.922865975508783,0.922779418617814
2738630,"Dungeons & Dragons Neverwinter Nights 2: Enhanced Edition",1366,0.475841874084919,0.477398073797793,0.477746010120278,0.477927634639172
2739150,"I Want to Believe",47,0.808510638297872,0.810714123531891,0.812767673536179,0.813166213487252
2740170,"Horse Racing Manager",199,0.884422110552764,0.882746475376093,0.882901793283294,0.882777055034883
2747330,"Species: Unknown",9353,0.946541216721907,0.946464233662706,0.946460168807475,0.946452798420162
2749000,"Inn Tycoon",726,0.765840220385675,0.766353575929005,0.766571829468664,0.766644393750874
2749690,"Imaginytes",29,1,0.970204968338696,0.968431096949087,0.96615342366688
2750780,"月华辉映之刻",4205,0.894887039239001,0.894790363657019,0.89479482144691,0.894786778523505
2751920,"Redacted:Genome",1,1,0.852153574587866,0.860194089670355,0.859021775111307
2760580,"Mars Attracts",208,0.923076923076923,0.920376209858673,0.920332712091136,0.920095330022058
2764590,"Monster: Titan's Playground",271,0.915129151291513,0.913216563544694,0.913211221589485,0.91304482675214
2774180,"Finding Cats In Old City Block",31,0.870967741935484,0.863899698890353,0.865281712503443,0.864925749218158
2776450,"Multiverse Loot Hunter",2583,0.807588075880759,0.807635401546837,0.807679653312507,0.807689424629388
2779730,"Shoomer Booter",10,0.7,0.748251820184381,0.758732768022143,0.762015159469791
2780980,"LOCKDOWN Protocol",16566,0.860557768924303,0.860545770778177,0.860549175982435,0.860548535709345
2780990,"Paradigm Island",23,0.826086956521739,0.826441239239087,0.829555247170517,0.829894034910154
2783460,"Grid Warriors: Battles",2,0.5,0.746518144640867,0.76635414103533,0.771777466428911
2784120,"Red Riddles",3,0,0.553893052636423,0.592613398870152,0.608422250760697
2784440,"Storage Looter",20,1,0.959917784950884,0.95797266503423,0.955214064603747
2786550,"CURE - A Hospital Simulator",822,0.867396593673966,0.867106369852416,0.867165731219807,0.867147525311518
2786660,"Barbie<U+2122> Horse Trails",27,0.666666666666667,0.696227608533682,0.703168076981728,0.705932725013854
2787680,"Candy Rangers",30,0.866666666666667,0.860126150581898,0.861656999563397,0.861356715098132
2788430,"Alchemy of the Earth",21,0.619047619047619,0.665835009094155,0.675440509691079,0.679433407850729
2790160,"Missile Command Delta",31,0.838709677419355,0.836921472980695,0.839080799348414,0.839183181718026
2797650,"Pip My Dice",133,0.87218045112782,0.870243627787362,0.870570171227799,0.870446478767527
2806120,"Bio Goddess : Doomsday Begins",308,0.847402597402597,0.847023625374089,0.847249870910595,0.847244886921321
2807240,"Swamp Up",18,1,0.956586889340369,0.954632736681953,0.951748487636765
2808530,"KILLBEAT",24,1,0.965250183783536,0.963366557628552,0.960839349374079
2810550,"PAGER",139,0.884892086330935,0.882503749638834,0.882724650205046,0.882549764808241
2812670,"The Maze Survivor: The 9th Entrants",62,0.82258064516129,0.823044460043238,0.824456621601436,0.824655846578575
2813900,"The Office Killer",13,0.923076923076923,0.892755660082402,0.893797703148418,0.892204796085096
2815080,"Forgotten 23",14,0.928571428571429,0.898099992382339,0.89881514823616,0.897139081285115
2815570,"Fur and Void",2,0,0.622555242768293,0.657262542102133,0.670215071609419
2819920,"OOLO",21,1,0.961398640580626,0.959464762837403,0.956766643148657
2820450,"WuKong Up",3,0.666666666666667,0.774474891531722,0.789335831964278,0.792819240522017
2821700,"Warranted Humanity",6,0.833333333333333,0.830543448233867,0.837335473971826,0.837708372017243
2823790,"Casino Management Simulator",20,0.6,0.653015509587168,0.663493509096355,0.66792135212724
2824490,"He is Coming",3818,0.847564169722368,0.847532788778601,0.847551283429775,0.847550818434502
2824780,"TORSO TENNIS",62,1,0.984650104190758,0.983492899461074,0.982144810370725
2825880,"Death Howl",1288,0.928571428571429,0.928098911926234,0.928085128555642,0.928041522912771
2826670,"Melting Encyclopedia",10,0.9,0.872731111014648,0.87523801578664,0.87408406095321
2827080,"Yunashi no Yume",58,0.879310344827586,0.874431000052721,0.87506269965486,0.874751754734387
2827200,"MIMESIS",8339,0.842427149538314,0.842416504100678,0.842425654576235,0.842425858742941
2831070,"Dimachaerus",1,1,0.852153574587866,0.860194089670355,0.859021775111307
2835650,"Randomice",97,0.948453608247423,0.941350535019144,0.941039261618009,0.940416356088144
2836300,"3D Skills Start Here",45,0.333333333333333,0.392075839841122,0.403033071553719,0.408715522314949
2845770,"The Giant Crab in Space",5,0.6,0.724872173897113,0.741773550794231,0.747230652436077
2848680,"Landmaster",6,0.333333333333333,0.581930080600651,0.609486369612471,0.62104186491335
2851640,"Speed Demons 2",26,0.923076923076923,0.905047963214802,0.905274000363506,0.904062495834557
2854980,"MADNESS",7,1,0.920040873360553,0.919406246911038,0.915997391632726
2857670,"Pot",2,1,0.870481046513441,0.875445739968527,0.873339861248404
2860040,"SIS and BRO: The Cyborg Siblings",1,1,0.852153574587866,0.860194089670355,0.859021775111307
2863790,"FolkOrigin",36,0.888888888888889,0.88007633722204,0.880886168302755,0.880328949672496
2865380,"Scott Whiskers: the Search for the Golden Cat",9,1,0.930654731507598,0.929376643866756,0.92597029800506
2870530,"Battle Suit Aces",346,0.904624277456647,0.903300147168944,0.903326817081227,0.903214673539042
2870920,"Restaurats",1630,0.896319018404908,0.896064875340573,0.896075488432572,0.896054269172871
2871820,"祟り坂 | TATARI Curse road",45,0.866666666666667,0.862047310559156,0.863097480522771,0.862863906300564
2873860,"Sudoku Acres",36,0.944444444444444,0.9276196216962,0.927218276851003,0.925942974152158
2875000,"Psycho-Kin",2,1,0.870481046513441,0.875445739968527,0.873339861248404
2876200,"eXoSpace Combat Engineer",43,0.813953488372093,0.815663617951124,0.817772410763695,0.818135415367162
2877170,"TouHou Makuka Sai ~ Fantastic Danmaku Festival Part III",1241,0.908944399677679,0.908549559312362,0.908552480599889,0.908517862493169
2877660,"Jitter",164,0.841463414634146,0.840975430415384,0.841430870368185,0.8414447208898
2878450,"Master of Command",3807,0.921460467559758,0.921311420486887,0.921308697035136,0.921295091966262
2879980,"ZAKO NO AHIRU",277,0.877256317689531,0.876195992484704,0.8763340269837,0.87625911473206
2881170,"My fair damnation",1,1,0.852153574587866,0.860194089670355,0.859021775111307
2886690,"Human Sacrifice",2,1,0.870481046513441,0.875445739968527,0.873339861248404
2886700,"Star Scum",6,0.833333333333333,0.830543448233867,0.837335473971826,0.837708372017243
2891580,"Puzzled Hive",16,1,0.952652213199652,0.950716128610107,0.947701588330354
2892040,"The Shadowed Rune",41,1,0.97780139290096,0.976296023437096,0.974468486353057
2892560,"AO: Containment Breach",2,1,0.870481046513441,0.875445739968527,0.873339861248404
2893530,"Pillaged Village: Humbled by Savages",25,0.68,0.708860180286565,0.715800311785807,0.718471950278868
2893820,"Of Ash and Steel",6044,0.661647915287889,0.661814514766205,0.661859956521182,0.661880513642002
2896350,"Thule",6,0.5,0.664801203145056,0.685436071065589,0.693264033947981
2896570,"Empire Builder",42,0.928571428571429,0.915850246470562,0.915761117693853,0.91479551966734
2897520,"Furball Blitz!",3,1,0.884765810979371,0.887697048511342,0.885017735402677
2899300,"UKNON Jones & Guynelk 2",1,1,0.852153574587866,0.860194089670355,0.859021775111307
2902440,"Steve's Warehouse: Physics. Roguelike. Chaos.",130,0.876923076923077,0.874732087145157,0.875029788035971,0.874881418546566
2903160,"Midori no Kaori",463,0.948164146868251,0.94660714985916,0.946525891676522,0.946379266877585
2903240,"DODORI",16,1,0.952652213199652,0.950716128610107,0.947701588330354
2904360,"Dissimilar",29,0.896551724137931,0.88465427896016,0.885481655247433,0.884733821982073
2904420,"MagicCar of Delicious",26,0.769230769230769,0.780308861207577,0.784670774509273,0.785880713257671
2905160,"Risky Rocket",2,1,0.870481046513441,0.875445739968527,0.873339861248404
2905650,"Chaos Pieces",5,1,0.905590772082171,0.906157895613021,0.902919151609382
2906270,"Hidden Cats in Istanbul",54,1,0.98260573189919,0.981333930587114,0.979835184232316
2908050,"Catto's Post Office",1195,0.973221757322176,0.972487111697716,0.97243165803817,0.972359627109659
2908500,"Buggos 2",686,0.835276967930029,0.835211284627854,0.835332892942364,0.835342295706957
2908830,"Toni Island Adventure",10,1,0.934970756429782,0.933490639668888,0.930118511694919
2909870,"The Legacy",46,0.521739130434783,0.557400052916736,0.564731685373061,0.568267918114449
2912770,"Silver Daze",14,1,0.947933226509594,0.946059372104065,0.942913707806658
2914490,"Death end re;Quest: Code Z",57,0.719298245614035,0.729734420392857,0.732855756120597,0.734030273673388
2915660,"Pennon and Battle",175,0.691428571428571,0.695997383925127,0.697300506624476,0.697849190367198
2917040,"Garten of Banban 8: Anti Devil",1573,0.885568976478067,0.88534696225624,0.885365417060254,0.885348036623424
2920010,"Comet Angel",13,1,0.945202489330826,0.943384622536829,0.940175252325093
2920510,"Werewolf Party",56,0.892857142857143,0.88649639470277,0.886938046689225,0.886490964453598
2923120,"Star's Peaces: Memorial Edition",4,1,0.896212616889674,0.89775408144717,0.894724022111121
2924080,"The Mnemograph",9,1,0.930654731507598,0.929376643866756,0.92597029800506
2925970,"The Unholy Priest",371,0.730458221024259,0.732024178334779,0.732547142353061,0.73274873520336
2928690,"Wandness: WandCraft Survivor",107,0.747663551401869,0.751962661574271,0.753502880711476,0.754043883492072
2929880,"Z-Factor",3,0.333333333333333,0.664183972084073,0.690974615417215,0.700620745641357
2930290,"Love at The Milky Way Diner",25,1,0.966368730633376,0.964505423174243,0.962031593636592
2931620,"My Furry Protogen 3 <U+0001F43E>",219,0.958904109589041,0.955369630288029,0.95515810126875,0.954827904861901
2932990,"The Zombie Slayers",21,0.80952380952381,0.813616824837391,0.817452636264241,0.818100025499693
2934220,"Monsters are Coming!",2698,0.795033358042995,0.795106839177583,0.795154302740031,0.795166804429225
2936470,"A Fistful Of Yankees",10,0.9,0.872731111014648,0.87523801578664,0.87408406095321
2937090,"Hunters Inc",155,0.567741935483871,0.577536987547099,0.579804124230318,0.580910505906572
2937770,"Bubble Bobble Sugar Dungeons Boosted",17,0.588235294117647,0.651240090318834,0.663099598935907,0.668072846594362
2943250,"Impawlse",2,1,0.870481046513441,0.875445739968527,0.873339861248404
2943420,"Amelie falls over and over again ~ An endless week in Magic Academy",256,0.8046875,0.805222198929008,0.805667822311576,0.805768953701747
2943670,"Night Club Simulator",288,0.597222222222222,0.601978976540861,0.603133495759401,0.603688907432322
2948470,"Mordfield Command",5,1,0.905590772082171,0.906157895613021,0.902919151609382
2949560,"NO LIFE BABY OF THE END",2,0.5,0.746518144640867,0.76635414103533,0.771777466428911
2952970,"The Rule Of SHE",34,0.764705882352941,0.774257214819913,0.777933124631724,0.77902116680639
2955840,"Kitchen Wars",49,0.816326530612245,0.817588880410842,0.819434706878361,0.819739525500748
2957700,"Sensei! I Like You So Much!",1300,0.869230769230769,0.869038242678685,0.869074271768751,0.869061728197089
2958130,"Jurassic World Evolution 3",11304,0.935244161358811,0.935186517918837,0.935184250614804,0.935178828825074
2963220,"Ruins of Endoth",5,0.8,0.815231472989642,0.823965723203626,0.825074902022729
2964580,"Dungeon World",6,0.833333333333333,0.830543448233867,0.837335473971826,0.837708372017243
2967630,"The Biggleboss Incident",188,0.920212765957447,0.917323264134704,0.91729251089009,0.917041436153463
2968420,"PowerWash Simulator 2",10838,0.915667097250415,0.915617929489069,0.91561754897988,0.915613120206503
2973830,"Crime Shop Simulator: A Prison Boss Game",157,0.859872611464968,0.858678762540017,0.85903503552359,0.858976903473518
2977680,"ScanIt!",4,1,0.896212616889674,0.89775408144717,0.894724022111121
2978460,"HARD VOID",8,1,0.925725065222174,0.924720141050274,0.921298523700963
2979020,"Clayers: Prologue",6,1,0.913414570778272,0.913285175424945,0.909930541051875
2981070,"Arcane Trigger",360,0.852777777777778,0.852363554558043,0.85254176474463,0.852527709117243
2981450,"Mystery Lover:Nonexistent Memories",351,0.945868945868946,0.943862568564763,0.943764327342492,0.943577168902281
2983410,"Xenopurge",416,0.850961538461538,0.85062838175979,0.850787517574756,0.850778131620794
2985450,"Umigame",43,0.767441860465116,0.774902966793629,0.777905255064263,0.778801081349245
2986340,"Flood",9,1,0.930654731507598,0.929376643866756,0.92597029800506
2987110,"Necromancer For A Week",27,0.962962962962963,0.938161168785332,0.937314815687406,0.93551323178388
2995560,"Wildkeepers Rising",110,0.790909090909091,0.792836595539992,0.793953751573119,0.794247723710343
2996290,"Jigsaw Industry",5,0.8,0.815231472989642,0.823965723203626,0.825074902022729
2998130,"Spiritual Clinic Simulator",2,0,0.622555242768293,0.657262542102133,0.670215071609419
2999220,"Cupig's Key Collectathon",2,1,0.870481046513441,0.875445739968527,0.873339861248404
3001330,"Forest Heroes",278,0.834532374100719,0.834388253688698,0.834687026021427,0.834711385188478
3002400,"Black Annis",20,0.75,0.768103862848561,0.773923192573058,0.77565611930593
3002630,"Dionysus",1,1,0.852153574587866,0.860194089670355,0.859021775111307
3003730,"Fantasy Clicker",36,0.611111111111111,0.642359914851237,0.649225625561512,0.652258827274183
3004860,"Sunchaser",2,1,0.870481046513441,0.875445739968527,0.873339861248404
3006080,"Aris Arcanum",19,0.736842105263158,0.75885278419504,0.76528329544274,0.767299473628949
3006280,"Sheepherds!",306,0.983660130718954,0.980629731303982,0.980388266203606,0.980094972570673
3008340,"Day of the Shell",381,0.687664041994751,0.689860302952721,0.690489244899803,0.690759154588068
3008800,"Seconds Till Destruction",24,1,0.965250183783536,0.963366557628552,0.960839349374079
3008950,"Twisted Screens",4,0.75,0.796877462908124,0.808201377778077,0.810308510358622
3012220,"Double Dragon Revive",157,0.630573248407643,0.637910516687758,0.639745617993247,0.640591476011623
3013500,"Bunny Space Odyssey: FlopHop",51,0.980392156862745,0.964168034058477,0.963179215505395,0.961813713087199
3014460,"Azrael's Tear",7,1,0.920040873360553,0.919406246911038,0.915997391632726
3015920,"Tides of The Endless",25,0.84,0.83761445545997,0.840152867480025,0.84025177195773
3019870,"San Geng",55,0.963636363636364,0.950139620609187,0.949462577589352,0.948332303915302
3022560,"The Banker Tycoon",2,0,0.622555242768293,0.657262542102133,0.670215071609419
3024040,"Stronghold Crusader: Definitive Edition",10580,0.927504725897921,0.927447575630664,0.927445957114488,0.927440661244883
3024370,"NebuLeet",53,0.905660377358491,0.897661511779146,0.897921117770234,0.897329328773392
3026650,"Master Bobber",1,1,0.852153574587866,0.860194089670355,0.859021775111307
3027310,"Zombi Efem",2,0.5,0.746518144640867,0.76635414103533,0.771777466428911
3029500,"Wind Story",5,0.4,0.634512874804584,0.659581378384836,0.669386402849425
3030130,"Known as Puca",2,1,0.870481046513441,0.875445739968527,0.873339861248404
3032010,"The Supper: New Blood",120,0.883333333333333,0.880660056311523,0.880929905118774,0.880738568747908
3032520,"BLUMA",22,1,0.962773973044716,0.960854545159303,0.95821518296064
3033080,"Wukong Survivors ：Begin",17,1,0.954704839520599,0.952755466110847,0.949806477100265
3034350,"Niraya of ■■",21,0.523809523809524,0.591944101222537,0.604434446404498,0.610100099026247
3034530,"Zilar: Empire Of The Underground",18,1,0.956586889340369,0.954632736681953,0.951748487636765
3035320,"Zombie God",14,0.928571428571429,0.898099992382339,0.89881514823616,0.897139081285115
3035880,"Devil's Drizzle",63,0.936507936507937,0.926957513418401,0.926720982259986,0.925936476946354
3036320,"My Last Stand: Survivors",2,0,0.622555242768293,0.657262542102133,0.670215071609419
3036800,"PRITTO PRISONER",76,0.934210526315789,0.926342799614716,0.926151369405504,0.925493114978315
3037480,"Paplion",2,1,0.870481046513441,0.875445739968527,0.873339861248404
3038530,"NikNaks",12,0.916666666666667,0.88681971289006,0.888256696989859,0.886773257593277
3039910,"Demon Hunt",459,0.773420479302832,0.774129671245665,0.774454587262862,0.774557178338181
3040110,"Outsider",5,1,0.905590772082171,0.906157895613021,0.902919151609382
3040180,"Holy Shot",53,0.849056603773585,0.846871670131602,0.848059573887934,0.848024659412867
3040670,"Catalina's Horror Adventure",5,1,0.905590772082171,0.906157895613021,0.902919151609382
3042280,"Drop It! Jelly Man",5,1,0.905590772082171,0.906157895613021,0.902919151609382
3042560,"Void: Icarus",4,1,0.896212616889674,0.89775408144717,0.894724022111121
3043580,"Keeper",1021,0.910871694417238,0.910380893760535,0.910382481414983,0.910339252137208
3044220,"Liminal Exit",90,0.688888888888889,0.697660574726931,0.700084827974135,0.701090821598363
3045660,"东方醉游稽传~Touhou Drunken Rebellion",104,0.884615384615385,0.881482836608289,0.881783385161109,0.881559491850208
3047090,"Drive Out",5,1,0.905590772082171,0.906157895613021,0.902919151609382
3047310,"Aim Assault",42,0.785714285714286,0.791024299559349,0.793727075515478,0.794425173920867
3047510,"Myths are 100% True",182,1,0.994444423166549,0.993964367328856,0.993430910178498
3051240,"Hungry Meem",9,0.666666666666667,0.731543161763258,0.743808968204983,0.747888214016706
3051490,"Nicktoons & The Dice of Destiny",39,0.923076923076923,0.910248594373598,0.910287104028381,0.909339076301711
3052320,"Ground Mine Girl ",1,0,0.710649405258107,0.737744240951264,0.745978427154954
3054820,"DevilConnection",1941,0.987635239567233,0.987137154919214,0.987094666312688,0.987045095210856
3055230,"Sex any cost but free",432,0.726851851851852,0.728249698302686,0.728709474255932,0.728889038367994
3055530,"Dare to Lucid Dream",20,1,0.959917784950884,0.95797266503423,0.955214064603747
3058360,"Parisian Bistro Simulator",425,0.938823529411765,0.937260739756968,0.937196119234337,0.937051269556463
3059160,"Wizard Duel",3,1,0.884765810979371,0.887697048511342,0.885017735402677
3061100,"栖云：遗忘之境 Oriental Dreams : The Forgotten Realm",1,1,0.852153574587866,0.860194089670355,0.859021775111307
3061370,"Manga Ninja 漫画忍者",8,1,0.925725065222174,0.924720141050274,0.921298523700963
3062040,"Hot Rod Mayhem",4,1,0.896212616889674,0.89775408144717,0.894724022111121
3064730,"Twisted Jam",1,0,0.710649405258107,0.737744240951264,0.745978427154954
3065870,"Varthos - Heir to the Throne",79,0.670886075949367,0.682075979343724,0.685008606316271,0.686259988520011
3067620,"CROW",27,0.851851851851852,0.847436083690963,0.849509788672777,0.84942054174512
3067970,"Broken Aperture",7,0.857142857142857,0.84351180095378,0.848817722790863,0.848639924943097
3068670,"Anode Heart: Layer Null",224,0.915178571428571,0.912873961009236,0.912869162735317,0.912670038827535
3069360,"RIP Party",1,1,0.852153574587866,0.860194089670355,0.859021775111307
3070390,"Master Lemon: The Quest for Iceland",108,1,0.990840287531556,0.990086187510054,0.989234719041687
3070650,"群島物語 - 實習鍊金術士的 90 天之旅",27,0.925925925925926,0.907919473753876,0.908046473349196,0.906815668437626
3070880,"Farming & Supermarket Simulator",830,0.790361445783132,0.790633005464113,0.790792252887986,0.790836165366919
3075800,"Subterranauts",190,0.768421052631579,0.770257940115177,0.771047742510014,0.771301522459561
3076240,"True Nightmare - Roadside Сafe",134,0.798507462686567,0.799775576139846,0.800648748151567,0.800860906641866
3077570,"MOMO Crash",701,0.893009985734665,0.892450322457829,0.892480471080921,0.892434888736686
3078670,"Tiny Pixels Vol. 2 - Stormy Knights",5,1,0.905590772082171,0.906157895613021,0.902919151609382
3080530,"Project X: Light Years",141,0.936170212765957,0.93169898694582,0.931551783140128,0.931156327946071
3083990,"Imaginary Friend Institution",50,0.96,0.945693115355209,0.945042390389262,0.943866346929267
3084740,"Command Deck",74,0.986486486486487,0.974461112873576,0.973613038686235,0.972544632602648
3085200,"MOTTAINAI GHOST",12,0.75,0.776120216825212,0.783908555323918,0.785998115572916
3086120,"Harpoon Classic '97",61,0.836065573770492,0.835316446627257,0.836551350051495,0.836634086151409
3086580,"LOST EMBER: Rekindled Edition",100,0.77,0.773305210472152,0.77472703058939,0.775169411735567
3094480,"Bad Cheese",604,0.718543046357616,0.71962941771859,0.719975309960921,0.720114096373069
3096410,"Mini Dungeons",3,0.666666666666667,0.774474891531722,0.789335831964278,0.792819240522017
3098140,"Crown and Adventure",1672,0.618421052631579,0.619177990453055,0.619369670137641,0.619460918394266
3098170,"Titans of the Past",108,0.833333333333333,0.833038196546915,0.8337908845311,0.833856246662511
3098380,"Locked In",5,0.4,0.634512874804584,0.659581378384836,0.669386402849425
3099630,"Academy Love Saga: Tennis Angels",169,0.923076923076923,0.919774566728448,0.919725194984263,0.919437797359311
3100580,"白影酒馆 Tavern Revisited",11,0.636363636363636,0.704409615489315,0.716967528262484,0.721581723905491
3101040,"Magical Girl Witch Trials",29730,0.966296670030272,0.966268409919426,0.966266398094893,0.966263625449885
3102750,"The happiness of maggots",47,0.893617021276596,0.886090634508138,0.886613906407638,0.886097476225311
3108990,"Butterfly Dream",27,0.62962962962963,0.665985913502226,0.673899734643518,0.6772351616676
3109070,"Despondent",9,0.555555555555556,0.665172638515145,0.681953076317726,0.688527519353921
3109280,"Super Loco World - Cozy Train Automation",327,0.761467889908257,0.762675867049683,0.76316682127103,0.763332762881307
3109830,"Peacequarium",10,0.8,0.810491465599515,0.816985391904392,0.8180496102115
3110450,"Randal's Tuesday",89,0.831460674157303,0.831226059914663,0.832148181351246,0.832237893318721
3111670,"programming-factory-2",2,1,0.870481046513441,0.875445739968527,0.873339861248404
3113650,"Sheep Seeker",22,1,0.962773973044716,0.960854545159303,0.95821518296064
3114280,"Eternal ONE",7,1,0.920040873360553,0.919406246911038,0.915997391632726
3114900,"Dread Flats",1452,0.834710743801653,0.834681923451575,0.834740091552383,0.834744836513645
3119050,"Obfuscation",49,0.73469387755102,0.744950002040969,0.748218016170091,0.749374179530012
3120410,"Little Droid 2: Escape",10,0.9,0.872731111014648,0.87523801578664,0.87408406095321
3120890,"CatCat",23,0.91304347826087,0.895247956318073,0.895853717105118,0.894731918713381
3121630,"Nightwatch at the Hopkins' Cliffside",1,1,0.852153574587866,0.860194089670355,0.859021775111307
3121720,"A Snail's Pace",1,1,0.852153574587866,0.860194089670355,0.859021775111307
3121860,"Nocturnal Whispers",5,0.6,0.724872173897113,0.741773550794231,0.747230652436077
3125370,"There Is No Escape",2,1,0.870481046513441,0.875445739968527,0.873339861248404
3126880,"Beneath The Six",26,0.730769230769231,0.749124085705771,0.754519968045715,0.756335267613449
3127000,"Splintered",307,0.889250814332248,0.888059654451286,0.888142981492989,0.888049719103313
3130800,"Find My Frogs",208,1,0.99511918875483,0.994693692619602,0.99422219751092
3131880,"The Lubs: True Alliance",4,1,0.896212616889674,0.89775408144717,0.894724022111121
3134570,"Sorcerer's Servant",29,0.862068965517241,0.856137382500648,0.857831841346882,0.857593954753804
3135270,"Slasher",26,0.730769230769231,0.749124085705771,0.754519968045715,0.756335267613449
3136490,"Echoes of the Architects",46,0.804347826086957,0.807078689716354,0.80924605854064,0.809696443823376
3141140,"100 Sea Cats",41,0.902439024390244,0.892816031934105,0.89325094079861,0.89257873966849
3141310,"Inkshade",616,0.876623376623377,0.876147056508739,0.876210087179487,0.876176017492458
3141330,"Of Lies and Rain",168,0.797619047619048,0.798670428888622,0.799381055417205,0.799557091872456
3143300,"Amairo Chocolate 3",81,0.987654320987654,0.976514386266199,0.975708035101743,0.974707782512961
3143570,"Holy Valkyrie EXS-TiA: Concerto 1",17,0.882352941176471,0.868000625462952,0.869996646918007,0.869311154098579
3144520,"Robes & Wrinkles",2,0.5,0.746518144640867,0.76635414103533,0.771777466428911
3146630,"ShoPaDen - Cyber World Rampage",1,0,0.710649405258107,0.737744240951264,0.745978427154954
3148060,"Penelope Pendrick and the Art of Deceit",572,0.972027972027972,0.970514105884789,0.970402747834152,0.970255703023698
3151420,"Mystic Explorer",45,0.755555555555556,0.764136587492899,0.767250728654218,0.768249659636895
3154800,"Football Pitch Simulator",174,0.942528735632184,0.938662694461183,0.938500034616494,0.938150378023908
3154910,"SERK: Chaos City Delivery ",1,0,0.710649405258107,0.737744240951264,0.745978427154954
3158600,"Stunt Dog Adventure",2,1,0.870481046513441,0.875445739968527,0.873339861248404
3160110,"Starbug Troopers : The 4 horseflies of the apocalypse",13,0.846153846153846,0.840308830833979,0.844210783760007,0.844234339845099
3160500,"Kingdom of Cards",74,0.72972972972973,0.737159643970636,0.739526629212556,0.740401804381632
3164400,"Cats go! : Tactical Defense Braw",39,0.974358974358974,0.954627033699661,0.953608458060425,0.952032006253481
3166730,"Forest Time",1,1,0.852153574587866,0.860194089670355,0.859021775111307
3167020,"Escape From Duckov",83387,0.857219950351973,0.857217808881741,0.857218529492189,0.857218429384934
3167260,"WAR RATS: The Rat em Up",381,0.955380577427822,0.953380619995946,0.953263006767966,0.953073687768602
3167280,"Ikarus Parkour",195,0.81025641025641,0.810785292457134,0.811335114098123,0.811447671764968
3168400,"Awaken Infinity",23,0.956521739130435,0.929651314857566,0.929002952072419,0.927150860614995
3168690,"Toony's Daycare",10,0.8,0.810491465599515,0.816985391904392,0.8180496102115
3168930,"Infect Cam",34,0.588235294117647,0.624507781488722,0.632183931552409,0.635638848804095
3169180,"Chosen War",11,0.727272727272727,0.763002462860221,0.772013575461068,0.774642919685944
3172770,"Terrorbytes",51,0.843137254901961,0.841505047781528,0.842835256035993,0.84285948533369
3177210,"酒馆战争",44,0.909090909090909,0.899238472992343,0.899509850383078,0.898794508702565
3180070,"No, I'm not a Human",27097,0.931689854965494,0.931666596068662,0.931665792684097,0.931663618184964
3181260,"Catolonizer",12,1,0.942169460922484,0.94043076782283,0.937160828603458
3183220,"Aurora Defense",98,0.602040816326531,0.615201289799361,0.618303369676511,0.619758383615219
3183410,"The Bench",87,0.919540229885057,0.913558765574646,0.913538989286452,0.91304744280305
3184990,"The Occult Detective",272,0.724264705882353,0.726523321590812,0.727253411437595,0.727539175801849
3185010,"Hounimal",15,1,0.950404719723233,0.948492790252201,0.945412433285724
3185230,"Quest of the Hero",8,1,0.925725065222174,0.924720141050274,0.921298523700963
3185890,"我打不过漂亮的她们",1132,0.95583038869258,0.955147787049808,0.955106004887136,0.955040322000917
3186120,"NIDANA",184,0.83695652173913,0.836663746051794,0.837096340331827,0.837124100657801
3187010,"Dinocop",721,0.961165048543689,0.960052067979665,0.959979296200154,0.959872030688031
3188460,"Orcs Will Never Be Slaves",1,1,0.852153574587866,0.860194089670355,0.859021775111307
3192970,"Star Freight",19,1,0.958318777185676,0.956366521286456,0.953545821225497
3194360,"Formula Legends",853,0.825322391559203,0.82533977841472,0.825450396882431,0.825465776837278
3196520,"Island Robot Farm",79,0.79746835443038,0.799630474954587,0.801062842994965,0.801406122033063
3198760,"THE BEST INVESTOR",1,1,0.852153574587866,0.860194089670355,0.859021775111307
3199430,"EYES ON THE EXAM",66,0.924242424242424,0.916122133795588,0.916058154494292,0.915403642358149
3200060,"SANAE's Sylphid Breeze",175,0.845714285714286,0.845113514974319,0.845516473274539,0.845514306238262
3200220,"Red Rogue Sea",52,0.634615384615385,0.65479799910329,0.65957588907094,0.661680630202225
3202400,"Ball Race Party",17,0.941176470588235,0.911352732491775,0.911376056514427,0.909558815599422
3202430,"Tiny Devils",1,1,0.852153574587866,0.860194089670355,0.859021775111307
3202950,"Fresh Tracks",53,0.943396226415094,0.931521406210842,0.931162147025101,0.930199108347076
3203160,"Talk to Me Human",1,1,0.852153574587866,0.860194089670355,0.859021775111307
3204140,"Novel Rogue",5,1,0.905590772082171,0.906157895613021,0.902919151609382
3205360,"City Lights, Old Flames",1,1,0.852153574587866,0.860194089670355,0.859021775111307
3205410,"Line Clipper: Tennis Tactics",2,1,0.870481046513441,0.875445739968527,0.873339861248404
3206550,"The Greys: Human Abductions",11,0.727272727272727,0.763002462860221,0.772013575461068,0.774642919685944
3208730,"Akizora Memories - Horizon of Fate -",12,0.916666666666667,0.88681971289006,0.888256696989859,0.886773257593277
3209480,"Last Report",2409,0.892486508924865,0.892323969538067,0.89233286345944,0.892319535940795
3210590,"Massi vs. José",5,1,0.905590772082171,0.906157895613021,0.902919151609382
3210750,"Unprotected",11,0.545454545454545,0.645816768118409,0.661921481063899,0.668520528125038
3213600,"Store Wars: Multiplayer Shop Simulator",99,0.94949494949495,0.942466956051243,0.942149982570733,0.941531672570406
3213790,"Red Pistol",14,0.928571428571429,0.898099992382339,0.89881514823616,0.897139081285115
3214220,"Steel Knight's ARMIS",40,0.575,0.608291231010207,0.615368993799726,0.618629479106413
3214790,"Shards of the Realm",32,0.71875,0.736127384377694,0.741061570044071,0.742833049304577
3216500,"SHUTEN ORDER",700,0.802857142857143,0.803071331552481,0.803240511568648,0.803280538092464
3220170,"Arcane Afterfall",1,1,0.852153574587866,0.860194089670355,0.859021775111307
3220180,"Vestigia: Joust",21,0.904761904761905,0.887507732709008,0.888458699550822,0.887433334324175
3220620,"Benny Bash",49,0.775510204081633,0.781269441225906,0.783826361524226,0.78455685251538
3222920,"Interior Tales",12,1,0.942169460922484,0.94043076782283,0.937160828603458
3223370,"There's Nothing Underground",7,1,0.920040873360553,0.919406246911038,0.915997391632726
3223470,"Conquero : Rise or Kneel",4,1,0.896212616889674,0.89775408144717,0.894724022111121
3224330,"Thunderman - Adventures in another realm",6,1,0.913414570778272,0.913285175424945,0.909930541051875
3224410,"Tone",1,0,0.710649405258107,0.737744240951264,0.745978427154954
3226580,"Monsters & Magics: Digital Card Game",2,1,0.870481046513441,0.875445739968527,0.873339861248404
3226740,"Beastly Tactics: Rock Paper Scissors",1,1,0.852153574587866,0.860194089670355,0.859021775111307
3227670,"My Daughter In Family Ai",21,0.571428571428571,0.628889555158346,0.639937478047789,0.644766753438488
3227790,"The Uncultured",3,1,0.884765810979371,0.887697048511342,0.885017735402677
3228800,"Neon Highways",13,0.923076923076923,0.892755660082402,0.893797703148418,0.892204796085096
3230860,"Kitty Loves Birds",9,0.888888888888889,0.864284208259485,0.867520751979498,0.866609603342275
3232760,"Cappi: Starbound Saga",2,1,0.870481046513441,0.875445739968527,0.873339861248404
3233130,"Claire",115,0.91304347826087,0.908770955740048,0.908798809410972,0.90844552134389
3234170,"CyCall",8,0.75,0.783547627810884,0.792851505192841,0.795085012685698
3234660,"Tokiros",4,1,0.896212616889674,0.89775408144717,0.894724022111121
3235740,"Fruit vs. Aliens",2,1,0.870481046513441,0.875445739968527,0.873339861248404
3236710,"Puzzle Quest: Immortal Edition",520,0.778846153846154,0.779410539321197,0.779686842362936,0.779770841539391
3237360,"Lone Soul",15,0.8,0.80800143363747,0.813154090478582,0.814099360581525
3237570,"delivery pals",142,0.485915492957746,0.499923308419377,0.502960207989163,0.504511063209301
3238190,"Success In Progress",1,1,0.852153574587866,0.860194089670355,0.859021775111307
3239500,"Cloud Cats` Land",46,0.978260869565217,0.960727081593043,0.959716442028381,0.958267844259639
3239650,"Garfield Kart 2 - All You Can Drift",216,0.458333333333333,0.468426836449206,0.470611930470342,0.471748300850429
3243410,"The Forbidden Flask",10,1,0.934970756429782,0.933490639668888,0.930118511694919
3244900,"Curvelicious",12,0.916666666666667,0.88681971289006,0.888256696989859,0.886773257593277
3247750,"Mycopunk",4069,0.885229786188253,0.885144261832947,0.885151470706704,0.885144766895129
3249650,"Little Fighter 2 Remastered",1768,0.765837104072398,0.766048950376828,0.766139280601091,0.766169432402595
3252440,"Geon",1,1,0.852153574587866,0.860194089670355,0.859021775111307
3253190,"RazePact",7,1,0.920040873360553,0.919406246911038,0.915997391632726
3256840,"Odyssey to the Frozen Legion",21,1,0.961398640580626,0.959464762837403,0.956766643148657
3257040,"Crop Crusaders",3,0.666666666666667,0.774474891531722,0.789335831964278,0.792819240522017
3262080,"Word Rave",1,1,0.852153574587866,0.860194089670355,0.859021775111307
3262560,"Weeks Till Winter",1,1,0.852153574587866,0.860194089670355,0.859021775111307
3262810,"Mushroom Hunter World",8,0.625,0.712458909105239,0.726917187264125,0.731978257178065
3265060,"Touhou Dystopian",2147,0.976711690731253,0.976292042028131,0.976259152863481,0.97621773778611
3268870,"Mercator",1,1,0.852153574587866,0.860194089670355,0.859021775111307
3270580,"Contract of Swarm Hunter",15,0.933333333333333,0.902936957694645,0.903379890327661,0.901641409050991
3271880,"Kano. Stone islands.",5,1,0.905590772082171,0.906157895613021,0.902919151609382
3272170,"Face of Another",139,0.964028776978417,0.95833081809482,0.957981236492087,0.957458088574693
3273550,"Dora<U+2122>: Rainforest Rescue",3,1,0.884765810979371,0.887697048511342,0.885017735402677
3273740,"Abyss Chaser",13,1,0.945202489330826,0.943384622536829,0.940175252325093
3275460,"Five Mysterious Murders",18,1,0.956586889340369,0.954632736681953,0.951748487636765
3276960,"Sorcery Slam",13,1,0.945202489330826,0.943384622536829,0.940175252325093
3277640,"Bug.Splash TD : Debugged",2,1,0.870481046513441,0.875445739968527,0.873339861248404
3279410,"The Case of the Worst Day Ever",63,0.920634920634921,0.912478804055268,0.91246918901372,0.911821386686957
3281330,"A Simple Ball Game",3,1,0.884765810979371,0.887697048511342,0.885017735402677
3281380,"Nelumbra",17,1,0.954704839520599,0.952755466110847,0.949806477100265
3282260,"Marble Quest",12,1,0.942169460922484,0.94043076782283,0.937160828603458
3282690,"RoundZ",3,1,0.884765810979371,0.887697048511342,0.885017735402677
3282980,"Urbex Murder",16,0.75,0.771385490731139,0.778053826086439,0.779959724575036
3290390,"NIGHT STRIKER GEAR",94,0.882978723404255,0.879632358786161,0.879982730273812,0.8797488681195
3290600,"Cottonville",39,0.717948717948718,0.732734837069346,0.737001687900206,0.738567356494632
3291040,"Ordinary Heroes",4,1,0.896212616889674,0.89775408144717,0.894724022111121
3291090,"Planet Hoarders",10,0.6,0.686012174769247,0.700480144139895,0.705980708728081
3292750,"Distractor",4,1,0.896212616889674,0.89775408144717,0.894724022111121
3293010,"Easy Delivery Co.",9479,0.951155185146112,0.951076273502095,0.951071727989888,0.951064125160641
3294020,"Contra Spem Spero",22,0.954545454545455,0.927144853117935,0.926568762734361,0.924710039768474
3294570,"Killer Depths",2,1,0.870481046513441,0.875445739968527,0.873339861248404
3295350,"StarSim: BattleZone",8,0.875,0.854636346516529,0.858785823121557,0.85819176819333
3297940,"Fear Academy",22,0.590909090909091,0.64211189370369,0.652282503334819,0.65666889423115
3299340,"游郭惊梦",23,0.826086956521739,0.826441239239087,0.829555247170517,0.829894034910154
3300760,"LootMage",13,0.846153846153846,0.840308830833979,0.844210783760007,0.844234339845099
3305120,"Dead Exhale",10,0.4,0.561532883938979,0.583974896375399,0.593911807244663
3305920,"CubeyCollect",1,1,0.852153574587866,0.860194089670355,0.859021775111307
3308220,"Galatico",13,1,0.945202489330826,0.943384622536829,0.940175252325093
3308330,"Hardcore Circus",1,1,0.852153574587866,0.860194089670355,0.859021775111307
3308870,"and Roger",2674,0.950261780104712,0.949984525088671,0.949968890508915,0.949942275472848
3309750,"As Long As You're Here",486,0.997942386831276,0.995844426531856,0.995657167119634,0.995449764182697
3313200,"Cat Snap",2,1,0.870481046513441,0.875445739968527,0.873339861248404
3314790,"CloverPit",24603,0.901353493476405,0.901335356304852,0.901335826824298,0.90133426943883
3316690,"the travelers",16,1,0.952652213199652,0.950716128610107,0.947701588330354
3317620,"Clan Duramont",2,1,0.870481046513441,0.875445739968527,0.873339861248404
3318080,"Grorb: Grow the Orb",6,0.833333333333333,0.830543448233867,0.837335473971826,0.837708372017243
3318490,"Bunker Constructor Simulator",9,0.333333333333333,0.532431592018918,0.55824129254321,0.569806130028351
3321850,"HyperCoven",4,1,0.896212616889674,0.89775408144717,0.894724022111121
3323040,"Shapefighter",2,1,0.870481046513441,0.875445739968527,0.873339861248404
3323260,"Planeturem",8,0.625,0.712458909105239,0.726917187264125,0.731978257178065
3323850,"Blippo+",394,0.951776649746193,0.94989633285077,0.949792082075375,0.949614757298775
3324980,"EVERDARK: Undead Apocalypse",3,1,0.884765810979371,0.887697048511342,0.885017735402677
3325500,"Worldwide Rush",557,0.782764811490126,0.783249887596767,0.783500586032603,0.783574494639669
3326580,"Raybounder",1,1,0.852153574587866,0.860194089670355,0.859021775111307
3327640,"hololive Holo's Hanafuda",153,0.810457516339869,0.811118374156387,0.811810086957561,0.811950028875001
3328180,"Snoopy & The Great Mystery Club",62,0.903225806451613,0.896501571019383,0.896745838810362,0.89624173921137
3330410,"Spell Slide",6,1,0.913414570778272,0.913285175424945,0.909930541051875
3330420,"Elohim Eternal II: Son of Man",10,1,0.934970756429782,0.933490639668888,0.930118511694919
3330510,"Cosmo's Industry",3,0.666666666666667,0.774474891531722,0.789335831964278,0.792819240522017
3332140,"Smells Like Fear Blossoms",3,0,0.553893052636423,0.592613398870152,0.608422250760697
3333310,"HOLES",4,0.5,0.697542308926574,0.718648674108985,0.725892998606123
3334770,"99Managers Futsal Edition",4,1,0.896212616889674,0.89775408144717,0.894724022111121
3337710,"Ghost Pub",4,0.75,0.796877462908124,0.808201377778077,0.810308510358622
3339810,"Ballest of Them All",89,0.966292134831461,0.957452919801194,0.956931618784247,0.956145743656118
3341510,"Neptunia Game Maker R:Evolution",109,0.761467889908257,0.764964439602986,0.766355061344711,0.766812058170583
3342150,"10MIN HEROES",1,1,0.852153574587866,0.860194089670355,0.859021775111307
3342800,"Ghostwriter Workshop",137,0.948905109489051,0.94376883392476,0.943525479047336,0.943062927773399
3342900,"Elemental Rush",1,0,0.710649405258107,0.737744240951264,0.745978427154954
3343940,"Spin Forward",33,0.787878787878788,0.794075952128781,0.797300782240569,0.798093243341776
3344770,"Axe & Bow Land",1,1,0.852153574587866,0.860194089670355,0.859021775111307
3348510,"Tower Arena Survive",3,0.666666666666667,0.774474891531722,0.789335831964278,0.792819240522017
3348910,"Bee Simulator: The Hive",27,0.555555555555556,0.605502523439314,0.615363049967099,0.619840034975094
3351040,"Happy Puppy",6,0.5,0.664801203145056,0.685436071065589,0.693264033947981
3352160,"Willow’s Descent: Into The Under",3,1,0.884765810979371,0.887697048511342,0.885017735402677
3353000,"Potatogeddon",4,0.75,0.796877462908124,0.808201377778077,0.810308510358622
3354220,"Comic Book Store Simulator",173,0.826589595375723,0.826630074297666,0.827150322758045,0.82721714519516
3354750,"skate.",286,0.699300699300699,0.701969612231893,0.702756938964334,0.70308573947871
3355080,"Vicious Cycle",8,0.875,0.854636346516529,0.858785823121557,0.85819176819333
3355830,"Hydro",16,1,0.952652213199652,0.950716128610107,0.947701588330354
3355900,"FIREBALL",3,1,0.884765810979371,0.887697048511342,0.885017735402677
3356250,"Low_Signal",1,1,0.852153574587866,0.860194089670355,0.859021775111307
3356350,"Moorhuhn 2",31,0.967741935483871,0.944834376619326,0.943884451968531,0.942153451718555
3356360,"Moorhuhn Winter Edition",20,0.9,0.883192216109955,0.884352876049761,0.88339088648462
3359900,"REAL BOUT FATAL FURY 2: THE NEWCOMERS",84,0.80952380952381,0.810753843208544,0.811973480115252,0.81221734534522
3359910,"KIZUNA ENCOUNTER: SUPER TAG BATTLE",38,0.842105263157895,0.840133625279088,0.841880088650778,0.841925346315607
3360320,"Silent Signals",7,0,0.384337366513136,0.425286578069814,0.444495124805327
3360820,"Great Hoax: The Moon Landing",1,1,0.852153574587866,0.860194089670355,0.859021775111307
3360890,"Project Afterfall",79,0.759493670886076,0.764364126271328,0.766246571991357,0.766862281979147
3362660,"World War Z VR",167,0.401197604790419,0.416151771328917,0.41928168138514,0.42093601505078
3362960,"Twinkleby",259,0.926640926640927,0.924378268127075,0.924326570255913,0.924124386136582
3363570,"Symphorix",12,1,0.942169460922484,0.94043076782283,0.937160828603458
3363580,"Domain of Hallucination",7,1,0.920040873360553,0.919406246911038,0.915997391632726
3364070,"The Jackbox Party Pack 11",417,0.930455635491607,0.928983292769049,0.928938913282057,0.928804543705848
3365030,"Atelier Ryza: Ever Darkness & the Secret Hideout DX",250,0.764,0.765511226398955,0.766137056177215,0.766344724469888
3369990,"Hampy's Great Adventure",3,1,0.884765810979371,0.887697048511342,0.885017735402677
3370050,"Bam Bam Boom",7,0.714285714285714,0.766982728547006,0.778229198670688,0.781282458253469
3370100,"我的同事不对劲",215,0.893023255813953,0.891232848247615,0.891334974661994,0.891193475965869
3371110,"UltraGirl Alters",37,0.648648648648649,0.673883872987403,0.679809236442288,0.682311368031769
3371480,"蜀汉再临：源起 Restart ShuHan Dynasty:Origin",356,0.764044943820225,0.765112985116725,0.765557355429016,0.765705606027016
3373830,"The Way of the Tray: Japanese Restaurant Simulator <U+0001F359>",60,0.766666666666667,0.772279105860596,0.774564468020942,0.775269291655357
3374840,"Piss Off",8,1,0.925725065222174,0.924720141050274,0.921298523700963
3374920,"Games of the Monarch's Eye",8,0.25,0.499192752988305,0.529114233477975,0.542657990655168
3375780,"Trails in the Sky 1st Chapter",4593,0.953625081645983,0.953459076905271,0.953449133829475,0.953433105810346
3377290,"Life Choices",3,1,0.884765810979371,0.887697048511342,0.885017735402677
3384840,"Blacksmith Simulator",6,0.166666666666667,0.499058958056245,0.533536668159353,0.548819695878718
3385250,"ラビィとパネルでしりとり",2,0.5,0.746518144640867,0.76635414103533,0.771777466428911
3385370,"Maze Mice",315,0.888888888888889,0.887734248045379,0.887816616658446,0.887726352235579
3385960,"BattleGroupVR2",208,0.850961538461538,0.850304667143526,0.850619292845699,0.850601391751249
3386100,"Drift Survivor 2",26,0.923076923076923,0.905047963214802,0.905274000363506,0.904062495834557
3386150,"You're here again",3,1,0.884765810979371,0.887697048511342,0.885017735402677
3387100,"15 Minutes",3,0,0.553893052636423,0.592613398870152,0.608422250760697
3387320,"Tale of android after the Apocalypse",21,0.80952380952381,0.813616824837391,0.817452636264241,0.818100025499693
3387410,"Griffin 「グリフォン」",5,0.8,0.815231472989642,0.823965723203626,0.825074902022729
3387420,"Pokettohiro",1,0,0.710649405258107,0.737744240951264,0.745978427154954
3390310,"Once Glorious Artahk",41,0.951219512195122,0.935308712417533,0.934773482117853,0.933523613010773
3391200,"Snowman Mo",15,1,0.950404719723233,0.948492790252201,0.945412433285724
3391420,"修仙实操手册",96,0.552083333333333,0.568471193773109,0.572131518913762,0.573916697726898
3395720,"Village of the Curse",9,0.444444444444444,0.598802115267032,0.620097184430468,0.629166824691136
3395760,"With Me: Aquatic Time",152,0.881578947368421,0.879514201182626,0.879737714336114,0.879589750438552
3396670,"I Write Games Not Tragedies",46,1,0.979933130577629,0.978525239964348,0.976839269314172
3396740,"Backrooms: Hide Together",63,0.444444444444444,0.478117523161267,0.484915391625737,0.488368678905052
3398960,"MAiZE",1,1,0.852153574587866,0.860194089670355,0.859021775111307
3400380,"Look Mum No Computer",60,0.983333333333333,0.969049261255221,0.968113022152178,0.966879240181657
3400530,"Therapy Simulator",39,0.666666666666667,0.688356397743282,0.693680333868162,0.695874426542862
3404590,"Woodworm",27,0.962962962962963,0.938161168785332,0.937314815687406,0.93551323178388
3405340,"Megabonk",99706,0.943052574569234,0.943045561132658,0.943045217263533,0.943044548626068
3405420,"Just Cube",1,1,0.852153574587866,0.860194089670355,0.859021775111307
3406090,"a Difficult game about Wheelchair",8,0.625,0.712458909105239,0.726917187264125,0.731978257178065
3406620,"VARLET",121,0.471074380165289,0.488105831376762,0.491741719438994,0.493604509001487
3406740,"Dino Space Station",3,1,0.884765810979371,0.887697048511342,0.885017735402677
3406910,"Game Of Fate 3：Clash Of Crowns",734,0.858310626702997,0.858060377948978,0.858140209057684,0.858128111183769
3410630,"Waning Flowers of a World Eternal - The Rainbow Appears After Flowering Rain",296,0.969594594594595,0.966746375410689,0.966547304773382,0.966275313903868
3412620,"Her Love, Like Poison",270,0.966666666666667,0.963614547050676,0.963409228076596,0.963119460226638
3413260,"OMEXYAN",1,1,0.852153574587866,0.860194089670355,0.859021775111307
3415230,"Witchy Business",860,0.866279069767442,0.866009408379875,0.866067559568826,0.866051010743308
3415240,"Cozy Organizer",647,0.678516228748068,0.679902915293234,0.680292852949148,0.680463705839005
3415340,"Ox & Horse Work in Hell",20,1,0.959917784950884,0.95797266503423,0.955214064603747
3415460,"恋愛花道",4,1,0.896212616889674,0.89775408144717,0.894724022111121
3415530,"Ballardo: Roguelike Billiards",13,0.538461538461538,0.630521513840283,0.645863106206364,0.652352514885111
3415580,"Death Ring: Second Impact",163,0.785276073619632,0.786801473436862,0.787609681831026,0.787837691838792
3417470,"Jurnal Risa: Dark Destiny",8,0.875,0.854636346516529,0.858785823121557,0.85819176819333
3418150,"LORED",231,0.805194805194805,0.805772908272804,0.806262765316231,0.806372789409645
3419690,"Chicken Run: Eggstraction",27,0.888888888888889,0.877677778722419,0.878778131010986,0.878118105091373
3420690,"BLOODKILL: Goreblast Overkill",15,0.733333333333333,0.760533671608883,0.768041190554042,0.770328336346792
3421330,"There's No Cake",11,1,0.938781004972937,0.937151717056822,0.933826507027305
3422180,"Sokobos 2",23,1,0.964054673397059,0.96215218703972,0.959569802516608
3424920,"DarkRanger",51,0.666666666666667,0.68379549399688,0.688107308146762,0.689918335364892
3424980,"Alice in the Manor",5,1,0.905590772082171,0.906157895613021,0.902919151609382
3425460,"Console Shop Simulator",513,0.923976608187134,0.922852299009919,0.92282907150845,0.922727439919211
3427500,"Bat-Rush",1,1,0.852153574587866,0.860194089670355,0.859021775111307
3427550,"Dating App Simulator",14,0.857142857142857,0.848266758255084,0.851570924368255,0.851364454763571
3428430,"Deep Sea Heroes",2,1,0.870481046513441,0.875445739968527,0.873339861248404
3428730,"Firefighter Frankie <U+0001F692>",19,0.842105263157895,0.838639181391295,0.841716585780226,0.841798012667568
3431340,"Call of Ponchy : Mahjong Warfare",34,1,0.973923125928167,0.972265382070812,0.97019759080945
3431770,"Lords of the Void",3,1,0.884765810979371,0.887697048511342,0.885017735402677
3432750,"Laundering Simulator - Clean Cash and Laundry",396,0.810606060606061,0.810865269728952,0.811140757888974,0.811197621043308
3432800,"Slingbot Survivors",28,0.964285714285714,0.939976384655273,0.939097335715008,0.937312218368292
3433230,"The Gretlow Tapes",120,0.916666666666667,0.912389233926227,0.91238470320497,0.912026171547257
3433600,"Space Sim Tycoon",5,0.6,0.724872173897113,0.741773550794231,0.747230652436077
3435810,"GoodMan",6,1,0.913414570778272,0.913285175424945,0.909930541051875
3435920,"Echoes of Forgotten Dreams",25,1,0.966368730633376,0.964505423174243,0.962031593636592
3435950,"Dead Cat Bounce",15,0.866666666666667,0.855469195666058,0.858266990403122,0.857870384816258
3436650,"No Other Alchemists Here",4,0.5,0.697542308926574,0.718648674108985,0.725892998606123
3437170,"壶中日月 Timeless Teapot",388,0.775773195876289,0.77657394298262,0.776950435024151,0.777067142441061
3437610,"Dragon Fall",1,1,0.852153574587866,0.860194089670355,0.859021775111307
3440430,"ZeroFactory",7,0.857142857142857,0.84351180095378,0.848817722790863,0.848639924943097
3441000,"Ardena",8,1,0.925725065222174,0.924720141050274,0.921298523700963
3441200,"Ruby Journey",1,1,0.852153574587866,0.860194089670355,0.859021775111307
3442880,"Touhou Farming ~ Minoriko's Homestead Harvest",66,0.954545454545455,0.943874113956836,0.943393028086286,0.942486971951728
3443080,"Auridia",170,0.976470588235294,0.971347144582259,0.970977938780552,0.970496318927656
3444080,"Bakery Cafe Simulator",379,0.701846965699208,0.703831174488654,0.704423589217917,0.704670416503998
3444220,"NiuMa",263,0.916349809885932,0.9143528329065,0.914342707727559,0.914168559167153
3445800,"FISHTOPIA",69,0.869565217391304,0.866188475627682,0.866847949032856,0.866654157283336
3445830,"Return to Ash",132,0.984848484848485,0.977946780692762,0.977424612174654,0.976780796769896
3445890,"Light 'Em",16,0.8125,0.816702171348268,0.821219401717356,0.821895190513865
3446230,"Battery Farm",9,0.888888888888889,0.864284208259485,0.867520751979498,0.866609603342275
3446250,"Aslimelate",1,1,0.852153574587866,0.860194089670355,0.859021775111307
3446680,"Heartbeat in Thailand",1767,0.974533106960951,0.974030974517127,0.973992442458633,0.973943028167289
3447040,"Sora no Kiseki the 1st",5170,0.972920696324952,0.972750580277263,0.972737647668794,0.972720874273025
3447300,"Cardrunners",1,1,0.852153574587866,0.860194089670355,0.859021775111307
3447510,"Village Tale",267,0.816479400749064,0.81673057094831,0.817112155264583,0.817180943096619
3447910,"Forged Into History: Speedway Odyssey",1,1,0.852153574587866,0.860194089670355,0.859021775111307
3448870,"Necrologium",29,0.896551724137931,0.88465427896016,0.885481655247433,0.884733821982073
3449030,"Upwards, Rain! The Post Office of Farewells",131,0.977099236641221,0.970490181041517,0.97002358093101,0.969411351526075
3449040,"Machick 2",604,0.885761589403974,0.885185023346076,0.885233029479744,0.885188270136934
3449610,"GCS: Salvage Rat",9,0.222222222222222,0.466061068770805,0.496385400655953,0.510445435365566
3451200,"Spider Canyon",2,1,0.870481046513441,0.875445739968527,0.873339861248404
3451500,"Car Guys",9,0.333333333333333,0.532431592018918,0.55824129254321,0.569806130028351
3453330,"Cult Leader Simulator",16,0.5,0.590118768262626,0.605391523562772,0.612217860819717
3453680,"Where is my hat?",3,1,0.884765810979371,0.887697048511342,0.885017735402677
3454570,"Schoolboy Escape 2: Village",67,0.82089552238806,0.82146751817805,0.822807859305994,0.823008745027426
3454830,"SurfsUp",13,0.923076923076923,0.892755660082402,0.893797703148418,0.892204796085096
3454980,"Mortal Kombat: Legacy Kollection",1207,0.635459817729909,0.63642169321223,0.63667116440001,0.636787661216814
3456230,"Dotu",5,0.8,0.815231472989642,0.823965723203626,0.825074902022729
3456810,"Frame Machina - OcularZero",5,1,0.905590772082171,0.906157895613021,0.902919151609382
3456830,"超探偵シャーロックちゃん　～掟破りのミスディレクション～",38,0.736842105263158,0.749362608598807,0.753319089385386,0.754677043573375
3458220,"Station Master RPG",19,0.789473684210526,0.798745982793167,0.803499940611483,0.804548743148258
3458600,"NINDO Guardian of the Starlit Shadow",11,1,0.938781004972937,0.937151717056822,0.933826507027305
3461520,"Egg Chicken Farm",34,1,0.973923125928167,0.972265382070812,0.97019759080945
3463700,"GameOn!",1,0,0.710649405258107,0.737744240951264,0.745978427154954
3463910,"Snow <U+2022> Fall",44,0.977272727272727,0.959158264861679,0.958141838630023,0.956657998805858
3465310,"Retronika",13,0.846153846153846,0.840308830833979,0.844210783760007,0.844234339845099
3466450,"100 India Cats",28,0.964285714285714,0.939976384655273,0.939097335715008,0.937312218368292
3467310,"BBQ Master",3,1,0.884765810979371,0.887697048511342,0.885017735402677
3467710,"Wall World 2",1738,0.733601841196778,0.733929465431276,0.734041587863514,0.734084751528879
3468180,"App Empire Tycoon",2,1,0.870481046513441,0.875445739968527,0.873339861248404
3468400,"Log Away",93,0.774193548387097,0.777475486820218,0.778950885420976,0.779395510826128
3468660,"Rugby League 26",501,0.357285429141717,0.362914831491031,0.364102767417716,0.364744908489662
3469230,"Baki Hanma: Blood Arena",137,0.759124087591241,0.762035710300469,0.763178585725441,0.763562143808775
3470170,"Queens Casino",311,0.980707395498392,0.977781283319467,0.97755345794167,0.977270805419232
3470940,"Little Betty: Gold Rush",2,0.5,0.746518144640867,0.76635414103533,0.771777466428911
3472300,"Medievaly: Battle Simulator",13,0.769230769230769,0.787862001585555,0.794623864371596,0.796263883605102
3473580,"Super World War",19,1,0.958318777185676,0.956366521286456,0.953545821225497
3473610,"Bridge Constructor Studio",30,0.9,0.887852380999381,0.888562871122507,0.88777947220667
3474140,"Azmar Quest - Text Based RPG",15,1,0.950404719723233,0.948492790252201,0.945412433285724
3474400,"Shadows of the Past",4,0,0.498872000963473,0.539543266770799,0.557061975101125
3475490,"Sinoda",4,0.75,0.796877462908124,0.808201377778077,0.810308510358622
3475580,"Opollo",14,0.857142857142857,0.848266758255084,0.851570924368255,0.851364454763571
3476730,"Killer Chat! - Original Edition",28,1,0.969330365548594,0.967533401543789,0.965209206140774
3477080,"Tree Kingdoms",14,1,0.947933226509594,0.946059372104065,0.942913707806658
3479790,"My Splitting Image",16,0.9375,0.907335532582524,0.90755055297919,0.905766122391524
3480790,"Reverie in the Moonlight",48,0.958333333333333,0.943684239132122,0.943049967403521,0.941856051180845
3481710,"My Sleeping Girlfriend",105,0.942857142857143,0.936571396150734,0.936329178117563,0.935778796157392
3481800,"SUPER SHAPESHOOTER",10,1,0.934970756429782,0.933490639668888,0.930118511694919
3481920,"One Hard Game Please!",1,1,0.852153574587866,0.860194089670355,0.859021775111307
3483190,"Blood Storm: Alien Purge",15,0.733333333333333,0.760533671608883,0.768041190554042,0.770328336346792
3484190,"Bits and Boards - Game Store Simulator",3,1,0.884765810979371,0.887697048511342,0.885017735402677
3484640,"ReCharge RC: High Voltage",391,0.956521739130435,0.954554713745161,0.954436811708176,0.954250239443456
3485910,"The Squirrel & Sea",7,0.857142857142857,0.84351180095378,0.848817722790863,0.848639924943097
3488580,"CrafTAE",25,0.88,0.869803024253321,0.87124100640358,0.870696727377446
3488970,"极速营救",1859,0.868208714362561,0.868077216761086,0.868103019839646,0.868094585806383
3489240,"Asterix & Obelix - Mission Babylon",26,0.769230769230769,0.780308861207577,0.784670774509273,0.785880713257671
3489460,"Loop//Error",40,0.95,0.933904423306633,0.933390586046281,0.932134235443757
3490140,"The Dead House",5,0.4,0.634512874804584,0.659581378384836,0.669386402849425
3491160,"イワクツギ -IWAKUTSUGI-",17,0.764705882352941,0.781296411405305,0.787237827725167,0.788815831096892
3491430,"Mini Star Quest",6,1,0.913414570778272,0.913285175424945,0.909930541051875
3494210,"Choo Choo Survivor 2",41,0.853658536585366,0.850323351450678,0.851728399479367,0.851633866326206
3494660,"Okinawa Journal",4,0.5,0.697542308926574,0.718648674108985,0.725892998606123
3494790,"Radio Ghosts",2,1,0.870481046513441,0.875445739968527,0.873339861248404
3495040,"100 Dubai Cats",32,0.875,0.867474988586934,0.86872133344496,0.868315642675301
3495050,"100 Zombie Cats",40,0.975,0.955611969459728,0.954592025529384,0.953034552532913
3498560,"Cactus Simulator Remake",18,0.833333333333333,0.831934511480287,0.83542716410647,0.835677104858239
3499160,"Hemera",10,0.7,0.748251820184381,0.758732768022143,0.762015159469791
3499270,"An Imp and an Impostor",9,1,0.930654731507598,0.929376643866756,0.92597029800506
3499820,"Basketball Simulator",2,0.5,0.746518144640867,0.76635414103533,0.771777466428911
3500750,"Score the Fear",220,0.972727272727273,0.968837457605195,0.968561664037683,0.968192940467953
3500830,"Store Keeper",14,0.785714285714286,0.798433524127829,0.80432670050035,0.805589828242028
3502020,"Sometimes Toast is O.K.",3,1,0.884765810979371,0.887697048511342,0.885017735402677
3502340,"Torn Veil",5,1,0.905590772082171,0.906157895613021,0.902919151609382
3502370,"Speed Rally",1,1,0.852153574587866,0.860194089670355,0.859021775111307
3502860,"Caller of the Crows",1,1,0.852153574587866,0.860194089670355,0.859021775111307
3502910,"66 Confessions of St.Pinel Castle",13,0.461538461538462,0.578074684591859,0.596276186817953,0.604382058645114
3504570,"Fear Effect",94,0.776595744680851,0.779699243600931,0.781135886158048,0.781561566771844
3504870,"Match-3 Juice Bar",11,0.909090909090909,0.880188157602032,0.882105669858237,0.880765311246851
3505240,"Deaded The Runner",2,1,0.870481046513441,0.875445739968527,0.873339861248404
3505350,"Brainkilled",20,1,0.959917784950884,0.95797266503423,0.955214064603747
3505600,"Panopticon",39,0.82051282051282,0.821491715721472,0.823644395964293,0.823953216398172
3505650,"Vampire Cat",14,0.785714285714286,0.798433524127829,0.80432670050035,0.805589828242028
3509730,"Jackie Hart: Headhunter",1,1,0.852153574587866,0.860194089670355,0.859021775111307
3511130,"hololive GoroGoro Mountain",36,0.777777777777778,0.784989768273719,0.788221951206258,0.789100900713171
3513000,"Comfy Girl",67,0.895522388059702,0.889897928881043,0.890223642332414,0.889812435823425
3513340,"Why Do Boys Play Games?",1,1,0.852153574587866,0.860194089670355,0.859021775111307
3514440,"No Time For Pants",33,0.848484848484849,0.845270146847336,0.847093385217885,0.847057449573994
3515710,"Ashen Reverie",1,1,0.852153574587866,0.860194089670355,0.859021775111307
3516180,"Don't FOOL ME, Beauties!",366,0.868852459016393,0.868182801593215,0.868311528904439,0.868269033520985
3516890,"Drop Dead: The Cabin",26,0.538461538461538,0.59320020819674,0.603765935727923,0.608608039392341
3518030,"Synthetic Paradox",1,1,0.852153574587866,0.860194089670355,0.859021775111307
3519780,"Queen's Cards",12,0.916666666666667,0.88681971289006,0.888256696989859,0.886773257593277
3520030,"Knock On The Window",183,0.912568306010929,0.909847690894781,0.909859358165727,0.909628173087231
3520580,"Sheep for the Stars",4,1,0.896212616889674,0.89775408144717,0.894724022111121
3520970,"Minerva Labyrinth",16,1,0.952652213199652,0.950716128610107,0.947701588330354
3521270,"Phoenix's Faye",53,0.773584905660377,0.779151881268211,0.781577515378201,0.782285100265499
3521410,"Cats & Cups",1034,0.897485493230174,0.897078911719372,0.897094529090375,0.897060506430551
3527080,"Phantom Incident",10,0.9,0.872731111014648,0.87523801578664,0.87408406095321
3527810,"Rudolph the Red-Nosed Reindeer",39,0.692307692307692,0.710545617406314,0.715341010884184,0.717220891518747
3527920,"CoRoT",49,0.693877551020408,0.708630562856033,0.712609670815956,0.714191506544644
3528450,"Sweet Home",9839,0.948775282040858,0.948700722515186,0.948696608513879,0.948689447556433
3528970,"Unmourned",255,0.8,0.800645679785082,0.801112199520383,0.801225493649187
3529380,"Carrotour",1,1,0.852153574587866,0.860194089670355,0.859021775111307
3530490,"Fadedlands: The Reckless Squad",34,0.970588235294118,0.948964887039635,0.947973849890926,0.946300537809068
3531960,"Liese in the City of Trials",40,0.6,0.629998777163302,0.63657043328283,0.639529796195569
3531980,"Obscurite Magie 3: The Divine Stones",48,0.625,0.647754728724492,0.653019451177942,0.655354726082496
3531990,"Tentacaliens: Making Ends Meet in a New World",58,0.775862068965517,0.78077893900832,0.782991006504177,0.783630273518333
3532890,"Dad's Monster House 2: MEDAL",80,0.7875,0.790339676748445,0.79187282338847,0.792283286326314
3533360,"Filiy Eclipse",7,1,0.920040873360553,0.919406246911038,0.915997391632726
3535090,"LUNA : War of the Moonlight",12,0.75,0.776120216825212,0.783908555323918,0.785998115572916
3535110,"HEXA-WORLD-3D",20,0.9,0.883192216109955,0.884352876049761,0.88339088648462
3535330,"Terraspace",5,0.2,0.544153575712055,0.577389205975441,0.591542153262772
3536480,"The AC130 slays the zombies.",373,0.640750670241287,0.643744126066164,0.644519699861351,0.644877304084989
3538140,"Heading Over It with The Twins",17,1,0.954704839520599,0.952755466110847,0.949806477100265
3540550,"Purgatory’s Flower",102,0.941176470588235,0.934810581697261,0.93457944467874,0.934024855879129
3540880,"Balloon Hater",13,0.615384615384615,0.682968343088707,0.695450025594775,0.700322971125108
3541750,"古咒迷途 (lost curse)",67,0.955223880597015,0.944642257443437,0.94415626875355,0.943255388460224
3544100,"重返大学时代",3,0.666666666666667,0.774474891531722,0.789335831964278,0.792819240522017
3545290,"Bearzerk",10,0.7,0.748251820184381,0.758732768022143,0.762015159469791
3545810,"GalanWarSong",8,0.875,0.854636346516529,0.858785823121557,0.85819176819333
3548370,"Arcane Coven",3,1,0.884765810979371,0.887697048511342,0.885017735402677
3549690,"Moondusk Masquerade",14,0.714285714285714,0.748600290000574,0.757082476632445,0.759815201720485
3550490,"Overcome Your Fears - Caretaker",170,0.747058823529412,0.74984047042759,0.750846164029513,0.751205674061374
3551100,"They See Us",60,0.85,0.847959934858529,0.849006219609879,0.848965425703934
3552200,"It's John's House",11,0.636363636363636,0.704409615489315,0.716967528262484,0.721581723905491
3552220,"Match Shot Chimera",6,1,0.913414570778272,0.913285175424945,0.909930541051875
3552820,"The Horde Wants You Dead",269,0.639405204460966,0.64356013125008,0.64462850659118,0.6451201812983
3552970,"We Don't Cry: Zombie Survival",1,0,0.710649405258107,0.737744240951264,0.745978427154954
3553190,"Anime FPS: Guns vs Magic",18,0.611111111111111,0.665731341000176,0.676486400672492,0.680915261153539
3553260,"QuickMaze",2,1,0.870481046513441,0.875445739968527,0.873339861248404
3554010,"Lixing's Picross World",1,1,0.852153574587866,0.860194089670355,0.859021775111307
3554100,"Warrior's Dilemma",5,0.8,0.815231472989642,0.823965723203626,0.825074902022729
3555840,"Space Crash Simulator",21,0.857142857142857,0.850562278773199,0.852955667907532,0.852766679911934
3555980,"Caput Mortum",352,0.948863636363636,0.94681212169069,0.946705123193413,0.946512931282595
3556730,"Hypnosis Knight-Princess",144,0.847222222222222,0.846436384475006,0.84691235476797,0.846903498350658
3556750,"Warhammer 40,000: Dawn of War - Definitive Edition",12237,0.857236250715045,0.857221656115131,0.857226563797206,0.857225881560065
3560030,"Cataclysm: The Last Generation",279,0.899641577060932,0.898112277282188,0.898165127315038,0.898039018226248
3560370,"éalú",253,0.928853754940711,0.926486872299932,0.926425069460947,0.926212767688283
3561170,"Leaks In Space",14,0.714285714285714,0.748600290000574,0.757082476632445,0.759815201720485
3561190,"Bad Midwife",17,0.235294117647059,0.391127448145894,0.414823141357387,0.426586877589301
3561230,"Dreams of Another",16,0.75,0.771385490731139,0.778053826086439,0.779959724575036
3561830,"100 Cats Istanbul",43,0.930232558139535,0.917565245844863,0.917440300012276,0.916471250411954
3561970,"Friend of a Slime",15,0.8,0.80800143363747,0.813154090478582,0.814099360581525
3562220,"Questy Chess",4,1,0.896212616889674,0.89775408144717,0.894724022111121
3563380,"Mari's Magical Deliveries",3,1,0.884765810979371,0.887697048511342,0.885017735402677
3563480,"Interstellar Espionage Inc.",15,0.933333333333333,0.902936957694645,0.903379890327661,0.901641409050991
3563700,"Car Driving School Simulator",8,0.625,0.712458909105239,0.726917187264125,0.731978257178065
3565250,"Crossing Chains",5,1,0.905590772082171,0.906157895613021,0.902919151609382
3565330,"Squinky",5,1,0.905590772082171,0.906157895613021,0.902919151609382
3565680,"DECRYPTO Project",6,1,0.913414570778272,0.913285175424945,0.909930541051875
3565700,"Forgedale",1,1,0.852153574587866,0.860194089670355,0.859021775111307
3566100,"Bottomless Pit Supervisor",16,0.5625,0.635435448879755,0.648557099193689,0.654153326758547
3568030,"Beast and Cleaver",3,1,0.884765810979371,0.887697048511342,0.885017735402677
3568460,"MustScream",304,0.496710526315789,0.503188487448403,0.504632772754155,0.505374334242053
3568550,"Tainted Pools",3,0.333333333333333,0.664183972084073,0.690974615417215,0.700620745641357
3570370,"CARIMARA: Beneath the forlorn limbs",2728,0.962243401759531,0.961945035378823,0.961924900723609,0.961895841266963
3571640,"Mystic Jumper",2,1,0.870481046513441,0.875445739968527,0.873339861248404
3571710,"Leaf Blower Co.",214,0.766355140186916,0.768048655132236,0.768763736695542,0.768997058277209
3571780,"Mosh Pit Mayhem",1,1,0.852153574587866,0.860194089670355,0.859021775111307
3572030,"Motamo",1,1,0.852153574587866,0.860194089670355,0.859021775111307
3572530,"LHEA and the Word Spirit",5,1,0.905590772082171,0.906157895613021,0.902919151609382
3575020,"Couch Racers",2,1,0.870481046513441,0.875445739968527,0.873339861248404
3575380,"Dungeon Escape",3,0.666666666666667,0.774474891531722,0.789335831964278,0.792819240522017
3575810,"Pick Your Poison",2,0.5,0.746518144640867,0.76635414103533,0.771777466428911
3575980,"Fantasy Maiden Wars - DREAM OF THE STRAY DREAMER -",574,0.984320557491289,0.982683342619825,0.982549341252705,0.982388615518813
3575990,"Gun Paradise",8,0.875,0.854636346516529,0.858785823121557,0.85819176819333
3576000,"Behind The Curtain",1,1,0.852153574587866,0.860194089670355,0.859021775111307
3577080,"Aokigahara :The death forest",12,0.666666666666667,0.720770468792789,0.731734484490948,0.735610544562735
3577140,"Escape from Mental Hospital",2,1,0.870481046513441,0.875445739968527,0.873339861248404
3578500,"Rusty Foodies",1,1,0.852153574587866,0.860194089670355,0.859021775111307
3578960,"Wave Leads You...",2,1,0.870481046513441,0.875445739968527,0.873339861248404
3579010,"JAIL DICE: Roll to Break",8,1,0.925725065222174,0.924720141050274,0.921298523700963
3579320,"Arthur's Pet Chase",3,1,0.884765810979371,0.887697048511342,0.885017735402677
3580760,"Concrete Spaces",6,1,0.913414570778272,0.913285175424945,0.909930541051875
3582170,"Cart Capers",5,1,0.905590772082171,0.906157895613021,0.902919151609382
3582270,"RYZY NYIL",5,1,0.905590772082171,0.906157895613021,0.902919151609382
3582390,"Sinisomnia",36,0.888888888888889,0.88007633722204,0.880886168302755,0.880328949672496
3583330,"Robot Anomaly",15,0.666666666666667,0.713065909580295,0.722928290629503,0.726557312112059
3583530,"Vampire's Best Friend",72,0.986111111111111,0.973806831034553,0.972946420228108,0.971856925992659
3583790,"Virtual Skate",95,0.989473684210526,0.979767662027498,0.979036789113443,0.978150701829527
3584360,"War Untold",17,0.823529411764706,0.824648518434128,0.828617237321587,0.829063492597735
3584910,"Terror Call",33,0.696969696969697,0.717284660050948,0.722611877774596,0.724646933993449
3585600,"Your husband",3,1,0.884765810979371,0.887697048511342,0.885017735402677
3585640,"Lavender Field",3,1,0.884765810979371,0.887697048511342,0.885017735402677
3586670,"Mahjong Solitaire Pro",2,0,0.622555242768293,0.657262542102133,0.670215071609419
3587090,"Double It",23,0.91304347826087,0.895247956318073,0.895853717105118,0.894731918713381
3589720,"Ball & Roll",21,0.619047619047619,0.665835009094155,0.675440509691079,0.679433407850729
3590020,"Roulette Pro Simulator",2,0,0.622555242768293,0.657262542102133,0.670215071609419
3590590,"AnimaCircus",2,1,0.870481046513441,0.875445739968527,0.873339861248404
3591360,"Bad Bitch Blasters",383,0.989556135770235,0.987033541291841,0.98682168066385,0.986574982725714
3592140,"Anima Gate of Memories: I&II Remaster",50,0.9,0.892185637374043,0.892564203066926,0.892004653943606
3593000,"Abrez",1,1,0.852153574587866,0.860194089670355,0.859021775111307
3594000,"性感史莱姆派对（Slime Sexy Party）",229,0.991266375545852,0.987047007069223,0.986696933232666,0.986290187485257
3594280,"AVTale",10,0.6,0.686012174769247,0.700480144139895,0.705980708728081
3597530,"Royal's Gambit",6,1,0.913414570778272,0.913285175424945,0.909930541051875
3597710,"Rise of the Penguins 2: Penguin's Dark Ascent",2,1,0.870481046513441,0.875445739968527,0.873339861248404
3600280,"Processor Dev Tycoon",10,0.3,0.499293238523846,0.525722272493151,0.537877356502953
3601300,"Critter Cart",2,1,0.870481046513441,0.875445739968527,0.873339861248404
3603110,"Favela Kick: The Final Goal",45,0.888888888888889,0.881629455172408,0.882266830896481,0.881786755633298
3603580,"Whisker Wanderlust: The Wondrous Journey",199,0.934673366834171,0.931511042244369,0.931406253161649,0.93112216235782
3603870,"Raccateer",8,0.875,0.854636346516529,0.858785823121557,0.85819176819333
3604260,"Liminal City",107,0.738317757009346,0.743118342517317,0.744743752176635,0.745336583528401
3604520,"The Mare Show",10,1,0.934970756429782,0.933490639668888,0.930118511694919
3605340,"The Eternal Hunt",3,0.333333333333333,0.664183972084073,0.690974615417215,0.700620745641357
3605550,"Potato Cop",15,1,0.950404719723233,0.948492790252201,0.945412433285724
3606340,"Harvest Reaper",1,1,0.852153574587866,0.860194089670355,0.859021775111307
3606360,"Everybody Wants My Girl",38,0.631578947368421,0.658591591918525,0.664758090119995,0.667428740831143
3606830,"Life in The Janitor's Room with A JK Girl",167,0.730538922155689,0.733947898719151,0.735071260169347,0.735498249235403
3607380,"A Bottled Up Island",9,1,0.930654731507598,0.929376643866756,0.92597029800506
3609980,"Yes, My Queen",49,0.836734693877551,0.83574860000331,0.837238879555428,0.837330861993432
3610700,"Rose Of Wind",7,0.571428571428571,0.690453656140232,0.707640674550513,0.713924991563841
3612060,"Idle Land of Exile",239,0.682008368200837,0.685617229509504,0.686627928252337,0.687063735410579
3612120,"Hui-Shuo",33,0.909090909090909,0.896464341565891,0.896885988195201,0.896021655806212
3612250,"Arcana Academy",67,0.716417910447761,0.72566494319386,0.728425763069006,0.729483577913028
3612480,"3D Escape Room: Mystic Manor",112,0.785714285714286,0.787876077017481,0.789020259636457,0.789337299984063
3612610,"Stackmancy",1,1,0.852153574587866,0.860194089670355,0.859021775111307
3612720,"The Seven Enchantments",9,0.333333333333333,0.532431592018918,0.55824129254321,0.569806130028351
3612850,"The Lightkeeper",1074,0.819366852886406,0.819414135425041,0.819508169607455,0.819524140313823
3612960,"Shuttered",4,0.75,0.796877462908124,0.808201377778077,0.810308510358622
3614460,"Hypermarket Simulator",421,0.809976247030879,0.810229229510407,0.810490265903928,0.810544844944197
3614630,"Santa's Last Stand",3,0.666666666666667,0.774474891531722,0.789335831964278,0.792819240522017
3614690,"Lunhowl: Co-op Horror",5,0.2,0.544153575712055,0.577389205975441,0.591542153262772
3614720,"鬼灵的冒险GUILING's Adventure",54,0.944444444444444,0.932661444402695,0.932287562581671,0.931327729543442
3615850,"Blighted Deep",2,1,0.870481046513441,0.875445739968527,0.873339861248404
3617620,"My Card Is Better Than Your Card!",1177,0.944774851316907,0.944174907922974,0.94414490353151,0.944088001873754
3618060,"Astro Busters",11,1,0.938781004972937,0.937151717056822,0.933826507027305
3618090,"Noosphere",6,0.833333333333333,0.830543448233867,0.837335473971826,0.837708372017243
3618400,"Eternal Survival",7,0.857142857142857,0.84351180095378,0.848817722790863,0.848639924943097
3620070,"Hidden Portals: Eternal Balance Collector's Edition",7,0.714285714285714,0.766982728547006,0.778229198670688,0.781282458253469
3620120,"Find Cats 4 女神与猫",7,0.714285714285714,0.766982728547006,0.778229198670688,0.781282458253469
3620210,"Untapped",2,1,0.870481046513441,0.875445739968527,0.873339861248404
3620740,"Paper Kite: Threads of Longing",137,0.948905109489051,0.94376883392476,0.943525479047336,0.943062927773399
3621210,"Museum Magnate",3,0.666666666666667,0.774474891531722,0.789335831964278,0.792819240522017
3621320,"Oreflux",10,0.8,0.810491465599515,0.816985391904392,0.8180496102115
3621490,"CrowHallow",3,0.333333333333333,0.664183972084073,0.690974615417215,0.700620745641357
3621680,"Cosmic Tails",2,1,0.870481046513441,0.875445739968527,0.873339861248404
3622180,"Coincremental",15,0.866666666666667,0.855469195666058,0.858266990403122,0.857870384816258
3623480,"Flipto",6,1,0.913414570778272,0.913285175424945,0.909930541051875
3623640,"Unfound Footage",10,0.8,0.810491465599515,0.816985391904392,0.8180496102115
3624520,"Dark Erosion: Endless Siege",15,0.8,0.80800143363747,0.813154090478582,0.814099360581525
3624920,"The Minister",47,0.595744680851064,0.622272846091273,0.628152091357532,0.630838056642104
3625210,"Loafing Town",526,0.855513307984791,0.855197126538458,0.855314007094901,0.855300793174503
3625280,"Alive",4,1,0.896212616889674,0.89775408144717,0.894724022111121
3625340,"Buckshot Battlemage",20,1,0.959917784950884,0.95797266503423,0.955214064603747
3626560,"Robbing Time",18,0.888888888888889,0.873485304100314,0.875162354964964,0.874367565784415
3626860,"PROTECT GLOOBI",1,1,0.852153574587866,0.860194089670355,0.859021775111307
3628580,"Digging the Forgotten Cave",54,0.759259259259259,0.766180486081046,0.768799669230195,0.769636213913862
3628600,"Luft Gears",1,1,0.852153574587866,0.860194089670355,0.859021775111307
3628730,"Tankiro",7,1,0.920040873360553,0.919406246911038,0.915997391632726
3629080,"Sizzle & Stack",265,0.728301886792453,0.730528469886902,0.731261154655137,0.731544268687965
3629360,"Sanity Loops",64,0.78125,0.7852792984195,0.787235327914004,0.787781063791718
3629400,"Loophole",154,0.993506493506494,0.987225217085911,0.98671101798923,0.9861157258984
3629780,"Tingus Goose",1217,0.897288414133114,0.896943644514738,0.896957048765113,0.896928185587699
3629840,"Blast Rush LS",13,1,0.945202489330826,0.943384622536829,0.940175252325093
3630410,"Little Witch Survivors",542,0.876383763837638,0.875845783417002,0.875917910732166,0.875879616942239
3630930,"Art Together",1,1,0.852153574587866,0.860194089670355,0.859021775111307
3631260,"Hollowdeep",45,0.933333333333333,0.92079374439891,0.920605531643902,0.919632454298766
3632280,"The Dance of Maple Leaves",1,1,0.852153574587866,0.860194089670355,0.859021775111307
3635710,"Ancient TD",15,0.6,0.665598147551707,0.677815390704963,0.682786287877326
3636110,"不思議な世界の観光日記Ⅱ～パクルワールドとセジカの逆襲～",1,1,0.852153574587866,0.860194089670355,0.859021775111307
3636390,"AQK",2,1,0.870481046513441,0.875445739968527,0.873339861248404
3636470,"Dream Abyss: Survivors",47,0.702127659574468,0.716493484811582,0.720459882446856,0.722002135064678
3636530,"Dungeon Maiden: Survivor",6,0.5,0.664801203145056,0.685436071065589,0.693264033947981
3636960,"Violent Horror Stories 2",205,0.819512195121951,0.819749970529579,0.820227412799454,0.820306291749159
3637770,"Hate You",23,0.956521739130435,0.929651314857566,0.929002952072419,0.927150860614995
3637820,"Addy",5,1,0.905590772082171,0.906157895613021,0.902919151609382
3638500,"Juiced Fruit Racing",2,1,0.870481046513441,0.875445739968527,0.873339861248404
3639500,"Dead by Backrooms Anomaly",39,0.615384615384615,0.643977958417219,0.650358979836118,0.653181496591092
3642990,"Totally Spaced",4,0.75,0.796877462908124,0.808201377778077,0.810308510358622
3643350,"Destroy All Letters - Space Adventure",1,1,0.852153574587866,0.860194089670355,0.859021775111307
3643900,"Ragdoll Boxing Multiplayer",5,0.8,0.815231472989642,0.823965723203626,0.825074902022729
3644260,"Cyber Shard Clicker",28,0.678571428571429,0.705144537508703,0.711608809084759,0.714136316188429
3644520,"Yogoe Hunter",3,0.333333333333333,0.664183972084073,0.690974615417215,0.700620745641357
3645520,"Faith Requiem",3,1,0.884765810979371,0.887697048511342,0.885017735402677
3646320,"Persona Shell",15,0.8,0.80800143363747,0.813154090478582,0.814099360581525
3648340,"Field of Enemies",2,1,0.870481046513441,0.875445739968527,0.873339861248404
3648620,"Knight of the Dungeon",6,0.666666666666667,0.747672325689462,0.761385772518708,0.765486202982612
3650320,"Another Game About Clicking",12,0.333333333333333,0.499371476663094,0.523038201159065,0.534060260522012
3652630,"Bobbies Evolution",1,0,0.710649405258107,0.737744240951264,0.745978427154954
3653300,"Up To Divine",2,0.5,0.746518144640867,0.76635414103533,0.771777466428911
3653390,"Final Echo",1,1,0.852153574587866,0.860194089670355,0.859021775111307
3653590,"N.O.X.",31,0.516129032258065,0.567139213884117,0.57707166779812,0.581757506716703
3653600,"This Isn't Just Tower Defense",121,0.611570247933884,0.621893592331752,0.624381571365197,0.625544797067161
3653810,"Cat Home",8,0.5,0.641370190399595,0.660982869335408,0.668871501670433
3653870,"ANTYAVAN",1,0,0.710649405258107,0.737744240951264,0.745978427154954
3654060,"The Hundred Youkai Master",12,0.75,0.776120216825212,0.783908555323918,0.785998115572916
3654560,"Plants vs. Zombies<U+2122>: Replanted",6841,0.661306826487356,0.661454335978115,0.661494546990374,0.661512748136346
3654810,"CLOWNCORE",3,0.333333333333333,0.664183972084073,0.690974615417215,0.700620745641357
3656690,"Arc’s Glitch Defender",1,1,0.852153574587866,0.860194089670355,0.859021775111307
3656990,"工廈 Warehouse",11,0.454545454545455,0.587223920747504,0.606875433865315,0.615459332344584
3658230,"MAGEYE",11,1,0.938781004972937,0.937151717056822,0.933826507027305
3659410,"Your Big, Cute Monster Farm",1089,0.783287419651056,0.78353394310983,0.783662685689028,0.783700646196954
3659560,"Bob's Crystals",1,1,0.852153574587866,0.860194089670355,0.859021775111307
3660220,"Syberia - Remastered",722,0.710526315789474,0.711503418513816,0.711805590579503,0.711929545071283
3660270,"Corrupted World",1,1,0.852153574587866,0.860194089670355,0.859021775111307
3660520,"五行乱斗",1,0,0.710649405258107,0.737744240951264,0.745978427154954
3664230,"Bounce Cat",12,0.833333333333333,0.831469964857636,0.836082626156889,0.836385686583097
3664250,"AstroPlanet",39,0.641025641025641,0.666167178080251,0.67201965685214,0.674527961566977
3666180,"Solitaire of Stygian Shadows",1,0,0.710649405258107,0.737744240951264,0.745978427154954
3666940,"Rebels - Under the Spell of Magic (Chapter 5)",1,1,0.852153574587866,0.860194089670355,0.859021775111307
3667850,"Silk Roads II: Paths of Fortune",24,0.75,0.765695387743035,0.770852830596562,0.772433612598845
3668800,"I Antasized Again",44,0.863636363636364,0.859291945079453,0.860421858218449,0.860218848633704
3668840,"CAGELING",1,1,0.852153574587866,0.860194089670355,0.859021775111307
3669050,"Void Resurgence",31,0.903225806451613,0.89087792480001,0.891482625658472,0.89066831671829
3669190,"Outbreak Zero",7,0.285714285714286,0.537395511326684,0.566463626310163,0.579210058184584
3669400,"A Spooky Item Game",5,1,0.905590772082171,0.906157895613021,0.902919151609382
3669740,"The You Quiz",99,0.939393939393939,0.932949213370528,0.932730825151707,0.932172422203711
3669750,"Aquanima",32,0.90625,0.893744509428782,0.894253286125137,0.893412161349446
3670200,"Colossal Kickoff",2,1,0.870481046513441,0.875445739968527,0.873339861248404
3670290,"Dragons Frolic!",7,0.857142857142857,0.84351180095378,0.848817722790863,0.848639924943097
3671880,"BAROQUE SHOOTING: REVERSED",13,0.923076923076923,0.892755660082402,0.893797703148418,0.892204796085096
3671980,"Job Battle Simulator",5,1,0.905590772082171,0.906157895613021,0.902919151609382
3672100,"The Home County",57,0.912280701754386,0.904152297926598,0.904284482410883,0.903662512716758
3672300,"Babbling Brook",21,0.904761904761905,0.887507732709008,0.888458699550822,0.887433334324175
3672410,"POGO Stadium",2,1,0.870481046513441,0.875445739968527,0.873339861248404
3673060,"How to Train Your Cock",1845,0.950677506775068,0.950274720591559,0.950251915928674,0.950213288996117
3675130,"Paradise Sea",5,0.8,0.815231472989642,0.823965723203626,0.825074902022729
3675150,"Donut Riders",1,1,0.852153574587866,0.860194089670355,0.859021775111307
3675290,"Crystal Gaiden Origins",17,0.941176470588235,0.911352732491775,0.911376056514427,0.909558815599422
3676260,"Hordelord",40,0.95,0.933904423306633,0.933390586046281,0.932134235443757
3676270,"Poly Frenzy",3,1,0.884765810979371,0.887697048511342,0.885017735402677
3676850,"心动恋旅：樱花篇",823,0.912515188335358,0.911895146614911,0.911895107081934,0.911840338592369
3677120,"3Tower",3,0.333333333333333,0.664183972084073,0.690974615417215,0.700620745641357
3678130,"Gutfarm",4,1,0.896212616889674,0.89775408144717,0.894724022111121
3678420,"Videonauts",14,0.857142857142857,0.848266758255084,0.851570924368255,0.851364454763571
3678950,"Idle Awakening: Mages Path",182,0.774725274725275,0.776436929284159,0.777224212808353,0.777466578180208
3679100,"Keine’s Terakoya: A Schoolhouse in Gensokyo",18,1,0.956586889340369,0.954632736681953,0.951748487636765
3679380,"Keyboard Simulator",3,0.666666666666667,0.774474891531722,0.789335831964278,0.792819240522017
3679570,"Screen Greens",11,1,0.938781004972937,0.937151717056822,0.933826507027305
3679920,"Favela Defender",4,1,0.896212616889674,0.89775408144717,0.894724022111121
3680420,"Green Ember: Helmer in the Dragon Tomb",32,0.96875,0.946283551112478,0.945317191485493,0.943605198697735
3680900,"Future War Tactics: SOF vs Alien Invasion – Turn-Based Strategy",144,0.625,0.633198197424373,0.635225393772045,0.636163897507511
3681060,"Fireside Friends",1,0,0.710649405258107,0.737744240951264,0.745978427154954
3681580,"Bowlers : The bowling experience",10,0.8,0.810491465599515,0.816985391904392,0.8180496102115
3682080,"Gambler’s Loop",2,0,0.622555242768293,0.657262542102133,0.670215071609419
3682530,"尸来运转-Lucky Zombie Survival",86,0.86046511627907,0.858311552947899,0.858943667189551,0.858842216525904
3684010,"3 Hell",1,1,0.852153574587866,0.860194089670355,0.859021775111307
3684320,"Clutter 18: Joe's Ultimate Challenge - Collector's Edition",6,0.833333333333333,0.830543448233867,0.837335473971826,0.837708372017243
3684910,"Super Pinball Adventure",12,0.916666666666667,0.88681971289006,0.888256696989859,0.886773257593277
3685030,"Neon Strike",13,1,0.945202489330826,0.943384622536829,0.940175252325093
3685170,"Earth Ten Days : 981Hz",35,0.828571428571429,0.828455149944752,0.830630435224533,0.830857285226721
3685280,"Dungeons of Uhr",2,0,0.622555242768293,0.657262542102133,0.670215071609419
3686450,"John Parkour",9,1,0.930654731507598,0.929376643866756,0.92597029800506
3686580,"Repel The Rifts",347,0.853025936599424,0.852592197352061,0.852776238971279,0.852761219373011
3686840,"Under the Ruin",1,1,0.852153574587866,0.860194089670355,0.859021775111307
3686930,"TOUQI",461,0.898047722342733,0.897135041608988,0.897169641599749,0.897093929301224
3686940,"Uncanny Tales: 1992",323,0.845201238390093,0.844880127145596,0.845103233288919,0.845102884441499
3687470,"The Sushi House",101,0.811881188118812,0.812782337593371,0.813789667572729,0.813984106083386
3687580,"Strength In Numbers",22,0.954545454545455,0.927144853117935,0.926568762734361,0.924710039768474
3687940,"Missing Hearts: Сrimson Cruise Collector's Edition",4,0.5,0.697542308926574,0.718648674108985,0.725892998606123
3688930,"Myrath's Curse",3,1,0.884765810979371,0.887697048511342,0.885017735402677
3688970,"Woolly",71,0.901408450704225,0.895612549755043,0.895841199982245,0.895402438356275
3690060,"ジャンクノーツ / JUNK NOTES",2,0,0.622555242768293,0.657262542102133,0.670215071609419
3690390,"<U+0001F4F7><U+0001F50D> Pictective",49,0.938775510204082,0.926547197965651,0.926259742940766,0.925287544456852
3690420,"Dreaming in Cherry Blossoms, I Fall in Love with You",13,1,0.945202489330826,0.943384622536829,0.940175252325093
3690570,"Ms Vampire Love to Date with Me",17,0.764705882352941,0.781296411405305,0.787237827725167,0.788815831096892
3693590,"Legends of Gems",137,0.81021897810219,0.810963858968547,0.811733518542874,0.811889277953097
3693720,"Concerto on White: Cajon Story",59,0.949152542372881,0.937836005122823,0.937404375937196,0.936464319760669
3694020,"Blackjack Wars",8,0.625,0.712458909105239,0.726917187264125,0.731978257178065
3694470,"Coupling",9,0.888888888888889,0.864284208259485,0.867520751979498,0.866609603342275
3696020,"Raidbound",6,0.333333333333333,0.581930080600651,0.609486369612471,0.62104186491335
3696180,"Lost World Survivor",2,0.5,0.746518144640867,0.76635414103533,0.771777466428911
3696700,"Kickback Clicker",61,0.836065573770492,0.835316446627257,0.836551350051495,0.836634086151409
3697290,"ETERNAL EXILE: BENEATH THE DARKNESS",10,0.6,0.686012174769247,0.700480144139895,0.705980708728081
3698050,"Remembering Emily - Mystery visual novel",13,0.769230769230769,0.787862001585555,0.794623864371596,0.796263883605102
3698680,"Golden Tee Arcade Classics",45,0.866666666666667,0.862047310559156,0.863097480522771,0.862863906300564
3699600,"Aeon Tempus",3,0.666666666666667,0.774474891531722,0.789335831964278,0.792819240522017
3701370,"Cook for Me Grandpa!",12,1,0.942169460922484,0.94043076782283,0.937160828603458
3702020,"Figurine Shop Simulator",4,0.25,0.598207154945024,0.629095970439892,0.641477486853624
3702810,"Hellbound: Reign of El Diablo",1,1,0.852153574587866,0.860194089670355,0.859021775111307
3703030,"Nourish",5,0.6,0.724872173897113,0.741773550794231,0.747230652436077
3703790,"Skyfire Legends",3,1,0.884765810979371,0.887697048511342,0.885017735402677
3704300,"FIND ALL 9: Fantasy",191,0.905759162303665,0.90335861873092,0.903405824577459,0.903205995466438
3704520,"Now Loading",8,1,0.925725065222174,0.924720141050274,0.921298523700963
3705340,"Claviator",2,1,0.870481046513441,0.875445739968527,0.873339861248404
3706460,"Dungeon Survivor",4,0.5,0.697542308926574,0.718648674108985,0.725892998606123
3706640,"The Fantastic Adventures of Mr. Don and Friends",2,1,0.870481046513441,0.875445739968527,0.873339861248404
3708530,"Flowerdrops",14,1,0.947933226509594,0.946059372104065,0.942913707806658
3709000,"The Drawstring Dungeon",5,1,0.905590772082171,0.906157895613021,0.902919151609382
3711530,"A Flame in the Dark",6,1,0.913414570778272,0.913285175424945,0.909930541051875
3713090,"Animal Run Relay",6,1,0.913414570778272,0.913285175424945,0.909930541051875
3713410,"G-MODEアーカイブス+ 真<U+30FB>女神転生 東京鎮魂歌",6,0.5,0.664801203145056,0.685436071065589,0.693264033947981
3713820,"FOOD TRUCK<U+00A0>SHOP<U+00A0>SIMULATOR",10,0.4,0.561532883938979,0.583974896375399,0.593911807244663
3713940,"TriggerHeart EXELICA ENHANCED",10,0.8,0.810491465599515,0.816985391904392,0.8180496102115
3714210,"Ayrton Idle",6,0.833333333333333,0.830543448233867,0.837335473971826,0.837708372017243
3715440,"Joe and the Lost Pixels",10,1,0.934970756429782,0.933490639668888,0.930118511694919
3715720,"Bat & Ball",2,1,0.870481046513441,0.875445739968527,0.873339861248404
3715980,"WAHM | <U+0648><U+0647><U+0645>",1,1,0.852153574587866,0.860194089670355,0.859021775111307
3716360,"Upstairs",17,0.647058823529412,0.694592197347658,0.704479008532327,0.708320508095205
3716650,"Antivirus PROTOCOL",311,0.877813504823151,0.876856219824707,0.876977221702938,0.87690892684359
3717150,"Kegan",7,0.571428571428571,0.690453656140232,0.707640674550513,0.713924991563841
3717700,"Off World Racing",2,0.5,0.746518144640867,0.76635414103533,0.771777466428911
3718290,"CRYPTOBIOSIS",6,0.5,0.664801203145056,0.685436071065589,0.693264033947981
3719500,"Muhe space",1,0,0.710649405258107,0.737744240951264,0.745978427154954
3720170,"The Showdown: Gorilla vs 100",5,1,0.905590772082171,0.906157895613021,0.902919151609382
3720260,"Frogdoku",3,1,0.884765810979371,0.887697048511342,0.885017735402677
3720630,"Caemdale",13,0.769230769230769,0.787862001585555,0.794623864371596,0.796263883605102
3720760,"Dawg Game",101,0.98019801980198,0.971561524281628,0.970954620825295,0.97016783703483
3720920,"The Silent Witness",2,0,0.622555242768293,0.657262542102133,0.670215071609419
3721490,"Yollen",117,0.675213675213675,0.682735074237982,0.684764361584652,0.685636184301777
3721940,"Undercity of Sin",71,0.676056338028169,0.688000801277532,0.691150216634377,0.69247563533185
3722760,"DOLL INC",38,0.657894736842105,0.681284346088596,0.686898339936343,0.689240816516701
3724650,"Owl Lights",21,0.666666666666667,0.702780463029964,0.71094354133437,0.71410006226297
3724750,"Void Raider",6,0.833333333333333,0.830543448233867,0.837335473971826,0.837708372017243
3725070,"Anomaly Rooms",27,0.814814814814815,0.817194388659507,0.820241446334567,0.820722978398866
3725130,"Meow Path 2",1,1,0.852153574587866,0.860194089670355,0.859021775111307
3726630,"Depths of Insanity 3",4,1,0.896212616889674,0.89775408144717,0.894724022111121
3727130,"MADHOUSE",12,1,0.942169460922484,0.94043076782283,0.937160828603458
3727240,"Poker Adventurers",2,0,0.622555242768293,0.657262542102133,0.670215071609419
3727830,"Forest Asylum 2",48,0.979166666666667,0.962179833532599,0.96117687466762,0.959762383999492
3728030,"I commissioned some snails 4",2,1,0.870481046513441,0.875445739968527,0.873339861248404
3728040,"I commissioned some snails 5",1,1,0.852153574587866,0.860194089670355,0.859021775111307
3728120,"SpaceCorp: 2025-2300AD",73,0.835616438356164,0.835015469219214,0.836069650734989,0.836144155252575
3728910,"Dead Frequency",4,0.75,0.796877462908124,0.808201377778077,0.810308510358622
3729610,"Can you clear up to 100 stages?",3,1,0.884765810979371,0.887697048511342,0.885017735402677
3730170,"HARBINGER - Legacy Edition",2,0.5,0.746518144640867,0.76635414103533,0.771777466428911
3732620,"Tsugunohi -Supernatural Supermarket-",28,0.857142857142857,0.851914441975309,0.853789138228665,0.853621255050843
3733620,"Relaxing Farm: Merge Tales",8,0.75,0.783547627810884,0.792851505192841,0.795085012685698
3734000,"Guardian Chicken",6,1,0.913414570778272,0.913285175424945,0.909930541051875
3734310,"Your Takeout",39,0.666666666666667,0.688356397743282,0.693680333868162,0.695874426542862
3734930,"Demonborg Mining Co",2,0.5,0.746518144640867,0.76635414103533,0.771777466428911
3734990,"Pro Strategy Football 2026",28,0.892857142857143,0.88126842286863,0.882225204057446,0.881518242823326
3736190,"TUM TUM TUM: Dance Party",2,1,0.870481046513441,0.875445739968527,0.873339861248404
3736540,"UNEXTINCTION",35,0.628571428571429,0.658001695754096,0.664622301878626,0.66748209969172
3736550,"Work Life Balance",33,0.96969696969697,0.947658536284447,0.946678591172517,0.94498586203843
3737620,"Marisa!ReturnTheBook!",699,0.905579399141631,0.904909991570579,0.904920822740029,0.904863151383292
3738330,"Moose Diver",47,0.829787234042553,0.829558251275953,0.831229231754044,0.831399029171767
3738820,"Nonogram Nonsense",1,1,0.852153574587866,0.860194089670355,0.859021775111307
3738910,"MODEL Debut3 #nicola",34,0.794117647058823,0.799215453708444,0.80222465681161,0.802918219806773
3739960,"Retro Racing 2",10,1,0.934970756429782,0.933490639668888,0.930118511694919
3740360,"Lia: Hacking Destiny",91,0.967032967032967,0.958329574298924,0.957809073588597,0.957033067039245
3741530,"Steve Is Alone",30,1,0.971031072251833,0.969280485799837,0.967047743532286
3741750,"Bleakmoor House",2,0,0.622555242768293,0.657262542102133,0.670215071609419
3742040,"The Rainbox",3,1,0.884765810979371,0.887697048511342,0.885017735402677
3742110,"Dustoria",1,1,0.852153574587866,0.860194089670355,0.859021775111307
3742820,"Home Sweet Homecoming",34,1,0.973923125928167,0.972265382070812,0.97019759080945
3743220,"A Solitaire Mystery",277,0.916967509025271,0.915056060018209,0.915043712299225,0.914876450643723
3743850,"Late Hours",20,0.55,0.614652725166703,0.62668361460412,0.632009763067677
3744300,"SkateRPG",12,1,0.942169460922484,0.94043076782283,0.937160828603458
3744780,"Patch of Heaven",5,1,0.905590772082171,0.906157895613021,0.902919151609382
3744900,"Hollow Jump",19,0.947368421052632,0.918425578587549,0.918149876117713,0.916296551706188
3745290,"The Payphone",20,0.8,0.806466647269026,0.810733087065292,0.811567708365493
3745850,"Luna & Sol: Nightmare Ward",12,0.75,0.776120216825212,0.783908555323918,0.785998115572916
3746510,"3D PUZZLE - Mountain Life",10,1,0.934970756429782,0.933490639668888,0.930118511694919
3748360,"Rogue Pong",2,1,0.870481046513441,0.875445739968527,0.873339861248404
3748700,"Xiao Jun (English Edition)",1,1,0.852153574587866,0.860194089670355,0.859021775111307
3749110,"Drywall Eating Simulator",50,0.76,0.767334855417988,0.770115099314808,0.770994036977064
3749260,"The Awakened Avenger",3,1,0.884765810979371,0.887697048511342,0.885017735402677
3749460,"Rat`s Lair",6,1,0.913414570778272,0.913285175424945,0.909930541051875
3749540,"Steampunk Idle Spinner",5,0.8,0.815231472989642,0.823965723203626,0.825074902022729
3749880,"NeverHome Ch.2 - Tower of Vanity",8,1,0.925725065222174,0.924720141050274,0.921298523700963
3751210,"Infinite Lives",213,0.765258215962441,0.766989840160428,0.767713458160261,0.767951067993775
3752210,"Rubble Eats The World",4,1,0.896212616889674,0.89775408144717,0.894724022111121
3753370,"Votica",5,0.4,0.634512874804584,0.659581378384836,0.669386402849425
3754320,"Project DAR",4,1,0.896212616889674,0.89775408144717,0.894724022111121
3754500,"Mad Carnival",1,1,0.852153574587866,0.860194089670355,0.859021775111307
3754800,"City Love Clicker",1,1,0.852153574587866,0.860194089670355,0.859021775111307
3755860,"BLACK SOULS",7297,0.952035082910785,0.951931863193635,0.951925830970851,0.951915877676819
3757210,"Agreeee",1144,0.746503496503496,0.746932276034336,0.747089832207463,0.747147557030041
3757240,"Zombies Attack",26,1,0.967417514218415,0.965575613290623,0.963153387123
3758560,"Abyssal Drift",16,1,0.952652213199652,0.950716128610107,0.947701588330354
3758650,"词力牌：LexiLoong",1,1,0.852153574587866,0.860194089670355,0.859021775111307
3759140,"Nitroglycerine!",144,0.868055555555556,0.866427464511003,0.866758007361338,0.866660335929703
3760620,"Revolver Gambit",8,1,0.925725065222174,0.924720141050274,0.921298523700963
3761560,"Rising Odds",9,0.888888888888889,0.864284208259485,0.867520751979498,0.866609603342275
3762110,"Bloodplague Lockdown",3,1,0.884765810979371,0.887697048511342,0.885017735402677
3762650,"DEATH TRAIN!!! Samara – Voronezh.",88,0.909090909090909,0.903846970264128,0.903939624532838,0.903521266644423
3763000,"Starfall Defenders",1,1,0.852153574587866,0.860194089670355,0.859021775111307
3764120,"你的牛子",33,0.878787878787879,0.870867244206614,0.871989686706543,0.871539552690103
3766170,"100 Cats Lost In Japan Find & Color",2,0.5,0.746518144640867,0.76635414103533,0.771777466428911
3768490,"Quantum Threshold",3,0.666666666666667,0.774474891531722,0.789335831964278,0.792819240522017
3769130,"Keep on Mining!",8273,0.934243926024417,0.934165912063144,0.934162950345599,0.934155627854623
3770260,"Rolling Rumble",1,1,0.852153574587866,0.860194089670355,0.859021775111307
3771390,"Carefully Stamped",152,0.572368421052632,0.582171802461171,0.584449648682494,0.585557045422651
3771610,"Flee the fallen",16,0.8125,0.816702171348268,0.821219401717356,0.821895190513865
3771660,"Pass Tiger Cage",34,0.617647058823529,0.649466020377254,0.656475463732295,0.659535901804478
3772060,"Bunny's Tea Time",1,1,0.852153574587866,0.860194089670355,0.859021775111307
3773590,"Death by Scrolling",177,0.774011299435028,0.775793364912105,0.776605865450158,0.776857059937391
3775190,"Goblin Adventure: Free from Lore",2,1,0.870481046513441,0.875445739968527,0.873339861248404
3775390,"The Ruin Wanderer",7,1,0.920040873360553,0.919406246911038,0.915997391632726
3776630,"Bananaganza",3,1,0.884765810979371,0.887697048511342,0.885017735402677
3777690,"Hop Drop",5,0.6,0.724872173897113,0.741773550794231,0.747230652436077
3778040,"Ramen-ten ‘Heart Abyss’",117,0.709401709401709,0.715237713359921,0.716979141724362,0.717675614833419
3778380,"Ward 777 - <U+0627><U+0644><U+062C><U+0646><U+0627><U+062D> 777",20,0.75,0.768103862848561,0.773923192573058,0.77565611930593
3779170,"Wrist Catcher-寸关",3,0,0.553893052636423,0.592613398870152,0.608422250760697
3779280,"<U+200B><U+200B>Azure Defenders<U+200B>",2,0.5,0.746518144640867,0.76635414103533,0.771777466428911
3779910,"Elegant Sleuth:Mystic Family",1,1,0.852153574587866,0.860194089670355,0.859021775111307
3782410,"Veil: Mirages",11,0.818181818181818,0.821595310231126,0.827059622659653,0.827704115466398
3783190,"Useless Timmy",1,1,0.852153574587866,0.860194089670355,0.859021775111307
3783850,"RELSU",2,1,0.870481046513441,0.875445739968527,0.873339861248404
3784110,"Ghost Hunters",3,0.333333333333333,0.664183972084073,0.690974615417215,0.700620745641357
3784130,"New Lands 4: Legends of Tenkai",1,1,0.852153574587866,0.860194089670355,0.859021775111307
3785720,"Pact Between Us",267,0.861423220973783,0.86067584113696,0.86088116147891,0.860841730729512
3786040,"The Overnight Screening",16,0.5,0.590118768262626,0.605391523562772,0.612217860819717
3788190,"Story 210",9,0.333333333333333,0.532431592018918,0.55824129254321,0.569806130028351
3788370,"Numachina",4,0,0.498872000963473,0.539543266770799,0.557061975101125
3788740,"Dino Explore",1,1,0.852153574587866,0.860194089670355,0.859021775111307
3788860,"Cursed Digilens",5,0.8,0.815231472989642,0.823965723203626,0.825074902022729
3789090,"God Fishing",2,1,0.870481046513441,0.875445739968527,0.873339861248404
3789290,"Bad Golf",5,1,0.905590772082171,0.906157895613021,0.902919151609382
3789440,"The Adventure of Sunny the hedgehog",2,1,0.870481046513441,0.875445739968527,0.873339861248404
3790080,"Epimythos: The Forgotten Legends",1,1,0.852153574587866,0.860194089670355,0.859021775111307
3792500,"The Museum",1,1,0.852153574587866,0.860194089670355,0.859021775111307
3792540,"BederSNAKE",1,1,0.852153574587866,0.860194089670355,0.859021775111307
3792560,"UNI 2",1,0,0.710649405258107,0.737744240951264,0.745978427154954
3792570,"Numenclature",2,0.5,0.746518144640867,0.76635414103533,0.771777466428911
3792610,"Jigsaw Puzzle",2,0.5,0.746518144640867,0.76635414103533,0.771777466428911
3792960,"Fade Survival",5,0.6,0.724872173897113,0.741773550794231,0.747230652436077
3793430,"X.E.H.A. Rogue",1,1,0.852153574587866,0.860194089670355,0.859021775111307
3793510,"Anomaly Observer",2,0.5,0.746518144640867,0.76635414103533,0.771777466428911
3793730,"Beat Vortex",3,1,0.884765810979371,0.887697048511342,0.885017735402677
3794290,"Chess Empire",3,1,0.884765810979371,0.887697048511342,0.885017735402677
3795140,"Railroad crossing play",3,1,0.884765810979371,0.887697048511342,0.885017735402677
3795850,"MEAT ROOM",9,0.888888888888889,0.864284208259485,0.867520751979498,0.866609603342275
3796060,"Area Zero",5,1,0.905590772082171,0.906157895613021,0.902919151609382
3797390,"IlhaZ",2,0.5,0.746518144640867,0.76635414103533,0.771777466428911
3797700,"The Nightmare",3,1,0.884765810979371,0.887697048511342,0.885017735402677
3797830,"Egglings",14,1,0.947933226509594,0.946059372104065,0.942913707806658
3798420,"Paint by Words",7,1,0.920040873360553,0.919406246911038,0.915997391632726
3798730,"Crimson Mansion",6,0.5,0.664801203145056,0.685436071065589,0.693264033947981
3799100,"SIDE EFFECTS",851,0.831962397179788,0.831932821923697,0.832035249679625,0.832045455236344
3800670,"Waking Dreams",11,0.909090909090909,0.880188157602032,0.882105669858237,0.880765311246851
3801500,"Neffy -Moonlight Labyrinth X-",3,1,0.884765810979371,0.887697048511342,0.885017735402677
3801520,"Store It!",19,0.631578947368421,0.679066386998786,0.688850005105254,0.692800934590329
3802110,"Reminiscence",8,0.875,0.854636346516529,0.858785823121557,0.85819176819333
3803040,"Binary Boss",4,0.75,0.796877462908124,0.808201377778077,0.810308510358622
3803860,"Blood Oath",2,1,0.870481046513441,0.875445739968527,0.873339861248404
3803930,"Luckyest",250,0.788,0.78894260041445,0.789468234475612,0.789614413287123
3805690,"The Last Chance",2,0.5,0.746518144640867,0.76635414103533,0.771777466428911
3805710,"Treasure Tiger",85,0.952941176470588,0.944603158354467,0.944212549032375,0.943485909644772
3806110,"Zaxtron EXPLUS",5,0.8,0.815231472989642,0.823965723203626,0.825074902022729
3806520,"SENKOU",2,1,0.870481046513441,0.875445739968527,0.873339861248404
3807000,"Tosbik Around The World",2,1,0.870481046513441,0.875445739968527,0.873339861248404
3807080,"Ballotoro",2,1,0.870481046513441,0.875445739968527,0.873339861248404
3807440,"Taste of the Sea",3,1,0.884765810979371,0.887697048511342,0.885017735402677
3807550,"Mycopsychosys: Remastered",230,0.978260869565217,0.974393616726165,0.974103689396234,0.973734634195172
3807790,"Vertex",1,1,0.852153574587866,0.860194089670355,0.859021775111307
3808410,"SkinCrawler Ranch",2,0.5,0.746518144640867,0.76635414103533,0.771777466428911
3808890,"Holy Carrot Simulator",2,0.5,0.746518144640867,0.76635414103533,0.771777466428911
3809220,"W.A.PU Space Orderty",7,1,0.920040873360553,0.919406246911038,0.915997391632726
3809740,"TOJIBO",21,0.904761904761905,0.887507732709008,0.888458699550822,0.887433334324175
3809950,"Printfarm Simulator",3,0.666666666666667,0.774474891531722,0.789335831964278,0.792819240522017
3810010,"Overdrawn",37,0.945945945945946,0.929300270375102,0.928866167085038,0.927594331128347
3810990,"Row Away",1,1,0.852153574587866,0.860194089670355,0.859021775111307
3812120,"Breadbulls",1,1,0.852153574587866,0.860194089670355,0.859021775111307
3812200,"Truck City",20,0.8,0.806466647269026,0.810733087065292,0.811567708365493
3812230,"Mind Echoes: Remnants of the Past Collector's Edition",6,0.166666666666667,0.499058958056245,0.533536668159353,0.548819695878718
3812580,"Butter Side Down",24,1,0.965250183783536,0.963366557628552,0.960839349374079
3813150,"Lone Labyrinth: Burden of the Just",1,1,0.852153574587866,0.860194089670355,0.859021775111307
3813260,"连杀地牢（Dungeon Killing）",13,0.923076923076923,0.892755660082402,0.893797703148418,0.892204796085096
3813350,"Azure Striker Gunvolt Trilogy Enhanced",209,0.779904306220096,0.781254977839317,0.781919416476825,0.782116890504543
3814230,"迷滅",5,0.6,0.724872173897113,0.741773550794231,0.747230652436077
3814340,"Tankenstein",230,0.895652173913044,0.893907967873257,0.893991231305879,0.893851067115405
3814610,"FastFly",1,1,0.852153574587866,0.860194089670355,0.859021775111307
3814660,"Fantasy  Journey",1,0,0.710649405258107,0.737744240951264,0.745978427154954
3814680,"Huntsman",193,0.585492227979275,0.592876524252896,0.594628990867684,0.595475886278601
3815000,"Geamana Village",28,0.75,0.763852499295345,0.768480940742321,0.769930291733395
3815050,"RESTORER",59,0.76271186440678,0.768779311178296,0.771157378910521,0.771907382837375
3815120,"BIT LOST",2,1,0.870481046513441,0.875445739968527,0.873339861248404
3815170,"Innkeeper VR",12,0.833333333333333,0.831469964857636,0.836082626156889,0.836385686583097
3815750,"SEVERANCE",455,0.70989010989011,0.711441416112478,0.711918304660845,0.712113598738896
3816450,"Amatsuko",141,0.900709219858156,0.897700860961533,0.89780598816087,0.897564598981171
3816550,"BAKU -バク-",54,1,0.98260573189919,0.981333930587114,0.979835184232316
3816700,"Logic Bombs",554,0.953068592057762,0.9517114493845,0.951633365665522,0.951504311593417
3816720,"Ghost Deliverer",28,0.964285714285714,0.939976384655273,0.939097335715008,0.937312218368292
3817040,"Simogo Legacy Collection",23,1,0.964054673397059,0.96215218703972,0.959569802516608
3817720,"Genki Break!",13,1,0.945202489330826,0.943384622536829,0.940175252325093
3817790,"SnaiL TraiL",1,1,0.852153574587866,0.860194089670355,0.859021775111307
3817910,"Tung Sahur Zombie",26,0.730769230769231,0.749124085705771,0.754519968045715,0.756335267613449
3817930,"Tombs & Trials",1,1,0.852153574587866,0.860194089670355,0.859021775111307
3819120,"Kind() Station",27,0.888888888888889,0.877677778722419,0.878778131010986,0.878118105091373
3819850,"Silent Street",1,0,0.710649405258107,0.737744240951264,0.745978427154954
3820130,"The Dream Globe",366,0.948087431693989,0.946125767480286,0.946024805826349,0.945841047866058
3820330,"hazard versus",10,0.8,0.810491465599515,0.816985391904392,0.8180496102115
3820830,"Anime Dream Match: Primates",2,1,0.870481046513441,0.875445739968527,0.873339861248404
3821190,"ささゆめしき",1,0,0.710649405258107,0.737744240951264,0.745978427154954
3821900,"Hot Pig Jump!",4,1,0.896212616889674,0.89775408144717,0.894724022111121
3822100,"In Arrears",2,1,0.870481046513441,0.875445739968527,0.873339861248404
3822580,"Heart of Ice by Dave Morris",2,1,0.870481046513441,0.875445739968527,0.873339861248404
3822620,"Dungeonborne Settlement",16,0.5625,0.635435448879755,0.648557099193689,0.654153326758547
3822720,"Deepest Well",11,0.727272727272727,0.763002462860221,0.772013575461068,0.774642919685944
3822840,"Capitalist Misadventures",4,0.75,0.796877462908124,0.808201377778077,0.810308510358622
3823130,"YetiParty",185,0.87027027027027,0.868921218694917,0.869166967488772,0.869081572718099
3823150,"Bird Like",1,1,0.852153574587866,0.860194089670355,0.859021775111307
3823430,"Midnight Study",25,0.88,0.869803024253321,0.87124100640358,0.870696727377446
3823490,"Speedway Club Manager 25",105,0.914285714285714,0.909560655768056,0.909583250477067,0.909193931483969
3824770,"Chronos Shift",1,1,0.852153574587866,0.860194089670355,0.859021775111307
3825510,"GAYA - The Mystery",6,1,0.913414570778272,0.913285175424945,0.909930541051875
3826460,"Looking For Waifu",1,1,0.852153574587866,0.860194089670355,0.859021775111307
3826650,"Worm Wars",1,1,0.852153574587866,0.860194089670355,0.859021775111307
3827560,"Cubenen Gardens: Befriend",9,0.888888888888889,0.864284208259485,0.867520751979498,0.866609603342275
3828290,"Kick Yourself On",1,1,0.852153574587866,0.860194089670355,0.859021775111307
3828490,"Monster Destroyer",1,1,0.852153574587866,0.860194089670355,0.859021775111307
3828730,"Cross and Gun",2,1,0.870481046513441,0.875445739968527,0.873339861248404
3828830,"You Were Sent Alone",1,1,0.852153574587866,0.860194089670355,0.859021775111307
3829040,"Turtle Turtle",2,1,0.870481046513441,0.875445739968527,0.873339861248404
3829350,"Vribyss Refuge<U+2122> Metamorphosis",12,1,0.942169460922484,0.94043076782283,0.937160828603458
3829440,"Instruments of Peace",3,0.666666666666667,0.774474891531722,0.789335831964278,0.792819240522017
3829570,"Great Tough Bikini 6",74,0.702702702702703,0.712180541980853,0.714885954531116,0.715965717200473
3829880,"Touhou Kouzougi　～ Flickerframe Shutter Festival",47,0.936170212765957,0.923778889996262,0.923537022843367,0.922563107594341
3830150,"Creepy Redneck Dinosaur Mansion 1 Re-Raptored",31,0.870967741935484,0.863899698890353,0.865281712503443,0.864925749218158
3830430,"Pain 'n Dave: The Maze of Malice",1,1,0.852153574587866,0.860194089670355,0.859021775111307
3830530,"cube hits corner",1,1,0.852153574587866,0.860194089670355,0.859021775111307
3830610,"RETRYS",3,1,0.884765810979371,0.887697048511342,0.885017735402677
3831090,"CinemaLandVR",2,0.5,0.746518144640867,0.76635414103533,0.771777466428911
3831120,"Mandate Of Heaven",5390,0.910575139146568,0.910482055433907,0.910482337272142,0.910474085066939
3831510,"Five Nights At Stickman",12,0.666666666666667,0.720770468792789,0.731734484490948,0.735610544562735
3831660,"Obsessed : Night Shift",148,0.898648648648649,0.895858116204408,0.895971560512365,0.895749012472478
3832000,"Secret Cats - Ice Cream Day",17,0.882352941176471,0.868000625462952,0.869996646918007,0.869311154098579
3832240,"Draugar",3,0.666666666666667,0.774474891531722,0.789335831964278,0.792819240522017
3832360,"鱼自会上钩 EffortlessCatch",4,0.25,0.598207154945024,0.629095970439892,0.641477486853624
3832470,"FTL Team",6,0.666666666666667,0.747672325689462,0.761385772518708,0.765486202982612
3832630,"Wheelchair Wizards",1,1,0.852153574587866,0.860194089670355,0.859021775111307
3833100,"Kitchen Gore",33,0.878787878787879,0.870867244206614,0.871989686706543,0.871539552690103
3834740,"Pooping Cat",35,0.942857142857143,0.925857123767985,0.925492225707908,0.924214534103864
3835960,"Stay&Stack: Hotel Operation",4,1,0.896212616889674,0.89775408144717,0.894724022111121
3836440,"HEAVENSHATTER",16,0.9375,0.907335532582524,0.90755055297919,0.905766122391524
3837030,"Wukong 2088",4,0.5,0.697542308926574,0.718648674108985,0.725892998606123
3837080,"Lightcore Guardians",3,0.666666666666667,0.774474891531722,0.789335831964278,0.792819240522017
3837210,"The PipeTuber's Guide to the Solar System",9,1,0.930654731507598,0.929376643866756,0.92597029800506
3837230,"Codename: Black Crow",9,1,0.930654731507598,0.929376643866756,0.92597029800506
3837300,"Against Tribulation",6,0.5,0.664801203145056,0.685436071065589,0.693264033947981
3837380,"Majogami",152,0.901315789473684,0.898493503228677,0.898585888739536,0.898357795439567
3838140,"Unicycle Sheep",5,0.4,0.634512874804584,0.659581378384836,0.669386402849425
3838270,"Awurda First Wave",2,1,0.870481046513441,0.875445739968527,0.873339861248404
3838660,"BPROOF",4,0.75,0.796877462908124,0.808201377778077,0.810308510358622
3838900,"Prism",2,1,0.870481046513441,0.875445739968527,0.873339861248404
3839590,"逃离狮门外语学校 / Escape the School",7,0.571428571428571,0.690453656140232,0.707640674550513,0.713924991563841
3840250,"Long Black-Haired Schoolgirl Survival Simulation Game",6,0.833333333333333,0.830543448233867,0.837335473971826,0.837708372017243
3840600,"TileGuesser",3,0.666666666666667,0.774474891531722,0.789335831964278,0.792819240522017
3841040,"Lilialette's Hustle: Getting My Hands Dirty to Save My Guild",73,0.602739726027397,0.620007752463339,0.624011285345225,0.62586825408622
3841160,"Not a Dream Job",5,1,0.905590772082171,0.906157895613021,0.902919151609382
3841220,"Midnight Crane",82,0.853658536585366,0.851876063588748,0.852615902351785,0.852557795372145
3841340,"Petmancer",4,1,0.896212616889674,0.89775408144717,0.894724022111121
3842370,"Zugaran",1,0,0.710649405258107,0.737744240951264,0.745978427154954
3842380,"漂流、のち、座礁",8,1,0.925725065222174,0.924720141050274,0.921298523700963
3842700,"P1: Anchor Light",5,0.8,0.815231472989642,0.823965723203626,0.825074902022729
3842770,"The Last Village",1,1,0.852153574587866,0.860194089670355,0.859021775111307
3843520,"The Temple of Elemental Evil",356,0.713483146067416,0.715398419854287,0.715993327325282,0.716234148639687
3843530,"Forgotten Realms: Demon Stone",127,0.700787401574803,0.706577581671062,0.708260195717092,0.708948958375039
3843570,"Combat Mission 3: Afrika Korps",15,1,0.950404719723233,0.948492790252201,0.945412433285724
3843730,"Infinite Canyon",2,1,0.870481046513441,0.875445739968527,0.873339861248404
3844180,"A Wild Last Boss Appeared! ~Black-Winged Survivor~",11,1,0.938781004972937,0.937151717056822,0.933826507027305
3844490,"Wald-Guard",3,1,0.884765810979371,0.887697048511342,0.885017735402677
3844910,"Historic Helix",1,1,0.852153574587866,0.860194089670355,0.859021775111307
3845440,"Split Second VR Tactical Shooter",48,0.395833333333333,0.444303190319247,0.453623471272856,0.458385065077381
3845600,"Living with a Little Fox Girl",309,0.84789644012945,0.847509161494397,0.847733002667351,0.847726998211953
3845720,"Don't Look Behind You",1,0,0.710649405258107,0.737744240951264,0.745978427154954
3846020,"Egg Finder",6,1,0.913414570778272,0.913285175424945,0.909930541051875
3846030,"Forbidden Ground - Lair of Aooni -",47,0.48936170212766,0.528052207370964,0.535844300268209,0.53967397821953
3846450,"Pick 100 Bones",3,0.333333333333333,0.664183972084073,0.690974615417215,0.700620745641357
3846730,"Planetris",1,1,0.852153574587866,0.860194089670355,0.859021775111307
3846760,"Protest Simulator",1,0,0.710649405258107,0.737744240951264,0.745978427154954
3847210,"TANK 2025",2,1,0.870481046513441,0.875445739968527,0.873339861248404
3848270,"Yacht Dice Family",2,1,0.870481046513441,0.875445739968527,0.873339861248404
3848510,"Clean Minesweeper",32,0.9375,0.92001403027063,0.919785238805315,0.91850868002359
3848580,"Game Shop Simulator",7,0,0.384337366513136,0.425286578069814,0.444495124805327
3848660,"Perception: Heart and Mind",12,1,0.942169460922484,0.94043076782283,0.937160828603458
3849010,"Chess Commanders",1,0,0.710649405258107,0.737744240951264,0.745978427154954
3850520,"Master of 4 Swords",102,0.941176470588235,0.934810581697261,0.93457944467874,0.934024855879129
3851370,"Home for Friends: Beloved Pets Collector's Edition",4,0.75,0.796877462908124,0.808201377778077,0.810308510358622
3851630,"ToneTrek",1,1,0.852153574587866,0.860194089670355,0.859021775111307
3851750,"US Visual Novel",1,1,0.852153574587866,0.860194089670355,0.859021775111307
3852000,"RedLantern | 赤提灯",9,0.666666666666667,0.731543161763258,0.743808968204983,0.747888214016706
3852180,"Hexateria",2,1,0.870481046513441,0.875445739968527,0.873339861248404
3852230,"Path of the Bogatyr",12,1,0.942169460922484,0.94043076782283,0.937160828603458
3852930,"Fishplay",3,0.333333333333333,0.664183972084073,0.690974615417215,0.700620745641357
3853070,"ARONDIGHT  アロンダイト",10,0.8,0.810491465599515,0.816985391904392,0.8180496102115
3853330,"LexiRogue",33,0.818181818181818,0.819673049488059,0.822197083729227,0.822575346457885
3853500,"DarkShine",5,1,0.905590772082171,0.906157895613021,0.902919151609382
3853780,"Just Grandma and Me",3,1,0.884765810979371,0.887697048511342,0.885017735402677
3853960,"Rolling Ball: HD Remaster",2,0.5,0.746518144640867,0.76635414103533,0.771777466428911
3854020,"DACHA",73,0.767123287671233,0.771777905467486,0.773699543267411,0.774298301968353
3854060,"FlippUp",76,0.842105263157895,0.841046565970029,0.841982974068424,0.842006886599351
3854270,"Midnight Murder Maze",12,1,0.942169460922484,0.94043076782283,0.937160828603458
3854330,"My Little Spider",387,0.943152454780362,0.941371765104456,0.941289445496096,0.941123610608686
3854340,"The Abyssal Descent",1,1,0.852153574587866,0.860194089670355,0.859021775111307
3854410,"ZahmahreL - Chapter 1",54,0.62962962962963,0.649643815255892,0.654358143884161,0.656452152973156
3854760,"Tentaphage",3,1,0.884765810979371,0.887697048511342,0.885017735402677
3854990,"TryAngle: Shapes Warfare",2,1,0.870481046513441,0.875445739968527,0.873339861248404
3855620,"GHOST OF THE DICED STEAK",10,0.8,0.810491465599515,0.816985391904392,0.8180496102115
3856010,"Space Travel:Chronicles",1,1,0.852153574587866,0.860194089670355,0.859021775111307
3857170,"Space Depot",1,0,0.710649405258107,0.737744240951264,0.745978427154954
3857770,"Backmooms",136,0.852941176470588,0.85186686064619,0.852327715550611,0.852292783438393
3857980,"Anyone in the house？",22,0.772727272727273,0.784628373410813,0.78942563303459,0.790689466999812
3858850,"Hydra Heli",83,0.91566265060241,0.909676685667659,0.909703378212284,0.90921888017246
3860020,"Wise in the Heights",1,1,0.852153574587866,0.860194089670355,0.859021775111307
3860040,"躁のあなた鬱のあたし｜Manic you and depressed me",4,0.75,0.796877462908124,0.808201377778077,0.810308510358622
3860080,"МЕМАСИКИ 2 Олдскулы свело",27,0.740740740740741,0.756710998596595,0.761704761658147,0.76332785170636
3860440,"Parking Simulator",19,1,0.958318777185676,0.956366521286456,0.953545821225497
3861060,"Scooter Slayer",3,1,0.884765810979371,0.887697048511342,0.885017735402677
3861140,"Agent Versus",7,1,0.920040873360553,0.919406246911038,0.915997391632726
3861560,"Planet Drop",3,1,0.884765810979371,0.887697048511342,0.885017735402677
3861720,"Ruby's Realms",1,1,0.852153574587866,0.860194089670355,0.859021775111307
3861930,"Pieces To Find",1,1,0.852153574587866,0.860194089670355,0.859021775111307
3862060,"My First PC Game",2,1,0.870481046513441,0.875445739968527,0.873339861248404
3862620,"Generic Idler",1,0,0.710649405258107,0.737744240951264,0.745978427154954
3862710,"Vita: The Ember Oracle",1,1,0.852153574587866,0.860194089670355,0.859021775111307
3863120,"Machine TakeOver",2,0,0.622555242768293,0.657262542102133,0.670215071609419
3863220,"Hypercore",5,1,0.905590772082171,0.906157895613021,0.902919151609382
3863340,"Ramona",47,0.765957446808511,0.773025868043767,0.77584455710045,0.776700582118223
3863590,"Beltion: Beyond Ritual",43,0.813953488372093,0.815663617951124,0.817772410763695,0.818135415367162
3863990,"FOREST SURVIVAL",1,1,0.852153574587866,0.860194089670355,0.859021775111307
3864010,"I Am Sakuya FPS: Lunarian Invasion",50,0.68,0.695991551443099,0.700144182885027,0.701845112996183
3864070,"Sea Hotel : Fish Scales",4,0.5,0.697542308926574,0.718648674108985,0.725892998606123
3865340,"Deadcam",61,0.721311475409836,0.730943098334961,0.733861776176814,0.734958123557174
3865990,"The Three Cardinals",1,1,0.852153574587866,0.860194089670355,0.859021775111307
3866620,"From The Dark",5,0.8,0.815231472989642,0.823965723203626,0.825074902022729
3867530,"Way to Town",3,1,0.884765810979371,0.887697048511342,0.885017735402677
3868390,"Chop It Down",2,1,0.870481046513441,0.875445739968527,0.873339861248404
3868480,"The Inconvenient Platformer",6,1,0.913414570778272,0.913285175424945,0.909930541051875
3868490,"Marshals of Yore",30,0.9,0.887852380999381,0.888562871122507,0.88777947220667
3868610,"Glitch",29,0.896551724137931,0.88465427896016,0.885481655247433,0.884733821982073
3868630,"Serra de Deus",85,0.941176470588235,0.933622223731915,0.933362632624549,0.9327154054424
3869100,"TearItUp<U+00AE> Remix",2,1,0.870481046513441,0.875445739968527,0.873339861248404
3869160,"Info Fighter",2,1,0.870481046513441,0.875445739968527,0.873339861248404
3869380,"Agu",19,0.947368421052632,0.918425578587549,0.918149876117713,0.916296551706188
3869460,"GluMe",14,1,0.947933226509594,0.946059372104065,0.942913707806658
3869480,"Attrition",3,1,0.884765810979371,0.887697048511342,0.885017735402677
3869490,"GeneBreak",3,1,0.884765810979371,0.887697048511342,0.885017735402677
3870020,"Phil in the Mirror",38,0.947368421052632,0.93090464195937,0.930441087916169,0.929173649057839
3870210,"Gray Goo",6,1,0.913414570778272,0.913285175424945,0.909930541051875
3870780,"Nekurogahara: Ronin Psyche",4,0.75,0.796877462908124,0.808201377778077,0.810308510358622
3870960,"Lost in Loss",14,0.714285714285714,0.748600290000574,0.757082476632445,0.759815201720485
3871150,"Throne Alone",13,0.923076923076923,0.892755660082402,0.893797703148418,0.892204796085096
3871180,"One more gem",7,1,0.920040873360553,0.919406246911038,0.915997391632726
3871250,"Summit Drive a game by Luke Kim",26,1,0.967417514218415,0.965575613290623,0.963153387123
3871740,"Behind You",13,1,0.945202489330826,0.943384622536829,0.940175252325093
3873550,"Cosmic Cat",3,1,0.884765810979371,0.887697048511342,0.885017735402677
3874050,"Duck Life 4 Classic",63,0.888888888888889,0.883521385329001,0.883965602521188,0.883591206168163
3874490,"Denrei Survivors",40,0.95,0.933904423306633,0.933390586046281,0.932134235443757
3874510,"Nightmare Mines",7,1,0.920040873360553,0.919406246911038,0.915997391632726
3874950,"Bit Buddy",440,0.993181818181818,0.99093225700251,0.990737814310875,0.990516572776856
3875320,"Neoteria",1,1,0.852153574587866,0.860194089670355,0.859021775111307
3876030,"Monkey Jump",5,1,0.905590772082171,0.906157895613021,0.902919151609382
3876670,"Hidden Pets: 101 Cats in Chennai",21,0.904761904761905,0.887507732709008,0.888458699550822,0.887433334324175
3876700,"Quarter Five",3,0.666666666666667,0.774474891531722,0.789335831964278,0.792819240522017
3876870,"Fear of Energy",3,0.666666666666667,0.774474891531722,0.789335831964278,0.792819240522017
3877150,"Pixelo",1,1,0.852153574587866,0.860194089670355,0.859021775111307
3877280,"Moxie",1,1,0.852153574587866,0.860194089670355,0.859021775111307
3877400,"Contingence",1,1,0.852153574587866,0.860194089670355,0.859021775111307
3877580,"Lakeside Has No Lake!!",9,0.888888888888889,0.864284208259485,0.867520751979498,0.866609603342275
3877790,"Hunter's Moon: A Sovereign Syndicate Adventure",204,0.838235294117647,0.83793346080174,0.838318471022616,0.838339690224915
3878240,"Ocean of Vengeance",1,0,0.710649405258107,0.737744240951264,0.745978427154954
3878510,"Mr Taoist priest",2,1,0.870481046513441,0.875445739968527,0.873339861248404
3879000,"They Watch",3,1,0.884765810979371,0.887697048511342,0.885017735402677
3879060,"Instant Anastasia",48,0.958333333333333,0.943684239132122,0.943049967403521,0.941856051180845
3879250,"Your Sister",7,0.857142857142857,0.84351180095378,0.848817722790863,0.848639924943097
3879670,"RADIOACTIVE INC.",26,0.615384615384615,0.655569759200352,0.66406754865504,0.667698930680784
3879810,"Train Deluxe 2026 Kurakyu",4,0,0.498872000963473,0.539543266770799,0.557061975101125
3880060,"Corrupted Basement",1,1,0.852153574587866,0.860194089670355,0.859021775111307
3880170,"Hope - The Game",2,1,0.870481046513441,0.875445739968527,0.873339861248404
3880210,"The Vending Machine",3,0.666666666666667,0.774474891531722,0.789335831964278,0.792819240522017
3880220,"Dimmed Light",19,0.789473684210526,0.798745982793167,0.803499940611483,0.804548743148258
3880670,"XD CLICKER",2,1,0.870481046513441,0.875445739968527,0.873339861248404
3882020,"Avernum 4: Greed and Glory",132,0.924242424242424,0.920003868336362,0.919939558290922,0.919575080369009
3882340,"W3DGE",1,1,0.852153574587866,0.860194089670355,0.859021775111307
3882570,"Skeleton Dungeon",7,1,0.920040873360553,0.919406246911038,0.915997391632726
3882730,"PANOPTYCA : Idle RPG Manager",20,0.85,0.84482943168949,0.847542981557527,0.847479297425057
3882780,"Dead On Duty",12,1,0.942169460922484,0.94043076782283,0.937160828603458
3882860,"I Am A Stick",1,1,0.852153574587866,0.860194089670355,0.859021775111307
3883520,"Just Waiting Cats",15,0.933333333333333,0.902936957694645,0.903379890327661,0.901641409050991
3883560,"Lunavoid",8,0.75,0.783547627810884,0.792851505192841,0.795085012685698
3883760,"Stretcher Together",114,0.482456140350877,0.499905423692375,0.503644272886127,0.505547696334787
3883840,"Operation Dimera",7,0.428571428571429,0.613924583733458,0.637052150430338,0.646567524874212
3884360,"Trash Sorter Simulator",1,0,0.710649405258107,0.737744240951264,0.745978427154954
3884400,"DinoGORE",3,1,0.884765810979371,0.887697048511342,0.885017735402677
3884520,"Blood: Refreshed Supply<U+2122>",716,0.717877094972067,0.718800554409714,0.719094137202174,0.719212276585647
3884540,"Dream:scape Remastered",5,0.8,0.815231472989642,0.823965723203626,0.825074902022729
3884580,"Reflections of Life: In Screams and Sorrow Collector's Edition",1,1,0.852153574587866,0.860194089670355,0.859021775111307
3885080,"Mage of Tempest Castle",1,1,0.852153574587866,0.860194089670355,0.859021775111307
3885160,"Drunk But Not Wasted Knight",1,1,0.852153574587866,0.860194089670355,0.859021775111307
3885290,"Go! Sloth",14,0.857142857142857,0.848266758255084,0.851570924368255,0.851364454763571
3885360,"Valoris",3,0.666666666666667,0.774474891531722,0.789335831964278,0.792819240522017
3885750,"Sudoku-X",1,1,0.852153574587866,0.860194089670355,0.859021775111307
3885800,"Sudoku-9",1,1,0.852153574587866,0.860194089670355,0.859021775111307
3886310,"KOALAS DELIV & GUY",1,1,0.852153574587866,0.860194089670355,0.859021775111307
3886860,"Suika Sprunki Edition",6,0.833333333333333,0.830543448233867,0.837335473971826,0.837708372017243
3888790,"ExitApartment",7,1,0.920040873360553,0.919406246911038,0.915997391632726
3890550,"Jam's Adjustable Mirrors",4,1,0.896212616889674,0.89775408144717,0.894724022111121
3890660,"Rachel's Journal",4,1,0.896212616889674,0.89775408144717,0.894724022111121
3891810,"BrainRot Battle",1,1,0.852153574587866,0.860194089670355,0.859021775111307
3892140,"Sudoku-Zen",1,1,0.852153574587866,0.860194089670355,0.859021775111307
3892250,"ULTRA VERTIGO",21,1,0.961398640580626,0.959464762837403,0.956766643148657
3893080,"Roxanne The Forgotten Path",2,0.5,0.746518144640867,0.76635414103533,0.771777466428911
3893670,"The Jester and the Madman",12,0.916666666666667,0.88681971289006,0.888256696989859,0.886773257593277
3893770,"你的猫",35,1,0.974558110679601,0.972923120949596,0.970893158542435
3894070,"A Pirate Game About Digging For Treasure And Getting Drunk",3,1,0.884765810979371,0.887697048511342,0.885017735402677
3894150,"VeryVeryHouse",45,0.933333333333333,0.92079374439891,0.920605531643902,0.919632454298766
3894170,"Trench Face",712,0.933988764044944,0.933091445521403,0.933058988583029,0.932975795504858
3894530,"Rogue Cave",1,1,0.852153574587866,0.860194089670355,0.859021775111307
3894950,"Bakahazard 3",110,1,0.99099812254109,0.990255413411526,0.989417419616555
3895030,"Blue Hawaii Aniki's Soft Ore Demand vol.1",1,1,0.852153574587866,0.860194089670355,0.859021775111307
3895060,"FLOW",7,1,0.920040873360553,0.919406246911038,0.915997391632726
3895170,"Intuitive Level Design",53,0.792452830188679,0.796081828484059,0.798198030005634,0.798719990052341
3895180,"Azaran: The Demon Bottle",72,0.930555555555556,0.922568745695542,0.922420067443421,0.921760593276634
3895980,"The Case of the Catacombs: A Tale from Atruxia",4,1,0.896212616889674,0.89775408144717,0.894724022111121
3896030,"Freelancers: Rogue Skies",3,0,0.553893052636423,0.592613398870152,0.608422250760697
3896380,"Pizza Restaurant Together",28,0.785714285714286,0.793206480188667,0.796917006571103,0.797827279505878
3897310,"みんなで Physical TRAIN ～チャムランド国営鉄道～",9,0.888888888888889,0.864284208259485,0.867520751979498,0.866609603342275
3897330,"College Baseball: Dynasty Builder",34,0.970588235294118,0.948964887039635,0.947973849890926,0.946300537809068
3897990,"Haunted ROM: The Lost Cartridge",14,0.857142857142857,0.848266758255084,0.851570924368255,0.851364454763571
3898040,"Nations",140,0.892857142857143,0.890154326354389,0.890316558176942,0.89010796046671
3898080,"Quadcubes",1,1,0.852153574587866,0.860194089670355,0.859021775111307
3898680,"WZRDS",14,0.857142857142857,0.848266758255084,0.851570924368255,0.851364454763571
3898700,"INFINITE MINEFIELD",3,1,0.884765810979371,0.887697048511342,0.885017735402677
3899180,"Project X",2,1,0.870481046513441,0.875445739968527,0.873339861248404
3899660,"Pompiers Simulator",4,1,0.896212616889674,0.89775408144717,0.894724022111121
3900070,"Flashmaster",2,1,0.870481046513441,0.875445739968527,0.873339861248404
3900250,"Little Lures",2,1,0.870481046513441,0.875445739968527,0.873339861248404
3900500,"Empty Space: The Creator",4,1,0.896212616889674,0.89775408144717,0.894724022111121
3900640,"Jixo 3: Hidden Horizons Collector's Edition",4,1,0.896212616889674,0.89775408144717,0.894724022111121
3901780,"Bone Souls",6,0.833333333333333,0.830543448233867,0.837335473971826,0.837708372017243
3902220,"黒歴史ファイターズ",12,1,0.942169460922484,0.94043076782283,0.937160828603458
3902230,"Waiting for Your Food Delivery Simulator 2025",1,1,0.852153574587866,0.860194089670355,0.859021775111307
3902710,"One Rotten Oath",10,1,0.934970756429782,0.933490639668888,0.930118511694919
3902830,"How I Flex with AI",298,0.993288590604027,0.98998634846178,0.989704836393673,0.989383170738708
3903490,"Prune",21,1,0.961398640580626,0.959464762837403,0.956766643148657
3903620,"Just Another Night",14,0.571428571428571,0.648933821746064,0.662594028896635,0.668265948677399
3903980,"Charge!",1,1,0.852153574587866,0.860194089670355,0.859021775111307
3904800,"Pirate Guy",11,0.818181818181818,0.821595310231126,0.827059622659653,0.827704115466398
3905080,"金牌健美教练",9,0.888888888888889,0.864284208259485,0.867520751979498,0.866609603342275
3905340,"No forgiveness",8,0.5,0.641370190399595,0.660982869335408,0.668871501670433
3906110,"FEED MY MECH",39,0.641025641025641,0.666167178080251,0.67201965685214,0.674527961566977
3906170,"The Puzzler",3,0.333333333333333,0.664183972084073,0.690974615417215,0.700620745641357
3906690,"Diamond Painting",4,0.75,0.796877462908124,0.808201377778077,0.810308510358622
3906770,"HorrorToleranceTest",140,0.757142857142857,0.760076970346647,0.761211184562013,0.761596002628801
3907270,"勇者モナナナは最初の洞窟が抜けられない",14,1,0.947933226509594,0.946059372104065,0.942913707806658
3908770,"Project Kouvola",4,1,0.896212616889674,0.89775408144717,0.894724022111121
3908780,"Mork Folio",1,1,0.852153574587866,0.860194089670355,0.859021775111307
3910440,"The Remainer",2,1,0.870481046513441,0.875445739968527,0.873339861248404
3911080,"36 Zodiac Cycles",20,1,0.959917784950884,0.95797266503423,0.955214064603747
3911950,"Dirtzone",5,0.4,0.634512874804584,0.659581378384836,0.669386402849425
3913290,"PRIVET. ETO NE BOL'NO.",6,0.666666666666667,0.747672325689462,0.761385772518708,0.765486202982612
3914000,"FuSha",16,0.9375,0.907335532582524,0.90755055297919,0.905766122391524
3914070,"Draft Day Sports: College Football 2026",6,1,0.913414570778272,0.913285175424945,0.909930541051875
3914200,"Even20: The Interference of Parallels",33,0.909090909090909,0.896464341565891,0.896885988195201,0.896021655806212
3914710,"Hockey Legacy Manager 26",92,0.91304347826087,0.907768905218029,0.907814331018231,0.907386361884895
3915140,"Onigiri Shop Simulator",430,0.969767441860465,0.967792053640419,0.967651371622863,0.967460908250723
3915220,"Love Too Easily 2: Summer Pocha",40,0.7,0.716828961775682,0.721376191215244,0.723131064552194
3915550,"Proper Bullet Hell",2,1,0.870481046513441,0.875445739968527,0.873339861248404
3915970,"Big Theft Valkeala 2: San Piritori",5,1,0.905590772082171,0.906157895613021,0.902919151609382
3916180,"Transport Legion",76,0.815789473684211,0.816676213500119,0.817934861114973,0.818153678491076
3917000,"Glitchfall",22,0.909090909090909,0.891515733191154,0.892282980309418,0.891204896576309
3917250,"Gunvolution",4,1,0.896212616889674,0.89775408144717,0.894724022111121
3917580,"The Almagest<U+00A0>Anomalies",2,0.5,0.746518144640867,0.76635414103533,0.771777466428911
3918230,"同桌！我喜欢你",44,0.977272727272727,0.959158264861679,0.958141838630023,0.956657998805858
3918500,"Bubble's Travel",3,0.666666666666667,0.774474891531722,0.789335831964278,0.792819240522017
3918570,"Yes",7,1,0.920040873360553,0.919406246911038,0.915997391632726
3918860,"I'm Tripping",5,1,0.905590772082171,0.906157895613021,0.902919151609382
3918960,"Pursuing My Uncle",119,0.890756302521008,0.887701566479442,0.88791217970147,0.887681928646824
3919230,"Inferis: Dead Below",70,0.871428571428571,0.867947604399019,0.868573462868547,0.86836709772627
3919280,"2 in 1 Experience Hidden Objects",1,0,0.710649405258107,0.737744240951264,0.745978427154954
3919530,"It Takes a War",872,0.916284403669725,0.915672919930499,0.915668157286702,0.915613524797692
3919680,"The Single-Eye Nightmare",1,1,0.852153574587866,0.860194089670355,0.859021775111307
3919720,"Landlord Quest",9,0.888888888888889,0.864284208259485,0.867520751979498,0.866609603342275
3919840,"Sepan and the Seven Flasks",3,1,0.884765810979371,0.887697048511342,0.885017735402677
3920370,"BattleBalls",1,0,0.710649405258107,0.737744240951264,0.745978427154954
3920630,"Galleria",7,0.857142857142857,0.84351180095378,0.848817722790863,0.848639924943097
3920870,"The Gazebo",3,0,0.553893052636423,0.592613398870152,0.608422250760697
3921270,"Blood & Money",3,1,0.884765810979371,0.887697048511342,0.885017735402677
3921530,"The Night Gym",44,0.545454545454545,0.579666249689221,0.586805913066041,0.590189228151672
3921950,"Burned One",22,1,0.962773973044716,0.960854545159303,0.95821518296064
3922100,"Forest Doesn’t Care",249,0.654618473895582,0.658737334470303,0.65982396922997,0.660313725809682
3922110,"Clara Wraiths",1,1,0.852153574587866,0.860194089670355,0.859021775111307
3922120,"Koshchei The Immortal",5,0.8,0.815231472989642,0.823965723203626,0.825074902022729
3922760,"Claws of the Forest",2,0,0.622555242768293,0.657262542102133,0.670215071609419
3923290,"Teapot Spinner",7,1,0.920040873360553,0.919406246911038,0.915997391632726
3923980,"Holo ADV: SakuraSingularity.exe",63,0.920634920634921,0.912478804055268,0.91246918901372,0.911821386686957
3924300,"Find Kitties: Zombie Hunter",20,0.95,0.921555000530419,0.921162770541996,0.919302475544183
3924530,"Train Maze Master",5,1,0.905590772082171,0.906157895613021,0.902919151609382
3924850,"Space Memory: Owls",1,1,0.852153574587866,0.860194089670355,0.859021775111307
3925410,"The Evelyn Game",15,0.533333333333333,0.61813038552312,0.632702490780424,0.639015263642594
3926040,"Deskcat",9,1,0.930654731507598,0.929376643866756,0.92597029800506
3926230,"The Kitchen Knife",3,0.333333333333333,0.664183972084073,0.690974615417215,0.700620745641357
3926240,"Little island",2,0.5,0.746518144640867,0.76635414103533,0.771777466428911
3926370,"Dig Dig Spud Spud Harvest",1,1,0.852153574587866,0.860194089670355,0.859021775111307
3926610,"White Eternal",1,1,0.852153574587866,0.860194089670355,0.859021775111307
3926660,"Kola Аbyss",2,1,0.870481046513441,0.875445739968527,0.873339861248404
3927520,"Cosmolon",3,1,0.884765810979371,0.887697048511342,0.885017735402677
3927680,"Steel Defence",9,0.666666666666667,0.731543161763258,0.743808968204983,0.747888214016706
3928150,"Find Me",8,0.5,0.641370190399595,0.660982869335408,0.668871501670433
3928200,"Horror in the forest",2,0,0.622555242768293,0.657262542102133,0.670215071609419
3928270,"The Barber Shop",1,1,0.852153574587866,0.860194089670355,0.859021775111307
3928890,"AntiVirus",2,0.5,0.746518144640867,0.76635414103533,0.771777466428911
3928970,"ParryMaster",71,0.746478873239437,0.752879472676755,0.755116148930586,0.755890261276983
3929030,"Why Did You Leave Me Like This?",2,1,0.870481046513441,0.875445739968527,0.873339861248404
3929410,"Scholar Adventure: Mystery of Silence",81,0.938271604938272,0.930572717951114,0.930339385236125,0.929686142658473
3929610,"數論冒險譚 - 魔王與秘林迷路",5,1,0.905590772082171,0.906157895613021,0.902919151609382
3929740,"Tom Clancy's Splinter Cell: Pandora Tomorrow",608,0.751644736842105,0.752396989720671,0.75268205716659,0.75278385188867
3931080,"Addition Subtraction Multiplication Division Magician",1,0,0.710649405258107,0.737744240951264,0.745978427154954
3931220,"Time and Space Legacy",2,1,0.870481046513441,0.875445739968527,0.873339861248404
3931290,"MangaCo",3,0.666666666666667,0.774474891531722,0.789335831964278,0.792819240522017
3931940,"Everslide",2,1,0.870481046513441,0.875445739968527,0.873339861248404
3931960,"Nightcrawler",3,1,0.884765810979371,0.887697048511342,0.885017735402677
3932880,"Step Away",1,1,0.852153574587866,0.860194089670355,0.859021775111307
3932980,"Whisper Village",7,0.428571428571429,0.613924583733458,0.637052150430338,0.646567524874212
3933400,"The Joy of Hand Washing",19,0.736842105263158,0.75885278419504,0.76528329544274,0.767299473628949
3933710,"My Car My Life",168,0.982142857142857,0.976762844689318,0.976355424161731,0.975847545341812
3933980,"3 SECONDS REMAINING",1,1,0.852153574587866,0.860194089670355,0.859021775111307
3934260,"牛马模拟器",2,0.5,0.746518144640867,0.76635414103533,0.771777466428911
3935420,"Hotdangle",11,1,0.938781004972937,0.937151717056822,0.933826507027305
3936410,"Harvest Loop",6,0.833333333333333,0.830543448233867,0.837335473971826,0.837708372017243
3936890,"Saving Princess Of Mars",11,1,0.938781004972937,0.937151717056822,0.933826507027305
3937150,"Cat's Rage",11,0.909090909090909,0.880188157602032,0.882105669858237,0.880765311246851
3937360,"Ocean Keeper Co-op Drill Multiplayer",137,0.766423357664234,0.76902544582448,0.77011500469936,0.770466020115107
3937540,"Links",1,1,0.852153574587866,0.860194089670355,0.859021775111307
3937580,"Manipulation",2,1,0.870481046513441,0.875445739968527,0.873339861248404
3937900,"ReuniunO",1,1,0.852153574587866,0.860194089670355,0.859021775111307
3938040,"Digging Together",23,0.434782608695652,0.516811012383651,0.531212132464812,0.538123557795633
3938610,"Locally Sourced Anthology II: The Timeline",1,1,0.852153574587866,0.860194089670355,0.859021775111307
3938690,"SQUISH Units",1,1,0.852153574587866,0.860194089670355,0.859021775111307
3939000,"Free Fall",2,1,0.870481046513441,0.875445739968527,0.873339861248404
3939010,"B-Line",14,0.857142857142857,0.848266758255084,0.851570924368255,0.851364454763571
3939080,"Ironwood Conquest",1,1,0.852153574587866,0.860194089670355,0.859021775111307
3939090,"H.Z.T.",5,0.4,0.634512874804584,0.659581378384836,0.669386402849425
3939630,"Bao Boi",6,1,0.913414570778272,0.913285175424945,0.909930541051875
3940250,"Halloween 2048",1,1,0.852153574587866,0.860194089670355,0.859021775111307
3940500,"Manekin: The Lost Island",4,1,0.896212616889674,0.89775408144717,0.894724022111121
3940820,"Dentist Simulator 2",2,1,0.870481046513441,0.875445739968527,0.873339861248404
3940900,"Swipepi",3,1,0.884765810979371,0.887697048511342,0.885017735402677
3940990,"SingFever - Your Sing Game",4,0.25,0.598207154945024,0.629095970439892,0.641477486853624
3942530,"1Second",1,1,0.852153574587866,0.860194089670355,0.859021775111307
3942650,"Verbal Beatdown",4,0.75,0.796877462908124,0.808201377778077,0.810308510358622
3942700,"KatanaHime",45,0.955555555555556,0.940375889012162,0.939774882017613,0.9385553036315
3942780,"The Cute the Baldy and the Fluffy",2,1,0.870481046513441,0.875445739968527,0.873339861248404
3943440,"WAGAMAMA HIGH SPEC OC",37,0.918918918918919,0.906080597885311,0.906224627935697,0.905295879937749
3943720,"Shelf by Shelf: Bookstore Simulator",37,0.621621621621622,0.650664200497613,0.657167697292947,0.660012916841171
3943880,"GORE",132,0.71969696969697,0.72444653913351,0.725927501433329,0.726505787516013
3944010,"Mindscorn",14,0.928571428571429,0.898099992382339,0.89881514823616,0.897139081285115
3944070,"Blunderworld",26,0.884615384615385,0.873863187712996,0.875123193899948,0.874517050190335
3944410,"Bank King Simulator",12,0.416666666666667,0.554721224695518,0.575212271992036,0.584447831532193
3944530,"Knockless",1,0,0.710649405258107,0.737744240951264,0.745978427154954
3944850,"Statecraft",3,0.333333333333333,0.664183972084073,0.690974615417215,0.700620745641357
3946470,"Outwall",1,0,0.710649405258107,0.737744240951264,0.745978427154954
3946860,"Begin the Slaughter",1,1,0.852153574587866,0.860194089670355,0.859021775111307
3947220,"Deckaroo",1,1,0.852153574587866,0.860194089670355,0.859021775111307
3947310,"Fungal Colony Sim 2",13,0.615384615384615,0.682968343088707,0.695450025594775,0.700322971125108
3947690,"Six Mysteries and One Lie",9,0.888888888888889,0.864284208259485,0.867520751979498,0.866609603342275
3947730,"Journey To Dawn",1,0,0.710649405258107,0.737744240951264,0.745978427154954
3948200,"PLATFORM 0",19,0.421052631578947,0.519493592606277,0.535983424430282,0.543803856513091
3948350,"Wolftown",3,1,0.884765810979371,0.887697048511342,0.885017735402677
3948550,"Late Ming: Reborn in Flames",514,0.558365758754864,0.561508707233001,0.562247971464723,0.562616088359275
3948620,"Luminaria",3,0,0.553893052636423,0.592613398870152,0.608422250760697
3948650,"Breathbound",4,0.5,0.697542308926574,0.718648674108985,0.725892998606123
3948840,"Fatebreaker",2,1,0.870481046513441,0.875445739968527,0.873339861248404
3948890,"Employee 925",18,1,0.956586889340369,0.954632736681953,0.951748487636765
3948980,"Age of Damnation",6,0.333333333333333,0.581930080600651,0.609486369612471,0.62104186491335
3949080,"These Are Them",1,1,0.852153574587866,0.860194089670355,0.859021775111307
3952050,"Turtle Game",18,1,0.956586889340369,0.954632736681953,0.951748487636765
3952230,"3000m to Whatever’s Up There",5,1,0.905590772082171,0.906157895613021,0.902919151609382
3952640,"Virtual Fighter Maneuvers",137,0.948905109489051,0.94376883392476,0.943525479047336,0.943062927773399
3952680,"Backrooms Maze 2D",2,1,0.870481046513441,0.875445739968527,0.873339861248404
3952930,"仙旅异闻录",148,0.797297297297297,0.798497832327505,0.7993012773531,0.799500252728514
3953060,"Galaxy Defense War",111,0.972972972972973,0.965448651539679,0.964949995525033,0.964263747693806
3953080,"Melon Bounce",6,1,0.913414570778272,0.913285175424945,0.909930541051875
3953840,"Baduk Challenge (Go Challenge)",4,0.5,0.697542308926574,0.718648674108985,0.725892998606123
3954070,"Session Notes: Route 404",64,0.71875,0.728191025478916,0.731029193140898,0.732106553492157
3955050,"Shadow President",12,1,0.942169460922484,0.94043076782283,0.937160828603458
3955170,"Exclusive Cars",3,1,0.884765810979371,0.887697048511342,0.885017735402677
3955280,"Escape The Buildings",2,1,0.870481046513441,0.875445739968527,0.873339861248404
3956340,"Max Manos 2",143,0.713286713286713,0.717946694176649,0.719366771825806,0.719932443944658
3957480,"Western Gun Shop Simulator",21,0.761904761904762,0.776671370901582,0.781949604620951,0.783433371087452
3958510,"The evil mouse",6,1,0.913414570778272,0.913285175424945,0.909930541051875
3959110,"DOOM Dawn",14,0.857142857142857,0.848266758255084,0.851570924368255,0.851364454763571
3960120,"ZeroZeta",2,1,0.870481046513441,0.875445739968527,0.873339861248404
3960240,"Cat Merge",5,1,0.905590772082171,0.906157895613021,0.902919151609382
3960750,"Demon with a Pickaxe",13,0.846153846153846,0.840308830833979,0.844210783760007,0.844234339845099
3961220,"VADE RETRO SATANA",2,0.5,0.746518144640867,0.76635414103533,0.771777466428911
3961740,"PaJinko",2,1,0.870481046513441,0.875445739968527,0.873339861248404
3962200,"The Soul Collector 2 - Idle Game",4,0,0.498872000963473,0.539543266770799,0.557061975101125
3962470,"Coaster Crash Course",29,0.931034482758621,0.913171175419672,0.913131469147984,0.911873689210342
3962740,"Pediluvium",8,0.875,0.854636346516529,0.858785823121557,0.85819176819333
3963200,"Whodunnit: the Midnight Murder Mystery Files",1,0,0.710649405258107,0.737744240951264,0.745978427154954
3963830,"The Drowned Deal",1,0,0.710649405258107,0.737744240951264,0.745978427154954
3964050,"Midnight's Curse",31,0.741935483870968,0.755986795251721,0.760478059883326,0.761955479217629
3964640,"Nomad Nightmare - Episode 1: Awakening",10,0.7,0.748251820184381,0.758732768022143,0.762015159469791
3965520,"Sacred World",9,0.666666666666667,0.731543161763258,0.743808968204983,0.747888214016706
3965930,"Puzzle Parasite",29,0.931034482758621,0.913171175419672,0.913131469147984,0.911873689210342
3966010,"Soul Demon Hunters",17,0.882352941176471,0.868000625462952,0.869996646918007,0.869311154098579
3966170,"Type Drivers",3,0.666666666666667,0.774474891531722,0.789335831964278,0.792819240522017
3966360,"After School Grounds (<U+BC29><U+ACFC><U+D6C4><U+C6B4><U+B3D9><U+C7A5>)",160,0.99375,0.987686770133698,0.987187990589705,0.98661204730726
3966870,"Liminal Explorer",8,0.875,0.854636346516529,0.858785823121557,0.85819176819333
3967160,"Chair Debiti",22,1,0.962773973044716,0.960854545159303,0.95821518296064
3967240,"Pursuit",14,0.571428571428571,0.648933821746064,0.662594028896635,0.668265948677399
3967430,"Defend the Town",2,1,0.870481046513441,0.875445739968527,0.873339861248404
3967950,"Spookie Dookie",24,0.958333333333333,0.931991051110119,0.931280936456554,0.929438393244874
3968450,"Darko",2,1,0.870481046513441,0.875445739968527,0.873339861248404
3968810,"Old Ninja : UnderWorld",2,0,0.622555242768293,0.657262542102133,0.670215071609419
3969950,"For What",1,1,0.852153574587866,0.860194089670355,0.859021775111307
3971630,"Triple Swap Tower",5,1,0.905590772082171,0.906157895613021,0.902919151609382
3973790,"The Last Detour",4,1,0.896212616889674,0.89775408144717,0.894724022111121
3973880,"The Mysterious Mansion",2,0,0.622555242768293,0.657262542102133,0.670215071609419
3975330,"Exit Casino",4,0,0.498872000963473,0.539543266770799,0.557061975101125
3975930,"Road to Karatl",12,0.666666666666667,0.720770468792789,0.731734484490948,0.735610544562735
3976540,"Defense X",1,0,0.710649405258107,0.737744240951264,0.745978427154954
3977490,"Crush Point",1,1,0.852153574587866,0.860194089670355,0.859021775111307
3977750,"Truck Parking World",6,0.5,0.664801203145056,0.685436071065589,0.693264033947981
3977940,"Astranded",2,0.5,0.746518144640867,0.76635414103533,0.771777466428911
3978700,"Soul Redemption",4,1,0.896212616889674,0.89775408144717,0.894724022111121
3978710,"Your Friend Wiggles",25,0.96,0.934180161840024,0.933417284250689,0.931586638216877
3979100,"Packonomy",7,0.857142857142857,0.84351180095378,0.848817722790863,0.848639924943097
3979220,"YUNHANZHI",1,1,0.852153574587866,0.860194089670355,0.859021775111307
3979310,"FIND KITTENS 6: After us",6,1,0.913414570778272,0.913285175424945,0.909930541051875
3979880,"Secret File",1,1,0.852153574587866,0.860194089670355,0.859021775111307
3980000,"欺心恋曲/亵渎神明的少女 Deceptiive Love Ballad The Blasphemer 偽りの恋の旋律/神を冒涜する少女",7,1,0.920040873360553,0.919406246911038,0.915997391632726
3981060,"The Vanishing Train | ワンマン列車",42,0.666666666666667,0.687002677133338,0.692032040366832,0.694116552465473
3981100,"Leaf it Alone",6170,0.956077795786062,0.955951769406166,0.95594392099115,0.955931709972251
3981230,"咸鱼侠大战b宫怪",38,1,0.976290150299511,0.974721587548865,0.972797800428955
3981780,"The Beautiful World",4,1,0.896212616889674,0.89775408144717,0.894724022111121
3982040,"The Faith of Sin",10,0.6,0.686012174769247,0.700480144139895,0.705980708728081
3982060,"Ark of Isolation",5,1,0.905590772082171,0.906157895613021,0.902919151609382
3982130,"Hijong Park's Defender Patrol",72,0.986111111111111,0.973806831034553,0.972946420228108,0.971856925992659
3982420,"Going To High School With Lira",1,1,0.852153574587866,0.860194089670355,0.859021775111307
3983420,"JAGAR - Just a game about a rectangle",2,0.5,0.746518144640867,0.76635414103533,0.771777466428911
3983700,"Nightmare Train",1,1,0.852153574587866,0.860194089670355,0.859021775111307
3984440,"Beguile",10,1,0.934970756429782,0.933490639668888,0.930118511694919
3984670,"My Local Bee Cult",6,1,0.913414570778272,0.913285175424945,0.909930541051875
3984970,"Platoon",3,0.333333333333333,0.664183972084073,0.690974615417215,0.700620745641357
3985480,"Nadia's Revenge",1,0,0.710649405258107,0.737744240951264,0.745978427154954
3985730,"<U+0110><U+1ED3>ng C<U+1ECF> Lau - The Reed Field",10,0.3,0.499293238523846,0.525722272493151,0.537877356502953
3985770,"Arrow Spire: Tower Defense",53,0.660377358490566,0.677572197973124,0.681854427613601,0.683675761544447
3986020,"Jupiter's Orbit",1,1,0.852153574587866,0.860194089670355,0.859021775111307
3986350,"Frogshot Adventure",1,1,0.852153574587866,0.860194089670355,0.859021775111307
3987810,"Pleasure Cruise",230,0.8,0.800714058675153,0.801229437727574,0.801354305233569
3988370,"Rise & Pop!",32,0.96875,0.946283551112478,0.945317191485493,0.943605198697735
3988390,"New Yankee: Pirate Trap",11,0.818181818181818,0.821595310231126,0.827059622659653,0.827704115466398
3988540,"The Last Zone",2,1,0.870481046513441,0.875445739968527,0.873339861248404
3988830,"Crystal of Death",3,1,0.884765810979371,0.887697048511342,0.885017735402677
3989410,"Shablon: Color Patterns",6,1,0.913414570778272,0.913285175424945,0.909930541051875
3990040,"Ants March TD",3,1,0.884765810979371,0.887697048511342,0.885017735402677
3990400,"Big BEAUTIFUL Van Derby Racing",1,1,0.852153574587866,0.860194089670355,0.859021775111307
3990520,"LEARNMOOR: Kids Academy",2,1,0.870481046513441,0.875445739968527,0.873339861248404
3991720,"Sisters Connect",73,0.876712328767123,0.87295800747025,0.873491715215535,0.873251667223108
3992910,"Undead World Order",2,1,0.870481046513441,0.875445739968527,0.873339861248404
3993060,"Gamblers Chess",2,1,0.870481046513441,0.875445739968527,0.873339861248404
3993620,"SCULPTURE",16,0.5,0.590118768262626,0.605391523562772,0.612217860819717
3994200,"Enchanted Broom",1,1,0.852153574587866,0.860194089670355,0.859021775111307
3994250,"S K Y R I S E",1,1,0.852153574587866,0.860194089670355,0.859021775111307
3994690,"Alpine Skater",1,0,0.710649405258107,0.737744240951264,0.745978427154954
3995320,"Weird Store",2,1,0.870481046513441,0.875445739968527,0.873339861248404
3995560,"Real Puzzles - Paris",3,1,0.884765810979371,0.887697048511342,0.885017735402677
3996120,"Second Death",1,1,0.852153574587866,0.860194089670355,0.859021775111307
3997110,"雷霆之眼",2,0.5,0.746518144640867,0.76635414103533,0.771777466428911
3997950,"Hooked",1,1,0.852153574587866,0.860194089670355,0.859021775111307
3998090,"Dungeon & Rogue",1,1,0.852153574587866,0.860194089670355,0.859021775111307
3998630,"Puzzle Pleasant",3,1,0.884765810979371,0.887697048511342,0.885017735402677
3998890,"We Used to Play Here",83,0.734939759036145,0.741264009148442,0.74334467607099,0.744104588798658
3998910,"Creepy Fishing",32,0.65625,0.683588342693998,0.689997664683716,0.692640011956287
3999150,"HyperDissonance",9,0.888888888888889,0.864284208259485,0.867520751979498,0.866609603342275
3999290,"Remember Me",2,0.5,0.746518144640867,0.76635414103533,0.771777466428911
3999430,"Sanity Break",2,0.5,0.746518144640867,0.76635414103533,0.771777466428911
4000060,"Eight Strange Corridors",4,1,0.896212616889674,0.89775408144717,0.894724022111121
4000360,"Red Chair",14,0.214285714285714,0.399767651109789,0.42637290955711,0.439392816069683
4000480,"Boffins History Quiz Reel",2,1,0.870481046513441,0.875445739968527,0.873339861248404
4000510,"Your Teacher",4,0.75,0.796877462908124,0.808201377778077,0.810308510358622
4001120,"The Glitch prison Together",3,1,0.884765810979371,0.887697048511342,0.885017735402677
4001620,"Pondemonium",10,1,0.934970756429782,0.933490639668888,0.930118511694919
4001950,"Office Chug",1,1,0.852153574587866,0.860194089670355,0.859021775111307
4002520,"アルタイル号の殺人",24,0.875,0.865472785763285,0.867109694112557,0.866636480986462
4002530,"Trialspire",2,0.5,0.746518144640867,0.76635414103533,0.771777466428911
4003220,"I woke up in the house of a fat man: he's over 30 years old and loves beer and games",98,0.806122448979592,0.807385301383271,0.808477800962392,0.80871185378407
4003500,"Tom Dahl",44,0.886363636363636,0.879265209035898,0.879965854300763,0.879506678668135
4003520,"Blimblau: Kill Them All!",14,0.928571428571429,0.898099992382339,0.89881514823616,0.897139081285115
4003700,"He is Outside",7,0.857142857142857,0.84351180095378,0.848817722790863,0.848639924943097
4004380,"Fridge",12,1,0.942169460922484,0.94043076782283,0.937160828603458
4004650,"Pharma R&D Manager",3,0.666666666666667,0.774474891531722,0.789335831964278,0.792819240522017
4005240,"Spirit-Capture Net",1,1,0.852153574587866,0.860194089670355,0.859021775111307
4005510,"My Liminal Nightmare",2,1,0.870481046513441,0.875445739968527,0.873339861248404
4006240,"Banner Tactics",3,0.666666666666667,0.774474891531722,0.789335831964278,0.792819240522017
4007780,"Autumn Rail",2,0.5,0.746518144640867,0.76635414103533,0.771777466428911
4010330,"Sabbatical In Merzouga",1,0,0.710649405258107,0.737744240951264,0.745978427154954
4010780,"OLYEN",8,0.875,0.854636346516529,0.858785823121557,0.85819176819333
4011240,"Assassin Of Goblin",12,0.666666666666667,0.720770468792789,0.731734484490948,0.735610544562735
4013030,"Be King",2,0.5,0.746518144640867,0.76635414103533,0.771777466428911
4014630,"Flute of Gobelin",11,0.909090909090909,0.880188157602032,0.882105669858237,0.880765311246851
4015300,"LIMINAL WATERS - ENHANCED EDITION",111,0.891891891891892,0.888569553127761,0.888786347444348,0.888535598851424
4015530,"MyVoiceZoo",3334,0.919616076784643,0.919449272739302,0.919446776625008,0.919431624531118
4016120,"Luna Anomaly",6,1,0.913414570778272,0.913285175424945,0.909930541051875
4016750,"Pachingo",3,1,0.884765810979371,0.887697048511342,0.885017735402677
4017180,"101 Dogs Hidden in Berlin",23,0.91304347826087,0.895247956318073,0.895853717105118,0.894731918713381
4017210,"Hidden Pets: 101 Cats in Vietnam",23,0.956521739130435,0.929651314857566,0.929002952072419,0.927150860614995
4017450,"Villainy",87,0.942528735632184,0.935048676212238,0.934777940413469,0.934134220746877
4018050,"K-Pattern Master",6,1,0.913414570778272,0.913285175424945,0.909930541051875
4018910,"Twins of the Sun",3,0.666666666666667,0.774474891531722,0.789335831964278,0.792819240522017
4018920,"All My Heart, Banjo",1,1,0.852153574587866,0.860194089670355,0.859021775111307
4019450,"OROBOROS",28,1,0.969330365548594,0.967533401543789,0.965209206140774
4020720,"Yapori Dimens<U+00F5>es",1,1,0.852153574587866,0.860194089670355,0.859021775111307
4021380,"Absum",71,0.929577464788732,0.921564018314732,0.921427572900729,0.920768288734328
4021770,"Heavy Spoilers RPG 2: Your best friend is actually the great demon king",121,0.933884297520661,0.928818455699083,0.928672996372369,0.928231340276648
4021980,"Gnomes Garden: Mask of The Rat King",3,0.333333333333333,0.664183972084073,0.690974615417215,0.700620745641357
4022550,"Sammy The Sharky",10,1,0.934970756429782,0.933490639668888,0.930118511694919
4022650,"Wanech's Z.O.O.",1,0,0.710649405258107,0.737744240951264,0.745978427154954
4022710,"Shadows Of Thornkeep",6,0.833333333333333,0.830543448233867,0.837335473971826,0.837708372017243
4022780,"GreySpire",1,1,0.852153574587866,0.860194089670355,0.859021775111307
4022880,"<U+AD70><U+B300><U+D0C8><U+CD9C>",4,0.5,0.697542308926574,0.718648674108985,0.725892998606123
4023200,"Penelope Syndrome",4,1,0.896212616889674,0.89775408144717,0.894724022111121
4023900,"Nightmare Visions Chapter 2",4,0.25,0.598207154945024,0.629095970439892,0.641477486853624
4024130,"Charm&Clue",1,0,0.710649405258107,0.737744240951264,0.745978427154954
4025330,"林葬屋前传：冥声",133,0.834586466165414,0.834289716853376,0.834898337213026,0.834946754412443
4025420,"P.I.S.",21,0.904761904761905,0.887507732709008,0.888458699550822,0.887433334324175
4025760,"Chimera Circuit",3,0.666666666666667,0.774474891531722,0.789335831964278,0.792819240522017
4027120,"Farmer Fowl's Farmhouse",7,1,0.920040873360553,0.919406246911038,0.915997391632726
4027680,"CoThrust",14,1,0.947933226509594,0.946059372104065,0.942913707806658
4028620,"Alibi for love",3,0.666666666666667,0.774474891531722,0.789335831964278,0.792819240522017
4028870,"The Adventures of Emilie in Paris",22,1,0.962773973044716,0.960854545159303,0.95821518296064
4029000,"YKick",1,1,0.852153574587866,0.860194089670355,0.859021775111307
4029480,"Axol's Quest",12,0.916666666666667,0.88681971289006,0.888256696989859,0.886773257593277
4030060,"Why Is Driving So Hard?",8,0.875,0.854636346516529,0.858785823121557,0.85819176819333
4030450,"Halloween Trouble 7: The Apprentice",2,1,0.870481046513441,0.875445739968527,0.873339861248404
4031390,"Funimal: Fusion Animal",2,0.5,0.746518144640867,0.76635414103533,0.771777466428911
4032270,"Terra Request",3,0.666666666666667,0.774474891531722,0.789335831964278,0.792819240522017
4032670,"Arnaud Thion’s Dragons",1,1,0.852153574587866,0.860194089670355,0.859021775111307
4032820,"靴下物語ー大門ジゲンの靴下店ー",1,1,0.852153574587866,0.860194089670355,0.859021775111307
4033140,"歐特在庫比城 Alter in Cube City",1,1,0.852153574587866,0.860194089670355,0.859021775111307
4033260,"Unlimited Top - up",7,0.428571428571429,0.613924583733458,0.637052150430338,0.646567524874212
4033410,"The Rite Holds",3,0.666666666666667,0.774474891531722,0.789335831964278,0.792819240522017
4033430,"My Peephole: Hotel Harborview",45,0.933333333333333,0.92079374439891,0.920605531643902,0.919632454298766
4033820,"Spot The Word",3,1,0.884765810979371,0.887697048511342,0.885017735402677
4034000,"Box of Broken Nails",178,0.971910112359551,0.967159661483504,0.966831275860977,0.966385550457643
4034390,"Meta Lines 2",2,1,0.870481046513441,0.875445739968527,0.873339861248404
4035130,"Landomayzer",18,0.277777777777778,0.41642658528001,0.438075255521525,0.448772495596489
4035270,"Space Rock Breaker",4621,0.962562215970569,0.962385497567701,0.962373493677524,0.96235625243772
4035390,"Alexia Zero",1,1,0.852153574587866,0.860194089670355,0.859021775111307
4036810,"Monster Market Simulator Modavuj Multiplayer",2,1,0.870481046513441,0.875445739968527,0.873339861248404
4037070,"Jumping Eras",2,1,0.870481046513441,0.875445739968527,0.873339861248404
4037590,"Rocks In Space",3,0.333333333333333,0.664183972084073,0.690974615417215,0.700620745641357
4037960,"hilda",5,1,0.905590772082171,0.906157895613021,0.902919151609382
4038000,"Don’t Make Her Open Her Eyes!",5,0.4,0.634512874804584,0.659581378384836,0.669386402849425
4038570,"Shopping Cart Pusher",2,1,0.870481046513441,0.875445739968527,0.873339861248404
4038680,"ARTDINK GAME LOG: Tail of the Sun",14,1,0.947933226509594,0.946059372104065,0.942913707806658
4038910,"A Home Is Safe",5,0.8,0.815231472989642,0.823965723203626,0.825074902022729
4039840,"Workhorse Desktop",16,0.9375,0.907335532582524,0.90755055297919,0.905766122391524
4040220,"Mad Stacks",1,1,0.852153574587866,0.860194089670355,0.859021775111307
4041280,"For Humanity",8,0.625,0.712458909105239,0.726917187264125,0.731978257178065
4041800,"Mystic Archipelago",1,0,0.710649405258107,0.737744240951264,0.745978427154954
4041870,"BANE-FALL",4,0.75,0.796877462908124,0.808201377778077,0.810308510358622
4042100,"Boomerang Survivor Collection",1,1,0.852153574587866,0.860194089670355,0.859021775111307
4042190,"Lola Maria",15,0.733333333333333,0.760533671608883,0.768041190554042,0.770328336346792
4042220,"Assassin of Monsters",14,0.785714285714286,0.798433524127829,0.80432670050035,0.805589828242028
4043270,"EmberStride",12,0.916666666666667,0.88681971289006,0.888256696989859,0.886773257593277
4043620,"Romb",4,1,0.896212616889674,0.89775408144717,0.894724022111121
4043890,"Monroe Murders",2,1,0.870481046513441,0.875445739968527,0.873339861248404
4045150,"FEEDING YUYUKO",48,0.958333333333333,0.943684239132122,0.943049967403521,0.941856051180845
4045300,"The Trolling Adventure",3,0.666666666666667,0.774474891531722,0.789335831964278,0.792819240522017
4045890,"Caveman Caravan",16,0.9375,0.907335532582524,0.90755055297919,0.905766122391524
4045970,"Farm Simulator",4,1,0.896212616889674,0.89775408144717,0.894724022111121
4047260,"Gamma Burst",1,1,0.852153574587866,0.860194089670355,0.859021775111307
4047290,"机械傀儡(DollMachine)",2,1,0.870481046513441,0.875445739968527,0.873339861248404
4048080,"Normis Simulator",64,0.90625,0.899455844300667,0.899647597460217,0.899130084390841
4048550,"Zombie Diner Simulator <U+0001F969> <U+0001F480>",67,0.716417910447761,0.72566494319386,0.728425763069006,0.729483577913028
4048960,"Mysteerie",2,1,0.870481046513441,0.875445739968527,0.873339861248404
4049780,"RFX Enduro: 8th Day",1,1,0.852153574587866,0.860194089670355,0.859021775111307
4050410,"Laser Hell",1,1,0.852153574587866,0.860194089670355,0.859021775111307
4050690,"GRIBOUILLE",1,1,0.852153574587866,0.860194089670355,0.859021775111307
4050900,"DVK",2,1,0.870481046513441,0.875445739968527,0.873339861248404
4050920,"Moonlight Chess",35,0.771428571428571,0.779754163033136,0.783199539982845,0.784178660788149
4051060,"Shattered Delirium",1,1,0.852153574587866,0.860194089670355,0.859021775111307
4051880,"Penalty Shooters 2",1,1,0.852153574587866,0.860194089670355,0.859021775111307
4052020,"Trigwa",3,1,0.884765810979371,0.887697048511342,0.885017735402677
4052630,"Boss Battle Arena",4,1,0.896212616889674,0.89775408144717,0.894724022111121
4052780,"The Invasive Plant",4,0.75,0.796877462908124,0.808201377778077,0.810308510358622
4053140,"Catgirl Gemfall",3,0.333333333333333,0.664183972084073,0.690974615417215,0.700620745641357
4053490,"SQUARE PILL ESCAPE !!",1,1,0.852153574587866,0.860194089670355,0.859021775111307
4055130,"Have You Seen This Man?",4,0.25,0.598207154945024,0.629095970439892,0.641477486853624
4055950,"Curved World",2,1,0.870481046513441,0.875445739968527,0.873339861248404
4056480,"<U+200B>Survivor: Gunfire",16,1,0.952652213199652,0.950716128610107,0.947701588330354
4056580,"Arthur's Kindergarten",1,1,0.852153574587866,0.860194089670355,0.859021775111307
4056630,"Harry and the Haunted House",1,1,0.852153574587866,0.860194089670355,0.859021775111307
4056910,"Parnitha: Patient 66",22,0.818181818181818,0.820257493337593,0.823711415459532,0.824194610191977
4056960,"Drone Feeder",1,1,0.852153574587866,0.860194089670355,0.859021775111307
4059360,"The Salesman",713,0.819074333800841,0.819147822090798,0.819289399714758,0.819313574794741
4059600,"Coffee Fox: Kim Sam-wol",1,1,0.852153574587866,0.860194089670355,0.859021775111307
4062210,"Do It Together",2,0.5,0.746518144640867,0.76635414103533,0.771777466428911
4062770,"SUBJECT 33",4,0.5,0.697542308926574,0.718648674108985,0.725892998606123
4062800,"PORTERS",1,1,0.852153574587866,0.860194089670355,0.859021775111307
4065010,"Forget Her",5,0,0.453794276619526,0.495197033566045,0.51369790367612
4067310,"Memory Matrix Pro",1,1,0.852153574587866,0.860194089670355,0.859021775111307
4067390,"LuminousStoria",6,0.333333333333333,0.581930080600651,0.609486369612471,0.62104186491335
4067490,"SpinGrid: Core Block Puzzle",2,1,0.870481046513441,0.875445739968527,0.873339861248404
4068510,"Detective Modo",1,1,0.852153574587866,0.860194089670355,0.859021775111307
4068630,"Pumpkin Patch Simulator",1,0,0.710649405258107,0.737744240951264,0.745978427154954
4068860,"Lost my Collection of Fish 2",1,1,0.852153574587866,0.860194089670355,0.859021775111307
4069860,"There's No Differences: Santa",18,1,0.956586889340369,0.954632736681953,0.951748487636765
4072280,"Avatars",4,1,0.896212616889674,0.89775408144717,0.894724022111121
4072790,"Lily's Lil Barn Yard!",29,1,0.970204968338696,0.968431096949087,0.96615342366688
4073470,"Critterking",2,1,0.870481046513441,0.875445739968527,0.873339861248404
4073530,"Incursion",2,1,0.870481046513441,0.875445739968527,0.873339861248404
4076360,"ThroneBreaker : Iron Crown",2,0.5,0.746518144640867,0.76635414103533,0.771777466428911
4076470,"La Fille aux Pommes / The Apple Girl",18,1,0.956586889340369,0.954632736681953,0.951748487636765
4076810,"The Keyless: Beyond the Door",1,1,0.852153574587866,0.860194089670355,0.859021775111307
4078030,"EVERY MORNING MY ALARM CLOCK KILLS ME",41,0.731707317073171,0.744091650242109,0.74792204618126,0.749271682970498
4078150,"Nekotype Keyboard Cat Simulator",42,1,0.978263219926168,0.976778138783041,0.974980692540576
4079330,"Chamberlore",2,0.5,0.746518144640867,0.76635414103533,0.771777466428911
4080150,"Y.E.L.L.",1,1,0.852153574587866,0.860194089670355,0.859021775111307
4080230,"GLOBAL CONTROL COUNTRIES",1,0,0.710649405258107,0.737744240951264,0.745978427154954
4083540,"Cozy Cat",1,1,0.852153574587866,0.860194089670355,0.859021775111307
4084730,"Ass Kicker",1,1,0.852153574587866,0.860194089670355,0.859021775111307
4085510,"Captain Sharkbait: Voyage for Treasure",5,0.8,0.815231472989642,0.823965723203626,0.825074902022729
4086240,"WRITHING",3,1,0.884765810979371,0.887697048511342,0.885017735402677
4086260,"Guess The Password",2,0,0.622555242768293,0.657262542102133,0.670215071609419
4086350,"Easy Running",9,0.777777777777778,0.797913685011371,0.805664860092241,0.807248908679491
4089540,"to the",4,0.75,0.796877462908124,0.808201377778077,0.810308510358622
4091700,"Max’s Adventures: Christmas Edition",2,1,0.870481046513441,0.875445739968527,0.873339861248404
4092400,"Humerous (REBOOT)",7,1,0.920040873360553,0.919406246911038,0.915997391632726
4093400,"Sisterly Bliss ~Don't Let Mom Find Out~",68,0.941176470588235,0.931888356845778,0.931595421788806,0.930818960061227
4093550,"熵减协议-The Entropy Directive",10,1,0.934970756429782,0.933490639668888,0.930118511694919
4094260,"After... Prologue",2,0,0.622555242768293,0.657262542102133,0.670215071609419
4094490,"Pixelpolis Neon",9,0.777777777777778,0.797913685011371,0.805664860092241,0.807248908679491
4096000,"Crossroads: Fatal Truths Collector's Edition",5,0.2,0.544153575712055,0.577389205975441,0.591542153262772
4097370,"Out of Place: Origin",7,0.857142857142857,0.84351180095378,0.848817722790863,0.848639924943097
4097410,"Aero",2,0.5,0.746518144640867,0.76635414103533,0.771777466428911
4097500,"AI UPRISING",6,0.833333333333333,0.830543448233867,0.837335473971826,0.837708372017243
4097890,"Sweetie Candy Maze: Pink Raspberry",1,1,0.852153574587866,0.860194089670355,0.859021775111307
4101050,"Retail Therapy",7,1,0.920040873360553,0.919406246911038,0.915997391632726
4101990,"Harsh Reality of Being a Hamster",2,1,0.870481046513441,0.875445739968527,0.873339861248404
4103080,"SCHOLA SPIRITUS",1,1,0.852153574587866,0.860194089670355,0.859021775111307
4103510,"The Unseen Fears: Inner Darkness Collector's Edition",2,1,0.870481046513441,0.875445739968527,0.873339861248404
4103720,"...Vincent: Mansion of The Dead",5,1,0.905590772082171,0.906157895613021,0.902919151609382
4104030,"Highway 11",3,0.333333333333333,0.664183972084073,0.690974615417215,0.700620745641357
4104220,"Anders III: Coast Of Pain",2,0.5,0.746518144640867,0.76635414103533,0.771777466428911
4104260,"Tidy Up",2,0.5,0.746518144640867,0.76635414103533,0.771777466428911
4104830,"Calvin's Gallery",2,1,0.870481046513441,0.875445739968527,0.873339861248404
4105120,"[omni-dissonance]",20,0.95,0.921555000530419,0.921162770541996,0.919302475544183
4105170,"Disturbulence",1,1,0.852153574587866,0.860194089670355,0.859021775111307
4105390,"ZUMANU Trip",2,1,0.870481046513441,0.875445739968527,0.873339861248404
4105570,"FUSHA2  Nocturnal Fishing",6,0.833333333333333,0.830543448233867,0.837335473971826,0.837708372017243
4108010,"The Girl In White",2,0.5,0.746518144640867,0.76635414103533,0.771777466428911
4108710,"Knight and Code",3,0.666666666666667,0.774474891531722,0.789335831964278,0.792819240522017
4109200,"WorkParadise",1,1,0.852153574587866,0.860194089670355,0.859021775111307
4109440,"It's Not You, It's M.E",10,1,0.934970756429782,0.933490639668888,0.930118511694919
4109760,"Level Denied",3,1,0.884765810979371,0.887697048511342,0.885017735402677
4111100,"Northbound",1,0,0.710649405258107,0.737744240951264,0.745978427154954
4111190,"Showdown next week!",24,1,0.965250183783536,0.963366557628552,0.960839349374079
4111920,"Spirit Magician",3,0.666666666666667,0.774474891531722,0.789335831964278,0.792819240522017
4112630,"H4CT0PL45M",3,1,0.884765810979371,0.887697048511342,0.885017735402677
4113200,"Aeons of Rebirth",42,0.666666666666667,0.687002677133338,0.692032040366832,0.694116552465473
4113410,"Sad Virus Deathland",14,0.928571428571429,0.898099992382339,0.89881514823616,0.897139081285115
4113470,"魔王跳 《More Jump》",97,1,0.989862701049034,0.989039288328548,0.988105272946808
4113500,"Guild Manager",4,0.25,0.598207154945024,0.629095970439892,0.641477486853624
4115350,"HorrorDungeon",3,0.666666666666667,0.774474891531722,0.789335831964278,0.792819240522017
4116900,"Cali and the Kingdom of the Yard",1,1,0.852153574587866,0.860194089670355,0.859021775111307
4117360,"Edgar Dreams and the Way of Light",1,1,0.852153574587866,0.860194089670355,0.859021775111307
4117500,"AYBABTU",1,1,0.852153574587866,0.860194089670355,0.859021775111307
4117930,"Blue Balls",1,1,0.852153574587866,0.860194089670355,0.859021775111307
4121010,"Locum Tenens",8,1,0.925725065222174,0.924720141050274,0.921298523700963
4121040,"World Sprint",1,1,0.852153574587866,0.860194089670355,0.859021775111307
4122210,"Mini Heroes: Squad Online",9,0.888888888888889,0.864284208259485,0.867520751979498,0.866609603342275
4122860,"Z.A.T.O. // I Love the World and Everything In It",24,0.958333333333333,0.931991051110119,0.931280936456554,0.929438393244874
4123050,"Little White: Chromatic Clash",10,0.9,0.872731111014648,0.87523801578664,0.87408406095321
4123500,"Samurai Ace",5,1,0.905590772082171,0.906157895613021,0.902919151609382
4123890,"Pallet Jack Racing",56,0.946428571428571,0.934831313479592,0.934431493966011,0.933478908756346
4125150,"Fish Go",4,1,0.896212616889674,0.89775408144717,0.894724022111121
4125970,"Pixel Game Maker Series Stray Witch and the Ghost Train",2,0.5,0.746518144640867,0.76635414103533,0.771777466428911
4126270,"That's Not My Kind",1,1,0.852153574587866,0.860194089670355,0.859021775111307
4127400,"Tic Tac Rogue",3,1,0.884765810979371,0.887697048511342,0.885017735402677
4127870,"Gamers Club Repeat",1,1,0.852153574587866,0.860194089670355,0.859021775111307
4128150,"The Riese Project",21,0.761904761904762,0.776671370901582,0.781949604620951,0.783433371087452
4129410,"Twistingo: Tree of Life Collector’s Edition",6,0.833333333333333,0.830543448233867,0.837335473971826,0.837708372017243
4129570,"Final Orbit",1,1,0.852153574587866,0.860194089670355,0.859021775111307
4129690,"Veteran Racer",1,0,0.710649405258107,0.737744240951264,0.745978427154954
4131140,"TheParcelEscape",6,0.166666666666667,0.499058958056245,0.533536668159353,0.548819695878718
4132780,"on Titan",3,1,0.884765810979371,0.887697048511342,0.885017735402677
4132800,"BLADE.EXE",13,0.538461538461538,0.630521513840283,0.645863106206364,0.652352514885111
4133370,"Pixel Mart",4,1,0.896212616889674,0.89775408144717,0.894724022111121
4133950,"Agyaat",1,0,0.710649405258107,0.737744240951264,0.745978427154954
4133980,"Bazterka - Urik Gabeko Herria",2,1,0.870481046513441,0.875445739968527,0.873339861248404
4135730,"GoGDoD",1,1,0.852153574587866,0.860194089670355,0.859021775111307
4137880,"Express No. 6",128,0.8359375,0.83556854515804,0.836189275024826,0.836233016511142
4139030,"发现时代 Age Of Discovery",7,1,0.920040873360553,0.919406246911038,0.915997391632726
4140080,"Russian prison",2,1,0.870481046513441,0.875445739968527,0.873339861248404
4140370,"Lang Ops: Korean (intro to learn language)",1,1,0.852153574587866,0.860194089670355,0.859021775111307
4141140,"Dark Nights - Reflections",34,0.970588235294118,0.948964887039635,0.947973849890926,0.946300537809068
4143570,"Black Signal",1,0,0.710649405258107,0.737744240951264,0.745978427154954
4144840,"Doctor Visit",1,0,0.710649405258107,0.737744240951264,0.745978427154954
4147730,"Survivors of Cloudacre",4,1,0.896212616889674,0.89775408144717,0.894724022111121
4148020,"Desktop Dream Car",1,1,0.852153574587866,0.860194089670355,0.859021775111307
4148290,"Escape Exit: Floor 10",2,0.5,0.746518144640867,0.76635414103533,0.771777466428911
4148960,"Seven Scarecrows",1,1,0.852153574587866,0.860194089670355,0.859021775111307
4149960,"Dead Feed",51,0.745098039215686,0.753888629012279,0.75687528498642,0.757892179795469
4150260,"Fanjing Mountain in Guizhou",1,1,0.852153574587866,0.860194089670355,0.859021775111307
4150680,"拾光绘喵 Paws & Pastels",3,0.666666666666667,0.774474891531722,0.789335831964278,0.792819240522017
4152310,"Bush 1022",94,0.98936170212766,0.979565473971391,0.978829574389576,0.977936169467157
4153370,"Core Destroyer",4,0.75,0.796877462908124,0.808201377778077,0.810308510358622
4153890,"Clapism",28,0.857142857142857,0.851914441975309,0.853789138228665,0.853621255050843
4154110,"Beyond The Second Hour",2,0.5,0.746518144640867,0.76635414103533,0.771777466428911
4154430,"BOD EFSANESI: PARS",3,0.666666666666667,0.774474891531722,0.789335831964278,0.792819240522017
4154760,"Win The Election",1,0,0.710649405258107,0.737744240951264,0.745978427154954
4155130,"Exovore",1,1,0.852153574587866,0.860194089670355,0.859021775111307
4155500,"Elezion",1,1,0.852153574587866,0.860194089670355,0.859021775111307
4157640,"BUDUKUTUA",1,1,0.852153574587866,0.860194089670355,0.859021775111307
4158430,"Linker Vibe",1,1,0.852153574587866,0.860194089670355,0.859021775111307
4160960,"EGGMART",7,0.571428571428571,0.690453656140232,0.707640674550513,0.713924991563841
4161290,"Home Cooked Spaghetti Western",1,1,0.852153574587866,0.860194089670355,0.859021775111307
4161370,"The Entity Within",1,0,0.710649405258107,0.737744240951264,0.745978427154954
4161490,"Tatvalok",1,1,0.852153574587866,0.860194089670355,0.859021775111307
4161930,"A taste of home",90,0.944444444444444,0.937076990973771,0.936791658720356,0.936153690183332
4162240,"圈套scheme",1,1,0.852153574587866,0.860194089670355,0.859021775111307
4162270,"Poop Game【Suika-Style Falling Puzzle】",6,0.666666666666667,0.747672325689462,0.761385772518708,0.765486202982612
4162280,"Sad Virus Forest",8,0.875,0.854636346516529,0.858785823121557,0.85819176819333
4162300,"Obsessed : Trace",77,0.857142857142857,0.854998609700102,0.855741601673865,0.855655035887666
4163080,"Unlimited Farm Tycoon - Cozy Idle Farm Game",17,0.882352941176471,0.868000625462952,0.869996646918007,0.869311154098579
4163440,"Cognitive Displacement",1,1,0.852153574587866,0.860194089670355,0.859021775111307
4164440,"Meow Time Machine: VAN GOGH Plus",1,0,0.710649405258107,0.737744240951264,0.745978427154954
4168670,"Maelslime",3,1,0.884765810979371,0.887697048511342,0.885017735402677
4168750,"One More 6ix",150,0.993333333333333,0.986897799023714,0.986372804112362,0.985763882717775
4169210,"101 Dogs Hidden in Brazil",18,0.944444444444444,0.915036096720342,0.914897545823459,0.91305802671059
4170730,"ElDorado",2,1,0.870481046513441,0.875445739968527,0.873339861248404
4171330,"Miracle Vibe Show VR",1,1,0.852153574587866,0.860194089670355,0.859021775111307
4171420,"Circuit Overload",11,1,0.938781004972937,0.937151717056822,0.933826507027305
4172330,"魔塔三国之曹操传奇",1,1,0.852153574587866,0.860194089670355,0.859021775111307
4172680,"Skinwalkers Valley",57,0.736842105263158,0.745590591077743,0.74844018578335,0.749451386313695
4172720,"ISLET GARDEN",21,1,0.961398640580626,0.959464762837403,0.956766643148657
4174060,"Hardcore and Death",64,0.84375,0.842367571360083,0.84344146268711,0.843455574091279
4174530,"UsadaMAZE",15,0.6,0.665598147551707,0.677815390704963,0.682786287877326
4175070,"Space Force Bargain Bin",4,1,0.896212616889674,0.89775408144717,0.894724022111121
4178660,"Blastoids",1,0,0.710649405258107,0.737744240951264,0.745978427154954
4178780,"TheDrippingSound",1,1,0.852153574587866,0.860194089670355,0.859021775111307
4181930,"Idle Defragmenter 95",8,0.75,0.783547627810884,0.792851505192841,0.795085012685698
4182160,"Defend The General",2,1,0.870481046513441,0.875445739968527,0.873339861248404
4182310,"DARK",2,0.5,0.746518144640867,0.76635414103533,0.771777466428911
4182560,"Marble Odyssey: Sandbox",9,1,0.930654731507598,0.929376643866756,0.92597029800506
4186410,"Retail Therapy",3,1,0.884765810979371,0.887697048511342,0.885017735402677
4186480,"На недельку до второго",26,1,0.967417514218415,0.965575613290623,0.963153387123
4186500,"Devil in my head",1,0,0.710649405258107,0.737744240951264,0.745978427154954
4188280,"Balls2",5,1,0.905590772082171,0.906157895613021,0.902919151609382
4191720,"Molodoy Simulator",2,0.5,0.746518144640867,0.76635414103533,0.771777466428911
4192310,"Reindeer Wrangler",1,1,0.852153574587866,0.860194089670355,0.859021775111307
4192900,"Terria Tactics",2,1,0.870481046513441,0.875445739968527,0.873339861248404
4193830,"Robot Space Frenzy",7,1,0.920040873360553,0.919406246911038,0.915997391632726
4194710,"Pro Stone Curling",18,1,0.956586889340369,0.954632736681953,0.951748487636765
4194980,"Dungeonfall",6,1,0.913414570778272,0.913285175424945,0.909930541051875
4196660,"Christmas Wonderland 16: Collector's Edition",4,1,0.896212616889674,0.89775408144717,0.894724022111121
4198310,"A Haunting Novel: Surfaced Secrets Collector's Edition",2,1,0.870481046513441,0.875445739968527,0.873339861248404
4199400,"Rock Paper Scissors: The Roguelike Puzzle Game",2,1,0.870481046513441,0.875445739968527,0.873339861248404
4199750,"Escape Game Room Collection Vol.1",4,0.75,0.796877462908124,0.808201377778077,0.810308510358622
4201160,"Compass & Straightedge",3,1,0.884765810979371,0.887697048511342,0.885017735402677
4201500,"Ba B<U+1ECB>",42,1,0.978263219926168,0.976778138783041,0.974980692540576
4201780,"The Cradle",20,0.65,0.691378294007632,0.700303403588589,0.703832941186804
4202920,"Nightshift - The School Janitor",2,0.5,0.746518144640867,0.76635414103533,0.771777466428911
4203490,"Typing English",3,1,0.884765810979371,0.887697048511342,0.885017735402677
4203610,"Last Gate",1,1,0.852153574587866,0.860194089670355,0.859021775111307
4203690,"思い出せ！更生日記女苑ちゃん！！",23,0.956521739130435,0.929651314857566,0.929002952072419,0.927150860614995
4204190,"Taiping Heavenly Kingdom",15,0.666666666666667,0.713065909580295,0.722928290629503,0.726557312112059
4204950,"Marshmallow's Adventure",1,1,0.852153574587866,0.860194089670355,0.859021775111307
4205860,"World Without",1,1,0.852153574587866,0.860194089670355,0.859021775111307
4211070,"Puppy Link - Tile Connect",17,0.882352941176471,0.868000625462952,0.869996646918007,0.869311154098579
4212070,"只有文字的挂机刷宝游戏",59,0.745762711864407,0.753410520819703,0.75604401554446,0.756947661298894
4213000,"Argonauts Agency:  Patterns of Morpheus",1,1,0.852153574587866,0.860194089670355,0.859021775111307
4213300,"Sweetie Candy Maze: Purple Grape",2,0.5,0.746518144640867,0.76635414103533,0.771777466428911
4213650,"Hazen's Children",1,1,0.852153574587866,0.860194089670355,0.859021775111307
4214010,"A.I. P.I.",1,1,0.852153574587866,0.860194089670355,0.859021775111307
4214660,"At the Mount Leng of madness",4,1,0.896212616889674,0.89775408144717,0.894724022111121
4216090,"Clash of Peaks: Dynasty in Your Grasp",9,1,0.930654731507598,0.929376643866756,0.92597029800506
4217330,"Six Seals",4,0.75,0.796877462908124,0.808201377778077,0.810308510358622
4217660,"Small Hero",78,0.858974358974359,0.85672344241403,0.857435439206277,0.857336473441939
4217800,"Sweeper",7,0.571428571428571,0.690453656140232,0.707640674550513,0.713924991563841
4217990,"Sugoroku New Year's Party",2,1,0.870481046513441,0.875445739968527,0.873339861248404
4220940,"Five Nights In Saransk",101,0.584158415841584,0.597963437956318,0.601154730819256,0.602676705384373
4220960,"LOST IN TRANSIT",18,1,0.956586889340369,0.954632736681953,0.951748487636765
4221760,"Endless Tiles",2,0,0.622555242768293,0.657262542102133,0.670215071609419
4222270,"Dear Lighthouse",3,1,0.884765810979371,0.887697048511342,0.885017735402677
4223750,"Glowing Hexagon",1,1,0.852153574587866,0.860194089670355,0.859021775111307
4224640,"Vらいふ",7,1,0.920040873360553,0.919406246911038,0.915997391632726
4227580,"Field Pong: Gamesforfarm",11,1,0.938781004972937,0.937151717056822,0.933826507027305
4229050,"Error: Girlfriend Not Found",13,1,0.945202489330826,0.943384622536829,0.940175252325093
4230400,"Cubio",5,1,0.905590772082171,0.906157895613021,0.902919151609382
4232360,"Buttons Up!",51,0.843137254901961,0.841505047781528,0.842835256035993,0.84285948533369
4232770,"Driver Night Trip",2,0.5,0.746518144640867,0.76635414103533,0.771777466428911
4233260,"Cybersoul",1,1,0.852153574587866,0.860194089670355,0.859021775111307
4236590,"world of Y",1,1,0.852153574587866,0.860194089670355,0.859021775111307
4236610,"Halls of the damned",4,0.25,0.598207154945024,0.629095970439892,0.641477486853624
4240940,"Gnomophobia",4,0.75,0.796877462908124,0.808201377778077,0.810308510358622
4241940,"Sundered Soul: Chains of the Undying",11,1,0.938781004972937,0.937151717056822,0.933826507027305
4249550,"The Frog That Leapt Too Far",1,1,0.852153574587866,0.860194089670355,0.859021775111307
