"appid","name","is_free","positive_reviews","negative_reviews","total_reviews","raw_positive_rate","wilson_lower_95","wilson_center","wilson_upper_95","wilson_width","eb_posterior_mean","eb_ci95_lower","eb_ci95_upper","data_weight","prior_weight","eb_ci95_width","eb_shrinkage","absolute_shrinkage","eb_shrinkage_pp","raw_rank","wilson_rank","eb_rank","rank_change"
267390,"Revolution Editions - Shadow & Steel",0,12,2,14,0.857142857142857,0.600586205030297,0.780246141879416,0.959906078728535,0.359319873698239,0.848266758255084,0.666627854192177,0.965214221424354,0.69766527778157,0.30233472221843,0.298586367232177,-0.00887609888777308,0.00887609888777308,-0.887609888777308,1330,950,1341,-11
427410,"Abiotic Factor",0,40249,1712,41961,0.959200209718548,0.957264976844056,0.959158174561622,0.961051372279189,0.00378639543513315,0.95918121170699,0.957267500574888,0.961053471346748,0.999855435940027,0.000144564059972935,0.00378597077186005,-1.89980115578026e-05,1.89980115578026e-05,-0.00189980115578026,920,32,117,803
444930,"Zaccaria Pinball",1,170,44,214,0.794392523364486,0.735282717737968,0.789201148124221,0.843119578510475,0.107836860772507,0.795313087872937,0.739682201808941,0.845862305436814,0.972431434418333,0.0275685655816673,0.106180103627873,0.000920564508450683,0.000920564508450683,0.0920564508450683,1547,598,1581,-34
496170,"Desert Race Adventures",0,7,2,9,0.777777777777778,0.452588969106989,0.694681930994571,0.936774892882153,0.484185923775164,0.797913685011371,0.569786239599961,0.952151372444539,0.597334709233019,0.40266529076698,0.382365132844578,0.0201359072335935,0.0201359072335935,2.01359072335935,1575,1265,1551,24
497880,"Doodle WHAT?!",0,5,7,12,0.416666666666667,0.193260313658757,0.436874500554603,0.68048868745045,0.487228373791694,0.554721224695518,0.328854701050569,0.769109250787605,0.664196976389084,0.335803023610916,0.440254549737036,0.138054558028851,0.138054558028851,13.8054558028851,2069,1992,2176,-107
533610,"Jet Gunner: Refueled",0,9,1,10,0.9,0.595849973204762,0.788986880054844,0.982123786904927,0.386273813700165,0.872731111014648,0.677664932231878,0.982519288093029,0.622396454151338,0.377603545848662,0.304854355861151,-0.0272688889853516,0.0272688889853516,-2.72688889853516,1184,970,847,337
541300,"Survive the Nights",0,3225,1490,4715,0.683987274655355,0.670571668000344,0.683837496463973,0.697103324927603,0.0265316569272591,0.684172064807053,0.670840547427181,0.697355785420648,0.99871492404768,0.00128507595231978,0.0265152379934664,0.000184790151697478,0.000184790151697478,0.0184790151697478,1762,779,1995,-233
606160,"ROUTINE",0,6649,599,7248,0.91735651214128,0.910794375213433,0.917135429280597,0.923476483347761,0.0126821081343287,0.917281598570553,0.910835125035537,0.923510154792358,0.999163651281496,0.000836348718503886,0.0126750297568211,-7.49135707274196e-05,7.49135707274196e-05,-0.00749135707274196,1103,119,442,661
633080,"Relic Hunters Legend",0,726,375,1101,0.659400544959128,0.630896428100671,0.658846320075034,0.686796212049398,0.0558997839487276,0.660323319006908,0.632169942496716,0.687928023659006,0.994519816807467,0.00548018319253293,0.0557580811622896,0.000922774047780406,0.000922774047780406,0.0922774047780406,1843,876,2053,-210
660200,"Transistor Defense",0,1,0,1,1,0.206549314377237,0.603274657188619,1,0.793450685622763,0.852153574587866,0.534749383069649,0.995001716766416,0.141504169329759,0.858495830670241,0.460252333696767,-0.147846425412134,0.147846425412134,-14.7846425412134,576,1735,1072,-496
690320,"Snake-A-Roid",0,5,0,5,1,0.565517535216825,0.782758767608413,1,0.434482464783175,0.905590772082171,0.68618151869736,0.996989370906001,0.451796495462645,0.548203504537355,0.310807852208641,-0.0944092279178288,0.0944092279178288,-9.44092279178288,251,1011,524,-273
766500,"The Hordes of the Dead",0,12,7,19,0.631578947368421,0.410395331648031,0.60945010209834,0.808504872548649,0.398109540900619,0.679066386998786,0.488306917807717,0.842788643266784,0.757970773364418,0.242029226635582,0.354481725459067,0.0474874396303647,0.0474874396303647,4.74874396303647,1868,1395,2005,-137
832360,"Hotel Magnate",0,246,173,419,0.587112171837709,0.539385680996645,0.586320769259,0.633255857521355,0.0938701765247103,0.59054725699578,0.543476660682941,0.636810718650958,0.985727119288053,0.0142728807119472,0.0933340579680169,0.00343508515807145,0.00343508515807145,0.343508515807145,1928,1104,2154,-226
863970,"Survive the Rift",0,6,1,7,0.857142857142857,0.486872170725681,0.730596273190469,0.974320375655256,0.487448204929575,0.84351180095378,0.612178260667578,0.97801824063592,0.535703506847418,0.464296493152582,0.365839979968342,-0.0136310561890776,0.0136310561890776,-1.36310561890776,1340,1227,1365,-25
887330,"Glassbreakers: Champions of Moss",0,14,8,22,0.636363636363636,0.42951708090131,0.616092517098824,0.802667953296339,0.373150872395029,0.677741013630471,0.497513183152207,0.833993175975614,0.783840638389173,0.216159361610827,0.336479992823407,0.0413773772668345,0.0413773772668345,4.13773772668345,1861,1385,2007,-146
990380,"METAL EDEN",0,1605,305,1910,0.840314136125654,0.823205314719209,0.839631058259407,0.856056801799605,0.032851487080396,0.840274462466652,0.823543104505964,0.856333067466713,0.996833654666842,0.00316634533315825,0.032789962960749,-3.96736590020375e-05,3.96736590020375e-05,-0.00396736590020375,1392,357,1389,3
1004640,"FINAL FANTASY TACTICS - The Ivalice Chronicles",0,5059,591,5650,0.895398230088496,0.887147794438422,0.895129579821288,0.903111365204154,0.0159635707657324,0.895325704655156,0.88721700586344,0.903169621573797,0.998927358948182,0.00107264105181762,0.0159526157103574,-7.25254333400205e-05,7.25254333400205e-05,-0.00725254333400205,1202,162,666,536
1024820,"Hockey Club",0,6,3,9,0.666666666666667,0.354202135580396,0.616809158596743,0.879416181613089,0.525214046032693,0.731543161763258,0.49053125892081,0.914719470598022,0.597334709233019,0.40266529076698,0.424188211677213,0.0648764950965914,0.0648764950965914,6.48764950965914,1787,1461,1823,-36
1033380,"Skate & Date",0,8,0,8,1,0.67559243511612,0.83779621755806,1,0.32440756488388,0.925725065222174,0.748273816826629,0.99768099293825,0.568709749645159,0.431290250354841,0.249407176111621,-0.0742749347778259,0.0742749347778259,-7.42749347778259,174,755,367,-193
1056170,"SUPERVERSE",0,26,11,37,0.702702702702703,0.542168640888643,0.683636927195162,0.82510521350168,0.282936572613036,0.720323217966985,0.579047263066137,0.84223385152862,0.859127882122258,0.140872117877742,0.263186588462483,0.0176205152642821,0.0176205152642821,1.76205152642821,1737,1101,1856,-119
1057580,"Shopkeeper: My First Supermarket",0,19,17,36,0.527777777777778,0.370059380229876,0.525099482539043,0.680139584848209,0.310080204618333,0.571044988139997,0.420831319252652,0.714855402953636,0.855779120534888,0.144220879465112,0.294024083700984,0.0432672103622189,0.0432672103622189,4.32672103622189,1959,1448,2168,-209
1058230,"Cozy Jigsaw Puzzles",0,0,2,2,0,0,0.328809886246673,0.657619772493347,0.657619772493347,0.622555242768293,0.289385773103398,0.898758006134615,0.247925803745148,0.752074196254852,0.609372233031217,0.622555242768293,0.622555242768293,62.2555242768293,2161,2161,2103,58
1058710,"Monarch : Medieval Remastered",0,293,72,365,0.802739726027397,0.758854267587016,0.799586712278236,0.840319156969455,0.0814648893824395,0.803149204485306,0.761245072718419,0.841959107635239,0.983650039664394,0.0163499603356056,0.0807140349168201,0.000409478457908619,0.000409478457908619,0.0409478457908619,1497,523,1535,-38
1101650,"OutSpaceX_EP1",0,1,1,2,0.5,0.0945312057342307,0.5,0.905468794265769,0.810937588531539,0.746518144640867,0.41858644386299,0.961464062212803,0.247925803745148,0.752074196254852,0.542877618349813,0.246518144640867,0.246518144640867,24.6518144640867,1994,2046,1750,244
1126340,"Raid on Area 51",0,7,1,8,0.875,0.529111817787147,0.753347163168545,0.977582508549943,0.448470690762797,0.854636346516529,0.636725903427632,0.979755988994853,0.568709749645159,0.431290250354841,0.343030085567221,-0.0203636534834708,0.0203636534834708,-2.03636534834708,1277,1113,1055,222
1141550,"CUCKOLD SIMULATOR: Life as a Beta Male Cuck",0,1568,114,1682,0.932223543400713,0.919199461987927,0.931238653075101,0.943277844162276,0.0240783821743484,0.931848187852536,0.919354520114089,0.943373091109253,0.99640598990823,0.00359401009177034,0.0240185709951646,-0.000375355548177025,0.000375355548177025,-0.0375355548177025,1044,104,323,721
1151990,"Slip 'n Slime",0,72,4,76,0.947368421052632,0.872343274241103,0.92584392247086,0.979344570700616,0.107001296459512,0.938527975849671,0.877704443893156,0.979355767000217,0.926073393856593,0.0739266061434072,0.101651323107062,-0.00884044520296068,0.00884044520296068,-0.884044520296068,977,206,274,703
1154140,"Pity Please!",0,1,0,1,1,0.206549314377237,0.603274657188619,1,0.793450685622763,0.852153574587866,0.534749383069649,0.995001716766416,0.141504169329759,0.858495830670241,0.460252333696767,-0.147846425412134,0.147846425412134,-14.7846425412134,577,1736,1073,-496
1156820,"Strike & Resist",0,28,8,36,0.777777777777778,0.619152970538818,0.750994825390427,0.882836680242035,0.263683709703217,0.784989768273719,0.650602778345076,0.89377979042783,0.855779120534888,0.144220879465112,0.243177012082754,0.00721199049594101,0.00721199049594101,0.721199049594101,1573,900,1600,-27
1166940,"Dead Static Drive",0,16,27,43,0.372093023255814,0.243763390096506,0.38258264924981,0.521401908403115,0.277638518306609,0.428437431954916,0.294764451185589,0.567639895262413,0.876353999886154,0.123646000113846,0.272875444076824,0.0563444086991023,0.0563444086991023,5.63444086991023,2085,1675,2229,-144
1170570,"The Drifter",0,4596,116,4712,0.975382003395586,0.970555196796511,0.974994763831642,0.979434330866773,0.00887913407026186,0.975192208583713,0.970567085408085,0.979435965154549,0.998714106927467,0.00128589307253331,0.00886887974646366,-0.00018979481187309,0.00018979481187309,-0.018979481187309,876,12,43,833
1191050,"MotoTrials",0,5,0,5,1,0.565517535216825,0.782758767608413,1,0.434482464783175,0.905590772082171,0.68618151869736,0.996989370906001,0.451796495462645,0.548203504537355,0.310807852208641,-0.0944092279178288,0.0944092279178288,-9.44092279178288,252,1012,525,-273
1194040,"東１局５３本場",0,4,0,4,1,0.510109163545403,0.755054581772701,1,0.489890836454597,0.896212616889674,0.658188789563792,0.996657030244202,0.397340615926201,0.602659384073799,0.338468240680411,-0.103787383110326,0.103787383110326,-10.3787383110326,301,1145,611,-310
1201700,"Warnament",0,403,74,477,0.844863731656184,0.809632373820475,0.842108603537329,0.874584833254184,0.0649524594337094,0.844649228333047,0.811064160584182,0.875532423160498,0.987440809525577,0.0125591904744229,0.0644682625763159,-0.000214503323137216,0.000214503323137216,-0.0214503323137216,1380,397,1364,16
1239360,"Genokids",0,215,3,218,0.986238532110092,0.960328403358678,0.977818711450485,0.995309019542293,0.0349806161836155,0.981948160379185,0.960905900539688,0.994990430527815,0.972923583181799,0.0270764168182013,0.0340845299881271,-0.00429037173090685,0.00429037173090685,-0.429037173090685,849,29,27,822
1264970,"The Conquest of Go",0,546,30,576,0.947916666666667,0.926621986318045,0.944949211677156,0.963276437036267,0.0366544507182218,0.946664517945574,0.9270245472955,0.963402676086073,0.989576921016852,0.0104230789831482,0.0363781287905732,-0.00125214872109303,0.00125214872109303,-0.125214872109303,976,88,200,776
1273640,"Bring You Home",0,198,8,206,0.961165048543689,0.925252847633539,0.952722739033071,0.980192630432603,0.0549397827990639,0.957349218499048,0.926410630024233,0.980174771449154,0.971391439521016,0.028608560478984,0.0537641414249215,-0.00381583004464181,0.00381583004464181,-0.381583004464181,915,94,127,788
1274700,"You Alone Can Defeat Evil",0,5,0,5,1,0.565517535216825,0.782758767608413,1,0.434482464783175,0.905590772082171,0.68618151869736,0.996989370906001,0.451796495462645,0.548203504537355,0.310807852208641,-0.0944092279178288,0.0944092279178288,-9.44092279178288,253,1013,526,-273
1275550,"Arctic Awakening",0,274,52,326,0.840490797546012,0.79681248347427,0.836525312484569,0.876238141494867,0.0794256580205979,0.840258648025783,0.799033711585052,0.877603796407812,0.981729798904816,0.0182702010951843,0.07857008482276,-0.00023214952022943,0.00023214952022943,-0.023214952022943,1391,428,1390,1
1283360,"Geki Yaba Runner",0,4,2,6,0.666666666666667,0.299993315138392,0.601610952016306,0.90322858889422,0.603235273755828,0.747672325689462,0.480282943238687,0.938212397007356,0.497226735266432,0.502773264733568,0.457929453768669,0.0810056590227949,0.0810056590227949,8.10056590227949,1793,1655,1744,49
1292460,"Adventure of Samsara",0,59,7,66,0.893939393939394,0.79687691248352,0.872271719964363,0.947666527445205,0.150789614961685,0.88837015363434,0.806743071860942,0.949700861389771,0.915815345321192,0.0841846546788085,0.142957789528829,-0.00556924030505401,0.00556924030505401,-0.556924030505401,1205,427,693,512
1295870,"Next Run",0,47,16,63,0.746031746031746,0.626588125633935,0.731892006450362,0.837195887266788,0.210607761632853,0.753213001060801,0.645811320010347,0.846736673312768,0.912158689877401,0.0878413101225991,0.200925353302421,0.00718125502905498,0.00718125502905498,0.718125502905498,1674,882,1725,-51
1296660,"Wartorn",0,95,35,130,0.730769230769231,0.648708569923715,0.724145793570516,0.799583017217316,0.150874447293601,0.735094924326989,0.658116856877811,0.80552858550816,0.955412166650627,0.0445878333493733,0.147411728630349,0.0043256935577578,0.0043256935577578,0.43256935577578,1696,817,1816,-120
1298430,"Warsong",0,7,3,10,0.7,0.396778147461145,0.644493440027422,0.892208732593699,0.495430585132554,0.748251820184381,0.51757002392083,0.920813557752074,0.622396454151338,0.377603545848662,0.403243533831244,0.0482518201843809,0.0482518201843809,4.82518201843809,1743,1407,1739,4
1308940,"Misc. A Tiny Tale",0,111,1,112,0.991071428571429,0.951151531691115,0.974786838493912,0.998422145296708,0.0472706136055927,0.982680838026524,0.952682405931832,0.997803039142276,0.94861448839186,0.0513855116081403,0.0451206332104434,-0.00839059054490476,0.00839059054490476,-0.839059054490476,842,37,24,818
1329030,"Puzzle - LINES AND KNOTS 3",0,12,1,13,0.923076923076923,0.666860490789004,0.826575034773224,0.986289578757443,0.319429087968439,0.892755660082402,0.724417251222178,0.985489634176629,0.681808780229511,0.318191219770489,0.261072382954451,-0.0303212629945206,0.0303212629945206,-3.03212629945206,1085,783,675,410
1330360,"Fata Deum - The God Sim",0,242,167,409,0.591687041564792,0.543413049336591,0.590833900517455,0.63825475169832,0.0948417023617292,0.59513801678453,0.547563322287366,0.641844222988156,0.985383249909532,0.0146167500904682,0.0942809007007896,0.00345097521973747,0.00345097521973747,0.345097521973747,1923,1100,2150,-227
1342490,"Daemon X Machina: Titanic Scion",0,1158,673,1831,0.632441288913162,0.610101412561685,0.632164007322933,0.654226602084182,0.0441251895224968,0.633086411048161,0.610918657282989,0.654979693211776,0.996697491265666,0.00330250873433418,0.0440610359287875,0.000645122134998455,0.000645122134998455,0.0645122134998455,1866,910,2095,-229
1342690,"Radiolight",0,374,39,413,0.905569007263923,0.873511239177015,0.901831431244584,0.930151623312153,0.0566403841351379,0.904442900523785,0.874562000195538,0.930671723579478,0.985522767003902,0.0144772329960976,0.05610972338394,-0.00112610674013791,0.00112610674013791,-0.112610674013791,1160,202,579,581
1344550,"Warspace 2",0,49,34,83,0.590361445783133,0.482857685238244,0.586364279249219,0.689870873260195,0.207013188021951,0.606533867933068,0.503640337344291,0.704894024759391,0.93188347673967,0.0681165232603304,0.201253687415101,0.0161724221499353,0.0161724221499353,1.61724221499353,1925,1245,2138,-213
1380990,"Hyper Team Recon",0,74,0,74,1,0.950650220603614,0.975325110301807,1,0.0493497793963859,0.986950663868468,0.953274154154451,0.999616937503255,0.924226773621978,0.0757732263780219,0.0463427833488038,-0.0130493361315323,0.0130493361315323,-1.30493361315323,8,39,18,-10
1386750,"Spindle",0,296,15,311,0.951768488745981,0.921956455735594,0.946256349231365,0.970556242727135,0.0485997869915411,0.949396109211566,0.922759322337026,0.970683234569263,0.980865460839694,0.0191345391603063,0.0479239122322367,-0.00237237953441505,0.00237237953441505,-0.237237953441505,952,101,182,770
1395520,"The Séance of Blake Manor",0,3466,178,3644,0.951152579582876,0.943666553254247,0.950677481068897,0.957688408883547,0.0140218556293004,0.950947524050554,0.943711279174394,0.957715858584932,0.998337857990677,0.00166214200932292,0.0140045794105385,-0.000205055532321974,0.000205055532321974,-0.0205055532321974,956,52,167,789
1408090,"The Office Type",0,3,8,11,0.272727272727273,0.0974605929002489,0.331552947038189,0.565645301176129,0.46818470827588,0.470038226005693,0.246431339738136,0.7002983310837,0.644521321079962,0.355478678920038,0.453866991345564,0.19731095327842,0.19731095327842,19.731095327842,2123,2040,2223,-100
1408730,"KindFolx",0,4,1,5,0.8,0.375534629762525,0.669655260565048,0.96377589136757,0.588241261605044,0.815231472989642,0.551924429746717,0.973460575390088,0.451796495462645,0.548203504537355,0.421536145643371,0.0152314729896422,0.0152314729896422,1.52314729896422,1518,1425,1476,42
1421250,"Tiny Bunny",0,22663,4482,27145,0.834886719469516,0.830422590386859,0.834839334259933,0.839256078133008,0.00883348774614934,0.834885132436805,0.830445604229921,0.839277931667551,0.999776549128024,0.000223450871976095,0.00883232743762996,-1.58703271013749e-06,1.58703271013749e-06,-0.000158703271013749,1406,333,1406,0
1423630,"Holiday Harry",0,3,1,4,0.75,0.300641842582402,0.627527290886351,0.954412739190299,0.653770896607897,0.796877462908124,0.514485438814817,0.9703895228262,0.397340615926201,0.602659384073799,0.455904084011384,0.0468774629081241,0.0468774629081241,4.68774629081241,1644,1630,1555,89
1425980,"Stone Simulator – Just Be a Rock",0,1447,77,1524,0.949475065616798,0.937304395799517,0.948344948387993,0.959385500976469,0.0220811051769512,0.948992544856509,0.937428645146968,0.959445523691173,0.996034860003046,0.0039651399969539,0.0220168785442045,-0.000482520760288541,0.000482520760288541,-0.0482520760288541,966,68,183,783
1427070,"Mascot Mayhem",0,3,0,3,1,0.438502968244955,0.719251484122477,1,0.561497031755045,0.884765810979371,0.624831367315985,0.996242206486757,0.330872758342948,0.669127241657052,0.371410839170772,-0.115234189020629,0.115234189020629,-11.5234189020629,352,1276,722,-370
1447820,"The Girl from Arkanya",0,141,11,152,0.927631578947368,0.875068130410488,0.917090551460936,0.959112972511383,0.0840448421008955,0.923799239290077,0.877795157856757,0.959691404026951,0.961617970333216,0.0383820296667841,0.0818962461701935,-0.00383233965729135,0.00383233965729135,-0.383233965729135,1066,198,383,683
1449110,"The Outer Worlds 2",0,6147,2251,8398,0.731959990473922,0.722382155508191,0.731853934586553,0.741325713664914,0.0189435581567228,0.732029166456254,0.722508618752937,0.741445114052509,0.999278095994316,0.000721904005683461,0.0189364952995712,6.91759823316929e-05,6.91759823316929e-05,0.00691759823316929,1694,641,1821,-127
1456570,"PixelJunk<U+2122> Eden 2",0,18,5,23,0.782608695652174,0.58096516983736,0.742162694785749,0.903360219734138,0.322395049896778,0.792037880699594,0.629987083994277,0.916210591222863,0.791277246408338,0.208722753591662,0.286223507228585,0.0094291850474203,0.0094291850474203,0.94291850474203,1568,991,1587,-19
1471650,"The Knightling",0,426,63,489,0.871165644171779,0.838553989490332,0.868272588986945,0.897991188483559,0.0594371989932272,0.870634016432111,0.839721797218789,0.898711579081131,0.987745233587634,0.0122547664123657,0.0589897818623424,-0.000531627739667861,0.000531627739667861,-0.0531627739667861,1293,309,856,437
1476400,"Northwind",0,48,12,60,0.8,0.682181941943721,0.781948444357373,0.881714946771025,0.199533004827304,0.802551437459769,0.69921843885253,0.888569092625975,0.908169947975195,0.0918300520248048,0.189350653773445,0.00255143745976905,0.00255143745976905,0.255143745976905,1500,745,1537,-37
1517560,"Droplet: States of Matter",0,15,0,15,1,0.796116698964151,0.898058349482076,1,0.203883301035849,0.950404719723233,0.828026949892693,0.998490250764892,0.712016430428814,0.287983569571186,0.170463300872199,-0.049595280276767,0.049595280276767,-4.9595280276767,84,431,168,-84
1533140,"Prison Miner",0,4,1,5,0.8,0.375534629762525,0.669655260565048,0.96377589136757,0.588241261605044,0.815231472989642,0.551924429746717,0.973460575390088,0.451796495462645,0.548203504537355,0.421536145643371,0.0152314729896422,0.0152314729896422,1.52314729896422,1519,1426,1477,42
1538550,"LEGO<U+00AE> Voyagers",0,1637,211,1848,0.885822510822511,0.870515356573606,0.88502216083555,0.899528965097493,0.0290136085238879,0.885632596701839,0.870761746043309,0.899715598580598,0.996727772075699,0.00327222792430087,0.0289538525372892,-0.000189914120671819,0.000189914120671819,-0.0189914120671819,1243,214,718,525
1541370,"Ultimate Theater Simulator",0,553,74,627,0.881977671451356,0.854367725678812,0.879651648843317,0.904935572007822,0.0505678463290091,0.881458315431444,0.855184868093265,0.905450161530791,0.990416606369699,0.00958339363030121,0.0502652934375262,-0.000519356019911932,0.000519356019911932,-0.0519356019911932,1259,254,819,440
1548180,"Worship",0,153,44,197,0.776649746192893,0.713515149922769,0.771358315758183,0.829201481593597,0.115686331670828,0.778177469023779,0.718683036799887,0.83248392299112,0.970123497740231,0.0298765022597691,0.113800886191233,0.00152772283088587,0.00152772283088587,0.152772283088587,1578,669,1621,-43
1556010,"DriveCrazy",0,69,4,73,0.945205479452055,0.867410024578403,0.922948763581353,0.978487502584303,0.1110774780059,0.936195571221978,0.873195046582903,0.978549782249859,0.923268430775227,0.0767315692247728,0.105354735666956,-0.00900990823007652,0.00900990823007652,-0.900990823007652,986,221,285,701
1558800,"Forgot",0,94,8,102,0.92156862745098,0.852812727587109,0.906268020859824,0.95972331413254,0.106910586545431,0.916303532336612,0.857547548184415,0.960551174900095,0.943859517393089,0.0561404826069106,0.103003626715681,-0.00526509511436835,0.00526509511436835,-0.526509511436835,1093,258,446,647
1560160,"ILA: A Frosty Glide",0,72,3,75,0.96,0.888870129175963,0.937587032457909,0.986303935739856,0.0974338065638936,0.950105174846923,0.893587389329111,0.98593269267635,0.925161473218597,0.074838526781403,0.0923453033472392,-0.00989482515307649,0.00989482515307649,-0.989482515307649,916,159,179,737
1567530,"Vlad Circus: Curse of Asmodeus",0,17,2,19,0.894736842105263,0.68605917288891,0.82835030629502,0.97064143970113,0.28458226681222,0.878532379989422,0.728206379597768,0.972670283317808,0.757970773364418,0.242029226635582,0.24446390372004,-0.0162044621158413,0.0162044621158413,-1.62044621158413,1204,729,833,371
1574570,"Choice of Life: Samosbor",0,207,29,236,0.877118644067797,0.829092945068309,0.871078463405013,0.913063981741718,0.0839710366734092,0.875882177176438,0.831608101101836,0.914281229201263,0.974936974699476,0.0250630253005237,0.0826731280994271,-0.00123646689135837,0.00123646689135837,-0.123646689135837,1268,336,840,428
1575810,"Wander Stars",0,136,11,147,0.925170068027211,0.870979644783385,0.914342320000326,0.957704995217267,0.0867253504338823,0.921310107218285,0.873894731645382,0.958344051046227,0.960364204096055,0.039635795903945,0.0844493194008449,-0.00385996080892625,0.00385996080892625,-0.385996080892625,1071,212,393,678
1583540,"Meco Rocket Simulator",0,12,3,15,0.8,0.548145512848306,0.738835009689245,0.929524506530184,0.381378993681878,0.80800143363747,0.619491074235245,0.94163851496943,0.712016430428814,0.287983569571186,0.322147440734185,0.00800143363747019,0.00800143363747019,0.800143363747019,1503,1091,1522,-19
1594040,"Wreckreation",0,229,130,359,0.637883008356546,0.586949593245739,0.63642321955403,0.685896845862321,0.0989472526165818,0.641038917363177,0.591199729549075,0.689414298232083,0.983381322467451,0.0166186775325491,0.0982145686830082,0.00315590900663121,0.00315590900663121,0.315590900663121,1860,987,2079,-219
1599420,"Rusty Rangers",0,24,3,27,0.888888888888889,0.719421991817202,0.840450821767052,0.961479651716902,0.2420576598997,0.877677778722419,0.748424810453346,0.964200002893209,0.816525765849317,0.183474234150683,0.215775192439864,-0.0112111101664694,0.0112111101664694,-1.12111101664694,1224,649,834,390
1605250,"Moros Protocol",0,588,137,725,0.811034482758621,0.780926687239413,0.809395132879613,0.837863578519814,0.0569368912804005,0.811173485365657,0.782033561827908,0.838701089463863,0.991701266553012,0.00829873344698743,0.0566675276359548,0.000139002607036476,0.000139002607036476,0.0139002607036476,1479,475,1504,-25
1620730,"Hell is Us",0,3564,690,4254,0.837799717912553,0.826418167923169,0.837494952289278,0.848571736655387,0.0221535687322183,0.837785454618394,0.826567779652382,0.848702739254058,0.998575860501541,0.00142413949845936,0.0221349596016757,-1.42632941592113e-05,1.42632941592113e-05,-0.00142632941592113,1397,341,1395,2
1622630,"Otherskin",0,44,19,63,0.698412698412698,0.576396276864404,0.687009682621259,0.797623088378115,0.221226811513711,0.709776872971401,0.598198878476601,0.809850805706764,0.912158689877401,0.0878413101225991,0.211651927230163,0.0113641745587026,0.0113641745587026,1.13641745587026,1750,1002,1939,-189
1623120,"Chaos on Wheels",0,23,11,34,0.676470588235294,0.508428945939082,0.658556255149414,0.808683564359745,0.300254618420663,0.699382498154317,0.550719563156651,0.829202939990696,0.84858012221008,0.151419877789921,0.278483376834045,0.0229119099190233,0.0229119099190233,2.29119099190233,1769,1198,1952,-183
1639710,"SquareMan-Boy",0,6,0,6,1,0.609665712097835,0.804832856048917,1,0.390334287902165,0.913414570778272,0.709988022926607,0.997261605765302,0.497226735266432,0.502773264733568,0.287273582838695,-0.0865854292217277,0.0865854292217277,-8.65854292217277,218,912,457,-239
1644700,"Magic Boy",0,4,1,5,0.8,0.375534629762525,0.669655260565048,0.96377589136757,0.588241261605044,0.815231472989642,0.551924429746717,0.973460575390088,0.451796495462645,0.548203504537355,0.421536145643371,0.0152314729896422,0.0152314729896422,1.52314729896422,1520,1427,1478,42
1645630,"FEROCIOUS",0,465,272,737,0.630936227951153,0.595502730376841,0.630257288993536,0.665011847610232,0.069509117233391,0.632543436657496,0.597575608750934,0.666835444181707,0.991835285168832,0.00816471483116763,0.069259835430773,0.00160720870634257,0.00160720870634257,0.160720870634257,1870,977,2096,-226
1652400,"Developer Daily",0,5,1,6,0.833333333333333,0.43649717781353,0.703221904032612,0.969946630251693,0.533449452438163,0.830543448233867,0.584163438104136,0.975953731492499,0.497226735266432,0.502773264733568,0.391790293388363,-0.00278988509946654,0.00278988509946654,-0.278988509946654,1417,1362,1422,-5
1657630,"Slime Rancher 2",0,41078,2405,43483,0.944691028677874,0.942503003618302,0.944651746398056,0.94680048917781,0.00429748555950837,0.944674719644524,0.942506824677342,0.946803877059804,0.999860495292062,0.000139504707937743,0.00429705238246214,-1.63090333504812e-05,1.63090333504812e-05,-0.00163090333504812,988,57,221,767
1660960,"Windswept",0,432,34,466,0.927038626609442,0.899773107562465,0.92354712693829,0.947321146314115,0.0475480387516507,0.925763026212706,0.900489968666982,0.947624251030375,0.987148158025203,0.0128518419747968,0.0471342823633928,-0.00127560039673591,0.00127560039673591,-0.127560039673591,1068,137,366,702
1665260,"Beyond Sunset",0,228,67,295,0.772881355932203,0.721742418328776,0.769373601366002,0.817004784403228,0.095262366074452,0.773987729665531,0.725154767500488,0.81937363572945,0.97984856859254,0.0201514314074604,0.0942188682289614,0.00110637373332756,0.00110637373332756,0.110637373332756,1588,644,1677,-89
1670690,"Eternity Egg",0,471,101,572,0.823426573426573,0.790050525878544,0.821268983269934,0.852487440661324,0.0624369147827792,0.823472309078172,0.791383644208812,0.853441513311292,0.989504797333937,0.010495202666063,0.0620578691024798,4.57356515990437e-05,4.57356515990437e-05,0.00457356515990437,1451,448,1451,0
1689390,"Mythrealm",0,28,4,32,0.875,0.719316945183498,0.834807800654349,0.950298656125199,0.230981710941701,0.867474988586934,0.744711921130917,0.954000223071614,0.840624666939135,0.159375333060865,0.209288301940697,-0.00752501141306572,0.00752501141306572,-0.752501141306572,1274,652,1010,264
1693040,"Synthwave Burnout",0,787,269,1056,0.745265151515151,0.718129366423445,0.744376173289347,0.770622980155249,0.0524936137318037,0.745736532457724,0.719130243243022,0.771466256849671,0.994287620288777,0.00571237971122256,0.0523360136066486,0.000471380942572153,0.000471380942572153,0.0471380942572153,1676,655,1807,-131
1699230,"Hail to the Rainbow",0,2289,231,2520,0.908333333333333,0.896437089630313,0.907711822152576,0.918986554674838,0.0225494650445246,0.908139876438012,0.896576863394975,0.919090883977107,0.997598270453783,0.00240172954621737,0.0225140205821319,-0.000193456895321242,0.000193456895321242,-0.0193456895321242,1152,148,514,638
1710260,"Catsploration",0,5,0,5,1,0.565517535216825,0.782758767608413,1,0.434482464783175,0.905590772082171,0.68618151869736,0.996989370906001,0.451796495462645,0.548203504537355,0.310807852208641,-0.0944092279178288,0.0944092279178288,-9.44092279178288,254,1014,527,-273
1711790,"Knight of the Lions",0,10,2,12,0.833333333333333,0.551969137747027,0.752501997781586,0.953034857816146,0.401065720069119,0.831469964857636,0.633539172788923,0.960951291292828,0.664196976389084,0.335803023610916,0.327412118503905,-0.00186336847569724,0.00186336847569724,-0.186336847569724,1414,1084,1416,-2
1714530,"Blood of Mehran",0,36,24,60,0.6,0.473660534920408,0.593982814785791,0.714305094651174,0.240644559730767,0.62091744786473,0.501756287264442,0.733141765137124,0.908169947975195,0.0918300520248048,0.231385477872682,0.02091744786473,0.02091744786473,2.091744786473,1901,1251,2126,-225
1715860,"Fight.EXE",0,10,0,10,1,0.722467200137111,0.861233600068555,1,0.277532799862889,0.934970756429782,0.777686418312525,0.997988980033724,0.622396454151338,0.377603545848662,0.220302561721199,-0.0650292435702178,0.0650292435702178,-6.50292435702178,144,624,289,-145
1717400,"Bulb Boy 2: Jar of Despair",0,42,8,50,0.84,0.71485783936965,0.815741816294658,0.916625793219666,0.201767953850016,0.838678159392876,0.732700975939429,0.921860101629873,0.891791299686107,0.108208700313893,0.189159125690444,-0.00132184060712359,0.00132184060712359,-0.132184060712359,1393,667,1392,1
1718460,"Terminator 2D: NO FATE",0,1214,227,1441,0.842470506592644,0.822753555909047,0.841559966311324,0.8603663767136,0.0376128208045523,0.842408933812601,0.8232010999076,0.860720417889838,0.995807429873161,0.00419257012683917,0.0375193179822384,-6.15727800425958e-05,6.15727800425958e-05,-0.00615727800425958,1385,363,1379,6
1724030,"Eyes of Hellfire",0,108,45,153,0.705882352941177,0.629352681219138,0.700839753958242,0.772326826697347,0.142974145478209,0.710531784334125,0.63789496518982,0.778154533704605,0.961859265175381,0.0381407348246192,0.140259568514784,0.00464943139294827,0.00464943139294827,0.464943139294827,1734,878,1938,-204
1727750,"Old Salt",0,1,1,2,0.5,0.0945312057342307,0.5,0.905468794265769,0.810937588531539,0.746518144640867,0.41858644386299,0.961464062212803,0.247925803745148,0.752074196254852,0.542877618349813,0.246518144640867,0.246518144640867,24.6518144640867,1995,2047,1751,244
1731000,"Skulker",0,17,4,21,0.80952380952381,0.599994353097951,0.761659351285166,0.923324349472382,0.323329996374431,0.813616824837391,0.650055412307947,0.933590971367305,0.775854532651986,0.224145467348014,0.283535559059358,0.00409301531358097,0.00409301531358097,0.409301531358097,1486,961,1500,-14
1735700,"Back to the Dawn",0,8050,494,8544,0.942181647940075,0.937031049528809,0.94198292846218,0.94693480739555,0.00990375786674158,0.94210047425893,0.937053170636586,0.9469519014659,0.999290423147507,0.000709576852492983,0.00989873082931403,-8.11736811446861e-05,8.11736811446861e-05,-0.00811736811446861,1001,69,252,749
1748160,"Warlordocracy",0,26,1,27,0.962962962962963,0.817165340664242,0.905298597341728,0.993431854019215,0.176266513354973,0.938161168785332,0.835976942456889,0.991906015744527,0.816525765849317,0.183474234150683,0.155929073287638,-0.024801794177631,0.024801794177631,-2.4801794177631,908,373,275,633
1752780,"City of Springs",0,33,5,38,0.868421052631579,0.726731405577087,0.834596364337943,0.942461323098799,0.215729917521712,0.862826379449159,0.748231529028804,0.94645294523121,0.862324658462675,0.137675341537326,0.198221416202406,-0.00559467318242024,0.00559467318242024,-0.559467318242024,1301,617,1036,265
1757300,"Jump Space",0,9095,1568,10663,0.85294945137391,0.846100276983814,0.85282234338337,0.859544409782926,0.0134441327991119,0.852935141317104,0.846152711347329,0.859592245822497,0.999431353311349,0.000568646688650459,0.0134395344751674,-1.43100568057442e-05,1.43100568057442e-05,-0.00143100568057442,1356,281,1069,287
1803850,"Lock & Key: A Magical Girl Mystery",0,31,0,31,1,0.889744604539564,0.944872302269782,1,0.110255395460436,0.971812602528984,0.900378288864943,0.999160145713657,0.836325003199392,0.163674996800608,0.0987818568487139,-0.0281873974710163,0.0281873974710163,-2.81873974710163,22,157,58,-36
1805570,"DEMONS",0,30,12,42,0.714285714285714,0.564327907318046,0.696328830528778,0.828329753739509,0.264001846421463,0.728611326103743,0.595986122130947,0.843233009830574,0.873781628378489,0.126218371621511,0.247246887699627,0.0143256118180284,0.0143256118180284,1.43256118180284,1722,1075,1832,-110
1817500,"Abandoned Archive",0,698,48,746,0.935656836461126,0.915721746244925,0.933424954271188,0.951128162297451,0.035406416052526,0.934786628226729,0.916088826193752,0.951296606444893,0.991932992474646,0.00806700752535444,0.0352077802511414,-0.000870208234397318,0.000870208234397318,-0.0870208234397318,1025,109,309,716
1820100,"DREAMOUT",0,62,4,66,0.939393939393939,0.854270913214358,0.91522614919102,0.976181385167682,0.121910471953324,0.929998123876212,0.861260052241206,0.976399817002749,0.915815345321192,0.0841846546788085,0.115139764761543,-0.00939581551772717,0.00939581551772717,-0.939581551772717,1011,255,345,666
1821550,"Snapshot Aquarium",0,7,0,7,1,0.645669564933313,0.822834782466656,1,0.354330435066687,0.920040873360553,0.730470837927101,0.997488688736488,0.535703506847418,0.464296493152582,0.267017850809387,-0.0799591266394466,0.0799591266394466,-7.99591266394466,187,828,398,-211
1829920,"Aluna Rift",0,3,0,3,1,0.438502968244955,0.719251484122477,1,0.561497031755045,0.884765810979371,0.624831367315985,0.996242206486757,0.330872758342948,0.669127241657052,0.371410839170772,-0.115234189020629,0.115234189020629,-11.5234189020629,353,1277,723,-370
1844460,"Termina",0,6,0,6,1,0.609665712097835,0.804832856048917,1,0.390334287902165,0.913414570778272,0.709988022926607,0.997261605765302,0.497226735266432,0.502773264733568,0.287273582838695,-0.0865854292217277,0.0865854292217277,-8.65854292217277,219,913,458,-239
1856490,"Arhaekon",0,24,2,26,0.923076923076923,0.75858446228371,0.868614686905717,0.978644911527724,0.220060449244014,0.905047963214802,0.784199847794922,0.978976713852497,0.810804163046963,0.189195836953038,0.194776866057574,-0.0180289598621209,0.0180289598621209,-1.80289598621209,1081,524,574,507
1858790,"Bony Odyssey",0,1,0,1,1,0.206549314377237,0.603274657188619,1,0.793450685622763,0.852153574587866,0.534749383069649,0.995001716766416,0.141504169329759,0.858495830670241,0.460252333696767,-0.147846425412134,0.147846425412134,-14.7846425412134,578,1737,1074,-496
1860290,"Moondrills",0,1,0,1,1,0.206549314377237,0.603274657188619,1,0.793450685622763,0.852153574587866,0.534749383069649,0.995001716766416,0.141504169329759,0.858495830670241,0.460252333696767,-0.147846425412134,0.147846425412134,-14.7846425412134,579,1738,1075,-496
1861410,"IRON GUARD: Salvation",0,40,3,43,0.930232558139535,0.81391013098758,0.894949270705183,0.975988410422785,0.162078279435205,0.917565245844863,0.826988603708727,0.97637072215558,0.876353999886154,0.123646000113846,0.149382118446853,-0.0126673122946719,0.0126673122946719,-1.26673122946719,1052,386,439,613
1864000,"Artis Impact",0,1952,349,2301,0.848326814428509,0.833090628377172,0.847746261215771,0.86240189405437,0.0293112656771979,0.848272793567907,0.833354255489045,0.862619459012504,0.997370284536305,0.00262971546369452,0.02926520352346,-5.40208606026882e-05,5.40208606026882e-05,-0.00540208606026882,1368,325,1340,28
1866640,"Kronos",0,1,0,1,1,0.206549314377237,0.603274657188619,1,0.793450685622763,0.852153574587866,0.534749383069649,0.995001716766416,0.141504169329759,0.858495830670241,0.460252333696767,-0.147846425412134,0.147846425412134,-14.7846425412134,580,1739,1076,-496
1869290,"Supraworld",0,1345,121,1466,0.917462482946794,0.902261180995391,0.916371436747355,0.930481692499319,0.028220511503928,0.917092886318766,0.902484861757583,0.930627891846085,0.995878631970745,0.00412136802925462,0.0281430300885018,-0.000369596628028268,0.000369596628028268,-0.0369596628028268,1102,130,443,659
1869780,"UnderMine 2",0,623,203,826,0.754237288135593,0.723743843150986,0.753060386135004,0.782376929119022,0.0586330859680366,0.754773548829793,0.72499065816065,0.783396451746384,0.992708603881716,0.00729139611828443,0.0584057935857346,0.000536260694199764,0.000536260694199764,0.0536260694199764,1624,622,1720,-96
1880620,"Once Upon A KATAMARI",0,1226,118,1344,0.912202380952381,0.895873661009414,0.911027570323239,0.926181479637064,0.0303078186276506,0.91182302323774,0.896136372522365,0.926354471794637,0.995506200879699,0.00449379912030083,0.030218099272272,-0.00037935771464126,0.00037935771464126,-0.037935771464126,1135,150,500,635
1891030,"Dummy Dungeon",0,3,1,4,0.75,0.300641842582402,0.627527290886351,0.954412739190299,0.653770896607897,0.796877462908124,0.514485438814817,0.9703895228262,0.397340615926201,0.602659384073799,0.455904084011384,0.0468774629081241,0.0468774629081241,4.68774629081241,1645,1631,1556,89
1893440,"INTO EVIL",0,96,8,104,0.923076923076923,0.855504453837442,0.908006350073193,0.960508246308945,0.105003792471503,0.917824360944849,0.860064383000134,0.961288173292214,0.944879632750552,0.055120367249448,0.101223790292081,-0.00525256213207459,0.00525256213207459,-0.525256213207459,1078,249,437,641
1909840,"JIANGHU CHRONICLES",0,1441,606,2047,0.703957010258915,0.683813758956186,0.703574975629797,0.723336192303408,0.0395224333472215,0.704322927065435,0.684402176633518,0.72386663160517,0.997044943107756,0.00295505689224449,0.0394644549716521,0.000365916806519651,0.000365916806519651,0.0365916806519651,1735,741,1946,-211
1911200,"Sultan Of Egypt",0,0,1,1,0,0,0.396725342811381,0.793450685622763,0.793450685622763,0.710649405258107,0.356458319924359,0.954614608918397,0.141504169329759,0.858495830670241,0.598156288994038,0.710649405258107,0.710649405258107,71.0649405258107,2182,2182,1877,305
1925940,"THE OFFICE ROOMS",1,21,0,21,1,0.845360981075153,0.922680490537577,1,0.154639018924847,0.961398640580626,0.864819857747774,0.998837861261328,0.775854532651986,0.224145467348014,0.134018003513554,-0.038601359419374,0.038601359419374,-3.8601359419374,46,284,100,-54
1926610,"Nature Game System",0,35,12,47,0.74468085106383,0.604918244695825,0.726193352172639,0.847468459649453,0.242550214953627,0.754181740299706,0.631076845817664,0.859162147303858,0.885674003970905,0.114325996029095,0.228085301486195,0.00950088923587589,0.00950088923587589,0.950088923587589,1678,948,1721,-43
1929290,"Bits & Bops",0,1638,149,1787,0.916620033575825,0.902891227728898,0.915726359434558,0.928561491140218,0.0256702634113208,0.916319453668012,0.903073533453023,0.928686014605009,0.996616451131629,0.00338354886837129,0.0256124811519864,-0.000300579907813181,0.000300579907813181,-0.0300579907813181,1116,128,445,671
1932190,"Outbreak: Shades of Horror",0,2,7,9,0.222222222222222,0.0632251071178467,0.305318069005429,0.547411030893011,0.484185923775164,0.466061068770805,0.230314952684143,0.71033998505218,0.597334709233019,0.40266529076698,0.480025032368038,0.243838846548583,0.243838846548583,24.3838846548583,2134,2108,2225,-91
1935330,"SOPA - Tale of the Stolen Potato",0,13,0,13,1,0.771904627645802,0.885952313822901,1,0.228095372354198,0.945202489330826,0.81088672917826,0.9983230513247,0.681808780229511,0.318191219770489,0.18743632214644,-0.0547975106691736,0.0547975106691736,-5.47975106691736,103,487,208,-105
1936360,"Escape From Mandrillia: Local Asymmetric VR+PC",0,173,8,181,0.955801104972376,0.915220669309415,0.946328440201445,0.977436211093475,0.06221554178406,0.951649282439184,0.916732118223501,0.977482337153856,0.967568134067837,0.0324318659321632,0.0607502189303548,-0.00415182253319157,0.00415182253319157,-0.415182253319157,936,111,165,771
1940870,"The Creator",0,35,8,43,0.813953488372093,0.673829963427256,0.788206224568647,0.902582485710038,0.228752522282782,0.815663617951124,0.697074443235013,0.909962316068719,0.876353999886154,0.123646000113846,0.212887872833705,0.00171012957903105,0.00171012957903105,0.171012957903105,1472,770,1473,-1
1941370,"Dancin' Divas",0,52,4,56,0.928571428571429,0.830245519391366,0.901059741406244,0.971873963421123,0.141628444029757,0.918719673887318,0.839715701896162,0.972455602839548,0.902251817167342,0.0977481828326585,0.132739900943387,-0.00985175468411092,0.00985175468411092,-0.985175468411092,1057,335,433,624
1942500,"Retro Golf Mania",0,2,0,2,1,0.342380227506653,0.671190113753327,1,0.657619772493347,0.870481046513441,0.58446518931204,0.995709839532952,0.247925803745148,0.752074196254852,0.411244650220912,-0.129518953486559,0.129518953486559,-12.9518953486559,438,1471,857,-419
1943950,"Escape the Backrooms",0,123368,13474,136842,0.901536078104676,0.899946201387405,0.901524806411706,0.903103411436007,0.00315721004860237,0.901532808445068,0.89994869053913,0.903105810032008,0.9999556666768,4.43333232000858e-05,0.00315711949287789,-3.26965960728565e-06,3.26965960728565e-06,-0.000326965960728565,1171,135,590,581
1946930,"公考刷题模拟器-我要上岸",0,11,7,18,0.611111111111111,0.386190416022379,0.591568975150371,0.796947534278364,0.410757118255985,0.665731341000176,0.470089366088958,0.835304186380051,0.747914267160497,0.252085732839503,0.365214820291093,0.0546202298890649,0.0546202298890649,5.46202298890649,1896,1421,2017,-121
1947160,"CYCLE",0,17,0,17,1,0.815681864991148,0.907840932495574,1,0.184318135008852,0.954704839520599,0.842326137969279,0.998627131738827,0.736985819489999,0.263014180510001,0.156300993769548,-0.0452951604794012,0.0452951604794012,-4.52951604794012,73,378,144,-71
1951060,"Fantasy Zoo",0,14,3,17,0.823529411764706,0.589705414311659,0.763897073967724,0.93808873362379,0.348383319312131,0.824648518434128,0.649321511543213,0.947188791089216,0.736985819489999,0.263014180510001,0.297867279546003,0.0011191066694225,0.0011191066694225,0.11191066694225,1448,983,1448,0
1961850,"Toroban",0,52,8,60,0.866666666666667,0.758348403235004,0.844603654214567,0.93085890519413,0.172510501959126,0.863096100658115,0.771200829800829,0.934264200753944,0.908169947975195,0.0918300520248048,0.163063370953116,-0.00357056600855132,0.00357056600855132,-0.357056600855132,1305,528,1035,270
1962020,"Space Tournament",0,5,0,5,1,0.565517535216825,0.782758767608413,1,0.434482464783175,0.905590772082171,0.68618151869736,0.996989370906001,0.451796495462645,0.548203504537355,0.310807852208641,-0.0944092279178288,0.0944092279178288,-9.44092279178288,255,1015,528,-273
1963370,"No One Survived",0,4518,2442,6960,0.649137931034483,0.637846528356405,0.649055662185592,0.66026479601478,0.0224182676583748,0.649293518857385,0.638048219867109,0.660457621721021,0.999129073888921,0.000870926111079071,0.0224094018539118,0.000155587822902259,0.000155587822902259,0.0155587822902259,1849,869,2065,-216
1968180,"DIGGERGUN",0,20,1,21,0.952380952380952,0.773306399258774,0.882425205724474,0.991544012190174,0.218237612931399,0.924453186644817,0.801493104957511,0.990013635223272,0.775854532651986,0.224145467348014,0.188520530265761,-0.0279277657361352,0.0279277657361352,-2.79277657361352,948,485,380,568
1968440,"Strange Hunting Grounds",0,1,0,1,1,0.206549314377237,0.603274657188619,1,0.793450685622763,0.852153574587866,0.534749383069649,0.995001716766416,0.141504169329759,0.858495830670241,0.460252333696767,-0.147846425412134,0.147846425412134,-14.7846425412134,581,1740,1077,-496
1976860,"MORSE",0,115,8,123,0.934959349593496,0.87689540032374,0.921786381971756,0.966677363619771,0.0897819632960308,0.929921473250244,0.880179500813578,0.967122973363539,0.952993926482831,0.047006073517169,0.0869434725499612,-0.00503787634325148,0.00503787634325148,-0.503787634325148,1028,190,346,682
1983950,"Pet Desktop Adventure",0,2,0,2,1,0.342380227506653,0.671190113753327,1,0.657619772493347,0.870481046513441,0.58446518931204,0.995709839532952,0.247925803745148,0.752074196254852,0.411244650220912,-0.129518953486559,0.129518953486559,-12.9518953486559,439,1472,858,-419
1985300,"SIR ABANDON",0,7,0,7,1,0.645669564933313,0.822834782466656,1,0.354330435066687,0.920040873360553,0.730470837927101,0.997488688736488,0.535703506847418,0.464296493152582,0.267017850809387,-0.0799591266394466,0.0799591266394466,-7.99591266394466,188,829,399,-211
1989960,"AirShooShoo",0,4,0,4,1,0.510109163545403,0.755054581772701,1,0.489890836454597,0.896212616889674,0.658188789563792,0.996657030244202,0.397340615926201,0.602659384073799,0.338468240680411,-0.103787383110326,0.103787383110326,-10.3787383110326,302,1146,612,-310
1995980,"Desktop Pachinko Idle",0,4,3,7,0.571428571428571,0.250458364527657,0.546119254638094,0.84178014474853,0.591321780220873,0.690453656140232,0.426813399655303,0.899184040791209,0.535703506847418,0.464296493152582,0.472370641135906,0.11902508471166,0.11902508471166,11.902508471166,1937,1669,1976,-39
2000780,"Mole Maiden",0,13,1,14,0.928571428571429,0.685312955758489,0.836295370255299,0.987277784752109,0.30196482899362,0.898099992382339,0.737150034502071,0.98626736576205,0.69766527778157,0.30233472221843,0.249117331259979,-0.0304714361890895,0.0304714361890895,-3.04714361890895,1059,731,596,463
2000970,"Beacon of Neyda",0,35,5,40,0.875,0.738878801611489,0.842141899551017,0.945404997490546,0.206526195879057,0.868781784847348,0.758549807239499,0.948910144576788,0.868301846123804,0.131698153876196,0.190360337337289,-0.0062182151526522,0.0062182151526522,-0.62182151526522,1273,589,1000,273
2012510,"Stormgate",1,1161,942,2103,0.55206847360913,0.530739194563578,0.551973535807147,0.573207877050717,0.0424686824871394,0.55286159625826,0.531601951506673,0.574026280868348,0.99712340585526,0.00287659414474002,0.0424243293616754,0.000793122649130229,0.000793122649130229,0.0793122649130229,1950,1111,2185,-235
2016460,"Tales of the Shire: A The Lord of The Rings<U+2122> Game",0,2633,602,3235,0.813910355486862,0.800129849813862,0.813538039114072,0.826946228414281,0.0268163786004192,0.813936326098897,0.800359031278885,0.827146662889119,0.998128107283091,0.00187189271690891,0.0267876316102342,2.59706120342429e-05,2.59706120342429e-05,0.00259706120342429,1475,419,1499,-24
2018960,"Neolithic Dawn",0,18,12,30,0.6,0.423203602533225,0.588648660682603,0.754093718831981,0.330890116298757,0.638316307242026,0.477443893019771,0.78465602274932,0.831786912524517,0.168213087475483,0.30721212972955,0.0383163072420263,0.0383163072420263,3.83163072420263,1903,1387,2080,-177
2021390,"Bat to Bed",0,53,11,64,0.828125,0.717867883773418,0.809545230380486,0.901222576987553,0.183354693214135,0.828095503124938,0.732120244134957,0.906377117288408,0.913412367049335,0.0865876329506648,0.174256873153451,-2.94968750624847e-05,2.94968750624847e-05,-0.00294968750624847,1443,656,1443,0
2022230,"Yomi 2",0,96,8,104,0.923076923076923,0.855504453837442,0.908006350073193,0.960508246308945,0.105003792471503,0.917824360944849,0.860064383000134,0.961288173292214,0.944879632750552,0.055120367249448,0.101223790292081,-0.00525256213207459,0.00525256213207459,-0.525256213207459,1079,250,438,641
2025870,"The Drain",0,16,1,17,0.941176470588235,0.730179693624246,0.859859646319624,0.989539599015002,0.259359905390756,0.911352732491775,0.769184980536344,0.988169501063287,0.736985819489999,0.263014180510001,0.218984520526943,-0.0298237380964599,0.0298237380964599,-2.98237380964599,1006,610,501,505
2055400,"Knights Together",0,1,0,1,1,0.206549314377237,0.603274657188619,1,0.793450685622763,0.852153574587866,0.534749383069649,0.995001716766416,0.141504169329759,0.858495830670241,0.460252333696767,-0.147846425412134,0.147846425412134,-14.7846425412134,582,1741,1078,-496
2058140,"Henry Halfhead",0,173,4,177,0.977401129943503,0.943342752686342,0.9672601103256,0.991177467964858,0.0478347152785161,0.972442754741799,0.944359156105277,0.990885079729482,0.966859499995993,0.0331405000040075,0.0465259236242048,-0.00495837520170417,0.00495837520170417,-0.495837520170417,869,53,57,812
2060160,"The Farmer Was Replaced",0,8581,409,8990,0.954505005561735,0.949999786332887,0.954310876915966,0.958621967499045,0.0086221811661582,0.954419545398354,0.950014975445907,0.958632768519493,0.999325601996074,0.000674398003926254,0.00861779307358657,-8.54601633815122e-05,8.54601633815122e-05,-0.00854601633815122,944,41,150,794
2070860,"Esophaguys",0,11,0,11,1,0.741167033031968,0.870583516515984,1,0.258832966968032,0.938781004972937,0.789970527437453,0.998114205660352,0.644521321079962,0.355478678920038,0.208143678222899,-0.0612189950270625,0.0612189950270625,-6.12189950270625,131,573,260,-129
2074740,"Particle Hearts",0,18,2,20,0.9,0.698966354771513,0.835549936778872,0.972133518786232,0.273167164014719,0.883192216109955,0.737909093196135,0.973793469608676,0.76725568840929,0.23274431159071,0.235884376412541,-0.0168077838900453,0.0168077838900453,-1.68077838900453,1181,714,812,369
2076520,"Death In Abyss",0,120,26,146,0.821917808219178,0.751854299196042,0.813664858643975,0.875475418091908,0.123621118895867,0.822151862001004,0.757748512937804,0.878537373816805,0.960103557050617,0.0398964429493828,0.120788860879,0.000234053781826393,0.000234053781826393,0.0234053781826393,1453,553,1453,0
2077750,"RENNSPORT",0,44,42,86,0.511627906976744,0.407767208353773,0.511130718636212,0.614494228918651,0.206727020564878,0.532461650744195,0.430663756611713,0.632923028453255,0.934103052983953,0.0658969470160469,0.202259271841542,0.0208337437674504,0.0208337437674504,2.08337437674504,1963,1403,2193,-230
2085620,"Second Sun",0,80,35,115,0.695652173913043,0.606359859086116,0.689327867759917,0.772295876433718,0.165936017347602,0.702273606822168,0.618180812497318,0.780036877032699,0.949887805022244,0.050112194977756,0.16185606453538,0.00662143290912498,0.00662143290912498,0.662143290912498,1752,947,1949,-197
2092170,"By Grit Alone",0,6,0,6,1,0.609665712097835,0.804832856048917,1,0.390334287902165,0.913414570778272,0.709988022926607,0.997261605765302,0.497226735266432,0.502773264733568,0.287273582838695,-0.0865854292217277,0.0865854292217277,-8.65854292217277,220,914,459,-239
2094910,"Pile Up!",0,711,248,959,0.741397288842544,0.712759931622268,0.740434183508826,0.768108435395383,0.055348503773115,0.74194036429642,0.713882198937801,0.769048762157079,0.993713462357338,0.00628653764266204,0.0551665632192782,0.000543075453875441,0.000543075453875441,0.0543075453875441,1680,671,1812,-132
2099220,"Mobmania",0,319,50,369,0.86449864498645,0.825799935162517,0.860743143816212,0.895686352469908,0.0698864173073908,0.863904769385539,0.827468651991319,0.896667690146645,0.983824408120221,0.0161755918797794,0.0691990381553264,-0.000593875600911398,0.000593875600911398,-0.0593875600911398,1312,343,1032,280
2105620,"Sektori",0,860,34,894,0.961968680089485,0.947325742462161,0.959992124380702,0.972658506299244,0.0253327638370833,0.961064206310247,0.947495800546352,0.972695318819199,0.993259468400507,0.0067405315994931,0.0251995182728473,-0.000904473779238413,0.000904473779238413,-0.0904473779238413,913,44,106,807
2112750,"Toziuha Night: Order of the Alchemists",0,109,28,137,0.795620437956204,0.72047406230457,0.787557373653455,0.854640685002339,0.134166622697769,0.796984387920525,0.727556163187755,0.858554025716472,0.957593766789532,0.0424062332104677,0.130997862528717,0.00136394996432021,0.00136394996432021,0.136394996432021,1545,646,1554,-9
2115390,"Project Unknown",0,634,141,775,0.818064516129032,0.789356174082833,0.816495735054019,0.843635296025205,0.0542791219423722,0.818140014770045,0.790350223856747,0.844386923394643,0.992232509979965,0.00776749002003524,0.0540366995378951,7.5498641012306e-05,7.5498641012306e-05,0.0075498641012306,1465,450,1465,0
2115490,"High School Dirty Secrets",0,36,1,37,0.972972972972973,0.861759301362695,0.928486163455377,0.99521302554806,0.133453724185365,0.952519942864892,0.872834866531281,0.993848651653222,0.859127882122258,0.140872117877742,0.121013785121942,-0.0204530301080807,0.0204530301080807,-2.04530301080807,883,234,161,722
2117370,"Mad World Survivors",0,11,6,17,0.647058823529412,0.413003634852187,0.619953215439875,0.826902796027563,0.413899161175376,0.694592197347658,0.496914680445818,0.860363346093821,0.736985819489999,0.263014180510001,0.363448665648003,0.0475333738182461,0.0475333738182461,4.75333738182461,1852,1392,1971,-119
2122880,"All Hands on Deck",0,63,25,88,0.715909090909091,0.614204186395073,0.70687824697008,0.799552307545087,0.185348121150015,0.723124583812123,0.628973944266649,0.808291091670604,0.935504118104499,0.0644958818955008,0.179317147403955,0.00721549290303158,0.00721549290303158,0.721549290303158,1721,906,1850,-129
2126190,"Rue Valley",0,1327,572,1899,0.698788836229595,0.677769945891493,0.698387521067551,0.719005096243609,0.0412351503521156,0.699199638931687,0.67841633542448,0.719586792764245,0.996815371950301,0.00318462804969904,0.0411704573397645,0.000410802702092483,0.000410802702092483,0.0410802702092483,1749,752,1953,-204
2128430,"Seven Seas: Adventures",0,2,6,8,0.25,0.0714792127521091,0.33110189122097,0.590724569689831,0.519245356937722,0.499192752988305,0.251176879599192,0.74742596415009,0.568709749645159,0.431290250354841,0.496249084550897,0.249192752988305,0.249192752988305,24.9192752988305,2124,2106,2209,-85
2135960,"Rhythm Storm",0,79,7,86,0.918604651162791,0.841398173346068,0.900705870903643,0.960013568461218,0.11861539511515,0.91261986998185,0.847395689159514,0.960976765491894,0.934103052983953,0.0658969470160469,0.11358107633238,-0.00598478118094081,0.00598478118094081,-0.598478118094081,1101,298,494,607
2140810,"Trinity Building Editor",0,1,2,3,0.333333333333333,0.0614919447203963,0.426916171959174,0.792340399197952,0.730848454477556,0.664183972084073,0.347732278340177,0.912726902582571,0.330872758342948,0.669127241657052,0.564994624242395,0.330850638750739,0.330850638750739,33.0850638750739,2097,2110,2031,66
2143760,"Her Name",0,1,0,1,1,0.206549314377237,0.603274657188619,1,0.793450685622763,0.852153574587866,0.534749383069649,0.995001716766416,0.141504169329759,0.858495830670241,0.460252333696767,-0.147846425412134,0.147846425412134,-14.7846425412134,583,1742,1079,-496
2158690,"Star Rift Saga",0,30,1,31,0.967741935483871,0.838058948352751,0.916170863413667,0.994282778474583,0.156223830121832,0.944834376619326,0.853013172191773,0.992813810152352,0.836325003199392,0.163674996800608,0.13980063796058,-0.022907558864545,0.022907558864545,-2.2907558864545,897,310,219,678
2165140,"Kentum",0,129,43,172,0.75,0.680304659601744,0.744538462592301,0.808772265582858,0.128467605981114,0.752650195177286,0.686884484995716,0.813041849420811,0.96592893697449,0.0340710630255096,0.126157364425095,0.00265019517728615,0.00265019517728615,0.265019517728615,1627,748,1727,-100
2167530,"V's Rage",0,8,2,10,0.8,0.490162471536642,0.716740160041133,0.943317848545625,0.453155377008983,0.810491465599515,0.593313242217928,0.955495361116023,0.622396454151338,0.377603545848662,0.362182118898094,0.0104914655995145,0.0104914655995145,1.04914655995145,1508,1214,1511,-3
2171630,"Return from Core",0,1218,399,1617,0.753246753246753,0.731649637537777,0.752646548353932,0.773643459170087,0.0419938216323092,0.753525370404465,0.732274258700136,0.774184710703295,0.996262058286121,0.00373794171387877,0.041910452003159,0.000278617157711381,0.000278617157711381,0.0278617157711381,1625,608,1723,-98
2174300,"Piczle World of Puzzles",1,2,0,2,1,0.342380227506653,0.671190113753327,1,0.657619772493347,0.870481046513441,0.58446518931204,0.995709839532952,0.247925803745148,0.752074196254852,0.411244650220912,-0.129518953486559,0.129518953486559,-12.9518953486559,440,1473,859,-419
2176710,"MEAT 2",0,15,2,17,0.882352941176471,0.656636494051141,0.811878360143674,0.967120226236207,0.310483732185066,0.868000625462952,0.70649451941807,0.970107735320386,0.736985819489999,0.263014180510001,0.263613215902316,-0.0143523157135187,0.0143523157135187,-1.43523157135187,1253,801,1003,250
2177940,"Odania Sports Arena",0,0,1,1,0,0,0.396725342811381,0.793450685622763,0.793450685622763,0.710649405258107,0.356458319924359,0.954614608918397,0.141504169329759,0.858495830670241,0.598156288994038,0.710649405258107,0.710649405258107,71.0649405258107,2183,2183,1878,305
2179390,"Dyer Expedition",0,28,5,33,0.848484848484849,0.690801241195579,0.812148334189752,0.933495427183924,0.242694185988346,0.845270146847336,0.71814527126509,0.939133068808534,0.844704212856161,0.155295787143839,0.220987797543444,-0.00321470163751225,0.00321470163751225,-0.321470163751225,1366,724,1359,7
2182990,"Autumn with the Shiba Inu",0,3,0,3,1,0.438502968244955,0.719251484122477,1,0.561497031755045,0.884765810979371,0.624831367315985,0.996242206486757,0.330872758342948,0.669127241657052,0.371410839170772,-0.115234189020629,0.115234189020629,-11.5234189020629,354,1278,724,-370
2183670,"Hotel Galactic",0,433,157,590,0.733898305084746,0.696810024565946,0.732385256957393,0.76796048934884,0.0711504647828942,0.73485390241605,0.698719757209901,0.769495373841227,0.989821730950976,0.0101782690490242,0.070775616631326,0.000955597331304459,0.000955597331304459,0.0955597331304459,1689,718,1817,-128
2185030,"Dealer's Life Legend",0,221,50,271,0.81549815498155,0.765018516032333,0.811088437555485,0.857158359078638,0.0921398430463047,0.815767185371412,0.768116282637925,0.859102442713892,0.978103017961465,0.0218969820385347,0.0909861600759667,0.000269030389862035,0.000269030389862035,0.0269030389862035,1469,508,1472,-3
2186270,"她毕业了 So Long, My Youth",0,16,11,27,0.592592592592593,0.407267009680647,0.581059719468346,0.754852429256044,0.347585419575397,0.63574421847077,0.467596291044621,0.788336058024537,0.816525765849317,0.183474234150683,0.320739766979917,0.0431516258781773,0.0431516258781773,4.31516258781773,1922,1404,2083,-161
2192780,"Grimdark Survivors",0,1,17,18,0.0555555555555556,0.00987519097830307,0.133724099398514,0.257573007818726,0.247697816840423,0.2502234147999,0.10260334089659,0.437017071990873,0.747914267160497,0.252085732839503,0.334413731094284,0.194667859244345,0.194667859244345,19.4667859244345,2145,2145,2241,-96
2201910,"Winds Of Arcana: Ruination",0,88,24,112,0.785714285714286,0.700919913787514,0.77623961512373,0.851559316459947,0.150639402672432,0.787876077017481,0.710069979100749,0.856452136648069,0.94861448839186,0.0513855116081403,0.14638215754732,0.00216179130319549,0.00216179130319549,0.216179130319549,1558,697,1592,-34
2204560,"Mineral Madness",0,10,1,11,0.909090909090909,0.622641563548404,0.80320469533126,0.983767827114115,0.361126263565711,0.880188157602032,0.694898378185995,0.983635966457539,0.644521321079962,0.355478678920038,0.288737588271544,-0.0289027514888772,0.0289027514888772,-2.89027514888772,1145,886,822,323
2208840,"Amazing Space",0,0,1,1,0,0,0.396725342811381,0.793450685622763,0.793450685622763,0.710649405258107,0.356458319924359,0.954614608918397,0.141504169329759,0.858495830670241,0.598156288994038,0.710649405258107,0.710649405258107,71.0649405258107,2184,2184,1879,305
2212790,"Asbury Pines",0,499,53,552,0.903985507246377,0.876543053286172,0.901193535424885,0.925844017563599,0.0493009642774267,0.903157099243022,0.877312564893865,0.926267044972068,0.989128670310107,0.0108713296898934,0.0489544800782024,-0.000828408003355263,0.000828408003355263,-0.0828408003355263,1167,193,585,582
2212830,"Soul Taker",0,14,1,15,0.933333333333333,0.7018347012622,0.844983902884466,0.988133104506731,0.286298403244532,0.902936957694645,0.748766183226432,0.986965939431606,0.712016430428814,0.287983569571186,0.238199756205174,-0.0303963756386879,0.0303963756386879,-3.03963756386879,1039,693,586,453
2217720,"Oxide Room 208",0,7,15,22,0.318181818181818,0.163605931813562,0.345209977201567,0.526814022589572,0.36320809077601,0.428337174143007,0.254783276883797,0.611571664832818,0.783840638389173,0.216159361610827,0.356788387949021,0.110155355961189,0.110155355961189,11.0155355961189,2117,2007,2230,-113
2218400,"Greedland",0,2437,483,2920,0.83458904109589,0.820674689247851,0.834149444749328,0.847624200250805,0.0269495110029541,0.834574932178153,0.820900000190831,0.847816689296099,0.997926592341698,0.00207340765830188,0.0269166891052679,-1.41089177368992e-05,1.41089177368992e-05,-0.00141089177368992,1408,369,1408,0
2221390,"Damned 2",0,76,14,90,0.844444444444444,0.755671547227016,0.830344395638954,0.905017244050892,0.149345696823876,0.843392306355442,0.764728434883379,0.908544717371176,0.936846846183291,0.0631531538167095,0.143816282487797,-0.00105213808900206,0.00105213808900206,-0.105213808900206,1381,549,1377,4
2221780,"Metavoidal",0,43,3,46,0.934782608695652,0.824972589180958,0.901272363875835,0.977572138570711,0.152599549389754,0.922314983623871,0.836570350954471,0.97778642886025,0.883478253290958,0.116521746709042,0.141216077905779,-0.0124676250717816,0.0124676250717816,-1.24676250717816,1029,344,388,641
2228490,"Atomic Owl",0,27,3,30,0.9,0.743789174208159,0.854594642730413,0.965400111252666,0.221610937044507,0.887852380999381,0.768140380419585,0.967353445468915,0.831786912524517,0.168213087475483,0.19921306504933,-0.0121476190006186,0.0121476190006186,-1.21476190006186,1178,565,696,482
2234150,"BACKROOMS: APPREHENSION",0,1136,230,1366,0.831625183016105,0.810857423795625,0.830695203509164,0.850532983222704,0.039675559427079,0.831608199792588,0.811363961454012,0.850936899373588,0.995578255368088,0.00442174463191166,0.0395729379195757,-1.69832235170642e-05,1.69832235170642e-05,-0.00169832235170642,1437,392,1415,22
2235200,"Neon Abyss 2",0,1343,613,1956,0.686605316973415,0.665699297053301,0.686239554407443,0.706779811761585,0.041080514708284,0.6870418582467,0.666351730392406,0.70737081946922,0.996907888569432,0.00309211143056839,0.0410190890768144,0.00043654127328463,0.00043654127328463,0.043654127328463,1760,792,1986,-226
2238440,"The Last Craftsman",0,70,4,74,0.945945945945946,0.869096235954476,0.923938611890801,0.978780987827125,0.109684751872649,0.936992459888901,0.874734640212992,0.978825347918801,0.924226773621978,0.0757732263780219,0.10409070770581,-0.0089534860570446,0.0089534860570446,-0.89534860570446,983,216,282,701
2243700,"Isle of Leil",0,2,1,3,0.666666666666667,0.207659600802048,0.573083828040826,0.938508055279604,0.730848454477556,0.774474891531722,0.470582557778087,0.966512741987473,0.330872758342948,0.669127241657052,0.495930184209387,0.107808224865055,0.107808224865055,10.7808224865055,1798,1693,1633,165
2248170,"DRINK HUMAN BEANS",0,11,0,11,1,0.741167033031968,0.870583516515984,1,0.258832966968032,0.938781004972937,0.789970527437453,0.998114205660352,0.644521321079962,0.355478678920038,0.208143678222899,-0.0612189950270625,0.0612189950270625,-6.12189950270625,132,574,261,-129
2262890,"Whispers in the Dark",0,2,5,7,0.285714285714286,0.0822189240040568,0.361642236085719,0.641065548167381,0.558846624163324,0.537395511326684,0.27632487038768,0.787633797103862,0.535703506847418,0.464296493152582,0.511308926716182,0.251681225612398,0.251681225612398,25.1681225612398,2120,2103,2191,-71
2263360,"HYPERBEAT",0,378,1,379,0.997361477572559,0.985207749177874,0.992370916620827,0.999534084063781,0.0143263348859068,0.994689701659545,0.985379011603421,0.999331922858757,0.984244480337209,0.015755519662791,0.013952911255336,-0.00267177591301482,0.00267177591301482,-0.267177591301482,834,2,3,831
2268550,"Trans Theft Horso",0,18,0,18,1,0.824120776353342,0.912060388176671,1,0.175879223646658,0.956586889340369,0.848621716716155,0.998686668099094,0.747914267160497,0.252085732839503,0.150064951382939,-0.0434131106596307,0.0434131106596307,-4.34131106596307,62,346,129,-67
2271110,"RogueViz Collection",0,10,1,11,0.909090909090909,0.622641563548404,0.80320469533126,0.983767827114115,0.361126263565711,0.880188157602032,0.694898378185995,0.983635966457539,0.644521321079962,0.355478678920038,0.288737588271544,-0.0289027514888772,0.0289027514888772,-2.89027514888772,1146,887,823,323
2279180,"Death Nomad",0,3,3,6,0.5,0.187616306482651,0.5,0.812383693517349,0.624767387034699,0.664801203145056,0.389064584008582,0.889062542250215,0.497226735266432,0.502773264733568,0.499997958241633,0.164801203145056,0.164801203145056,16.4801203145056,1972,1995,2022,-50
2279440,"Soul Mates",0,93,2,95,0.978947368421053,0.92645880505291,0.960333149094252,0.994207493135595,0.0677486880826841,0.969873228663877,0.928979584824501,0.99357802824144,0.939971169544,0.0600288304559998,0.0645984434169384,-0.00907413975717541,0.00907413975717541,-0.907413975717541,865,89,68,797
2282770,"Jack the Ripper: Hunter Clan",0,2,1,3,0.666666666666667,0.207659600802048,0.573083828040826,0.938508055279604,0.730848454477556,0.774474891531722,0.470582557778087,0.966512741987473,0.330872758342948,0.669127241657052,0.495930184209387,0.107808224865055,0.107808224865055,10.7808224865055,1799,1694,1634,165
2285150,"The Front",0,6381,3176,9557,0.667678141676258,0.658168549997599,0.667610770129606,0.677052990261612,0.0188844402640134,0.667779715056696,0.658307069270739,0.677185891196761,0.999365587460051,0.000634412539948856,0.0188788219260217,0.000101573380438147,0.000101573380438147,0.0101573380438147,1773,799,2011,-238
2288470,"Aethermancer",0,2349,225,2574,0.912587412587413,0.901052304662091,0.91197258131066,0.92289285795923,0.0218405532971393,0.912388001378759,0.901181960344108,0.922988615505941,0.997648537907704,0.00235146209229639,0.0218066551618334,-0.000199411208653522,0.000199411208653522,-0.0199411208653522,1131,134,498,633
2292540,"Cosmic Waves",0,2,1,3,0.666666666666667,0.207659600802048,0.573083828040826,0.938508055279604,0.730848454477556,0.774474891531722,0.470582557778087,0.966512741987473,0.330872758342948,0.669127241657052,0.495930184209387,0.107808224865055,0.107808224865055,10.7808224865055,1800,1695,1635,165
2292870,"Eternal Rising",0,18,6,24,0.75,0.55100555994846,0.715505948831255,0.88000633771405,0.32900077776559,0.765695387743035,0.601815231753047,0.896206544626086,0.798219184162004,0.201780815837996,0.294391312873038,0.0156953877430346,0.0156953877430346,1.56953877430346,1629,1087,1699,-70
2296120,"Dreadstone Keep",0,9,0,9,1,0.700854951580456,0.850427475790228,1,0.299145048419544,0.930654731507598,0.763886321497756,0.997845939982778,0.597334709233019,0.40266529076698,0.233959618485022,-0.0693452684924021,0.0693452684924021,-6.93452684924021,161,699,329,-168
2297590,"Glory Hunters",0,14,3,17,0.823529411764706,0.589705414311659,0.763897073967724,0.93808873362379,0.348383319312131,0.824648518434128,0.649321511543213,0.947188791089216,0.736985819489999,0.263014180510001,0.297867279546003,0.0011191066694225,0.0011191066694225,0.11191066694225,1449,984,1449,0
2299690,"香恋Ready！",0,54,8,62,0.870967741935484,0.765506727098264,0.849323973252717,0.93314121940717,0.167634492308906,0.867118726628925,0.777611894825434,0.936286588419281,0.910868176104208,0.0891318238957923,0.158674693593846,-0.0038490153065589,0.0038490153065589,-0.38490153065589,1294,507,1012,282
2300120,"Painkiller",0,587,496,1083,0.542012927054478,0.512243283940575,0.541864431680193,0.571485579419811,0.0592422954792355,0.543604890776938,0.513966039139896,0.573092043329325,0.994429240833864,0.00557075916613594,0.0591260041894289,0.0015919637224594,0.0015919637224594,0.15919637224594,1954,1142,2190,-236
2308690,"Ground of Aces",0,1187,216,1403,0.846044191019244,0.82621658057141,0.845099298116348,0.863982015661285,0.0377654350898746,0.845965570747066,0.826666240223526,0.864334827116813,0.995694363799807,0.00430563620019263,0.0376685868932864,-7.86202721783091e-05,7.86202721783091e-05,-0.00786202721783091,1377,342,1358,19
2316640,"Light On",0,12,0,12,1,0.757505993344759,0.87875299667238,1,0.242494006655241,0.942169460922484,0.800974166896997,0.998224749770572,0.664196976389084,0.335803023610916,0.197250582873575,-0.0578305390775165,0.0578305390775165,-5.78305390775165,114,532,235,-121
2319790,"Captain Wayne - Vacation Desperation",0,983,26,1009,0.974231912784936,0.962511131730367,0.972433267647973,0.982355403565578,0.0198442718352105,0.973356613747339,0.962604881465548,0.982345892984299,0.994023123595403,0.00597687640459668,0.0197410115187503,-0.000875299037596422,0.000875299037596422,-0.0875299037596422,880,24,53,827
2321250,"A Corgi's Cozy Hike",0,63,0,63,1,0.942528800411148,0.971264400205574,1,0.0574711995888516,0.984872350870934,0.945928214747882,0.999555025736676,0.912158689877401,0.0878413101225991,0.0536268109887941,-0.0151276491290655,0.0151276491290655,-1.51276491290655,9,56,21,-12
2321470,"Deep Rock Galactic: Survivor",0,39900,6406,46306,0.861659396190558,0.858484734944518,0.861629396094816,0.864774057245113,0.00628932230059487,0.861654958522596,0.858495755352449,0.864784576258105,0.999868998946004,0.000131001053995735,0.00628882090565641,-4.43766796220935e-06,4.43766796220935e-06,-0.000443766796220935,1315,243,1039,276
2324760,"Florida Interstate '86",0,20,2,22,0.909090909090909,0.721850531583942,0.848277551296473,0.974704571009005,0.252854039425063,0.891515733191154,0.755386597020728,0.975783776395707,0.783840638389173,0.216159361610827,0.220397179374979,-0.0175751758997547,0.0175751758997547,-1.75751758997547,1143,642,686,457
2327050,"Pyrite Tycoon",1,1,1,2,0.5,0.0945312057342307,0.5,0.905468794265769,0.810937588531539,0.746518144640867,0.41858644386299,0.961464062212803,0.247925803745148,0.752074196254852,0.542877618349813,0.246518144640867,0.246518144640867,24.6518144640867,1996,2048,1752,244
2327950,"Citadel Anew",0,5,5,10,0.5,0.236593090512564,0.5,0.763406909487436,0.526813818974872,0.623772529354113,0.383056116591818,0.835339031858149,0.622396454151338,0.377603545848662,0.45228291526633,0.123772529354113,0.123772529354113,12.3772529354113,1968,1676,2102,-134
2334690,"Detective Malinowski The Truth Will Be Revealed",0,8,0,8,1,0.67559243511612,0.83779621755806,1,0.32440756488388,0.925725065222174,0.748273816826629,0.99768099293825,0.568709749645159,0.431290250354841,0.249407176111621,-0.0742749347778259,0.0742749347778259,-7.42749347778259,175,756,368,-193
2336210,"Monochrome Heights",0,7,0,7,1,0.645669564933313,0.822834782466656,1,0.354330435066687,0.920040873360553,0.730470837927101,0.997488688736488,0.535703506847418,0.464296493152582,0.267017850809387,-0.0799591266394466,0.0799591266394466,-7.99591266394466,189,830,400,-211
2345740,"Rogue Tactics",0,29,2,31,0.935483870967742,0.792813632637019,0.887469424557552,0.982125216478085,0.189311583841067,0.917856150709668,0.811923648939138,0.98195107213763,0.836325003199392,0.163674996800608,0.170027423198491,-0.0176277202580737,0.0176277202580737,-1.76277202580737,1026,441,436,590
2347080,"Frosthaven",0,588,222,810,0.725925925925926,0.694196063378336,0.72485952026231,0.755522977146284,0.0613269137679477,0.726683177332314,0.695610281509956,0.756703712673237,0.992565647055916,0.00743435294408365,0.0610934311632809,0.000757251406387827,0.000757251406387827,0.0757251406387827,1708,723,1835,-127
2350270,"Primal Planet",0,552,69,621,0.888888888888889,0.86174091063531,0.886498041368445,0.91125517210158,0.0495142614662702,0.888297696828032,0.862519381372073,0.911731431047332,0.990324909041919,0.00967509095808131,0.0492120496752592,-0.000591192060856671,0.000591192060856671,-0.0591192060856671,1218,235,694,524
2352620,"Fellowship",0,11436,3837,15273,0.748772343351012,0.741831855776218,0.748709787965117,0.755587720154016,0.0137558643777982,0.748803717009276,0.741896380530186,0.755649360030817,0.999602925387495,0.000397074612504668,0.0137529795006313,3.13736582643331e-05,3.13736582643331e-05,0.00313736582643331,1669,571,1735,-66
2353100,"Ember the Werefox",0,3,0,3,1,0.438502968244955,0.719251484122477,1,0.561497031755045,0.884765810979371,0.624831367315985,0.996242206486757,0.330872758342948,0.669127241657052,0.371410839170772,-0.115234189020629,0.115234189020629,-11.5234189020629,355,1279,725,-370
2357350,"Primal Fray",0,18,4,22,0.818181818181818,0.614833925628735,0.770882539897257,0.926931154165779,0.312097228537045,0.820257493337593,0.661434205207092,0.936166973731534,0.783840638389173,0.216159361610827,0.274732768524442,0.002075675155775,0.002075675155775,0.2075675155775,1460,904,1459,1
2359270,"Bravest Chicken",0,14,0,14,1,0.784689197262364,0.892344598631182,1,0.215310802737636,0.947933226509594,0.819862183909706,0.998411037394891,0.69766527778157,0.30233472221843,0.178548853485185,-0.0520667734904059,0.0520667734904059,-5.20667734904059,93,460,188,-95
2359390,"Just Climb",0,14,0,14,1,0.784689197262364,0.892344598631182,1,0.215310802737636,0.947933226509594,0.819862183909706,0.998411037394891,0.69766527778157,0.30233472221843,0.178548853485185,-0.0520667734904059,0.0520667734904059,-5.20667734904059,94,461,189,-95
2361770,"SHINOBI: Art of Vengeance",0,2972,578,3550,0.837183098591549,0.824674823471486,0.836818626792995,0.848962430114504,0.0242876066430182,0.837167063572275,0.824855871738996,0.849119058048044,0.998293921430435,0.00170607856956499,0.0242631863090484,-1.60350192741632e-05,1.60350192741632e-05,-0.00160350192741632,1398,345,1397,1
2365410,"A Call From Under the House",0,9,1,10,0.9,0.595849973204762,0.788986880054844,0.982123786904927,0.386273813700165,0.872731111014648,0.677664932231878,0.982519288093029,0.622396454151338,0.377603545848662,0.304854355861151,-0.0272688889853516,0.0272688889853516,-2.72688889853516,1185,971,848,337
2367120,"Blood Lily Ghoststories",0,98,10,108,0.907407407407407,0.837901407547764,0.893414038621773,0.948926669695782,0.111025262148017,0.903172459206756,0.842875206405546,0.950138919007372,0.946812545907842,0.0531874540921581,0.107263712601826,-0.00423494820065184,0.00423494820065184,-0.423494820065184,1154,312,584,570
2372450,"Rootin' Tootin' Lootin' & Shootin'",0,6,0,6,1,0.609665712097835,0.804832856048917,1,0.390334287902165,0.913414570778272,0.709988022926607,0.997261605765302,0.497226735266432,0.502773264733568,0.287273582838695,-0.0865854292217277,0.0865854292217277,-8.65854292217277,221,915,460,-239
2376990,"Meduziak",0,5,1,6,0.833333333333333,0.43649717781353,0.703221904032612,0.969946630251693,0.533449452438163,0.830543448233867,0.584163438104136,0.975953731492499,0.497226735266432,0.502773264733568,0.391790293388363,-0.00278988509946654,0.00278988509946654,-0.278988509946654,1418,1363,1423,-5
2377620,"Lord O' Pirates",0,18,3,21,0.857142857142857,0.653639397193791,0.801914636098269,0.950189875002747,0.296550477808957,0.850562278773199,0.696979902360208,0.955625305483365,0.775854532651986,0.224145467348014,0.258645403123157,-0.00658057836965775,0.00658057836965775,-0.658057836965775,1327,810,1334,-7
2377720,"Super Power Racing",0,15,0,15,1,0.796116698964151,0.898058349482076,1,0.203883301035849,0.950404719723233,0.828026949892693,0.998490250764892,0.712016430428814,0.287983569571186,0.170463300872199,-0.049595280276767,0.049595280276767,-4.9595280276767,85,432,169,-84
2393510,"Master of Luna",0,20,1,21,0.952380952380952,0.773306399258774,0.882425205724474,0.991544012190174,0.218237612931399,0.924453186644817,0.801493104957511,0.990013635223272,0.775854532651986,0.224145467348014,0.188520530265761,-0.0279277657361352,0.0279277657361352,-2.79277657361352,949,486,381,568
2398290,"King of the Arcade",0,1,2,3,0.333333333333333,0.0614919447203963,0.426916171959174,0.792340399197952,0.730848454477556,0.664183972084073,0.347732278340177,0.912726902582571,0.330872758342948,0.669127241657052,0.564994624242395,0.330850638750739,0.330850638750739,33.0850638750739,2098,2111,2032,66
2402620,"World Guesser",0,0,1,1,0,0,0.396725342811381,0.793450685622763,0.793450685622763,0.710649405258107,0.356458319924359,0.954614608918397,0.141504169329759,0.858495830670241,0.598156288994038,0.710649405258107,0.710649405258107,71.0649405258107,2185,2185,1880,305
2403600,"Jamboy, a Jelly-cious Hero",0,43,1,44,0.977272727272727,0.881922903017867,0.938949825478907,0.995976747939947,0.11405384492208,0.959158264861679,0.890128077970008,0.994733437720925,0.878823614083587,0.121176385916413,0.104605359750918,-0.0181144624110487,0.0181144624110487,-1.81144624110487,870,173,118,752
2411100,"Mind Control: Bloody Renaissance",0,29,0,29,1,0.883030201500259,0.94151510075013,1,0.116969798499741,0.970204968338696,0.894844533779137,0.999110828745026,0.826989997325844,0.173010002674156,0.104266294965889,-0.0297950316613044,0.0297950316613044,-2.97950316613044,25,170,65,-40
2416100,"Goodnight Universe",0,1296,42,1338,0.968609865470852,0.957842639624644,0.967268316892707,0.97669399416077,0.0188513545361262,0.967974198806788,0.957925039347263,0.976706205133354,0.995486140275478,0.00451385972452254,0.0187811657860911,-0.000635666664063894,0.000635666664063894,-0.0635666664063894,896,31,73,823
2421540,"白猫骑士物语/ White Cat Knight",0,86,0,86,1,0.957241802714258,0.978620901357129,1,0.0427581972857424,0.988651513829381,0.959305630338593,0.999667418192523,0.934103052983953,0.0658969470160469,0.0403617878539296,-0.011348486170619,0.011348486170619,-1.1348486170619,7,33,12,-5
2424300,"Grey Heritage: Noble Duty",0,11,1,12,0.916666666666667,0.646120088858883,0.815627497226983,0.985134905595083,0.3390148167362,0.88681971289006,0.710400627432893,0.984618474807295,0.664196976389084,0.335803023610916,0.274217847374402,-0.0298469537766067,0.0298469537766067,-2.98469537766067,1107,819,707,400
2424480,"No Heroes Here 2",0,8,5,13,0.615384615384615,0.355228915126657,0.589065918574516,0.822902922022374,0.467674006895717,0.682968343088707,0.464246662381457,0.865412241236979,0.681808780229511,0.318191219770489,0.401165578855523,0.0675837277040915,0.0675837277040915,6.75837277040915,1890,1457,1998,-108
2430170,"Hidden Pass",0,11,5,16,0.6875,0.444043558347407,0.651198559899793,0.85835356145218,0.414310003104773,0.726068810114011,0.527294371752641,0.886150175240911,0.725066889874052,0.274933110125948,0.35885580348827,0.038568810114011,0.038568810114011,3.8568810114011,1759,1273,1837,-78
2430540,"Radix Chronicle",0,31,0,31,1,0.889744604539564,0.944872302269782,1,0.110255395460436,0.971812602528984,0.900378288864943,0.999160145713657,0.836325003199392,0.163674996800608,0.0987818568487139,-0.0281873974710163,0.0281873974710163,-2.81873974710163,23,158,59,-36
2436660,"Splatterbot",0,10,0,10,1,0.722467200137111,0.861233600068555,1,0.277532799862889,0.934970756429782,0.777686418312525,0.997988980033724,0.622396454151338,0.377603545848662,0.220302561721199,-0.0650292435702178,0.0650292435702178,-6.50292435702178,145,625,290,-145
2440940,"JUMPING JUMP NINJA",0,0,1,1,0,0,0.396725342811381,0.793450685622763,0.793450685622763,0.710649405258107,0.356458319924359,0.954614608918397,0.141504169329759,0.858495830670241,0.598156288994038,0.710649405258107,0.710649405258107,71.0649405258107,2186,2186,1881,305
2444530,"Wreckage",0,4,1,5,0.8,0.375534629762525,0.669655260565048,0.96377589136757,0.588241261605044,0.815231472989642,0.551924429746717,0.973460575390088,0.451796495462645,0.548203504537355,0.421536145643371,0.0152314729896422,0.0152314729896422,1.52314729896422,1521,1428,1479,42
2446540,"SLEEP AWAKE",0,117,46,163,0.717791411042945,0.644299343304597,0.712776849656728,0.781254356008859,0.136955012704262,0.721738483132997,0.652020365671353,0.786488212838032,0.964115219957269,0.0358847800427315,0.134467847166679,0.00394707209005218,0.00394707209005218,0.394707209005218,1718,861,1851,-133
2449060,"15 Minutes Dungeon",0,4,0,4,1,0.510109163545403,0.755054581772701,1,0.489890836454597,0.896212616889674,0.658188789563792,0.996657030244202,0.397340615926201,0.602659384073799,0.338468240680411,-0.103787383110326,0.103787383110326,-10.3787383110326,303,1147,613,-310
2451310,"Monster Mop Up",0,108,81,189,0.571428571428571,0.500145373500682,0.570005693187337,0.639866012873992,0.13972063937331,0.579401693287743,0.509610354401065,0.647650513644562,0.968898215635303,0.0311017843646967,0.138040159243498,0.00797312185917209,0.00797312185917209,0.797312185917209,1933,1204,2165,-232
2453160,"Sword of the Sea",0,1455,173,1628,0.893734643734644,0.877826723672413,0.892807767283496,0.90778881089458,0.0299620872221669,0.893489784826747,0.878088146628543,0.90797933998813,0.996287220877756,0.00371277912224415,0.0298911933595875,-0.000244858907896828,0.000244858907896828,-0.0244858907896828,1206,186,673,533
2460920,"ACRES",0,168,41,209,0.803827751196172,0.744714782725036,0.798344130658749,0.851973478592463,0.107258695867427,0.804503554502186,0.749046030075029,0.854599902218372,0.971790504507922,0.028209495492078,0.105553872143343,0.000675803306013911,0.000675803306013911,0.0675803306013911,1495,563,1534,-39
2461360,"Click Cluck",0,2,1,3,0.666666666666667,0.207659600802048,0.573083828040826,0.938508055279604,0.730848454477556,0.774474891531722,0.470582557778087,0.966512741987473,0.330872758342948,0.669127241657052,0.495930184209387,0.107808224865055,0.107808224865055,10.7808224865055,1801,1696,1636,165
2467850,"Wild Growth",0,436,77,513,0.84990253411306,0.816400034297135,0.847301860051195,0.878203685805255,0.0618036515081197,0.849644013460479,0.817682513932554,0.879054585275772,0.988311854917439,0.0116881450825605,0.0613720713432182,-0.000258520652581584,0.000258520652581584,-0.0258520652581584,1364,377,1339,25
2471390,"BloodRush: Undying Wish",0,44,1,45,0.977777777777778,0.884333182315851,0.940199791716509,0.996066401117167,0.111733218801315,0.959958033625413,0.892222276851699,0.994839475099913,0.881196507596313,0.118803492403687,0.102617198248214,-0.0178197441523644,0.0178197441523644,-1.78197441523644,868,168,109,759
2479770,"Troublemaker 2: Beyond Dream",0,135,7,142,0.950704225352113,0.901746654347206,0.938832692140616,0.975918729934026,0.07417207558682,0.945667676773549,0.903995559373537,0.976023254342179,0.959025762216554,0.0409742377834465,0.072027694968642,-0.00503654857856317,0.00503654857856317,-0.503654857856317,957,132,207,750
2481640,"Mage and Monsters II",0,306,62,368,0.831521739130435,0.789899685612227,0.828096819507234,0.866293953402242,0.0763942677900149,0.831461122885634,0.791947680587626,0.867619013811781,0.983781165613063,0.0162188343869369,0.0756713332241548,-6.06162448012482e-05,6.06162448012482e-05,-0.00606162448012482,1438,449,1419,19
2483440,"Shroomtopia",0,17,1,18,0.944444444444444,0.742426992181274,0.866275900601486,0.990124809021697,0.247697816840423,0.915036096720342,0.778204606722495,0.988691586179149,0.747914267160497,0.252085732839503,0.210486979456654,-0.0294083477241027,0.0294083477241027,-2.94083477241027,992,569,452,540
2484630,"无尽的冒险",0,83,6,89,0.932584269662921,0.860632239174368,0.914685427060722,0.968738614947077,0.108106375772709,0.925896204829561,0.865705530353698,0.96925145001803,0.936182544158439,0.0638174558415607,0.103545919664331,-0.00668806483336015,0.00668806483336015,-0.668806483336015,1043,237,364,679
2486820,"Sonic Racing: CrossWorlds",0,10698,747,11445,0.934731323722149,0.930058684313054,0.934585457218176,0.939112230123298,0.00905354581024387,0.93467466176931,0.930077661639705,0.939127859238069,0.999470186523421,0.000529813476578669,0.00905019759836356,-5.66619528393764e-05,5.66619528393764e-05,-0.00566619528393764,1030,81,310,720
2488250,"Ploko",0,15,0,15,1,0.796116698964151,0.898058349482076,1,0.203883301035849,0.950404719723233,0.828026949892693,0.998490250764892,0.712016430428814,0.287983569571186,0.170463300872199,-0.049595280276767,0.049595280276767,-4.9595280276767,86,433,170,-84
2488470,"Politon",0,73,8,81,0.901234567901235,0.817034985983527,0.883067434857364,0.949099883731202,0.132064897747675,0.8961164667148,0.824395185017793,0.950694085792262,0.930318783380468,0.0696812166195318,0.126298900774469,-0.00511810118643441,0.00511810118643441,-0.511810118643441,1175,376,662,513
2495610,"Elven Rivers 6: Guardians of Hope Collector's Edition",0,2,0,2,1,0.342380227506653,0.671190113753327,1,0.657619772493347,0.870481046513441,0.58446518931204,0.995709839532952,0.247925803745148,0.752074196254852,0.411244650220912,-0.129518953486559,0.129518953486559,-12.9518953486559,441,1474,860,-419
2495630,"Myth Finders",0,2,1,3,0.666666666666667,0.207659600802048,0.573083828040826,0.938508055279604,0.730848454477556,0.774474891531722,0.470582557778087,0.966512741987473,0.330872758342948,0.669127241657052,0.495930184209387,0.107808224865055,0.107808224865055,10.7808224865055,1802,1697,1637,165
2495640,"World Wonders Hidden Histories 3",0,2,0,2,1,0.342380227506653,0.671190113753327,1,0.657619772493347,0.870481046513441,0.58446518931204,0.995709839532952,0.247925803745148,0.752074196254852,0.411244650220912,-0.129518953486559,0.129518953486559,-12.9518953486559,442,1475,861,-419
2500460,"Inventorix",0,129,0,129,1,0.971082380043122,0.985541190021561,1,0.0289176199568782,0.992264425641712,0.972176232024164,0.999774094764738,0.955082050067035,0.0449179499329653,0.0275978627405745,-0.0077355743582882,0.0077355743582882,-0.77355743582882,3,11,6,-3
2503550,"Operation Octo",0,105,2,107,0.981308411214953,0.934396146930277,0.964627591047051,0.994859035163825,0.0604628882335474,0.973070637998108,0.936405919748635,0.994270072323016,0.946342139094024,0.0536578609059762,0.0578641525743812,-0.00823777321684538,0.00823777321684538,-0.823777321684538,859,72,54,805
2505200,"Shadows Labyrinth",0,1,4,5,0.2,0.0362241086324301,0.330344739434952,0.624465370237475,0.588241261605044,0.544153575712055,0.261998262888573,0.811229370589335,0.451796495462645,0.548203504537355,0.549231107700762,0.344153575712055,0.344153575712055,34.4153575712055,2137,2137,2186,-49
2507560,"Type-NOISE: Shonen Shojo",0,92,26,118,0.779661016949153,0.696722327050893,0.770843769595404,0.844965212139915,0.148242885089022,0.78201426948695,0.705570040791495,0.849852699957234,0.951099542795086,0.0489004572049135,0.144282659165739,0.00235325253779706,0.00235325253779706,0.235325253779706,1571,719,1609,-38
2508780,"STORY OF SEASONS: Grand Bazaar",0,2922,196,3118,0.937139191789609,0.92807029163038,0.936601287406468,0.945132283182555,0.0170619915521752,0.936926824962878,0.92814260533611,0.945181323698853,0.998058002687762,0.00194199731223772,0.0170387183627424,-0.000212366826730981,0.000212366826730981,-0.0212366826730981,1021,86,283,738
2521400,"愚人船 NARRENSCHIFF",0,294,14,308,0.954545454545455,0.925158709315851,0.94894607833559,0.972733447355329,0.0475747380394771,0.95209677027374,0.925931452677807,0.972830530086399,0.980682685730077,0.0193173142699225,0.0468990774085912,-0.00244868427171452,0.00244868427171452,-0.244868427171452,940,95,162,778
2522040,"Epic Trains 4",0,2,2,4,0.5,0.15003898915215,0.5,0.84996101084785,0.699922021695701,0.697542308926574,0.398233942241128,0.923287916642755,0.397340615926201,0.602659384073799,0.525053974401627,0.197542308926574,0.197542308926574,19.7542308926574,1981,2011,1955,26
2522290,"Bridge Hunter",0,12,0,12,1,0.757505993344759,0.87875299667238,1,0.242494006655241,0.942169460922484,0.800974166896997,0.998224749770572,0.664196976389084,0.335803023610916,0.197250582873575,-0.0578305390775165,0.0578305390775165,-5.78305390775165,115,533,236,-121
2523450,"Survivors Last Stand",0,8,1,9,0.888888888888889,0.565000294423344,0.7725547033924,0.980109112361455,0.415108817938111,0.864284208259485,0.658398730301434,0.981238920013751,0.597334709233019,0.40266529076698,0.322840189712317,-0.0246046806294042,0.0246046806294042,-2.46046806294042,1228,1061,1018,210
2523720,"Gears of War: Reloaded",0,2407,1516,3923,0.613561050216671,0.598219699025452,0.613449958362666,0.62868021769988,0.030460518674428,0.61389183552567,0.598616626872732,0.629057222521078,0.998455885407596,0.00154411459240371,0.030440595648346,0.000330785308999326,0.000330785308999326,0.0330785308999326,1893,968,2135,-242
2528800,"Talents",0,10,3,13,0.769230769230769,0.497436240532725,0.70782047667387,0.918204712815014,0.420768472282289,0.787862001585555,0.584232340275708,0.934781267874981,0.681808780229511,0.318191219770489,0.350548927599273,0.0186312323547854,0.0186312323547854,1.86312323547854,1594,1207,1594,0
2529050,"A Doctor's Term",0,18,3,21,0.857142857142857,0.653639397193791,0.801914636098269,0.950189875002747,0.296550477808957,0.850562278773199,0.696979902360208,0.955625305483365,0.775854532651986,0.224145467348014,0.258645403123157,-0.00658057836965775,0.00658057836965775,-0.658057836965775,1328,811,1335,-7
2538520,"Double Date - Yuri Visual Novel",0,20,0,20,1,0.838874841947181,0.91943742097359,1,0.161125158052819,0.959917784950884,0.859819080712199,0.998791485833549,0.76725568840929,0.23274431159071,0.138972405121349,-0.0400822150491164,0.0400822150491164,-4.00822150491163,52,301,110,-58
2545710,"Tony Hawk's<U+2122> Pro Skater<U+2122> 3 + 4",0,1062,487,1549,0.685603615235636,0.662047990080572,0.685144464276696,0.708240938472819,0.0461929483922465,0.686158318337608,0.662878580266377,0.708984515197084,0.996098605490805,0.003901394509195,0.0461059349307072,0.000554703101972032,0.000554703101972032,0.0554703101972032,1761,796,1989,-228
2548500,"Evil Doll",0,6,1,7,0.857142857142857,0.486872170725681,0.730596273190469,0.974320375655256,0.487448204929575,0.84351180095378,0.612178260667578,0.97801824063592,0.535703506847418,0.464296493152582,0.365839979968342,-0.0136310561890776,0.0136310561890776,-1.36310561890776,1341,1228,1366,-25
2549190,"The Final Breath",0,2,0,2,1,0.342380227506653,0.671190113753327,1,0.657619772493347,0.870481046513441,0.58446518931204,0.995709839532952,0.247925803745148,0.752074196254852,0.411244650220912,-0.129518953486559,0.129518953486559,-12.9518953486559,443,1476,862,-419
2549240,"Toree Saturn",0,384,28,412,0.932038834951456,0.903530949753474,0.928047748064369,0.952564546375264,0.0490335966217901,0.930525908121314,0.904305660905754,0.952851943609162,0.985488138019948,0.0145118619800515,0.0485462827034081,-0.00151292683014248,0.00151292683014248,-0.151292683014248,1045,127,343,702
2549930,"Ostrich Farm",0,12,4,16,0.75,0.505016834644912,0.701598079866391,0.89817932508787,0.393162490442957,0.771385490731139,0.579647578133083,0.916792020616347,0.725066889874052,0.274933110125948,0.337144442483264,0.0213854907311393,0.0213854907311393,2.13854907311393,1633,1200,1682,-49
2550790,"Live Hard, Die Hard",0,74,9,83,0.891566265060241,0.806595335352881,0.87424521007995,0.941895084807019,0.135299749454138,0.887221662131763,0.814226418546122,0.943821486811891,0.93188347673967,0.0681165232603304,0.129595068265769,-0.00434460292847749,0.00434460292847749,-0.434460292847749,1215,400,706,509
2552750,"Dark Ride: The Feline Fix",0,2,2,4,0.5,0.15003898915215,0.5,0.84996101084785,0.699922021695701,0.697542308926574,0.398233942241128,0.923287916642755,0.397340615926201,0.602659384073799,0.525053974401627,0.197542308926574,0.197542308926574,19.7542308926574,1982,2012,1956,26
2555950,"Million Depth",0,621,46,667,0.931034482758621,0.909232959028222,0.928566237550987,0.947899516073751,0.0386665570455285,0.930103800662978,0.909680946042186,0.948108423336548,0.990986142218758,0.00901385778124238,0.038427477294362,-0.00093068209564251,0.00093068209564251,-0.093068209564251,1047,122,344,703
2559960,"RED DAWN",0,76,7,83,0.91566265060241,0.836004705413837,0.897275684546408,0.95854666367898,0.122541958265143,0.909676685667659,0.842421781144184,0.95961901652863,0.93188347673967,0.0681165232603304,0.117197235384445,-0.00598596493475045,0.00598596493475045,-0.598596493475045,1121,315,508,613
2560340,"Bonaparte - A Mechanized Revolution",0,49,23,72,0.680555555555556,0.566076512678343,0.671410204947862,0.77674389721738,0.210667384539037,0.691997361669994,0.585937159507791,0.788740393492011,0.922285536102193,0.0777144638978066,0.20280323398422,0.011441806114438,0.011441806114438,1.1441806114438,1764,1009,1974,-210
2560730,"SauceLore",0,10,0,10,1,0.722467200137111,0.861233600068555,1,0.277532799862889,0.934970756429782,0.777686418312525,0.997988980033724,0.622396454151338,0.377603545848662,0.220302561721199,-0.0650292435702178,0.0650292435702178,-6.50292435702178,146,626,291,-145
2561810,"HamSumo",0,5,0,5,1,0.565517535216825,0.782758767608413,1,0.434482464783175,0.905590772082171,0.68618151869736,0.996989370906001,0.451796495462645,0.548203504537355,0.310807852208641,-0.0944092279178288,0.0944092279178288,-9.44092279178288,256,1016,529,-273
2567380,"Luctus",0,59,3,62,0.951612903225806,0.867119620726761,0.92526396743809,0.983408314149419,0.116288693422659,0.940575837605071,0.873852901268801,0.983165288208485,0.910868176104208,0.0891318238957923,0.109312386939684,-0.0110370656207358,0.0110370656207358,-1.10370656207358,953,222,255,698
2568650,"Carnival Survivors The Parade",0,7,0,7,1,0.645669564933313,0.822834782466656,1,0.354330435066687,0.920040873360553,0.730470837927101,0.997488688736488,0.535703506847418,0.464296493152582,0.267017850809387,-0.0799591266394466,0.0799591266394466,-7.99591266394466,190,831,401,-211
2568800,"Astral Outcast",0,4,0,4,1,0.510109163545403,0.755054581772701,1,0.489890836454597,0.896212616889674,0.658188789563792,0.996657030244202,0.397340615926201,0.602659384073799,0.338468240680411,-0.103787383110326,0.103787383110326,-10.3787383110326,304,1148,614,-310
2571730,"Halchemist",0,3,0,3,1,0.438502968244955,0.719251484122477,1,0.561497031755045,0.884765810979371,0.624831367315985,0.996242206486757,0.330872758342948,0.669127241657052,0.371410839170772,-0.115234189020629,0.115234189020629,-11.5234189020629,356,1280,726,-370
2576200,"Into The Grid",0,162,33,195,0.830769230769231,0.771872320777853,0.824379032333308,0.876885743888762,0.105013423110909,0.830679165648243,0.77598068664363,0.879152207289074,0.969826318066556,0.030173681933444,0.103171520645444,-9.00651209880809e-05,9.00651209880809e-05,-0.00900651209880809,1440,498,1421,19
2582140,"Seafarer: The Ship Sim",0,1234,671,1905,0.647769028871391,0.626041321226366,0.647471650251097,0.668901979275829,0.0428606580494635,0.648340510803231,0.626793963366925,0.669592974575797,0.996825370432302,0.003174629567698,0.0427990112088713,0.000571481931839535,0.000571481931839535,0.0571481931839535,1851,883,2068,-217
2588400,"Robokid",0,1,0,1,1,0.206549314377237,0.603274657188619,1,0.793450685622763,0.852153574587866,0.534749383069649,0.995001716766416,0.141504169329759,0.858495830670241,0.460252333696767,-0.147846425412134,0.147846425412134,-14.7846425412134,584,1743,1080,-496
2597810,"Afallon",0,203,53,256,0.79296875,0.739182361411031,0.788637542062733,0.838092722714435,0.0989103613034046,0.793774741576024,0.742834201235685,0.84046987881941,0.976849694121239,0.0231503058787605,0.0976356775837258,0.000805991576024345,0.000805991576024345,0.0805991576024345,1549,588,1584,-35
2602230,"MotionRec",0,423,2,425,0.995294117647059,0.983006256446968,0.990857391864282,0.998708527281597,0.0157022708346291,0.992936548669881,0.983139043206867,0.998513875787314,0.985925782832842,0.0140742171671584,0.0153748325804471,-0.00235756897717765,0.00235756897717765,-0.235756897717765,835,3,5,830
2604780,"World of blind",0,3,2,5,0.6,0.230724281276013,0.556551753521683,0.882379225767352,0.651654944491339,0.724872173897113,0.442056951187525,0.93155803852216,0.451796495462645,0.548203504537355,0.489501087334635,0.124872173897113,0.124872173897113,12.4872173897113,1911,1679,1840,71
2607180,"Mecha Blitz",0,3,0,3,1,0.438502968244955,0.719251484122477,1,0.561497031755045,0.884765810979371,0.624831367315985,0.996242206486757,0.330872758342948,0.669127241657052,0.371410839170772,-0.115234189020629,0.115234189020629,-11.5234189020629,357,1281,727,-370
2610880,"Duskpunk",0,155,15,170,0.911764705882353,0.859531881791498,0.902665741963201,0.945799602134904,0.0862677203434061,0.908870903154019,0.862314283602996,0.946656800124081,0.965541912981891,0.0344580870181094,0.0843425165210844,-0.00289380272833428,0.00289380272833428,-0.289380272833428,1136,241,511,625
2615540,"VOID/BREAKER",0,2291,208,2499,0.916766706682673,0.905286102506361,0.916127036864229,0.926967971222097,0.0216818687157359,0.916551203559211,0.905412834556961,0.927059738914532,0.997578136732055,0.00242186326794552,0.0216469043575713,-0.000215503123462302,0.000215503123462302,-0.0215503123462302,1105,126,444,661
2617360,"Paddle Protectors",0,3,2,5,0.6,0.230724281276013,0.556551753521683,0.882379225767352,0.651654944491339,0.724872173897113,0.442056951187525,0.93155803852216,0.451796495462645,0.548203504537355,0.489501087334635,0.124872173897113,0.124872173897113,12.4872173897113,1912,1680,1841,71
2621760,"Checkout Blitz: The Shopping Dead",0,9,0,9,1,0.700854951580456,0.850427475790228,1,0.299145048419544,0.930654731507598,0.763886321497756,0.997845939982778,0.597334709233019,0.40266529076698,0.233959618485022,-0.0693452684924021,0.0693452684924021,-6.93452684924021,162,700,330,-168
2622330,"Alternate Tales of Ryukyu:Bonds of the Red Sakura Trees",0,2,0,2,1,0.342380227506653,0.671190113753327,1,0.657619772493347,0.870481046513441,0.58446518931204,0.995709839532952,0.247925803745148,0.752074196254852,0.411244650220912,-0.129518953486559,0.129518953486559,-12.9518953486559,444,1477,863,-419
2632690,"FoMO",0,5,1,6,0.833333333333333,0.43649717781353,0.703221904032612,0.969946630251693,0.533449452438163,0.830543448233867,0.584163438104136,0.975953731492499,0.497226735266432,0.502773264733568,0.391790293388363,-0.00278988509946654,0.00278988509946654,-0.278988509946654,1419,1364,1424,-5
2642760,"Back to Hearth",0,333,6,339,0.982300884955752,0.961929904115469,0.976896815695532,0.991863727275596,0.0299338231601274,0.979584191722805,0.962255651792123,0.991699784677566,0.982418107733848,0.0175818922661518,0.0294441328854433,-0.00271669323294677,0.00271669323294677,-0.271669323294677,857,27,31,826
2643010,"Becoming Saint",0,87,48,135,0.644444444444444,0.560725379385617,0.640447962486358,0.720170545587098,0.15944516620148,0.652329426726981,0.57211152940205,0.728455584356536,0.956992545322012,0.0430074546779877,0.156344054954486,0.00788498228253687,0.00788498228253687,0.788498228253687,1855,1078,2060,-205
2643880,"Build For Sale Simulator",0,15,17,32,0.46875,0.308693871080688,0.472099349945471,0.635504828810254,0.326810957729565,0.525971217642911,0.369020541868842,0.680334720403306,0.840624666939135,0.159375333060865,0.311314178534465,0.0572212176429108,0.0572212176429108,5.72212176429108,2058,1622,2199,-141
2644020,"The End Grows",0,24,2,26,0.923076923076923,0.75858446228371,0.868614686905717,0.978644911527724,0.220060449244014,0.905047963214802,0.784199847794922,0.978976713852497,0.810804163046963,0.189195836953038,0.194776866057574,-0.0180289598621209,0.0180289598621209,-1.80289598621209,1082,525,575,507
2644280,"Core Miners",0,1,7,8,0.125,0.0224174914500567,0.246652836831455,0.470888182212853,0.448470690762797,0.42810403428266,0.192340776586204,0.683213550852114,0.568709749645159,0.431290250354841,0.49087277426591,0.30310403428266,0.30310403428266,30.310403428266,2144,2144,2231,-87
2651090,"Super Stream-Bara",0,22,1,23,0.956521739130435,0.790088449297411,0.891185891576979,0.992283333856547,0.202194884559135,0.929651314857566,0.814488274524097,0.990735657018478,0.791277246408338,0.208722753591662,0.176247382494381,-0.0268704242728687,0.0268704242728687,-2.68704242728687,929,443,347,582
2653120,"Donna: The Canine Quest",0,15,0,15,1,0.796116698964151,0.898058349482076,1,0.203883301035849,0.950404719723233,0.828026949892693,0.998490250764892,0.712016430428814,0.287983569571186,0.170463300872199,-0.049595280276767,0.049595280276767,-4.9595280276767,87,434,171,-84
2653470,"Little Problems: A Cozy Detective Game",0,406,41,447,0.9082774049217,0.877929437587142,0.904798619180635,0.931667800774128,0.0537383631869859,0.90719953823148,0.878863888231754,0.932134015219708,0.986609197925539,0.0133908020744607,0.0532701269879535,-0.00107786669022025,0.00107786669022025,-0.107786669022025,1153,185,522,631
2656440,"Knight Case Files",0,4,1,5,0.8,0.375534629762525,0.669655260565048,0.96377589136757,0.588241261605044,0.815231472989642,0.551924429746717,0.973460575390088,0.451796495462645,0.548203504537355,0.421536145643371,0.0152314729896422,0.0152314729896422,1.52314729896422,1522,1429,1480,42
2659530,"Stop The Slimes",0,5,0,5,1,0.565517535216825,0.782758767608413,1,0.434482464783175,0.905590772082171,0.68618151869736,0.996989370906001,0.451796495462645,0.548203504537355,0.310807852208641,-0.0944092279178288,0.0944092279178288,-9.44092279178288,257,1017,530,-273
2659840,"A-RED Walking Robot",0,4,1,5,0.8,0.375534629762525,0.669655260565048,0.96377589136757,0.588241261605044,0.815231472989642,0.551924429746717,0.973460575390088,0.451796495462645,0.548203504537355,0.421536145643371,0.0152314729896422,0.0152314729896422,1.52314729896422,1523,1430,1481,42
2673560,"Wolf Knight Memoir",0,7,1,8,0.875,0.529111817787147,0.753347163168545,0.977582508549943,0.448470690762797,0.854636346516529,0.636725903427632,0.979755988994853,0.568709749645159,0.431290250354841,0.343030085567221,-0.0203636534834708,0.0203636534834708,-2.03636534834708,1278,1114,1056,222
2673790,"Endless Asphalt",0,1,0,1,1,0.206549314377237,0.603274657188619,1,0.793450685622763,0.852153574587866,0.534749383069649,0.995001716766416,0.141504169329759,0.858495830670241,0.460252333696767,-0.147846425412134,0.147846425412134,-14.7846425412134,585,1744,1081,-496
2676040,"Statera: Aurum",0,3,0,3,1,0.438502968244955,0.719251484122477,1,0.561497031755045,0.884765810979371,0.624831367315985,0.996242206486757,0.330872758342948,0.669127241657052,0.371410839170772,-0.115234189020629,0.115234189020629,-11.5234189020629,358,1282,728,-370
2676220,"Pigeon's Mission",0,12,1,13,0.923076923076923,0.666860490789004,0.826575034773224,0.986289578757443,0.319429087968439,0.892755660082402,0.724417251222178,0.985489634176629,0.681808780229511,0.318191219770489,0.261072382954451,-0.0303212629945206,0.0303212629945206,-3.03212629945206,1086,784,676,410
2679310,"GuildMestar",0,2,0,2,1,0.342380227506653,0.671190113753327,1,0.657619772493347,0.870481046513441,0.58446518931204,0.995709839532952,0.247925803745148,0.752074196254852,0.411244650220912,-0.129518953486559,0.129518953486559,-12.9518953486559,445,1478,864,-419
2685840,"Pastel☆Parade",0,196,18,214,0.91588785046729,0.870973741635452,0.908554002905646,0.94613426417584,0.0751605225403884,0.913458963082641,0.873007768447312,0.946811106993568,0.972431434418333,0.0275685655816673,0.0738033385462559,-0.00242888738464897,0.00242888738464897,-0.242888738464897,1119,213,456,663
2687280,"Red's Ascent",0,4,6,10,0.4,0.168180329706236,0.427753279986289,0.687326230266342,0.519145900560105,0.561532883938979,0.322427981470127,0.786130084691022,0.622396454151338,0.377603545848662,0.463702103220895,0.161532883938979,0.161532883938979,16.1532883938979,2072,2004,2171,-99
2687400,"GODBREAKERS",0,567,242,809,0.700865265760198,0.668424490073332,0.699915983906335,0.731407477739339,0.0629829876660069,0.701809984608003,0.669965300485166,0.732716609511287,0.992556525899513,0.00744347410048723,0.0627513090261214,0.000944718847805559,0.000944718847805559,0.0944718847805559,1740,780,1951,-211
2689930,"Detective Instinct: Farewell, My Beloved",0,405,26,431,0.939675174013921,0.913078514918719,0.935791013382052,0.958503511845384,0.0454249969266645,0.938122016453925,0.913735388156439,0.958718812882308,0.98611899192117,0.0138810080788295,0.0449834247258689,-0.00155315755999641,0.00155315755999641,-0.155315755999641,1009,115,278,731
2691210,"Idle Life - An Idle Game",0,12,2,14,0.857142857142857,0.600586205030297,0.780246141879416,0.959906078728535,0.359319873698239,0.848266758255084,0.666627854192177,0.965214221424354,0.69766527778157,0.30233472221843,0.298586367232177,-0.00887609888777308,0.00887609888777308,-0.887609888777308,1331,951,1342,-11
2691340,"The Christopher Redemption - I",0,1,0,1,1,0.206549314377237,0.603274657188619,1,0.793450685622763,0.852153574587866,0.534749383069649,0.995001716766416,0.141504169329759,0.858495830670241,0.460252333696767,-0.147846425412134,0.147846425412134,-14.7846425412134,586,1745,1082,-496
2692990,"DON'T SCREAM TOGETHER",0,1141,1162,2303,0.495440729483283,0.475045454940361,0.495448321790884,0.515851188641406,0.0408057337010446,0.496313941628182,0.475929915023689,0.516704016302029,0.997372562266266,0.00262743773373355,0.0407741012783401,0.000873212144899604,0.000873212144899604,0.0873212144899604,2052,1250,2219,-167
2695430,"A.I.L.A",0,716,163,879,0.814562002275313,0.787519697437651,0.813193266171879,0.838866834906107,0.051347137468456,0.814652638354853,0.788406498178358,0.839552078981257,0.993145230741621,0.00685476925837877,0.0511455808028991,9.06360795406291e-05,9.06360795406291e-05,0.00906360795406291,1471,454,1498,-27
2701070,"Major\Minor 2.0: (Re)Vision",0,11,6,17,0.647058823529412,0.413003634852187,0.619953215439875,0.826902796027563,0.413899161175376,0.694592197347658,0.496914680445818,0.860363346093821,0.736985819489999,0.263014180510001,0.363448665648003,0.0475333738182461,0.0475333738182461,4.75333738182461,1853,1393,1972,-119
2701720,"Wagotabi: A Japanese Journey",0,1512,22,1534,0.985658409387223,0.978380389990441,0.984445256516435,0.990510123042429,0.0121297330519876,0.985036481314878,0.978402823305955,0.99048050730384,0.996060606546399,0.00393939345360053,0.0120776839978844,-0.000621928072344513,0.000621928072344513,-0.0621928072344513,852,8,20,832
2701800,"No Players Online",0,520,104,624,0.833333333333333,0.802071342191574,0.831293827570254,0.860516312948935,0.0584449707573611,0.833279901950964,0.803220447853513,0.861335887999559,0.990370976009588,0.00962902399041239,0.0581154401460455,-5.34313823697952e-05,5.34313823697952e-05,-0.00534313823697952,1411,417,1411,0
2705860,"Sound of Horses",0,265,12,277,0.956678700361011,0.925816725128662,0.95043207128747,0.975047417446278,0.0492306923176162,0.953916127551714,0.926667998045319,0.975117757737601,0.9785671551619,0.0214328448380997,0.0484497596922816,-0.00276257280929715,0.00276257280929715,-0.276257280929715,927,91,151,776
2707080,"Inflatum",0,6,0,6,1,0.609665712097835,0.804832856048917,1,0.390334287902165,0.913414570778272,0.709988022926607,0.997261605765302,0.497226735266432,0.502773264733568,0.287273582838695,-0.0865854292217277,0.0865854292217277,-8.65854292217277,222,916,461,-239
2714970,"Backrooms Media",0,218,329,547,0.39853747714808,0.358353025985359,0.399245056610625,0.44013708723589,0.0817840612505314,0.403246148657892,0.362748155889932,0.444406978421188,0.989030388085041,0.0109696119149591,0.0816588225312558,0.00470867150981125,0.00470867150981125,0.470867150981125,2083,1454,2234,-151
2715940,"Marble Champions",0,6,3,9,0.666666666666667,0.354202135580396,0.616809158596743,0.879416181613089,0.525214046032693,0.731543161763258,0.49053125892081,0.914719470598022,0.597334709233019,0.40266529076698,0.424188211677213,0.0648764950965914,0.0648764950965914,6.48764950965914,1788,1462,1824,-36
2717150,"Releaseburg",0,7,0,7,1,0.645669564933313,0.822834782466656,1,0.354330435066687,0.920040873360553,0.730470837927101,0.997488688736488,0.535703506847418,0.464296493152582,0.267017850809387,-0.0799591266394466,0.0799591266394466,-7.99591266394466,191,832,402,-211
2719740,"Zero Caliber 2 Remastered",0,345,87,432,0.798611111111111,0.75823693609463,0.795979185525512,0.833721434956394,0.0754844988617644,0.799015140537019,0.760273506543049,0.835171368164873,0.98615067887844,0.0138493211215599,0.0748978616218233,0.000404029425907781,0.000404029425907781,0.0404029425907781,1540,529,1543,-3
2722610,"Grand Emprise 2: Portals Apart",0,39,39,78,0.5,0.391674322397464,0.5,0.608325677602536,0.216651355205072,0.523655491202736,0.417262666539527,0.628981635708639,0.927832149802892,0.072167850197108,0.211718969169112,0.0236554912027357,0.0236554912027357,2.36554912027357,1964,1414,2200,-236
2722680,"The Winter Mind",0,50,26,76,0.657894736842105,0.545958978154377,0.650297854989715,0.754636731825053,0.208677753670676,0.670454098680657,0.565758178842083,0.767280178434123,0.926073393856593,0.0739266061434072,0.20152199959204,0.0125593618385519,0.0125593618385519,1.25593618385519,1844,1097,2010,-166
2725250,"Nientum - Op.ZERO",0,155,3,158,0.981012658227848,0.945668826980089,0.969595371629721,0.993521916279352,0.047853089299263,0.975346522986334,0.946776625927832,0.993136105337514,0.963021618092027,0.0369783819079728,0.0463594794096815,-0.0056661352415146,0.0056661352415146,-0.56661352415146,860,49,42,818
2726960,"搜查一刻",0,20,9,29,0.689655172413793,0.507698657669069,0.667471245112118,0.827243832555168,0.319545174886099,0.713552900203089,0.555731777697585,0.848326385221073,0.826989997325844,0.173010002674156,0.292594607523488,0.0238977277892957,0.0238977277892957,2.38977277892957,1756,1199,1865,-109
2727660,"GlitchSPANKR",0,262,11,273,0.95970695970696,0.929301621238182,0.953328054745169,0.977354488252156,0.0480528670139742,0.956838955102198,0.930119770261282,0.97738841029149,0.978259947928563,0.0217400520714371,0.0472686400302086,-0.002868004604762,0.002868004604762,-0.2868004604762,919,83,128,791
2730810,"EVERYBODY'S GOLF HOT SHOTS",0,636,412,1048,0.606870229007634,0.57695921567919,0.60647992533549,0.636000634991789,0.0590414193125999,0.608141752021855,0.578497687046,0.637397109117291,0.994244265321074,0.00575573467892653,0.0588994220712912,0.00127152301422184,0.00127152301422184,0.127152301422184,1898,1001,2137,-239
2730970,"Westland Survival",1,0,1,1,0,0,0.396725342811381,0.793450685622763,0.793450685622763,0.710649405258107,0.356458319924359,0.954614608918397,0.141504169329759,0.858495830670241,0.598156288994038,0.710649405258107,0.710649405258107,71.0649405258107,2187,2187,1882,305
2731330,"TROLEU",0,558,46,604,0.923841059602649,0.899906141542375,0.921162453276352,0.942418765010329,0.042512623467954,0.922885804825603,0.900460179225745,0.942688143180633,0.99005530494061,0.00994469505938948,0.0422279639548878,-0.000955254777046277,0.000955254777046277,-0.0955254777046277,1075,136,385,690
2738630,"Dungeons & Dragons Neverwinter Nights 2: Enhanced Edition",0,650,716,1366,0.475841874084919,0.449462594280532,0.475909620936418,0.502356647592305,0.0528940533117733,0.477398073797793,0.451013639492962,0.503844920154866,0.995578255368088,0.00442174463191166,0.0528312806619041,0.00155619971287324,0.00155619971287324,0.155619971287324,2056,1270,2222,-166
2739150,"I Want to Believe",0,38,9,47,0.808510638297872,0.674559954203382,0.78520031360898,0.895840673014577,0.221280718811195,0.810714123531891,0.696081529977138,0.903228067905102,0.885674003970905,0.114325996029095,0.207146537927965,0.00220348523401881,0.00220348523401881,0.220348523401881,1489,769,1510,-21
2740170,"Horse Racing Manager",0,176,23,199,0.884422110552764,0.832545178269005,0.877141835030992,0.92173849179298,0.0891933135239751,0.882746475376093,0.835441130662173,0.922993110200621,0.970414880678678,0.0295851193213218,0.0875519795384487,-0.00167563517667046,0.00167563517667046,-0.167563517667046,1250,326,815,435
2747330,"Species: Unknown",0,8853,500,9353,0.946541216721907,0.94179632480949,0.946357888864603,0.950919452919717,0.00912312811022664,0.946464233662706,0.941814465251385,0.950933291156938,0.999351759141574,0.000648240858425831,0.00911882590555269,-7.69830592011189e-05,7.69830592011189e-05,-0.00769830592011189,981,60,202,779
2749000,"Inn Tycoon",0,556,170,726,0.765840220385675,0.733686468808425,0.764440992858719,0.795195516909012,0.0615090481005864,0.766353575929005,0.735047386163393,0.796281433107079,0.991712602584066,0.0082873974159339,0.0612340469436862,0.000513355543330429,0.000513355543330429,0.0513355543330429,1605,600,1696,-91
2749690,"Imaginytes",0,29,0,29,1,0.883030201500259,0.94151510075013,1,0.116969798499741,0.970204968338696,0.894844533779137,0.999110828745026,0.826989997325844,0.173010002674156,0.104266294965889,-0.0297950316613044,0.0297950316613044,-2.97950316613044,26,171,66,-40
2750780,"月华辉映之刻",0,3763,442,4205,0.894887039239001,0.885253896674872,0.894526621220194,0.903799345765516,0.018545449090644,0.894790363657019,0.885348602608792,0.903876975078857,0.998559289205812,0.00144071079418832,0.0185283724700648,-9.66755819816756e-05,9.66755819816756e-05,-0.00966755819816756,1203,165,670,533
2751920,"Redacted:Genome",0,1,0,1,1,0.206549314377237,0.603274657188619,1,0.793450685622763,0.852153574587866,0.534749383069649,0.995001716766416,0.141504169329759,0.858495830670241,0.460252333696767,-0.147846425412134,0.147846425412134,-14.7846425412134,587,1746,1083,-496
2760580,"Mars Attracts",0,192,16,208,0.923076923076923,0.878710922273684,0.915404994328729,0.952099066383773,0.0733881441100894,0.920376209858673,0.880664316709982,0.952671161105972,0.971658725650032,0.0283412743499678,0.0720068443959894,-0.00270071321824994,0.00270071321824994,-0.270071321824994,1076,183,397,679
2764590,"Monster: Titan's Playground",0,248,23,271,0.915129151291513,0.875872014187293,0.909326891520375,0.942781768853458,0.0669097546661646,0.913216563544694,0.877423092112195,0.943371515117456,0.978103017961465,0.0218969820385347,0.0659484230052606,-0.00191258774681857,0.00191258774681857,-0.191258774681857,1124,196,490,634
2774180,"Finding Cats In Old City Block",0,27,4,31,0.870967741935484,0.711475937436936,0.830066546845322,0.948657156253709,0.237181218816773,0.863899698890353,0.738261928623237,0.952678618628944,0.836325003199392,0.163674996800608,0.214416690005707,-0.00706804304513131,0.00706804304513131,-0.706804304513131,1295,675,1033,262
2776450,"Multiverse Loot Hunter",0,2086,497,2583,0.807588075880759,0.79193386999364,0.807131307676738,0.822328745359835,0.0303948753661947,0.807635401546837,0.792233127156056,0.822587529834051,0.997656711956273,0.00234328804372743,0.0303544026779951,4.73256660782351e-05,4.73256660782351e-05,0.00473256660782351,1490,442,1527,-37
2779730,"Shoomer Booter",0,7,3,10,0.7,0.396778147461145,0.644493440027422,0.892208732593699,0.495430585132554,0.748251820184381,0.51757002392083,0.920813557752074,0.622396454151338,0.377603545848662,0.403243533831244,0.0482518201843809,0.0482518201843809,4.82518201843809,1744,1408,1740,4
2780980,"LOCKDOWN Protocol",0,14256,2310,16566,0.860557768924303,0.855199080138764,0.860474179239679,0.865749278340595,0.0105501982018306,0.860545770778177,0.85523063275453,0.865778484134856,0.999633906283008,0.000366093716992347,0.0105478513803257,-1.19981461260688e-05,1.19981461260688e-05,-0.00119981461260688,1317,251,1041,276
2780990,"Paradigm Island",0,19,4,23,0.826086956521739,0.628623523597739,0.779418493983556,0.930213464369374,0.301589940771636,0.826441239239087,0.67210449104493,0.938550276297966,0.791277246408338,0.208722753591662,0.266445785253036,0.000354282717348053,0.000354282717348053,0.0354282717348053,1445,879,1445,0
2783460,"Grid Warriors: Battles",0,1,1,2,0.5,0.0945312057342307,0.5,0.905468794265769,0.810937588531539,0.746518144640867,0.41858644386299,0.961464062212803,0.247925803745148,0.752074196254852,0.542877618349813,0.246518144640867,0.246518144640867,24.6518144640867,1997,2049,1753,244
2784120,"Red Riddles",0,0,3,3,0,0,0.280748515877523,0.561497031755045,0.561497031755045,0.553893052636423,0.244434431285965,0.840949990028411,0.330872758342948,0.669127241657052,0.596515558742447,0.553893052636423,0.553893052636423,55.3893052636423,2154,2154,2178,-24
2784440,"Storage Looter",0,20,0,20,1,0.838874841947181,0.91943742097359,1,0.161125158052819,0.959917784950884,0.859819080712199,0.998791485833549,0.76725568840929,0.23274431159071,0.138972405121349,-0.0400822150491164,0.0400822150491164,-4.00822150491163,53,302,111,-58
2786550,"CURE - A Hospital Simulator",0,713,109,822,0.867396593673966,0.842494027004035,0.865687622938255,0.888881218872474,0.0463871918684386,0.867106369852416,0.843177259277124,0.889356447082854,0.992673382592915,0.00732661740708521,0.0461791878057303,-0.000290223821549529,0.000290223821549529,-0.0290223821549529,1304,296,1013,291
2786660,"Barbie<U+2122> Horse Trails",0,18,9,27,0.666666666666667,0.478247605073201,0.645907495043022,0.813567385012844,0.335319779939643,0.696227608533682,0.531891539848259,0.838098708368765,0.816525765849317,0.183474234150683,0.306207168520505,0.0295609418670156,0.0295609418670156,2.95609418670156,1779,1249,1968,-189
2787680,"Candy Rangers",0,26,4,30,0.866666666666667,0.703186733179637,0.825045089169545,0.946903445159453,0.243716711979815,0.860126150581898,0.731479735725617,0.951278747961905,0.831786912524517,0.168213087475483,0.219799012236288,-0.00654051608476913,0.00654051608476913,-0.654051608476913,1308,692,1042,266
2788430,"Alchemy of the Earth",0,13,8,21,0.619047619047619,0.408786537751158,0.600638212032756,0.792489886314355,0.383703348563198,0.665835009094155,0.481450205870729,0.827019541039675,0.775854532651986,0.224145467348014,0.345569335168946,0.046787390046536,0.046787390046536,4.6787390046536,1884,1401,2015,-131
2790160,"Missile Command Delta",0,26,5,31,0.838709677419355,0.673656460412068,0.801365107989207,0.929073755566347,0.255417295154279,0.836921472980695,0.70401270538269,0.935611520935254,0.836325003199392,0.163674996800608,0.231598815552564,-0.00178820443866012,0.00178820443866012,-0.178820443866012,1395,773,1398,-3
2797650,"Pip My Dice",0,116,17,133,0.87218045112782,0.80482279757831,0.861732478055943,0.918642158533577,0.113819360955267,0.870243627787362,0.80981396610488,0.920609173984949,0.956374030844016,0.0436259691559836,0.110795207880069,-0.00193682334045775,0.00193682334045775,-0.193682334045775,1291,410,995,296
2806120,"Bio Goddess : Doomsday Begins",0,261,47,308,0.847402597402597,0.802982648856101,0.843123074156487,0.883263499456872,0.0802808506007713,0.847023625374089,0.805252507202543,0.88461144323688,0.980682685730077,0.0193173142699225,0.0793589360343367,-0.000378972028508451,0.000378972028508451,-0.0378972028508451,1371,415,1355,16
2807240,"Swamp Up",0,18,0,18,1,0.824120776353342,0.912060388176671,1,0.175879223646658,0.956586889340369,0.848621716716155,0.998686668099094,0.747914267160497,0.252085732839503,0.150064951382939,-0.0434131106596307,0.0434131106596307,-4.34131106596307,63,347,130,-67
2808530,"KILLBEAT",0,24,0,24,1,0.86202379532502,0.93101189766251,1,0.13797620467498,0.965250183783536,0.877891333821381,0.998957836828446,0.798219184162004,0.201780815837996,0.121066503007065,-0.0347498162164644,0.0347498162164644,-3.47498162164644,35,230,84,-49
2810550,"PAGER",0,123,16,139,0.884892086330935,0.821189188380103,0.874541120216067,0.927893052052031,0.106703863671928,0.882503749638834,0.825552273578901,0.929491011758768,0.95817841048928,0.0418215895107203,0.103938738179867,-0.00238833669210126,0.00238833669210126,-0.238833669210126,1247,368,816,431
2812670,"The Maze Survivor: The 9th Entrants",0,51,11,62,0.82258064516129,0.709584331143036,0.803759976741493,0.897935622339949,0.188351291196913,0.823044460043238,0.724681141352454,0.903472984160987,0.910868176104208,0.0891318238957923,0.178791842808533,0.000463814881947133,0.000463814881947133,0.0463814881947133,1452,684,1452,0
2813900,"The Office Killer",0,12,1,13,0.923076923076923,0.666860490789004,0.826575034773224,0.986289578757443,0.319429087968439,0.892755660082402,0.724417251222178,0.985489634176629,0.681808780229511,0.318191219770489,0.261072382954451,-0.0303212629945206,0.0303212629945206,-3.03212629945206,1087,785,677,410
2815080,"Forgotten 23",0,13,1,14,0.928571428571429,0.685312955758489,0.836295370255299,0.987277784752109,0.30196482899362,0.898099992382339,0.737150034502071,0.98626736576205,0.69766527778157,0.30233472221843,0.249117331259979,-0.0304714361890895,0.0304714361890895,-3.04714361890895,1060,732,597,463
2815570,"Fur and Void",0,0,2,2,0,0,0.328809886246673,0.657619772493347,0.657619772493347,0.622555242768293,0.289385773103398,0.898758006134615,0.247925803745148,0.752074196254852,0.609372233031217,0.622555242768293,0.622555242768293,62.2555242768293,2162,2162,2104,58
2819920,"OOLO",0,21,0,21,1,0.845360981075153,0.922680490537577,1,0.154639018924847,0.961398640580626,0.864819857747774,0.998837861261328,0.775854532651986,0.224145467348014,0.134018003513554,-0.038601359419374,0.038601359419374,-3.8601359419374,47,285,101,-54
2820450,"WuKong Up",0,2,1,3,0.666666666666667,0.207659600802048,0.573083828040826,0.938508055279604,0.730848454477556,0.774474891531722,0.470582557778087,0.966512741987473,0.330872758342948,0.669127241657052,0.495930184209387,0.107808224865055,0.107808224865055,10.7808224865055,1803,1698,1638,165
2821700,"Warranted Humanity",0,5,1,6,0.833333333333333,0.43649717781353,0.703221904032612,0.969946630251693,0.533449452438163,0.830543448233867,0.584163438104136,0.975953731492499,0.497226735266432,0.502773264733568,0.391790293388363,-0.00278988509946654,0.00278988509946654,-0.278988509946654,1420,1365,1425,-5
2823790,"Casino Management Simulator",0,12,8,20,0.6,0.386581500762253,0.583887484194718,0.781193467627183,0.39461196686493,0.653015509587168,0.4643698056941,0.819429135545693,0.76725568840929,0.23274431159071,0.355059329851593,0.0530155095871676,0.0530155095871676,5.30155095871676,1904,1420,2059,-155
2824490,"He is Coming",0,3236,582,3818,0.847564169722368,0.835813752874949,0.847214821519434,0.858615890163919,0.02280213728897,0.847532788778601,0.835970375601404,0.858750910313425,0.998413487605678,0.00158651239432193,0.0227805347120207,-3.13809437665347e-05,3.13809437665347e-05,-0.00313809437665347,1370,317,1352,18
2824780,"TORSO TENNIS",0,62,0,62,1,0.941655927898628,0.970827963949314,1,0.0583440721013725,0.984650104190758,0.945144238949305,0.999548390227375,0.910868176104208,0.0891318238957923,0.0544041512780695,-0.0153498958092418,0.0153498958092418,-1.53498958092418,10,62,22,-12
2825880,"Death Howl",0,1196,92,1288,0.928571428571429,0.913195430412136,0.927297015613599,0.941398600815062,0.028203170402926,0.928098911926234,0.913416219705571,0.941528981339564,0.995311734314652,0.00468826568534814,0.0281127616339938,-0.000472516645194876,0.000472516645194876,-0.0472516645194876,1056,114,355,701
2826670,"Melting Encyclopedia",0,9,1,10,0.9,0.595849973204762,0.788986880054844,0.982123786904927,0.386273813700165,0.872731111014648,0.677664932231878,0.982519288093029,0.622396454151338,0.377603545848662,0.304854355861151,-0.0272688889853516,0.0272688889853516,-2.72688889853516,1186,972,849,337
2827080,"Yunashi no Yume",0,51,7,58,0.879310344827586,0.771206459540391,0.855748399528992,0.940290339517593,0.169083879977202,0.874431000052721,0.783715998853447,0.943125867919083,0.905303256762549,0.0946967432374507,0.159409869065636,-0.00487934477486474,0.00487934477486474,-0.487934477486474,1263,501,843,420
2827200,"MIMESIS",0,7025,1314,8339,0.842427149538314,0.834449847860065,0.842269479061111,0.850089110262157,0.015639262402092,0.842416504100678,0.834522520478874,0.850155036267339,0.9992729921004,0.00072700789960004,0.0156325157884648,-1.06454376359588e-05,1.06454376359588e-05,-0.00106454376359588,1386,323,1378,8
2831070,"Dimachaerus",0,1,0,1,1,0.206549314377237,0.603274657188619,1,0.793450685622763,0.852153574587866,0.534749383069649,0.995001716766416,0.141504169329759,0.858495830670241,0.460252333696767,-0.147846425412134,0.147846425412134,-14.7846425412134,588,1747,1084,-496
2835650,"Randomice",0,92,5,97,0.948453608247423,0.884956445885372,0.931370197423931,0.977783948962489,0.0928275030771175,0.941350535019144,0.888787130239706,0.977855692648763,0.941136020979865,0.0588639790201352,0.0890685624090569,-0.0071030732282783,0.0071030732282783,-0.71030732282783,973,167,254,719
2836300,"3D Skills Start Here",0,15,30,45,0.333333333333333,0.2135887493433,0.346441933122148,0.479295116900996,0.265706367557695,0.392075839841122,0.264084121617804,0.528078567966407,0.881196507596313,0.118803492403687,0.263994446348604,0.0587425065077891,0.0587425065077891,5.87425065077891,2087,1691,2236,-149
2845770,"The Giant Crab in Space",0,3,2,5,0.6,0.230724281276013,0.556551753521683,0.882379225767352,0.651654944491339,0.724872173897113,0.442056951187525,0.93155803852216,0.451796495462645,0.548203504537355,0.489501087334635,0.124872173897113,0.124872173897113,12.4872173897113,1913,1681,1842,71
2848680,"Landmaster",0,2,4,6,0.333333333333333,0.0967714111057805,0.398389047983694,0.700006684861608,0.603235273755828,0.581930080600651,0.307299488335353,0.830893717497911,0.497226735266432,0.502773264733568,0.523594229162558,0.248596747267317,0.248596747267317,24.8596747267317,2093,2041,2160,-67
2851640,"Speed Demons 2",0,24,2,26,0.923076923076923,0.75858446228371,0.868614686905717,0.978644911527724,0.220060449244014,0.905047963214802,0.784199847794922,0.978976713852497,0.810804163046963,0.189195836953038,0.194776866057574,-0.0180289598621209,0.0180289598621209,-1.80289598621209,1083,526,576,507
2854980,"MADNESS",0,7,0,7,1,0.645669564933313,0.822834782466656,1,0.354330435066687,0.920040873360553,0.730470837927101,0.997488688736488,0.535703506847418,0.464296493152582,0.267017850809387,-0.0799591266394466,0.0799591266394466,-7.99591266394466,192,833,403,-211
2857670,"Pot",0,2,0,2,1,0.342380227506653,0.671190113753327,1,0.657619772493347,0.870481046513441,0.58446518931204,0.995709839532952,0.247925803745148,0.752074196254852,0.411244650220912,-0.129518953486559,0.129518953486559,-12.9518953486559,446,1479,865,-419
2860040,"SIS and BRO: The Cyborg Siblings",0,1,0,1,1,0.206549314377237,0.603274657188619,1,0.793450685622763,0.852153574587866,0.534749383069649,0.995001716766416,0.141504169329759,0.858495830670241,0.460252333696767,-0.147846425412134,0.147846425412134,-14.7846425412134,589,1748,1085,-496
2863790,"FolkOrigin",0,32,4,36,0.888888888888889,0.746851914096351,0.851392755546597,0.955933596996843,0.209081682900492,0.88007633722204,0.76763195979191,0.958622138308417,0.855779120534888,0.144220879465112,0.190990178516507,-0.00881255166684913,0.00881255166684913,-0.881255166684913,1222,558,828,394
2865380,"Scott Whiskers: the Search for the Golden Cat",0,9,0,9,1,0.700854951580456,0.850427475790228,1,0.299145048419544,0.930654731507598,0.763886321497756,0.997845939982778,0.597334709233019,0.40266529076698,0.233959618485022,-0.0693452684924021,0.0693452684924021,-6.93452684924021,163,701,331,-168
2870530,"Battle Suit Aces",0,313,33,346,0.904624277456647,0.869082476633903,0.900181272030868,0.931280067427834,0.0621975907939314,0.903300147168944,0.870380164475043,0.931886217174332,0.982767681168677,0.017232318831323,0.0615060526992892,-0.00132413028770306,0.00132413028770306,-0.132413028770306,1166,217,583,583
2870920,"Restaurats",0,1461,169,1630,0.896319018404908,0.880576172414114,0.895387200216037,0.910198228017961,0.0296220556038473,0.896064875340573,0.880830540241258,0.910382289790984,0.99629175954186,0.00370824045814048,0.0295517495497263,-0.000254143064335466,0.000254143064335466,-0.0254143064335466,1199,178,663,536
2871820,"祟り坂 | TATARI Curse road",0,39,6,45,0.866666666666667,0.738226981738229,0.837827747131274,0.937428512524319,0.19920153078609,0.862047310559156,0.75609893086919,0.94129724515729,0.881196507596313,0.118803492403687,0.185198314288099,-0.00461935610751052,0.00461935610751052,-0.461935610751052,1306,591,1037,269
2873860,"Sudoku Acres",0,34,2,36,0.944444444444444,0.818553427913527,0.901591720624683,0.984630013335838,0.166076585422311,0.9276196216962,0.83335072560034,0.984187954199184,0.855779120534888,0.144220879465112,0.150837228598844,-0.0168248227482443,0.0168248227482443,-1.68248227482443,991,372,356,635
2875000,"Psycho-Kin",0,2,0,2,1,0.342380227506653,0.671190113753327,1,0.657619772493347,0.870481046513441,0.58446518931204,0.995709839532952,0.247925803745148,0.752074196254852,0.411244650220912,-0.129518953486559,0.129518953486559,-12.9518953486559,447,1480,866,-419
2876200,"eXoSpace Combat Engineer",0,35,8,43,0.813953488372093,0.673829963427256,0.788206224568647,0.902582485710038,0.228752522282782,0.815663617951124,0.697074443235013,0.909962316068719,0.876353999886154,0.123646000113846,0.212887872833705,0.00171012957903105,0.00171012957903105,0.171012957903105,1473,771,1474,-1
2877170,"TouHou Makuka Sai ~ Fantastic Danmaku Festival Part III",0,1128,113,1241,0.908944399677679,0.891651354318058,0.907682437312766,0.923713520307474,0.0320621659894158,0.908549559312362,0.891949182777671,0.923909275112372,0.995135040921551,0.00486495907844893,0.0319600923347002,-0.000394840365317006,0.000394840365317006,-0.0394840365317006,1151,152,513,638
2877660,"Jitter",0,138,26,164,0.841463414634146,0.777842078542852,0.833648196300683,0.889454314058514,0.111612235515662,0.840975430415384,0.782546396572227,0.891817571192788,0.964326223825753,0.0356737761742472,0.109271174620561,-0.000487984218762394,0.000487984218762394,-0.0487984218762394,1390,480,1384,6
2878450,"Master of Command",0,3508,299,3807,0.921460467559758,0.912483836452429,0.921035620961395,0.929587405470361,0.0171035690179326,0.921311420486887,0.912559528019382,0.929644774645467,0.998408910807877,0.00159108919212271,0.0170852466260846,-0.000149047072871111,0.000149047072871111,-0.0149047072871111,1094,116,392,702
2879980,"ZAKO NO AHIRU",0,243,34,277,0.877256317689531,0.833372869759738,0.872096058889649,0.910819248019561,0.0774463782598231,0.876195992484704,0.835470734484512,0.911891993815918,0.9785671551619,0.0214328448380997,0.0764212593314063,-0.00106032520482713,0.00106032520482713,-0.106032520482713,1267,324,838,429
2881170,"My fair damnation",0,1,0,1,1,0.206549314377237,0.603274657188619,1,0.793450685622763,0.852153574587866,0.534749383069649,0.995001716766416,0.141504169329759,0.858495830670241,0.460252333696767,-0.147846425412134,0.147846425412134,-14.7846425412134,590,1749,1086,-496
2886690,"Human Sacrifice",0,2,0,2,1,0.342380227506653,0.671190113753327,1,0.657619772493347,0.870481046513441,0.58446518931204,0.995709839532952,0.247925803745148,0.752074196254852,0.411244650220912,-0.129518953486559,0.129518953486559,-12.9518953486559,448,1481,867,-419
2886700,"Star Scum",0,5,1,6,0.833333333333333,0.43649717781353,0.703221904032612,0.969946630251693,0.533449452438163,0.830543448233867,0.584163438104136,0.975953731492499,0.497226735266432,0.502773264733568,0.391790293388363,-0.00278988509946654,0.00278988509946654,-0.278988509946654,1421,1366,1426,-5
2891580,"Puzzled Hive",0,16,0,16,1,0.806392319465564,0.903196159732782,1,0.193607680534436,0.952652213199652,0.835485767673106,0.998561941173444,0.725066889874052,0.274933110125948,0.163076173500338,-0.0473477868003478,0.0473477868003478,-4.73477868003478,77,401,154,-77
2892040,"The Shadowed Rune",0,41,0,41,1,0.914332429815568,0.957166214907784,1,0.0856675701844318,0.97780139290096,0.921134727818455,0.999342486981342,0.871099949910263,0.128900050089737,0.078207759162887,-0.0221986070990399,0.0221986070990399,-2.21986070990399,16,112,36,-20
2892560,"AO: Containment Breach",0,2,0,2,1,0.342380227506653,0.671190113753327,1,0.657619772493347,0.870481046513441,0.58446518931204,0.995709839532952,0.247925803745148,0.752074196254852,0.411244650220912,-0.129518953486559,0.129518953486559,-12.9518953486559,449,1482,868,-419
2893530,"Pillaged Village: Humbled by Savages",0,17,8,25,0.68,0.484102692731022,0.656025394830971,0.82794809693092,0.343845404199898,0.708860180286565,0.540393050374969,0.851887641924852,0.804714219833784,0.195285780166216,0.311494591549884,0.0288601802865647,0.0288601802865647,2.88601802865647,1766,1242,1940,-174
2893820,"Of Ash and Steel",0,3999,2045,6044,0.661647915287889,0.649620143761243,0.66154524000874,0.673470336256238,0.0238501924949943,0.661814514766205,0.649844304413002,0.67368339485222,0.998997212815806,0.00100278718419347,0.0238390904392179,0.00016659947831632,0.00016659947831632,0.016659947831632,1840,816,2051,-211
2896350,"Thule",0,3,3,6,0.5,0.187616306482651,0.5,0.812383693517349,0.624767387034699,0.664801203145056,0.389064584008582,0.889062542250215,0.497226735266432,0.502773264733568,0.499997958241633,0.164801203145056,0.164801203145056,16.4801203145056,1973,1996,2023,-50
2896570,"Empire Builder",0,39,3,42,0.928571428571429,0.809905731988417,0.892657661057556,0.975409590126694,0.165503858138277,0.915850246470562,0.823540673057809,0.975857835874093,0.873781628378489,0.126218371621511,0.152317162816284,-0.0127211821008669,0.0127211821008669,-1.27211821008669,1058,396,448,610
2897520,"Furball Blitz!",0,3,0,3,1,0.438502968244955,0.719251484122477,1,0.561497031755045,0.884765810979371,0.624831367315985,0.996242206486757,0.330872758342948,0.669127241657052,0.371410839170772,-0.115234189020629,0.115234189020629,-11.5234189020629,359,1283,729,-370
2899300,"UKNON Jones & Guynelk 2",0,1,0,1,1,0.206549314377237,0.603274657188619,1,0.793450685622763,0.852153574587866,0.534749383069649,0.995001716766416,0.141504169329759,0.858495830670241,0.460252333696767,-0.147846425412134,0.147846425412134,-14.7846425412134,591,1750,1087,-496
2902440,"Steve's Warehouse: Physics. Roguelike. Chaos.",0,114,16,130,0.876923076923077,0.809405891176818,0.866104796165176,0.922803701153534,0.113397809976716,0.874732087145157,0.814377454632686,0.924678126799657,0.955412166650627,0.0445878333493733,0.110300672166971,-0.00219098977791965,0.00219098977791965,-0.219098977791965,1269,398,842,427
2903160,"Midori no Kaori",0,439,24,463,0.948164146868251,0.924030667246023,0.94447637646445,0.964922085682878,0.0408914184368543,0.94660714985916,0.924552959343357,0.965062595058445,0.987065961810776,0.0129340381892238,0.0405096357150878,-0.00155699700909107,0.00155699700909107,-0.155699700909107,974,96,201,773
2903240,"DODORI",0,16,0,16,1,0.806392319465564,0.903196159732782,1,0.193607680534436,0.952652213199652,0.835485767673106,0.998561941173444,0.725066889874052,0.274933110125948,0.163076173500338,-0.0473477868003478,0.0473477868003478,-4.73477868003478,78,402,155,-77
2904360,"Dissimilar",0,26,3,29,0.896551724137931,0.736149189092262,0.850167148870792,0.964185108649323,0.228035919557061,0.88465427896016,0.761919255443294,0.966365933582295,0.826989997325844,0.173010002674156,0.204446678139001,-0.011897445177771,0.011897445177771,-1.1897445177771,1196,594,808,388
2904420,"MagicCar of Delicious",0,20,6,26,0.769230769230769,0.579484459210563,0.734572982576365,0.889661505942167,0.310177046731604,0.780308861207577,0.624331972161631,0.903289533335996,0.810804163046963,0.189195836953038,0.278957561174365,0.0110780919768079,0.0110780919768079,1.10780919768079,1592,995,1615,-23
2905160,"Risky Rocket",0,2,0,2,1,0.342380227506653,0.671190113753327,1,0.657619772493347,0.870481046513441,0.58446518931204,0.995709839532952,0.247925803745148,0.752074196254852,0.411244650220912,-0.129518953486559,0.129518953486559,-12.9518953486559,450,1483,869,-419
2905650,"Chaos Pieces",0,5,0,5,1,0.565517535216825,0.782758767608413,1,0.434482464783175,0.905590772082171,0.68618151869736,0.996989370906001,0.451796495462645,0.548203504537355,0.310807852208641,-0.0944092279178288,0.0944092279178288,-9.44092279178288,258,1018,531,-273
2906270,"Hidden Cats in Istanbul",0,54,0,54,1,0.933586411909104,0.966793205954552,1,0.0664135880908963,0.98260573189919,0.937946968999998,0.9994872167382,0.898997174936905,0.101002825063095,0.0615402477382012,-0.0173942681008098,0.0173942681008098,-1.73942681008098,11,73,25,-14
2908050,"Catto's Post Office",0,1163,32,1195,0.973221757322176,0.962442182347013,0.971705408450159,0.980968634553305,0.0185264522062927,0.972487111697716,0.962520537159578,0.980966230224666,0.994948716486087,0.005051283513913,0.0184456930650874,-0.000734645624459906,0.000734645624459906,-0.0734645624459906,881,25,56,825
2908500,"Buggos 2",0,573,113,686,0.835276967930029,0.805667060683716,0.833409940877129,0.861152821070542,0.0554857603868255,0.835211284627854,0.806693886405146,0.861894095584363,0.991233608598848,0.00876639140115192,0.0552002091792169,-6.56833021754899e-05,6.56833021754899e-05,-0.00656833021754899,1405,408,1404,1
2908830,"Toni Island Adventure",0,10,0,10,1,0.722467200137111,0.861233600068555,1,0.277532799862889,0.934970756429782,0.777686418312525,0.997988980033724,0.622396454151338,0.377603545848662,0.220302561721199,-0.0650292435702178,0.0650292435702178,-6.50292435702178,147,627,292,-145
2909870,"The Legacy",0,24,22,46,0.521739130434783,0.38137413072804,0.520063618193792,0.658753105659543,0.277378974931503,0.557400052916736,0.422248339226561,0.688372036814987,0.883478253290958,0.116521746709042,0.266123697588426,0.0356609224819531,0.0356609224819531,3.56609224819531,1961,1424,2175,-214
2912770,"Silver Daze",0,14,0,14,1,0.784689197262364,0.892344598631182,1,0.215310802737636,0.947933226509594,0.819862183909706,0.998411037394891,0.69766527778157,0.30233472221843,0.178548853485185,-0.0520667734904059,0.0520667734904059,-5.20667734904059,95,462,190,-95
2914490,"Death end re;Quest: Code Z",0,41,16,57,0.719298245614035,0.591698013239561,0.705452009900663,0.819206006561765,0.227507993322204,0.729734420392857,0.614624955410241,0.831051084099129,0.903801729038474,0.0961982709615265,0.216426128688888,0.0104361747788223,0.0104361747788223,1.04361747788223,1712,980,1831,-119
2915660,"Pennon and Battle",0,121,54,175,0.691428571428571,0.619495596446276,0.687316745350344,0.755137894254412,0.135642297808136,0.695997383925127,0.627233546857308,0.760660190352649,0.966493441985501,0.0335065580144988,0.133426643495341,0.0045688124965555,0.0045688124965555,0.45688124965555,1755,899,1969,-214
2917040,"Garten of Banban 8: Anti Devil",0,1393,180,1573,0.885568976478067,0.868889405574686,0.884629663690855,0.900369921807024,0.0314805162323379,0.88534696225624,0.869182575641423,0.900587009654722,0.996157902197276,0.00384209780272445,0.0314044340132988,-0.000222014221827327,0.000222014221827327,-0.0222014221827327,1245,218,719,526
2920010,"Comet Angel",0,13,0,13,1,0.771904627645802,0.885952313822901,1,0.228095372354198,0.945202489330826,0.81088672917826,0.9983230513247,0.681808780229511,0.318191219770489,0.18743632214644,-0.0547975106691736,0.0547975106691736,-5.47975106691736,104,488,209,-105
2920510,"Werewolf Party",0,50,6,56,0.892857142857143,0.785315548289285,0.867638096289057,0.949960644288829,0.164645095999544,0.88649639470277,0.797390026019984,0.952170877388023,0.902251817167342,0.0977481828326585,0.154780851368039,-0.00636074815437315,0.00636074815437315,-0.636074815437315,1211,458,716,495
2923120,"Star's Peaces: Memorial Edition",0,4,0,4,1,0.510109163545403,0.755054581772701,1,0.489890836454597,0.896212616889674,0.658188789563792,0.996657030244202,0.397340615926201,0.602659384073799,0.338468240680411,-0.103787383110326,0.103787383110326,-10.3787383110326,305,1149,615,-310
2924080,"The Mnemograph",0,9,0,9,1,0.700854951580456,0.850427475790228,1,0.299145048419544,0.930654731507598,0.763886321497756,0.997845939982778,0.597334709233019,0.40266529076698,0.233959618485022,-0.0693452684924021,0.0693452684924021,-6.93452684924021,164,702,332,-168
2925970,"The Unholy Priest",0,271,100,371,0.730458221024259,0.683114876671296,0.728096433806963,0.77307799094263,0.0899631142713337,0.732024178334779,0.686249857505277,0.775467360479128,0.98391020504703,0.0160897949529698,0.0892175029738511,0.00156595731051989,0.00156595731051989,0.156595731051989,1701,742,1822,-121
2928690,"Wandness: WandCraft Survivor",0,80,27,107,0.747663551401869,0.657764756990855,0.739080216752366,0.820395676513877,0.162630919523021,0.751962661574271,0.668720985715375,0.826765394680256,0.946342139094024,0.0536578609059762,0.158044408964881,0.00429911017240148,0.00429911017240148,0.429911017240148,1670,800,1729,-59
2929880,"Z-Factor",0,1,2,3,0.333333333333333,0.0614919447203963,0.426916171959174,0.792340399197952,0.730848454477556,0.664183972084073,0.347732278340177,0.912726902582571,0.330872758342948,0.669127241657052,0.564994624242395,0.330850638750739,0.330850638750739,33.0850638750739,2099,2112,2033,66
2930290,"Love at The Milky Way Diner",0,25,0,25,1,0.866807749060952,0.933403874530476,1,0.133192250939048,0.966368730633376,0.881705038024413,0.998992506948693,0.804714219833784,0.195285780166216,0.11728746892428,-0.0336312693666244,0.0336312693666244,-3.36312693666244,33,224,80,-47
2931620,"My Furry Protogen 3 <U+0001F43E>",0,210,9,219,0.958904109589041,0.923755431980835,0.950993278054537,0.978231124128239,0.0544756921474039,0.955369630288029,0.924867734626945,0.97825416667571,0.973043887025943,0.0269561129740574,0.0533864320487646,-0.00353447930101169,0.00353447930101169,-0.353447930101169,921,97,142,779
2932990,"The Zombie Slayers",0,17,4,21,0.80952380952381,0.599994353097951,0.761659351285166,0.923324349472382,0.323329996374431,0.813616824837391,0.650055412307947,0.933590971367305,0.775854532651986,0.224145467348014,0.283535559059358,0.00409301531358097,0.00409301531358097,0.409301531358097,1487,962,1501,-14
2934220,"Monsters are Coming!",0,2145,553,2698,0.795033358042995,0.779386778819622,0.794613881729182,0.809840984638741,0.0304542058191191,0.795106839177583,0.779692128893749,0.810108096039278,0.997756368559473,0.00224363144052698,0.0304159671455291,7.34811345882713e-05,7.34811345882713e-05,0.00734811345882713,1546,479,1582,-36
2936470,"A Fistful Of Yankees",0,9,1,10,0.9,0.595849973204762,0.788986880054844,0.982123786904927,0.386273813700165,0.872731111014648,0.677664932231878,0.982519288093029,0.622396454151338,0.377603545848662,0.304854355861151,-0.0272688889853516,0.0272688889853516,-2.72688889853516,1187,973,850,337
2937090,"Hunters Inc",0,88,67,155,0.567741935483871,0.489046777069088,0.566103648744833,0.643160520420578,0.154113743351491,0.577536987547099,0.500682036693271,0.652567592386327,0.962332866242018,0.0376671337579823,0.151885555693056,0.00979505206322817,0.00979505206322817,0.979505206322817,1943,1224,2167,-224
2937770,"Bubble Bobble Sugar Dungeons Boosted",0,10,7,17,0.588235294117647,0.360054426429998,0.571971929263925,0.783889432097852,0.423835005667854,0.651240090318834,0.450588820018601,0.827064964305578,0.736985819489999,0.263014180510001,0.376476144286976,0.0630047962011874,0.0630047962011874,6.30047962011874,1927,1450,2061,-134
2943250,"Impawlse",0,2,0,2,1,0.342380227506653,0.671190113753327,1,0.657619772493347,0.870481046513441,0.58446518931204,0.995709839532952,0.247925803745148,0.752074196254852,0.411244650220912,-0.129518953486559,0.129518953486559,-12.9518953486559,451,1484,870,-419
2943420,"Amelie falls over and over again ~ An endless week in Magic Academy",0,206,50,256,0.8046875,0.751770207456739,0.800183043745242,0.848595880033745,0.096825672577006,0.805222198929008,0.755236730712333,0.850797163929118,0.976849694121239,0.0231503058787605,0.0955604332167846,0.000534698929007593,0.000534698929007593,0.0534698929007593,1493,554,1533,-40
2943670,"Night Club Simulator",0,172,116,288,0.597222222222222,0.53965815839986,0.595942502868323,0.652226847336786,0.112568688936926,0.601978976540861,0.545514024615571,0.657129889119553,0.979368881808128,0.0206311181918718,0.111615864503983,0.00475675431863876,0.00475675431863876,0.475675431863876,1920,1103,2140,-220
2948470,"Mordfield Command",0,5,0,5,1,0.565517535216825,0.782758767608413,1,0.434482464783175,0.905590772082171,0.68618151869736,0.996989370906001,0.451796495462645,0.548203504537355,0.310807852208641,-0.0944092279178288,0.0944092279178288,-9.44092279178288,259,1019,532,-273
2949560,"NO LIFE BABY OF THE END",0,1,1,2,0.5,0.0945312057342307,0.5,0.905468794265769,0.810937588531539,0.746518144640867,0.41858644386299,0.961464062212803,0.247925803745148,0.752074196254852,0.542877618349813,0.246518144640867,0.246518144640867,24.6518144640867,1998,2050,1754,244
2952970,"The Rule Of SHE",0,26,8,34,0.764705882352941,0.600038620774636,0.73783438272412,0.875630144673604,0.275591523898968,0.774257214819913,0.63461913703547,0.888026724714573,0.84858012221008,0.151419877789921,0.253407587679103,0.00955133246697148,0.00955133246697148,0.955133246697148,1608,960,1675,-67
2955840,"Kitchen Wars",0,40,9,49,0.816326530612245,0.686423973971001,0.793330281675149,0.900236589379297,0.213812615408296,0.817588880410842,0.706428580379704,0.90696541433562,0.889826260030941,0.110173739969059,0.200536833955915,0.00126234979859707,0.00126234979859707,0.126234979859707,1467,728,1466,1
2957700,"Sensei! I Like You So Much!",0,1130,170,1300,0.869230769230769,0.849810405510204,0.86814291856784,0.886475431625475,0.0366650261152719,0.869038242678685,0.850222891556488,0.886783330940298,0.995354809586638,0.0046451904133617,0.0365604393838103,-0.000192526552084016,0.000192526552084016,-0.0192526552084016,1299,270,998,301
2958130,"Jurassic World Evolution 3",0,10572,732,11304,0.935244161358811,0.930558026599993,0.935096301793491,0.939634576986989,0.00907655038699673,0.935186517918837,0.930577061352281,0.939650207866089,0.999463581460811,0.00053641853918906,0.00907314651380786,-5.76434399736092e-05,5.76434399736092e-05,-0.00576434399736092,1027,79,287,740
2963220,"Ruins of Endoth",0,4,1,5,0.8,0.375534629762525,0.669655260565048,0.96377589136757,0.588241261605044,0.815231472989642,0.551924429746717,0.973460575390088,0.451796495462645,0.548203504537355,0.421536145643371,0.0152314729896422,0.0152314729896422,1.52314729896422,1524,1431,1482,42
2964580,"Dungeon World",0,5,1,6,0.833333333333333,0.43649717781353,0.703221904032612,0.969946630251693,0.533449452438163,0.830543448233867,0.584163438104136,0.975953731492499,0.497226735266432,0.502773264733568,0.391790293388363,-0.00278988509946654,0.00278988509946654,-0.278988509946654,1422,1367,1427,-5
2967630,"The Biggleboss Incident",0,173,15,188,0.920212765957447,0.872542815544905,0.911798369787408,0.951053924029911,0.0785111084850056,0.917323264134704,0.874816196434233,0.951709683423428,0.968737952449649,0.0312620475503509,0.0768934869891945,-0.0028895018227425,0.0028895018227425,-0.28895018227425,1097,204,441,656
2968420,"PowerWash Simulator 2",0,9924,914,10838,0.915667097250415,0.910286996794337,0.91551981894504,0.920752641095742,0.0104656443014048,0.915617929489069,0.91031445553498,0.92077620606678,0.999440530050221,0.000559469949779328,0.0104617505318004,-4.91677613460029e-05,4.91677613460029e-05,-0.00491677613460029,1120,120,450,670
2973830,"Crime Shop Simulator: A Prison Boss Game",0,135,22,157,0.859872611464968,0.79694859780075,0.85127758983451,0.90560658186827,0.10865798406752,0.858678762540017,0.801404358973939,0.907633137150905,0.962794849966797,0.0372051500332028,0.106228778176966,-0.00119384892495111,0.00119384892495111,-0.119384892495111,1319,426,1044,275
2977680,"ScanIt!",0,4,0,4,1,0.510109163545403,0.755054581772701,1,0.489890836454597,0.896212616889674,0.658188789563792,0.996657030244202,0.397340615926201,0.602659384073799,0.338468240680411,-0.103787383110326,0.103787383110326,-10.3787383110326,306,1150,616,-310
2978460,"HARD VOID",0,8,0,8,1,0.67559243511612,0.83779621755806,1,0.32440756488388,0.925725065222174,0.748273816826629,0.99768099293825,0.568709749645159,0.431290250354841,0.249407176111621,-0.0742749347778259,0.0742749347778259,-7.42749347778259,176,757,369,-193
2979020,"Clayers: Prologue",0,6,0,6,1,0.609665712097835,0.804832856048917,1,0.390334287902165,0.913414570778272,0.709988022926607,0.997261605765302,0.497226735266432,0.502773264733568,0.287273582838695,-0.0865854292217277,0.0865854292217277,-8.65854292217277,223,917,462,-239
2981070,"Arcane Trigger",0,307,53,360,0.852777777777778,0.8124551213329,0.849053129930933,0.885651138528967,0.0731960171960671,0.852363554558043,0.814306555644634,0.886776067444555,0.983426720388404,0.0165732796115962,0.0724695117999212,-0.000414223219734722,0.000414223219734722,-0.0414223219734722,1358,390,1071,287
2981450,"Mystery Lover:Nonexistent Memories",0,332,19,351,0.945868945868946,0.9170088959256,0.941042037534519,0.965075179143437,0.0480662832178369,0.943862568564763,0.917772478528176,0.965256823441971,0.983008984932814,0.0169910150671861,0.0474843449137946,-0.00200637730418263,0.00200637730418263,-0.200637730418263,985,106,226,759
2983410,"Xenopurge",0,354,62,416,0.850961538461538,0.81353420159386,0.847750316060029,0.881966430526198,0.0684322289323382,0.85062838175979,0.815133469114106,0.882977614583469,0.985625669401471,0.0143743305985289,0.0678441454693628,-0.000333156701748827,0.000333156701748827,-0.0333156701748827,1360,389,1333,27
2985450,"Umigame",0,33,10,43,0.767441860465116,0.62255479702191,0.745509006114033,0.868463215206155,0.245908418184245,0.774902966793629,0.649483557949219,0.879136908134688,0.876353999886154,0.123646000113846,0.229653350185469,0.00746110632851227,0.00746110632851227,0.746110632851227,1599,892,1632,-33
2986340,"Flood",0,9,0,9,1,0.700854951580456,0.850427475790228,1,0.299145048419544,0.930654731507598,0.763886321497756,0.997845939982778,0.597334709233019,0.40266529076698,0.233959618485022,-0.0693452684924021,0.0693452684924021,-6.93452684924021,165,703,333,-168
2987110,"Necromancer For A Week",0,26,1,27,0.962962962962963,0.817165340664242,0.905298597341728,0.993431854019215,0.176266513354973,0.938161168785332,0.835976942456889,0.991906015744527,0.816525765849317,0.183474234150683,0.155929073287638,-0.024801794177631,0.024801794177631,-2.4801794177631,909,374,276,633
2995560,"Wildkeepers Rising",0,87,23,110,0.790909090909091,0.705749055356944,0.781092673367807,0.85643629137867,0.150687236021726,0.792836595539992,0.7148966282952,0.861226489951095,0.947729042179164,0.0522709578208361,0.146329861655895,0.00192750463090074,0.00192750463090074,0.192750463090074,1551,688,1586,-35
2996290,"Jigsaw Industry",0,4,1,5,0.8,0.375534629762525,0.669655260565048,0.96377589136757,0.588241261605044,0.815231472989642,0.551924429746717,0.973460575390088,0.451796495462645,0.548203504537355,0.421536145643371,0.0152314729896422,0.0152314729896422,1.52314729896422,1525,1432,1483,42
2998130,"Spiritual Clinic Simulator",0,0,2,2,0,0,0.328809886246673,0.657619772493347,0.657619772493347,0.622555242768293,0.289385773103398,0.898758006134615,0.247925803745148,0.752074196254852,0.609372233031217,0.622555242768293,0.622555242768293,62.2555242768293,2163,2163,2105,58
2999220,"Cupig's Key Collectathon",0,2,0,2,1,0.342380227506653,0.671190113753327,1,0.657619772493347,0.870481046513441,0.58446518931204,0.995709839532952,0.247925803745148,0.752074196254852,0.411244650220912,-0.129518953486559,0.129518953486559,-12.9518953486559,452,1485,871,-419
3001330,"Forest Heroes",0,232,46,278,0.834532374100719,0.786350375672711,0.829972745632026,0.873595115591341,0.0872447399186298,0.834388253688698,0.78908241575906,0.875237180444184,0.978642605144303,0.0213573948556968,0.0861547646851243,-0.000144120412021498,0.000144120412021498,-0.0144120412021498,1410,457,1409,1
3002400,"Black Annis",0,15,5,20,0.75,0.531299122381256,0.709718710486795,0.888138298592334,0.356839176211078,0.768103862848561,0.591878217022861,0.905526412220824,0.76725568840929,0.23274431159071,0.313648195197962,0.0181038628485611,0.0181038628485611,1.81038628485611,1631,1109,1688,-57
3002630,"Dionysus",0,1,0,1,1,0.206549314377237,0.603274657188619,1,0.793450685622763,0.852153574587866,0.534749383069649,0.995001716766416,0.141504169329759,0.858495830670241,0.460252333696767,-0.147846425412134,0.147846425412134,-14.7846425412134,592,1751,1088,-496
3003730,"Fantasy Clicker",0,22,14,36,0.611111111111111,0.448644590966051,0.600397930156171,0.75215126934629,0.303506678380238,0.642359914851237,0.493652476712017,0.778242961075204,0.855779120534888,0.144220879465112,0.284590484363187,0.0312488037401263,0.0312488037401263,3.12488037401263,1895,1271,2074,-179
3004860,"Sunchaser",0,2,0,2,1,0.342380227506653,0.671190113753327,1,0.657619772493347,0.870481046513441,0.58446518931204,0.995709839532952,0.247925803745148,0.752074196254852,0.411244650220912,-0.129518953486559,0.129518953486559,-12.9518953486559,453,1486,872,-419
3006080,"Aris Arcanum",0,14,5,19,0.736842105263158,0.512084491021849,0.697010183777012,0.881935876532175,0.369851385510326,0.75885278419504,0.577406332761835,0.901330436408018,0.757970773364418,0.242029226635582,0.323924103646183,0.0220106789318824,0.0220106789318824,2.20106789318824,1685,1143,1716,-31
3006280,"Sheepherds!",0,301,5,306,0.983660130718954,0.962326377727614,0.977663643088022,0.993000908448429,0.0306745307208149,0.980629731303982,0.962690565556754,0.992802676745139,0.980558883350275,0.0194411166497254,0.0301121111883855,-0.00303039941497241,0.00303039941497241,-0.303039941497241,855,26,28,827
3008340,"Day of the Shell",0,262,119,381,0.687664041994751,0.639450216448887,0.685790793484424,0.732131370519961,0.0926811540710735,0.689860302952721,0.642942473576885,0.734919742800793,0.984325890132047,0.0156741098679534,0.0919772692239084,0.0021962609579701,0.0021962609579701,0.21962609579701,1758,868,1982,-224
3008800,"Seconds Till Destruction",0,24,0,24,1,0.86202379532502,0.93101189766251,1,0.13797620467498,0.965250183783536,0.877891333821381,0.998957836828446,0.798219184162004,0.201780815837996,0.121066503007065,-0.0347498162164644,0.0347498162164644,-3.47498162164644,36,231,85,-49
3008950,"Twisted Screens",0,3,1,4,0.75,0.300641842582402,0.627527290886351,0.954412739190299,0.653770896607897,0.796877462908124,0.514485438814817,0.9703895228262,0.397340615926201,0.602659384073799,0.455904084011384,0.0468774629081241,0.0468774629081241,4.68774629081241,1646,1632,1557,89
3012220,"Double Dragon Revive",0,99,58,157,0.630573248407643,0.552799464495689,0.627454700736415,0.702109936977141,0.149310472481452,0.637910516687758,0.562876919739902,0.709739396942353,0.962794849966797,0.0372051500332028,0.146862477202451,0.00733726828011438,0.00733726828011438,0.733726828011438,1871,1083,2081,-210
3013500,"Bunny Space Odyssey: FlopHop",0,50,1,51,0.980392156862745,0.89695431273855,0.946742310048745,0.996530307358939,0.0995759946203889,0.964168034058477,0.903284226892934,0.995395692058998,0.893687471446342,0.106312528553658,0.0921114651660633,-0.0162241228042678,0.0162241228042678,-1.62241228042678,862,147,88,774
3014460,"Azrael's Tear",0,7,0,7,1,0.645669564933313,0.822834782466656,1,0.354330435066687,0.920040873360553,0.730470837927101,0.997488688736488,0.535703506847418,0.464296493152582,0.267017850809387,-0.0799591266394466,0.0799591266394466,-7.99591266394466,193,834,404,-211
3015920,"Tides of The Endless",0,21,4,25,0.84,0.653463783928211,0.794714634680724,0.935965485433236,0.282501701505024,0.83761445545997,0.691565576436377,0.942819370504997,0.804714219833784,0.195285780166216,0.25125379406862,-0.00238554454002982,0.00238554454002982,-0.238554454002982,1394,813,1396,-2
3019870,"San Geng",0,53,2,55,0.963636363636364,0.87676536025349,0.933367909482078,0.989970458710666,0.113205098457177,0.950139620609187,0.883735296243496,0.989250092739316,0.900651144208931,0.099348855791069,0.10551479649582,-0.0134967430271768,0.0134967430271768,-1.34967430271768,907,191,178,729
3022560,"The Banker Tycoon",0,0,2,2,0,0,0.328809886246673,0.657619772493347,0.657619772493347,0.622555242768293,0.289385773103398,0.898758006134615,0.247925803745148,0.752074196254852,0.609372233031217,0.622555242768293,0.622555242768293,62.2555242768293,2164,2164,2106,58
3024040,"Stronghold Crusader: Definitive Edition",0,9813,767,10580,0.927504725897921,0.922406983735239,0.927349560894119,0.932292138053,0.00988515431776071,0.927447575630664,0.922430452116316,0.932311731820407,0.99942689484009,0.000573105159910083,0.00988127970409136,-5.71502672563895e-05,5.71502672563895e-05,-0.00571502672563895,1067,100,357,710
3024370,"NebuLeet",0,48,5,53,0.905660377358491,0.797462726237037,0.878245042369893,0.95902735850275,0.161564632265712,0.897661511779146,0.809387528893028,0.96064573762374,0.897287202439936,0.102712797560064,0.151258208730712,-0.00799886557934459,0.00799886557934459,-0.799886557934459,1158,425,604,554
3026650,"Master Bobber",0,1,0,1,1,0.206549314377237,0.603274657188619,1,0.793450685622763,0.852153574587866,0.534749383069649,0.995001716766416,0.141504169329759,0.858495830670241,0.460252333696767,-0.147846425412134,0.147846425412134,-14.7846425412134,593,1752,1089,-496
3027310,"Zombi Efem",0,1,1,2,0.5,0.0945312057342307,0.5,0.905468794265769,0.810937588531539,0.746518144640867,0.41858644386299,0.961464062212803,0.247925803745148,0.752074196254852,0.542877618349813,0.246518144640867,0.246518144640867,24.6518144640867,1999,2051,1755,244
3029500,"Wind Story",0,2,3,5,0.4,0.117620774232648,0.443448246478317,0.769275718723987,0.651654944491339,0.634512874804584,0.346539607691581,0.876659256349701,0.451796495462645,0.548203504537355,0.53011964865812,0.234512874804584,0.234512874804584,23.4512874804584,2075,2030,2086,-11
3030130,"Known as Puca",0,2,0,2,1,0.342380227506653,0.671190113753327,1,0.657619772493347,0.870481046513441,0.58446518931204,0.995709839532952,0.247925803745148,0.752074196254852,0.411244650220912,-0.129518953486559,0.129518953486559,-12.9518953486559,454,1487,873,-419
3032010,"The Supper: New Blood",0,106,14,120,0.883333333333333,0.813666483823961,0.87144265287283,0.929218821921699,0.115552338097738,0.880660056311523,0.818895804127995,0.931017399132118,0.951875328441134,0.0481246715588661,0.112121595004123,-0.00267327702181053,0.00267327702181053,-0.267327702181053,1251,388,821,430
3032520,"BLUMA",0,22,0,22,1,0.851345125391379,0.92567256269569,1,0.148654874608621,0.962773973044716,0.869476733759179,0.998880808990799,0.783840638389173,0.216159361610827,0.12940407523162,-0.0372260269552844,0.0372260269552844,-3.72260269552844,41,261,92,-51
3033080,"Wukong Survivors ：Begin",0,17,0,17,1,0.815681864991148,0.907840932495574,1,0.184318135008852,0.954704839520599,0.842326137969279,0.998627131738827,0.736985819489999,0.263014180510001,0.156300993769548,-0.0452951604794012,0.0452951604794012,-4.52951604794012,74,379,145,-71
3034350,"Niraya of ■■",0,11,10,21,0.523809523809524,0.323695345828444,0.520127642406551,0.716559938984658,0.392864593156214,0.591944101222537,0.405285686951638,0.765725744782181,0.775854532651986,0.224145467348014,0.360440057830543,0.0681345774130134,0.0681345774130134,6.81345774130134,1960,1616,2153,-193
3034530,"Zilar: Empire Of The Underground",0,18,0,18,1,0.824120776353342,0.912060388176671,1,0.175879223646658,0.956586889340369,0.848621716716155,0.998686668099094,0.747914267160497,0.252085732839503,0.150064951382939,-0.0434131106596307,0.0434131106596307,-4.34131106596307,64,348,131,-67
3035320,"Zombie God",0,13,1,14,0.928571428571429,0.685312955758489,0.836295370255299,0.987277784752109,0.30196482899362,0.898099992382339,0.737150034502071,0.98626736576205,0.69766527778157,0.30233472221843,0.249117331259979,-0.0304714361890895,0.0304714361890895,-3.04714361890895,1061,733,598,463
3035880,"Devil's Drizzle",0,59,4,63,0.936507936507937,0.847808221546936,0.911421301766771,0.975034381986606,0.12722616043967,0.926957513418401,0.85542946246887,0.975340513526051,0.912158689877401,0.0878413101225991,0.119911051057181,-0.00955042308953535,0.00955042308953535,-0.955042308953535,1022,276,360,662
3036320,"My Last Stand: Survivors",0,0,2,2,0,0,0.328809886246673,0.657619772493347,0.657619772493347,0.622555242768293,0.289385773103398,0.898758006134615,0.247925803745148,0.752074196254852,0.609372233031217,0.622555242768293,0.622555242768293,62.2555242768293,2165,2165,2107,58
3036800,"PRITTO PRISONER",0,71,5,76,0.934210526315789,0.855064734662966,0.913319101221717,0.971573467780468,0.116508733117502,0.926342799614716,0.861176993113252,0.972015337298318,0.926073393856593,0.0739266061434072,0.110838344185066,-0.00786772670107383,0.00786772670107383,-0.786772670107383,1033,252,363,670
3037480,"Paplion",0,2,0,2,1,0.342380227506653,0.671190113753327,1,0.657619772493347,0.870481046513441,0.58446518931204,0.995709839532952,0.247925803745148,0.752074196254852,0.411244650220912,-0.129518953486559,0.129518953486559,-12.9518953486559,455,1488,874,-419
3038530,"NikNaks",0,11,1,12,0.916666666666667,0.646120088858883,0.815627497226983,0.985134905595083,0.3390148167362,0.88681971289006,0.710400627432893,0.984618474807295,0.664196976389084,0.335803023610916,0.274217847374402,-0.0298469537766067,0.0298469537766067,-2.98469537766067,1108,820,708,400
3039910,"Demon Hunt",0,355,104,459,0.773420479302832,0.732946390560058,0.771151163337377,0.809355936114696,0.0764095455546376,0.774129671245665,0.735079770653801,0.810946732952029,0.986954717279148,0.0130452827208518,0.0758669622982271,0.000709191942833254,0.000709191942833254,0.0709191942833254,1587,602,1676,-89
3040110,"Outsider",0,5,0,5,1,0.565517535216825,0.782758767608413,1,0.434482464783175,0.905590772082171,0.68618151869736,0.996989370906001,0.451796495462645,0.548203504537355,0.310807852208641,-0.0944092279178288,0.0944092279178288,-9.44092279178288,260,1020,533,-273
3040180,"Holy Shot",0,45,8,53,0.849056603773585,0.729457507238047,0.825466664364792,0.921475821491538,0.192018314253491,0.846871670131602,0.745539736374964,0.926047076668629,0.897287202439936,0.102712797560064,0.180507340293665,-0.00218493364198247,0.00218493364198247,-0.218493364198247,1365,613,1356,9
3040670,"Catalina's Horror Adventure",0,5,0,5,1,0.565517535216825,0.782758767608413,1,0.434482464783175,0.905590772082171,0.68618151869736,0.996989370906001,0.451796495462645,0.548203504537355,0.310807852208641,-0.0944092279178288,0.0944092279178288,-9.44092279178288,261,1021,534,-273
3042280,"Drop It! Jelly Man",0,5,0,5,1,0.565517535216825,0.782758767608413,1,0.434482464783175,0.905590772082171,0.68618151869736,0.996989370906001,0.451796495462645,0.548203504537355,0.310807852208641,-0.0944092279178288,0.0944092279178288,-9.44092279178288,262,1022,535,-273
3042560,"Void: Icarus",0,4,0,4,1,0.510109163545403,0.755054581772701,1,0.489890836454597,0.896212616889674,0.658188789563792,0.996657030244202,0.397340615926201,0.602659384073799,0.338468240680411,-0.103787383110326,0.103787383110326,-10.3787383110326,307,1151,617,-310
3043580,"Keeper",0,930,91,1021,0.910871694417238,0.891819348337184,0.909331605771226,0.926843863205267,0.0350245148680832,0.910380893760535,0.892180045500637,0.927068737181179,0.994092955964443,0.00590704403555677,0.034888691680542,-0.00049080065670315,0.00049080065670315,-0.049080065670315,1137,151,505,632
3044220,"Liminal Exit",0,62,28,90,0.688888888888889,0.587171754590235,0.681156604060072,0.775141453529909,0.187969698939674,0.697660574726931,0.602662998731094,0.784863416044233,0.936846846183291,0.0631531538167095,0.182200417313139,0.00877168583804167,0.00877168583804167,0.877168583804167,1757,986,1954,-197
3045660,"东方醉游稽传~Touhou Drunken Rebellion",0,92,12,104,0.884615384615385,0.809079503703942,0.870914863702903,0.932750223701864,0.123670719997922,0.881482836608289,0.815205047439109,0.934673722156277,0.944879632750552,0.055120367249448,0.119468674717167,-0.00313254800709573,0.00313254800709573,-0.313254800709573,1248,399,818,430
3047090,"Drive Out",0,5,0,5,1,0.565517535216825,0.782758767608413,1,0.434482464783175,0.905590772082171,0.68618151869736,0.996989370906001,0.451796495462645,0.548203504537355,0.310807852208641,-0.0944092279178288,0.0944092279178288,-9.44092279178288,263,1023,536,-273
3047310,"Aim Assault",0,33,9,42,0.785714285714286,0.640601546836771,0.76177177403837,0.882942001239969,0.242340454403199,0.791024299559349,0.666746386898394,0.892420920985987,0.873781628378489,0.126218371621511,0.225674534087593,0.00531001384506335,0.00531001384506335,0.531001384506335,1560,865,1588,-28
3047510,"Myths are 100% True",0,182,0,182,1,0.979329376528407,0.989664688264204,1,0.020670623471593,0.994444423166549,0.979980688366697,0.999838100977868,0.967740582599881,0.0322594174001193,0.0198574126111706,-0.00555557683345065,0.00555557683345065,-0.555557683345065,2,7,4,-2
3051240,"Hungry Meem",0,6,3,9,0.666666666666667,0.354202135580396,0.616809158596743,0.879416181613089,0.525214046032693,0.731543161763258,0.49053125892081,0.914719470598022,0.597334709233019,0.40266529076698,0.424188211677213,0.0648764950965914,0.0648764950965914,6.48764950965914,1789,1463,1825,-36
3051490,"Nicktoons & The Dice of Destiny",0,36,3,39,0.923076923076923,0.79678928832045,0.885140946508335,0.97349260469622,0.17670331637577,0.910248594373598,0.812322404973548,0.97417622833372,0.865379566858229,0.134620433141771,0.161853823360172,-0.0128283287033254,0.0128283287033254,-1.28283287033254,1080,429,506,574
3052320,"Ground Mine Girl ",0,0,1,1,0,0,0.396725342811381,0.793450685622763,0.793450685622763,0.710649405258107,0.356458319924359,0.954614608918397,0.141504169329759,0.858495830670241,0.598156288994038,0.710649405258107,0.710649405258107,71.0649405258107,2188,2188,1883,305
3054820,"DevilConnection",0,1917,24,1941,0.987635239567233,0.981667197219729,0.986672060443392,0.991676923667056,0.0100097264473265,0.987137154919214,0.981677940967481,0.991651124254762,0.996884067266345,0.00311593273365452,0.0099731832872807,-0.000498084648019481,0.000498084648019481,-0.0498084648019481,847,5,15,832
3055230,"Sex any cost but free",0,314,118,432,0.726851851851852,0.682972910238062,0.724852404507753,0.766731898777445,0.0837589885393828,0.728249698302686,0.685680579049403,0.768844893544723,0.98615067887844,0.0138493211215599,0.0831643144953205,0.00139784645083463,0.00139784645083463,0.139784645083463,1707,743,1833,-126
3055530,"Dare to Lucid Dream",0,20,0,20,1,0.838874841947181,0.91943742097359,1,0.161125158052819,0.959917784950884,0.859819080712199,0.998791485833549,0.76725568840929,0.23274431159071,0.138972405121349,-0.0400822150491164,0.0400822150491164,-4.00822150491163,54,303,112,-58
3058360,"Parisian Bistro Simulator",0,399,26,425,0.938823529411765,0.911872424223696,0.934892653599471,0.957912882975247,0.046040458751551,0.937260739756968,0.912549240301289,0.958137179023472,0.985925782832842,0.0140742171671584,0.0455879387221829,-0.00156278965479695,0.00156278965479695,-0.156278965479695,1012,117,280,732
3059160,"Wizard Duel",0,3,0,3,1,0.438502968244955,0.719251484122477,1,0.561497031755045,0.884765810979371,0.624831367315985,0.996242206486757,0.330872758342948,0.669127241657052,0.371410839170772,-0.115234189020629,0.115234189020629,-11.5234189020629,360,1284,730,-370
3061100,"栖云：遗忘之境 Oriental Dreams : The Forgotten Realm",0,1,0,1,1,0.206549314377237,0.603274657188619,1,0.793450685622763,0.852153574587866,0.534749383069649,0.995001716766416,0.141504169329759,0.858495830670241,0.460252333696767,-0.147846425412134,0.147846425412134,-14.7846425412134,594,1753,1090,-496
3061370,"Manga Ninja 漫画忍者",0,8,0,8,1,0.67559243511612,0.83779621755806,1,0.32440756488388,0.925725065222174,0.748273816826629,0.99768099293825,0.568709749645159,0.431290250354841,0.249407176111621,-0.0742749347778259,0.0742749347778259,-7.42749347778259,177,758,370,-193
3062040,"Hot Rod Mayhem",0,4,0,4,1,0.510109163545403,0.755054581772701,1,0.489890836454597,0.896212616889674,0.658188789563792,0.996657030244202,0.397340615926201,0.602659384073799,0.338468240680411,-0.103787383110326,0.103787383110326,-10.3787383110326,308,1152,618,-310
3064730,"Twisted Jam",0,0,1,1,0,0,0.396725342811381,0.793450685622763,0.793450685622763,0.710649405258107,0.356458319924359,0.954614608918397,0.141504169329759,0.858495830670241,0.598156288994038,0.710649405258107,0.710649405258107,71.0649405258107,2189,2189,1884,305
3065870,"Varthos - Heir to the Throne",0,53,26,79,0.670886075949367,0.561465766923592,0.662961881552811,0.76445799618203,0.202992229258438,0.682075979343724,0.579951288063335,0.776091316334396,0.928680515325816,0.0713194846741839,0.196140028271062,0.0111899033943569,0.0111899033943569,1.11899033943569,1772,1077,2002,-230
3067620,"CROW",0,23,4,27,0.851851851851852,0.67521314572187,0.808026933979713,0.940840722237557,0.265627576515687,0.847436083690963,0.708864393646976,0.946533140956862,0.816525765849317,0.183474234150683,0.237668747309886,-0.00441576816088851,0.00441576816088851,-0.441576816088851,1359,768,1354,5
3067970,"Broken Aperture",0,6,1,7,0.857142857142857,0.486872170725681,0.730596273190469,0.974320375655256,0.487448204929575,0.84351180095378,0.612178260667578,0.97801824063592,0.535703506847418,0.464296493152582,0.365839979968342,-0.0136310561890776,0.0136310561890776,-1.36310561890776,1342,1229,1367,-25
3068670,"Anode Heart: Layer Null",0,205,19,224,0.915178571428571,0.871330163345109,0.908178566277478,0.945026969209847,0.0736968058647385,0.912873961009236,0.873270657117961,0.945695400637663,0.973629719005863,0.0263702809941373,0.0724247435197027,-0.00230461041933516,0.00230461041933516,-0.230461041933516,1123,207,493,630
3069360,"RIP Party",0,1,0,1,1,0.206549314377237,0.603274657188619,1,0.793450685622763,0.852153574587866,0.534749383069649,0.995001716766416,0.141504169329759,0.858495830670241,0.460252333696767,-0.147846425412134,0.147846425412134,-14.7846425412134,595,1754,1091,-496
3070390,"Master Lemon: The Quest for Iceland",0,108,0,108,1,0.965652640253443,0.982826320126721,1,0.0343473597465572,0.990840287531556,0.967093388932018,0.999732134507091,0.946812545907842,0.0531874540921581,0.0326387455750731,-0.00915971246844427,0.00915971246844427,-0.915971246844427,5,19,9,-4
3070650,"群島物語 - 實習鍊金術士的 90 天之旅",0,25,2,27,0.925925925925926,0.766304073169769,0.87287470955439,0.979445345939011,0.213141272769243,0.907919473753876,0.790377195260622,0.979647537352958,0.816525765849317,0.183474234150683,0.189270342092336,-0.0180064521720502,0.0180064521720502,-1.80064521720502,1070,505,515,555
3070880,"Farming & Supermarket Simulator",0,656,174,830,0.790361445783132,0.76136306291023,0.789023767588682,0.816684472267134,0.0553214093569048,0.790633005464113,0.762425492802042,0.817523664959719,0.992743488151672,0.00725651184832799,0.0550981721576767,0.000271559680980471,0.000271559680980471,0.0271559680980471,1552,520,1589,-37
3075800,"Subterranauts",0,146,44,190,0.768421052631579,0.703479227328808,0.763101610513444,0.822723993698079,0.11924476636927,0.770257940115177,0.709021709505777,0.826273740581305,0.969056844040569,0.030943155959431,0.117252031075529,0.00183688748359845,0.00183688748359845,0.183688748359845,1598,691,1685,-87
3076240,"True Nightmare - Roadside Сafe",0,107,27,134,0.798507462686567,0.722711875358465,0.790188455216746,0.857665035075028,0.134953159716562,0.799775576139846,0.729881047615553,0.861568182035384,0.956685496007754,0.0433145039922462,0.13168713441983,0.00126811345327871,0.00126811345327871,0.126811345327871,1541,623,1540,1
3077570,"MOMO Crash",0,626,75,701,0.893009985734665,0.867948442518791,0.890868040681025,0.913787638843259,0.0458391963244675,0.892450322457829,0.868604843056503,0.914194183933866,0.991419582324271,0.00858041767572921,0.0455893408773625,-0.000559663276836209,0.000559663276836209,-0.0559663276836209,1209,220,683,526
3078670,"Tiny Pixels Vol. 2 - Stormy Knights",0,5,0,5,1,0.565517535216825,0.782758767608413,1,0.434482464783175,0.905590772082171,0.68618151869736,0.996989370906001,0.451796495462645,0.548203504537355,0.310807852208641,-0.0944092279178288,0.0944092279178288,-9.44092279178288,264,1024,537,-273
3080530,"Project X: Light Years",0,132,9,141,0.936170212765957,0.883145642749814,0.924602185732841,0.966058728715868,0.0829130859660536,0.93169898694582,0.885872125927295,0.966467837702205,0.958747152756899,0.0412528472431008,0.0805957117749099,-0.00447122582013726,0.00447122582013726,-0.447122582013726,1023,169,324,699
3083990,"Imaginary Friend Institution",0,48,2,50,0.96,0.86539909312493,0.927180104398655,0.98896111567238,0.12356202254745,0.945693115355209,0.873681179913552,0.988261151514485,0.891791299686107,0.108208700313893,0.114579971600933,-0.0143068846447908,0.0143068846447908,-1.43068846447908,917,227,206,711
3084740,"Command Deck",0,73,1,74,0.986486486486487,0.927346434801568,0.962478485699055,0.997610536596543,0.0702641017949754,0.974461112873576,0.930598113763885,0.996741836698941,0.924226773621978,0.0757732263780219,0.0661437229350563,-0.0120253736129105,0.0120253736129105,-1.20253736129105,848,87,45,803
3085200,"MOTTAINAI GHOST",0,9,3,12,0.75,0.467694665066434,0.68937649833619,0.911058331605945,0.443363666539511,0.776120216825212,0.564098254829189,0.930708783915074,0.664196976389084,0.335803023610916,0.366610529085884,0.0261202168252125,0.0261202168252125,2.61202168252125,1636,1253,1627,9
3086120,"Harpoon Classic '97",0,51,10,61,0.836065573770492,0.723871614682655,0.816155749312929,0.908439883943204,0.184568269260549,0.835316446627257,0.738410583471592,0.913338350485704,0.909539177975722,0.0904608220242784,0.174927767014113,-0.000749127143234718,0.000749127143234718,-0.0749127143234718,1401,620,1402,-1
3086580,"LOST EMBER: Rekindled Edition",0,77,23,100,0.77,0.678456169771262,0.760011755484114,0.841567341196965,0.163111171425703,0.773305210472152,0.689389694400712,0.847465569221885,0.942800931407261,0.0571990685927395,0.158075874821173,0.00330521047215215,0.00330521047215215,0.330521047215215,1591,751,1678,-87
3094480,"Bad Cheese",0,434,170,604,0.718543046357616,0.681384457573482,0.717161889970619,0.752939322367756,0.0715548647942736,0.71962941771859,0.683350374851117,0.754544553792757,0.99005530494061,0.00994469505938948,0.0711941789416397,0.00108637136097423,0.00108637136097423,0.108637136097423,1715,746,1857,-142
3096410,"Mini Dungeons",0,2,1,3,0.666666666666667,0.207659600802048,0.573083828040826,0.938508055279604,0.730848454477556,0.774474891531722,0.470582557778087,0.966512741987473,0.330872758342948,0.669127241657052,0.495930184209387,0.107808224865055,0.107808224865055,10.7808224865055,1804,1699,1639,165
3098140,"Crown and Adventure",0,1034,638,1672,0.618421052631579,0.594890360102293,0.618149601179657,0.641408842257022,0.0465184821547291,0.619177990453055,0.595820208183109,0.642266695177965,0.996384572347175,0.00361542765282476,0.0464464869948565,0.000756937821476455,0.000756937821476455,0.0756937821476455,1886,978,2128,-242
3098170,"Titans of the Past",0,90,18,108,0.833333333333333,0.751873150161311,0.821884213417814,0.891895276674318,0.140022126513008,0.833038196546915,0.759666165076974,0.895366894053306,0.946812545907842,0.0531874540921581,0.135700728976332,-0.000295136786417904,0.000295136786417904,-0.0295136786417904,1412,552,1412,0
3098380,"Locked In",0,2,3,5,0.4,0.117620774232648,0.443448246478317,0.769275718723987,0.651654944491339,0.634512874804584,0.346539607691581,0.876659256349701,0.451796495462645,0.548203504537355,0.53011964865812,0.234512874804584,0.234512874804584,23.4512874804584,2076,2031,2087,-11
3099630,"Academy Love Saga: Tennis Angels",0,156,13,169,0.923076923076923,0.87285053491813,0.913673897963186,0.954497261008242,0.0816467260901115,0.919774566728448,0.875361948595407,0.955137128655288,0.965345084905333,0.0346549150946666,0.0797751800598808,-0.00330235634847531,0.00330235634847531,-0.330235634847531,1077,203,431,646
3100580,"白影酒馆 Tavern Revisited",0,7,4,11,0.636363636363636,0.353801174507849,0.601068231777087,0.848335289046324,0.494534114538475,0.704409615489315,0.475061887893667,0.888552030856038,0.644521321079962,0.355478678920038,0.41349014296237,0.0680459791256788,0.0680459791256788,6.80459791256788,1862,1467,1944,-82
3101040,"Magical Girl Witch Trials",0,28728,1002,29730,0.966296670030272,0.964184313071848,0.96623642690768,0.968288540743512,0.00410422767166452,0.966268409919426,0.964186936763937,0.968290480482695,0.999795974040721,0.00020402595927913,0.00410354371875821,-2.82601108462233e-05,2.82601108462233e-05,-0.00282601108462233,901,21,82,819
3102750,"The happiness of maggots",0,42,5,47,0.893617021276596,0.774057306562616,0.863876262190767,0.953695217818918,0.179637911256302,0.886090634508138,0.78886016385934,0.955979183308679,0.885674003970905,0.114325996029095,0.167119019449339,-0.0075263867684574,0.0075263867684574,-0.75263867684574,1207,483,717,490
3108990,"Butterfly Dream",0,17,10,27,0.62962962962963,0.442292344121024,0.613483607255684,0.784674870390344,0.34238252626932,0.665985913502226,0.499369905447634,0.813588357033314,0.816525765849317,0.183474234150683,0.31421845158568,0.0363562838725965,0.0363562838725965,3.63562838725965,1873,1274,2014,-141
3109070,"Despondent",0,5,4,9,0.555555555555556,0.266651293495493,0.538936386198914,0.811221478902335,0.544570185406842,0.665172638515145,0.417938240007259,0.870997015785627,0.597334709233019,0.40266529076698,0.453058775778368,0.109617082959589,0.109617082959589,10.9617082959589,1948,1667,2021,-73
3109280,"Super Loco World - Cozy Train Automation",0,249,78,327,0.761467889908257,0.712407947659372,0.758431939892812,0.804455932126253,0.0920479844668802,0.762675867049683,0.71560757830054,0.806756728570694,0.98178465334839,0.0182153466516099,0.0911491502701539,0.00120797714142584,0.00120797714142584,0.120797714142584,1616,673,1710,-94
3109830,"Peacequarium",0,8,2,10,0.8,0.490162471536642,0.716740160041133,0.943317848545625,0.453155377008983,0.810491465599515,0.593313242217928,0.955495361116023,0.622396454151338,0.377603545848662,0.362182118898094,0.0104914655995145,0.0104914655995145,1.04914655995145,1509,1215,1512,-3
3110450,"Randal's Tuesday",0,74,15,89,0.831460674157303,0.740374493889583,0.817745976578995,0.895117459268407,0.154742965378823,0.831226059914663,0.750120296276357,0.899157629309766,0.936182544158439,0.0638174558415607,0.149037333033408,-0.000234614242640596,0.000234614242640596,-0.0234614242640596,1439,587,1420,19
3111670,"programming-factory-2",0,2,0,2,1,0.342380227506653,0.671190113753327,1,0.657619772493347,0.870481046513441,0.58446518931204,0.995709839532952,0.247925803745148,0.752074196254852,0.411244650220912,-0.129518953486559,0.129518953486559,-12.9518953486559,456,1489,875,-419
3113650,"Sheep Seeker",0,22,0,22,1,0.851345125391379,0.92567256269569,1,0.148654874608621,0.962773973044716,0.869476733759179,0.998880808990799,0.783840638389173,0.216159361610827,0.12940407523162,-0.0372260269552844,0.0372260269552844,-3.72260269552844,42,262,93,-51
3114280,"Eternal ONE",0,7,0,7,1,0.645669564933313,0.822834782466656,1,0.354330435066687,0.920040873360553,0.730470837927101,0.997488688736488,0.535703506847418,0.464296493152582,0.267017850809387,-0.0799591266394466,0.0799591266394466,-7.99591266394466,194,835,405,-211
3114900,"Dread Flats",0,1212,240,1452,0.834710743801653,0.814726997551346,0.833827558664035,0.852928119776725,0.0382011222253786,0.834681923451575,0.815193269666068,0.853301051467687,0.99583905960871,0.00416094039129027,0.0381077818016191,-2.88203500780071e-05,2.88203500780071e-05,-0.00288203500780071,1407,383,1407,0
3119050,"Obfuscation",0,36,13,49,0.73469387755102,0.597377110286892,0.717632144468659,0.837887178650426,0.240510068363534,0.744950002040969,0.623109537411443,0.849954478326051,0.889826260030941,0.110173739969059,0.226844940914608,0.0102561244899488,0.0102561244899488,1.02561244899488,1688,969,1809,-121
3120410,"Little Droid 2: Escape",0,9,1,10,0.9,0.595849973204762,0.788986880054844,0.982123786904927,0.386273813700165,0.872731111014648,0.677664932231878,0.982519288093029,0.622396454151338,0.377603545848662,0.304854355861151,-0.0272688889853516,0.0272688889853516,-2.72688889853516,1188,974,851,337
3120890,"CatCat",0,21,2,23,0.91304347826087,0.732040189242563,0.853930092379172,0.97581999551578,0.243779806273216,0.895247956318073,0.763284161327289,0.976669653610307,0.791277246408338,0.208722753591662,0.213385492283018,-0.0177955219427963,0.0177955219427963,-1.77955219427963,1128,604,667,461
3121630,"Nightwatch at the Hopkins' Cliffside",0,1,0,1,1,0.206549314377237,0.603274657188619,1,0.793450685622763,0.852153574587866,0.534749383069649,0.995001716766416,0.141504169329759,0.858495830670241,0.460252333696767,-0.147846425412134,0.147846425412134,-14.7846425412134,596,1755,1092,-496
3121720,"A Snail's Pace",0,1,0,1,1,0.206549314377237,0.603274657188619,1,0.793450685622763,0.852153574587866,0.534749383069649,0.995001716766416,0.141504169329759,0.858495830670241,0.460252333696767,-0.147846425412134,0.147846425412134,-14.7846425412134,597,1756,1093,-496
3121860,"Nocturnal Whispers",0,3,2,5,0.6,0.230724281276013,0.556551753521683,0.882379225767352,0.651654944491339,0.724872173897113,0.442056951187525,0.93155803852216,0.451796495462645,0.548203504537355,0.489501087334635,0.124872173897113,0.124872173897113,12.4872173897113,1914,1682,1843,71
3125370,"There Is No Escape",1,2,0,2,1,0.342380227506653,0.671190113753327,1,0.657619772493347,0.870481046513441,0.58446518931204,0.995709839532952,0.247925803745148,0.752074196254852,0.411244650220912,-0.129518953486559,0.129518953486559,-12.9518953486559,457,1490,876,-419
3126880,"Beneath The Six",0,19,7,26,0.730769230769231,0.539169596208238,0.701062556494027,0.862955516779816,0.323785920571578,0.749124085705771,0.588212089864331,0.88067193064256,0.810804163046963,0.189195836953038,0.29245984077823,0.0183548549365401,0.0183548549365401,1.83548549365401,1697,1105,1732,-35
3127000,"Splintered",0,273,34,307,0.889250814332248,0.849223470798942,0.884440352497935,0.919657234196928,0.0704337633979852,0.888059654451286,0.850926747741981,0.920502230045984,0.980620982265276,0.0193790177347241,0.069575482304003,-0.00119115988096141,0.00119115988096141,-0.119115988096141,1217,273,695,522
3130800,"Find My Frogs",0,208,0,208,1,0.98186635023154,0.99093317511577,1,0.0181336497684599,0.99511918875483,0.982402217629094,0.99985785776943,0.971658725650032,0.0283412743499678,0.017455640140336,-0.00488081124517048,0.00488081124517048,-0.488081124517048,1,4,2,-1
3131880,"The Lubs: True Alliance",0,4,0,4,1,0.510109163545403,0.755054581772701,1,0.489890836454597,0.896212616889674,0.658188789563792,0.996657030244202,0.397340615926201,0.602659384073799,0.338468240680411,-0.103787383110326,0.103787383110326,-10.3787383110326,309,1153,619,-310
3134570,"Sorcerer's Servant",0,25,4,29,0.862068965517241,0.69441006279648,0.81971783157768,0.94502560035888,0.250615537562401,0.856137382500648,0.72433921570687,0.94979343861183,0.826989997325844,0.173010002674156,0.22545422290496,-0.00593158301659313,0.00593158301659313,-0.593158301659313,1314,722,1050,264
3135270,"Slasher",0,19,7,26,0.730769230769231,0.539169596208238,0.701062556494027,0.862955516779816,0.323785920571578,0.749124085705771,0.588212089864331,0.88067193064256,0.810804163046963,0.189195836953038,0.29245984077823,0.0183548549365401,0.0183548549365401,1.83548549365401,1698,1106,1733,-35
3136490,"Echoes of the Architects",0,37,9,46,0.804347826086957,0.668287410770154,0.780890654713084,0.893493898656015,0.225206487885861,0.807078689716354,0.690631730433956,0.901244258547812,0.883478253290958,0.116521746709042,0.210612528113856,0.00273086362939778,0.00273086362939778,0.273086362939778,1494,782,1529,-35
3141140,"100 Sea Cats",0,37,4,41,0.902439024390244,0.774523186944766,0.867963051023338,0.961402915101911,0.186879728157145,0.892816031934105,0.791097799928336,0.963238499608815,0.871099949910263,0.128900050089737,0.172140699680479,-0.00962299245613873,0.00962299245613873,-0.962299245613873,1170,482,674,496
3141310,"Inkshade",0,540,76,616,0.876623376623377,0.848294332522385,0.874289258484583,0.900284184446781,0.051989851924396,0.876147056508739,0.849164334693781,0.900840088752191,0.990247143366731,0.00975285663326843,0.0516757540584091,-0.00047632011463794,0.00047632011463794,-0.047632011463794,1271,275,839,432
3141330,"Of Lies and Rain",0,134,34,168,0.797619047619048,0.730527307109212,0.79096587251492,0.851404437920628,0.120877130811416,0.798670428888622,0.73616078263022,0.854683529965661,0.965145995306992,0.0348540046930078,0.11852274733544,0.00105138126957482,0.00105138126957482,0.105138126957482,1542,609,1546,-4
3143300,"Amairo Chocolate 3",0,80,1,81,0.987654320987654,0.933331184019517,0.965574266980489,0.997817349941461,0.0644861659219447,0.976514386266199,0.936092135300705,0.997008059751096,0.930318783380468,0.0696812166195318,0.0609159244503915,-0.0111399347214557,0.0111399347214557,-1.11399347214557,846,75,39,807
3143570,"Holy Valkyrie EXS-TiA: Concerto 1",0,15,2,17,0.882352941176471,0.656636494051141,0.811878360143674,0.967120226236207,0.310483732185066,0.868000625462952,0.70649451941807,0.970107735320386,0.736985819489999,0.263014180510001,0.263613215902316,-0.0143523157135187,0.0143523157135187,-1.43523157135187,1254,802,1004,250
3144520,"Robes & Wrinkles",0,1,1,2,0.5,0.0945312057342307,0.5,0.905468794265769,0.810937588531539,0.746518144640867,0.41858644386299,0.961464062212803,0.247925803745148,0.752074196254852,0.542877618349813,0.246518144640867,0.246518144640867,24.6518144640867,2000,2052,1756,244
3146630,"ShoPaDen - Cyber World Rampage",0,0,1,1,0,0,0.396725342811381,0.793450685622763,0.793450685622763,0.710649405258107,0.356458319924359,0.954614608918397,0.141504169329759,0.858495830670241,0.598156288994038,0.710649405258107,0.710649405258107,71.0649405258107,2190,2190,1885,305
3148060,"Penelope Pendrick and the Art of Deceit",0,556,16,572,0.972027972027972,0.955047989728991,0.968879056664228,0.982710123599465,0.0276621338704737,0.970514105884789,0.955268814947718,0.982687543321636,0.989504797333937,0.010495202666063,0.0274187283739185,-0.00151386614318294,0.00151386614318294,-0.151386614318294,886,35,63,823
3151420,"Mystic Explorer",0,34,11,45,0.755555555555556,0.613266199429797,0.73545570254604,0.857645205662283,0.244379006232486,0.764136587492899,0.639827740572625,0.868879434546439,0.881196507596313,0.118803492403687,0.229051693973814,0.00858103193734361,0.00858103193734361,0.858103193734361,1623,907,1705,-82
3154800,"Football Pitch Simulator",0,164,10,174,0.942528735632184,0.897453260279434,0.932969907639107,0.96848655499878,0.0710332947193466,0.938662694461183,0.89938541910324,0.968759281011361,0.966307363630677,0.0336926363693226,0.069373861908121,-0.00386604117100131,0.00386604117100131,-0.386604117100131,999,146,273,726
3154910,"SERK: Chaos City Delivery ",0,0,1,1,0,0,0.396725342811381,0.793450685622763,0.793450685622763,0.710649405258107,0.356458319924359,0.954614608918397,0.141504169329759,0.858495830670241,0.598156288994038,0.710649405258107,0.710649405258107,71.0649405258107,2191,2191,1886,305
3158600,"Stunt Dog Adventure",0,2,0,2,1,0.342380227506653,0.671190113753327,1,0.657619772493347,0.870481046513441,0.58446518931204,0.995709839532952,0.247925803745148,0.752074196254852,0.411244650220912,-0.129518953486559,0.129518953486559,-12.9518953486559,458,1491,877,-419
3160110,"Starbug Troopers : The 4 horseflies of the apocalypse",0,11,2,13,0.846153846153846,0.577653689805175,0.767197755723547,0.956741821641919,0.379088131836744,0.840308830833979,0.650853987919216,0.963205977358603,0.681808780229511,0.318191219770489,0.312351989439386,-0.00584501531986759,0.00584501531986759,-0.584501531986759,1373,997,1385,-12
3160500,"Kingdom of Cards",0,54,20,74,0.72972972972973,0.619087515714335,0.718392618246776,0.817697720779218,0.198610205064883,0.737159643970636,0.636109494418366,0.826993398405292,0.924226773621978,0.0757732263780219,0.190883903986926,0.00742991424090611,0.00742991424090611,0.742991424090611,1702,902,1814,-112
3164400,"Cats go! : Tactical Defense Braw",0,38,1,39,0.974358974358974,0.868190098301499,0.931824697600255,0.99545929689901,0.127269198597511,0.954627033699661,0.878306678803903,0.994130396010404,0.865379566858229,0.134620433141771,0.115823717206502,-0.0197319406593136,0.0197319406593136,-1.97319406593136,879,219,148,731
3166730,"Forest Time",0,1,0,1,1,0.206549314377237,0.603274657188619,1,0.793450685622763,0.852153574587866,0.534749383069649,0.995001716766416,0.141504169329759,0.858495830670241,0.460252333696767,-0.147846425412134,0.147846425412134,-14.7846425412134,598,1757,1094,-496
3167020,"Escape From Duckov",0,71481,11906,83387,0.857219950351973,0.854828956119509,0.857203494759186,0.859578033398863,0.0047490772793537,0.857217808881741,0.8548352604307,0.859584128697377,0.999927248993185,7.27510068147411e-05,0.00474886826667753,-2.14147023225308e-06,2.14147023225308e-06,-0.000214147023225308,1323,253,1048,275
3167260,"WAR RATS: The Rat em Up",0,364,17,381,0.955380577427822,0.929712098552802,0.950835002371294,0.971957906189787,0.0422458076369856,0.953380619995946,0.930291942164718,0.972046608833579,0.984325890132047,0.0156741098679534,0.0417546666688613,-0.00199995743187564,0.00199995743187564,-0.199995743187564,938,82,153,785
3167280,"Ikarus Parkour",0,158,37,195,0.81025641025641,0.749434773192167,0.804262503196358,0.85909023320055,0.109655460008383,0.810785292457134,0.753970347248963,0.861748054309886,0.969826318066556,0.030173681933444,0.107777707060923,0.000528882200723557,0.000528882200723557,0.0528882200723557,1482,556,1508,-26
3168400,"Awaken Infinity",0,22,1,23,0.956521739130435,0.790088449297411,0.891185891576979,0.992283333856547,0.202194884559135,0.929651314857566,0.814488274524097,0.990735657018478,0.791277246408338,0.208722753591662,0.176247382494381,-0.0268704242728687,0.0268704242728687,-2.68704242728687,930,444,348,582
3168690,"Toony's Daycare",0,8,2,10,0.8,0.490162471536642,0.716740160041133,0.943317848545625,0.453155377008983,0.810491465599515,0.593313242217928,0.955495361116023,0.622396454151338,0.377603545848662,0.362182118898094,0.0104914655995145,0.0104914655995145,1.04914655995145,1510,1216,1513,-3
3168930,"Infect Cam",0,20,14,34,0.588235294117647,0.422215938788125,0.579278127574707,0.736340316361288,0.314124377573163,0.624507781488722,0.471415298430417,0.765822344498866,0.84858012221008,0.151419877789921,0.29440704606845,0.036272487371075,0.036272487371075,3.6272487371075,1926,1388,2101,-175
3169180,"Chosen War",0,8,3,11,0.727272727272727,0.434354698823871,0.668447052961811,0.902539407099751,0.46818470827588,0.763002462860221,0.541975676561708,0.92609201270273,0.644521321079962,0.355478678920038,0.384116336141022,0.0357297355874934,0.0357297355874934,3.57297355874934,1704,1381,1707,-3
3172770,"Terrorbytes",0,43,8,51,0.843137254901961,0.719895532270122,0.819101650034818,0.918307767799513,0.19841223552939,0.841505047781528,0.737121384231928,0.923307529033312,0.893687471446342,0.106312528553658,0.186186144801383,-0.00163220712043244,0.00163220712043244,-0.163220712043244,1383,647,1381,2
3177210,"酒馆战争",1,40,4,44,0.909090909090909,0.788407608334014,0.876242707553349,0.964077806772684,0.17567019843867,0.899238472992343,0.803039170774077,0.965544679471233,0.878823614083587,0.121176385916413,0.162505508697157,-0.00985243609856601,0.00985243609856601,-0.985243609856601,1140,452,593,547
3180070,"No, I'm not a Human",0,25246,1851,27097,0.931689854965494,0.928624490183538,0.931628664289785,0.934632838396032,0.00600834821249463,0.931666596068662,0.928632717841407,0.934640135372586,0.999776153392667,0.00022384660733264,0.00600741753117828,-2.32588968325231e-05,2.32588968325231e-05,-0.00232588968325231,1046,85,325,721
3181260,"Catolonizer",0,12,0,12,1,0.757505993344759,0.87875299667238,1,0.242494006655241,0.942169460922484,0.800974166896997,0.998224749770572,0.664196976389084,0.335803023610916,0.197250582873575,-0.0578305390775165,0.0578305390775165,-5.78305390775165,116,534,237,-121
3183220,"Aurora Defense",0,59,39,98,0.602040816326531,0.503049527229223,0.598191837742686,0.693334148256148,0.190284621026926,0.615201289799361,0.520279280077105,0.705927971081013,0.941701656761159,0.0582983432388411,0.185648691003908,0.0131604734728303,0.0131604734728303,1.31604734728303,1900,1203,2130,-230
3183410,"The Bench",0,80,7,87,0.919540229885057,0.843118110090779,0.901798919500455,0.960479728910131,0.117361618819352,0.913558765574646,0.848984709167732,0.961409276503205,0.934811112735286,0.0651888872647144,0.112424567335472,-0.00598146431041191,0.00598146431041191,-0.598146431041191,1099,293,455,644
3184990,"The Occult Detective",0,197,75,272,0.724264705882353,0.668312396318864,0.721141521875622,0.77397064743238,0.105658251113517,0.726523321590812,0.672739815570151,0.777220706050033,0.97818176512522,0.0218182348747796,0.104480890479883,0.0022586157084592,0.0022586157084592,0.22586157084592,1709,781,1836,-127
3185010,"Hounimal",0,15,0,15,1,0.796116698964151,0.898058349482076,1,0.203883301035849,0.950404719723233,0.828026949892693,0.998490250764892,0.712016430428814,0.287983569571186,0.170463300872199,-0.049595280276767,0.049595280276767,-4.9595280276767,88,435,172,-84
3185230,"Quest of the Hero",0,8,0,8,1,0.67559243511612,0.83779621755806,1,0.32440756488388,0.925725065222174,0.748273816826629,0.99768099293825,0.568709749645159,0.431290250354841,0.249407176111621,-0.0742749347778259,0.0742749347778259,-7.42749347778259,178,759,371,-193
3185890,"我打不过漂亮的她们",0,1082,50,1132,0.95583038869258,0.942240444626186,0.954288753058675,0.966337061491165,0.0240966168649785,0.955147787049808,0.942391254072621,0.966390929537567,0.994669092455984,0.00533090754401624,0.0239996754649459,-0.000682601642771563,0.000682601642771563,-0.0682601642771563,935,58,143,792
3186120,"NIDANA",0,154,30,184,0.83695652173913,0.776791086460904,0.830065579714129,0.883340072967353,0.10654898650645,0.836663746051794,0.78103261074865,0.885590862529926,0.968080035838498,0.0319199641615015,0.104558251781275,-0.000292775687335989,0.000292775687335989,-0.0292775687335989,1399,481,1399,0
3187010,"Dinocop",0,693,28,721,0.961165048543689,0.944445321291845,0.958721001611818,0.972996681931791,0.0285513606399457,0.960052067979665,0.944672538492461,0.97303947626552,0.991655610599706,0.00834438940029438,0.0283669377730587,-0.00111298056402465,0.00111298056402465,-0.111298056402465,914,50,108,806
3188460,"Orcs Will Never Be Slaves",0,1,0,1,1,0.206549314377237,0.603274657188619,1,0.793450685622763,0.852153574587866,0.534749383069649,0.995001716766416,0.141504169329759,0.858495830670241,0.460252333696767,-0.147846425412134,0.147846425412134,-14.7846425412134,599,1758,1095,-496
3192970,"Star Freight",0,19,0,19,1,0.831820775947384,0.915910387973692,1,0.168179224052616,0.958318777185676,0.85443494094954,0.998741255297061,0.757970773364418,0.242029226635582,0.144306314347521,-0.0416812228143236,0.0416812228143236,-4.16812228143236,59,327,123,-64
3194360,"Formula Legends",0,704,149,853,0.825322391559203,0.798398990785908,0.823863880701962,0.849328770618015,0.0509297798321067,0.82533977841472,0.799261953055262,0.849983065516993,0.992937768442025,0.007062231557975,0.0507211124617303,1.73868555171097e-05,1.73868555171097e-05,0.00173868555171097,1447,422,1447,0
3196520,"Island Robot Farm",0,63,16,79,0.79746835443038,0.696039875520555,0.783674386406745,0.871308897292934,0.175269021772379,0.799630474954587,0.708807178056075,0.87712810325854,0.928680515325816,0.0713194846741839,0.168320925202465,0.00216212052420695,0.00216212052420695,0.216212052420695,1543,720,1541,2
3198760,"THE BEST INVESTOR",0,1,0,1,1,0.206549314377237,0.603274657188619,1,0.793450685622763,0.852153574587866,0.534749383069649,0.995001716766416,0.141504169329759,0.858495830670241,0.460252333696767,-0.147846425412134,0.147846425412134,-14.7846425412134,600,1759,1096,-496
3199430,"EYES ON THE EXAM",0,61,5,66,0.924242424242424,0.834608049793895,0.900908006115467,0.96720796243704,0.132599912643145,0.916122133795588,0.842574076730361,0.967995509763493,0.915815345321192,0.0841846546788085,0.125421433033132,-0.00812029044683604,0.00812029044683604,-0.812029044683604,1073,322,447,626
3200060,"SANAE's Sylphid Breeze",0,148,27,175,0.845714285714286,0.784829607996757,0.838288450558084,0.891747293119411,0.106917685122655,0.845113514974319,0.789107446525597,0.893907047922807,0.966493441985501,0.0335065580144988,0.10479960139721,-0.000600770739967116,0.000600770739967116,-0.0600770739967116,1378,459,1361,17
3200220,"Red Rogue Sea",0,33,19,52,0.634615384615385,0.498716781320171,0.625354891291019,0.751993001261866,0.253276219941695,0.65479799910329,0.529032479818838,0.770461623707939,0.89551833333833,0.10448166666167,0.241429143889101,0.0201826144879051,0.0201826144879051,2.01826144879051,1865,1206,2058,-193
3202400,"Ball Race Party",0,16,1,17,0.941176470588235,0.730179693624246,0.859859646319624,0.989539599015002,0.259359905390756,0.911352732491775,0.769184980536344,0.988169501063287,0.736985819489999,0.263014180510001,0.218984520526943,-0.0298237380964599,0.0298237380964599,-2.98237380964599,1007,611,502,505
3202430,"Tiny Devils",0,1,0,1,1,0.206549314377237,0.603274657188619,1,0.793450685622763,0.852153574587866,0.534749383069649,0.995001716766416,0.141504169329759,0.858495830670241,0.460252333696767,-0.147846425412134,0.147846425412134,-14.7846425412134,601,1760,1097,-496
3202950,"Fresh Tracks",0,50,3,53,0.943396226415094,0.846297916898191,0.913430627706628,0.980563338515064,0.134265421616873,0.931521406210842,0.855278783729319,0.980510826146885,0.897287202439936,0.102712797560064,0.125232042417566,-0.0118748202042527,0.0118748202042527,-1.18748202042527,994,280,326,668
3203160,"Talk to Me Human",0,1,0,1,1,0.206549314377237,0.603274657188619,1,0.793450685622763,0.852153574587866,0.534749383069649,0.995001716766416,0.141504169329759,0.858495830670241,0.460252333696767,-0.147846425412134,0.147846425412134,-14.7846425412134,602,1761,1098,-496
3204140,"Novel Rogue",0,5,0,5,1,0.565517535216825,0.782758767608413,1,0.434482464783175,0.905590772082171,0.68618151869736,0.996989370906001,0.451796495462645,0.548203504537355,0.310807852208641,-0.0944092279178288,0.0944092279178288,-9.44092279178288,265,1025,538,-273
3205360,"City Lights, Old Flames",0,1,0,1,1,0.206549314377237,0.603274657188619,1,0.793450685622763,0.852153574587866,0.534749383069649,0.995001716766416,0.141504169329759,0.858495830670241,0.460252333696767,-0.147846425412134,0.147846425412134,-14.7846425412134,603,1762,1099,-496
3205410,"Line Clipper: Tennis Tactics",0,2,0,2,1,0.342380227506653,0.671190113753327,1,0.657619772493347,0.870481046513441,0.58446518931204,0.995709839532952,0.247925803745148,0.752074196254852,0.411244650220912,-0.129518953486559,0.129518953486559,-12.9518953486559,459,1492,878,-419
3206550,"The Greys: Human Abductions",0,8,3,11,0.727272727272727,0.434354698823871,0.668447052961811,0.902539407099751,0.46818470827588,0.763002462860221,0.541975676561708,0.92609201270273,0.644521321079962,0.355478678920038,0.384116336141022,0.0357297355874934,0.0357297355874934,3.57297355874934,1705,1382,1708,-3
3208730,"Akizora Memories - Horizon of Fate -",0,11,1,12,0.916666666666667,0.646120088858883,0.815627497226983,0.985134905595083,0.3390148167362,0.88681971289006,0.710400627432893,0.984618474807295,0.664196976389084,0.335803023610916,0.274217847374402,-0.0298469537766067,0.0298469537766067,-2.98469537766067,1109,821,709,400
3209480,"Last Report",0,2150,259,2409,0.892486508924865,0.879485919837073,0.891861635394032,0.904237350950991,0.0247514311139181,0.892323969538067,0.879660360477076,0.904372227161744,0.997487883459383,0.00251211654061691,0.0247118666846684,-0.000162539386797889,0.000162539386797889,-0.0162539386797889,1213,179,684,529
3210590,"Massi vs. José",0,5,0,5,1,0.565517535216825,0.782758767608413,1,0.434482464783175,0.905590772082171,0.68618151869736,0.996989370906001,0.451796495462645,0.548203504537355,0.310807852208641,-0.0944092279178288,0.0944092279178288,-9.44092279178288,266,1026,539,-273
3210750,"Unprotected",0,6,5,11,0.545454545454545,0.280091537409322,0.533689410592362,0.787287283775402,0.50719574636608,0.645816768118409,0.412547142350143,0.846766226039527,0.644521321079962,0.355478678920038,0.434219083689384,0.100362222663864,0.100362222663864,10.0362222663864,1953,1662,2070,-117
3213600,"Store Wars: Multiplayer Shop Simulator",0,94,5,99,0.94949494949495,0.887172973137511,0.932704869323047,0.978236765508583,0.0910637923710718,0.942466956051243,0.890854968658827,0.978287237206958,0.942256525390818,0.0577434746091818,0.0874322685481308,-0.0070279934437063,0.0070279934437063,-0.70279934437063,965,161,234,731
3213790,"Red Pistol",0,13,1,14,0.928571428571429,0.685312955758489,0.836295370255299,0.987277784752109,0.30196482899362,0.898099992382339,0.737150034502071,0.98626736576205,0.69766527778157,0.30233472221843,0.249117331259979,-0.0304714361890895,0.0304714361890895,-3.04714361890895,1062,734,599,463
3214220,"Steel Knight's ARMIS",0,23,17,40,0.575,0.421950685419911,0.568428379910203,0.714906074400496,0.292955388980585,0.608291231010207,0.465100527397538,0.742571117307834,0.868301846123804,0.131698153876196,0.277470589910296,0.0332912310102067,0.0332912310102067,3.32912310102067,1931,1389,2136,-205
3214790,"Shards of the Realm",0,23,9,32,0.71875,0.546254905740834,0.695304550381703,0.844354195022572,0.298099289281738,0.736127384377694,0.587342967818228,0.861445257367963,0.840624666939135,0.159375333060865,0.274102289549735,0.0173773843776944,0.0173773843776944,1.73773843776944,1714,1096,1815,-101
3216500,"SHUTEN ORDER",0,562,138,700,0.802857142857143,0.771766347667487,0.801204194983359,0.830642042299231,0.0588756946317444,0.803071331552481,0.772963280054569,0.831553418399228,0.99140742991022,0.00859257008977985,0.0585901383446588,0.000214188695337736,0.000214188695337736,0.0214188695337736,1496,499,1536,-40
3220170,"Arcane Afterfall",1,1,0,1,1,0.206549314377237,0.603274657188619,1,0.793450685622763,0.852153574587866,0.534749383069649,0.995001716766416,0.141504169329759,0.858495830670241,0.460252333696767,-0.147846425412134,0.147846425412134,-14.7846425412134,604,1763,1100,-496
3220180,"Vestigia: Joust",0,19,2,21,0.904761904761905,0.710858609260818,0.842169920911372,0.973481232561926,0.262622623301108,0.887507732709008,0.746947324308,0.974827927279584,0.775854532651986,0.224145467348014,0.227880602971585,-0.0172541720528966,0.0172541720528966,-1.72541720528966,1161,677,701,460
3220620,"Benny Bash",0,38,11,49,0.775510204081633,0.6412121276404,0.755481213071904,0.869750298503408,0.228538170863008,0.781269441225906,0.664141094183103,0.879081611940613,0.889826260030941,0.110173739969059,0.21494051775751,0.00575923714427296,0.00575923714427296,0.575923714427296,1582,864,1612,-30
3222920,"Interior Tales",0,12,0,12,1,0.757505993344759,0.87875299667238,1,0.242494006655241,0.942169460922484,0.800974166896997,0.998224749770572,0.664196976389084,0.335803023610916,0.197250582873575,-0.0578305390775165,0.0578305390775165,-5.78305390775165,117,535,238,-121
3223370,"There's Nothing Underground",0,7,0,7,1,0.645669564933313,0.822834782466656,1,0.354330435066687,0.920040873360553,0.730470837927101,0.997488688736488,0.535703506847418,0.464296493152582,0.267017850809387,-0.0799591266394466,0.0799591266394466,-7.99591266394466,195,836,406,-211
3223470,"Conquero : Rise or Kneel",0,4,0,4,1,0.510109163545403,0.755054581772701,1,0.489890836454597,0.896212616889674,0.658188789563792,0.996657030244202,0.397340615926201,0.602659384073799,0.338468240680411,-0.103787383110326,0.103787383110326,-10.3787383110326,310,1154,620,-310
3224330,"Thunderman - Adventures in another realm",0,6,0,6,1,0.609665712097835,0.804832856048917,1,0.390334287902165,0.913414570778272,0.709988022926607,0.997261605765302,0.497226735266432,0.502773264733568,0.287273582838695,-0.0865854292217277,0.0865854292217277,-8.65854292217277,224,918,463,-239
3224410,"Tone",0,0,1,1,0,0,0.396725342811381,0.793450685622763,0.793450685622763,0.710649405258107,0.356458319924359,0.954614608918397,0.141504169329759,0.858495830670241,0.598156288994038,0.710649405258107,0.710649405258107,71.0649405258107,2192,2192,1887,305
3226580,"Monsters & Magics: Digital Card Game",0,2,0,2,1,0.342380227506653,0.671190113753327,1,0.657619772493347,0.870481046513441,0.58446518931204,0.995709839532952,0.247925803745148,0.752074196254852,0.411244650220912,-0.129518953486559,0.129518953486559,-12.9518953486559,460,1493,879,-419
3226740,"Beastly Tactics: Rock Paper Scissors",0,1,0,1,1,0.206549314377237,0.603274657188619,1,0.793450685622763,0.852153574587866,0.534749383069649,0.995001716766416,0.141504169329759,0.858495830670241,0.460252333696767,-0.147846425412134,0.147846425412134,-14.7846425412134,605,1764,1101,-496
3227670,"My Daughter In Family Ai",0,12,9,21,0.571428571428571,0.365465543693067,0.560382927219654,0.75530031074624,0.389834767053173,0.628889555158346,0.442794785658886,0.796941232326589,0.775854532651986,0.224145467348014,0.354146446667703,0.0574609837297747,0.0574609837297747,5.74609837297747,1934,1449,2100,-166
3227790,"The Uncultured",0,3,0,3,1,0.438502968244955,0.719251484122477,1,0.561497031755045,0.884765810979371,0.624831367315985,0.996242206486757,0.330872758342948,0.669127241657052,0.371410839170772,-0.115234189020629,0.115234189020629,-11.5234189020629,361,1285,731,-370
3228800,"Neon Highways",0,12,1,13,0.923076923076923,0.666860490789004,0.826575034773224,0.986289578757443,0.319429087968439,0.892755660082402,0.724417251222178,0.985489634176629,0.681808780229511,0.318191219770489,0.261072382954451,-0.0303212629945206,0.0303212629945206,-3.03212629945206,1088,786,678,410
3230860,"Kitty Loves Birds",0,8,1,9,0.888888888888889,0.565000294423344,0.7725547033924,0.980109112361455,0.415108817938111,0.864284208259485,0.658398730301434,0.981238920013751,0.597334709233019,0.40266529076698,0.322840189712317,-0.0246046806294042,0.0246046806294042,-2.46046806294042,1229,1062,1019,210
3232760,"Cappi: Starbound Saga",0,2,0,2,1,0.342380227506653,0.671190113753327,1,0.657619772493347,0.870481046513441,0.58446518931204,0.995709839532952,0.247925803745148,0.752074196254852,0.411244650220912,-0.129518953486559,0.129518953486559,-12.9518953486559,461,1494,880,-419
3233130,"Claire",0,105,10,115,0.91304347826087,0.847302827957207,0.899692165270936,0.952081502584665,0.104778674627459,0.908770955740048,0.851705204953506,0.953103855890428,0.949887805022244,0.050112194977756,0.101398650936922,-0.00427252252082189,0.00427252252082189,-0.427252252082189,1126,278,512,614
3234170,"CyCall",0,6,2,8,0.75,0.409275430310169,0.66889810877903,0.928520787247891,0.519245356937722,0.783547627810884,0.543459958033918,0.948262631408689,0.568709749645159,0.431290250354841,0.40480267337477,0.0335476278108844,0.0335476278108844,3.35476278108844,1640,1397,1603,37
3234660,"Tokiros",0,4,0,4,1,0.510109163545403,0.755054581772701,1,0.489890836454597,0.896212616889674,0.658188789563792,0.996657030244202,0.397340615926201,0.602659384073799,0.338468240680411,-0.103787383110326,0.103787383110326,-10.3787383110326,311,1155,621,-310
3235740,"Fruit vs. Aliens",0,2,0,2,1,0.342380227506653,0.671190113753327,1,0.657619772493347,0.870481046513441,0.58446518931204,0.995709839532952,0.247925803745148,0.752074196254852,0.411244650220912,-0.129518953486559,0.129518953486559,-12.9518953486559,462,1495,881,-419
3236710,"Puzzle Quest: Immortal Edition",0,405,115,520,0.778846153846154,0.741202215754023,0.776801306117376,0.812400396480729,0.0711981807267061,0.779410539321197,0.743030472061492,0.813778641785646,0.988467380784924,0.011532619215076,0.0707481697241533,0.000564385475042783,0.000564385475042783,0.0564385475042783,1572,572,1619,-47
3237360,"Lone Soul",0,12,3,15,0.8,0.548145512848306,0.738835009689245,0.929524506530184,0.381378993681878,0.80800143363747,0.619491074235245,0.94163851496943,0.712016430428814,0.287983569571186,0.322147440734185,0.00800143363747019,0.00800143363747019,0.800143363747019,1504,1092,1523,-19
3237570,"delivery pals",0,69,73,142,0.485915492957746,0.405169873647722,0.486286478370606,0.56740308309349,0.162233209445768,0.499923308419377,0.419774846756717,0.580073733103667,0.959025762216554,0.0409742377834465,0.16029888634695,0.01400781546163,0.01400781546163,1.400781546163,2054,1405,2204,-150
3238190,"Success In Progress",0,1,0,1,1,0.206549314377237,0.603274657188619,1,0.793450685622763,0.852153574587866,0.534749383069649,0.995001716766416,0.141504169329759,0.858495830670241,0.460252333696767,-0.147846425412134,0.147846425412134,-14.7846425412134,606,1765,1102,-496
3239500,"Cloud Cats` Land",0,45,1,46,0.978260869565217,0.886647054784886,0.941399600263418,0.99615214574195,0.109505090957063,0.960727081593043,0.89423821079311,0.994941326596274,0.883478253290958,0.116521746709042,0.100703115803163,-0.0175337879721746,0.0175337879721746,-1.75337879721746,867,163,107,760
3239650,"Garfield Kart 2 - All You Can Drift",0,99,117,216,0.458333333333333,0.393193084727405,0.45906140703269,0.524929729337975,0.13173664461057,0.468426836449206,0.403275656376753,0.534116806343007,0.972679725018232,0.027320274981768,0.130841149966254,0.010093503115873,0.010093503115873,1.0093503115873,2060,1412,2224,-164
3243410,"The Forbidden Flask",0,10,0,10,1,0.722467200137111,0.861233600068555,1,0.277532799862889,0.934970756429782,0.777686418312525,0.997988980033724,0.622396454151338,0.377603545848662,0.220302561721199,-0.0650292435702178,0.0650292435702178,-6.50292435702178,148,628,293,-145
3244900,"Curvelicious",0,11,1,12,0.916666666666667,0.646120088858883,0.815627497226983,0.985134905595083,0.3390148167362,0.88681971289006,0.710400627432893,0.984618474807295,0.664196976389084,0.335803023610916,0.274217847374402,-0.0298469537766067,0.0298469537766067,-2.98469537766067,1110,822,710,400
3247750,"Mycopunk",0,3602,467,4069,0.885229786188253,0.875070619391561,0.884866441733255,0.894662264074949,0.0195916446833881,0.885144261832947,0.875178597128651,0.894751887615009,0.998511207377612,0.00148879262238783,0.0195732904863578,-8.55243553060658e-05,8.55243553060658e-05,-0.00855243553060658,1246,197,721,525
3249650,"Little Fighter 2 Remastered",0,1354,414,1768,0.765837104072398,0.745534329904562,0.765260753246413,0.784987176588263,0.0394528466837012,0.766048950376828,0.746074864676274,0.785454892578042,0.996580213813055,0.00341978618694543,0.0393800279017678,0.000211846304429386,0.000211846304429386,0.0211846304429386,1606,562,1698,-92
3252440,"Geon",0,1,0,1,1,0.206549314377237,0.603274657188619,1,0.793450685622763,0.852153574587866,0.534749383069649,0.995001716766416,0.141504169329759,0.858495830670241,0.460252333696767,-0.147846425412134,0.147846425412134,-14.7846425412134,607,1766,1103,-496
3253190,"RazePact",0,7,0,7,1,0.645669564933313,0.822834782466656,1,0.354330435066687,0.920040873360553,0.730470837927101,0.997488688736488,0.535703506847418,0.464296493152582,0.267017850809387,-0.0799591266394466,0.0799591266394466,-7.99591266394466,196,837,407,-211
3256840,"Odyssey to the Frozen Legion",0,21,0,21,1,0.845360981075153,0.922680490537577,1,0.154639018924847,0.961398640580626,0.864819857747774,0.998837861261328,0.775854532651986,0.224145467348014,0.134018003513554,-0.038601359419374,0.038601359419374,-3.8601359419374,48,286,102,-54
3257040,"Crop Crusaders",0,2,1,3,0.666666666666667,0.207659600802048,0.573083828040826,0.938508055279604,0.730848454477556,0.774474891531722,0.470582557778087,0.966512741987473,0.330872758342948,0.669127241657052,0.495930184209387,0.107808224865055,0.107808224865055,10.7808224865055,1805,1700,1640,165
3262080,"Word Rave",0,1,0,1,1,0.206549314377237,0.603274657188619,1,0.793450685622763,0.852153574587866,0.534749383069649,0.995001716766416,0.141504169329759,0.858495830670241,0.460252333696767,-0.147846425412134,0.147846425412134,-14.7846425412134,608,1767,1104,-496
3262560,"Weeks Till Winter",0,1,0,1,1,0.206549314377237,0.603274657188619,1,0.793450685622763,0.852153574587866,0.534749383069649,0.995001716766416,0.141504169329759,0.858495830670241,0.460252333696767,-0.147846425412134,0.147846425412134,-14.7846425412134,609,1768,1105,-496
3262810,"Mushroom Hunter World",0,5,3,8,0.625,0.305742394602627,0.584449054389515,0.863155714176403,0.557413319573775,0.712458909105239,0.460443304790439,0.907603733494599,0.568709749645159,0.431290250354841,0.44716042870416,0.0874589091052395,0.0874589091052395,8.74589091052395,1877,1623,1868,9
3265060,"Touhou Dystopian",0,2097,50,2147,0.976711690731253,0.969429890334172,0.975860271245276,0.982290652156379,0.0128607618222063,0.976292042028131,0.969459640726466,0.982287426676864,0.997182191831966,0.00281780816803412,0.0128277859503976,-0.000419648703122055,0.000419648703122055,-0.0419648703122055,874,14,40,834
3268870,"Mercator",0,1,0,1,1,0.206549314377237,0.603274657188619,1,0.793450685622763,0.852153574587866,0.534749383069649,0.995001716766416,0.141504169329759,0.858495830670241,0.460252333696767,-0.147846425412134,0.147846425412134,-14.7846425412134,610,1769,1106,-496
3270580,"Contract of Swarm Hunter",0,14,1,15,0.933333333333333,0.7018347012622,0.844983902884466,0.988133104506731,0.286298403244532,0.902936957694645,0.748766183226432,0.986965939431606,0.712016430428814,0.287983569571186,0.238199756205174,-0.0303963756386879,0.0303963756386879,-3.03963756386879,1040,694,587,453
3271880,"Kano. Stone islands.",0,5,0,5,1,0.565517535216825,0.782758767608413,1,0.434482464783175,0.905590772082171,0.68618151869736,0.996989370906001,0.451796495462645,0.548203504537355,0.310807852208641,-0.0944092279178288,0.0944092279178288,-9.44092279178288,267,1027,540,-273
3272170,"Face of Another",0,134,5,139,0.964028776978417,0.918559990807456,0.951549574839931,0.984539158872407,0.0659791680649504,0.95833081809482,0.920445478055744,0.984376374539606,0.95817841048928,0.0418215895107203,0.0639308964838615,-0.00569795888359714,0.00569795888359714,-0.569795888359714,906,105,121,785
3273550,"Dora<U+2122>: Rainforest Rescue",0,3,0,3,1,0.438502968244955,0.719251484122477,1,0.561497031755045,0.884765810979371,0.624831367315985,0.996242206486757,0.330872758342948,0.669127241657052,0.371410839170772,-0.115234189020629,0.115234189020629,-11.5234189020629,362,1286,732,-370
3273740,"Abyss Chaser",0,13,0,13,1,0.771904627645802,0.885952313822901,1,0.228095372354198,0.945202489330826,0.81088672917826,0.9983230513247,0.681808780229511,0.318191219770489,0.18743632214644,-0.0547975106691736,0.0547975106691736,-5.47975106691736,105,489,210,-105
3275460,"Five Mysterious Murders",0,18,0,18,1,0.824120776353342,0.912060388176671,1,0.175879223646658,0.956586889340369,0.848621716716155,0.998686668099094,0.747914267160497,0.252085732839503,0.150064951382939,-0.0434131106596307,0.0434131106596307,-4.34131106596307,65,349,132,-67
3276960,"Sorcery Slam",0,13,0,13,1,0.771904627645802,0.885952313822901,1,0.228095372354198,0.945202489330826,0.81088672917826,0.9983230513247,0.681808780229511,0.318191219770489,0.18743632214644,-0.0547975106691736,0.0547975106691736,-5.47975106691736,106,490,211,-105
3277640,"Bug.Splash TD : Debugged",0,2,0,2,1,0.342380227506653,0.671190113753327,1,0.657619772493347,0.870481046513441,0.58446518931204,0.995709839532952,0.247925803745148,0.752074196254852,0.411244650220912,-0.129518953486559,0.129518953486559,-12.9518953486559,463,1496,882,-419
3279410,"The Case of the Worst Day Ever",0,58,5,63,0.920634920634921,0.827296901490959,0.89646052715707,0.965624152823181,0.138327251332222,0.912478804055268,0.835982168261075,0.966554139401382,0.912158689877401,0.0878413101225991,0.130571971140306,-0.00815611657965276,0.00815611657965276,-0.815611657965276,1095,338,495,600
3281330,"A Simple Ball Game",0,3,0,3,1,0.438502968244955,0.719251484122477,1,0.561497031755045,0.884765810979371,0.624831367315985,0.996242206486757,0.330872758342948,0.669127241657052,0.371410839170772,-0.115234189020629,0.115234189020629,-11.5234189020629,363,1287,733,-370
3281380,"Nelumbra",0,17,0,17,1,0.815681864991148,0.907840932495574,1,0.184318135008852,0.954704839520599,0.842326137969279,0.998627131738827,0.736985819489999,0.263014180510001,0.156300993769548,-0.0452951604794012,0.0452951604794012,-4.52951604794012,75,380,146,-71
3282260,"Marble Quest",0,12,0,12,1,0.757505993344759,0.87875299667238,1,0.242494006655241,0.942169460922484,0.800974166896997,0.998224749770572,0.664196976389084,0.335803023610916,0.197250582873575,-0.0578305390775165,0.0578305390775165,-5.78305390775165,118,536,239,-121
3282690,"RoundZ",0,3,0,3,1,0.438502968244955,0.719251484122477,1,0.561497031755045,0.884765810979371,0.624831367315985,0.996242206486757,0.330872758342948,0.669127241657052,0.371410839170772,-0.115234189020629,0.115234189020629,-11.5234189020629,364,1288,734,-370
3282980,"Urbex Murder",0,12,4,16,0.75,0.505016834644912,0.701598079866391,0.89817932508787,0.393162490442957,0.771385490731139,0.579647578133083,0.916792020616347,0.725066889874052,0.274933110125948,0.337144442483264,0.0213854907311393,0.0213854907311393,2.13854907311393,1634,1201,1683,-49
3290390,"NIGHT STRIKER GEAR",0,83,11,94,0.882978723404255,0.802497995378606,0.867942183547919,0.933386371717232,0.130888376338627,0.879632358786161,0.80946358066421,0.935480058974058,0.939371282741161,0.0606287172588392,0.126016478309848,-0.00334636461809401,0.00334636461809401,-0.334636461809401,1252,416,830,422
3290600,"Cottonville",0,28,11,39,0.717948717948718,0.562246805169792,0.698405942140658,0.834565079111523,0.272318273941731,0.732734837069346,0.596059408150046,0.849865454745191,0.865379566858229,0.134620433141771,0.253806046595145,0.0147861191206275,0.0147861191206275,1.47861191206275,1716,1076,1820,-104
3291040,"Ordinary Heroes",0,4,0,4,1,0.510109163545403,0.755054581772701,1,0.489890836454597,0.896212616889674,0.658188789563792,0.996657030244202,0.397340615926201,0.602659384073799,0.338468240680411,-0.103787383110326,0.103787383110326,-10.3787383110326,312,1156,622,-310
3291090,"Planet Hoarders",0,6,4,10,0.6,0.312673769733658,0.572246720013711,0.831819670293764,0.519145900560105,0.686012174769247,0.447889788666887,0.880419759473085,0.622396454151338,0.377603545848662,0.432529970806198,0.0860121747692471,0.0860121747692471,8.60121747692471,1907,1618,1990,-83
3292750,"Distractor",0,4,0,4,1,0.510109163545403,0.755054581772701,1,0.489890836454597,0.896212616889674,0.658188789563792,0.996657030244202,0.397340615926201,0.602659384073799,0.338468240680411,-0.103787383110326,0.103787383110326,-10.3787383110326,313,1157,623,-310
3293010,"Easy Delivery Co.",0,9016,463,9479,0.951155185146112,0.946630334178924,0.950972424095745,0.955314514012567,0.00868417983364278,0.951076273502095,0.946646170034641,0.955326226778689,0.999360370398486,0.00063962960151346,0.00868005674404826,-7.89116440169657e-05,7.89116440169657e-05,-0.00789116440169657,955,47,166,789
3294020,"Contra Spem Spero",0,21,1,22,0.954545454545455,0.782019541613427,0.886975056996082,0.991930572378736,0.209911030765309,0.927144853117935,0.808209773575345,0.990388188953989,0.783840638389173,0.216159361610827,0.182178415378644,-0.0274006014275195,0.0274006014275195,-2.74006014275195,942,471,358,584
3294570,"Killer Depths",0,2,0,2,1,0.342380227506653,0.671190113753327,1,0.657619772493347,0.870481046513441,0.58446518931204,0.995709839532952,0.247925803745148,0.752074196254852,0.411244650220912,-0.129518953486559,0.129518953486559,-12.9518953486559,464,1497,883,-419
3295350,"StarSim: BattleZone",0,7,1,8,0.875,0.529111817787147,0.753347163168545,0.977582508549943,0.448470690762797,0.854636346516529,0.636725903427632,0.979755988994853,0.568709749645159,0.431290250354841,0.343030085567221,-0.0203636534834708,0.0203636534834708,-2.03636534834708,1279,1115,1057,222
3297940,"Fear Academy",0,13,9,22,0.590909090909091,0.387348184763151,0.577395011399216,0.767441838035281,0.38009365327213,0.64211189370369,0.459833909577826,0.80520754725211,0.783840638389173,0.216159361610827,0.345373637674283,0.0512028027945994,0.0512028027945994,5.12028027945994,1924,1419,2075,-151
3299340,"游郭惊梦",0,19,4,23,0.826086956521739,0.628623523597739,0.779418493983556,0.930213464369374,0.301589940771636,0.826441239239087,0.67210449104493,0.938550276297966,0.791277246408338,0.208722753591662,0.266445785253036,0.000354282717348053,0.000354282717348053,0.0354282717348053,1446,880,1446,0
3300760,"LootMage",0,11,2,13,0.846153846153846,0.577653689805175,0.767197755723547,0.956741821641919,0.379088131836744,0.840308830833979,0.650853987919216,0.963205977358603,0.681808780229511,0.318191219770489,0.312351989439386,-0.00584501531986759,0.00584501531986759,-0.584501531986759,1374,998,1386,-12
3305120,"Dead Exhale",0,4,6,10,0.4,0.168180329706236,0.427753279986289,0.687326230266342,0.519145900560105,0.561532883938979,0.322427981470127,0.786130084691022,0.622396454151338,0.377603545848662,0.463702103220895,0.161532883938979,0.161532883938979,16.1532883938979,2073,2005,2172,-99
3305920,"CubeyCollect",0,1,0,1,1,0.206549314377237,0.603274657188619,1,0.793450685622763,0.852153574587866,0.534749383069649,0.995001716766416,0.141504169329759,0.858495830670241,0.460252333696767,-0.147846425412134,0.147846425412134,-14.7846425412134,611,1770,1107,-496
3308220,"Galatico",0,13,0,13,1,0.771904627645802,0.885952313822901,1,0.228095372354198,0.945202489330826,0.81088672917826,0.9983230513247,0.681808780229511,0.318191219770489,0.18743632214644,-0.0547975106691736,0.0547975106691736,-5.47975106691736,107,491,212,-105
3308330,"Hardcore Circus",0,1,0,1,1,0.206549314377237,0.603274657188619,1,0.793450685622763,0.852153574587866,0.534749383069649,0.995001716766416,0.141504169329759,0.858495830670241,0.460252333696767,-0.147846425412134,0.147846425412134,-14.7846425412134,612,1771,1108,-496
3308870,"and Roger",0,2541,133,2674,0.950261780104712,0.941356349669151,0.949615863565812,0.957875377462473,0.0165190277933212,0.949984525088671,0.941420888030085,0.95791233048873,0.997736276839383,0.00226372316061738,0.0164914424586451,-0.000277255016041034,0.000277255016041034,-0.0277255016041034,959,64,180,779
3309750,"As Long As You're Here",0,485,1,486,0.997942386831276,0.988438108663722,0.99403739851384,0.999636688363958,0.0111985797002356,0.995844426531856,0.988549887140285,0.999477609281678,0.98767051956597,0.0123294804340303,0.0109277221413936,-0.00209796029941933,0.00209796029941933,-0.209796029941933,833,1,1,832
3313200,"Cat Snap",0,2,0,2,1,0.342380227506653,0.671190113753327,1,0.657619772493347,0.870481046513441,0.58446518931204,0.995709839532952,0.247925803745148,0.752074196254852,0.411244650220912,-0.129518953486559,0.129518953486559,-12.9518953486559,465,1498,884,-419
3314790,"CloverPit",0,22176,2427,24603,0.901353493476405,0.897564603956039,0.901290836799387,0.905017069642735,0.00745246568669655,0.901335356304852,0.897578824954163,0.90503010248956,0.999753467711805,0.000246532288195109,0.00745127753539709,-1.81371715536338e-05,1.81371715536338e-05,-0.00181371715536338,1173,145,591,582
3316690,"the travelers",0,16,0,16,1,0.806392319465564,0.903196159732782,1,0.193607680534436,0.952652213199652,0.835485767673106,0.998561941173444,0.725066889874052,0.274933110125948,0.163076173500338,-0.0473477868003478,0.0473477868003478,-4.73477868003478,79,403,156,-77
3317620,"Clan Duramont",0,2,0,2,1,0.342380227506653,0.671190113753327,1,0.657619772493347,0.870481046513441,0.58446518931204,0.995709839532952,0.247925803745148,0.752074196254852,0.411244650220912,-0.129518953486559,0.129518953486559,-12.9518953486559,466,1499,885,-419
3318080,"Grorb: Grow the Orb",0,5,1,6,0.833333333333333,0.43649717781353,0.703221904032612,0.969946630251693,0.533449452438163,0.830543448233867,0.584163438104136,0.975953731492499,0.497226735266432,0.502773264733568,0.391790293388363,-0.00278988509946654,0.00278988509946654,-0.278988509946654,1423,1368,1428,-5
3318490,"Bunker Constructor Simulator",0,3,6,9,0.333333333333333,0.120583818386911,0.383190841403257,0.645797864419604,0.525214046032693,0.532431592018918,0.288291933268391,0.768417342219701,0.597334709233019,0.40266529076698,0.480125408951309,0.199098258685585,0.199098258685585,19.9098258685585,2089,2026,2194,-105
3321850,"HyperCoven",0,4,0,4,1,0.510109163545403,0.755054581772701,1,0.489890836454597,0.896212616889674,0.658188789563792,0.996657030244202,0.397340615926201,0.602659384073799,0.338468240680411,-0.103787383110326,0.103787383110326,-10.3787383110326,314,1158,624,-310
3323040,"Shapefighter",0,2,0,2,1,0.342380227506653,0.671190113753327,1,0.657619772493347,0.870481046513441,0.58446518931204,0.995709839532952,0.247925803745148,0.752074196254852,0.411244650220912,-0.129518953486559,0.129518953486559,-12.9518953486559,467,1500,886,-419
3323260,"Planeturem",0,5,3,8,0.625,0.305742394602627,0.584449054389515,0.863155714176403,0.557413319573775,0.712458909105239,0.460443304790439,0.907603733494599,0.568709749645159,0.431290250354841,0.44716042870416,0.0874589091052395,0.0874589091052395,8.74589091052395,1878,1624,1869,9
3323850,"Blippo+",0,375,19,394,0.951776649746193,0.925915393214785,0.94741440604918,0.968913418883574,0.0429980256687887,0.94989633285077,0.926511592461142,0.96903331536856,0.98483521348076,0.0151647865192401,0.0425217229074181,-0.0018803168954229,0.0018803168954229,-0.18803168954229,951,90,181,770
3324980,"EVERDARK: Undead Apocalypse",0,3,0,3,1,0.438502968244955,0.719251484122477,1,0.561497031755045,0.884765810979371,0.624831367315985,0.996242206486757,0.330872758342948,0.669127241657052,0.371410839170772,-0.115234189020629,0.115234189020629,-11.5234189020629,365,1289,735,-370
3325500,"Worldwide Rush",0,436,121,557,0.782764811490126,0.746645275912174,0.780828026393024,0.815010776873874,0.0683655009617008,0.783249887596767,0.74831718672064,0.816277003338364,0.989225207054841,0.0107747929451586,0.0679598166177235,0.000485076106641613,0.000485076106641613,0.0485076106641613,1567,560,1608,-41
3326580,"Raybounder",0,1,0,1,1,0.206549314377237,0.603274657188619,1,0.793450685622763,0.852153574587866,0.534749383069649,0.995001716766416,0.141504169329759,0.858495830670241,0.460252333696767,-0.147846425412134,0.147846425412134,-14.7846425412134,613,1772,1109,-496
3327640,"hololive Holo's Hanafuda",0,124,29,153,0.810457516339869,0.741045170184344,0.802853597238619,0.864662024292894,0.12361685410855,0.811118374156387,0.746944435381349,0.867888393755801,0.961859265175381,0.0381407348246192,0.120943958374451,0.000660857816517701,0.000660857816517701,0.0660857816517701,1481,586,1505,-24
3328180,"Snoopy & The Great Mystery Club",0,56,6,62,0.903225806451613,0.804511813876926,0.879699970926866,0.954888127976806,0.15037631409988,0.896501571019383,0.814531737674087,0.956559073833659,0.910868176104208,0.0891318238957923,0.142027336159573,-0.00672423543222955,0.00672423543222955,-0.672423543222955,1168,412,608,560
3330410,"Spell Slide",0,6,0,6,1,0.609665712097835,0.804832856048917,1,0.390334287902165,0.913414570778272,0.709988022926607,0.997261605765302,0.497226735266432,0.502773264733568,0.287273582838695,-0.0865854292217277,0.0865854292217277,-8.65854292217277,225,919,464,-239
3330420,"Elohim Eternal II: Son of Man",0,10,0,10,1,0.722467200137111,0.861233600068555,1,0.277532799862889,0.934970756429782,0.777686418312525,0.997988980033724,0.622396454151338,0.377603545848662,0.220302561721199,-0.0650292435702178,0.0650292435702178,-6.50292435702178,149,629,294,-145
3330510,"Cosmo's Industry",0,2,1,3,0.666666666666667,0.207659600802048,0.573083828040826,0.938508055279604,0.730848454477556,0.774474891531722,0.470582557778087,0.966512741987473,0.330872758342948,0.669127241657052,0.495930184209387,0.107808224865055,0.107808224865055,10.7808224865055,1806,1701,1641,165
3332140,"Smells Like Fear Blossoms",0,0,3,3,0,0,0.280748515877523,0.561497031755045,0.561497031755045,0.553893052636423,0.244434431285965,0.840949990028411,0.330872758342948,0.669127241657052,0.596515558742447,0.553893052636423,0.553893052636423,55.3893052636423,2155,2155,2179,-24
3333310,"HOLES",0,2,2,4,0.5,0.15003898915215,0.5,0.84996101084785,0.699922021695701,0.697542308926574,0.398233942241128,0.923287916642755,0.397340615926201,0.602659384073799,0.525053974401627,0.197542308926574,0.197542308926574,19.7542308926574,1983,2013,1957,26
3334770,"99Managers Futsal Edition",0,4,0,4,1,0.510109163545403,0.755054581772701,1,0.489890836454597,0.896212616889674,0.658188789563792,0.996657030244202,0.397340615926201,0.602659384073799,0.338468240680411,-0.103787383110326,0.103787383110326,-10.3787383110326,315,1159,625,-310
3337710,"Ghost Pub",0,3,1,4,0.75,0.300641842582402,0.627527290886351,0.954412739190299,0.653770896607897,0.796877462908124,0.514485438814817,0.9703895228262,0.397340615926201,0.602659384073799,0.455904084011384,0.0468774629081241,0.0468774629081241,4.68774629081241,1647,1633,1558,89
3339810,"Ballest of Them All",0,86,3,89,0.966292134831461,0.905526375594386,0.946998577221298,0.98847077884821,0.0829444032538245,0.957452919801194,0.908933816898893,0.988048422340646,0.936182544158439,0.0638174558415607,0.0791146054417526,-0.00883921503026686,0.00883921503026686,-0.883921503026686,902,125,126,776
3341510,"Neptunia Game Maker R:Evolution",0,83,26,109,0.761467889908257,0.673430089300288,0.752566745395296,0.831703401490303,0.158273312190015,0.764964439602986,0.683698436608356,0.837511335125571,0.947274776492129,0.0527252235078707,0.153812898517215,0.00349654969472935,0.00349654969472935,0.349654969472935,1617,774,1703,-86
3342150,"10MIN HEROES",0,1,0,1,1,0.206549314377237,0.603274657188619,1,0.793450685622763,0.852153574587866,0.534749383069649,0.995001716766416,0.141504169329759,0.858495830670241,0.460252333696767,-0.147846425412134,0.147846425412134,-14.7846425412134,614,1773,1110,-496
3342800,"Ghostwriter Workshop",0,130,7,137,0.948905109489051,0.89829033849005,0.93666119702932,0.975032055568591,0.0767417170785407,0.94376883392476,0.900706386361056,0.975168456070072,0.957593766789532,0.0424062332104677,0.0744620697090158,-0.00513627556429153,0.00513627556429153,-0.513627556429153,968,141,227,741
3342900,"Elemental Rush",0,0,1,1,0,0,0.396725342811381,0.793450685622763,0.793450685622763,0.710649405258107,0.356458319924359,0.954614608918397,0.141504169329759,0.858495830670241,0.598156288994038,0.710649405258107,0.710649405258107,71.0649405258107,2193,2193,1888,305
3343940,"Spin Forward",0,26,7,33,0.787878787878788,0.622483550078493,0.757861667374143,0.893239784669792,0.270756234591299,0.794075952128781,0.655923451722286,0.90380631186493,0.844704212856161,0.155295787143839,0.247882860142644,0.00619716424999317,0.00619716424999317,0.619716424999317,1556,893,1583,-27
3344770,"Axe & Bow Land",0,1,0,1,1,0.206549314377237,0.603274657188619,1,0.793450685622763,0.852153574587866,0.534749383069649,0.995001716766416,0.141504169329759,0.858495830670241,0.460252333696767,-0.147846425412134,0.147846425412134,-14.7846425412134,615,1774,1111,-496
3348510,"Tower Arena Survive",0,2,1,3,0.666666666666667,0.207659600802048,0.573083828040826,0.938508055279604,0.730848454477556,0.774474891531722,0.470582557778087,0.966512741987473,0.330872758342948,0.669127241657052,0.495930184209387,0.107808224865055,0.107808224865055,10.7808224865055,1807,1702,1642,165
3348910,"Bee Simulator: The Hive",0,15,12,27,0.555555555555556,0.373130245132245,0.548635831681007,0.72414141822977,0.351011173097525,0.605502523439314,0.436525244380739,0.762385510659366,0.816525765849317,0.183474234150683,0.325860266278627,0.0499469678837581,0.0499469678837581,4.99469678837581,1947,1447,2139,-192
3351040,"Happy Puppy",0,3,3,6,0.5,0.187616306482651,0.5,0.812383693517349,0.624767387034699,0.664801203145056,0.389064584008582,0.889062542250215,0.497226735266432,0.502773264733568,0.499997958241633,0.164801203145056,0.164801203145056,16.4801203145056,1974,1997,2024,-50
3352160,"Willow’s Descent: Into The Under",0,3,0,3,1,0.438502968244955,0.719251484122477,1,0.561497031755045,0.884765810979371,0.624831367315985,0.996242206486757,0.330872758342948,0.669127241657052,0.371410839170772,-0.115234189020629,0.115234189020629,-11.5234189020629,366,1290,736,-370
3353000,"Potatogeddon",0,3,1,4,0.75,0.300641842582402,0.627527290886351,0.954412739190299,0.653770896607897,0.796877462908124,0.514485438814817,0.9703895228262,0.397340615926201,0.602659384073799,0.455904084011384,0.0468774629081241,0.0468774629081241,4.68774629081241,1648,1634,1559,89
3354220,"Comic Book Store Simulator",0,143,30,173,0.826589595375723,0.763245476129374,0.819495215526849,0.875744954924323,0.11249947879495,0.826630074297666,0.768029786956864,0.878326069298501,0.966119206965188,0.0338807930348122,0.110296282341637,4.04789219439206e-05,4.04789219439206e-05,0.00404789219439206,1444,515,1444,0
3354750,"skate.",1,200,86,286,0.699300699300699,0.643801448074364,0.696659236507853,0.749517024941341,0.105715576866977,0.701969612231893,0.648343293683743,0.752976045353474,0.979227605161563,0.0207723948384371,0.104632751669731,0.00266891293119376,0.00266891293119376,0.266891293119376,1748,862,1950,-202
3355080,"Vicious Cycle",0,7,1,8,0.875,0.529111817787147,0.753347163168545,0.977582508549943,0.448470690762797,0.854636346516529,0.636725903427632,0.979755988994853,0.568709749645159,0.431290250354841,0.343030085567221,-0.0203636534834708,0.0203636534834708,-2.03636534834708,1280,1116,1058,222
3355830,"Hydro",0,16,0,16,1,0.806392319465564,0.903196159732782,1,0.193607680534436,0.952652213199652,0.835485767673106,0.998561941173444,0.725066889874052,0.274933110125948,0.163076173500338,-0.0473477868003478,0.0473477868003478,-4.73477868003478,80,404,157,-77
3355900,"FIREBALL",0,3,0,3,1,0.438502968244955,0.719251484122477,1,0.561497031755045,0.884765810979371,0.624831367315985,0.996242206486757,0.330872758342948,0.669127241657052,0.371410839170772,-0.115234189020629,0.115234189020629,-11.5234189020629,367,1291,737,-370
3356250,"Low_Signal",0,1,0,1,1,0.206549314377237,0.603274657188619,1,0.793450685622763,0.852153574587866,0.534749383069649,0.995001716766416,0.141504169329759,0.858495830670241,0.460252333696767,-0.147846425412134,0.147846425412134,-14.7846425412134,616,1775,1112,-496
3356350,"Moorhuhn 2",0,30,1,31,0.967741935483871,0.838058948352751,0.916170863413667,0.994282778474583,0.156223830121832,0.944834376619326,0.853013172191773,0.992813810152352,0.836325003199392,0.163674996800608,0.13980063796058,-0.022907558864545,0.022907558864545,-2.2907558864545,898,311,220,678
3356360,"Moorhuhn Winter Edition",0,18,2,20,0.9,0.698966354771513,0.835549936778872,0.972133518786232,0.273167164014719,0.883192216109955,0.737909093196135,0.973793469608676,0.76725568840929,0.23274431159071,0.235884376412541,-0.0168077838900453,0.0168077838900453,-1.68077838900453,1182,715,813,369
3359900,"REAL BOUT FATAL FURY 2: THE NEWCOMERS",0,68,16,84,0.80952380952381,0.712762574062901,0.795987798347843,0.879213022632786,0.166450448569885,0.810753843208544,0.724162650200026,0.884293770184976,0.932639764575589,0.0673602354244111,0.16013111998495,0.00123003368473407,0.00123003368473407,0.123003368473407,1485,670,1509,-24
3359910,"KIZUNA ENCOUNTER: SUPER TAG BATTLE",0,32,6,38,0.842105263157895,0.695831882207769,0.81069662402809,0.925561365848411,0.229729483640642,0.840133625279088,0.719816865190602,0.931364074337149,0.862324658462675,0.137675341537326,0.211547209146546,-0.00197163787880639,0.00197163787880639,-0.197163787880639,1388,721,1391,-3
3360320,"Silent Signals",0,0,7,7,0,0,0.177165217533344,0.354330435066687,0.354330435066687,0.384337366513136,0.151930570078134,0.650199866038454,0.535703506847418,0.464296493152582,0.498269295960321,0.384337366513136,0.384337366513136,38.4337366513136,2146,2146,2238,-92
3360820,"Great Hoax: The Moon Landing",0,1,0,1,1,0.206549314377237,0.603274657188619,1,0.793450685622763,0.852153574587866,0.534749383069649,0.995001716766416,0.141504169329759,0.858495830670241,0.460252333696767,-0.147846425412134,0.147846425412134,-14.7846425412134,617,1776,1113,-496
3360890,"Project Afterfall",0,60,19,79,0.759493670886076,0.654643070877292,0.747460634950564,0.840278199023837,0.185635128146544,0.764364126271328,0.669188683325745,0.84777507223739,0.928680515325816,0.0713194846741839,0.178586388911645,0.00487045538525188,0.00487045538525188,0.487045538525188,1619,808,1704,-85
3362660,"World War Z VR",0,67,100,167,0.401197604790419,0.329888189517068,0.403419227897618,0.476950266278167,0.147062076761099,0.416151771328917,0.343938111357064,0.490201435299877,0.964944604984893,0.0350553950151074,0.146263323942813,0.0149541665384982,0.0149541665384982,1.49541665384982,2071,1612,2233,-162
3362960,"Twinkleby",0,240,19,259,0.926640926640927,0.888274852582794,0.920405519341533,0.952536186100272,0.0642613335174784,0.924378268127075,0.889716840876001,0.952990186199005,0.977111706880606,0.0228882931193936,0.0632733453230047,-0.00226265851385121,0.00226265851385121,-0.226265851385121,1069,160,382,687
3363570,"Symphorix",0,12,0,12,1,0.757505993344759,0.87875299667238,1,0.242494006655241,0.942169460922484,0.800974166896997,0.998224749770572,0.664196976389084,0.335803023610916,0.197250582873575,-0.0578305390775165,0.0578305390775165,-5.78305390775165,119,537,240,-121
3363580,"Domain of Hallucination",0,7,0,7,1,0.645669564933313,0.822834782466656,1,0.354330435066687,0.920040873360553,0.730470837927101,0.997488688736488,0.535703506847418,0.464296493152582,0.267017850809387,-0.0799591266394466,0.0799591266394466,-7.99591266394466,197,838,408,-211
3364070,"The Jackbox Party Pack 11",0,388,29,417,0.930455635491607,0.901907408228113,0.9265264180554,0.951145427882688,0.049238019654575,0.928983292769049,0.902687757667466,0.951444132756174,0.985659645894535,0.0143403541054648,0.0487563750887079,-0.00147234272255803,0.00147234272255803,-0.147234272255803,1051,131,353,698
3365030,"Atelier Ryza: Ever Darkness & the Secret Hideout DX",0,191,59,250,0.764,0.707616298896298,0.760004808933203,0.812393318970107,0.104777020073809,0.765511226398955,0.711826171632935,0.815268847247558,0.976307250645621,0.0236927493543788,0.103442675614623,0.00151122639895518,0.00151122639895518,0.151122639895518,1612,686,1701,-89
3369990,"Hampy's Great Adventure",0,3,0,3,1,0.438502968244955,0.719251484122477,1,0.561497031755045,0.884765810979371,0.624831367315985,0.996242206486757,0.330872758342948,0.669127241657052,0.371410839170772,-0.115234189020629,0.115234189020629,-11.5234189020629,368,1292,738,-370
3370050,"Bam Bam Boom",1,5,2,7,0.714285714285714,0.358934451832619,0.638357763914281,0.917781075995943,0.558846624163324,0.766982728547006,0.513831420128893,0.943683763734079,0.535703506847418,0.464296493152582,0.429852343605186,0.0526970142612913,0.0526970142612913,5.26970142612913,1726,1451,1693,33
3370100,"我的同事不对劲",0,192,23,215,0.893023255813953,0.844596688851204,0.886124276704051,0.927651864556899,0.0830551757056943,0.891232848247615,0.847077451018935,0.928695822919648,0.972556141291649,0.0274438587083508,0.0816183719007134,-0.00179040756633841,0.00179040756633841,-0.179040756633841,1208,291,688,520
3371110,"UltraGirl Alters",0,24,13,37,0.648648648648649,0.487590231225508,0.634667079943119,0.781743928660729,0.29415369743522,0.673883872987403,0.528683859905299,0.803788791738369,0.859127882122258,0.140872117877742,0.27510493183307,0.0252352243387547,0.0252352243387547,2.52352243387547,1850,1226,2009,-159
3371480,"蜀汉再临：源起 Restart ShuHan Dynasty:Origin",0,272,84,356,0.764044943820225,0.717265793493113,0.761226153062144,0.805186512631176,0.0879207191380629,0.765112985116725,0.720161997777218,0.807290310979573,0.983243624079323,0.016756375920677,0.0871283132023544,0.0010680412965004,0.0010680412965004,0.10680412965004,1611,657,1702,-91
3373830,"The Way of the Tray: Japanese Restaurant Simulator <U+0001F359>",0,46,14,60,0.766666666666667,0.64563729622398,0.750620839428776,0.855604382633572,0.209967086409591,0.772279105860596,0.664664087423097,0.864299889319481,0.908169947975195,0.0918300520248048,0.199635801896384,0.00561243919392918,0.00561243919392918,0.561243919392918,1601,859,1680,-79
3374840,"Piss Off",0,8,0,8,1,0.67559243511612,0.83779621755806,1,0.32440756488388,0.925725065222174,0.748273816826629,0.99768099293825,0.568709749645159,0.431290250354841,0.249407176111621,-0.0742749347778259,0.0742749347778259,-7.42749347778259,179,760,372,-193
3374920,"Games of the Monarch's Eye",0,2,6,8,0.25,0.0714792127521091,0.33110189122097,0.590724569689831,0.519245356937722,0.499192752988305,0.251176879599192,0.74742596415009,0.568709749645159,0.431290250354841,0.496249084550897,0.249192752988305,0.249192752988305,24.9192752988305,2125,2107,2210,-85
3375780,"Trails in the Sky 1st Chapter",0,4380,213,4593,0.953625081645983,0.947154959102788,0.953245999163634,0.959337039224479,0.012182080121691,0.953459076905271,0.947187344486801,0.959357363280678,0.998680834683776,0.00131916531622415,0.0121700187938768,-0.000166004740711712,0.000166004740711712,-0.0166004740711712,945,45,152,793
3377290,"Life Choices",0,3,0,3,1,0.438502968244955,0.719251484122477,1,0.561497031755045,0.884765810979371,0.624831367315985,0.996242206486757,0.330872758342948,0.669127241657052,0.371410839170772,-0.115234189020629,0.115234189020629,-11.5234189020629,369,1293,739,-370
3384840,"Blacksmith Simulator",0,1,5,6,0.166666666666667,0.0300533697483066,0.296778095967388,0.56350282218647,0.533449452438164,0.499058958056245,0.233648186831504,0.764764791193847,0.497226735266432,0.502773264733568,0.531116604362343,0.332392291389579,0.332392291389579,33.2392291389579,2141,2141,2211,-70
3385250,"ラビィとパネルでしりとり",0,1,1,2,0.5,0.0945312057342307,0.5,0.905468794265769,0.810937588531539,0.746518144640867,0.41858644386299,0.961464062212803,0.247925803745148,0.752074196254852,0.542877618349813,0.246518144640867,0.246518144640867,24.6518144640867,2001,2053,1757,244
3385370,"Maze Mice",0,280,35,315,0.888888888888889,0.84939118142913,0.884203486124714,0.919015790820297,0.0696246093911677,0.887734248045379,0.851050537084704,0.919848159951602,0.981103847760269,0.0188961522397311,0.0687976228668981,-0.00115464084350947,0.00115464084350947,-0.115464084350947,1219,272,699,520
3385960,"BattleGroupVR2",0,177,31,208,0.850961538461538,0.796220455846292,0.844597324840877,0.892974193835462,0.0967537379891692,0.850304667143526,0.79964803545965,0.894768143012304,0.971658725650032,0.0283412743499678,0.0951201075526531,-0.000656871318011953,0.000656871318011953,-0.0656871318011953,1361,430,1338,23
3386100,"Drift Survivor 2",0,24,2,26,0.923076923076923,0.75858446228371,0.868614686905717,0.978644911527724,0.220060449244014,0.905047963214802,0.784199847794922,0.978976713852497,0.810804163046963,0.189195836953038,0.194776866057574,-0.0180289598621209,0.0180289598621209,-1.80289598621209,1084,527,577,507
3386150,"You're here again",0,3,0,3,1,0.438502968244955,0.719251484122477,1,0.561497031755045,0.884765810979371,0.624831367315985,0.996242206486757,0.330872758342948,0.669127241657052,0.371410839170772,-0.115234189020629,0.115234189020629,-11.5234189020629,370,1294,740,-370
3387100,"15 Minutes",0,0,3,3,0,0,0.280748515877523,0.561497031755045,0.561497031755045,0.553893052636423,0.244434431285965,0.840949990028411,0.330872758342948,0.669127241657052,0.596515558742447,0.553893052636423,0.553893052636423,55.3893052636423,2156,2156,2180,-24
3387320,"Tale of android after the Apocalypse",0,17,4,21,0.80952380952381,0.599994353097951,0.761659351285166,0.923324349472382,0.323329996374431,0.813616824837391,0.650055412307947,0.933590971367305,0.775854532651986,0.224145467348014,0.283535559059358,0.00409301531358097,0.00409301531358097,0.409301531358097,1488,963,1502,-14
3387410,"Griffin 「グリフォン」",0,4,1,5,0.8,0.375534629762525,0.669655260565048,0.96377589136757,0.588241261605044,0.815231472989642,0.551924429746717,0.973460575390088,0.451796495462645,0.548203504537355,0.421536145643371,0.0152314729896422,0.0152314729896422,1.52314729896422,1526,1433,1484,42
3387420,"Pokettohiro",0,0,1,1,0,0,0.396725342811381,0.793450685622763,0.793450685622763,0.710649405258107,0.356458319924359,0.954614608918397,0.141504169329759,0.858495830670241,0.598156288994038,0.710649405258107,0.710649405258107,71.0649405258107,2194,2194,1889,305
3390310,"Once Glorious Artahk",0,39,2,41,0.951219512195122,0.838610211296292,0.912564632965561,0.986519054634831,0.147908843338539,0.935308712417533,0.850403289962034,0.985931432147632,0.871099949910263,0.128900050089737,0.135528142185597,-0.0159107997775892,0.0159107997775892,-1.59107997775892,954,308,286,668
3391200,"Snowman Mo",0,15,0,15,1,0.796116698964151,0.898058349482076,1,0.203883301035849,0.950404719723233,0.828026949892693,0.998490250764892,0.712016430428814,0.287983569571186,0.170463300872199,-0.049595280276767,0.049595280276767,-4.9595280276767,89,436,173,-84
3391420,"修仙实操手册",0,53,43,96,0.552083333333333,0.452516385977474,0.550079396465746,0.647642406954018,0.195126020976544,0.568471193773109,0.471787717051724,0.662611982708656,0.940559301573667,0.0594406984263333,0.190824265656932,0.0163878604397757,0.0163878604397757,1.63878604397757,1949,1268,2169,-220
3395720,"Village of the Curse",0,4,5,9,0.444444444444444,0.188778521097665,0.461063613801086,0.733348706504507,0.544570185406842,0.598802115267032,0.350738820951063,0.822046199876019,0.597334709233019,0.40266529076698,0.471307378924956,0.154357670822587,0.154357670822587,15.4357670822587,2063,1994,2141,-78
3395760,"With Me: Aquatic Time",0,134,18,152,0.881578947368421,0.82058002487549,0.87217310745745,0.92376619003941,0.10318616516392,0.879514201182626,0.824606090065915,0.925346164010732,0.961617970333216,0.0383820296667841,0.100740073944816,-0.00206474618579455,0.00206474618579455,-0.206474618579455,1260,370,831,429
3396670,"I Write Games Not Tragedies",0,46,0,46,1,0.92292643691442,0.96146321845721,1,0.0770735630855804,0.979933130577629,0.928576879367281,0.999406873917728,0.883478253290958,0.116521746709042,0.0708299945504461,-0.0200668694223712,0.0200668694223712,-2.00668694223712,13,99,29,-16
3396740,"Backrooms: Hide Together",0,28,35,63,0.444444444444444,0.328470960118918,0.447637288866047,0.566803617613177,0.238332657494258,0.478117523161267,0.362124934161524,0.595311253169226,0.912158689877401,0.0878413101225991,0.233186319007702,0.033673078716823,0.033673078716823,3.3673078716823,2062,1613,2221,-159
3398960,"MAiZE",0,1,0,1,1,0.206549314377237,0.603274657188619,1,0.793450685622763,0.852153574587866,0.534749383069649,0.995001716766416,0.141504169329759,0.858495830670241,0.460252333696767,-0.147846425412134,0.147846425412134,-14.7846425412134,618,1777,1114,-496
3400380,"Look Mum No Computer",0,59,1,60,0.983333333333333,0.911448702724099,0.954250271464656,0.997051840205214,0.0856031374811144,0.969049261255221,0.916189728402319,0.996036484141831,0.908169947975195,0.0918300520248048,0.0798467557395114,-0.0142840720781119,0.0142840720781119,-1.42840720781119,856,118,71,785
3400530,"Therapy Simulator",0,26,13,39,0.666666666666667,0.50977394399346,0.651722191048738,0.793670438104016,0.283896494110556,0.688356397743282,0.547511814638766,0.81337074223883,0.865379566858229,0.134620433141771,0.265858927600063,0.0216897310766159,0.0216897310766159,2.16897310766159,1777,1196,1983,-206
3404590,"Woodworm",0,26,1,27,0.962962962962963,0.817165340664242,0.905298597341728,0.993431854019215,0.176266513354973,0.938161168785332,0.835976942456889,0.991906015744527,0.816525765849317,0.183474234150683,0.155929073287638,-0.024801794177631,0.024801794177631,-2.4801794177631,910,375,277,633
3405340,"Megabonk",0,94028,5678,99706,0.943052574569234,0.941596989500436,0.943035505359257,0.944474021218077,0.0028770317176412,0.943045561132658,0.94159869133801,0.944475597348692,0.999939155512795,6.08444872051515e-05,0.00287690601068202,-7.01343657572018e-06,7.01343657572018e-06,-0.000701343657572018,996,63,233,763
3405420,"Just Cube",0,1,0,1,1,0.206549314377237,0.603274657188619,1,0.793450685622763,0.852153574587866,0.534749383069649,0.995001716766416,0.141504169329759,0.858495830670241,0.460252333696767,-0.147846425412134,0.147846425412134,-14.7846425412134,619,1778,1115,-496
3406090,"a Difficult game about Wheelchair",0,5,3,8,0.625,0.305742394602627,0.584449054389515,0.863155714176403,0.557413319573775,0.712458909105239,0.460443304790439,0.907603733494599,0.568709749645159,0.431290250354841,0.44716042870416,0.0874589091052395,0.0874589091052395,8.74589091052395,1879,1625,1870,9
3406620,"VARLET",0,57,64,121,0.471074380165289,0.384398916979117,0.471964441676167,0.559529966373216,0.175131049394099,0.488105831376762,0.401857387664746,0.574709054866551,0.952254063267873,0.0477459367321275,0.172851667201805,0.0170314512114724,0.0170314512114724,1.70314512114724,2057,1423,2220,-163
3406740,"Dino Space Station",0,3,0,3,1,0.438502968244955,0.719251484122477,1,0.561497031755045,0.884765810979371,0.624831367315985,0.996242206486757,0.330872758342948,0.669127241657052,0.371410839170772,-0.115234189020629,0.115234189020629,-11.5234189020629,371,1295,741,-370
3406910,"Game Of Fate 3：Clash Of Crowns",0,630,104,734,0.858310626702997,0.831213368891525,0.85644513717128,0.881676905451036,0.050463536559511,0.858060377948978,0.83203744637526,0.882250909520322,0.99180218796706,0.00819781203294016,0.0502134631450625,-0.0002502487540188,0.0002502487540188,-0.02502487540188,1321,330,1046,275
3410630,"Waning Flowers of a World Eternal - The Rainbow Appears After Flowering Rain",0,287,9,296,0.969594594594595,0.943233929861999,0.963578320845625,0.983922711829251,0.0406887819672512,0.966746375410689,0.943821374635,0.9838556605565,0.979915280401858,0.0200847195981423,0.0400342859215005,-0.00284821918390543,0.00284821918390543,-0.284821918390543,893,54,79,814
3412620,"Her Love, Like Poison",0,261,9,270,0.966666666666667,0.937874569896871,0.960120248199898,0.982365926502925,0.0444913566060541,0.963614547050676,0.938590138350253,0.982317704235388,0.978023700304433,0.0219762996955673,0.043727565885135,-0.00305211961599117,0.00305211961599117,-0.305211961599117,900,67,91,809
3413260,"OMEXYAN",0,1,0,1,1,0.206549314377237,0.603274657188619,1,0.793450685622763,0.852153574587866,0.534749383069649,0.995001716766416,0.141504169329759,0.858495830670241,0.460252333696767,-0.147846425412134,0.147846425412134,-14.7846425412134,620,1779,1116,-496
3415230,"Witchy Business",0,745,115,860,0.866279069767442,0.841895332998423,0.864650245462905,0.887405157927386,0.0455098249289629,0.866009408379875,0.842551615904185,0.887866602552377,0.992994849043093,0.00700515095690671,0.0453149866481911,-0.000269661387566567,0.000269661387566567,-0.0269661387566567,1311,297,1016,295
3415240,"Cozy Organizer",0,439,208,647,0.678516228748068,0.641565644009782,0.677462573157651,0.713359502305521,0.0717938582957394,0.679902915293234,0.64364339726265,0.71511874650494,0.990710095235731,0.00928990476426853,0.0714753492422894,0.00138668654516605,0.00138668654516605,0.138668654516605,1768,863,2004,-236
3415340,"Ox & Horse Work in Hell",0,20,0,20,1,0.838874841947181,0.91943742097359,1,0.161125158052819,0.959917784950884,0.859819080712199,0.998791485833549,0.76725568840929,0.23274431159071,0.138972405121349,-0.0400822150491164,0.0400822150491164,-4.00822150491163,55,304,113,-58
3415460,"恋愛花道",0,4,0,4,1,0.510109163545403,0.755054581772701,1,0.489890836454597,0.896212616889674,0.658188789563792,0.996657030244202,0.397340615926201,0.602659384073799,0.338468240680411,-0.103787383110326,0.103787383110326,-10.3787383110326,316,1160,626,-310
3415530,"Ballardo: Roguelike Billiards",0,7,6,13,0.538461538461538,0.29143795714506,0.529688639524838,0.767939321904617,0.476501364759557,0.630521513840283,0.409227331183976,0.825898268453521,0.681808780229511,0.318191219770489,0.416670937269545,0.0920599753787446,0.0920599753787446,9.20599753787446,1956,1660,2097,-141
3415580,"Death Ring: Second Impact",0,128,35,163,0.785276073619632,0.716053922748306,0.778707704479939,0.841361486211572,0.125307563463266,0.786801473436862,0.722174211032406,0.845005269291858,0.964115219957269,0.0358847800427315,0.122831058259452,0.00152539981722977,0.00152539981722977,0.152539981722977,1565,664,1598,-33
3417470,"Jurnal Risa: Dark Destiny",0,7,1,8,0.875,0.529111817787147,0.753347163168545,0.977582508549943,0.448470690762797,0.854636346516529,0.636725903427632,0.979755988994853,0.568709749645159,0.431290250354841,0.343030085567221,-0.0203636534834708,0.0203636534834708,-2.03636534834708,1281,1117,1059,222
3418150,"LORED",0,186,45,231,0.805194805194805,0.749303379688776,0.80020252963012,0.851101679571463,0.101798299882687,0.805772908272804,0.75316709742129,0.853494573597303,0.974408368171673,0.0255916318283274,0.100327476176013,0.000578103077999215,0.000578103077999215,0.0578103077999215,1492,557,1532,-40
3419690,"Chicken Run: Eggstraction",0,24,3,27,0.888888888888889,0.719421991817202,0.840450821767052,0.961479651716902,0.2420576598997,0.877677778722419,0.748424810453346,0.964200002893209,0.816525765849317,0.183474234150683,0.215775192439864,-0.0112111101664694,0.0112111101664694,-1.12111101664694,1225,650,835,390
3420690,"BLOODKILL: Goreblast Overkill",0,11,4,15,0.733333333333333,0.480495659440194,0.685760563091635,0.891025466743076,0.410529807302882,0.760533671608883,0.56210706535365,0.912354314567163,0.712016430428814,0.287983569571186,0.350247249213514,0.0272003382755494,0.0272003382755494,2.72003382755494,1691,1246,1712,-21
3421330,"There's No Cake",0,11,0,11,1,0.741167033031968,0.870583516515984,1,0.258832966968032,0.938781004972937,0.789970527437453,0.998114205660352,0.644521321079962,0.355478678920038,0.208143678222899,-0.0612189950270625,0.0612189950270625,-6.12189950270625,133,575,262,-129
3422180,"Sokobos 2",0,23,0,23,1,0.856883381549573,0.928441690774787,1,0.143116618450427,0.964054673397059,0.873823944136953,0.998920695501972,0.791277246408338,0.208722753591662,0.12509675136502,-0.0359453266029409,0.0359453266029409,-3.59453266029409,39,246,89,-50
3424920,"DarkRanger",0,34,17,51,0.666666666666667,0.529683778569708,0.654992230016911,0.780300681464115,0.250616902894407,0.68379549399688,0.558663844863919,0.796726055534878,0.893687471446342,0.106312528553658,0.238062210670959,0.017128827330213,0.017128827330213,1.7128827330213,1774,1112,1996,-222
3424980,"Alice in the Manor",0,5,0,5,1,0.565517535216825,0.782758767608413,1,0.434482464783175,0.905590772082171,0.68618151869736,0.996989370906001,0.451796495462645,0.548203504537355,0.310807852208641,-0.0944092279178288,0.0944092279178288,-9.44092279178288,268,1028,541,-273
3425460,"Console Shop Simulator",0,474,39,513,0.923976608187134,0.897759764970697,0.920825373599637,0.943890982228577,0.0461312172578794,0.922852299009919,0.898426886975558,0.944195372912862,0.988311854917439,0.0116881450825605,0.0457684859373043,-0.00112430917721573,0.00112430917721573,-0.112430917721573,1074,144,386,688
3427500,"Bat-Rush",0,1,0,1,1,0.206549314377237,0.603274657188619,1,0.793450685622763,0.852153574587866,0.534749383069649,0.995001716766416,0.141504169329759,0.858495830670241,0.460252333696767,-0.147846425412134,0.147846425412134,-14.7846425412134,621,1780,1117,-496
3427550,"Dating App Simulator",0,12,2,14,0.857142857142857,0.600586205030297,0.780246141879416,0.959906078728535,0.359319873698239,0.848266758255084,0.666627854192177,0.965214221424354,0.69766527778157,0.30233472221843,0.298586367232177,-0.00887609888777308,0.00887609888777308,-0.887609888777308,1332,952,1343,-11
3428430,"Deep Sea Heroes",0,2,0,2,1,0.342380227506653,0.671190113753327,1,0.657619772493347,0.870481046513441,0.58446518931204,0.995709839532952,0.247925803745148,0.752074196254852,0.411244650220912,-0.129518953486559,0.129518953486559,-12.9518953486559,468,1501,887,-419
3428730,"Firefighter Frankie <U+0001F692>",0,16,3,19,0.842105263157895,0.624345247296709,0.784570265455684,0.944795283614658,0.320450036317949,0.838639181391295,0.67486793545514,0.951773729923104,0.757970773364418,0.242029226635582,0.276905794467965,-0.00346608176660002,0.00346608176660002,-0.346608176660002,1389,885,1393,-4
3431340,"Call of Ponchy : Mahjong Warfare",0,34,0,34,1,0.898485445846676,0.949242722923338,1,0.101514554153324,0.973923125928167,0.90766760795979,0.99922465154439,0.84858012221008,0.151419877789921,0.0915570435846,-0.0260768740718333,0.0260768740718333,-2.60768740718333,19,138,48,-29
3431770,"Lords of the Void",0,3,0,3,1,0.438502968244955,0.719251484122477,1,0.561497031755045,0.884765810979371,0.624831367315985,0.996242206486757,0.330872758342948,0.669127241657052,0.371410839170772,-0.115234189020629,0.115234189020629,-11.5234189020629,372,1296,742,-370
3432750,"Laundering Simulator - Clean Cash and Laundry",0,321,75,396,0.810606060606061,0.769100779743014,0.807621926857661,0.846143073972308,0.0770422942292937,0.810865269728952,0.771210791785488,0.847591436570879,0.984910647620718,0.015089352379282,0.0763806447853905,0.000259209122891346,0.000259209122891346,0.0259209122891346,1480,504,1507,-27
3432800,"Slingbot Survivors",0,27,1,28,0.964285714285714,0.822878022566467,0.908272751358715,0.993667480150962,0.170789457584495,0.939976384655273,0.840594960072067,0.992153810746107,0.821911465012993,0.178088534987007,0.15155885067404,-0.0243093296304417,0.0243093296304417,-2.43093296304417,903,360,257,646
3433230,"The Gretlow Tapes",0,110,10,120,0.916666666666667,0.853377678359344,0.903742013992207,0.95410634962507,0.100728671265727,0.912389233926227,0.857428869557367,0.955014506874121,0.951875328441134,0.0481246715588661,0.0975856373167541,-0.00427743274043935,0.00427743274043935,-0.427743274043935,1106,257,497,609
3433600,"Space Sim Tycoon",0,3,2,5,0.6,0.230724281276013,0.556551753521683,0.882379225767352,0.651654944491339,0.724872173897113,0.442056951187525,0.93155803852216,0.451796495462645,0.548203504537355,0.489501087334635,0.124872173897113,0.124872173897113,12.4872173897113,1915,1683,1844,71
3435810,"GoodMan",0,6,0,6,1,0.609665712097835,0.804832856048917,1,0.390334287902165,0.913414570778272,0.709988022926607,0.997261605765302,0.497226735266432,0.502773264733568,0.287273582838695,-0.0865854292217277,0.0865854292217277,-8.65854292217277,226,920,465,-239
3435920,"Echoes of Forgotten Dreams",0,25,0,25,1,0.866807749060952,0.933403874530476,1,0.133192250939048,0.966368730633376,0.881705038024413,0.998992506948693,0.804714219833784,0.195285780166216,0.11728746892428,-0.0336312693666244,0.0336312693666244,-3.36312693666244,34,225,81,-47
3435950,"Dead Cat Bounce",0,13,2,15,0.866666666666667,0.621180171676776,0.791909456286855,0.962638740896935,0.341458569220158,0.855469195666058,0.681054581494399,0.967014374837359,0.712016430428814,0.287983569571186,0.285959793342961,-0.0111974710006089,0.0111974710006089,-1.11974710006089,1309,896,1051,258
3436650,"No Other Alchemists Here",0,2,2,4,0.5,0.15003898915215,0.5,0.84996101084785,0.699922021695701,0.697542308926574,0.398233942241128,0.923287916642755,0.397340615926201,0.602659384073799,0.525053974401627,0.197542308926574,0.197542308926574,19.7542308926574,1984,2014,1958,26
3437170,"壶中日月 Timeless Teapot",0,301,87,388,0.775773195876289,0.731685594039491,0.773069624439519,0.814453654839546,0.0827680608000547,0.77657394298262,0.734208376435985,0.816280973635205,0.984604316868318,0.0153956831316818,0.0820725971992208,0.000800747106331712,0.000800747106331712,0.0800747106331712,1581,607,1625,-44
3437610,"Dragon Fall",0,1,0,1,1,0.206549314377237,0.603274657188619,1,0.793450685622763,0.852153574587866,0.534749383069649,0.995001716766416,0.141504169329759,0.858495830670241,0.460252333696767,-0.147846425412134,0.147846425412134,-14.7846425412134,622,1781,1118,-496
3440430,"ZeroFactory",0,6,1,7,0.857142857142857,0.486872170725681,0.730596273190469,0.974320375655256,0.487448204929575,0.84351180095378,0.612178260667578,0.97801824063592,0.535703506847418,0.464296493152582,0.365839979968342,-0.0136310561890776,0.0136310561890776,-1.36310561890776,1343,1230,1368,-25
3441000,"Ardena",0,8,0,8,1,0.67559243511612,0.83779621755806,1,0.32440756488388,0.925725065222174,0.748273816826629,0.99768099293825,0.568709749645159,0.431290250354841,0.249407176111621,-0.0742749347778259,0.0742749347778259,-7.42749347778259,180,761,373,-193
3441200,"Ruby Journey",0,1,0,1,1,0.206549314377237,0.603274657188619,1,0.793450685622763,0.852153574587866,0.534749383069649,0.995001716766416,0.141504169329759,0.858495830670241,0.460252333696767,-0.147846425412134,0.147846425412134,-14.7846425412134,623,1782,1119,-496
3442880,"Touhou Farming ~ Minoriko's Homestead Harvest",0,63,3,66,0.954545454545455,0.874666858867578,0.929544292266572,0.984421725665567,0.109754866797989,0.943874113956836,0.880661802309452,0.984126164722287,0.915815345321192,0.0841846546788085,0.103464362412836,-0.0106713405886182,0.0106713405886182,-1.06713405886182,941,200,225,716
3443080,"Auridia",0,166,4,170,0.976470588235294,0.94107086943264,0.965941787128847,0.990812704825053,0.0497418353924137,0.971347144582259,0.942174320771709,0.990518085160886,0.965541912981891,0.0344580870181094,0.0483437643891774,-0.00512344365303541,0.00512344365303541,-0.512344365303541,875,65,61,814
3444080,"Bakery Cafe Simulator",0,266,113,379,0.701846965699208,0.653954310949097,0.699821618681662,0.745688926414228,0.0917346154651313,0.703831174488654,0.657318799273278,0.748338094539269,0.984244480337209,0.015755519662791,0.091019295265991,0.00198420878944572,0.00198420878944572,0.198420878944572,1739,809,1947,-208
3444220,"NiuMa",0,241,22,263,0.916349809885932,0.876600693246438,0.910356023700122,0.944111354153807,0.067510660907369,0.9143528329065,0.878187148561042,0.944697003528244,0.97745196858657,0.0225480314134296,0.0665098549672021,-0.00199697697943113,0.00199697697943113,-0.199697697943113,1117,192,454,663
3445800,"FISHTOPIA",0,60,9,69,0.869565217391304,0.770317000604127,0.850075361104046,0.929833721603965,0.159516720999838,0.866188475627682,0.781096452127402,0.932874986185898,0.919179729151032,0.0808202708489676,0.151778534058497,-0.00337674176362213,0.00337674176362213,-0.337674176362213,1298,502,1015,283
3445830,"Return to Ash",0,130,2,132,0.984848484848485,0.946439896059594,0.971137460946129,0.995835025832664,0.0493951297730697,0.977946780692762,0.947782321442115,0.9953206056915,0.956058053880608,0.0439419461193922,0.0475382842493848,-0.00690170415572244,0.00690170415572244,-0.690170415572244,853,48,35,818
3445890,"Light 'Em",0,13,3,16,0.8125,0.569911190380259,0.751997599832989,0.934084009285719,0.36417281890546,0.816702171348268,0.63500513151505,0.944552455859715,0.725066889874052,0.274933110125948,0.309547324344665,0.0042021713482675,0.0042021713482675,0.42021713482675,1476,1003,1469,7
3446230,"Battery Farm",0,8,1,9,0.888888888888889,0.565000294423344,0.7725547033924,0.980109112361455,0.415108817938111,0.864284208259485,0.658398730301434,0.981238920013751,0.597334709233019,0.40266529076698,0.322840189712317,-0.0246046806294042,0.0246046806294042,-2.46046806294042,1230,1063,1020,210
3446250,"Aslimelate",0,1,0,1,1,0.206549314377237,0.603274657188619,1,0.793450685622763,0.852153574587866,0.534749383069649,0.995001716766416,0.141504169329759,0.858495830670241,0.460252333696767,-0.147846425412134,0.147846425412134,-14.7846425412134,624,1783,1120,-496
3446680,"Heartbeat in Thailand",0,1722,45,1767,0.974533106960951,0.966094413035747,0.973503709676193,0.980913006316639,0.0148185932808913,0.974030974517127,0.966138298611706,0.98091220138726,0.996578285072447,0.00342171492755296,0.0147739027755541,-0.000502132443823911,0.000502132443823911,-0.0502132443823911,878,18,47,831
3447040,"Sora no Kiseki the 1st",0,5030,140,5170,0.972920696324952,0.96813282969984,0.972569563536124,0.977006297372409,0.00887346767256902,0.972750580277263,0.968145438740237,0.97700985165868,0.998827888112145,0.00117211188785532,0.00886441291844353,-0.00017011604768824,0.00017011604768824,-0.017011604768824,884,16,55,829
3447300,"Cardrunners",0,1,0,1,1,0.206549314377237,0.603274657188619,1,0.793450685622763,0.852153574587866,0.534749383069649,0.995001716766416,0.141504169329759,0.858495830670241,0.460252333696767,-0.147846425412134,0.147846425412134,-14.7846425412134,625,1784,1121,-496
3447510,"Village Tale",0,218,49,267,0.816479400749064,0.765672131743767,0.811990639719386,0.858309147695004,0.0926370159512369,0.81673057094831,0.768805083798769,0.860263901183017,0.977782261697465,0.0222177383025345,0.0914588173842483,0.000251170199246031,0.000251170199246031,0.0251170199246031,1466,506,1468,-2
3447910,"Forged Into History: Speedway Odyssey",0,1,0,1,1,0.206549314377237,0.603274657188619,1,0.793450685622763,0.852153574587866,0.534749383069649,0.995001716766416,0.141504169329759,0.858495830670241,0.460252333696767,-0.147846425412134,0.147846425412134,-14.7846425412134,626,1785,1122,-496
3448870,"Necrologium",0,26,3,29,0.896551724137931,0.736149189092262,0.850167148870792,0.964185108649323,0.228035919557061,0.88465427896016,0.761919255443294,0.966365933582295,0.826989997325844,0.173010002674156,0.204446678139001,-0.011897445177771,0.011897445177771,-1.1897445177771,1197,595,809,388
3449030,"Upwards, Rain! The Post Office of Farewells",0,128,3,131,0.977099236641221,0.934833035599554,0.96350729624714,0.992181556894726,0.0573485212951719,0.970490181041517,0.936440311914289,0.991764256948653,0.955737466367238,0.0442625336327616,0.0553239450343648,-0.00660905559970448,0.00660905559970448,-0.660905559970448,873,71,64,809
3449040,"Machick 2",0,535,69,604,0.885761589403974,0.857918221908002,0.883323639114804,0.908729056321607,0.0508108344136045,0.885185023346076,0.858742900728635,0.909236522667244,0.99005530494061,0.00994469505938948,0.0504936219386092,-0.000576566057897243,0.000576566057897243,-0.0576566057897243,1244,245,720,524
3449610,"GCS: Salvage Rat",0,2,7,9,0.222222222222222,0.0632251071178467,0.305318069005429,0.547411030893011,0.484185923775164,0.466061068770805,0.230314952684143,0.71033998505218,0.597334709233019,0.40266529076698,0.480025032368038,0.243838846548583,0.243838846548583,24.3838846548583,2135,2109,2226,-91
3451200,"Spider Canyon",0,2,0,2,1,0.342380227506653,0.671190113753327,1,0.657619772493347,0.870481046513441,0.58446518931204,0.995709839532952,0.247925803745148,0.752074196254852,0.411244650220912,-0.129518953486559,0.129518953486559,-12.9518953486559,469,1502,888,-419
3451500,"Car Guys",0,3,6,9,0.333333333333333,0.120583818386911,0.383190841403257,0.645797864419604,0.525214046032693,0.532431592018918,0.288291933268391,0.768417342219701,0.597334709233019,0.40266529076698,0.480125408951309,0.199098258685585,0.199098258685585,19.9098258685585,2090,2027,2195,-105
3453330,"Cult Leader Simulator",0,8,8,16,0.5,0.27999563610326,0.5,0.72000436389674,0.44000872779348,0.590118768262626,0.383876414205858,0.780883487105898,0.725066889874052,0.274933110125948,0.39700707290004,0.0901187682626263,0.0901187682626263,9.01187682626263,1965,1663,2155,-190
3453680,"Where is my hat?",0,3,0,3,1,0.438502968244955,0.719251484122477,1,0.561497031755045,0.884765810979371,0.624831367315985,0.996242206486757,0.330872758342948,0.669127241657052,0.371410839170772,-0.115234189020629,0.115234189020629,-11.5234189020629,373,1297,743,-370
3454570,"Schoolboy Escape 2: Village",0,55,12,67,0.82089552238806,0.71252510752082,0.803494597061,0.89446408660118,0.18193897908036,0.82146751817805,0.726481226383174,0.899823689911456,0.916967503420104,0.0830324965798964,0.173342463528281,0.000571995789990343,0.000571995789990343,0.0571995789990343,1454,672,1458,-4
3454830,"SurfsUp",1,12,1,13,0.923076923076923,0.666860490789004,0.826575034773224,0.986289578757443,0.319429087968439,0.892755660082402,0.724417251222178,0.985489634176629,0.681808780229511,0.318191219770489,0.261072382954451,-0.0303212629945206,0.0303212629945206,-3.03212629945206,1089,787,679,410
3454980,"Mortal Kombat: Legacy Kollection",0,767,440,1207,0.635459817729909,0.607917177358152,0.635030064265591,0.662142951173029,0.0542257738148768,0.63642169321223,0.609155823855223,0.663261482477245,0.994998685206435,0.00500131479356555,0.0541056586220217,0.000961875482321295,0.000961875482321295,0.0961875482321295,1864,945,2082,-218
3456230,"Dotu",0,4,1,5,0.8,0.375534629762525,0.669655260565048,0.96377589136757,0.588241261605044,0.815231472989642,0.551924429746717,0.973460575390088,0.451796495462645,0.548203504537355,0.421536145643371,0.0152314729896422,0.0152314729896422,1.52314729896422,1527,1434,1485,42
3456810,"Frame Machina - OcularZero",0,5,0,5,1,0.565517535216825,0.782758767608413,1,0.434482464783175,0.905590772082171,0.68618151869736,0.996989370906001,0.451796495462645,0.548203504537355,0.310807852208641,-0.0944092279178288,0.0944092279178288,-9.44092279178288,269,1029,542,-273
3456830,"超探偵シャーロックちゃん　～掟破りのミスディレクション～",0,28,10,38,0.736842105263158,0.579911538125336,0.715097662788677,0.850283787452019,0.270372249326682,0.749362608598807,0.613081085951885,0.864236913997814,0.862324658462675,0.137675341537326,0.251155828045929,0.0125205033356489,0.0125205033356489,1.25205033356489,1684,994,1731,-47
3458220,"Station Master RPG",0,15,4,19,0.789473684210526,0.566657215561858,0.740790224616348,0.914923233670837,0.348266018108979,0.798745982793167,0.624875871311334,0.927758920492699,0.757970773364418,0.242029226635582,0.302883049181366,0.00927229858264111,0.00927229858264111,0.927229858264111,1553,1006,1544,9
3458600,"NINDO Guardian of the Starlit Shadow",0,11,0,11,1,0.741167033031968,0.870583516515984,1,0.258832966968032,0.938781004972937,0.789970527437453,0.998114205660352,0.644521321079962,0.355478678920038,0.208143678222899,-0.0612189950270625,0.0612189950270625,-6.12189950270625,134,576,263,-129
3461520,"Egg Chicken Farm",0,34,0,34,1,0.898485445846676,0.949242722923338,1,0.101514554153324,0.973923125928167,0.90766760795979,0.99922465154439,0.84858012221008,0.151419877789921,0.0915570435846,-0.0260768740718333,0.0260768740718333,-2.60768740718333,20,139,49,-29
3463700,"GameOn!",0,0,1,1,0,0,0.396725342811381,0.793450685622763,0.793450685622763,0.710649405258107,0.356458319924359,0.954614608918397,0.141504169329759,0.858495830670241,0.598156288994038,0.710649405258107,0.710649405258107,71.0649405258107,2195,2195,1890,305
3463910,"Snow <U+2022> Fall",0,43,1,44,0.977272727272727,0.881922903017867,0.938949825478907,0.995976747939947,0.11405384492208,0.959158264861679,0.890128077970008,0.994733437720925,0.878823614083587,0.121176385916413,0.104605359750918,-0.0181144624110487,0.0181144624110487,-1.81144624110487,871,174,119,752
3465310,"Retronika",0,11,2,13,0.846153846153846,0.577653689805175,0.767197755723547,0.956741821641919,0.379088131836744,0.840308830833979,0.650853987919216,0.963205977358603,0.681808780229511,0.318191219770489,0.312351989439386,-0.00584501531986759,0.00584501531986759,-0.584501531986759,1375,999,1387,-12
3466450,"100 India Cats",0,27,1,28,0.964285714285714,0.822878022566467,0.908272751358715,0.993667480150962,0.170789457584495,0.939976384655273,0.840594960072067,0.992153810746107,0.821911465012993,0.178088534987007,0.15155885067404,-0.0243093296304417,0.0243093296304417,-2.43093296304417,904,361,258,646
3467310,"BBQ Master",0,3,0,3,1,0.438502968244955,0.719251484122477,1,0.561497031755045,0.884765810979371,0.624831367315985,0.996242206486757,0.330872758342948,0.669127241657052,0.371410839170772,-0.115234189020629,0.115234189020629,-11.5234189020629,374,1298,744,-370
3467710,"Wall World 2",0,1275,463,1738,0.733601841196778,0.712319678756715,0.733086655472583,0.75385363218845,0.0415339534317354,0.733929465431276,0.712945799368292,0.754404976412993,0.996521389473307,0.00347861052669312,0.0414591770447006,0.000327624234498058,0.000327624234498058,0.0327624234498058,1690,674,1819,-129
3468180,"App Empire Tycoon",0,2,0,2,1,0.342380227506653,0.671190113753327,1,0.657619772493347,0.870481046513441,0.58446518931204,0.995709839532952,0.247925803745148,0.752074196254852,0.411244650220912,-0.129518953486559,0.129518953486559,-12.9518953486559,470,1503,889,-419
3468400,"Log Away",0,72,21,93,0.774193548387097,0.67933549336322,0.763316975090331,0.847298456817442,0.167962963454222,0.777475486820218,0.690980858911146,0.853367546662342,0.938759285200553,0.0612407147994471,0.162386687751196,0.00328193843312141,0.00328193843312141,0.328193843312141,1584,750,1622,-38
3468660,"Rugby League 26",0,179,322,501,0.357285429141717,0.316556213274626,0.35837137827978,0.400186543284935,0.0836303300103093,0.362914831491031,0.321635931533209,0.405218047521142,0.988035248945311,0.0119647510546888,0.0835821159879334,0.00562940234931492,0.00562940234931492,0.562940234931492,2086,1617,2240,-154
3469230,"Baki Hanma: Blood Arena",0,104,33,137,0.759124087591241,0.681082356219241,0.752056463325868,0.823030570432495,0.141948214213254,0.762035710300469,0.689199069554767,0.827936150579197,0.957593766789532,0.0424062332104677,0.13873708102443,0.00291162270922773,0.00291162270922773,0.291162270922773,1621,747,1711,-90
3470170,"Queens Casino",0,305,6,311,0.980707395498392,0.958555562599092,0.974842165196363,0.991128767793634,0.0325732051945427,0.977781283319467,0.958949517651483,0.990960704484806,0.980865460839694,0.0191345391603063,0.0320111868333234,-0.00292611217892547,0.00292611217892547,-0.292611217892547,861,30,37,824
3470940,"Little Betty: Gold Rush",0,1,1,2,0.5,0.0945312057342307,0.5,0.905468794265769,0.810937588531539,0.746518144640867,0.41858644386299,0.961464062212803,0.247925803745148,0.752074196254852,0.542877618349813,0.246518144640867,0.246518144640867,24.6518144640867,2002,2054,1758,244
3472300,"Medievaly: Battle Simulator",0,10,3,13,0.769230769230769,0.497436240532725,0.70782047667387,0.918204712815014,0.420768472282289,0.787862001585555,0.584232340275708,0.934781267874981,0.681808780229511,0.318191219770489,0.350548927599273,0.0186312323547854,0.0186312323547854,1.86312323547854,1595,1208,1595,0
3473580,"Super World War",0,19,0,19,1,0.831820775947384,0.915910387973692,1,0.168179224052616,0.958318777185676,0.85443494094954,0.998741255297061,0.757970773364418,0.242029226635582,0.144306314347521,-0.0416812228143236,0.0416812228143236,-4.16812228143236,60,328,124,-64
3473610,"Bridge Constructor Studio",0,27,3,30,0.9,0.743789174208159,0.854594642730413,0.965400111252666,0.221610937044507,0.887852380999381,0.768140380419585,0.967353445468915,0.831786912524517,0.168213087475483,0.19921306504933,-0.0121476190006186,0.0121476190006186,-1.21476190006186,1179,566,697,482
3474140,"Azmar Quest - Text Based RPG",0,15,0,15,1,0.796116698964151,0.898058349482076,1,0.203883301035849,0.950404719723233,0.828026949892693,0.998490250764892,0.712016430428814,0.287983569571186,0.170463300872199,-0.049595280276767,0.049595280276767,-4.9595280276767,90,437,174,-84
3474400,"Shadows of the Past",0,0,4,4,0,0,0.244945418227299,0.489890836454597,0.489890836454597,0.498872000963473,0.211908099635446,0.786259070646069,0.397340615926201,0.602659384073799,0.574350971010623,0.498872000963473,0.498872000963473,49.8872000963473,2149,2149,2214,-65
3475490,"Sinoda",0,3,1,4,0.75,0.300641842582402,0.627527290886351,0.954412739190299,0.653770896607897,0.796877462908124,0.514485438814817,0.9703895228262,0.397340615926201,0.602659384073799,0.455904084011384,0.0468774629081241,0.0468774629081241,4.68774629081241,1649,1635,1560,89
3475580,"Opollo",0,12,2,14,0.857142857142857,0.600586205030297,0.780246141879416,0.959906078728535,0.359319873698239,0.848266758255084,0.666627854192177,0.965214221424354,0.69766527778157,0.30233472221843,0.298586367232177,-0.00887609888777308,0.00887609888777308,-0.887609888777308,1333,953,1344,-11
3476730,"Killer Chat! - Original Edition",1,28,0,28,1,0.879356695234154,0.939678347617077,1,0.120643304765846,0.969330365548594,0.891840799884506,0.999083932603343,0.821911465012993,0.178088534987007,0.107243132718837,-0.0306696344514062,0.0306696344514062,-3.06696344514062,28,180,69,-41
3477080,"Tree Kingdoms",0,14,0,14,1,0.784689197262364,0.892344598631182,1,0.215310802737636,0.947933226509594,0.819862183909706,0.998411037394891,0.69766527778157,0.30233472221843,0.178548853485185,-0.0520667734904059,0.0520667734904059,-5.20667734904059,96,463,191,-95
3479790,"My Splitting Image",0,15,1,16,0.9375,0.716712624297011,0.852796639766184,0.988880655235358,0.272168030938347,0.907335532582524,0.759405339838422,0.987596858869528,0.725066889874052,0.274933110125948,0.228191519031106,-0.030164467417476,0.030164467417476,-3.0164467417476,1016,659,517,499
3480790,"Reverie in the Moonlight",0,46,2,48,0.958333333333333,0.860243441295446,0.924370773903029,0.988498106510613,0.128254665215168,0.943684239132122,0.869155887946265,0.987812673789913,0.887788531222889,0.112211468777111,0.118656785843648,-0.0146490942012113,0.0146490942012113,-1.46490942012113,922,238,230,692
3481710,"My Sleeping Girlfriend",0,99,6,105,0.942857142857143,0.880903452014396,0.927226908788537,0.973550365562678,0.0926469135482826,0.936571396150734,0.884587887258596,0.97378900197911,0.945375913393743,0.054624086606257,0.0892011147205143,-0.00628574670640891,0.00628574670640891,-0.628574670640891,997,177,284,713
3481800,"SUPER SHAPESHOOTER",0,10,0,10,1,0.722467200137111,0.861233600068555,1,0.277532799862889,0.934970756429782,0.777686418312525,0.997988980033724,0.622396454151338,0.377603545848662,0.220302561721199,-0.0650292435702178,0.0650292435702178,-6.50292435702178,150,630,295,-145
3481920,"One Hard Game Please!",0,1,0,1,1,0.206549314377237,0.603274657188619,1,0.793450685622763,0.852153574587866,0.534749383069649,0.995001716766416,0.141504169329759,0.858495830670241,0.460252333696767,-0.147846425412134,0.147846425412134,-14.7846425412134,627,1786,1123,-496
3483190,"Blood Storm: Alien Purge",0,11,4,15,0.733333333333333,0.480495659440194,0.685760563091635,0.891025466743076,0.410529807302882,0.760533671608883,0.56210706535365,0.912354314567163,0.712016430428814,0.287983569571186,0.350247249213514,0.0272003382755494,0.0272003382755494,2.72003382755494,1692,1247,1713,-21
3484190,"Bits and Boards - Game Store Simulator",0,3,0,3,1,0.438502968244955,0.719251484122477,1,0.561497031755045,0.884765810979371,0.624831367315985,0.996242206486757,0.330872758342948,0.669127241657052,0.371410839170772,-0.115234189020629,0.115234189020629,-11.5234189020629,375,1299,745,-370
3484640,"ReCharge RC: High Voltage",0,374,17,391,0.956521739130435,0.931480647620416,0.952080185634864,0.972679723649312,0.0411990760288956,0.954554713745161,0.932028840780293,0.972758190327014,0.984720637432823,0.0152793625671768,0.0407293495467208,-0.00196702538527371,0.00196702538527371,-0.196702538527371,928,77,149,779
3485910,"The Squirrel & Sea",0,6,1,7,0.857142857142857,0.486872170725681,0.730596273190469,0.974320375655256,0.487448204929575,0.84351180095378,0.612178260667578,0.97801824063592,0.535703506847418,0.464296493152582,0.365839979968342,-0.0136310561890776,0.0136310561890776,-1.36310561890776,1344,1231,1369,-25
3488580,"CrafTAE",0,22,3,25,0.88,0.700442060790727,0.829386944643162,0.958331828495596,0.257889767704869,0.869803024253321,0.733319508444279,0.961735660319043,0.804714219833784,0.195285780166216,0.228416151874764,-0.0101969757466785,0.0101969757466785,-1.01969757466785,1261,712,996,265
3488970,"极速营救",0,1614,245,1859,0.868208714362561,0.852069796589325,0.867449412701677,0.88282902881403,0.0307592322247043,0.868077216761086,0.852354500810176,0.883052350885291,0.996747071386945,0.00325292861305556,0.0306978500751151,-0.000131497601475017,0.000131497601475017,-0.0131497601475017,1302,259,1002,300
3489240,"Asterix & Obelix - Mission Babylon",0,20,6,26,0.769230769230769,0.579484459210563,0.734572982576365,0.889661505942167,0.310177046731604,0.780308861207577,0.624331972161631,0.903289533335996,0.810804163046963,0.189195836953038,0.278957561174365,0.0110780919768079,0.0110780919768079,1.10780919768079,1593,996,1616,-23
3489460,"Loop//Error",0,38,2,40,0.95,0.83496122630859,0.910570279461221,0.986179332613852,0.151218106305261,0.933904423306633,0.847277239072182,0.985614194601305,0.868301846123804,0.131698153876196,0.138336955529123,-0.0160955766933669,0.0160955766933669,-1.60955766933669,960,318,313,647
3490140,"The Dead House",0,2,3,5,0.4,0.117620774232648,0.443448246478317,0.769275718723987,0.651654944491339,0.634512874804584,0.346539607691581,0.876659256349701,0.451796495462645,0.548203504537355,0.53011964865812,0.234512874804584,0.234512874804584,23.4512874804584,2077,2032,2088,-11
3491160,"イワクツギ -IWAKUTSUGI-",0,13,4,17,0.764705882352941,0.52738201880435,0.715915787791774,0.904449556779199,0.377067537974849,0.781296411405305,0.595865423887932,0.920800793297924,0.736985819489999,0.263014180510001,0.324935369409991,0.0165905290523638,0.0165905290523638,1.65905290523638,1609,1127,1610,-1
3491430,"Mini Star Quest",0,6,0,6,1,0.609665712097835,0.804832856048917,1,0.390334287902165,0.913414570778272,0.709988022926607,0.997261605765302,0.497226735266432,0.502773264733568,0.287273582838695,-0.0865854292217277,0.0865854292217277,-8.65854292217277,227,921,466,-239
3494210,"Choo Choo Survivor 2",0,35,6,41,0.853658536585366,0.71556541957519,0.823361469081116,0.931157518587041,0.21559209901185,0.850323351450678,0.736601770797472,0.936005385779096,0.871099949910263,0.128900050089737,0.199403614981624,-0.00333518513468811,0.00333518513468811,-0.333518513468811,1354,666,1337,17
3494660,"Okinawa Journal",0,2,2,4,0.5,0.15003898915215,0.5,0.84996101084785,0.699922021695701,0.697542308926574,0.398233942241128,0.923287916642755,0.397340615926201,0.602659384073799,0.525053974401627,0.197542308926574,0.197542308926574,19.7542308926574,1985,2015,1959,26
3494790,"Radio Ghosts",0,2,0,2,1,0.342380227506653,0.671190113753327,1,0.657619772493347,0.870481046513441,0.58446518931204,0.995709839532952,0.247925803745148,0.752074196254852,0.411244650220912,-0.129518953486559,0.129518953486559,-12.9518953486559,471,1504,890,-419
3495040,"100 Dubai Cats",0,28,4,32,0.875,0.719316945183498,0.834807800654349,0.950298656125199,0.230981710941701,0.867474988586934,0.744711921130917,0.954000223071614,0.840624666939135,0.159375333060865,0.209288301940697,-0.00752501141306572,0.00752501141306572,-0.752501141306572,1275,653,1011,264
3495050,"100 Zombie Cats",0,39,1,40,0.975,0.871186310365259,0.933379739431289,0.995573168497319,0.12438685813206,0.955611969459728,0.880869931589162,0.994261805858075,0.868301846123804,0.131698153876196,0.113391874268912,-0.0193880305402718,0.0193880305402718,-1.93880305402718,877,211,141,736
3498560,"Cactus Simulator Remake",0,15,3,18,0.833333333333333,0.607779618960843,0.774706925451114,0.941634231941385,0.333854612980543,0.831934511480287,0.662571410440309,0.949585446266643,0.747914267160497,0.252085732839503,0.287014035826334,-0.00139882185304685,0.00139882185304685,-0.139882185304685,1413,946,1413,0
3499160,"Hemera",0,7,3,10,0.7,0.396778147461145,0.644493440027422,0.892208732593699,0.495430585132554,0.748251820184381,0.51757002392083,0.920813557752074,0.622396454151338,0.377603545848662,0.403243533831244,0.0482518201843809,0.0482518201843809,4.82518201843809,1745,1409,1741,4
3499270,"An Imp and an Impostor",0,9,0,9,1,0.700854951580456,0.850427475790228,1,0.299145048419544,0.930654731507598,0.763886321497756,0.997845939982778,0.597334709233019,0.40266529076698,0.233959618485022,-0.0693452684924021,0.0693452684924021,-6.93452684924021,166,704,334,-168
3499820,"Basketball Simulator",0,1,1,2,0.5,0.0945312057342307,0.5,0.905468794265769,0.810937588531539,0.746518144640867,0.41858644386299,0.961464062212803,0.247925803745148,0.752074196254852,0.542877618349813,0.246518144640867,0.246518144640867,24.6518144640867,2003,2055,1759,244
3500750,"Score the Fear",0,214,6,220,0.972727272727273,0.94178709971225,0.964614555980481,0.987442012248713,0.0456549125364625,0.968837457605195,0.942613721680614,0.987279448512598,0.973163126549495,0.0268368734505053,0.0446657268319836,-0.00388981512207776,0.00388981512207776,-0.388981512207776,885,61,72,813
3500830,"Store Keeper",0,11,3,14,0.785714285714286,0.524107694133997,0.724196913503533,0.924286132873068,0.400178438739071,0.798433524127829,0.602626464069798,0.938400575549031,0.69766527778157,0.30233472221843,0.335774111479233,0.0127192384135433,0.0127192384135433,1.27192384135433,1562,1131,1548,14
3502020,"Sometimes Toast is O.K.",0,3,0,3,1,0.438502968244955,0.719251484122477,1,0.561497031755045,0.884765810979371,0.624831367315985,0.996242206486757,0.330872758342948,0.669127241657052,0.371410839170772,-0.115234189020629,0.115234189020629,-11.5234189020629,376,1300,746,-370
3502340,"Torn Veil",0,5,0,5,1,0.565517535216825,0.782758767608413,1,0.434482464783175,0.905590772082171,0.68618151869736,0.996989370906001,0.451796495462645,0.548203504537355,0.310807852208641,-0.0944092279178288,0.0944092279178288,-9.44092279178288,270,1030,543,-273
3502370,"Speed Rally",0,1,0,1,1,0.206549314377237,0.603274657188619,1,0.793450685622763,0.852153574587866,0.534749383069649,0.995001716766416,0.141504169329759,0.858495830670241,0.460252333696767,-0.147846425412134,0.147846425412134,-14.7846425412134,628,1787,1124,-496
3502860,"Caller of the Crows",0,1,0,1,1,0.206549314377237,0.603274657188619,1,0.793450685622763,0.852153574587866,0.534749383069649,0.995001716766416,0.141504169329759,0.858495830670241,0.460252333696767,-0.147846425412134,0.147846425412134,-14.7846425412134,629,1788,1125,-496
3502910,"66 Confessions of St.Pinel Castle",0,6,7,13,0.461538461538462,0.232060678095383,0.470311360475161,0.70856204285494,0.476501364759557,0.578074684591859,0.356976804388069,0.783655937003649,0.681808780229511,0.318191219770489,0.426679132615581,0.116536223053398,0.116536223053398,11.6536223053398,2059,1677,2166,-107
3504570,"Fear Effect",0,73,21,94,0.776595744680851,0.682491205229503,0.765736021451275,0.848980837673047,0.166489632443544,0.779699243600931,0.693908012420896,0.854909967713626,0.939371282741161,0.0606287172588392,0.161001955292729,0.00310349892008033,0.00310349892008033,0.310349892008033,1579,744,1618,-39
3504870,"Match-3 Juice Bar",0,10,1,11,0.909090909090909,0.622641563548404,0.80320469533126,0.983767827114115,0.361126263565711,0.880188157602032,0.694898378185995,0.983635966457539,0.644521321079962,0.355478678920038,0.288737588271544,-0.0289027514888772,0.0289027514888772,-2.89027514888772,1147,888,824,323
3505240,"Deaded The Runner",0,2,0,2,1,0.342380227506653,0.671190113753327,1,0.657619772493347,0.870481046513441,0.58446518931204,0.995709839532952,0.247925803745148,0.752074196254852,0.411244650220912,-0.129518953486559,0.129518953486559,-12.9518953486559,472,1505,891,-419
3505350,"Brainkilled",0,20,0,20,1,0.838874841947181,0.91943742097359,1,0.161125158052819,0.959917784950884,0.859819080712199,0.998791485833549,0.76725568840929,0.23274431159071,0.138972405121349,-0.0400822150491164,0.0400822150491164,-4.00822150491163,56,305,114,-58
3505600,"Panopticon",0,32,7,39,0.82051282051282,0.673319543381184,0.791773444324496,0.910227345267809,0.236907801886625,0.821491715721472,0.698564103876552,0.917502842966898,0.865379566858229,0.134620433141771,0.218938739090346,0.000978895208651132,0.000978895208651132,0.0978895208651132,1455,775,1457,-2
3505650,"Vampire Cat",0,11,3,14,0.785714285714286,0.524107694133997,0.724196913503533,0.924286132873068,0.400178438739071,0.798433524127829,0.602626464069798,0.938400575549031,0.69766527778157,0.30233472221843,0.335774111479233,0.0127192384135433,0.0127192384135433,1.27192384135433,1563,1132,1549,14
3509730,"Jackie Hart: Headhunter",0,1,0,1,1,0.206549314377237,0.603274657188619,1,0.793450685622763,0.852153574587866,0.534749383069649,0.995001716766416,0.141504169329759,0.858495830670241,0.460252333696767,-0.147846425412134,0.147846425412134,-14.7846425412134,630,1789,1126,-496
3511130,"hololive GoroGoro Mountain",0,28,8,36,0.777777777777778,0.619152970538818,0.750994825390427,0.882836680242035,0.263683709703217,0.784989768273719,0.650602778345076,0.89377979042783,0.855779120534888,0.144220879465112,0.243177012082754,0.00721199049594101,0.00721199049594101,0.721199049594101,1574,901,1601,-27
3513000,"Comfy Girl",0,60,7,67,0.895522388059702,0.79968716951262,0.874074735912396,0.948462302312171,0.148775132799552,0.889897928881043,0.80928209554332,0.950417306137281,0.916967503420104,0.0830324965798964,0.141135210593961,-0.00562445917865873,0.00562445917865873,-0.562445917865873,1201,420,691,510
3513340,"Why Do Boys Play Games?",0,1,0,1,1,0.206549314377237,0.603274657188619,1,0.793450685622763,0.852153574587866,0.534749383069649,0.995001716766416,0.141504169329759,0.858495830670241,0.460252333696767,-0.147846425412134,0.147846425412134,-14.7846425412134,631,1790,1127,-496
3514440,"No Time For Pants",0,28,5,33,0.848484848484849,0.690801241195579,0.812148334189752,0.933495427183924,0.242694185988346,0.845270146847336,0.71814527126509,0.939133068808534,0.844704212856161,0.155295787143839,0.220987797543444,-0.00321470163751225,0.00321470163751225,-0.321470163751225,1367,725,1360,7
3515710,"Ashen Reverie",0,1,0,1,1,0.206549314377237,0.603274657188619,1,0.793450685622763,0.852153574587866,0.534749383069649,0.995001716766416,0.141504169329759,0.858495830670241,0.460252333696767,-0.147846425412134,0.147846425412134,-14.7846425412134,632,1791,1128,-496
3516180,"Don't FOOL ME, Beauties!",0,318,48,366,0.868852459016393,0.830405836282172,0.865021272710939,0.899636709139705,0.0692308728575324,0.868182801593215,0.832039479738643,0.900579973802623,0.983693983264418,0.0163060167355817,0.0685404940639796,-0.000669657423178593,0.000669657423178593,-0.0669657423178593,1300,334,1001,299
3516890,"Drop Dead: The Cabin",0,14,12,26,0.538461538461538,0.354579387468588,0.533510426082338,0.712441464696088,0.3578620772275,0.59320020819674,0.421493390604251,0.753888786857661,0.810804163046963,0.189195836953038,0.33239539625341,0.0547386697352011,0.0547386697352011,5.47386697352011,1955,1460,2151,-196
3518030,"Synthetic Paradox",0,1,0,1,1,0.206549314377237,0.603274657188619,1,0.793450685622763,0.852153574587866,0.534749383069649,0.995001716766416,0.141504169329759,0.858495830670241,0.460252333696767,-0.147846425412134,0.147846425412134,-14.7846425412134,633,1792,1129,-496
3519780,"Queen's Cards",0,11,1,12,0.916666666666667,0.646120088858883,0.815627497226983,0.985134905595083,0.3390148167362,0.88681971289006,0.710400627432893,0.984618474807295,0.664196976389084,0.335803023610916,0.274217847374402,-0.0298469537766067,0.0298469537766067,-2.98469537766067,1111,823,711,400
3520030,"Knock On The Window",0,167,16,183,0.912568306010929,0.862705000687948,0.904085905111964,0.945466809535981,0.0827618088480322,0.909847690894781,0.865234766455975,0.946271995023441,0.96791120692573,0.0320887930742698,0.0810372285674658,-0.00272061511614818,0.00272061511614818,-0.272061511614818,1132,229,507,625
3520580,"Sheep for the Stars",0,4,0,4,1,0.510109163545403,0.755054581772701,1,0.489890836454597,0.896212616889674,0.658188789563792,0.996657030244202,0.397340615926201,0.602659384073799,0.338468240680411,-0.103787383110326,0.103787383110326,-10.3787383110326,317,1161,627,-310
3520970,"Minerva Labyrinth",0,16,0,16,1,0.806392319465564,0.903196159732782,1,0.193607680534436,0.952652213199652,0.835485767673106,0.998561941173444,0.725066889874052,0.274933110125948,0.163076173500338,-0.0473477868003478,0.0473477868003478,-4.73477868003478,81,405,158,-77
3521270,"Phoenix's Faye",0,41,12,53,0.773584905660377,0.64473729748539,0.755095493691324,0.865453689897257,0.220716392411868,0.779151881268211,0.665969238319854,0.874458316835528,0.897287202439936,0.102712797560064,0.208489078515673,0.00556697560783359,0.00556697560783359,0.556697560783359,1586,860,1620,-34
3521410,"Cats & Cups",0,928,106,1034,0.897485493230174,0.877501754025924,0.896014243319034,0.914526732612145,0.0370249785862202,0.897078911719372,0.877912702094208,0.914799303651341,0.994166789263319,0.00583321073668127,0.0368866015571331,-0.000406581510801862,0.000406581510801862,-0.0406581510801862,1194,189,606,588
3527080,"Phantom Incident",0,9,1,10,0.9,0.595849973204762,0.788986880054844,0.982123786904927,0.386273813700165,0.872731111014648,0.677664932231878,0.982519288093029,0.622396454151338,0.377603545848662,0.304854355861151,-0.0272688889853516,0.0272688889853516,-2.72688889853516,1189,975,852,337
3527810,"Rudolph the Red-Nosed Reindeer",0,27,12,39,0.692307692307692,0.535787456258507,0.675064066594698,0.814340676930889,0.278553220672382,0.710545617406314,0.571591401990971,0.83181090061632,0.865379566858229,0.134620433141771,0.260219498625349,0.0182379250986218,0.0182379250986218,1.82379250986218,1754,1108,1937,-183
3527920,"CoRoT",0,34,15,49,0.693877551020408,0.554721064410894,0.679783075865414,0.804845087319934,0.250124022909041,0.708630562856033,0.58314311363487,0.819769861037179,0.889826260030941,0.110173739969059,0.236626747402308,0.0147530118356247,0.0147530118356247,1.47530118356247,1753,1081,1941,-188
3528450,"Sweet Home",0,9335,504,9839,0.948775282040858,0.944241401699971,0.948600134267431,0.952958866834891,0.00871746513491978,0.948700722515186,0.944257637146421,0.952971157221427,0.999383759437707,0.000616240562292915,0.00871352007500681,-7.45595256717024e-05,7.45595256717024e-05,-0.00745595256717024,972,51,187,785
3528970,"Unmourned",0,204,51,255,0.8,0.746615322354625,0.795547708425618,0.84448009449661,0.0978647721419843,0.800645679785082,0.750171030104571,0.846759188964811,0.976761018370864,0.0232389816291359,0.0965881588602395,0.000645679785082121,0.000645679785082121,0.0645679785082121,1498,561,1539,-41
3529380,"Carrotour",0,1,0,1,1,0.206549314377237,0.603274657188619,1,0.793450685622763,0.852153574587866,0.534749383069649,0.995001716766416,0.141504169329759,0.858495830670241,0.460252333696767,-0.147846425412134,0.147846425412134,-14.7846425412134,634,1793,1130,-496
3530490,"Fadedlands: The Reckless Squad",0,33,1,34,0.970588235294118,0.850844267073141,0.922816680398436,0.994789093723731,0.14394482665059,0.948964887039635,0.863639405619692,0.993371380625133,0.84858012221008,0.151419877789921,0.129731975005441,-0.0216233482544828,0.0216233482544828,-2.16233482544828,888,267,184,704
3531960,"Liese in the City of Trials",0,24,16,40,0.6,0.445958936603462,0.591237839880271,0.736516743157081,0.290557806553619,0.629998777163302,0.487453300953038,0.761848894743823,0.868301846123804,0.131698153876196,0.274395593790785,0.0299987771633018,0.0299987771633018,2.99987771633018,1902,1272,2099,-197
3531980,"Obscurite Magie 3: The Divine Stones",0,30,18,48,0.625,0.483627635192153,0.615737483791735,0.747847332391318,0.264219697199165,0.647754728724492,0.517000616123052,0.768152702218659,0.887788531222889,0.112211468777111,0.251152086095608,0.0227547287244922,0.0227547287244922,2.27547287244922,1876,1243,2069,-193
3531990,"Tentacaliens: Making Ends Meet in a New World",0,45,13,58,0.775862068965517,0.653388823610813,0.758726108748358,0.864063393885902,0.210674570275089,0.78077893900832,0.672550365987552,0.872428406800815,0.905303256762549,0.0946967432374507,0.199878040813263,0.0049168700428025,0.0049168700428025,0.49168700428025,1580,814,1614,-34
3532890,"Dad's Monster House 2: MEDAL",0,63,17,80,0.7875,0.685778442694034,0.774327287758536,0.862876132823039,0.177097690129005,0.790339676748445,0.698840006033511,0.869074326883125,0.929509166760482,0.0704908332395178,0.170234320849615,0.0028396767484451,0.0028396767484451,0.28396767484451,1557,730,1590,-33
3533360,"Filiy Eclipse",0,7,0,7,1,0.645669564933313,0.822834782466656,1,0.354330435066687,0.920040873360553,0.730470837927101,0.997488688736488,0.535703506847418,0.464296493152582,0.267017850809387,-0.0799591266394466,0.0799591266394466,-7.99591266394466,198,839,409,-211
3535090,"LUNA : War of the Moonlight",0,9,3,12,0.75,0.467694665066434,0.68937649833619,0.911058331605945,0.443363666539511,0.776120216825212,0.564098254829189,0.930708783915074,0.664196976389084,0.335803023610916,0.366610529085884,0.0261202168252125,0.0261202168252125,2.61202168252125,1637,1254,1628,9
3535110,"HEXA-WORLD-3D",0,18,2,20,0.9,0.698966354771513,0.835549936778872,0.972133518786232,0.273167164014719,0.883192216109955,0.737909093196135,0.973793469608676,0.76725568840929,0.23274431159071,0.235884376412541,-0.0168077838900453,0.0168077838900453,-1.68077838900453,1183,716,814,369
3535330,"Terraspace",0,1,4,5,0.2,0.0362241086324301,0.330344739434952,0.624465370237475,0.588241261605044,0.544153575712055,0.261998262888573,0.811229370589335,0.451796495462645,0.548203504537355,0.549231107700762,0.344153575712055,0.344153575712055,34.4153575712055,2138,2138,2187,-49
3536480,"The AC130 slays the zombies.",0,239,134,373,0.640750670241287,0.590853841327566,0.639315881443342,0.687777921559119,0.0969240802315534,0.643744126066164,0.594911111308935,0.691140364839821,0.983995096625258,0.0160049033747423,0.0962292535308863,0.00299345582487687,0.00299345582487687,0.299345582487687,1858,981,2072,-214
3538140,"Heading Over It with The Twins",0,17,0,17,1,0.815681864991148,0.907840932495574,1,0.184318135008852,0.954704839520599,0.842326137969279,0.998627131738827,0.736985819489999,0.263014180510001,0.156300993769548,-0.0452951604794012,0.0452951604794012,-4.52951604794012,76,381,147,-71
3540550,"Purgatory’s Flower",0,96,6,102,0.941176470588235,0.877564055098495,0.92516420787656,0.972764360654625,0.0952003055561301,0.934810581697261,0.88146248832268,0.973043144341931,0.943859517393089,0.0561404826069106,0.0915806560192511,-0.00636588889097445,0.00636588889097445,-0.636588889097445,1002,187,307,695
3540880,"Balloon Hater",0,8,5,13,0.615384615384615,0.355228915126657,0.589065918574516,0.822902922022374,0.467674006895717,0.682968343088707,0.464246662381457,0.865412241236979,0.681808780229511,0.318191219770489,0.401165578855523,0.0675837277040915,0.0675837277040915,6.75837277040915,1891,1458,1999,-108
3541750,"古咒迷途 (lost curse)",0,64,3,67,0.955223880597015,0.876421669109062,0.930538846993512,0.984656024877961,0.108234355768899,0.944642257443437,0.88225082361863,0.984349483881006,0.916967503420104,0.0830324965798964,0.102098660262375,-0.0105816231535779,0.0105816231535779,-1.05816231535779,939,195,222,717
3544100,"重返大学时代",0,2,1,3,0.666666666666667,0.207659600802048,0.573083828040826,0.938508055279604,0.730848454477556,0.774474891531722,0.470582557778087,0.966512741987473,0.330872758342948,0.669127241657052,0.495930184209387,0.107808224865055,0.107808224865055,10.7808224865055,1808,1703,1643,165
3545290,"Bearzerk",0,7,3,10,0.7,0.396778147461145,0.644493440027422,0.892208732593699,0.495430585132554,0.748251820184381,0.51757002392083,0.920813557752074,0.622396454151338,0.377603545848662,0.403243533831244,0.0482518201843809,0.0482518201843809,4.82518201843809,1746,1410,1742,4
3545810,"GalanWarSong",0,7,1,8,0.875,0.529111817787147,0.753347163168545,0.977582508549943,0.448470690762797,0.854636346516529,0.636725903427632,0.979755988994853,0.568709749645159,0.431290250354841,0.343030085567221,-0.0203636534834708,0.0203636534834708,-2.03636534834708,1282,1118,1060,222
3548370,"Arcane Coven",0,3,0,3,1,0.438502968244955,0.719251484122477,1,0.561497031755045,0.884765810979371,0.624831367315985,0.996242206486757,0.330872758342948,0.669127241657052,0.371410839170772,-0.115234189020629,0.115234189020629,-11.5234189020629,377,1301,747,-370
3549690,"Moondusk Masquerade",0,10,4,14,0.714285714285714,0.453509156701068,0.66814768512765,0.882786213554231,0.429277056853163,0.748600290000574,0.543081763832043,0.907414646654689,0.69766527778157,0.30233472221843,0.364332882822646,0.0343145757148596,0.0343145757148596,3.43145757148596,1723,1261,1736,-13
3550490,"Overcome Your Fears - Caretaker",0,127,43,170,0.747058823529412,0.676750480882589,0.74159944517792,0.806448409473252,0.129697928590663,0.74984047042759,0.683479188831388,0.810827021785053,0.965541912981891,0.0344580870181094,0.127347832953664,0.00278164689817773,0.00278164689817773,0.278164689817773,1671,753,1730,-59
3551100,"They See Us",0,51,9,60,0.85,0.738854109302215,0.828939851750269,0.919025594198323,0.180171484896108,0.847959934858529,0.752780082659149,0.923259794864566,0.908169947975195,0.0918300520248048,0.170479712205417,-0.00204006514147115,0.00204006514147115,-0.204006514147115,1362,590,1351,11
3552200,"It's John's House",0,7,4,11,0.636363636363636,0.353801174507849,0.601068231777087,0.848335289046324,0.494534114538475,0.704409615489315,0.475061887893667,0.888552030856038,0.644521321079962,0.355478678920038,0.41349014296237,0.0680459791256788,0.0680459791256788,6.80459791256788,1863,1468,1945,-82
3552220,"Match Shot Chimera",0,6,0,6,1,0.609665712097835,0.804832856048917,1,0.390334287902165,0.913414570778272,0.709988022926607,0.997261605765302,0.497226735266432,0.502773264733568,0.287273582838695,-0.0865854292217277,0.0865854292217277,-8.65854292217277,228,922,467,-239
3552820,"The Horde Wants You Dead",0,172,97,269,0.639405204460966,0.580432820297302,0.637442455270862,0.694452090244422,0.11401926994712,0.64356013125008,0.586123944615944,0.699018792417768,0.977943805932074,0.0220561940679264,0.112894847801823,0.00415492678911311,0.00415492678911311,0.415492678911311,1859,993,2073,-214
3552970,"We Don't Cry: Zombie Survival",0,0,1,1,0,0,0.396725342811381,0.793450685622763,0.793450685622763,0.710649405258107,0.356458319924359,0.954614608918397,0.141504169329759,0.858495830670241,0.598156288994038,0.710649405258107,0.710649405258107,71.0649405258107,2196,2196,1891,305
3553190,"Anime FPS: Guns vs Magic",0,11,7,18,0.611111111111111,0.386190416022379,0.591568975150371,0.796947534278364,0.410757118255985,0.665731341000176,0.470089366088958,0.835304186380051,0.747914267160497,0.252085732839503,0.365214820291093,0.0546202298890649,0.0546202298890649,5.46202298890649,1897,1422,2018,-121
3553260,"QuickMaze",0,2,0,2,1,0.342380227506653,0.671190113753327,1,0.657619772493347,0.870481046513441,0.58446518931204,0.995709839532952,0.247925803745148,0.752074196254852,0.411244650220912,-0.129518953486559,0.129518953486559,-12.9518953486559,473,1506,892,-419
3554010,"Lixing's Picross World",0,1,0,1,1,0.206549314377237,0.603274657188619,1,0.793450685622763,0.852153574587866,0.534749383069649,0.995001716766416,0.141504169329759,0.858495830670241,0.460252333696767,-0.147846425412134,0.147846425412134,-14.7846425412134,635,1794,1131,-496
3554100,"Warrior's Dilemma",0,4,1,5,0.8,0.375534629762525,0.669655260565048,0.96377589136757,0.588241261605044,0.815231472989642,0.551924429746717,0.973460575390088,0.451796495462645,0.548203504537355,0.421536145643371,0.0152314729896422,0.0152314729896422,1.52314729896422,1528,1435,1486,42
3555840,"Space Crash Simulator",0,18,3,21,0.857142857142857,0.653639397193791,0.801914636098269,0.950189875002747,0.296550477808957,0.850562278773199,0.696979902360208,0.955625305483365,0.775854532651986,0.224145467348014,0.258645403123157,-0.00658057836965775,0.00658057836965775,-0.658057836965775,1329,812,1336,-7
3555980,"Caput Mortum",0,334,18,352,0.948863636363636,0.920623735208006,0.944017963852871,0.967412192497737,0.0467884572897306,0.94681212169069,0.921347011054222,0.967564327250686,0.983056436997396,0.0169435630026039,0.0462173161964646,-0.00205151467294606,0.00205151467294606,-0.205151467294606,971,102,199,772
3556730,"Hypnosis Knight-Princess",0,122,22,144,0.847222222222222,0.779509111313547,0.838200125992001,0.896891140670455,0.117382029356907,0.846436384475006,0.784781786414596,0.899357679866548,0.959571841727849,0.0404281582721512,0.114575893451952,-0.000785837747215967,0.000785837747215967,-0.0785837747215967,1372,478,1357,15
3556750,"Warhammer 40,000: Dawn of War - Definitive Edition",0,10490,1747,12237,0.857236250715045,0.850925839613963,0.857124141727194,0.863322443840426,0.0123966042264634,0.857221656115131,0.850969942005074,0.863362830317211,0.999504459984137,0.000495540015862998,0.0123928883121369,-1.45945999138197e-05,1.45945999138197e-05,-0.00145945999138197,1322,266,1047,275
3560030,"Cataclysm: The Last Generation",0,251,28,279,0.899641577060932,0.858777866991201,0.894213777799403,0.929649688607604,0.0708718216164035,0.898112277282188,0.860516675468585,0.930425270422328,0.978717525777458,0.0212824742225419,0.0699085949537428,-0.00152929977874394,0.00152929977874394,-0.152929977874394,1191,242,595,596
3560370,"éalú",0,235,18,253,0.928853754940711,0.890353201704511,0.922439587822719,0.954525973940928,0.0641727722364176,0.926486872299932,0.891797979095364,0.954956472990416,0.976581613136342,0.0234183868636579,0.0631584938950513,-0.00236688264077978,0.00236688264077978,-0.236688264077978,1055,156,362,693
3561170,"Leaks In Space",0,10,4,14,0.714285714285714,0.453509156701068,0.66814768512765,0.882786213554231,0.429277056853163,0.748600290000574,0.543081763832043,0.907414646654689,0.69766527778157,0.30233472221843,0.364332882822646,0.0343145757148596,0.0343145757148596,3.43145757148596,1724,1262,1737,-13
3561190,"Bad Midwife",0,4,13,17,0.235294117647059,0.0955504432208012,0.284084212208225,0.47261798119565,0.377067537974848,0.391127448145894,0.207183141564072,0.592956653927754,0.736985819489999,0.263014180510001,0.385773512363682,0.155833330498835,0.155833330498835,15.5833330498835,2133,2045,2237,-104
3561230,"Dreams of Another",0,12,4,16,0.75,0.505016834644912,0.701598079866391,0.89817932508787,0.393162490442957,0.771385490731139,0.579647578133083,0.916792020616347,0.725066889874052,0.274933110125948,0.337144442483264,0.0213854907311393,0.0213854907311393,2.13854907311393,1635,1202,1684,-49
3561830,"100 Cats Istanbul",0,40,3,43,0.930232558139535,0.81391013098758,0.894949270705183,0.975988410422785,0.162078279435205,0.917565245844863,0.826988603708727,0.97637072215558,0.876353999886154,0.123646000113846,0.149382118446853,-0.0126673122946719,0.0126673122946719,-1.26673122946719,1053,387,440,613
3561970,"Friend of a Slime",0,12,3,15,0.8,0.548145512848306,0.738835009689245,0.929524506530184,0.381378993681878,0.80800143363747,0.619491074235245,0.94163851496943,0.712016430428814,0.287983569571186,0.322147440734185,0.00800143363747019,0.00800143363747019,0.800143363747019,1505,1093,1524,-19
3562220,"Questy Chess",0,4,0,4,1,0.510109163545403,0.755054581772701,1,0.489890836454597,0.896212616889674,0.658188789563792,0.996657030244202,0.397340615926201,0.602659384073799,0.338468240680411,-0.103787383110326,0.103787383110326,-10.3787383110326,318,1162,628,-310
3563380,"Mari's Magical Deliveries",0,3,0,3,1,0.438502968244955,0.719251484122477,1,0.561497031755045,0.884765810979371,0.624831367315985,0.996242206486757,0.330872758342948,0.669127241657052,0.371410839170772,-0.115234189020629,0.115234189020629,-11.5234189020629,378,1302,748,-370
3563480,"Interstellar Espionage Inc.",0,14,1,15,0.933333333333333,0.7018347012622,0.844983902884466,0.988133104506731,0.286298403244532,0.902936957694645,0.748766183226432,0.986965939431606,0.712016430428814,0.287983569571186,0.238199756205174,-0.0303963756386879,0.0303963756386879,-3.03963756386879,1041,695,588,453
3563700,"Car Driving School Simulator",0,5,3,8,0.625,0.305742394602627,0.584449054389515,0.863155714176403,0.557413319573775,0.712458909105239,0.460443304790439,0.907603733494599,0.568709749645159,0.431290250354841,0.44716042870416,0.0874589091052395,0.0874589091052395,8.74589091052395,1880,1626,1871,9
3565250,"Crossing Chains",0,5,0,5,1,0.565517535216825,0.782758767608413,1,0.434482464783175,0.905590772082171,0.68618151869736,0.996989370906001,0.451796495462645,0.548203504537355,0.310807852208641,-0.0944092279178288,0.0944092279178288,-9.44092279178288,271,1031,544,-273
3565330,"Squinky",0,5,0,5,1,0.565517535216825,0.782758767608413,1,0.434482464783175,0.905590772082171,0.68618151869736,0.996989370906001,0.451796495462645,0.548203504537355,0.310807852208641,-0.0944092279178288,0.0944092279178288,-9.44092279178288,272,1032,545,-273
3565680,"DECRYPTO Project",0,6,0,6,1,0.609665712097835,0.804832856048917,1,0.390334287902165,0.913414570778272,0.709988022926607,0.997261605765302,0.497226735266432,0.502773264733568,0.287273582838695,-0.0865854292217277,0.0865854292217277,-8.65854292217277,229,923,468,-239
3565700,"Forgedale",0,1,0,1,1,0.206549314377237,0.603274657188619,1,0.793450685622763,0.852153574587866,0.534749383069649,0.995001716766416,0.141504169329759,0.858495830670241,0.460252333696767,-0.147846425412134,0.147846425412134,-14.7846425412134,636,1795,1132,-496
3566100,"Bottomless Pit Supervisor",0,9,7,16,0.5625,0.331785563988119,0.550399519966598,0.769013475945076,0.437227911956957,0.635435448879755,0.429676960055726,0.817949464119216,0.725066889874052,0.274933110125948,0.38827250406349,0.0729354488797546,0.0729354488797546,7.29354488797546,1944,1610,2084,-140
3568030,"Beast and Cleaver",0,3,0,3,1,0.438502968244955,0.719251484122477,1,0.561497031755045,0.884765810979371,0.624831367315985,0.996242206486757,0.330872758342948,0.669127241657052,0.371410839170772,-0.115234189020629,0.115234189020629,-11.5234189020629,379,1303,749,-370
3568460,"MustScream",0,151,153,304,0.496710526315789,0.440898734830324,0.496751574645498,0.552604414460672,0.111705679630348,0.503188487448403,0.447644407854451,0.55869360086871,0.980433483865228,0.0195665161347723,0.111049193014259,0.00647796113261401,0.00647796113261401,0.647796113261401,2051,1275,2203,-152
3568550,"Tainted Pools",0,1,2,3,0.333333333333333,0.0614919447203963,0.426916171959174,0.792340399197952,0.730848454477556,0.664183972084073,0.347732278340177,0.912726902582571,0.330872758342948,0.669127241657052,0.564994624242395,0.330850638750739,0.330850638750739,33.0850638750739,2100,2113,2034,66
3570370,"CARIMARA: Beneath the forlorn limbs",0,2625,103,2728,0.962243401759531,0.954416326718471,0.961593404671573,0.968770482624674,0.0143541559062033,0.961945035378823,0.954460645202832,0.968789686283072,0.997780987175238,0.00221901282476174,0.0143290410802394,-0.000298366380707793,0.000298366380707793,-0.0298366380707793,912,36,99,813
3571640,"Mystic Jumper",0,2,0,2,1,0.342380227506653,0.671190113753327,1,0.657619772493347,0.870481046513441,0.58446518931204,0.995709839532952,0.247925803745148,0.752074196254852,0.411244650220912,-0.129518953486559,0.129518953486559,-12.9518953486559,474,1507,893,-419
3571710,"Leaf Blower Co.",0,164,50,214,0.766355140186916,0.705270672544695,0.7616581816362,0.818045690727705,0.112775018183011,0.768048655132236,0.710192181508003,0.821291803303029,0.972431434418333,0.0275685655816673,0.111099621795026,0.00169351494531989,0.00169351494531989,0.169351494531989,1603,689,1690,-87
3571780,"Mosh Pit Mayhem",0,1,0,1,1,0.206549314377237,0.603274657188619,1,0.793450685622763,0.852153574587866,0.534749383069649,0.995001716766416,0.141504169329759,0.858495830670241,0.460252333696767,-0.147846425412134,0.147846425412134,-14.7846425412134,637,1796,1133,-496
3572030,"Motamo",1,1,0,1,1,0.206549314377237,0.603274657188619,1,0.793450685622763,0.852153574587866,0.534749383069649,0.995001716766416,0.141504169329759,0.858495830670241,0.460252333696767,-0.147846425412134,0.147846425412134,-14.7846425412134,638,1797,1134,-496
3572530,"LHEA and the Word Spirit",0,5,0,5,1,0.565517535216825,0.782758767608413,1,0.434482464783175,0.905590772082171,0.68618151869736,0.996989370906001,0.451796495462645,0.548203504537355,0.310807852208641,-0.0944092279178288,0.0944092279178288,-9.44092279178288,273,1033,546,-273
3575020,"Couch Racers",0,2,0,2,1,0.342380227506653,0.671190113753327,1,0.657619772493347,0.870481046513441,0.58446518931204,0.995709839532952,0.247925803745148,0.752074196254852,0.411244650220912,-0.129518953486559,0.129518953486559,-12.9518953486559,475,1508,894,-419
3575380,"Dungeon Escape",0,2,1,3,0.666666666666667,0.207659600802048,0.573083828040826,0.938508055279604,0.730848454477556,0.774474891531722,0.470582557778087,0.966512741987473,0.330872758342948,0.669127241657052,0.495930184209387,0.107808224865055,0.107808224865055,10.7808224865055,1809,1704,1644,165
3575810,"Pick Your Poison",0,1,1,2,0.5,0.0945312057342307,0.5,0.905468794265769,0.810937588531539,0.746518144640867,0.41858644386299,0.961464062212803,0.247925803745148,0.752074196254852,0.542877618349813,0.246518144640867,0.246518144640867,24.6518144640867,2004,2056,1760,244
3575980,"Fantasy Maiden Wars - DREAM OF THE STRAY DREAMER -",0,565,9,574,0.984320557491289,0.970472159822907,0.981100820573458,0.991729481324009,0.0212573215011027,0.982683342619825,0.970601176363015,0.991634892775024,0.989540983512224,0.0104590164877761,0.0210337164120092,-0.00163721487146429,0.00163721487146429,-0.163721487146429,854,13,23,831
3575990,"Gun Paradise",0,7,1,8,0.875,0.529111817787147,0.753347163168545,0.977582508549943,0.448470690762797,0.854636346516529,0.636725903427632,0.979755988994853,0.568709749645159,0.431290250354841,0.343030085567221,-0.0203636534834708,0.0203636534834708,-2.03636534834708,1283,1119,1061,222
3576000,"Behind The Curtain",0,1,0,1,1,0.206549314377237,0.603274657188619,1,0.793450685622763,0.852153574587866,0.534749383069649,0.995001716766416,0.141504169329759,0.858495830670241,0.460252333696767,-0.147846425412134,0.147846425412134,-14.7846425412134,639,1798,1135,-496
3577080,"Aokigahara :The death forest",1,8,4,12,0.666666666666667,0.3906220888728,0.626250998890793,0.861879908908787,0.471257820035987,0.720770468792789,0.499795056534893,0.895643301785341,0.664196976389084,0.335803023610916,0.395848245250448,0.0541038021261221,0.0541038021261221,5.41038021261221,1783,1415,1852,-69
3577140,"Escape from Mental Hospital",0,2,0,2,1,0.342380227506653,0.671190113753327,1,0.657619772493347,0.870481046513441,0.58446518931204,0.995709839532952,0.247925803745148,0.752074196254852,0.411244650220912,-0.129518953486559,0.129518953486559,-12.9518953486559,476,1509,895,-419
3578500,"Rusty Foodies",0,1,0,1,1,0.206549314377237,0.603274657188619,1,0.793450685622763,0.852153574587866,0.534749383069649,0.995001716766416,0.141504169329759,0.858495830670241,0.460252333696767,-0.147846425412134,0.147846425412134,-14.7846425412134,640,1799,1136,-496
3578960,"Wave Leads You...",0,2,0,2,1,0.342380227506653,0.671190113753327,1,0.657619772493347,0.870481046513441,0.58446518931204,0.995709839532952,0.247925803745148,0.752074196254852,0.411244650220912,-0.129518953486559,0.129518953486559,-12.9518953486559,477,1510,896,-419
3579010,"JAIL DICE: Roll to Break",0,8,0,8,1,0.67559243511612,0.83779621755806,1,0.32440756488388,0.925725065222174,0.748273816826629,0.99768099293825,0.568709749645159,0.431290250354841,0.249407176111621,-0.0742749347778259,0.0742749347778259,-7.42749347778259,181,762,374,-193
3579320,"Arthur's Pet Chase",0,3,0,3,1,0.438502968244955,0.719251484122477,1,0.561497031755045,0.884765810979371,0.624831367315985,0.996242206486757,0.330872758342948,0.669127241657052,0.371410839170772,-0.115234189020629,0.115234189020629,-11.5234189020629,380,1304,750,-370
3580760,"Concrete Spaces",0,6,0,6,1,0.609665712097835,0.804832856048917,1,0.390334287902165,0.913414570778272,0.709988022926607,0.997261605765302,0.497226735266432,0.502773264733568,0.287273582838695,-0.0865854292217277,0.0865854292217277,-8.65854292217277,230,924,469,-239
3582170,"Cart Capers",0,5,0,5,1,0.565517535216825,0.782758767608413,1,0.434482464783175,0.905590772082171,0.68618151869736,0.996989370906001,0.451796495462645,0.548203504537355,0.310807852208641,-0.0944092279178288,0.0944092279178288,-9.44092279178288,274,1034,547,-273
3582270,"RYZY NYIL",0,5,0,5,1,0.565517535216825,0.782758767608413,1,0.434482464783175,0.905590772082171,0.68618151869736,0.996989370906001,0.451796495462645,0.548203504537355,0.310807852208641,-0.0944092279178288,0.0944092279178288,-9.44092279178288,275,1035,548,-273
3582390,"Sinisomnia",0,32,4,36,0.888888888888889,0.746851914096351,0.851392755546597,0.955933596996843,0.209081682900492,0.88007633722204,0.76763195979191,0.958622138308417,0.855779120534888,0.144220879465112,0.190990178516507,-0.00881255166684913,0.00881255166684913,-0.881255166684913,1223,559,829,394
3583330,"Robot Anomaly",0,10,5,15,0.666666666666667,0.417135477385198,0.632686116494025,0.848236755602853,0.431101278217655,0.713065909580295,0.50793135739086,0.879990146844646,0.712016430428814,0.287983569571186,0.372058789453785,0.0463992429136284,0.0463992429136284,4.63992429136284,1781,1390,1866,-85
3583530,"Vampire's Best Friend",0,71,1,72,0.986111111111111,0.925433978525239,0.961489013321166,0.997544048117094,0.0721100695918557,0.973806831034553,0.928850594618192,0.996656843845341,0.922285536102193,0.0777144638978066,0.0678062492271487,-0.0123042800765586,0.0123042800765586,-1.23042800765586,850,92,51,799
3583790,"Virtual Skate",0,94,1,95,0.989473684210526,0.942761298586864,0.970450361162258,0.998139423737652,0.0553781251507883,0.979767662027498,0.944827878711417,0.997428319613352,0.939971169544,0.0600288304559998,0.0526004409019345,-0.00970602218302796,0.00970602218302796,-0.970602218302796,844,55,30,814
3584360,"War Untold",0,14,3,17,0.823529411764706,0.589705414311659,0.763897073967724,0.93808873362379,0.348383319312131,0.824648518434128,0.649321511543213,0.947188791089216,0.736985819489999,0.263014180510001,0.297867279546003,0.0011191066694225,0.0011191066694225,0.11191066694225,1450,985,1450,0
3584910,"Terror Call",0,23,10,33,0.696969696969697,0.526618648541994,0.676431667150729,0.826244685759464,0.29962603721747,0.717284660050948,0.568390853700923,0.845126709598558,0.844704212856161,0.155295787143839,0.276735855897635,0.0203149630812512,0.0203149630812512,2.03149630812512,1751,1129,1860,-109
3585600,"Your husband",0,3,0,3,1,0.438502968244955,0.719251484122477,1,0.561497031755045,0.884765810979371,0.624831367315985,0.996242206486757,0.330872758342948,0.669127241657052,0.371410839170772,-0.115234189020629,0.115234189020629,-11.5234189020629,381,1305,751,-370
3585640,"Lavender Field",0,3,0,3,1,0.438502968244955,0.719251484122477,1,0.561497031755045,0.884765810979371,0.624831367315985,0.996242206486757,0.330872758342948,0.669127241657052,0.371410839170772,-0.115234189020629,0.115234189020629,-11.5234189020629,382,1306,752,-370
3586670,"Mahjong Solitaire Pro",0,0,2,2,0,0,0.328809886246673,0.657619772493347,0.657619772493347,0.622555242768293,0.289385773103398,0.898758006134615,0.247925803745148,0.752074196254852,0.609372233031217,0.622555242768293,0.622555242768293,62.2555242768293,2166,2166,2108,58
3587090,"Double It",0,21,2,23,0.91304347826087,0.732040189242563,0.853930092379172,0.97581999551578,0.243779806273216,0.895247956318073,0.763284161327289,0.976669653610307,0.791277246408338,0.208722753591662,0.213385492283018,-0.0177955219427963,0.0177955219427963,-1.77955219427963,1129,605,668,461
3589720,"Ball & Roll",0,13,8,21,0.619047619047619,0.408786537751158,0.600638212032756,0.792489886314355,0.383703348563198,0.665835009094155,0.481450205870729,0.827019541039675,0.775854532651986,0.224145467348014,0.345569335168946,0.046787390046536,0.046787390046536,4.6787390046536,1885,1402,2016,-131
3590020,"Roulette Pro Simulator",0,0,2,2,0,0,0.328809886246673,0.657619772493347,0.657619772493347,0.622555242768293,0.289385773103398,0.898758006134615,0.247925803745148,0.752074196254852,0.609372233031217,0.622555242768293,0.622555242768293,62.2555242768293,2167,2167,2109,58
3590590,"AnimaCircus",0,2,0,2,1,0.342380227506653,0.671190113753327,1,0.657619772493347,0.870481046513441,0.58446518931204,0.995709839532952,0.247925803745148,0.752074196254852,0.411244650220912,-0.129518953486559,0.129518953486559,-12.9518953486559,478,1511,897,-419
3591360,"Bad Bitch Blasters",0,379,4,383,0.989556135770235,0.973458076243721,0.984694687512562,0.995931298781403,0.0224732225376814,0.987033541291841,0.973655199184584,0.99573870443895,0.984406462952177,0.0155935370478226,0.0220835052543666,-0.00252259447839365,0.00252259447839365,-0.252259447839365,843,10,17,826
3592140,"Anima Gate of Memories: I&II Remaster",0,45,5,50,0.9,0.786397685625204,0.871460960346657,0.95652423506811,0.170126549442906,0.892185637374043,0.799646657976343,0.958443129778382,0.891791299686107,0.108208700313893,0.158796471802039,-0.00781436262595725,0.00781436262595725,-0.781436262595725,1177,456,685,492
3593000,"Abrez",0,1,0,1,1,0.206549314377237,0.603274657188619,1,0.793450685622763,0.852153574587866,0.534749383069649,0.995001716766416,0.141504169329759,0.858495830670241,0.460252333696767,-0.147846425412134,0.147846425412134,-14.7846425412134,641,1800,1137,-496
3594000,"性感史莱姆派对（Slime Sexy Party）",0,227,2,229,0.991266375545852,0.968721106556205,0.983161377573371,0.997601648590538,0.0288805420343337,0.987047007069223,0.969178201465132,0.997265680219788,0.974190629063292,0.0258093709367081,0.0280874787546552,-0.0042193684766284,0.0042193684766284,-0.42193684766284,841,15,16,825
3594280,"AVTale",0,6,4,10,0.6,0.312673769733658,0.572246720013711,0.831819670293764,0.519145900560105,0.686012174769247,0.447889788666887,0.880419759473085,0.622396454151338,0.377603545848662,0.432529970806198,0.0860121747692471,0.0860121747692471,8.60121747692471,1908,1619,1991,-83
3597530,"Royal's Gambit",0,6,0,6,1,0.609665712097835,0.804832856048917,1,0.390334287902165,0.913414570778272,0.709988022926607,0.997261605765302,0.497226735266432,0.502773264733568,0.287273582838695,-0.0865854292217277,0.0865854292217277,-8.65854292217277,231,925,470,-239
3597710,"Rise of the Penguins 2: Penguin's Dark Ascent",0,2,0,2,1,0.342380227506653,0.671190113753327,1,0.657619772493347,0.870481046513441,0.58446518931204,0.995709839532952,0.247925803745148,0.752074196254852,0.411244650220912,-0.129518953486559,0.129518953486559,-12.9518953486559,479,1512,898,-419
3600280,"Processor Dev Tycoon",0,3,7,10,0.3,0.107791267406301,0.355506559972578,0.603221852538855,0.495430585132554,0.499293238523846,0.265681395689019,0.733071771832415,0.622396454151338,0.377603545848662,0.467390376143396,0.199293238523846,0.199293238523846,19.9293238523846,2118,2038,2207,-89
3601300,"Critter Cart",0,2,0,2,1,0.342380227506653,0.671190113753327,1,0.657619772493347,0.870481046513441,0.58446518931204,0.995709839532952,0.247925803745148,0.752074196254852,0.411244650220912,-0.129518953486559,0.129518953486559,-12.9518953486559,480,1513,899,-419
3603110,"Favela Kick: The Final Goal",0,40,5,45,0.888888888888889,0.765009030042314,0.858302156048321,0.951595282054328,0.186586252012014,0.881629455172408,0.781002399679008,0.954167432742942,0.881196507596313,0.118803492403687,0.173165033063933,-0.00725943371648119,0.00725943371648119,-0.725943371648119,1221,509,817,404
3603580,"Whisker Wanderlust: The Wondrous Journey",0,186,13,199,0.934673366834171,0.891454056240175,0.926441421309553,0.961428786378931,0.0699747301387563,0.931511042244369,0.893258724759551,0.961822930258853,0.970414880678678,0.0295851193213218,0.0685642054993024,-0.00316232458980215,0.00316232458980215,-0.316232458980215,1031,153,327,704
3603870,"Raccateer",0,7,1,8,0.875,0.529111817787147,0.753347163168545,0.977582508549943,0.448470690762797,0.854636346516529,0.636725903427632,0.979755988994853,0.568709749645159,0.431290250354841,0.343030085567221,-0.0203636534834708,0.0203636534834708,-2.03636534834708,1284,1120,1062,222
3604260,"Liminal City",0,79,28,107,0.738317757009346,0.647813822286074,0.730058321780579,0.812302821275083,0.164488998989009,0.743118342517317,0.659094776617255,0.818998524931234,0.946342139094024,0.0536578609059762,0.159903748313979,0.00480058550797136,0.00480058550797136,0.480058550797136,1682,818,1811,-129
3604520,"The Mare Show",0,10,0,10,1,0.722467200137111,0.861233600068555,1,0.277532799862889,0.934970756429782,0.777686418312525,0.997988980033724,0.622396454151338,0.377603545848662,0.220302561721199,-0.0650292435702178,0.0650292435702178,-6.50292435702178,151,631,296,-145
3605340,"The Eternal Hunt",0,1,2,3,0.333333333333333,0.0614919447203963,0.426916171959174,0.792340399197952,0.730848454477556,0.664183972084073,0.347732278340177,0.912726902582571,0.330872758342948,0.669127241657052,0.564994624242395,0.330850638750739,0.330850638750739,33.0850638750739,2101,2114,2035,66
3605550,"Potato Cop",0,15,0,15,1,0.796116698964151,0.898058349482076,1,0.203883301035849,0.950404719723233,0.828026949892693,0.998490250764892,0.712016430428814,0.287983569571186,0.170463300872199,-0.049595280276767,0.049595280276767,-4.9595280276767,91,438,175,-84
3606340,"Harvest Reaper",0,1,0,1,1,0.206549314377237,0.603274657188619,1,0.793450685622763,0.852153574587866,0.534749383069649,0.995001716766416,0.141504169329759,0.858495830670241,0.460252333696767,-0.147846425412134,0.147846425412134,-14.7846425412134,642,1801,1138,-496
3606360,"Everybody Wants My Girl",0,24,14,38,0.631578947368421,0.47283959557009,0.619498701549265,0.76615780752844,0.29331821195835,0.658591591918525,0.514144364187416,0.789402731182233,0.862324658462675,0.137675341537326,0.275258366994818,0.0270126445501042,0.0270126445501042,2.70126445501042,1867,1252,2055,-188
3606830,"Life in The Janitor's Room with A JK Girl",0,122,45,167,0.730538922155689,0.658622934243054,0.725355134905559,0.792087335568064,0.13346440132501,0.733947898719151,0.665859678161005,0.796915607341479,0.964944604984893,0.0350553950151074,0.131055929180474,0.00340897656346284,0.00340897656346284,0.340897656346284,1700,797,1818,-118
3607380,"A Bottled Up Island",0,9,0,9,1,0.700854951580456,0.850427475790228,1,0.299145048419544,0.930654731507598,0.763886321497756,0.997845939982778,0.597334709233019,0.40266529076698,0.233959618485022,-0.0693452684924021,0.0693452684924021,-6.93452684924021,167,705,335,-168
3609980,"Yes, My Queen",0,41,8,49,0.836734693877551,0.709636615660832,0.812254815976772,0.914873016292712,0.20523640063188,0.83574860000331,0.728130227898807,0.920356910938664,0.889826260030941,0.110173739969059,0.192226683039857,-0.000986093874240868,0.000986093874240868,-0.0986093874240868,1400,683,1400,0
3610700,"Rose Of Wind",0,4,3,7,0.571428571428571,0.250458364527657,0.546119254638094,0.84178014474853,0.591321780220873,0.690453656140232,0.426813399655303,0.899184040791209,0.535703506847418,0.464296493152582,0.472370641135906,0.11902508471166,0.11902508471166,11.902508471166,1938,1670,1977,-39
3612060,"Idle Land of Exile",0,163,76,239,0.682008368200837,0.620486586496656,0.679129215461182,0.737771844425709,0.117285257929052,0.685617229509504,0.626237319071072,0.742127490058368,0.97524378507177,0.0247562149282296,0.115890170987296,0.00360886130866733,0.00360886130866733,0.360886130866733,1763,898,1994,-231
3612120,"Hui-Shuo",0,30,3,33,0.909090909090909,0.764273943535303,0.866435001005361,0.968596058475418,0.204322114940116,0.896464341565891,0.785002317939315,0.969996054741865,0.844704212856161,0.155295787143839,0.184993736802551,-0.0126265675250176,0.0126265675250176,-1.26265675250176,1141,511,609,532
3612250,"Arcana Academy",0,48,19,67,0.716417910447761,0.599067617155195,0.704682402669047,0.810297188182898,0.211229571027703,0.72566494319386,0.61862758789238,0.821006165305903,0.916967503420104,0.0830324965798964,0.202378577413523,0.00924703274609895,0.00924703274609895,0.924703274609895,1719,964,1838,-119
3612480,"3D Escape Room: Mystic Manor",0,88,24,112,0.785714285714286,0.700919913787514,0.77623961512373,0.851559316459947,0.150639402672432,0.787876077017481,0.710069979100749,0.856452136648069,0.94861448839186,0.0513855116081403,0.14638215754732,0.00216179130319549,0.00216179130319549,0.216179130319549,1559,698,1593,-34
3612610,"Stackmancy",0,1,0,1,1,0.206549314377237,0.603274657188619,1,0.793450685622763,0.852153574587866,0.534749383069649,0.995001716766416,0.141504169329759,0.858495830670241,0.460252333696767,-0.147846425412134,0.147846425412134,-14.7846425412134,643,1802,1139,-496
3612720,"The Seven Enchantments",0,3,6,9,0.333333333333333,0.120583818386911,0.383190841403257,0.645797864419604,0.525214046032693,0.532431592018918,0.288291933268391,0.768417342219701,0.597334709233019,0.40266529076698,0.480125408951309,0.199098258685585,0.199098258685585,19.9098258685585,2091,2028,2196,-105
3612850,"The Lightkeeper",0,880,194,1074,0.819366852886406,0.795233205140195,0.818228619982097,0.841224034823999,0.0459908296838041,0.819414135425041,0.79593299707247,0.841774993221541,0.994382820717553,0.00561717928244734,0.0458419961490714,4.72825386347298e-05,4.72825386347298e-05,0.00472825386347298,1457,440,1463,-6
3612960,"Shuttered",0,3,1,4,0.75,0.300641842582402,0.627527290886351,0.954412739190299,0.653770896607897,0.796877462908124,0.514485438814817,0.9703895228262,0.397340615926201,0.602659384073799,0.455904084011384,0.0468774629081241,0.0468774629081241,4.68774629081241,1650,1636,1561,89
3614460,"Hypermarket Simulator",0,341,80,421,0.809976247030879,0.769762607810271,0.80717341090545,0.84458421400063,0.0748216061903593,0.810229229510407,0.771745068191422,0.845962080215789,0.985793960711368,0.0142060392886322,0.0742170120243673,0.000252982479527875,0.000252982479527875,0.0252982479527875,1484,503,1521,-37
3614630,"Santa's Last Stand",0,2,1,3,0.666666666666667,0.207659600802048,0.573083828040826,0.938508055279604,0.730848454477556,0.774474891531722,0.470582557778087,0.966512741987473,0.330872758342948,0.669127241657052,0.495930184209387,0.107808224865055,0.107808224865055,10.7808224865055,1810,1705,1645,165
3614690,"Lunhowl: Co-op Horror",0,1,4,5,0.2,0.0362241086324301,0.330344739434952,0.624465370237475,0.588241261605044,0.544153575712055,0.261998262888573,0.811229370589335,0.451796495462645,0.548203504537355,0.549231107700762,0.344153575712055,0.344153575712055,34.4153575712055,2139,2139,2188,-49
3614720,"鬼灵的冒险GUILING's Adventure",0,51,3,54,0.944444444444444,0.848927856818339,0.914927294181824,0.980926731545309,0.13199887472697,0.932661444402695,0.857607930139403,0.98084640127847,0.898997174936905,0.101002825063095,0.123238471139067,-0.0117830000417489,0.0117830000417489,-1.17830000417489,990,274,319,671
3615850,"Blighted Deep",0,2,0,2,1,0.342380227506653,0.671190113753327,1,0.657619772493347,0.870481046513441,0.58446518931204,0.995709839532952,0.247925803745148,0.752074196254852,0.411244650220912,-0.129518953486559,0.129518953486559,-12.9518953486559,481,1514,900,-419
3617620,"My Card Is Better Than Your Card!",0,1112,65,1177,0.944774851316907,0.930219614045238,0.943327930341148,0.956436246637057,0.0262166325918189,0.944174907922974,0.930404325718415,0.956524314279846,0.994871862758731,0.00512813724126947,0.0261199885614305,-0.000599943393933433,0.000599943393933433,-0.0599943393933433,987,80,224,763
3618060,"Astro Busters",0,11,0,11,1,0.741167033031968,0.870583516515984,1,0.258832966968032,0.938781004972937,0.789970527437453,0.998114205660352,0.644521321079962,0.355478678920038,0.208143678222899,-0.0612189950270625,0.0612189950270625,-6.12189950270625,135,577,264,-129
3618090,"Noosphere",0,5,1,6,0.833333333333333,0.43649717781353,0.703221904032612,0.969946630251693,0.533449452438163,0.830543448233867,0.584163438104136,0.975953731492499,0.497226735266432,0.502773264733568,0.391790293388363,-0.00278988509946654,0.00278988509946654,-0.278988509946654,1424,1369,1429,-5
3618400,"Eternal Survival",0,6,1,7,0.857142857142857,0.486872170725681,0.730596273190469,0.974320375655256,0.487448204929575,0.84351180095378,0.612178260667578,0.97801824063592,0.535703506847418,0.464296493152582,0.365839979968342,-0.0136310561890776,0.0136310561890776,-1.36310561890776,1345,1232,1370,-25
3620070,"Hidden Portals: Eternal Balance Collector's Edition",0,5,2,7,0.714285714285714,0.358934451832619,0.638357763914281,0.917781075995943,0.558846624163324,0.766982728547006,0.513831420128893,0.943683763734079,0.535703506847418,0.464296493152582,0.429852343605186,0.0526970142612913,0.0526970142612913,5.26970142612913,1727,1452,1694,33
3620120,"Find Cats 4 女神与猫",0,5,2,7,0.714285714285714,0.358934451832619,0.638357763914281,0.917781075995943,0.558846624163324,0.766982728547006,0.513831420128893,0.943683763734079,0.535703506847418,0.464296493152582,0.429852343605186,0.0526970142612913,0.0526970142612913,5.26970142612913,1728,1453,1695,33
3620210,"Untapped",0,2,0,2,1,0.342380227506653,0.671190113753327,1,0.657619772493347,0.870481046513441,0.58446518931204,0.995709839532952,0.247925803745148,0.752074196254852,0.411244650220912,-0.129518953486559,0.129518953486559,-12.9518953486559,482,1515,901,-419
3620740,"Paper Kite: Threads of Longing",0,130,7,137,0.948905109489051,0.89829033849005,0.93666119702932,0.975032055568591,0.0767417170785407,0.94376883392476,0.900706386361056,0.975168456070072,0.957593766789532,0.0424062332104677,0.0744620697090158,-0.00513627556429153,0.00513627556429153,-0.513627556429153,969,142,228,741
3621210,"Museum Magnate",0,2,1,3,0.666666666666667,0.207659600802048,0.573083828040826,0.938508055279604,0.730848454477556,0.774474891531722,0.470582557778087,0.966512741987473,0.330872758342948,0.669127241657052,0.495930184209387,0.107808224865055,0.107808224865055,10.7808224865055,1811,1706,1646,165
3621320,"Oreflux",0,8,2,10,0.8,0.490162471536642,0.716740160041133,0.943317848545625,0.453155377008983,0.810491465599515,0.593313242217928,0.955495361116023,0.622396454151338,0.377603545848662,0.362182118898094,0.0104914655995145,0.0104914655995145,1.04914655995145,1511,1217,1514,-3
3621490,"CrowHallow",0,1,2,3,0.333333333333333,0.0614919447203963,0.426916171959174,0.792340399197952,0.730848454477556,0.664183972084073,0.347732278340177,0.912726902582571,0.330872758342948,0.669127241657052,0.564994624242395,0.330850638750739,0.330850638750739,33.0850638750739,2102,2115,2036,66
3621680,"Cosmic Tails",0,2,0,2,1,0.342380227506653,0.671190113753327,1,0.657619772493347,0.870481046513441,0.58446518931204,0.995709839532952,0.247925803745148,0.752074196254852,0.411244650220912,-0.129518953486559,0.129518953486559,-12.9518953486559,483,1516,902,-419
3622180,"Coincremental",0,13,2,15,0.866666666666667,0.621180171676776,0.791909456286855,0.962638740896935,0.341458569220158,0.855469195666058,0.681054581494399,0.967014374837359,0.712016430428814,0.287983569571186,0.285959793342961,-0.0111974710006089,0.0111974710006089,-1.11974710006089,1310,897,1052,258
3623480,"Flipto",0,6,0,6,1,0.609665712097835,0.804832856048917,1,0.390334287902165,0.913414570778272,0.709988022926607,0.997261605765302,0.497226735266432,0.502773264733568,0.287273582838695,-0.0865854292217277,0.0865854292217277,-8.65854292217277,232,926,471,-239
3623640,"Unfound Footage",0,8,2,10,0.8,0.490162471536642,0.716740160041133,0.943317848545625,0.453155377008983,0.810491465599515,0.593313242217928,0.955495361116023,0.622396454151338,0.377603545848662,0.362182118898094,0.0104914655995145,0.0104914655995145,1.04914655995145,1512,1218,1515,-3
3624520,"Dark Erosion: Endless Siege",0,12,3,15,0.8,0.548145512848306,0.738835009689245,0.929524506530184,0.381378993681878,0.80800143363747,0.619491074235245,0.94163851496943,0.712016430428814,0.287983569571186,0.322147440734185,0.00800143363747019,0.00800143363747019,0.800143363747019,1506,1094,1525,-19
3624920,"The Minister",0,28,19,47,0.595744680851064,0.45342122950111,0.588510442154511,0.723599654807912,0.270178425306803,0.622272846091273,0.489262851399388,0.746549622707271,0.885674003970905,0.114325996029095,0.257286771307884,0.0265281652402093,0.0265281652402093,2.65281652402093,1921,1264,2124,-203
3625210,"Loafing Town",0,450,76,526,0.855513307984791,0.822888408355136,0.85293576387212,0.882983119389103,0.0600947110339674,0.855197126538458,0.824091919465889,0.883774267122323,0.988597431557568,0.0114025684424317,0.0596823476564337,-0.000316181446332719,0.000316181446332719,-0.0316181446332719,1352,359,1053,299
3625280,"Alive",0,4,0,4,1,0.510109163545403,0.755054581772701,1,0.489890836454597,0.896212616889674,0.658188789563792,0.996657030244202,0.397340615926201,0.602659384073799,0.338468240680411,-0.103787383110326,0.103787383110326,-10.3787383110326,319,1163,629,-310
3625340,"Buckshot Battlemage",0,20,0,20,1,0.838874841947181,0.91943742097359,1,0.161125158052819,0.959917784950884,0.859819080712199,0.998791485833549,0.76725568840929,0.23274431159071,0.138972405121349,-0.0400822150491164,0.0400822150491164,-4.00822150491163,57,306,115,-58
3626560,"Robbing Time",0,16,2,18,0.888888888888889,0.672002348698212,0.8204914130263,0.968980477354388,0.296978128656176,0.873485304100314,0.71776385639568,0.97144643189438,0.747914267160497,0.252085732839503,0.253682575498699,-0.0154035847885747,0.0154035847885747,-1.54035847885747,1227,777,845,382
3626860,"PROTECT GLOOBI",0,1,0,1,1,0.206549314377237,0.603274657188619,1,0.793450685622763,0.852153574587866,0.534749383069649,0.995001716766416,0.141504169329759,0.858495830670241,0.460252333696767,-0.147846425412134,0.147846425412134,-14.7846425412134,644,1803,1140,-496
3628580,"Digging the Forgotten Cave",0,41,13,54,0.759259259259259,0.630524758164972,0.742040921606064,0.853557085047156,0.223032326882183,0.766180486081046,0.652260614584392,0.86333304316592,0.898997174936905,0.101002825063095,0.211072428581529,0.00692122682178697,0.00692122682178697,0.692122682178697,1620,877,1697,-77
3628600,"Luft Gears",0,1,0,1,1,0.206549314377237,0.603274657188619,1,0.793450685622763,0.852153574587866,0.534749383069649,0.995001716766416,0.141504169329759,0.858495830670241,0.460252333696767,-0.147846425412134,0.147846425412134,-14.7846425412134,645,1804,1141,-496
3628730,"Tankiro",0,7,0,7,1,0.645669564933313,0.822834782466656,1,0.354330435066687,0.920040873360553,0.730470837927101,0.997488688736488,0.535703506847418,0.464296493152582,0.267017850809387,-0.0799591266394466,0.0799591266394466,-7.99591266394466,199,840,410,-211
3629080,"Sizzle & Stack",0,193,72,265,0.728301886792453,0.671765763379216,0.725039695385491,0.778313627391766,0.106547864012551,0.730528469886902,0.676255942890074,0.781579252770188,0.977618333634851,0.0223816663651492,0.105323309880114,0.00222658309444934,0.00222658309444934,0.222658309444934,1703,778,1830,-127
3629360,"Sanity Loops",0,50,14,64,0.78125,0.665672160433742,0.765324483183274,0.864976805932805,0.199304645499063,0.7852792984195,0.682627126072855,0.872528197267371,0.913412367049335,0.0865876329506648,0.189901071194515,0.00402929841949984,0.00402929841949984,0.402929841949984,1569,793,1599,-30
3629400,"Loophole",0,153,1,154,0.993506493506494,0.964138790974546,0.981495803243526,0.998852815512505,0.0347140245379587,0.987225217085911,0.964995273387445,0.998384573108588,0.962097545093191,0.0379024549068087,0.0333892997211428,-0.00628127642058252,0.00628127642058252,-0.628127642058252,837,22,14,823
3629780,"Tingus Goose",0,1092,125,1217,0.897288414133114,0.878963299011396,0.89603831972339,0.913113340435385,0.0341500414239888,0.896943644514738,0.879308319973469,0.913349820440584,0.99503957679358,0.0049604232064201,0.0340415004671145,-0.000344769618376262,0.000344769618376262,-0.0344769618376262,1195,182,607,588
3629840,"Blast Rush LS",0,13,0,13,1,0.771904627645802,0.885952313822901,1,0.228095372354198,0.945202489330826,0.81088672917826,0.9983230513247,0.681808780229511,0.318191219770489,0.18743632214644,-0.0547975106691736,0.0547975106691736,-5.47975106691736,108,492,213,-105
3630410,"Little Witch Survivors",0,475,67,542,0.876383763837638,0.845996010615468,0.873734894452224,0.90147377828898,0.0554777676735114,0.875845783417002,0.846998670927277,0.902096311198662,0.988930312607732,0.0110696873922677,0.0550976402713848,-0.000537980420636464,0.000537980420636464,-0.0537980420636464,1272,282,841,431
3630930,"Art Together",0,1,0,1,1,0.206549314377237,0.603274657188619,1,0.793450685622763,0.852153574587866,0.534749383069649,0.995001716766416,0.141504169329759,0.858495830670241,0.460252333696767,-0.147846425412134,0.147846425412134,-14.7846425412134,646,1805,1142,-496
3631260,"Hollowdeep",0,42,3,45,0.933333333333333,0.821433980364081,0.899250973882415,0.977067967400749,0.155633987036668,0.92079374439891,0.833496310924789,0.977333765127381,0.881196507596313,0.118803492403687,0.143837454202592,-0.0125395889344229,0.0125395889344229,-1.25395889344229,1036,365,394,642
3632280,"The Dance of Maple Leaves",0,1,0,1,1,0.206549314377237,0.603274657188619,1,0.793450685622763,0.852153574587866,0.534749383069649,0.995001716766416,0.141504169329759,0.858495830670241,0.460252333696767,-0.147846425412134,0.147846425412134,-14.7846425412134,647,1806,1143,-496
3635710,"Ancient TD",0,9,6,15,0.6,0.357468301206246,0.579611669896415,0.801755038586584,0.444286737380338,0.665598147551707,0.456411695540735,0.845039008090746,0.712016430428814,0.287983569571186,0.388627312550011,0.0655981475517075,0.0655981475517075,6.55981475517074,1905,1455,2019,-114
3636110,"不思議な世界の観光日記Ⅱ～パクルワールドとセジカの逆襲～",0,1,0,1,1,0.206549314377237,0.603274657188619,1,0.793450685622763,0.852153574587866,0.534749383069649,0.995001716766416,0.141504169329759,0.858495830670241,0.460252333696767,-0.147846425412134,0.147846425412134,-14.7846425412134,648,1807,1144,-496
3636390,"AQK",0,2,0,2,1,0.342380227506653,0.671190113753327,1,0.657619772493347,0.870481046513441,0.58446518931204,0.995709839532952,0.247925803745148,0.752074196254852,0.411244650220912,-0.129518953486559,0.129518953486559,-12.9518953486559,484,1517,903,-419
3636470,"Dream Abyss: Survivors",0,33,14,47,0.702127659574468,0.560223260809539,0.686855377881745,0.813487494953952,0.253264234144412,0.716493484811582,0.589306464818143,0.828232710558471,0.885674003970905,0.114325996029095,0.238926245740328,0.0143658252371139,0.0143658252371139,1.43658252371139,1738,1080,1862,-124
3636530,"Dungeon Maiden: Survivor",0,3,3,6,0.5,0.187616306482651,0.5,0.812383693517349,0.624767387034699,0.664801203145056,0.389064584008582,0.889062542250215,0.497226735266432,0.502773264733568,0.499997958241633,0.164801203145056,0.164801203145056,16.4801203145056,1975,1998,2025,-50
3636960,"Violent Horror Stories 2",0,168,37,205,0.819512195121951,0.761144529861621,0.813635043395462,0.866125556929303,0.104981027067682,0.819749970529579,0.765257534158682,0.868506993297263,0.971255896920686,0.0287441030793139,0.103249459138581,0.000237775407628149,0.000237775407628149,0.0237775407628149,1456,521,1461,-5
3637770,"Hate You",0,22,1,23,0.956521739130435,0.790088449297411,0.891185891576979,0.992283333856547,0.202194884559135,0.929651314857566,0.814488274524097,0.990735657018478,0.791277246408338,0.208722753591662,0.176247382494381,-0.0268704242728687,0.0268704242728687,-2.68704242728687,931,445,349,582
3637820,"Addy",0,5,0,5,1,0.565517535216825,0.782758767608413,1,0.434482464783175,0.905590772082171,0.68618151869736,0.996989370906001,0.451796495462645,0.548203504537355,0.310807852208641,-0.0944092279178288,0.0944092279178288,-9.44092279178288,276,1036,549,-273
3638500,"Juiced Fruit Racing",0,2,0,2,1,0.342380227506653,0.671190113753327,1,0.657619772493347,0.870481046513441,0.58446518931204,0.995709839532952,0.247925803745148,0.752074196254852,0.411244650220912,-0.129518953486559,0.129518953486559,-12.9518953486559,485,1518,904,-419
3639500,"Dead by Backrooms Anomaly",0,24,15,39,0.615384615384615,0.458990614569251,0.605038439956819,0.751086265344387,0.292095650775136,0.643977958417219,0.500424912441366,0.775424218919166,0.865379566858229,0.134620433141771,0.2749993064778,0.0285933430326041,0.0285933430326041,2.85933430326041,1888,1259,2071,-183
3642990,"Totally Spaced",0,3,1,4,0.75,0.300641842582402,0.627527290886351,0.954412739190299,0.653770896607897,0.796877462908124,0.514485438814817,0.9703895228262,0.397340615926201,0.602659384073799,0.455904084011384,0.0468774629081241,0.0468774629081241,4.68774629081241,1651,1637,1562,89
3643350,"Destroy All Letters - Space Adventure",0,1,0,1,1,0.206549314377237,0.603274657188619,1,0.793450685622763,0.852153574587866,0.534749383069649,0.995001716766416,0.141504169329759,0.858495830670241,0.460252333696767,-0.147846425412134,0.147846425412134,-14.7846425412134,649,1808,1145,-496
3643900,"Ragdoll Boxing Multiplayer",1,4,1,5,0.8,0.375534629762525,0.669655260565048,0.96377589136757,0.588241261605044,0.815231472989642,0.551924429746717,0.973460575390088,0.451796495462645,0.548203504537355,0.421536145643371,0.0152314729896422,0.0152314729896422,1.52314729896422,1529,1436,1487,42
3644260,"Cyber Shard Clicker",0,19,9,28,0.678571428571429,0.493388431808576,0.657027981291813,0.82066753077505,0.327279098966474,0.705144537508703,0.544115614581818,0.843380263987523,0.821911465012993,0.178088534987007,0.299264649405705,0.0265731089372745,0.0265731089372745,2.65731089372745,1767,1212,1943,-176
3644520,"Yogoe Hunter",0,1,2,3,0.333333333333333,0.0614919447203963,0.426916171959174,0.792340399197952,0.730848454477556,0.664183972084073,0.347732278340177,0.912726902582571,0.330872758342948,0.669127241657052,0.564994624242395,0.330850638750739,0.330850638750739,33.0850638750739,2103,2116,2037,66
3645520,"Faith Requiem",0,3,0,3,1,0.438502968244955,0.719251484122477,1,0.561497031755045,0.884765810979371,0.624831367315985,0.996242206486757,0.330872758342948,0.669127241657052,0.371410839170772,-0.115234189020629,0.115234189020629,-11.5234189020629,383,1307,753,-370
3646320,"Persona Shell",0,12,3,15,0.8,0.548145512848306,0.738835009689245,0.929524506530184,0.381378993681878,0.80800143363747,0.619491074235245,0.94163851496943,0.712016430428814,0.287983569571186,0.322147440734185,0.00800143363747019,0.00800143363747019,0.800143363747019,1507,1095,1526,-19
3648340,"Field of Enemies",0,2,0,2,1,0.342380227506653,0.671190113753327,1,0.657619772493347,0.870481046513441,0.58446518931204,0.995709839532952,0.247925803745148,0.752074196254852,0.411244650220912,-0.129518953486559,0.129518953486559,-12.9518953486559,486,1519,905,-419
3648620,"Knight of the Dungeon",0,4,2,6,0.666666666666667,0.299993315138392,0.601610952016306,0.90322858889422,0.603235273755828,0.747672325689462,0.480282943238687,0.938212397007356,0.497226735266432,0.502773264733568,0.457929453768669,0.0810056590227949,0.0810056590227949,8.10056590227949,1794,1656,1745,49
3650320,"Another Game About Clicking",0,4,8,12,0.333333333333333,0.138120091091213,0.373749001109207,0.6093779111272,0.471257820035987,0.499371476663094,0.277933703504124,0.720941121392978,0.664196976389084,0.335803023610916,0.443007417888854,0.166038143329761,0.166038143329761,16.6038143329761,2088,2024,2206,-118
3652630,"Bobbies Evolution",0,0,1,1,0,0,0.396725342811381,0.793450685622763,0.793450685622763,0.710649405258107,0.356458319924359,0.954614608918397,0.141504169329759,0.858495830670241,0.598156288994038,0.710649405258107,0.710649405258107,71.0649405258107,2197,2197,1892,305
3653300,"Up To Divine",0,1,1,2,0.5,0.0945312057342307,0.5,0.905468794265769,0.810937588531539,0.746518144640867,0.41858644386299,0.961464062212803,0.247925803745148,0.752074196254852,0.542877618349813,0.246518144640867,0.246518144640867,24.6518144640867,2005,2057,1761,244
3653390,"Final Echo",0,1,0,1,1,0.206549314377237,0.603274657188619,1,0.793450685622763,0.852153574587866,0.534749383069649,0.995001716766416,0.141504169329759,0.858495830670241,0.460252333696767,-0.147846425412134,0.147846425412134,-14.7846425412134,650,1809,1146,-496
3653590,"N.O.X.",0,16,15,31,0.516129032258065,0.348403954480288,0.514350719428057,0.680297484375827,0.331893529895539,0.567139213884117,0.407282144534332,0.720128504075061,0.836325003199392,0.163674996800608,0.31284635954073,0.0510101816260523,0.0510101816260523,5.10101816260523,1962,1470,2170,-208
3653600,"This Isn't Just Tower Defense",0,74,47,121,0.611570247933884,0.522571801722648,0.608137153534785,0.693702505346923,0.171130703624274,0.621893592331752,0.536248243930895,0.703903622945886,0.952254063267873,0.0477459367321275,0.167655379014991,0.0103233443978676,0.0103233443978676,1.03233443978676,1894,1137,2125,-231
3653810,"Cat Home",0,4,4,8,0.5,0.215216062213878,0.5,0.784783937786122,0.569567875572245,0.641370190399595,0.384817733120223,0.859946773712018,0.568709749645159,0.431290250354841,0.475129040591794,0.141370190399595,0.141370190399595,14.1370190399595,1969,1688,2076,-107
3653870,"ANTYAVAN",0,0,1,1,0,0,0.396725342811381,0.793450685622763,0.793450685622763,0.710649405258107,0.356458319924359,0.954614608918397,0.141504169329759,0.858495830670241,0.598156288994038,0.710649405258107,0.710649405258107,71.0649405258107,2198,2198,1893,305
3654060,"The Hundred Youkai Master",0,9,3,12,0.75,0.467694665066434,0.68937649833619,0.911058331605945,0.443363666539511,0.776120216825212,0.564098254829189,0.930708783915074,0.664196976389084,0.335803023610916,0.366610529085884,0.0261202168252125,0.0261202168252125,2.61202168252125,1638,1255,1629,9
3654560,"Plants vs. Zombies<U+2122>: Replanted",0,4524,2317,6841,0.661306826487356,0.650004241488561,0.661216297943316,0.672428354398071,0.0224241129095104,0.661454335978115,0.65020222035761,0.672617115530357,0.99911393745046,0.000886062549540139,0.0224148951727475,0.000147509490759812,0.000147509490759812,0.0147509490759812,1841,815,2052,-211
3654810,"CLOWNCORE",0,1,2,3,0.333333333333333,0.0614919447203963,0.426916171959174,0.792340399197952,0.730848454477556,0.664183972084073,0.347732278340177,0.912726902582571,0.330872758342948,0.669127241657052,0.564994624242395,0.330850638750739,0.330850638750739,33.0850638750739,2104,2117,2038,66
3656690,"Arc’s Glitch Defender",0,1,0,1,1,0.206549314377237,0.603274657188619,1,0.793450685622763,0.852153574587866,0.534749383069649,0.995001716766416,0.141504169329759,0.858495830670241,0.460252333696767,-0.147846425412134,0.147846425412134,-14.7846425412134,651,1810,1147,-496
3656990,"工廈 Warehouse",0,5,6,11,0.454545454545455,0.212712716224598,0.466310589407638,0.719908462590678,0.50719574636608,0.587223920747504,0.353801525893664,0.801288649982594,0.644521321079962,0.355478678920038,0.44748712408893,0.132678466202049,0.132678466202049,13.2678466202049,2061,1692,2158,-97
3658230,"MAGEYE",0,11,0,11,1,0.741167033031968,0.870583516515984,1,0.258832966968032,0.938781004972937,0.789970527437453,0.998114205660352,0.644521321079962,0.355478678920038,0.208143678222899,-0.0612189950270625,0.0612189950270625,-6.12189950270625,136,578,265,-129
3659410,"Your Big, Cute Monster Farm",0,853,236,1089,0.783287419651056,0.757844231150915,0.782291632981154,0.806739034811393,0.0488948036604782,0.78353394310983,0.758670791433369,0.80741622081011,0.994459763675979,0.00554023632402105,0.0487454293767412,0.000246523458773962,0.000246523458773962,0.0246523458773962,1566,530,1607,-41
3659560,"Bob's Crystals",0,1,0,1,1,0.206549314377237,0.603274657188619,1,0.793450685622763,0.852153574587866,0.534749383069649,0.995001716766416,0.141504169329759,0.858495830670241,0.460252333696767,-0.147846425412134,0.147846425412134,-14.7846425412134,652,1811,1148,-496
3660220,"Syberia - Remastered",0,513,209,722,0.710526315789474,0.676400311652455,0.709412121824731,0.742423931997008,0.0660236203445528,0.711503418513816,0.67807918196662,0.743827071697062,0.991667071619375,0.00833292838062534,0.0657478897304418,0.000977102724342038,0.000977102724342038,0.0977102724342038,1731,754,1875,-144
3660270,"Corrupted World",0,1,0,1,1,0.206549314377237,0.603274657188619,1,0.793450685622763,0.852153574587866,0.534749383069649,0.995001716766416,0.141504169329759,0.858495830670241,0.460252333696767,-0.147846425412134,0.147846425412134,-14.7846425412134,653,1812,1149,-496
3660520,"五行乱斗",0,0,1,1,0,0,0.396725342811381,0.793450685622763,0.793450685622763,0.710649405258107,0.356458319924359,0.954614608918397,0.141504169329759,0.858495830670241,0.598156288994038,0.710649405258107,0.710649405258107,71.0649405258107,2199,2199,1894,305
3664230,"Bounce Cat",0,10,2,12,0.833333333333333,0.551969137747027,0.752501997781586,0.953034857816146,0.401065720069119,0.831469964857636,0.633539172788923,0.960951291292828,0.664196976389084,0.335803023610916,0.327412118503905,-0.00186336847569724,0.00186336847569724,-0.186336847569724,1415,1085,1417,-2
3664250,"AstroPlanet",0,25,14,39,0.641025641025641,0.484181485595485,0.628380315502778,0.772579145410071,0.288397659814586,0.666167178080251,0.52379620234085,0.794568790594943,0.865379566858229,0.134620433141771,0.270772588254092,0.0251415370546099,0.0251415370546099,2.51415370546099,1856,1240,2012,-156
3666180,"Solitaire of Stygian Shadows",0,0,1,1,0,0,0.396725342811381,0.793450685622763,0.793450685622763,0.710649405258107,0.356458319924359,0.954614608918397,0.141504169329759,0.858495830670241,0.598156288994038,0.710649405258107,0.710649405258107,71.0649405258107,2200,2200,1895,305
3666940,"Rebels - Under the Spell of Magic (Chapter 5)",0,1,0,1,1,0.206549314377237,0.603274657188619,1,0.793450685622763,0.852153574587866,0.534749383069649,0.995001716766416,0.141504169329759,0.858495830670241,0.460252333696767,-0.147846425412134,0.147846425412134,-14.7846425412134,654,1813,1150,-496
3667850,"Silk Roads II: Paths of Fortune",0,18,6,24,0.75,0.55100555994846,0.715505948831255,0.88000633771405,0.32900077776559,0.765695387743035,0.601815231753047,0.896206544626086,0.798219184162004,0.201780815837996,0.294391312873038,0.0156953877430346,0.0156953877430346,1.56953877430346,1630,1088,1700,-70
3668800,"I Antasized Again",0,38,6,44,0.863636363636364,0.732905469514846,0.834437962269643,0.935970455024441,0.203064985509596,0.859291945079453,0.751498971140166,0.940058146341258,0.878823614083587,0.121176385916413,0.188559175201092,-0.00434441855691092,0.00434441855691092,-0.434441855691092,1313,603,1043,270
3668840,"CAGELING",0,1,0,1,1,0.206549314377237,0.603274657188619,1,0.793450685622763,0.852153574587866,0.534749383069649,0.995001716766416,0.141504169329759,0.858495830670241,0.460252333696767,-0.147846425412134,0.147846425412134,-14.7846425412134,655,1814,1151,-496
3669050,"Void Resurgence",0,28,3,31,0.903225806451613,0.751000615566072,0.858767985701437,0.966535355836803,0.215534740270731,0.89087792480001,0.774046121252294,0.968284591080762,0.836325003199392,0.163674996800608,0.194238469828468,-0.0123478816516025,0.0123478816516025,-1.23478816516025,1169,555,689,480
3669190,"Outbreak Zero",0,2,5,7,0.285714285714286,0.0822189240040568,0.361642236085719,0.641065548167381,0.558846624163324,0.537395511326684,0.27632487038768,0.787633797103862,0.535703506847418,0.464296493152582,0.511308926716182,0.251681225612398,0.251681225612398,25.1681225612398,2121,2104,2192,-71
3669400,"A Spooky Item Game",0,5,0,5,1,0.565517535216825,0.782758767608413,1,0.434482464783175,0.905590772082171,0.68618151869736,0.996989370906001,0.451796495462645,0.548203504537355,0.310807852208641,-0.0944092279178288,0.0944092279178288,-9.44092279178288,277,1037,550,-273
3669740,"The You Quiz",0,93,6,99,0.939393939393939,0.874032126235101,0.92298116439444,0.971930202553779,0.0978980763186781,0.932949213370528,0.878163267430837,0.972253586345139,0.942256525390818,0.0577434746091818,0.0940903189143023,-0.00644472602341162,0.00644472602341162,-0.644472602341162,1010,201,318,692
3669750,"Aquanima",0,29,3,32,0.90625,0.757818452716121,0.862708450708878,0.967598448701634,0.209779995985512,0.893744509428782,0.779659750398107,0.969164065119402,0.840624666939135,0.159375333060865,0.189504314721295,-0.0125054905712179,0.0125054905712179,-1.25054905712179,1156,531,672,484
3670200,"Colossal Kickoff",0,2,0,2,1,0.342380227506653,0.671190113753327,1,0.657619772493347,0.870481046513441,0.58446518931204,0.995709839532952,0.247925803745148,0.752074196254852,0.411244650220912,-0.129518953486559,0.129518953486559,-12.9518953486559,487,1520,906,-419
3670290,"Dragons Frolic!",0,6,1,7,0.857142857142857,0.486872170725681,0.730596273190469,0.974320375655256,0.487448204929575,0.84351180095378,0.612178260667578,0.97801824063592,0.535703506847418,0.464296493152582,0.365839979968342,-0.0136310561890776,0.0136310561890776,-1.36310561890776,1346,1233,1371,-25
3671880,"BAROQUE SHOOTING: REVERSED",0,12,1,13,0.923076923076923,0.666860490789004,0.826575034773224,0.986289578757443,0.319429087968439,0.892755660082402,0.724417251222178,0.985489634176629,0.681808780229511,0.318191219770489,0.261072382954451,-0.0303212629945206,0.0303212629945206,-3.03212629945206,1090,788,680,410
3671980,"Job Battle Simulator",0,5,0,5,1,0.565517535216825,0.782758767608413,1,0.434482464783175,0.905590772082171,0.68618151869736,0.996989370906001,0.451796495462645,0.548203504537355,0.310807852208641,-0.0944092279178288,0.0944092279178288,-9.44092279178288,278,1038,551,-273
3672100,"The Home County",0,52,5,57,0.912280701754386,0.810551229004413,0.886249778613245,0.961948328222078,0.151397099217665,0.904152297926598,0.820994993773984,0.963243169678178,0.903801729038474,0.0961982709615265,0.142248175904194,-0.0081284038277879,0.0081284038277879,-0.81284038277879,1134,393,580,554
3672300,"Babbling Brook",0,19,2,21,0.904761904761905,0.710858609260818,0.842169920911372,0.973481232561926,0.262622623301108,0.887507732709008,0.746947324308,0.974827927279584,0.775854532651986,0.224145467348014,0.227880602971585,-0.0172541720528966,0.0172541720528966,-1.72541720528966,1162,678,702,460
3672410,"POGO Stadium",0,2,0,2,1,0.342380227506653,0.671190113753327,1,0.657619772493347,0.870481046513441,0.58446518931204,0.995709839532952,0.247925803745148,0.752074196254852,0.411244650220912,-0.129518953486559,0.129518953486559,-12.9518953486559,488,1521,907,-419
3673060,"How to Train Your Cock",0,1754,91,1845,0.950677506775068,0.939826326693309,0.949741104643111,0.959655882592913,0.019829555899604,0.950274720591559,0.939923429726697,0.959705014686847,0.996722468818634,0.00327753118136631,0.0197815849601507,-0.000402786183509085,0.000402786183509085,-0.0402786183509085,958,66,177,781
3675130,"Paradise Sea",0,4,1,5,0.8,0.375534629762525,0.669655260565048,0.96377589136757,0.588241261605044,0.815231472989642,0.551924429746717,0.973460575390088,0.451796495462645,0.548203504537355,0.421536145643371,0.0152314729896422,0.0152314729896422,1.52314729896422,1530,1437,1488,42
3675150,"Donut Riders",0,1,0,1,1,0.206549314377237,0.603274657188619,1,0.793450685622763,0.852153574587866,0.534749383069649,0.995001716766416,0.141504169329759,0.858495830670241,0.460252333696767,-0.147846425412134,0.147846425412134,-14.7846425412134,656,1815,1152,-496
3675290,"Crystal Gaiden Origins",0,16,1,17,0.941176470588235,0.730179693624246,0.859859646319624,0.989539599015002,0.259359905390756,0.911352732491775,0.769184980536344,0.988169501063287,0.736985819489999,0.263014180510001,0.218984520526943,-0.0298237380964599,0.0298237380964599,-2.98237380964599,1008,612,503,505
3676260,"Hordelord",0,38,2,40,0.95,0.83496122630859,0.910570279461221,0.986179332613852,0.151218106305261,0.933904423306633,0.847277239072182,0.985614194601305,0.868301846123804,0.131698153876196,0.138336955529123,-0.0160955766933669,0.0160955766933669,-1.60955766933669,961,319,314,647
3676270,"Poly Frenzy",0,3,0,3,1,0.438502968244955,0.719251484122477,1,0.561497031755045,0.884765810979371,0.624831367315985,0.996242206486757,0.330872758342948,0.669127241657052,0.371410839170772,-0.115234189020629,0.115234189020629,-11.5234189020629,384,1308,754,-370
3676850,"心动恋旅：樱花篇",0,751,72,823,0.912515188335358,0.891244999590725,0.910598666017814,0.929952332444902,0.0387073328541774,0.911895146614911,0.89169419301644,0.93021510932325,0.9926822197774,0.00731778022260025,0.0385209163068092,-0.000620041720447606,0.000620041720447606,-0.0620041720447606,1133,154,499,634
3677120,"3Tower",0,1,2,3,0.333333333333333,0.0614919447203963,0.426916171959174,0.792340399197952,0.730848454477556,0.664183972084073,0.347732278340177,0.912726902582571,0.330872758342948,0.669127241657052,0.564994624242395,0.330850638750739,0.330850638750739,33.0850638750739,2105,2118,2039,66
3678130,"Gutfarm",0,4,0,4,1,0.510109163545403,0.755054581772701,1,0.489890836454597,0.896212616889674,0.658188789563792,0.996657030244202,0.397340615926201,0.602659384073799,0.338468240680411,-0.103787383110326,0.103787383110326,-10.3787383110326,320,1164,630,-310
3678420,"Videonauts",0,12,2,14,0.857142857142857,0.600586205030297,0.780246141879416,0.959906078728535,0.359319873698239,0.848266758255084,0.666627854192177,0.965214221424354,0.69766527778157,0.30233472221843,0.298586367232177,-0.00887609888777308,0.00887609888777308,-0.887609888777308,1334,954,1345,-11
3678950,"Idle Awakening: Mages Path",0,141,41,182,0.774725274725275,0.708715695494605,0.769046532013299,0.829377368531992,0.120661673037386,0.776436929284159,0.714381767330522,0.832925489985765,0.967740582599881,0.0322594174001193,0.118543722655243,0.00171165455888378,0.00171165455888378,0.171165455888378,1583,685,1626,-43
3679100,"Keine’s Terakoya: A Schoolhouse in Gensokyo",0,18,0,18,1,0.824120776353342,0.912060388176671,1,0.175879223646658,0.956586889340369,0.848621716716155,0.998686668099094,0.747914267160497,0.252085732839503,0.150064951382939,-0.0434131106596307,0.0434131106596307,-4.34131106596307,66,350,133,-67
3679380,"Keyboard Simulator",0,2,1,3,0.666666666666667,0.207659600802048,0.573083828040826,0.938508055279604,0.730848454477556,0.774474891531722,0.470582557778087,0.966512741987473,0.330872758342948,0.669127241657052,0.495930184209387,0.107808224865055,0.107808224865055,10.7808224865055,1812,1707,1647,165
3679570,"Screen Greens",0,11,0,11,1,0.741167033031968,0.870583516515984,1,0.258832966968032,0.938781004972937,0.789970527437453,0.998114205660352,0.644521321079962,0.355478678920038,0.208143678222899,-0.0612189950270625,0.0612189950270625,-6.12189950270625,137,579,266,-129
3679920,"Favela Defender",0,4,0,4,1,0.510109163545403,0.755054581772701,1,0.489890836454597,0.896212616889674,0.658188789563792,0.996657030244202,0.397340615926201,0.602659384073799,0.338468240680411,-0.103787383110326,0.103787383110326,-10.3787383110326,321,1165,631,-310
3680420,"Green Ember: Helmer in the Dragon Tomb",0,31,1,32,0.96875,0.842557361799875,0.918509750817936,0.994462139835997,0.151904778036122,0.946283551112478,0.856734276958926,0.993009806082214,0.840624666939135,0.159375333060865,0.136275529123289,-0.0224664488875219,0.0224664488875219,-2.24664488875219,894,294,203,691
3680900,"Future War Tactics: SOF vs Alien Invasion – Turn-Based Strategy",0,90,54,144,0.625,0.543646577144188,0.62175204535712,0.699857513570053,0.156210936425865,0.633198197424373,0.554788487703829,0.708244481021785,0.959571841727849,0.0404281582721512,0.153455993317956,0.00819819742437311,0.00819819742437311,0.819819742437311,1875,1099,2094,-219
3681060,"Fireside Friends",0,0,1,1,0,0,0.396725342811381,0.793450685622763,0.793450685622763,0.710649405258107,0.356458319924359,0.954614608918397,0.141504169329759,0.858495830670241,0.598156288994038,0.710649405258107,0.710649405258107,71.0649405258107,2201,2201,1896,305
3681580,"Bowlers : The bowling experience",0,8,2,10,0.8,0.490162471536642,0.716740160041133,0.943317848545625,0.453155377008983,0.810491465599515,0.593313242217928,0.955495361116023,0.622396454151338,0.377603545848662,0.362182118898094,0.0104914655995145,0.0104914655995145,1.04914655995145,1513,1219,1516,-3
3682080,"Gambler’s Loop",0,0,2,2,0,0,0.328809886246673,0.657619772493347,0.657619772493347,0.622555242768293,0.289385773103398,0.898758006134615,0.247925803745148,0.752074196254852,0.609372233031217,0.622555242768293,0.622555242768293,62.2555242768293,2168,2168,2110,58
3682530,"尸来运转-Lucky Zombie Survival",0,74,12,86,0.86046511627907,0.771763027000877,0.845052277722581,0.918341528444285,0.146578501443408,0.858311552947899,0.780552850910005,0.921368875113547,0.934103052983953,0.0658969470160469,0.140816024203542,-0.00215356333117067,0.00215356333117067,-0.215356333117067,1318,500,1045,273
3684010,"3 Hell",0,1,0,1,1,0.206549314377237,0.603274657188619,1,0.793450685622763,0.852153574587866,0.534749383069649,0.995001716766416,0.141504169329759,0.858495830670241,0.460252333696767,-0.147846425412134,0.147846425412134,-14.7846425412134,657,1816,1153,-496
3684320,"Clutter 18: Joe's Ultimate Challenge - Collector's Edition",0,5,1,6,0.833333333333333,0.43649717781353,0.703221904032612,0.969946630251693,0.533449452438163,0.830543448233867,0.584163438104136,0.975953731492499,0.497226735266432,0.502773264733568,0.391790293388363,-0.00278988509946654,0.00278988509946654,-0.278988509946654,1425,1370,1430,-5
3684910,"Super Pinball Adventure",0,11,1,12,0.916666666666667,0.646120088858883,0.815627497226983,0.985134905595083,0.3390148167362,0.88681971289006,0.710400627432893,0.984618474807295,0.664196976389084,0.335803023610916,0.274217847374402,-0.0298469537766067,0.0298469537766067,-2.98469537766067,1112,824,712,400
3685030,"Neon Strike",0,13,0,13,1,0.771904627645802,0.885952313822901,1,0.228095372354198,0.945202489330826,0.81088672917826,0.9983230513247,0.681808780229511,0.318191219770489,0.18743632214644,-0.0547975106691736,0.0547975106691736,-5.47975106691736,109,493,214,-105
3685170,"Earth Ten Days : 981Hz",0,29,6,35,0.828571428571429,0.67317717700955,0.796075388236267,0.918973599462984,0.245796422453434,0.828455149944752,0.700764629193895,0.925995745087863,0.852267270953282,0.147732729046718,0.225231115893968,-0.000116278626676292,0.000116278626676292,-0.0116278626676292,1442,776,1442,0
3685280,"Dungeons of Uhr",0,0,2,2,0,0,0.328809886246673,0.657619772493347,0.657619772493347,0.622555242768293,0.289385773103398,0.898758006134615,0.247925803745148,0.752074196254852,0.609372233031217,0.622555242768293,0.622555242768293,62.2555242768293,2169,2169,2111,58
3686450,"John Parkour",0,9,0,9,1,0.700854951580456,0.850427475790228,1,0.299145048419544,0.930654731507598,0.763886321497756,0.997845939982778,0.597334709233019,0.40266529076698,0.233959618485022,-0.0693452684924021,0.0693452684924021,-6.93452684924021,168,706,336,-168
3686580,"Repel The Rifts",0,296,51,347,0.853025936599424,0.81190897014468,0.849160559335738,0.886412148526797,0.0745031783821171,0.852592197352061,0.813833506620939,0.887569857747138,0.982816488681892,0.0171835113181079,0.0737363511261986,-0.000433739247362785,0.000433739247362785,-0.0433739247362785,1355,391,1070,285
3686840,"Under the Ruin",0,1,0,1,1,0.206549314377237,0.603274657188619,1,0.793450685622763,0.852153574587866,0.534749383069649,0.995001716766416,0.141504169329759,0.858495830670241,0.460252333696767,-0.147846425412134,0.147846425412134,-14.7846425412134,658,1817,1154,-496
3686930,"TOUQI",0,414,47,461,0.898047722342733,0.867055219282739,0.894758248254234,0.92246127722573,0.0554060579429909,0.897135041608988,0.868052899119489,0.922998865033319,0.987010577721816,0.0129894222781844,0.0549459659138307,-0.000912680733745508,0.000912680733745508,-0.0912680733745508,1193,223,605,588
3686940,"Uncanny Tales: 1992",0,273,50,323,0.845201238390093,0.801720464965554,0.841143991959628,0.880567518953702,0.0788470539881485,0.844880127145596,0.803903529583242,0.881888570146088,0.981563235211054,0.0184367647889454,0.0779850405628462,-0.000321111244496741,0.000321111244496741,-0.0321111244496741,1379,418,1362,17
3687470,"The Sushi House",0,82,19,101,0.811881188118812,0.724778572140939,0.800453659786184,0.876128747431429,0.15135017529049,0.812782337593371,0.734008064684806,0.88050332186605,0.943335167971406,0.0566648320285936,0.146495257181244,0.000901149474559215,0.000901149474559215,0.0901149474559215,1478,619,1503,-25
3687580,"Strength In Numbers",0,21,1,22,0.954545454545455,0.782019541613427,0.886975056996082,0.991930572378736,0.209911030765309,0.927144853117935,0.808209773575345,0.990388188953989,0.783840638389173,0.216159361610827,0.182178415378644,-0.0274006014275195,0.0274006014275195,-2.74006014275195,943,472,359,584
3687940,"Missing Hearts: Сrimson Cruise Collector's Edition",0,2,2,4,0.5,0.15003898915215,0.5,0.84996101084785,0.699922021695701,0.697542308926574,0.398233942241128,0.923287916642755,0.397340615926201,0.602659384073799,0.525053974401627,0.197542308926574,0.197542308926574,19.7542308926574,1986,2016,1960,26
3688930,"Myrath's Curse",0,3,0,3,1,0.438502968244955,0.719251484122477,1,0.561497031755045,0.884765810979371,0.624831367315985,0.996242206486757,0.330872758342948,0.669127241657052,0.371410839170772,-0.115234189020629,0.115234189020629,-11.5234189020629,385,1309,755,-370
3688970,"Woolly",0,64,7,71,0.901408450704225,0.810192777594071,0.880804976935051,0.951417176276031,0.141224398681959,0.895612549755043,0.818805775470435,0.953089889714365,0.921277133868955,0.0787228661310451,0.13428411424393,-0.00579590094918214,0.00579590094918214,-0.579590094918214,1172,394,665,507
3690060,"ジャンクノーツ / JUNK NOTES",0,0,2,2,0,0,0.328809886246673,0.657619772493347,0.657619772493347,0.622555242768293,0.289385773103398,0.898758006134615,0.247925803745148,0.752074196254852,0.609372233031217,0.622555242768293,0.622555242768293,62.2555242768293,2170,2170,2112,58
3690390,"<U+0001F4F7><U+0001F50D> Pictective",0,46,3,49,0.938775510204082,0.834795121642736,0.906877487484884,0.978959853327033,0.144164731684296,0.926547197965651,0.84514839007118,0.979042045682999,0.889826260030941,0.110173739969059,0.133893655611819,-0.0122283122384307,0.0122283122384307,-1.22283122384307,1013,321,361,652
3690420,"Dreaming in Cherry Blossoms, I Fall in Love with You",0,13,0,13,1,0.771904627645802,0.885952313822901,1,0.228095372354198,0.945202489330826,0.81088672917826,0.9983230513247,0.681808780229511,0.318191219770489,0.18743632214644,-0.0547975106691736,0.0547975106691736,-5.47975106691736,110,494,215,-105
3690570,"Ms Vampire Love to Date with Me",0,13,4,17,0.764705882352941,0.52738201880435,0.715915787791774,0.904449556779199,0.377067537974849,0.781296411405305,0.595865423887932,0.920800793297924,0.736985819489999,0.263014180510001,0.324935369409991,0.0165905290523638,0.0165905290523638,1.65905290523638,1610,1128,1611,-1
3693590,"Legends of Gems",0,111,26,137,0.81021897810219,0.736446792921405,0.80175773778449,0.867068682647574,0.130621889726169,0.810963858968547,0.74310798526406,0.870592700401739,0.957593766789532,0.0424062332104677,0.127484715137678,0.000744880866357267,0.000744880866357267,0.0744880866357267,1483,593,1506,-23
3693720,"Concerto on White: Cajon Story",0,56,3,59,0.949152542372881,0.860834977847231,0.92169613018712,0.98255728252701,0.121722304679779,0.937836005122823,0.868214231470522,0.982364646176135,0.906758631157007,0.0932413688429928,0.114150414705613,-0.0113165372500587,0.0113165372500587,-1.13165372500587,967,236,279,688
3694020,"Blackjack Wars",0,5,3,8,0.625,0.305742394602627,0.584449054389515,0.863155714176403,0.557413319573775,0.712458909105239,0.460443304790439,0.907603733494599,0.568709749645159,0.431290250354841,0.44716042870416,0.0874589091052395,0.0874589091052395,8.74589091052395,1881,1627,1872,9
3694470,"Coupling",0,8,1,9,0.888888888888889,0.565000294423344,0.7725547033924,0.980109112361455,0.415108817938111,0.864284208259485,0.658398730301434,0.981238920013751,0.597334709233019,0.40266529076698,0.322840189712317,-0.0246046806294042,0.0246046806294042,-2.46046806294042,1231,1064,1021,210
3696020,"Raidbound",0,2,4,6,0.333333333333333,0.0967714111057805,0.398389047983694,0.700006684861608,0.603235273755828,0.581930080600651,0.307299488335353,0.830893717497911,0.497226735266432,0.502773264733568,0.523594229162558,0.248596747267317,0.248596747267317,24.8596747267317,2094,2042,2161,-67
3696180,"Lost World Survivor",0,1,1,2,0.5,0.0945312057342307,0.5,0.905468794265769,0.810937588531539,0.746518144640867,0.41858644386299,0.961464062212803,0.247925803745148,0.752074196254852,0.542877618349813,0.246518144640867,0.246518144640867,24.6518144640867,2006,2058,1762,244
3696700,"Kickback Clicker",0,51,10,61,0.836065573770492,0.723871614682655,0.816155749312929,0.908439883943204,0.184568269260549,0.835316446627257,0.738410583471592,0.913338350485704,0.909539177975722,0.0904608220242784,0.174927767014113,-0.000749127143234718,0.000749127143234718,-0.0749127143234718,1402,621,1403,-1
3697290,"ETERNAL EXILE: BENEATH THE DARKNESS",0,6,4,10,0.6,0.312673769733658,0.572246720013711,0.831819670293764,0.519145900560105,0.686012174769247,0.447889788666887,0.880419759473085,0.622396454151338,0.377603545848662,0.432529970806198,0.0860121747692471,0.0860121747692471,8.60121747692471,1909,1620,1992,-83
3698050,"Remembering Emily - Mystery visual novel",0,10,3,13,0.769230769230769,0.497436240532725,0.70782047667387,0.918204712815014,0.420768472282289,0.787862001585555,0.584232340275708,0.934781267874981,0.681808780229511,0.318191219770489,0.350548927599273,0.0186312323547854,0.0186312323547854,1.86312323547854,1596,1209,1596,0
3698680,"Golden Tee Arcade Classics",0,39,6,45,0.866666666666667,0.738226981738229,0.837827747131274,0.937428512524319,0.19920153078609,0.862047310559156,0.75609893086919,0.94129724515729,0.881196507596313,0.118803492403687,0.185198314288099,-0.00461935610751052,0.00461935610751052,-0.461935610751052,1307,592,1038,269
3699600,"Aeon Tempus",0,2,1,3,0.666666666666667,0.207659600802048,0.573083828040826,0.938508055279604,0.730848454477556,0.774474891531722,0.470582557778087,0.966512741987473,0.330872758342948,0.669127241657052,0.495930184209387,0.107808224865055,0.107808224865055,10.7808224865055,1813,1708,1648,165
3701370,"Cook for Me Grandpa!",0,12,0,12,1,0.757505993344759,0.87875299667238,1,0.242494006655241,0.942169460922484,0.800974166896997,0.998224749770572,0.664196976389084,0.335803023610916,0.197250582873575,-0.0578305390775165,0.0578305390775165,-5.78305390775165,120,538,241,-121
3702020,"Figurine Shop Simulator",0,1,3,4,0.25,0.0455872608097006,0.372472709113649,0.699358157417598,0.653770896607897,0.598207154945024,0.298537202356263,0.861092662896488,0.397340615926201,0.602659384073799,0.562555460540225,0.348207154945024,0.348207154945024,34.8207154945024,2126,2130,2142,-16
3702810,"Hellbound: Reign of El Diablo",0,1,0,1,1,0.206549314377237,0.603274657188619,1,0.793450685622763,0.852153574587866,0.534749383069649,0.995001716766416,0.141504169329759,0.858495830670241,0.460252333696767,-0.147846425412134,0.147846425412134,-14.7846425412134,659,1818,1155,-496
3703030,"Nourish",0,3,2,5,0.6,0.230724281276013,0.556551753521683,0.882379225767352,0.651654944491339,0.724872173897113,0.442056951187525,0.93155803852216,0.451796495462645,0.548203504537355,0.489501087334635,0.124872173897113,0.124872173897113,12.4872173897113,1916,1684,1845,71
3703790,"Skyfire Legends",0,3,0,3,1,0.438502968244955,0.719251484122477,1,0.561497031755045,0.884765810979371,0.624831367315985,0.996242206486757,0.330872758342948,0.669127241657052,0.371410839170772,-0.115234189020629,0.115234189020629,-11.5234189020629,386,1310,756,-370
3704300,"FIND ALL 9: Fantasy",0,173,18,191,0.905759162303665,0.855962991515278,0.897759288341813,0.939555585168349,0.0835925936530706,0.90335861873092,0.858521229882925,0.940461048271498,0.969213862552124,0.0307861374478761,0.0819398183885731,-0.00240054357274466,0.00240054357274466,-0.240054357274466,1157,248,582,575
3704520,"Now Loading",0,8,0,8,1,0.67559243511612,0.83779621755806,1,0.32440756488388,0.925725065222174,0.748273816826629,0.99768099293825,0.568709749645159,0.431290250354841,0.249407176111621,-0.0742749347778259,0.0742749347778259,-7.42749347778259,182,763,375,-193
3705340,"Claviator",0,2,0,2,1,0.342380227506653,0.671190113753327,1,0.657619772493347,0.870481046513441,0.58446518931204,0.995709839532952,0.247925803745148,0.752074196254852,0.411244650220912,-0.129518953486559,0.129518953486559,-12.9518953486559,489,1522,908,-419
3706460,"Dungeon Survivor",0,2,2,4,0.5,0.15003898915215,0.5,0.84996101084785,0.699922021695701,0.697542308926574,0.398233942241128,0.923287916642755,0.397340615926201,0.602659384073799,0.525053974401627,0.197542308926574,0.197542308926574,19.7542308926574,1987,2017,1961,26
3706640,"The Fantastic Adventures of Mr. Don and Friends",0,2,0,2,1,0.342380227506653,0.671190113753327,1,0.657619772493347,0.870481046513441,0.58446518931204,0.995709839532952,0.247925803745148,0.752074196254852,0.411244650220912,-0.129518953486559,0.129518953486559,-12.9518953486559,490,1523,909,-419
3708530,"Flowerdrops",0,14,0,14,1,0.784689197262364,0.892344598631182,1,0.215310802737636,0.947933226509594,0.819862183909706,0.998411037394891,0.69766527778157,0.30233472221843,0.178548853485185,-0.0520667734904059,0.0520667734904059,-5.20667734904059,97,464,192,-95
3709000,"The Drawstring Dungeon",0,5,0,5,1,0.565517535216825,0.782758767608413,1,0.434482464783175,0.905590772082171,0.68618151869736,0.996989370906001,0.451796495462645,0.548203504537355,0.310807852208641,-0.0944092279178288,0.0944092279178288,-9.44092279178288,279,1039,552,-273
3711530,"A Flame in the Dark",0,6,0,6,1,0.609665712097835,0.804832856048917,1,0.390334287902165,0.913414570778272,0.709988022926607,0.997261605765302,0.497226735266432,0.502773264733568,0.287273582838695,-0.0865854292217277,0.0865854292217277,-8.65854292217277,233,927,472,-239
3713090,"Animal Run Relay",0,6,0,6,1,0.609665712097835,0.804832856048917,1,0.390334287902165,0.913414570778272,0.709988022926607,0.997261605765302,0.497226735266432,0.502773264733568,0.287273582838695,-0.0865854292217277,0.0865854292217277,-8.65854292217277,234,928,473,-239
3713410,"G-MODEアーカイブス+ 真<U+30FB>女神転生 東京鎮魂歌",0,3,3,6,0.5,0.187616306482651,0.5,0.812383693517349,0.624767387034699,0.664801203145056,0.389064584008582,0.889062542250215,0.497226735266432,0.502773264733568,0.499997958241633,0.164801203145056,0.164801203145056,16.4801203145056,1976,1999,2026,-50
3713820,"FOOD TRUCK<U+00A0>SHOP<U+00A0>SIMULATOR",0,4,6,10,0.4,0.168180329706236,0.427753279986289,0.687326230266342,0.519145900560105,0.561532883938979,0.322427981470127,0.786130084691022,0.622396454151338,0.377603545848662,0.463702103220895,0.161532883938979,0.161532883938979,16.1532883938979,2074,2006,2173,-99
3713940,"TriggerHeart EXELICA ENHANCED",0,8,2,10,0.8,0.490162471536642,0.716740160041133,0.943317848545625,0.453155377008983,0.810491465599515,0.593313242217928,0.955495361116023,0.622396454151338,0.377603545848662,0.362182118898094,0.0104914655995145,0.0104914655995145,1.04914655995145,1514,1220,1517,-3
3714210,"Ayrton Idle",0,5,1,6,0.833333333333333,0.43649717781353,0.703221904032612,0.969946630251693,0.533449452438163,0.830543448233867,0.584163438104136,0.975953731492499,0.497226735266432,0.502773264733568,0.391790293388363,-0.00278988509946654,0.00278988509946654,-0.278988509946654,1426,1371,1431,-5
3715440,"Joe and the Lost Pixels",0,10,0,10,1,0.722467200137111,0.861233600068555,1,0.277532799862889,0.934970756429782,0.777686418312525,0.997988980033724,0.622396454151338,0.377603545848662,0.220302561721199,-0.0650292435702178,0.0650292435702178,-6.50292435702178,152,632,297,-145
3715720,"Bat & Ball",0,2,0,2,1,0.342380227506653,0.671190113753327,1,0.657619772493347,0.870481046513441,0.58446518931204,0.995709839532952,0.247925803745148,0.752074196254852,0.411244650220912,-0.129518953486559,0.129518953486559,-12.9518953486559,491,1524,910,-419
3715980,"WAHM | <U+0648><U+0647><U+0645>",0,1,0,1,1,0.206549314377237,0.603274657188619,1,0.793450685622763,0.852153574587866,0.534749383069649,0.995001716766416,0.141504169329759,0.858495830670241,0.460252333696767,-0.147846425412134,0.147846425412134,-14.7846425412134,660,1819,1156,-496
3716360,"Upstairs",0,11,6,17,0.647058823529412,0.413003634852187,0.619953215439875,0.826902796027563,0.413899161175376,0.694592197347658,0.496914680445818,0.860363346093821,0.736985819489999,0.263014180510001,0.363448665648003,0.0475333738182461,0.0475333738182461,4.75333738182461,1854,1394,1973,-119
3716650,"Antivirus PROTOCOL",0,273,38,311,0.877813504823151,0.836735654304643,0.873203708431924,0.909671762559205,0.0729361082545619,0.876856219824707,0.838570600118683,0.910643476451079,0.980865460839694,0.0191345391603063,0.0720728763323958,-0.00095728499844383,0.00095728499844383,-0.095728499844383,1266,314,837,429
3717150,"Kegan",0,4,3,7,0.571428571428571,0.250458364527657,0.546119254638094,0.84178014474853,0.591321780220873,0.690453656140232,0.426813399655303,0.899184040791209,0.535703506847418,0.464296493152582,0.472370641135906,0.11902508471166,0.11902508471166,11.902508471166,1939,1671,1978,-39
3717700,"Off World Racing",0,1,1,2,0.5,0.0945312057342307,0.5,0.905468794265769,0.810937588531539,0.746518144640867,0.41858644386299,0.961464062212803,0.247925803745148,0.752074196254852,0.542877618349813,0.246518144640867,0.246518144640867,24.6518144640867,2007,2059,1763,244
3718290,"CRYPTOBIOSIS",0,3,3,6,0.5,0.187616306482651,0.5,0.812383693517349,0.624767387034699,0.664801203145056,0.389064584008582,0.889062542250215,0.497226735266432,0.502773264733568,0.499997958241633,0.164801203145056,0.164801203145056,16.4801203145056,1977,2000,2027,-50
3719500,"Muhe space",0,0,1,1,0,0,0.396725342811381,0.793450685622763,0.793450685622763,0.710649405258107,0.356458319924359,0.954614608918397,0.141504169329759,0.858495830670241,0.598156288994038,0.710649405258107,0.710649405258107,71.0649405258107,2202,2202,1897,305
3720170,"The Showdown: Gorilla vs 100",0,5,0,5,1,0.565517535216825,0.782758767608413,1,0.434482464783175,0.905590772082171,0.68618151869736,0.996989370906001,0.451796495462645,0.548203504537355,0.310807852208641,-0.0944092279178288,0.0944092279178288,-9.44092279178288,280,1040,553,-273
3720260,"Frogdoku",0,3,0,3,1,0.438502968244955,0.719251484122477,1,0.561497031755045,0.884765810979371,0.624831367315985,0.996242206486757,0.330872758342948,0.669127241657052,0.371410839170772,-0.115234189020629,0.115234189020629,-11.5234189020629,387,1311,757,-370
3720630,"Caemdale",0,10,3,13,0.769230769230769,0.497436240532725,0.70782047667387,0.918204712815014,0.420768472282289,0.787862001585555,0.584232340275708,0.934781267874981,0.681808780229511,0.318191219770489,0.350548927599273,0.0186312323547854,0.0186312323547854,1.86312323547854,1597,1210,1597,0
3720760,"Dawg Game",0,99,2,101,0.98019801980198,0.930653830374157,0.962603253956505,0.994552677538853,0.0638988471646964,0.971561524281628,0.932897531446698,0.993943756703759,0.943335167971406,0.0566648320285936,0.0610462252570606,-0.00863649552035251,0.00863649552035251,-0.863649552035251,863,78,60,803
3720920,"The Silent Witness",0,0,2,2,0,0,0.328809886246673,0.657619772493347,0.657619772493347,0.622555242768293,0.289385773103398,0.898758006134615,0.247925803745148,0.752074196254852,0.609372233031217,0.622555242768293,0.622555242768293,62.2555242768293,2171,2171,2113,58
3721490,"Yollen",0,79,38,117,0.675213675213675,0.585963355838251,0.669643764648837,0.753324173459424,0.167360817621173,0.682735074237982,0.598205173957685,0.761639200252939,0.950702194316729,0.0492978056832708,0.163434026295255,0.00752139902430649,0.00752139902430649,0.752139902430649,1771,988,2001,-230
3721940,"Undercity of Sin",0,48,23,71,0.676056338028169,0.560611570558295,0.6670197267259,0.773427882893504,0.21281631233521,0.688000801277532,0.580968943737532,0.785790778032126,0.921277133868955,0.0787228661310451,0.204821834294594,0.0119444632493634,0.0119444632493634,1.19444632493634,1770,1079,1985,-215
3722760,"DOLL INC",0,25,13,38,0.657894736842105,0.498921035517831,0.643398441859118,0.787875848200406,0.288954812682575,0.681284346088596,0.538285357128126,0.808700442668583,0.862324658462675,0.137675341537326,0.270415085540457,0.0233896092464904,0.0233896092464904,2.33896092464904,1845,1205,2003,-158
3724650,"Owl Lights",0,14,7,21,0.666666666666667,0.453734519742552,0.640893496845859,0.828052473949165,0.374317954206613,0.702780463029964,0.521341632140016,0.855875758605836,0.775854532651986,0.224145467348014,0.33453412646582,0.0361137963632973,0.0361137963632973,3.61137963632973,1780,1260,1948,-168
3724750,"Void Raider",0,5,1,6,0.833333333333333,0.43649717781353,0.703221904032612,0.969946630251693,0.533449452438163,0.830543448233867,0.584163438104136,0.975953731492499,0.497226735266432,0.502773264733568,0.391790293388363,-0.00278988509946654,0.00278988509946654,-0.278988509946654,1427,1372,1432,-5
3725070,"Anomaly Rooms",0,22,5,27,0.814814814814815,0.633013163814516,0.775603046192375,0.918192928570235,0.285179764755719,0.817194388659507,0.671069570690796,0.927183477789998,0.816525765849317,0.183474234150683,0.256113907099201,0.00237957384469234,0.00237957384469234,0.237957384469234,1470,873,1467,3
3725130,"Meow Path 2",0,1,0,1,1,0.206549314377237,0.603274657188619,1,0.793450685622763,0.852153574587866,0.534749383069649,0.995001716766416,0.141504169329759,0.858495830670241,0.460252333696767,-0.147846425412134,0.147846425412134,-14.7846425412134,661,1820,1157,-496
3726630,"Depths of Insanity 3",0,4,0,4,1,0.510109163545403,0.755054581772701,1,0.489890836454597,0.896212616889674,0.658188789563792,0.996657030244202,0.397340615926201,0.602659384073799,0.338468240680411,-0.103787383110326,0.103787383110326,-10.3787383110326,322,1166,632,-310
3727130,"MADHOUSE",0,12,0,12,1,0.757505993344759,0.87875299667238,1,0.242494006655241,0.942169460922484,0.800974166896997,0.998224749770572,0.664196976389084,0.335803023610916,0.197250582873575,-0.0578305390775165,0.0578305390775165,-5.78305390775165,121,539,242,-121
3727240,"Poker Adventurers",0,0,2,2,0,0,0.328809886246673,0.657619772493347,0.657619772493347,0.622555242768293,0.289385773103398,0.898758006134615,0.247925803745148,0.752074196254852,0.609372233031217,0.622555242768293,0.622555242768293,62.2555242768293,2172,2172,2114,58
3727830,"Forest Asylum 2",0,47,1,48,0.979166666666667,0.891007820047481,0.943660354534985,0.996312889022489,0.105305068975008,0.962179833532599,0.898052185466581,0.995133425777623,0.887788531222889,0.112211468777111,0.0970812403110424,-0.0169868331340677,0.0169868331340677,-1.69868331340677,864,155,98,766
3728030,"I commissioned some snails 4",0,2,0,2,1,0.342380227506653,0.671190113753327,1,0.657619772493347,0.870481046513441,0.58446518931204,0.995709839532952,0.247925803745148,0.752074196254852,0.411244650220912,-0.129518953486559,0.129518953486559,-12.9518953486559,492,1525,911,-419
3728040,"I commissioned some snails 5",0,1,0,1,1,0.206549314377237,0.603274657188619,1,0.793450685622763,0.852153574587866,0.534749383069649,0.995001716766416,0.141504169329759,0.858495830670241,0.460252333696767,-0.147846425412134,0.147846425412134,-14.7846425412134,662,1821,1158,-496
3728120,"SpaceCorp: 2025-2300AD",0,61,12,73,0.835616438356164,0.734289564318093,0.818838298699789,0.903387033081485,0.169097468763391,0.835015469219214,0.746215887385371,0.907802941304676,0.923268430775227,0.0767315692247728,0.161587053919304,-0.000600969136950735,0.000600969136950735,-0.0600969136950735,1404,599,1405,-1
3728910,"Dead Frequency",0,3,1,4,0.75,0.300641842582402,0.627527290886351,0.954412739190299,0.653770896607897,0.796877462908124,0.514485438814817,0.9703895228262,0.397340615926201,0.602659384073799,0.455904084011384,0.0468774629081241,0.0468774629081241,4.68774629081241,1652,1638,1563,89
3729610,"Can you clear up to 100 stages?",0,3,0,3,1,0.438502968244955,0.719251484122477,1,0.561497031755045,0.884765810979371,0.624831367315985,0.996242206486757,0.330872758342948,0.669127241657052,0.371410839170772,-0.115234189020629,0.115234189020629,-11.5234189020629,388,1312,758,-370
3730170,"HARBINGER - Legacy Edition",0,1,1,2,0.5,0.0945312057342307,0.5,0.905468794265769,0.810937588531539,0.746518144640867,0.41858644386299,0.961464062212803,0.247925803745148,0.752074196254852,0.542877618349813,0.246518144640867,0.246518144640867,24.6518144640867,2008,2060,1764,244
3732620,"Tsugunohi -Supernatural Supermarket-",0,24,4,28,0.857142857142857,0.685101978364747,0.814055962583627,0.943009946802506,0.257907968437759,0.851914441975309,0.71681145818704,0.948214613027891,0.821911465012993,0.178088534987007,0.231403154840851,-0.00522841516754813,0.00522841516754813,-0.522841516754813,1325,738,1329,-4
3733620,"Relaxing Farm: Merge Tales",0,6,2,8,0.75,0.409275430310169,0.66889810877903,0.928520787247891,0.519245356937722,0.783547627810884,0.543459958033918,0.948262631408689,0.568709749645159,0.431290250354841,0.40480267337477,0.0335476278108844,0.0335476278108844,3.35476278108844,1641,1398,1604,37
3734000,"Guardian Chicken",0,6,0,6,1,0.609665712097835,0.804832856048917,1,0.390334287902165,0.913414570778272,0.709988022926607,0.997261605765302,0.497226735266432,0.502773264733568,0.287273582838695,-0.0865854292217277,0.0865854292217277,-8.65854292217277,235,929,474,-239
3734310,"Your Takeout",0,26,13,39,0.666666666666667,0.50977394399346,0.651722191048738,0.793670438104016,0.283896494110556,0.688356397743282,0.547511814638766,0.81337074223883,0.865379566858229,0.134620433141771,0.265858927600063,0.0216897310766159,0.0216897310766159,2.16897310766159,1778,1197,1984,-206
3734930,"Demonborg Mining Co",0,1,1,2,0.5,0.0945312057342307,0.5,0.905468794265769,0.810937588531539,0.746518144640867,0.41858644386299,0.961464062212803,0.247925803745148,0.752074196254852,0.542877618349813,0.246518144640867,0.246518144640867,24.6518144640867,2009,2061,1765,244
3734990,"Pro Strategy Football 2026",0,25,3,28,0.892857142857143,0.728041484513279,0.845461558841989,0.9628816331707,0.234840148657421,0.88126842286863,0.755356952832072,0.965316773811783,0.821911465012993,0.178088534987007,0.209959820979711,-0.0115887199885127,0.0115887199885127,-1.15887199885127,1212,614,820,392
3736190,"TUM TUM TUM: Dance Party",1,2,0,2,1,0.342380227506653,0.671190113753327,1,0.657619772493347,0.870481046513441,0.58446518931204,0.995709839532952,0.247925803745148,0.752074196254852,0.411244650220912,-0.129518953486559,0.129518953486559,-12.9518953486559,493,1526,912,-419
3736540,"UNEXTINCTION",0,22,13,35,0.628571428571429,0.463369368435953,0.615855586701148,0.768341804966343,0.30497243653039,0.658001695754096,0.50826411333018,0.793161861217627,0.852267270953282,0.147732729046718,0.284897747887447,0.0294302671826674,0.0294302671826674,2.94302671826674,1874,1257,2056,-182
3736550,"Work Life Balance",0,32,1,33,0.96969696969697,0.846812746178811,0.920721667820969,0.994630589463128,0.147817843284317,0.947658536284447,0.86027195040403,0.993195393662347,0.844704212856161,0.155295787143839,0.132923443258316,-0.0220384334125231,0.0220384334125231,-2.20384334125231,892,279,198,694
3737620,"Marisa!ReturnTheBook!",0,633,66,699,0.905579399141631,0.881631276136683,0.903362659447677,0.92509404275867,0.0434627666219873,0.904909991570579,0.882212865725191,0.925432899460867,0.991395243024509,0.00860475697549139,0.0432200337356766,-0.000669407571052272,0.000669407571052272,-0.0669407571052272,1159,176,578,581
3738330,"Moose Diver",0,39,8,47,0.829787234042553,0.698602240273756,0.804869300754427,0.911136361235097,0.212534120961341,0.829558251275953,0.718506187855225,0.917169812225094,0.885674003970905,0.114325996029095,0.198663624369868,-0.000228982766600216,0.000228982766600216,-0.0228982766600216,1441,717,1441,0
3738820,"Nonogram Nonsense",0,1,0,1,1,0.206549314377237,0.603274657188619,1,0.793450685622763,0.852153574587866,0.534749383069649,0.995001716766416,0.141504169329759,0.858495830670241,0.460252333696767,-0.147846425412134,0.147846425412134,-14.7846425412134,663,1822,1159,-496
3738910,"MODEL Debut3 #nicola",0,27,7,34,0.794117647058823,0.632016119488364,0.764260425249022,0.896504731009681,0.264488611521317,0.799215453708444,0.663840294726082,0.906397074920044,0.84858012221008,0.151419877789921,0.242556780193962,0.0050978066496209,0.0050978066496209,0.50978066496209,1548,874,1542,6
3739960,"Retro Racing 2",0,10,0,10,1,0.722467200137111,0.861233600068555,1,0.277532799862889,0.934970756429782,0.777686418312525,0.997988980033724,0.622396454151338,0.377603545848662,0.220302561721199,-0.0650292435702178,0.0650292435702178,-6.50292435702178,153,633,298,-145
3740360,"Lia: Hacking Destiny",0,88,3,91,0.967032967032967,0.907506930570377,0.948116261901347,0.988725593232317,0.0812186626619404,0.958329574298924,0.910772317484346,0.988299806181208,0.937497460703495,0.0625025392965053,0.077527488696862,-0.00870339273404286,0.00870339273404286,-0.870339273404286,899,124,122,777
3741530,"Steve Is Alone",0,30,0,30,1,0.886486606826031,0.943243303413016,1,0.113513393173969,0.971031072251833,0.897686105539753,0.999136190565081,0.831786912524517,0.168213087475483,0.101450085025328,-0.0289689277481668,0.0289689277481668,-2.89689277481668,24,164,62,-38
3741750,"Bleakmoor House",0,0,2,2,0,0,0.328809886246673,0.657619772493347,0.657619772493347,0.622555242768293,0.289385773103398,0.898758006134615,0.247925803745148,0.752074196254852,0.609372233031217,0.622555242768293,0.622555242768293,62.2555242768293,2173,2173,2115,58
3742040,"The Rainbox",0,3,0,3,1,0.438502968244955,0.719251484122477,1,0.561497031755045,0.884765810979371,0.624831367315985,0.996242206486757,0.330872758342948,0.669127241657052,0.371410839170772,-0.115234189020629,0.115234189020629,-11.5234189020629,389,1313,759,-370
3742110,"Dustoria",0,1,0,1,1,0.206549314377237,0.603274657188619,1,0.793450685622763,0.852153574587866,0.534749383069649,0.995001716766416,0.141504169329759,0.858495830670241,0.460252333696767,-0.147846425412134,0.147846425412134,-14.7846425412134,664,1823,1160,-496
3742820,"Home Sweet Homecoming",0,34,0,34,1,0.898485445846676,0.949242722923338,1,0.101514554153324,0.973923125928167,0.90766760795979,0.99922465154439,0.84858012221008,0.151419877789921,0.0915570435846,-0.0260768740718333,0.0260768740718333,-2.60768740718333,21,140,50,-29
3743220,"A Solitaire Mystery",0,254,23,277,0.916967509025271,0.87849249508862,0.91126406508856,0.944035635088499,0.0655431399998787,0.915056060018209,0.879975410830075,0.944593244690596,0.9785671551619,0.0214328448380997,0.0646178338605206,-0.00191144900706208,0.00191144900706208,-0.191144900706208,1104,184,451,653
3743850,"Late Hours",0,11,9,20,0.55,0.342085342450342,0.541943742097359,0.741802141744376,0.399716799294033,0.614652725166703,0.424703036323748,0.787934101554331,0.76725568840929,0.23274431159071,0.363231065230583,0.0646527251667031,0.0646527251667031,6.46527251667031,1951,1609,2131,-180
3744300,"SkateRPG",0,12,0,12,1,0.757505993344759,0.87875299667238,1,0.242494006655241,0.942169460922484,0.800974166896997,0.998224749770572,0.664196976389084,0.335803023610916,0.197250582873575,-0.0578305390775165,0.0578305390775165,-5.78305390775165,122,540,243,-121
3744780,"Patch of Heaven",0,5,0,5,1,0.565517535216825,0.782758767608413,1,0.434482464783175,0.905590772082171,0.68618151869736,0.996989370906001,0.451796495462645,0.548203504537355,0.310807852208641,-0.0944092279178288,0.0944092279178288,-9.44092279178288,281,1041,554,-273
3744900,"Hollow Jump",0,18,1,19,0.947368421052632,0.753612688331012,0.872130347134356,0.9906480059377,0.237035317606688,0.918425578587549,0.78654902945994,0.98916952810114,0.757970773364418,0.242029226635582,0.2026204986412,-0.0289428424650824,0.0289428424650824,-2.89428424650824,979,550,434,545
3745290,"The Payphone",0,16,4,20,0.8,0.583982567748107,0.751662452584154,0.919342337420202,0.335359769672095,0.806466647269026,0.637896438987027,0.930797861110233,0.76725568840929,0.23274431159071,0.292901422123206,0.00646664726902557,0.00646664726902557,0.646664726902557,1501,989,1530,-29
3745850,"Luna & Sol: Nightmare Ward",0,9,3,12,0.75,0.467694665066434,0.68937649833619,0.911058331605945,0.443363666539511,0.776120216825212,0.564098254829189,0.930708783915074,0.664196976389084,0.335803023610916,0.366610529085884,0.0261202168252125,0.0261202168252125,2.61202168252125,1639,1256,1630,9
3746510,"3D PUZZLE - Mountain Life",0,10,0,10,1,0.722467200137111,0.861233600068555,1,0.277532799862889,0.934970756429782,0.777686418312525,0.997988980033724,0.622396454151338,0.377603545848662,0.220302561721199,-0.0650292435702178,0.0650292435702178,-6.50292435702178,154,634,299,-145
3748360,"Rogue Pong",0,2,0,2,1,0.342380227506653,0.671190113753327,1,0.657619772493347,0.870481046513441,0.58446518931204,0.995709839532952,0.247925803745148,0.752074196254852,0.411244650220912,-0.129518953486559,0.129518953486559,-12.9518953486559,494,1527,913,-419
3748700,"Xiao Jun (English Edition)",0,1,0,1,1,0.206549314377237,0.603274657188619,1,0.793450685622763,0.852153574587866,0.534749383069649,0.995001716766416,0.141504169329759,0.858495830670241,0.460252333696767,-0.147846425412134,0.147846425412134,-14.7846425412134,665,1824,1161,-496
3749110,"Drywall Eating Simulator",0,38,12,50,0.76,0.625873162420571,0.741449624225327,0.857026086030083,0.231152923609512,0.767334855417988,0.649380208678286,0.867250698580003,0.891791299686107,0.108208700313893,0.217870489901718,0.00733485541798784,0.00733485541798784,0.733485541798784,1618,884,1691,-73
3749260,"The Awakened Avenger",0,3,0,3,1,0.438502968244955,0.719251484122477,1,0.561497031755045,0.884765810979371,0.624831367315985,0.996242206486757,0.330872758342948,0.669127241657052,0.371410839170772,-0.115234189020629,0.115234189020629,-11.5234189020629,390,1314,760,-370
3749460,"Rat`s Lair",1,6,0,6,1,0.609665712097835,0.804832856048917,1,0.390334287902165,0.913414570778272,0.709988022926607,0.997261605765302,0.497226735266432,0.502773264733568,0.287273582838695,-0.0865854292217277,0.0865854292217277,-8.65854292217277,236,930,475,-239
3749540,"Steampunk Idle Spinner",0,4,1,5,0.8,0.375534629762525,0.669655260565048,0.96377589136757,0.588241261605044,0.815231472989642,0.551924429746717,0.973460575390088,0.451796495462645,0.548203504537355,0.421536145643371,0.0152314729896422,0.0152314729896422,1.52314729896422,1531,1438,1489,42
3749880,"NeverHome Ch.2 - Tower of Vanity",0,8,0,8,1,0.67559243511612,0.83779621755806,1,0.32440756488388,0.925725065222174,0.748273816826629,0.99768099293825,0.568709749645159,0.431290250354841,0.249407176111621,-0.0742749347778259,0.0742749347778259,-7.42749347778259,183,764,376,-193
3751210,"Infinite Lives",0,163,50,213,0.765258215962441,0.703951043714104,0.760559029197086,0.817167014680068,0.113215970965964,0.766989840160428,0.70891747478501,0.820446106421141,0.972305589017411,0.0276944109825887,0.111528631636131,0.00173162419798678,0.00173162419798678,0.173162419798678,1607,690,1692,-85
3752210,"Rubble Eats The World",0,4,0,4,1,0.510109163545403,0.755054581772701,1,0.489890836454597,0.896212616889674,0.658188789563792,0.996657030244202,0.397340615926201,0.602659384073799,0.338468240680411,-0.103787383110326,0.103787383110326,-10.3787383110326,323,1167,633,-310
3753370,"Votica",0,2,3,5,0.4,0.117620774232648,0.443448246478317,0.769275718723987,0.651654944491339,0.634512874804584,0.346539607691581,0.876659256349701,0.451796495462645,0.548203504537355,0.53011964865812,0.234512874804584,0.234512874804584,23.4512874804584,2078,2033,2089,-11
3754320,"Project DAR",0,4,0,4,1,0.510109163545403,0.755054581772701,1,0.489890836454597,0.896212616889674,0.658188789563792,0.996657030244202,0.397340615926201,0.602659384073799,0.338468240680411,-0.103787383110326,0.103787383110326,-10.3787383110326,324,1168,634,-310
3754500,"Mad Carnival",0,1,0,1,1,0.206549314377237,0.603274657188619,1,0.793450685622763,0.852153574587866,0.534749383069649,0.995001716766416,0.141504169329759,0.858495830670241,0.460252333696767,-0.147846425412134,0.147846425412134,-14.7846425412134,666,1825,1162,-496
3754800,"City Love Clicker",0,1,0,1,1,0.206549314377237,0.603274657188619,1,0.793450685622763,0.852153574587866,0.534749383069649,0.995001716766416,0.141504169329759,0.858495830670241,0.460252333696767,-0.147846425412134,0.147846425412134,-14.7846425412134,667,1826,1163,-496
3755860,"BLACK SOULS",0,6947,350,7297,0.952035082910785,0.946889733625114,0.951797237154744,0.956704740684374,0.00981500705926042,0.951931863193635,0.946910193048101,0.95671912404802,0.999169262771518,0.000830737228481701,0.00980893099991953,-0.000103219717150327,0.000103219717150327,-0.0103219717150327,950,46,163,787
3757210,"Agreeee",0,854,290,1144,0.746503496503496,0.720499307939715,0.74567852801704,0.770857748094365,0.0503584401546497,0.746932276034336,0.721416265118313,0.771634854317475,0.994724716080038,0.00527528391996201,0.0502185891991617,0.000428779530839751,0.000428779530839751,0.0428779530839751,1672,645,1749,-77
3757240,"Zombies Attack",0,26,0,26,1,0.871271078140785,0.935635539070393,1,0.128728921859215,0.967417514218415,0.885288040331854,0.999024944556286,0.810804163046963,0.189195836953038,0.113736904224432,-0.0325824857815854,0.0325824857815854,-3.25824857815854,30,208,75,-45
3758560,"Abyssal Drift",0,16,0,16,1,0.806392319465564,0.903196159732782,1,0.193607680534436,0.952652213199652,0.835485767673106,0.998561941173444,0.725066889874052,0.274933110125948,0.163076173500338,-0.0473477868003478,0.0473477868003478,-4.73477868003478,82,406,159,-77
3758650,"词力牌：LexiLoong",0,1,0,1,1,0.206549314377237,0.603274657188619,1,0.793450685622763,0.852153574587866,0.534749383069649,0.995001716766416,0.141504169329759,0.858495830670241,0.460252333696767,-0.147846425412134,0.147846425412134,-14.7846425412134,668,1827,1164,-496
3759140,"Nitroglycerine!",0,125,19,144,0.868055555555556,0.803107138042996,0.858492133551521,0.913877129060046,0.11076999101705,0.866427464511003,0.807783991585311,0.915838061356463,0.959571841727849,0.0404281582721512,0.108054069771152,-0.00162809104455242,0.00162809104455242,-0.162809104455242,1303,414,1014,289
3760620,"Revolver Gambit",0,8,0,8,1,0.67559243511612,0.83779621755806,1,0.32440756488388,0.925725065222174,0.748273816826629,0.99768099293825,0.568709749645159,0.431290250354841,0.249407176111621,-0.0742749347778259,0.0742749347778259,-7.42749347778259,184,765,377,-193
3761560,"Rising Odds",0,8,1,9,0.888888888888889,0.565000294423344,0.7725547033924,0.980109112361455,0.415108817938111,0.864284208259485,0.658398730301434,0.981238920013751,0.597334709233019,0.40266529076698,0.322840189712317,-0.0246046806294042,0.0246046806294042,-2.46046806294042,1232,1065,1022,210
3762110,"Bloodplague Lockdown",0,3,0,3,1,0.438502968244955,0.719251484122477,1,0.561497031755045,0.884765810979371,0.624831367315985,0.996242206486757,0.330872758342948,0.669127241657052,0.371410839170772,-0.115234189020629,0.115234189020629,-11.5234189020629,391,1315,761,-370
3762650,"DEATH TRAIN!!! Samara – Voronezh.",0,80,8,88,0.909090909090909,0.830746094204892,0.891979836364362,0.953213578523833,0.122467484318941,0.903846970264128,0.837034406276907,0.954485248789998,0.935504118104499,0.0644958818955008,0.117450842513091,-0.00524393882678109,0.00524393882678109,-0.524393882678109,1139,331,581,558
3763000,"Starfall Defenders",0,1,0,1,1,0.206549314377237,0.603274657188619,1,0.793450685622763,0.852153574587866,0.534749383069649,0.995001716766416,0.141504169329759,0.858495830670241,0.460252333696767,-0.147846425412134,0.147846425412134,-14.7846425412134,669,1828,1165,-496
3764120,"你的牛子",0,29,4,33,0.878787878787879,0.726744948289248,0.839291667597556,0.951838386905864,0.225093438616617,0.870867244206614,0.750853380193101,0.955249952084148,0.844704212856161,0.155295787143839,0.204396571891047,-0.00792063458126491,0.00792063458126491,-0.792063458126491,1264,615,854,410
3766170,"100 Cats Lost In Japan Find & Color",1,1,1,2,0.5,0.0945312057342307,0.5,0.905468794265769,0.810937588531539,0.746518144640867,0.41858644386299,0.961464062212803,0.247925803745148,0.752074196254852,0.542877618349813,0.246518144640867,0.246518144640867,24.6518144640867,2010,2062,1766,244
3768490,"Quantum Threshold",0,2,1,3,0.666666666666667,0.207659600802048,0.573083828040826,0.938508055279604,0.730848454477556,0.774474891531722,0.470582557778087,0.966512741987473,0.330872758342948,0.669127241657052,0.495930184209387,0.107808224865055,0.107808224865055,10.7808224865055,1814,1709,1649,165
3769130,"Keep on Mining!",0,7729,544,8273,0.934243926024417,0.92869891892907,0.934042384147813,0.939385849366557,0.010686930437487,0.934165912063144,0.928725845438757,0.939407318326482,0.999267196456787,0.000732803543213231,0.0106814728877249,-7.80139612723829e-05,7.80139612723829e-05,-0.00780139612723829,1032,84,312,720
3770260,"Rolling Rumble",0,1,0,1,1,0.206549314377237,0.603274657188619,1,0.793450685622763,0.852153574587866,0.534749383069649,0.995001716766416,0.141504169329759,0.858495830670241,0.460252333696767,-0.147846425412134,0.147846425412134,-14.7846425412134,670,1829,1166,-496
3771390,"Carefully Stamped",0,87,65,152,0.572368421052632,0.492889423501216,0.57058455486262,0.648279686224024,0.155390262722808,0.582171802461171,0.504650107516489,0.657723407593944,0.961617970333216,0.0383820296667841,0.153073300077456,0.00980338140853987,0.00980338140853987,0.980338140853987,1932,1213,2159,-227
3771610,"Flee the fallen",0,13,3,16,0.8125,0.569911190380259,0.751997599832989,0.934084009285719,0.36417281890546,0.816702171348268,0.63500513151505,0.944552455859715,0.725066889874052,0.274933110125948,0.309547324344665,0.0042021713482675,0.0042021713482675,0.42021713482675,1477,1004,1470,7
3771660,"Pass Tiger Cage",0,21,13,34,0.617647058823529,0.450410173444307,0.605704170099609,0.760998166754911,0.310587993310604,0.649466020377254,0.497395610792398,0.787401118264181,0.84858012221008,0.151419877789921,0.290005507471783,0.0318189615537244,0.0318189615537244,3.18189615537244,1887,1269,2064,-177
3772060,"Bunny's Tea Time",0,1,0,1,1,0.206549314377237,0.603274657188619,1,0.793450685622763,0.852153574587866,0.534749383069649,0.995001716766416,0.141504169329759,0.858495830670241,0.460252333696767,-0.147846425412134,0.147846425412134,-14.7846425412134,671,1830,1167,-496
3773590,"Death by Scrolling",0,137,40,177,0.774011299435028,0.706957495828339,0.768190714210552,0.829423932592764,0.122466436764424,0.775793364912105,0.712810628650187,0.833070817453024,0.966859499995993,0.0331405000040075,0.120260188802837,0.00178206547707693,0.00178206547707693,0.178206547707693,1585,687,1631,-46
3775190,"Goblin Adventure: Free from Lore",0,2,0,2,1,0.342380227506653,0.671190113753327,1,0.657619772493347,0.870481046513441,0.58446518931204,0.995709839532952,0.247925803745148,0.752074196254852,0.411244650220912,-0.129518953486559,0.129518953486559,-12.9518953486559,495,1528,914,-419
3775390,"The Ruin Wanderer",0,7,0,7,1,0.645669564933313,0.822834782466656,1,0.354330435066687,0.920040873360553,0.730470837927101,0.997488688736488,0.535703506847418,0.464296493152582,0.267017850809387,-0.0799591266394466,0.0799591266394466,-7.99591266394466,200,841,411,-211
3776630,"Bananaganza",0,3,0,3,1,0.438502968244955,0.719251484122477,1,0.561497031755045,0.884765810979371,0.624831367315985,0.996242206486757,0.330872758342948,0.669127241657052,0.371410839170772,-0.115234189020629,0.115234189020629,-11.5234189020629,392,1316,762,-370
3777690,"Hop Drop",0,3,2,5,0.6,0.230724281276013,0.556551753521683,0.882379225767352,0.651654944491339,0.724872173897113,0.442056951187525,0.93155803852216,0.451796495462645,0.548203504537355,0.489501087334635,0.124872173897113,0.124872173897113,12.4872173897113,1917,1685,1846,71
3778040,"Ramen-ten ‘Heart Abyss’",0,83,34,117,0.709401709401709,0.6215187946755,0.702744987019342,0.783971179363185,0.162452384687685,0.715237713359921,0.63270187149927,0.791148310500025,0.950702194316729,0.0492978056832708,0.158446439000755,0.00583600395821171,0.00583600395821171,0.583600395821171,1733,895,1864,-131
3778380,"Ward 777 - <U+0627><U+0644><U+062C><U+0646><U+0627><U+062D> 777",0,15,5,20,0.75,0.531299122381256,0.709718710486795,0.888138298592334,0.356839176211078,0.768103862848561,0.591878217022861,0.905526412220824,0.76725568840929,0.23274431159071,0.313648195197962,0.0181038628485611,0.0181038628485611,1.81038628485611,1632,1110,1689,-57
3779170,"Wrist Catcher-寸关",0,0,3,3,0,0,0.280748515877523,0.561497031755045,0.561497031755045,0.553893052636423,0.244434431285965,0.840949990028411,0.330872758342948,0.669127241657052,0.596515558742447,0.553893052636423,0.553893052636423,55.3893052636423,2157,2157,2181,-24
3779280,"<U+200B><U+200B>Azure Defenders<U+200B>",0,1,1,2,0.5,0.0945312057342307,0.5,0.905468794265769,0.810937588531539,0.746518144640867,0.41858644386299,0.961464062212803,0.247925803745148,0.752074196254852,0.542877618349813,0.246518144640867,0.246518144640867,24.6518144640867,2011,2063,1767,244
3779910,"Elegant Sleuth:Mystic Family",0,1,0,1,1,0.206549314377237,0.603274657188619,1,0.793450685622763,0.852153574587866,0.534749383069649,0.995001716766416,0.141504169329759,0.858495830670241,0.460252333696767,-0.147846425412134,0.147846425412134,-14.7846425412134,672,1831,1168,-496
3782410,"Veil: Mirages",0,9,2,11,0.818181818181818,0.523019438039156,0.735825874146536,0.948632310253915,0.425612872214759,0.821595310231126,0.614451791438785,0.958401753694715,0.644521321079962,0.355478678920038,0.34394996225593,0.00341349204930808,0.00341349204930808,0.341349204930808,1462,1134,1454,8
3783190,"Useless Timmy",0,1,0,1,1,0.206549314377237,0.603274657188619,1,0.793450685622763,0.852153574587866,0.534749383069649,0.995001716766416,0.141504169329759,0.858495830670241,0.460252333696767,-0.147846425412134,0.147846425412134,-14.7846425412134,673,1832,1169,-496
3783850,"RELSU",0,2,0,2,1,0.342380227506653,0.671190113753327,1,0.657619772493347,0.870481046513441,0.58446518931204,0.995709839532952,0.247925803745148,0.752074196254852,0.411244650220912,-0.129518953486559,0.129518953486559,-12.9518953486559,496,1529,915,-419
3784110,"Ghost Hunters",0,1,2,3,0.333333333333333,0.0614919447203963,0.426916171959174,0.792340399197952,0.730848454477556,0.664183972084073,0.347732278340177,0.912726902582571,0.330872758342948,0.669127241657052,0.564994624242395,0.330850638750739,0.330850638750739,33.0850638750739,2106,2119,2040,66
3784130,"New Lands 4: Legends of Tenkai",0,1,0,1,1,0.206549314377237,0.603274657188619,1,0.793450685622763,0.852153574587866,0.534749383069649,0.995001716766416,0.141504169329759,0.858495830670241,0.460252333696767,-0.147846425412134,0.147846425412134,-14.7846425412134,674,1833,1170,-496
3785720,"Pact Between Us",0,230,37,267,0.861423220973783,0.814831361317119,0.856297002756458,0.897762644195797,0.0829312828786777,0.86067584113696,0.817267526902188,0.899084835200761,0.977782261697465,0.0222177383025345,0.0818173082985728,-0.000747379836822937,0.000747379836822937,-0.0747379836822937,1316,382,1040,276
3786040,"The Overnight Screening",0,8,8,16,0.5,0.27999563610326,0.5,0.72000436389674,0.44000872779348,0.590118768262626,0.383876414205858,0.780883487105898,0.725066889874052,0.274933110125948,0.39700707290004,0.0901187682626263,0.0901187682626263,9.01187682626263,1966,1664,2156,-190
3788190,"Story 210",0,3,6,9,0.333333333333333,0.120583818386911,0.383190841403257,0.645797864419604,0.525214046032693,0.532431592018918,0.288291933268391,0.768417342219701,0.597334709233019,0.40266529076698,0.480125408951309,0.199098258685585,0.199098258685585,19.9098258685585,2092,2029,2197,-105
3788370,"Numachina",0,0,4,4,0,0,0.244945418227299,0.489890836454597,0.489890836454597,0.498872000963473,0.211908099635446,0.786259070646069,0.397340615926201,0.602659384073799,0.574350971010623,0.498872000963473,0.498872000963473,49.8872000963473,2150,2150,2215,-65
3788740,"Dino Explore",0,1,0,1,1,0.206549314377237,0.603274657188619,1,0.793450685622763,0.852153574587866,0.534749383069649,0.995001716766416,0.141504169329759,0.858495830670241,0.460252333696767,-0.147846425412134,0.147846425412134,-14.7846425412134,675,1834,1171,-496
3788860,"Cursed Digilens",0,4,1,5,0.8,0.375534629762525,0.669655260565048,0.96377589136757,0.588241261605044,0.815231472989642,0.551924429746717,0.973460575390088,0.451796495462645,0.548203504537355,0.421536145643371,0.0152314729896422,0.0152314729896422,1.52314729896422,1532,1439,1490,42
3789090,"God Fishing",1,2,0,2,1,0.342380227506653,0.671190113753327,1,0.657619772493347,0.870481046513441,0.58446518931204,0.995709839532952,0.247925803745148,0.752074196254852,0.411244650220912,-0.129518953486559,0.129518953486559,-12.9518953486559,497,1530,916,-419
3789290,"Bad Golf",1,5,0,5,1,0.565517535216825,0.782758767608413,1,0.434482464783175,0.905590772082171,0.68618151869736,0.996989370906001,0.451796495462645,0.548203504537355,0.310807852208641,-0.0944092279178288,0.0944092279178288,-9.44092279178288,282,1042,555,-273
3789440,"The Adventure of Sunny the hedgehog",0,2,0,2,1,0.342380227506653,0.671190113753327,1,0.657619772493347,0.870481046513441,0.58446518931204,0.995709839532952,0.247925803745148,0.752074196254852,0.411244650220912,-0.129518953486559,0.129518953486559,-12.9518953486559,498,1531,917,-419
3790080,"Epimythos: The Forgotten Legends",0,1,0,1,1,0.206549314377237,0.603274657188619,1,0.793450685622763,0.852153574587866,0.534749383069649,0.995001716766416,0.141504169329759,0.858495830670241,0.460252333696767,-0.147846425412134,0.147846425412134,-14.7846425412134,676,1835,1172,-496
3792500,"The Museum",0,1,0,1,1,0.206549314377237,0.603274657188619,1,0.793450685622763,0.852153574587866,0.534749383069649,0.995001716766416,0.141504169329759,0.858495830670241,0.460252333696767,-0.147846425412134,0.147846425412134,-14.7846425412134,677,1836,1173,-496
3792540,"BederSNAKE",0,1,0,1,1,0.206549314377237,0.603274657188619,1,0.793450685622763,0.852153574587866,0.534749383069649,0.995001716766416,0.141504169329759,0.858495830670241,0.460252333696767,-0.147846425412134,0.147846425412134,-14.7846425412134,678,1837,1174,-496
3792560,"UNI 2",0,0,1,1,0,0,0.396725342811381,0.793450685622763,0.793450685622763,0.710649405258107,0.356458319924359,0.954614608918397,0.141504169329759,0.858495830670241,0.598156288994038,0.710649405258107,0.710649405258107,71.0649405258107,2203,2203,1898,305
3792570,"Numenclature",0,1,1,2,0.5,0.0945312057342307,0.5,0.905468794265769,0.810937588531539,0.746518144640867,0.41858644386299,0.961464062212803,0.247925803745148,0.752074196254852,0.542877618349813,0.246518144640867,0.246518144640867,24.6518144640867,2012,2064,1768,244
3792610,"Jigsaw Puzzle",0,1,1,2,0.5,0.0945312057342307,0.5,0.905468794265769,0.810937588531539,0.746518144640867,0.41858644386299,0.961464062212803,0.247925803745148,0.752074196254852,0.542877618349813,0.246518144640867,0.246518144640867,24.6518144640867,2013,2065,1769,244
3792960,"Fade Survival",0,3,2,5,0.6,0.230724281276013,0.556551753521683,0.882379225767352,0.651654944491339,0.724872173897113,0.442056951187525,0.93155803852216,0.451796495462645,0.548203504537355,0.489501087334635,0.124872173897113,0.124872173897113,12.4872173897113,1918,1686,1847,71
3793430,"X.E.H.A. Rogue",0,1,0,1,1,0.206549314377237,0.603274657188619,1,0.793450685622763,0.852153574587866,0.534749383069649,0.995001716766416,0.141504169329759,0.858495830670241,0.460252333696767,-0.147846425412134,0.147846425412134,-14.7846425412134,679,1838,1175,-496
3793510,"Anomaly Observer",0,1,1,2,0.5,0.0945312057342307,0.5,0.905468794265769,0.810937588531539,0.746518144640867,0.41858644386299,0.961464062212803,0.247925803745148,0.752074196254852,0.542877618349813,0.246518144640867,0.246518144640867,24.6518144640867,2014,2066,1770,244
3793730,"Beat Vortex",0,3,0,3,1,0.438502968244955,0.719251484122477,1,0.561497031755045,0.884765810979371,0.624831367315985,0.996242206486757,0.330872758342948,0.669127241657052,0.371410839170772,-0.115234189020629,0.115234189020629,-11.5234189020629,393,1317,763,-370
3794290,"Chess Empire",0,3,0,3,1,0.438502968244955,0.719251484122477,1,0.561497031755045,0.884765810979371,0.624831367315985,0.996242206486757,0.330872758342948,0.669127241657052,0.371410839170772,-0.115234189020629,0.115234189020629,-11.5234189020629,394,1318,764,-370
3795140,"Railroad crossing play",0,3,0,3,1,0.438502968244955,0.719251484122477,1,0.561497031755045,0.884765810979371,0.624831367315985,0.996242206486757,0.330872758342948,0.669127241657052,0.371410839170772,-0.115234189020629,0.115234189020629,-11.5234189020629,395,1319,765,-370
3795850,"MEAT ROOM",0,8,1,9,0.888888888888889,0.565000294423344,0.7725547033924,0.980109112361455,0.415108817938111,0.864284208259485,0.658398730301434,0.981238920013751,0.597334709233019,0.40266529076698,0.322840189712317,-0.0246046806294042,0.0246046806294042,-2.46046806294042,1233,1066,1023,210
3796060,"Area Zero",0,5,0,5,1,0.565517535216825,0.782758767608413,1,0.434482464783175,0.905590772082171,0.68618151869736,0.996989370906001,0.451796495462645,0.548203504537355,0.310807852208641,-0.0944092279178288,0.0944092279178288,-9.44092279178288,283,1043,556,-273
3797390,"IlhaZ",0,1,1,2,0.5,0.0945312057342307,0.5,0.905468794265769,0.810937588531539,0.746518144640867,0.41858644386299,0.961464062212803,0.247925803745148,0.752074196254852,0.542877618349813,0.246518144640867,0.246518144640867,24.6518144640867,2015,2067,1771,244
3797700,"The Nightmare",0,3,0,3,1,0.438502968244955,0.719251484122477,1,0.561497031755045,0.884765810979371,0.624831367315985,0.996242206486757,0.330872758342948,0.669127241657052,0.371410839170772,-0.115234189020629,0.115234189020629,-11.5234189020629,396,1320,766,-370
3797830,"Egglings",0,14,0,14,1,0.784689197262364,0.892344598631182,1,0.215310802737636,0.947933226509594,0.819862183909706,0.998411037394891,0.69766527778157,0.30233472221843,0.178548853485185,-0.0520667734904059,0.0520667734904059,-5.20667734904059,98,465,193,-95
3798420,"Paint by Words",0,7,0,7,1,0.645669564933313,0.822834782466656,1,0.354330435066687,0.920040873360553,0.730470837927101,0.997488688736488,0.535703506847418,0.464296493152582,0.267017850809387,-0.0799591266394466,0.0799591266394466,-7.99591266394466,201,842,412,-211
3798730,"Crimson Mansion",0,3,3,6,0.5,0.187616306482651,0.5,0.812383693517349,0.624767387034699,0.664801203145056,0.389064584008582,0.889062542250215,0.497226735266432,0.502773264733568,0.499997958241633,0.164801203145056,0.164801203145056,16.4801203145056,1978,2001,2028,-50
3799100,"SIDE EFFECTS",0,708,143,851,0.831962397179788,0.805361704568339,0.830470635326609,0.855579566084878,0.050217861516539,0.831932821923697,0.806194348010322,0.856204298388732,0.992921288441889,0.00707871155811089,0.0500099503784096,-2.95752560915963e-05,2.95752560915963e-05,-0.00295752560915963,1436,409,1414,22
3800670,"Waking Dreams",0,10,1,11,0.909090909090909,0.622641563548404,0.80320469533126,0.983767827114115,0.361126263565711,0.880188157602032,0.694898378185995,0.983635966457539,0.644521321079962,0.355478678920038,0.288737588271544,-0.0289027514888772,0.0289027514888772,-2.89027514888772,1148,889,825,323
3801500,"Neffy -Moonlight Labyrinth X-",0,3,0,3,1,0.438502968244955,0.719251484122477,1,0.561497031755045,0.884765810979371,0.624831367315985,0.996242206486757,0.330872758342948,0.669127241657052,0.371410839170772,-0.115234189020629,0.115234189020629,-11.5234189020629,397,1321,767,-370
3801520,"Store It!",0,12,7,19,0.631578947368421,0.410395331648031,0.60945010209834,0.808504872548649,0.398109540900619,0.679066386998786,0.488306917807717,0.842788643266784,0.757970773364418,0.242029226635582,0.354481725459067,0.0474874396303647,0.0474874396303647,4.74874396303647,1869,1396,2006,-137
3802110,"Reminiscence",0,7,1,8,0.875,0.529111817787147,0.753347163168545,0.977582508549943,0.448470690762797,0.854636346516529,0.636725903427632,0.979755988994853,0.568709749645159,0.431290250354841,0.343030085567221,-0.0203636534834708,0.0203636534834708,-2.03636534834708,1285,1121,1063,222
3803040,"Binary Boss",0,3,1,4,0.75,0.300641842582402,0.627527290886351,0.954412739190299,0.653770896607897,0.796877462908124,0.514485438814817,0.9703895228262,0.397340615926201,0.602659384073799,0.455904084011384,0.0468774629081241,0.0468774629081241,4.68774629081241,1653,1639,1564,89
3803860,"Blood Oath",0,2,0,2,1,0.342380227506653,0.671190113753327,1,0.657619772493347,0.870481046513441,0.58446518931204,0.995709839532952,0.247925803745148,0.752074196254852,0.411244650220912,-0.129518953486559,0.129518953486559,-12.9518953486559,499,1532,918,-419
3803930,"Luckyest",0,197,53,250,0.788,0.733172767415384,0.783641609745312,0.83411045207524,0.100937684659856,0.78894260041445,0.736998683931678,0.836613018238588,0.976307250645621,0.0236927493543788,0.0996143343069105,0.000942600414450045,0.000942600414450045,0.0942600414450045,1555,601,1591,-36
3805690,"The Last Chance",0,1,1,2,0.5,0.0945312057342307,0.5,0.905468794265769,0.810937588531539,0.746518144640867,0.41858644386299,0.961464062212803,0.247925803745148,0.752074196254852,0.542877618349813,0.246518144640867,0.246518144640867,24.6518144640867,2016,2068,1772,244
3805710,"Treasure Tiger",0,81,4,85,0.952941176470588,0.885162728436812,0.933356233801871,0.981549739166929,0.096387010730117,0.944603158354467,0.889495277484719,0.981447075935135,0.933379442916944,0.0666205570830559,0.0919517984504158,-0.00833801811612089,0.00833801811612089,-0.833801811612089,947,166,223,724
3806110,"Zaxtron EXPLUS",0,4,1,5,0.8,0.375534629762525,0.669655260565048,0.96377589136757,0.588241261605044,0.815231472989642,0.551924429746717,0.973460575390088,0.451796495462645,0.548203504537355,0.421536145643371,0.0152314729896422,0.0152314729896422,1.52314729896422,1533,1440,1491,42
3806520,"SENKOU",0,2,0,2,1,0.342380227506653,0.671190113753327,1,0.657619772493347,0.870481046513441,0.58446518931204,0.995709839532952,0.247925803745148,0.752074196254852,0.411244650220912,-0.129518953486559,0.129518953486559,-12.9518953486559,500,1533,919,-419
3807000,"Tosbik Around The World",0,2,0,2,1,0.342380227506653,0.671190113753327,1,0.657619772493347,0.870481046513441,0.58446518931204,0.995709839532952,0.247925803745148,0.752074196254852,0.411244650220912,-0.129518953486559,0.129518953486559,-12.9518953486559,501,1534,920,-419
3807080,"Ballotoro",0,2,0,2,1,0.342380227506653,0.671190113753327,1,0.657619772493347,0.870481046513441,0.58446518931204,0.995709839532952,0.247925803745148,0.752074196254852,0.411244650220912,-0.129518953486559,0.129518953486559,-12.9518953486559,502,1535,921,-419
3807440,"Taste of the Sea",0,3,0,3,1,0.438502968244955,0.719251484122477,1,0.561497031755045,0.884765810979371,0.624831367315985,0.996242206486757,0.330872758342948,0.669127241657052,0.371410839170772,-0.115234189020629,0.115234189020629,-11.5234189020629,398,1322,768,-370
3807550,"Mycopsychosys: Remastered",0,225,5,230,0.978260869565217,0.950128920158791,0.970404181340428,0.990679442522065,0.0405505223632747,0.974393616726165,0.950799987822131,0.990461555446893,0.974299959798362,0.0257000402016383,0.0396615676247625,-0.00386725283905243,0.00386725283905243,-0.386725283905243,866,40,46,820
3807790,"Vertex",0,1,0,1,1,0.206549314377237,0.603274657188619,1,0.793450685622763,0.852153574587866,0.534749383069649,0.995001716766416,0.141504169329759,0.858495830670241,0.460252333696767,-0.147846425412134,0.147846425412134,-14.7846425412134,680,1839,1176,-496
3808410,"SkinCrawler Ranch",0,1,1,2,0.5,0.0945312057342307,0.5,0.905468794265769,0.810937588531539,0.746518144640867,0.41858644386299,0.961464062212803,0.247925803745148,0.752074196254852,0.542877618349813,0.246518144640867,0.246518144640867,24.6518144640867,2017,2069,1773,244
3808890,"Holy Carrot Simulator",0,1,1,2,0.5,0.0945312057342307,0.5,0.905468794265769,0.810937588531539,0.746518144640867,0.41858644386299,0.961464062212803,0.247925803745148,0.752074196254852,0.542877618349813,0.246518144640867,0.246518144640867,24.6518144640867,2018,2070,1774,244
3809220,"W.A.PU Space Orderty",0,7,0,7,1,0.645669564933313,0.822834782466656,1,0.354330435066687,0.920040873360553,0.730470837927101,0.997488688736488,0.535703506847418,0.464296493152582,0.267017850809387,-0.0799591266394466,0.0799591266394466,-7.99591266394466,202,843,413,-211
3809740,"TOJIBO",0,19,2,21,0.904761904761905,0.710858609260818,0.842169920911372,0.973481232561926,0.262622623301108,0.887507732709008,0.746947324308,0.974827927279584,0.775854532651986,0.224145467348014,0.227880602971585,-0.0172541720528966,0.0172541720528966,-1.72541720528966,1163,679,703,460
3809950,"Printfarm Simulator",0,2,1,3,0.666666666666667,0.207659600802048,0.573083828040826,0.938508055279604,0.730848454477556,0.774474891531722,0.470582557778087,0.966512741987473,0.330872758342948,0.669127241657052,0.495930184209387,0.107808224865055,0.107808224865055,10.7808224865055,1815,1710,1650,165
3810010,"Overdrawn",0,35,2,37,0.945945945945946,0.822953456491869,0.904001239829356,0.985049023166842,0.162095566674973,0.929300270375102,0.837064636013396,0.984570391329338,0.859127882122258,0.140872117877742,0.147505755315942,-0.0166456755708444,0.0166456755708444,-1.66456755708444,984,358,352,632
3810990,"Row Away",0,1,0,1,1,0.206549314377237,0.603274657188619,1,0.793450685622763,0.852153574587866,0.534749383069649,0.995001716766416,0.141504169329759,0.858495830670241,0.460252333696767,-0.147846425412134,0.147846425412134,-14.7846425412134,681,1840,1177,-496
3812120,"Breadbulls",0,1,0,1,1,0.206549314377237,0.603274657188619,1,0.793450685622763,0.852153574587866,0.534749383069649,0.995001716766416,0.141504169329759,0.858495830670241,0.460252333696767,-0.147846425412134,0.147846425412134,-14.7846425412134,682,1841,1178,-496
3812200,"Truck City",0,16,4,20,0.8,0.583982567748107,0.751662452584154,0.919342337420202,0.335359769672095,0.806466647269026,0.637896438987027,0.930797861110233,0.76725568840929,0.23274431159071,0.292901422123206,0.00646664726902557,0.00646664726902557,0.646664726902557,1502,990,1531,-29
3812230,"Mind Echoes: Remnants of the Past Collector's Edition",0,1,5,6,0.166666666666667,0.0300533697483066,0.296778095967388,0.56350282218647,0.533449452438164,0.499058958056245,0.233648186831504,0.764764791193847,0.497226735266432,0.502773264733568,0.531116604362343,0.332392291389579,0.332392291389579,33.2392291389579,2142,2142,2212,-70
3812580,"Butter Side Down",0,24,0,24,1,0.86202379532502,0.93101189766251,1,0.13797620467498,0.965250183783536,0.877891333821381,0.998957836828446,0.798219184162004,0.201780815837996,0.121066503007065,-0.0347498162164644,0.0347498162164644,-3.47498162164644,37,232,86,-49
3813150,"Lone Labyrinth: Burden of the Just",0,1,0,1,1,0.206549314377237,0.603274657188619,1,0.793450685622763,0.852153574587866,0.534749383069649,0.995001716766416,0.141504169329759,0.858495830670241,0.460252333696767,-0.147846425412134,0.147846425412134,-14.7846425412134,683,1842,1179,-496
3813260,"连杀地牢（Dungeon Killing）",0,12,1,13,0.923076923076923,0.666860490789004,0.826575034773224,0.986289578757443,0.319429087968439,0.892755660082402,0.724417251222178,0.985489634176629,0.681808780229511,0.318191219770489,0.261072382954451,-0.0303212629945206,0.0303212629945206,-3.03212629945206,1091,789,681,410
3813350,"Azure Striker Gunvolt Trilogy Enhanced",0,163,46,209,0.779904306220096,0.718963268919492,0.774852466827352,0.830741664735212,0.11177839581572,0.781254977839317,0.723752993801309,0.833804247576056,0.971790504507922,0.028209495492078,0.110051253774747,0.00135067161922153,0.00135067161922153,0.135067161922153,1570,654,1613,-43
3814230,"迷滅",0,3,2,5,0.6,0.230724281276013,0.556551753521683,0.882379225767352,0.651654944491339,0.724872173897113,0.442056951187525,0.93155803852216,0.451796495462645,0.548203504537355,0.489501087334635,0.124872173897113,0.124872173897113,12.4872173897113,1919,1687,1848,71
3814340,"Tankenstein",0,206,24,230,0.895652173913044,0.849434040535699,0.88915255001799,0.928871059500282,0.0794370189645837,0.893907967873257,0.85168078743419,0.929824799462131,0.974299959798362,0.0257000402016383,0.078144012027941,-0.00174420603978664,0.00174420603978664,-0.174420603978664,1200,271,671,529
3814610,"FastFly",0,1,0,1,1,0.206549314377237,0.603274657188619,1,0.793450685622763,0.852153574587866,0.534749383069649,0.995001716766416,0.141504169329759,0.858495830670241,0.460252333696767,-0.147846425412134,0.147846425412134,-14.7846425412134,684,1843,1180,-496
3814660,"Fantasy  Journey",0,0,1,1,0,0,0.396725342811381,0.793450685622763,0.793450685622763,0.710649405258107,0.356458319924359,0.954614608918397,0.141504169329759,0.858495830670241,0.598156288994038,0.710649405258107,0.710649405258107,71.0649405258107,2204,2204,1899,305
3814680,"Huntsman",0,113,80,193,0.585492227979275,0.514983260225042,0.583823804694671,0.6526643491643,0.137681088939258,0.592876524252896,0.52399171283613,0.659993333005379,0.96952316694048,0.0304768330595203,0.136001620169249,0.00738429627362103,0.00738429627362103,0.738429627362103,1929,1141,2152,-223
3815000,"Geamana Village",0,21,7,28,0.75,0.56644329681001,0.719839173808539,0.873235050807067,0.306791753997056,0.763852499295345,0.610092563504806,0.888347686940036,0.821911465012993,0.178088534987007,0.278255123435231,0.0138524992953455,0.0138524992953455,1.38524992953455,1628,1008,1706,-78
3815050,"RESTORER",0,45,14,59,0.76271186440678,0.640251092935972,0.746652453505674,0.853053814075376,0.212802721139403,0.768779311178296,0.65985386558133,0.862073637215012,0.906758631157007,0.0932413688429928,0.202219771633681,0.00606744677151627,0.00606744677151627,0.606744677151627,1613,866,1687,-74
3815120,"BIT LOST",0,2,0,2,1,0.342380227506653,0.671190113753327,1,0.657619772493347,0.870481046513441,0.58446518931204,0.995709839532952,0.247925803745148,0.752074196254852,0.411244650220912,-0.129518953486559,0.129518953486559,-12.9518953486559,503,1536,922,-419
3815170,"Innkeeper VR",0,10,2,12,0.833333333333333,0.551969137747027,0.752501997781586,0.953034857816146,0.401065720069119,0.831469964857636,0.633539172788923,0.960951291292828,0.664196976389084,0.335803023610916,0.327412118503905,-0.00186336847569724,0.00186336847569724,-0.186336847569724,1416,1086,1418,-2
3815750,"SEVERANCE",0,323,132,455,0.70989010989011,0.666572261737787,0.708132892449284,0.74969352316078,0.083121261422993,0.711441416112478,0.669285903643333,0.751859526675564,0.986841542536967,0.0131584574630327,0.0825736230322311,0.00155130622236843,0.00155130622236843,0.155130622236843,1732,791,1876,-144
3816450,"Amatsuko",0,127,14,141,0.900709219858156,0.840233443241569,0.890081682827732,0.939929922413895,0.0996964791723267,0.897700860961533,0.844049855343056,0.941138861824772,0.958747152756899,0.0412528472431008,0.0970890064817166,-0.00300835889662299,0.00300835889662299,-0.300835889662299,1176,299,603,573
3816550,"BAKU -バク-",0,54,0,54,1,0.933586411909104,0.966793205954552,1,0.0664135880908963,0.98260573189919,0.937946968999998,0.9994872167382,0.898997174936905,0.101002825063095,0.0615402477382012,-0.0173942681008098,0.0173942681008098,-1.73942681008098,12,74,26,-14
3816700,"Logic Bombs",0,528,26,554,0.953068592057762,0.932123084442787,0.949948629724702,0.967774175006617,0.0356510905638296,0.9517114493845,0.932504127950268,0.967869914390922,0.989167491847733,0.0108325081522674,0.0353657864406544,-0.00135714267326204,0.00135714267326204,-0.135714267326204,946,76,164,782
3816720,"Ghost Deliverer",0,27,1,28,0.964285714285714,0.822878022566467,0.908272751358715,0.993667480150962,0.170789457584495,0.939976384655273,0.840594960072067,0.992153810746107,0.821911465012993,0.178088534987007,0.15155885067404,-0.0243093296304417,0.0243093296304417,-2.43093296304417,905,362,259,646
3817040,"Simogo Legacy Collection",0,23,0,23,1,0.856883381549573,0.928441690774787,1,0.143116618450427,0.964054673397059,0.873823944136953,0.998920695501972,0.791277246408338,0.208722753591662,0.12509675136502,-0.0359453266029409,0.0359453266029409,-3.59453266029409,40,247,90,-50
3817720,"Genki Break!",0,13,0,13,1,0.771904627645802,0.885952313822901,1,0.228095372354198,0.945202489330826,0.81088672917826,0.9983230513247,0.681808780229511,0.318191219770489,0.18743632214644,-0.0547975106691736,0.0547975106691736,-5.47975106691736,111,495,216,-105
3817790,"SnaiL TraiL",0,1,0,1,1,0.206549314377237,0.603274657188619,1,0.793450685622763,0.852153574587866,0.534749383069649,0.995001716766416,0.141504169329759,0.858495830670241,0.460252333696767,-0.147846425412134,0.147846425412134,-14.7846425412134,685,1844,1181,-496
3817910,"Tung Sahur Zombie",0,19,7,26,0.730769230769231,0.539169596208238,0.701062556494027,0.862955516779816,0.323785920571578,0.749124085705771,0.588212089864331,0.88067193064256,0.810804163046963,0.189195836953038,0.29245984077823,0.0183548549365401,0.0183548549365401,1.83548549365401,1699,1107,1734,-35
3817930,"Tombs & Trials",0,1,0,1,1,0.206549314377237,0.603274657188619,1,0.793450685622763,0.852153574587866,0.534749383069649,0.995001716766416,0.141504169329759,0.858495830670241,0.460252333696767,-0.147846425412134,0.147846425412134,-14.7846425412134,686,1845,1182,-496
3819120,"Kind() Station",0,24,3,27,0.888888888888889,0.719421991817202,0.840450821767052,0.961479651716902,0.2420576598997,0.877677778722419,0.748424810453346,0.964200002893209,0.816525765849317,0.183474234150683,0.215775192439864,-0.0112111101664694,0.0112111101664694,-1.12111101664694,1226,651,836,390
3819850,"Silent Street",0,0,1,1,0,0,0.396725342811381,0.793450685622763,0.793450685622763,0.710649405258107,0.356458319924359,0.954614608918397,0.141504169329759,0.858495830670241,0.598156288994038,0.710649405258107,0.710649405258107,71.0649405258107,2205,2205,1900,305
3820130,"The Dream Globe",0,347,19,366,0.948087431693989,0.920349187276531,0.943433249811807,0.966517312347083,0.0461681250705526,0.946125767480286,0.921047607047866,0.966674561492487,0.983693983264418,0.0163060167355817,0.0456269544446207,-0.00196166421370292,0.00196166421370292,-0.196166421370292,975,103,205,770
3820330,"hazard versus",0,8,2,10,0.8,0.490162471536642,0.716740160041133,0.943317848545625,0.453155377008983,0.810491465599515,0.593313242217928,0.955495361116023,0.622396454151338,0.377603545848662,0.362182118898094,0.0104914655995145,0.0104914655995145,1.04914655995145,1515,1221,1518,-3
3820830,"Anime Dream Match: Primates",0,2,0,2,1,0.342380227506653,0.671190113753327,1,0.657619772493347,0.870481046513441,0.58446518931204,0.995709839532952,0.247925803745148,0.752074196254852,0.411244650220912,-0.129518953486559,0.129518953486559,-12.9518953486559,504,1537,923,-419
3821190,"ささゆめしき",0,0,1,1,0,0,0.396725342811381,0.793450685622763,0.793450685622763,0.710649405258107,0.356458319924359,0.954614608918397,0.141504169329759,0.858495830670241,0.598156288994038,0.710649405258107,0.710649405258107,71.0649405258107,2206,2206,1901,305
3821900,"Hot Pig Jump!",0,4,0,4,1,0.510109163545403,0.755054581772701,1,0.489890836454597,0.896212616889674,0.658188789563792,0.996657030244202,0.397340615926201,0.602659384073799,0.338468240680411,-0.103787383110326,0.103787383110326,-10.3787383110326,325,1169,635,-310
3822100,"In Arrears",0,2,0,2,1,0.342380227506653,0.671190113753327,1,0.657619772493347,0.870481046513441,0.58446518931204,0.995709839532952,0.247925803745148,0.752074196254852,0.411244650220912,-0.129518953486559,0.129518953486559,-12.9518953486559,505,1538,924,-419
3822580,"Heart of Ice by Dave Morris",0,2,0,2,1,0.342380227506653,0.671190113753327,1,0.657619772493347,0.870481046513441,0.58446518931204,0.995709839532952,0.247925803745148,0.752074196254852,0.411244650220912,-0.129518953486559,0.129518953486559,-12.9518953486559,506,1539,925,-419
3822620,"Dungeonborne Settlement",0,9,7,16,0.5625,0.331785563988119,0.550399519966598,0.769013475945076,0.437227911956957,0.635435448879755,0.429676960055726,0.817949464119216,0.725066889874052,0.274933110125948,0.38827250406349,0.0729354488797546,0.0729354488797546,7.29354488797546,1945,1611,2085,-140
3822720,"Deepest Well",0,8,3,11,0.727272727272727,0.434354698823871,0.668447052961811,0.902539407099751,0.46818470827588,0.763002462860221,0.541975676561708,0.92609201270273,0.644521321079962,0.355478678920038,0.384116336141022,0.0357297355874934,0.0357297355874934,3.57297355874934,1706,1383,1709,-3
3822840,"Capitalist Misadventures",0,3,1,4,0.75,0.300641842582402,0.627527290886351,0.954412739190299,0.653770896607897,0.796877462908124,0.514485438814817,0.9703895228262,0.397340615926201,0.602659384073799,0.455904084011384,0.0468774629081241,0.0468774629081241,4.68774629081241,1654,1640,1565,89
3823130,"YetiParty",0,161,24,185,0.87027027027027,0.814226590437851,0.862738142502071,0.911249694566292,0.0970231041284415,0.868921218694917,0.817697094487131,0.912841546910535,0.968247097528512,0.0317529024714875,0.0951444524234045,-0.00134905157535359,0.00134905157535359,-0.134905157535359,1297,384,999,298
3823150,"Bird Like",0,1,0,1,1,0.206549314377237,0.603274657188619,1,0.793450685622763,0.852153574587866,0.534749383069649,0.995001716766416,0.141504169329759,0.858495830670241,0.460252333696767,-0.147846425412134,0.147846425412134,-14.7846425412134,687,1846,1183,-496
3823430,"Midnight Study",0,22,3,25,0.88,0.700442060790727,0.829386944643162,0.958331828495596,0.257889767704869,0.869803024253321,0.733319508444279,0.961735660319043,0.804714219833784,0.195285780166216,0.228416151874764,-0.0101969757466785,0.0101969757466785,-1.01969757466785,1262,713,997,265
3823490,"Speedway Club Manager 25",0,96,9,105,0.914285714285714,0.845077243584318,0.899663882415083,0.954250521245848,0.10917327766153,0.909560655768056,0.849943336019593,0.955279068228827,0.945375913393743,0.054624086606257,0.105335732209234,-0.0047250585176587,0.0047250585176587,-0.47250585176587,1125,290,510,615
3824770,"Chronos Shift",0,1,0,1,1,0.206549314377237,0.603274657188619,1,0.793450685622763,0.852153574587866,0.534749383069649,0.995001716766416,0.141504169329759,0.858495830670241,0.460252333696767,-0.147846425412134,0.147846425412134,-14.7846425412134,688,1847,1184,-496
3825510,"GAYA - The Mystery",0,6,0,6,1,0.609665712097835,0.804832856048917,1,0.390334287902165,0.913414570778272,0.709988022926607,0.997261605765302,0.497226735266432,0.502773264733568,0.287273582838695,-0.0865854292217277,0.0865854292217277,-8.65854292217277,237,931,476,-239
3826460,"Looking For Waifu",0,1,0,1,1,0.206549314377237,0.603274657188619,1,0.793450685622763,0.852153574587866,0.534749383069649,0.995001716766416,0.141504169329759,0.858495830670241,0.460252333696767,-0.147846425412134,0.147846425412134,-14.7846425412134,689,1848,1185,-496
3826650,"Worm Wars",0,1,0,1,1,0.206549314377237,0.603274657188619,1,0.793450685622763,0.852153574587866,0.534749383069649,0.995001716766416,0.141504169329759,0.858495830670241,0.460252333696767,-0.147846425412134,0.147846425412134,-14.7846425412134,690,1849,1186,-496
3827560,"Cubenen Gardens: Befriend",0,8,1,9,0.888888888888889,0.565000294423344,0.7725547033924,0.980109112361455,0.415108817938111,0.864284208259485,0.658398730301434,0.981238920013751,0.597334709233019,0.40266529076698,0.322840189712317,-0.0246046806294042,0.0246046806294042,-2.46046806294042,1234,1067,1024,210
3828290,"Kick Yourself On",0,1,0,1,1,0.206549314377237,0.603274657188619,1,0.793450685622763,0.852153574587866,0.534749383069649,0.995001716766416,0.141504169329759,0.858495830670241,0.460252333696767,-0.147846425412134,0.147846425412134,-14.7846425412134,691,1850,1187,-496
3828490,"Monster Destroyer",0,1,0,1,1,0.206549314377237,0.603274657188619,1,0.793450685622763,0.852153574587866,0.534749383069649,0.995001716766416,0.141504169329759,0.858495830670241,0.460252333696767,-0.147846425412134,0.147846425412134,-14.7846425412134,692,1851,1188,-496
3828730,"Cross and Gun",0,2,0,2,1,0.342380227506653,0.671190113753327,1,0.657619772493347,0.870481046513441,0.58446518931204,0.995709839532952,0.247925803745148,0.752074196254852,0.411244650220912,-0.129518953486559,0.129518953486559,-12.9518953486559,507,1540,926,-419
3828830,"You Were Sent Alone",0,1,0,1,1,0.206549314377237,0.603274657188619,1,0.793450685622763,0.852153574587866,0.534749383069649,0.995001716766416,0.141504169329759,0.858495830670241,0.460252333696767,-0.147846425412134,0.147846425412134,-14.7846425412134,693,1852,1189,-496
3829040,"Turtle Turtle",0,2,0,2,1,0.342380227506653,0.671190113753327,1,0.657619772493347,0.870481046513441,0.58446518931204,0.995709839532952,0.247925803745148,0.752074196254852,0.411244650220912,-0.129518953486559,0.129518953486559,-12.9518953486559,508,1541,927,-419
3829350,"Vribyss Refuge<U+2122> Metamorphosis",0,12,0,12,1,0.757505993344759,0.87875299667238,1,0.242494006655241,0.942169460922484,0.800974166896997,0.998224749770572,0.664196976389084,0.335803023610916,0.197250582873575,-0.0578305390775165,0.0578305390775165,-5.78305390775165,123,541,244,-121
3829440,"Instruments of Peace",0,2,1,3,0.666666666666667,0.207659600802048,0.573083828040826,0.938508055279604,0.730848454477556,0.774474891531722,0.470582557778087,0.966512741987473,0.330872758342948,0.669127241657052,0.495930184209387,0.107808224865055,0.107808224865055,10.7808224865055,1816,1711,1651,165
3829570,"Great Tough Bikini 6",0,52,22,74,0.702702702702703,0.590670898680154,0.692699369041273,0.794727839402392,0.204056940722238,0.712180541980853,0.608964616860766,0.805358768362814,0.924226773621978,0.0757732263780219,0.196394151502048,0.00947783927814994,0.00947783927814994,0.947783927814994,1736,982,1874,-138
3829880,"Touhou Kouzougi　～ Flickerframe Shutter Festival",0,44,3,47,0.936170212765957,0.828373858168756,0.903214236481661,0.978054614794567,0.149680756625811,0.923778889996262,0.839533168604344,0.978221361685853,0.885674003970905,0.114325996029095,0.138688193081509,-0.0123913227696956,0.0123913227696956,-1.23913227696956,1024,337,384,640
3830150,"Creepy Redneck Dinosaur Mansion 1 Re-Raptored",0,27,4,31,0.870967741935484,0.711475937436936,0.830066546845322,0.948657156253709,0.237181218816773,0.863899698890353,0.738261928623237,0.952678618628944,0.836325003199392,0.163674996800608,0.214416690005707,-0.00706804304513131,0.00706804304513131,-0.706804304513131,1296,676,1034,262
3830430,"Pain 'n Dave: The Maze of Malice",0,1,0,1,1,0.206549314377237,0.603274657188619,1,0.793450685622763,0.852153574587866,0.534749383069649,0.995001716766416,0.141504169329759,0.858495830670241,0.460252333696767,-0.147846425412134,0.147846425412134,-14.7846425412134,694,1853,1190,-496
3830530,"cube hits corner",0,1,0,1,1,0.206549314377237,0.603274657188619,1,0.793450685622763,0.852153574587866,0.534749383069649,0.995001716766416,0.141504169329759,0.858495830670241,0.460252333696767,-0.147846425412134,0.147846425412134,-14.7846425412134,695,1854,1191,-496
3830610,"RETRYS",0,3,0,3,1,0.438502968244955,0.719251484122477,1,0.561497031755045,0.884765810979371,0.624831367315985,0.996242206486757,0.330872758342948,0.669127241657052,0.371410839170772,-0.115234189020629,0.115234189020629,-11.5234189020629,399,1323,769,-370
3831090,"CinemaLandVR",0,1,1,2,0.5,0.0945312057342307,0.5,0.905468794265769,0.810937588531539,0.746518144640867,0.41858644386299,0.961464062212803,0.247925803745148,0.752074196254852,0.542877618349813,0.246518144640867,0.246518144640867,24.6518144640867,2019,2071,1775,244
3831120,"Mandate Of Heaven",0,4908,482,5390,0.910575139146568,0.902661835604187,0.910282730201686,0.917903624799186,0.015241789194999,0.910482055433907,0.902722710508729,0.917953227049423,0.998875675624548,0.00112432437545168,0.0152305165406933,-9.30837126609241e-05,9.30837126609241e-05,-0.00930837126609241,1138,129,504,634
3831510,"Five Nights At Stickman",0,8,4,12,0.666666666666667,0.3906220888728,0.626250998890793,0.861879908908787,0.471257820035987,0.720770468792789,0.499795056534893,0.895643301785341,0.664196976389084,0.335803023610916,0.395848245250448,0.0541038021261221,0.0541038021261221,5.41038021261221,1784,1416,1853,-69
3831660,"Obsessed : Night Shift",0,133,15,148,0.898648648648649,0.839512758276692,0.888563179372978,0.937613600469264,0.0981008421925718,0.895858116204408,0.84317642019277,0.938833721068851,0.960621467585448,0.039378532414552,0.0956573008760817,-0.00279053244424021,0.00279053244424021,-0.279053244424021,1192,300,664,528
3832000,"Secret Cats - Ice Cream Day",0,15,2,17,0.882352941176471,0.656636494051141,0.811878360143674,0.967120226236207,0.310483732185066,0.868000625462952,0.70649451941807,0.970107735320386,0.736985819489999,0.263014180510001,0.263613215902316,-0.0143523157135187,0.0143523157135187,-1.43523157135187,1255,803,1005,250
3832240,"Draugar",0,2,1,3,0.666666666666667,0.207659600802048,0.573083828040826,0.938508055279604,0.730848454477556,0.774474891531722,0.470582557778087,0.966512741987473,0.330872758342948,0.669127241657052,0.495930184209387,0.107808224865055,0.107808224865055,10.7808224865055,1817,1712,1652,165
3832360,"鱼自会上钩 EffortlessCatch",0,1,3,4,0.25,0.0455872608097006,0.372472709113649,0.699358157417598,0.653770896607897,0.598207154945024,0.298537202356263,0.861092662896488,0.397340615926201,0.602659384073799,0.562555460540225,0.348207154945024,0.348207154945024,34.8207154945024,2127,2131,2143,-16
3832470,"FTL Team",0,4,2,6,0.666666666666667,0.299993315138392,0.601610952016306,0.90322858889422,0.603235273755828,0.747672325689462,0.480282943238687,0.938212397007356,0.497226735266432,0.502773264733568,0.457929453768669,0.0810056590227949,0.0810056590227949,8.10056590227949,1795,1657,1746,49
3832630,"Wheelchair Wizards",1,1,0,1,1,0.206549314377237,0.603274657188619,1,0.793450685622763,0.852153574587866,0.534749383069649,0.995001716766416,0.141504169329759,0.858495830670241,0.460252333696767,-0.147846425412134,0.147846425412134,-14.7846425412134,696,1855,1192,-496
3833100,"Kitchen Gore",0,29,4,33,0.878787878787879,0.726744948289248,0.839291667597556,0.951838386905864,0.225093438616617,0.870867244206614,0.750853380193101,0.955249952084148,0.844704212856161,0.155295787143839,0.204396571891047,-0.00792063458126491,0.00792063458126491,-0.792063458126491,1265,616,855,410
3834740,"Pooping Cat",0,33,2,35,0.942857142857143,0.813929425798351,0.899058131970621,0.984186838142891,0.170257412344541,0.925857123767985,0.829463989077489,0.983786072421923,0.852267270953282,0.147732729046718,0.154322083344434,-0.0170000190891583,0.0170000190891583,-1.70000190891583,998,385,365,633
3835960,"Stay&Stack: Hotel Operation",0,4,0,4,1,0.510109163545403,0.755054581772701,1,0.489890836454597,0.896212616889674,0.658188789563792,0.996657030244202,0.397340615926201,0.602659384073799,0.338468240680411,-0.103787383110326,0.103787383110326,-10.3787383110326,326,1170,636,-310
3836440,"HEAVENSHATTER",0,15,1,16,0.9375,0.716712624297011,0.852796639766184,0.988880655235358,0.272168030938347,0.907335532582524,0.759405339838422,0.987596858869528,0.725066889874052,0.274933110125948,0.228191519031106,-0.030164467417476,0.030164467417476,-3.0164467417476,1017,660,518,499
3837030,"Wukong 2088",0,2,2,4,0.5,0.15003898915215,0.5,0.84996101084785,0.699922021695701,0.697542308926574,0.398233942241128,0.923287916642755,0.397340615926201,0.602659384073799,0.525053974401627,0.197542308926574,0.197542308926574,19.7542308926574,1988,2018,1962,26
3837080,"Lightcore Guardians",0,2,1,3,0.666666666666667,0.207659600802048,0.573083828040826,0.938508055279604,0.730848454477556,0.774474891531722,0.470582557778087,0.966512741987473,0.330872758342948,0.669127241657052,0.495930184209387,0.107808224865055,0.107808224865055,10.7808224865055,1818,1713,1653,165
3837210,"The PipeTuber's Guide to the Solar System",0,9,0,9,1,0.700854951580456,0.850427475790228,1,0.299145048419544,0.930654731507598,0.763886321497756,0.997845939982778,0.597334709233019,0.40266529076698,0.233959618485022,-0.0693452684924021,0.0693452684924021,-6.93452684924021,169,707,337,-168
3837230,"Codename: Black Crow",0,9,0,9,1,0.700854951580456,0.850427475790228,1,0.299145048419544,0.930654731507598,0.763886321497756,0.997845939982778,0.597334709233019,0.40266529076698,0.233959618485022,-0.0693452684924021,0.0693452684924021,-6.93452684924021,170,708,338,-168
3837300,"Against Tribulation",0,3,3,6,0.5,0.187616306482651,0.5,0.812383693517349,0.624767387034699,0.664801203145056,0.389064584008582,0.889062542250215,0.497226735266432,0.502773264733568,0.499997958241633,0.164801203145056,0.164801203145056,16.4801203145056,1979,2002,2029,-50
3837380,"Majogami",0,137,15,152,0.901315789473684,0.843565843428976,0.891423440601801,0.939281037774626,0.0957151943456509,0.898493503228677,0.847041527421679,0.940422411014269,0.961617970333216,0.0383820296667841,0.0933808835925897,-0.00282228624500747,0.00282228624500747,-0.282228624500747,1174,292,594,580
3838140,"Unicycle Sheep",0,2,3,5,0.4,0.117620774232648,0.443448246478317,0.769275718723987,0.651654944491339,0.634512874804584,0.346539607691581,0.876659256349701,0.451796495462645,0.548203504537355,0.53011964865812,0.234512874804584,0.234512874804584,23.4512874804584,2079,2034,2090,-11
3838270,"Awurda First Wave",0,2,0,2,1,0.342380227506653,0.671190113753327,1,0.657619772493347,0.870481046513441,0.58446518931204,0.995709839532952,0.247925803745148,0.752074196254852,0.411244650220912,-0.129518953486559,0.129518953486559,-12.9518953486559,509,1542,928,-419
3838660,"BPROOF",0,3,1,4,0.75,0.300641842582402,0.627527290886351,0.954412739190299,0.653770896607897,0.796877462908124,0.514485438814817,0.9703895228262,0.397340615926201,0.602659384073799,0.455904084011384,0.0468774629081241,0.0468774629081241,4.68774629081241,1655,1641,1566,89
3838900,"Prism",0,2,0,2,1,0.342380227506653,0.671190113753327,1,0.657619772493347,0.870481046513441,0.58446518931204,0.995709839532952,0.247925803745148,0.752074196254852,0.411244650220912,-0.129518953486559,0.129518953486559,-12.9518953486559,510,1543,929,-419
3839590,"逃离狮门外语学校 / Escape the School",0,4,3,7,0.571428571428571,0.250458364527657,0.546119254638094,0.84178014474853,0.591321780220873,0.690453656140232,0.426813399655303,0.899184040791209,0.535703506847418,0.464296493152582,0.472370641135906,0.11902508471166,0.11902508471166,11.902508471166,1940,1672,1979,-39
3840250,"Long Black-Haired Schoolgirl Survival Simulation Game",0,5,1,6,0.833333333333333,0.43649717781353,0.703221904032612,0.969946630251693,0.533449452438163,0.830543448233867,0.584163438104136,0.975953731492499,0.497226735266432,0.502773264733568,0.391790293388363,-0.00278988509946654,0.00278988509946654,-0.278988509946654,1428,1373,1433,-5
3840600,"TileGuesser",0,2,1,3,0.666666666666667,0.207659600802048,0.573083828040826,0.938508055279604,0.730848454477556,0.774474891531722,0.470582557778087,0.966512741987473,0.330872758342948,0.669127241657052,0.495930184209387,0.107808224865055,0.107808224865055,10.7808224865055,1819,1714,1654,165
3841040,"Lilialette's Hustle: Getting My Hands Dirty to Save My Guild",0,44,29,73,0.602739726027397,0.4880741402294,0.597603560826466,0.707132981423532,0.219058841194131,0.620007752463339,0.511132385930155,0.723130617627304,0.923268430775227,0.0767315692247728,0.211998231697148,0.0172680264359417,0.0172680264359417,1.72680264359417,1899,1225,2127,-228
3841160,"Not a Dream Job",0,5,0,5,1,0.565517535216825,0.782758767608413,1,0.434482464783175,0.905590772082171,0.68618151869736,0.996989370906001,0.451796495462645,0.548203504537355,0.310807852208641,-0.0944092279178288,0.0944092279178288,-9.44092279178288,284,1044,557,-273
3841220,"Midnight Crane",0,70,12,82,0.853658536585366,0.761405815101991,0.837832096499843,0.914258377897694,0.152852562795703,0.851876063588748,0.771016749210011,0.917640574622372,0.931110013606746,0.0688899863932544,0.146623825412361,-0.00178247299661793,0.00178247299661793,-0.178247299661793,1353,519,1331,22
3841340,"Petmancer",0,4,0,4,1,0.510109163545403,0.755054581772701,1,0.489890836454597,0.896212616889674,0.658188789563792,0.996657030244202,0.397340615926201,0.602659384073799,0.338468240680411,-0.103787383110326,0.103787383110326,-10.3787383110326,327,1171,637,-310
3842370,"Zugaran",0,0,1,1,0,0,0.396725342811381,0.793450685622763,0.793450685622763,0.710649405258107,0.356458319924359,0.954614608918397,0.141504169329759,0.858495830670241,0.598156288994038,0.710649405258107,0.710649405258107,71.0649405258107,2207,2207,1902,305
3842380,"漂流、のち、座礁",0,8,0,8,1,0.67559243511612,0.83779621755806,1,0.32440756488388,0.925725065222174,0.748273816826629,0.99768099293825,0.568709749645159,0.431290250354841,0.249407176111621,-0.0742749347778259,0.0742749347778259,-7.42749347778259,185,766,378,-193
3842700,"P1: Anchor Light",0,4,1,5,0.8,0.375534629762525,0.669655260565048,0.96377589136757,0.588241261605044,0.815231472989642,0.551924429746717,0.973460575390088,0.451796495462645,0.548203504537355,0.421536145643371,0.0152314729896422,0.0152314729896422,1.52314729896422,1534,1441,1492,42
3842770,"The Last Village",0,1,0,1,1,0.206549314377237,0.603274657188619,1,0.793450685622763,0.852153574587866,0.534749383069649,0.995001716766416,0.141504169329759,0.858495830670241,0.460252333696767,-0.147846425412134,0.147846425412134,-14.7846425412134,697,1856,1193,-496
3843520,"The Temple of Elemental Evil",0,254,102,356,0.713483146067416,0.664433233570571,0.711204123752372,0.757975013934173,0.0935417803636016,0.715398419854287,0.667895003306815,0.760648002260707,0.983243624079323,0.016756375920677,0.0927529989538913,0.00191527378687173,0.00191527378687173,0.191527378687173,1729,795,1863,-134
3843530,"Forgotten Realms: Demon Stone",0,89,38,127,0.700787401574803,0.616209372064155,0.69489235468511,0.773575337306065,0.15736596524191,0.706577581671062,0.626727026384067,0.780546946320298,0.954406931912966,0.0455930680870337,0.153819919936231,0.00579018009625909,0.00579018009625909,0.579018009625909,1741,903,1942,-201
3843570,"Combat Mission 3: Afrika Korps",0,15,0,15,1,0.796116698964151,0.898058349482076,1,0.203883301035849,0.950404719723233,0.828026949892693,0.998490250764892,0.712016430428814,0.287983569571186,0.170463300872199,-0.049595280276767,0.049595280276767,-4.9595280276767,92,439,176,-84
3843730,"Infinite Canyon",0,2,0,2,1,0.342380227506653,0.671190113753327,1,0.657619772493347,0.870481046513441,0.58446518931204,0.995709839532952,0.247925803745148,0.752074196254852,0.411244650220912,-0.129518953486559,0.129518953486559,-12.9518953486559,511,1544,930,-419
3844180,"A Wild Last Boss Appeared! ~Black-Winged Survivor~",0,11,0,11,1,0.741167033031968,0.870583516515984,1,0.258832966968032,0.938781004972937,0.789970527437453,0.998114205660352,0.644521321079962,0.355478678920038,0.208143678222899,-0.0612189950270625,0.0612189950270625,-6.12189950270625,138,580,267,-129
3844490,"Wald-Guard",0,3,0,3,1,0.438502968244955,0.719251484122477,1,0.561497031755045,0.884765810979371,0.624831367315985,0.996242206486757,0.330872758342948,0.669127241657052,0.371410839170772,-0.115234189020629,0.115234189020629,-11.5234189020629,400,1324,770,-370
3844910,"Historic Helix",0,1,0,1,1,0.206549314377237,0.603274657188619,1,0.793450685622763,0.852153574587866,0.534749383069649,0.995001716766416,0.141504169329759,0.858495830670241,0.460252333696767,-0.147846425412134,0.147846425412134,-14.7846425412134,698,1857,1194,-496
3845440,"Split Second VR Tactical Shooter",0,19,29,48,0.395833333333333,0.270208278605914,0.403552096840221,0.536895915074527,0.266687636468614,0.444303190319247,0.315559581691395,0.57695243477259,0.887788531222889,0.112211468777111,0.261392853081195,0.0484698569859134,0.0484698569859134,4.84698569859134,2084,1666,2228,-144
3845600,"Living with a Little Fox Girl",0,262,47,309,0.84789644012945,0.803601033408252,0.843624532391706,0.883648031375159,0.080046997966907,0.847509161494397,0.805856181469974,0.884986294440897,0.980743997510072,0.0192560024899282,0.0791301129709233,-0.000387278635052835,0.000387278635052835,-0.0387278635052835,1369,413,1353,16
3845720,"Don't Look Behind You",0,0,1,1,0,0,0.396725342811381,0.793450685622763,0.793450685622763,0.710649405258107,0.356458319924359,0.954614608918397,0.141504169329759,0.858495830670241,0.598156288994038,0.710649405258107,0.710649405258107,71.0649405258107,2208,2208,1903,305
3846020,"Egg Finder",0,6,0,6,1,0.609665712097835,0.804832856048917,1,0.390334287902165,0.913414570778272,0.709988022926607,0.997261605765302,0.497226735266432,0.502773264733568,0.287273582838695,-0.0865854292217277,0.0865854292217277,-8.65854292217277,238,932,477,-239
3846030,"Forbidden Ground - Lair of Aooni -",0,23,24,47,0.48936170212766,0.352755550336821,0.490165506427276,0.627575462517731,0.27481991218091,0.528052207370964,0.394536325451542,0.659563787188215,0.885674003970905,0.114325996029095,0.265027461736673,0.0386905052433045,0.0386905052433045,3.86905052433045,2053,1469,2198,-145
3846450,"Pick 100 Bones",0,1,2,3,0.333333333333333,0.0614919447203963,0.426916171959174,0.792340399197952,0.730848454477556,0.664183972084073,0.347732278340177,0.912726902582571,0.330872758342948,0.669127241657052,0.564994624242395,0.330850638750739,0.330850638750739,33.0850638750739,2107,2120,2041,66
3846730,"Planetris",0,1,0,1,1,0.206549314377237,0.603274657188619,1,0.793450685622763,0.852153574587866,0.534749383069649,0.995001716766416,0.141504169329759,0.858495830670241,0.460252333696767,-0.147846425412134,0.147846425412134,-14.7846425412134,699,1858,1195,-496
3846760,"Protest Simulator",0,0,1,1,0,0,0.396725342811381,0.793450685622763,0.793450685622763,0.710649405258107,0.356458319924359,0.954614608918397,0.141504169329759,0.858495830670241,0.598156288994038,0.710649405258107,0.710649405258107,71.0649405258107,2209,2209,1904,305
3847210,"TANK 2025",0,2,0,2,1,0.342380227506653,0.671190113753327,1,0.657619772493347,0.870481046513441,0.58446518931204,0.995709839532952,0.247925803745148,0.752074196254852,0.411244650220912,-0.129518953486559,0.129518953486559,-12.9518953486559,512,1545,931,-419
3848270,"Yacht Dice Family",0,2,0,2,1,0.342380227506653,0.671190113753327,1,0.657619772493347,0.870481046513441,0.58446518931204,0.995709839532952,0.247925803745148,0.752074196254852,0.411244650220912,-0.129518953486559,0.129518953486559,-12.9518953486559,513,1546,932,-419
3848510,"Clean Minesweeper",0,30,2,32,0.9375,0.798528768558454,0.890609100763407,0.982689432968359,0.184160664409905,0.92001403027063,0.816637549460927,0.982447700582462,0.840624666939135,0.159375333060865,0.165810151121536,-0.0174859697293699,0.0174859697293699,-1.74859697293699,1015,421,429,586
3848580,"Game Shop Simulator",0,0,7,7,0,0,0.177165217533344,0.354330435066687,0.354330435066687,0.384337366513136,0.151930570078134,0.650199866038454,0.535703506847418,0.464296493152582,0.498269295960321,0.384337366513136,0.384337366513136,38.4337366513136,2147,2147,2239,-92
3848660,"Perception: Heart and Mind",0,12,0,12,1,0.757505993344759,0.87875299667238,1,0.242494006655241,0.942169460922484,0.800974166896997,0.998224749770572,0.664196976389084,0.335803023610916,0.197250582873575,-0.0578305390775165,0.0578305390775165,-5.78305390775165,124,542,245,-121
3849010,"Chess Commanders",0,0,1,1,0,0,0.396725342811381,0.793450685622763,0.793450685622763,0.710649405258107,0.356458319924359,0.954614608918397,0.141504169329759,0.858495830670241,0.598156288994038,0.710649405258107,0.710649405258107,71.0649405258107,2210,2210,1905,305
3850520,"Master of 4 Swords",0,96,6,102,0.941176470588235,0.877564055098495,0.92516420787656,0.972764360654625,0.0952003055561301,0.934810581697261,0.88146248832268,0.973043144341931,0.943859517393089,0.0561404826069106,0.0915806560192511,-0.00636588889097445,0.00636588889097445,-0.636588889097445,1003,188,308,695
3851370,"Home for Friends: Beloved Pets Collector's Edition",0,3,1,4,0.75,0.300641842582402,0.627527290886351,0.954412739190299,0.653770896607897,0.796877462908124,0.514485438814817,0.9703895228262,0.397340615926201,0.602659384073799,0.455904084011384,0.0468774629081241,0.0468774629081241,4.68774629081241,1656,1642,1567,89
3851630,"ToneTrek",0,1,0,1,1,0.206549314377237,0.603274657188619,1,0.793450685622763,0.852153574587866,0.534749383069649,0.995001716766416,0.141504169329759,0.858495830670241,0.460252333696767,-0.147846425412134,0.147846425412134,-14.7846425412134,700,1859,1196,-496
3851750,"US Visual Novel",0,1,0,1,1,0.206549314377237,0.603274657188619,1,0.793450685622763,0.852153574587866,0.534749383069649,0.995001716766416,0.141504169329759,0.858495830670241,0.460252333696767,-0.147846425412134,0.147846425412134,-14.7846425412134,701,1860,1197,-496
3852000,"RedLantern | 赤提灯",0,6,3,9,0.666666666666667,0.354202135580396,0.616809158596743,0.879416181613089,0.525214046032693,0.731543161763258,0.49053125892081,0.914719470598022,0.597334709233019,0.40266529076698,0.424188211677213,0.0648764950965914,0.0648764950965914,6.48764950965914,1790,1464,1826,-36
3852180,"Hexateria",0,2,0,2,1,0.342380227506653,0.671190113753327,1,0.657619772493347,0.870481046513441,0.58446518931204,0.995709839532952,0.247925803745148,0.752074196254852,0.411244650220912,-0.129518953486559,0.129518953486559,-12.9518953486559,514,1547,933,-419
3852230,"Path of the Bogatyr",0,12,0,12,1,0.757505993344759,0.87875299667238,1,0.242494006655241,0.942169460922484,0.800974166896997,0.998224749770572,0.664196976389084,0.335803023610916,0.197250582873575,-0.0578305390775165,0.0578305390775165,-5.78305390775165,125,543,246,-121
3852930,"Fishplay",0,1,2,3,0.333333333333333,0.0614919447203963,0.426916171959174,0.792340399197952,0.730848454477556,0.664183972084073,0.347732278340177,0.912726902582571,0.330872758342948,0.669127241657052,0.564994624242395,0.330850638750739,0.330850638750739,33.0850638750739,2108,2121,2042,66
3853070,"ARONDIGHT  アロンダイト",0,8,2,10,0.8,0.490162471536642,0.716740160041133,0.943317848545625,0.453155377008983,0.810491465599515,0.593313242217928,0.955495361116023,0.622396454151338,0.377603545848662,0.362182118898094,0.0104914655995145,0.0104914655995145,1.04914655995145,1516,1222,1519,-3
3853330,"LexiRogue",0,27,6,33,0.818181818181818,0.656117683653301,0.785005000781947,0.913892317910593,0.257774634257292,0.819673049488059,0.686568404141366,0.921923795741823,0.844704212856161,0.155295787143839,0.235355391600457,0.0014912313062404,0.0014912313062404,0.14912313062404,1459,807,1462,-3
3853500,"DarkShine",0,5,0,5,1,0.565517535216825,0.782758767608413,1,0.434482464783175,0.905590772082171,0.68618151869736,0.996989370906001,0.451796495462645,0.548203504537355,0.310807852208641,-0.0944092279178288,0.0944092279178288,-9.44092279178288,285,1045,558,-273
3853780,"Just Grandma and Me",0,3,0,3,1,0.438502968244955,0.719251484122477,1,0.561497031755045,0.884765810979371,0.624831367315985,0.996242206486757,0.330872758342948,0.669127241657052,0.371410839170772,-0.115234189020629,0.115234189020629,-11.5234189020629,401,1325,771,-370
3853960,"Rolling Ball: HD Remaster",0,1,1,2,0.5,0.0945312057342307,0.5,0.905468794265769,0.810937588531539,0.746518144640867,0.41858644386299,0.961464062212803,0.247925803745148,0.752074196254852,0.542877618349813,0.246518144640867,0.246518144640867,24.6518144640867,2020,2072,1776,244
3854020,"DACHA",0,56,17,73,0.767123287671233,0.658327339560957,0.753769258148812,0.849211176736666,0.190883837175708,0.771777905467486,0.673762937470457,0.856783227691027,0.923268430775227,0.0767315692247728,0.18302029022057,0.00465461779625298,0.00465461779625298,0.465461779625298,1600,798,1681,-81
3854060,"FlippUp",0,64,12,76,0.842105263157895,0.743985675457256,0.825645352477716,0.907305029498176,0.16331935404092,0.841046565970029,0.755056688263131,0.911333588007091,0.926073393856593,0.0739266061434072,0.15627689974396,-0.00105869718786522,0.00105869718786522,-0.105869718786522,1387,564,1383,4
3854270,"Midnight Murder Maze",0,12,0,12,1,0.757505993344759,0.87875299667238,1,0.242494006655241,0.942169460922484,0.800974166896997,0.998224749770572,0.664196976389084,0.335803023610916,0.197250582873575,-0.0578305390775165,0.0578305390775165,-5.78305390775165,126,544,247,-121
3854330,"My Little Spider",0,365,22,387,0.943152454780362,0.91543137521984,0.938796847492781,0.962162319765722,0.0467309445458819,0.941371765104456,0.91613951028328,0.962360431649203,0.984565148772574,0.0154348512274259,0.0462209213659232,-0.00178068967590583,0.00178068967590583,-0.178068967590583,995,110,253,742
3854340,"The Abyssal Descent",0,1,0,1,1,0.206549314377237,0.603274657188619,1,0.793450685622763,0.852153574587866,0.534749383069649,0.995001716766416,0.141504169329759,0.858495830670241,0.460252333696767,-0.147846425412134,0.147846425412134,-14.7846425412134,702,1861,1198,-496
3854410,"ZahmahreL - Chapter 1",0,34,20,54,0.62962962962963,0.496274673522667,0.621020460803032,0.745766248083397,0.249491574560731,0.649643815255892,0.52576767630523,0.764079176828956,0.898997174936905,0.101002825063095,0.238311500523727,0.0200141856262622,0.0200141856262622,2.00141856262622,1872,1211,2063,-191
3854760,"Tentaphage",0,3,0,3,1,0.438502968244955,0.719251484122477,1,0.561497031755045,0.884765810979371,0.624831367315985,0.996242206486757,0.330872758342948,0.669127241657052,0.371410839170772,-0.115234189020629,0.115234189020629,-11.5234189020629,402,1326,772,-370
3854990,"TryAngle: Shapes Warfare",0,2,0,2,1,0.342380227506653,0.671190113753327,1,0.657619772493347,0.870481046513441,0.58446518931204,0.995709839532952,0.247925803745148,0.752074196254852,0.411244650220912,-0.129518953486559,0.129518953486559,-12.9518953486559,515,1548,934,-419
3855620,"GHOST OF THE DICED STEAK",0,8,2,10,0.8,0.490162471536642,0.716740160041133,0.943317848545625,0.453155377008983,0.810491465599515,0.593313242217928,0.955495361116023,0.622396454151338,0.377603545848662,0.362182118898094,0.0104914655995145,0.0104914655995145,1.04914655995145,1517,1223,1520,-3
3856010,"Space Travel:Chronicles",0,1,0,1,1,0.206549314377237,0.603274657188619,1,0.793450685622763,0.852153574587866,0.534749383069649,0.995001716766416,0.141504169329759,0.858495830670241,0.460252333696767,-0.147846425412134,0.147846425412134,-14.7846425412134,703,1862,1199,-496
3857170,"Space Depot",0,0,1,1,0,0,0.396725342811381,0.793450685622763,0.793450685622763,0.710649405258107,0.356458319924359,0.954614608918397,0.141504169329759,0.858495830670241,0.598156288994038,0.710649405258107,0.710649405258107,71.0649405258107,2211,2211,1906,305
3857770,"Backmooms",0,116,20,136,0.852941176470588,0.783750944780433,0.843245847152853,0.902740749525273,0.11898980474484,0.85186686064619,0.789199849240526,0.905166156224535,0.957295272035435,0.0427047279645648,0.115966306984009,-0.00107431582439865,0.00107431582439865,-0.107431582439865,1357,470,1332,25
3857980,"Anyone in the house？",0,17,5,22,0.772727272727273,0.565600468247783,0.732185034197649,0.898769600147515,0.333169131899732,0.784628373410813,0.618086873984505,0.912928979795883,0.783840638389173,0.216159361610827,0.294842105811379,0.01190110068354,0.01190110068354,1.190110068354,1589,1010,1602,-13
3858850,"Hydra Heli",0,76,7,83,0.91566265060241,0.836004705413837,0.897275684546408,0.95854666367898,0.122541958265143,0.909676685667659,0.842421781144184,0.95961901652863,0.93188347673967,0.0681165232603304,0.117197235384445,-0.00598596493475045,0.00598596493475045,-0.598596493475045,1122,316,509,613
3860020,"Wise in the Heights",0,1,0,1,1,0.206549314377237,0.603274657188619,1,0.793450685622763,0.852153574587866,0.534749383069649,0.995001716766416,0.141504169329759,0.858495830670241,0.460252333696767,-0.147846425412134,0.147846425412134,-14.7846425412134,704,1863,1200,-496
3860040,"躁のあなた鬱のあたし｜Manic you and depressed me",0,3,1,4,0.75,0.300641842582402,0.627527290886351,0.954412739190299,0.653770896607897,0.796877462908124,0.514485438814817,0.9703895228262,0.397340615926201,0.602659384073799,0.455904084011384,0.0468774629081241,0.0468774629081241,4.68774629081241,1657,1643,1568,89
3860080,"МЕМАСИКИ 2 Олдскулы свело",0,20,7,27,0.740740740740741,0.553214286854469,0.710755270617699,0.868296254380928,0.315081967526459,0.756710998596595,0.599445760702151,0.884637796383264,0.816525765849317,0.183474234150683,0.285192035681113,0.015970257855854,0.015970257855854,1.5970257855854,1681,1082,1718,-37
3860440,"Parking Simulator",0,19,0,19,1,0.831820775947384,0.915910387973692,1,0.168179224052616,0.958318777185676,0.85443494094954,0.998741255297061,0.757970773364418,0.242029226635582,0.144306314347521,-0.0416812228143236,0.0416812228143236,-4.16812228143236,61,329,125,-64
3861060,"Scooter Slayer",0,3,0,3,1,0.438502968244955,0.719251484122477,1,0.561497031755045,0.884765810979371,0.624831367315985,0.996242206486757,0.330872758342948,0.669127241657052,0.371410839170772,-0.115234189020629,0.115234189020629,-11.5234189020629,403,1327,773,-370
3861140,"Agent Versus",0,7,0,7,1,0.645669564933313,0.822834782466656,1,0.354330435066687,0.920040873360553,0.730470837927101,0.997488688736488,0.535703506847418,0.464296493152582,0.267017850809387,-0.0799591266394466,0.0799591266394466,-7.99591266394466,203,844,414,-211
3861560,"Planet Drop",0,3,0,3,1,0.438502968244955,0.719251484122477,1,0.561497031755045,0.884765810979371,0.624831367315985,0.996242206486757,0.330872758342948,0.669127241657052,0.371410839170772,-0.115234189020629,0.115234189020629,-11.5234189020629,404,1328,774,-370
3861720,"Ruby's Realms",0,1,0,1,1,0.206549314377237,0.603274657188619,1,0.793450685622763,0.852153574587866,0.534749383069649,0.995001716766416,0.141504169329759,0.858495830670241,0.460252333696767,-0.147846425412134,0.147846425412134,-14.7846425412134,705,1864,1201,-496
3861930,"Pieces To Find",0,1,0,1,1,0.206549314377237,0.603274657188619,1,0.793450685622763,0.852153574587866,0.534749383069649,0.995001716766416,0.141504169329759,0.858495830670241,0.460252333696767,-0.147846425412134,0.147846425412134,-14.7846425412134,706,1865,1202,-496
3862060,"My First PC Game",0,2,0,2,1,0.342380227506653,0.671190113753327,1,0.657619772493347,0.870481046513441,0.58446518931204,0.995709839532952,0.247925803745148,0.752074196254852,0.411244650220912,-0.129518953486559,0.129518953486559,-12.9518953486559,516,1549,935,-419
3862620,"Generic Idler",0,0,1,1,0,0,0.396725342811381,0.793450685622763,0.793450685622763,0.710649405258107,0.356458319924359,0.954614608918397,0.141504169329759,0.858495830670241,0.598156288994038,0.710649405258107,0.710649405258107,71.0649405258107,2212,2212,1907,305
3862710,"Vita: The Ember Oracle",0,1,0,1,1,0.206549314377237,0.603274657188619,1,0.793450685622763,0.852153574587866,0.534749383069649,0.995001716766416,0.141504169329759,0.858495830670241,0.460252333696767,-0.147846425412134,0.147846425412134,-14.7846425412134,707,1866,1203,-496
3863120,"Machine TakeOver",0,0,2,2,0,0,0.328809886246673,0.657619772493347,0.657619772493347,0.622555242768293,0.289385773103398,0.898758006134615,0.247925803745148,0.752074196254852,0.609372233031217,0.622555242768293,0.622555242768293,62.2555242768293,2174,2174,2116,58
3863220,"Hypercore",0,5,0,5,1,0.565517535216825,0.782758767608413,1,0.434482464783175,0.905590772082171,0.68618151869736,0.996989370906001,0.451796495462645,0.548203504537355,0.310807852208641,-0.0944092279178288,0.0944092279178288,-9.44092279178288,286,1046,559,-273
3863340,"Ramona",0,36,11,47,0.765957446808511,0.627757424498444,0.745862339318086,0.863967254137728,0.236209829639284,0.773025868043767,0.652404747792236,0.874187590098887,0.885674003970905,0.114325996029095,0.221782842306651,0.00706842123525686,0.00706842123525686,0.706842123525686,1604,881,1679,-75
3863590,"Beltion: Beyond Ritual",0,35,8,43,0.813953488372093,0.673829963427256,0.788206224568647,0.902582485710038,0.228752522282782,0.815663617951124,0.697074443235013,0.909962316068719,0.876353999886154,0.123646000113846,0.212887872833705,0.00171012957903105,0.00171012957903105,0.171012957903105,1474,772,1475,-1
3863990,"FOREST SURVIVAL",0,1,0,1,1,0.206549314377237,0.603274657188619,1,0.793450685622763,0.852153574587866,0.534749383069649,0.995001716766416,0.141504169329759,0.858495830670241,0.460252333696767,-0.147846425412134,0.147846425412134,-14.7846425412134,708,1867,1204,-496
3864010,"I Am Sakuya FPS: Lunarian Invasion",0,34,16,50,0.68,0.541897026918559,0.667157432155995,0.792417837393432,0.250520810474872,0.695991551443099,0.570623171198654,0.808119100407716,0.891791299686107,0.108208700313893,0.237495929209062,0.0159915514430993,0.0159915514430993,1.59915514430993,1765,1102,1970,-205
3864070,"Sea Hotel : Fish Scales",0,2,2,4,0.5,0.15003898915215,0.5,0.84996101084785,0.699922021695701,0.697542308926574,0.398233942241128,0.923287916642755,0.397340615926201,0.602659384073799,0.525053974401627,0.197542308926574,0.197542308926574,19.7542308926574,1989,2019,1963,26
3865340,"Deadcam",0,44,17,61,0.721311475409836,0.598285694118298,0.708200127596319,0.81811456107434,0.219828866956042,0.730943098334961,0.619557462676852,0.829289869778452,0.909539177975722,0.0904608220242784,0.2097324071016,0.00963162292512509,0.00963162292512509,0.963162292512509,1710,967,1829,-119
3865990,"The Three Cardinals",0,1,0,1,1,0.206549314377237,0.603274657188619,1,0.793450685622763,0.852153574587866,0.534749383069649,0.995001716766416,0.141504169329759,0.858495830670241,0.460252333696767,-0.147846425412134,0.147846425412134,-14.7846425412134,709,1868,1205,-496
3866620,"From The Dark",0,4,1,5,0.8,0.375534629762525,0.669655260565048,0.96377589136757,0.588241261605044,0.815231472989642,0.551924429746717,0.973460575390088,0.451796495462645,0.548203504537355,0.421536145643371,0.0152314729896422,0.0152314729896422,1.52314729896422,1535,1442,1493,42
3867530,"Way to Town",0,3,0,3,1,0.438502968244955,0.719251484122477,1,0.561497031755045,0.884765810979371,0.624831367315985,0.996242206486757,0.330872758342948,0.669127241657052,0.371410839170772,-0.115234189020629,0.115234189020629,-11.5234189020629,405,1329,775,-370
3868390,"Chop It Down",0,2,0,2,1,0.342380227506653,0.671190113753327,1,0.657619772493347,0.870481046513441,0.58446518931204,0.995709839532952,0.247925803745148,0.752074196254852,0.411244650220912,-0.129518953486559,0.129518953486559,-12.9518953486559,517,1550,936,-419
3868480,"The Inconvenient Platformer",0,6,0,6,1,0.609665712097835,0.804832856048917,1,0.390334287902165,0.913414570778272,0.709988022926607,0.997261605765302,0.497226735266432,0.502773264733568,0.287273582838695,-0.0865854292217277,0.0865854292217277,-8.65854292217277,239,933,478,-239
3868490,"Marshals of Yore",0,27,3,30,0.9,0.743789174208159,0.854594642730413,0.965400111252666,0.221610937044507,0.887852380999381,0.768140380419585,0.967353445468915,0.831786912524517,0.168213087475483,0.19921306504933,-0.0121476190006186,0.0121476190006186,-1.21476190006186,1180,567,698,482
3868610,"Glitch",0,26,3,29,0.896551724137931,0.736149189092262,0.850167148870792,0.964185108649323,0.228035919557061,0.88465427896016,0.761919255443294,0.966365933582295,0.826989997325844,0.173010002674156,0.204446678139001,-0.011897445177771,0.011897445177771,-1.1897445177771,1198,596,810,388
3868630,"Serra de Deus",0,80,5,85,0.941176470588235,0.869585615491602,0.922100227729095,0.974614839966587,0.105029224474985,0.933622223731915,0.874525558916661,0.974857333105224,0.933379442916944,0.0666205570830559,0.100331774188563,-0.00755424685632022,0.00755424685632022,-0.755424685632022,1004,215,316,688
3869100,"TearItUp<U+00AE> Remix",0,2,0,2,1,0.342380227506653,0.671190113753327,1,0.657619772493347,0.870481046513441,0.58446518931204,0.995709839532952,0.247925803745148,0.752074196254852,0.411244650220912,-0.129518953486559,0.129518953486559,-12.9518953486559,518,1551,937,-419
3869160,"Info Fighter",0,2,0,2,1,0.342380227506653,0.671190113753327,1,0.657619772493347,0.870481046513441,0.58446518931204,0.995709839532952,0.247925803745148,0.752074196254852,0.411244650220912,-0.129518953486559,0.129518953486559,-12.9518953486559,519,1552,938,-419
3869380,"Agu",0,18,1,19,0.947368421052632,0.753612688331012,0.872130347134356,0.9906480059377,0.237035317606688,0.918425578587549,0.78654902945994,0.98916952810114,0.757970773364418,0.242029226635582,0.2026204986412,-0.0289428424650824,0.0289428424650824,-2.89428424650824,980,551,435,545
3869460,"GluMe",0,14,0,14,1,0.784689197262364,0.892344598631182,1,0.215310802737636,0.947933226509594,0.819862183909706,0.998411037394891,0.69766527778157,0.30233472221843,0.178548853485185,-0.0520667734904059,0.0520667734904059,-5.20667734904059,99,466,194,-95
3869480,"Attrition",0,3,0,3,1,0.438502968244955,0.719251484122477,1,0.561497031755045,0.884765810979371,0.624831367315985,0.996242206486757,0.330872758342948,0.669127241657052,0.371410839170772,-0.115234189020629,0.115234189020629,-11.5234189020629,406,1330,776,-370
3869490,"GeneBreak",0,3,0,3,1,0.438502968244955,0.719251484122477,1,0.561497031755045,0.884765810979371,0.624831367315985,0.996242206486757,0.330872758342948,0.669127241657052,0.371410839170772,-0.115234189020629,0.115234189020629,-11.5234189020629,407,1331,777,-370
3870020,"Phil in the Mirror",0,36,2,38,0.947368421052632,0.827145378682296,0.906295585267502,0.985445791852708,0.158300413170411,0.93090464195937,0.840616969905117,0.984934761982628,0.862324658462675,0.137675341537326,0.144317792077511,-0.0164637790932617,0.0164637790932617,-1.64637790932617,978,340,328,650
3870210,"Gray Goo",0,6,0,6,1,0.609665712097835,0.804832856048917,1,0.390334287902165,0.913414570778272,0.709988022926607,0.997261605765302,0.497226735266432,0.502773264733568,0.287273582838695,-0.0865854292217277,0.0865854292217277,-8.65854292217277,240,934,479,-239
3870780,"Nekurogahara: Ronin Psyche",0,3,1,4,0.75,0.300641842582402,0.627527290886351,0.954412739190299,0.653770896607897,0.796877462908124,0.514485438814817,0.9703895228262,0.397340615926201,0.602659384073799,0.455904084011384,0.0468774629081241,0.0468774629081241,4.68774629081241,1658,1644,1569,89
3870960,"Lost in Loss",0,10,4,14,0.714285714285714,0.453509156701068,0.66814768512765,0.882786213554231,0.429277056853163,0.748600290000574,0.543081763832043,0.907414646654689,0.69766527778157,0.30233472221843,0.364332882822646,0.0343145757148596,0.0343145757148596,3.43145757148596,1725,1263,1738,-13
3871150,"Throne Alone",0,12,1,13,0.923076923076923,0.666860490789004,0.826575034773224,0.986289578757443,0.319429087968439,0.892755660082402,0.724417251222178,0.985489634176629,0.681808780229511,0.318191219770489,0.261072382954451,-0.0303212629945206,0.0303212629945206,-3.03212629945206,1092,790,682,410
3871180,"One more gem",0,7,0,7,1,0.645669564933313,0.822834782466656,1,0.354330435066687,0.920040873360553,0.730470837927101,0.997488688736488,0.535703506847418,0.464296493152582,0.267017850809387,-0.0799591266394466,0.0799591266394466,-7.99591266394466,204,845,415,-211
3871250,"Summit Drive a game by Luke Kim",0,26,0,26,1,0.871271078140785,0.935635539070393,1,0.128728921859215,0.967417514218415,0.885288040331854,0.999024944556286,0.810804163046963,0.189195836953038,0.113736904224432,-0.0325824857815854,0.0325824857815854,-3.25824857815854,31,209,76,-45
3871740,"Behind You",1,13,0,13,1,0.771904627645802,0.885952313822901,1,0.228095372354198,0.945202489330826,0.81088672917826,0.9983230513247,0.681808780229511,0.318191219770489,0.18743632214644,-0.0547975106691736,0.0547975106691736,-5.47975106691736,112,496,217,-105
3873550,"Cosmic Cat",0,3,0,3,1,0.438502968244955,0.719251484122477,1,0.561497031755045,0.884765810979371,0.624831367315985,0.996242206486757,0.330872758342948,0.669127241657052,0.371410839170772,-0.115234189020629,0.115234189020629,-11.5234189020629,408,1332,778,-370
3874050,"Duck Life 4 Classic",0,56,7,63,0.888888888888889,0.787953442499175,0.866538977937669,0.945124513376163,0.157171070876988,0.883521385329001,0.798704695767567,0.947421585535001,0.912158689877401,0.0878413101225991,0.148716889767434,-0.00536750355988769,0.00536750355988769,-0.536750355988769,1220,453,811,409
3874490,"Denrei Survivors",0,38,2,40,0.95,0.83496122630859,0.910570279461221,0.986179332613852,0.151218106305261,0.933904423306633,0.847277239072182,0.985614194601305,0.868301846123804,0.131698153876196,0.138336955529123,-0.0160955766933669,0.0160955766933669,-1.60955766933669,962,320,315,647
3874510,"Nightmare Mines",0,7,0,7,1,0.645669564933313,0.822834782466656,1,0.354330435066687,0.920040873360553,0.730470837927101,0.997488688736488,0.535703506847418,0.464296493152582,0.267017850809387,-0.0799591266394466,0.0799591266394466,-7.99591266394466,205,846,416,-211
3874950,"Bit Buddy",0,437,3,440,0.993181818181818,0.980148085973531,0.988913317328621,0.997678548683711,0.01753046271018,0.99093225700251,0.980278676243163,0.997494672488725,0.986399059920892,0.0136009400791081,0.0172159962455615,-0.00224956117930863,0.00224956117930863,-0.224956117930863,840,6,8,832
3875320,"Neoteria",0,1,0,1,1,0.206549314377237,0.603274657188619,1,0.793450685622763,0.852153574587866,0.534749383069649,0.995001716766416,0.141504169329759,0.858495830670241,0.460252333696767,-0.147846425412134,0.147846425412134,-14.7846425412134,710,1869,1206,-496
3876030,"Monkey Jump",0,5,0,5,1,0.565517535216825,0.782758767608413,1,0.434482464783175,0.905590772082171,0.68618151869736,0.996989370906001,0.451796495462645,0.548203504537355,0.310807852208641,-0.0944092279178288,0.0944092279178288,-9.44092279178288,287,1047,560,-273
3876670,"Hidden Pets: 101 Cats in Chennai",0,19,2,21,0.904761904761905,0.710858609260818,0.842169920911372,0.973481232561926,0.262622623301108,0.887507732709008,0.746947324308,0.974827927279584,0.775854532651986,0.224145467348014,0.227880602971585,-0.0172541720528966,0.0172541720528966,-1.72541720528966,1164,680,704,460
3876700,"Quarter Five",0,2,1,3,0.666666666666667,0.207659600802048,0.573083828040826,0.938508055279604,0.730848454477556,0.774474891531722,0.470582557778087,0.966512741987473,0.330872758342948,0.669127241657052,0.495930184209387,0.107808224865055,0.107808224865055,10.7808224865055,1820,1715,1655,165
3876870,"Fear of Energy",0,2,1,3,0.666666666666667,0.207659600802048,0.573083828040826,0.938508055279604,0.730848454477556,0.774474891531722,0.470582557778087,0.966512741987473,0.330872758342948,0.669127241657052,0.495930184209387,0.107808224865055,0.107808224865055,10.7808224865055,1821,1716,1656,165
3877150,"Pixelo",0,1,0,1,1,0.206549314377237,0.603274657188619,1,0.793450685622763,0.852153574587866,0.534749383069649,0.995001716766416,0.141504169329759,0.858495830670241,0.460252333696767,-0.147846425412134,0.147846425412134,-14.7846425412134,711,1870,1207,-496
3877280,"Moxie",0,1,0,1,1,0.206549314377237,0.603274657188619,1,0.793450685622763,0.852153574587866,0.534749383069649,0.995001716766416,0.141504169329759,0.858495830670241,0.460252333696767,-0.147846425412134,0.147846425412134,-14.7846425412134,712,1871,1208,-496
3877400,"Contingence",0,1,0,1,1,0.206549314377237,0.603274657188619,1,0.793450685622763,0.852153574587866,0.534749383069649,0.995001716766416,0.141504169329759,0.858495830670241,0.460252333696767,-0.147846425412134,0.147846425412134,-14.7846425412134,713,1872,1209,-496
3877580,"Lakeside Has No Lake!!",0,8,1,9,0.888888888888889,0.565000294423344,0.7725547033924,0.980109112361455,0.415108817938111,0.864284208259485,0.658398730301434,0.981238920013751,0.597334709233019,0.40266529076698,0.322840189712317,-0.0246046806294042,0.0246046806294042,-2.46046806294042,1235,1068,1025,210
3877790,"Hunter's Moon: A Sovereign Syndicate Adventure",0,171,33,204,0.838235294117647,0.781533149821403,0.831983813005887,0.882434476190371,0.100901326368968,0.83793346080174,0.785292957114342,0.8844848333145,0.971119063849737,0.0288809361502629,0.0991918762001585,-0.000301833315907274,0.000301833315907274,-0.0301833315907274,1396,474,1394,2
3878240,"Ocean of Vengeance",0,0,1,1,0,0,0.396725342811381,0.793450685622763,0.793450685622763,0.710649405258107,0.356458319924359,0.954614608918397,0.141504169329759,0.858495830670241,0.598156288994038,0.710649405258107,0.710649405258107,71.0649405258107,2213,2213,1908,305
3878510,"Mr Taoist priest",0,2,0,2,1,0.342380227506653,0.671190113753327,1,0.657619772493347,0.870481046513441,0.58446518931204,0.995709839532952,0.247925803745148,0.752074196254852,0.411244650220912,-0.129518953486559,0.129518953486559,-12.9518953486559,520,1553,939,-419
3879000,"They Watch",0,3,0,3,1,0.438502968244955,0.719251484122477,1,0.561497031755045,0.884765810979371,0.624831367315985,0.996242206486757,0.330872758342948,0.669127241657052,0.371410839170772,-0.115234189020629,0.115234189020629,-11.5234189020629,409,1333,779,-370
3879060,"Instant Anastasia",0,46,2,48,0.958333333333333,0.860243441295446,0.924370773903029,0.988498106510613,0.128254665215168,0.943684239132122,0.869155887946265,0.987812673789913,0.887788531222889,0.112211468777111,0.118656785843648,-0.0146490942012113,0.0146490942012113,-1.46490942012113,923,239,231,692
3879250,"Your Sister",0,6,1,7,0.857142857142857,0.486872170725681,0.730596273190469,0.974320375655256,0.487448204929575,0.84351180095378,0.612178260667578,0.97801824063592,0.535703506847418,0.464296493152582,0.365839979968342,-0.0136310561890776,0.0136310561890776,-1.36310561890776,1347,1234,1372,-25
3879670,"RADIOACTIVE INC.",0,16,10,26,0.615384615384615,0.425348500851155,0.600531278247014,0.775714055642872,0.350365554791717,0.655569759200352,0.485731990838514,0.807028997462294,0.810804163046963,0.189195836953038,0.321297006623779,0.0401851438157367,0.0401851438157367,4.01851438157367,1889,1386,2057,-168
3879810,"Train Deluxe 2026 Kurakyu",0,0,4,4,0,0,0.244945418227299,0.489890836454597,0.489890836454597,0.498872000963473,0.211908099635446,0.786259070646069,0.397340615926201,0.602659384073799,0.574350971010623,0.498872000963473,0.498872000963473,49.8872000963473,2151,2151,2216,-65
3880060,"Corrupted Basement",0,1,0,1,1,0.206549314377237,0.603274657188619,1,0.793450685622763,0.852153574587866,0.534749383069649,0.995001716766416,0.141504169329759,0.858495830670241,0.460252333696767,-0.147846425412134,0.147846425412134,-14.7846425412134,714,1873,1210,-496
3880170,"Hope - The Game",0,2,0,2,1,0.342380227506653,0.671190113753327,1,0.657619772493347,0.870481046513441,0.58446518931204,0.995709839532952,0.247925803745148,0.752074196254852,0.411244650220912,-0.129518953486559,0.129518953486559,-12.9518953486559,521,1554,940,-419
3880210,"The Vending Machine",0,2,1,3,0.666666666666667,0.207659600802048,0.573083828040826,0.938508055279604,0.730848454477556,0.774474891531722,0.470582557778087,0.966512741987473,0.330872758342948,0.669127241657052,0.495930184209387,0.107808224865055,0.107808224865055,10.7808224865055,1822,1717,1657,165
3880220,"Dimmed Light",0,15,4,19,0.789473684210526,0.566657215561858,0.740790224616348,0.914923233670837,0.348266018108979,0.798745982793167,0.624875871311334,0.927758920492699,0.757970773364418,0.242029226635582,0.302883049181366,0.00927229858264111,0.00927229858264111,0.927229858264111,1554,1007,1545,9
3880670,"XD CLICKER",0,2,0,2,1,0.342380227506653,0.671190113753327,1,0.657619772493347,0.870481046513441,0.58446518931204,0.995709839532952,0.247925803745148,0.752074196254852,0.411244650220912,-0.129518953486559,0.129518953486559,-12.9518953486559,522,1555,941,-419
3882020,"Avernum 4: Greed and Glory",0,122,10,132,0.924242424242424,0.866158621441473,0.912245278327863,0.958331935214253,0.0921733137727805,0.920003868336362,0.869517450655629,0.959021276462863,0.956058053880608,0.0439419461193922,0.0895038258072339,-0.00423855590606226,0.00423855590606226,-0.423855590606226,1072,226,430,642
3882340,"W3DGE",0,1,0,1,1,0.206549314377237,0.603274657188619,1,0.793450685622763,0.852153574587866,0.534749383069649,0.995001716766416,0.141504169329759,0.858495830670241,0.460252333696767,-0.147846425412134,0.147846425412134,-14.7846425412134,715,1874,1211,-496
3882570,"Skeleton Dungeon",0,7,0,7,1,0.645669564933313,0.822834782466656,1,0.354330435066687,0.920040873360553,0.730470837927101,0.997488688736488,0.535703506847418,0.464296493152582,0.267017850809387,-0.0799591266394466,0.0799591266394466,-7.99591266394466,206,847,417,-211
3882730,"PANOPTYCA : Idle RPG Manager",1,17,3,20,0.85,0.639581135259243,0.793606194681513,0.947631254103783,0.30805011884454,0.84482943168949,0.68630903590181,0.953779718220866,0.76725568840929,0.23274431159071,0.267470682319056,-0.00517056831050988,0.00517056831050988,-0.517056831050988,1363,867,1363,0
3882780,"Dead On Duty",0,12,0,12,1,0.757505993344759,0.87875299667238,1,0.242494006655241,0.942169460922484,0.800974166896997,0.998224749770572,0.664196976389084,0.335803023610916,0.197250582873575,-0.0578305390775165,0.0578305390775165,-5.78305390775165,127,545,248,-121
3882860,"I Am A Stick",0,1,0,1,1,0.206549314377237,0.603274657188619,1,0.793450685622763,0.852153574587866,0.534749383069649,0.995001716766416,0.141504169329759,0.858495830670241,0.460252333696767,-0.147846425412134,0.147846425412134,-14.7846425412134,716,1875,1212,-496
3883520,"Just Waiting Cats",0,14,1,15,0.933333333333333,0.7018347012622,0.844983902884466,0.988133104506731,0.286298403244532,0.902936957694645,0.748766183226432,0.986965939431606,0.712016430428814,0.287983569571186,0.238199756205174,-0.0303963756386879,0.0303963756386879,-3.03963756386879,1042,696,589,453
3883560,"Lunavoid",0,6,2,8,0.75,0.409275430310169,0.66889810877903,0.928520787247891,0.519245356937722,0.783547627810884,0.543459958033918,0.948262631408689,0.568709749645159,0.431290250354841,0.40480267337477,0.0335476278108844,0.0335476278108844,3.35476278108844,1642,1399,1605,37
3883760,"Stretcher Together",0,55,59,114,0.482456140350877,0.392806499312467,0.483028044458927,0.573249589605388,0.180443090292921,0.499905423692375,0.41100126610057,0.588812566843902,0.94947043618344,0.0505295638165598,0.177811300743333,0.0174492833414979,0.0174492833414979,1.74492833414979,2055,1413,2205,-150
3883840,"Operation Dimera",0,3,4,7,0.428571428571429,0.15821985525147,0.453880745361906,0.749541635472343,0.591321780220873,0.613924583733458,0.348092753743395,0.846801776964377,0.535703506847418,0.464296493152582,0.498709023220982,0.185353155162029,0.185353155162029,18.5353155162029,2065,2008,2132,-67
3884360,"Trash Sorter Simulator",0,0,1,1,0,0,0.396725342811381,0.793450685622763,0.793450685622763,0.710649405258107,0.356458319924359,0.954614608918397,0.141504169329759,0.858495830670241,0.598156288994038,0.710649405258107,0.710649405258107,71.0649405258107,2214,2214,1909,305
3884400,"DinoGORE",0,3,0,3,1,0.438502968244955,0.719251484122477,1,0.561497031755045,0.884765810979371,0.624831367315985,0.996242206486757,0.330872758342948,0.669127241657052,0.371410839170772,-0.115234189020629,0.115234189020629,-11.5234189020629,410,1334,780,-370
3884520,"Blood: Refreshed Supply<U+2122>",0,514,202,716,0.717877094972067,0.683818217118654,0.716714386325529,0.749610555532403,0.0657923384137495,0.718800554409714,0.685470354765433,0.750982747163246,0.991597829325848,0.00840217067415179,0.065512392397813,0.000923459437646934,0.000923459437646934,0.0923459437646934,1717,740,1858,-141
3884540,"Dream:scape Remastered",0,4,1,5,0.8,0.375534629762525,0.669655260565048,0.96377589136757,0.588241261605044,0.815231472989642,0.551924429746717,0.973460575390088,0.451796495462645,0.548203504537355,0.421536145643371,0.0152314729896422,0.0152314729896422,1.52314729896422,1536,1443,1494,42
3884580,"Reflections of Life: In Screams and Sorrow Collector's Edition",0,1,0,1,1,0.206549314377237,0.603274657188619,1,0.793450685622763,0.852153574587866,0.534749383069649,0.995001716766416,0.141504169329759,0.858495830670241,0.460252333696767,-0.147846425412134,0.147846425412134,-14.7846425412134,717,1876,1213,-496
3885080,"Mage of Tempest Castle",0,1,0,1,1,0.206549314377237,0.603274657188619,1,0.793450685622763,0.852153574587866,0.534749383069649,0.995001716766416,0.141504169329759,0.858495830670241,0.460252333696767,-0.147846425412134,0.147846425412134,-14.7846425412134,718,1877,1214,-496
3885160,"Drunk But Not Wasted Knight",0,1,0,1,1,0.206549314377237,0.603274657188619,1,0.793450685622763,0.852153574587866,0.534749383069649,0.995001716766416,0.141504169329759,0.858495830670241,0.460252333696767,-0.147846425412134,0.147846425412134,-14.7846425412134,719,1878,1215,-496
3885290,"Go! Sloth",0,12,2,14,0.857142857142857,0.600586205030297,0.780246141879416,0.959906078728535,0.359319873698239,0.848266758255084,0.666627854192177,0.965214221424354,0.69766527778157,0.30233472221843,0.298586367232177,-0.00887609888777308,0.00887609888777308,-0.887609888777308,1335,955,1346,-11
3885360,"Valoris",0,2,1,3,0.666666666666667,0.207659600802048,0.573083828040826,0.938508055279604,0.730848454477556,0.774474891531722,0.470582557778087,0.966512741987473,0.330872758342948,0.669127241657052,0.495930184209387,0.107808224865055,0.107808224865055,10.7808224865055,1823,1718,1658,165
3885750,"Sudoku-X",0,1,0,1,1,0.206549314377237,0.603274657188619,1,0.793450685622763,0.852153574587866,0.534749383069649,0.995001716766416,0.141504169329759,0.858495830670241,0.460252333696767,-0.147846425412134,0.147846425412134,-14.7846425412134,720,1879,1216,-496
3885800,"Sudoku-9",0,1,0,1,1,0.206549314377237,0.603274657188619,1,0.793450685622763,0.852153574587866,0.534749383069649,0.995001716766416,0.141504169329759,0.858495830670241,0.460252333696767,-0.147846425412134,0.147846425412134,-14.7846425412134,721,1880,1217,-496
3886310,"KOALAS DELIV & GUY",0,1,0,1,1,0.206549314377237,0.603274657188619,1,0.793450685622763,0.852153574587866,0.534749383069649,0.995001716766416,0.141504169329759,0.858495830670241,0.460252333696767,-0.147846425412134,0.147846425412134,-14.7846425412134,722,1881,1218,-496
3886860,"Suika Sprunki Edition",0,5,1,6,0.833333333333333,0.43649717781353,0.703221904032612,0.969946630251693,0.533449452438163,0.830543448233867,0.584163438104136,0.975953731492499,0.497226735266432,0.502773264733568,0.391790293388363,-0.00278988509946654,0.00278988509946654,-0.278988509946654,1429,1374,1434,-5
3888790,"ExitApartment",0,7,0,7,1,0.645669564933313,0.822834782466656,1,0.354330435066687,0.920040873360553,0.730470837927101,0.997488688736488,0.535703506847418,0.464296493152582,0.267017850809387,-0.0799591266394466,0.0799591266394466,-7.99591266394466,207,848,418,-211
3890550,"Jam's Adjustable Mirrors",1,4,0,4,1,0.510109163545403,0.755054581772701,1,0.489890836454597,0.896212616889674,0.658188789563792,0.996657030244202,0.397340615926201,0.602659384073799,0.338468240680411,-0.103787383110326,0.103787383110326,-10.3787383110326,328,1172,638,-310
3890660,"Rachel's Journal",0,4,0,4,1,0.510109163545403,0.755054581772701,1,0.489890836454597,0.896212616889674,0.658188789563792,0.996657030244202,0.397340615926201,0.602659384073799,0.338468240680411,-0.103787383110326,0.103787383110326,-10.3787383110326,329,1173,639,-310
3891810,"BrainRot Battle",0,1,0,1,1,0.206549314377237,0.603274657188619,1,0.793450685622763,0.852153574587866,0.534749383069649,0.995001716766416,0.141504169329759,0.858495830670241,0.460252333696767,-0.147846425412134,0.147846425412134,-14.7846425412134,723,1882,1219,-496
3892140,"Sudoku-Zen",0,1,0,1,1,0.206549314377237,0.603274657188619,1,0.793450685622763,0.852153574587866,0.534749383069649,0.995001716766416,0.141504169329759,0.858495830670241,0.460252333696767,-0.147846425412134,0.147846425412134,-14.7846425412134,724,1883,1220,-496
3892250,"ULTRA VERTIGO",0,21,0,21,1,0.845360981075153,0.922680490537577,1,0.154639018924847,0.961398640580626,0.864819857747774,0.998837861261328,0.775854532651986,0.224145467348014,0.134018003513554,-0.038601359419374,0.038601359419374,-3.8601359419374,49,287,103,-54
3893080,"Roxanne The Forgotten Path",0,1,1,2,0.5,0.0945312057342307,0.5,0.905468794265769,0.810937588531539,0.746518144640867,0.41858644386299,0.961464062212803,0.247925803745148,0.752074196254852,0.542877618349813,0.246518144640867,0.246518144640867,24.6518144640867,2021,2073,1777,244
3893670,"The Jester and the Madman",0,11,1,12,0.916666666666667,0.646120088858883,0.815627497226983,0.985134905595083,0.3390148167362,0.88681971289006,0.710400627432893,0.984618474807295,0.664196976389084,0.335803023610916,0.274217847374402,-0.0298469537766067,0.0298469537766067,-2.98469537766067,1113,825,713,400
3893770,"你的猫",0,35,0,35,1,0.901099007675596,0.950549503837798,1,0.0989009923244039,0.974558110679601,0.909866156272131,0.999244006479997,0.852267270953282,0.147732729046718,0.0893778502078663,-0.0254418893203993,0.0254418893203993,-2.54418893203993,18,133,44,-26
3894070,"A Pirate Game About Digging For Treasure And Getting Drunk",0,3,0,3,1,0.438502968244955,0.719251484122477,1,0.561497031755045,0.884765810979371,0.624831367315985,0.996242206486757,0.330872758342948,0.669127241657052,0.371410839170772,-0.115234189020629,0.115234189020629,-11.5234189020629,411,1335,781,-370
3894150,"VeryVeryHouse",0,42,3,45,0.933333333333333,0.821433980364081,0.899250973882415,0.977067967400749,0.155633987036668,0.92079374439891,0.833496310924789,0.977333765127381,0.881196507596313,0.118803492403687,0.143837454202592,-0.0125395889344229,0.0125395889344229,-1.25395889344229,1037,366,395,642
3894170,"Trench Face",0,665,47,712,0.933988764044944,0.913321892591437,0.931659826617278,0.949997760643119,0.0366758680516819,0.933091445521403,0.913719483455588,0.950180958712247,0.991551024938524,0.00844897506147574,0.0364614752566597,-0.000897318523540913,0.000897318523540913,-0.0897318523540913,1034,113,317,717
3894530,"Rogue Cave",0,1,0,1,1,0.206549314377237,0.603274657188619,1,0.793450685622763,0.852153574587866,0.534749383069649,0.995001716766416,0.141504169329759,0.858495830670241,0.460252333696767,-0.147846425412134,0.147846425412134,-14.7846425412134,725,1884,1221,-496
3894950,"Bakahazard 3",0,110,0,110,1,0.966256064701836,0.983128032350918,1,0.033743935298164,0.99099812254109,0.967656103562517,0.999736790624513,0.947729042179164,0.0522709578208361,0.0320806870619967,-0.00900187745891046,0.00900187745891046,-0.900187745891046,4,17,7,-3
3895030,"Blue Hawaii Aniki's Soft Ore Demand vol.1",0,1,0,1,1,0.206549314377237,0.603274657188619,1,0.793450685622763,0.852153574587866,0.534749383069649,0.995001716766416,0.141504169329759,0.858495830670241,0.460252333696767,-0.147846425412134,0.147846425412134,-14.7846425412134,726,1885,1222,-496
3895060,"FLOW",0,7,0,7,1,0.645669564933313,0.822834782466656,1,0.354330435066687,0.920040873360553,0.730470837927101,0.997488688736488,0.535703506847418,0.464296493152582,0.267017850809387,-0.0799591266394466,0.0799591266394466,-7.99591266394466,208,849,419,-211
3895170,"Intuitive Level Design",0,42,11,53,0.792452830188679,0.665422552983521,0.772688286359691,0.87995401973586,0.214531466752339,0.796081828484059,0.685404523374618,0.887807511899373,0.897287202439936,0.102712797560064,0.202402988524755,0.00362899829537955,0.00362899829537955,0.362899829537955,1550,794,1580,-30
3895180,"Azaran: The Demon Bottle",0,67,5,72,0.930555555555556,0.847520205163265,0.908747411798747,0.96997461843423,0.122454413270965,0.922568745695542,0.854288777056562,0.97053502772599,0.922285536102193,0.0777144638978066,0.116246250669428,-0.00798680986001377,0.00798680986001377,-0.798680986001377,1050,277,387,663
3895980,"The Case of the Catacombs: A Tale from Atruxia",0,4,0,4,1,0.510109163545403,0.755054581772701,1,0.489890836454597,0.896212616889674,0.658188789563792,0.996657030244202,0.397340615926201,0.602659384073799,0.338468240680411,-0.103787383110326,0.103787383110326,-10.3787383110326,330,1174,640,-310
3896030,"Freelancers: Rogue Skies",0,0,3,3,0,0,0.280748515877523,0.561497031755045,0.561497031755045,0.553893052636423,0.244434431285965,0.840949990028411,0.330872758342948,0.669127241657052,0.596515558742447,0.553893052636423,0.553893052636423,55.3893052636423,2158,2158,2182,-24
3896380,"Pizza Restaurant Together",0,22,6,28,0.785714285714286,0.604614143462781,0.751244770066901,0.897875396671021,0.29326125320824,0.793206480188667,0.64447062702982,0.909465353825039,0.821911465012993,0.178088534987007,0.264994726795219,0.00749219447438099,0.00749219447438099,0.749219447438099,1561,949,1585,-24
3897310,"みんなで Physical TRAIN ～チャムランド国営鉄道～",0,8,1,9,0.888888888888889,0.565000294423344,0.7725547033924,0.980109112361455,0.415108817938111,0.864284208259485,0.658398730301434,0.981238920013751,0.597334709233019,0.40266529076698,0.322840189712317,-0.0246046806294042,0.0246046806294042,-2.46046806294042,1236,1069,1026,210
3897330,"College Baseball: Dynasty Builder",0,33,1,34,0.970588235294118,0.850844267073141,0.922816680398436,0.994789093723731,0.14394482665059,0.948964887039635,0.863639405619692,0.993371380625133,0.84858012221008,0.151419877789921,0.129731975005441,-0.0216233482544828,0.0216233482544828,-2.16233482544828,889,268,185,704
3897990,"Haunted ROM: The Lost Cartridge",0,12,2,14,0.857142857142857,0.600586205030297,0.780246141879416,0.959906078728535,0.359319873698239,0.848266758255084,0.666627854192177,0.965214221424354,0.69766527778157,0.30233472221843,0.298586367232177,-0.00887609888777308,0.00887609888777308,-0.887609888777308,1336,956,1347,-11
3898040,"Nations",0,125,15,140,0.892857142857143,0.830742959575022,0.882365421283445,0.933987882991868,0.103244923416846,0.890154326354389,0.834829895551914,0.935387700422058,0.958464728478101,0.0415352715218994,0.100557804870144,-0.00270281650275384,0.00270281650275384,-0.270281650275384,1210,332,690,520
3898080,"Quadcubes",0,1,0,1,1,0.206549314377237,0.603274657188619,1,0.793450685622763,0.852153574587866,0.534749383069649,0.995001716766416,0.141504169329759,0.858495830670241,0.460252333696767,-0.147846425412134,0.147846425412134,-14.7846425412134,727,1886,1223,-496
3898680,"WZRDS",0,12,2,14,0.857142857142857,0.600586205030297,0.780246141879416,0.959906078728535,0.359319873698239,0.848266758255084,0.666627854192177,0.965214221424354,0.69766527778157,0.30233472221843,0.298586367232177,-0.00887609888777308,0.00887609888777308,-0.887609888777308,1337,957,1348,-11
3898700,"INFINITE MINEFIELD",0,3,0,3,1,0.438502968244955,0.719251484122477,1,0.561497031755045,0.884765810979371,0.624831367315985,0.996242206486757,0.330872758342948,0.669127241657052,0.371410839170772,-0.115234189020629,0.115234189020629,-11.5234189020629,412,1336,782,-370
3899180,"Project X",0,2,0,2,1,0.342380227506653,0.671190113753327,1,0.657619772493347,0.870481046513441,0.58446518931204,0.995709839532952,0.247925803745148,0.752074196254852,0.411244650220912,-0.129518953486559,0.129518953486559,-12.9518953486559,523,1556,942,-419
3899660,"Pompiers Simulator",0,4,0,4,1,0.510109163545403,0.755054581772701,1,0.489890836454597,0.896212616889674,0.658188789563792,0.996657030244202,0.397340615926201,0.602659384073799,0.338468240680411,-0.103787383110326,0.103787383110326,-10.3787383110326,331,1175,641,-310
3900070,"Flashmaster",0,2,0,2,1,0.342380227506653,0.671190113753327,1,0.657619772493347,0.870481046513441,0.58446518931204,0.995709839532952,0.247925803745148,0.752074196254852,0.411244650220912,-0.129518953486559,0.129518953486559,-12.9518953486559,524,1557,943,-419
3900250,"Little Lures",0,2,0,2,1,0.342380227506653,0.671190113753327,1,0.657619772493347,0.870481046513441,0.58446518931204,0.995709839532952,0.247925803745148,0.752074196254852,0.411244650220912,-0.129518953486559,0.129518953486559,-12.9518953486559,525,1558,944,-419
3900500,"Empty Space: The Creator",0,4,0,4,1,0.510109163545403,0.755054581772701,1,0.489890836454597,0.896212616889674,0.658188789563792,0.996657030244202,0.397340615926201,0.602659384073799,0.338468240680411,-0.103787383110326,0.103787383110326,-10.3787383110326,332,1176,642,-310
3900640,"Jixo 3: Hidden Horizons Collector's Edition",0,4,0,4,1,0.510109163545403,0.755054581772701,1,0.489890836454597,0.896212616889674,0.658188789563792,0.996657030244202,0.397340615926201,0.602659384073799,0.338468240680411,-0.103787383110326,0.103787383110326,-10.3787383110326,333,1177,643,-310
3901780,"Bone Souls",0,5,1,6,0.833333333333333,0.43649717781353,0.703221904032612,0.969946630251693,0.533449452438163,0.830543448233867,0.584163438104136,0.975953731492499,0.497226735266432,0.502773264733568,0.391790293388363,-0.00278988509946654,0.00278988509946654,-0.278988509946654,1430,1375,1435,-5
3902220,"黒歴史ファイターズ",0,12,0,12,1,0.757505993344759,0.87875299667238,1,0.242494006655241,0.942169460922484,0.800974166896997,0.998224749770572,0.664196976389084,0.335803023610916,0.197250582873575,-0.0578305390775165,0.0578305390775165,-5.78305390775165,128,546,249,-121
3902230,"Waiting for Your Food Delivery Simulator 2025",0,1,0,1,1,0.206549314377237,0.603274657188619,1,0.793450685622763,0.852153574587866,0.534749383069649,0.995001716766416,0.141504169329759,0.858495830670241,0.460252333696767,-0.147846425412134,0.147846425412134,-14.7846425412134,728,1887,1224,-496
3902710,"One Rotten Oath",0,10,0,10,1,0.722467200137111,0.861233600068555,1,0.277532799862889,0.934970756429782,0.777686418312525,0.997988980033724,0.622396454151338,0.377603545848662,0.220302561721199,-0.0650292435702178,0.0650292435702178,-6.50292435702178,155,635,300,-145
3902830,"How I Flex with AI",0,296,2,298,0.993288590604027,0.975863710642555,0.987010633245461,0.998157555848367,0.0222938452058123,0.98998634846178,0.976134604145202,0.997889663466531,0.980047387629867,0.0199526123701327,0.0217550593213288,-0.00330224214224695,0.00330224214224695,-0.330224214224695,839,9,10,829
3903490,"Prune",0,21,0,21,1,0.845360981075153,0.922680490537577,1,0.154639018924847,0.961398640580626,0.864819857747774,0.998837861261328,0.775854532651986,0.224145467348014,0.134018003513554,-0.038601359419374,0.038601359419374,-3.8601359419374,50,288,104,-54
3903620,"Just Another Night",0,8,6,14,0.571428571428571,0.325906445796507,0.556049228375883,0.786192010955259,0.460285565158751,0.648933821746064,0.433744525585161,0.836030390281557,0.69766527778157,0.30233472221843,0.402285864696396,0.0775052503174926,0.0775052503174926,7.75052503174926,1935,1614,2066,-131
3903980,"Charge!",0,1,0,1,1,0.206549314377237,0.603274657188619,1,0.793450685622763,0.852153574587866,0.534749383069649,0.995001716766416,0.141504169329759,0.858495830670241,0.460252333696767,-0.147846425412134,0.147846425412134,-14.7846425412134,729,1888,1225,-496
3904800,"Pirate Guy",0,9,2,11,0.818181818181818,0.523019438039156,0.735825874146536,0.948632310253915,0.425612872214759,0.821595310231126,0.614451791438785,0.958401753694715,0.644521321079962,0.355478678920038,0.34394996225593,0.00341349204930808,0.00341349204930808,0.341349204930808,1463,1135,1455,8
3905080,"金牌健美教练",0,8,1,9,0.888888888888889,0.565000294423344,0.7725547033924,0.980109112361455,0.415108817938111,0.864284208259485,0.658398730301434,0.981238920013751,0.597334709233019,0.40266529076698,0.322840189712317,-0.0246046806294042,0.0246046806294042,-2.46046806294042,1237,1070,1027,210
3905340,"No forgiveness",0,4,4,8,0.5,0.215216062213878,0.5,0.784783937786122,0.569567875572245,0.641370190399595,0.384817733120223,0.859946773712018,0.568709749645159,0.431290250354841,0.475129040591794,0.141370190399595,0.141370190399595,14.1370190399595,1970,1689,2077,-107
3906110,"FEED MY MECH",0,25,14,39,0.641025641025641,0.484181485595485,0.628380315502778,0.772579145410071,0.288397659814586,0.666167178080251,0.52379620234085,0.794568790594943,0.865379566858229,0.134620433141771,0.270772588254092,0.0251415370546099,0.0251415370546099,2.51415370546099,1857,1241,2013,-156
3906170,"The Puzzler",0,1,2,3,0.333333333333333,0.0614919447203963,0.426916171959174,0.792340399197952,0.730848454477556,0.664183972084073,0.347732278340177,0.912726902582571,0.330872758342948,0.669127241657052,0.564994624242395,0.330850638750739,0.330850638750739,33.0850638750739,2109,2122,2043,66
3906690,"Diamond Painting",0,3,1,4,0.75,0.300641842582402,0.627527290886351,0.954412739190299,0.653770896607897,0.796877462908124,0.514485438814817,0.9703895228262,0.397340615926201,0.602659384073799,0.455904084011384,0.0468774629081241,0.0468774629081241,4.68774629081241,1659,1645,1570,89
3906770,"HorrorToleranceTest",0,106,34,140,0.757142857142857,0.679863684069166,0.750275548476437,0.820687412883707,0.140823728814541,0.760076970346647,0.687850016861298,0.825560794729201,0.958464728478101,0.0415352715218994,0.137710777867903,0.00293411320378956,0.00293411320378956,0.293411320378956,1622,749,1715,-93
3907270,"勇者モナナナは最初の洞窟が抜けられない",0,14,0,14,1,0.784689197262364,0.892344598631182,1,0.215310802737636,0.947933226509594,0.819862183909706,0.998411037394891,0.69766527778157,0.30233472221843,0.178548853485185,-0.0520667734904059,0.0520667734904059,-5.20667734904059,100,467,195,-95
3908770,"Project Kouvola",0,4,0,4,1,0.510109163545403,0.755054581772701,1,0.489890836454597,0.896212616889674,0.658188789563792,0.996657030244202,0.397340615926201,0.602659384073799,0.338468240680411,-0.103787383110326,0.103787383110326,-10.3787383110326,334,1178,644,-310
3908780,"Mork Folio",0,1,0,1,1,0.206549314377237,0.603274657188619,1,0.793450685622763,0.852153574587866,0.534749383069649,0.995001716766416,0.141504169329759,0.858495830670241,0.460252333696767,-0.147846425412134,0.147846425412134,-14.7846425412134,730,1889,1226,-496
3910440,"The Remainer",0,2,0,2,1,0.342380227506653,0.671190113753327,1,0.657619772493347,0.870481046513441,0.58446518931204,0.995709839532952,0.247925803745148,0.752074196254852,0.411244650220912,-0.129518953486559,0.129518953486559,-12.9518953486559,526,1559,945,-419
3911080,"36 Zodiac Cycles",0,20,0,20,1,0.838874841947181,0.91943742097359,1,0.161125158052819,0.959917784950884,0.859819080712199,0.998791485833549,0.76725568840929,0.23274431159071,0.138972405121349,-0.0400822150491164,0.0400822150491164,-4.00822150491163,58,307,116,-58
3911950,"Dirtzone",0,2,3,5,0.4,0.117620774232648,0.443448246478317,0.769275718723987,0.651654944491339,0.634512874804584,0.346539607691581,0.876659256349701,0.451796495462645,0.548203504537355,0.53011964865812,0.234512874804584,0.234512874804584,23.4512874804584,2080,2035,2091,-11
3913290,"PRIVET. ETO NE BOL'NO.",0,4,2,6,0.666666666666667,0.299993315138392,0.601610952016306,0.90322858889422,0.603235273755828,0.747672325689462,0.480282943238687,0.938212397007356,0.497226735266432,0.502773264733568,0.457929453768669,0.0810056590227949,0.0810056590227949,8.10056590227949,1796,1658,1747,49
3914000,"FuSha",0,15,1,16,0.9375,0.716712624297011,0.852796639766184,0.988880655235358,0.272168030938347,0.907335532582524,0.759405339838422,0.987596858869528,0.725066889874052,0.274933110125948,0.228191519031106,-0.030164467417476,0.030164467417476,-3.0164467417476,1018,661,519,499
3914070,"Draft Day Sports: College Football 2026",0,6,0,6,1,0.609665712097835,0.804832856048917,1,0.390334287902165,0.913414570778272,0.709988022926607,0.997261605765302,0.497226735266432,0.502773264733568,0.287273582838695,-0.0865854292217277,0.0865854292217277,-8.65854292217277,241,935,480,-239
3914200,"Even20: The Interference of Parallels",0,30,3,33,0.909090909090909,0.764273943535303,0.866435001005361,0.968596058475418,0.204322114940116,0.896464341565891,0.785002317939315,0.969996054741865,0.844704212856161,0.155295787143839,0.184993736802551,-0.0126265675250176,0.0126265675250176,-1.26265675250176,1142,512,610,532
3914710,"Hockey Legacy Manager 26",0,84,8,92,0.91304347826087,0.83769743259741,0.896488121816808,0.955278811036206,0.117581378438796,0.907768905218029,0.843473429712367,0.956400786094508,0.93813480643833,0.0618651935616702,0.112927356382141,-0.00527457304284062,0.00527457304284062,-0.527457304284062,1127,313,516,611
3915140,"Onigiri Shop Simulator",0,417,13,430,0.969767441860465,0.948967450522911,0.965607875626027,0.982248300729144,0.0332808502062332,0.967792053640419,0.94931739186827,0.982221348634484,0.986087159633195,0.0139128403668046,0.0329039567662135,-0.00197538822004573,0.00197538822004573,-0.197538822004573,891,42,74,817
3915220,"Love Too Easily 2: Summer Pocha",0,28,12,40,0.7,0.545699811818551,0.682475679760543,0.819251547702535,0.273551735883984,0.716828961775682,0.580038363558243,0.83579968323507,0.868301846123804,0.131698153876196,0.255761319676828,0.0168289617756822,0.0168289617756822,1.68289617756822,1742,1098,1861,-119
3915550,"Proper Bullet Hell",0,2,0,2,1,0.342380227506653,0.671190113753327,1,0.657619772493347,0.870481046513441,0.58446518931204,0.995709839532952,0.247925803745148,0.752074196254852,0.411244650220912,-0.129518953486559,0.129518953486559,-12.9518953486559,527,1560,946,-419
3915970,"Big Theft Valkeala 2: San Piritori",0,5,0,5,1,0.565517535216825,0.782758767608413,1,0.434482464783175,0.905590772082171,0.68618151869736,0.996989370906001,0.451796495462645,0.548203504537355,0.310807852208641,-0.0944092279178288,0.0944092279178288,-9.44092279178288,288,1048,561,-273
3916180,"Transport Legion",0,62,14,76,0.815789473684211,0.714217378910891,0.80059570997943,0.88697404104797,0.172756662137079,0.816676213500119,0.726621762453535,0.892138919541533,0.926073393856593,0.0739266061434072,0.165517157087998,0.000886739815908699,0.000886739815908699,0.0886739815908699,1468,668,1471,-3
3917000,"Glitchfall",0,20,2,22,0.909090909090909,0.721850531583942,0.848277551296473,0.974704571009005,0.252854039425063,0.891515733191154,0.755386597020728,0.975783776395707,0.783840638389173,0.216159361610827,0.220397179374979,-0.0175751758997547,0.0175751758997547,-1.75751758997547,1144,643,687,457
3917250,"Gunvolution",0,4,0,4,1,0.510109163545403,0.755054581772701,1,0.489890836454597,0.896212616889674,0.658188789563792,0.996657030244202,0.397340615926201,0.602659384073799,0.338468240680411,-0.103787383110326,0.103787383110326,-10.3787383110326,335,1179,645,-310
3917580,"The Almagest<U+00A0>Anomalies",0,1,1,2,0.5,0.0945312057342307,0.5,0.905468794265769,0.810937588531539,0.746518144640867,0.41858644386299,0.961464062212803,0.247925803745148,0.752074196254852,0.542877618349813,0.246518144640867,0.246518144640867,24.6518144640867,2022,2074,1778,244
3918230,"同桌！我喜欢你",0,43,1,44,0.977272727272727,0.881922903017867,0.938949825478907,0.995976747939947,0.11405384492208,0.959158264861679,0.890128077970008,0.994733437720925,0.878823614083587,0.121176385916413,0.104605359750918,-0.0181144624110487,0.0181144624110487,-1.81144624110487,872,175,120,752
3918500,"Bubble's Travel",0,2,1,3,0.666666666666667,0.207659600802048,0.573083828040826,0.938508055279604,0.730848454477556,0.774474891531722,0.470582557778087,0.966512741987473,0.330872758342948,0.669127241657052,0.495930184209387,0.107808224865055,0.107808224865055,10.7808224865055,1824,1719,1659,165
3918570,"Yes",0,7,0,7,1,0.645669564933313,0.822834782466656,1,0.354330435066687,0.920040873360553,0.730470837927101,0.997488688736488,0.535703506847418,0.464296493152582,0.267017850809387,-0.0799591266394466,0.0799591266394466,-7.99591266394466,209,850,420,-211
3918860,"I'm Tripping",1,5,0,5,1,0.565517535216825,0.782758767608413,1,0.434482464783175,0.905590772082171,0.68618151869736,0.996989370906001,0.451796495462645,0.548203504537355,0.310807852208641,-0.0944092279178288,0.0944092279178288,-9.44092279178288,289,1049,562,-273
3918960,"Pursuing My Uncle",0,106,13,119,0.890756302521008,0.82203580506135,0.878536696376049,0.935037587690748,0.113001782629398,0.887701566479442,0.827054931257862,0.936641381213933,0.951490537100047,0.0485094628999527,0.109586449956071,-0.00305473604156625,0.00305473604156625,-0.305473604156625,1216,364,700,516
3919230,"Inferis: Dead Below",0,61,9,70,0.871428571428571,0.773352440505748,0.852105719676187,0.930858998846625,0.157506558340877,0.867947604399019,0.783848616844248,0.933796525297279,0.920242218084064,0.079757781915936,0.149947908453031,-0.00348096702955225,0.00348096702955225,-0.348096702955225,1292,484,1009,283
3919280,"2 in 1 Experience Hidden Objects",0,0,1,1,0,0,0.396725342811381,0.793450685622763,0.793450685622763,0.710649405258107,0.356458319924359,0.954614608918397,0.141504169329759,0.858495830670241,0.598156288994038,0.710649405258107,0.710649405258107,71.0649405258107,2215,2215,1910,305
3919530,"It Takes a War",0,799,73,872,0.916284403669725,0.896025626885564,0.914458571633242,0.93289151638092,0.0368658894953555,0.915672919930499,0.896428313190619,0.933125221467367,0.993090584127346,0.00690941587265403,0.0366969082767477,-0.000611483739226037,0.000611483739226037,-0.0611483739226037,1118,149,449,669
3919680,"The Single-Eye Nightmare",0,1,0,1,1,0.206549314377237,0.603274657188619,1,0.793450685622763,0.852153574587866,0.534749383069649,0.995001716766416,0.141504169329759,0.858495830670241,0.460252333696767,-0.147846425412134,0.147846425412134,-14.7846425412134,731,1890,1227,-496
3919720,"Landlord Quest",0,8,1,9,0.888888888888889,0.565000294423344,0.7725547033924,0.980109112361455,0.415108817938111,0.864284208259485,0.658398730301434,0.981238920013751,0.597334709233019,0.40266529076698,0.322840189712317,-0.0246046806294042,0.0246046806294042,-2.46046806294042,1238,1071,1028,210
3919840,"Sepan and the Seven Flasks",0,3,0,3,1,0.438502968244955,0.719251484122477,1,0.561497031755045,0.884765810979371,0.624831367315985,0.996242206486757,0.330872758342948,0.669127241657052,0.371410839170772,-0.115234189020629,0.115234189020629,-11.5234189020629,413,1337,783,-370
3920370,"BattleBalls",0,0,1,1,0,0,0.396725342811381,0.793450685622763,0.793450685622763,0.710649405258107,0.356458319924359,0.954614608918397,0.141504169329759,0.858495830670241,0.598156288994038,0.710649405258107,0.710649405258107,71.0649405258107,2216,2216,1911,305
3920630,"Galleria",0,6,1,7,0.857142857142857,0.486872170725681,0.730596273190469,0.974320375655256,0.487448204929575,0.84351180095378,0.612178260667578,0.97801824063592,0.535703506847418,0.464296493152582,0.365839979968342,-0.0136310561890776,0.0136310561890776,-1.36310561890776,1348,1235,1373,-25
3920870,"The Gazebo",0,0,3,3,0,0,0.280748515877523,0.561497031755045,0.561497031755045,0.553893052636423,0.244434431285965,0.840949990028411,0.330872758342948,0.669127241657052,0.596515558742447,0.553893052636423,0.553893052636423,55.3893052636423,2159,2159,2183,-24
3921270,"Blood & Money",0,3,0,3,1,0.438502968244955,0.719251484122477,1,0.561497031755045,0.884765810979371,0.624831367315985,0.996242206486757,0.330872758342948,0.669127241657052,0.371410839170772,-0.115234189020629,0.115234189020629,-11.5234189020629,414,1338,784,-370
3921530,"The Night Gym",0,24,20,44,0.545454545454545,0.40066183198962,0.541804745283705,0.682947658577791,0.282285826588171,0.579666249689221,0.44188491864434,0.71141512448383,0.878823614083587,0.121176385916413,0.26953020583949,0.0342117042346751,0.0342117042346751,3.42117042346751,1952,1406,2164,-212
3921950,"Burned One",0,22,0,22,1,0.851345125391379,0.92567256269569,1,0.148654874608621,0.962773973044716,0.869476733759179,0.998880808990799,0.783840638389173,0.216159361610827,0.12940407523162,-0.0372260269552844,0.0372260269552844,-3.72260269552844,43,263,94,-51
3922100,"Forest Doesn’t Care",0,163,86,249,0.654618473895582,0.593612824843287,0.652269331855512,0.710925838867736,0.117313014024449,0.658737334470303,0.599542861246658,0.71557380832307,0.976214362283365,0.0237856377166348,0.116030947076412,0.00411886057472055,0.00411886057472055,0.411886057472055,1847,979,2054,-207
3922110,"Clara Wraiths",0,1,0,1,1,0.206549314377237,0.603274657188619,1,0.793450685622763,0.852153574587866,0.534749383069649,0.995001716766416,0.141504169329759,0.858495830670241,0.460252333696767,-0.147846425412134,0.147846425412134,-14.7846425412134,732,1891,1228,-496
3922120,"Koshchei The Immortal",0,4,1,5,0.8,0.375534629762525,0.669655260565048,0.96377589136757,0.588241261605044,0.815231472989642,0.551924429746717,0.973460575390088,0.451796495462645,0.548203504537355,0.421536145643371,0.0152314729896422,0.0152314729896422,1.52314729896422,1537,1444,1495,42
3922760,"Claws of the Forest",0,0,2,2,0,0,0.328809886246673,0.657619772493347,0.657619772493347,0.622555242768293,0.289385773103398,0.898758006134615,0.247925803745148,0.752074196254852,0.609372233031217,0.622555242768293,0.622555242768293,62.2555242768293,2175,2175,2117,58
3923290,"Teapot Spinner",0,7,0,7,1,0.645669564933313,0.822834782466656,1,0.354330435066687,0.920040873360553,0.730470837927101,0.997488688736488,0.535703506847418,0.464296493152582,0.267017850809387,-0.0799591266394466,0.0799591266394466,-7.99591266394466,210,851,421,-211
3923980,"Holo ADV: SakuraSingularity.exe",0,58,5,63,0.920634920634921,0.827296901490959,0.89646052715707,0.965624152823181,0.138327251332222,0.912478804055268,0.835982168261075,0.966554139401382,0.912158689877401,0.0878413101225991,0.130571971140306,-0.00815611657965276,0.00815611657965276,-0.815611657965276,1096,339,496,600
3924300,"Find Kitties: Zombie Hunter",0,19,1,20,0.95,0.763868806553258,0.877493678876231,0.991118551199205,0.227249744645947,0.921555000530419,0.794290965354842,0.989608699565364,0.76725568840929,0.23274431159071,0.195317734210523,-0.0284449994695808,0.0284449994695808,-2.84449994695808,963,513,390,573
3924530,"Train Maze Master",0,5,0,5,1,0.565517535216825,0.782758767608413,1,0.434482464783175,0.905590772082171,0.68618151869736,0.996989370906001,0.451796495462645,0.548203504537355,0.310807852208641,-0.0944092279178288,0.0944092279178288,-9.44092279178288,290,1050,563,-273
3924850,"Space Memory: Owls",0,1,0,1,1,0.206549314377237,0.603274657188619,1,0.793450685622763,0.852153574587866,0.534749383069649,0.995001716766416,0.141504169329759,0.858495830670241,0.460252333696767,-0.147846425412134,0.147846425412134,-14.7846425412134,733,1892,1229,-496
3925410,"The Evelyn Game",0,8,7,15,0.533333333333333,0.301169800254984,0.526537223298805,0.751904646342626,0.450734846087642,0.61813038552312,0.407211341481953,0.807808249341572,0.712016430428814,0.287983569571186,0.400596907859619,0.0847970521897866,0.0847970521897866,8.47970521897866,1958,1629,2129,-171
3926040,"Deskcat",0,9,0,9,1,0.700854951580456,0.850427475790228,1,0.299145048419544,0.930654731507598,0.763886321497756,0.997845939982778,0.597334709233019,0.40266529076698,0.233959618485022,-0.0693452684924021,0.0693452684924021,-6.93452684924021,171,709,339,-168
3926230,"The Kitchen Knife",0,1,2,3,0.333333333333333,0.0614919447203963,0.426916171959174,0.792340399197952,0.730848454477556,0.664183972084073,0.347732278340177,0.912726902582571,0.330872758342948,0.669127241657052,0.564994624242395,0.330850638750739,0.330850638750739,33.0850638750739,2110,2123,2044,66
3926240,"Little island",0,1,1,2,0.5,0.0945312057342307,0.5,0.905468794265769,0.810937588531539,0.746518144640867,0.41858644386299,0.961464062212803,0.247925803745148,0.752074196254852,0.542877618349813,0.246518144640867,0.246518144640867,24.6518144640867,2023,2075,1779,244
3926370,"Dig Dig Spud Spud Harvest",0,1,0,1,1,0.206549314377237,0.603274657188619,1,0.793450685622763,0.852153574587866,0.534749383069649,0.995001716766416,0.141504169329759,0.858495830670241,0.460252333696767,-0.147846425412134,0.147846425412134,-14.7846425412134,734,1893,1230,-496
3926610,"White Eternal",0,1,0,1,1,0.206549314377237,0.603274657188619,1,0.793450685622763,0.852153574587866,0.534749383069649,0.995001716766416,0.141504169329759,0.858495830670241,0.460252333696767,-0.147846425412134,0.147846425412134,-14.7846425412134,735,1894,1231,-496
3926660,"Kola Аbyss",0,2,0,2,1,0.342380227506653,0.671190113753327,1,0.657619772493347,0.870481046513441,0.58446518931204,0.995709839532952,0.247925803745148,0.752074196254852,0.411244650220912,-0.129518953486559,0.129518953486559,-12.9518953486559,528,1561,947,-419
3927520,"Cosmolon",0,3,0,3,1,0.438502968244955,0.719251484122477,1,0.561497031755045,0.884765810979371,0.624831367315985,0.996242206486757,0.330872758342948,0.669127241657052,0.371410839170772,-0.115234189020629,0.115234189020629,-11.5234189020629,415,1339,785,-370
3927680,"Steel Defence",0,6,3,9,0.666666666666667,0.354202135580396,0.616809158596743,0.879416181613089,0.525214046032693,0.731543161763258,0.49053125892081,0.914719470598022,0.597334709233019,0.40266529076698,0.424188211677213,0.0648764950965914,0.0648764950965914,6.48764950965914,1791,1465,1827,-36
3928150,"Find Me",0,4,4,8,0.5,0.215216062213878,0.5,0.784783937786122,0.569567875572245,0.641370190399595,0.384817733120223,0.859946773712018,0.568709749645159,0.431290250354841,0.475129040591794,0.141370190399595,0.141370190399595,14.1370190399595,1971,1690,2078,-107
3928200,"Horror in the forest",0,0,2,2,0,0,0.328809886246673,0.657619772493347,0.657619772493347,0.622555242768293,0.289385773103398,0.898758006134615,0.247925803745148,0.752074196254852,0.609372233031217,0.622555242768293,0.622555242768293,62.2555242768293,2176,2176,2118,58
3928270,"The Barber Shop",0,1,0,1,1,0.206549314377237,0.603274657188619,1,0.793450685622763,0.852153574587866,0.534749383069649,0.995001716766416,0.141504169329759,0.858495830670241,0.460252333696767,-0.147846425412134,0.147846425412134,-14.7846425412134,736,1895,1232,-496
3928890,"AntiVirus",0,1,1,2,0.5,0.0945312057342307,0.5,0.905468794265769,0.810937588531539,0.746518144640867,0.41858644386299,0.961464062212803,0.247925803745148,0.752074196254852,0.542877618349813,0.246518144640867,0.246518144640867,24.6518144640867,2024,2076,1780,244
3928970,"ParryMaster",0,53,18,71,0.746478873239437,0.63446074646439,0.733827617416259,0.833194488368129,0.198733741903739,0.752879472676755,0.651400056289408,0.841936418711185,0.921277133868955,0.0787228661310451,0.190536362421777,0.00640059943731797,0.00640059943731797,0.640059943731797,1673,871,1726,-53
3929030,"Why Did You Leave Me Like This?",0,2,0,2,1,0.342380227506653,0.671190113753327,1,0.657619772493347,0.870481046513441,0.58446518931204,0.995709839532952,0.247925803745148,0.752074196254852,0.411244650220912,-0.129518953486559,0.129518953486559,-12.9518953486559,529,1562,948,-419
3929410,"Scholar Adventure: Mystery of Silence",0,76,5,81,0.938271604938272,0.863507523631579,0.918427505767275,0.973347487902971,0.109839964271392,0.930572717951114,0.86892354979536,0.973668873384052,0.930318783380468,0.0696812166195318,0.104745323588692,-0.00769888698715782,0.00769888698715782,-0.769888698715782,1014,228,342,672
3929610,"數論冒險譚 - 魔王與秘林迷路",0,5,0,5,1,0.565517535216825,0.782758767608413,1,0.434482464783175,0.905590772082171,0.68618151869736,0.996989370906001,0.451796495462645,0.548203504537355,0.310807852208641,-0.0944092279178288,0.0944092279178288,-9.44092279178288,291,1051,564,-273
3929740,"Tom Clancy's Splinter Cell: Pandora Tomorrow",0,457,151,608,0.751644736842105,0.715793239417063,0.750064780335257,0.784336321253451,0.0685430818363872,0.752396989720671,0.717526282442776,0.785710587625143,0.990120084166329,0.00987991583367098,0.0681843051823675,0.000752252878565729,0.000752252878565729,0.0752252878565729,1626,665,1728,-102
3931080,"Addition Subtraction Multiplication Division Magician",0,0,1,1,0,0,0.396725342811381,0.793450685622763,0.793450685622763,0.710649405258107,0.356458319924359,0.954614608918397,0.141504169329759,0.858495830670241,0.598156288994038,0.710649405258107,0.710649405258107,71.0649405258107,2217,2217,1912,305
3931220,"Time and Space Legacy",0,2,0,2,1,0.342380227506653,0.671190113753327,1,0.657619772493347,0.870481046513441,0.58446518931204,0.995709839532952,0.247925803745148,0.752074196254852,0.411244650220912,-0.129518953486559,0.129518953486559,-12.9518953486559,530,1563,949,-419
3931290,"MangaCo",0,2,1,3,0.666666666666667,0.207659600802048,0.573083828040826,0.938508055279604,0.730848454477556,0.774474891531722,0.470582557778087,0.966512741987473,0.330872758342948,0.669127241657052,0.495930184209387,0.107808224865055,0.107808224865055,10.7808224865055,1825,1720,1660,165
3931940,"Everslide",0,2,0,2,1,0.342380227506653,0.671190113753327,1,0.657619772493347,0.870481046513441,0.58446518931204,0.995709839532952,0.247925803745148,0.752074196254852,0.411244650220912,-0.129518953486559,0.129518953486559,-12.9518953486559,531,1564,950,-419
3931960,"Nightcrawler",0,3,0,3,1,0.438502968244955,0.719251484122477,1,0.561497031755045,0.884765810979371,0.624831367315985,0.996242206486757,0.330872758342948,0.669127241657052,0.371410839170772,-0.115234189020629,0.115234189020629,-11.5234189020629,416,1340,786,-370
3932880,"Step Away",1,1,0,1,1,0.206549314377237,0.603274657188619,1,0.793450685622763,0.852153574587866,0.534749383069649,0.995001716766416,0.141504169329759,0.858495830670241,0.460252333696767,-0.147846425412134,0.147846425412134,-14.7846425412134,737,1896,1233,-496
3932980,"Whisper Village",0,3,4,7,0.428571428571429,0.15821985525147,0.453880745361906,0.749541635472343,0.591321780220873,0.613924583733458,0.348092753743395,0.846801776964377,0.535703506847418,0.464296493152582,0.498709023220982,0.185353155162029,0.185353155162029,18.5353155162029,2066,2009,2133,-67
3933400,"The Joy of Hand Washing",0,14,5,19,0.736842105263158,0.512084491021849,0.697010183777012,0.881935876532175,0.369851385510326,0.75885278419504,0.577406332761835,0.901330436408018,0.757970773364418,0.242029226635582,0.323924103646183,0.0220106789318824,0.0220106789318824,2.20106789318824,1686,1144,1717,-31
3933710,"My Car My Life",0,165,3,168,0.982142857142857,0.948820745649202,0.971364713474171,0.993908681299139,0.0450879356499367,0.976762844689318,0.949800344440538,0.993534954105211,0.965145995306992,0.0348540046930078,0.0437346096646734,-0.00538001245353947,0.00538001245353947,-0.538001245353947,858,43,38,820
3933980,"3 SECONDS REMAINING",0,1,0,1,1,0.206549314377237,0.603274657188619,1,0.793450685622763,0.852153574587866,0.534749383069649,0.995001716766416,0.141504169329759,0.858495830670241,0.460252333696767,-0.147846425412134,0.147846425412134,-14.7846425412134,738,1897,1234,-496
3934260,"牛马模拟器",0,1,1,2,0.5,0.0945312057342307,0.5,0.905468794265769,0.810937588531539,0.746518144640867,0.41858644386299,0.961464062212803,0.247925803745148,0.752074196254852,0.542877618349813,0.246518144640867,0.246518144640867,24.6518144640867,2025,2077,1781,244
3935420,"Hotdangle",0,11,0,11,1,0.741167033031968,0.870583516515984,1,0.258832966968032,0.938781004972937,0.789970527437453,0.998114205660352,0.644521321079962,0.355478678920038,0.208143678222899,-0.0612189950270625,0.0612189950270625,-6.12189950270625,139,581,268,-129
3936410,"Harvest Loop",0,5,1,6,0.833333333333333,0.43649717781353,0.703221904032612,0.969946630251693,0.533449452438163,0.830543448233867,0.584163438104136,0.975953731492499,0.497226735266432,0.502773264733568,0.391790293388363,-0.00278988509946654,0.00278988509946654,-0.278988509946654,1431,1376,1436,-5
3936890,"Saving Princess Of Mars",0,11,0,11,1,0.741167033031968,0.870583516515984,1,0.258832966968032,0.938781004972937,0.789970527437453,0.998114205660352,0.644521321079962,0.355478678920038,0.208143678222899,-0.0612189950270625,0.0612189950270625,-6.12189950270625,140,582,269,-129
3937150,"Cat's Rage",0,10,1,11,0.909090909090909,0.622641563548404,0.80320469533126,0.983767827114115,0.361126263565711,0.880188157602032,0.694898378185995,0.983635966457539,0.644521321079962,0.355478678920038,0.288737588271544,-0.0289027514888772,0.0289027514888772,-2.89027514888772,1149,890,826,323
3937360,"Ocean Keeper Co-op Drill Multiplayer",0,105,32,137,0.766423357664234,0.688903193658583,0.759156645391385,0.829410097124188,0.140506903465605,0.76902544582448,0.696814940754887,0.834115154969258,0.957593766789532,0.0424062332104677,0.137300214214371,0.00260208816024621,0.00260208816024621,0.260208816024621,1602,727,1686,-84
3937540,"Links",0,1,0,1,1,0.206549314377237,0.603274657188619,1,0.793450685622763,0.852153574587866,0.534749383069649,0.995001716766416,0.141504169329759,0.858495830670241,0.460252333696767,-0.147846425412134,0.147846425412134,-14.7846425412134,739,1898,1235,-496
3937580,"Manipulation",0,2,0,2,1,0.342380227506653,0.671190113753327,1,0.657619772493347,0.870481046513441,0.58446518931204,0.995709839532952,0.247925803745148,0.752074196254852,0.411244650220912,-0.129518953486559,0.129518953486559,-12.9518953486559,532,1565,951,-419
3937900,"ReuniunO",0,1,0,1,1,0.206549314377237,0.603274657188619,1,0.793450685622763,0.852153574587866,0.534749383069649,0.995001716766416,0.141504169329759,0.858495830670241,0.460252333696767,-0.147846425412134,0.147846425412134,-14.7846425412134,740,1899,1236,-496
3938040,"Digging Together",0,10,13,23,0.434782608695652,0.256346353256742,0.444116301203289,0.631886249149835,0.375539895893093,0.516811012383651,0.338488202624858,0.692940517002893,0.791277246408338,0.208722753591662,0.354452314378035,0.0820284036879984,0.0820284036879984,8.20284036879984,2064,1668,2202,-138
3938610,"Locally Sourced Anthology II: The Timeline",0,1,0,1,1,0.206549314377237,0.603274657188619,1,0.793450685622763,0.852153574587866,0.534749383069649,0.995001716766416,0.141504169329759,0.858495830670241,0.460252333696767,-0.147846425412134,0.147846425412134,-14.7846425412134,741,1900,1237,-496
3938690,"SQUISH Units",0,1,0,1,1,0.206549314377237,0.603274657188619,1,0.793450685622763,0.852153574587866,0.534749383069649,0.995001716766416,0.141504169329759,0.858495830670241,0.460252333696767,-0.147846425412134,0.147846425412134,-14.7846425412134,742,1901,1238,-496
3939000,"Free Fall",0,2,0,2,1,0.342380227506653,0.671190113753327,1,0.657619772493347,0.870481046513441,0.58446518931204,0.995709839532952,0.247925803745148,0.752074196254852,0.411244650220912,-0.129518953486559,0.129518953486559,-12.9518953486559,533,1566,952,-419
3939010,"B-Line",0,12,2,14,0.857142857142857,0.600586205030297,0.780246141879416,0.959906078728535,0.359319873698239,0.848266758255084,0.666627854192177,0.965214221424354,0.69766527778157,0.30233472221843,0.298586367232177,-0.00887609888777308,0.00887609888777308,-0.887609888777308,1338,958,1349,-11
3939080,"Ironwood Conquest",0,1,0,1,1,0.206549314377237,0.603274657188619,1,0.793450685622763,0.852153574587866,0.534749383069649,0.995001716766416,0.141504169329759,0.858495830670241,0.460252333696767,-0.147846425412134,0.147846425412134,-14.7846425412134,743,1902,1239,-496
3939090,"H.Z.T.",0,2,3,5,0.4,0.117620774232648,0.443448246478317,0.769275718723987,0.651654944491339,0.634512874804584,0.346539607691581,0.876659256349701,0.451796495462645,0.548203504537355,0.53011964865812,0.234512874804584,0.234512874804584,23.4512874804584,2081,2036,2092,-11
3939630,"Bao Boi",0,6,0,6,1,0.609665712097835,0.804832856048917,1,0.390334287902165,0.913414570778272,0.709988022926607,0.997261605765302,0.497226735266432,0.502773264733568,0.287273582838695,-0.0865854292217277,0.0865854292217277,-8.65854292217277,242,936,481,-239
3940250,"Halloween 2048",0,1,0,1,1,0.206549314377237,0.603274657188619,1,0.793450685622763,0.852153574587866,0.534749383069649,0.995001716766416,0.141504169329759,0.858495830670241,0.460252333696767,-0.147846425412134,0.147846425412134,-14.7846425412134,744,1903,1240,-496
3940500,"Manekin: The Lost Island",0,4,0,4,1,0.510109163545403,0.755054581772701,1,0.489890836454597,0.896212616889674,0.658188789563792,0.996657030244202,0.397340615926201,0.602659384073799,0.338468240680411,-0.103787383110326,0.103787383110326,-10.3787383110326,336,1180,646,-310
3940820,"Dentist Simulator 2",0,2,0,2,1,0.342380227506653,0.671190113753327,1,0.657619772493347,0.870481046513441,0.58446518931204,0.995709839532952,0.247925803745148,0.752074196254852,0.411244650220912,-0.129518953486559,0.129518953486559,-12.9518953486559,534,1567,953,-419
3940900,"Swipepi",0,3,0,3,1,0.438502968244955,0.719251484122477,1,0.561497031755045,0.884765810979371,0.624831367315985,0.996242206486757,0.330872758342948,0.669127241657052,0.371410839170772,-0.115234189020629,0.115234189020629,-11.5234189020629,417,1341,787,-370
3940990,"SingFever - Your Sing Game",0,1,3,4,0.25,0.0455872608097006,0.372472709113649,0.699358157417598,0.653770896607897,0.598207154945024,0.298537202356263,0.861092662896488,0.397340615926201,0.602659384073799,0.562555460540225,0.348207154945024,0.348207154945024,34.8207154945024,2128,2132,2144,-16
3942530,"1Second",0,1,0,1,1,0.206549314377237,0.603274657188619,1,0.793450685622763,0.852153574587866,0.534749383069649,0.995001716766416,0.141504169329759,0.858495830670241,0.460252333696767,-0.147846425412134,0.147846425412134,-14.7846425412134,745,1904,1241,-496
3942650,"Verbal Beatdown",0,3,1,4,0.75,0.300641842582402,0.627527290886351,0.954412739190299,0.653770896607897,0.796877462908124,0.514485438814817,0.9703895228262,0.397340615926201,0.602659384073799,0.455904084011384,0.0468774629081241,0.0468774629081241,4.68774629081241,1660,1646,1571,89
3942700,"KatanaHime",0,43,2,45,0.955555555555556,0.851724892305644,0.919725382799462,0.98772587329328,0.136000980987636,0.940375889012162,0.861726481307916,0.987071788743796,0.881196507596313,0.118803492403687,0.125345307435881,-0.0151796665433938,0.0151796665433938,-1.51796665433938,937,260,256,681
3942780,"The Cute the Baldy and the Fluffy",0,2,0,2,1,0.342380227506653,0.671190113753327,1,0.657619772493347,0.870481046513441,0.58446518931204,0.995709839532952,0.247925803745148,0.752074196254852,0.411244650220912,-0.129518953486559,0.129518953486559,-12.9518953486559,535,1568,954,-419
3943440,"WAGAMAMA HIGH SPEC OC",0,34,3,37,0.918918918918919,0.786993206507116,0.879516316203334,0.972039425899552,0.185046219392436,0.906080597885311,0.804018679004199,0.972918615891859,0.859127882122258,0.140872117877742,0.16889993688766,-0.0128383210336082,0.0128383210336082,-1.28383210336082,1100,455,523,577
3943720,"Shelf by Shelf: Bookstore Simulator",0,23,14,37,0.621621621621622,0.461004304392177,0.610182156317097,0.759360008242017,0.298355703849841,0.650664200497613,0.504104078829427,0.783968027515024,0.859127882122258,0.140872117877742,0.279863948685596,0.0290425788759909,0.0290425788759909,2.90425788759909,1883,1258,2062,-179
3943880,"GORE",0,95,37,132,0.71969696969697,0.637698868873246,0.713484161991215,0.789269455109184,0.151570586235938,0.72444653913351,0.647271632174668,0.795463526234372,0.956058053880608,0.0439419461193922,0.148191894059704,0.00474956943654048,0.00474956943654048,0.474956943654048,1711,870,1849,-138
3944010,"Mindscorn",0,13,1,14,0.928571428571429,0.685312955758489,0.836295370255299,0.987277784752109,0.30196482899362,0.898099992382339,0.737150034502071,0.98626736576205,0.69766527778157,0.30233472221843,0.249117331259979,-0.0304714361890895,0.0304714361890895,-3.04714361890895,1063,735,600,463
3944070,"Blunderworld",0,23,3,26,0.884615384615385,0.710240967882864,0.835104260823379,0.959967553763894,0.24972658588103,0.873863187712996,0.741090891501015,0.963008862176826,0.810804163046963,0.189195836953038,0.221917970675811,-0.0107521969023887,0.0107521969023887,-1.07521969023887,1249,682,844,405
3944410,"Bank King Simulator",0,5,7,12,0.416666666666667,0.193260313658757,0.436874500554603,0.68048868745045,0.487228373791694,0.554721224695518,0.328854701050569,0.769109250787605,0.664196976389084,0.335803023610916,0.440254549737036,0.138054558028851,0.138054558028851,13.8054558028851,2070,1993,2177,-107
3944530,"Knockless",0,0,1,1,0,0,0.396725342811381,0.793450685622763,0.793450685622763,0.710649405258107,0.356458319924359,0.954614608918397,0.141504169329759,0.858495830670241,0.598156288994038,0.710649405258107,0.710649405258107,71.0649405258107,2218,2218,1913,305
3944850,"Statecraft",0,1,2,3,0.333333333333333,0.0614919447203963,0.426916171959174,0.792340399197952,0.730848454477556,0.664183972084073,0.347732278340177,0.912726902582571,0.330872758342948,0.669127241657052,0.564994624242395,0.330850638750739,0.330850638750739,33.0850638750739,2111,2124,2045,66
3946470,"Outwall",0,0,1,1,0,0,0.396725342811381,0.793450685622763,0.793450685622763,0.710649405258107,0.356458319924359,0.954614608918397,0.141504169329759,0.858495830670241,0.598156288994038,0.710649405258107,0.710649405258107,71.0649405258107,2219,2219,1914,305
3946860,"Begin the Slaughter",0,1,0,1,1,0.206549314377237,0.603274657188619,1,0.793450685622763,0.852153574587866,0.534749383069649,0.995001716766416,0.141504169329759,0.858495830670241,0.460252333696767,-0.147846425412134,0.147846425412134,-14.7846425412134,746,1905,1242,-496
3947220,"Deckaroo",0,1,0,1,1,0.206549314377237,0.603274657188619,1,0.793450685622763,0.852153574587866,0.534749383069649,0.995001716766416,0.141504169329759,0.858495830670241,0.460252333696767,-0.147846425412134,0.147846425412134,-14.7846425412134,747,1906,1243,-496
3947310,"Fungal Colony Sim 2",0,8,5,13,0.615384615384615,0.355228915126657,0.589065918574516,0.822902922022374,0.467674006895717,0.682968343088707,0.464246662381457,0.865412241236979,0.681808780229511,0.318191219770489,0.401165578855523,0.0675837277040915,0.0675837277040915,6.75837277040915,1892,1459,2000,-108
3947690,"Six Mysteries and One Lie",0,8,1,9,0.888888888888889,0.565000294423344,0.7725547033924,0.980109112361455,0.415108817938111,0.864284208259485,0.658398730301434,0.981238920013751,0.597334709233019,0.40266529076698,0.322840189712317,-0.0246046806294042,0.0246046806294042,-2.46046806294042,1239,1072,1029,210
3947730,"Journey To Dawn",0,0,1,1,0,0,0.396725342811381,0.793450685622763,0.793450685622763,0.710649405258107,0.356458319924359,0.954614608918397,0.141504169329759,0.858495830670241,0.598156288994038,0.710649405258107,0.710649405258107,71.0649405258107,2220,2220,1915,305
3948200,"PLATFORM 0",0,8,11,19,0.421052631578947,0.231418912824542,0.434329938740996,0.63724096465745,0.405822051832907,0.519493592606277,0.32797558590108,0.708062597537576,0.757970773364418,0.242029226635582,0.380087011636496,0.0984409610273295,0.0984409610273295,9.84409610273295,2068,1678,2201,-133
3948350,"Wolftown",0,3,0,3,1,0.438502968244955,0.719251484122477,1,0.561497031755045,0.884765810979371,0.624831367315985,0.996242206486757,0.330872758342948,0.669127241657052,0.371410839170772,-0.115234189020629,0.115234189020629,-11.5234189020629,418,1342,788,-370
3948550,"Late Ming: Reborn in Flames",0,287,227,514,0.558365758754864,0.515160480406955,0.557932789059262,0.60070509771157,0.0855446173046159,0.561508707233001,0.518697441764581,0.603871845378668,0.988334329226837,0.0116656707731635,0.0851744036140868,0.00314294847813712,0.00314294847813712,0.314294847813712,1946,1140,2174,-228
3948620,"Luminaria",1,0,3,3,0,0,0.280748515877523,0.561497031755045,0.561497031755045,0.553893052636423,0.244434431285965,0.840949990028411,0.330872758342948,0.669127241657052,0.596515558742447,0.553893052636423,0.553893052636423,55.3893052636423,2160,2160,2184,-24
3948650,"Breathbound",0,2,2,4,0.5,0.15003898915215,0.5,0.84996101084785,0.699922021695701,0.697542308926574,0.398233942241128,0.923287916642755,0.397340615926201,0.602659384073799,0.525053974401627,0.197542308926574,0.197542308926574,19.7542308926574,1990,2020,1964,26
3948840,"Fatebreaker",0,2,0,2,1,0.342380227506653,0.671190113753327,1,0.657619772493347,0.870481046513441,0.58446518931204,0.995709839532952,0.247925803745148,0.752074196254852,0.411244650220912,-0.129518953486559,0.129518953486559,-12.9518953486559,536,1569,955,-419
3948890,"Employee 925",0,18,0,18,1,0.824120776353342,0.912060388176671,1,0.175879223646658,0.956586889340369,0.848621716716155,0.998686668099094,0.747914267160497,0.252085732839503,0.150064951382939,-0.0434131106596307,0.0434131106596307,-4.34131106596307,67,351,134,-67
3948980,"Age of Damnation",0,2,4,6,0.333333333333333,0.0967714111057805,0.398389047983694,0.700006684861608,0.603235273755828,0.581930080600651,0.307299488335353,0.830893717497911,0.497226735266432,0.502773264733568,0.523594229162558,0.248596747267317,0.248596747267317,24.8596747267317,2095,2043,2162,-67
3949080,"These Are Them",0,1,0,1,1,0.206549314377237,0.603274657188619,1,0.793450685622763,0.852153574587866,0.534749383069649,0.995001716766416,0.141504169329759,0.858495830670241,0.460252333696767,-0.147846425412134,0.147846425412134,-14.7846425412134,748,1907,1244,-496
3952050,"Turtle Game",0,18,0,18,1,0.824120776353342,0.912060388176671,1,0.175879223646658,0.956586889340369,0.848621716716155,0.998686668099094,0.747914267160497,0.252085732839503,0.150064951382939,-0.0434131106596307,0.0434131106596307,-4.34131106596307,68,352,135,-67
3952230,"3000m to Whatever’s Up There",0,5,0,5,1,0.565517535216825,0.782758767608413,1,0.434482464783175,0.905590772082171,0.68618151869736,0.996989370906001,0.451796495462645,0.548203504537355,0.310807852208641,-0.0944092279178288,0.0944092279178288,-9.44092279178288,292,1052,565,-273
3952640,"Virtual Fighter Maneuvers",0,130,7,137,0.948905109489051,0.89829033849005,0.93666119702932,0.975032055568591,0.0767417170785407,0.94376883392476,0.900706386361056,0.975168456070072,0.957593766789532,0.0424062332104677,0.0744620697090158,-0.00513627556429153,0.00513627556429153,-0.513627556429153,970,143,229,741
3952680,"Backrooms Maze 2D",0,2,0,2,1,0.342380227506653,0.671190113753327,1,0.657619772493347,0.870481046513441,0.58446518931204,0.995709839532952,0.247925803745148,0.752074196254852,0.411244650220912,-0.129518953486559,0.129518953486559,-12.9518953486559,537,1570,956,-419
3952930,"仙旅异闻录",0,118,30,148,0.797297297297297,0.725392122472005,0.789775930379848,0.854159738287691,0.128767615815685,0.798497832327505,0.731861914200207,0.857798746991176,0.960621467585448,0.039378532414552,0.125936832790969,0.00120053503020767,0.00120053503020767,0.120053503020767,1544,618,1547,-3
3953060,"Galaxy Defense War",0,108,3,111,0.972972972972973,0.923537593516996,0.957151977509882,0.990766361502768,0.0672287679857715,0.965448651539679,0.925761589914113,0.990333071911311,0.948175547080319,0.0518244529196813,0.0645714819971975,-0.0075243214332944,0.0075243214332944,-0.75243214332944,882,98,83,799
3953080,"Melon Bounce",0,6,0,6,1,0.609665712097835,0.804832856048917,1,0.390334287902165,0.913414570778272,0.709988022926607,0.997261605765302,0.497226735266432,0.502773264733568,0.287273582838695,-0.0865854292217277,0.0865854292217277,-8.65854292217277,243,937,482,-239
3953840,"Baduk Challenge (Go Challenge)",0,2,2,4,0.5,0.15003898915215,0.5,0.84996101084785,0.699922021695701,0.697542308926574,0.398233942241128,0.923287916642755,0.397340615926201,0.602659384073799,0.525053974401627,0.197542308926574,0.197542308926574,19.7542308926574,1991,2021,1965,26
3954070,"Session Notes: Route 404",0,46,18,64,0.71875,0.598660697177926,0.706363486920324,0.814066276662722,0.215405579484796,0.728191025478916,0.619041838184481,0.825007493983835,0.913412367049335,0.0865876329506648,0.205965655799355,0.00944102547891645,0.00944102547891645,0.944102547891645,1713,966,1834,-121
3955050,"Shadow President",0,12,0,12,1,0.757505993344759,0.87875299667238,1,0.242494006655241,0.942169460922484,0.800974166896997,0.998224749770572,0.664196976389084,0.335803023610916,0.197250582873575,-0.0578305390775165,0.0578305390775165,-5.78305390775165,129,547,250,-121
3955170,"Exclusive Cars",0,3,0,3,1,0.438502968244955,0.719251484122477,1,0.561497031755045,0.884765810979371,0.624831367315985,0.996242206486757,0.330872758342948,0.669127241657052,0.371410839170772,-0.115234189020629,0.115234189020629,-11.5234189020629,419,1343,789,-370
3955280,"Escape The Buildings",0,2,0,2,1,0.342380227506653,0.671190113753327,1,0.657619772493347,0.870481046513441,0.58446518931204,0.995709839532952,0.247925803745148,0.752074196254852,0.411244650220912,-0.129518953486559,0.129518953486559,-12.9518953486559,538,1571,957,-419
3956340,"Max Manos 2",0,102,41,143,0.713286713286713,0.634350324994648,0.707707007577765,0.781063690160882,0.146713365166234,0.717946694176649,0.643322239202493,0.787032524027528,0.959300633631017,0.0406993663689835,0.143710284825035,0.00465998088993536,0.00465998088993536,0.465998088993536,1730,872,1859,-129
3957480,"Western Gun Shop Simulator",0,16,5,21,0.761904761904762,0.549088263170493,0.721404066472064,0.893719869773635,0.344631606603143,0.776671370901582,0.605409487327708,0.909379060936464,0.775854532651986,0.224145467348014,0.303969573608756,0.0147666089968198,0.0147666089968198,1.47666089968198,1614,1089,1623,-9
3958510,"The evil mouse",0,6,0,6,1,0.609665712097835,0.804832856048917,1,0.390334287902165,0.913414570778272,0.709988022926607,0.997261605765302,0.497226735266432,0.502773264733568,0.287273582838695,-0.0865854292217277,0.0865854292217277,-8.65854292217277,244,938,483,-239
3959110,"DOOM Dawn",0,12,2,14,0.857142857142857,0.600586205030297,0.780246141879416,0.959906078728535,0.359319873698239,0.848266758255084,0.666627854192177,0.965214221424354,0.69766527778157,0.30233472221843,0.298586367232177,-0.00887609888777308,0.00887609888777308,-0.887609888777308,1339,959,1350,-11
3960120,"ZeroZeta",0,2,0,2,1,0.342380227506653,0.671190113753327,1,0.657619772493347,0.870481046513441,0.58446518931204,0.995709839532952,0.247925803745148,0.752074196254852,0.411244650220912,-0.129518953486559,0.129518953486559,-12.9518953486559,539,1572,958,-419
3960240,"Cat Merge",0,5,0,5,1,0.565517535216825,0.782758767608413,1,0.434482464783175,0.905590772082171,0.68618151869736,0.996989370906001,0.451796495462645,0.548203504537355,0.310807852208641,-0.0944092279178288,0.0944092279178288,-9.44092279178288,293,1053,566,-273
3960750,"Demon with a Pickaxe",0,11,2,13,0.846153846153846,0.577653689805175,0.767197755723547,0.956741821641919,0.379088131836744,0.840308830833979,0.650853987919216,0.963205977358603,0.681808780229511,0.318191219770489,0.312351989439386,-0.00584501531986759,0.00584501531986759,-0.584501531986759,1376,1000,1388,-12
3961220,"VADE RETRO SATANA",0,1,1,2,0.5,0.0945312057342307,0.5,0.905468794265769,0.810937588531539,0.746518144640867,0.41858644386299,0.961464062212803,0.247925803745148,0.752074196254852,0.542877618349813,0.246518144640867,0.246518144640867,24.6518144640867,2026,2078,1782,244
3961740,"PaJinko",0,2,0,2,1,0.342380227506653,0.671190113753327,1,0.657619772493347,0.870481046513441,0.58446518931204,0.995709839532952,0.247925803745148,0.752074196254852,0.411244650220912,-0.129518953486559,0.129518953486559,-12.9518953486559,540,1573,959,-419
3962200,"The Soul Collector 2 - Idle Game",0,0,4,4,0,0,0.244945418227299,0.489890836454597,0.489890836454597,0.498872000963473,0.211908099635446,0.786259070646069,0.397340615926201,0.602659384073799,0.574350971010623,0.498872000963473,0.498872000963473,49.8872000963473,2152,2152,2217,-65
3962470,"Coaster Crash Course",0,27,2,29,0.931034482758621,0.780354198497243,0.880616466163905,0.980878733830567,0.200524535333324,0.913171175419672,0.801732011173081,0.980868417677232,0.826989997325844,0.173010002674156,0.179136406504151,-0.0178633073389488,0.0178633073389488,-1.78633073389488,1048,476,491,557
3962740,"Pediluvium",0,7,1,8,0.875,0.529111817787147,0.753347163168545,0.977582508549943,0.448470690762797,0.854636346516529,0.636725903427632,0.979755988994853,0.568709749645159,0.431290250354841,0.343030085567221,-0.0203636534834708,0.0203636534834708,-2.03636534834708,1286,1122,1064,222
3963200,"Whodunnit: the Midnight Murder Mystery Files",0,0,1,1,0,0,0.396725342811381,0.793450685622763,0.793450685622763,0.710649405258107,0.356458319924359,0.954614608918397,0.141504169329759,0.858495830670241,0.598156288994038,0.710649405258107,0.710649405258107,71.0649405258107,2221,2221,1916,305
3963830,"The Drowned Deal",0,0,1,1,0,0,0.396725342811381,0.793450685622763,0.793450685622763,0.710649405258107,0.356458319924359,0.954614608918397,0.141504169329759,0.858495830670241,0.598156288994038,0.710649405258107,0.710649405258107,71.0649405258107,2222,2222,1917,305
3964050,"Midnight's Curse",0,23,8,31,0.741935483870968,0.567538641905662,0.715260791420862,0.862982940936063,0.2954442990304,0.755986795251721,0.607743301976561,0.878120922064038,0.836325003199392,0.163674996800608,0.270377620087477,0.0140513113807537,0.0140513113807537,1.40513113807537,1679,1005,1719,-40
3964640,"Nomad Nightmare - Episode 1: Awakening",0,7,3,10,0.7,0.396778147461145,0.644493440027422,0.892208732593699,0.495430585132554,0.748251820184381,0.51757002392083,0.920813557752074,0.622396454151338,0.377603545848662,0.403243533831244,0.0482518201843809,0.0482518201843809,4.82518201843809,1747,1411,1743,4
3965520,"Sacred World",0,6,3,9,0.666666666666667,0.354202135580396,0.616809158596743,0.879416181613089,0.525214046032693,0.731543161763258,0.49053125892081,0.914719470598022,0.597334709233019,0.40266529076698,0.424188211677213,0.0648764950965914,0.0648764950965914,6.48764950965914,1792,1466,1828,-36
3965930,"Puzzle Parasite",0,27,2,29,0.931034482758621,0.780354198497243,0.880616466163905,0.980878733830567,0.200524535333324,0.913171175419672,0.801732011173081,0.980868417677232,0.826989997325844,0.173010002674156,0.179136406504151,-0.0178633073389488,0.0178633073389488,-1.78633073389488,1049,477,492,557
3966010,"Soul Demon Hunters",0,15,2,17,0.882352941176471,0.656636494051141,0.811878360143674,0.967120226236207,0.310483732185066,0.868000625462952,0.70649451941807,0.970107735320386,0.736985819489999,0.263014180510001,0.263613215902316,-0.0143523157135187,0.0143523157135187,-1.43523157135187,1256,804,1006,250
3966170,"Type Drivers",0,2,1,3,0.666666666666667,0.207659600802048,0.573083828040826,0.938508055279604,0.730848454477556,0.774474891531722,0.470582557778087,0.966512741987473,0.330872758342948,0.669127241657052,0.495930184209387,0.107808224865055,0.107808224865055,10.7808224865055,1826,1721,1661,165
3966360,"After School Grounds (<U+BC29><U+ACFC><U+D6C4><U+C6B4><U+B3D9><U+C7A5>)",0,159,1,160,0.99375,0.965451014037521,0.982173441134069,0.998895868230618,0.033444854193097,0.987686770133698,0.966249940998094,0.99844343327964,0.963466961207618,0.0365330387923822,0.0321934922815462,-0.00606322986630181,0.00606322986630181,-0.606322986630181,836,20,13,823
3966870,"Liminal Explorer",0,7,1,8,0.875,0.529111817787147,0.753347163168545,0.977582508549943,0.448470690762797,0.854636346516529,0.636725903427632,0.979755988994853,0.568709749645159,0.431290250354841,0.343030085567221,-0.0203636534834708,0.0203636534834708,-2.03636534834708,1287,1123,1065,222
3967160,"Chair Debiti",0,22,0,22,1,0.851345125391379,0.92567256269569,1,0.148654874608621,0.962773973044716,0.869476733759179,0.998880808990799,0.783840638389173,0.216159361610827,0.12940407523162,-0.0372260269552844,0.0372260269552844,-3.72260269552844,44,264,95,-51
3967240,"Pursuit",0,8,6,14,0.571428571428571,0.325906445796507,0.556049228375883,0.786192010955259,0.460285565158751,0.648933821746064,0.433744525585161,0.836030390281557,0.69766527778157,0.30233472221843,0.402285864696396,0.0775052503174926,0.0775052503174926,7.75052503174926,1936,1615,2067,-131
3967430,"Defend the Town",0,2,0,2,1,0.342380227506653,0.671190113753327,1,0.657619772493347,0.870481046513441,0.58446518931204,0.995709839532952,0.247925803745148,0.752074196254852,0.411244650220912,-0.129518953486559,0.129518953486559,-12.9518953486559,541,1574,960,-419
3967950,"Spookie Dookie",0,23,1,24,0.958333333333333,0.797581935213441,0.895094239523967,0.992606543834494,0.195024608621053,0.931991051110119,0.82036998300276,0.991058875407908,0.798219184162004,0.201780815837996,0.170688892405148,-0.0263422822232146,0.0263422822232146,-2.63422822232146,925,423,320,605
3968450,"Darko",0,2,0,2,1,0.342380227506653,0.671190113753327,1,0.657619772493347,0.870481046513441,0.58446518931204,0.995709839532952,0.247925803745148,0.752074196254852,0.411244650220912,-0.129518953486559,0.129518953486559,-12.9518953486559,542,1575,961,-419
3968810,"Old Ninja : UnderWorld",0,0,2,2,0,0,0.328809886246673,0.657619772493347,0.657619772493347,0.622555242768293,0.289385773103398,0.898758006134615,0.247925803745148,0.752074196254852,0.609372233031217,0.622555242768293,0.622555242768293,62.2555242768293,2177,2177,2119,58
3969950,"For What",0,1,0,1,1,0.206549314377237,0.603274657188619,1,0.793450685622763,0.852153574587866,0.534749383069649,0.995001716766416,0.141504169329759,0.858495830670241,0.460252333696767,-0.147846425412134,0.147846425412134,-14.7846425412134,749,1908,1245,-496
3971630,"Triple Swap Tower",0,5,0,5,1,0.565517535216825,0.782758767608413,1,0.434482464783175,0.905590772082171,0.68618151869736,0.996989370906001,0.451796495462645,0.548203504537355,0.310807852208641,-0.0944092279178288,0.0944092279178288,-9.44092279178288,294,1054,567,-273
3973790,"The Last Detour",0,4,0,4,1,0.510109163545403,0.755054581772701,1,0.489890836454597,0.896212616889674,0.658188789563792,0.996657030244202,0.397340615926201,0.602659384073799,0.338468240680411,-0.103787383110326,0.103787383110326,-10.3787383110326,337,1181,647,-310
3973880,"The Mysterious Mansion",0,0,2,2,0,0,0.328809886246673,0.657619772493347,0.657619772493347,0.622555242768293,0.289385773103398,0.898758006134615,0.247925803745148,0.752074196254852,0.609372233031217,0.622555242768293,0.622555242768293,62.2555242768293,2178,2178,2120,58
3975330,"Exit Casino",0,0,4,4,0,0,0.244945418227299,0.489890836454597,0.489890836454597,0.498872000963473,0.211908099635446,0.786259070646069,0.397340615926201,0.602659384073799,0.574350971010623,0.498872000963473,0.498872000963473,49.8872000963473,2153,2153,2218,-65
3975930,"Road to Karatl",0,8,4,12,0.666666666666667,0.3906220888728,0.626250998890793,0.861879908908787,0.471257820035987,0.720770468792789,0.499795056534893,0.895643301785341,0.664196976389084,0.335803023610916,0.395848245250448,0.0541038021261221,0.0541038021261221,5.41038021261221,1785,1417,1854,-69
3976540,"Defense X",0,0,1,1,0,0,0.396725342811381,0.793450685622763,0.793450685622763,0.710649405258107,0.356458319924359,0.954614608918397,0.141504169329759,0.858495830670241,0.598156288994038,0.710649405258107,0.710649405258107,71.0649405258107,2223,2223,1918,305
3977490,"Crush Point",0,1,0,1,1,0.206549314377237,0.603274657188619,1,0.793450685622763,0.852153574587866,0.534749383069649,0.995001716766416,0.141504169329759,0.858495830670241,0.460252333696767,-0.147846425412134,0.147846425412134,-14.7846425412134,750,1909,1246,-496
3977750,"Truck Parking World",0,3,3,6,0.5,0.187616306482651,0.5,0.812383693517349,0.624767387034699,0.664801203145056,0.389064584008582,0.889062542250215,0.497226735266432,0.502773264733568,0.499997958241633,0.164801203145056,0.164801203145056,16.4801203145056,1980,2003,2030,-50
3977940,"Astranded",0,1,1,2,0.5,0.0945312057342307,0.5,0.905468794265769,0.810937588531539,0.746518144640867,0.41858644386299,0.961464062212803,0.247925803745148,0.752074196254852,0.542877618349813,0.246518144640867,0.246518144640867,24.6518144640867,2027,2079,1783,244
3978700,"Soul Redemption",0,4,0,4,1,0.510109163545403,0.755054581772701,1,0.489890836454597,0.896212616889674,0.658188789563792,0.996657030244202,0.397340615926201,0.602659384073799,0.338468240680411,-0.103787383110326,0.103787383110326,-10.3787383110326,338,1182,648,-310
3978710,"Your Friend Wiggles",0,24,1,25,0.96,0.804559362638063,0.898731564568038,0.992903766498013,0.18834440385995,0.934180161840024,0.825891242665713,0.991360297482906,0.804714219833784,0.195285780166216,0.165469054817193,-0.0258198381599758,0.0258198381599758,-2.58198381599758,918,411,311,607
3979100,"Packonomy",0,6,1,7,0.857142857142857,0.486872170725681,0.730596273190469,0.974320375655256,0.487448204929575,0.84351180095378,0.612178260667578,0.97801824063592,0.535703506847418,0.464296493152582,0.365839979968342,-0.0136310561890776,0.0136310561890776,-1.36310561890776,1349,1236,1374,-25
3979220,"YUNHANZHI",0,1,0,1,1,0.206549314377237,0.603274657188619,1,0.793450685622763,0.852153574587866,0.534749383069649,0.995001716766416,0.141504169329759,0.858495830670241,0.460252333696767,-0.147846425412134,0.147846425412134,-14.7846425412134,751,1910,1247,-496
3979310,"FIND KITTENS 6: After us",1,6,0,6,1,0.609665712097835,0.804832856048917,1,0.390334287902165,0.913414570778272,0.709988022926607,0.997261605765302,0.497226735266432,0.502773264733568,0.287273582838695,-0.0865854292217277,0.0865854292217277,-8.65854292217277,245,939,484,-239
3979880,"Secret File",0,1,0,1,1,0.206549314377237,0.603274657188619,1,0.793450685622763,0.852153574587866,0.534749383069649,0.995001716766416,0.141504169329759,0.858495830670241,0.460252333696767,-0.147846425412134,0.147846425412134,-14.7846425412134,752,1911,1248,-496
3980000,"欺心恋曲/亵渎神明的少女 Deceptiive Love Ballad The Blasphemer 偽りの恋の旋律/神を冒涜する少女",0,7,0,7,1,0.645669564933313,0.822834782466656,1,0.354330435066687,0.920040873360553,0.730470837927101,0.997488688736488,0.535703506847418,0.464296493152582,0.267017850809387,-0.0799591266394466,0.0799591266394466,-7.99591266394466,211,852,422,-211
3981060,"The Vanishing Train | ワンマン列車",0,28,14,42,0.666666666666667,0.515525073768338,0.652700201522383,0.789875329276427,0.274350255508089,0.687002677133338,0.550627017613075,0.80864182504522,0.873781628378489,0.126218371621511,0.258014807432145,0.0203360104666718,0.0203360104666718,2.03360104666718,1775,1138,1987,-212
3981100,"Leaf it Alone",0,5899,271,6170,0.956077795786062,0.950674520506306,0.955794017188372,0.960913513870437,0.0102389933641318,0.955951769406166,0.950696280895236,0.960927623187767,0.999017671011394,0.000982328988605724,0.010231342292531,-0.000126026379895894,0.000126026379895894,-0.0126026379895894,934,38,140,794
3981230,"咸鱼侠大战b宫怪",0,38,0,38,1,0.908190131774416,0.954095065887208,1,0.091809868225584,0.976290150299511,0.915875876110446,0.999296677358249,0.862324658462675,0.137675341537326,0.0834208012478034,-0.0237098497004894,0.0237098497004894,-2.37098497004894,17,123,41,-24
3981780,"The Beautiful World",0,4,0,4,1,0.510109163545403,0.755054581772701,1,0.489890836454597,0.896212616889674,0.658188789563792,0.996657030244202,0.397340615926201,0.602659384073799,0.338468240680411,-0.103787383110326,0.103787383110326,-10.3787383110326,339,1183,649,-310
3982040,"The Faith of Sin",0,6,4,10,0.6,0.312673769733658,0.572246720013711,0.831819670293764,0.519145900560105,0.686012174769247,0.447889788666887,0.880419759473085,0.622396454151338,0.377603545848662,0.432529970806198,0.0860121747692471,0.0860121747692471,8.60121747692471,1910,1621,1993,-83
3982060,"Ark of Isolation",0,5,0,5,1,0.565517535216825,0.782758767608413,1,0.434482464783175,0.905590772082171,0.68618151869736,0.996989370906001,0.451796495462645,0.548203504537355,0.310807852208641,-0.0944092279178288,0.0944092279178288,-9.44092279178288,295,1055,568,-273
3982130,"Hijong Park's Defender Patrol",0,71,1,72,0.986111111111111,0.925433978525239,0.961489013321166,0.997544048117094,0.0721100695918557,0.973806831034553,0.928850594618192,0.996656843845341,0.922285536102193,0.0777144638978066,0.0678062492271487,-0.0123042800765586,0.0123042800765586,-1.23042800765586,851,93,52,799
3982420,"Going To High School With Lira",0,1,0,1,1,0.206549314377237,0.603274657188619,1,0.793450685622763,0.852153574587866,0.534749383069649,0.995001716766416,0.141504169329759,0.858495830670241,0.460252333696767,-0.147846425412134,0.147846425412134,-14.7846425412134,753,1912,1249,-496
3983420,"JAGAR - Just a game about a rectangle",0,1,1,2,0.5,0.0945312057342307,0.5,0.905468794265769,0.810937588531539,0.746518144640867,0.41858644386299,0.961464062212803,0.247925803745148,0.752074196254852,0.542877618349813,0.246518144640867,0.246518144640867,24.6518144640867,2028,2080,1784,244
3983700,"Nightmare Train",0,1,0,1,1,0.206549314377237,0.603274657188619,1,0.793450685622763,0.852153574587866,0.534749383069649,0.995001716766416,0.141504169329759,0.858495830670241,0.460252333696767,-0.147846425412134,0.147846425412134,-14.7846425412134,754,1913,1250,-496
3984440,"Beguile",0,10,0,10,1,0.722467200137111,0.861233600068555,1,0.277532799862889,0.934970756429782,0.777686418312525,0.997988980033724,0.622396454151338,0.377603545848662,0.220302561721199,-0.0650292435702178,0.0650292435702178,-6.50292435702178,156,636,301,-145
3984670,"My Local Bee Cult",0,6,0,6,1,0.609665712097835,0.804832856048917,1,0.390334287902165,0.913414570778272,0.709988022926607,0.997261605765302,0.497226735266432,0.502773264733568,0.287273582838695,-0.0865854292217277,0.0865854292217277,-8.65854292217277,246,940,485,-239
3984970,"Platoon",0,1,2,3,0.333333333333333,0.0614919447203963,0.426916171959174,0.792340399197952,0.730848454477556,0.664183972084073,0.347732278340177,0.912726902582571,0.330872758342948,0.669127241657052,0.564994624242395,0.330850638750739,0.330850638750739,33.0850638750739,2112,2125,2046,66
3985480,"Nadia's Revenge",0,0,1,1,0,0,0.396725342811381,0.793450685622763,0.793450685622763,0.710649405258107,0.356458319924359,0.954614608918397,0.141504169329759,0.858495830670241,0.598156288994038,0.710649405258107,0.710649405258107,71.0649405258107,2224,2224,1919,305
3985730,"<U+0110><U+1ED3>ng C<U+1ECF> Lau - The Reed Field",0,3,7,10,0.3,0.107791267406301,0.355506559972578,0.603221852538855,0.495430585132554,0.499293238523846,0.265681395689019,0.733071771832415,0.622396454151338,0.377603545848662,0.467390376143396,0.199293238523846,0.199293238523846,19.9293238523846,2119,2039,2208,-89
3985770,"Arrow Spire: Tower Defense",0,35,18,53,0.660377358490566,0.525947866375483,0.649538737681121,0.773129608986758,0.247181742611275,0.677572197973124,0.554210143700663,0.789544579635461,0.897287202439936,0.102712797560064,0.235334435934798,0.017194839482558,0.017194839482558,1.7194839482558,1842,1130,2008,-166
3986020,"Jupiter's Orbit",0,1,0,1,1,0.206549314377237,0.603274657188619,1,0.793450685622763,0.852153574587866,0.534749383069649,0.995001716766416,0.141504169329759,0.858495830670241,0.460252333696767,-0.147846425412134,0.147846425412134,-14.7846425412134,755,1914,1251,-496
3986350,"Frogshot Adventure",0,1,0,1,1,0.206549314377237,0.603274657188619,1,0.793450685622763,0.852153574587866,0.534749383069649,0.995001716766416,0.141504169329759,0.858495830670241,0.460252333696767,-0.147846425412134,0.147846425412134,-14.7846425412134,756,1915,1252,-496
3987810,"Pleasure Cruise",0,184,46,230,0.8,0.743567273759288,0.795071713749905,0.846576153740521,0.103008879981233,0.800714058675153,0.747540432533508,0.849063823898217,0.974299959798362,0.0257000402016383,0.101523391364709,0.000714058675152507,0.000714058675152507,0.0714058675152507,1499,568,1538,-39
3988370,"Rise & Pop!",0,31,1,32,0.96875,0.842557361799875,0.918509750817936,0.994462139835997,0.151904778036122,0.946283551112478,0.856734276958926,0.993009806082214,0.840624666939135,0.159375333060865,0.136275529123289,-0.0224664488875219,0.0224664488875219,-2.24664488875219,895,295,204,691
3988390,"New Yankee: Pirate Trap",0,9,2,11,0.818181818181818,0.523019438039156,0.735825874146536,0.948632310253915,0.425612872214759,0.821595310231126,0.614451791438785,0.958401753694715,0.644521321079962,0.355478678920038,0.34394996225593,0.00341349204930808,0.00341349204930808,0.341349204930808,1464,1136,1456,8
3988540,"The Last Zone",0,2,0,2,1,0.342380227506653,0.671190113753327,1,0.657619772493347,0.870481046513441,0.58446518931204,0.995709839532952,0.247925803745148,0.752074196254852,0.411244650220912,-0.129518953486559,0.129518953486559,-12.9518953486559,543,1576,962,-419
3988830,"Crystal of Death",0,3,0,3,1,0.438502968244955,0.719251484122477,1,0.561497031755045,0.884765810979371,0.624831367315985,0.996242206486757,0.330872758342948,0.669127241657052,0.371410839170772,-0.115234189020629,0.115234189020629,-11.5234189020629,420,1344,790,-370
3989410,"Shablon: Color Patterns",0,6,0,6,1,0.609665712097835,0.804832856048917,1,0.390334287902165,0.913414570778272,0.709988022926607,0.997261605765302,0.497226735266432,0.502773264733568,0.287273582838695,-0.0865854292217277,0.0865854292217277,-8.65854292217277,247,941,486,-239
3990040,"Ants March TD",0,3,0,3,1,0.438502968244955,0.719251484122477,1,0.561497031755045,0.884765810979371,0.624831367315985,0.996242206486757,0.330872758342948,0.669127241657052,0.371410839170772,-0.115234189020629,0.115234189020629,-11.5234189020629,421,1345,791,-370
3990400,"Big BEAUTIFUL Van Derby Racing",0,1,0,1,1,0.206549314377237,0.603274657188619,1,0.793450685622763,0.852153574587866,0.534749383069649,0.995001716766416,0.141504169329759,0.858495830670241,0.460252333696767,-0.147846425412134,0.147846425412134,-14.7846425412134,757,1916,1253,-496
3990520,"LEARNMOOR: Kids Academy",0,2,0,2,1,0.342380227506653,0.671190113753327,1,0.657619772493347,0.870481046513441,0.58446518931204,0.995709839532952,0.247925803745148,0.752074196254852,0.411244650220912,-0.129518953486559,0.129518953486559,-12.9518953486559,544,1577,963,-419
3991720,"Sisters Connect",0,64,9,73,0.876712328767123,0.78199695644978,0.857879723030375,0.933762489610971,0.151765533161191,0.87295800747025,0.791706158057729,0.936415216373533,0.923268430775227,0.0767315692247728,0.144709058315803,-0.00375432129687281,0.00375432129687281,-0.375432129687281,1270,473,846,424
3992910,"Undead World Order",0,2,0,2,1,0.342380227506653,0.671190113753327,1,0.657619772493347,0.870481046513441,0.58446518931204,0.995709839532952,0.247925803745148,0.752074196254852,0.411244650220912,-0.129518953486559,0.129518953486559,-12.9518953486559,545,1578,964,-419
3993060,"Gamblers Chess",0,2,0,2,1,0.342380227506653,0.671190113753327,1,0.657619772493347,0.870481046513441,0.58446518931204,0.995709839532952,0.247925803745148,0.752074196254852,0.411244650220912,-0.129518953486559,0.129518953486559,-12.9518953486559,546,1579,965,-419
3993620,"SCULPTURE",0,8,8,16,0.5,0.27999563610326,0.5,0.72000436389674,0.44000872779348,0.590118768262626,0.383876414205858,0.780883487105898,0.725066889874052,0.274933110125948,0.39700707290004,0.0901187682626263,0.0901187682626263,9.01187682626263,1967,1665,2157,-190
3994200,"Enchanted Broom",0,1,0,1,1,0.206549314377237,0.603274657188619,1,0.793450685622763,0.852153574587866,0.534749383069649,0.995001716766416,0.141504169329759,0.858495830670241,0.460252333696767,-0.147846425412134,0.147846425412134,-14.7846425412134,758,1917,1254,-496
3994250,"S K Y R I S E",0,1,0,1,1,0.206549314377237,0.603274657188619,1,0.793450685622763,0.852153574587866,0.534749383069649,0.995001716766416,0.141504169329759,0.858495830670241,0.460252333696767,-0.147846425412134,0.147846425412134,-14.7846425412134,759,1918,1255,-496
3994690,"Alpine Skater",0,0,1,1,0,0,0.396725342811381,0.793450685622763,0.793450685622763,0.710649405258107,0.356458319924359,0.954614608918397,0.141504169329759,0.858495830670241,0.598156288994038,0.710649405258107,0.710649405258107,71.0649405258107,2225,2225,1920,305
3995320,"Weird Store",0,2,0,2,1,0.342380227506653,0.671190113753327,1,0.657619772493347,0.870481046513441,0.58446518931204,0.995709839532952,0.247925803745148,0.752074196254852,0.411244650220912,-0.129518953486559,0.129518953486559,-12.9518953486559,547,1580,966,-419
3995560,"Real Puzzles - Paris",0,3,0,3,1,0.438502968244955,0.719251484122477,1,0.561497031755045,0.884765810979371,0.624831367315985,0.996242206486757,0.330872758342948,0.669127241657052,0.371410839170772,-0.115234189020629,0.115234189020629,-11.5234189020629,422,1346,792,-370
3996120,"Second Death",0,1,0,1,1,0.206549314377237,0.603274657188619,1,0.793450685622763,0.852153574587866,0.534749383069649,0.995001716766416,0.141504169329759,0.858495830670241,0.460252333696767,-0.147846425412134,0.147846425412134,-14.7846425412134,760,1919,1256,-496
3997110,"雷霆之眼",0,1,1,2,0.5,0.0945312057342307,0.5,0.905468794265769,0.810937588531539,0.746518144640867,0.41858644386299,0.961464062212803,0.247925803745148,0.752074196254852,0.542877618349813,0.246518144640867,0.246518144640867,24.6518144640867,2029,2081,1785,244
3997950,"Hooked",0,1,0,1,1,0.206549314377237,0.603274657188619,1,0.793450685622763,0.852153574587866,0.534749383069649,0.995001716766416,0.141504169329759,0.858495830670241,0.460252333696767,-0.147846425412134,0.147846425412134,-14.7846425412134,761,1920,1257,-496
3998090,"Dungeon & Rogue",0,1,0,1,1,0.206549314377237,0.603274657188619,1,0.793450685622763,0.852153574587866,0.534749383069649,0.995001716766416,0.141504169329759,0.858495830670241,0.460252333696767,-0.147846425412134,0.147846425412134,-14.7846425412134,762,1921,1258,-496
3998630,"Puzzle Pleasant",0,3,0,3,1,0.438502968244955,0.719251484122477,1,0.561497031755045,0.884765810979371,0.624831367315985,0.996242206486757,0.330872758342948,0.669127241657052,0.371410839170772,-0.115234189020629,0.115234189020629,-11.5234189020629,423,1347,793,-370
3998890,"We Used to Play Here",0,61,22,83,0.734939759036145,0.631138392297172,0.72454712604797,0.817955859798768,0.186817467501597,0.741264009148442,0.646015505079325,0.826254781816575,0.93188347673967,0.0681165232603304,0.18023927673725,0.00632425011229709,0.00632425011229709,0.632425011229709,1687,875,1813,-126
3998910,"Creepy Fishing",0,21,11,32,0.65625,0.483110879789622,0.639503250272645,0.795895620755668,0.312784740966046,0.683588342693998,0.529669311043004,0.819242096778764,0.840624666939135,0.159375333060865,0.28957278573576,0.0273383426939985,0.0273383426939985,2.73383426939985,1846,1244,1997,-151
3999150,"HyperDissonance",0,8,1,9,0.888888888888889,0.565000294423344,0.7725547033924,0.980109112361455,0.415108817938111,0.864284208259485,0.658398730301434,0.981238920013751,0.597334709233019,0.40266529076698,0.322840189712317,-0.0246046806294042,0.0246046806294042,-2.46046806294042,1240,1073,1030,210
3999290,"Remember Me",0,1,1,2,0.5,0.0945312057342307,0.5,0.905468794265769,0.810937588531539,0.746518144640867,0.41858644386299,0.961464062212803,0.247925803745148,0.752074196254852,0.542877618349813,0.246518144640867,0.246518144640867,24.6518144640867,2030,2082,1786,244
3999430,"Sanity Break",0,1,1,2,0.5,0.0945312057342307,0.5,0.905468794265769,0.810937588531539,0.746518144640867,0.41858644386299,0.961464062212803,0.247925803745148,0.752074196254852,0.542877618349813,0.246518144640867,0.246518144640867,24.6518144640867,2031,2083,1787,244
4000060,"Eight Strange Corridors",0,4,0,4,1,0.510109163545403,0.755054581772701,1,0.489890836454597,0.896212616889674,0.658188789563792,0.996657030244202,0.397340615926201,0.602659384073799,0.338468240680411,-0.103787383110326,0.103787383110326,-10.3787383110326,340,1184,650,-310
4000360,"Red Chair",0,3,11,14,0.214285714285714,0.0757138671269318,0.275803086496467,0.475892305866003,0.400178438739071,0.399767651109789,0.202619889954073,0.615839698118757,0.69766527778157,0.30233472221843,0.413219808164684,0.185481936824075,0.185481936824075,18.5481936824075,2136,2105,2235,-99
4000480,"Boffins History Quiz Reel",0,2,0,2,1,0.342380227506653,0.671190113753327,1,0.657619772493347,0.870481046513441,0.58446518931204,0.995709839532952,0.247925803745148,0.752074196254852,0.411244650220912,-0.129518953486559,0.129518953486559,-12.9518953486559,548,1581,967,-419
4000510,"Your Teacher",0,3,1,4,0.75,0.300641842582402,0.627527290886351,0.954412739190299,0.653770896607897,0.796877462908124,0.514485438814817,0.9703895228262,0.397340615926201,0.602659384073799,0.455904084011384,0.0468774629081241,0.0468774629081241,4.68774629081241,1661,1647,1572,89
4001120,"The Glitch prison Together",0,3,0,3,1,0.438502968244955,0.719251484122477,1,0.561497031755045,0.884765810979371,0.624831367315985,0.996242206486757,0.330872758342948,0.669127241657052,0.371410839170772,-0.115234189020629,0.115234189020629,-11.5234189020629,424,1348,794,-370
4001620,"Pondemonium",0,10,0,10,1,0.722467200137111,0.861233600068555,1,0.277532799862889,0.934970756429782,0.777686418312525,0.997988980033724,0.622396454151338,0.377603545848662,0.220302561721199,-0.0650292435702178,0.0650292435702178,-6.50292435702178,157,637,302,-145
4001950,"Office Chug",0,1,0,1,1,0.206549314377237,0.603274657188619,1,0.793450685622763,0.852153574587866,0.534749383069649,0.995001716766416,0.141504169329759,0.858495830670241,0.460252333696767,-0.147846425412134,0.147846425412134,-14.7846425412134,763,1922,1259,-496
4002520,"アルタイル号の殺人",0,21,3,24,0.875,0.689961187294999,0.823258923246882,0.956556659198766,0.266595471903766,0.865472785763285,0.725070662721548,0.960371606483923,0.798219184162004,0.201780815837996,0.235300943762375,-0.00952721423671488,0.00952721423671488,-0.952721423671488,1276,726,1017,259
4002530,"Trialspire",0,1,1,2,0.5,0.0945312057342307,0.5,0.905468794265769,0.810937588531539,0.746518144640867,0.41858644386299,0.961464062212803,0.247925803745148,0.752074196254852,0.542877618349813,0.246518144640867,0.246518144640867,24.6518144640867,2032,2084,1788,244
4003220,"I woke up in the house of a fat man: he's over 30 years old and loves beer and games",0,79,19,98,0.806122448979592,0.716931756201491,0.794575513228057,0.872219270254623,0.155287514053131,0.807385301383271,0.726698644934458,0.876895577798575,0.941701656761159,0.0582983432388411,0.150196932864118,0.00126285240367907,0.00126285240367907,0.126285240367907,1491,658,1528,-37
4003500,"Tom Dahl",0,39,5,44,0.886363636363636,0.760208475833917,0.855340334911496,0.950472193989075,0.190263718155158,0.879265209035898,0.776850910436937,0.953204416741944,0.878823614083587,0.121176385916413,0.176353506305007,-0.00709842732773847,0.00709842732773847,-0.709842732773847,1242,522,832,410
4003520,"Blimblau: Kill Them All!",0,13,1,14,0.928571428571429,0.685312955758489,0.836295370255299,0.987277784752109,0.30196482899362,0.898099992382339,0.737150034502071,0.98626736576205,0.69766527778157,0.30233472221843,0.249117331259979,-0.0304714361890895,0.0304714361890895,-3.04714361890895,1064,736,601,463
4003700,"He is Outside",0,6,1,7,0.857142857142857,0.486872170725681,0.730596273190469,0.974320375655256,0.487448204929575,0.84351180095378,0.612178260667578,0.97801824063592,0.535703506847418,0.464296493152582,0.365839979968342,-0.0136310561890776,0.0136310561890776,-1.36310561890776,1350,1237,1375,-25
4004380,"Fridge",0,12,0,12,1,0.757505993344759,0.87875299667238,1,0.242494006655241,0.942169460922484,0.800974166896997,0.998224749770572,0.664196976389084,0.335803023610916,0.197250582873575,-0.0578305390775165,0.0578305390775165,-5.78305390775165,130,548,251,-121
4004650,"Pharma R&D Manager",0,2,1,3,0.666666666666667,0.207659600802048,0.573083828040826,0.938508055279604,0.730848454477556,0.774474891531722,0.470582557778087,0.966512741987473,0.330872758342948,0.669127241657052,0.495930184209387,0.107808224865055,0.107808224865055,10.7808224865055,1827,1722,1662,165
4005240,"Spirit-Capture Net",0,1,0,1,1,0.206549314377237,0.603274657188619,1,0.793450685622763,0.852153574587866,0.534749383069649,0.995001716766416,0.141504169329759,0.858495830670241,0.460252333696767,-0.147846425412134,0.147846425412134,-14.7846425412134,764,1923,1260,-496
4005510,"My Liminal Nightmare",0,2,0,2,1,0.342380227506653,0.671190113753327,1,0.657619772493347,0.870481046513441,0.58446518931204,0.995709839532952,0.247925803745148,0.752074196254852,0.411244650220912,-0.129518953486559,0.129518953486559,-12.9518953486559,549,1582,968,-419
4006240,"Banner Tactics",0,2,1,3,0.666666666666667,0.207659600802048,0.573083828040826,0.938508055279604,0.730848454477556,0.774474891531722,0.470582557778087,0.966512741987473,0.330872758342948,0.669127241657052,0.495930184209387,0.107808224865055,0.107808224865055,10.7808224865055,1828,1723,1663,165
4007780,"Autumn Rail",0,1,1,2,0.5,0.0945312057342307,0.5,0.905468794265769,0.810937588531539,0.746518144640867,0.41858644386299,0.961464062212803,0.247925803745148,0.752074196254852,0.542877618349813,0.246518144640867,0.246518144640867,24.6518144640867,2033,2085,1789,244
4010330,"Sabbatical In Merzouga",0,0,1,1,0,0,0.396725342811381,0.793450685622763,0.793450685622763,0.710649405258107,0.356458319924359,0.954614608918397,0.141504169329759,0.858495830670241,0.598156288994038,0.710649405258107,0.710649405258107,71.0649405258107,2226,2226,1921,305
4010780,"OLYEN",0,7,1,8,0.875,0.529111817787147,0.753347163168545,0.977582508549943,0.448470690762797,0.854636346516529,0.636725903427632,0.979755988994853,0.568709749645159,0.431290250354841,0.343030085567221,-0.0203636534834708,0.0203636534834708,-2.03636534834708,1288,1124,1066,222
4011240,"Assassin Of Goblin",0,8,4,12,0.666666666666667,0.3906220888728,0.626250998890793,0.861879908908787,0.471257820035987,0.720770468792789,0.499795056534893,0.895643301785341,0.664196976389084,0.335803023610916,0.395848245250448,0.0541038021261221,0.0541038021261221,5.41038021261221,1786,1418,1855,-69
4013030,"Be King",0,1,1,2,0.5,0.0945312057342307,0.5,0.905468794265769,0.810937588531539,0.746518144640867,0.41858644386299,0.961464062212803,0.247925803745148,0.752074196254852,0.542877618349813,0.246518144640867,0.246518144640867,24.6518144640867,2034,2086,1790,244
4014630,"Flute of Gobelin",0,10,1,11,0.909090909090909,0.622641563548404,0.80320469533126,0.983767827114115,0.361126263565711,0.880188157602032,0.694898378185995,0.983635966457539,0.644521321079962,0.355478678920038,0.288737588271544,-0.0289027514888772,0.0289027514888772,-2.89027514888772,1150,891,827,323
4015300,"LIMINAL WATERS - ENHANCED EDITION",0,99,12,111,0.891891891891892,0.820498203648833,0.878783067079617,0.9370679305104,0.116569726861566,0.888569553127761,0.825901491811566,0.938706302902268,0.948175547080319,0.0518244529196813,0.112804811090703,-0.00332233876413091,0.00332233876413091,-0.332233876413091,1214,371,692,522
4015530,"MyVoiceZoo",0,3066,268,3334,0.919616076784643,0.909896858345373,0.919133148551126,0.928369438756878,0.0184725804115045,0.919449272739302,0.909986384172304,0.928436472470686,0.998183590416478,0.00181640958352235,0.0184500882983817,-0.000166804045341196,0.000166804045341196,-0.0166804045341196,1098,121,432,666
4016120,"Luna Anomaly",0,6,0,6,1,0.609665712097835,0.804832856048917,1,0.390334287902165,0.913414570778272,0.709988022926607,0.997261605765302,0.497226735266432,0.502773264733568,0.287273582838695,-0.0865854292217277,0.0865854292217277,-8.65854292217277,248,942,487,-239
4016750,"Pachingo",0,3,0,3,1,0.438502968244955,0.719251484122477,1,0.561497031755045,0.884765810979371,0.624831367315985,0.996242206486757,0.330872758342948,0.669127241657052,0.371410839170772,-0.115234189020629,0.115234189020629,-11.5234189020629,425,1349,795,-370
4017180,"101 Dogs Hidden in Berlin",0,21,2,23,0.91304347826087,0.732040189242563,0.853930092379172,0.97581999551578,0.243779806273216,0.895247956318073,0.763284161327289,0.976669653610307,0.791277246408338,0.208722753591662,0.213385492283018,-0.0177955219427963,0.0177955219427963,-1.77955219427963,1130,606,669,461
4017210,"Hidden Pets: 101 Cats in Vietnam",0,22,1,23,0.956521739130435,0.790088449297411,0.891185891576979,0.992283333856547,0.202194884559135,0.929651314857566,0.814488274524097,0.990735657018478,0.791277246408338,0.208722753591662,0.176247382494381,-0.0268704242728687,0.0268704242728687,-2.68704242728687,932,446,350,582
4017450,"Villainy",0,82,5,87,0.942528735632184,0.872426235095484,0.923815298651165,0.975204362206846,0.102778127111363,0.935048676212238,0.877150931848124,0.975412212208466,0.934811112735286,0.0651888872647144,0.0982612803603417,-0.00748005941994556,0.00748005941994556,-0.748005941994556,1000,205,288,712
4018050,"K-Pattern Master",0,6,0,6,1,0.609665712097835,0.804832856048917,1,0.390334287902165,0.913414570778272,0.709988022926607,0.997261605765302,0.497226735266432,0.502773264733568,0.287273582838695,-0.0865854292217277,0.0865854292217277,-8.65854292217277,249,943,488,-239
4018910,"Twins of the Sun",0,2,1,3,0.666666666666667,0.207659600802048,0.573083828040826,0.938508055279604,0.730848454477556,0.774474891531722,0.470582557778087,0.966512741987473,0.330872758342948,0.669127241657052,0.495930184209387,0.107808224865055,0.107808224865055,10.7808224865055,1829,1724,1664,165
4018920,"All My Heart, Banjo",0,1,0,1,1,0.206549314377237,0.603274657188619,1,0.793450685622763,0.852153574587866,0.534749383069649,0.995001716766416,0.141504169329759,0.858495830670241,0.460252333696767,-0.147846425412134,0.147846425412134,-14.7846425412134,765,1924,1261,-496
4019450,"OROBOROS",0,28,0,28,1,0.879356695234154,0.939678347617077,1,0.120643304765846,0.969330365548594,0.891840799884506,0.999083932603343,0.821911465012993,0.178088534987007,0.107243132718837,-0.0306696344514062,0.0306696344514062,-3.06696344514062,29,181,70,-41
4020720,"Yapori Dimens<U+00F5>es",0,1,0,1,1,0.206549314377237,0.603274657188619,1,0.793450685622763,0.852153574587866,0.534749383069649,0.995001716766416,0.141504169329759,0.858495830670241,0.460252333696767,-0.147846425412134,0.147846425412134,-14.7846425412134,766,1925,1262,-496
4021380,"Absum",0,66,5,71,0.929577464788732,0.845509868862101,0.907528133211195,0.969546397560289,0.124036528698188,0.921564018314732,0.852458736213921,0.97014014519003,0.921277133868955,0.0787228661310451,0.117681408976109,-0.00801344647400026,0.00801344647400026,-0.801344647400026,1054,283,389,665
4021770,"Heavy Spoilers RPG 2: Your best friend is actually the great demon king",0,113,8,121,0.933884297520661,0.874946469699674,0.920533374857499,0.966120280015324,0.0911738103156505,0.928818455699083,0.878338385294693,0.966592966913924,0.952254063267873,0.0477459367321275,0.0882545816192308,-0.00506584182157843,0.00506584182157843,-0.506584182157843,1035,199,354,681
4021980,"Gnomes Garden: Mask of The Rat King",0,1,2,3,0.333333333333333,0.0614919447203963,0.426916171959174,0.792340399197952,0.730848454477556,0.664183972084073,0.347732278340177,0.912726902582571,0.330872758342948,0.669127241657052,0.564994624242395,0.330850638750739,0.330850638750739,33.0850638750739,2113,2126,2047,66
4022550,"Sammy The Sharky",0,10,0,10,1,0.722467200137111,0.861233600068555,1,0.277532799862889,0.934970756429782,0.777686418312525,0.997988980033724,0.622396454151338,0.377603545848662,0.220302561721199,-0.0650292435702178,0.0650292435702178,-6.50292435702178,158,638,303,-145
4022650,"Wanech's Z.O.O.",0,0,1,1,0,0,0.396725342811381,0.793450685622763,0.793450685622763,0.710649405258107,0.356458319924359,0.954614608918397,0.141504169329759,0.858495830670241,0.598156288994038,0.710649405258107,0.710649405258107,71.0649405258107,2227,2227,1922,305
4022710,"Shadows Of Thornkeep",0,5,1,6,0.833333333333333,0.43649717781353,0.703221904032612,0.969946630251693,0.533449452438163,0.830543448233867,0.584163438104136,0.975953731492499,0.497226735266432,0.502773264733568,0.391790293388363,-0.00278988509946654,0.00278988509946654,-0.278988509946654,1432,1377,1437,-5
4022780,"GreySpire",0,1,0,1,1,0.206549314377237,0.603274657188619,1,0.793450685622763,0.852153574587866,0.534749383069649,0.995001716766416,0.141504169329759,0.858495830670241,0.460252333696767,-0.147846425412134,0.147846425412134,-14.7846425412134,767,1926,1263,-496
4022880,"<U+AD70><U+B300><U+D0C8><U+CD9C>",0,2,2,4,0.5,0.15003898915215,0.5,0.84996101084785,0.699922021695701,0.697542308926574,0.398233942241128,0.923287916642755,0.397340615926201,0.602659384073799,0.525053974401627,0.197542308926574,0.197542308926574,19.7542308926574,1992,2022,1966,26
4023200,"Penelope Syndrome",0,4,0,4,1,0.510109163545403,0.755054581772701,1,0.489890836454597,0.896212616889674,0.658188789563792,0.996657030244202,0.397340615926201,0.602659384073799,0.338468240680411,-0.103787383110326,0.103787383110326,-10.3787383110326,341,1185,651,-310
4023900,"Nightmare Visions Chapter 2",0,1,3,4,0.25,0.0455872608097006,0.372472709113649,0.699358157417598,0.653770896607897,0.598207154945024,0.298537202356263,0.861092662896488,0.397340615926201,0.602659384073799,0.562555460540225,0.348207154945024,0.348207154945024,34.8207154945024,2129,2133,2145,-16
4024130,"Charm&Clue",0,0,1,1,0,0,0.396725342811381,0.793450685622763,0.793450685622763,0.710649405258107,0.356458319924359,0.954614608918397,0.141504169329759,0.858495830670241,0.598156288994038,0.710649405258107,0.710649405258107,71.0649405258107,2228,2228,1923,305
4025330,"林葬屋前传：冥声",0,111,22,133,0.834586466165414,0.762236239236916,0.825193843908878,0.888151448580841,0.125915209343925,0.834289716853376,0.768383925372049,0.891100713954312,0.956374030844016,0.0436259691559836,0.122716788582262,-0.000296749312037381,0.000296749312037381,-0.0296749312037381,1409,516,1410,-1
4025420,"P.I.S.",0,19,2,21,0.904761904761905,0.710858609260818,0.842169920911372,0.973481232561926,0.262622623301108,0.887507732709008,0.746947324308,0.974827927279584,0.775854532651986,0.224145467348014,0.227880602971585,-0.0172541720528966,0.0172541720528966,-1.72541720528966,1165,681,705,460
4025760,"Chimera Circuit",0,2,1,3,0.666666666666667,0.207659600802048,0.573083828040826,0.938508055279604,0.730848454477556,0.774474891531722,0.470582557778087,0.966512741987473,0.330872758342948,0.669127241657052,0.495930184209387,0.107808224865055,0.107808224865055,10.7808224865055,1830,1725,1665,165
4027120,"Farmer Fowl's Farmhouse",0,7,0,7,1,0.645669564933313,0.822834782466656,1,0.354330435066687,0.920040873360553,0.730470837927101,0.997488688736488,0.535703506847418,0.464296493152582,0.267017850809387,-0.0799591266394466,0.0799591266394466,-7.99591266394466,212,853,423,-211
4027680,"CoThrust",0,14,0,14,1,0.784689197262364,0.892344598631182,1,0.215310802737636,0.947933226509594,0.819862183909706,0.998411037394891,0.69766527778157,0.30233472221843,0.178548853485185,-0.0520667734904059,0.0520667734904059,-5.20667734904059,101,468,196,-95
4028620,"Alibi for love",0,2,1,3,0.666666666666667,0.207659600802048,0.573083828040826,0.938508055279604,0.730848454477556,0.774474891531722,0.470582557778087,0.966512741987473,0.330872758342948,0.669127241657052,0.495930184209387,0.107808224865055,0.107808224865055,10.7808224865055,1831,1726,1666,165
4028870,"The Adventures of Emilie in Paris",0,22,0,22,1,0.851345125391379,0.92567256269569,1,0.148654874608621,0.962773973044716,0.869476733759179,0.998880808990799,0.783840638389173,0.216159361610827,0.12940407523162,-0.0372260269552844,0.0372260269552844,-3.72260269552844,45,265,96,-51
4029000,"YKick",0,1,0,1,1,0.206549314377237,0.603274657188619,1,0.793450685622763,0.852153574587866,0.534749383069649,0.995001716766416,0.141504169329759,0.858495830670241,0.460252333696767,-0.147846425412134,0.147846425412134,-14.7846425412134,768,1927,1264,-496
4029480,"Axol's Quest",0,11,1,12,0.916666666666667,0.646120088858883,0.815627497226983,0.985134905595083,0.3390148167362,0.88681971289006,0.710400627432893,0.984618474807295,0.664196976389084,0.335803023610916,0.274217847374402,-0.0298469537766067,0.0298469537766067,-2.98469537766067,1114,826,714,400
4030060,"Why Is Driving So Hard?",0,7,1,8,0.875,0.529111817787147,0.753347163168545,0.977582508549943,0.448470690762797,0.854636346516529,0.636725903427632,0.979755988994853,0.568709749645159,0.431290250354841,0.343030085567221,-0.0203636534834708,0.0203636534834708,-2.03636534834708,1289,1125,1067,222
4030450,"Halloween Trouble 7: The Apprentice",0,2,0,2,1,0.342380227506653,0.671190113753327,1,0.657619772493347,0.870481046513441,0.58446518931204,0.995709839532952,0.247925803745148,0.752074196254852,0.411244650220912,-0.129518953486559,0.129518953486559,-12.9518953486559,550,1583,969,-419
4031390,"Funimal: Fusion Animal",0,1,1,2,0.5,0.0945312057342307,0.5,0.905468794265769,0.810937588531539,0.746518144640867,0.41858644386299,0.961464062212803,0.247925803745148,0.752074196254852,0.542877618349813,0.246518144640867,0.246518144640867,24.6518144640867,2035,2087,1791,244
4032270,"Terra Request",0,2,1,3,0.666666666666667,0.207659600802048,0.573083828040826,0.938508055279604,0.730848454477556,0.774474891531722,0.470582557778087,0.966512741987473,0.330872758342948,0.669127241657052,0.495930184209387,0.107808224865055,0.107808224865055,10.7808224865055,1832,1727,1667,165
4032670,"Arnaud Thion’s Dragons",0,1,0,1,1,0.206549314377237,0.603274657188619,1,0.793450685622763,0.852153574587866,0.534749383069649,0.995001716766416,0.141504169329759,0.858495830670241,0.460252333696767,-0.147846425412134,0.147846425412134,-14.7846425412134,769,1928,1265,-496
4032820,"靴下物語ー大門ジゲンの靴下店ー",0,1,0,1,1,0.206549314377237,0.603274657188619,1,0.793450685622763,0.852153574587866,0.534749383069649,0.995001716766416,0.141504169329759,0.858495830670241,0.460252333696767,-0.147846425412134,0.147846425412134,-14.7846425412134,770,1929,1266,-496
4033140,"歐特在庫比城 Alter in Cube City",0,1,0,1,1,0.206549314377237,0.603274657188619,1,0.793450685622763,0.852153574587866,0.534749383069649,0.995001716766416,0.141504169329759,0.858495830670241,0.460252333696767,-0.147846425412134,0.147846425412134,-14.7846425412134,771,1930,1267,-496
4033260,"Unlimited Top - up",0,3,4,7,0.428571428571429,0.15821985525147,0.453880745361906,0.749541635472343,0.591321780220873,0.613924583733458,0.348092753743395,0.846801776964377,0.535703506847418,0.464296493152582,0.498709023220982,0.185353155162029,0.185353155162029,18.5353155162029,2067,2010,2134,-67
4033410,"The Rite Holds",0,2,1,3,0.666666666666667,0.207659600802048,0.573083828040826,0.938508055279604,0.730848454477556,0.774474891531722,0.470582557778087,0.966512741987473,0.330872758342948,0.669127241657052,0.495930184209387,0.107808224865055,0.107808224865055,10.7808224865055,1833,1728,1668,165
4033430,"My Peephole: Hotel Harborview",0,42,3,45,0.933333333333333,0.821433980364081,0.899250973882415,0.977067967400749,0.155633987036668,0.92079374439891,0.833496310924789,0.977333765127381,0.881196507596313,0.118803492403687,0.143837454202592,-0.0125395889344229,0.0125395889344229,-1.25395889344229,1038,367,396,642
4033820,"Spot The Word",0,3,0,3,1,0.438502968244955,0.719251484122477,1,0.561497031755045,0.884765810979371,0.624831367315985,0.996242206486757,0.330872758342948,0.669127241657052,0.371410839170772,-0.115234189020629,0.115234189020629,-11.5234189020629,426,1350,796,-370
4034000,"Box of Broken Nails",0,173,5,178,0.971910112359551,0.935938455906414,0.961940860707836,0.987943265509258,0.052004809602844,0.967159661483504,0.937080939638995,0.987730940030254,0.967039545917764,0.0329604540822358,0.0506500003912596,-0.00475045087604709,0.00475045087604709,-0.475045087604709,887,70,78,809
4034390,"Meta Lines 2",0,2,0,2,1,0.342380227506653,0.671190113753327,1,0.657619772493347,0.870481046513441,0.58446518931204,0.995709839532952,0.247925803745148,0.752074196254852,0.411244650220912,-0.129518953486559,0.129518953486559,-12.9518953486559,551,1584,970,-419
4035130,"Landomayzer",0,5,13,18,0.277777777777778,0.12499753379554,0.316862049699257,0.508726565602974,0.383729031807434,0.41642658528001,0.231940795900477,0.6140755032339,0.747914267160497,0.252085732839503,0.382134707333423,0.138648807502233,0.138648807502233,13.8648807502233,2122,2025,2232,-110
4035270,"Space Rock Breaker",0,4448,173,4621,0.962562215970569,0.956693500434816,0.962178005242378,0.967662510049941,0.0109690096151243,0.962385497567701,0.956717453773243,0.967675077729731,0.998688817414395,0.00131118258560529,0.0109576239564877,-0.000176718402868148,0.000176718402868148,-0.0176718402868148,911,34,97,814
4035390,"Alexia Zero",0,1,0,1,1,0.206549314377237,0.603274657188619,1,0.793450685622763,0.852153574587866,0.534749383069649,0.995001716766416,0.141504169329759,0.858495830670241,0.460252333696767,-0.147846425412134,0.147846425412134,-14.7846425412134,772,1931,1268,-496
4036810,"Monster Market Simulator Modavuj Multiplayer",0,2,0,2,1,0.342380227506653,0.671190113753327,1,0.657619772493347,0.870481046513441,0.58446518931204,0.995709839532952,0.247925803745148,0.752074196254852,0.411244650220912,-0.129518953486559,0.129518953486559,-12.9518953486559,552,1585,971,-419
4037070,"Jumping Eras",0,2,0,2,1,0.342380227506653,0.671190113753327,1,0.657619772493347,0.870481046513441,0.58446518931204,0.995709839532952,0.247925803745148,0.752074196254852,0.411244650220912,-0.129518953486559,0.129518953486559,-12.9518953486559,553,1586,972,-419
4037590,"Rocks In Space",0,1,2,3,0.333333333333333,0.0614919447203963,0.426916171959174,0.792340399197952,0.730848454477556,0.664183972084073,0.347732278340177,0.912726902582571,0.330872758342948,0.669127241657052,0.564994624242395,0.330850638750739,0.330850638750739,33.0850638750739,2114,2127,2048,66
4037960,"hilda",0,5,0,5,1,0.565517535216825,0.782758767608413,1,0.434482464783175,0.905590772082171,0.68618151869736,0.996989370906001,0.451796495462645,0.548203504537355,0.310807852208641,-0.0944092279178288,0.0944092279178288,-9.44092279178288,296,1056,569,-273
4038000,"Don’t Make Her Open Her Eyes!",0,2,3,5,0.4,0.117620774232648,0.443448246478317,0.769275718723987,0.651654944491339,0.634512874804584,0.346539607691581,0.876659256349701,0.451796495462645,0.548203504537355,0.53011964865812,0.234512874804584,0.234512874804584,23.4512874804584,2082,2037,2093,-11
4038570,"Shopping Cart Pusher",0,2,0,2,1,0.342380227506653,0.671190113753327,1,0.657619772493347,0.870481046513441,0.58446518931204,0.995709839532952,0.247925803745148,0.752074196254852,0.411244650220912,-0.129518953486559,0.129518953486559,-12.9518953486559,554,1587,973,-419
4038680,"ARTDINK GAME LOG: Tail of the Sun",0,14,0,14,1,0.784689197262364,0.892344598631182,1,0.215310802737636,0.947933226509594,0.819862183909706,0.998411037394891,0.69766527778157,0.30233472221843,0.178548853485185,-0.0520667734904059,0.0520667734904059,-5.20667734904059,102,469,197,-95
4038910,"A Home Is Safe",0,4,1,5,0.8,0.375534629762525,0.669655260565048,0.96377589136757,0.588241261605044,0.815231472989642,0.551924429746717,0.973460575390088,0.451796495462645,0.548203504537355,0.421536145643371,0.0152314729896422,0.0152314729896422,1.52314729896422,1538,1445,1496,42
4039840,"Workhorse Desktop",0,15,1,16,0.9375,0.716712624297011,0.852796639766184,0.988880655235358,0.272168030938347,0.907335532582524,0.759405339838422,0.987596858869528,0.725066889874052,0.274933110125948,0.228191519031106,-0.030164467417476,0.030164467417476,-3.0164467417476,1019,662,520,499
4040220,"Mad Stacks",0,1,0,1,1,0.206549314377237,0.603274657188619,1,0.793450685622763,0.852153574587866,0.534749383069649,0.995001716766416,0.141504169329759,0.858495830670241,0.460252333696767,-0.147846425412134,0.147846425412134,-14.7846425412134,773,1932,1269,-496
4041280,"For Humanity",0,5,3,8,0.625,0.305742394602627,0.584449054389515,0.863155714176403,0.557413319573775,0.712458909105239,0.460443304790439,0.907603733494599,0.568709749645159,0.431290250354841,0.44716042870416,0.0874589091052395,0.0874589091052395,8.74589091052395,1882,1628,1873,9
4041800,"Mystic Archipelago",0,0,1,1,0,0,0.396725342811381,0.793450685622763,0.793450685622763,0.710649405258107,0.356458319924359,0.954614608918397,0.141504169329759,0.858495830670241,0.598156288994038,0.710649405258107,0.710649405258107,71.0649405258107,2229,2229,1924,305
4041870,"BANE-FALL",0,3,1,4,0.75,0.300641842582402,0.627527290886351,0.954412739190299,0.653770896607897,0.796877462908124,0.514485438814817,0.9703895228262,0.397340615926201,0.602659384073799,0.455904084011384,0.0468774629081241,0.0468774629081241,4.68774629081241,1662,1648,1573,89
4042100,"Boomerang Survivor Collection",0,1,0,1,1,0.206549314377237,0.603274657188619,1,0.793450685622763,0.852153574587866,0.534749383069649,0.995001716766416,0.141504169329759,0.858495830670241,0.460252333696767,-0.147846425412134,0.147846425412134,-14.7846425412134,774,1933,1270,-496
4042190,"Lola Maria",0,11,4,15,0.733333333333333,0.480495659440194,0.685760563091635,0.891025466743076,0.410529807302882,0.760533671608883,0.56210706535365,0.912354314567163,0.712016430428814,0.287983569571186,0.350247249213514,0.0272003382755494,0.0272003382755494,2.72003382755494,1693,1248,1714,-21
4042220,"Assassin of Monsters",0,11,3,14,0.785714285714286,0.524107694133997,0.724196913503533,0.924286132873068,0.400178438739071,0.798433524127829,0.602626464069798,0.938400575549031,0.69766527778157,0.30233472221843,0.335774111479233,0.0127192384135433,0.0127192384135433,1.27192384135433,1564,1133,1550,14
4043270,"EmberStride",0,11,1,12,0.916666666666667,0.646120088858883,0.815627497226983,0.985134905595083,0.3390148167362,0.88681971289006,0.710400627432893,0.984618474807295,0.664196976389084,0.335803023610916,0.274217847374402,-0.0298469537766067,0.0298469537766067,-2.98469537766067,1115,827,715,400
4043620,"Romb",0,4,0,4,1,0.510109163545403,0.755054581772701,1,0.489890836454597,0.896212616889674,0.658188789563792,0.996657030244202,0.397340615926201,0.602659384073799,0.338468240680411,-0.103787383110326,0.103787383110326,-10.3787383110326,342,1186,652,-310
4043890,"Monroe Murders",0,2,0,2,1,0.342380227506653,0.671190113753327,1,0.657619772493347,0.870481046513441,0.58446518931204,0.995709839532952,0.247925803745148,0.752074196254852,0.411244650220912,-0.129518953486559,0.129518953486559,-12.9518953486559,555,1588,974,-419
4045150,"FEEDING YUYUKO",0,46,2,48,0.958333333333333,0.860243441295446,0.924370773903029,0.988498106510613,0.128254665215168,0.943684239132122,0.869155887946265,0.987812673789913,0.887788531222889,0.112211468777111,0.118656785843648,-0.0146490942012113,0.0146490942012113,-1.46490942012113,924,240,232,692
4045300,"The Trolling Adventure",0,2,1,3,0.666666666666667,0.207659600802048,0.573083828040826,0.938508055279604,0.730848454477556,0.774474891531722,0.470582557778087,0.966512741987473,0.330872758342948,0.669127241657052,0.495930184209387,0.107808224865055,0.107808224865055,10.7808224865055,1834,1729,1669,165
4045890,"Caveman Caravan",1,15,1,16,0.9375,0.716712624297011,0.852796639766184,0.988880655235358,0.272168030938347,0.907335532582524,0.759405339838422,0.987596858869528,0.725066889874052,0.274933110125948,0.228191519031106,-0.030164467417476,0.030164467417476,-3.0164467417476,1020,663,521,499
4045970,"Farm Simulator",0,4,0,4,1,0.510109163545403,0.755054581772701,1,0.489890836454597,0.896212616889674,0.658188789563792,0.996657030244202,0.397340615926201,0.602659384073799,0.338468240680411,-0.103787383110326,0.103787383110326,-10.3787383110326,343,1187,653,-310
4047260,"Gamma Burst",0,1,0,1,1,0.206549314377237,0.603274657188619,1,0.793450685622763,0.852153574587866,0.534749383069649,0.995001716766416,0.141504169329759,0.858495830670241,0.460252333696767,-0.147846425412134,0.147846425412134,-14.7846425412134,775,1934,1271,-496
4047290,"机械傀儡(DollMachine)",0,2,0,2,1,0.342380227506653,0.671190113753327,1,0.657619772493347,0.870481046513441,0.58446518931204,0.995709839532952,0.247925803745148,0.752074196254852,0.411244650220912,-0.129518953486559,0.129518953486559,-12.9518953486559,556,1589,975,-419
4048080,"Normis Simulator",0,58,6,64,0.90625,0.810171204003544,0.883246475709173,0.956321747414802,0.146150543411258,0.899455844300667,0.819620219908815,0.957848095488035,0.913412367049335,0.0865876329506648,0.13822787557922,-0.00679415569933317,0.00679415569933317,-0.679415569933317,1155,395,592,563
4048550,"Zombie Diner Simulator <U+0001F969> <U+0001F480>",0,48,19,67,0.716417910447761,0.599067617155195,0.704682402669047,0.810297188182898,0.211229571027703,0.72566494319386,0.61862758789238,0.821006165305903,0.916967503420104,0.0830324965798964,0.202378577413523,0.00924703274609895,0.00924703274609895,0.924703274609895,1720,965,1839,-119
4048960,"Mysteerie",0,2,0,2,1,0.342380227506653,0.671190113753327,1,0.657619772493347,0.870481046513441,0.58446518931204,0.995709839532952,0.247925803745148,0.752074196254852,0.411244650220912,-0.129518953486559,0.129518953486559,-12.9518953486559,557,1590,976,-419
4049780,"RFX Enduro: 8th Day",0,1,0,1,1,0.206549314377237,0.603274657188619,1,0.793450685622763,0.852153574587866,0.534749383069649,0.995001716766416,0.141504169329759,0.858495830670241,0.460252333696767,-0.147846425412134,0.147846425412134,-14.7846425412134,776,1935,1272,-496
4050410,"Laser Hell",0,1,0,1,1,0.206549314377237,0.603274657188619,1,0.793450685622763,0.852153574587866,0.534749383069649,0.995001716766416,0.141504169329759,0.858495830670241,0.460252333696767,-0.147846425412134,0.147846425412134,-14.7846425412134,777,1936,1273,-496
4050690,"GRIBOUILLE",0,1,0,1,1,0.206549314377237,0.603274657188619,1,0.793450685622763,0.852153574587866,0.534749383069649,0.995001716766416,0.141504169329759,0.858495830670241,0.460252333696767,-0.147846425412134,0.147846425412134,-14.7846425412134,778,1937,1274,-496
4050900,"DVK",0,2,0,2,1,0.342380227506653,0.671190113753327,1,0.657619772493347,0.870481046513441,0.58446518931204,0.995709839532952,0.247925803745148,0.752074196254852,0.411244650220912,-0.129518953486559,0.129518953486559,-12.9518953486559,558,1591,977,-419
4050920,"Moonlight Chess",0,27,8,35,0.771428571428571,0.609826831080098,0.74458401636909,0.879341201658083,0.269514370577986,0.779754163033136,0.642787528126306,0.890979310611983,0.852267270953282,0.147732729046718,0.248191782485677,0.00832559160456481,0.00832559160456481,0.832559160456481,1590,911,1617,-27
4051060,"Shattered Delirium",0,1,0,1,1,0.206549314377237,0.603274657188619,1,0.793450685622763,0.852153574587866,0.534749383069649,0.995001716766416,0.141504169329759,0.858495830670241,0.460252333696767,-0.147846425412134,0.147846425412134,-14.7846425412134,779,1938,1275,-496
4051880,"Penalty Shooters 2",0,1,0,1,1,0.206549314377237,0.603274657188619,1,0.793450685622763,0.852153574587866,0.534749383069649,0.995001716766416,0.141504169329759,0.858495830670241,0.460252333696767,-0.147846425412134,0.147846425412134,-14.7846425412134,780,1939,1276,-496
4052020,"Trigwa",0,3,0,3,1,0.438502968244955,0.719251484122477,1,0.561497031755045,0.884765810979371,0.624831367315985,0.996242206486757,0.330872758342948,0.669127241657052,0.371410839170772,-0.115234189020629,0.115234189020629,-11.5234189020629,427,1351,797,-370
4052630,"Boss Battle Arena",0,4,0,4,1,0.510109163545403,0.755054581772701,1,0.489890836454597,0.896212616889674,0.658188789563792,0.996657030244202,0.397340615926201,0.602659384073799,0.338468240680411,-0.103787383110326,0.103787383110326,-10.3787383110326,344,1188,654,-310
4052780,"The Invasive Plant",0,3,1,4,0.75,0.300641842582402,0.627527290886351,0.954412739190299,0.653770896607897,0.796877462908124,0.514485438814817,0.9703895228262,0.397340615926201,0.602659384073799,0.455904084011384,0.0468774629081241,0.0468774629081241,4.68774629081241,1663,1649,1574,89
4053140,"Catgirl Gemfall",0,1,2,3,0.333333333333333,0.0614919447203963,0.426916171959174,0.792340399197952,0.730848454477556,0.664183972084073,0.347732278340177,0.912726902582571,0.330872758342948,0.669127241657052,0.564994624242395,0.330850638750739,0.330850638750739,33.0850638750739,2115,2128,2049,66
4053490,"SQUARE PILL ESCAPE !!",0,1,0,1,1,0.206549314377237,0.603274657188619,1,0.793450685622763,0.852153574587866,0.534749383069649,0.995001716766416,0.141504169329759,0.858495830670241,0.460252333696767,-0.147846425412134,0.147846425412134,-14.7846425412134,781,1940,1277,-496
4055130,"Have You Seen This Man?",0,1,3,4,0.25,0.0455872608097006,0.372472709113649,0.699358157417598,0.653770896607897,0.598207154945024,0.298537202356263,0.861092662896488,0.397340615926201,0.602659384073799,0.562555460540225,0.348207154945024,0.348207154945024,34.8207154945024,2130,2134,2146,-16
4055950,"Curved World",0,2,0,2,1,0.342380227506653,0.671190113753327,1,0.657619772493347,0.870481046513441,0.58446518931204,0.995709839532952,0.247925803745148,0.752074196254852,0.411244650220912,-0.129518953486559,0.129518953486559,-12.9518953486559,559,1592,978,-419
4056480,"<U+200B>Survivor: Gunfire",0,16,0,16,1,0.806392319465564,0.903196159732782,1,0.193607680534436,0.952652213199652,0.835485767673106,0.998561941173444,0.725066889874052,0.274933110125948,0.163076173500338,-0.0473477868003478,0.0473477868003478,-4.73477868003478,83,407,160,-77
4056580,"Arthur's Kindergarten",0,1,0,1,1,0.206549314377237,0.603274657188619,1,0.793450685622763,0.852153574587866,0.534749383069649,0.995001716766416,0.141504169329759,0.858495830670241,0.460252333696767,-0.147846425412134,0.147846425412134,-14.7846425412134,782,1941,1278,-496
4056630,"Harry and the Haunted House",0,1,0,1,1,0.206549314377237,0.603274657188619,1,0.793450685622763,0.852153574587866,0.534749383069649,0.995001716766416,0.141504169329759,0.858495830670241,0.460252333696767,-0.147846425412134,0.147846425412134,-14.7846425412134,783,1942,1279,-496
4056910,"Parnitha: Patient 66",0,18,4,22,0.818181818181818,0.614833925628735,0.770882539897257,0.926931154165779,0.312097228537045,0.820257493337593,0.661434205207092,0.936166973731534,0.783840638389173,0.216159361610827,0.274732768524442,0.002075675155775,0.002075675155775,0.2075675155775,1461,905,1460,1
4056960,"Drone Feeder",0,1,0,1,1,0.206549314377237,0.603274657188619,1,0.793450685622763,0.852153574587866,0.534749383069649,0.995001716766416,0.141504169329759,0.858495830670241,0.460252333696767,-0.147846425412134,0.147846425412134,-14.7846425412134,784,1943,1280,-496
4059360,"The Salesman",0,584,129,713,0.819074333800841,0.789132156705832,0.817364456534461,0.845596756363091,0.0564645996572586,0.819147822090798,0.790212041010244,0.846402411397703,0.99156277485319,0.00843722514681007,0.0561903703874591,7.34882899563472e-05,7.34882899563472e-05,0.00734882899563472,1458,451,1464,-6
4059600,"Coffee Fox: Kim Sam-wol",0,1,0,1,1,0.206549314377237,0.603274657188619,1,0.793450685622763,0.852153574587866,0.534749383069649,0.995001716766416,0.141504169329759,0.858495830670241,0.460252333696767,-0.147846425412134,0.147846425412134,-14.7846425412134,785,1944,1281,-496
4062210,"Do It Together",0,1,1,2,0.5,0.0945312057342307,0.5,0.905468794265769,0.810937588531539,0.746518144640867,0.41858644386299,0.961464062212803,0.247925803745148,0.752074196254852,0.542877618349813,0.246518144640867,0.246518144640867,24.6518144640867,2036,2088,1792,244
4062770,"SUBJECT 33",0,2,2,4,0.5,0.15003898915215,0.5,0.84996101084785,0.699922021695701,0.697542308926574,0.398233942241128,0.923287916642755,0.397340615926201,0.602659384073799,0.525053974401627,0.197542308926574,0.197542308926574,19.7542308926574,1993,2023,1967,26
4062800,"PORTERS",0,1,0,1,1,0.206549314377237,0.603274657188619,1,0.793450685622763,0.852153574587866,0.534749383069649,0.995001716766416,0.141504169329759,0.858495830670241,0.460252333696767,-0.147846425412134,0.147846425412134,-14.7846425412134,786,1945,1282,-496
4065010,"Forget Her",0,0,5,5,0,0,0.217241232391587,0.434482464783175,0.434482464783175,0.453794276619526,0.18717662521025,0.736191891691296,0.451796495462645,0.548203504537355,0.549015266481045,0.453794276619526,0.453794276619526,45.3794276619526,2148,2148,2227,-79
4067310,"Memory Matrix Pro",0,1,0,1,1,0.206549314377237,0.603274657188619,1,0.793450685622763,0.852153574587866,0.534749383069649,0.995001716766416,0.141504169329759,0.858495830670241,0.460252333696767,-0.147846425412134,0.147846425412134,-14.7846425412134,787,1946,1283,-496
4067390,"LuminousStoria",0,2,4,6,0.333333333333333,0.0967714111057805,0.398389047983694,0.700006684861608,0.603235273755828,0.581930080600651,0.307299488335353,0.830893717497911,0.497226735266432,0.502773264733568,0.523594229162558,0.248596747267317,0.248596747267317,24.8596747267317,2096,2044,2163,-67
4067490,"SpinGrid: Core Block Puzzle",0,2,0,2,1,0.342380227506653,0.671190113753327,1,0.657619772493347,0.870481046513441,0.58446518931204,0.995709839532952,0.247925803745148,0.752074196254852,0.411244650220912,-0.129518953486559,0.129518953486559,-12.9518953486559,560,1593,979,-419
4068510,"Detective Modo",0,1,0,1,1,0.206549314377237,0.603274657188619,1,0.793450685622763,0.852153574587866,0.534749383069649,0.995001716766416,0.141504169329759,0.858495830670241,0.460252333696767,-0.147846425412134,0.147846425412134,-14.7846425412134,788,1947,1284,-496
4068630,"Pumpkin Patch Simulator",0,0,1,1,0,0,0.396725342811381,0.793450685622763,0.793450685622763,0.710649405258107,0.356458319924359,0.954614608918397,0.141504169329759,0.858495830670241,0.598156288994038,0.710649405258107,0.710649405258107,71.0649405258107,2230,2230,1925,305
4068860,"Lost my Collection of Fish 2",0,1,0,1,1,0.206549314377237,0.603274657188619,1,0.793450685622763,0.852153574587866,0.534749383069649,0.995001716766416,0.141504169329759,0.858495830670241,0.460252333696767,-0.147846425412134,0.147846425412134,-14.7846425412134,789,1948,1285,-496
4069860,"There's No Differences: Santa",0,18,0,18,1,0.824120776353342,0.912060388176671,1,0.175879223646658,0.956586889340369,0.848621716716155,0.998686668099094,0.747914267160497,0.252085732839503,0.150064951382939,-0.0434131106596307,0.0434131106596307,-4.34131106596307,69,353,136,-67
4072280,"Avatars",0,4,0,4,1,0.510109163545403,0.755054581772701,1,0.489890836454597,0.896212616889674,0.658188789563792,0.996657030244202,0.397340615926201,0.602659384073799,0.338468240680411,-0.103787383110326,0.103787383110326,-10.3787383110326,345,1189,655,-310
4072790,"Lily's Lil Barn Yard!",0,29,0,29,1,0.883030201500259,0.94151510075013,1,0.116969798499741,0.970204968338696,0.894844533779137,0.999110828745026,0.826989997325844,0.173010002674156,0.104266294965889,-0.0297950316613044,0.0297950316613044,-2.97950316613044,27,172,67,-40
4073470,"Critterking",0,2,0,2,1,0.342380227506653,0.671190113753327,1,0.657619772493347,0.870481046513441,0.58446518931204,0.995709839532952,0.247925803745148,0.752074196254852,0.411244650220912,-0.129518953486559,0.129518953486559,-12.9518953486559,561,1594,980,-419
4073530,"Incursion",0,2,0,2,1,0.342380227506653,0.671190113753327,1,0.657619772493347,0.870481046513441,0.58446518931204,0.995709839532952,0.247925803745148,0.752074196254852,0.411244650220912,-0.129518953486559,0.129518953486559,-12.9518953486559,562,1595,981,-419
4076360,"ThroneBreaker : Iron Crown",0,1,1,2,0.5,0.0945312057342307,0.5,0.905468794265769,0.810937588531539,0.746518144640867,0.41858644386299,0.961464062212803,0.247925803745148,0.752074196254852,0.542877618349813,0.246518144640867,0.246518144640867,24.6518144640867,2037,2089,1793,244
4076470,"La Fille aux Pommes / The Apple Girl",0,18,0,18,1,0.824120776353342,0.912060388176671,1,0.175879223646658,0.956586889340369,0.848621716716155,0.998686668099094,0.747914267160497,0.252085732839503,0.150064951382939,-0.0434131106596307,0.0434131106596307,-4.34131106596307,70,354,137,-67
4076810,"The Keyless: Beyond the Door",0,1,0,1,1,0.206549314377237,0.603274657188619,1,0.793450685622763,0.852153574587866,0.534749383069649,0.995001716766416,0.141504169329759,0.858495830670241,0.460252333696767,-0.147846425412134,0.147846425412134,-14.7846425412134,790,1949,1286,-496
4078030,"EVERY MORNING MY ALARM CLOCK KILLS ME",0,30,11,41,0.731707317073171,0.580664668929234,0.711857514225558,0.843050359521883,0.26238569059265,0.744091650242109,0.611769108452277,0.856790112682733,0.871099949910263,0.128900050089737,0.245021004230456,0.0123843331689383,0.0123843331689383,1.23843331689383,1695,992,1810,-115
4078150,"Nekotype Keyboard Cat Simulator",0,42,0,42,1,0.916201209134296,0.958100604567148,1,0.083798790865704,0.978263219926168,0.922744631132839,0.999356458932569,0.873781628378489,0.126218371621511,0.0766118277997299,-0.021736780073832,0.021736780073832,-2.1736780073832,14,107,33,-19
4079330,"Chamberlore",0,1,1,2,0.5,0.0945312057342307,0.5,0.905468794265769,0.810937588531539,0.746518144640867,0.41858644386299,0.961464062212803,0.247925803745148,0.752074196254852,0.542877618349813,0.246518144640867,0.246518144640867,24.6518144640867,2038,2090,1794,244
4080150,"Y.E.L.L.",0,1,0,1,1,0.206549314377237,0.603274657188619,1,0.793450685622763,0.852153574587866,0.534749383069649,0.995001716766416,0.141504169329759,0.858495830670241,0.460252333696767,-0.147846425412134,0.147846425412134,-14.7846425412134,791,1950,1287,-496
4080230,"GLOBAL CONTROL COUNTRIES",0,0,1,1,0,0,0.396725342811381,0.793450685622763,0.793450685622763,0.710649405258107,0.356458319924359,0.954614608918397,0.141504169329759,0.858495830670241,0.598156288994038,0.710649405258107,0.710649405258107,71.0649405258107,2231,2231,1926,305
4083540,"Cozy Cat",0,1,0,1,1,0.206549314377237,0.603274657188619,1,0.793450685622763,0.852153574587866,0.534749383069649,0.995001716766416,0.141504169329759,0.858495830670241,0.460252333696767,-0.147846425412134,0.147846425412134,-14.7846425412134,792,1951,1288,-496
4084730,"Ass Kicker",0,1,0,1,1,0.206549314377237,0.603274657188619,1,0.793450685622763,0.852153574587866,0.534749383069649,0.995001716766416,0.141504169329759,0.858495830670241,0.460252333696767,-0.147846425412134,0.147846425412134,-14.7846425412134,793,1952,1289,-496
4085510,"Captain Sharkbait: Voyage for Treasure",0,4,1,5,0.8,0.375534629762525,0.669655260565048,0.96377589136757,0.588241261605044,0.815231472989642,0.551924429746717,0.973460575390088,0.451796495462645,0.548203504537355,0.421536145643371,0.0152314729896422,0.0152314729896422,1.52314729896422,1539,1446,1497,42
4086240,"WRITHING",0,3,0,3,1,0.438502968244955,0.719251484122477,1,0.561497031755045,0.884765810979371,0.624831367315985,0.996242206486757,0.330872758342948,0.669127241657052,0.371410839170772,-0.115234189020629,0.115234189020629,-11.5234189020629,428,1352,798,-370
4086260,"Guess The Password",0,0,2,2,0,0,0.328809886246673,0.657619772493347,0.657619772493347,0.622555242768293,0.289385773103398,0.898758006134615,0.247925803745148,0.752074196254852,0.609372233031217,0.622555242768293,0.622555242768293,62.2555242768293,2179,2179,2121,58
4086350,"Easy Running",0,7,2,9,0.777777777777778,0.452588969106989,0.694681930994571,0.936774892882153,0.484185923775164,0.797913685011371,0.569786239599961,0.952151372444539,0.597334709233019,0.40266529076698,0.382365132844578,0.0201359072335935,0.0201359072335935,2.01359072335935,1576,1266,1552,24
4089540,"to the",0,3,1,4,0.75,0.300641842582402,0.627527290886351,0.954412739190299,0.653770896607897,0.796877462908124,0.514485438814817,0.9703895228262,0.397340615926201,0.602659384073799,0.455904084011384,0.0468774629081241,0.0468774629081241,4.68774629081241,1664,1650,1575,89
4091700,"Max’s Adventures: Christmas Edition",0,2,0,2,1,0.342380227506653,0.671190113753327,1,0.657619772493347,0.870481046513441,0.58446518931204,0.995709839532952,0.247925803745148,0.752074196254852,0.411244650220912,-0.129518953486559,0.129518953486559,-12.9518953486559,563,1596,982,-419
4092400,"Humerous (REBOOT)",0,7,0,7,1,0.645669564933313,0.822834782466656,1,0.354330435066687,0.920040873360553,0.730470837927101,0.997488688736488,0.535703506847418,0.464296493152582,0.267017850809387,-0.0799591266394466,0.0799591266394466,-7.99591266394466,213,854,424,-211
4093400,"Sisterly Bliss ~Don't Let Mom Find Out~",0,64,4,68,0.941176470588235,0.858283115668985,0.917586175064675,0.976889234460364,0.118606118791379,0.931888356845778,0.864893008855698,0.977056855575731,0.918088550249643,0.0819114497503575,0.112163846720034,-0.00928811374245697,0.00928811374245697,-0.928811374245697,1005,244,322,683
4093550,"熵减协议-The Entropy Directive",0,10,0,10,1,0.722467200137111,0.861233600068555,1,0.277532799862889,0.934970756429782,0.777686418312525,0.997988980033724,0.622396454151338,0.377603545848662,0.220302561721199,-0.0650292435702178,0.0650292435702178,-6.50292435702178,159,639,304,-145
4094260,"After... Prologue",0,0,2,2,0,0,0.328809886246673,0.657619772493347,0.657619772493347,0.622555242768293,0.289385773103398,0.898758006134615,0.247925803745148,0.752074196254852,0.609372233031217,0.622555242768293,0.622555242768293,62.2555242768293,2180,2180,2122,58
4094490,"Pixelpolis Neon",0,7,2,9,0.777777777777778,0.452588969106989,0.694681930994571,0.936774892882153,0.484185923775164,0.797913685011371,0.569786239599961,0.952151372444539,0.597334709233019,0.40266529076698,0.382365132844578,0.0201359072335935,0.0201359072335935,2.01359072335935,1577,1267,1553,24
4096000,"Crossroads: Fatal Truths Collector's Edition",0,1,4,5,0.2,0.0362241086324301,0.330344739434952,0.624465370237475,0.588241261605044,0.544153575712055,0.261998262888573,0.811229370589335,0.451796495462645,0.548203504537355,0.549231107700762,0.344153575712055,0.344153575712055,34.4153575712055,2140,2140,2189,-49
4097370,"Out of Place: Origin",0,6,1,7,0.857142857142857,0.486872170725681,0.730596273190469,0.974320375655256,0.487448204929575,0.84351180095378,0.612178260667578,0.97801824063592,0.535703506847418,0.464296493152582,0.365839979968342,-0.0136310561890776,0.0136310561890776,-1.36310561890776,1351,1238,1376,-25
4097410,"Aero",0,1,1,2,0.5,0.0945312057342307,0.5,0.905468794265769,0.810937588531539,0.746518144640867,0.41858644386299,0.961464062212803,0.247925803745148,0.752074196254852,0.542877618349813,0.246518144640867,0.246518144640867,24.6518144640867,2039,2091,1795,244
4097500,"AI UPRISING",0,5,1,6,0.833333333333333,0.43649717781353,0.703221904032612,0.969946630251693,0.533449452438163,0.830543448233867,0.584163438104136,0.975953731492499,0.497226735266432,0.502773264733568,0.391790293388363,-0.00278988509946654,0.00278988509946654,-0.278988509946654,1433,1378,1438,-5
4097890,"Sweetie Candy Maze: Pink Raspberry",0,1,0,1,1,0.206549314377237,0.603274657188619,1,0.793450685622763,0.852153574587866,0.534749383069649,0.995001716766416,0.141504169329759,0.858495830670241,0.460252333696767,-0.147846425412134,0.147846425412134,-14.7846425412134,794,1953,1290,-496
4101050,"Retail Therapy",0,7,0,7,1,0.645669564933313,0.822834782466656,1,0.354330435066687,0.920040873360553,0.730470837927101,0.997488688736488,0.535703506847418,0.464296493152582,0.267017850809387,-0.0799591266394466,0.0799591266394466,-7.99591266394466,214,855,425,-211
4101990,"Harsh Reality of Being a Hamster",0,2,0,2,1,0.342380227506653,0.671190113753327,1,0.657619772493347,0.870481046513441,0.58446518931204,0.995709839532952,0.247925803745148,0.752074196254852,0.411244650220912,-0.129518953486559,0.129518953486559,-12.9518953486559,564,1597,983,-419
4103080,"SCHOLA SPIRITUS",0,1,0,1,1,0.206549314377237,0.603274657188619,1,0.793450685622763,0.852153574587866,0.534749383069649,0.995001716766416,0.141504169329759,0.858495830670241,0.460252333696767,-0.147846425412134,0.147846425412134,-14.7846425412134,795,1954,1291,-496
4103510,"The Unseen Fears: Inner Darkness Collector's Edition",0,2,0,2,1,0.342380227506653,0.671190113753327,1,0.657619772493347,0.870481046513441,0.58446518931204,0.995709839532952,0.247925803745148,0.752074196254852,0.411244650220912,-0.129518953486559,0.129518953486559,-12.9518953486559,565,1598,984,-419
4103720,"...Vincent: Mansion of The Dead",0,5,0,5,1,0.565517535216825,0.782758767608413,1,0.434482464783175,0.905590772082171,0.68618151869736,0.996989370906001,0.451796495462645,0.548203504537355,0.310807852208641,-0.0944092279178288,0.0944092279178288,-9.44092279178288,297,1057,570,-273
4104030,"Highway 11",0,1,2,3,0.333333333333333,0.0614919447203963,0.426916171959174,0.792340399197952,0.730848454477556,0.664183972084073,0.347732278340177,0.912726902582571,0.330872758342948,0.669127241657052,0.564994624242395,0.330850638750739,0.330850638750739,33.0850638750739,2116,2129,2050,66
4104220,"Anders III: Coast Of Pain",0,1,1,2,0.5,0.0945312057342307,0.5,0.905468794265769,0.810937588531539,0.746518144640867,0.41858644386299,0.961464062212803,0.247925803745148,0.752074196254852,0.542877618349813,0.246518144640867,0.246518144640867,24.6518144640867,2040,2092,1796,244
4104260,"Tidy Up",0,1,1,2,0.5,0.0945312057342307,0.5,0.905468794265769,0.810937588531539,0.746518144640867,0.41858644386299,0.961464062212803,0.247925803745148,0.752074196254852,0.542877618349813,0.246518144640867,0.246518144640867,24.6518144640867,2041,2093,1797,244
4104830,"Calvin's Gallery",0,2,0,2,1,0.342380227506653,0.671190113753327,1,0.657619772493347,0.870481046513441,0.58446518931204,0.995709839532952,0.247925803745148,0.752074196254852,0.411244650220912,-0.129518953486559,0.129518953486559,-12.9518953486559,566,1599,985,-419
4105120,"[omni-dissonance]",0,19,1,20,0.95,0.763868806553258,0.877493678876231,0.991118551199205,0.227249744645947,0.921555000530419,0.794290965354842,0.989608699565364,0.76725568840929,0.23274431159071,0.195317734210523,-0.0284449994695808,0.0284449994695808,-2.84449994695808,964,514,391,573
4105170,"Disturbulence",0,1,0,1,1,0.206549314377237,0.603274657188619,1,0.793450685622763,0.852153574587866,0.534749383069649,0.995001716766416,0.141504169329759,0.858495830670241,0.460252333696767,-0.147846425412134,0.147846425412134,-14.7846425412134,796,1955,1292,-496
4105390,"ZUMANU Trip",0,2,0,2,1,0.342380227506653,0.671190113753327,1,0.657619772493347,0.870481046513441,0.58446518931204,0.995709839532952,0.247925803745148,0.752074196254852,0.411244650220912,-0.129518953486559,0.129518953486559,-12.9518953486559,567,1600,986,-419
4105570,"FUSHA2  Nocturnal Fishing",0,5,1,6,0.833333333333333,0.43649717781353,0.703221904032612,0.969946630251693,0.533449452438163,0.830543448233867,0.584163438104136,0.975953731492499,0.497226735266432,0.502773264733568,0.391790293388363,-0.00278988509946654,0.00278988509946654,-0.278988509946654,1434,1379,1439,-5
4108010,"The Girl In White",0,1,1,2,0.5,0.0945312057342307,0.5,0.905468794265769,0.810937588531539,0.746518144640867,0.41858644386299,0.961464062212803,0.247925803745148,0.752074196254852,0.542877618349813,0.246518144640867,0.246518144640867,24.6518144640867,2042,2094,1798,244
4108710,"Knight and Code",0,2,1,3,0.666666666666667,0.207659600802048,0.573083828040826,0.938508055279604,0.730848454477556,0.774474891531722,0.470582557778087,0.966512741987473,0.330872758342948,0.669127241657052,0.495930184209387,0.107808224865055,0.107808224865055,10.7808224865055,1835,1730,1670,165
4109200,"WorkParadise",0,1,0,1,1,0.206549314377237,0.603274657188619,1,0.793450685622763,0.852153574587866,0.534749383069649,0.995001716766416,0.141504169329759,0.858495830670241,0.460252333696767,-0.147846425412134,0.147846425412134,-14.7846425412134,797,1956,1293,-496
4109440,"It's Not You, It's M.E",0,10,0,10,1,0.722467200137111,0.861233600068555,1,0.277532799862889,0.934970756429782,0.777686418312525,0.997988980033724,0.622396454151338,0.377603545848662,0.220302561721199,-0.0650292435702178,0.0650292435702178,-6.50292435702178,160,640,305,-145
4109760,"Level Denied",0,3,0,3,1,0.438502968244955,0.719251484122477,1,0.561497031755045,0.884765810979371,0.624831367315985,0.996242206486757,0.330872758342948,0.669127241657052,0.371410839170772,-0.115234189020629,0.115234189020629,-11.5234189020629,429,1353,799,-370
4111100,"Northbound",0,0,1,1,0,0,0.396725342811381,0.793450685622763,0.793450685622763,0.710649405258107,0.356458319924359,0.954614608918397,0.141504169329759,0.858495830670241,0.598156288994038,0.710649405258107,0.710649405258107,71.0649405258107,2232,2232,1927,305
4111190,"Showdown next week!",0,24,0,24,1,0.86202379532502,0.93101189766251,1,0.13797620467498,0.965250183783536,0.877891333821381,0.998957836828446,0.798219184162004,0.201780815837996,0.121066503007065,-0.0347498162164644,0.0347498162164644,-3.47498162164644,38,233,87,-49
4111920,"Spirit Magician",0,2,1,3,0.666666666666667,0.207659600802048,0.573083828040826,0.938508055279604,0.730848454477556,0.774474891531722,0.470582557778087,0.966512741987473,0.330872758342948,0.669127241657052,0.495930184209387,0.107808224865055,0.107808224865055,10.7808224865055,1836,1731,1671,165
4112630,"H4CT0PL45M",0,3,0,3,1,0.438502968244955,0.719251484122477,1,0.561497031755045,0.884765810979371,0.624831367315985,0.996242206486757,0.330872758342948,0.669127241657052,0.371410839170772,-0.115234189020629,0.115234189020629,-11.5234189020629,430,1354,800,-370
4113200,"Aeons of Rebirth",0,28,14,42,0.666666666666667,0.515525073768338,0.652700201522383,0.789875329276427,0.274350255508089,0.687002677133338,0.550627017613075,0.80864182504522,0.873781628378489,0.126218371621511,0.258014807432145,0.0203360104666718,0.0203360104666718,2.03360104666718,1776,1139,1988,-212
4113410,"Sad Virus Deathland",0,13,1,14,0.928571428571429,0.685312955758489,0.836295370255299,0.987277784752109,0.30196482899362,0.898099992382339,0.737150034502071,0.98626736576205,0.69766527778157,0.30233472221843,0.249117331259979,-0.0304714361890895,0.0304714361890895,-3.04714361890895,1065,737,602,463
4113470,"魔王跳 《More Jump》",0,97,0,97,1,0.961905957474052,0.980952978737026,1,0.0380940425259477,0.989862701049034,0.963611475417015,0.999703263918905,0.941136020979865,0.0588639790201352,0.0360917885018891,-0.0101372989509657,0.0101372989509657,-1.01372989509657,6,28,11,-5
4113500,"Guild Manager",0,1,3,4,0.25,0.0455872608097006,0.372472709113649,0.699358157417598,0.653770896607897,0.598207154945024,0.298537202356263,0.861092662896488,0.397340615926201,0.602659384073799,0.562555460540225,0.348207154945024,0.348207154945024,34.8207154945024,2131,2135,2147,-16
4115350,"HorrorDungeon",0,2,1,3,0.666666666666667,0.207659600802048,0.573083828040826,0.938508055279604,0.730848454477556,0.774474891531722,0.470582557778087,0.966512741987473,0.330872758342948,0.669127241657052,0.495930184209387,0.107808224865055,0.107808224865055,10.7808224865055,1837,1732,1672,165
4116900,"Cali and the Kingdom of the Yard",0,1,0,1,1,0.206549314377237,0.603274657188619,1,0.793450685622763,0.852153574587866,0.534749383069649,0.995001716766416,0.141504169329759,0.858495830670241,0.460252333696767,-0.147846425412134,0.147846425412134,-14.7846425412134,798,1957,1294,-496
4117360,"Edgar Dreams and the Way of Light",0,1,0,1,1,0.206549314377237,0.603274657188619,1,0.793450685622763,0.852153574587866,0.534749383069649,0.995001716766416,0.141504169329759,0.858495830670241,0.460252333696767,-0.147846425412134,0.147846425412134,-14.7846425412134,799,1958,1295,-496
4117500,"AYBABTU",0,1,0,1,1,0.206549314377237,0.603274657188619,1,0.793450685622763,0.852153574587866,0.534749383069649,0.995001716766416,0.141504169329759,0.858495830670241,0.460252333696767,-0.147846425412134,0.147846425412134,-14.7846425412134,800,1959,1296,-496
4117930,"Blue Balls",0,1,0,1,1,0.206549314377237,0.603274657188619,1,0.793450685622763,0.852153574587866,0.534749383069649,0.995001716766416,0.141504169329759,0.858495830670241,0.460252333696767,-0.147846425412134,0.147846425412134,-14.7846425412134,801,1960,1297,-496
4121010,"Locum Tenens",0,8,0,8,1,0.67559243511612,0.83779621755806,1,0.32440756488388,0.925725065222174,0.748273816826629,0.99768099293825,0.568709749645159,0.431290250354841,0.249407176111621,-0.0742749347778259,0.0742749347778259,-7.42749347778259,186,767,379,-193
4121040,"World Sprint",0,1,0,1,1,0.206549314377237,0.603274657188619,1,0.793450685622763,0.852153574587866,0.534749383069649,0.995001716766416,0.141504169329759,0.858495830670241,0.460252333696767,-0.147846425412134,0.147846425412134,-14.7846425412134,802,1961,1298,-496
4122210,"Mini Heroes: Squad Online",0,8,1,9,0.888888888888889,0.565000294423344,0.7725547033924,0.980109112361455,0.415108817938111,0.864284208259485,0.658398730301434,0.981238920013751,0.597334709233019,0.40266529076698,0.322840189712317,-0.0246046806294042,0.0246046806294042,-2.46046806294042,1241,1074,1031,210
4122860,"Z.A.T.O. // I Love the World and Everything In It",1,23,1,24,0.958333333333333,0.797581935213441,0.895094239523967,0.992606543834494,0.195024608621053,0.931991051110119,0.82036998300276,0.991058875407908,0.798219184162004,0.201780815837996,0.170688892405148,-0.0263422822232146,0.0263422822232146,-2.63422822232146,926,424,321,605
4123050,"Little White: Chromatic Clash",0,9,1,10,0.9,0.595849973204762,0.788986880054844,0.982123786904927,0.386273813700165,0.872731111014648,0.677664932231878,0.982519288093029,0.622396454151338,0.377603545848662,0.304854355861151,-0.0272688889853516,0.0272688889853516,-2.72688889853516,1190,976,853,337
4123500,"Samurai Ace",0,5,0,5,1,0.565517535216825,0.782758767608413,1,0.434482464783175,0.905590772082171,0.68618151869736,0.996989370906001,0.451796495462645,0.548203504537355,0.310807852208641,-0.0944092279178288,0.0944092279178288,-9.44092279178288,298,1058,571,-273
4123890,"Pallet Jack Racing",0,53,3,56,0.946428571428571,0.853926909311785,0.917770563964838,0.981614218617891,0.127687309306106,0.934831313479592,0.862048641311331,0.981484030521797,0.902251817167342,0.0977481828326585,0.119435389210467,-0.0115972579489798,0.0115972579489798,-1.15972579489798,982,256,306,676
4125150,"Fish Go",0,4,0,4,1,0.510109163545403,0.755054581772701,1,0.489890836454597,0.896212616889674,0.658188789563792,0.996657030244202,0.397340615926201,0.602659384073799,0.338468240680411,-0.103787383110326,0.103787383110326,-10.3787383110326,346,1190,656,-310
4125970,"Pixel Game Maker Series Stray Witch and the Ghost Train",0,1,1,2,0.5,0.0945312057342307,0.5,0.905468794265769,0.810937588531539,0.746518144640867,0.41858644386299,0.961464062212803,0.247925803745148,0.752074196254852,0.542877618349813,0.246518144640867,0.246518144640867,24.6518144640867,2043,2095,1799,244
4126270,"That's Not My Kind",0,1,0,1,1,0.206549314377237,0.603274657188619,1,0.793450685622763,0.852153574587866,0.534749383069649,0.995001716766416,0.141504169329759,0.858495830670241,0.460252333696767,-0.147846425412134,0.147846425412134,-14.7846425412134,803,1962,1299,-496
4127400,"Tic Tac Rogue",0,3,0,3,1,0.438502968244955,0.719251484122477,1,0.561497031755045,0.884765810979371,0.624831367315985,0.996242206486757,0.330872758342948,0.669127241657052,0.371410839170772,-0.115234189020629,0.115234189020629,-11.5234189020629,431,1355,801,-370
4127870,"Gamers Club Repeat",0,1,0,1,1,0.206549314377237,0.603274657188619,1,0.793450685622763,0.852153574587866,0.534749383069649,0.995001716766416,0.141504169329759,0.858495830670241,0.460252333696767,-0.147846425412134,0.147846425412134,-14.7846425412134,804,1963,1300,-496
4128150,"The Riese Project",0,16,5,21,0.761904761904762,0.549088263170493,0.721404066472064,0.893719869773635,0.344631606603143,0.776671370901582,0.605409487327708,0.909379060936464,0.775854532651986,0.224145467348014,0.303969573608756,0.0147666089968198,0.0147666089968198,1.47666089968198,1615,1090,1624,-9
4129410,"Twistingo: Tree of Life Collector’s Edition",0,5,1,6,0.833333333333333,0.43649717781353,0.703221904032612,0.969946630251693,0.533449452438163,0.830543448233867,0.584163438104136,0.975953731492499,0.497226735266432,0.502773264733568,0.391790293388363,-0.00278988509946654,0.00278988509946654,-0.278988509946654,1435,1380,1440,-5
4129570,"Final Orbit",0,1,0,1,1,0.206549314377237,0.603274657188619,1,0.793450685622763,0.852153574587866,0.534749383069649,0.995001716766416,0.141504169329759,0.858495830670241,0.460252333696767,-0.147846425412134,0.147846425412134,-14.7846425412134,805,1964,1301,-496
4129690,"Veteran Racer",0,0,1,1,0,0,0.396725342811381,0.793450685622763,0.793450685622763,0.710649405258107,0.356458319924359,0.954614608918397,0.141504169329759,0.858495830670241,0.598156288994038,0.710649405258107,0.710649405258107,71.0649405258107,2233,2233,1928,305
4131140,"TheParcelEscape",0,1,5,6,0.166666666666667,0.0300533697483066,0.296778095967388,0.56350282218647,0.533449452438164,0.499058958056245,0.233648186831504,0.764764791193847,0.497226735266432,0.502773264733568,0.531116604362343,0.332392291389579,0.332392291389579,33.2392291389579,2143,2143,2213,-70
4132780,"on Titan",0,3,0,3,1,0.438502968244955,0.719251484122477,1,0.561497031755045,0.884765810979371,0.624831367315985,0.996242206486757,0.330872758342948,0.669127241657052,0.371410839170772,-0.115234189020629,0.115234189020629,-11.5234189020629,432,1356,802,-370
4132800,"BLADE.EXE",0,7,6,13,0.538461538461538,0.29143795714506,0.529688639524838,0.767939321904617,0.476501364759557,0.630521513840283,0.409227331183976,0.825898268453521,0.681808780229511,0.318191219770489,0.416670937269545,0.0920599753787446,0.0920599753787446,9.20599753787446,1957,1661,2098,-141
4133370,"Pixel Mart",0,4,0,4,1,0.510109163545403,0.755054581772701,1,0.489890836454597,0.896212616889674,0.658188789563792,0.996657030244202,0.397340615926201,0.602659384073799,0.338468240680411,-0.103787383110326,0.103787383110326,-10.3787383110326,347,1191,657,-310
4133950,"Agyaat",0,0,1,1,0,0,0.396725342811381,0.793450685622763,0.793450685622763,0.710649405258107,0.356458319924359,0.954614608918397,0.141504169329759,0.858495830670241,0.598156288994038,0.710649405258107,0.710649405258107,71.0649405258107,2234,2234,1929,305
4133980,"Bazterka - Urik Gabeko Herria",0,2,0,2,1,0.342380227506653,0.671190113753327,1,0.657619772493347,0.870481046513441,0.58446518931204,0.995709839532952,0.247925803745148,0.752074196254852,0.411244650220912,-0.129518953486559,0.129518953486559,-12.9518953486559,568,1601,987,-419
4135730,"GoGDoD",0,1,0,1,1,0.206549314377237,0.603274657188619,1,0.793450685622763,0.852153574587866,0.534749383069649,0.995001716766416,0.141504169329759,0.858495830670241,0.460252333696767,-0.147846425412134,0.147846425412134,-14.7846425412134,806,1965,1302,-496
4137880,"Express No. 6",0,107,21,128,0.8359375,0.76218192396293,0.826149303751868,0.890116683540807,0.127934759577877,0.83556854515804,0.768554003002671,0.893113768042469,0.954747008829994,0.0452529911700065,0.124559765039798,-0.000368954841960312,0.000368954841960312,-0.0368954841960312,1403,517,1401,2
4139030,"发现时代 Age Of Discovery",0,7,0,7,1,0.645669564933313,0.822834782466656,1,0.354330435066687,0.920040873360553,0.730470837927101,0.997488688736488,0.535703506847418,0.464296493152582,0.267017850809387,-0.0799591266394466,0.0799591266394466,-7.99591266394466,215,856,426,-211
4140080,"Russian prison",0,2,0,2,1,0.342380227506653,0.671190113753327,1,0.657619772493347,0.870481046513441,0.58446518931204,0.995709839532952,0.247925803745148,0.752074196254852,0.411244650220912,-0.129518953486559,0.129518953486559,-12.9518953486559,569,1602,988,-419
4140370,"Lang Ops: Korean (intro to learn language)",0,1,0,1,1,0.206549314377237,0.603274657188619,1,0.793450685622763,0.852153574587866,0.534749383069649,0.995001716766416,0.141504169329759,0.858495830670241,0.460252333696767,-0.147846425412134,0.147846425412134,-14.7846425412134,807,1966,1303,-496
4141140,"Dark Nights - Reflections",0,33,1,34,0.970588235294118,0.850844267073141,0.922816680398436,0.994789093723731,0.14394482665059,0.948964887039635,0.863639405619692,0.993371380625133,0.84858012221008,0.151419877789921,0.129731975005441,-0.0216233482544828,0.0216233482544828,-2.16233482544828,890,269,186,704
4143570,"Black Signal",0,0,1,1,0,0,0.396725342811381,0.793450685622763,0.793450685622763,0.710649405258107,0.356458319924359,0.954614608918397,0.141504169329759,0.858495830670241,0.598156288994038,0.710649405258107,0.710649405258107,71.0649405258107,2235,2235,1930,305
4144840,"Doctor Visit",0,0,1,1,0,0,0.396725342811381,0.793450685622763,0.793450685622763,0.710649405258107,0.356458319924359,0.954614608918397,0.141504169329759,0.858495830670241,0.598156288994038,0.710649405258107,0.710649405258107,71.0649405258107,2236,2236,1931,305
4147730,"Survivors of Cloudacre",0,4,0,4,1,0.510109163545403,0.755054581772701,1,0.489890836454597,0.896212616889674,0.658188789563792,0.996657030244202,0.397340615926201,0.602659384073799,0.338468240680411,-0.103787383110326,0.103787383110326,-10.3787383110326,348,1192,658,-310
4148020,"Desktop Dream Car",0,1,0,1,1,0.206549314377237,0.603274657188619,1,0.793450685622763,0.852153574587866,0.534749383069649,0.995001716766416,0.141504169329759,0.858495830670241,0.460252333696767,-0.147846425412134,0.147846425412134,-14.7846425412134,808,1967,1304,-496
4148290,"Escape Exit: Floor 10",0,1,1,2,0.5,0.0945312057342307,0.5,0.905468794265769,0.810937588531539,0.746518144640867,0.41858644386299,0.961464062212803,0.247925803745148,0.752074196254852,0.542877618349813,0.246518144640867,0.246518144640867,24.6518144640867,2044,2096,1800,244
4148960,"Seven Scarecrows",0,1,0,1,1,0.206549314377237,0.603274657188619,1,0.793450685622763,0.852153574587866,0.534749383069649,0.995001716766416,0.141504169329759,0.858495830670241,0.460252333696767,-0.147846425412134,0.147846425412134,-14.7846425412134,809,1968,1305,-496
4149960,"Dead Feed",0,38,13,51,0.745098039215686,0.611317181615563,0.72792975002487,0.844542318434177,0.233225136818614,0.753888629012279,0.635331173279605,0.855609381393346,0.893687471446342,0.106312528553658,0.220278208113741,0.00879058979659275,0.00879058979659275,0.879058979659275,1677,908,1722,-45
4150260,"Fanjing Mountain in Guizhou",0,1,0,1,1,0.206549314377237,0.603274657188619,1,0.793450685622763,0.852153574587866,0.534749383069649,0.995001716766416,0.141504169329759,0.858495830670241,0.460252333696767,-0.147846425412134,0.147846425412134,-14.7846425412134,810,1969,1306,-496
4150680,"拾光绘喵 Paws & Pastels",0,2,1,3,0.666666666666667,0.207659600802048,0.573083828040826,0.938508055279604,0.730848454477556,0.774474891531722,0.470582557778087,0.966512741987473,0.330872758342948,0.669127241657052,0.495930184209387,0.107808224865055,0.107808224865055,10.7808224865055,1838,1733,1673,165
4152310,"Bush 1022",0,93,1,94,0.98936170212766,0.942177087037214,0.970148345644563,0.998119604251912,0.0559425172146977,0.979565473971391,0.944283859925997,0.997402256135913,0.939371282741161,0.0606287172588392,0.0531183962099164,-0.00979622815626846,0.00979622815626846,-0.979622815626846,845,59,32,813
4153370,"Core Destroyer",0,3,1,4,0.75,0.300641842582402,0.627527290886351,0.954412739190299,0.653770896607897,0.796877462908124,0.514485438814817,0.9703895228262,0.397340615926201,0.602659384073799,0.455904084011384,0.0468774629081241,0.0468774629081241,4.68774629081241,1665,1651,1576,89
4153890,"Clapism",0,24,4,28,0.857142857142857,0.685101978364747,0.814055962583627,0.943009946802506,0.257907968437759,0.851914441975309,0.71681145818704,0.948214613027891,0.821911465012993,0.178088534987007,0.231403154840851,-0.00522841516754813,0.00522841516754813,-0.522841516754813,1326,739,1330,-4
4154110,"Beyond The Second Hour",0,1,1,2,0.5,0.0945312057342307,0.5,0.905468794265769,0.810937588531539,0.746518144640867,0.41858644386299,0.961464062212803,0.247925803745148,0.752074196254852,0.542877618349813,0.246518144640867,0.246518144640867,24.6518144640867,2045,2097,1801,244
4154430,"BOD EFSANESI: PARS",1,2,1,3,0.666666666666667,0.207659600802048,0.573083828040826,0.938508055279604,0.730848454477556,0.774474891531722,0.470582557778087,0.966512741987473,0.330872758342948,0.669127241657052,0.495930184209387,0.107808224865055,0.107808224865055,10.7808224865055,1839,1734,1674,165
4154760,"Win The Election",0,0,1,1,0,0,0.396725342811381,0.793450685622763,0.793450685622763,0.710649405258107,0.356458319924359,0.954614608918397,0.141504169329759,0.858495830670241,0.598156288994038,0.710649405258107,0.710649405258107,71.0649405258107,2237,2237,1932,305
4155130,"Exovore",0,1,0,1,1,0.206549314377237,0.603274657188619,1,0.793450685622763,0.852153574587866,0.534749383069649,0.995001716766416,0.141504169329759,0.858495830670241,0.460252333696767,-0.147846425412134,0.147846425412134,-14.7846425412134,811,1970,1307,-496
4155500,"Elezion",0,1,0,1,1,0.206549314377237,0.603274657188619,1,0.793450685622763,0.852153574587866,0.534749383069649,0.995001716766416,0.141504169329759,0.858495830670241,0.460252333696767,-0.147846425412134,0.147846425412134,-14.7846425412134,812,1971,1308,-496
4157640,"BUDUKUTUA",0,1,0,1,1,0.206549314377237,0.603274657188619,1,0.793450685622763,0.852153574587866,0.534749383069649,0.995001716766416,0.141504169329759,0.858495830670241,0.460252333696767,-0.147846425412134,0.147846425412134,-14.7846425412134,813,1972,1309,-496
4158430,"Linker Vibe",0,1,0,1,1,0.206549314377237,0.603274657188619,1,0.793450685622763,0.852153574587866,0.534749383069649,0.995001716766416,0.141504169329759,0.858495830670241,0.460252333696767,-0.147846425412134,0.147846425412134,-14.7846425412134,814,1973,1310,-496
4160960,"EGGMART",0,4,3,7,0.571428571428571,0.250458364527657,0.546119254638094,0.84178014474853,0.591321780220873,0.690453656140232,0.426813399655303,0.899184040791209,0.535703506847418,0.464296493152582,0.472370641135906,0.11902508471166,0.11902508471166,11.902508471166,1941,1673,1980,-39
4161290,"Home Cooked Spaghetti Western",0,1,0,1,1,0.206549314377237,0.603274657188619,1,0.793450685622763,0.852153574587866,0.534749383069649,0.995001716766416,0.141504169329759,0.858495830670241,0.460252333696767,-0.147846425412134,0.147846425412134,-14.7846425412134,815,1974,1311,-496
4161370,"The Entity Within",0,0,1,1,0,0,0.396725342811381,0.793450685622763,0.793450685622763,0.710649405258107,0.356458319924359,0.954614608918397,0.141504169329759,0.858495830670241,0.598156288994038,0.710649405258107,0.710649405258107,71.0649405258107,2238,2238,1933,305
4161490,"Tatvalok",0,1,0,1,1,0.206549314377237,0.603274657188619,1,0.793450685622763,0.852153574587866,0.534749383069649,0.995001716766416,0.141504169329759,0.858495830670241,0.460252333696767,-0.147846425412134,0.147846425412134,-14.7846425412134,816,1975,1312,-496
4161930,"A taste of home",0,85,5,90,0.944444444444444,0.876462637782005,0.926250833082521,0.976039028383038,0.0995763906010332,0.937076990973771,0.880889452407928,0.976200072688599,0.936846846183291,0.0631531538167095,0.0953106202806711,-0.00736745347067302,0.00736745347067302,-0.736745347067302,989,194,281,708
4162240,"圈套scheme",0,1,0,1,1,0.206549314377237,0.603274657188619,1,0.793450685622763,0.852153574587866,0.534749383069649,0.995001716766416,0.141504169329759,0.858495830670241,0.460252333696767,-0.147846425412134,0.147846425412134,-14.7846425412134,817,1976,1313,-496
4162270,"Poop Game【Suika-Style Falling Puzzle】",0,4,2,6,0.666666666666667,0.299993315138392,0.601610952016306,0.90322858889422,0.603235273755828,0.747672325689462,0.480282943238687,0.938212397007356,0.497226735266432,0.502773264733568,0.457929453768669,0.0810056590227949,0.0810056590227949,8.10056590227949,1797,1659,1748,49
4162280,"Sad Virus Forest",0,7,1,8,0.875,0.529111817787147,0.753347163168545,0.977582508549943,0.448470690762797,0.854636346516529,0.636725903427632,0.979755988994853,0.568709749645159,0.431290250354841,0.343030085567221,-0.0203636534834708,0.0203636534834708,-2.03636534834708,1290,1126,1068,222
4162300,"Obsessed : Trace",0,66,11,77,0.857142857142857,0.762027298340266,0.840171990970559,0.918316683600853,0.156289385260587,0.854998609700102,0.772169433211862,0.921687564701104,0.926963358208432,0.0730366417915677,0.149518131489242,-0.00214424744275465,0.00214424744275465,-0.214424744275465,1324,518,1054,270
4163080,"Unlimited Farm Tycoon - Cozy Idle Farm Game",0,15,2,17,0.882352941176471,0.656636494051141,0.811878360143674,0.967120226236207,0.310483732185066,0.868000625462952,0.70649451941807,0.970107735320386,0.736985819489999,0.263014180510001,0.263613215902316,-0.0143523157135187,0.0143523157135187,-1.43523157135187,1257,805,1007,250
4163440,"Cognitive Displacement",0,1,0,1,1,0.206549314377237,0.603274657188619,1,0.793450685622763,0.852153574587866,0.534749383069649,0.995001716766416,0.141504169329759,0.858495830670241,0.460252333696767,-0.147846425412134,0.147846425412134,-14.7846425412134,818,1977,1314,-496
4164440,"Meow Time Machine: VAN GOGH Plus",0,0,1,1,0,0,0.396725342811381,0.793450685622763,0.793450685622763,0.710649405258107,0.356458319924359,0.954614608918397,0.141504169329759,0.858495830670241,0.598156288994038,0.710649405258107,0.710649405258107,71.0649405258107,2239,2239,1934,305
4168670,"Maelslime",0,3,0,3,1,0.438502968244955,0.719251484122477,1,0.561497031755045,0.884765810979371,0.624831367315985,0.996242206486757,0.330872758342948,0.669127241657052,0.371410839170772,-0.115234189020629,0.115234189020629,-11.5234189020629,433,1357,803,-370
4168750,"One More 6ix",0,149,1,150,0.993333333333333,0.963207160225182,0.981014679445082,0.998822198664983,0.0356150384398009,0.986897799023714,0.964105691303596,0.998342795974076,0.961126104058023,0.0388738959419771,0.0342371046704796,-0.00643553430961974,0.00643553430961974,-0.643553430961974,838,23,19,819
4169210,"101 Dogs Hidden in Brazil",0,17,1,18,0.944444444444444,0.742426992181274,0.866275900601486,0.990124809021697,0.247697816840423,0.915036096720342,0.778204606722495,0.988691586179149,0.747914267160497,0.252085732839503,0.210486979456654,-0.0294083477241027,0.0294083477241027,-2.94083477241027,993,570,453,540
4170730,"ElDorado",0,2,0,2,1,0.342380227506653,0.671190113753327,1,0.657619772493347,0.870481046513441,0.58446518931204,0.995709839532952,0.247925803745148,0.752074196254852,0.411244650220912,-0.129518953486559,0.129518953486559,-12.9518953486559,570,1603,989,-419
4171330,"Miracle Vibe Show VR",0,1,0,1,1,0.206549314377237,0.603274657188619,1,0.793450685622763,0.852153574587866,0.534749383069649,0.995001716766416,0.141504169329759,0.858495830670241,0.460252333696767,-0.147846425412134,0.147846425412134,-14.7846425412134,819,1978,1315,-496
4171420,"Circuit Overload",0,11,0,11,1,0.741167033031968,0.870583516515984,1,0.258832966968032,0.938781004972937,0.789970527437453,0.998114205660352,0.644521321079962,0.355478678920038,0.208143678222899,-0.0612189950270625,0.0612189950270625,-6.12189950270625,141,583,270,-129
4172330,"魔塔三国之曹操传奇",0,1,0,1,1,0.206549314377237,0.603274657188619,1,0.793450685622763,0.852153574587866,0.534749383069649,0.995001716766416,0.141504169329759,0.858495830670241,0.460252333696767,-0.147846425412134,0.147846425412134,-14.7846425412134,820,1979,1316,-496
4172680,"Skinwalkers Valley",0,42,15,57,0.736842105263158,0.610234207365162,0.721888170692716,0.833542134020269,0.223307926655107,0.745590591077743,0.632123467402386,0.844316563397463,0.903801729038474,0.0961982709615265,0.212193095995076,0.00874848581458509,0.00874848581458509,0.874848581458509,1683,909,1808,-125
4172720,"ISLET GARDEN",0,21,0,21,1,0.845360981075153,0.922680490537577,1,0.154639018924847,0.961398640580626,0.864819857747774,0.998837861261328,0.775854532651986,0.224145467348014,0.134018003513554,-0.038601359419374,0.038601359419374,-3.8601359419374,51,289,105,-54
4174060,"Hardcore and Death",0,54,10,64,0.84375,0.735719382274512,0.824285479446223,0.912851576617934,0.177132194343422,0.842367571360083,0.749043050586056,0.917239207597803,0.913412367049335,0.0865876329506648,0.168196157011747,-0.00138242863991667,0.00138242863991667,-0.138242863991667,1382,597,1380,2
4174530,"UsadaMAZE",0,9,6,15,0.6,0.357468301206246,0.579611669896415,0.801755038586584,0.444286737380338,0.665598147551707,0.456411695540735,0.845039008090746,0.712016430428814,0.287983569571186,0.388627312550011,0.0655981475517075,0.0655981475517075,6.55981475517074,1906,1456,2020,-114
4175070,"Space Force Bargain Bin",0,4,0,4,1,0.510109163545403,0.755054581772701,1,0.489890836454597,0.896212616889674,0.658188789563792,0.996657030244202,0.397340615926201,0.602659384073799,0.338468240680411,-0.103787383110326,0.103787383110326,-10.3787383110326,349,1193,659,-310
4178660,"Blastoids",0,0,1,1,0,0,0.396725342811381,0.793450685622763,0.793450685622763,0.710649405258107,0.356458319924359,0.954614608918397,0.141504169329759,0.858495830670241,0.598156288994038,0.710649405258107,0.710649405258107,71.0649405258107,2240,2240,1935,305
4178780,"TheDrippingSound",0,1,0,1,1,0.206549314377237,0.603274657188619,1,0.793450685622763,0.852153574587866,0.534749383069649,0.995001716766416,0.141504169329759,0.858495830670241,0.460252333696767,-0.147846425412134,0.147846425412134,-14.7846425412134,821,1980,1317,-496
4181930,"Idle Defragmenter 95",0,6,2,8,0.75,0.409275430310169,0.66889810877903,0.928520787247891,0.519245356937722,0.783547627810884,0.543459958033918,0.948262631408689,0.568709749645159,0.431290250354841,0.40480267337477,0.0335476278108844,0.0335476278108844,3.35476278108844,1643,1400,1606,37
4182160,"Defend The General",0,2,0,2,1,0.342380227506653,0.671190113753327,1,0.657619772493347,0.870481046513441,0.58446518931204,0.995709839532952,0.247925803745148,0.752074196254852,0.411244650220912,-0.129518953486559,0.129518953486559,-12.9518953486559,571,1604,990,-419
4182310,"DARK",0,1,1,2,0.5,0.0945312057342307,0.5,0.905468794265769,0.810937588531539,0.746518144640867,0.41858644386299,0.961464062212803,0.247925803745148,0.752074196254852,0.542877618349813,0.246518144640867,0.246518144640867,24.6518144640867,2046,2098,1802,244
4182560,"Marble Odyssey: Sandbox",0,9,0,9,1,0.700854951580456,0.850427475790228,1,0.299145048419544,0.930654731507598,0.763886321497756,0.997845939982778,0.597334709233019,0.40266529076698,0.233959618485022,-0.0693452684924021,0.0693452684924021,-6.93452684924021,172,710,340,-168
4186410,"Retail Therapy",0,3,0,3,1,0.438502968244955,0.719251484122477,1,0.561497031755045,0.884765810979371,0.624831367315985,0.996242206486757,0.330872758342948,0.669127241657052,0.371410839170772,-0.115234189020629,0.115234189020629,-11.5234189020629,434,1358,804,-370
4186480,"На недельку до второго",0,26,0,26,1,0.871271078140785,0.935635539070393,1,0.128728921859215,0.967417514218415,0.885288040331854,0.999024944556286,0.810804163046963,0.189195836953038,0.113736904224432,-0.0325824857815854,0.0325824857815854,-3.25824857815854,32,210,77,-45
4186500,"Devil in my head",0,0,1,1,0,0,0.396725342811381,0.793450685622763,0.793450685622763,0.710649405258107,0.356458319924359,0.954614608918397,0.141504169329759,0.858495830670241,0.598156288994038,0.710649405258107,0.710649405258107,71.0649405258107,2241,2241,1936,305
4188280,"Balls2",0,5,0,5,1,0.565517535216825,0.782758767608413,1,0.434482464783175,0.905590772082171,0.68618151869736,0.996989370906001,0.451796495462645,0.548203504537355,0.310807852208641,-0.0944092279178288,0.0944092279178288,-9.44092279178288,299,1059,572,-273
4191720,"Molodoy Simulator",0,1,1,2,0.5,0.0945312057342307,0.5,0.905468794265769,0.810937588531539,0.746518144640867,0.41858644386299,0.961464062212803,0.247925803745148,0.752074196254852,0.542877618349813,0.246518144640867,0.246518144640867,24.6518144640867,2047,2099,1803,244
4192310,"Reindeer Wrangler",0,1,0,1,1,0.206549314377237,0.603274657188619,1,0.793450685622763,0.852153574587866,0.534749383069649,0.995001716766416,0.141504169329759,0.858495830670241,0.460252333696767,-0.147846425412134,0.147846425412134,-14.7846425412134,822,1981,1318,-496
4192900,"Terria Tactics",0,2,0,2,1,0.342380227506653,0.671190113753327,1,0.657619772493347,0.870481046513441,0.58446518931204,0.995709839532952,0.247925803745148,0.752074196254852,0.411244650220912,-0.129518953486559,0.129518953486559,-12.9518953486559,572,1605,991,-419
4193830,"Robot Space Frenzy",0,7,0,7,1,0.645669564933313,0.822834782466656,1,0.354330435066687,0.920040873360553,0.730470837927101,0.997488688736488,0.535703506847418,0.464296493152582,0.267017850809387,-0.0799591266394466,0.0799591266394466,-7.99591266394466,216,857,427,-211
4194710,"Pro Stone Curling",0,18,0,18,1,0.824120776353342,0.912060388176671,1,0.175879223646658,0.956586889340369,0.848621716716155,0.998686668099094,0.747914267160497,0.252085732839503,0.150064951382939,-0.0434131106596307,0.0434131106596307,-4.34131106596307,71,355,138,-67
4194980,"Dungeonfall",0,6,0,6,1,0.609665712097835,0.804832856048917,1,0.390334287902165,0.913414570778272,0.709988022926607,0.997261605765302,0.497226735266432,0.502773264733568,0.287273582838695,-0.0865854292217277,0.0865854292217277,-8.65854292217277,250,944,489,-239
4196660,"Christmas Wonderland 16: Collector's Edition",0,4,0,4,1,0.510109163545403,0.755054581772701,1,0.489890836454597,0.896212616889674,0.658188789563792,0.996657030244202,0.397340615926201,0.602659384073799,0.338468240680411,-0.103787383110326,0.103787383110326,-10.3787383110326,350,1194,660,-310
4198310,"A Haunting Novel: Surfaced Secrets Collector's Edition",0,2,0,2,1,0.342380227506653,0.671190113753327,1,0.657619772493347,0.870481046513441,0.58446518931204,0.995709839532952,0.247925803745148,0.752074196254852,0.411244650220912,-0.129518953486559,0.129518953486559,-12.9518953486559,573,1606,992,-419
4199400,"Rock Paper Scissors: The Roguelike Puzzle Game",0,2,0,2,1,0.342380227506653,0.671190113753327,1,0.657619772493347,0.870481046513441,0.58446518931204,0.995709839532952,0.247925803745148,0.752074196254852,0.411244650220912,-0.129518953486559,0.129518953486559,-12.9518953486559,574,1607,993,-419
4199750,"Escape Game Room Collection Vol.1",0,3,1,4,0.75,0.300641842582402,0.627527290886351,0.954412739190299,0.653770896607897,0.796877462908124,0.514485438814817,0.9703895228262,0.397340615926201,0.602659384073799,0.455904084011384,0.0468774629081241,0.0468774629081241,4.68774629081241,1666,1652,1577,89
4201160,"Compass & Straightedge",0,3,0,3,1,0.438502968244955,0.719251484122477,1,0.561497031755045,0.884765810979371,0.624831367315985,0.996242206486757,0.330872758342948,0.669127241657052,0.371410839170772,-0.115234189020629,0.115234189020629,-11.5234189020629,435,1359,805,-370
4201500,"Ba B<U+1ECB>",0,42,0,42,1,0.916201209134296,0.958100604567148,1,0.083798790865704,0.978263219926168,0.922744631132839,0.999356458932569,0.873781628378489,0.126218371621511,0.0766118277997299,-0.021736780073832,0.021736780073832,-2.1736780073832,15,108,34,-19
4201780,"The Cradle",0,13,7,20,0.65,0.432854276685236,0.625831226292077,0.818808175898918,0.385953899213682,0.691378294007632,0.505356625729032,0.849618207637851,0.76725568840929,0.23274431159071,0.344261581908819,0.041378294007632,0.041378294007632,4.1378294007632,1848,1384,1975,-127
4202920,"Nightshift - The School Janitor",0,1,1,2,0.5,0.0945312057342307,0.5,0.905468794265769,0.810937588531539,0.746518144640867,0.41858644386299,0.961464062212803,0.247925803745148,0.752074196254852,0.542877618349813,0.246518144640867,0.246518144640867,24.6518144640867,2048,2100,1804,244
4203490,"Typing English",0,3,0,3,1,0.438502968244955,0.719251484122477,1,0.561497031755045,0.884765810979371,0.624831367315985,0.996242206486757,0.330872758342948,0.669127241657052,0.371410839170772,-0.115234189020629,0.115234189020629,-11.5234189020629,436,1360,806,-370
4203610,"Last Gate",0,1,0,1,1,0.206549314377237,0.603274657188619,1,0.793450685622763,0.852153574587866,0.534749383069649,0.995001716766416,0.141504169329759,0.858495830670241,0.460252333696767,-0.147846425412134,0.147846425412134,-14.7846425412134,823,1982,1319,-496
4203690,"思い出せ！更生日記女苑ちゃん！！",0,22,1,23,0.956521739130435,0.790088449297411,0.891185891576979,0.992283333856547,0.202194884559135,0.929651314857566,0.814488274524097,0.990735657018478,0.791277246408338,0.208722753591662,0.176247382494381,-0.0268704242728687,0.0268704242728687,-2.68704242728687,933,447,351,582
4204190,"Taiping Heavenly Kingdom",0,10,5,15,0.666666666666667,0.417135477385198,0.632686116494025,0.848236755602853,0.431101278217655,0.713065909580295,0.50793135739086,0.879990146844646,0.712016430428814,0.287983569571186,0.372058789453785,0.0463992429136284,0.0463992429136284,4.63992429136284,1782,1391,1867,-85
4204950,"Marshmallow's Adventure",0,1,0,1,1,0.206549314377237,0.603274657188619,1,0.793450685622763,0.852153574587866,0.534749383069649,0.995001716766416,0.141504169329759,0.858495830670241,0.460252333696767,-0.147846425412134,0.147846425412134,-14.7846425412134,824,1983,1320,-496
4205860,"World Without",0,1,0,1,1,0.206549314377237,0.603274657188619,1,0.793450685622763,0.852153574587866,0.534749383069649,0.995001716766416,0.141504169329759,0.858495830670241,0.460252333696767,-0.147846425412134,0.147846425412134,-14.7846425412134,825,1984,1321,-496
4211070,"Puppy Link - Tile Connect",0,15,2,17,0.882352941176471,0.656636494051141,0.811878360143674,0.967120226236207,0.310483732185066,0.868000625462952,0.70649451941807,0.970107735320386,0.736985819489999,0.263014180510001,0.263613215902316,-0.0143523157135187,0.0143523157135187,-1.43523157135187,1258,806,1008,250
4212070,"只有文字的挂机刷宝游戏",0,44,15,59,0.745762711864407,0.622038559710727,0.730739391989179,0.839440224267631,0.217401664556904,0.753410520819703,0.642639918360552,0.849439547509322,0.906758631157007,0.0932413688429928,0.20679962914877,0.00764780895529582,0.00764780895529582,0.764780895529582,1675,894,1724,-49
4213000,"Argonauts Agency:  Patterns of Morpheus",0,1,0,1,1,0.206549314377237,0.603274657188619,1,0.793450685622763,0.852153574587866,0.534749383069649,0.995001716766416,0.141504169329759,0.858495830670241,0.460252333696767,-0.147846425412134,0.147846425412134,-14.7846425412134,826,1985,1322,-496
4213300,"Sweetie Candy Maze: Purple Grape",0,1,1,2,0.5,0.0945312057342307,0.5,0.905468794265769,0.810937588531539,0.746518144640867,0.41858644386299,0.961464062212803,0.247925803745148,0.752074196254852,0.542877618349813,0.246518144640867,0.246518144640867,24.6518144640867,2049,2101,1805,244
4213650,"Hazen's Children",0,1,0,1,1,0.206549314377237,0.603274657188619,1,0.793450685622763,0.852153574587866,0.534749383069649,0.995001716766416,0.141504169329759,0.858495830670241,0.460252333696767,-0.147846425412134,0.147846425412134,-14.7846425412134,827,1986,1323,-496
4214010,"A.I. P.I.",0,1,0,1,1,0.206549314377237,0.603274657188619,1,0.793450685622763,0.852153574587866,0.534749383069649,0.995001716766416,0.141504169329759,0.858495830670241,0.460252333696767,-0.147846425412134,0.147846425412134,-14.7846425412134,828,1987,1324,-496
4214660,"At the Mount Leng of madness",0,4,0,4,1,0.510109163545403,0.755054581772701,1,0.489890836454597,0.896212616889674,0.658188789563792,0.996657030244202,0.397340615926201,0.602659384073799,0.338468240680411,-0.103787383110326,0.103787383110326,-10.3787383110326,351,1195,661,-310
4216090,"Clash of Peaks: Dynasty in Your Grasp",0,9,0,9,1,0.700854951580456,0.850427475790228,1,0.299145048419544,0.930654731507598,0.763886321497756,0.997845939982778,0.597334709233019,0.40266529076698,0.233959618485022,-0.0693452684924021,0.0693452684924021,-6.93452684924021,173,711,341,-168
4217330,"Six Seals",0,3,1,4,0.75,0.300641842582402,0.627527290886351,0.954412739190299,0.653770896607897,0.796877462908124,0.514485438814817,0.9703895228262,0.397340615926201,0.602659384073799,0.455904084011384,0.0468774629081241,0.0468774629081241,4.68774629081241,1667,1653,1578,89
4217660,"Small Hero",0,67,11,78,0.858974358974359,0.764860218206398,0.842124888821264,0.919389559436129,0.15452934122973,0.85672344241403,0.774761444338577,0.922660252919464,0.927832149802892,0.072167850197108,0.147898808580887,-0.00225091656032872,0.00225091656032872,-0.225091656032872,1320,510,1049,271
4217800,"Sweeper",0,4,3,7,0.571428571428571,0.250458364527657,0.546119254638094,0.84178014474853,0.591321780220873,0.690453656140232,0.426813399655303,0.899184040791209,0.535703506847418,0.464296493152582,0.472370641135906,0.11902508471166,0.11902508471166,11.902508471166,1942,1674,1981,-39
4217990,"Sugoroku New Year's Party",0,2,0,2,1,0.342380227506653,0.671190113753327,1,0.657619772493347,0.870481046513441,0.58446518931204,0.995709839532952,0.247925803745148,0.752074196254852,0.411244650220912,-0.129518953486559,0.129518953486559,-12.9518953486559,575,1608,994,-419
4220940,"Five Nights In Saransk",0,59,42,101,0.584158415841584,0.486681164699289,0.581074797085161,0.675468429471032,0.188787264771742,0.597963437956318,0.503984387244374,0.688474748573123,0.943335167971406,0.0566648320285936,0.184490361328749,0.0138050221147341,0.0138050221147341,1.38050221147341,1930,1239,2149,-219
4220960,"LOST IN TRANSIT",0,18,0,18,1,0.824120776353342,0.912060388176671,1,0.175879223646658,0.956586889340369,0.848621716716155,0.998686668099094,0.747914267160497,0.252085732839503,0.150064951382939,-0.0434131106596307,0.0434131106596307,-4.34131106596307,72,356,139,-67
4221760,"Endless Tiles",0,0,2,2,0,0,0.328809886246673,0.657619772493347,0.657619772493347,0.622555242768293,0.289385773103398,0.898758006134615,0.247925803745148,0.752074196254852,0.609372233031217,0.622555242768293,0.622555242768293,62.2555242768293,2181,2181,2123,58
4222270,"Dear Lighthouse",0,3,0,3,1,0.438502968244955,0.719251484122477,1,0.561497031755045,0.884765810979371,0.624831367315985,0.996242206486757,0.330872758342948,0.669127241657052,0.371410839170772,-0.115234189020629,0.115234189020629,-11.5234189020629,437,1361,807,-370
4223750,"Glowing Hexagon",0,1,0,1,1,0.206549314377237,0.603274657188619,1,0.793450685622763,0.852153574587866,0.534749383069649,0.995001716766416,0.141504169329759,0.858495830670241,0.460252333696767,-0.147846425412134,0.147846425412134,-14.7846425412134,829,1988,1325,-496
4224640,"Vらいふ",0,7,0,7,1,0.645669564933313,0.822834782466656,1,0.354330435066687,0.920040873360553,0.730470837927101,0.997488688736488,0.535703506847418,0.464296493152582,0.267017850809387,-0.0799591266394466,0.0799591266394466,-7.99591266394466,217,858,428,-211
4227580,"Field Pong: Gamesforfarm",0,11,0,11,1,0.741167033031968,0.870583516515984,1,0.258832966968032,0.938781004972937,0.789970527437453,0.998114205660352,0.644521321079962,0.355478678920038,0.208143678222899,-0.0612189950270625,0.0612189950270625,-6.12189950270625,142,584,271,-129
4229050,"Error: Girlfriend Not Found",0,13,0,13,1,0.771904627645802,0.885952313822901,1,0.228095372354198,0.945202489330826,0.81088672917826,0.9983230513247,0.681808780229511,0.318191219770489,0.18743632214644,-0.0547975106691736,0.0547975106691736,-5.47975106691736,113,497,218,-105
4230400,"Cubio",0,5,0,5,1,0.565517535216825,0.782758767608413,1,0.434482464783175,0.905590772082171,0.68618151869736,0.996989370906001,0.451796495462645,0.548203504537355,0.310807852208641,-0.0944092279178288,0.0944092279178288,-9.44092279178288,300,1060,573,-273
4232360,"Buttons Up!",0,43,8,51,0.843137254901961,0.719895532270122,0.819101650034818,0.918307767799513,0.19841223552939,0.841505047781528,0.737121384231928,0.923307529033312,0.893687471446342,0.106312528553658,0.186186144801383,-0.00163220712043244,0.00163220712043244,-0.163220712043244,1384,648,1382,2
4232770,"Driver Night Trip",0,1,1,2,0.5,0.0945312057342307,0.5,0.905468794265769,0.810937588531539,0.746518144640867,0.41858644386299,0.961464062212803,0.247925803745148,0.752074196254852,0.542877618349813,0.246518144640867,0.246518144640867,24.6518144640867,2050,2102,1806,244
4233260,"Cybersoul",1,1,0,1,1,0.206549314377237,0.603274657188619,1,0.793450685622763,0.852153574587866,0.534749383069649,0.995001716766416,0.141504169329759,0.858495830670241,0.460252333696767,-0.147846425412134,0.147846425412134,-14.7846425412134,830,1989,1326,-496
4236590,"world of Y",0,1,0,1,1,0.206549314377237,0.603274657188619,1,0.793450685622763,0.852153574587866,0.534749383069649,0.995001716766416,0.141504169329759,0.858495830670241,0.460252333696767,-0.147846425412134,0.147846425412134,-14.7846425412134,831,1990,1327,-496
4236610,"Halls of the damned",0,1,3,4,0.25,0.0455872608097006,0.372472709113649,0.699358157417598,0.653770896607897,0.598207154945024,0.298537202356263,0.861092662896488,0.397340615926201,0.602659384073799,0.562555460540225,0.348207154945024,0.348207154945024,34.8207154945024,2132,2136,2148,-16
4240940,"Gnomophobia",0,3,1,4,0.75,0.300641842582402,0.627527290886351,0.954412739190299,0.653770896607897,0.796877462908124,0.514485438814817,0.9703895228262,0.397340615926201,0.602659384073799,0.455904084011384,0.0468774629081241,0.0468774629081241,4.68774629081241,1668,1654,1579,89
4241940,"Sundered Soul: Chains of the Undying",0,11,0,11,1,0.741167033031968,0.870583516515984,1,0.258832966968032,0.938781004972937,0.789970527437453,0.998114205660352,0.644521321079962,0.355478678920038,0.208143678222899,-0.0612189950270625,0.0612189950270625,-6.12189950270625,143,585,272,-129
4249550,"The Frog That Leapt Too Far",1,1,0,1,1,0.206549314377237,0.603274657188619,1,0.793450685622763,0.852153574587866,0.534749383069649,0.995001716766416,0.141504169329759,0.858495830670241,0.460252333696767,-0.147846425412134,0.147846425412134,-14.7846425412134,832,1991,1328,-496
