sample_id,appid,name,release_date,release_month,developer,publisher,is_free,platform_windows,platform_mac,platform_linux,appdetails_status,app_type,list_price_cents,current_price_cents,discount_percent,price_currency,price_overview_present,list_price_usd,current_price_usd,metadata_collected_at,search_release_date,store_release_date,release_date_conflict,is_early_access,sample_seed,sampling_stratum,sampling_source
1,2424480,No Heroes Here 2,2025-07-01,2025-07,"[""Mad Mimic""]","[""Mad Mimic""]",False,True,False,False,success,game,1999,1999,0,USD,True,19.99,19.99,2026-09-12T13:42:20.128554+00:00,2025-07-01,2025-07-01,False,,20250911,2025-07,proportional_stratified_random_sample
2,2471390,BloodRush: Undying Wish,2025-07-01,2025-07,"[""Lightmancer Studios""]","[""Nuntius Games"",""Vsoo Games""]",False,True,False,True,success,game,999,799,20,USD,True,9.99,7.99,2026-09-12T13:44:57.872188+00:00,2025-07-01,2025-07-01,False,,20250911,2025-07,proportional_stratified_random_sample
3,3082100,Day of the Shell: Prologue,2025-07-01,2025-07,"[""Duper Games""]","[""Goblinz Publishing""]",True,True,False,False,success,game,,,,,False,,,2026-09-12T14:23:09.755144+00:00,2025-07-01,2025-07-01,False,,20250911,2025-07,proportional_stratified_random_sample
4,3224330,Thunderman - Adventures in another realm,2025-07-01,2025-07,"[""Robson ZImmermann"",""João Agostinho Gabardo Neto""]","[""Experia Studio""]",False,True,False,False,success,game,99,99,0,USD,True,0.99,0.99,2026-09-12T14:38:32.112700+00:00,2025-07-01,2025-07-01,False,,20250911,2025-07,proportional_stratified_random_sample
5,3276950,Cardcaster,2025-07-01,2025-07,"[""Taco Snake Games""]","[""Taco Snake Games""]",False,True,False,False,success,game,399,399,0,USD,True,3.99,3.99,2026-09-12T14:43:52.501558+00:00,2025-07-01,2025-07-01,False,,20250911,2025-07,proportional_stratified_random_sample
6,3363570,Symphorix,2025-07-01,2025-07,"[""OnTriggerJoy""]","[""OnTriggerJoy""]",False,True,False,False,success,game,599,599,0,USD,True,5.99,5.99,2026-09-12T15:01:12.048995+00:00,2025-07-01,2025-07-01,False,,20250911,2025-07,proportional_stratified_random_sample
7,3449030,"Upwards, Rain! The Post Office of Farewells",2025-07-01,2025-07,"[""Studio Élan""]","[""Studio Élan"",""Studio Elan"",""Stellar Artificer Games""]",False,True,True,True,success,game,799,799,0,USD,True,7.99,7.99,2026-09-12T15:15:13.480318+00:00,2025-07-01,2025-07-01,False,,20250911,2025-07,proportional_stratified_random_sample
8,3491430,Mini Star Quest,2025-07-01,2025-07,"[""MACKINN7""]","[""MACKINN7""]",False,True,False,False,success,game,1499,1499,0,USD,True,14.99,14.99,2026-09-12T15:22:07.235475+00:00,2025-07-01,2025-07-01,False,,20250911,2025-07,proportional_stratified_random_sample
9,3505350,Brainkilled,2025-07-01,2025-07,"[""Brainkilled Games""]","[""Brainkilled Games""]",False,True,False,False,success,game,599,599,0,USD,True,5.99,5.99,2026-09-12T15:24:21.009938+00:00,2025-07-01,2025-07-01,False,,20250911,2025-07,proportional_stratified_random_sample
10,3580760,Concrete Spaces,2025-07-01,2025-07,"[""Samuli Pietikäinen""]","[""olisinpa.com/täällä""]",False,True,False,False,success,game,499,499,0,USD,True,4.99,4.99,2026-09-12T15:37:58.562504+00:00,2025-07-01,2025-07-01,False,,20250911,2025-07,proportional_stratified_random_sample
11,3709000,The Drawstring Dungeon,2025-07-01,2025-07,"[""Sleeper Build Studio""]","[""Sleeper Build Studio""]",False,True,False,False,success,game,499,499,0,USD,True,4.99,4.99,2026-09-12T16:13:17.325129+00:00,2025-07-01,2025-07-01,False,,20250911,2025-07,proportional_stratified_random_sample
12,3737940,Rat Race Combat: Zombie Tribute,2025-07-01,2025-07,"[""SynthecLab""]","[""SynthecLab""]",False,True,False,False,success,game,999,999,0,USD,True,9.99,9.99,2026-09-12T16:21:11.439742+00:00,2025-07-01,2025-07-01,False,,20250911,2025-07,proportional_stratified_random_sample
13,3766870,USAID Approvals Department,2025-07-01,2025-07,"[""Jeremy Benisek (CyberAxe)""]","[""OutLandishly Crafted""]",False,True,False,False,success,game,99,99,0,USD,True,0.99,0.99,2026-09-12T16:29:58.313441+00:00,2025-07-01,2025-07-01,False,,20250911,2025-07,proportional_stratified_random_sample
14,3782410,Veil: Mirages,2025-07-01,2025-07,"[""spiritwolf""]","[""spiritwolf""]",False,True,False,False,success,game,399,399,0,USD,True,3.99,3.99,2026-09-12T16:34:21.060391+00:00,2025-07-01,2025-07-01,False,,20250911,2025-07,proportional_stratified_random_sample
15,3792500,The Museum,2025-07-01,2025-07,"[""DarkLab Games""]","[""DarkLab Games""]",False,True,False,False,success,game,299,299,0,USD,True,2.99,2.99,2026-09-12T16:38:02.318637+00:00,2025-07-01,2025-07-01,False,,20250911,2025-07,proportional_stratified_random_sample
16,3812230,Mind Echoes: Remnants of the Past Collector's Edition,2025-07-01,2025-07,"[""Do Games Limited""]","[""Do Games Limited""]",False,True,False,False,success,game,899,899,0,USD,True,8.99,8.99,2026-09-12T16:47:04.633581+00:00,2025-07-01,2025-07-01,False,,20250911,2025-07,proportional_stratified_random_sample
17,3814660,Fantasy  Journey,2025-07-01,2025-07,"[""YIN LIFENG""]","[""YIN LIFENG""]",False,True,False,False,success,game,399,399,0,USD,True,3.99,3.99,2026-09-12T16:48:42.173463+00:00,2025-07-01,2025-07-01,False,,20250911,2025-07,proportional_stratified_random_sample
18,2549930,Ostrich Farm,2025-07-02,2025-07,"[""Hedgehorse""]","[""Hedgehorse""]",False,True,False,False,success,game,999,999,0,USD,True,9.99,9.99,2026-09-12T13:48:19.746234+00:00,2025-07-02,2025-07-02,False,,20250911,2025-07,proportional_stratified_random_sample
19,3552920,Bomb Bowling X,2025-07-02,2025-07,"[""grin robot""]","[""grin robot""]",False,True,False,False,success,game,499,499,0,USD,True,4.99,4.99,2026-09-12T15:32:14.406168+00:00,2025-07-02,2025-07-02,False,,20250911,2025-07,proportional_stratified_random_sample
20,3677120,3Tower,2025-07-02,2025-07,"[""Wechselbalg Studio""]","[""Wechselbalg Studio""]",False,True,False,False,success,game,199,199,0,USD,True,1.99,1.99,2026-09-12T16:01:24.410350+00:00,2025-07-02,2025-07-02,False,,20250911,2025-07,proportional_stratified_random_sample
21,3748700,Xiao Jun (English Edition),2025-07-02,2025-07,"[""jackzhou77571""]","[""jackzhou77571""]",False,True,False,False,success,game,99,99,0,USD,True,0.99,0.99,2026-09-12T16:24:12.071592+00:00,2025-07-02,2025-07-02,False,,20250911,2025-07,proportional_stratified_random_sample
22,3754320,Project DAR,2025-07-02,2025-07,"[""7Corp""]","[""7Corp""]",False,True,False,False,success,game,250,250,0,USD,True,2.5,2.5,2026-09-12T16:26:07.378112+00:00,2025-07-02,2025-07-02,False,,20250911,2025-07,proportional_stratified_random_sample
23,3821520,Space Pinball,2025-07-02,2025-07,"[""3ichael 7ambert"",""Rameez"",""Matt Mateo VII"",""Rayu Johnson""]","[""Drunk Yeti""]",False,True,False,False,success,game,299,299,0,USD,True,2.99,2.99,2026-09-12T16:52:08.307693+00:00,2025-07-02,2025-07-02,False,,20250911,2025-07,proportional_stratified_random_sample
24,2327050,Pyrite Tycoon,2025-07-03,2025-07,"[""Pyrite Games""]","[""Pyrite Games""]",True,True,True,False,success,game,,,,,False,,,2026-09-12T13:37:48.062787+00:00,2025-07-03,2025-07-03,False,,20250911,2025-07,proportional_stratified_random_sample
25,3169180,Chosen War,2025-07-03,2025-07,"[""泉游工作室""]","[""泉游工作室""]",False,True,False,False,success,game,199,199,0,USD,True,1.99,1.99,2026-09-12T14:32:00.721061+00:00,2025-07-03,2025-07-03,False,,20250911,2025-07,proportional_stratified_random_sample
26,3204140,Novel Rogue,2025-07-03,2025-07,"[""Exe Create Inc.""]","[""KEMCO""]",False,True,False,False,success,game,1999,1999,0,USD,True,19.99,19.99,2026-09-12T14:35:52.933747+00:00,2025-07-03,2025-07-03,False,,20250911,2025-07,proportional_stratified_random_sample
27,3499160,Hemera,2025-07-03,2025-07,"[""earendel""]","[""earendel""]",False,True,True,False,success,game,399,399,0,USD,True,3.99,3.99,2026-09-12T15:22:57.849518+00:00,2025-07-03,2025-07-03,False,,20250911,2025-07,proportional_stratified_random_sample
28,3500750,Score the Fear,2025-07-03,2025-07,"[""AquaEternity""]","[""AquaEternity""]",False,True,False,False,success,game,399,399,0,USD,True,3.99,3.99,2026-09-12T15:23:12.726069+00:00,2025-07-03,2025-07-03,False,,20250911,2025-07,proportional_stratified_random_sample
29,3554010,Lixing's Picross World,2025-07-03,2025-07,"[""LixingGame""]","[""LixingGame""]",False,True,False,False,success,game,299,299,0,USD,True,2.99,2.99,2026-09-12T15:32:35.812534+00:00,2025-07-03,2025-07-03,False,,20250911,2025-07,proportional_stratified_random_sample
30,3668840,CAGELING,2025-07-03,2025-07,"[""乱码""]","[""乱码""]",False,True,False,False,success,game,299,299,0,USD,True,2.99,2.99,2026-09-12T15:59:01.183576+00:00,2025-07-03,2025-07-03,False,,20250911,2025-07,proportional_stratified_random_sample
31,3766170,100 Cats Lost In Japan Find & Color,2025-07-03,2025-07,"[""Two Cats Games""]","[""Two Cats Games""]",True,True,False,False,success,game,,,,,False,,,2026-09-12T16:29:49.954410+00:00,2025-07-03,2025-07-03,False,,20250911,2025-07,proportional_stratified_random_sample
32,3812840,magical capture,2025-07-03,2025-07,"[""DIG Games""]","[""DIG Games""]",False,True,False,False,success,game,599,89,85,USD,True,5.99,0.89,2026-09-12T16:47:30.228586+00:00,2025-07-03,2025-07-03,False,,20250911,2025-07,proportional_stratified_random_sample
33,660200,Transistor Defense,2025-07-04,2025-07,"[""Realm Games LLC"",""Valiant Pixel Studios LLC""]","[""Realm Games LLC""]",False,True,True,False,success,game,999,999,0,USD,True,9.99,9.99,2026-09-12T12:52:21.093594+00:00,2025-07-04,2025-07-04,False,,20250911,2025-07,proportional_stratified_random_sample
34,1856490,Arhaekon,2025-07-04,2025-07,"[""Predict Edumedia""]","[""Predict Edumedia""]",False,True,False,False,success,game,1499,1499,0,USD,True,14.99,14.99,2026-09-12T13:14:03.001644+00:00,2025-07-04,2025-07-04,False,,20250911,2025-07,proportional_stratified_random_sample
35,3096410,Mini Dungeons,2025-07-04,2025-07,"[""Matthew Fong"",""Minjang Jin""]","[""noodlebapstudio""]",False,True,False,False,success,game,299,299,0,USD,True,2.99,2.99,2026-09-12T14:24:24.158212+00:00,2025-07-04,2025-07-04,False,,20250911,2025-07,proportional_stratified_random_sample
36,3436960,Erika America,2025-07-04,2025-07,"[""Grant G Heffner""]","[""Grant G Heffner""]",False,True,True,False,success,game,499,499,0,USD,True,4.99,4.99,2026-09-12T15:12:47.914560+00:00,2025-07-04,2025-07-04,False,,20250911,2025-07,proportional_stratified_random_sample
37,3490140,The Dead House,2025-07-04,2025-07,"[""Nursultan Nazarov""]","[""Nursultan Nazarov""]",False,True,False,False,success,game,299,299,0,USD,True,2.99,2.99,2026-09-12T15:21:54.640262+00:00,2025-07-04,2025-07-04,False,,20250911,2025-07,proportional_stratified_random_sample
38,3561970,Friend of a Slime,2025-07-04,2025-07,"[""Chrio Games""]","[""Chrio Games""]",False,True,False,True,success,game,499,499,0,USD,True,4.99,4.99,2026-09-12T15:34:08.699787+00:00,2025-07-04,2025-07-04,False,,20250911,2025-07,proportional_stratified_random_sample
39,3569570,Project Dreamscape,2025-07-04,2025-07,"[""Studio ASPEN""]","[""EGD Collective""]",True,True,False,False,success,game,,,,,False,,,2026-09-12T15:35:33.275669+00:00,2025-07-04,2025-07-04,False,,20250911,2025-07,proportional_stratified_random_sample
40,3582170,Cart Capers,2025-07-04,2025-07,"[""Patricarty Devs""]","[""Patricarty Devs""]",False,True,False,False,success,game,199,199,0,USD,True,1.99,1.99,2026-09-12T15:38:04.961279+00:00,2025-07-04,2025-07-04,False,,20250911,2025-07,proportional_stratified_random_sample
41,3593000,Abrez,2025-07-04,2025-07,"[""Haruka Nitaka"",""S.Daas"",""Tony Tutty"",""Sussanne Beaujeu"",""T.Beaujeu""]","[""Haftas""]",False,True,False,False,success,game,99,99,0,USD,True,0.99,0.99,2026-09-12T15:41:01.795065+00:00,2025-07-04,2025-07-04,False,,20250911,2025-07,proportional_stratified_random_sample
42,3746980,a pig game: A Pee Wee Premiere,2025-07-04,2025-07,"[""McGraw Game Jams""]","[""PineyWoods Corner, LLC""]",True,True,False,False,success,game,,,,,False,,,2026-09-12T16:23:40.695273+00:00,2025-07-04,2025-07-04,False,,20250911,2025-07,proportional_stratified_random_sample
43,3754500,Mad Carnival,2025-07-04,2025-07,"[""XXIV""]","[""XXIV""]",False,True,False,False,success,game,599,599,0,USD,True,5.99,5.99,2026-09-12T16:26:13.673983+00:00,2025-07-04,2025-07-04,False,,20250911,2025-07,proportional_stratified_random_sample
44,3776630,Bananaganza,2025-07-04,2025-07,"[""SADE""]","[""SADE""]",False,True,True,True,success,game,299,299,0,USD,True,2.99,2.99,2026-09-12T16:32:41.926598+00:00,2025-07-04,2025-07-04,False,,20250911,2025-07,proportional_stratified_random_sample
45,3809890,ALASKA - An Endless Night,2025-07-04,2025-07,"[""Poule In The Pool""]","[""ARTFX - GAME""]",True,True,False,False,success,game,,,,,False,,,2026-09-12T16:45:38.100630+00:00,2025-07-04,2025-07-04,False,,20250911,2025-07,proportional_stratified_random_sample
46,3820950,Sef Saga,2025-07-04,2025-07,"[""Sef""]","[""Sef""]",False,True,False,False,success,game,99,99,0,USD,True,0.99,0.99,2026-09-12T16:51:48.955300+00:00,2025-07-04,2025-07-04,False,,20250911,2025-07,proportional_stratified_random_sample
47,3822620,Dungeonborne Settlement,2025-07-04,2025-07,"[""Dersty""]","[""HappyForest""]",False,True,False,False,success,game,499,499,0,USD,True,4.99,4.99,2026-09-12T16:52:50.835200+00:00,2025-07-04,2025-07-04,False,,20250911,2025-07,proportional_stratified_random_sample
48,3823440,Masquerade,2025-07-04,2025-07,"[""DEUS EX MACHINA TROUPE""]","[""ARTFX - GAME""]",True,True,False,False,success,game,,,,,False,,,2026-09-12T16:53:33.146135+00:00,2025-07-04,2025-07-04,False,,20250911,2025-07,proportional_stratified_random_sample
49,3830510,Motorcycle Boy,2025-07-04,2025-07,"[""hgmGame""]","[""hgmGame""]",False,True,False,False,success,game,2999,2999,0,USD,True,29.99,29.99,2026-09-12T16:57:15.754578+00:00,2025-07-04,2025-07-04,False,,20250911,2025-07,proportional_stratified_random_sample
50,2751920,Redacted:Genome,2025-07-05,2025-07,"[""BevMaxGames""]","[""BevMaxGames""]",False,True,False,False,success,game,499,499,0,USD,True,4.99,4.99,2026-09-12T13:57:51.920535+00:00,2025-07-05,2025-07-05,False,,20250911,2025-07,proportional_stratified_random_sample
51,3002630,Dionysus,2025-07-05,2025-07,"[""Brady Marchand""]","[""Catsle Studios""]",False,True,False,False,success,game,499,499,0,USD,True,4.99,4.99,2026-09-12T14:15:17.003281+00:00,2025-07-05,2025-07-05,False,,20250911,2025-07,proportional_stratified_random_sample
52,3572030,Motamo,2025-07-05,2025-07,"[""Black Potion""]","[""Black Potion""]",True,True,True,True,success,game,,,,,False,,,2026-09-12T15:36:03.109954+00:00,2025-07-05,2025-07-05,False,,20250911,2025-07,proportional_stratified_random_sample
53,3810010,Overdrawn,2025-07-05,2025-07,"[""Rethuna Games""]","[""Rethuna Games""]",False,True,True,False,success,game,299,299,0,USD,True,2.99,2.99,2026-09-12T16:45:49.044326+00:00,2025-07-05,2025-07-05,False,,20250911,2025-07,proportional_stratified_random_sample
54,3820830,Anime Dream Match: Primates,2025-07-05,2025-07,"[""Blender Games""]","[""Blender Games""]",False,True,False,False,success,game,199,199,0,USD,True,1.99,1.99,2026-09-12T16:51:38.290005+00:00,2025-07-05,2025-07-05,False,,20250911,2025-07,proportional_stratified_random_sample
55,3821350,Vengeance,2025-07-05,2025-07,"[""AdeniumGames""]","[""AdeniumGames""]",True,True,False,False,success,game,,,,,False,,,2026-09-12T16:52:03.983760+00:00,2025-07-05,2025-07-05,False,,20250911,2025-07,proportional_stratified_random_sample
56,3337710,Ghost Pub,2025-07-06,2025-07,"[""Capers""]","[""Capers""]",False,True,False,False,success,game,199,199,0,USD,True,1.99,1.99,2026-09-12T14:56:54.827679+00:00,2025-07-06,2025-07-06,False,,20250911,2025-07,proportional_stratified_random_sample
57,3435810,GoodMan,2025-07-06,2025-07,"[""GoodWorks Games""]","[""GoodWorks Games""]",False,True,False,False,success,game,199,199,0,USD,True,1.99,1.99,2026-09-12T15:12:29.679943+00:00,2025-07-06,2025-07-06,False,,20250911,2025-07,proportional_stratified_random_sample
58,3454830,SurfsUp,2025-07-06,2025-07,"[""Mark Arneman"",""Nerdiful"",""Carina Arneman""]","[""bearlikelion""]",True,True,True,True,success,game,,,,,False,,,2026-09-12T15:16:02.623354+00:00,2025-07-06,2025-07-06,False,,20250911,2025-07,proportional_stratified_random_sample
59,3720920,The Silent Witness,2025-07-06,2025-07,"[""Abnormal Studios""]","[""Abnormal Studios""]",False,True,False,False,success,game,299,299,0,USD,True,2.99,2.99,2026-09-12T16:16:55.966150+00:00,2025-07-06,2025-07-06,False,,20250911,2025-07,proportional_stratified_random_sample
60,3800900,Simple Zombie Survival,2025-07-06,2025-07,"[""Omega Play Games""]","[""Omega Play Games""]",True,True,False,False,success,game,,,,,False,,,2026-09-12T16:41:18.157977+00:00,2025-07-06,2025-07-06,False,,20250911,2025-07,proportional_stratified_random_sample
61,3820330,hazard versus,2025-07-06,2025-07,"[""not mario""]","[""not mario""]",False,True,True,False,success,game,333,333,0,USD,True,3.33,3.33,2026-09-12T16:51:29.893664+00:00,2025-07-06,2025-07-06,False,,20250911,2025-07,proportional_stratified_random_sample
62,3823660,Kaptan Ege,2025-07-06,2025-07,"[""Crash Entertainment""]","[""Crash Entertainment""]",False,True,False,False,success,game,99,99,0,USD,True,0.99,0.99,2026-09-12T16:53:41.515712+00:00,2025-07-06,2025-07-06,False,,20250911,2025-07,proportional_stratified_random_sample
63,3055530,Dare to Lucid Dream,2025-07-07,2025-07,"[""Ghost Penguin""]","[""Ghost Penguin""]",False,True,False,True,success,game,999,999,0,USD,True,9.99,9.99,2026-09-12T14:20:36.847630+00:00,2025-07-07,2025-07-07,False,,20250911,2025-07,proportional_stratified_random_sample
64,3064730,Twisted Jam,2025-07-07,2025-07,"[""Ethan Medjuck""]","[""Etymorph Studios""]",False,True,False,False,success,game,499,499,0,USD,True,4.99,4.99,2026-09-12T14:21:36.019866+00:00,2025-07-07,2025-07-07,False,,20250911,2025-07,proportional_stratified_random_sample
65,3186250,Zombie Murder 3,2025-07-07,2025-07,"[""Falco Software""]","[""Falco Software""]",True,True,False,False,success,game,,,,,False,,,2026-09-12T14:33:51.468518+00:00,2025-07-07,2025-07-07,False,,20250911,2025-07,proportional_stratified_random_sample
66,3516180,"Don't FOOL ME, Beauties!",2025-07-07,2025-07,"[""Storytaco""]","[""Storytaco""]",False,True,True,True,success,game,999,999,0,USD,True,9.99,9.99,2026-09-12T15:26:02.294376+00:00,2025-07-07,2025-07-07,False,,20250911,2025-07,proportional_stratified_random_sample
67,3636110,不思議な世界の観光日記Ⅱ～パクルワールドとセジカの逆襲～,2025-07-07,2025-07,"[""不思議な世界の観光日記製作委員会""]","[""ナナナナ　ナナナ""]",False,True,False,False,success,game,799,799,0,USD,True,7.99,7.99,2026-09-12T15:51:03.164045+00:00,2025-07-07,2025-07-07,False,,20250911,2025-07,proportional_stratified_random_sample
68,3727830,Forest Asylum 2,2025-07-07,2025-07,"[""Michal Piotrowski""]","[""Michal Piotrowski""]",False,True,False,False,success,game,499,499,0,USD,True,4.99,4.99,2026-09-12T16:18:47.928607+00:00,2025-07-07,2025-07-07,False,,20250911,2025-07,proportional_stratified_random_sample
69,3746660,The BubonicZ,2025-07-07,2025-07,"[""Jakeercgames""]","[""Jakeerrcgames""]",False,True,False,False,success,game,100,100,0,USD,True,1.0,1.0,2026-09-12T16:23:38.585177+00:00,2025-07-07,2025-07-07,False,,20250911,2025-07,proportional_stratified_random_sample
70,3799290,S.R.A,2025-07-07,2025-07,"[""Piero Andreoni""]","[""Piero Andreoni""]",True,True,False,False,success,game,,,,,False,,,2026-09-12T16:40:48.556386+00:00,2025-07-07,2025-07-07,False,,20250911,2025-07,proportional_stratified_random_sample
71,3807530,Chillout,2025-07-07,2025-07,"[""Cacti8""]","[""Cacti8""]",False,True,False,False,success,game,299,299,0,USD,True,2.99,2.99,2026-09-12T16:44:12.227504+00:00,2025-07-07,2025-07-07,False,,20250911,2025-07,proportional_stratified_random_sample
72,3812170,FlipCard,2025-07-07,2025-07,"[""konggmitt""]","[""konggmitt""]",False,True,False,False,success,game,99,99,0,USD,True,0.99,0.99,2026-09-12T16:47:00.379524+00:00,2025-07-07,2025-07-07,False,,20250911,2025-07,proportional_stratified_random_sample
73,3814610,FastFly,2025-07-07,2025-07,"[""NanoFastFly""]","[""NanoFastFly""]",False,True,False,False,success,game,299,299,0,USD,True,2.99,2.99,2026-09-12T16:48:35.657720+00:00,2025-07-07,2025-07-07,False,,20250911,2025-07,proportional_stratified_random_sample
74,2212830,Soul Taker,2025-07-08,2025-07,"[""SlovGoblin""]","[""SlovGoblin""]",False,True,False,True,success,game,1000,1000,0,USD,True,10.0,10.0,2026-09-12T13:33:42.285727+00:00,2025-07-08,2025-07-08,False,,20250911,2025-07,proportional_stratified_random_sample
75,2790160,Missile Command Delta,2025-07-08,2025-07,"[""13AM Games"",""Mighty Yell""]","[""Atari""]",False,True,False,False,success,game,1999,1999,0,USD,True,19.99,19.99,2026-09-12T13:59:52.698243+00:00,2025-07-08,2025-07-08,False,,20250911,2025-07,proportional_stratified_random_sample
76,3102740,Signs Of Life,2025-07-08,2025-07,"[""Julia Grimes""]","[""Signs Of Life Games""]",True,True,True,False,success,game,,,,,False,,,2026-09-12T14:25:06.591328+00:00,2025-07-08,2025-07-08,False,,20250911,2025-07,proportional_stratified_random_sample
77,3199430,EYES ON THE EXAM,2025-07-08,2025-07,"[""Carlos 'Monty' Montamarta""]","[""Carlos 'Monty' Montamarta""]",False,True,False,False,success,game,499,499,0,USD,True,4.99,4.99,2026-09-12T14:35:12.783429+00:00,2025-07-08,2025-07-08,False,,20250911,2025-07,proportional_stratified_random_sample
78,3433920,创造世界,2025-07-08,2025-07,"[""上海世游网络科技有限公司""]","[""上海世游网络科技有限公司""]",True,True,False,False,success,game,,,,,False,,,2026-09-12T15:12:05.923905+00:00,2025-07-08,2025-07-08,False,,20250911,2025-07,proportional_stratified_random_sample
79,3444080,Bakery Cafe Simulator,2025-07-08,2025-07,"[""Meerkatt Studio""]","[""Meerkatt Studio""]",False,True,False,False,success,game,1199,1199,0,USD,True,11.99,11.99,2026-09-12T15:13:54.803674+00:00,2025-07-08,2025-07-08,False,,20250911,2025-07,proportional_stratified_random_sample
80,3584360,War Untold,2025-07-08,2025-07,"[""Green Giraffe""]","[""Green Giraffe""]",False,True,False,False,success,game,199,199,0,USD,True,1.99,1.99,2026-09-12T15:38:45.517115+00:00,2025-07-08,2025-07-08,False,,20250911,2025-07,proportional_stratified_random_sample
81,3601300,Critter Cart,2025-07-08,2025-07,"[""Wobble Blocks""]","[""Wobble Blocks""]",False,True,False,False,success,game,499,499,0,USD,True,4.99,4.99,2026-09-12T15:42:31.234949+00:00,2025-07-08,2025-07-08,False,,20250911,2025-07,proportional_stratified_random_sample
82,3812360,Accordion Solitaire,2025-07-08,2025-07,"[""Dashboard Breakfast""]","[""Dashboard Breakfast""]",True,True,False,False,success,game,,,,,False,,,2026-09-12T16:47:15.316342+00:00,2025-07-08,2025-07-08,False,,20250911,2025-07,proportional_stratified_random_sample
83,2821700,Warranted Humanity,2025-07-09,2025-07,"[""Jovano Software""]","[""Jovano Software""]",False,True,False,False,success,game,1199,1199,0,USD,True,11.99,11.99,2026-09-12T14:01:36.308825+00:00,2025-07-09,2025-07-09,False,,20250911,2025-07,proportional_stratified_random_sample
84,3078670,Tiny Pixels Vol. 2 - Stormy Knights,2025-07-09,2025-07,"[""Eastasiasoft Limited""]","[""Eastasiasoft Limited""]",False,True,False,False,success,game,499,499,0,USD,True,4.99,4.99,2026-09-12T14:22:52.989411+00:00,2025-07-09,2025-07-09,False,,20250911,2025-07,proportional_stratified_random_sample
85,3520520,Day Train,2025-07-09,2025-07,"[""Hinato Yumoto""]","[""Hinato Yumoto""]",False,True,False,False,success,game,999,999,0,USD,True,9.99,9.99,2026-09-12T15:26:51.319315+00:00,2025-07-09,2025-07-09,False,,20250911,2025-07,proportional_stratified_random_sample
86,3644520,Yogoe Hunter,2025-07-09,2025-07,"[""Studio Justice""]","[""Studio Justice""]",False,True,False,False,success,game,699,699,0,USD,True,6.99,6.99,2026-09-12T15:53:11.177583+00:00,2025-07-09,2025-07-09,False,,20250911,2025-07,proportional_stratified_random_sample
87,3716200,Duck Block,2025-07-09,2025-07,"[""Watata""]","[""Watata""]",False,True,False,False,success,game,499,499,0,USD,True,4.99,4.99,2026-09-12T16:15:24.586370+00:00,2025-07-09,2025-07-09,False,,20250911,2025-07,proportional_stratified_random_sample
88,3734740,Nexus: The Zoraidian Oracle,2025-07-09,2025-07,"[""Aetheric Worlds, LLC""]","[""Aetheric Worlds, LLC""]",False,True,False,False,success,game,799,799,0,USD,True,7.99,7.99,2026-09-12T16:20:31.415662+00:00,2025-07-09,2025-07-09,False,,20250911,2025-07,proportional_stratified_random_sample
89,3743220,A Solitaire Mystery,2025-07-09,2025-07,"[""Hempuli Oy""]","[""Hempuli Oy""]",False,True,True,True,success,game,999,999,0,USD,True,9.99,9.99,2026-09-12T16:22:38.332506+00:00,2025-07-09,2025-07-09,False,,20250911,2025-07,proportional_stratified_random_sample
90,3749460,Rat`s Lair,2025-07-09,2025-07,"[""Simantick team""]","[""Simantick team""]",True,True,False,False,success,game,,,,,False,,,2026-09-12T16:24:29.420312+00:00,2025-07-09,2025-07-09,False,,20250911,2025-07,proportional_stratified_random_sample
91,3771890,Off Road Racing,2025-07-09,2025-07,"[""Bright Data Inc""]","[""Bright Data Inc""]",True,True,False,False,success,game,,,,,False,,,2026-09-12T16:31:31.551931+00:00,2025-07-09,2025-07-09,False,,20250911,2025-07,proportional_stratified_random_sample
92,3803860,Blood Oath,2025-07-09,2025-07,"[""李梓涛""]","[""SKYSHIFTGAME""]",False,True,False,False,success,game,999,999,0,USD,True,9.99,9.99,2026-09-12T16:42:32.639299+00:00,2025-07-09,2025-07-09,False,,20250911,2025-07,proportional_stratified_random_sample
93,3822500,One/Iro,2025-07-09,2025-07,"[""Altrea Stories""]","[""Altrea Stories""]",True,True,False,True,success,game,,,,,False,,,2026-09-12T16:52:44.550868+00:00,2025-07-09,2025-07-09,False,,20250911,2025-07,proportional_stratified_random_sample
94,3834890,punk girl,2025-07-09,2025-07,"[""hgmGame""]","[""hgmGame""]",False,True,False,False,success,game,2999,2999,0,USD,True,29.99,29.99,2026-09-12T16:59:22.311414+00:00,2025-07-09,2025-07-09,False,,20250911,2025-07,proportional_stratified_random_sample
95,2308690,Ground of Aces,2025-07-10,2025-07,"[""Blindflug Studios AG""]","[""Blindflug Studios AG""]",False,True,True,False,success,game,2999,1949,35,USD,True,29.99,19.49,2026-09-12T13:37:05.990428+00:00,2025-07-10,2025-07-10,False,,20250911,2025-07,proportional_stratified_random_sample
96,2505200,Shadows Labyrinth,2025-07-10,2025-07,"[""Kratos Games""]","[""Kratos Games""]",False,True,False,False,success,game,699,699,0,USD,True,6.99,6.99,2026-09-12T13:46:31.426184+00:00,2025-07-10,2025-07-10,False,,20250911,2025-07,proportional_stratified_random_sample
97,2545710,Tony Hawk's™ Pro Skater™ 3 + 4,2025-07-10,2025-07,"[""Iron Galaxy Studios""]","[""Activision""]",False,True,False,False,success,game,4999,2749,45,USD,True,49.99,27.49,2026-09-12T13:48:03.013083+00:00,2025-07-10,2025-07-10,False,,20250911,2025-07,proportional_stratified_random_sample
98,2973830,Crime Shop Simulator: A Prison Boss Game,2025-07-10,2025-07,"[""TREBUCHET""]","[""TREBUCHET"",""Creature Label""]",False,True,False,False,success,game,1999,1999,0,USD,True,19.99,19.99,2026-09-12T14:12:52.631885+00:00,2025-07-10,2025-07-10,False,,20250911,2025-07,proportional_stratified_random_sample
99,3114900,Dread Flats,2025-07-10,2025-07,"[""Ghostcase""]","[""Ghostcase"",""Right Mind""]",False,True,False,False,success,game,599,479,20,USD,True,5.99,4.79,2026-09-12T14:26:57.618280+00:00,2025-07-10,2025-07-10,False,,20250911,2025-07,proportional_stratified_random_sample
100,3183220,Aurora Defense,2025-07-10,2025-07,"[""Moka Games""]","[""Moka Games""]",False,True,False,False,success,game,1299,1299,0,USD,True,12.99,12.99,2026-09-12T14:33:21.663778+00:00,2025-07-10,2025-07-10,False,,20250911,2025-07,proportional_stratified_random_sample
101,3200060,SANAE's Sylphid Breeze,2025-07-10,2025-07,"[""sorehodoh""]","[""sorehodoh""]",False,True,False,False,success,game,1999,1999,0,USD,True,19.99,19.99,2026-09-12T14:35:17.227790+00:00,2025-07-10,2025-07-10,False,,20250911,2025-07,proportional_stratified_random_sample
102,3247750,Mycopunk,2025-07-10,2025-07,"[""Pigeons at Play""]","[""Devolver Digital""]",False,True,False,False,success,game,1499,1499,0,USD,True,14.99,14.99,2026-09-12T14:40:50.209084+00:00,2025-07-10,2025-07-10,False,,20250911,2025-07,proportional_stratified_random_sample
103,3445830,Return to Ash,2025-07-10,2025-07,"[""Serenity Forge""]","[""Serenity Forge""]",False,True,True,True,success,game,599,599,0,USD,True,5.99,5.99,2026-09-12T15:14:23.655113+00:00,2025-07-10,2025-07-10,False,,20250911,2025-07,proportional_stratified_random_sample
104,3456830,超探偵シャーロックちゃん　～掟破りのミスディレクション～,2025-07-10,2025-07,"[""おんねんちゃんねる""]","[""おんねんちゃんねる""]",False,True,False,False,success,game,999,999,0,USD,True,9.99,9.99,2026-09-12T15:16:19.902090+00:00,2025-07-10,2025-07-10,False,,20250911,2025-07,proportional_stratified_random_sample
105,3536480,The AC130 slays the zombies.,2025-07-10,2025-07,"[""汪双羽""]","[""汪双羽""]",False,True,False,False,success,game,399,163,59,USD,True,3.99,1.63,2026-09-12T15:29:24.904276+00:00,2025-07-10,2025-07-10,False,,20250911,2025-07,proportional_stratified_random_sample
106,3575020,Couch Racers,2025-07-10,2025-07,"[""Nico's Studio""]","[""Nico's Studio""]",False,True,False,False,success,game,499,499,0,USD,True,4.99,4.99,2026-09-12T15:36:39.894546+00:00,2025-07-10,2025-07-10,False,,20250911,2025-07,proportional_stratified_random_sample
107,3575990,Gun Paradise,2025-07-10,2025-07,"[""RouShanGame""]","[""RouShanGame""]",False,True,False,False,success,game,799,799,0,USD,True,7.99,7.99,2026-09-12T15:36:58.686145+00:00,2025-07-10,2025-07-10,False,,20250911,2025-07,proportional_stratified_random_sample
108,3632280,The Dance of Maple Leaves,2025-07-10,2025-07,"[""程进"",""程进""]","[""程进""]",False,True,False,False,success,game,899,899,0,USD,True,8.99,8.99,2026-09-12T15:50:02.356076+00:00,2025-07-10,2025-07-10,False,,20250911,2025-07,proportional_stratified_random_sample
109,3653390,Final Echo,2025-07-10,2025-07,"[""超巨大战喵""]","[""超巨大战喵""]",False,True,False,False,success,game,599,599,0,USD,True,5.99,5.99,2026-09-12T15:55:43.233120+00:00,2025-07-10,2025-07-10,False,,20250911,2025-07,proportional_stratified_random_sample
110,3706460,Dungeon Survivor,2025-07-10,2025-07,"[""Q""]","[""Q Games""]",False,True,False,False,success,game,199,199,0,USD,True,1.99,1.99,2026-09-12T16:12:39.037095+00:00,2025-07-10,2025-07-10,False,,20250911,2025-07,proportional_stratified_random_sample
111,3709230,Island Getaway - DEMO,2025-07-10,2025-07,"[""Alex Craig""]","[""Alex Craig""]",True,True,False,False,success,game,,,,,False,,,2026-09-12T16:13:25.830907+00:00,2025-07-10,2025-07-10,False,,20250911,2025-07,proportional_stratified_random_sample
112,3715440,Joe and the Lost Pixels,2025-07-10,2025-07,"[""RetroBlade Studios""]","[""RetroBlade Studios""]",False,True,False,False,success,game,599,599,0,USD,True,5.99,5.99,2026-09-12T16:15:03.356831+00:00,2025-07-10,2025-07-10,False,,20250911,2025-07,proportional_stratified_random_sample
113,3719100,Tiris,2025-07-10,2025-07,"[""Cremaet Studios"",""ESAT""]","[""ESAT""]",True,True,False,False,success,game,,,,,False,,,2026-09-12T16:16:18.046982+00:00,2025-07-10,2025-07-10,False,,20250911,2025-07,proportional_stratified_random_sample
114,3725070,Anomaly Rooms,2025-07-10,2025-07,"[""KisKis Game""]","[""KisKis Game""]",False,True,False,False,success,game,599,599,0,USD,True,5.99,5.99,2026-09-12T16:18:10.075510+00:00,2025-07-10,2025-07-10,False,,20250911,2025-07,proportional_stratified_random_sample
115,3758650,词力牌：LexiLoong,2025-07-10,2025-07,"[""B.Wordilia""]","[""B.Wordilia""]",False,True,False,False,success,game,699,699,0,USD,True,6.99,6.99,2026-09-12T16:27:48.895120+00:00,2025-07-10,2025-07-10,False,,20250911,2025-07,proportional_stratified_random_sample
116,3807080,Ballotoro,2025-07-10,2025-07,"[""flatcat""]","[""flatcat""]",False,True,True,False,success,game,199,69,65,USD,True,1.99,0.69,2026-09-12T16:43:59.797320+00:00,2025-07-10,2025-07-10,False,,20250911,2025-07,proportional_stratified_random_sample
117,3815120,BIT LOST,2025-07-10,2025-07,"[""Loop Nexus Games ""]","[""Loop Nexus Games ""]",False,True,False,False,success,game,99,99,0,USD,True,0.99,0.99,2026-09-12T16:49:05.478733+00:00,2025-07-10,2025-07-10,False,,20250911,2025-07,proportional_stratified_random_sample
118,3817910,Tung Sahur Zombie,2025-07-10,2025-07,"[""LooFoe Games""]","[""LooFoe Games""]",False,True,False,False,success,game,199,199,0,USD,True,1.99,1.99,2026-09-12T16:50:35.174248+00:00,2025-07-10,2025-07-10,False,,20250911,2025-07,proportional_stratified_random_sample
119,3824550,Mirror Match,2025-07-10,2025-07,"[""Boogygames Studios""]","[""Boogygames Studios""]",False,True,False,False,success,game,199,65,67,USD,True,1.99,0.65,2026-09-12T16:54:05.298081+00:00,2025-07-10,2025-07-10,False,,20250911,2025-07,proportional_stratified_random_sample
120,3827560,Cubenen Gardens: Befriend,2025-07-10,2025-07,"[""TheGamedawg""]","[""Shepherd Armory""]",False,True,False,False,success,game,899,899,0,USD,True,8.99,8.99,2026-09-12T16:55:33.114766+00:00,2025-07-10,2025-07-10,False,,20250911,2025-07,proportional_stratified_random_sample
121,3828730,Cross and Gun,2025-07-10,2025-07,"[""Lee Suhyun""]","[""Dechu Games""]",False,True,False,False,success,game,599,599,0,USD,True,5.99,5.99,2026-09-12T16:56:03.136560+00:00,2025-07-10,2025-07-10,False,,20250911,2025-07,proportional_stratified_random_sample
122,3829920,The shadow of the cherry trees,2025-07-10,2025-07,"[""Julien Chiari""]","[""Julien Chiari""]",False,True,False,False,success,game,99,99,0,USD,True,0.99,0.99,2026-09-12T16:56:52.302179+00:00,2025-07-10,2025-07-10,False,,20250911,2025-07,proportional_stratified_random_sample
123,3836520,Digging Dogs,2025-07-10,2025-07,"[""Kaptitstudio""]","[""Kaptitstudio""]",True,True,False,False,success,game,,,,,False,,,2026-09-12T17:06:01.335899+00:00,2025-07-10,2025-07-10,False,,20250911,2025-07,proportional_stratified_random_sample
124,2099220,Mobmania,2025-07-11,2025-07,"[""azndesserts"",""justjayem"",""wolfbyte131""]","[""azndesserts""]",False,True,False,False,success,game,499,499,0,USD,True,4.99,4.99,2026-09-12T13:29:40.030808+00:00,2025-07-11,2025-07-11,False,,20250911,2025-07,proportional_stratified_random_sample
125,2920510,Werewolf Party,2025-07-11,2025-07,"[""Absam Studios""]","[""Absam Studios""]",False,True,False,False,success,game,799,799,0,USD,True,7.99,7.99,2026-09-12T14:08:53.296139+00:00,2025-07-11,2025-07-11,False,,20250911,2025-07,proportional_stratified_random_sample
126,3014460,Azrael's Tear,2025-07-11,2025-07,"[""Intelligent Games Ltd."",""Ken Haywood""]","[""SNEG""]",False,True,False,False,success,game,999,999,0,USD,True,9.99,9.99,2026-09-12T14:16:18.699984+00:00,2025-07-11,2025-07-11,False,,20250911,2025-07,proportional_stratified_random_sample
127,3209480,Last Report,2025-07-11,2025-07,"[""Monopixel Games""]","[""Monopixel Games""]",False,True,False,False,success,game,499,299,40,USD,True,4.99,2.99,2026-09-12T14:36:43.845619+00:00,2025-07-11,2025-07-11,False,,20250911,2025-07,proportional_stratified_random_sample
128,3220620,Benny Bash,2025-07-11,2025-07,"[""Eduardo Scarpato""]","[""Eduardo Scarpato""]",False,True,False,False,success,game,799,799,0,USD,True,7.99,7.99,2026-09-12T14:38:12.947936+00:00,2025-07-11,2025-07-11,False,,20250911,2025-07,proportional_stratified_random_sample
129,3233130,Claire,2025-07-11,2025-07,"[""TS GAMES LLC""]","[""TS GAMES LLC""]",False,True,False,False,success,game,1499,1499,0,USD,True,14.99,14.99,2026-09-12T14:39:31.491373+00:00,2025-07-11,2025-07-11,False,,20250911,2025-07,proportional_stratified_random_sample
130,3281380,Nelumbra,2025-07-11,2025-07,"[""Eleven Dusks Studios""]","[""Eleven Dusks Studios""]",False,True,False,False,success,game,499,499,0,USD,True,4.99,4.99,2026-09-12T14:50:45.394014+00:00,2025-07-11,2025-07-11,False,,20250911,2025-07,proportional_stratified_random_sample
131,3318080,Grorb: Grow the Orb,2025-07-11,2025-07,"[""Gooder Games""]","[""Gooder Games""]",False,True,False,False,success,game,299,299,0,USD,True,2.99,2.99,2026-09-12T14:54:56.660711+00:00,2025-07-11,2025-07-11,False,,20250911,2025-07,proportional_stratified_random_sample
132,3385370,Maze Mice,2025-07-11,2025-07,"[""TrampolineTales""]","[""TrampolineTales""]",False,True,True,True,success,game,999,999,0,USD,True,9.99,9.99,2026-09-12T15:04:32.066943+00:00,2025-07-11,2025-07-11,False,,20250911,2025-07,proportional_stratified_random_sample
133,3387410,Griffin 「グリフォン」,2025-07-11,2025-07,"[""Ratalaika Games S.L."",""Shinyuden""]","[""Ratalaika Games S.L."",""Shinyuden""]",False,True,False,False,success,game,599,599,0,USD,True,5.99,5.99,2026-09-12T15:04:51.328294+00:00,2025-07-11,2025-07-11,False,,20250911,2025-07,proportional_stratified_random_sample
134,3415580,Death Ring: Second Impact,2025-07-11,2025-07,"[""Rouge Mecha""]","[""Rouge Mecha""]",False,True,False,False,success,game,1999,1999,0,USD,True,19.99,19.99,2026-09-12T15:09:10.277458+00:00,2025-07-11,2025-07-11,False,,20250911,2025-07,proportional_stratified_random_sample
135,3468180,App Empire Tycoon,2025-07-11,2025-07,"[""LuminousLagoon""]","[""LuminousLagoon""]",False,True,False,False,success,game,999,999,0,USD,True,9.99,9.99,2026-09-12T15:18:22.668290+00:00,2025-07-11,2025-07-11,False,,20250911,2025-07,proportional_stratified_random_sample
136,3560030,Cataclysm: The Last Generation,2025-07-11,2025-07,"[""Worm Girl""]","[""Worm Girl""]",False,True,True,True,success,game,699,699,0,USD,True,6.99,6.99,2026-09-12T15:33:40.726360+00:00,2025-07-11,2025-07-11,False,,20250911,2025-07,proportional_stratified_random_sample
137,3562220,Questy Chess,2025-07-11,2025-07,"[""Dadako""]","[""Dadako""]",False,True,True,True,success,game,599,599,0,USD,True,5.99,5.99,2026-09-12T15:34:10.915423+00:00,2025-07-11,2025-07-11,False,,20250911,2025-07,proportional_stratified_random_sample
138,3587090,Double It,2025-07-11,2025-07,"[""Anisage Games""]","[""KNGL Studio""]",False,True,False,False,success,game,599,599,0,USD,True,5.99,5.99,2026-09-12T15:39:37.362926+00:00,2025-07-11,2025-07-11,False,,20250911,2025-07,proportional_stratified_random_sample
139,3631250,Nightlings,2025-07-11,2025-07,"[""Team Nightlings""]","[""Team Nightlings""]",True,True,False,False,success,game,,,,,False,,,2026-09-12T15:49:49.424353+00:00,2025-07-11,2025-07-11,False,,20250911,2025-07,proportional_stratified_random_sample
140,3633890,NYIP (Demo),2025-07-11,2025-07,"[""My Two Pixels""]","[""My Two Pixels""]",True,True,False,False,success,game,,,,,False,,,2026-09-12T15:50:27.928252+00:00,2025-07-11,2025-07-11,False,,20250911,2025-07,proportional_stratified_random_sample
141,3650320,Another Game About Clicking,2025-07-11,2025-07,"[""myownyose""]","[""myownyose""]",False,True,False,False,success,game,399,399,0,USD,True,3.99,3.99,2026-09-12T15:54:51.934129+00:00,2025-07-11,2025-07-11,False,,20250911,2025-07,proportional_stratified_random_sample
142,3660520,五行乱斗,2025-07-11,2025-07,"[""蛋炒饭游戏工作室""]","[""蛋炒饭游戏工作室""]",False,True,False,False,success,game,399,399,0,USD,True,3.99,3.99,2026-09-12T15:57:32.760230+00:00,2025-07-11,2025-07-11,False,,20250911,2025-07,proportional_stratified_random_sample
143,3675130,Paradise Sea,2025-07-11,2025-07,"[""mokosoft""]","[""mokosoft""]",False,True,False,False,success,game,299,239,20,USD,True,2.99,2.39,2026-09-12T16:00:58.903964+00:00,2025-07-11,2025-07-11,False,,20250911,2025-07,proportional_stratified_random_sample
144,3689420,Velocity Arena,2025-07-11,2025-07,"[""Tyler Zuver""]","[""Tyler Zuver""]",False,True,False,False,success,game,199,199,0,USD,True,1.99,1.99,2026-09-12T16:06:34.731953+00:00,2025-07-11,2025-07-11,False,,20250911,2025-07,proportional_stratified_random_sample
145,3744780,Patch of Heaven,2025-07-11,2025-07,"[""Dart Digital Agency""]","[""Dart Digital Agency""]",False,True,False,False,success,game,199,199,0,USD,True,1.99,1.99,2026-09-12T16:23:01.888173+00:00,2025-07-11,2025-07-11,False,,20250911,2025-07,proportional_stratified_random_sample
146,3753370,Votica,2025-07-11,2025-07,"[""Ekasmart Games""]","[""Ekasmart Games""]",False,True,False,False,success,game,499,499,0,USD,True,4.99,4.99,2026-09-12T16:25:41.559225+00:00,2025-07-11,2025-07-11,False,,20250911,2025-07,proportional_stratified_random_sample
147,3797700,The Nightmare,2025-07-11,2025-07,"[""RenChanGames""]","[""RenChanGames""]",False,True,False,False,success,game,199,199,0,USD,True,1.99,1.99,2026-09-12T16:40:14.684587+00:00,2025-07-11,2025-07-11,False,,20250911,2025-07,proportional_stratified_random_sample
148,3823080,Cute Warrior Girl (큐트 여전사),2025-07-11,2025-07,"[""SEO SOFT""]","[""SEO SOFT""]",True,True,False,False,success,game,,,,,False,,,2026-09-12T16:53:18.209089+00:00,2025-07-11,2025-07-11,False,,20250911,2025-07,proportional_stratified_random_sample
149,3826930,Santa Elena,2025-07-11,2025-07,"[""Saint Frog"",""Coletivo Brejo""]","[""Coletivo Brejo""]",True,True,False,True,success,game,,,,,False,,,2026-09-12T16:55:20.155093+00:00,2025-07-11,2025-07-11,False,,20250911,2025-07,proportional_stratified_random_sample
150,3828290,Kick Yourself On,2025-07-11,2025-07,"[""Gregory Loden""]","[""Gregory Loden""]",False,True,False,False,success,game,199,199,0,USD,True,1.99,1.99,2026-09-12T16:55:48.170867+00:00,2025-07-11,2025-07-11,False,,20250911,2025-07,proportional_stratified_random_sample
151,3863590,Beltion: Beyond Ritual,2025-07-11,2025-07,"[""Rostok Games""]","[""Strategy First""]",False,True,False,False,success,game,599,599,0,USD,True,5.99,5.99,2026-09-12T17:35:03.505165+00:00,2025-07-11,2025-07-11,False,,20250911,2025-07,proportional_stratified_random_sample
152,2999220,Cupig's Key Collectathon,2025-07-12,2025-07,"[""YzahkinGames""]","[""YzahkinGames""]",False,True,False,False,success,game,399,399,0,USD,True,3.99,3.99,2026-09-12T14:15:01.922693+00:00,2025-07-12,2025-07-12,False,,20250911,2025-07,proportional_stratified_random_sample
153,3227790,The Uncultured,2025-07-12,2025-07,"[""Kosippy""]","[""Kosippy""]",False,True,False,False,success,game,799,799,0,USD,True,7.99,7.99,2026-09-12T14:38:59.681486+00:00,2025-07-12,2025-07-12,False,,20250911,2025-07,proportional_stratified_random_sample
154,3230860,Kitty Loves Birds,2025-07-12,2025-07,"[""Claudiu V.""]","[""Claudiu V.""]",False,True,False,True,success,game,499,499,0,USD,True,4.99,4.99,2026-09-12T14:39:18.595952+00:00,2025-07-12,2025-07-12,False,,20250911,2025-07,proportional_stratified_random_sample
155,3257040,Crop Crusaders,2025-07-12,2025-07,"[""Hobgoblin Games""]","[""Hobgoblin Games""]",False,True,False,False,success,game,299,299,0,USD,True,2.99,2.99,2026-09-12T14:41:41.725817+00:00,2025-07-12,2025-07-12,False,,20250911,2025-07,proportional_stratified_random_sample
156,3804040,Iron Ranger,2025-07-12,2025-07,"[""OF Studio""]","[""OF Studio""]",False,True,False,False,success,game,199,199,0,USD,True,1.99,1.99,2026-09-12T16:42:38.960466+00:00,2025-07-12,2025-07-12,False,,20250911,2025-07,proportional_stratified_random_sample
157,3808410,SkinCrawler Ranch,2025-07-12,2025-07,"[""NateOrDie""]","[""NateOrDie""]",False,True,False,False,success,game,599,599,0,USD,True,5.99,5.99,2026-09-12T16:44:42.429895+00:00,2025-07-12,2025-07-12,False,,20250911,2025-07,proportional_stratified_random_sample
158,3830530,cube hits corner,2025-07-12,2025-07,"[""heartingNinja""]","[""heartingNinja""]",False,True,False,False,success,game,99,99,0,USD,True,0.99,0.99,2026-09-12T16:57:17.900988+00:00,2025-07-12,2025-07-12,False,,20250911,2025-07,proportional_stratified_random_sample
159,2528800,Talents,2025-07-13,2025-07,"[""Izumi Games""]","[""Izumi Games""]",False,True,False,True,success,game,1999,1999,0,USD,True,19.99,19.99,2026-09-12T13:47:28.710429+00:00,2025-07-13,2025-07-13,False,,20250911,2025-07,proportional_stratified_random_sample
160,2812670,The Maze Survivor: The 9th Entrants,2025-07-13,2025-07,"[""崔资坦独立游戏Triztan IndieGame""]","[""崔资坦独立游戏Triztan IndieGame""]",False,True,False,False,success,game,899,899,0,USD,True,8.99,8.99,2026-09-12T14:00:55.162886+00:00,2025-07-13,2025-07-13,False,,20250911,2025-07,proportional_stratified_random_sample
161,3177210,酒馆战争,2025-07-13,2025-07,"[""战魂工作室""]","[""战魂工作室""]",True,True,False,False,success,game,,,,,False,,,2026-09-12T14:32:47.555424+00:00,2025-07-13,2025-07-13,False,,20250911,2025-07,proportional_stratified_random_sample
162,3224410,Tone,2025-07-13,2025-07,"[""Realentlessly Hopeful, LLC""]","[""Realentlessly Hopeful, LLC""]",False,True,False,False,success,game,199,199,0,USD,True,1.99,1.99,2026-09-12T14:38:34.284663+00:00,2025-07-13,2025-07-13,False,,20250911,2025-07,proportional_stratified_random_sample
163,3348510,Tower Arena Survive,2025-07-13,2025-07,"[""RawDex""]","[""RawDex""]",False,True,False,False,success,game,499,499,0,USD,True,4.99,4.99,2026-09-12T14:58:32.768626+00:00,2025-07-13,2025-07-13,False,,20250911,2025-07,proportional_stratified_random_sample
164,3479790,My Splitting Image,2025-07-13,2025-07,"[""Late Night Artisans""]","[""Late Night Artisans""]",False,True,False,False,success,game,499,499,0,USD,True,4.99,4.99,2026-09-12T15:20:20.677590+00:00,2025-07-13,2025-07-13,False,,20250911,2025-07,proportional_stratified_random_sample
165,3797390,IlhaZ,2025-07-13,2025-07,"[""BarovoGames""]","[""BarovoGames""]",False,True,False,False,success,game,,,,,False,,,2026-09-12T16:40:08.320455+00:00,2025-07-13,2025-07-13,False,,20250911,2025-07,proportional_stratified_random_sample
166,3831090,CinemaLandVR,2025-07-13,2025-07,"[""PlanetariumStudio""]","[""PlanetariumStudio""]",False,True,False,False,success,game,699,699,0,USD,True,6.99,6.99,2026-09-12T16:57:40.962835+00:00,2025-07-13,2025-07-13,False,,20250911,2025-07,proportional_stratified_random_sample
167,1344550,Warspace 2,2025-07-14,2025-07,"[""Magic Game Art""]","[""Magic Game Art""]",False,True,True,True,success,game,1799,1799,0,USD,True,17.99,17.99,2026-09-12T13:04:54.645485+00:00,2025-07-14,2025-07-14,False,,20250911,2025-07,proportional_stratified_random_sample
168,1583540,Meco Rocket Simulator,2025-07-14,2025-07,"[""Loren Aerospace""]",,False,True,True,False,success,game,4969,4969,0,USD,True,49.69,49.69,2026-09-12T13:08:41.783533+00:00,2025-07-14,2025-07-14,False,,20250911,2025-07,proportional_stratified_random_sample
169,2691210,Idle Life - An Idle Game,2025-07-14,2025-07,"[""Blackline Development""]","[""Blackline Development""]",False,True,False,False,success,game,449,449,0,USD,True,4.49,4.49,2026-09-12T13:54:32.767076+00:00,2025-07-14,2025-07-14,False,,20250911,2025-07,proportional_stratified_random_sample
170,3008800,Seconds Till Destruction,2025-07-14,2025-07,"[""The Eagle Studios""]","[""The Eagle Studios""]",False,True,False,False,success,game,499,499,0,USD,True,4.99,4.99,2026-09-12T14:15:51.082721+00:00,2025-07-14,2025-07-14,False,,20250911,2025-07,proportional_stratified_random_sample
171,3109280,Super Loco World - Cozy Train Automation,2025-07-14,2025-07,"[""Andrii Bychkovskyi""]","[""Curve Games""]",False,True,False,False,success,game,999,999,0,USD,True,9.99,9.99,2026-09-12T14:26:12.572556+00:00,2025-07-14,2025-07-14,False,,20250911,2025-07,proportional_stratified_random_sample
172,3196520,Island Robot Farm,2025-07-14,2025-07,"[""MoraCoco""]","["" Wise Games""]",False,True,False,False,success,game,599,599,0,USD,True,5.99,5.99,2026-09-12T14:34:55.464904+00:00,2025-07-14,2025-07-14,False,,20250911,2025-07,proportional_stratified_random_sample
173,3568550,Tainted Pools,2025-07-14,2025-07,"[""Stray Fox Games""]","[""Stray Fox Games""]",False,True,False,False,success,game,399,399,0,USD,True,3.99,3.99,2026-09-12T15:35:29.099328+00:00,2025-07-14,2025-07-14,False,,20250911,2025-07,proportional_stratified_random_sample
174,3605340,The Eternal Hunt,2025-07-14,2025-07,"[""Best In Slot Games""]","[""Best In Slot Games""]",False,True,False,False,success,game,2999,2999,0,USD,True,29.99,29.99,2026-09-12T15:43:24.768235+00:00,2025-07-14,2025-07-14,False,,20250911,2025-07,proportional_stratified_random_sample
175,3629400,Loophole,2025-07-14,2025-07,"[""Levi Pinkert""]","[""Levi Pinkert""]",False,True,True,False,success,game,999,999,0,USD,True,9.99,9.99,2026-09-12T15:49:21.766953+00:00,2025-07-14,2025-07-14,False,,20250911,2025-07,proportional_stratified_random_sample
176,3715350,Mycroft Holmes Simulator,2025-07-14,2025-07,"[""The Wonder Room""]","[""The Wonder Room""]",True,True,False,True,success,game,,,,,False,,,2026-09-12T16:15:01.253122+00:00,2025-07-14,2025-07-14,False,,20250911,2025-07,proportional_stratified_random_sample
177,3727240,Poker Adventurers,2025-07-14,2025-07,"[""Dawn Club""]","[""Dawn Club""]",False,True,False,False,success,game,399,399,0,USD,True,3.99,3.99,2026-09-12T16:18:43.677498+00:00,2025-07-14,2025-07-14,False,,20250911,2025-07,proportional_stratified_random_sample
178,3758630,Project:M,2025-07-14,2025-07,"[""Shadow Fred Boi""]","[""Shadow Fred Boi""]",True,True,False,False,success,game,,,,,False,,,2026-09-12T16:27:46.697604+00:00,2025-07-14,2025-07-14,False,,20250911,2025-07,proportional_stratified_random_sample
179,3800670,Waking Dreams,2025-07-14,2025-07,"[""Studio Infernal""]","[""Studio Infernal""]",False,True,False,False,success,game,499,499,0,USD,True,4.99,4.99,2026-09-12T16:41:09.779300+00:00,2025-07-14,2025-07-14,False,,20250911,2025-07,proportional_stratified_random_sample
180,3833100,Kitchen Gore,2025-07-14,2025-07,"[""xoblins""]","[""xoblins""]",False,True,False,False,success,game,299,299,0,USD,True,2.99,2.99,2026-09-12T16:58:46.022165+00:00,2025-07-14,2025-07-14,False,,20250911,2025-07,proportional_stratified_random_sample
181,3835500,Old Thiess: The Werewolf’s Trial,2025-07-14,2025-07,"[""Wrwwoulf Studio""]","[""Wrwwoulf Studio""]",True,True,False,False,success,game,,,,,False,,,2026-09-12T17:05:33.670800+00:00,2025-07-14,2025-07-14,False,,20250911,2025-07,proportional_stratified_random_sample
182,1408730,KindFolx,2025-07-15,2025-07,"[""Tristan Barona""]","[""Tristan Barona""]",False,True,True,False,success,game,1499,1499,0,USD,True,14.99,14.99,2026-09-12T13:05:35.277112+00:00,2025-07-15,2025-07-15,False,,20250911,2025-07,proportional_stratified_random_sample
183,2158690,Star Rift Saga,2025-07-15,2025-07,"[""Studio Vela LLC""]","[""Studio Vela LLC""]",False,True,False,False,success,game,1499,1499,0,USD,True,14.99,14.99,2026-09-12T13:31:43.186270+00:00,2025-07-15,2025-07-15,False,,20250911,2025-07,proportional_stratified_random_sample
184,2262890,Whispers in the Dark,2025-07-15,2025-07,"[""Gabrielle Games""]","[""Gabrielle Games""]",False,True,False,False,success,game,99,99,0,USD,True,0.99,0.99,2026-09-12T13:35:13.781393+00:00,2025-07-15,2025-07-15,False,,20250911,2025-07,proportional_stratified_random_sample
185,2268550,Trans Theft Horso,2025-07-15,2025-07,"[""Cow Children Games""]","[""Cow Children Games""]",False,True,True,False,success,game,1100,1100,0,USD,True,11.0,11.0,2026-09-12T13:35:20.464453+00:00,2025-07-15,2025-07-15,False,,20250911,2025-07,proportional_stratified_random_sample
186,2324760,Florida Interstate '86,2025-07-15,2025-07,"[""Welcome to the '80s""]","[""Welcome to the '80s""]",False,True,False,False,success,game,499,499,0,USD,True,4.99,4.99,2026-09-12T13:37:39.651096+00:00,2025-07-15,2025-07-15,False,,20250911,2025-07,proportional_stratified_random_sample
187,2643010,Becoming Saint,2025-07-15,2025-07,"[""Open Lab Games""]","[""Firesquid"",""2P Games""]",False,True,True,True,success,game,1499,599,60,USD,True,14.99,5.99,2026-09-12T13:52:05.029943+00:00,2025-07-15,2025-07-15,False,,20250911,2025-07,proportional_stratified_random_sample
188,2653490,非凡：out of the ordinary,2025-07-15,2025-07,"[""阿弥陀佛""]","[""阿弥陀佛""]",False,True,False,False,success,game,399,399,0,USD,True,3.99,3.99,2026-09-12T13:52:43.516916+00:00,2025-07-15,2025-07-15,False,,20250911,2025-07,proportional_stratified_random_sample
189,2738630,Dungeons & Dragons Neverwinter Nights 2: Enhanced Edition,2025-07-15,2025-07,"[""Aspyr Media""]","[""Aspyr Media""]",False,True,False,False,success,game,2999,2999,0,USD,True,29.99,29.99,2026-09-12T13:56:58.450151+00:00,2025-07-15,2025-07-15,False,,20250911,2025-07,proportional_stratified_random_sample
190,3024040,Stronghold Crusader: Definitive Edition,2025-07-15,2025-07,"[""Firefly Studios""]","[""Firefly Studios""]",False,True,False,False,success,game,1999,1999,0,USD,True,19.99,19.99,2026-09-12T14:17:09.662230+00:00,2025-07-15,2025-07-15,False,,20250911,2025-07,proportional_stratified_random_sample
191,3213790,Red Pistol,2025-07-15,2025-07,"[""Ace Horizon Studios""]","[""indie.io""]",False,True,False,False,success,game,999,999,0,USD,True,9.99,9.99,2026-09-12T14:37:09.848802+00:00,2025-07-15,2025-07-15,False,,20250911,2025-07,proportional_stratified_random_sample
192,3343940,Spin Forward,2025-07-15,2025-07,"[""Bean and Pea Studio""]","[""Bean and Pea Studio""]",False,True,False,False,success,game,399,399,0,USD,True,3.99,3.99,2026-09-12T14:57:58.071670+00:00,2025-07-15,2025-07-15,False,,20250911,2025-07,proportional_stratified_random_sample
193,3413090,PhantomRider,2025-07-15,2025-07,"[""Meet Game""]","[""Meet Game""]",False,True,False,False,success,game,599,599,0,USD,True,5.99,5.99,2026-09-12T15:08:37.893702+00:00,2025-07-15,2025-07-15,False,,20250911,2025-07,proportional_stratified_random_sample
194,3475580,Opollo,2025-07-15,2025-07,"[""Planetary Gears""]","[""Planetary Gears""]",False,True,False,True,success,game,99,99,0,USD,True,0.99,0.99,2026-09-12T15:19:38.271283+00:00,2025-07-15,2025-07-15,False,,20250911,2025-07,proportional_stratified_random_sample
195,3502370,Speed Rally,2025-07-15,2025-07,"[""Horizont Entertainment""]","[""Horizont Entertainment""]",False,True,True,True,success,game,499,499,0,USD,True,4.99,4.99,2026-09-12T15:23:29.649141+00:00,2025-07-15,2025-07-15,False,,20250911,2025-07,proportional_stratified_random_sample
196,3519810,JungleBoys,2025-07-15,2025-07,"[""Clefairyx""]","[""Clefairyx""]",True,True,False,False,success,game,,,,,False,,,2026-09-12T15:26:47.066320+00:00,2025-07-15,2025-07-15,False,,20250911,2025-07,proportional_stratified_random_sample
197,3538140,Heading Over It with The Twins,2025-07-15,2025-07,"[""ruf256""]","[""ruf256""]",False,True,False,False,success,game,499,499,0,USD,True,4.99,4.99,2026-09-12T15:29:37.698078+00:00,2025-07-15,2025-07-15,False,,20250911,2025-07,proportional_stratified_random_sample
198,3603110,Favela Kick: The Final Goal,2025-07-15,2025-07,"[""Vladimir Pliashkun""]","[""Vladimir Pliashkun""]",False,True,False,False,success,game,99,99,0,USD,True,0.99,0.99,2026-09-12T15:42:54.457709+00:00,2025-07-15,2025-07-15,False,,20250911,2025-07,proportional_stratified_random_sample
199,3630930,Art Together,2025-07-15,2025-07,"[""Oxalis Studios""]","[""Oxalis Studios""]",False,True,False,False,success,game,99,99,0,USD,True,0.99,0.99,2026-09-12T15:49:42.929330+00:00,2025-07-15,2025-07-15,False,,20250911,2025-07,proportional_stratified_random_sample
200,3702810,Hellbound: Reign of El Diablo,2025-07-15,2025-07,"[""SodaFrizz""]","[""SodaFrizz""]",False,True,False,False,success,game,99,99,0,USD,True,0.99,0.99,2026-09-12T16:09:53.992897+00:00,2025-07-15,2025-07-15,False,,20250911,2025-07,proportional_stratified_random_sample
201,3710070,COLONY 13 - Into The Void,2025-07-15,2025-07,"[""3M SOUND A STUDIO""]","[""3M SOUND A STUDIO""]",False,True,False,False,success,game,999,999,0,USD,True,9.99,9.99,2026-09-12T16:13:48.941568+00:00,2025-07-15,2025-07-15,False,,20250911,2025-07,proportional_stratified_random_sample
202,3725130,Meow Path 2,2025-07-15,2025-07,"[""OKCITY""]","[""OKCITY""]",False,True,False,False,success,game,199,129,35,USD,True,1.99,1.29,2026-09-12T16:18:14.248596+00:00,2025-07-15,2025-07-15,False,,20250911,2025-07,proportional_stratified_random_sample
203,3766740,Church Crew,2025-07-15,2025-07,"[""Batuhan YILDIRIM""]","[""Batuhan YILDIRIM""]",False,True,False,False,success,game,299,299,0,USD,True,2.99,2.99,2026-09-12T16:29:54.087550+00:00,2025-07-15,2025-07-15,False,,20250911,2025-07,proportional_stratified_random_sample
204,3796060,Area Zero,2025-07-15,2025-07,"[""Ephemeral Technical Arts""]","[""Ephemeral Technical Arts""]",False,True,False,False,success,game,499,499,0,USD,True,4.99,4.99,2026-09-12T16:39:51.418874+00:00,2025-07-15,2025-07-15,False,,20250911,2025-07,proportional_stratified_random_sample
205,3817110,CAPTAIN FIRAT,2025-07-15,2025-07,"["" FIRAT ÖZDEMİR""]","[""AMİRAL GAMES""]",True,True,False,False,success,game,,,,,False,,,2026-09-12T16:50:07.930906+00:00,2025-07-15,2025-07-15,False,,20250911,2025-07,proportional_stratified_random_sample
206,3828490,Monster Destroyer,2025-07-15,2025-07,"[""虚拟梦""]","[""虚拟梦""]",False,True,False,False,success,game,399,399,0,USD,True,3.99,3.99,2026-09-12T16:55:54.659482+00:00,2025-07-15,2025-07-15,False,,20250911,2025-07,proportional_stratified_random_sample
207,3837970,Don't Let Me Fade,2025-07-15,2025-07,"[""AinkOink""]","[""AinkOink""]",True,True,False,False,success,game,,,,,False,,,2026-09-12T17:06:47.690923+00:00,2025-07-15,2025-07-15,False,,20250911,2025-07,proportional_stratified_random_sample
208,1427070,Mascot Mayhem,2025-07-16,2025-07,"[""Cherry Bomb Interactive""]","[""Cherry Bomb Interactive""]",False,True,False,False,success,game,799,799,0,USD,True,7.99,7.99,2026-09-12T13:06:01.312634+00:00,2025-07-16,2025-07-16,False,,20250911,2025-07,proportional_stratified_random_sample
209,1548180,Worship,2025-07-16,2025-07,"[""Chasing Rats Games""]","[""Chasing Rats Games""]",False,True,False,False,success,game,1999,1999,0,USD,True,19.99,19.99,2026-09-12T13:07:57.461322+00:00,2025-07-16,2025-07-16,False,,20250911,2025-07,proportional_stratified_random_sample
210,2377620,Lord O' Pirates,2025-07-16,2025-07,"[""One Flow Man""]","[""Treestyle Studios LLC""]",False,True,False,False,success,game,499,499,0,USD,True,4.99,4.99,2026-09-12T13:40:21.575486+00:00,2025-07-16,2025-07-16,False,,20250911,2025-07,proportional_stratified_random_sample
211,2659840,A-RED Walking Robot,2025-07-16,2025-07,"[""JOOKITOOZ""]","[""Dojo System""]",False,True,False,True,success,game,1499,1499,0,USD,True,14.99,14.99,2026-09-12T13:53:09.515316+00:00,2025-07-16,2025-07-16,False,,20250911,2025-07,proportional_stratified_random_sample
212,2854980,MADNESS,2025-07-16,2025-07,"[""Limebat Games""]","[""Limebat Games""]",False,True,False,False,success,game,399,399,0,USD,True,3.99,3.99,2026-09-12T14:04:07.976934+00:00,2025-07-16,2025-07-16,False,,20250911,2025-07,proportional_stratified_random_sample
213,3290600,Cottonville,2025-07-16,2025-07,"[""RedDeer.Games""]","[""RedDeer.Games""]",False,True,False,False,success,game,1099,1099,0,USD,True,10.99,10.99,2026-09-12T14:52:01.860155+00:00,2025-07-16,2025-07-16,False,,20250911,2025-07,proportional_stratified_random_sample
214,3350870,GST Wars,2025-07-16,2025-07,"[""Yoav Parvin""]","[""Yoav Parvin""]",True,True,False,False,success,game,,,,,False,,,2026-09-12T14:58:55.213846+00:00,2025-07-16,2025-07-16,False,,20250911,2025-07,proportional_stratified_random_sample
215,3468660,Rugby League 26,2025-07-16,2025-07,"[""Big Ant Studios""]","[""Nacon""]",False,True,False,False,success,game,5999,5999,0,USD,True,59.99,59.99,2026-09-12T15:18:33.479305+00:00,2025-07-16,2025-07-16,False,,20250911,2025-07,proportional_stratified_random_sample
216,3472300,Medievaly: Battle Simulator,2025-07-16,2025-07,"[""Steelkrill Studio""]","[""Steelkrill Studio""]",False,True,False,False,success,game,899,899,0,USD,True,8.99,8.99,2026-09-12T15:19:03.259836+00:00,2025-07-16,2025-07-16,False,,20250911,2025-07,proportional_stratified_random_sample
217,3500830,Store Keeper,2025-07-16,2025-07,"[""AlexsusDev""]","[""AlexsusDev""]",False,True,False,False,success,game,499,499,0,USD,True,4.99,4.99,2026-09-12T15:23:14.930375+00:00,2025-07-16,2025-07-16,False,,20250911,2025-07,proportional_stratified_random_sample
218,3583330,Robot Anomaly,2025-07-16,2025-07,"[""Eibriel""]","[""Eibriel""]",False,True,True,True,success,game,399,319,20,USD,True,3.99,3.19,2026-09-12T15:38:36.849943+00:00,2025-07-16,2025-07-16,False,,20250911,2025-07,proportional_stratified_random_sample
219,3715980,WAHM | وهم,2025-07-16,2025-07,"[""SIGHMOHAMED30"",""Anas 3D"",""kwaiz.1""]","[""SIGHMOHAMED30""]",False,True,False,False,success,game,399,399,0,USD,True,3.99,3.99,2026-09-12T16:15:20.538217+00:00,2025-07-16,2025-07-16,False,,20250911,2025-07,proportional_stratified_random_sample
220,3754370,Resist Mutants,2025-07-16,2025-07,"[""WANG BAIMING""]","[""WANG BAIMING""]",False,True,False,False,success,game,699,699,0,USD,True,6.99,6.99,2026-09-12T16:26:09.496759+00:00,2025-07-16,2025-07-16,False,,20250911,2025-07,proportional_stratified_random_sample
221,3805710,Treasure Tiger,2025-07-16,2025-07,"[""Lucky Dart""]","[""The Bueno Interactive""]",False,True,False,False,success,game,499,499,0,USD,True,4.99,4.99,2026-09-12T16:43:17.545102+00:00,2025-07-16,2025-07-16,False,,20250911,2025-07,proportional_stratified_random_sample
222,3817930,Tombs & Trials,2025-07-16,2025-07,"[""Logan K"",""Gavin D""]","[""SuperAwsomeGame Studios""]",False,True,True,True,success,game,299,299,0,USD,True,2.99,2.99,2026-09-12T16:50:37.208155+00:00,2025-07-16,2025-07-16,False,,20250911,2025-07,proportional_stratified_random_sample
223,3824770,Chronos Shift,2025-07-16,2025-07,"[""Pigeon Entertainment""]","[""Pigeon Entertainment""]",False,True,False,False,success,game,499,499,0,USD,True,4.99,4.99,2026-09-12T16:54:07.505746+00:00,2025-07-16,2025-07-16,False,,20250911,2025-07,proportional_stratified_random_sample
224,3826650,Worm Wars,2025-07-16,2025-07,"[""MSE GAME WORLD ""]","[""MSE GAME WORLD ""]",False,True,False,False,success,game,199,199,0,USD,True,1.99,1.99,2026-09-12T16:55:09.237667+00:00,2025-07-16,2025-07-16,False,,20250911,2025-07,proportional_stratified_random_sample
225,3829070,Playing With The Big Boys,2025-07-16,2025-07,"[""Orange Plate Games""]","[""Orange Plate Games""]",True,True,False,False,success,game,,,,,False,,,2026-09-12T16:56:17.986047+00:00,2025-07-16,2025-07-16,False,,20250911,2025-07,proportional_stratified_random_sample
226,1170570,The Drifter,2025-07-17,2025-07,"[""Powerhoof"",""Dave Lloyd""]","[""Powerhoof""]",False,True,True,True,success,game,1999,1999,0,USD,True,19.99,19.99,2026-09-12T13:02:51.238642+00:00,2025-07-17,2025-07-17,False,,20250911,2025-07,proportional_stratified_random_sample
227,1273640,Bring You Home,2025-07-17,2025-07,"[""Alike Studio""]","[""Alike Studio""]",False,True,True,False,success,game,699,699,0,USD,True,6.99,6.99,2026-09-12T13:03:42.449771+00:00,2025-07-17,2025-07-17,False,,20250911,2025-07,proportional_stratified_random_sample
228,1735700,Back to the Dawn,2025-07-17,2025-07,"[""Metal Head Games""]","[""Spiral Up Games""]",False,True,False,False,success,game,2399,2399,0,USD,True,23.99,23.99,2026-09-12T13:11:34.394419+00:00,2025-07-17,2025-07-17,False,,20250911,2025-07,proportional_stratified_random_sample
229,2171630,Return from Core,2025-07-17,2025-07,"[""顽核社 FuncoreClub""]","[""2P Games"",""Shochiku""]",False,True,False,False,success,game,1699,1699,0,USD,True,16.99,16.99,2026-09-12T13:32:03.881776+00:00,2025-07-17,2025-07-17,False,,20250911,2025-07,proportional_stratified_random_sample
230,2235200,Neon Abyss 2,2025-07-17,2025-07,"[""Veewo Games""]","[""Veewo Games"",""Kepler Ghost""]",False,True,False,False,success,game,1999,1999,0,USD,True,19.99,19.99,2026-09-12T13:34:24.399371+00:00,2025-07-17,2025-07-17,False,,20250911,2025-07,proportional_stratified_random_sample
231,2749690,Imaginytes,2025-07-17,2025-07,"[""Egome Games""]","[""Egome Games""]",False,True,True,False,success,game,1499,1499,0,USD,True,14.99,14.99,2026-09-12T13:57:45.440758+00:00,2025-07-17,2025-07-17,False,,20250911,2025-07,proportional_stratified_random_sample
232,2824490,He is Coming,2025-07-17,2025-07,"[""Chronocle""]","[""Hooded Horse""]",False,True,False,False,success,game,1999,1999,0,USD,True,19.99,19.99,2026-09-12T14:01:51.481692+00:00,2025-07-17,2025-07-17,False,,20250911,2025-07,proportional_stratified_random_sample
233,2835040,Horizon Valley,2025-07-17,2025-07,"[""Royal Engine""]","[""Royal Engine""]",True,True,False,False,success,game,,,,,False,,,2026-09-12T14:02:44.387836+00:00,2025-07-17,2025-07-17,False,,20250911,2025-07,proportional_stratified_random_sample
234,3001330,Forest Heroes,2025-07-17,2025-07,"[""Hoochoo Game Studios""]","[""Hoochoo Game Studios""]",False,True,True,False,success,game,999,999,0,USD,True,9.99,9.99,2026-09-12T14:15:08.400841+00:00,2025-07-17,2025-07-17,False,,20250911,2025-07,proportional_stratified_random_sample
235,3185230,Quest of the Hero,2025-07-17,2025-07,"[""CSV Games""]","[""CSV Games""]",False,True,False,True,success,game,699,699,0,USD,True,6.99,6.99,2026-09-12T14:33:40.470526+00:00,2025-07-17,2025-07-17,False,,20250911,2025-07,proportional_stratified_random_sample
236,3220170,Arcane Afterfall,2025-07-17,2025-07,"[""Nokhook Entertainment""]","[""Brightika, Inc.""]",True,True,True,False,success,game,,,,,False,,,2026-09-12T14:38:02.224343+00:00,2025-07-17,2025-07-17,False,,20250911,2025-07,proportional_stratified_random_sample
237,3342900,Elemental Rush,2025-07-17,2025-07,"[""SparkyByteGames""]","[""SparkyByteGames""]",False,True,False,True,success,game,799,799,0,USD,True,7.99,7.99,2026-09-12T14:57:48.271138+00:00,2025-07-17,2025-07-17,False,,20250911,2025-07,proportional_stratified_random_sample
238,3421330,There's No Cake,2025-07-17,2025-07,"[""Error 300""]","[""Error 300"",""Gamersky Games""]",False,True,True,True,success,game,399,399,0,USD,True,3.99,3.99,2026-09-12T15:09:59.255063+00:00,2025-07-17,2025-07-17,False,,20250911,2025-07,proportional_stratified_random_sample
239,3424920,DarkRanger,2025-07-17,2025-07,"[""铅笔龙"",""偶尔不帅""]","[""偶尔不帅"",""铅笔龙""]",False,True,True,False,success,game,699,699,0,USD,True,6.99,6.99,2026-09-12T15:10:29.128709+00:00,2025-07-17,2025-07-17,False,,20250911,2025-07,proportional_stratified_random_sample
240,3428300,フィアリウム,2025-07-17,2025-07,"[""群悠"",""群悠""]","[""群悠""]",False,True,False,False,success,game,299,299,0,USD,True,2.99,2.99,2026-09-12T15:10:54.520632+00:00,2025-07-17,2025-07-17,False,,20250911,2025-07,proportional_stratified_random_sample
241,3473610,Bridge Constructor Studio,2025-07-17,2025-07,"[""ClockStone""]","[""Headup""]",False,True,True,True,success,game,1199,1199,0,USD,True,11.99,11.99,2026-09-12T15:19:12.230275+00:00,2025-07-17,2025-07-17,False,,20250911,2025-07,proportional_stratified_random_sample
242,3491160,イワクツギ -IWAKUTSUGI-,2025-07-17,2025-07,"[""TEAM SHINZA""]","[""TEAM SHINZA""]",False,True,False,False,success,game,299,299,0,USD,True,2.99,2.99,2026-09-12T15:22:05.046662+00:00,2025-07-17,2025-07-17,False,,20250911,2025-07,proportional_stratified_random_sample
243,3540430,Dungeon Weiqi,2025-07-17,2025-07,"[""没工作工作室""]","[""没工作工作室""]",False,True,False,False,success,game,699,699,0,USD,True,6.99,6.99,2026-09-12T15:29:59.170820+00:00,2025-07-17,2025-07-17,False,,20250911,2025-07,proportional_stratified_random_sample
244,3643900,Ragdoll Boxing Multiplayer,2025-07-17,2025-07,"[""White Boat Games""]","[""White Boat Games""]",True,True,False,False,success,game,,,,,False,,,2026-09-12T15:52:55.899695+00:00,2025-07-17,2025-07-17,False,,20250911,2025-07,proportional_stratified_random_sample
245,3656990,工廈 Warehouse,2025-07-17,2025-07,"[""Echo Studio""]","[""Echo Studio""]",False,True,False,False,success,game,499,499,0,USD,True,4.99,4.99,2026-09-12T15:56:50.178708+00:00,2025-07-17,2025-07-17,False,,20250911,2025-07,proportional_stratified_random_sample
246,3666920,The Journey East and West,2025-07-17,2025-07,"[""Pr1s1m""]","[""Pr1s1m""]",True,True,False,True,success,game,,,,,False,,,2026-09-12T15:58:26.618618+00:00,2025-07-17,2025-07-17,False,,20250911,2025-07,proportional_stratified_random_sample
247,3680900,Future War Tactics: SOF vs Alien Invasion – Turn-Based Strategy,2025-07-17,2025-07,"[""QuadCom Interactive""]","[""Brightika, Inc.""]",False,True,False,False,success,game,999,999,0,USD,True,9.99,9.99,2026-09-12T16:02:30.809405+00:00,2025-07-17,2025-07-17,False,,20250911,2025-07,proportional_stratified_random_sample
248,3698680,Golden Tee Arcade Classics,2025-07-17,2025-07,"[""Digital Eclipse""]","[""Atari""]",False,True,False,False,success,game,2999,2999,0,USD,True,29.99,29.99,2026-09-12T16:08:58.590957+00:00,2025-07-17,2025-07-17,False,,20250911,2025-07,proportional_stratified_random_sample
249,3768490,Quantum Threshold,2025-07-17,2025-07,"[""Vaki Games""]","[""Vaki Games""]",False,True,False,False,success,game,2399,2399,0,USD,True,23.99,23.99,2026-09-12T16:30:31.976594+00:00,2025-07-17,2025-07-17,False,,20250911,2025-07,proportional_stratified_random_sample
250,3794730,Zombie Survivor,2025-07-17,2025-07,"[""TAYIER""]","[""TAYIER""]",False,True,True,True,success,game,299,299,0,USD,True,2.99,2.99,2026-09-12T16:39:11.308844+00:00,2025-07-17,2025-07-17,False,,20250911,2025-07,proportional_stratified_random_sample
251,3814230,迷滅,2025-07-17,2025-07,"[""夜星""]","[""夜星""]",False,True,False,False,success,game,299,299,0,USD,True,2.99,2.99,2026-09-12T16:48:18.884075+00:00,2025-07-17,2025-07-17,False,,20250911,2025-07,proportional_stratified_random_sample
252,3830430,Pain 'n Dave: The Maze of Malice,2025-07-17,2025-07,"[""missingnoge""]","[""missingnoge""]",False,True,False,False,success,game,499,499,0,USD,True,4.99,4.99,2026-09-12T16:57:11.642251+00:00,2025-07-17,2025-07-17,False,,20250911,2025-07,proportional_stratified_random_sample
253,3839930,三国.群英录,2025-07-17,2025-07,"[""DRAGONJOY Studios""]","[""DRAGONJOY Studios""]",True,True,True,False,success,game,,,,,False,,,2026-09-12T17:08:02.725734+00:00,2025-07-17,2025-07-17,False,,20250911,2025-07,proportional_stratified_random_sample
254,3850520,Master of 4 Swords,2025-07-17,2025-07,"[""Don BASS""]","[""Don BASS ""]",False,True,False,False,success,game,3999,199,95,USD,True,39.99,1.99,2026-09-12T17:13:43.189043+00:00,2025-07-17,2025-07-17,False,,20250911,2025-07,proportional_stratified_random_sample
255,2402620,World Guesser,2025-07-18,2025-07,"[""Artists Company""]","[""Artists Company""]",False,True,False,False,success,game,499,499,0,USD,True,4.99,4.99,2026-09-12T13:41:26.396207+00:00,2025-07-18,2025-07-18,False,,20250911,2025-07,proportional_stratified_random_sample
256,2804440,草地清理工,2025-07-18,2025-07,"[""ZhiZhi""]","[""ZhiZhi""]",True,True,False,False,success,game,,,,,False,,,2026-09-12T14:00:27.083216+00:00,2025-07-18,2025-07-18,False,,20250911,2025-07,proportional_stratified_random_sample
257,2815080,Forgotten 23,2025-07-18,2025-07,"[""KovalGames""]","[""indie.io""]",False,True,True,False,success,game,1299,1299,0,USD,True,12.99,12.99,2026-09-12T14:01:01.520248+00:00,2025-07-18,2025-07-18,False,,20250911,2025-07,proportional_stratified_random_sample
258,2842430,ARC TCG,2025-07-18,2025-07,"[""RAT Studios""]","[""RAT Studios""]",True,True,False,False,success,game,,,,,False,,,2026-09-12T14:03:20.933569+00:00,2025-07-18,2025-07-18,False,,20250911,2025-07,proportional_stratified_random_sample
259,3101040,Magical Girl Witch Trials,2025-07-18,2025-07,"[""Acacia"",""Re,AER""]","[""Re,AER"",""CIRCLE LINE GAMES""]",False,True,True,False,success,game,2999,2999,0,USD,True,29.99,29.99,2026-09-12T14:25:02.401364+00:00,2025-07-18,2025-07-18,False,,20250911,2025-07,proportional_stratified_random_sample
260,3181830,Trapped,2025-07-18,2025-07,"[""AN""]","[""AN""]",True,True,True,False,success,game,,,,,False,,,2026-09-12T14:33:15.273203+00:00,2025-07-18,2025-07-18,False,,20250911,2025-07,proportional_stratified_random_sample
261,3198820,Passer,2025-07-18,2025-07,"[""SHEN YI""]","[""SHEN YI""]",False,True,False,False,success,game,1499,1499,0,USD,True,14.99,14.99,2026-09-12T14:35:10.597458+00:00,2025-07-18,2025-07-18,False,,20250911,2025-07,proportional_stratified_random_sample
262,3249650,Little Fighter 2 Remastered,2025-07-18,2025-07,"[""Little Fighter Co Pty Ltd"",""Marti Wong""]","[""Little Fighter Co Pty Ltd""]",False,True,True,False,success,game,1588,1588,0,USD,True,15.88,15.88,2026-09-12T14:40:59.358788+00:00,2025-07-18,2025-07-18,False,,20250911,2025-07,proportional_stratified_random_sample
263,3484640,ReCharge RC: High Voltage,2025-07-18,2025-07,"[""Hondune Games""]","[""Hondune Games""]",False,True,False,False,success,game,1399,1399,0,USD,True,13.99,13.99,2026-09-12T15:21:10.214865+00:00,2025-07-18,2025-07-18,False,,20250911,2025-07,proportional_stratified_random_sample
264,3533400,Paint Rumble,2025-07-18,2025-07,"[""Vitor Cirilo"",""Marcos Game Dev"",""Allan Machado""]","[""Allan Machado""]",False,True,False,False,success,game,199,199,0,USD,True,1.99,1.99,2026-09-12T15:28:52.386110+00:00,2025-07-18,2025-07-18,False,,20250911,2025-07,proportional_stratified_random_sample
265,3541240,Capsule Hero,2025-07-18,2025-07,"[""Ma Mingchi""]","[""Ma Mingchi""]",False,True,False,False,success,game,399,399,0,USD,True,3.99,3.99,2026-09-12T15:30:18.468625+00:00,2025-07-18,2025-07-18,False,,20250911,2025-07,proportional_stratified_random_sample
266,3554100,Warrior's Dilemma,2025-07-18,2025-07,"[""Happy Hippocampus""]","[""Happy Hippocampus""]",False,True,False,False,success,game,99,99,0,USD,True,0.99,0.99,2026-09-12T15:32:41.541967+00:00,2025-07-18,2025-07-18,False,,20250911,2025-07,proportional_stratified_random_sample
267,3672410,POGO Stadium,2025-07-18,2025-07,"[""Kyoto Entertainment Works Inc.""]","[""Kyoto Entertainment Works Inc.""]",False,True,False,False,success,game,1299,519,60,USD,True,12.99,5.19,2026-09-12T16:00:24.447817+00:00,2025-07-18,2025-07-18,False,,20250911,2025-07,proportional_stratified_random_sample
268,3679920,Favela Defender,2025-07-18,2025-07,"[""Palmsoft Games""]","[""Palmsoft Tecnologia""]",False,True,False,False,success,game,499,499,0,USD,True,4.99,4.99,2026-09-12T16:02:15.906052+00:00,2025-07-18,2025-07-18,False,,20250911,2025-07,proportional_stratified_random_sample
269,3696180,Lost World Survivor,2025-07-18,2025-07,"[""Li Yangde""]","[""Li Yangde""]",False,True,False,False,success,game,399,399,0,USD,True,3.99,3.99,2026-09-12T16:08:29.027695+00:00,2025-07-18,2025-07-18,False,,20250911,2025-07,proportional_stratified_random_sample
270,3720170,The Showdown: Gorilla vs 100,2025-07-18,2025-07,"[""FancyRancy""]","[""FancyRancy""]",False,True,False,False,success,game,999,999,0,USD,True,9.99,9.99,2026-09-12T16:16:30.693997+00:00,2025-07-18,2025-07-18,False,,20250911,2025-07,proportional_stratified_random_sample
271,3728030,I commissioned some snails 4,2025-07-18,2025-07,"[""Follow the fun""]","[""I commissioned some series""]",False,True,False,False,success,game,399,279,30,USD,True,3.99,2.79,2026-09-12T16:18:52.110776+00:00,2025-07-18,2025-07-18,False,,20250911,2025-07,proportional_stratified_random_sample
272,3749880,NeverHome Ch.2 - Tower of Vanity,2025-07-18,2025-07,"[""Shadow Gengis""]","[""Shadow Gengis""]",False,True,False,False,success,game,299,299,0,USD,True,2.99,2.99,2026-09-12T16:24:35.964240+00:00,2025-07-18,2025-07-18,False,,20250911,2025-07,proportional_stratified_random_sample
273,3802110,Reminiscence,2025-07-18,2025-07,"[""Ambling Alpaca Studio""]","[""Ambling Alpaca Studio""]",False,True,True,True,success,game,199,199,0,USD,True,1.99,1.99,2026-09-12T16:41:58.633735+00:00,2025-07-18,2025-07-18,False,,20250911,2025-07,proportional_stratified_random_sample
274,3820900,The End of the Sun: Prologue,2025-07-18,2025-07,"[""The End of the Sun Forge""]","[""The End of the Sun Forge""]",True,True,False,False,success,game,,,,,False,,,2026-09-12T16:51:44.701731+00:00,2025-07-18,2025-07-18,False,,20250911,2025-07,proportional_stratified_random_sample
275,3825790,Boundless,2025-07-18,2025-07,"[""DMS. Long""]","[""Beijing Film Academy""]",True,True,False,False,success,game,,,,,False,,,2026-09-12T16:54:41.962089+00:00,2025-07-18,2025-07-18,False,,20250911,2025-07,proportional_stratified_random_sample
276,3832000,Secret Cats - Ice Cream Day,2025-07-18,2025-07,"[""Hidden Cats""]","[""Hidden Cats""]",False,True,False,False,success,game,99,99,0,USD,True,0.99,0.99,2026-09-12T16:58:06.202553+00:00,2025-07-18,2025-07-18,False,,20250911,2025-07,proportional_stratified_random_sample
277,3843730,Infinite Canyon,2025-07-18,2025-07,"[""Goro Entertainment""]","[""Goro Entertainment""]",False,True,False,False,success,game,199,199,0,USD,True,1.99,1.99,2026-09-12T17:10:20.890310+00:00,2025-07-18,2025-07-18,False,,20250911,2025-07,proportional_stratified_random_sample
278,3465850,ManHunter,2025-07-19,2025-07,"[""OscarsHypr""]","[""OscarsHypr""]",False,True,False,False,success,game,19999,19999,0,USD,True,199.99,199.99,2026-09-12T15:17:48.212393+00:00,2025-07-19,2025-07-19,False,,20250911,2025-07,proportional_stratified_random_sample
279,3633840,浊令,2025-07-19,2025-07,"[""虚拟烤箱整活组""]","[""虚拟烤箱整活组""]",True,True,False,False,success,game,,,,,False,,,2026-09-12T15:50:25.778015+00:00,2025-07-19,2025-07-19,False,,20250911,2025-07,proportional_stratified_random_sample
280,3729250,Lowlander II: Lowerlander,2025-07-19,2025-07,"[""Flat Black Films""]","[""Flat Black Films""]",False,True,False,False,success,game,599,599,0,USD,True,5.99,5.99,2026-09-12T16:19:13.161934+00:00,2025-07-19,2025-07-19,False,,20250911,2025-07,proportional_stratified_random_sample
281,3752990,Rebound Rush,2025-07-19,2025-07,"[""Flip Studios""]","[""Flip Studios""]",True,True,False,False,success,game,,,,,False,,,2026-09-12T16:25:35.113538+00:00,2025-07-19,2025-07-19,False,,20250911,2025-07,proportional_stratified_random_sample
282,3790770,Panzer Kliker,2025-07-19,2025-07,"[""Perun's Forge""]","[""Perun's Forge""]",True,True,False,False,success,game,,,,,False,,,2026-09-12T16:37:32.085479+00:00,2025-07-19,2025-07-19,False,,20250911,2025-07,proportional_stratified_random_sample
283,3793730,Beat Vortex,2025-07-19,2025-07,"[""Glory Through Gaming""]","[""Glory Through Gaming""]",False,True,False,False,success,game,399,399,0,USD,True,3.99,3.99,2026-09-12T16:38:34.530841+00:00,2025-07-19,2025-07-19,False,,20250911,2025-07,proportional_stratified_random_sample
284,2549190,The Final Breath,2025-07-20,2025-07,"[""VirtualSpace""]","[""VirtualSpace""]",False,True,False,False,success,game,1499,1499,0,USD,True,14.99,14.99,2026-09-12T13:48:13.517580+00:00,2025-07-20,2025-07-20,False,,20250911,2025-07,proportional_stratified_random_sample
285,2905160,Risky Rocket,2025-07-20,2025-07,"[""Cyyc Games""]","[""Cyyc Games""]",False,True,False,False,success,game,399,399,0,USD,True,3.99,3.99,2026-09-12T14:07:34.807185+00:00,2025-07-20,2025-07-20,False,,20250911,2025-07,proportional_stratified_random_sample
286,3232760,Cappi: Starbound Saga,2025-07-20,2025-07,"[""Snowski""]","[""Snowski""]",False,True,False,False,success,game,999,999,0,USD,True,9.99,9.99,2026-09-12T14:39:29.424972+00:00,2025-07-20,2025-07-20,False,,20250911,2025-07,proportional_stratified_random_sample
287,3425460,Console Shop Simulator,2025-07-20,2025-07,"[""Lance Games""]","[""Lance Games""]",False,True,False,False,success,game,1599,1599,0,USD,True,15.99,15.99,2026-09-12T15:10:33.393448+00:00,2025-07-20,2025-07-20,False,,20250911,2025-07,proportional_stratified_random_sample
288,3447910,Forged Into History: Speedway Odyssey,2025-07-20,2025-07,"[""ARRGAR Games""]","[""ARRGAR Games""]",False,True,False,False,success,game,599,599,0,USD,True,5.99,5.99,2026-09-12T15:15:02.558253+00:00,2025-07-20,2025-07-20,False,,20250911,2025-07,proportional_stratified_random_sample
289,3620750,Super Hard Game,2025-07-20,2025-07,"[""ChaosGames""]","[""ChaosGames""]",False,True,False,False,success,game,299,299,0,USD,True,2.99,2.99,2026-09-12T15:46:59.618009+00:00,2025-07-20,2025-07-20,False,,20250911,2025-07,proportional_stratified_random_sample
290,3630110,ElfMiner,2025-07-20,2025-07,"[""Jon Warner Studios""]","[""Jon Warner Studios""]",True,True,False,False,success,game,,,,,False,,,2026-09-12T15:49:32.372451+00:00,2025-07-20,2025-07-20,False,,20250911,2025-07,proportional_stratified_random_sample
291,3744900,Hollow Jump,2025-07-20,2025-07,"[""MoonJourney""]","[""MoonJourney""]",False,True,False,False,success,game,699,699,0,USD,True,6.99,6.99,2026-09-12T16:23:06.359089+00:00,2025-07-20,2025-07-20,False,,20250911,2025-07,proportional_stratified_random_sample
292,1805570,DEMONS,2025-07-21,2025-07,"[""Andrew Fender"",""Alastair Headden""]","[""Joe Fender""]",False,True,False,False,success,game,499,499,0,USD,True,4.99,4.99,2026-09-12T13:13:03.608695+00:00,2025-07-21,2025-07-21,False,,20250911,2025-07,proportional_stratified_random_sample
293,2632690,FoMO,2025-07-21,2025-07,"[""Quantic Monkey Studio""]","[""Quantic Monkey Studio""]",False,True,False,True,success,game,949,949,0,USD,True,9.49,9.49,2026-09-12T13:51:33.190479+00:00,2025-07-21,2025-07-21,False,,20250911,2025-07,proportional_stratified_random_sample
294,2808530,KILLBEAT,2025-07-21,2025-07,"[""Kalma Games""]","[""Kalma Games""]",False,True,False,True,success,game,999,999,0,USD,True,9.99,9.99,2026-09-12T14:00:37.841315+00:00,2025-07-21,2025-07-21,False,,20250911,2025-07,proportional_stratified_random_sample
295,3076240,True Nightmare - Roadside Сafe,2025-07-21,2025-07,"[""Frost Fox Studios""]","[""Frost Fox Studios""]",False,True,False,False,success,game,799,799,0,USD,True,7.99,7.99,2026-09-12T14:22:42.140907+00:00,2025-07-21,2025-07-21,False,,20250911,2025-07,proportional_stratified_random_sample
296,3447300,Cardrunners,2025-07-21,2025-07,"[""Lobster Games""]","[""Sky Games""]",False,True,False,False,success,game,299,299,0,USD,True,2.99,2.99,2026-09-12T15:14:55.966143+00:00,2025-07-21,2025-07-21,False,,20250911,2025-07,proportional_stratified_random_sample
297,3488580,CrafTAE,2025-07-21,2025-07,"[""mappe""]","[""mappe""]",False,True,True,True,success,game,799,799,0,USD,True,7.99,7.99,2026-09-12T15:21:36.194293+00:00,2025-07-21,2025-07-21,False,,20250911,2025-07,proportional_stratified_random_sample
298,3612480,3D Escape Room: Mystic Manor,2025-07-21,2025-07,"[""Shenzhen Zhonglian Interactive Technology Co.,Ltd""]","[""Shenzhen Zhonglian Interactive Technology Co.,Ltd""]",False,True,False,False,success,game,999,999,0,USD,True,9.99,9.99,2026-09-12T15:44:55.714147+00:00,2025-07-21,2025-07-21,False,,20250911,2025-07,proportional_stratified_random_sample
299,3624580,The Adventures of Candle Boy,2025-07-21,2025-07,"[""Bug Pop Studios""]","[""Bug Pop Studios""]",True,True,False,False,success,game,,,,,False,,,2026-09-12T15:48:11.726680+00:00,2025-07-21,2025-07-21,False,,20250911,2025-07,proportional_stratified_random_sample
300,3654800,Changelog,2025-07-21,2025-07,"[""Aman Kapoor"",""Alonso Canales"",""Andie Zhou"",""Isaac Taylor"",""Michael Kiang""]","[""Mandala""]",True,True,False,False,success,game,,,,,False,,,2026-09-12T15:56:11.541983+00:00,2025-07-21,2025-07-21,False,,20250911,2025-07,proportional_stratified_random_sample
301,3679380,Keyboard Simulator,2025-07-21,2025-07,"[""Arbothonas""]","[""Arbothonas""]",False,True,False,False,success,game,399,399,0,USD,True,3.99,3.99,2026-09-12T16:02:00.657529+00:00,2025-07-21,2025-07-21,False,,20250911,2025-07,proportional_stratified_random_sample
302,3721250,Vasilisa the Beautiful,2025-07-21,2025-07,"[""Cheet_Ah""]","[""Cheet_Ah""]",False,True,False,False,success,game,499,499,0,USD,True,4.99,4.99,2026-09-12T16:17:02.149186+00:00,2025-07-21,2025-07-21,False,,20250911,2025-07,proportional_stratified_random_sample
303,3722760,DOLL INC,2025-07-21,2025-07,"[""David Gallardo""]","[""HeadArrow""]",False,True,False,False,success,game,699,349,50,USD,True,6.99,3.49,2026-09-12T16:17:38.275312+00:00,2025-07-21,2025-07-21,False,,20250911,2025-07,proportional_stratified_random_sample
304,3776910,DDD - Drone Drop Dash,2025-07-21,2025-07,"[""Yosul Studio""]","[""Yosul Studio""]",True,True,True,False,success,game,,,,,False,,,2026-09-12T16:32:50.180012+00:00,2025-07-21,2025-07-21,False,,20250911,2025-07,proportional_stratified_random_sample
305,3816700,Logic Bombs,2025-07-21,2025-07,"[""Matthewmatosis""]","[""Matthewmatosis""]",False,True,False,False,success,game,499,499,0,USD,True,4.99,4.99,2026-09-12T16:49:46.472223+00:00,2025-07-21,2025-07-21,False,,20250911,2025-07,proportional_stratified_random_sample
306,3823680,Maze,2025-07-21,2025-07,"[""François Mauxion""]","[""François Mauxion""]",True,True,False,False,success,game,,,,,False,,,2026-09-12T16:53:43.742493+00:00,2025-07-21,2025-07-21,False,,20250911,2025-07,proportional_stratified_random_sample
307,3839590,逃离狮门外语学校 / Escape the School,2025-07-21,2025-07,"[""GeeYoung""]","[""GeeYoung""]",False,True,False,False,success,game,199,199,0,USD,True,1.99,1.99,2026-09-12T17:07:47.638150+00:00,2025-07-21,2025-07-21,False,,20250911,2025-07,proportional_stratified_random_sample
308,3857770,Backmooms,2025-07-21,2025-07,"[""LuuuLuuuL""]","[""LuuuLuuuL""]",False,True,False,False,success,game,199,199,0,USD,True,1.99,1.99,2026-09-12T17:17:35.107435+00:00,2025-07-21,2025-07-21,False,,20250911,2025-07,proportional_stratified_random_sample
309,3858370,Figure Shop Simulator: Prologue,2025-07-21,2025-07,"[""Gnome Games""]","[""Gnome Games""]",True,True,False,False,success,game,,,,,False,,,2026-09-12T17:24:58.059549+00:00,2025-07-21,2025-07-21,False,,20250911,2025-07,proportional_stratified_random_sample
310,3860080,МЕМАСИКИ 2 Олдскулы свело,2025-07-21,2025-07,"[""STuNT""]","[""STuNT""]",False,True,False,False,success,game,99,99,0,USD,True,0.99,0.99,2026-09-12T17:32:21.921286+00:00,2025-07-21,2025-07-21,False,,20250911,2025-07,proportional_stratified_random_sample
311,427410,Abiotic Factor,2025-07-22,2025-07,"[""Deep Field Games""]","[""Playstack""]",False,True,False,False,success,game,3499,3499,0,USD,True,34.99,34.99,2026-09-12T12:51:36.430126+00:00,2025-07-22,2025-07-22,False,,20250911,2025-07,proportional_stratified_random_sample
312,1057580,Shopkeeper: My First Supermarket,2025-07-22,2025-07,"[""Supa Games""]","[""Games Incubator"",""PlayWay S.A.""]",False,True,False,False,success,game,999,999,0,USD,True,9.99,9.99,2026-09-12T12:53:57.246886+00:00,2025-07-22,2025-07-22,False,,20250911,2025-07,proportional_stratified_random_sample
313,1869780,UnderMine 2,2025-07-22,2025-07,"[""Thorium""]","[""Thorium""]",False,True,False,False,success,game,1999,1999,0,USD,True,19.99,19.99,2026-09-12T13:14:47.741164+00:00,2025-07-22,2025-07-22,False,,20250911,2025-07,proportional_stratified_random_sample
314,2185030,Dealer's Life Legend,2025-07-22,2025-07,"[""Abyte Entertainment""]","[""Abyte Entertainment""]",False,True,False,False,success,game,1499,1049,30,USD,True,14.99,10.49,2026-09-12T13:32:39.908885+00:00,2025-07-22,2025-07-22,False,,20250911,2025-07,proportional_stratified_random_sample
315,2659530,Stop The Slimes,2025-07-22,2025-07,"[""SuperPupStudio""]","[""SuperPupStudio""]",False,True,False,True,success,game,999,999,0,USD,True,9.99,9.99,2026-09-12T13:53:07.422839+00:00,2025-07-22,2025-07-22,False,,20250911,2025-07,proportional_stratified_random_sample
316,2902440,Steve's Warehouse: Physics. Roguelike. Chaos.,2025-07-22,2025-07,"[""Definitely Named Steve""]","[""Abiding Bridge"",""Definitely Named Steve""]",False,True,False,False,success,game,799,799,0,USD,True,7.99,7.99,2026-09-12T14:07:13.803499+00:00,2025-07-22,2025-07-22,False,,20250911,2025-07,proportional_stratified_random_sample
317,2967630,The Biggleboss Incident,2025-07-22,2025-07,"[""BUNKWORKS""]","[""BUNKWORKS""]",False,True,True,False,success,game,799,799,0,USD,True,7.99,7.99,2026-09-12T14:12:35.518191+00:00,2025-07-22,2025-07-22,False,,20250911,2025-07,proportional_stratified_random_sample
318,3042280,Drop It! Jelly Man,2025-07-22,2025-07,"[""JES__STUDIO""]","[""JES__STUDIO""]",False,True,False,False,success,game,399,399,0,USD,True,3.99,3.99,2026-09-12T14:19:28.622835+00:00,2025-07-22,2025-07-22,False,,20250911,2025-07,proportional_stratified_random_sample
319,3154910,SERK: Chaos City Delivery ,2025-07-22,2025-07,"[""GOBLAGAMES""]","[""GOBLAGAMES""]",False,True,False,False,success,game,399,399,0,USD,True,3.99,3.99,2026-09-12T14:30:43.778835+00:00,2025-07-22,2025-07-22,False,,20250911,2025-07,proportional_stratified_random_sample
320,3267940,IAI,2025-07-22,2025-07,"[""Sola""]","[""Sola""]",False,True,False,False,success,game,1499,1499,0,USD,True,14.99,14.99,2026-09-12T14:42:39.949344+00:00,2025-07-22,2025-07-22,False,,20250911,2025-07,proportional_stratified_random_sample
321,3642750,Entropia Universe,2025-07-22,2025-07,"[""MindArk""]","[""MindArk""]",True,True,False,False,success,game,,,,,False,,,2026-09-12T15:52:47.260661+00:00,2025-07-22,2025-07-22,False,,20250911,2025-07,proportional_stratified_random_sample
322,3777690,Hop Drop,2025-07-22,2025-07,"[""Goon Squad""]","[""Goon Squad""]",False,True,False,False,success,game,599,599,0,USD,True,5.99,5.99,2026-09-12T16:33:09.517739+00:00,2025-07-22,2025-07-22,False,,20250911,2025-07,proportional_stratified_random_sample
323,3781840,Bartholomew.exe,2025-07-22,2025-07,"[""BrickLayer Studios""]","[""BrickLayer Studios""]",True,True,False,False,success,game,,,,,False,,,2026-09-12T16:34:08.427976+00:00,2025-07-22,2025-07-22,False,,20250911,2025-07,proportional_stratified_random_sample
324,3784110,Ghost Hunters,2025-07-22,2025-07,"[""8floor ltd""]","[""8floor ltd""]",False,True,False,False,success,game,1499,1499,0,USD,True,14.99,14.99,2026-09-12T16:35:09.717303+00:00,2025-07-22,2025-07-22,False,,20250911,2025-07,proportional_stratified_random_sample
325,3791610,Lloyd the Monkey: Remastered,2025-07-22,2025-07,"[""Meyer Games""]","[""Meyer Games""]",True,True,False,False,success,game,,,,,False,,,2026-09-12T16:37:53.787141+00:00,2025-07-22,2025-07-22,False,,20250911,2025-07,proportional_stratified_random_sample
326,3795950,Purrates,2025-07-22,2025-07,"[""Team Jeans""]","[""Team Jeans""]",True,True,False,False,success,game,,,,,False,,,2026-09-12T16:39:45.129515+00:00,2025-07-22,2025-07-22,False,,20250911,2025-07,proportional_stratified_random_sample
327,3798300,Wettop,2025-07-22,2025-07,"[""SIMPLE THINK GAMES""]","[""SIMPLE THINK GAMES""]",False,True,False,False,success,game,99,99,0,USD,True,0.99,0.99,2026-09-12T16:40:31.486768+00:00,2025-07-22,2025-07-22,False,,20250911,2025-07,proportional_stratified_random_sample
328,3848270,Yacht Dice Family,2025-07-22,2025-07,"[""Happy Figs""]","[""Happy Figs""]",False,True,False,False,success,game,199,199,0,USD,True,1.99,1.99,2026-09-12T17:12:33.283231+00:00,2025-07-22,2025-07-22,False,,20250911,2025-07,proportional_stratified_random_sample
329,3848580,Game Shop Simulator,2025-07-22,2025-07,"[""SP GAMES""]","[""SP GAMES""]",False,True,False,False,success,game,499,499,0,USD,True,4.99,4.99,2026-09-12T17:12:48.127956+00:00,2025-07-22,2025-07-22,False,,20250911,2025-07,proportional_stratified_random_sample
330,3851370,Home for Friends: Beloved Pets Collector's Edition,2025-07-22,2025-07,"[""Do Games Limited""]","[""Do Games Limited""]",False,True,False,False,success,game,899,899,0,USD,True,8.99,8.99,2026-09-12T17:13:59.669657+00:00,2025-07-22,2025-07-22,False,,20250911,2025-07,proportional_stratified_random_sample
331,3853500,DarkShine,2025-07-22,2025-07,"[""DScorp""]","[""DScorp""]",False,True,False,True,success,game,300,150,50,USD,True,3.0,1.5,2026-09-12T17:15:12.307850+00:00,2025-07-22,2025-07-22,False,,20250911,2025-07,proportional_stratified_random_sample
332,3857170,Space Depot,2025-07-22,2025-07,"[""Zenventorymgmt""]","[""Zenventorymgmt""]",False,True,False,False,success,game,199,199,0,USD,True,1.99,1.99,2026-09-12T17:17:15.685566+00:00,2025-07-22,2025-07-22,False,,20250911,2025-07,proportional_stratified_random_sample
333,3859720,Drow Space Shooter,2025-07-22,2025-07,"[""Xgarius Games""]","[""Xgarius Games""]",False,True,False,True,success,game,999,999,0,USD,True,9.99,9.99,2026-09-12T17:31:58.227047+00:00,2025-07-22,2025-07-22,False,,20250911,2025-07,proportional_stratified_random_sample
334,2094910,Pile Up!,2025-07-23,2025-07,"[""Remoob""]","[""Catoptric Games"",""IndieArk""]",False,True,False,False,success,game,999,999,0,USD,True,9.99,9.99,2026-09-12T13:29:30.867943+00:00,2025-07-23,2025-07-23,False,,20250911,2025-07,proportional_stratified_random_sample
335,2863790,FolkOrigin,2025-07-23,2025-07,"[""LukaszD""]","[""LukaszD""]",False,True,False,False,success,game,799,799,0,USD,True,7.99,7.99,2026-09-12T14:04:40.078887+00:00,2025-07-23,2025-07-23,False,,20250911,2025-07,proportional_stratified_random_sample
336,2897520,Furball Blitz!,2025-07-23,2025-07,"[""BlueTale""]","[""BlueTale""]",False,True,False,False,success,game,999,999,0,USD,True,9.99,9.99,2026-09-12T14:06:58.667634+00:00,2025-07-23,2025-07-23,False,,20250911,2025-07,proportional_stratified_random_sample
337,3130800,Find My Frogs,2025-07-23,2025-07,"[""My Eye Studio""]","[""My Eye Studio""]",False,True,False,False,success,game,399,399,0,USD,True,3.99,3.99,2026-09-12T14:28:29.800997+00:00,2025-07-23,2025-07-23,False,,20250911,2025-07,proportional_stratified_random_sample
338,3151420,Mystic Explorer,2025-07-23,2025-07,"[""Zack""]","[""Captcha Games""]",False,True,False,False,success,game,499,199,60,USD,True,4.99,1.99,2026-09-12T14:30:33.363237+00:00,2025-07-23,2025-07-23,False,,20250911,2025-07,proportional_stratified_random_sample
339,3239220,Bubbles in the Air,2025-07-23,2025-07,"[""Elder Bear""]","[""Elder Bear""]",False,True,True,False,success,game,599,599,0,USD,True,5.99,5.99,2026-09-12T14:40:16.122956+00:00,2025-07-23,2025-07-23,False,,20250911,2025-07,proportional_stratified_random_sample
340,3308870,and Roger,2025-07-23,2025-07,"[""TearyHand Studio""]","[""Kodansha""]",False,True,True,False,success,game,499,349,30,USD,True,4.99,3.49,2026-09-12T14:54:11.665458+00:00,2025-07-23,2025-07-23,False,,20250911,2025-07,proportional_stratified_random_sample
341,3356250,Low_Signal,2025-07-23,2025-07,"[""Jonathan Abat""]","[""Simple A Experiences""]",False,True,False,False,success,game,899,899,0,USD,True,8.99,8.99,2026-09-12T14:59:57.534553+00:00,2025-07-23,2025-07-23,False,,20250911,2025-07,proportional_stratified_random_sample
342,3437170,壶中日月 Timeless Teapot,2025-07-23,2025-07,"[""壶天云镜""]","[""壶天云镜""]",False,True,False,False,success,game,499,374,25,USD,True,4.99,3.74,2026-09-12T15:12:52.112884+00:00,2025-07-23,2025-07-23,False,,20250911,2025-07,proportional_stratified_random_sample
343,3461090,"Run, Veggies!",2025-07-23,2025-07,"[""JimDublace Studios""]","[""JimDublace Studios""]",True,True,False,False,success,game,,,,,False,,,2026-09-12T15:16:58.406356+00:00,2025-07-23,2025-07-23,False,,20250911,2025-07,proportional_stratified_random_sample
344,3511130,hololive GoroGoro Mountain,2025-07-23,2025-07,"[""BeXide Inc.""]","[""holo Indie""]",False,True,True,False,success,game,1299,1299,0,USD,True,12.99,12.99,2026-09-12T15:25:14.907397+00:00,2025-07-23,2025-07-23,False,,20250911,2025-07,proportional_stratified_random_sample
345,3594000,性感史莱姆派对（Slime Sexy Party）,2025-07-23,2025-07,"[""HZ studio""]","[""HZ studio""]",False,True,False,False,success,game,199,199,0,USD,True,1.99,1.99,2026-09-12T15:41:12.692707+00:00,2025-07-23,2025-07-23,False,,20250911,2025-07,proportional_stratified_random_sample
346,3607380,A Bottled Up Island,2025-07-23,2025-07,"[""Pinwheel Games""]","[""Michael Grieshofer""]",False,True,False,True,success,game,699,699,0,USD,True,6.99,6.99,2026-09-12T15:44:00.540028+00:00,2025-07-23,2025-07-23,False,,20250911,2025-07,proportional_stratified_random_sample
347,3636390,AQK,2025-07-23,2025-07,"[""Asroni Inc""]","[""Asroni Inc"",""Friendslight""]",False,True,False,False,success,game,499,499,0,USD,True,4.99,4.99,2026-09-12T15:51:07.443885+00:00,2025-07-23,2025-07-23,False,,20250911,2025-07,proportional_stratified_random_sample
348,3725090,INSERT GAME HERE,2025-07-23,2025-07,"[""Ayush Vaibhav Goyal""]","[""Game Manager #2694""]",True,True,True,True,success,game,,,,,False,,,2026-09-12T16:18:12.162594+00:00,2025-07-23,2025-07-23,False,,20250911,2025-07,proportional_stratified_random_sample
349,3742040,The Rainbox,2025-07-23,2025-07,"[""Nikon Sublett""]","[""Nikon Sublett""]",False,True,False,True,success,game,499,499,0,USD,True,4.99,4.99,2026-09-12T16:22:25.548044+00:00,2025-07-23,2025-07-23,False,,20250911,2025-07,proportional_stratified_random_sample
350,3744300,SkateRPG,2025-07-23,2025-07,"[""Daniel Dante""]","[""Daniel Dante""]",False,True,False,False,success,game,200,200,0,USD,True,2.0,2.0,2026-09-12T16:22:57.795675+00:00,2025-07-23,2025-07-23,False,,20250911,2025-07,proportional_stratified_random_sample
351,3789090,God Fishing,2025-07-23,2025-07,"[""mrlepel""]","[""mrlepel""]",True,True,False,False,success,game,,,,,False,,,2026-09-12T16:36:49.735944+00:00,2025-07-23,2025-07-23,False,,20250911,2025-07,proportional_stratified_random_sample
352,3813350,Azure Striker Gunvolt Trilogy Enhanced,2025-07-23,2025-07,"[""INTI CREATES CO., LTD.""]","[""INTI CREATES CO., LTD.""]",False,True,False,False,success,game,3999,2799,30,USD,True,39.99,27.99,2026-09-12T16:47:51.098809+00:00,2025-07-23,2025-07-23,False,,20250911,2025-07,proportional_stratified_random_sample
353,3854340,The Abyssal Descent,2025-07-23,2025-07,"[""Nocturna VideoGame Studio""]","[""Nocturna VideoGame Studio""]",False,True,False,False,success,game,99,99,0,USD,True,0.99,0.99,2026-09-12T17:15:48.258081+00:00,2025-07-23,2025-07-23,False,,20250911,2025-07,proportional_stratified_random_sample
354,3861060,Scooter Slayer,2025-07-23,2025-07,"[""Kulix Games""]","[""Kulix Games""]",False,True,False,False,success,game,299,299,0,USD,True,2.99,2.99,2026-09-12T17:33:00.642951+00:00,2025-07-23,2025-07-23,False,,20250911,2025-07,proportional_stratified_random_sample
355,3866320,What Happened Here?,2025-07-23,2025-07,"[""Muna Games Studio""]","[""Muna Games Studio""]",True,True,True,False,success,game,,,,,False,,,2026-09-12T17:36:13.615292+00:00,2025-07-23,2025-07-23,False,,20250911,2025-07,proportional_stratified_random_sample
356,1408090,The Office Type,2025-07-24,2025-07,"[""Heavy Thought Studios""]","[""Heavy Thought Studios""]",False,True,True,False,success,game,1999,1999,0,USD,True,19.99,19.99,2026-09-12T13:05:33.179262+00:00,2025-07-24,2025-07-24,False,,20250911,2025-07,proportional_stratified_random_sample
357,2183670,Hotel Galactic,2025-07-24,2025-07,"[""EndGameLoop Games""]","[""EndGameLoop Games""]",False,True,False,False,success,game,3499,3499,0,USD,True,34.99,34.99,2026-09-12T13:32:37.736569+00:00,2025-07-24,2025-07-24,False,,20250911,2025-07,proportional_stratified_random_sample
358,2529050,A Doctor's Term,2025-07-24,2025-07,"[""Council of Pure Sanity""]","[""Council of Pure Sanity""]",False,True,False,True,success,game,199,199,0,USD,True,1.99,1.99,2026-09-12T13:47:30.739180+00:00,2025-07-24,2025-07-24,False,,20250911,2025-07,proportional_stratified_random_sample
359,2715940,Marble Champions,2025-07-24,2025-07,"[""Luc Versleijen"",""Neonchimp Games""]","[""Luc Versleijen""]",False,True,True,False,success,game,1499,1499,0,USD,True,14.99,14.99,2026-09-12T13:55:42.786704+00:00,2025-07-24,2025-07-24,False,,20250911,2025-07,proportional_stratified_random_sample
360,2764590,Monster: Titan's Playground,2025-07-24,2025-07,"[""Stellar Knights""]","[""Stellar Knights""]",False,True,False,False,success,game,2999,2999,0,USD,True,29.99,29.99,2026-09-12T13:58:32.415325+00:00,2025-07-24,2025-07-24,False,,20250911,2025-07,proportional_stratified_random_sample
361,2899300,UKNON Jones & Guynelk 2,2025-07-24,2025-07,"[""Guynelk ROSAMONT""]","[""Guynelk ROSAMONT""]",False,True,False,True,success,game,700,490,30,USD,True,7.0,4.9,2026-09-12T14:07:07.115610+00:00,2025-07-24,2025-07-24,False,,20250911,2025-07,proportional_stratified_random_sample
362,2908830,Toni Island Adventure,2025-07-24,2025-07,"[""Frolic Studio""]","[""Frolic Studio""]",False,True,False,True,success,game,999,999,0,USD,True,9.99,9.99,2026-09-12T14:08:04.097649+00:00,2025-07-24,2025-07-24,False,,20250911,2025-07,proportional_stratified_random_sample
363,3062040,Hot Rod Mayhem,2025-07-24,2025-07,"[""Casual Brothers Ltd.""]","[""Casual Brothers Ltd.""]",False,True,False,False,success,game,1999,1999,0,USD,True,19.99,19.99,2026-09-12T14:21:12.758363+00:00,2025-07-24,2025-07-24,False,,20250911,2025-07,proportional_stratified_random_sample
364,3208730,Akizora Memories - Horizon of Fate -,2025-07-24,2025-07,"[""GALEX SOFT""]","[""Tensei Games""]",False,True,False,False,success,game,1299,1299,0,USD,True,12.99,12.99,2026-09-12T14:36:39.621626+00:00,2025-07-24,2025-07-24,False,,20250911,2025-07,proportional_stratified_random_sample
365,3400380,Look Mum No Computer,2025-07-24,2025-07,"[""The Bitfather""]","[""Headup""]",False,True,True,True,success,game,1499,749,50,USD,True,14.99,7.49,2026-09-12T15:06:48.516059+00:00,2025-07-24,2025-07-24,False,,20250911,2025-07,proportional_stratified_random_sample
366,3436870,Broken Pact,2025-07-24,2025-07,"[""Samuka Gomes""]","[""Samuka Gomes""]",False,True,False,False,success,game,399,399,0,USD,True,3.99,3.99,2026-09-12T15:12:45.908826+00:00,2025-07-24,2025-07-24,False,,20250911,2025-07,proportional_stratified_random_sample
367,3485910,The Squirrel & Sea,2025-07-24,2025-07,"[""mite_j""]","[""mite_j""]",False,True,False,False,success,game,799,799,0,USD,True,7.99,7.99,2026-09-12T15:21:21.159249+00:00,2025-07-24,2025-07-24,False,,20250911,2025-07,proportional_stratified_random_sample
368,3495050,100 Zombie Cats,2025-07-24,2025-07,"[""100 Cozy Games"",""Cats""]","[""100 Cozy Games"",""Cats""]",False,True,False,False,success,game,199,199,0,USD,True,1.99,1.99,2026-09-12T15:22:36.795403+00:00,2025-07-24,2025-07-24,False,,20250911,2025-07,proportional_stratified_random_sample
369,3504870,Match-3 Juice Bar,2025-07-24,2025-07,"[""Game98""]","[""Game98""]",False,True,False,False,success,game,199,199,0,USD,True,1.99,1.99,2026-09-12T15:24:12.368129+00:00,2025-07-24,2025-07-24,False,,20250911,2025-07,proportional_stratified_random_sample
370,3682080,Gambler’s Loop,2025-07-24,2025-07,"[""123隐士321""]","[""123隐士321""]",False,True,False,False,success,game,199,199,0,USD,True,1.99,1.99,2026-09-12T16:02:48.147871+00:00,2025-07-24,2025-07-24,False,,20250911,2025-07,proportional_stratified_random_sample
371,3807670,Incident X,2025-07-24,2025-07,"[""Hammerbuck Games""]","[""Hammerbuck Games""]",False,True,False,False,success,game,1999,1999,0,USD,True,19.99,19.99,2026-09-12T16:44:18.695772+00:00,2025-07-24,2025-07-24,False,,20250911,2025-07,proportional_stratified_random_sample
372,3860020,Wise in the Heights,2025-07-24,2025-07,"[""Noel Román""]","[""Noel Román""]",False,True,False,False,success,game,99,99,0,USD,True,0.99,0.99,2026-09-12T17:32:15.486489+00:00,2025-07-24,2025-07-24,False,,20250911,2025-07,proportional_stratified_random_sample
373,1194040,東１局５３本場,2025-07-25,2025-07,"[""Mindware""]","[""Mindware""]",False,True,False,False,success,game,699,699,0,USD,True,6.99,6.99,2026-09-12T13:03:01.686470+00:00,2025-07-25,2025-07-25,False,,20250911,2025-07,proportional_stratified_random_sample
374,1860290,Moondrills,2025-07-25,2025-07,"[""QnQ Games""]","[""QnQ Games""]",False,True,False,False,success,game,499,499,0,USD,True,4.99,4.99,2026-09-12T13:14:15.636577+00:00,2025-07-25,2025-07-25,False,,20250911,2025-07,proportional_stratified_random_sample
375,2135960,Rhythm Storm,2025-07-25,2025-07,"[""Radiangames""]","[""Radiangames""]",False,True,False,False,success,game,999,999,0,USD,True,9.99,9.99,2026-09-12T13:30:58.666043+00:00,2025-07-25,2025-07-25,False,,20250911,2025-07,proportional_stratified_random_sample
376,2217720,Oxide Room 208,2025-07-25,2025-07,"[""WildSphere""]","[""WildSphere""]",False,True,False,False,success,game,2999,2999,0,USD,True,29.99,29.99,2026-09-12T13:33:50.699573+00:00,2025-07-25,2025-07-25,False,,20250911,2025-07,proportional_stratified_random_sample
377,2726960,搜查一刻,2025-07-25,2025-07,"[""Yai""]","[""Yai""]",False,True,False,False,success,game,999,999,0,USD,True,9.99,9.99,2026-09-12T13:56:30.903777+00:00,2025-07-25,2025-07-25,False,,20250911,2025-07,proportional_stratified_random_sample
378,2797650,Pip My Dice,2025-07-25,2025-07,"[""Diving Swan Games""]","[""Diving Swan Games""]",False,True,False,True,success,game,1099,769,30,USD,True,10.99,7.69,2026-09-12T14:00:11.877879+00:00,2025-07-25,2025-07-25,False,,20250911,2025-07,proportional_stratified_random_sample
379,3019770,Hedgehog and Cat: Explore the World Action,2025-07-25,2025-07,"[""Mecha Power""]","[""Mecha Power""]",False,True,False,False,success,game,1199,1199,0,USD,True,11.99,11.99,2026-09-12T14:16:39.831819+00:00,2025-07-25,2025-07-25,False,,20250911,2025-07,proportional_stratified_random_sample
380,3136490,Echoes of the Architects,2025-07-25,2025-07,"[""GFX47""]","[""GFX47""]",False,True,False,False,success,game,999,999,0,USD,True,9.99,9.99,2026-09-12T14:29:05.515089+00:00,2025-07-25,2025-07-25,False,,20250911,2025-07,proportional_stratified_random_sample
381,3553190,Anime FPS: Guns vs Magic,2025-07-25,2025-07,"[""BEPLAYER""]","[""BEPLAYER Games""]",False,True,False,False,success,game,1299,1299,0,USD,True,12.99,12.99,2026-09-12T15:32:18.679642+00:00,2025-07-25,2025-07-25,False,,20250911,2025-07,proportional_stratified_random_sample
382,3648550,Your Magic Hook,2025-07-25,2025-07,"[""Pengyou Game Studio""]","[""Pengyou Game Studio""]",False,True,False,False,success,game,199,199,0,USD,True,1.99,1.99,2026-09-12T15:54:30.464503+00:00,2025-07-25,2025-07-25,False,,20250911,2025-07,proportional_stratified_random_sample
383,3654810,CLOWNCORE,2025-07-25,2025-07,"[""GamesFromTheOtherSide""]","[""GamesFromTheOtherSide""]",False,True,False,False,success,game,699,349,50,USD,True,6.99,3.49,2026-09-12T15:56:13.765240+00:00,2025-07-25,2025-07-25,False,,20250911,2025-07,proportional_stratified_random_sample
384,3675150,Donut Riders,2025-07-25,2025-07,"[""OUTRISE studios""]","[""OUTRISE studios""]",False,True,False,False,success,game,499,499,0,USD,True,4.99,4.99,2026-09-12T16:01:00.970496+00:00,2025-07-25,2025-07-25,False,,20250911,2025-07,proportional_stratified_random_sample
385,3694470,Coupling,2025-07-25,2025-07,"[""xyz""]","[""xyz""]",False,True,False,False,success,game,599,599,0,USD,True,5.99,5.99,2026-09-12T16:08:02.167607+00:00,2025-07-25,2025-07-25,False,,20250911,2025-07,proportional_stratified_random_sample
386,3765890,勇氣Online,2025-07-25,2025-07,"[""TianYu2.com""]","[""TianYu2.com""]",True,True,False,False,success,game,,,,,False,,,2026-09-12T16:29:43.810859+00:00,2025-07-25,2025-07-25,False,,20250911,2025-07,proportional_stratified_random_sample
387,3778380,Ward 777 - الجناح 777,2025-07-25,2025-07,"[""jojo.dev""]","[""Vision Studio""]",False,True,False,False,success,game,499,499,0,USD,True,4.99,4.99,2026-09-12T16:33:22.269169+00:00,2025-07-25,2025-07-25,False,,20250911,2025-07,proportional_stratified_random_sample
388,3784100,Elven Rivers 5: UnderSea,2025-07-25,2025-07,"[""8floor ltd ""]","[""8floor ltd ""]",False,True,False,False,success,game,1499,1499,0,USD,True,14.99,14.99,2026-09-12T16:35:07.583823+00:00,2025-07-25,2025-07-25,False,,20250911,2025-07,proportional_stratified_random_sample
389,3785720,Pact Between Us,2025-07-25,2025-07,"[""MYSTERY CROWN""]","[""MYSTERY CROWN""]",False,True,True,False,success,game,699,699,0,USD,True,6.99,6.99,2026-09-12T16:35:39.629177+00:00,2025-07-25,2025-07-25,False,,20250911,2025-07,proportional_stratified_random_sample
390,3790760,SCP: Yet Another Day,2025-07-25,2025-07,"[""Xenom""]","[""Xenom""]",True,True,False,True,success,game,,,,,False,,,2026-09-12T16:37:29.916948+00:00,2025-07-25,2025-07-25,False,,20250911,2025-07,proportional_stratified_random_sample
391,3805690,The Last Chance,2025-07-25,2025-07,"[""İnfinitek Bilişim"",""Gökhan Yılmaz""]","[""İnfinitek Bilişim""]",False,True,False,False,success,game,199,199,0,USD,True,1.99,1.99,2026-09-12T16:43:15.365399+00:00,2025-07-25,2025-07-25,False,,20250911,2025-07,proportional_stratified_random_sample
392,3818230,Maru Expedition: We can fly,2025-07-25,2025-07,"[""MoldGames""]","[""Jungle Game Lab""]",True,True,False,False,success,game,,,,,False,,,2026-09-12T16:50:43.338486+00:00,2025-07-25,2025-07-25,False,,20250911,2025-07,proportional_stratified_random_sample
393,3819120,Kind() Station,2025-07-25,2025-07,"[""Studio非""]","[""Studio非""]",False,True,False,False,success,game,699,699,0,USD,True,6.99,6.99,2026-09-12T16:51:01.886079+00:00,2025-07-25,2025-07-25,False,,20250911,2025-07,proportional_stratified_random_sample
394,3822840,Capitalist Misadventures,2025-07-25,2025-07,"[""Caramelo Studios""]","[""Caramelo Studios""]",False,True,False,False,success,game,799,799,0,USD,True,7.99,7.99,2026-09-12T16:53:03.334064+00:00,2025-07-25,2025-07-25,False,,20250911,2025-07,proportional_stratified_random_sample
395,3827830,The DeadLine,2025-07-25,2025-07,"[""ROTTEN APPLE"",""Jebi Studio""]","[""Jungle Game Lab""]",True,True,False,False,success,game,,,,,False,,,2026-09-12T16:55:37.562364+00:00,2025-07-25,2025-07-25,False,,20250911,2025-07,proportional_stratified_random_sample
396,3827840,Patch me if you can,2025-07-25,2025-07,"[""Ah Shot Chu""]","[""Jungle Game Lab""]",True,True,False,False,success,game,,,,,False,,,2026-09-12T16:55:39.629697+00:00,2025-07-25,2025-07-25,False,,20250911,2025-07,proportional_stratified_random_sample
397,3832740,Articrow,2025-07-25,2025-07,"[""Jackrabbit Starters""]","[""Jungle Game Lab""]",True,True,False,False,success,game,,,,,False,,,2026-09-12T16:58:37.787250+00:00,2025-07-25,2025-07-25,False,,20250911,2025-07,proportional_stratified_random_sample
398,3835960,Stay&Stack: Hotel Operation,2025-07-25,2025-07,"[""SofRockGames""]","[""SofRockGames""]",False,True,True,False,success,game,399,399,0,USD,True,3.99,3.99,2026-09-12T17:05:44.285345+00:00,2025-07-25,2025-07-25,False,,20250911,2025-07,proportional_stratified_random_sample
399,3847210,TANK 2025,2025-07-25,2025-07,"[""muhammed ismail gök""]","[""muhammed ismail gök""]",False,True,False,False,success,game,199,199,0,USD,True,1.99,1.99,2026-09-12T17:12:11.601469+00:00,2025-07-25,2025-07-25,False,,20250911,2025-07,proportional_stratified_random_sample
400,2931620,My Furry Protogen 3 🐾,2025-07-26,2025-07,"[""Dirty Fox Games""]","[""Dirty Fox Games""]",False,True,False,False,success,game,499,499,0,USD,True,4.99,4.99,2026-09-12T14:10:19.843540+00:00,2025-07-26,2025-07-26,False,,20250911,2025-07,proportional_stratified_random_sample
401,3575810,Pick Your Poison,2025-07-26,2025-07,"[""Scaredy Cat Studios""]","[""Scaredy Cat Studios""]",False,True,True,True,success,game,199,199,0,USD,True,1.99,1.99,2026-09-12T15:36:52.407557+00:00,2025-07-26,2025-07-26,False,,20250911,2025-07,proportional_stratified_random_sample
402,3785590,Delfini,2025-07-26,2025-07,"[""Yimeng & Yuwei""]","[""Shepherd Games""]",True,True,False,False,success,game,,,,,False,,,2026-09-12T16:35:35.364400+00:00,2025-07-26,2025-07-26,False,,20250911,2025-07,proportional_stratified_random_sample
403,3853960,Rolling Ball: HD Remaster,2025-07-26,2025-07,"[""SUNYU Games""]","[""SUNYU Games""]",False,True,True,False,success,game,5999,5999,0,USD,True,59.99,59.99,2026-09-12T17:15:27.276888+00:00,2025-07-26,2025-07-26,False,,20250911,2025-07,proportional_stratified_random_sample
404,3870210,Gray Goo,2025-07-26,2025-07,"[""Glitch Nomads""]","[""Glitch Nomads""]",False,True,False,False,success,game,199,199,0,USD,True,1.99,1.99,2026-09-12T17:38:15.938119+00:00,2025-07-26,2025-07-26,False,,20250911,2025-07,proportional_stratified_random_sample
405,3186120,NIDANA,2025-07-27,2025-07,"[""lvl374""]","[""PLAYISM""]",False,True,False,False,success,game,999,699,30,USD,True,9.99,6.99,2026-09-12T14:33:49.264507+00:00,2025-07-27,2025-07-27,False,,20250911,2025-07,proportional_stratified_random_sample
406,3447510,Village Tale,2025-07-27,2025-07,"[""Knight Owl Games""]","[""Knight Owl Games""]",False,True,False,False,success,game,599,599,0,USD,True,5.99,5.99,2026-09-12T15:14:57.972059+00:00,2025-07-27,2025-07-27,False,,20250911,2025-07,proportional_stratified_random_sample
407,3764230,JustRun,2025-07-27,2025-07,"[""ShenQing""]","[""ShenQing""]",True,True,False,False,success,game,,,,,False,,,2026-09-12T16:29:20.142109+00:00,2025-07-27,2025-07-27,False,,20250911,2025-07,proportional_stratified_random_sample
408,3817790,SnaiL TraiL,2025-07-27,2025-07,"[""Legendary DEVasters""]","[""Legendary DEVasters""]",False,True,False,False,success,game,499,499,0,USD,True,4.99,4.99,2026-09-12T16:50:26.780658+00:00,2025-07-27,2025-07-27,False,,20250911,2025-07,proportional_stratified_random_sample
409,3822910,Red Pearl Pirates,2025-07-27,2025-07,"[""Eoin Tolster""]","[""Eoin Tolster""]",False,True,False,True,success,game,399,399,0,USD,True,3.99,3.99,2026-09-12T16:53:07.550973+00:00,2025-07-27,2025-07-27,False,,20250911,2025-07,proportional_stratified_random_sample
410,3834930,Liar Zoo Game,2025-07-27,2025-07,"[""電脳遊戯最高会議""]","[""Fuji Television Network, Inc.""]",False,True,False,False,success,game,399,399,0,USD,True,3.99,3.99,2026-09-13T05:50:00.766700+00:00,2025-07-27,2025-07-27,False,,20250911,2025-07,proportional_stratified_random_sample
411,3834940,Tree Party!,2025-07-27,2025-07,"[""電脳遊戯最高会議""]","[""Fuji Television Network, Inc.""]",False,True,False,False,success,game,399,399,0,USD,True,3.99,3.99,2026-09-13T05:50:02.953910+00:00,2025-07-27,2025-07-27,False,,20250911,2025-07,proportional_stratified_random_sample
412,3851020,Where Is My Pocket?,2025-07-27,2025-07,"[""MoldyBits""]","[""MoldyBits""]",False,True,True,False,success,game,399,399,0,USD,True,3.99,3.99,2026-09-12T17:13:51.472217+00:00,2025-07-27,2025-07-27,False,,20250911,2025-07,proportional_stratified_random_sample
413,2292540,Cosmic Waves,2025-07-28,2025-07,"[""Squirrel Knight""]","[""Squirrel Knight""]",False,True,False,False,success,game,980,980,0,USD,True,9.8,9.8,2026-09-12T13:36:25.354997+00:00,2025-07-28,2025-07-28,False,,20250911,2025-07,proportional_stratified_random_sample
414,2350270,Primal Planet,2025-07-28,2025-07,"[""Seethingswarm""]","[""Pretty Soon""]",False,True,False,False,success,game,1999,1999,0,USD,True,19.99,19.99,2026-09-12T13:38:52.311675+00:00,2025-07-28,2025-07-28,False,,20250911,2025-07,proportional_stratified_random_sample
415,2604780,World of blind,2025-07-28,2025-07,"[""QIPAWORLD""]","[""QIPAWORLD""]",False,True,False,False,success,game,99,99,0,USD,True,0.99,0.99,2026-09-12T13:50:36.120117+00:00,2025-07-28,2025-07-28,False,,20250911,2025-07,proportional_stratified_random_sample
416,2979020,Clayers: Prologue,2025-07-28,2025-07,"[""Gin Jam Team""]","[""Gin Jam Team""]",False,True,False,False,success,game,299,299,0,USD,True,2.99,2.99,2026-09-12T14:13:13.975877+00:00,2025-07-28,2025-07-28,False,,20250911,2025-07,proportional_stratified_random_sample
417,3008950,Twisted Screens,2025-07-28,2025-07,"[""Bonboi"",""Moonist""]","[""Trinity Studios""]",False,True,False,False,success,game,499,499,0,USD,True,4.99,4.99,2026-09-12T14:15:53.310662+00:00,2025-07-28,2025-07-28,False,,20250911,2025-07,proportional_stratified_random_sample
418,3412620,"Her Love, Like Poison",2025-07-28,2025-07,"[""ebi-hime""]","[""ebi-hime""]",False,True,True,True,success,game,699,699,0,USD,True,6.99,6.99,2026-09-12T15:08:33.620891+00:00,2025-07-28,2025-07-28,False,,20250911,2025-07,proportional_stratified_random_sample
419,3458490,The Fable of Fairy Glen,2025-07-28,2025-07,"[""Jason Bowen""]","[""JBOStudios""]",True,True,False,False,success,game,,,,,False,,,2026-09-12T15:16:37.158053+00:00,2025-07-28,2025-07-28,False,,20250911,2025-07,proportional_stratified_random_sample
420,3623480,Flipto,2025-07-28,2025-07,"[""Wayne Made A Game""]","[""Wayne Made A Game"",""Captcha Games""]",False,True,True,True,success,game,1099,1099,0,USD,True,10.99,10.99,2026-09-12T15:47:41.591336+00:00,2025-07-28,2025-07-28,False,,20250911,2025-07,proportional_stratified_random_sample
421,3727700,Radial Fusion,2025-07-28,2025-07,"[""PatchCode, LLC""]","[""PatchCode, LLC""]",False,True,False,False,success,game,99,99,0,USD,True,0.99,0.99,2026-09-12T16:18:45.892712+00:00,2025-07-28,2025-07-28,False,,20250911,2025-07,proportional_stratified_random_sample
422,3763000,Starfall Defenders,2025-07-28,2025-07,"[""EntwicklerX""]","[""EntwicklerX""]",False,True,False,False,success,game,299,299,0,USD,True,2.99,2.99,2026-09-12T16:29:00.774862+00:00,2025-07-28,2025-07-28,False,,20250911,2025-07,proportional_stratified_random_sample
423,3779170,Wrist Catcher-寸关,2025-07-28,2025-07,"[""昆吾灌灌KWGG""]","[""昆吾灌灌KWGG""]",False,True,False,False,success,game,199,199,0,USD,True,1.99,1.99,2026-09-12T16:33:37.013847+00:00,2025-07-28,2025-07-28,False,,20250911,2025-07,proportional_stratified_random_sample
424,3792570,Numenclature,2025-07-28,2025-07,"[""Just Some Guy Game Studio""]","[""Just Some Guy Game Studio""]",False,True,False,False,success,game,299,299,0,USD,True,2.99,2.99,2026-09-12T16:38:10.969292+00:00,2025-07-28,2025-07-28,False,,20250911,2025-07,proportional_stratified_random_sample
425,3807930,Voxel Verse,2025-07-28,2025-07,"[""Pasha Bin""]","[""Egg Splat Studio""]",True,True,False,False,success,game,,,,,False,,,2026-09-12T16:44:31.786145+00:00,2025-07-28,2025-07-28,False,,20250911,2025-07,proportional_stratified_random_sample
426,3840180,You And I,2025-07-28,2025-07,"[""Juan Ablan""]","[""Juan Ablan""]",True,True,False,False,success,game,,,,,False,,,2026-09-12T17:08:09.123404+00:00,2025-07-28,2025-07-28,False,,20250911,2025-07,proportional_stratified_random_sample
427,3845720,Don't Look Behind You,2025-07-28,2025-07,"[""Joseph \""Dragon\"" Dalman""]","[""Dragon Ducky Gaming""]",False,True,False,False,success,game,199,199,0,USD,True,1.99,1.99,2026-09-12T17:11:14.540499+00:00,2025-07-28,2025-07-28,False,,20250911,2025-07,proportional_stratified_random_sample
428,3856010,Space Travel:Chronicles,2025-07-28,2025-07,"[""Roth""]","[""Roth""]",False,True,False,False,success,game,699,699,0,USD,True,6.99,6.99,2026-09-12T17:16:56.437046+00:00,2025-07-28,2025-07-28,False,,20250911,2025-07,proportional_stratified_random_sample
429,3866660,Forgotten Beginnings: A New Afterlife,2025-07-28,2025-07,"[""james5272""]","[""james5272""]",True,True,False,False,success,game,,,,,False,,,2026-09-12T17:36:17.958900+00:00,2025-07-28,2025-07-28,False,,20250911,2025-07,proportional_stratified_random_sample
430,2016460,Tales of the Shire: A The Lord of The Rings™ Game,2025-07-29,2025-07,"[""Wētā Workshop""]","[""Fictions""]",False,True,False,False,success,game,3499,3499,0,USD,True,34.99,34.99,2026-09-12T13:21:39.818673+00:00,2025-07-29,2025-07-29,False,,20250911,2025-07,proportional_stratified_random_sample
431,2896350,Thule,2025-07-29,2025-07,"[""Xeaker""]","[""Xeaker""]",False,True,False,False,success,game,1899,1899,0,USD,True,18.99,18.99,2026-09-12T14:06:50.189053+00:00,2025-07-29,2025-07-29,False,,20250911,2025-07,proportional_stratified_random_sample
432,3008340,Day of the Shell,2025-07-29,2025-07,"[""Duper Games""]","[""Goblinz Publishing""]",False,True,False,False,success,game,1499,1499,0,USD,True,14.99,14.99,2026-09-12T14:15:46.741026+00:00,2025-07-29,2025-07-29,False,,20250911,2025-07,proportional_stratified_random_sample
433,3104410,Terminull Brigade™,2025-07-29,2025-07,"[""Pew Pew Games""]","[""Level Infinite""]",True,True,False,False,success,game,,,,,False,,,2026-09-12T14:25:17.275235+00:00,2025-07-29,2025-07-29,False,,20250911,2025-07,proportional_stratified_random_sample
434,3198760,THE BEST INVESTOR,2025-07-29,2025-07,"[""THE FRENCH GRINDER""]","[""THE FRENCH GRINDER""]",False,True,False,False,success,game,499,499,0,USD,True,4.99,4.99,2026-09-12T14:35:08.365363+00:00,2025-07-29,2025-07-29,False,,20250911,2025-07,proportional_stratified_random_sample
435,3205360,"City Lights, Old Flames",2025-07-29,2025-07,"[""Sugar Moon Studio""]","[""Cinnabun Collective""]",False,True,True,True,success,game,599,599,0,USD,True,5.99,5.99,2026-09-12T14:36:07.977009+00:00,2025-07-29,2025-07-29,False,,20250911,2025-07,proportional_stratified_random_sample
436,3237570,delivery pals,2025-07-29,2025-07,"[""stre1itzia"",""dyrachyo""]","[""stre1itzia"",""dyrachyo""]",False,True,False,False,success,game,999,999,0,USD,True,9.99,9.99,2026-09-12T14:40:01.479014+00:00,2025-07-29,2025-07-29,False,,20250911,2025-07,proportional_stratified_random_sample
437,3502340,Torn Veil,2025-07-29,2025-07,"[""KenshiDev""]","[""KenshiDev""]",False,True,False,False,success,game,499,499,0,USD,True,4.99,4.99,2026-09-12T15:23:27.647967+00:00,2025-07-29,2025-07-29,False,,20250911,2025-07,proportional_stratified_random_sample
438,3524070,Teaparty in Candyworld,2025-07-29,2025-07,"[""WildCatCom""]","[""WildCatCom""]",False,True,False,True,success,game,299,299,0,USD,True,2.99,2.99,2026-09-12T15:27:21.344030+00:00,2025-07-29,2025-07-29,False,,20250911,2025-07,proportional_stratified_random_sample
439,3747050,Silver,2025-07-29,2025-07,"[""Bezier Games""]","[""Bezier Games""]",False,True,True,False,success,game,1499,1499,0,USD,True,14.99,14.99,2026-09-12T16:23:42.770650+00:00,2025-07-29,2025-07-29,False,,20250911,2025-07,proportional_stratified_random_sample
440,3754100,Frog Folding Simulator,2025-07-29,2025-07,"[""Origami Turtle""]","[""Origami Turtle""]",False,True,False,False,success,game,399,399,0,USD,True,3.99,3.99,2026-09-12T16:26:00.869785+00:00,2025-07-29,2025-07-29,False,,20250911,2025-07,proportional_stratified_random_sample
441,3822160,Spaceship Battler Unlimited,2025-07-29,2025-07,"[""Leovigildo Leon""]","[""Sole proprietorship""]",False,True,False,True,success,game,99,99,0,USD,True,0.99,0.99,2026-09-12T16:52:31.804949+00:00,2025-07-29,2025-07-29,False,,20250911,2025-07,proportional_stratified_random_sample
442,3851650,The Darkest Dusk ,2025-07-29,2025-07,"[""Flavio Valenzi""]","[""Flavio Valenzi""]",True,True,False,False,success,game,,,,,False,,,2026-09-12T17:14:10.091567+00:00,2025-07-29,2025-07-29,False,,20250911,2025-07,proportional_stratified_random_sample
443,3855280,space warrior,2025-07-29,2025-07,"[""hgmGame""]","[""hgmGame""]",False,True,False,False,success,game,2999,2999,0,USD,True,29.99,29.99,2026-09-12T17:16:35.142212+00:00,2025-07-29,2025-07-29,False,,20250911,2025-07,proportional_stratified_random_sample
444,3858120,Chess of Fortune,2025-07-29,2025-07,"[""devOfFortune""]","[""devOfFortune""]",False,True,False,False,success,game,399,399,0,USD,True,3.99,3.99,2026-09-13T05:50:16.229820+00:00,2025-07-29,2025-07-29,False,,20250911,2025-07,proportional_stratified_random_sample
445,3862620,Generic Idler,2025-07-29,2025-07,"["" In-Home Streaming Team""]","["" In-Home Streaming Team""]",False,True,False,False,success,game,299,299,0,USD,True,2.99,2.99,2026-09-12T17:33:54.336483+00:00,2025-07-29,2025-07-29,False,,20250911,2025-07,proportional_stratified_random_sample
446,3869240,The Man in the Park,2025-07-29,2025-07,"[""Elliott Dahle""]","[""Elliott Dahle""]",True,True,False,False,success,game,,,,,False,,,2026-09-12T17:37:44.394317+00:00,2025-07-29,2025-07-29,False,,20250911,2025-07,proportional_stratified_random_sample
447,1990780,FakeGod,2025-07-30,2025-07,"[""xingherj""]","[""xingherj""]",True,True,False,False,success,game,,,,,False,,,2026-09-12T13:21:07.838552+00:00,2025-07-30,2025-07-30,False,,20250911,2025-07,proportional_stratified_random_sample
448,2131550,Fishing Online,2025-07-30,2025-07,"[""Braves""]","[""Braves""]",True,True,False,False,success,game,,,,,False,,,2026-09-12T13:30:45.985464+00:00,2025-07-30,2025-07-30,False,,20250911,2025-07,proportional_stratified_random_sample
449,2943670,Night Club Simulator,2025-07-30,2025-07,"[""Clock Wizard Games""]","[""Clock Wizard Games""]",False,True,False,False,success,game,1499,1499,0,USD,True,14.99,14.99,2026-09-12T14:11:10.631285+00:00,2025-07-30,2025-07-30,False,,20250911,2025-07,proportional_stratified_random_sample
450,3039910,Demon Hunt,2025-07-30,2025-07,"[""Massive Hug""]","[""Massive Hug""]",False,True,False,False,success,game,699,699,0,USD,True,6.99,6.99,2026-09-12T14:19:09.287880+00:00,2025-07-30,2025-07-30,False,,20250911,2025-07,proportional_stratified_random_sample
451,3051240,Hungry Meem,2025-07-30,2025-07,"[""Drecom Co., Ltd.""]","[""Drecom Co., Ltd.""]",False,True,False,False,success,game,2999,2999,0,USD,True,29.99,29.99,2026-09-12T14:20:06.656868+00:00,2025-07-30,2025-07-30,False,,20250911,2025-07,proportional_stratified_random_sample
452,3292750,Distractor,2025-07-30,2025-07,"[""Thomas Curtis""]","[""Thomas Curtis""]",False,True,False,False,success,game,799,799,0,USD,True,7.99,7.99,2026-09-12T14:52:25.933420+00:00,2025-07-30,2025-07-30,False,,20250911,2025-07,proportional_stratified_random_sample
453,3300300,Witches' Hand,2025-07-30,2025-07,"[""Wagon Fish""]","[""Wagon Fish""]",False,True,False,False,success,game,499,499,0,USD,True,4.99,4.99,2026-09-12T14:53:26.526230+00:00,2025-07-30,2025-07-30,False,,20250911,2025-07,proportional_stratified_random_sample
454,3323040,Shapefighter,2025-07-30,2025-07,"[""oatware""]","[""oatware""]",False,True,False,True,success,game,499,499,0,USD,True,4.99,4.99,2026-09-12T14:55:28.877650+00:00,2025-07-30,2025-07-30,False,,20250911,2025-07,proportional_stratified_random_sample
455,3327640,hololive Holo's Hanafuda,2025-07-30,2025-07,"[""Gemdrops, Inc.""]","[""Gemdrops, Inc.""]",False,True,False,False,success,game,2499,2499,0,USD,True,24.99,24.99,2026-09-12T14:56:05.122287+00:00,2025-07-30,2025-07-30,False,,20250911,2025-07,proportional_stratified_random_sample
456,3442720,Tilebound,2025-07-30,2025-07,"[""Squidlegs""]","[""Squidlegs""]",False,True,False,False,success,game,299,299,0,USD,True,2.99,2.99,2026-09-12T15:13:35.180803+00:00,2025-07-30,2025-07-30,False,,20250911,2025-07,proportional_stratified_random_sample
457,3446920,Mecharashi,2025-07-30,2025-07,"[""BlackJack Studio""]","[""HK TEN TREE LIMITED""]",True,True,False,False,success,game,,,,,False,,,2026-09-12T15:14:46.896753+00:00,2025-07-30,2025-07-30,False,,20250911,2025-07,proportional_stratified_random_sample
458,3477080,Tree Kingdoms,2025-07-30,2025-07,"[""Biscuit Factory Games""]","[""Biscuit Factory Games""]",False,True,False,False,success,game,599,599,0,USD,True,5.99,5.99,2026-09-12T15:19:53.173193+00:00,2025-07-30,2025-07-30,False,,20250911,2025-07,proportional_stratified_random_sample
459,3568460,MustScream,2025-07-30,2025-07,"[""YonGame""]","[""YonGame""]",False,True,False,False,success,game,699,699,0,USD,True,6.99,6.99,2026-09-12T15:35:24.741444+00:00,2025-07-30,2025-07-30,False,,20250911,2025-07,proportional_stratified_random_sample
460,3577080,Aokigahara :The death forest,2025-07-30,2025-07,"[""DVGamix""]","[""DVGamix""]",True,True,False,False,success,game,,,,,False,,,2026-09-12T15:37:13.953526+00:00,2025-07-30,2025-07-30,False,,20250911,2025-07,proportional_stratified_random_sample
461,3681060,Fireside Friends,2025-07-30,2025-07,"[""KODgames""]","[""KODgames""]",False,True,False,False,success,game,999,999,0,USD,True,9.99,9.99,2026-09-12T16:02:35.041608+00:00,2025-07-30,2025-07-30,False,,20250911,2025-07,proportional_stratified_random_sample
462,3769130,Keep on Mining!,2025-07-30,2025-07,"[""EagleEye Games""]","[""EagleEye Games""]",False,True,False,False,success,game,499,499,0,USD,True,4.99,4.99,2026-09-12T16:30:40.646137+00:00,2025-07-30,2025-07-30,False,,20250911,2025-07,proportional_stratified_random_sample
463,3813260,连杀地牢（Dungeon Killing）,2025-07-30,2025-07,"[""HuAngLiii GAME""]","[""HuAngLiii GAME""]",False,True,False,False,success,game,299,299,0,USD,True,2.99,2.99,2026-09-12T16:47:46.888088+00:00,2025-07-30,2025-07-30,False,,20250911,2025-07,proportional_stratified_random_sample
464,3817720,Genki Break!,2025-07-30,2025-07,"[""SteamyDev""]","[""SteamyDev""]",False,True,False,False,success,game,499,499,0,USD,True,4.99,4.99,2026-09-12T16:50:18.286775+00:00,2025-07-30,2025-07-30,False,,20250911,2025-07,proportional_stratified_random_sample
465,3832240,Draugar,2025-07-30,2025-07,"[""Thule Interactive""]","[""Thule Interactive""]",False,True,False,False,success,game,99,99,0,USD,True,0.99,0.99,2026-09-12T16:58:08.213288+00:00,2025-07-30,2025-07-30,False,,20250911,2025-07,proportional_stratified_random_sample
466,3832630,Wheelchair Wizards,2025-07-30,2025-07,"[""chromatophore games""]","[""chromatophore games""]",True,True,True,False,success,game,,,,,False,,,2026-09-12T16:58:33.441100+00:00,2025-07-30,2025-07-30,False,,20250911,2025-07,proportional_stratified_random_sample
467,3835530,Fenrir Banquet,2025-07-30,2025-07,"[""BoreBorekick""]","[""BoreBorekick""]",False,True,False,False,success,game,199,199,0,USD,True,1.99,1.99,2026-09-12T17:05:35.812495+00:00,2025-07-30,2025-07-30,False,,20250911,2025-07,proportional_stratified_random_sample
468,3868390,Chop It Down,2025-07-30,2025-07,"[""DreamlessHero""]","[""DreamlessHero""]",False,True,False,False,success,game,99,99,0,USD,True,0.99,0.99,2026-09-12T17:37:06.402742+00:00,2025-07-30,2025-07-30,False,,20250911,2025-07,proportional_stratified_random_sample
469,3872880,Domino！,2025-07-30,2025-07,"[""Resonancore Games""]","[""Resonancore Games""]",False,True,False,False,success,game,299,299,0,USD,True,2.99,2.99,2026-09-12T17:39:34.955819+00:00,2025-07-30,2025-07-30,False,,20250911,2025-07,proportional_stratified_random_sample
470,1308940,Misc. A Tiny Tale,2025-07-31,2025-07,"[""Tinyware Games""]","[""Tinyware Games""]",False,True,False,False,success,game,1999,1999,0,USD,True,19.99,19.99,2026-09-12T13:04:20.526186+00:00,2025-07-31,2025-07-31,False,,20250911,2025-07,proportional_stratified_random_sample
471,1599420,Rusty Rangers,2025-07-31,2025-07,"[""Fantastica!""]","[""Fantastica!""]",False,True,False,False,success,game,1499,1499,0,USD,True,14.99,14.99,2026-09-12T13:09:02.991863+00:00,2025-07-31,2025-07-31,False,,20250911,2025-07,proportional_stratified_random_sample
472,1715860,Fight.EXE,2025-07-31,2025-07,"[""SolidValentine""]","[""SolidValentine""]",False,True,False,False,success,game,799,799,0,USD,True,7.99,7.99,2026-09-12T13:10:56.044399+00:00,2025-07-31,2025-07-31,False,,20250911,2025-07,proportional_stratified_random_sample
473,2228490,Atomic Owl,2025-07-31,2025-07,"[""Monster Theater""]","[""Eastasiasoft Limited"",""Monster Theater""]",False,True,False,True,success,game,1299,1299,0,USD,True,12.99,12.99,2026-09-12T13:34:11.846317+00:00,2025-07-31,2025-07-31,False,,20250911,2025-07,proportional_stratified_random_sample
474,2347080,Frosthaven,2025-07-31,2025-07,"[""Snapshot Games Inc.""]","[""Arc Games""]",False,True,False,False,success,game,3999,3999,0,USD,True,39.99,39.99,2026-09-12T13:38:41.378144+00:00,2025-07-31,2025-07-31,False,,20250911,2025-07,proportional_stratified_random_sample
475,2780990,Paradigm Island,2025-07-31,2025-07,"[""End-all Entertainment""]","[""End-all Entertainment""]",False,True,False,True,success,game,1499,1499,0,USD,True,14.99,14.99,2026-09-12T13:59:14.899367+00:00,2025-07-31,2025-07-31,False,,20250911,2025-07,proportional_stratified_random_sample
476,2836300,3D Skills Start Here,2025-07-31,2025-07,"[""Dave Mills""]","[""XRIO""]",False,True,False,False,success,game,599,599,0,USD,True,5.99,5.99,2026-09-12T14:03:01.512829+00:00,2025-07-31,2025-07-31,False,,20250911,2025-07,proportional_stratified_random_sample
477,2873860,Sudoku Acres,2025-07-31,2025-07,"[""ghilliebyte""]","[""ghilliebyte""]",False,True,False,False,success,game,299,299,0,USD,True,2.99,2.99,2026-09-12T14:05:16.290413+00:00,2025-07-31,2025-07-31,False,,20250911,2025-07,proportional_stratified_random_sample
478,2923120,Star's Peaces: Memorial Edition,2025-07-31,2025-07,"[""Heisei High School Game Creation Club""]","[""YOX-Project""]",False,True,False,False,success,game,999,999,0,USD,True,9.99,9.99,2026-09-12T14:09:04.232198+00:00,2025-07-31,2025-07-31,False,,20250911,2025-07,proportional_stratified_random_sample
479,3085200,MOTTAINAI GHOST,2025-07-31,2025-07,"[""woof Inc."",""sewohayami""]","[""woof Inc.""]",False,True,True,False,success,game,815,815,0,USD,True,8.15,8.15,2026-09-12T14:23:31.016012+00:00,2025-07-31,2025-07-31,False,,20250911,2025-07,proportional_stratified_random_sample
480,3279170,Moon Carrier,2025-07-31,2025-07,"[""UNPREDICTABLE GAMES""]","[""UNPREDICTABLE GAMES""]",False,True,True,False,success,game,499,499,0,USD,True,4.99,4.99,2026-09-12T14:44:03.220315+00:00,2025-07-31,2025-07-31,False,,20250911,2025-07,proportional_stratified_random_sample
481,3317620,Clan Duramont,2025-07-31,2025-07,"[""Valkyria Games""]","[""Valkyria Games""]",False,True,False,False,success,game,999,999,0,USD,True,9.99,9.99,2026-09-12T14:54:49.999534+00:00,2025-07-31,2025-07-31,False,,20250911,2025-07,proportional_stratified_random_sample
482,3329260,Chemical Plant Worker Simulator,2025-07-31,2025-07,"[""New Done Dine""]","[""New Done Dine""]",False,True,False,False,success,game,599,599,0,USD,True,5.99,5.99,2026-09-12T14:56:11.716627+00:00,2025-07-31,2025-07-31,False,,20250911,2025-07,proportional_stratified_random_sample
483,3415530,Ballardo: Roguelike Billiards,2025-07-31,2025-07,"[""Nue Games""]","[""Nue Games"",""ATOM""]",False,True,False,False,success,game,899,296,67,USD,True,8.99,2.96,2026-09-12T15:09:05.924009+00:00,2025-07-31,2025-07-31,False,,20250911,2025-07,proportional_stratified_random_sample
484,3494790,Radio Ghosts,2025-07-31,2025-07,"[""B.J. Best""]","[""B.J. Best"",""Butlersnake Games""]",False,True,False,False,success,game,499,499,0,USD,True,4.99,4.99,2026-09-12T15:22:28.222957+00:00,2025-07-31,2025-07-31,False,,20250911,2025-07,proportional_stratified_random_sample
485,3604800,Whimsical Artefacts,2025-07-31,2025-07,"[""Nick Reinche""]","[""PRO//CYON""]",True,True,False,False,success,game,,,,,False,,,2026-09-12T15:43:20.715146+00:00,2025-07-31,2025-07-31,False,,20250911,2025-07,proportional_stratified_random_sample
486,3681760,Astral Takers,2025-07-31,2025-07,"[""VANGUARD""]","[""KEMCO""]",False,True,False,False,success,game,1999,1999,0,USD,True,19.99,19.99,2026-09-12T16:02:39.343936+00:00,2025-07-31,2025-07-31,False,,20250911,2025-07,proportional_stratified_random_sample
487,3690420,"Dreaming in Cherry Blossoms, I Fall in Love with You",2025-07-31,2025-07,"[""OPERAHOUSE"",""NBOXGAMES.INC"",""Bigtail Village""]","[""OPERAHOUSE""]",False,True,False,False,success,game,2499,2499,0,USD,True,24.99,24.99,2026-09-12T16:06:58.113446+00:00,2025-07-31,2025-07-31,False,,20250911,2025-07,proportional_stratified_random_sample
488,3761810,ミガカミカガミ -reviver-,2025-07-31,2025-07,"[""Rim""]","[""Rim""]",True,True,False,False,success,game,,,,,False,,,2026-09-12T16:28:43.797391+00:00,2025-07-31,2025-07-31,False,,20250911,2025-07,proportional_stratified_random_sample
489,3775390,The Ruin Wanderer,2025-07-31,2025-07,"[""Hedgefield""]","[""Hedgefield""]",False,True,False,False,success,game,199,199,0,USD,True,1.99,1.99,2026-09-12T16:32:26.924096+00:00,2025-07-31,2025-07-31,False,,20250911,2025-07,proportional_stratified_random_sample
490,3838900,Prism,2025-07-31,2025-07,"[""SplitCriteria""]","[""SplitCriteria""]",False,True,False,False,success,game,499,499,0,USD,True,4.99,4.99,2026-09-12T17:07:26.284808+00:00,2025-07-31,2025-07-31,False,,20250911,2025-07,proportional_stratified_random_sample
491,3842380,漂流、のち、座礁,2025-07-31,2025-07,"[""Ituki Ebina""]","[""Ituki Ebina""]",False,True,False,False,success,game,299,299,0,USD,True,2.99,2.99,2026-09-12T17:09:17.386218+00:00,2025-07-31,2025-07-31,False,,20250911,2025-07,proportional_stratified_random_sample
492,3846760,Protest Simulator,2025-07-31,2025-07,"[""Yalintech""]","[""Yalintech""]",False,True,True,False,success,game,299,299,0,USD,True,2.99,2.99,2026-09-12T17:11:52.347287+00:00,2025-07-31,2025-07-31,False,,20250911,2025-07,proportional_stratified_random_sample
493,3852930,Fishplay,2025-07-31,2025-07,"[""Ligensoft Inc.""]","[""Ligensoft Inc.""]",False,True,False,False,success,game,899,899,0,USD,True,8.99,8.99,2026-09-12T17:14:57.370094+00:00,2025-07-31,2025-07-31,False,,20250911,2025-07,proportional_stratified_random_sample
494,3857180,Neo - The Rainbow Sorcerer,2025-07-31,2025-07,"[""Wonjae Oh""]","[""hydroxidestudios""]",True,True,True,False,success,game,,,,,False,,,2026-09-12T17:17:17.695345+00:00,2025-07-31,2025-07-31,False,,20250911,2025-07,proportional_stratified_random_sample
495,3868480,The Inconvenient Platformer,2025-07-31,2025-07,"[""Ethan Orcutt""]","[""Ethan Orcutt""]",False,True,False,False,success,game,499,499,0,USD,True,4.99,4.99,2026-09-12T17:37:12.692063+00:00,2025-07-31,2025-07-31,False,,20250911,2025-07,proportional_stratified_random_sample
496,3876700,Quarter Five,2025-07-31,2025-07,"[""Nekomata Games LLC""]","[""Nekomata Games LLC""]",False,True,False,False,success,game,499,499,0,USD,True,4.99,4.99,2026-09-12T17:41:37.687998+00:00,2025-07-31,2025-07-31,False,,20250911,2025-07,proportional_stratified_random_sample
497,3886520,Knightica: Prologue,2025-07-31,2025-07,"["" Mad Mango Games""]","[""Goblinz Publishing"",""WR game""]",True,True,False,False,success,game,,,,,False,,,2026-09-12T17:46:38.783759+00:00,2025-07-31,2025-07-31,False,,20250911,2025-07,proportional_stratified_random_sample
498,1639710,SquareMan-Boy,2025-08-01,2025-08,"[""Team Jape""]","[""Team Jape""]",False,True,True,True,success,game,499,499,0,USD,True,4.99,4.99,2026-09-12T13:09:43.678053+00:00,2025-08-01,2025-08-01,False,,20250911,2025-08,proportional_stratified_random_sample
499,2484630,无尽的冒险,2025-08-01,2025-08,"["" 水月suigetsu""]","["" 水月suigetsu""]",False,True,False,False,success,game,99,99,0,USD,True,0.99,0.99,2026-09-12T13:45:42.186575+00:00,2025-08-01,2025-08-01,False,,20250911,2025-08,proportional_stratified_random_sample
500,3113650,Sheep Seeker,2025-08-01,2025-08,"[""Isaac MENARD"",""Luna GARCIN"",""Alexander KIRK"",""Séverin RICHARD"",""Matthieu FARROW"",""François HANUS"",""Quentin EUNG"",""Mattéo GLAIRON-MONDET"",""Lucas RENARD"",""Céline TRUONG""]","[""Isaac MENARD""]",False,True,False,False,success,game,999,99,90,USD,True,9.99,0.99,2026-09-12T14:26:49.134996+00:00,2025-08-01,2025-08-01,False,,20250911,2025-08,proportional_stratified_random_sample
501,3167280,Ikarus Parkour,2025-08-01,2025-08,"[""Vanja Aleksić""]","[""Vanja Aleksić""]",False,True,False,False,success,game,1299,1299,0,USD,True,12.99,12.99,2026-09-12T14:31:49.707528+00:00,2025-08-01,2025-08-01,False,,20250911,2025-08,proportional_stratified_random_sample
502,3223470,Conquero : Rise or Kneel,2025-08-01,2025-08,"[""Tugrul Kavasgil""]","[""Tugrul Kavasgil""]",False,True,False,False,success,game,899,899,0,USD,True,8.99,8.99,2026-09-12T14:38:29.906912+00:00,2025-08-01,2025-08-01,False,,20250911,2025-08,proportional_stratified_random_sample
503,3355830,Hydro,2025-08-01,2025-08,"[""Harman Motor Works""]","[""Harman Motor Works""]",False,True,False,False,success,game,899,899,0,USD,True,8.99,8.99,2026-09-12T14:59:53.121146+00:00,2025-08-01,2025-08-01,False,,20250911,2025-08,proportional_stratified_random_sample
504,3370100,我的同事不对劲,2025-08-01,2025-08,"[""11J Studio""]","[""11J Studio""]",False,True,False,False,success,game,899,899,0,USD,True,8.99,8.99,2026-09-12T15:02:23.551386+00:00,2025-08-01,2025-08-01,False,,20250911,2025-08,proportional_stratified_random_sample
505,3387420,Pokettohiro,2025-08-01,2025-08,"[""David Marin""]","[""Ratalaika Games S.L."",""Shinyuden""]",False,True,False,False,success,game,999,999,0,USD,True,9.99,9.99,2026-09-12T15:04:53.524395+00:00,2025-08-01,2025-08-01,False,,20250911,2025-08,proportional_stratified_random_sample
506,3415340,Ox & Horse Work in Hell,2025-08-01,2025-08,"[""Chair Game Studio""]","[""Chair Game Studio""]",False,True,False,False,success,game,899,899,0,USD,True,8.99,8.99,2026-09-12T15:08:59.744897+00:00,2025-08-01,2025-08-01,False,,20250911,2025-08,proportional_stratified_random_sample
507,3435950,Dead Cat Bounce,2025-08-01,2025-08,"[""Sesame""]","[""PsychoFlux Entertainment""]",False,True,False,False,success,game,99,99,0,USD,True,0.99,0.99,2026-09-12T15:12:35.439181+00:00,2025-08-01,2025-08-01,False,,20250911,2025-08,proportional_stratified_random_sample
508,3453330,Cult Leader Simulator,2025-08-01,2025-08,"[""Nhneno""]","[""Nhneno""]",False,True,False,False,success,game,1799,1799,0,USD,True,17.99,17.99,2026-09-12T15:15:43.407678+00:00,2025-08-01,2025-08-01,False,,20250911,2025-08,proportional_stratified_random_sample
509,3481920,One Hard Game Please!,2025-08-01,2025-08,"[""RealGrum4799""]","[""RealGrum4799""]",False,True,False,False,success,game,499,499,0,USD,True,4.99,4.99,2026-09-12T15:20:51.513896+00:00,2025-08-01,2025-08-01,False,,20250911,2025-08,proportional_stratified_random_sample
510,3531960,Liese in the City of Trials,2025-08-01,2025-08,"[""Mofuya""]","[""Kagura Games""]",False,True,False,False,success,game,1499,1499,0,USD,True,14.99,14.99,2026-09-12T15:28:32.962019+00:00,2025-08-01,2025-08-01,False,,20250911,2025-08,proportional_stratified_random_sample
511,3622180,Coincremental,2025-08-01,2025-08,"[""Fractal Forge Gaming""]","[""Fractal Forge Gaming""]",False,True,False,False,success,game,399,399,0,USD,True,3.99,3.99,2026-09-12T15:47:22.689994+00:00,2025-08-01,2025-08-01,False,,20250911,2025-08,proportional_stratified_random_sample
512,3642900,jUMp!,2025-08-01,2025-08,"[""KIMGANGHYEON""]","[""KIMGANGHYEON""]",False,True,False,False,success,game,99,99,0,USD,True,0.99,0.99,2026-09-12T15:52:49.465958+00:00,2025-08-01,2025-08-01,False,,20250911,2025-08,proportional_stratified_random_sample
513,3666180,Solitaire of Stygian Shadows,2025-08-01,2025-08,"[""Māris Ozols""]","[""Māris Ozols""]",False,True,False,False,success,game,999,999,0,USD,True,9.99,9.99,2026-09-12T15:58:17.934469+00:00,2025-08-01,2025-08-01,False,,20250911,2025-08,proportional_stratified_random_sample
514,3667850,Silk Roads II: Paths of Fortune,2025-08-01,2025-08,"[""Priory Games""]","[""Priory Games""]",False,True,True,True,success,game,999,999,0,USD,True,9.99,9.99,2026-09-12T15:58:48.140764+00:00,2025-08-01,2025-08-01,False,,20250911,2025-08,proportional_stratified_random_sample
515,3672250,FloorBreaker,2025-08-01,2025-08,"[""PotGames""]","[""PotGames""]",False,True,False,False,success,game,199,199,0,USD,True,1.99,1.99,2026-09-12T16:00:18.251959+00:00,2025-08-01,2025-08-01,False,,20250911,2025-08,proportional_stratified_random_sample
516,3721180,Dress-Up With Helene: Deluxe!,2025-08-01,2025-08,"[""JamoART"",""FedoraGibbles""]","[""JamoART""]",True,True,False,False,success,game,,,,,False,,,2026-09-12T16:17:00.034659+00:00,2025-08-01,2025-08-01,False,,20250911,2025-08,proportional_stratified_random_sample
517,3742110,Dustoria,2025-08-01,2025-08,"[""Voxel Bytes""]","[""Voxel Bytes""]",False,True,True,True,success,game,599,599,0,USD,True,5.99,5.99,2026-09-12T16:22:29.752636+00:00,2025-08-01,2025-08-01,False,,20250911,2025-08,proportional_stratified_random_sample
518,3757740,Tag! You're Dead,2025-08-01,2025-08,"[""ItsRave_n""]","[""FOUND TV""]",True,True,False,False,success,game,,,,,False,,,2026-09-12T16:27:29.989552+00:00,2025-08-01,2025-08-01,False,,20250911,2025-08,proportional_stratified_random_sample
519,3769520,Spores of Fortune,2025-08-01,2025-08,"[""Anna-Lena Jacobs"",""Klaudia M. Krasinski"",""Leon Essig"",""Samuel Hunt"",""Sarthak  Taunk"",""Sontje Mrosla""]","[""Hochschule Darmstadt""]",True,True,False,False,success,game,,,,,False,,,2026-09-12T16:30:49.006053+00:00,2025-08-01,2025-08-01,False,,20250911,2025-08,proportional_stratified_random_sample
520,3784130,New Lands 4: Legends of Tenkai,2025-08-01,2025-08,"[""8floor ltd""]","[""8floor ltd""]",False,True,False,False,success,game,1499,1499,0,USD,True,14.99,14.99,2026-09-12T16:35:14.098766+00:00,2025-08-01,2025-08-01,False,,20250911,2025-08,proportional_stratified_random_sample
521,3788860,Cursed Digilens,2025-08-01,2025-08,"[""Markus Korda""]","[""Markus Korda""]",False,True,False,False,success,game,199,199,0,USD,True,1.99,1.99,2026-09-12T16:36:41.226101+00:00,2025-08-01,2025-08-01,False,,20250911,2025-08,proportional_stratified_random_sample
522,3831510,Five Nights At Stickman,2025-08-01,2025-08,"[""Phantomahawk""]","[""Relevation Studios""]",False,True,True,True,success,game,99,99,0,USD,True,0.99,0.99,2026-09-12T16:57:55.822524+00:00,2025-08-01,2025-08-01,False,,20250911,2025-08,proportional_stratified_random_sample
523,3848570,Supermarket Billionaire,2025-08-01,2025-08,"[""Eracu Studios""]","[""Eracu Studios""]",True,True,True,True,success,game,,,,,False,,,2026-09-12T17:12:45.980001+00:00,2025-08-01,2025-08-01,False,,20250911,2025-08,proportional_stratified_random_sample
524,3865970,Mad Birds,2025-08-01,2025-08,"[""Andrei Chakhovich""]","[""Anch Dev""]",False,True,False,False,success,game,299,299,0,USD,True,2.99,2.99,2026-09-12T17:35:58.696840+00:00,2025-08-01,2025-08-01,False,,20250911,2025-08,proportional_stratified_random_sample
525,3871740,Behind You,2025-08-01,2025-08,"[""Pavel Bykau""]","[""Piwell Games""]",True,True,False,False,success,game,,,,,False,,,2026-09-12T17:39:13.594998+00:00,2025-08-01,2025-08-01,False,,20250911,2025-08,proportional_stratified_random_sample
526,3874920,Keyboard Quest,2025-08-01,2025-08,"[""Resonance Games""]","[""Resonance Games""]",True,True,False,False,success,game,,,,,False,,,2026-09-12T17:40:27.785172+00:00,2025-08-01,2025-08-01,False,,20250911,2025-08,proportional_stratified_random_sample
527,3884580,Reflections of Life: In Screams and Sorrow Collector's Edition,2025-08-01,2025-08,"[""GrandMa Studios""]","[""BFG Entertainment""]",False,True,True,False,success,game,1999,1999,0,USD,True,19.99,19.99,2026-09-12T17:45:37.491358+00:00,2025-08-01,2025-08-01,False,,20250911,2025-08,proportional_stratified_random_sample
528,3220180,Vestigia: Joust,2025-08-02,2025-08,"[""Vestigia""]","[""Vestigia""]",False,True,False,False,success,game,499,499,0,USD,True,4.99,4.99,2026-09-12T14:38:04.365926+00:00,2025-08-02,2025-08-02,False,,20250911,2025-08,proportional_stratified_random_sample
529,3446250,Aslimelate,2025-08-02,2025-08,"[""Spazm""]","[""Spazm""]",False,True,False,False,success,game,799,799,0,USD,True,7.99,7.99,2026-09-12T15:14:38.379978+00:00,2025-08-02,2025-08-02,False,,20250911,2025-08,proportional_stratified_random_sample
530,3876870,Fear of Energy,2025-08-02,2025-08,"[""Elistring Studio""]","[""Elistring Studio""]",False,True,False,False,success,game,799,799,0,USD,True,7.99,7.99,2026-09-12T17:41:42.077810+00:00,2025-08-02,2025-08-02,False,,20250911,2025-08,proportional_stratified_random_sample
531,3406090,a Difficult game about Wheelchair,2025-08-03,2025-08,"[""SATEKI GAMES""]","[""SATEKI GAMES""]",False,True,False,False,success,game,299,299,0,USD,True,2.99,2.99,2026-09-12T15:07:40.801806+00:00,2025-08-03,2025-08-03,False,,20250911,2025-08,proportional_stratified_random_sample
532,3761040,RoboDoc Jr,2025-08-03,2025-08,"[""Marion Surgical""]","[""Marion Surgical Inc""]",False,True,False,False,success,game,999,999,0,USD,True,9.99,9.99,2026-09-12T16:28:26.940977+00:00,2025-08-03,2025-08-03,False,,20250911,2025-08,proportional_stratified_random_sample
533,3801180,Fengshui Chess,2025-08-03,2025-08,"[""吴小白""]","[""吴小白""]",False,True,True,False,success,game,899,899,0,USD,True,8.99,8.99,2026-09-12T16:41:24.532513+00:00,2025-08-03,2025-08-03,False,,20250911,2025-08,proportional_stratified_random_sample
534,3844040,Bank,2025-08-03,2025-08,"[""Bank-NuMo9""]","[""Bank-NuMo9""]",False,True,False,True,success,game,499,499,0,USD,True,4.99,4.99,2026-09-12T17:10:31.658836+00:00,2025-08-03,2025-08-03,False,,20250911,2025-08,proportional_stratified_random_sample
535,3848510,Clean Minesweeper,2025-08-03,2025-08,"[""KingRaven""]","[""KingRaven""]",False,True,False,False,success,game,199,199,0,USD,True,1.99,1.99,2026-09-12T17:12:39.700840+00:00,2025-08-03,2025-08-03,False,,20250911,2025-08,proportional_stratified_random_sample
536,3876460,Sign Off,2025-08-03,2025-08,"[""Mark McManmon""]","[""Mark McManmon""]",True,True,False,False,success,game,,,,,False,,,2026-09-12T17:41:24.989275+00:00,2025-08-03,2025-08-03,False,,20250911,2025-08,proportional_stratified_random_sample
537,3877580,Lakeside Has No Lake!!,2025-08-03,2025-08,"[""FzzyBzzy""]","[""FzzyBzzy""]",False,True,False,False,success,game,99,99,0,USD,True,0.99,0.99,2026-09-12T17:42:10.135839+00:00,2025-08-03,2025-08-03,False,,20250911,2025-08,proportional_stratified_random_sample
538,2022230,Yomi 2,2025-08-04,2025-08,"[""Sirlin Games""]","[""Sirlin Games"",""Hawthorn Games""]",False,True,True,True,success,game,1999,1999,0,USD,True,19.99,19.99,2026-09-12T13:21:52.413344+00:00,2025-08-04,2025-08-04,False,,20250911,2025-08,proportional_stratified_random_sample
539,2908050,Catto's Post Office,2025-08-04,2025-08,"[""In Shambles Studio""]","[""In Shambles Studio""]",False,True,False,False,success,game,499,499,0,USD,True,4.99,4.99,2026-09-12T14:07:57.654494+00:00,2025-08-04,2025-08-04,False,,20250911,2025-08,proportional_stratified_random_sample
540,2955840,Kitchen Wars,2025-08-04,2025-08,"[""Silent Owl""]","[""Perfect Gen"",""GrabTheGames"",""NewGen""]",False,True,False,False,success,game,499,499,0,USD,True,4.99,4.99,2026-09-12T14:12:05.527638+00:00,2025-08-04,2025-08-04,False,,20250911,2025-08,proportional_stratified_random_sample
541,3070650,群島物語 - 實習鍊金術士的 90 天之旅,2025-08-04,2025-08,"[""矓矓矓"",""耶黑XDD""]","[""矓矓矓"",""耶黑XDD"",""RMAsia""]",False,True,False,False,success,game,1099,1099,0,USD,True,10.99,10.99,2026-09-12T14:22:12.126675+00:00,2025-08-04,2025-08-04,False,,20250911,2025-08,proportional_stratified_random_sample
542,3348910,Bee Simulator: The Hive,2025-08-04,2025-08,"[""VARSAV Game Studios""]","[""Untold Tales"",""VARSAV Game Studios""]",False,True,False,False,success,game,2499,1249,50,USD,True,24.99,12.49,2026-09-12T14:58:34.918956+00:00,2025-08-04,2025-08-04,False,,20250911,2025-08,proportional_stratified_random_sample
543,3535110,HEXA-WORLD-3D,2025-08-04,2025-08,"[""Hell games""]","[""Hell games""]",False,True,False,False,success,game,299,299,0,USD,True,2.99,2.99,2026-09-12T15:29:09.620449+00:00,2025-08-04,2025-08-04,False,,20250911,2025-08,proportional_stratified_random_sample
544,3605550,Potato Cop,2025-08-04,2025-08,"[""TossedBloom Studio""]","[""TossedBloom Studio""]",False,True,False,False,success,game,699,699,0,USD,True,6.99,6.99,2026-09-12T15:43:29.111474+00:00,2025-08-04,2025-08-04,False,,20250911,2025-08,proportional_stratified_random_sample
545,3823490,Speedway Club Manager 25,2025-08-04,2025-08,"[""Marcin Dopierała"",""Paweł Krzemiński""]","[""Speedway Club Manager""]",False,True,False,False,success,game,1199,1199,0,USD,True,11.99,11.99,2026-09-12T16:53:39.522858+00:00,2025-08-04,2025-08-04,False,,20250911,2025-08,proportional_stratified_random_sample
546,3846410,Protocol Aegirum,2025-08-04,2025-08,"[""Nacho Riquelme""]","[""Nacho Riquelme""]",False,True,False,False,success,game,199,199,0,USD,True,1.99,1.99,2026-09-12T17:11:39.488233+00:00,2025-08-04,2025-08-04,False,,20250911,2025-08,proportional_stratified_random_sample
547,3869380,Agu,2025-08-04,2025-08,"[""Wendley Felipe""]","[""Seriguela Cosmica""]",False,True,False,False,success,game,299,299,0,USD,True,2.99,2.99,2026-09-12T17:37:48.641087+00:00,2025-08-04,2025-08-04,False,,20250911,2025-08,proportional_stratified_random_sample
548,3877150,Pixelo,2025-08-04,2025-08,"[""ggame""]","[""ggame""]",False,True,False,False,success,game,99,99,0,USD,True,0.99,0.99,2026-09-12T17:41:55.118917+00:00,2025-08-04,2025-08-04,False,,20250911,2025-08,proportional_stratified_random_sample
549,3877280,Moxie,2025-08-04,2025-08,"[""ggame""]","[""ggame""]",False,True,False,False,success,game,99,99,0,USD,True,0.99,0.99,2026-09-12T17:41:59.378534+00:00,2025-08-04,2025-08-04,False,,20250911,2025-08,proportional_stratified_random_sample
550,3882570,Skeleton Dungeon,2025-08-04,2025-08,"[""Team Gar""]","[""Team Gar""]",False,True,False,False,success,game,99,99,0,USD,True,0.99,0.99,2026-09-12T17:44:46.933199+00:00,2025-08-04,2025-08-04,False,,20250911,2025-08,proportional_stratified_random_sample
551,3892750,interstellar flight,2025-08-04,2025-08,"[""程进""]","[""程进""]",False,True,False,False,success,game,199,199,0,USD,True,1.99,1.99,2026-09-12T17:49:33.032593+00:00,2025-08-04,2025-08-04,False,,20250911,2025-08,proportional_stratified_random_sample
552,3922760,Claws of the Forest,2025-08-04,2025-08,"[""VisualNovelGames""]","[""VisualNovelGames""]",False,True,True,True,success,game,199,99,50,USD,True,1.99,0.99,2026-09-12T18:04:05.317133+00:00,2025-08-04,2025-08-04,False,,20250911,2025-08,proportional_stratified_random_sample
553,2012510,Stormgate,2025-08-05,2025-08,"[""Frost Giant Studios""]","[""Frost Giant Studios""]",True,True,False,False,success,game,,,,,False,,,2026-09-12T13:21:37.694745+00:00,2025-08-05,2025-08-05,False,,20250911,2025-08,proportional_stratified_random_sample
554,2495610,Elven Rivers 6: Guardians of Hope Collector's Edition,2025-08-05,2025-08,"[""BigCityLab""]","[""8floor ltd""]",False,True,False,False,success,game,1499,1499,0,USD,True,14.99,14.99,2026-09-12T13:46:07.944971+00:00,2025-08-05,2025-08-05,False,,20250911,2025-08,proportional_stratified_random_sample
555,2495630,Myth Finders,2025-08-05,2025-08,"[""8floor ltd""]","[""8floor ltd""]",False,True,False,False,success,game,1499,149,90,USD,True,14.99,1.49,2026-09-12T13:46:09.958017+00:00,2025-08-05,2025-08-05,False,,20250911,2025-08,proportional_stratified_random_sample
556,2722610,Grand Emprise 2: Portals Apart,2025-08-05,2025-08,"[""Tbjbu2""]","[""Tbjbu2"",""GrabTheGames""]",False,True,False,False,success,game,1199,179,85,USD,True,11.99,1.79,2026-09-12T13:56:02.706878+00:00,2025-08-05,2025-08-05,False,,20250911,2025-08,proportional_stratified_random_sample
557,2957700,Sensei! I Like You So Much!,2025-08-05,2025-08,"[""LaoO Studio (Shanghai Ou Ou Xi Network Technology Co. LTD）""]","[""Erabit"",""Infini Fun""]",False,True,False,False,success,game,1699,1189,30,USD,True,16.99,11.89,2026-09-12T14:12:07.741240+00:00,2025-08-05,2025-08-05,False,,20250911,2025-08,proportional_stratified_random_sample
558,3137000,Planet Strike,2025-08-05,2025-08,"[""DanboruStudio""]","[""DanboruStudio""]",False,True,False,False,success,game,399,399,0,USD,True,3.99,3.99,2026-09-12T14:29:11.931878+00:00,2025-08-05,2025-08-05,False,,20250911,2025-08,proportional_stratified_random_sample
559,3226740,Beastly Tactics: Rock Paper Scissors,2025-08-05,2025-08,"[""Fire Toast""]","[""Fire Toast""]",False,True,False,False,success,game,499,499,0,USD,True,4.99,4.99,2026-09-12T14:38:51.470576+00:00,2025-08-05,2025-08-05,False,,20250911,2025-08,proportional_stratified_random_sample
560,3629080,Sizzle & Stack,2025-08-05,2025-08,"[""Arvis Games""]","[""Arvis Games"",""Gamersky Games""]",False,True,True,False,success,game,999,999,0,USD,True,9.99,9.99,2026-09-12T15:49:15.370187+00:00,2025-08-05,2025-08-05,False,,20250911,2025-08,proportional_stratified_random_sample
561,3653870,ANTYAVAN,2025-08-05,2025-08,"[""Priyansh JS Yadav""]","[""Priyansh JS Yadav""]",False,True,False,False,success,game,699,699,0,USD,True,6.99,6.99,2026-09-12T15:55:56.329953+00:00,2025-08-05,2025-08-05,False,,20250911,2025-08,proportional_stratified_random_sample
562,3664250,AstroPlanet,2025-08-05,2025-08,"[""VIVA""]","[""VIVA""]",False,True,False,False,success,game,399,399,0,USD,True,3.99,3.99,2026-09-12T15:57:54.617565+00:00,2025-08-05,2025-08-05,False,,20250911,2025-08,proportional_stratified_random_sample
563,3846020,Egg Finder,2025-08-05,2025-08,"[""Allison Disley""]","[""Allison Disley""]",False,True,False,False,success,game,199,199,0,USD,True,1.99,1.99,2026-09-12T17:11:22.754166+00:00,2025-08-05,2025-08-05,False,,20250911,2025-08,proportional_stratified_random_sample
564,3880670,XD CLICKER,2025-08-05,2025-08,"[""Zapt5454""]","[""Zapt5454""]",False,True,False,False,success,game,99,99,0,USD,True,0.99,0.99,2026-09-12T17:44:00.201105+00:00,2025-08-05,2025-08-05,False,,20250911,2025-08,proportional_stratified_random_sample
565,3890660,Rachel's Journal,2025-08-05,2025-08,"[""Moose Byte Games""]","[""Moose Byte Games""]",False,True,True,True,success,game,199,199,0,USD,True,1.99,1.99,2026-09-12T17:48:14.070171+00:00,2025-08-05,2025-08-05,False,,20250911,2025-08,proportional_stratified_random_sample
566,3891810,BrainRot Battle,2025-08-05,2025-08,"[""Tykanoid Games""]","[""Tykanoid Games""]",False,True,False,False,success,game,799,799,0,USD,True,7.99,7.99,2026-09-12T17:48:49.891483+00:00,2025-08-05,2025-08-05,False,,20250911,2025-08,proportional_stratified_random_sample
567,3895180,Azaran: The Demon Bottle,2025-08-05,2025-08,"[""Benji""]","[""Benji""]",False,True,False,True,success,game,199,199,0,USD,True,1.99,1.99,2026-09-12T17:51:11.331588+00:00,2025-08-05,2025-08-05,False,,20250911,2025-08,proportional_stratified_random_sample
568,2810550,PAGER,2025-08-06,2025-08,"[""bilge""]","[""bilge""]",False,True,False,False,success,game,999,999,0,USD,True,9.99,9.99,2026-09-12T14:00:42.130379+00:00,2025-08-06,2025-08-06,False,,20250911,2025-08,proportional_stratified_random_sample
569,2933210,The Herd,2025-08-06,2025-08,"[""Levelhead Interactive""]","[""Levelhead Interactive""]",False,True,False,False,success,game,499,499,0,USD,True,4.99,4.99,2026-09-12T14:10:26.082603+00:00,2025-08-06,2025-08-06,False,,20250911,2025-08,proportional_stratified_random_sample
570,3360320,Silent Signals,2025-08-06,2025-08,"[""Vezir Games""]","[""Vezir Games""]",False,True,False,False,success,game,499,499,0,USD,True,4.99,4.99,2026-09-12T15:00:25.189721+00:00,2025-08-06,2025-08-06,False,,20250911,2025-08,proportional_stratified_random_sample
571,3520580,Sheep for the Stars,2025-08-06,2025-08,"[""Ace High Arcade""]","[""Ace High Arcade""]",False,True,False,False,success,game,299,299,0,USD,True,2.99,2.99,2026-09-12T15:26:53.355134+00:00,2025-08-06,2025-08-06,False,,20250911,2025-08,proportional_stratified_random_sample
572,3552970,We Don't Cry: Zombie Survival,2025-08-06,2025-08,"[""Bored Alchemist""]","[""DAHR INC""]",False,True,False,False,success,game,1199,1199,0,USD,True,11.99,11.99,2026-09-12T15:32:16.446183+00:00,2025-08-06,2025-08-06,False,,20250911,2025-08,proportional_stratified_random_sample
573,3837300,Against Tribulation,2025-08-06,2025-08,"[""wooviet""]","[""wooviet""]",False,True,False,False,success,game,299,299,0,USD,True,2.99,2.99,2026-09-12T17:06:24.655350+00:00,2025-08-06,2025-08-06,False,,20250911,2025-08,proportional_stratified_random_sample
574,3863220,Hypercore,2025-08-06,2025-08,"[""Hyperforg""]","[""WILD FROG STUDIOS""]",False,True,True,False,success,game,499,499,0,USD,True,4.99,4.99,2026-09-12T17:34:48.390728+00:00,2025-08-06,2025-08-06,False,,20250911,2025-08,proportional_stratified_random_sample
575,1201700,Warnament,2025-08-07,2025-08,"[""Luden.io""]","[""Luden.io""]",False,True,True,True,success,game,1299,935,28,USD,True,12.99,9.35,2026-09-12T13:03:10.282551+00:00,2025-08-07,2025-08-07,False,,20250911,2025-08,proportional_stratified_random_sample
576,1864000,Artis Impact,2025-08-07,2025-08,"[""Mas""]","[""Feuxon""]",False,True,False,False,success,game,1899,1899,0,USD,True,18.99,18.99,2026-09-12T13:14:24.213325+00:00,2025-08-07,2025-08-07,False,,20250911,2025-08,proportional_stratified_random_sample
577,2221390,Damned 2,2025-08-07,2025-08,"[""9heads Game Studios""]","[""Nuntius Games""]",False,True,False,False,success,game,1399,979,30,USD,True,13.99,9.79,2026-09-12T13:33:54.929790+00:00,2025-08-07,2025-08-07,False,,20250911,2025-08,proportional_stratified_random_sample
578,2538520,Double Date - Yuri Visual Novel,2025-08-07,2025-08,"[""Quill Yuri""]","[""Quill Yuri""]",False,True,False,True,success,game,499,499,0,USD,True,4.99,4.99,2026-09-12T13:47:50.211803+00:00,2025-08-07,2025-08-07,False,,20250911,2025-08,proportional_stratified_random_sample
579,2825390,My Adventure Book,2025-08-07,2025-08,"[""Kaser Studio""]","[""Kaser Studio""]",True,True,False,False,success,game,,,,,False,,,2026-09-12T14:02:04.336868+00:00,2025-08-07,2025-08-07,False,,20250911,2025-08,proportional_stratified_random_sample
580,2826670,Melting Encyclopedia,2025-08-07,2025-08,"[""Ivanka Wolpman""]","[""GATTACACA""]",False,True,False,False,success,game,499,499,0,USD,True,4.99,4.99,2026-09-12T14:02:08.586051+00:00,2025-08-07,2025-08-07,False,,20250911,2025-08,proportional_stratified_random_sample
581,2886700,Star Scum,2025-08-07,2025-08,"[""Soft Realm""]","[""Soft Realm""]",False,True,True,True,success,game,1499,1499,0,USD,True,14.99,14.99,2026-09-12T14:06:12.061169+00:00,2025-08-07,2025-08-07,False,,20250911,2025-08,proportional_stratified_random_sample
582,2915660,Pennon and Battle,2025-08-07,2025-08,"[""PB Studio""]","[""Luckycalf""]",False,True,False,False,success,game,1899,1899,0,USD,True,18.99,18.99,2026-09-12T14:08:36.039932+00:00,2025-08-07,2025-08-07,False,,20250911,2025-08,proportional_stratified_random_sample
583,3044220,Liminal Exit,2025-08-07,2025-08,"[""LittleRedDread""]","[""LittleRedDread""]",False,True,False,False,success,game,499,299,40,USD,True,4.99,2.99,2026-09-12T14:19:41.072411+00:00,2025-08-07,2025-08-07,False,,20250911,2025-08,proportional_stratified_random_sample
584,3214790,Shards of the Realm,2025-08-07,2025-08,"[""Yevhen Rebrakov""]","[""Yevhen Rebrakov""]",False,True,False,False,success,game,1999,1999,0,USD,True,19.99,19.99,2026-09-12T14:37:20.606559+00:00,2025-08-07,2025-08-07,False,,20250911,2025-08,proportional_stratified_random_sample
585,3445800,FISHTOPIA,2025-08-07,2025-08,"[""BountyGames""]","[""BountyGames""]",False,True,False,False,success,game,899,899,0,USD,True,8.99,8.99,2026-09-12T15:14:21.519808+00:00,2025-08-07,2025-08-07,False,,20250911,2025-08,proportional_stratified_random_sample
586,3540830,Novice in the world,2025-08-07,2025-08,"[""cainiaochuangjianghu""]","[""cainiaochuangjianghu""]",True,True,False,False,success,game,,,,,False,,,2026-09-12T15:30:12.134534+00:00,2025-08-07,2025-08-07,False,,20250911,2025-08,proportional_stratified_random_sample
587,3606830,Life in The Janitor's Room with A JK Girl,2025-08-07,2025-08,"[""キラ☆タマ""]","[""072 Project"",""072 News""]",False,True,False,False,success,game,1299,1026,21,USD,True,12.99,10.26,2026-09-12T15:43:49.389471+00:00,2025-08-07,2025-08-07,False,,20250911,2025-08,proportional_stratified_random_sample
588,3652330,The Attack on Egg Harbor,2025-08-07,2025-08,"[""TigerQiuQiu""]","[""TigerQiuQiu""]",False,True,False,False,success,game,799,799,0,USD,True,7.99,7.99,2026-09-12T15:55:30.368091+00:00,2025-08-07,2025-08-07,False,,20250911,2025-08,proportional_stratified_random_sample
589,3675290,Crystal Gaiden Origins,2025-08-07,2025-08,"[""Onipunks""]","[""Onipunks""]",False,True,True,False,success,game,1199,1199,0,USD,True,11.99,11.99,2026-09-12T16:01:05.323465+00:00,2025-08-07,2025-08-07,False,,20250911,2025-08,proportional_stratified_random_sample
590,3683710,限界シェフ,2025-08-07,2025-08,"[""OCG FCGD Division""]","[""株式会社ワンコネクト""]",False,True,False,False,success,game,399,159,60,USD,True,3.99,1.59,2026-09-12T16:03:00.818033+00:00,2025-08-07,2025-08-07,False,,20250911,2025-08,proportional_stratified_random_sample
591,3807550,Mycopsychosys: Remastered,2025-08-07,2025-08,"[""DeltaCat Studio ""]","[""DeltaCat Studio""]",False,True,False,False,success,game,499,499,0,USD,True,4.99,4.99,2026-09-12T16:44:14.442192+00:00,2025-08-07,2025-08-07,False,,20250911,2025-08,proportional_stratified_random_sample
592,3835170,Kimchi: A Stars in the Trash Story,2025-08-07,2025-08,"[""Valhalla Cats""]","[""Valhalla Cats"",""IndieArk""]",True,True,False,False,success,game,,,,,False,,,2026-09-12T17:05:26.727692+00:00,2025-08-07,2025-08-07,False,,20250911,2025-08,proportional_stratified_random_sample
593,3859300,Dancing with Shadows: Prologue,2025-08-07,2025-08,"[""Glass Umbrella Inc.""]","[""Glass Umbrella Inc.""]",True,True,False,False,success,game,,,,,False,,,2026-09-12T17:31:41.164498+00:00,2025-08-07,2025-08-07,False,,20250911,2025-08,proportional_stratified_random_sample
594,3864070,Sea Hotel : Fish Scales,2025-08-07,2025-08,"[""LionHead""]","[""LionHead""]",False,True,False,False,success,game,499,499,0,USD,True,4.99,4.99,2026-09-12T17:35:31.417106+00:00,2025-08-07,2025-08-07,False,,20250911,2025-08,proportional_stratified_random_sample
595,3872900,Vintage Pinball,2025-08-07,2025-08,"[""UpGround""]","[""UpGround""]",False,True,False,False,success,game,499,499,0,USD,True,4.99,4.99,2026-09-12T17:39:37.102470+00:00,2025-08-07,2025-08-07,False,,20250911,2025-08,proportional_stratified_random_sample
596,3882560,ShellPieces,2025-08-07,2025-08,"[""NoWords""]","[""NoWords""]",False,True,False,False,success,game,400,400,0,USD,True,4.0,4.0,2026-09-12T17:44:44.882068+00:00,2025-08-07,2025-08-07,False,,20250911,2025-08,proportional_stratified_random_sample
597,3883760,Stretcher Together,2025-08-07,2025-08,"[""Goosix Games""]","[""Goosix Games""]",False,True,False,False,success,game,499,499,0,USD,True,4.99,4.99,2026-09-12T17:45:09.857005+00:00,2025-08-07,2025-08-07,False,,20250911,2025-08,proportional_stratified_random_sample
598,3885750,Sudoku-X,2025-08-07,2025-08,"[""ggame""]","[""ggame""]",False,True,False,False,success,game,99,99,0,USD,True,0.99,0.99,2026-09-12T17:46:13.158674+00:00,2025-08-07,2025-08-07,False,,20250911,2025-08,proportional_stratified_random_sample
599,3885800,Sudoku-9,2025-08-07,2025-08,"[""ggame""]","[""ggame""]",False,True,False,False,success,game,99,99,0,USD,True,0.99,0.99,2026-09-12T17:46:15.276329+00:00,2025-08-07,2025-08-07,False,,20250911,2025-08,proportional_stratified_random_sample
600,3890210,Bandits vs Lords: Epic Clash,2025-08-07,2025-08,"[""Salomo Interiors SL""]","[""Salomo Interiors SL""]",True,True,False,False,success,game,,,,,False,,,2026-09-12T17:47:59.231619+00:00,2025-08-07,2025-08-07,False,,20250911,2025-08,proportional_stratified_random_sample
601,3892140,Sudoku-Zen,2025-08-07,2025-08,"[""walkgame""]","[""walkgame""]",False,True,False,False,success,game,199,69,65,USD,True,1.99,0.69,2026-09-12T17:49:13.482906+00:00,2025-08-07,2025-08-07,False,,20250911,2025-08,proportional_stratified_random_sample
602,2081880,Kathana,2025-08-08,2025-08,"[""Gameolic Development Studio""]","[""Gameolic Development Studio""]",True,True,True,True,success,game,,,,,False,,,2026-09-12T13:23:02.677305+00:00,2025-08-08,2025-08-08,False,,20250911,2025-08,proportional_stratified_random_sample
603,2440940,JUMPING JUMP NINJA,2025-08-08,2025-08,"[""TeamZ.co.,Ltd""]","[""TeamZ.co.,Ltd""]",False,True,False,False,success,game,699,699,0,USD,True,6.99,6.99,2026-09-12T13:43:13.410785+00:00,2025-08-08,2025-08-08,False,,20250911,2025-08,proportional_stratified_random_sample
604,2495640,World Wonders Hidden Histories 3,2025-08-08,2025-08,"[""8floor ltd""]","[""8floor ltd""]",False,True,False,False,success,game,1499,1499,0,USD,True,14.99,14.99,2026-09-12T13:46:11.999684+00:00,2025-08-08,2025-08-08,False,,20250911,2025-08,proportional_stratified_random_sample
605,2549240,Toree Saturn,2025-08-08,2025-08,"[""Siactro""]","[""Siactro""]",False,True,False,False,success,game,499,499,0,USD,True,4.99,4.99,2026-09-12T13:48:15.730960+00:00,2025-08-08,2025-08-08,False,,20250911,2025-08,proportional_stratified_random_sample
606,2771910,PANZERKAMPF®,2025-08-08,2025-08,"[""Krieg Games Ltd.""]","[""Krieg Games Ltd.""]",True,True,False,False,success,game,,,,,False,,,2026-09-12T13:58:47.111951+00:00,2025-08-08,2025-08-08,False,,20250911,2025-08,proportional_stratified_random_sample
607,3256840,Odyssey to the Frozen Legion,2025-08-08,2025-08,"[""Metal Grapes""]","[""Metal Grapes""]",False,True,False,False,success,game,299,299,0,USD,True,2.99,2.99,2026-09-12T14:41:35.186408+00:00,2025-08-08,2025-08-08,False,,20250911,2025-08,proportional_stratified_random_sample
608,3435920,Echoes of Forgotten Dreams,2025-08-08,2025-08,"[""Nomary"",""Sesame""]","[""PsychoFlux Entertainment""]",False,True,False,False,success,game,499,499,0,USD,True,4.99,4.99,2026-09-12T15:12:31.795524+00:00,2025-08-08,2025-08-08,False,,20250911,2025-08,proportional_stratified_random_sample
609,3456810,Frame Machina - OcularZero,2025-08-08,2025-08,"[""Demigrz""]","[""Demigrz""]",False,True,False,False,success,game,399,399,0,USD,True,3.99,3.99,2026-09-12T15:16:17.739417+00:00,2025-08-08,2025-08-08,False,,20250911,2025-08,proportional_stratified_random_sample
610,3470170,Queens Casino,2025-08-08,2025-08,"[""sartahouse""]","[""OTAKU Plan"",""NEWS""]",False,True,False,False,success,game,999,999,0,USD,True,9.99,9.99,2026-09-12T15:18:48.334200+00:00,2025-08-08,2025-08-08,False,,20250911,2025-08,proportional_stratified_random_sample
611,3639500,Dead by Backrooms Anomaly,2025-08-08,2025-08,"[""DarkRook Interactive""]","[""DarkRook Interactive""]",False,True,False,False,success,game,199,99,50,USD,True,1.99,0.99,2026-09-12T15:52:09.465630+00:00,2025-08-08,2025-08-08,False,,20250911,2025-08,proportional_stratified_random_sample
612,3652630,Bobbies Evolution,2025-08-08,2025-08,"[""BeverseStudio""]","[""BeverseStudio""]",False,True,False,False,success,game,299,299,0,USD,True,2.99,2.99,2026-09-12T15:55:32.431107+00:00,2025-08-08,2025-08-08,False,,20250911,2025-08,proportional_stratified_random_sample
613,3793120,Side Hustle City,2025-08-08,2025-08,"[""Kian Productions""]","[""Kian Productions""]",False,True,False,False,success,game,399,399,0,USD,True,3.99,3.99,2026-09-12T16:38:21.571204+00:00,2025-08-08,2025-08-08,False,,20250911,2025-08,proportional_stratified_random_sample
614,3809220,W.A.PU Space Orderty,2025-08-08,2025-08,"[""Lil Wild Studio""]","[""Lil Wild Studio""]",False,True,False,False,success,game,699,699,0,USD,True,6.99,6.99,2026-09-12T16:45:08.205386+00:00,2025-08-08,2025-08-08,False,,20250911,2025-08,proportional_stratified_random_sample
615,3815050,RESTORER,2025-08-08,2025-08,"[""Beshbarmak games""]","[""Beshbarmak games""]",False,True,False,False,success,game,499,499,0,USD,True,4.99,4.99,2026-09-12T16:49:03.239882+00:00,2025-08-08,2025-08-08,False,,20250911,2025-08,proportional_stratified_random_sample
616,3837080,Lightcore Guardians,2025-08-08,2025-08,"[""Jampot Games""]","[""Jampot Games""]",False,True,False,False,success,game,599,599,0,USD,True,5.99,5.99,2026-09-12T17:06:13.940857+00:00,2025-08-08,2025-08-08,False,,20250911,2025-08,proportional_stratified_random_sample
617,3848150,Habanero,2025-08-08,2025-08,"[""icopad""]","[""icopad""]",False,True,True,False,success,game,99,99,0,USD,True,0.99,0.99,2026-09-12T17:12:26.866819+00:00,2025-08-08,2025-08-08,False,,20250911,2025-08,proportional_stratified_random_sample
618,3849090,The Mind Snare,2025-08-08,2025-08,"[""wanderson_ods""]","[""GAMES ODS""]",False,True,False,False,success,game,599,599,0,USD,True,5.99,5.99,2026-09-12T17:13:02.765797+00:00,2025-08-08,2025-08-08,False,,20250911,2025-08,proportional_stratified_random_sample
619,3855000,Re:Call,2025-08-08,2025-08,"[""Re:Start""]","[""Re:Start""]",False,True,False,True,success,game,1899,1899,0,USD,True,18.99,18.99,2026-09-12T17:16:28.746793+00:00,2025-08-08,2025-08-08,False,,20250911,2025-08,proportional_stratified_random_sample
620,3863990,FOREST SURVIVAL,2025-08-08,2025-08,"[""友茘ゲームズ""]","[""友茘ゲームズ""]",False,True,False,False,success,game,99,99,0,USD,True,0.99,0.99,2026-09-12T17:35:24.929364+00:00,2025-08-08,2025-08-08,False,,20250911,2025-08,proportional_stratified_random_sample
621,3883840,Operation Dimera,2025-08-08,2025-08,"[""SupKai""]","[""SupKai""]",False,True,False,False,success,game,399,399,0,USD,True,3.99,3.99,2026-09-12T17:45:12.066001+00:00,2025-08-08,2025-08-08,False,,20250911,2025-08,proportional_stratified_random_sample
622,3886860,Suika Sprunki Edition,2025-08-08,2025-08,"[""Xenon Bloom""]","[""Xenon Bloom""]",False,True,False,False,success,game,199,199,0,USD,True,1.99,1.99,2026-09-12T17:46:47.052234+00:00,2025-08-08,2025-08-08,False,,20250911,2025-08,proportional_stratified_random_sample
623,3894150,VeryVeryHouse,2025-08-08,2025-08,"[""LuuuLuuuL""]","[""LuuuLuuuL""]",False,True,False,False,success,game,199,199,0,USD,True,1.99,1.99,2026-09-12T17:50:15.488367+00:00,2025-08-08,2025-08-08,False,,20250911,2025-08,proportional_stratified_random_sample
624,1623120,Chaos on Wheels,2025-08-09,2025-08,"[""Acodeon Development""]","[""Acodeon""]",False,True,False,False,success,game,999,499,50,USD,True,9.99,4.99,2026-09-12T13:09:24.605739+00:00,2025-08-09,2025-08-09,False,,20250911,2025-08,proportional_stratified_random_sample
625,2925970,The Unholy Priest,2025-08-09,2025-08,"[""Grejuva""]","[""Grejuva""]",False,True,False,False,success,game,999,999,0,USD,True,9.99,9.99,2026-09-12T14:09:27.605743+00:00,2025-08-09,2025-08-09,False,,20250911,2025-08,proportional_stratified_random_sample
626,3164400,Cats go! : Tactical Defense Braw,2025-08-09,2025-08,"[""Minimum Studio Corp.""]","[""Minimum Studio Corp.""]",False,True,True,True,success,game,499,499,0,USD,True,4.99,4.99,2026-09-12T14:31:23.933239+00:00,2025-08-09,2025-08-09,False,,20250911,2025-08,proportional_stratified_random_sample
627,3467310,BBQ Master,2025-08-09,2025-08,"[""Ancient""]","[""Ancient""]",False,True,False,False,success,game,499,499,0,USD,True,4.99,4.99,2026-09-12T15:18:16.288513+00:00,2025-08-09,2025-08-09,False,,20250911,2025-08,proportional_stratified_random_sample
628,3828800,City-Defence,2025-08-09,2025-08,"[""Earflap Hat Entertainment""]","[""Earflap Hat Entertainment""]",False,True,False,False,success,game,699,699,0,USD,True,6.99,6.99,2026-09-12T16:56:05.235046+00:00,2025-08-09,2025-08-09,False,,20250911,2025-08,proportional_stratified_random_sample
629,3003730,Fantasy Clicker,2025-08-10,2025-08,"[""Holy Games Studio""]","[""Holy Games Studio""]",False,True,False,False,success,game,499,499,0,USD,True,4.99,4.99,2026-09-12T14:15:23.248673+00:00,2025-08-10,2025-08-10,False,,20250911,2025-08,proportional_stratified_random_sample
630,3094140,Resurrection of Santiago,2025-08-10,2025-08,"[""Kaelan Leverington""]","[""Kaelan Leverington""]",True,True,False,False,success,game,,,,,False,,,2026-09-12T14:24:13.540777+00:00,2025-08-10,2025-08-10,False,,20250911,2025-08,proportional_stratified_random_sample
631,3513430,DashFire,2025-08-10,2025-08,"[""Team DashFire""]","[""Team DashFire""]",True,True,False,False,success,game,,,,,False,,,2026-09-12T15:25:36.470938+00:00,2025-08-10,2025-08-10,False,,20250911,2025-08,proportional_stratified_random_sample
632,3603580,Whisker Wanderlust: The Wondrous Journey,2025-08-10,2025-08,"[""MEOW STORE GAME""]","[""Gamersky Games"",""MEOW STORE GAME""]",False,True,True,False,success,game,699,699,0,USD,True,6.99,6.99,2026-09-12T15:42:58.643195+00:00,2025-08-10,2025-08-10,False,,20250911,2025-08,proportional_stratified_random_sample
633,3894860,How Your Package Gets Delivered,2025-08-10,2025-08,"[""MindPlayPark""]","[""MindPlayPark""]",True,True,False,False,success,game,,,,,False,,,2026-09-12T17:50:45.639205+00:00,2025-08-10,2025-08-10,False,,20250911,2025-08,proportional_stratified_random_sample
634,1058710,Monarch : Medieval Remastered,2025-08-11,2025-08,"[""Mr.Lordy""]","[""Mr.Lordy""]",False,True,False,False,success,game,1199,1199,0,USD,True,11.99,11.99,2026-09-12T12:54:03.802165+00:00,2025-08-11,2025-08-11,False,,20250911,2025-08,proportional_stratified_random_sample
635,2784440,Storage Looter,2025-08-11,2025-08,"[""Tekila""]","[""Tekila""]",False,True,False,False,success,game,799,799,0,USD,True,7.99,7.99,2026-09-12T13:59:25.176092+00:00,2025-08-11,2025-08-11,False,,20250911,2025-08,proportional_stratified_random_sample
636,3035880,Devil's Drizzle,2025-08-11,2025-08,"[""Cozy Creeps Games"",""Filipe Acosta""]","[""ZNT Productions""]",False,True,False,True,success,game,999,999,0,USD,True,9.99,9.99,2026-09-12T14:18:39.349047+00:00,2025-08-11,2025-08-11,False,,20250911,2025-08,proportional_stratified_random_sample
637,3121860,Nocturnal Whispers,2025-08-11,2025-08,"[""FMV Interactive""]","[""FMV Interactive""]",False,True,False,False,success,game,1499,1499,0,USD,True,14.99,14.99,2026-09-12T14:27:36.856974+00:00,2025-08-11,2025-08-11,False,,20250911,2025-08,proportional_stratified_random_sample
638,3181260,Catolonizer,2025-08-11,2025-08,"[""Alin Games""]","[""Alin Games""]",False,True,False,False,success,game,599,599,0,USD,True,5.99,5.99,2026-09-12T14:33:13.094041+00:00,2025-08-11,2025-08-11,False,,20250911,2025-08,proportional_stratified_random_sample
639,3361760,Metabrawl,2025-08-11,2025-08,"[""TNT Studio""]","[""TNT Studio""]",True,True,False,False,success,game,,,,,False,,,2026-09-12T15:00:48.787940+00:00,2025-08-11,2025-08-11,False,,20250911,2025-08,proportional_stratified_random_sample
640,3370050,Bam Bam Boom,2025-08-11,2025-08,"[""Oh Baby Games""]","[""Oh Baby Games""]",True,True,False,False,success,game,,,,,False,,,2026-09-12T15:02:21.389438+00:00,2025-08-11,2025-08-11,False,,20250911,2025-08,proportional_stratified_random_sample
641,3461520,Egg Chicken Farm,2025-08-11,2025-08,"[""慢慢虫 LazyWorm""]","[""慢慢虫 LazyWorm""]",False,True,False,False,success,game,299,299,0,USD,True,2.99,2.99,2026-09-12T15:17:04.743692+00:00,2025-08-11,2025-08-11,False,,20250911,2025-08,proportional_stratified_random_sample
642,3473840,The Light and the Shadow,2025-08-11,2025-08,"[""EnrolaDev""]","[""EnrolaDev""]",False,True,False,False,success,game,599,599,0,USD,True,5.99,5.99,2026-09-12T15:19:14.473749+00:00,2025-08-11,2025-08-11,False,,20250911,2025-08,proportional_stratified_random_sample
643,3475490,Sinoda,2025-08-11,2025-08,"[""Maple Bay""]","[""Maple Bay""]",False,True,True,False,success,game,1199,1199,0,USD,True,11.99,11.99,2026-09-12T15:19:36.143557+00:00,2025-08-11,2025-08-11,False,,20250911,2025-08,proportional_stratified_random_sample
644,3729770,The Wind and the Wisp,2025-08-11,2025-08,"[""Lil Buddy Productions""]","[""USC Games""]",True,True,True,False,success,game,,,,,False,,,2026-09-12T16:19:17.505345+00:00,2025-08-11,2025-08-11,False,,20250911,2025-08,proportional_stratified_random_sample
645,3733620,Relaxing Farm: Merge Tales,2025-08-11,2025-08,"[""LeeT Game""]","[""LeeT Game""]",False,True,False,False,success,game,499,499,0,USD,True,4.99,4.99,2026-09-12T16:20:04.123103+00:00,2025-08-11,2025-08-11,False,,20250911,2025-08,proportional_stratified_random_sample
646,3778770,Ignis Dei,2025-08-11,2025-08,"[""Jam Bell Games""]","[""Jam Bell Games""]",True,True,False,False,success,game,,,,,False,,,2026-09-12T16:33:30.794575+00:00,2025-08-11,2025-08-11,False,,20250911,2025-08,proportional_stratified_random_sample
647,3788740,Dino Explore,2025-08-11,2025-08,"[""Simon Nordlöw""]","[""Simon Nordlöw""]",False,True,False,False,success,game,299,299,0,USD,True,2.99,2.99,2026-09-12T16:36:36.818533+00:00,2025-08-11,2025-08-11,False,,20250911,2025-08,proportional_stratified_random_sample
648,3826460,Looking For Waifu,2025-08-11,2025-08,"[""UnemployedGuyGames""]","[""UnemployedGuyGames""]",False,True,False,False,success,game,199,199,0,USD,True,1.99,1.99,2026-09-12T16:55:02.830959+00:00,2025-08-11,2025-08-11,False,,20250911,2025-08,proportional_stratified_random_sample
649,3869160,Info Fighter,2025-08-11,2025-08,"[""Paulean""]","[""Paulean""]",False,True,False,False,success,game,199,199,0,USD,True,1.99,1.99,2026-09-12T17:37:42.155300+00:00,2025-08-11,2025-08-11,False,,20250911,2025-08,proportional_stratified_random_sample
650,3878490,Santas Little Helper,2025-08-11,2025-08,"[""Keyjoker Games""]","[""Keyjoker Games""]",False,True,False,False,success,game,99,99,0,USD,True,0.99,0.99,2026-09-12T17:42:41.831018+00:00,2025-08-11,2025-08-11,False,,20250911,2025-08,proportional_stratified_random_sample
651,3885160,Drunk But Not Wasted Knight,2025-08-11,2025-08,"[""BRB Drama""]","[""BRB Drama""]",False,True,True,False,success,game,1299,1299,0,USD,True,12.99,12.99,2026-09-12T17:45:56.519641+00:00,2025-08-11,2025-08-11,False,,20250911,2025-08,proportional_stratified_random_sample
652,3891850,Fate of Gun,2025-08-11,2025-08,"[""chunchun""]","[""bobo""]",True,True,False,False,success,game,,,,,False,,,2026-09-12T17:48:54.288028+00:00,2025-08-11,2025-08-11,False,,20250911,2025-08,proportional_stratified_random_sample
653,3897330,College Baseball: Dynasty Builder,2025-08-11,2025-08,"[""Rainey Studios""]","[""Rainey Studios""]",False,True,False,False,success,game,2499,2499,0,USD,True,24.99,24.99,2026-09-12T17:52:12.763673+00:00,2025-08-11,2025-08-11,False,,20250911,2025-08,proportional_stratified_random_sample
654,3897850,Hyperspace Hub Manager,2025-08-11,2025-08,"[""Uncanny Mercantile""]","[""Uncanny Mercantile""]",False,True,False,False,success,game,99,99,0,USD,True,0.99,0.99,2026-09-12T17:52:33.617548+00:00,2025-08-11,2025-08-11,False,,20250911,2025-08,proportional_stratified_random_sample
655,3901990,Apoclone,2025-08-11,2025-08,"[""R2 Games""]","[""R2 Games""]",True,True,False,False,success,game,,,,,False,,,2026-09-12T17:54:26.651537+00:00,2025-08-11,2025-08-11,False,,20250911,2025-08,proportional_stratified_random_sample
656,3903620,Just Another Night,2025-08-11,2025-08,"[""Room13Games""]","[""Room13Games""]",False,True,False,False,success,game,799,399,50,USD,True,7.99,3.99,2026-09-12T17:55:11.463397+00:00,2025-08-11,2025-08-11,False,,20250911,2025-08,proportional_stratified_random_sample
657,3904800,Pirate Guy,2025-08-11,2025-08,"[""Cow Games""]","[""Cow Games""]",False,True,False,False,success,game,299,299,0,USD,True,2.99,2.99,2026-09-12T17:55:26.558588+00:00,2025-08-11,2025-08-11,False,,20250911,2025-08,proportional_stratified_random_sample
658,1951060,Fantasy Zoo,2025-08-12,2025-08,"[""Major Parus Games""]","[""Major Parus Games""]",False,True,False,False,success,game,899,899,0,USD,True,8.99,8.99,2026-09-12T13:16:48.664664+00:00,2025-08-12,2025-08-12,False,,20250911,2025-08,proportional_stratified_random_sample
659,3067620,CROW,2025-08-12,2025-08,"[""Uniday Studio""]","[""Uniday Studio""]",False,True,False,False,success,game,999,999,0,USD,True,9.99,9.99,2026-09-12T14:21:44.719786+00:00,2025-08-12,2025-08-12,False,,20250911,2025-08,proportional_stratified_random_sample
660,3362660,World War Z VR,2025-08-12,2025-08,"[""Saber Interactive Inc.""]","[""Saber Interactive Inc.""]",False,True,False,False,success,game,1999,1999,0,USD,True,19.99,19.99,2026-09-12T15:00:57.266943+00:00,2025-08-12,2025-08-12,False,,20250911,2025-08,proportional_stratified_random_sample
661,3576060,Project Origin,2025-08-12,2025-08,"[""Rouge Studio""]","[""Rouge Studio""]",True,True,True,False,success,game,,,,,False,,,2026-09-12T15:37:03.008450+00:00,2025-08-12,2025-08-12,False,,20250911,2025-08,proportional_stratified_random_sample
662,3653300,Up To Divine,2025-08-12,2025-08,"[""GHSPG""]","[""GHSPG""]",False,True,False,False,success,game,499,499,0,USD,True,4.99,4.99,2026-09-12T15:55:41.015453+00:00,2025-08-12,2025-08-12,False,,20250911,2025-08,proportional_stratified_random_sample
663,3755360,Keep 'Em Out!,2025-08-12,2025-08,"[""Warbourne Games""]","[""Warbourne Games""]",True,True,False,False,success,game,,,,,False,,,2026-09-12T16:26:28.337806+00:00,2025-08-12,2025-08-12,False,,20250911,2025-08,proportional_stratified_random_sample
664,3802720,Lone Labyrinth,2025-08-12,2025-08,"[""Daedalus Studios""]","[""Azure Ravens Entertainment LLC""]",False,True,False,False,success,game,499,499,0,USD,True,4.99,4.99,2026-09-12T16:42:13.467922+00:00,2025-08-12,2025-08-12,False,,20250911,2025-08,proportional_stratified_random_sample
665,3813150,Lone Labyrinth: Burden of the Just,2025-08-12,2025-08,"[""Daedalus Studios""]","[""Azure Ravens Entertainment LLC""]",False,True,False,False,success,game,499,499,0,USD,True,4.99,4.99,2026-09-12T16:47:40.752627+00:00,2025-08-12,2025-08-12,False,,20250911,2025-08,proportional_stratified_random_sample
666,3821190,ささゆめしき,2025-08-12,2025-08,"[""うにゃネコシアター""]","[""うにゃネコシアター""]",False,True,False,False,success,game,199,199,0,USD,True,1.99,1.99,2026-09-12T16:52:01.938300+00:00,2025-08-12,2025-08-12,False,,20250911,2025-08,proportional_stratified_random_sample
667,3843530,Forgotten Realms: Demon Stone,2025-08-12,2025-08,"[""Stormfront Studios""]","[""SNEG""]",False,True,False,False,success,game,999,669,33,USD,True,9.99,6.69,2026-09-12T17:10:10.455817+00:00,2025-08-12,2025-08-12,False,,20250911,2025-08,proportional_stratified_random_sample
668,3861930,Pieces To Find,2025-08-12,2025-08,"[""NightTime Co.""]","[""NightTime Co.""]",False,True,False,False,success,game,699,699,0,USD,True,6.99,6.99,2026-09-12T17:33:34.869503+00:00,2025-08-12,2025-08-12,False,,20250911,2025-08,proportional_stratified_random_sample
669,3862700,A Minor Pest Problem,2025-08-12,2025-08,"[""SN PixelWorks""]","[""SN PixelWorks""]",False,True,False,False,success,game,499,499,0,USD,True,4.99,4.99,2026-09-12T17:34:05.065606+00:00,2025-08-12,2025-08-12,False,,20250911,2025-08,proportional_stratified_random_sample
670,3880170,Hope - The Game,2025-08-12,2025-08,"[""sin3rgystudios""]","[""sin3rgystudios""]",False,True,False,False,success,game,581,581,0,USD,True,5.81,5.81,2026-09-12T17:43:36.757917+00:00,2025-08-12,2025-08-12,False,,20250911,2025-08,proportional_stratified_random_sample
671,2221780,Metavoidal,2025-08-13,2025-08,"[""Yellow Lab Games""]","[""Yellow Lab Games""]",False,True,True,False,success,game,1499,1499,0,USD,True,14.99,14.99,2026-09-12T13:33:57.025172+00:00,2025-08-13,2025-08-13,False,,20250911,2025-08,proportional_stratified_random_sample
672,2701720,Wagotabi: A Japanese Journey,2025-08-13,2025-08,"[""Wagotabi Limited""]","[""Wagotabi Limited""]",False,True,True,True,success,game,999,999,0,USD,True,9.99,9.99,2026-09-12T13:55:09.168217+00:00,2025-08-13,2025-08-13,False,,20250911,2025-08,proportional_stratified_random_sample
673,2788430,Alchemy of the Earth,2025-08-13,2025-08,"[""Tamalpais Games""]","[""Tamalpais Games""]",False,True,False,False,success,game,799,799,0,USD,True,7.99,7.99,2026-09-12T13:59:48.530446+00:00,2025-08-13,2025-08-13,False,,20250911,2025-08,proportional_stratified_random_sample
674,3025280,swingmania,2025-08-13,2025-08,"[""Cat Games""]","[""Cat Games""]",True,True,False,True,success,game,,,,,False,,,2026-09-12T14:17:22.518701+00:00,2025-08-13,2025-08-13,False,,20250911,2025-08,proportional_stratified_random_sample
675,3444220,NiuMa,2025-08-13,2025-08,"[""Game Star""]","[""Game Star""]",False,True,False,False,success,game,599,599,0,USD,True,5.99,5.99,2026-09-12T15:13:56.842951+00:00,2025-08-13,2025-08-13,False,,20250911,2025-08,proportional_stratified_random_sample
676,3488970,极速营救,2025-08-13,2025-08,"[""优映文化"",""想象颗粒""]","[""想象颗粒""]",False,True,False,False,success,game,999,999,0,USD,True,9.99,9.99,2026-09-12T15:21:46.172315+00:00,2025-08-13,2025-08-13,False,,20250911,2025-08,proportional_stratified_random_sample
677,3553260,QuickMaze,2025-08-13,2025-08,"[""no tilt""]","[""no tilt""]",False,True,False,False,success,game,99,99,0,USD,True,0.99,0.99,2026-09-12T15:32:20.673128+00:00,2025-08-13,2025-08-13,False,,20250911,2025-08,proportional_stratified_random_sample
678,3686840,Under the Ruin,2025-08-13,2025-08,"[""YETS""]","[""YETS""]",False,True,False,False,success,game,599,599,0,USD,True,5.99,5.99,2026-09-12T16:05:26.595138+00:00,2025-08-13,2025-08-13,False,,20250911,2025-08,proportional_stratified_random_sample
679,3686930,TOUQI,2025-08-13,2025-08,"[""橙光游戏""]","[""Paleo""]",False,True,False,False,success,game,499,499,0,USD,True,4.99,4.99,2026-09-12T16:05:30.830682+00:00,2025-08-13,2025-08-13,False,,20250911,2025-08,proportional_stratified_random_sample
680,3692260,Booster,2025-08-13,2025-08,"[""mar""]","[""mar""]",True,True,False,False,success,game,,,,,False,,,2026-09-12T16:07:32.354590+00:00,2025-08-13,2025-08-13,False,,20250911,2025-08,proportional_stratified_random_sample
681,3698050,Remembering Emily - Mystery visual novel,2025-08-13,2025-08,"[""Tortita Studio""]","[""Tortita Studio""]",False,True,True,True,success,game,399,399,0,USD,True,3.99,3.99,2026-09-12T16:08:54.179882+00:00,2025-08-13,2025-08-13,False,,20250911,2025-08,proportional_stratified_random_sample
682,3809630,Detecti Meow,2025-08-13,2025-08,"[""牢猫工作室""]","[""牢猫工作室""]",False,True,False,False,success,game,130,130,0,USD,True,1.3,1.3,2026-09-12T16:45:29.583259+00:00,2025-08-13,2025-08-13,False,,20250911,2025-08,proportional_stratified_random_sample
683,633080,Relic Hunters Legend,2025-08-14,2025-08,"[""Rogue Snail""]","[""Rogue Snail""]",False,True,False,False,success,game,1999,1999,0,USD,True,19.99,19.99,2026-09-12T12:52:10.453510+00:00,2025-08-14,2025-08-14,False,,20250911,2025-08,proportional_stratified_random_sample
684,2182990,Autumn with the Shiba Inu,2025-08-14,2025-08,"[""Quill Game Studios""]","[""Quill Game Studios""]",False,True,False,True,success,game,799,799,0,USD,True,7.99,7.99,2026-09-12T13:32:35.690265+00:00,2025-08-14,2025-08-14,False,,20250911,2025-08,proportional_stratified_random_sample
685,2234150,BACKROOMS: APPREHENSION,2025-08-14,2025-08,"[""DMNT Interactive""]","[""DMNT Interactive""]",False,True,False,False,success,game,299,299,0,USD,True,2.99,2.99,2026-09-12T13:34:18.246383+00:00,2025-08-14,2025-08-14,False,,20250911,2025-08,proportional_stratified_random_sample
686,2430170,Hidden Pass,2025-08-14,2025-08,"[""GG Interactive"",""GG Studio""]","[""GG Interactive""]",False,True,False,False,success,game,999,999,0,USD,True,9.99,9.99,2026-09-12T13:42:45.998013+00:00,2025-08-14,2025-08-14,False,,20250911,2025-08,proportional_stratified_random_sample
687,2451310,Monster Mop Up,2025-08-14,2025-08,"[""Terahard Ltd""]","[""Yogscast Games""]",False,True,False,False,success,game,1499,1499,0,USD,True,14.99,14.99,2026-09-12T13:43:52.056200+00:00,2025-08-14,2025-08-14,False,,20250911,2025-08,proportional_stratified_random_sample
688,2936470,A Fistful Of Yankees,2025-08-14,2025-08,"[""Pulsar Creation""]","[""Pulsar Creation"",""indie.io""]",False,True,False,True,success,game,699,699,0,USD,True,6.99,6.99,2026-09-12T14:10:36.941112+00:00,2025-08-14,2025-08-14,False,,20250911,2025-08,proportional_stratified_random_sample
689,2987110,Necromancer For A Week,2025-08-14,2025-08,"[""QuietPenguinGaming""]","[""QuietPenguinGaming""]",False,True,False,False,success,game,799,799,0,USD,True,7.99,7.99,2026-09-12T14:13:54.204209+00:00,2025-08-14,2025-08-14,False,,20250911,2025-08,proportional_stratified_random_sample
690,3126880,Beneath The Six,2025-08-14,2025-08,"[""Magicave""]","[""Magicave""]",False,True,True,False,success,game,799,799,0,USD,True,7.99,7.99,2026-09-12T14:28:08.752304+00:00,2025-08-14,2025-08-14,False,,20250911,2025-08,proportional_stratified_random_sample
691,3141310,Inkshade,2025-08-14,2025-08,"[""Studio Vezelle""]","[""Studio Vezelle""]",False,True,False,False,success,game,1999,1999,0,USD,True,19.99,19.99,2026-09-12T14:29:41.358992+00:00,2025-08-14,2025-08-14,False,,20250911,2025-08,proportional_stratified_random_sample
692,3217820,Relictus: Blackout,2025-08-14,2025-08,"[""Grostphere Arts""]","[""Grostphere Arts""]",True,True,False,False,success,game,,,,,False,,,2026-09-12T14:37:37.690109+00:00,2025-08-14,2025-08-14,False,,20250911,2025-08,proportional_stratified_random_sample
693,3294020,Contra Spem Spero,2025-08-14,2025-08,"[""DADZINGO""]","[""DADZINGO""]",False,True,False,True,success,game,999,999,0,USD,True,9.99,9.99,2026-09-12T14:52:36.589522+00:00,2025-08-14,2025-08-14,False,,20250911,2025-08,proportional_stratified_random_sample
694,3374920,Games of the Monarch's Eye,2025-08-14,2025-08,"[""Choice of Games""]","[""Choice of Games""]",False,True,True,True,success,game,599,599,0,USD,True,5.99,5.99,2026-09-12T15:03:01.139122+00:00,2025-08-14,2025-08-14,False,,20250911,2025-08,proportional_stratified_random_sample
695,3420690,BLOODKILL: Goreblast Overkill,2025-08-14,2025-08,"[""SLAM AWAY GAMES""]","[""SLAM AWAY GAMES""]",False,True,False,False,success,game,999,999,0,USD,True,9.99,9.99,2026-09-12T15:09:48.608984+00:00,2025-08-14,2025-08-14,False,,20250911,2025-08,proportional_stratified_random_sample
696,3458220,Station Master RPG,2025-08-14,2025-08,"[""Telegraph Studios""]","[""Telegraph Studios""]",False,True,False,False,success,game,1199,1199,0,USD,True,11.99,11.99,2026-09-12T15:16:32.797219+00:00,2025-08-14,2025-08-14,False,,20250911,2025-08,proportional_stratified_random_sample
697,3544100,重返大学时代,2025-08-14,2025-08,"[""liniu""]","[""liniu""]",False,True,False,False,success,game,399,399,0,USD,True,3.99,3.99,2026-09-12T15:30:48.502317+00:00,2025-08-14,2025-08-14,False,,20250911,2025-08,proportional_stratified_random_sample
698,3556750,"Warhammer 40,000: Dawn of War - Definitive Edition",2025-08-14,2025-08,"[""Relic Entertainment""]","[""Relic Entertainment ""]",False,True,False,False,success,game,2999,2099,30,USD,True,29.99,20.99,2026-09-12T15:33:13.200207+00:00,2025-08-14,2025-08-14,False,,20250911,2025-08,proportional_stratified_random_sample
699,3612060,Idle Land of Exile,2025-08-14,2025-08,"[""所以然""]","[""Wise Games""]",False,True,False,False,success,game,499,499,0,USD,True,4.99,4.99,2026-09-12T15:44:47.339725+00:00,2025-08-14,2025-08-14,False,,20250911,2025-08,proportional_stratified_random_sample
700,3633940,microFISHER,2025-08-14,2025-08,"[""DreamDeveloper-Studio""]","[""DreamDeveloper-Studio""]",False,True,False,False,success,game,699,699,0,USD,True,6.99,6.99,2026-09-12T15:50:31.085882+00:00,2025-08-14,2025-08-14,False,,20250911,2025-08,proportional_stratified_random_sample
701,3749540,Steampunk Idle Spinner,2025-08-14,2025-08,"[""Airapport""]","[""Airapport""]",False,True,True,True,success,game,499,499,0,USD,True,4.99,4.99,2026-09-12T16:24:31.548838+00:00,2025-08-14,2025-08-14,False,,20250911,2025-08,proportional_stratified_random_sample
702,3807790,Vertex,2025-08-14,2025-08,"[""Komodor Games""]","[""Komodor Games""]",False,True,False,False,success,game,99,99,0,USD,True,0.99,0.99,2026-09-12T16:44:25.200147+00:00,2025-08-14,2025-08-14,False,,20250911,2025-08,proportional_stratified_random_sample
703,3808890,Holy Carrot Simulator,2025-08-14,2025-08,"[""Lunar Code Studio""]","[""Lunar Code Studio""]",False,True,False,False,success,game,199,199,0,USD,True,1.99,1.99,2026-09-12T16:44:59.692060+00:00,2025-08-14,2025-08-14,False,,20250911,2025-08,proportional_stratified_random_sample
704,3819600,Proxima Divide,2025-08-14,2025-08,"[""Emberline Studios""]","[""Emberline Studios""]",False,True,False,False,success,game,1999,1999,0,USD,True,19.99,19.99,2026-09-12T16:51:17.058851+00:00,2025-08-14,2025-08-14,False,,20250911,2025-08,proportional_stratified_random_sample
705,3823150,Bird Like,2025-08-14,2025-08,"[""SoftPower""]","[""SoftPower""]",False,True,False,False,success,game,299,299,0,USD,True,2.99,2.99,2026-09-12T16:53:22.469126+00:00,2025-08-14,2025-08-14,False,,20250911,2025-08,proportional_stratified_random_sample
706,3823840,Kebabstar: Prologue🌯,2025-08-14,2025-08,"[""Zeybek""]","[""Zeybek""]",True,True,False,False,success,game,,,,,False,,,2026-09-12T16:53:50.217271+00:00,2025-08-14,2025-08-14,False,,20250911,2025-08,proportional_stratified_random_sample
707,3866730,試される大地 Challenging Land,2025-08-14,2025-08,"[""POCOYA""]","[""POCOYA""]",True,True,False,False,success,game,,,,,False,,,2026-09-12T17:36:21.988044+00:00,2025-08-14,2025-08-14,False,,20250911,2025-08,proportional_stratified_random_sample
708,3895680,University Is Hell,2025-08-14,2025-08,"[""Marcelinho Games""]","[""Marcelinho Games""]",False,True,False,False,success,game,499,499,0,USD,True,4.99,4.99,2026-09-12T17:51:19.796886+00:00,2025-08-14,2025-08-14,False,,20250911,2025-08,proportional_stratified_random_sample
709,3905680,Méli-Mélo : L'odyssée de la crème de marrons,2025-08-14,2025-08,"[""Gaming Campus""]","[""Fatbros 2.0""]",True,True,False,False,success,game,,,,,False,,,2026-09-12T17:55:43.465994+00:00,2025-08-14,2025-08-14,False,,20250911,2025-08,proportional_stratified_random_sample
710,3907610,君の心臓とコスモスを見る,2025-08-14,2025-08,"[""まるソフト""]","[""まるソフト""]",False,True,False,False,success,game,99,99,0,USD,True,0.99,0.99,2026-09-12T17:56:44.763527+00:00,2025-08-14,2025-08-14,False,,20250911,2025-08,proportional_stratified_random_sample
711,267390,Revolution Editions - Shadow & Steel,2025-08-15,2025-08,"[""Antstream Ltd""]","[""Revolution Software Ltd""]",False,True,False,False,success,game,1799,1799,0,USD,True,17.99,17.99,2026-09-12T12:51:25.865935+00:00,2025-08-15,2025-08-15,False,,20250911,2025-08,proportional_stratified_random_sample
712,1869290,Supraworld,2025-08-15,2025-08,"[""Supra Games""]","[""Supra Games""]",False,True,False,False,success,game,2999,2549,15,USD,True,29.99,25.49,2026-09-12T13:14:43.413307+00:00,2025-08-15,2025-08-15,False,,20250911,2025-08,proportional_stratified_random_sample
713,2776450,Multiverse Loot Hunter,2025-08-15,2025-08,"[""游戏养家工作室""]","[""游戏养家工作室""]",False,True,False,False,success,game,1199,1079,10,USD,True,11.99,10.79,2026-09-12T13:58:59.842001+00:00,2025-08-15,2025-08-15,False,,20250911,2025-08,proportional_stratified_random_sample
714,2845770,The Giant Crab in Space,2025-08-15,2025-08,"[""TensionSplice""]","[""TensionSplice""]",False,True,False,False,success,game,799,799,0,USD,True,7.99,7.99,2026-09-12T14:03:27.430296+00:00,2025-08-15,2025-08-15,False,,20250911,2025-08,proportional_stratified_random_sample
715,3080530,Project X: Light Years,2025-08-15,2025-08,"[""MK_Games""]","[""MK_Games""]",False,True,False,True,success,game,1799,1799,0,USD,True,17.99,17.99,2026-09-12T14:23:01.430847+00:00,2025-08-15,2025-08-15,False,,20250911,2025-08,proportional_stratified_random_sample
716,3304050,日進月歩,2025-08-15,2025-08,"[""ユキハラ創作企画""]","[""テラサレ (Terrace and Ray Ltd.)""]",False,True,False,False,success,game,999,999,0,USD,True,9.99,9.99,2026-09-12T14:53:41.617970+00:00,2025-08-15,2025-08-15,False,,20250911,2025-08,proportional_stratified_random_sample
717,3502020,Sometimes Toast is O.K.,2025-08-15,2025-08,"[""Team Toast""]","[""MAGIC Spell Studios""]",False,True,False,False,success,game,499,499,0,USD,True,4.99,4.99,2026-09-12T15:23:23.512886+00:00,2025-08-15,2025-08-15,False,,20250911,2025-08,proportional_stratified_random_sample
718,3530490,Fadedlands: The Reckless Squad,2025-08-15,2025-08,"[""ForindGames""]","[""OKJOY""]",False,True,False,False,success,game,599,599,0,USD,True,5.99,5.99,2026-09-12T15:28:16.145684+00:00,2025-08-15,2025-08-15,False,,20250911,2025-08,proportional_stratified_random_sample
719,3579360,Caveman Jump Jump,2025-08-15,2025-08,"[""Twisted Fingers Games""]","[""Twisted Fingers Games""]",False,True,True,False,success,game,199,199,0,USD,True,1.99,1.99,2026-09-12T15:37:38.855253+00:00,2025-08-15,2025-08-15,False,,20250911,2025-08,proportional_stratified_random_sample
720,3620120,Find Cats 4 女神与猫,2025-08-15,2025-08,"[""Happy Fish""]","[""Happy Fish""]",False,True,False,False,success,game,199,199,0,USD,True,1.99,1.99,2026-09-12T15:46:44.832101+00:00,2025-08-15,2025-08-15,False,,20250911,2025-08,proportional_stratified_random_sample
721,3635710,Ancient TD,2025-08-15,2025-08,"[""Ancient TD""]","[""Ancient TD""]",False,True,False,True,success,game,499,149,70,USD,True,4.99,1.49,2026-09-12T15:50:58.993380+00:00,2025-08-15,2025-08-15,False,,20250911,2025-08,proportional_stratified_random_sample
722,3669400,A Spooky Item Game,2025-08-15,2025-08,"[""Fralf Games""]","[""Fralf Games""]",False,True,False,False,success,game,399,399,0,USD,True,3.99,3.99,2026-09-12T15:59:19.594299+00:00,2025-08-15,2025-08-15,False,,20250911,2025-08,proportional_stratified_random_sample
723,3755860,BLACK SOULS,2025-08-15,2025-08,"[""Eeny, meeny, miny, moe?""]","[""OTAKU Plan"",""NEWS""]",False,True,False,False,success,game,1399,1399,0,USD,True,13.99,13.99,2026-09-12T16:26:41.021450+00:00,2025-08-15,2025-08-15,False,,20250911,2025-08,proportional_stratified_random_sample
724,3769970,The King of Tower Defense,2025-08-15,2025-08,"[""Daruma The Factory, Inc.""]","[""Daruma The Factory, Inc.""]",False,True,False,False,success,game,999,999,0,USD,True,9.99,9.99,2026-09-12T16:30:57.544421+00:00,2025-08-15,2025-08-15,False,,20250911,2025-08,proportional_stratified_random_sample
725,3817090,Vigil,2025-08-15,2025-08,"[""Singularity Studios""]","[""Singularity Studios""]",True,True,False,False,success,game,,,,,False,,,2026-09-12T16:50:03.497479+00:00,2025-08-15,2025-08-15,False,,20250911,2025-08,proportional_stratified_random_sample
726,3840600,TileGuesser,2025-08-15,2025-08,"[""Markus Tohn""]","[""Markus Tohn""]",False,True,False,False,success,game,299,299,0,USD,True,2.99,2.99,2026-09-12T17:08:21.926270+00:00,2025-08-15,2025-08-15,False,,20250911,2025-08,proportional_stratified_random_sample
727,3867530,Way to Town,2025-08-15,2025-08,"[""Colos Games""]","[""Colos Games""]",False,True,False,False,success,game,199,199,0,USD,True,1.99,1.99,2026-09-12T17:36:37.042053+00:00,2025-08-15,2025-08-15,False,,20250911,2025-08,proportional_stratified_random_sample
728,3879250,Your Sister,2025-08-15,2025-08,"[""XinZhai""]","[""XinZhai""]",False,True,False,False,success,game,99,99,0,USD,True,0.99,0.99,2026-09-12T17:43:11.376737+00:00,2025-08-15,2025-08-15,False,,20250911,2025-08,proportional_stratified_random_sample
729,3883520,Just Waiting Cats,2025-08-15,2025-08,"[""TRUSO""]","[""TRUSO""]",False,True,False,False,success,game,99,99,0,USD,True,0.99,0.99,2026-09-12T17:45:03.650001+00:00,2025-08-15,2025-08-15,False,,20250911,2025-08,proportional_stratified_random_sample
730,3888790,ExitApartment,2025-08-15,2025-08,"[""Joseph""]","[""Joseph""]",False,True,False,False,success,game,99,99,0,USD,True,0.99,0.99,2026-09-12T17:47:33.669468+00:00,2025-08-15,2025-08-15,False,,20250911,2025-08,proportional_stratified_random_sample
731,3890170,Paw Loot,2025-08-15,2025-08,"[""zzeerr""]","[""zzeerr""]",True,True,False,False,success,game,,,,,False,,,2026-09-12T17:47:57.007453+00:00,2025-08-15,2025-08-15,False,,20250911,2025-08,proportional_stratified_random_sample
732,3893080,Roxanne The Forgotten Path,2025-08-15,2025-08,"[""Steven Meza"",""MarosGraphic 7""]","[""TST PRODUCTION STUDIO""]",False,True,False,False,success,game,1199,1199,0,USD,True,11.99,11.99,2026-09-12T17:49:43.723181+00:00,2025-08-15,2025-08-15,False,,20250911,2025-08,proportional_stratified_random_sample
733,3898800,Toy Town Mayhem,2025-08-15,2025-08,"[""MicahTech""]","[""MicahTech""]",True,True,True,True,success,game,,,,,False,,,2026-09-12T17:53:09.754207+00:00,2025-08-15,2025-08-15,False,,20250911,2025-08,proportional_stratified_random_sample
734,3900640,Jixo 3: Hidden Horizons Collector's Edition,2025-08-15,2025-08,"[""MixoGames Ltd.""]","[""MixoGames Ltd.""]",False,True,True,False,success,game,999,999,0,USD,True,9.99,9.99,2026-09-12T17:54:11.441461+00:00,2025-08-15,2025-08-15,False,,20250911,2025-08,proportional_stratified_random_sample
735,3909950,Spider Maze,2025-08-15,2025-08,"[""Crescent Dial Games""]","[""Crescent Dial Games""]",False,True,False,False,success,game,199,199,0,USD,True,1.99,1.99,2026-09-12T17:57:50.215151+00:00,2025-08-15,2025-08-15,False,,20250911,2025-08,proportional_stratified_random_sample
736,3915970,Big Theft Valkeala 2: San Piritori,2025-08-15,2025-08,"[""Tero Lunkka"",""Valkeala Software""]","[""Valkeala Software""]",False,True,False,False,success,game,299,299,0,USD,True,2.99,2.99,2026-09-12T18:00:14.051027+00:00,2025-08-15,2025-08-15,False,,20250911,2025-08,proportional_stratified_random_sample
737,3918230,同桌！我喜欢你,2025-08-15,2025-08,"[""海伦幻想制作组""]","[""海伦幻想制作组""]",False,True,False,False,success,game,199,199,0,USD,True,1.99,1.99,2026-09-12T18:01:30.883931+00:00,2025-08-15,2025-08-15,False,,20250911,2025-08,proportional_stratified_random_sample
738,3922110,Clara Wraiths,2025-08-15,2025-08,"[""Anamik Majumdar""]","[""Anamik Majumdar""]",False,True,False,True,success,game,399,399,0,USD,True,3.99,3.99,2026-09-12T18:03:43.822786+00:00,2025-08-15,2025-08-15,False,,20250911,2025-08,proportional_stratified_random_sample
739,3299340,游郭惊梦,2025-08-16,2025-08,"[""做完散伙制作组""]","[""做完散伙制作组""]",False,True,False,False,success,game,999,999,0,USD,True,9.99,9.99,2026-09-12T14:53:19.234604+00:00,2025-08-16,2025-08-16,False,,20250911,2025-08,proportional_stratified_random_sample
740,3879060,Instant Anastasia,2025-08-16,2025-08,"[""727 Not Hound""]","[""727 Not Hound""]",False,True,False,False,success,game,599,599,0,USD,True,5.99,5.99,2026-09-12T17:43:03.094626+00:00,2025-08-16,2025-08-16,False,,20250911,2025-08,proportional_stratified_random_sample
741,3890670,Antero Sudoku,2025-08-16,2025-08,"[""Zodiac Fox Oy""]","[""Zodiac Fox Oy""]",False,True,False,False,success,game,199,199,0,USD,True,1.99,1.99,2026-09-12T17:48:16.096897+00:00,2025-08-16,2025-08-16,False,,20250911,2025-08,proportional_stratified_random_sample
742,3921530,The Night Gym,2025-08-16,2025-08,"[""Fireplay Studio""]","[""Fireplay Studio""]",False,True,False,False,success,game,99,99,0,USD,True,0.99,0.99,2026-09-12T18:03:22.638299+00:00,2025-08-16,2025-08-16,False,,20250911,2025-08,proportional_stratified_random_sample
743,3141140,100 Sea Cats,2025-08-17,2025-08,"[""100 Cozy Games"",""Cats""]","[""100 Cozy Games""]",False,True,False,False,success,game,199,199,0,USD,True,1.99,1.99,2026-09-12T14:29:39.235260+00:00,2025-08-17,2025-08-17,False,,20250911,2025-08,proportional_stratified_random_sample
744,3669050,Void Resurgence,2025-08-17,2025-08,"[""Puza Games""]","[""Puza Games""]",False,True,True,False,success,game,499,249,50,USD,True,4.99,2.49,2026-09-12T15:59:05.417965+00:00,2025-08-17,2025-08-17,False,,20250911,2025-08,proportional_stratified_random_sample
745,3848860,Freedom Bomber,2025-08-17,2025-08,"[""Tacit Software Solutions""]","[""Tacit Software Solutions""]",False,True,False,False,success,game,199,199,0,USD,True,1.99,1.99,2026-09-12T17:12:58.491151+00:00,2025-08-17,2025-08-17,False,,20250911,2025-08,proportional_stratified_random_sample
746,3860040,躁のあなた鬱のあたし｜Manic you and depressed me,2025-08-17,2025-08,"[""CHARON"",""STUDIO CHARON""]","[""CHARON""]",False,True,False,False,success,game,1499,1499,0,USD,True,14.99,14.99,2026-09-12T17:32:17.545659+00:00,2025-08-17,2025-08-17,False,,20250911,2025-08,proportional_stratified_random_sample
747,3876530,The Man in the Park 2: The Second Man in the Park,2025-08-17,2025-08,"[""Elliott Dahle""]","[""Elliott Dahle""]",True,True,False,False,success,game,,,,,False,,,2026-09-12T17:41:29.182913+00:00,2025-08-17,2025-08-17,False,,20250911,2025-08,proportional_stratified_random_sample
748,3892120,Sudoku-Mini,2025-08-17,2025-08,"[""walkgame""]","[""walkgame""]",False,True,False,False,success,game,399,399,0,USD,True,3.99,3.99,2026-09-12T17:49:09.294151+00:00,2025-08-17,2025-08-17,False,,20250911,2025-08,proportional_stratified_random_sample
749,3892130,Sudoku-Color,2025-08-17,2025-08,"[""walkgame""]","[""walkgame""]",False,True,False,False,success,game,199,199,0,USD,True,1.99,1.99,2026-09-12T17:49:11.393201+00:00,2025-08-17,2025-08-17,False,,20250911,2025-08,proportional_stratified_random_sample
750,3898040,Nations,2025-08-17,2025-08,"[""Krzysztof Steiner""]","[""Krzysztof Steiner Games""]",False,True,False,False,success,game,1499,1499,0,USD,True,14.99,14.99,2026-09-12T17:52:46.554118+00:00,2025-08-17,2025-08-17,False,,20250911,2025-08,proportional_stratified_random_sample
751,1752780,City of Springs,2025-08-18,2025-08,"[""The Naked Dev"",""Alterego Games""]","[""The Naked Dev""]",False,True,True,True,success,game,699,699,0,USD,True,6.99,6.99,2026-09-12T13:11:55.462531+00:00,2025-08-18,2025-08-18,False,,20250911,2025-08,proportional_stratified_random_sample
752,2621760,Checkout Blitz: The Shopping Dead,2025-08-18,2025-08,"[""Birdtek Games""]","[""Birdtek Games""]",False,True,False,True,success,game,499,499,0,USD,True,4.99,4.99,2026-09-12T13:51:09.743011+00:00,2025-08-18,2025-08-18,False,,20250911,2025-08,proportional_stratified_random_sample
753,2875340,Tamako,2025-08-18,2025-08,"[""YounGen Tech"",""RaptorCat Studio""]","[""YounGen Tech"",""RaptorCat Studio""]",True,True,False,False,success,game,,,,,False,,,2026-09-12T14:05:25.061434+00:00,2025-08-18,2025-08-18,False,,20250911,2025-08,proportional_stratified_random_sample
754,2992980,The Heavens,2025-08-18,2025-08,"[""ctc""]","[""Expedition Games""]",True,True,True,True,success,game,,,,,False,,,2026-09-12T14:14:17.973471+00:00,2025-08-18,2025-08-18,False,,20250911,2025-08,proportional_stratified_random_sample
755,3396740,Backrooms: Hide Together,2025-08-18,2025-08,"[""ICON GAME STUDIO""]","[""ICON GAME STUDIO""]",False,True,False,False,success,game,599,599,0,USD,True,5.99,5.99,2026-09-12T15:06:18.851151+00:00,2025-08-18,2025-08-18,False,,20250911,2025-08,proportional_stratified_random_sample
756,3403250,Pau e Pedra,2025-08-18,2025-08,"[""Big Shore""]","[""Big Shore""]",True,True,False,False,success,game,,,,,False,,,2026-09-12T15:07:09.861333+00:00,2025-08-18,2025-08-18,False,,20250911,2025-08,proportional_stratified_random_sample
757,3528450,Sweet Home,2025-08-18,2025-08,"[""开心茶房""]","[""Tailtone Games"",""开心茶房""]",False,True,True,False,success,game,799,559,30,USD,True,7.99,5.59,2026-09-12T15:27:59.048800+00:00,2025-08-18,2025-08-18,False,,20250911,2025-08,proportional_stratified_random_sample
758,3549690,Moondusk Masquerade,2025-08-18,2025-08,"[""Nochi Studios""]","[""Nochi Studios""]",False,True,True,False,success,game,1099,1099,0,USD,True,10.99,10.99,2026-09-12T15:31:29.277578+00:00,2025-08-18,2025-08-18,False,,20250911,2025-08,proportional_stratified_random_sample
759,3676260,Hordelord,2025-08-18,2025-08,"[""Fatbot Games, s. r. o.""]","[""Fatbot Games, s. r. o.""]",False,True,False,False,success,game,499,499,0,USD,True,4.99,4.99,2026-09-12T16:01:13.536511+00:00,2025-08-18,2025-08-18,False,,20250911,2025-08,proportional_stratified_random_sample
760,3721490,Yollen,2025-08-18,2025-08,"[""axilirate""]","[""axilirate""]",False,True,False,False,success,game,399,399,0,USD,True,3.99,3.99,2026-09-12T16:17:08.509178+00:00,2025-08-18,2025-08-18,False,,20250911,2025-08,proportional_stratified_random_sample
761,3726010,Battlement,2025-08-18,2025-08,"[""Henkdg""]","[""HenkdgMakesGames""]",False,True,True,True,success,game,499,499,0,USD,True,4.99,4.99,2026-09-12T16:18:28.918244+00:00,2025-08-18,2025-08-18,False,,20250911,2025-08,proportional_stratified_random_sample
762,3794290,Chess Empire,2025-08-18,2025-08,"[""Blue Alpaca Games""]","[""Blue Alpaca Games""]",False,True,False,False,success,game,299,299,0,USD,True,2.99,2.99,2026-09-12T16:39:00.346751+00:00,2025-08-18,2025-08-18,False,,20250911,2025-08,proportional_stratified_random_sample
763,3806300,Epoch Spire,2025-08-18,2025-08,"[""Prototaxite Productions""]","[""Prototaxite Productions""]",True,True,False,False,success,game,,,,,False,,,2026-09-12T16:43:36.295473+00:00,2025-08-18,2025-08-18,False,,20250911,2025-08,proportional_stratified_random_sample
764,3880210,The Vending Machine,2025-08-18,2025-08,"[""Nookinya"",""Guildmaster Rin""]","[""Nookinya""]",False,True,False,False,success,game,399,399,0,USD,True,3.99,3.99,2026-09-12T17:43:40.911962+00:00,2025-08-18,2025-08-18,False,,20250911,2025-08,proportional_stratified_random_sample
765,3908230,The Resurrected,2025-08-18,2025-08,"[""Semerkand""]","[""Semerkand""]",False,True,False,False,success,game,100,100,0,USD,True,1.0,1.0,2026-09-12T17:57:07.989122+00:00,2025-08-18,2025-08-18,False,,20250911,2025-08,proportional_stratified_random_sample
766,3913560,Presidential Social Media Manager,2025-08-18,2025-08,"[""BRB Drama""]","[""BRB Drama""]",False,True,True,False,success,game,1299,1299,0,USD,True,12.99,12.99,2026-09-12T17:59:08.520570+00:00,2025-08-18,2025-08-18,False,,20250911,2025-08,proportional_stratified_random_sample
767,3920870,The Gazebo,2025-08-18,2025-08,"[""Jacob Hartin""]","[""Diamond Keep Studios""]",False,True,False,False,success,game,99,99,0,USD,True,0.99,0.99,2026-09-12T18:03:09.998616+00:00,2025-08-18,2025-08-18,False,,20250911,2025-08,proportional_stratified_random_sample
768,3924850,Space Memory: Owls,2025-08-18,2025-08,"[""Quantum Quiver Games""]","[""Quantum Quiver Games""]",False,True,False,False,success,game,199,199,0,USD,True,1.99,1.99,2026-09-13T05:51:32.047711+00:00,2025-08-18,2025-08-18,False,,20250911,2025-08,proportional_stratified_random_sample
769,1425980,Stone Simulator – Just Be a Rock,2025-08-19,2025-08,"[""STFGames""]","[""STFGames""]",False,True,False,False,success,game,399,399,0,USD,True,3.99,3.99,2026-09-12T13:05:59.242643+00:00,2025-08-19,2025-08-19,False,,20250911,2025-08,proportional_stratified_random_sample
770,2453160,Sword of the Sea,2025-08-19,2025-08,"[""Giant Squid""]","[""Giant Squid""]",False,True,False,False,success,game,2999,2999,0,USD,True,29.99,29.99,2026-09-12T13:44:00.784874+00:00,2025-08-19,2025-08-19,False,,20250911,2025-08,proportional_stratified_random_sample
771,2615540,VOID/BREAKER,2025-08-19,2025-08,"[""Stubby Games""]","[""Playstack""]",False,True,False,False,success,game,2999,2999,0,USD,True,29.99,29.99,2026-09-12T13:50:59.299735+00:00,2025-08-19,2025-08-19,False,,20250911,2025-08,proportional_stratified_random_sample
772,2819920,OOLO,2025-08-19,2025-08,"[""Riddle Master Productions""]","[""Riddle Master Productions""]",False,True,False,False,success,game,1499,1499,0,USD,True,14.99,14.99,2026-09-12T14:01:23.331127+00:00,2025-08-19,2025-08-19,False,,20250911,2025-08,proportional_stratified_random_sample
773,2820450,WuKong Up,2025-08-19,2025-08,"[""1ming益铭""]","[""1ming益铭""]",False,True,False,False,success,game,499,499,0,USD,True,4.99,4.99,2026-09-12T14:01:25.494176+00:00,2025-08-19,2025-08-19,False,,20250911,2025-08,proportional_stratified_random_sample
774,3620070,Hidden Portals: Eternal Balance Collector's Edition,2025-08-19,2025-08,"[""Do Games Limited""]","[""Do Games Limited""]",False,True,False,False,success,game,899,899,0,USD,True,8.99,8.99,2026-09-12T15:46:42.573477+00:00,2025-08-19,2025-08-19,False,,20250911,2025-08,proportional_stratified_random_sample
775,3664490,ESA SHIELD,2025-08-19,2025-08,"[""Hochschule Darmstadt Games Lab""]","[""Hochschule Darmstadt Games Lab""]",True,True,False,False,success,game,,,,,False,,,2026-09-12T15:57:58.860191+00:00,2025-08-19,2025-08-19,False,,20250911,2025-08,proportional_stratified_random_sample
776,3793510,Anomaly Observer,2025-08-19,2025-08,"[""Letalis Entertainment""]","[""Letalis Entertainment""]",False,True,False,False,success,game,799,799,0,USD,True,7.99,7.99,2026-09-12T16:38:27.931229+00:00,2025-08-19,2025-08-19,False,,20250911,2025-08,proportional_stratified_random_sample
777,3800640,G-MODEアーカイブス+ 探偵・癸生川凌介事件譚 Vol.17「御堂丸邸事件」,2025-08-19,2025-08,"[""G-MODE""]","[""G-MODE""]",False,True,False,False,success,game,799,799,0,USD,True,7.99,7.99,2026-09-12T16:41:07.683035+00:00,2025-08-19,2025-08-19,False,,20250911,2025-08,proportional_stratified_random_sample
778,3842980,Tower of Ba*bel,2025-08-19,2025-08,"[""tjern""]","[""tjern""]",True,True,False,True,success,game,,,,,False,,,2026-09-12T17:09:43.566067+00:00,2025-08-19,2025-08-19,False,,20250911,2025-08,proportional_stratified_random_sample
779,3873700,Secret Heroes-Survivor Roguelike,2025-08-19,2025-08,"[""YYTGAME""]","[""YYTGAME""]",False,True,True,False,success,game,399,399,0,USD,True,3.99,3.99,2026-09-12T17:40:00.233087+00:00,2025-08-19,2025-08-19,False,,20250911,2025-08,proportional_stratified_random_sample
780,3906770,HorrorToleranceTest,2025-08-19,2025-08,"[""うさうさはっぴーげーむず""]","[""うさうさはっぴーげーむず""]",False,True,False,False,success,game,499,499,0,USD,True,4.99,4.99,2026-09-12T17:56:17.135953+00:00,2025-08-19,2025-08-19,False,,20250911,2025-08,proportional_stratified_random_sample
781,3914000,FuSha,2025-08-19,2025-08,"[""1号观测员"",""2号观测员""]","[""世界观测站""]",False,True,False,False,success,game,199,199,0,USD,True,1.99,1.99,2026-09-12T17:59:10.565231+00:00,2025-08-19,2025-08-19,False,,20250911,2025-08,proportional_stratified_random_sample
782,3914070,Draft Day Sports: College Football 2026,2025-08-19,2025-08,"[""Wolverine Studios""]","[""Wolverine Studios""]",False,True,False,False,success,game,1999,1999,0,USD,True,19.99,19.99,2026-09-12T17:59:12.569716+00:00,2025-08-19,2025-08-19,False,,20250911,2025-08,proportional_stratified_random_sample
783,2345740,Rogue Tactics,2025-08-20,2025-08,"[""Petushock Production""]","[""Petushock Production""]",False,True,False,False,success,game,499,499,0,USD,True,4.99,4.99,2026-09-12T13:38:37.162205+00:00,2025-08-20,2025-08-20,False,,20250911,2025-08,proportional_stratified_random_sample
784,3108990,Butterfly Dream,2025-08-20,2025-08,"[""LiberFish""]","[""LiberFish""]",False,True,False,False,success,game,1099,549,50,USD,True,10.99,5.49,2026-09-12T14:26:08.319151+00:00,2025-08-20,2025-08-20,False,,20250911,2025-08,proportional_stratified_random_sample
785,3272170,Face of Another,2025-08-20,2025-08,"[""MadBug Studio""]","[""MadBug Studio""]",False,True,False,False,success,game,699,699,0,USD,True,6.99,6.99,2026-09-12T14:43:07.641747+00:00,2025-08-20,2025-08-20,False,,20250911,2025-08,proportional_stratified_random_sample
786,3321850,HyperCoven,2025-08-20,2025-08,"[""Hyperkobel""]","[""Hyperkobel""]",False,True,False,True,success,game,599,599,0,USD,True,5.99,5.99,2026-09-12T14:55:24.692627+00:00,2025-08-20,2025-08-20,False,,20250911,2025-08,proportional_stratified_random_sample
787,3323260,Planeturem,2025-08-20,2025-08,"[""jamiebrn""]","[""jamiebrn""]",False,True,False,False,success,game,699,699,0,USD,True,6.99,6.99,2026-09-12T14:55:30.950631+00:00,2025-08-20,2025-08-20,False,,20250911,2025-08,proportional_stratified_random_sample
788,3325500,Worldwide Rush,2025-08-20,2025-08,"[""Memel Games""]","[""Memel Games""]",False,True,False,False,success,game,1999,1999,0,USD,True,19.99,19.99,2026-09-12T14:55:49.971734+00:00,2025-08-20,2025-08-20,False,,20250911,2025-08,proportional_stratified_random_sample
789,3580440,TimeNot,2025-08-20,2025-08,"[""Not V-Dachi""]","[""Not V-Dachi""]",False,True,False,False,success,game,500,500,0,USD,True,5.0,5.0,2026-09-12T15:37:54.193801+00:00,2025-08-20,2025-08-20,False,,20250911,2025-08,proportional_stratified_random_sample
790,3614460,Hypermarket Simulator,2025-08-20,2025-08,"[""Croissant Games""]","[""Croissant Games""]",False,True,False,False,success,game,1499,1499,0,USD,True,14.99,14.99,2026-09-12T15:45:23.236304+00:00,2025-08-20,2025-08-20,False,,20250911,2025-08,proportional_stratified_random_sample
791,3614720,鬼灵的冒险GUILING's Adventure,2025-08-20,2025-08,"[""硅晶石工作室Sicrystal Studio""]","[""硅晶石工作室Sicrystal Studio""]",False,True,False,False,success,game,199,199,0,USD,True,1.99,1.99,2026-09-12T15:45:38.372953+00:00,2025-08-20,2025-08-20,False,,20250911,2025-08,proportional_stratified_random_sample
792,3697290,ETERNAL EXILE: BENEATH THE DARKNESS,2025-08-20,2025-08,"[""AMNESIA""]","[""AMNESIA""]",False,True,False,False,success,game,1599,1599,0,USD,True,15.99,15.99,2026-09-12T16:08:41.509099+00:00,2025-08-20,2025-08-20,False,,20250911,2025-08,proportional_stratified_random_sample
793,3699600,Aeon Tempus,2025-08-20,2025-08,"[""Hüseyin Akkaya""]","[""Ephesus Creative""]",False,True,False,False,success,game,499,499,0,USD,True,4.99,4.99,2026-09-12T16:09:00.668744+00:00,2025-08-20,2025-08-20,False,,20250911,2025-08,proportional_stratified_random_sample
794,3728120,SpaceCorp: 2025-2300AD,2025-08-20,2025-08,"[""Logix Interactive""]","[""Logix Interactive""]",False,True,True,False,success,game,999,999,0,USD,True,9.99,9.99,2026-09-12T16:18:58.331307+00:00,2025-08-20,2025-08-20,False,,20250911,2025-08,proportional_stratified_random_sample
795,3798730,Crimson Mansion,2025-08-20,2025-08,"[""Bence Pachinger-Molnár""]","[""PahiGames""]",False,True,False,False,success,game,1199,1199,0,USD,True,11.99,11.99,2026-09-12T16:40:42.118335+00:00,2025-08-20,2025-08-20,False,,20250911,2025-08,proportional_stratified_random_sample
796,3822580,Heart of Ice by Dave Morris,2025-08-20,2025-08,"[""Infinite Zone""]","[""Infinite Zone""]",False,True,False,False,success,game,499,499,0,USD,True,4.99,4.99,2026-09-12T16:52:46.584605+00:00,2025-08-20,2025-08-20,False,,20250911,2025-08,proportional_stratified_random_sample
797,3829570,Great Tough Bikini 6,2025-08-20,2025-08,"[""nStarcube""]","[""nStarcube""]",False,True,False,False,success,game,299,299,0,USD,True,2.99,2.99,2026-09-12T16:56:39.587049+00:00,2025-08-20,2025-08-20,False,,20250911,2025-08,proportional_stratified_random_sample
798,3831660,Obsessed : Night Shift,2025-08-20,2025-08,"[""arydk""]","[""Akhir Hayat Studio""]",False,True,False,False,success,game,299,299,0,USD,True,2.99,2.99,2026-09-12T16:58:02.046653+00:00,2025-08-20,2025-08-20,False,,20250911,2025-08,proportional_stratified_random_sample
799,3897890,Depths Unseen,2025-08-20,2025-08,"[""DoodleCorp""]","[""DoodleCorp""]",True,True,False,False,success,game,,,,,False,,,2026-09-12T17:52:35.660244+00:00,2025-08-20,2025-08-20,False,,20250911,2025-08,proportional_stratified_random_sample
800,3911080,36 Zodiac Cycles,2025-08-20,2025-08,"[""雪中观狐""]","[""雪中观狐""]",False,True,False,False,success,game,599,599,0,USD,True,5.99,5.99,2026-09-12T17:58:25.955593+00:00,2025-08-20,2025-08-20,False,,20250911,2025-08,proportional_stratified_random_sample
801,3924300,Find Kitties: Zombie Hunter,2025-08-20,2025-08,"[""Sons of Welder"",""FM Simple Games Studio""]","[""Sons of Welder"",""FM Simple Games Studio""]",False,True,False,True,success,game,120,120,0,USD,True,1.2,1.2,2026-09-13T05:51:08.745497+00:00,2025-08-20,2025-08-20,False,,20250911,2025-08,proportional_stratified_random_sample
802,1447820,The Girl from Arkanya,2025-08-21,2025-08,"[""Arkanya Games""]","[""Arkanya Games""]",False,True,False,True,success,game,1999,1999,0,USD,True,19.99,19.99,2026-09-12T13:06:37.250236+00:00,2025-08-21,2025-08-21,False,,20250911,2025-08,proportional_stratified_random_sample
803,2701070,Major\Minor 2.0: (Re)Vision,2025-08-21,2025-08,"[""Klace""]","[""Klace""]",False,True,False,False,success,game,999,999,0,USD,True,9.99,9.99,2026-09-12T13:55:07.094023+00:00,2025-08-21,2025-08-21,False,,20250911,2025-08,proportional_stratified_random_sample
804,2829750,Deck Dash,2025-08-21,2025-08,"[""Arvis Games""]","[""Arvis Games""]",True,True,True,False,success,game,,,,,False,,,2026-09-12T14:02:27.689438+00:00,2025-08-21,2025-08-21,False,,20250911,2025-08,proportional_stratified_random_sample
805,3030130,Known as Puca,2025-08-21,2025-08,"[""WolumAldehyde""]","[""WolumAldehyde""]",False,True,False,False,success,game,299,299,0,USD,True,2.99,2.99,2026-09-12T14:17:52.377406+00:00,2025-08-21,2025-08-21,False,,20250911,2025-08,proportional_stratified_random_sample
806,3042560,Void: Icarus,2025-08-21,2025-08,"[""Diego Sebastián Tristán Landín""]","[""Diego Sebastián Tristán Landín""]",False,True,False,False,success,game,499,499,0,USD,True,4.99,4.99,2026-09-12T14:19:30.773072+00:00,2025-08-21,2025-08-21,False,,20250911,2025-08,proportional_stratified_random_sample
807,3064720,Balloon Warfare,2025-08-21,2025-08,"[""Dragi""]","[""Dragi""]",True,True,False,False,success,game,,,,,False,,,2026-09-12T14:21:34.015632+00:00,2025-08-21,2025-08-21,False,,20250911,2025-08,proportional_stratified_random_sample
808,3294570,Killer Depths,2025-08-21,2025-08,"[""Stardust Smithy""]","[""Stardust Smithy""]",False,True,False,False,success,game,799,799,0,USD,True,7.99,7.99,2026-09-12T14:52:45.251461+00:00,2025-08-21,2025-08-21,False,,20250911,2025-08,proportional_stratified_random_sample
809,3405420,Just Cube,2025-08-21,2025-08,"[""Just Games""]","[""Just Games""]",False,True,True,True,success,game,499,499,0,USD,True,4.99,4.99,2026-09-12T15:07:32.218250+00:00,2025-08-21,2025-08-21,False,,20250911,2025-08,proportional_stratified_random_sample
810,3463910,Snow • Fall,2025-08-21,2025-08,"[""flower baasket""]","[""flower baasket""]",False,True,False,False,success,game,499,499,0,USD,True,4.99,4.99,2026-09-12T15:17:35.398627+00:00,2025-08-21,2025-08-21,False,,20250911,2025-08,proportional_stratified_random_sample
811,3483190,Blood Storm: Alien Purge,2025-08-21,2025-08,"[""Nicholas Games""]","[""Nicholas Games""]",False,True,False,False,success,game,499,324,35,USD,True,4.99,3.24,2026-09-12T15:21:02.036340+00:00,2025-08-21,2025-08-21,False,,20250911,2025-08,proportional_stratified_random_sample
812,3583790,Virtual Skate,2025-08-21,2025-08,"[""Flip Axis Studios""]","[""Flip Axis Studios""]",False,True,False,False,success,game,1999,1999,0,USD,True,19.99,19.99,2026-09-12T15:38:43.269598+00:00,2025-08-21,2025-08-21,False,,20250911,2025-08,proportional_stratified_random_sample
813,3612120,Hui-Shuo,2025-08-21,2025-08,"[""时光茶馆TeaTime""]","[""黎羽科技LICOGAME""]",False,True,False,False,success,game,499,499,0,USD,True,4.99,4.99,2026-09-12T15:44:51.647046+00:00,2025-08-21,2025-08-21,False,,20250911,2025-08,proportional_stratified_random_sample
814,3629840,Blast Rush LS,2025-08-21,2025-08,"[""Bipedal Dog""]","[""indie.io""]",False,True,False,False,success,game,999,999,0,USD,True,9.99,9.99,2026-09-12T15:49:30.303734+00:00,2025-08-21,2025-08-21,False,,20250911,2025-08,proportional_stratified_random_sample
815,3630410,Little Witch Survivors,2025-08-21,2025-08,"[""四月二酱""]","[""四月二酱""]",False,True,False,False,success,game,499,499,0,USD,True,4.99,4.99,2026-09-12T15:49:36.475212+00:00,2025-08-21,2025-08-21,False,,20250911,2025-08,proportional_stratified_random_sample
816,3656690,Arc’s Glitch Defender,2025-08-21,2025-08,"[""Raivela Games""]","[""Raivela Games""]",False,True,False,False,success,game,999,999,0,USD,True,9.99,9.99,2026-09-12T15:56:41.529892+00:00,2025-08-21,2025-08-21,False,,20250911,2025-08,proportional_stratified_random_sample
817,3685170,Earth Ten Days : 981Hz,2025-08-21,2025-08,"[""TinyBigger""]","[""TinyBigger""]",False,True,True,False,success,game,699,699,0,USD,True,6.99,6.99,2026-09-12T16:05:11.960965+00:00,2025-08-21,2025-08-21,False,,20250911,2025-08,proportional_stratified_random_sample
818,3715720,Bat & Ball,2025-08-21,2025-08,"[""BritishInteractive""]","[""BritishInteractiveGames""]",False,True,False,False,success,game,199,199,0,USD,True,1.99,1.99,2026-09-12T16:15:16.109567+00:00,2025-08-21,2025-08-21,False,,20250911,2025-08,proportional_stratified_random_sample
819,3823130,YetiParty,2025-08-21,2025-08,"[""MR_REVVA GAMES""]","[""MR_REVVA GAMES"",""REVVALUTION Studio""]",False,True,False,False,success,game,499,499,0,USD,True,4.99,4.99,2026-09-12T16:53:20.403331+00:00,2025-08-21,2025-08-21,False,,20250911,2025-08,proportional_stratified_random_sample
820,3898270,DAVE a nice guy,2025-08-21,2025-08,"[""noisy kazoo""]","[""noisy kazoo""]",False,True,False,False,success,game,599,599,0,USD,True,5.99,5.99,2026-09-12T17:52:54.899768+00:00,2025-08-21,2025-08-21,False,,20250911,2025-08,proportional_stratified_random_sample
821,3899970,Escape The Humans,2025-08-21,2025-08,"[""Scorpion Cobra Studio""]","[""Scorpion Cobra Publishing""]",False,True,False,False,success,game,499,499,0,USD,True,4.99,4.99,2026-09-12T17:53:45.709229+00:00,2025-08-21,2025-08-21,False,,20250911,2025-08,proportional_stratified_random_sample
822,3928200,Horror in the forest,2025-08-21,2025-08,"[""Static Production""]","[""Static Production""]",False,True,False,False,success,game,2999,2999,0,USD,True,29.99,29.99,2026-09-13T05:53:11.915363+00:00,2025-08-21,2025-08-21,False,,20250911,2025-08,proportional_stratified_random_sample
823,2488250,Ploko,2025-08-22,2025-08,"[""Nifty cat studio""]","[""Nifty cat studio""]",False,True,False,False,success,game,999,999,0,USD,True,9.99,9.99,2026-09-12T13:45:50.784658+00:00,2025-08-22,2025-08-22,False,,20250911,2025-08,proportional_stratified_random_sample
824,2887400,Chicklet,2025-08-22,2025-08,"[""Latif Yılmaz"",""Yağız Selimoğlu""]","[""Yağız Selimoğlu"",""Latif Yılmaz""]",False,True,True,True,success,game,499,499,0,USD,True,4.99,4.99,2026-09-12T14:06:18.344334+00:00,2025-08-22,2025-08-22,False,,20250911,2025-08,proportional_stratified_random_sample
825,3034050,Astra Moment:DIMENSION,2025-08-22,2025-08,"[""Jeonghwa Arts College"",""Kim HyeonJoong"",""Jeong HanHee"",""Ha HyeonJun""]","[""Jeonghwa Arts College""]",True,True,False,False,success,game,,,,,False,,,2026-09-12T14:18:20.432004+00:00,2025-08-22,2025-08-22,False,,20250911,2025-08,proportional_stratified_random_sample
826,3109070,Despondent,2025-08-22,2025-08,"[""Later Skater Games""]","[""Later Skater Games""]",False,True,False,False,success,game,899,899,0,USD,True,8.99,8.99,2026-09-12T14:26:10.460866+00:00,2025-08-22,2025-08-22,False,,20250911,2025-08,proportional_stratified_random_sample
827,3184250,Deep Snake,2025-08-22,2025-08,"[""dietzribi""]","[""dietzribi""]",True,True,False,False,success,game,,,,,False,,,2026-09-12T14:33:29.907354+00:00,2025-08-22,2025-08-22,False,,20250911,2025-08,proportional_stratified_random_sample
828,3501840,One Button Defense,2025-08-22,2025-08,"[""Wave Inc""]","[""Wave Inc""]",False,True,False,False,success,game,299,299,0,USD,True,2.99,2.99,2026-09-12T15:23:21.460252+00:00,2025-08-22,2025-08-22,False,,20250911,2025-08,proportional_stratified_random_sample
829,3556730,Hypnosis Knight-Princess,2025-08-22,2025-08,"[""happypink""]","[""Kagura Games""]",False,True,False,False,success,game,1499,1499,0,USD,True,14.99,14.99,2026-09-12T15:33:11.110798+00:00,2025-08-22,2025-08-22,False,,20250911,2025-08,proportional_stratified_random_sample
830,3585600,Your husband,2025-08-22,2025-08,"[""你的老公工作室""]","[""你的老公工作室""]",False,True,False,False,success,game,99,99,0,USD,True,0.99,0.99,2026-09-12T15:39:07.194581+00:00,2025-08-22,2025-08-22,False,,20250911,2025-08,proportional_stratified_random_sample
831,3664230,Bounce Cat,2025-08-22,2025-08,"[""Pejota Games""]","[""Pejota Games""]",False,True,False,False,success,game,899,899,0,USD,True,8.99,8.99,2026-09-12T15:57:52.416658+00:00,2025-08-22,2025-08-22,False,,20250911,2025-08,proportional_stratified_random_sample
832,3762650,DEATH TRAIN!!! Samara – Voronezh.,2025-08-22,2025-08,"[""mitcha""]","["" Oyashiro.dev""]",False,True,True,True,success,game,299,299,0,USD,True,2.99,2.99,2026-09-12T16:28:52.459588+00:00,2025-08-22,2025-08-22,False,,20250911,2025-08,proportional_stratified_random_sample
833,3775190,Goblin Adventure: Free from Lore,2025-08-22,2025-08,"[""Methodologydiffuser""]","[""Methodologydiffuser""]",False,True,False,False,success,game,299,299,0,USD,True,2.99,2.99,2026-09-12T16:32:24.777470+00:00,2025-08-22,2025-08-22,False,,20250911,2025-08,proportional_stratified_random_sample
834,3874510,Nightmare Mines,2025-08-22,2025-08,"[""DreamSmith""]","[""DreamSmith""]",False,True,False,False,success,game,399,399,0,USD,True,3.99,3.99,2026-09-12T17:40:17.102774+00:00,2025-08-22,2025-08-22,False,,20250911,2025-08,proportional_stratified_random_sample
835,3876670,Hidden Pets: 101 Cats in Chennai,2025-08-22,2025-08,"[""NaipSoft""]","[""NaipSoft""]",False,True,False,False,success,game,99,99,0,USD,True,0.99,0.99,2026-09-12T17:41:33.453765+00:00,2025-08-22,2025-08-22,False,,20250911,2025-08,proportional_stratified_random_sample
836,3920370,BattleBalls,2025-08-22,2025-08,"[""pingus""]","[""pingus""]",False,True,False,False,success,game,199,199,0,USD,True,1.99,1.99,2026-09-12T18:02:52.905514+00:00,2025-08-22,2025-08-22,False,,20250911,2025-08,proportional_stratified_random_sample
837,3921950,Burned One,2025-08-22,2025-08,"[""HELIX741""]","[""HELIX741""]",False,True,False,False,success,game,1199,1199,0,USD,True,11.99,11.99,2026-09-12T18:03:35.483605+00:00,2025-08-22,2025-08-22,False,,20250911,2025-08,proportional_stratified_random_sample
838,2996290,Jigsaw Industry,2025-08-23,2025-08,"[""Light Game""]","[""Light Game""]",False,True,False,False,success,game,999,999,0,USD,True,9.99,9.99,2026-09-12T14:14:40.844026+00:00,2025-08-23,2025-08-23,False,,20250911,2025-08,proportional_stratified_random_sample
839,3891310,Space Mantlet,2025-08-23,2025-08,"[""game_gland""]","[""game_gland""]",False,True,False,True,success,game,999,999,0,USD,True,9.99,9.99,2026-09-12T17:48:35.044159+00:00,2025-08-23,2025-08-23,False,,20250911,2025-08,proportional_stratified_random_sample
840,3905340,No forgiveness,2025-08-23,2025-08,"[""VimmGames""]","[""VimmGames""]",False,True,False,False,success,game,399,399,0,USD,True,3.99,3.99,2026-09-12T17:55:33.035604+00:00,2025-08-23,2025-08-23,False,,20250911,2025-08,proportional_stratified_random_sample
841,3058360,Parisian Bistro Simulator,2025-08-24,2025-08,"[""Quark Studios""]","[""Quark Studios"",""Gamersky Games""]",False,True,False,False,success,game,1999,1999,0,USD,True,19.99,19.99,2026-09-12T14:20:51.326996+00:00,2025-08-24,2025-08-24,False,,20250911,2025-08,proportional_stratified_random_sample
842,3086120,Harpoon Classic '97,2025-08-24,2025-08,"[""Alliance Interactive""]","[""MicroProse Software""]",False,True,False,False,success,game,899,899,0,USD,True,8.99,8.99,2026-09-12T14:23:35.315677+00:00,2025-08-24,2025-08-24,False,,20250911,2025-08,proportional_stratified_random_sample
843,3466450,100 India Cats,2025-08-24,2025-08,"[""100 Cozy Games"",""Cats""]","[""100 Cozy Games""]",False,True,False,False,success,game,199,199,0,USD,True,1.99,1.99,2026-09-12T15:18:01.281261+00:00,2025-08-24,2025-08-24,False,,20250911,2025-08,proportional_stratified_random_sample
844,3513340,Why Do Boys Play Games?,2025-08-24,2025-08,"[""Colin Swords""]","[""Colin Swords""]",False,True,False,False,success,game,499,499,0,USD,True,4.99,4.99,2026-09-12T15:25:32.107420+00:00,2025-08-24,2025-08-24,False,,20250911,2025-08,proportional_stratified_random_sample
845,3579320,Arthur's Pet Chase,2025-08-24,2025-08,"[""Jordan Freeman Group"",""Marc Brown Studios"",""Wanderful Edutainment""]","[""ZOOM Platform Media"",""Marc Brown Studios"",""Wanderful Edutainment""]",False,True,False,False,success,game,999,999,0,USD,True,9.99,9.99,2026-09-12T15:37:34.762165+00:00,2025-08-24,2025-08-24,False,,20250911,2025-08,proportional_stratified_random_sample
846,3579330,Arthur's Sand Castle Contest,2025-08-24,2025-08,"[""Jordan Freeman Group"",""Marc Brown Studios"",""Wanderful Edutainment""]","[""ZOOM Platform Media"",""Marc Brown Studios"",""Wanderful Edutainment""]",False,True,False,False,success,game,999,999,0,USD,True,9.99,9.99,2026-09-12T15:37:36.812440+00:00,2025-08-24,2025-08-24,False,,20250911,2025-08,proportional_stratified_random_sample
847,3678130,Gutfarm,2025-08-24,2025-08,"[""TincatGames""]","[""TincatGames""]",False,True,False,False,success,game,399,399,0,USD,True,3.99,3.99,2026-09-12T16:01:37.466021+00:00,2025-08-24,2025-08-24,False,,20250911,2025-08,proportional_stratified_random_sample
848,3693600,Cube Cube 2,2025-08-24,2025-08,"[""JiaJinTao""]","[""JiaJinTao""]",False,True,True,False,success,game,199,199,0,USD,True,1.99,1.99,2026-09-12T16:07:47.183947+00:00,2025-08-24,2025-08-24,False,,20250911,2025-08,proportional_stratified_random_sample
849,3733300,Cauldron Chaos,2025-08-24,2025-08,"[""Studio C.L.A.M.S""]","[""Studio C.L.A.M.S""]",True,True,False,False,success,game,,,,,False,,,2026-09-12T16:19:59.734016+00:00,2025-08-24,2025-08-24,False,,20250911,2025-08,proportional_stratified_random_sample
850,3790080,Epimythos: The Forgotten Legends,2025-08-24,2025-08,"[""Epimythos Studios""]","[""Epimythos Studios""]",False,True,False,False,success,game,99,99,0,USD,True,0.99,0.99,2026-09-12T16:37:14.982126+00:00,2025-08-24,2025-08-24,False,,20250911,2025-08,proportional_stratified_random_sample
851,3816550,BAKU -バク-,2025-08-24,2025-08,"[""ひろめてん""]","[""ひろゆ～""]",False,True,False,False,success,game,599,599,0,USD,True,5.99,5.99,2026-09-12T16:49:44.302158+00:00,2025-08-24,2025-08-24,False,,20250911,2025-08,proportional_stratified_random_sample
852,3929540,fly a kite,2025-08-24,2025-08,"[""hgmGame""]","[""hgmGame""]",False,True,False,False,success,game,2999,2999,0,USD,True,29.99,29.99,2026-09-13T05:53:52.373674+00:00,2025-08-24,2025-08-24,False,,20250911,2025-08,proportional_stratified_random_sample
853,1567530,Vlad Circus: Curse of Asmodeus,2025-08-25,2025-08,"[""Indiesruption""]","[""Blowfish Studios""]",False,True,False,False,success,game,1999,1999,0,USD,True,19.99,19.99,2026-09-12T13:08:14.427232+00:00,2025-08-25,2025-08-25,False,,20250911,2025-08,proportional_stratified_random_sample
854,2074740,Particle Hearts,2025-08-25,2025-08,"[""Underwater Fire""]","[""First Break Labs""]",False,True,True,False,success,game,1499,1499,0,USD,True,14.99,14.99,2026-09-12T13:22:49.874299+00:00,2025-08-25,2025-08-25,False,,20250911,2025-08,proportional_stratified_random_sample
855,2411100,Mind Control: Bloody Renaissance,2025-08-25,2025-08,"[""BYYONI Entertainment""]","[""BYYONI Entertainment""]",False,True,False,False,success,game,999,999,0,USD,True,9.99,9.99,2026-09-12T13:41:38.922883+00:00,2025-08-25,2025-08-25,False,,20250911,2025-08,proportional_stratified_random_sample
856,3202400,Ball Race Party,2025-08-25,2025-08,"[""Montee Games""]","[""Montee Games""]",False,True,False,False,success,game,299,299,0,USD,True,2.99,2.99,2026-09-12T14:35:38.235527+00:00,2025-08-25,2025-08-25,False,,20250911,2025-08,proportional_stratified_random_sample
857,3373830,The Way of the Tray: Japanese Restaurant Simulator 🍙,2025-08-25,2025-08,"[""Who is Terry?""]","[""Targem Games""]",False,True,False,False,success,game,999,999,0,USD,True,9.99,9.99,2026-09-12T15:02:54.870772+00:00,2025-08-25,2025-08-25,False,,20250911,2025-08,proportional_stratified_random_sample
858,3473580,Super World War,2025-08-25,2025-08,"[""Zero Games Studios""]","[""Zero Games Studios"",""Plug In Digital""]",False,True,False,False,success,game,1999,1999,0,USD,True,19.99,19.99,2026-09-12T15:19:10.072442+00:00,2025-08-25,2025-08-25,False,,20250911,2025-08,proportional_stratified_random_sample
859,3538320,Air Dash: Sky Racing Simulator,2025-08-25,2025-08,"[""JOKER BROTHERS""]","[""JOKER BROTHERS""]",False,True,False,False,success,game,199,199,0,USD,True,1.99,1.99,2026-09-12T15:29:39.807985+00:00,2025-08-25,2025-08-25,False,,20250911,2025-08,proportional_stratified_random_sample
860,3841160,Not a Dream Job,2025-08-25,2025-08,"[""Eternity Games Studio""]","[""TARS""]",False,True,False,False,success,game,99,99,0,USD,True,0.99,0.99,2026-09-12T17:08:34.825095+00:00,2025-08-25,2025-08-25,False,,20250911,2025-08,proportional_stratified_random_sample
861,3883240,Scaredy Cat,2025-08-25,2025-08,"[""Hot Dawgs Studio""]","[""Hot Dawgs Studio""]",True,True,False,False,success,game,,,,,False,,,2026-09-12T17:44:59.423108+00:00,2025-08-25,2025-08-25,False,,20250911,2025-08,proportional_stratified_random_sample
862,3884360,Trash Sorter Simulator,2025-08-25,2025-08,"[""SimWorld""]","[""SimWorld""]",False,True,False,False,success,game,499,499,0,USD,True,4.99,4.99,2026-09-12T17:45:24.712201+00:00,2025-08-25,2025-08-25,False,,20250911,2025-08,proportional_stratified_random_sample
863,3924530,Train Maze Master,2025-08-25,2025-08,"[""Cat Toast Paradox Studio""]","[""Cat Toast Paradox Studio""]",False,True,False,False,success,game,399,399,0,USD,True,3.99,3.99,2026-09-13T05:51:23.765565+00:00,2025-08-25,2025-08-25,False,,20250911,2025-08,proportional_stratified_random_sample
864,3928890,AntiVirus,2025-08-25,2025-08,"[""Brain Juice""]","[""Brain Juice""]",False,True,False,False,success,game,199,199,0,USD,True,1.99,1.99,2026-09-13T05:53:33.246626+00:00,2025-08-25,2025-08-25,False,,20250911,2025-08,proportional_stratified_random_sample
865,3929110,EGO :: Exit Protocol,2025-08-25,2025-08,"[""MinCheol""]","[""MinCheol""]",True,True,False,False,success,game,,,,,False,,,2026-09-13T05:53:43.990312+00:00,2025-08-25,2025-08-25,False,,20250911,2025-08,proportional_stratified_random_sample
866,3930300,"Come out, cat",2025-08-25,2025-08,"[""shu3""]","[""shu3""]",True,True,True,False,success,game,,,,,False,,,2026-09-13T05:54:11.181230+00:00,2025-08-25,2025-08-25,False,,20250911,2025-08,proportional_stratified_random_sample
867,3933980,3 SECONDS REMAINING,2025-08-25,2025-08,"[""tiny.ROM""]","[""tiny.ROM""]",False,True,False,False,success,game,199,199,0,USD,True,1.99,1.99,2026-09-13T05:55:33.498781+00:00,2025-08-25,2025-08-25,False,,20250911,2025-08,proportional_stratified_random_sample
868,2068630,Midnight at Grimmi's,2025-08-26,2025-08,"[""Cryomancerlex""]","[""Cryomancerlex""]",True,True,False,False,success,game,,,,,False,,,2026-09-12T13:22:30.747488+00:00,2025-08-26,2025-08-26,False,,20250911,2025-08,proportional_stratified_random_sample
869,2271110,RogueViz Collection,2025-08-26,2025-08,"[""Zeno Rogue""]","[""Zeno Rogue""]",False,True,False,True,success,game,699,699,0,USD,True,6.99,6.99,2026-09-12T13:35:31.185606+00:00,2025-08-26,2025-08-26,False,,20250911,2025-08,proportional_stratified_random_sample
870,2523720,Gears of War: Reloaded,2025-08-26,2025-08,"[""The Coalition""]","[""Xbox Game Studios""]",False,True,False,False,success,game,3999,3999,0,USD,True,39.99,39.99,2026-09-12T13:47:14.043683+00:00,2025-08-26,2025-08-26,False,,20250911,2025-08,proportional_stratified_random_sample
871,2685840,Pastel☆Parade,2025-08-26,2025-08,"[""Pastel Parade Project""]","[""room6""]",False,True,True,True,success,game,1599,1599,0,USD,True,15.99,15.99,2026-09-12T13:54:11.467618+00:00,2025-08-26,2025-08-26,False,,20250911,2025-08,proportional_stratified_random_sample
872,2779730,Shoomer Booter,2025-08-26,2025-08,"[""Tommy Gun Walrus""]","[""Tommy Gun Walrus Studio""]",False,True,False,False,success,game,899,899,0,USD,True,8.99,8.99,2026-09-12T13:59:08.560014+00:00,2025-08-26,2025-08-26,False,,20250911,2025-08,proportional_stratified_random_sample
873,2981450,Mystery Lover:Nonexistent Memories,2025-08-26,2025-08,"[""Never Knows Best""]","[""Never Knows Best""]",False,True,False,False,success,game,1399,1399,0,USD,True,13.99,13.99,2026-09-12T14:13:30.902787+00:00,2025-08-26,2025-08-26,False,,20250911,2025-08,proportional_stratified_random_sample
874,3032010,The Supper: New Blood,2025-08-26,2025-08,"[""White Blanket Games""]","[""Octavi Navarro""]",False,True,False,False,success,game,999,999,0,USD,True,9.99,9.99,2026-09-12T14:18:01.060733+00:00,2025-08-26,2025-08-26,False,,20250911,2025-08,proportional_stratified_random_sample
875,3115890,CROAK CAFE : FROM POND TO PLATE,2025-08-26,2025-08,"[""PIZZA WEARING PANTS""]","[""PIZZA WEARING PANTS""]",True,True,False,False,success,game,,,,,False,,,2026-09-12T14:27:04.096434+00:00,2025-08-26,2025-08-26,False,,20250911,2025-08,proportional_stratified_random_sample
876,3202950,Fresh Tracks,2025-08-26,2025-08,"[""Buffalo Buffalo""]","[""Buffalo Buffalo""]",False,True,False,True,success,game,2499,1374,45,USD,True,24.99,13.74,2026-09-12T14:35:44.541655+00:00,2025-08-26,2025-08-26,False,,20250911,2025-08,proportional_stratified_random_sample
877,3341510,Neptunia Game Maker R:Evolution,2025-08-26,2025-08,"[""Idea Factory"",""Compile Heart""]","[""Idea Factory International""]",False,True,False,False,success,game,2999,2999,0,USD,True,29.99,29.99,2026-09-12T14:57:22.607419+00:00,2025-08-26,2025-08-26,False,,20250911,2025-08,proportional_stratified_random_sample
878,3446230,Battery Farm,2025-08-26,2025-08,"[""Nicholas Avraamides""]","[""Symbolic Crow Creations, LLC""]",False,True,False,False,success,game,499,499,0,USD,True,4.99,4.99,2026-09-12T15:14:36.212973+00:00,2025-08-26,2025-08-26,False,,20250911,2025-08,proportional_stratified_random_sample
879,3579010,JAIL DICE: Roll to Break,2025-08-26,2025-08,"[""GyoonyGames""]","[""GaniTani""]",False,True,False,False,success,game,699,699,0,USD,True,6.99,6.99,2026-09-12T15:37:32.671638+00:00,2025-08-26,2025-08-26,False,,20250911,2025-08,proportional_stratified_random_sample
880,3676850,心动恋旅：樱花篇,2025-08-26,2025-08,"[""Starealm Corporation ""]","[""Starealm Corporation ""]",False,True,False,False,success,game,599,599,0,USD,True,5.99,5.99,2026-09-12T16:01:20.127196+00:00,2025-08-26,2025-08-26,False,,20250911,2025-08,proportional_stratified_random_sample
881,3688740,Deserter: Prologue,2025-08-26,2025-08,"[""AskaLot Games""]","[""AskaLot Games""]",True,True,False,False,success,game,,,,,False,,,2026-09-12T16:06:15.761475+00:00,2025-08-26,2025-08-26,False,,20250911,2025-08,proportional_stratified_random_sample
882,3688790,Stocks,2025-08-26,2025-08,"[""envymydisease""]","[""envymydisease""]",True,True,False,False,success,game,,,,,False,,,2026-09-12T16:06:17.811432+00:00,2025-08-26,2025-08-26,False,,20250911,2025-08,proportional_stratified_random_sample
883,3760620,Revolver Gambit,2025-08-26,2025-08,"[""Welch Antony""]","[""Welch Antony""]",False,True,False,False,success,game,999,999,0,USD,True,9.99,9.99,2026-09-12T16:28:22.771562+00:00,2025-08-26,2025-08-26,False,,20250911,2025-08,proportional_stratified_random_sample
884,3788170,Narrow One,2025-08-26,2025-08,"[""Pelican Party Studios""]","[""Pelican Party Studios""]",True,True,False,True,success,game,,,,,False,,,2026-09-12T16:36:19.763878+00:00,2025-08-26,2025-08-26,False,,20250911,2025-08,proportional_stratified_random_sample
885,3936410,Harvest Loop,2025-08-26,2025-08,"[""FetterSky Studio""]","[""FetterSky Studio""]",False,True,False,False,success,game,199,199,0,USD,True,1.99,1.99,2026-09-13T05:56:16.261334+00:00,2025-08-26,2025-08-26,False,,20250911,2025-08,proportional_stratified_random_sample
886,3938670,Spacebar X,2025-08-26,2025-08,"[""NEETNectar""]","[""NEETNectar""]",False,True,False,False,success,game,99,99,0,USD,True,0.99,0.99,2026-09-13T05:57:20.408625+00:00,2025-08-26,2025-08-26,False,,20250911,2025-08,proportional_stratified_random_sample
887,3940900,Swipepi,2025-08-26,2025-08,"[""Alexis Clemente""]","[""AleC Games""]",False,True,False,False,success,game,599,599,0,USD,True,5.99,5.99,2026-09-13T05:58:15.883999+00:00,2025-08-26,2025-08-26,False,,20250911,2025-08,proportional_stratified_random_sample
888,3942640,father's love,2025-08-26,2025-08,"[""hgmGame""]","[""hgmGame""]",False,True,False,False,success,game,2999,2999,0,USD,True,29.99,29.99,2026-09-13T05:58:54.386166+00:00,2025-08-26,2025-08-26,False,,20250911,2025-08,proportional_stratified_random_sample
889,1724030,Eyes of Hellfire,2025-08-27,2025-08,"[""Gambrinous""]","[""Blumhouse Games""]",False,True,True,False,success,game,999,999,0,USD,True,9.99,9.99,2026-09-12T13:11:17.672600+00:00,2025-08-27,2025-08-27,False,,20250911,2025-08,proportional_stratified_random_sample
890,2508780,STORY OF SEASONS: Grand Bazaar,2025-08-27,2025-08,"[""Marvelous Inc.""]","[""XSEED Games"",""Marvelous USA, Inc."",""Marvelous Europe""]",False,True,False,False,success,game,4999,3499,30,USD,True,49.99,34.99,2026-09-12T13:46:43.944805+00:00,2025-08-27,2025-08-27,False,,20250911,2025-08,proportional_stratified_random_sample
891,2914490,Death end re;Quest: Code Z,2025-08-27,2025-08,"[""Idea Factory"",""Compile Heart""]","[""Idea Factory International, Inc.""]",False,True,False,False,success,game,3999,3999,0,USD,True,39.99,39.99,2026-09-12T14:08:29.661928+00:00,2025-08-27,2025-08-27,False,,20250911,2025-08,proportional_stratified_random_sample
892,3297940,Fear Academy,2025-08-27,2025-08,"[""Lost Input Games""]","[""Lost Input Games""]",False,True,False,False,success,game,299,299,0,USD,True,2.99,2.99,2026-09-12T14:53:02.046018+00:00,2025-08-27,2025-08-27,False,,20250911,2025-08,proportional_stratified_random_sample
893,3386100,Drift Survivor 2,2025-08-27,2025-08,"[""MEWSTURBO""]","[""TurboCatSoftware""]",False,True,False,False,success,game,399,399,0,USD,True,3.99,3.99,2026-09-12T15:04:38.749967+00:00,2025-08-27,2025-08-27,False,,20250911,2025-08,proportional_stratified_random_sample
894,3406620,VARLET,2025-08-27,2025-08,"[""FURYU CORPORATION""]","[""FURYU CORPORATION""]",False,True,False,False,success,game,5999,5999,0,USD,True,59.99,59.99,2026-09-12T15:07:45.034261+00:00,2025-08-27,2025-08-27,False,,20250911,2025-08,proportional_stratified_random_sample
895,3555980,Caput Mortum,2025-08-27,2025-08,"[""WildArts Games""]","[""Black Lantern Collective""]",False,True,False,False,success,game,1199,719,40,USD,True,11.99,7.19,2026-09-12T15:33:00.339944+00:00,2025-08-27,2025-08-27,False,,20250911,2025-08,proportional_stratified_random_sample
896,3660270,Corrupted World,2025-08-27,2025-08,"[""Alexis Guilbault""]","[""VoltBlade Games""]",False,True,False,False,success,game,1199,1199,0,USD,True,11.99,11.99,2026-09-12T15:57:30.517868+00:00,2025-08-27,2025-08-27,False,,20250911,2025-08,proportional_stratified_random_sample
897,3806520,SENKOU,2025-08-27,2025-08,"[""あめざいく""]","[""あめざいく""]",False,True,False,False,success,game,399,399,0,USD,True,3.99,3.99,2026-09-12T16:43:46.966072+00:00,2025-08-27,2025-08-27,False,,20250911,2025-08,proportional_stratified_random_sample
898,3829040,Turtle Turtle,2025-08-27,2025-08,"[""SG Games""]","[""SG Games""]",False,True,False,False,success,game,299,299,0,USD,True,2.99,2.99,2026-09-12T16:56:13.676703+00:00,2025-08-27,2025-08-27,False,,20250911,2025-08,proportional_stratified_random_sample
899,3876170,MIR,2025-08-27,2025-08,"[""Igor Yakunin""]","[""Igor Yakunin""]",False,True,False,False,success,game,299,299,0,USD,True,2.99,2.99,2026-09-12T17:41:20.800262+00:00,2025-08-27,2025-08-27,False,,20250911,2025-08,proportional_stratified_random_sample
900,3899510,"ギャルと優等生と夏休み Gal, Geek and Summer",2025-08-27,2025-08,"[""CyberStep, Inc."",""Rideon Works Co. Ltd,""]","[""CyberStep, Inc.""]",False,True,False,False,success,game,1999,1999,0,USD,True,19.99,19.99,2026-09-12T17:53:37.454631+00:00,2025-08-27,2025-08-27,False,,20250911,2025-08,proportional_stratified_random_sample
901,3900070,Flashmaster,2025-08-27,2025-08,"[""Jammy Games""]","[""Jammy Games""]",False,True,False,False,success,game,599,599,0,USD,True,5.99,5.99,2026-09-12T17:53:52.128124+00:00,2025-08-27,2025-08-27,False,,20250911,2025-08,proportional_stratified_random_sample
902,3902230,Waiting for Your Food Delivery Simulator 2025,2025-08-27,2025-08,"[""HaggisBytes""]","[""HaggisBytes""]",False,True,False,False,success,game,99,99,0,USD,True,0.99,0.99,2026-09-12T17:54:37.437882+00:00,2025-08-27,2025-08-27,False,,20250911,2025-08,proportional_stratified_random_sample
903,3905080,金牌健美教练,2025-08-27,2025-08,"[""塔克夏""]","[""生牛活马工作室""]",False,True,True,False,success,game,299,299,0,USD,True,2.99,2.99,2026-09-12T17:55:30.880365+00:00,2025-08-27,2025-08-27,False,,20250911,2025-08,proportional_stratified_random_sample
904,3919280,2 in 1 Experience Hidden Objects,2025-08-27,2025-08,"[""magnussoft""]","[""magnussoft""]",False,True,False,False,success,game,999,899,10,USD,True,9.99,8.99,2026-09-12T18:02:15.455546+00:00,2025-08-27,2025-08-27,False,,20250911,2025-08,proportional_stratified_random_sample
905,3926040,Deskcat,2025-08-27,2025-08,"[""Logobojo""]","[""Logobojo""]",False,True,False,False,success,game,99,99,0,USD,True,0.99,0.99,2026-09-13T05:51:57.297914+00:00,2025-08-27,2025-08-27,False,,20250911,2025-08,proportional_stratified_random_sample
906,3939000,Free Fall,2025-08-27,2025-08,"[""Mindstream Games""]","[""Mindstream Games""]",False,True,True,False,success,game,99,49,51,USD,True,0.99,0.49,2026-09-13T05:57:29.026988+00:00,2025-08-27,2025-08-27,False,,20250911,2025-08,proportional_stratified_random_sample
907,3946470,Outwall,2025-08-27,2025-08,"[""SupKai""]","[""SupKai""]",False,True,False,False,success,game,99,99,0,USD,True,0.99,0.99,2026-09-13T06:00:18.576331+00:00,2025-08-27,2025-08-27,False,,20250911,2025-08,proportional_stratified_random_sample
908,1151990,Slip 'n Slime,2025-08-28,2025-08,"[""Wild Magic Studio""]","[""Wild Magic Studio"",""SpaceJazz""]",False,True,True,True,success,game,999,999,0,USD,True,9.99,9.99,2026-09-12T12:55:01.623675+00:00,2025-08-28,2025-08-28,False,,20250911,2025-08,proportional_stratified_random_sample
909,1471650,The Knightling,2025-08-28,2025-08,"[""Twirlbound""]","[""Saber Interactive""]",False,True,False,False,success,game,2999,2999,0,USD,True,29.99,29.99,2026-09-12T13:06:49.847148+00:00,2025-08-28,2025-08-28,False,,20250911,2025-08,proportional_stratified_random_sample
910,2361770,SHINOBI: Art of Vengeance,2025-08-28,2025-08,"[""SEGA"",""Lizardcube""]","[""SEGA""]",False,True,False,False,success,game,2999,2999,0,USD,True,29.99,29.99,2026-09-12T13:39:32.565469+00:00,2025-08-28,2025-08-28,False,,20250911,2025-08,proportional_stratified_random_sample
911,2372450,Rootin' Tootin' Lootin' & Shootin',2025-08-28,2025-08,"[""Raspberry Jam""]","[""Raspberry Jam""]",False,True,True,False,success,game,899,629,30,USD,True,8.99,6.29,2026-09-12T13:39:56.145761+00:00,2025-08-28,2025-08-28,False,,20250911,2025-08,proportional_stratified_random_sample
912,2560730,SauceLore,2025-08-28,2025-08,"[""SauceyPlayz""]","[""SauceyPlayz""]",False,True,True,False,success,game,999,999,0,USD,True,9.99,9.99,2026-09-12T13:48:43.242846+00:00,2025-08-28,2025-08-28,False,,20250911,2025-08,proportional_stratified_random_sample
913,2917040,Garten of Banban 8: Anti Devil,2025-08-28,2025-08,"[""Euphoric Brothers""]","[""Euphoric Brothers""]",False,True,False,False,success,game,999,999,0,USD,True,9.99,9.99,2026-09-12T14:08:38.203551+00:00,2025-08-28,2025-08-28,False,,20250911,2025-08,proportional_stratified_random_sample
914,3239500,Cloud Cats` Land,2025-08-28,2025-08,"[""Gryphon`s Nest""]","[""Gryphon`s Nest""]",False,True,False,False,success,game,499,499,0,USD,True,4.99,4.99,2026-09-12T14:40:20.452896+00:00,2025-08-28,2025-08-28,False,,20250911,2025-08,proportional_stratified_random_sample
915,3252250,Unfoldink,2025-08-28,2025-08,"[""BordexDev""]","[""BordexDev""]",False,True,True,True,success,game,699,699,0,USD,True,6.99,6.99,2026-09-12T14:41:07.497445+00:00,2025-08-28,2025-08-28,False,,20250911,2025-08,proportional_stratified_random_sample
916,3332140,Smells Like Fear Blossoms,2025-08-28,2025-08,"[""AnoGame Studio""]","[""AnoGame Studio""]",False,True,False,False,success,game,499,499,0,USD,True,4.99,4.99,2026-09-12T14:56:33.096594+00:00,2025-08-28,2025-08-28,False,,20250911,2025-08,proportional_stratified_random_sample
917,3636530,Dungeon Maiden: Survivor,2025-08-28,2025-08,"[""MCreation Studio""]","[""MCreation Studio""]",False,True,False,False,success,game,899,899,0,USD,True,8.99,8.99,2026-09-12T15:51:15.778741+00:00,2025-08-28,2025-08-28,False,,20250911,2025-08,proportional_stratified_random_sample
918,3713940,TriggerHeart EXELICA ENHANCED,2025-08-28,2025-08,"[""Cosmo Machia inc.""]","[""Cosmo Machia""]",False,True,False,False,success,game,3999,3999,0,USD,True,39.99,39.99,2026-09-12T16:14:46.096905+00:00,2025-08-28,2025-08-28,False,,20250911,2025-08,proportional_stratified_random_sample
919,3757190,Sudoku Mania,2025-08-28,2025-08,"[""NYX Digital Ltd""]","[""Funbox Media Ltd""]",False,True,False,False,success,game,499,499,0,USD,True,4.99,4.99,2026-09-12T16:27:08.575158+00:00,2025-08-28,2025-08-28,False,,20250911,2025-08,proportional_stratified_random_sample
920,3788190,Story 210,2025-08-28,2025-08,"[""Holitass""]","[""Holitass""]",False,True,False,False,success,game,599,599,0,USD,True,5.99,5.99,2026-09-12T16:36:22.010990+00:00,2025-08-28,2025-08-28,False,,20250911,2025-08,proportional_stratified_random_sample
921,3792540,BederSNAKE,2025-08-28,2025-08,"[""Yury Bederov""]","[""Yury Bederov""]",False,True,False,False,success,game,99,99,0,USD,True,0.99,0.99,2026-09-12T16:38:06.681433+00:00,2025-08-28,2025-08-28,False,,20250911,2025-08,proportional_stratified_random_sample
922,3810250,Bot Rush,2025-08-28,2025-08,"[""Bansan""]","[""Bansan""]",False,True,False,False,success,game,199,199,0,USD,True,1.99,1.99,2026-09-12T16:45:53.139522+00:00,2025-08-28,2025-08-28,False,,20250911,2025-08,proportional_stratified_random_sample
923,3846030,Forbidden Ground - Lair of Aooni -,2025-08-28,2025-08,"[""HYDE, Inc.""]","[""HYDE, Inc.""]",False,True,False,False,success,game,1099,1099,0,USD,True,10.99,10.99,2026-09-12T17:11:24.787753+00:00,2025-08-28,2025-08-28,False,,20250911,2025-08,proportional_stratified_random_sample
924,3848660,Perception: Heart and Mind,2025-08-28,2025-08,"[""Thodoris Serafeim Adamakos""]","[""Daydream's Power""]",False,True,True,True,success,game,499,499,0,USD,True,4.99,4.99,2026-09-12T17:12:54.254870+00:00,2025-08-28,2025-08-28,False,,20250911,2025-08,proportional_stratified_random_sample
925,3853780,Just Grandma and Me,2025-08-28,2025-08,"[""Brøderbund"",""Jordan Freeman Group"",""Living Books"",""Wanderful Interactive Storybooks""]","[""ZOOM Platform Media"",""Wanderful Interactive Storybooks""]",False,True,False,False,success,game,999,999,0,USD,True,9.99,9.99,2026-09-12T17:15:23.134431+00:00,2025-08-28,2025-08-28,False,,20250911,2025-08,proportional_stratified_random_sample
926,3861560,Planet Drop,2025-08-28,2025-08,"[""danenjoysgames""]","[""danenjoysgames""]",False,True,False,False,success,game,399,399,0,USD,True,3.99,3.99,2026-09-12T17:33:21.743235+00:00,2025-08-28,2025-08-28,False,,20250911,2025-08,proportional_stratified_random_sample
927,3877400,Contingence,2025-08-28,2025-08,"[""Vera Polyachenko""]","[""Vera Polyachenko""]",False,True,True,False,success,game,99,99,0,USD,True,0.99,0.99,2026-09-12T17:42:03.653902+00:00,2025-08-28,2025-08-28,False,,20250911,2025-08,proportional_stratified_random_sample
928,3899660,Pompiers Simulator,2025-08-28,2025-08,"[""Vincent Tartar""]","[""Oasis Video Games""]",False,True,False,False,success,game,799,799,0,USD,True,7.99,7.99,2026-09-12T17:53:41.639191+00:00,2025-08-28,2025-08-28,False,,20250911,2025-08,proportional_stratified_random_sample
929,3917580,The Almagest Anomalies,2025-08-28,2025-08,"[""Lee Powell""]","[""Three Beams Studio""]",False,True,False,False,success,game,399,399,0,USD,True,3.99,3.99,2026-09-12T18:01:07.417548+00:00,2025-08-28,2025-08-28,False,,20250911,2025-08,proportional_stratified_random_sample
930,3927520,Cosmolon,2025-08-28,2025-08,"[""Se7enZ Studio""]","[""Se7enZ Studio""]",False,True,False,False,success,game,99,99,0,USD,True,0.99,0.99,2026-09-13T05:52:48.420633+00:00,2025-08-28,2025-08-28,False,,20250911,2025-08,proportional_stratified_random_sample
931,3935440,SummonArk -Deck Building Roguelite-,2025-08-28,2025-08,"[""犬猫 Room""]","[""犬猫 Room""]",False,True,False,False,success,game,899,899,0,USD,True,8.99,8.99,2026-09-13T05:55:57.009119+00:00,2025-08-28,2025-08-28,False,,20250911,2025-08,proportional_stratified_random_sample
932,3935460,学園迷宮 | School Corridor,2025-08-28,2025-08,"[""学園迷宮制作員会""]","[""学園迷宮制作員会""]",True,True,False,False,success,game,,,,,False,,,2026-09-13T05:55:59.152055+00:00,2025-08-28,2025-08-28,False,,20250911,2025-08,proportional_stratified_random_sample
933,3942650,Verbal Beatdown,2025-08-28,2025-08,"[""Rob Law""]","[""Rob Law""]",False,True,False,False,success,game,299,299,0,USD,True,2.99,2.99,2026-09-13T05:58:56.439711+00:00,2025-08-28,2025-08-28,False,,20250911,2025-08,proportional_stratified_random_sample
934,3942890,Fantahouse,2025-08-28,2025-08,"[""Vision Interactive""]","[""Vision Interactive""]",True,True,False,False,success,game,,,,,False,,,2026-09-13T05:59:06.862410+00:00,2025-08-28,2025-08-28,False,,20250911,2025-08,proportional_stratified_random_sample
935,3943400,Shidunzi Parkour,2025-08-28,2025-08,"[""坏枪""]","[""坏枪""]",True,True,True,True,success,game,,,,,False,,,2026-09-13T05:59:15.393874+00:00,2025-08-28,2025-08-28,False,,20250911,2025-08,proportional_stratified_random_sample
936,2070860,Esophaguys,2025-08-29,2025-08,"[""Esophaguys Team""]","[""Esophaguys Team""]",False,True,False,True,success,game,999,999,0,USD,True,9.99,9.99,2026-09-12T13:22:34.967386+00:00,2025-08-29,2025-08-29,False,,20250911,2025-08,proportional_stratified_random_sample
937,2316640,Light On,2025-08-29,2025-08,"[""indigo game production""]","[""indigo game production""]",False,True,True,True,success,game,899,899,0,USD,True,8.99,8.99,2026-09-12T13:37:24.822159+00:00,2025-08-29,2025-08-29,False,,20250911,2025-08,proportional_stratified_random_sample
938,2430540,Radix Chronicle,2025-08-29,2025-08,"[""Luna Flora""]","[""Luna Flora""]",False,True,True,True,success,game,699,699,0,USD,True,6.99,6.99,2026-09-12T13:42:48.356225+00:00,2025-08-29,2025-08-29,False,,20250911,2025-08,proportional_stratified_random_sample
939,2561810,HamSumo,2025-08-29,2025-08,"[""Sleepy Bears Indie""]","[""Sleepy Bears Indie""]",False,True,False,False,success,game,1099,1099,0,USD,True,10.99,10.99,2026-09-12T13:48:45.478324+00:00,2025-08-29,2025-08-29,False,,20250911,2025-08,proportional_stratified_random_sample
940,2643880,Build For Sale Simulator,2025-08-29,2025-08,"[""Paragon Game Studio""]","[""Paragon Game Studio""]",False,True,False,False,success,game,899,899,0,USD,True,8.99,8.99,2026-09-12T13:52:07.247840+00:00,2025-08-29,2025-08-29,False,,20250911,2025-08,proportional_stratified_random_sample
941,3262080,Word Rave,2025-08-29,2025-08,"[""Gobico""]","[""Gobico""]",False,True,False,False,success,game,999,999,0,USD,True,9.99,9.99,2026-09-12T14:42:02.957230+00:00,2025-08-29,2025-08-29,False,,20250911,2025-08,proportional_stratified_random_sample
942,3418150,LORED,2025-08-29,2025-08,"[""Dillon Simpson""]","[""Dillon Simpson""]",False,True,False,True,success,game,999,999,0,USD,True,9.99,9.99,2026-09-12T15:09:25.103365+00:00,2025-08-29,2025-08-29,False,,20250911,2025-08,proportional_stratified_random_sample
943,3449610,GCS: Salvage Rat,2025-08-29,2025-08,"[""Stellar Forge Works""]","[""Stellar Forge Works""]",False,True,False,False,success,game,999,999,0,USD,True,9.99,9.99,2026-09-12T15:15:21.902012+00:00,2025-08-29,2025-08-29,False,,20250911,2025-08,proportional_stratified_random_sample
944,3500450,Ice 'Em: Race to the Grave,2025-08-29,2025-08,"[""Paul Cooney""]","[""Paul Cooney""]",False,True,False,False,success,game,999,999,0,USD,True,9.99,9.99,2026-09-12T15:23:08.425435+00:00,2025-08-29,2025-08-29,False,,20250911,2025-08,proportional_stratified_random_sample
945,3504570,Fear Effect,2025-08-29,2025-08,"[""Implicit Conversions""]","[""Limited Run Games""]",False,True,False,False,success,game,999,999,0,USD,True,9.99,9.99,2026-09-12T15:24:05.980468+00:00,2025-08-29,2025-08-29,False,,20250911,2025-08,proportional_stratified_random_sample
946,3615850,Blighted Deep,2025-08-29,2025-08,"[""Alexander Frey""]","[""Alexander Frey""]",False,True,False,False,success,game,399,399,0,USD,True,3.99,3.99,2026-09-12T15:45:46.588724+00:00,2025-08-29,2025-08-29,False,,20250911,2025-08,proportional_stratified_random_sample
947,3624520,Dark Erosion: Endless Siege,2025-08-29,2025-08,"[""LaoLiang""]","[""LaoLiang""]",False,True,False,False,success,game,699,699,0,USD,True,6.99,6.99,2026-09-12T15:48:09.668013+00:00,2025-08-29,2025-08-29,False,,20250911,2025-08,proportional_stratified_random_sample
948,3713410,G-MODEアーカイブス+ 真・女神転生 東京鎮魂歌,2025-08-29,2025-08,"[""G-MODE"",""ATLUS""]","[""G-MODE""]",False,True,False,False,success,game,1599,1599,0,USD,True,15.99,15.99,2026-09-12T16:14:35.451205+00:00,2025-08-29,2025-08-29,False,,20250911,2025-08,proportional_stratified_random_sample
949,3801520,Store It!,2025-08-29,2025-08,"[""Two Pixels UG""]","[""Two Pixels UG""]",False,True,False,False,success,game,899,899,0,USD,True,8.99,8.99,2026-09-12T16:41:45.765477+00:00,2025-08-29,2025-08-29,False,,20250911,2025-08,proportional_stratified_random_sample
950,3839060,Children's Sandbox,2025-08-29,2025-08,"[""Fomalhaut Games""]","[""Fomalhaut Games""]",False,True,False,True,success,game,199,199,0,USD,True,1.99,1.99,2026-09-12T17:07:28.305783+00:00,2025-08-29,2025-08-29,False,,20250911,2025-08,proportional_stratified_random_sample
951,3854760,Tentaphage,2025-08-29,2025-08,"[""Worn Software""]","[""Worn Software""]",False,True,False,False,success,game,499,499,0,USD,True,4.99,4.99,2026-09-12T17:16:13.796120+00:00,2025-08-29,2025-08-29,False,,20250911,2025-08,proportional_stratified_random_sample
952,3898080,Quadcubes,2025-08-29,2025-08,"[""dewle""]","[""dewle""]",False,True,False,False,success,game,199,199,0,USD,True,1.99,1.99,2026-09-12T17:52:50.769138+00:00,2025-08-29,2025-08-29,False,,20250911,2025-08,proportional_stratified_random_sample
953,3905890,The Callers,2025-08-29,2025-08,"[""3RFam""]","[""3RFam""]",False,True,False,False,success,game,599,599,0,USD,True,5.99,5.99,2026-09-12T17:55:53.896984+00:00,2025-08-29,2025-08-29,False,,20250911,2025-08,proportional_stratified_random_sample
954,3917990,Real-time Shogi,2025-08-29,2025-08,"[""Saikyosan""]","[""Saikyosan""]",True,True,False,False,success,game,,,,,False,,,2026-09-12T18:01:22.593475+00:00,2025-08-29,2025-08-29,False,,20250911,2025-08,proportional_stratified_random_sample
955,3919270,RovNav,2025-08-29,2025-08,"[""Enigmatix Interactive""]","[""Enigmatix Interactive""]",False,True,False,False,success,game,999,699,30,USD,True,9.99,6.99,2026-09-12T18:02:13.275631+00:00,2025-08-29,2025-08-29,False,,20250911,2025-08,proportional_stratified_random_sample
956,3922100,Forest Doesn’t Care,2025-08-29,2025-08,"[""MOROZ GAMES""]","[""MOROZ GAMES""]",False,True,False,False,success,game,1399,1399,0,USD,True,13.99,13.99,2026-09-12T18:03:41.651947+00:00,2025-08-29,2025-08-29,False,,20250911,2025-08,proportional_stratified_random_sample
957,2321250,A Corgi's Cozy Hike,2025-08-30,2025-08,"[""Scalisco""]","[""Scalisco""]",False,True,False,False,success,game,1999,1999,0,USD,True,19.99,19.99,2026-09-12T13:37:29.127519+00:00,2025-08-30,2025-08-30,False,,20250911,2025-08,proportional_stratified_random_sample
958,3855620,GHOST OF THE DICED STEAK,2025-08-30,2025-08,"[""rW Games""]","[""Rikuya Waki""]",False,True,False,False,success,game,299,299,0,USD,True,2.99,2.99,2026-09-12T17:16:43.601281+00:00,2025-08-30,2025-08-30,False,,20250911,2025-08,proportional_stratified_random_sample
959,3934520,The Quiet Hum of a Lonely Heart,2025-08-30,2025-08,"[""VisualNovelGames""]","[""VisualNovelGames""]",False,True,True,True,success,game,99,49,51,USD,True,0.99,0.49,2026-09-13T05:55:41.979419+00:00,2025-08-30,2025-08-30,False,,20250911,2025-08,proportional_stratified_random_sample
960,3948320,Jumbot,2025-08-30,2025-08,"[""Luyao Zhan""]","[""Luyao Zhan""]",False,True,False,False,success,game,299,299,0,USD,True,2.99,2.99,2026-09-13T06:01:16.078915+00:00,2025-08-30,2025-08-30,False,,20250911,2025-08,proportional_stratified_random_sample
961,3070880,Farming & Supermarket Simulator,2025-08-31,2025-08,"[""EY08 Games""]","[""EY08 Games""]",False,True,False,False,success,game,1199,959,20,USD,True,11.99,9.59,2026-09-12T14:22:14.258552+00:00,2025-08-31,2025-08-31,False,,20250911,2025-08,proportional_stratified_random_sample
962,3159040,Sapling Wars,2025-08-31,2025-08,"[""Gary""]","[""Gary""]",False,True,False,False,success,game,499,499,0,USD,True,4.99,4.99,2026-09-12T14:30:58.815851+00:00,2025-08-31,2025-08-31,False,,20250911,2025-08,proportional_stratified_random_sample
963,3369990,Hampy's Great Adventure,2025-08-31,2025-08,"[""SuperStudios""]","[""SuperStudios""]",False,True,False,False,success,game,149,149,0,USD,True,1.49,1.49,2026-09-12T15:02:19.252753+00:00,2025-08-31,2025-08-31,False,,20250911,2025-08,proportional_stratified_random_sample
964,3769330,Road Trip to the End of the World,2025-08-31,2025-08,"[""Shark and Pelican Games"",""Alex M. Lee""]","[""Shark and Pelican Games""]",True,True,True,True,success,game,,,,,False,,,2026-09-12T16:30:44.837848+00:00,2025-08-31,2025-08-31,False,,20250911,2025-08,proportional_stratified_random_sample
965,3786040,The Overnight Screening,2025-08-31,2025-08,"[""Taleon""]","[""Taleon""]",False,True,False,False,success,game,499,499,0,USD,True,4.99,4.99,2026-09-12T16:35:45.864808+00:00,2025-08-31,2025-08-31,False,,20250911,2025-08,proportional_stratified_random_sample
966,3863300,Deep Inside: Amore sola mi fa remirare,2025-08-31,2025-08,"[""banyalaplace""]","[""banyalaplace""]",True,True,False,False,success,game,,,,,False,,,2026-09-12T17:34:50.588754+00:00,2025-08-31,2025-08-31,False,,20250911,2025-08,proportional_stratified_random_sample
967,3926370,Dig Dig Spud Spud Harvest,2025-08-31,2025-08,"[""NoraPerikaProject""]","[""NoraPerikaProject""]",False,True,False,False,success,game,199,199,0,USD,True,1.99,1.99,2026-09-13T05:52:12.137635+00:00,2025-08-31,2025-08-31,False,,20250911,2025-08,proportional_stratified_random_sample
968,2500460,Inventorix,2025-09-01,2025-09,"[""Arcaludi""]","[""Arcaludi""]",False,True,False,False,success,game,499,499,0,USD,True,4.99,4.99,2026-09-12T13:46:22.849050+00:00,2025-09-01,2025-09-01,False,,20250911,2025-09,proportional_stratified_random_sample
969,3094480,Bad Cheese,2025-09-01,2025-09,"[""Simon Lukasik""]","[""Feardemic""]",False,True,False,False,success,game,1299,1299,0,USD,True,12.99,12.99,2026-09-12T14:24:17.900189+00:00,2025-09-01,2025-09-01,False,,20250911,2025-09,proportional_stratified_random_sample
970,3210590,Massi vs. José,2025-09-01,2025-09,"[""Gammes""]","[""Gammes""]",False,True,True,True,success,game,499,499,0,USD,True,4.99,4.99,2026-09-12T14:36:52.728604+00:00,2025-09-01,2025-09-01,False,,20250911,2025-09,proportional_stratified_random_sample
971,3427550,Dating App Simulator,2025-09-01,2025-09,"[""Oba Games""]","[""Oba Games""]",False,True,False,False,success,game,599,599,0,USD,True,5.99,5.99,2026-09-12T15:10:48.209254+00:00,2025-09-01,2025-09-01,False,,20250911,2025-09,proportional_stratified_random_sample
972,3499820,Basketball Simulator,2025-09-01,2025-09,"[""Hard Shark Games""]","[""Hard Shark Games""]",False,True,False,False,success,game,699,699,0,USD,True,6.99,6.99,2026-09-12T15:23:04.178350+00:00,2025-09-01,2025-09-01,False,,20250911,2025-09,proportional_stratified_random_sample
973,3659560,Bob's Crystals,2025-09-01,2025-09,"[""RedFlare game studios""]","[""RedFlare game studios""]",False,True,False,False,success,game,299,299,0,USD,True,2.99,2.99,2026-09-12T15:57:15.831181+00:00,2025-09-01,2025-09-01,False,,20250911,2025-09,proportional_stratified_random_sample
974,3702020,Figurine Shop Simulator,2025-09-01,2025-09,"[""Gamific""]","[""Gamific""]",False,True,False,False,success,game,999,999,0,USD,True,9.99,9.99,2026-09-12T16:09:43.242098+00:00,2025-09-01,2025-09-01,False,,20250911,2025-09,proportional_stratified_random_sample
975,3869490,GeneBreak,2025-09-01,2025-09,"[""Desert Games""]","[""Desert Games""]",False,True,False,False,success,game,99,99,0,USD,True,0.99,0.99,2026-09-12T17:37:54.948376+00:00,2025-09-01,2025-09-01,False,,20250911,2025-09,proportional_stratified_random_sample
976,3895060,FLOW,2025-09-01,2025-09,"[""Nulis Interactive""]","[""Nulis Interactive""]",False,True,False,False,success,game,299,149,50,USD,True,2.99,1.49,2026-09-12T17:51:04.917524+00:00,2025-09-01,2025-09-01,False,,20250911,2025-09,proportional_stratified_random_sample
977,3895170,Intuitive Level Design,2025-09-01,2025-09,"[""Magic Beard Studios""]","[""Magic Beard Studios""]",False,True,False,False,success,game,999,999,0,USD,True,9.99,9.99,2026-09-12T17:51:09.156625+00:00,2025-09-01,2025-09-01,False,,20250911,2025-09,proportional_stratified_random_sample
978,3926610,White Eternal,2025-09-01,2025-09,"[""origamihero games""]","[""origamihero games""]",False,True,False,False,success,game,499,249,50,USD,True,4.99,2.49,2026-09-13T05:52:20.594016+00:00,2025-09-01,2025-09-01,False,,20250911,2025-09,proportional_stratified_random_sample
979,3935420,Hotdangle,2025-09-01,2025-09,"[""Devorange Studio Inc""]","[""Devorange Studio Inc""]",False,True,False,False,success,game,1799,1799,0,USD,True,17.99,17.99,2026-09-13T05:55:54.840455+00:00,2025-09-01,2025-09-01,False,,20250911,2025-09,proportional_stratified_random_sample
980,3952680,Backrooms Maze 2D,2025-09-01,2025-09,"[""Insanity Studios LLC""]","[""Insanity Studios LLC""]",False,True,False,False,success,game,199,199,0,USD,True,1.99,1.99,2026-09-13T06:03:19.274594+00:00,2025-09-01,2025-09-01,False,,20250911,2025-09,proportional_stratified_random_sample
981,990380,METAL EDEN,2025-09-02,2025-09,"[""Reikon Games""]","[""Deep Silver""]",False,True,False,False,success,game,1999,1999,0,USD,True,19.99,19.99,2026-09-12T12:53:31.777732+00:00,2025-09-02,2025-09-02,False,,20250911,2025-09,proportional_stratified_random_sample
982,1622630,Otherskin,2025-09-02,2025-09,"[""Game Atelier""]","[""FDG Entertainment""]",False,True,False,False,success,game,2999,2999,0,USD,True,29.99,29.99,2026-09-12T13:09:22.448810+00:00,2025-09-02,2025-09-02,False,,20250911,2025-09,proportional_stratified_random_sample
983,2167530,V's Rage,2025-09-02,2025-09,"[""bit ManiaX"",""Newbix Team""]","[""bit ManiaX""]",False,True,True,True,success,game,349,349,0,USD,True,3.49,3.49,2026-09-12T13:31:57.684211+00:00,2025-09-02,2025-09-02,False,,20250911,2025-09,proportional_stratified_random_sample
984,2746540,Warfront,2025-09-02,2025-09,"[""Michael Connelly"",""Drew Essary"",""Noah Lloyd"",""Angello Sassarini""]","[""Modern Monkey Studios""]",False,True,False,False,success,game,499,499,0,USD,True,4.99,4.99,2026-09-12T13:57:24.030547+00:00,2025-09-02,2025-09-02,False,,20250911,2025-09,proportional_stratified_random_sample
985,3121720,A Snail's Pace,2025-09-02,2025-09,"[""Dox Studios""]","[""Dox Studios""]",False,True,True,True,success,game,499,499,0,USD,True,4.99,4.99,2026-09-12T14:27:32.522508+00:00,2025-09-02,2025-09-02,False,,20250911,2025-09,proportional_stratified_random_sample
986,3351040,Happy Puppy,2025-09-02,2025-09,"[""Aminur Rahaman""]","[""Aminur Rahaman""]",False,True,False,False,success,game,399,399,0,USD,True,3.99,3.99,2026-09-12T14:58:57.413796+00:00,2025-09-02,2025-09-02,False,,20250911,2025-09,proportional_stratified_random_sample
987,3590970,Astrohaulers,2025-09-02,2025-09,"[""Fern Sprout Studios""]","[""Fern Sprout Studios""]",True,True,True,False,success,game,,,,,False,,,2026-09-12T15:40:36.310576+00:00,2025-09-02,2025-09-02,False,,20250911,2025-09,proportional_stratified_random_sample
988,3812970,The Ultimate Box Games,2025-09-02,2025-09,"[""Muddy Creek Games""]","[""Muddy Creek Games""]",False,True,False,False,success,game,699,699,0,USD,True,6.99,6.99,2026-09-12T16:47:32.326103+00:00,2025-09-02,2025-09-02,False,,20250911,2025-09,proportional_stratified_random_sample
989,3894170,Trench Face,2025-09-02,2025-09,"[""Pulse Blue""]","[""Pulse Blue""]",False,True,False,False,success,game,299,299,0,USD,True,2.99,2.99,2026-09-12T17:50:17.637000+00:00,2025-09-02,2025-09-02,False,,20250911,2025-09,proportional_stratified_random_sample
990,3900500,Empty Space: The Creator,2025-09-02,2025-09,"[""Morteza Ahmadi""]","[""Morteza Ahmadi""]",False,True,False,False,success,game,999,999,0,USD,True,9.99,9.99,2026-09-12T17:54:07.167698+00:00,2025-09-02,2025-09-02,False,,20250911,2025-09,proportional_stratified_random_sample
991,3942530,1Second,2025-09-02,2025-09,"[""Pablo Gafanha""]","[""Gafanhas""]",False,True,False,False,success,game,199,199,0,USD,True,1.99,1.99,2026-09-13T05:58:48.019782+00:00,2025-09-02,2025-09-02,False,,20250911,2025-09,proportional_stratified_random_sample
992,3948620,Luminaria,2025-09-02,2025-09,"[""BBKGAMES""]","[""BBKGAMES""]",True,True,False,False,success,game,,,,,False,,,2026-09-13T06:01:28.585652+00:00,2025-09-02,2025-09-02,False,,20250911,2025-09,proportional_stratified_random_sample
993,3953840,Baduk Challenge (Go Challenge),2025-09-02,2025-09,"[""OH YU HWAN""]","[""OH YU HWAN""]",False,True,False,False,success,game,1099,1099,0,USD,True,10.99,10.99,2026-09-13T06:03:52.744967+00:00,2025-09-02,2025-09-02,False,,20250911,2025-09,proportional_stratified_random_sample
994,3956600,They won't get our eggs!,2025-09-02,2025-09,"[""SpacePine Development""]","[""SpacePine Development""]",False,True,False,False,success,game,399,399,0,USD,True,3.99,3.99,2026-09-13T06:05:13.352150+00:00,2025-09-02,2025-09-02,False,,20250911,2025-09,proportional_stratified_random_sample
995,1748160,Warlordocracy,2025-09-03,2025-09,"[""Brian J. Lancaster"",""Laughing Coyote Software""]","[""Brian J. Lancaster"",""Laughing Coyote Software""]",False,True,False,False,success,game,499,499,0,USD,True,4.99,4.99,2026-09-12T13:11:49.100525+00:00,2025-09-03,2025-09-03,False,,20250911,2025-09,proportional_stratified_random_sample
996,2238440,The Last Craftsman,2025-09-03,2025-09,"[""AuraTummyache""]","[""AuraTummyache""]",False,True,True,True,success,game,999,999,0,USD,True,9.99,9.99,2026-09-12T13:34:26.517482+00:00,2025-09-03,2025-09-03,False,,20250911,2025-09,proportional_stratified_random_sample
997,2436660,Splatterbot,2025-09-03,2025-09,"[""Hey! Kookaburra""]","[""Hey! Kookaburra""]",False,True,False,True,success,game,999,999,0,USD,True,9.99,9.99,2026-09-12T13:43:05.097328+00:00,2025-09-03,2025-09-03,False,,20250911,2025-09,proportional_stratified_random_sample
998,2904690,Scurri,2025-09-03,2025-09,"[""Sarah Rawls"",""Mason Snyder"",""Brinkley Zielinski"",""Stephanie Heras""]","[""DET@ACU"",""Scurridaes""]",True,True,False,False,success,game,,,,,False,,,2026-09-12T14:07:32.794896+00:00,2025-09-03,2025-09-03,False,,20250911,2025-09,proportional_stratified_random_sample
999,3502910,66 Confessions of St.Pinel Castle,2025-09-03,2025-09,"[""SCRAP Co., Ltd.""]","[""SCRAP Co., Ltd.""]",False,True,False,False,success,game,999,999,0,USD,True,9.99,9.99,2026-09-12T15:23:42.370860+00:00,2025-09-03,2025-09-03,False,,20250911,2025-09,proportional_stratified_random_sample
1000,3551100,They See Us,2025-09-03,2025-09,"[""MalumGames""]","[""MalumGames""]",False,True,False,False,success,game,399,399,0,USD,True,3.99,3.99,2026-09-12T15:31:42.156852+00:00,2025-09-03,2025-09-03,False,,20250911,2025-09,proportional_stratified_random_sample
1001,3736540,UNEXTINCTION,2025-09-03,2025-09,"[""Amar SK""]","[""Candoria Studio""]",False,True,False,False,success,game,499,499,0,USD,True,4.99,4.99,2026-09-12T16:20:56.780317+00:00,2025-09-03,2025-09-03,False,,20250911,2025-09,proportional_stratified_random_sample
1002,3738910,MODEL Debut3 #nicola,2025-09-03,2025-09,"[""株式会社ラクジン""]","[""FURYU CORPORATION""]",False,True,False,False,success,game,3999,3999,0,USD,True,39.99,39.99,2026-09-12T16:21:30.467777+00:00,2025-09-03,2025-09-03,False,,20250911,2025-09,proportional_stratified_random_sample
1003,3880220,Dimmed Light,2025-09-03,2025-09,"[""PixelGuse""]","[""Derevo Games""]",False,True,False,False,success,game,899,179,80,USD,True,8.99,1.79,2026-09-12T17:43:42.916979+00:00,2025-09-03,2025-09-03,False,,20250911,2025-09,proportional_stratified_random_sample
1004,3949080,These Are Them,2025-09-03,2025-09,"[""OugenSoft""]","[""OugenSoft""]",False,True,False,False,success,game,99,99,0,USD,True,0.99,0.99,2026-09-13T06:01:43.528851+00:00,2025-09-03,2025-09-03,False,,20250911,2025-09,proportional_stratified_random_sample
1005,1292460,Adventure of Samsara,2025-09-04,2025-09,"[""Ilex Games""]","[""Atari""]",False,True,True,True,success,game,1999,1999,0,USD,True,19.99,19.99,2026-09-12T13:04:03.580320+00:00,2025-09-04,2025-09-04,False,,20250911,2025-09,proportional_stratified_random_sample
1006,1620730,Hell is Us,2025-09-04,2025-09,"[""Rogue Factor""]","[""Nacon""]",False,True,False,False,success,game,4999,4999,0,USD,True,49.99,49.99,2026-09-12T13:09:20.308061+00:00,2025-09-04,2025-09-04,False,,20250911,2025-09,proportional_stratified_random_sample
1007,2000780,Mole Maiden,2025-09-04,2025-09,"[""Tastie Games LLC.""]","[""Tastie Games LLC.""]",False,True,True,False,success,game,999,999,0,USD,True,9.99,9.99,2026-09-12T13:21:18.551737+00:00,2025-09-04,2025-09-04,False,,20250911,2025-09,proportional_stratified_random_sample
1008,2441260,Event Race,2025-09-04,2025-09,"[""Eventgames""]","[""Eventgames""]",True,True,False,True,success,game,,,,,False,,,2026-09-12T13:43:15.649707+00:00,2025-09-04,2025-09-04,False,,20250911,2025-09,proportional_stratified_random_sample
1009,2730810,EVERYBODY'S GOLF HOT SHOTS,2025-09-04,2025-09,"[""HYDE, Inc.""]","[""Bandai Namco Entertainment Inc.""]",False,True,False,False,success,game,3999,3999,0,USD,True,39.99,39.99,2026-09-12T13:56:35.176171+00:00,2025-09-04,2025-09-04,False,,20250911,2025-09,proportional_stratified_random_sample
1010,2860040,SIS and BRO: The Cyborg Siblings,2025-09-04,2025-09,"[""ajtoons""]","[""ajtoons""]",False,True,True,True,success,game,499,499,0,USD,True,4.99,4.99,2026-09-12T14:04:20.797958+00:00,2025-09-04,2025-09-04,False,,20250911,2025-09,proportional_stratified_random_sample
1011,3686450,John Parkour,2025-09-04,2025-09,"[""HOLYPERSON""]","[""HOLYPERSON""]",False,True,False,False,success,game,299,299,0,USD,True,2.99,2.99,2026-09-12T16:05:20.268604+00:00,2025-09-04,2025-09-04,False,,20250911,2025-09,proportional_stratified_random_sample
1012,3807570,Coin Pusher Reloaded,2025-09-04,2025-09,"[""MicroRaptor Games LLC""]","[""MicroRaptor Games LLC""]",True,True,False,False,success,game,,,,,False,,,2026-09-12T16:44:16.450465+00:00,2025-09-04,2025-09-04,False,,20250911,2025-09,proportional_stratified_random_sample
1013,3810990,Row Away,2025-09-04,2025-09,"[""Absolute Zero""]","[""Absolute Zero""]",False,True,False,False,success,game,599,599,0,USD,True,5.99,5.99,2026-09-12T16:46:16.284927+00:00,2025-09-04,2025-09-04,False,,20250911,2025-09,proportional_stratified_random_sample
1014,3878510,Mr Taoist priest,2025-09-04,2025-09,"[""XingLongGame""]","[""XingLongGame""]",False,True,False,False,success,game,199,199,0,USD,True,1.99,1.99,2026-09-12T17:42:43.944943+00:00,2025-09-04,2025-09-04,False,,20250911,2025-09,proportional_stratified_random_sample
1015,3906170,The Puzzler,2025-09-04,2025-09,"[""Light It Up Studio""]","[""Light It Up Studio""]",False,True,False,False,success,game,299,299,0,USD,True,2.99,2.99,2026-09-12T17:56:02.389216+00:00,2025-09-04,2025-09-04,False,,20250911,2025-09,proportional_stratified_random_sample
1016,3906690,Diamond Painting,2025-09-04,2025-09,"[""LeiZna""]","[""LeiZna""]",False,True,False,False,success,game,799,799,0,USD,True,7.99,7.99,2026-09-12T17:56:14.923401+00:00,2025-09-04,2025-09-04,False,,20250911,2025-09,proportional_stratified_random_sample
1017,3915140,Onigiri Shop Simulator,2025-09-04,2025-09,"[""Yagni Lab""]","[""Yagni Lab""]",False,True,False,False,success,game,899,899,0,USD,True,8.99,8.99,2026-09-12T17:59:54.976047+00:00,2025-09-04,2025-09-04,False,,20250911,2025-09,proportional_stratified_random_sample
1018,3923240,Exo-Card Collector,2025-09-04,2025-09,"[""LittleBallGun""]","[""LittleBallGun""]",False,True,False,False,success,game,199,199,0,USD,True,1.99,1.99,2026-09-13T05:50:32.681333+00:00,2025-09-04,2025-09-04,False,,20250911,2025-09,proportional_stratified_random_sample
1019,3940990,SingFever - Your Sing Game,2025-09-04,2025-09,"[""Gaming Limited""]","[""Gaming Limited""]",False,True,False,False,success,game,2999,2999,0,USD,True,29.99,29.99,2026-09-13T05:58:22.358873+00:00,2025-09-04,2025-09-04,False,,20250911,2025-09,proportional_stratified_random_sample
1020,1342490,Daemon X Machina: Titanic Scion,2025-09-05,2025-09,"[""Marvelous Inc.""]","[""XSEED Games"",""Marvelous USA, Inc."",""Marvelous Europe""]",False,True,False,False,success,game,6999,2799,60,USD,True,69.99,27.99,2026-09-12T13:04:48.348727+00:00,2025-09-05,2025-09-05,False,,20250911,2025-09,proportional_stratified_random_sample
1021,2523450,Survivors Last Stand,2025-09-05,2025-09,"[""Fortcullis Games""]","[""Fortcullis Games""]",False,True,False,False,success,game,299,299,0,USD,True,2.99,2.99,2026-09-12T13:47:11.834238+00:00,2025-09-05,2025-09-05,False,,20250911,2025-09,proportional_stratified_random_sample
1022,2906270,Hidden Cats in Istanbul,2025-09-05,2025-09,"[""Nukearts Studio""]","[""Nukearts Studio""]",False,True,True,False,success,game,399,399,0,USD,True,3.99,3.99,2026-09-12T14:07:43.186716+00:00,2025-09-05,2025-09-05,False,,20250911,2025-09,proportional_stratified_random_sample
1023,3004860,Sunchaser,2025-09-05,2025-09,"[""Alex Snow""]","[""Alex Snow""]",False,True,False,False,success,game,999,999,0,USD,True,9.99,9.99,2026-09-12T14:15:29.567169+00:00,2025-09-05,2025-09-05,False,,20250911,2025-09,proportional_stratified_random_sample
1024,3059230,Ragdoll Rumble,2025-09-05,2025-09,"[""Midnight Horizon""]","[""Midnight Horizon""]",True,True,False,False,success,game,,,,,False,,,2026-09-12T14:20:57.653870+00:00,2025-09-05,2025-09-05,False,,20250911,2025-09,proportional_stratified_random_sample
1025,3144520,Robes & Wrinkles,2025-09-05,2025-09,"[""Tombstone Studios Ltd.""]","[""Tombstone Studios Ltd.""]",False,True,False,False,success,game,499,499,0,USD,True,4.99,4.99,2026-09-12T14:30:02.593505+00:00,2025-09-05,2025-09-05,False,,20250911,2025-09,proportional_stratified_random_sample
1026,3216500,SHUTEN ORDER,2025-09-05,2025-09,"[""Neilo Inc.""]","[""EXNOA LLC"",""Spike Chunsoft Co., Ltd.""]",False,True,False,False,success,game,4999,2499,50,USD,True,49.99,24.99,2026-09-12T14:37:33.461180+00:00,2025-09-05,2025-09-05,False,,20250911,2025-09,proportional_stratified_random_sample
1027,3442880,Touhou Farming ~ Minoriko's Homestead Harvest,2025-09-05,2025-09,"[""Studio Hexeye""]","[""Studio Hexeye""]",False,True,False,False,success,game,1199,1199,0,USD,True,11.99,11.99,2026-09-12T15:13:37.388118+00:00,2025-09-05,2025-09-05,False,,20250911,2025-09,proportional_stratified_random_sample
1028,3474400,Shadows of the Past,2025-09-05,2025-09,"[""SomeTimesAtNight""]","[""SomeTimesAtNight""]",False,True,True,True,success,game,499,499,0,USD,True,4.99,4.99,2026-09-12T15:19:23.266408+00:00,2025-09-05,2025-09-05,False,,20250911,2025-09,proportional_stratified_random_sample
1029,3531980,Obscurite Magie 3: The Divine Stones,2025-09-05,2025-09,"[""Syun-kan Flowlighter""]","[""Kagura Games""]",False,True,False,False,success,game,1499,1499,0,USD,True,14.99,14.99,2026-09-12T15:28:35.114786+00:00,2025-09-05,2025-09-05,False,,20250911,2025-09,proportional_stratified_random_sample
1030,3561190,Bad Midwife,2025-09-05,2025-09,"[""Valter Negreiros""]","[""Valter Negreiros""]",False,True,False,False,success,game,399,399,0,USD,True,3.99,3.99,2026-09-12T15:33:55.796209+00:00,2025-09-05,2025-09-05,False,,20250911,2025-09,proportional_stratified_random_sample
1031,3591770,Helping Hand,2025-09-05,2025-09,"[""Erupting Moka""]","[""Erupting Moka""]",False,True,False,False,success,game,599,599,0,USD,True,5.99,5.99,2026-09-12T15:40:47.189114+00:00,2025-09-05,2025-09-05,False,,20250911,2025-09,proportional_stratified_random_sample
1032,3624920,The Minister,2025-09-05,2025-09,"[""LALALA Games""]","[""LALALA Games""]",False,True,False,False,success,game,599,599,0,USD,True,5.99,5.99,2026-09-12T15:48:13.799211+00:00,2025-09-05,2025-09-05,False,,20250911,2025-09,proportional_stratified_random_sample
1033,3625340,Buckshot Battlemage,2025-09-05,2025-09,"[""squid_lawyer""]","[""squid_lawyer""]",False,True,False,True,success,game,399,399,0,USD,True,3.99,3.99,2026-09-12T15:48:20.299409+00:00,2025-09-05,2025-09-05,False,,20250911,2025-09,proportional_stratified_random_sample
1034,3772460,Blacktop Hustle,2025-09-05,2025-09,"[""GenuImitation""]","[""GenuImitation""]",False,True,False,False,success,game,999,999,0,USD,True,9.99,9.99,2026-09-12T16:31:46.406269+00:00,2025-09-05,2025-09-05,False,,20250911,2025-09,proportional_stratified_random_sample
1035,3829880,Touhou Kouzougi　～ Flickerframe Shutter Festival,2025-09-05,2025-09,"[""Ryann Thierry""]","[""Ryann Thierry""]",False,True,False,False,success,game,1499,1499,0,USD,True,14.99,14.99,2026-09-12T16:56:50.081391+00:00,2025-09-05,2025-09-05,False,,20250911,2025-09,proportional_stratified_random_sample
1036,3854410,ZahmahreL - Chapter 1,2025-09-05,2025-09,"[""Farkas Interactive""]","[""Farkas Interactive""]",False,True,False,False,success,game,499,499,0,USD,True,4.99,4.99,2026-09-12T17:15:52.641594+00:00,2025-09-05,2025-09-05,False,,20250911,2025-09,proportional_stratified_random_sample
1037,3914710,Hockey Legacy Manager 26,2025-09-05,2025-09,"[""Hockey Legacy Manager""]","[""Hockey Legacy Manager""]",False,True,True,False,success,game,999,999,0,USD,True,9.99,9.99,2026-09-12T17:59:35.708318+00:00,2025-09-05,2025-09-05,False,,20250911,2025-09,proportional_stratified_random_sample
1038,3925540,Infestation on Epsilon 13,2025-09-05,2025-09,"[""Xayba""]","[""Xayba""]",False,True,False,False,success,game,99,99,0,USD,True,0.99,0.99,2026-09-13T05:51:40.269455+00:00,2025-09-05,2025-09-05,False,,20250911,2025-09,proportional_stratified_random_sample
1039,3929030,Why Did You Leave Me Like This?,2025-09-05,2025-09,"[""LeahGames""]","[""LeahGames""]",False,True,False,False,success,game,499,499,0,USD,True,4.99,4.99,2026-09-13T05:53:37.540364+00:00,2025-09-05,2025-09-05,False,,20250911,2025-09,proportional_stratified_random_sample
1040,3944850,Statecraft,2025-09-05,2025-09,"[""Rabro""]","[""Rabro""]",False,True,False,False,success,game,299,299,0,USD,True,2.99,2.99,2026-09-13T05:59:53.043907+00:00,2025-09-05,2025-09-05,False,,20250911,2025-09,proportional_stratified_random_sample
1041,3451200,Spider Canyon,2025-09-06,2025-09,"[""GrilledBlueTuna"",""Nathan Lapp""]","[""RedRebelInteractive""]",False,True,False,True,success,game,299,299,0,USD,True,2.99,2.99,2026-09-12T15:15:28.476828+00:00,2025-09-06,2025-09-06,False,,20250911,2025-09,proportional_stratified_random_sample
1042,3548050,The Lost Song,2025-09-06,2025-09,"[""Tessaland""]","[""Tessaland""]",False,True,True,True,success,game,299,299,0,USD,True,2.99,2.99,2026-09-12T15:31:03.458765+00:00,2025-09-06,2025-09-06,False,,20250911,2025-09,proportional_stratified_random_sample
1043,3584910,Terror Call,2025-09-06,2025-09,"[""Solozard Games""]","[""Solozard Games""]",False,True,False,False,success,game,499,499,0,USD,True,4.99,4.99,2026-09-12T15:38:47.727145+00:00,2025-09-06,2025-09-06,False,,20250911,2025-09,proportional_stratified_random_sample
1044,3947730,Journey To Dawn,2025-09-06,2025-09,"[""月下辉煌""]","[""月下辉煌""]",False,True,False,False,success,game,299,299,0,USD,True,2.99,2.99,2026-09-13T06:01:07.517657+00:00,2025-09-06,2025-09-06,False,,20250911,2025-09,proportional_stratified_random_sample
1045,2722680,The Winter Mind,2025-09-07,2025-09,"[""Sempiternal Rain"",""Slavikus39""]","[""Sempiternal Rain"",""Slavikus39""]",False,True,False,False,success,game,99,99,0,USD,True,0.99,0.99,2026-09-12T13:56:04.849701+00:00,2025-09-07,2025-09-07,False,,20250911,2025-09,proportional_stratified_random_sample
1046,2952970,The Rule Of SHE,2025-09-07,2025-09,"[""HaiBin studio""]","[""HaiBin studio""]",False,True,False,False,success,game,599,599,0,USD,True,5.99,5.99,2026-09-12T14:11:50.686764+00:00,2025-09-07,2025-09-07,False,,20250911,2025-09,proportional_stratified_random_sample
1047,3582640,• Dread Chess ✣,2025-09-07,2025-09,"[""• NullTale""]","[""• NullTale Scape""]",True,True,False,False,success,game,,,,,False,,,2026-09-12T15:38:24.052802+00:00,2025-09-07,2025-09-07,False,,20250911,2025-09,proportional_stratified_random_sample
1048,3612850,The Lightkeeper,2025-09-07,2025-09,"[""Darkphobia Games""]","[""Darkphobia Games""]",False,True,False,False,success,game,799,799,0,USD,True,7.99,7.99,2026-09-12T15:45:04.310142+00:00,2025-09-07,2025-09-07,False,,20250911,2025-09,proportional_stratified_random_sample
1049,3752870,Everranger,2025-09-07,2025-09,"[""Hainan Junqian Network Technology Co., Ltd.""]","[""Hainan Junqian Network Technology Co., Ltd.""]",True,True,False,False,success,game,,,,,False,,,2026-09-12T16:25:28.761490+00:00,2025-09-07,2025-09-07,False,,20250911,2025-09,proportional_stratified_random_sample
1050,3754210,D.E.A.T.H.,2025-09-07,2025-09,"[""Kyle Smith""]","[""Kyle Smith""]",False,True,False,False,success,game,299,299,0,USD,True,2.99,2.99,2026-09-12T16:26:02.983625+00:00,2025-09-07,2025-09-07,False,,20250911,2025-09,proportional_stratified_random_sample
1051,3966950,Cute Warrior Girl 2 (큐트 여전사 2),2025-09-07,2025-09,"[""SEO SOFT""]","[""SEO SOFT""]",True,True,False,False,success,game,,,,,False,,,2026-09-13T06:09:19.966421+00:00,2025-09-07,2025-09-07,False,,20250911,2025-09,proportional_stratified_random_sample
1052,2481640,Mage and Monsters II,2025-09-08,2025-09,"[""Lasse Zacho Malver""]","[""Lasse Zacho Malver""]",False,True,False,False,success,game,899,584,35,USD,True,8.99,5.84,2026-09-12T13:45:23.202629+00:00,2025-09-08,2025-09-08,False,,20250911,2025-09,proportional_stratified_random_sample
1053,2904420,MagicCar of Delicious,2025-09-08,2025-09,"[""YINGGUO GAME""]","[""YINGGUO GAME""]",False,True,False,False,success,game,999,999,0,USD,True,9.99,9.99,2026-09-12T14:07:30.766709+00:00,2025-09-08,2025-09-08,False,,20250911,2025-09,proportional_stratified_random_sample
1054,2986340,Flood,2025-09-08,2025-09,"[""SCHIZO GAMES""]","[""SCHIZO GAMES""]",False,True,False,False,success,game,699,699,0,USD,True,6.99,6.99,2026-09-12T14:13:49.973972+00:00,2025-09-08,2025-09-08,False,,20250911,2025-09,proportional_stratified_random_sample
1055,3410630,Waning Flowers of a World Eternal - The Rainbow Appears After Flowering Rain,2025-09-08,2025-09,"[""SWEET&TEA""]","[""Shiravune""]",False,True,False,False,success,game,1999,1499,25,USD,True,19.99,14.99,2026-09-12T15:08:23.088278+00:00,2025-09-08,2025-09-08,False,,20250911,2025-09,proportional_stratified_random_sample
1056,3586670,Mahjong Solitaire Pro,2025-09-08,2025-09,"[""Hard Shark Games""]","[""Hard Shark Games""]",False,True,False,False,success,game,499,499,0,USD,True,4.99,4.99,2026-09-12T15:39:27.024601+00:00,2025-09-08,2025-09-08,False,,20250911,2025-09,proportional_stratified_random_sample
1057,3586880,Sudoku Pro,2025-09-08,2025-09,"[""Hard Shark Games""]","[""Hard Shark Games""]",False,True,False,False,success,game,499,499,0,USD,True,4.99,4.99,2026-09-12T15:39:29.066281+00:00,2025-09-08,2025-09-08,False,,20250911,2025-09,proportional_stratified_random_sample
1058,3682530,尸来运转-Lucky Zombie Survival,2025-09-08,2025-09,"[""Kwing works""]","[""Kwing works"",""Limit Break""]",False,True,False,False,success,game,399,399,0,USD,True,3.99,3.99,2026-09-12T16:02:52.418684+00:00,2025-09-08,2025-09-08,False,,20250911,2025-09,proportional_stratified_random_sample
1059,3933360,Rock and Stone,2025-09-08,2025-09,"[""Pinecone Studios""]","[""Pinecone Studios""]",True,True,False,False,success,game,,,,,False,,,2026-09-13T05:55:20.876866+00:00,2025-09-08,2025-09-08,False,,20250911,2025-09,proportional_stratified_random_sample
1060,3936030,Visit Azores,2025-09-08,2025-09,"[""Peter Nagy""]","[""NP Software""]",False,True,False,False,success,game,899,899,0,USD,True,8.99,8.99,2026-09-13T05:56:05.579630+00:00,2025-09-08,2025-09-08,False,,20250911,2025-09,proportional_stratified_random_sample
1061,2072560,DRAGON BALL GEKISHIN SQUADRA,2025-09-09,2025-09,"[""GANBARION Co., Ltd.""]","[""Bandai Namco Entertainment""]",True,True,False,False,success,game,,,,,False,,,2026-09-12T13:22:37.150491+00:00,2025-09-09,2025-09-09,False,,20250911,2025-09,proportional_stratified_random_sample
1062,2653470,Little Problems: A Cozy Detective Game,2025-09-09,2025-09,"[""Posh Cat Studios""]","[""Amplified Games""]",False,True,False,False,success,game,999,699,30,USD,True,9.99,6.99,2026-09-12T13:52:41.298630+00:00,2025-09-09,2025-09-09,False,,20250911,2025-09,proportional_stratified_random_sample
1063,3202370,Necropolis Nights,2025-09-09,2025-09,"[""DevDelta""]","[""DevDelta""]",False,True,False,False,success,game,599,599,0,USD,True,5.99,5.99,2026-09-12T14:35:36.197823+00:00,2025-09-09,2025-09-09,False,,20250911,2025-09,proportional_stratified_random_sample
1064,3572960,The Last hope,2025-09-09,2025-09,"[""granada studio team""]","[""Granada_Studio""]",True,True,False,False,success,game,,,,,False,,,2026-09-12T15:36:20.670250+00:00,2025-09-09,2025-09-09,False,,20250911,2025-09,proportional_stratified_random_sample
1065,3913090,Dawn After Dusk,2025-09-09,2025-09,"[""Alexis Clay""]","[""Alexis Clay""]",True,True,False,False,success,game,,,,,False,,,2026-09-12T17:58:57.874082+00:00,2025-09-09,2025-09-09,False,,20250911,2025-09,proportional_stratified_random_sample
1066,3928150,Find Me,2025-09-09,2025-09,"[""Ludmila Pislova"",""Hana Bauerova""]","[""HALUVERSE STUDIOS""]",False,True,False,False,success,game,499,499,0,USD,True,4.99,4.99,2026-09-13T05:53:09.754124+00:00,2025-09-09,2025-09-09,False,,20250911,2025-09,proportional_stratified_random_sample
1067,1509970,Celestial Empire: Prologue,2025-09-10,2025-09,"[""President Studio""]","[""President Studio"",""PlayWay S.A.""]",True,True,False,False,success,game,,,,,False,,,2026-09-12T13:07:21.420622+00:00,2025-09-10,2025-09-10,False,,20250911,2025-09,proportional_stratified_random_sample
1068,2292870,Eternal Rising,2025-09-10,2025-09,"[""Lucapy Studio""]","[""Lucapy Studio""]",False,True,False,False,success,game,499,499,0,USD,True,4.99,4.99,2026-09-12T13:36:29.583800+00:00,2025-09-10,2025-09-10,False,,20250911,2025-09,proportional_stratified_random_sample
1069,2503550,Operation Octo,2025-09-10,2025-09,"[""Klub Kofta Studio""]","[""Klub Kofta Studio""]",False,True,True,True,success,game,699,489,30,USD,True,6.99,4.89,2026-09-12T13:46:29.372763+00:00,2025-09-10,2025-09-10,False,,20250911,2025-09,proportional_stratified_random_sample
1070,3239650,Garfield Kart 2 - All You Can Drift,2025-09-10,2025-09,"[""Eden Games""]","[""Microids""]",False,True,False,False,success,game,2499,1249,50,USD,True,24.99,12.49,2026-09-12T14:40:22.647882+00:00,2025-09-10,2025-09-10,False,,20250911,2025-09,proportional_stratified_random_sample
1071,3326580,Raybounder,2025-09-10,2025-09,"[""zilard""]","[""zilard""]",False,True,False,False,success,game,499,499,0,USD,True,4.99,4.99,2026-09-12T14:55:56.505058+00:00,2025-09-10,2025-09-10,False,,20250911,2025-09,proportional_stratified_random_sample
1072,3449040,Machick 2,2025-09-10,2025-09,"[""DeadPixel""]","[""DeadPixel"",""Vsoo Games""]",False,True,False,False,success,game,699,489,30,USD,True,6.99,4.89,2026-09-12T15:15:15.516309+00:00,2025-09-10,2025-09-10,False,,20250911,2025-09,proportional_stratified_random_sample
1073,3516800,Hyper Mice Rescue,2025-09-10,2025-09,"[""Miano Studios""]","[""Miano Studios""]",False,True,True,True,success,game,499,499,0,USD,True,4.99,4.99,2026-09-12T15:26:14.995097+00:00,2025-09-10,2025-09-10,False,,20250911,2025-09,proportional_stratified_random_sample
1074,3686940,Uncanny Tales: 1992,2025-09-10,2025-09,"[""VYASTUDIO""]","[""VYASTUDIO""]",False,True,False,False,success,game,499,499,0,USD,True,4.99,4.99,2026-09-12T16:05:33.038594+00:00,2025-09-10,2025-09-10,False,,20250911,2025-09,proportional_stratified_random_sample
1075,3842700,P1: Anchor Light,2025-09-10,2025-09,"[""Deadbolt Interactive"",""Perp Games""]","[""Perp Games""]",False,True,False,False,success,game,799,799,0,USD,True,7.99,7.99,2026-09-12T17:09:32.914223+00:00,2025-09-10,2025-09-10,False,,20250911,2025-09,proportional_stratified_random_sample
1076,3846730,Planetris,2025-09-10,2025-09,"[""Milky Fox""]","[""Milky Fox""]",False,True,False,False,success,game,99,99,0,USD,True,0.99,0.99,2026-09-12T17:11:50.163640+00:00,2025-09-10,2025-09-10,False,,20250911,2025-09,proportional_stratified_random_sample
1077,3932880,Step Away,2025-09-10,2025-09,"[""Nementic Games""]","[""Nementic Games""]",True,True,False,False,success,game,,,,,False,,,2026-09-13T05:55:05.888835+00:00,2025-09-10,2025-09-10,False,,20250911,2025-09,proportional_stratified_random_sample
1078,3953080,Melon Bounce,2025-09-10,2025-09,"[""Ransuz Studio""]","[""Ransuz Studio""]",False,True,False,False,success,game,99,99,0,USD,True,0.99,0.99,2026-09-13T06:03:27.699154+00:00,2025-09-10,2025-09-10,False,,20250911,2025-09,proportional_stratified_random_sample
1079,3976540,Defense X,2025-09-10,2025-09,"[""Hcenter Game""]","[""30 Game Studio""]",False,True,False,False,success,game,9999,9999,0,USD,True,99.99,99.99,2026-09-13T06:11:52.720386+00:00,2025-09-10,2025-09-10,False,,20250911,2025-09,proportional_stratified_random_sample
1080,2140810,Trinity Building Editor,2025-09-11,2025-09,"[""Octopus Entertainment LTD""]","[""Octopus Entertainment LTD""]",False,True,False,False,success,game,2999,2999,0,USD,True,29.99,29.99,2026-09-12T13:31:02.813083+00:00,2025-09-11,2025-09-11,False,,20250911,2025-09,proportional_stratified_random_sample
1081,2177940,Odania Sports Arena,2025-09-11,2025-09,"[""Odania GmbH""]","[""Odania GmbH""]",False,True,False,False,success,game,999,999,0,USD,True,9.99,9.99,2026-09-12T13:32:18.668068+00:00,2025-09-11,2025-09-11,False,,20250911,2025-09,proportional_stratified_random_sample
1082,2928690,Wandness: WandCraft Survivor,2025-09-11,2025-09,"[""Knight Owl Games"",""Binary Lunar""]","[""Knight Owl Games""]",False,True,False,False,success,game,699,699,0,USD,True,6.99,6.99,2026-09-12T14:10:01.062305+00:00,2025-09-11,2025-09-11,False,,20250911,2025-09,proportional_stratified_random_sample
1083,3059160,Wizard Duel,2025-09-11,2025-09,"[""Moritz Schick""]","[""Moritz Schick""]",False,True,False,False,success,game,499,499,0,USD,True,4.99,4.99,2026-09-12T14:20:55.576026+00:00,2025-09-11,2025-09-11,False,,20250911,2025-09,proportional_stratified_random_sample
1084,3300760,LootMage,2025-09-11,2025-09,"[""CurlyMango""]","[""CurlyMango""]",False,True,False,False,success,game,999,999,0,USD,True,9.99,9.99,2026-09-12T14:53:28.714504+00:00,2025-09-11,2025-09-11,False,,20250911,2025-09,proportional_stratified_random_sample
1085,3344770,Axe & Bow Land,2025-09-11,2025-09,"[""elcanogames"",""LunaVioleta Estudios""]","[""elcanogames"",""LunaVioleta Estudios""]",False,True,False,False,success,game,999,999,0,USD,True,9.99,9.99,2026-09-12T14:58:06.940834+00:00,2025-09-11,2025-09-11,False,,20250911,2025-09,proportional_stratified_random_sample
1086,3469230,Baki Hanma: Blood Arena,2025-09-11,2025-09,"[""Purple Tree S R L""]","[""Purple Play LLC""]",False,True,False,False,success,game,2999,2999,0,USD,True,29.99,29.99,2026-09-12T15:18:42.097020+00:00,2025-09-11,2025-09-11,False,,20250911,2025-09,proportional_stratified_random_sample
1087,3505240,Deaded The Runner,2025-09-11,2025-09,"[""Shaun""]","[""Shaun""]",False,True,False,False,success,game,99,99,0,USD,True,0.99,0.99,2026-09-12T15:24:14.600422+00:00,2025-09-11,2025-09-11,False,,20250911,2025-09,proportional_stratified_random_sample
1088,3520030,Knock On The Window,2025-09-11,2025-09,"[""Tropical Games""]","[""Tropical Games""]",False,True,False,False,success,game,399,399,0,USD,True,3.99,3.99,2026-09-12T15:26:49.118558+00:00,2025-09-11,2025-09-11,False,,20250911,2025-09,proportional_stratified_random_sample
1089,3628580,Digging the Forgotten Cave,2025-09-11,2025-09,"[""Cavernauts""]","[""Cavernauts""]",False,True,False,False,success,game,499,499,0,USD,True,4.99,4.99,2026-09-12T15:49:02.403178+00:00,2025-09-11,2025-09-11,False,,20250911,2025-09,proportional_stratified_random_sample
1090,3809620,100 Cats Lost in Thailand Find & Color,2025-09-11,2025-09,"[""Two Cats Games""]","[""Two Cats Games""]",True,True,False,False,success,game,,,,,False,,,2026-09-12T16:45:27.374527+00:00,2025-09-11,2025-09-11,False,,20250911,2025-09,proportional_stratified_random_sample
1091,3838140,Unicycle Sheep,2025-09-11,2025-09,"[""Fermented Water""]","[""Fermented Water""]",False,True,False,False,success,game,99,99,0,USD,True,0.99,0.99,2026-09-12T17:06:54.239161+00:00,2025-09-11,2025-09-11,False,,20250911,2025-09,proportional_stratified_random_sample
1092,3928270,The Barber Shop,2025-09-11,2025-09,"[""Ayrton Alexis""]","[""Ayrton Alexis""]",False,True,False,False,success,game,199,199,0,USD,True,1.99,1.99,2026-09-13T05:53:16.206252+00:00,2025-09-11,2025-09-11,False,,20250911,2025-09,proportional_stratified_random_sample
1093,3928750,PKWAR,2025-09-11,2025-09,"[""pkwar.org""]","[""pkwar.org""]",True,True,False,True,success,game,,,,,False,,,2026-09-13T05:53:28.970072+00:00,2025-09-11,2025-09-11,False,,20250911,2025-09,proportional_stratified_random_sample
1094,3944230,7 Dice Destroyers,2025-09-11,2025-09,"[""Lunaronin777""]","[""Lunaronin777""]",False,True,False,False,success,game,777,777,0,USD,True,7.77,7.77,2026-09-13T05:59:42.273923+00:00,2025-09-11,2025-09-11,False,,20250911,2025-09,proportional_stratified_random_sample
1095,3947310,Fungal Colony Sim 2,2025-09-11,2025-09,"[""Skylor Beck""]","[""Ghost Script Games""]",False,True,False,False,success,game,799,799,0,USD,True,7.99,7.99,2026-09-13T06:00:54.734489+00:00,2025-09-11,2025-09-11,False,,20250911,2025-09,proportional_stratified_random_sample
1096,1154140,Pity Please!,2025-09-12,2025-09,"[""RebelMedia Interactive""]","[""RebelMedia Interactive""]",False,True,False,False,success,game,1299,1299,0,USD,True,12.99,12.99,2026-09-12T12:55:05.729408+00:00,2025-09-12,2025-09-12,False,,20250911,2025-09,proportional_stratified_random_sample
1097,1665260,Beyond Sunset,2025-09-12,2025-09,"[""Metacorp / Vaporware""]","[""Movie Games S.A.""]",False,True,True,True,success,game,999,999,0,USD,True,9.99,9.99,2026-09-12T13:10:11.435757+00:00,2025-09-12,2025-09-12,False,,20250911,2025-09,proportional_stratified_random_sample
1098,2393510,Master of Luna,2025-09-12,2025-09,"[""Aleksandr Tiupin""]","[""Aleksandr Tiupin""]",False,True,True,True,success,game,1499,1499,0,USD,True,14.99,14.99,2026-09-12T13:41:02.720843+00:00,2025-09-12,2025-09-12,False,,20250911,2025-09,proportional_stratified_random_sample
1099,2673560,Wolf Knight Memoir,2025-09-12,2025-09,"[""Phat Playing Panda""]","[""Phat Playing Panda""]",False,True,True,False,success,game,499,499,0,USD,True,4.99,4.99,2026-09-12T13:53:41.569847+00:00,2025-09-12,2025-09-12,False,,20250911,2025-09,proportional_stratified_random_sample
1100,2707080,Inflatum,2025-09-12,2025-09,"[""Michael Henderson"",""Inflatum Forum"",""Inflatum Announcements""]","[""QR Mosaics""]",False,True,True,False,success,game,899,899,0,USD,True,8.99,8.99,2026-09-12T13:55:28.174092+00:00,2025-09-12,2025-09-12,False,,20250911,2025-09,proportional_stratified_random_sample
1101,3415460,恋愛花道,2025-09-12,2025-09,"[""ひとりサークル「匙投げ部」""]","[""Waku Waku Games""]",False,True,False,False,success,game,499,499,0,USD,True,4.99,4.99,2026-09-12T15:09:03.788724+00:00,2025-09-12,2025-09-12,False,,20250911,2025-09,proportional_stratified_random_sample
1102,3474140,Azmar Quest - Text Based RPG,2025-09-12,2025-09,"[""Sevan Soukiassian""]","[""Sevan Games""]",False,True,False,True,success,game,999,799,20,USD,True,9.99,7.99,2026-09-12T15:19:18.898174+00:00,2025-09-12,2025-09-12,False,,20250911,2025-09,proportional_stratified_random_sample
1103,3540550,Purgatory’s Flower,2025-09-12,2025-09,"[""vivid selfish""]","[""vivid selfish""]",False,True,False,False,success,game,250,125,50,USD,True,2.5,1.25,2026-09-12T15:30:03.572127+00:00,2025-09-12,2025-09-12,False,,20250911,2025-09,proportional_stratified_random_sample
1104,3641420,Magecraft: Spellbuilding,2025-09-12,2025-09,"[""Violet Grimoire""]","[""Violet Grimoire""]",True,True,False,False,success,game,,,,,False,,,2026-09-12T15:52:24.134327+00:00,2025-09-12,2025-09-12,False,,20250911,2025-09,proportional_stratified_random_sample
1105,3797930,Curtainfall,2025-09-12,2025-09,"[""Team Curtainfall""]","[""Team Curtainfall""]",True,True,False,False,success,game,,,,,False,,,2026-09-12T16:40:23.248125+00:00,2025-09-12,2025-09-12,False,,20250911,2025-09,proportional_stratified_random_sample
1106,3847960,Frontier Combat: Beginnings,2025-09-12,2025-09,"[""MMNakamuraZ""]","[""MMNakamuraZ""]",True,True,False,False,success,game,,,,,False,,,2026-09-12T17:12:21.965880+00:00,2025-09-12,2025-09-12,False,,20250911,2025-09,proportional_stratified_random_sample
1107,3848430,Square: Trial And Error,2025-09-12,2025-09,"[""Arcainess""]","[""Arcainess""]",False,True,False,False,success,game,399,399,0,USD,True,3.99,3.99,2026-09-12T17:12:37.465033+00:00,2025-09-12,2025-09-12,False,,20250911,2025-09,proportional_stratified_random_sample
1108,3915050,Catch Sunlight Museum,2025-09-12,2025-09,"[""Catch Sunlight Technologies""]","[""Catch Sunlight Technologies""]",True,True,False,False,success,game,,,,,False,,,2026-09-12T17:59:46.371908+00:00,2025-09-12,2025-09-12,False,,20250911,2025-09,proportional_stratified_random_sample
1109,3923230,WORLDS: The Great Odyssey,2025-09-12,2025-09,"[""Pleroma Studios""]","[""Pleroma Studios""]",False,True,False,False,success,game,499,499,0,USD,True,4.99,4.99,2026-09-13T05:50:30.447593+00:00,2025-09-12,2025-09-12,False,,20250911,2025-09,proportional_stratified_random_sample
1110,3937540,Links,2025-09-12,2025-09,"[""Alexis Clemente""]","[""AleC Games""]",False,True,False,False,success,game,599,599,0,USD,True,5.99,5.99,2026-09-13T05:56:41.854388+00:00,2025-09-12,2025-09-12,False,,20250911,2025-09,proportional_stratified_random_sample
1111,3953280,BIRDHOUSE,2025-09-12,2025-09,"[""HELLLST4R""]","[""HELLLST4R""]",True,True,False,False,success,game,,,,,False,,,2026-09-13T06:03:33.947126+00:00,2025-09-12,2025-09-12,False,,20250911,2025-09,proportional_stratified_random_sample
1112,3979220,YUNHANZHI,2025-09-12,2025-09,"[""YEZHUGAME""]","[""YEZHUGAME""]",False,True,True,False,success,game,499,499,0,USD,True,4.99,4.99,2026-09-13T06:13:06.839907+00:00,2025-09-12,2025-09-12,False,,20250911,2025-09,proportional_stratified_random_sample
1113,3989860,Jonny's Medieval Adventure,2025-09-12,2025-09,"[""fotty1""]","[""Mini Script Games""]",False,True,False,False,success,game,599,599,0,USD,True,5.99,5.99,2026-09-13T06:17:26.669140+00:00,2025-09-12,2025-09-12,False,,20250911,2025-09,proportional_stratified_random_sample
1114,3990400,Big BEAUTIFUL Van Derby Racing,2025-09-12,2025-09,"[""FlagmanJeremy""]","[""FlagmanJeremy""]",False,True,False,False,success,game,99,49,51,USD,True,0.99,0.49,2026-09-13T06:17:37.771354+00:00,2025-09-12,2025-09-12,False,,20250911,2025-09,proportional_stratified_random_sample
1115,3371480,蜀汉再临：源起 Restart ShuHan Dynasty:Origin,2025-09-13,2025-09,"[""浙江海蕊盈信网络科技有限公司""]","[""浙江海蕊盈信网络科技有限公司""]",False,True,False,False,success,game,399,399,0,USD,True,3.99,3.99,2026-09-12T15:02:37.740622+00:00,2025-09-13,2025-09-13,False,,20250911,2025-09,proportional_stratified_random_sample
1116,3415240,Cozy Organizer,2025-09-13,2025-09,"[""Rogue Duck Interactive""]","[""Rogue Duck Interactive"",""Gamersky Games""]",False,True,True,True,success,game,799,399,50,USD,True,7.99,3.99,2026-09-12T15:08:57.703828+00:00,2025-09-13,2025-09-13,False,,20250911,2025-09,proportional_stratified_random_sample
1117,3748360,Rogue Pong,2025-09-13,2025-09,"[""Andreii Sadovskyi""]","[""Andreii Sadovskyi""]",False,True,False,False,success,game,99,99,0,USD,True,0.99,0.99,2026-09-12T16:24:05.687549+00:00,2025-09-13,2025-09-13,False,,20250911,2025-09,proportional_stratified_random_sample
1118,3983420,JAGAR - Just a game about a rectangle,2025-09-13,2025-09,"[""GSM Developer""]","[""GSM Developer""]",False,True,False,False,success,game,499,499,0,USD,True,4.99,4.99,2026-09-13T06:14:51.176631+00:00,2025-09-13,2025-09-13,False,,20250911,2025-09,proportional_stratified_random_sample
1119,2876200,eXoSpace Combat Engineer,2025-09-14,2025-09,"[""Fantastimaker""]","[""Fantastimaker""]",False,True,False,False,success,game,1499,1499,0,USD,True,14.99,14.99,2026-09-12T14:05:31.490352+00:00,2025-09-14,2025-09-14,False,,20250911,2025-09,proportional_stratified_random_sample
1120,3158600,Stunt Dog Adventure,2025-09-14,2025-09,"[""Beersy Games""]","[""Stunt Dog Productions""]",False,True,False,False,success,game,999,999,0,USD,True,9.99,9.99,2026-09-12T14:30:54.397036+00:00,2025-09-14,2025-09-14,False,,20250911,2025-09,proportional_stratified_random_sample
1121,3730170,HARBINGER - Legacy Edition,2025-09-14,2025-09,"[""Asterik Games""]","[""Asterik Games""]",False,True,False,False,success,game,599,599,0,USD,True,5.99,5.99,2026-09-12T16:19:23.908646+00:00,2025-09-14,2025-09-14,False,,20250911,2025-09,proportional_stratified_random_sample
1122,3911950,Dirtzone,2025-09-14,2025-09,"[""Oguz Abdullah Celik"",""ALIyerEdon""]","[""Casayona Studio""]",False,True,False,False,success,game,499,499,0,USD,True,4.99,4.99,2026-09-12T17:58:38.739487+00:00,2025-09-14,2025-09-14,False,,20250911,2025-09,proportional_stratified_random_sample
1123,3955460,NewMonster,2025-09-14,2025-09,"[""Buravic Simion""]","[""UIMT""]",False,True,False,False,success,game,299,299,0,USD,True,2.99,2.99,2026-09-13T06:04:35.393947+00:00,2025-09-14,2025-09-14,False,,20250911,2025-09,proportional_stratified_random_sample
1124,3957480,Western Gun Shop Simulator,2025-09-14,2025-09,"[""Arafkan Games""]","[""Arafkan Games""]",False,True,False,False,success,game,699,202,71,USD,True,6.99,2.02,2026-09-13T06:05:30.131650+00:00,2025-09-14,2025-09-14,False,,20250911,2025-09,proportional_stratified_random_sample
1125,1330360,Fata Deum - The God Sim,2025-09-15,2025-09,"[""42 Bits Entertainment""]","[""Aerosoft GmbH ""]",False,True,False,False,success,game,2999,2999,0,USD,True,29.99,29.99,2026-09-12T13:04:35.572122+00:00,2025-09-15,2025-09-15,False,,20250911,2025-09,proportional_stratified_random_sample
1126,1538550,LEGO® Voyagers,2025-09-15,2025-09,"[""Light Brick Studio""]","[""Annapurna Interactive""]",False,True,False,False,success,game,2499,2499,0,USD,True,24.99,24.99,2026-09-12T13:07:42.698672+00:00,2025-09-15,2025-09-15,False,,20250911,2025-09,proportional_stratified_random_sample
1127,1936360,Escape From Mandrillia: Local Asymmetric VR+PC,2025-09-15,2025-09,"[""German Bandera""]","[""German Bandera""]",False,True,False,False,success,game,1299,1299,0,USD,True,12.99,12.99,2026-09-12T13:16:16.598184+00:00,2025-09-15,2025-09-15,False,,20250911,2025-09,proportional_stratified_random_sample
1128,2218400,Greedland,2025-09-15,2025-09,"[""VaMP He""]","[""Gamersky Games"",""2P Games""]",False,True,False,False,success,game,1299,1299,0,USD,True,12.99,12.99,2026-09-12T13:33:52.774229+00:00,2025-09-15,2025-09-15,False,,20250911,2025-09,proportional_stratified_random_sample
1129,2327950,Citadel Anew,2025-09-15,2025-09,"[""Radical Byte""]","[""Radical Byte""]",False,True,False,False,success,game,1199,1199,0,USD,True,11.99,11.99,2026-09-12T13:37:52.289118+00:00,2025-09-15,2025-09-15,False,,20250911,2025-09,proportional_stratified_random_sample
1130,2367120,Blood Lily Ghoststories,2025-09-15,2025-09,"[""Sounding Stone / 老奉毊"",""MaouCat Studio / 魔王貓工作室""]","[""Sounding Stone / 老奉毊"",""RMAsia""]",False,True,False,False,success,game,299,299,0,USD,True,2.99,2.99,2026-09-12T13:39:45.418022+00:00,2025-09-15,2025-09-15,False,,20250911,2025-09,proportional_stratified_random_sample
1131,2424300,Grey Heritage: Noble Duty,2025-09-15,2025-09,"[""BTrain Studio""]","[""BTrain Studio"",""VelCrest Games""]",False,True,False,False,success,game,1999,1999,0,USD,True,19.99,19.99,2026-09-12T13:42:18.063930+00:00,2025-09-15,2025-09-15,False,,20250911,2025-09,proportional_stratified_random_sample
1132,2479770,Troublemaker 2: Beyond Dream,2025-09-15,2025-09,"[""Gamecom Team""]","[""indie.io""]",False,True,False,False,success,game,2499,2499,0,USD,True,24.99,24.99,2026-09-12T13:45:19.164529+00:00,2025-09-15,2025-09-15,False,,20250911,2025-09,proportional_stratified_random_sample
1133,2651090,Super Stream-Bara,2025-09-15,2025-09,"[""Ninja Flamingos""]","[""Ninja Flamingos""]",False,True,False,False,success,game,699,699,0,USD,True,6.99,6.99,2026-09-12T13:52:28.497907+00:00,2025-09-15,2025-09-15,False,,20250911,2025-09,proportional_stratified_random_sample
1134,2731330,TROLEU,2025-09-15,2025-09,"[""andrground""]","[""CRITICAL REFLEX""]",False,True,False,False,success,game,999,799,20,USD,True,9.99,7.99,2026-09-12T13:56:39.383127+00:00,2025-09-15,2025-09-15,False,,20250911,2025-09,proportional_stratified_random_sample
1135,2739150,I Want to Believe,2025-09-15,2025-09,"[""Fang's Lab""]","[""Fang's Lab""]",False,True,False,False,success,game,1699,1699,0,USD,True,16.99,16.99,2026-09-12T13:57:00.580234+00:00,2025-09-15,2025-09-15,False,,20250911,2025-09,proportional_stratified_random_sample
1136,2760580,Mars Attracts,2025-09-15,2025-09,"[""Outlier""]","[""Outlier""]",False,True,False,False,success,game,2499,2499,0,USD,True,24.99,24.99,2026-09-12T13:58:15.277060+00:00,2025-09-15,2025-09-15,False,,20250911,2025-09,proportional_stratified_random_sample
1137,3160110,Starbug Troopers : The 4 horseflies of the apocalypse,2025-09-15,2025-09,"[""Big Loot Games""]","[""Big Loot Games""]",False,True,False,False,success,game,899,899,0,USD,True,8.99,8.99,2026-09-12T14:31:05.104713+00:00,2025-09-15,2025-09-15,False,,20250911,2025-09,proportional_stratified_random_sample
1138,3180070,"No, I'm not a Human",2025-09-15,2025-09,"[""Trioskaz""]","[""CRITICAL REFLEX""]",False,True,False,False,success,game,1499,1499,0,USD,True,14.99,14.99,2026-09-12T14:32:58.210090+00:00,2025-09-15,2025-09-15,False,,20250911,2025-09,proportional_stratified_random_sample
1139,3330420,Elohim Eternal II: Son of Man,2025-09-15,2025-09,"[""George Alexandros""]","[""George Alexandros""]",False,True,False,False,success,game,999,999,0,USD,True,9.99,9.99,2026-09-12T14:56:22.445200+00:00,2025-09-15,2025-09-15,False,,20250911,2025-09,proportional_stratified_random_sample
1140,3479160,Holy Hoop,2025-09-15,2025-09,"[""Zimta""]","[""Zimta Games""]",True,True,False,True,success,game,,,,,False,,,2026-09-12T15:20:16.419830+00:00,2025-09-15,2025-09-15,False,,20250911,2025-09,proportional_stratified_random_sample
1141,3590020,Roulette Pro Simulator,2025-09-15,2025-09,"[""Hard Shark Games""]","[""Hard Shark Games""]",False,True,False,False,success,game,599,599,0,USD,True,5.99,5.99,2026-09-12T15:40:11.512533+00:00,2025-09-15,2025-09-15,False,,20250911,2025-09,proportional_stratified_random_sample
1142,3684320,Clutter 18: Joe's Ultimate Challenge - Collector's Edition,2025-09-15,2025-09,"[""Puzzles by Joe""]","[""Grey Alien Games""]",False,True,False,False,success,game,1399,1399,0,USD,True,13.99,13.99,2026-09-12T16:04:52.846412+00:00,2025-09-15,2025-09-15,False,,20250911,2025-09,proportional_stratified_random_sample
1143,3734990,Pro Strategy Football 2026,2025-09-15,2025-09,"[""Kerry Batts""]","[""Pro Strategy Games""]",False,True,True,False,success,game,2499,2499,0,USD,True,24.99,24.99,2026-09-12T16:20:37.502731+00:00,2025-09-15,2025-09-15,False,,20250911,2025-09,proportional_stratified_random_sample
1144,3812120,Breadbulls,2025-09-15,2025-09,"[""Pataroro""]","[""Pataroro""]",False,True,False,False,success,game,499,499,0,USD,True,4.99,4.99,2026-09-12T16:46:58.275914+00:00,2025-09-15,2025-09-15,False,,20250911,2025-09,proportional_stratified_random_sample
1145,3845440,Split Second VR Tactical Shooter,2025-09-15,2025-09,"[""Robertson Gaming Studios""]","[""Robertson Gaming Studios""]",False,True,False,False,success,game,999,999,0,USD,True,9.99,9.99,2026-09-12T17:11:05.869237+00:00,2025-09-15,2025-09-15,False,,20250911,2025-09,proportional_stratified_random_sample
1146,3858850,Hydra Heli,2025-09-15,2025-09,"[""Ideas Per Second""]","[""Ideas Per Second""]",False,True,False,False,success,game,499,324,35,USD,True,4.99,3.24,2026-09-12T17:31:23.983977+00:00,2025-09-15,2025-09-15,False,,20250911,2025-09,proportional_stratified_random_sample
1147,3928260,Meteor Strike,2025-09-15,2025-09,"[""Turtle Gaming""]","[""Turtle Gaming""]",False,True,False,False,success,game,199,199,0,USD,True,1.99,1.99,2026-09-13T05:53:14.124992+00:00,2025-09-15,2025-09-15,False,,20250911,2025-09,proportional_stratified_random_sample
1148,3946860,Begin the Slaughter,2025-09-15,2025-09,"[""Murder Who""]","[""Murder Who""]",False,True,False,True,success,game,99,99,0,USD,True,0.99,0.99,2026-09-13T06:00:39.915389+00:00,2025-09-15,2025-09-15,False,,20250911,2025-09,proportional_stratified_random_sample
1149,3960120,ZeroZeta,2025-09-15,2025-09,"[""zincik""]","[""zincik""]",False,True,False,True,success,game,399,399,0,USD,True,3.99,3.99,2026-09-13T06:06:17.534329+00:00,2025-09-15,2025-09-15,False,,20250911,2025-09,proportional_stratified_random_sample
1150,3967160,Chair Debiti,2025-09-15,2025-09,"[""ChairDev""]","[""ChairDev""]",False,True,False,False,success,game,200,200,0,USD,True,2.0,2.0,2026-09-13T06:09:24.257031+00:00,2025-09-15,2025-09-15,False,,20250911,2025-09,proportional_stratified_random_sample
1151,1581370,Into the Evernight,2025-09-16,2025-09,"[""Basoosh""]","[""Basoosh""]",True,True,False,False,success,game,,,,,False,,,2026-09-12T13:08:35.284867+00:00,2025-09-16,2025-09-16,False,,20250911,2025-09,proportional_stratified_random_sample
1152,2058140,Henry Halfhead,2025-09-16,2025-09,"[""Lululu Entertainment""]","[""Lululu Entertainment"",""popagenda""]",False,True,False,False,success,game,1299,1299,0,USD,True,12.99,12.99,2026-09-12T13:22:11.878071+00:00,2025-09-16,2025-09-16,False,,20250911,2025-09,proportional_stratified_random_sample
1153,2507560,Type-NOISE: Shonen Shojo,2025-09-16,2025-09,"[""DankHearts""]","["" WhisperGames""]",False,True,False,False,success,game,1999,1399,30,USD,True,19.99,13.99,2026-09-12T13:46:39.740073+00:00,2025-09-16,2025-09-16,False,,20250911,2025-09,proportional_stratified_random_sample
1154,2807240,Swamp Up,2025-09-16,2025-09,"[""Torress Studios""]","[""Torress Studios""]",False,True,False,False,success,game,499,499,0,USD,True,4.99,4.99,2026-09-12T14:00:31.379942+00:00,2025-09-16,2025-09-16,False,,20250911,2025-09,proportional_stratified_random_sample
1155,3120890,CatCat,2025-09-16,2025-09,"[""bogy house""]","[""bogy house""]",False,True,True,False,success,game,599,599,0,USD,True,5.99,5.99,2026-09-12T14:27:28.138329+00:00,2025-09-16,2025-09-16,False,,20250911,2025-09,proportional_stratified_random_sample
1156,3281330,A Simple Ball Game,2025-09-16,2025-09,"[""Pajama Town""]","[""Pajama Town""]",False,True,False,False,success,game,1199,1199,0,USD,True,11.99,11.99,2026-09-12T14:50:43.274724+00:00,2025-09-16,2025-09-16,False,,20250911,2025-09,proportional_stratified_random_sample
1157,3354750,skate.,2025-09-16,2025-09,"[""Full Circle""]","[""Electronic Arts""]",True,True,False,False,success,game,,,,,False,,,2026-09-12T14:59:37.947541+00:00,2025-09-16,2025-09-16,False,,20250911,2025-09,proportional_stratified_random_sample
1158,3454570,Schoolboy Escape 2: Village,2025-09-16,2025-09,"[""D one Games""]","[""Andgo Games""]",False,True,False,False,success,game,299,299,0,USD,True,2.99,2.99,2026-09-12T15:15:58.380771+00:00,2025-09-16,2025-09-16,False,,20250911,2025-09,proportional_stratified_random_sample
1159,3629360,Sanity Loops,2025-09-16,2025-09,"[""375 Games""]","[""375 Games""]",False,True,False,False,success,game,399,399,0,USD,True,3.99,3.99,2026-09-12T15:49:19.729902+00:00,2025-09-16,2025-09-16,False,,20250911,2025-09,proportional_stratified_random_sample
1160,3688590,Asphyxiation,2025-09-16,2025-09,"[""Ailith Nix""]","[""Ailith Nix""]",True,True,False,False,success,game,,,,,False,,,2026-09-12T16:06:09.202797+00:00,2025-09-16,2025-09-16,False,,20250911,2025-09,proportional_stratified_random_sample
1161,3738820,Nonogram Nonsense,2025-09-16,2025-09,"[""Computer Wizard Games""]","[""Computer Wizard Games""]",False,True,False,True,success,game,399,399,0,USD,True,3.99,3.99,2026-09-12T16:21:28.373632+00:00,2025-09-16,2025-09-16,False,,20250911,2025-09,proportional_stratified_random_sample
1162,3795490,Don't Get Your Hopes Up,2025-09-16,2025-09,"[""Krish Raghav""]","[""Krish Raghav""]",True,True,True,True,success,game,,,,,False,,,2026-09-12T16:39:32.203764+00:00,2025-09-16,2025-09-16,False,,20250911,2025-09,proportional_stratified_random_sample
1163,3821900,Hot Pig Jump!,2025-09-16,2025-09,"[""DekkaRuby Games""]","[""DekkaRuby Games""]",False,True,False,False,success,game,399,399,0,USD,True,3.99,3.99,2026-09-12T16:52:18.888456+00:00,2025-09-16,2025-09-16,False,,20250911,2025-09,proportional_stratified_random_sample
1164,3843570,Combat Mission 3: Afrika Korps,2025-09-16,2025-09,"[""Battlefront.com""]","[""SNEG""]",False,True,False,False,success,game,599,599,0,USD,True,5.99,5.99,2026-09-12T17:10:18.795881+00:00,2025-09-16,2025-09-16,False,,20250911,2025-09,proportional_stratified_random_sample
1165,3854020,DACHA,2025-09-16,2025-09,"[""VD Games"",""PropilGames""]","[""VD Games""]",False,True,False,False,success,game,499,499,0,USD,True,4.99,4.99,2026-09-12T17:15:29.300152+00:00,2025-09-16,2025-09-16,False,,20250911,2025-09,proportional_stratified_random_sample
1166,3859020,Orbital Purge,2025-09-16,2025-09,"[""Bozjatorium""]","[""Bozjatorium""]",False,True,False,True,success,game,399,399,0,USD,True,3.99,3.99,2026-09-12T17:31:30.416429+00:00,2025-09-16,2025-09-16,False,,20250911,2025-09,proportional_stratified_random_sample
1167,3918500,Bubble's Travel,2025-09-16,2025-09,"[""YunheCulture""]","[""YunheCulture""]",False,True,True,False,success,game,399,399,0,USD,True,3.99,3.99,2026-09-12T18:01:43.535271+00:00,2025-09-16,2025-09-16,False,,20250911,2025-09,proportional_stratified_random_sample
1168,3938610,Locally Sourced Anthology II: The Timeline,2025-09-16,2025-09,"[""Flyover Games"",""Blueshift Interactive ""]","[""Flyover Games""]",False,True,False,False,success,game,799,799,0,USD,True,7.99,7.99,2026-09-13T05:57:18.174200+00:00,2025-09-16,2025-09-16,False,,20250911,2025-09,proportional_stratified_random_sample
1169,3951630,The Day of the Jellyfish,2025-09-16,2025-09,"[""Duck Made Of Wood""]","[""Dionous Games""]",True,True,True,True,success,game,,,,,False,,,2026-09-13T06:02:55.897857+00:00,2025-09-16,2025-09-16,False,,20250911,2025-09,proportional_stratified_random_sample
1170,3968380,Arachnaut,2025-09-16,2025-09,"[""Pacific Media"",""Manuel Pacific""]","[""Pacific Media""]",False,True,True,False,success,game,399,399,0,USD,True,3.99,3.99,2026-09-13T06:09:43.311385+00:00,2025-09-16,2025-09-16,False,,20250911,2025-09,proportional_stratified_random_sample
1171,3973090,GravityMan,2025-09-16,2025-09,"[""MEYOSOFT""]","[""MEYOSOFT""]",False,True,False,False,success,game,399,399,0,USD,True,3.99,3.99,2026-09-13T06:10:54.979351+00:00,2025-09-16,2025-09-16,False,,20250911,2025-09,proportional_stratified_random_sample
1172,3977750,Truck Parking World,2025-09-16,2025-09,"[""D&A GAMES""]","[""D&A GAMES""]",False,True,False,False,success,game,799,799,0,USD,True,7.99,7.99,2026-09-13T06:12:30.367081+00:00,2025-09-16,2025-09-16,False,,20250911,2025-09,proportional_stratified_random_sample
1173,4024130,Charm&Clue,2025-09-16,2025-09,"[""8floor ltd""]","[""8floor ltd""]",False,True,False,False,success,game,1499,449,70,USD,True,14.99,4.49,2026-09-13T06:29:58.641989+00:00,2025-09-16,2025-09-16,False,,20250911,2025-09,proportional_stratified_random_sample
1174,1844460,Termina,2025-09-17,2025-09,"[""Dark Moon Games""]","[""Dark Moon Games""]",False,True,False,False,success,game,599,599,0,USD,True,5.99,5.99,2026-09-12T13:13:50.143910+00:00,2025-09-17,2025-09-17,False,,20250911,2025-09,proportional_stratified_random_sample
1175,2321470,Deep Rock Galactic: Survivor,2025-09-17,2025-09,"[""Funday Games""]","[""Ghost Ship Publishing""]",False,True,False,False,success,game,1299,1299,0,USD,True,12.99,12.99,2026-09-12T13:37:31.150208+00:00,2025-09-17,2025-09-17,False,,20250911,2025-09,proportional_stratified_random_sample
1176,2522040,Epic Trains 4,2025-09-17,2025-09,"[""Andrew Rowe""]","[""Andrew Rowe""]",False,True,False,True,success,game,1199,1199,0,USD,True,11.99,11.99,2026-09-12T13:47:05.358830+00:00,2025-09-17,2025-09-17,False,,20250911,2025-09,proportional_stratified_random_sample
1177,3200260,Little Renters,2025-09-17,2025-09,"[""JnB""]","[""JnB""]",False,True,False,False,success,game,699,699,0,USD,True,6.99,6.99,2026-09-12T14:35:23.497542+00:00,2025-09-17,2025-09-17,False,,20250911,2025-09,proportional_stratified_random_sample
1178,3355080,Vicious Cycle,2025-09-17,2025-09,"[""Brave Traveller Games""]","[""Brave Traveller Games""]",False,True,False,False,success,game,799,799,0,USD,True,7.99,7.99,2026-09-12T14:59:42.365974+00:00,2025-09-17,2025-09-17,False,,20250911,2025-09,proportional_stratified_random_sample
1179,3563700,Car Driving School Simulator,2025-09-17,2025-09,"[""BoomBit""]","[""BoomBit""]",False,True,True,True,success,game,1199,1199,0,USD,True,11.99,11.99,2026-09-12T15:34:23.343166+00:00,2025-09-17,2025-09-17,False,,20250911,2025-09,proportional_stratified_random_sample
1180,3646320,Persona Shell,2025-09-17,2025-09,"[""遊樂黨 Yo!DawnLa""]","[""遊樂黨 Yo!DawnLa""]",False,True,False,False,success,game,399,399,0,USD,True,3.99,3.99,2026-09-12T15:53:49.817818+00:00,2025-09-17,2025-09-17,False,,20250911,2025-09,proportional_stratified_random_sample
1181,3714810,Mantle,2025-09-17,2025-09,"[""Short Circuit""]","[""Short Circuit""]",True,True,True,False,success,game,,,,,False,,,2026-09-12T16:14:57.019043+00:00,2025-09-17,2025-09-17,False,,20250911,2025-09,proportional_stratified_random_sample
1182,3716650,Antivirus PROTOCOL,2025-09-17,2025-09,"[""FIREHIVE Studio""]","[""FIREHIVE Studio""]",False,True,False,False,success,game,499,499,0,USD,True,4.99,4.99,2026-09-12T16:15:32.962521+00:00,2025-09-17,2025-09-17,False,,20250911,2025-09,proportional_stratified_random_sample
1183,3789440,The Adventure of Sunny the hedgehog,2025-09-17,2025-09,"[""fuzx45""]","[""fuzx45""]",False,True,False,False,success,game,999,999,0,USD,True,9.99,9.99,2026-09-12T16:37:02.449959+00:00,2025-09-17,2025-09-17,False,,20250911,2025-09,proportional_stratified_random_sample
1184,3874050,Duck Life 4 Classic,2025-09-17,2025-09,"[""Wix Games""]","[""MAD.com""]",False,True,True,False,success,game,499,499,0,USD,True,4.99,4.99,2026-09-12T17:40:04.575722+00:00,2025-09-17,2025-09-17,False,,20250911,2025-09,proportional_stratified_random_sample
1185,3877570,Spencer's Spaghetti Quest,2025-09-17,2025-09,"[""Epitaph Games""]","[""Epitaph Games""]",True,True,False,False,success,game,,,,,False,,,2026-09-12T17:42:07.904774+00:00,2025-09-17,2025-09-17,False,,20250911,2025-09,proportional_stratified_random_sample
1186,3883560,Lunavoid,2025-09-17,2025-09,"[""BluSkie""]","[""BluSkie""]",False,True,False,False,success,game,199,199,0,USD,True,1.99,1.99,2026-09-12T17:45:05.666885+00:00,2025-09-17,2025-09-17,False,,20250911,2025-09,proportional_stratified_random_sample
1187,3884050,Night Shift at Nate's,2025-09-17,2025-09,"[""natieyamylostrealacc"",""SXP""]","[""natieyamylostrealacc""]",False,True,False,False,success,game,499,499,0,USD,True,4.99,4.99,2026-09-12T17:45:18.236567+00:00,2025-09-17,2025-09-17,False,,20250911,2025-09,proportional_stratified_random_sample
1188,3899160,G-MODEアーカイブス+ ステラデウス 漆黒の精霊,2025-09-17,2025-09,"[""G-MODE"",""ATLUS""]","[""G-MODE""]",False,True,False,False,success,game,1599,1599,0,USD,True,15.99,15.99,2026-09-12T17:53:22.410676+00:00,2025-09-17,2025-09-17,False,,20250911,2025-09,proportional_stratified_random_sample
1189,3988390,New Yankee: Pirate Trap,2025-09-17,2025-09,"[""Alawar Casual""]","[""Alawar Casual""]",False,True,False,False,success,game,699,699,0,USD,True,6.99,6.99,2026-09-13T06:16:59.020257+00:00,2025-09-17,2025-09-17,False,,20250911,2025-09,proportional_stratified_random_sample
1190,1275550,Arctic Awakening,2025-09-18,2025-09,"[""GoldFire Studios""]","[""GoldFire Studios""]",False,True,True,False,success,game,2499,2499,0,USD,True,24.99,24.99,2026-09-12T13:03:46.499484+00:00,2025-09-18,2025-09-18,False,,20250911,2025-09,proportional_stratified_random_sample
1191,1605250,Moros Protocol,2025-09-18,2025-09,"[""Pixel Reign""]","[""Super Rare Originals""]",False,True,False,False,success,game,2499,2499,0,USD,True,24.99,24.99,2026-09-12T13:09:07.149975+00:00,2025-09-18,2025-09-18,False,,20250911,2025-09,proportional_stratified_random_sample
1192,2299690,香恋Ready！,2025-09-18,2025-09,"[""芙气满满制作组""]","[""Wise Games""]",False,True,False,False,success,game,999,999,0,USD,True,9.99,9.99,2026-09-12T13:36:51.176135+00:00,2025-09-18,2025-09-18,False,,20250911,2025-09,proportional_stratified_random_sample
1193,3055230,Sex any cost but free,2025-09-18,2025-09,"[""Sebasa Games""]","[""Sebasa Games""]",False,True,False,False,success,game,599,599,0,USD,True,5.99,5.99,2026-09-12T14:20:32.562834+00:00,2025-09-18,2025-09-18,False,,20250911,2025-09,proportional_stratified_random_sample
1194,3059670,Duel Legends,2025-09-18,2025-09,"[""Red Cake""]","[""Red Cake""]",True,True,True,False,success,game,,,,,False,,,2026-09-12T14:21:02.054681+00:00,2025-09-18,2025-09-18,False,,20250911,2025-09,proportional_stratified_random_sample
1195,3077570,MOMO Crash,2025-09-18,2025-09,"[""SKOOTA GAMES""]","[""SCOOTER FILMS INC.""]",False,True,True,False,success,game,1200,1200,0,USD,True,12.0,12.0,2026-09-12T14:22:46.636889+00:00,2025-09-18,2025-09-18,False,,20250911,2025-09,proportional_stratified_random_sample
1196,3194360,Formula Legends,2025-09-18,2025-09,"[""3DClouds""]","[""3DClouds""]",False,True,False,False,success,game,1999,1999,0,USD,True,19.99,19.99,2026-09-12T14:34:49.012355+00:00,2025-09-18,2025-09-18,False,,20250911,2025-09,proportional_stratified_random_sample
1197,3236710,Puzzle Quest: Immortal Edition,2025-09-18,2025-09,"[""Infinity Plus 2""]","[""505 Games""]",False,True,False,False,success,game,1499,1199,20,USD,True,14.99,11.99,2026-09-12T14:39:57.118725+00:00,2025-09-18,2025-09-18,False,,20250911,2025-09,proportional_stratified_random_sample
1198,3293010,Easy Delivery Co.,2025-09-18,2025-09,"[""Sam C""]","[""Oro Interactive""]",False,True,False,False,success,game,1299,1299,0,USD,True,12.99,12.99,2026-09-12T14:52:30.159452+00:00,2025-09-18,2025-09-18,False,,20250911,2025-09,proportional_stratified_random_sample
1199,3405340,Megabonk,2025-09-18,2025-09,"[""vedinad""]","[""vedinad""]",False,True,False,True,success,game,999,999,0,USD,True,9.99,9.99,2026-09-12T15:07:29.988866+00:00,2025-09-18,2025-09-18,False,,20250911,2025-09,proportional_stratified_random_sample
1200,3446680,Heartbeat in Thailand,2025-09-18,2025-09,"[""RainbowGame""]","[""RainbowGame""]",False,True,True,False,success,game,999,799,20,USD,True,9.99,7.99,2026-09-12T15:14:44.861102+00:00,2025-09-18,2025-09-18,False,,20250911,2025-09,proportional_stratified_random_sample
1201,3532890,Dad's Monster House 2: MEDAL,2025-09-18,2025-09,"[""Cotton Game""]","[""Cotton Game""]",False,True,True,False,success,game,499,499,0,USD,True,4.99,4.99,2026-09-12T15:28:43.661356+00:00,2025-09-18,2025-09-18,False,,20250911,2025-09,proportional_stratified_random_sample
1202,3631260,Hollowdeep,2025-09-18,2025-09,"[""Kyle Burgin""]","[""Kyle Burgin""]",False,True,False,False,success,game,399,399,0,USD,True,3.99,3.99,2026-09-12T15:49:51.441411+00:00,2025-09-18,2025-09-18,False,,20250911,2025-09,proportional_stratified_random_sample
1203,3722540,Space Race,2025-09-18,2025-09,"[""Eivind Aanestad""]","[""Eivind Aanestad""]",False,True,True,True,success,game,199,199,0,USD,True,1.99,1.99,2026-09-12T16:17:33.930134+00:00,2025-09-18,2025-09-18,False,,20250911,2025-09,proportional_stratified_random_sample
1204,3747790,Ball Space,2025-09-18,2025-09,"[""pheelGames""]","[""pheelGames""]",True,True,False,False,success,game,,,,,False,,,2026-09-12T16:23:55.409633+00:00,2025-09-18,2025-09-18,False,,20250911,2025-09,proportional_stratified_random_sample
1205,3882340,W3DGE,2025-09-18,2025-09,"[""Nephilim""]","[""Nephilim""]",False,True,False,False,success,game,299,299,0,USD,True,2.99,2.99,2026-09-12T17:44:31.855525+00:00,2025-09-18,2025-09-18,False,,20250911,2025-09,proportional_stratified_random_sample
1206,3897990,Haunted ROM: The Lost Cartridge,2025-09-18,2025-09,"[""Crit42 Studio""]","[""Crit42 Studio""]",False,True,False,False,success,game,999,999,0,USD,True,9.99,9.99,2026-09-12T17:52:42.178157+00:00,2025-09-18,2025-09-18,False,,20250911,2025-09,proportional_stratified_random_sample
1207,3955000,Mars Training Camp,2025-09-18,2025-09,"[""Christopher Shove""]","[""Simwerx LLC"",""SIMWERXLLC.COM""]",False,True,False,False,success,game,999,999,0,USD,True,9.99,9.99,2026-09-13T06:04:16.331065+00:00,2025-09-18,2025-09-18,False,,20250911,2025-09,proportional_stratified_random_sample
1208,3974050,HeroField: Game Craft,2025-09-18,2025-09,"[""Bit Boy Games""]","[""Bit Boy Games""]",False,True,False,False,success,game,1299,1299,0,USD,True,12.99,12.99,2026-09-13T06:11:15.999485+00:00,2025-09-18,2025-09-18,False,,20250911,2025-09,proportional_stratified_random_sample
1209,3975330,Exit Casino,2025-09-18,2025-09,"[""Stellra Pixel Game""]","[""Stellra Pixel Game""]",False,True,True,False,success,game,499,499,0,USD,True,4.99,4.99,2026-09-13T06:11:28.783403+00:00,2025-09-18,2025-09-18,False,,20250911,2025-09,proportional_stratified_random_sample
1210,3991340,BoxMaster,2025-09-18,2025-09,"[""Halenill""]","[""Halenill""]",False,True,False,False,success,game,99,99,0,USD,True,0.99,0.99,2026-09-13T06:18:01.911057+00:00,2025-09-18,2025-09-18,False,,20250911,2025-09,proportional_stratified_random_sample
1211,1575810,Wander Stars,2025-09-19,2025-09,"[""Paper Castle Games""]","[""Fellow Traveller"",""Beep Japan""]",False,True,False,False,success,game,2499,2499,0,USD,True,24.99,24.99,2026-09-12T13:08:26.946226+00:00,2025-09-19,2025-09-19,False,,20250911,2025-09,proportional_stratified_random_sample
1212,1693040,Synthwave Burnout,2025-09-19,2025-09,"[""Whale Rock Games""]","[""Whale Rock Games""]",False,True,False,False,success,game,1299,1299,0,USD,True,12.99,12.99,2026-09-12T13:10:36.968954+00:00,2025-09-19,2025-09-19,False,,20250911,2025-09,proportional_stratified_random_sample
1213,1757300,Jump Space,2025-09-19,2025-09,"[""Keepsake Games""]","[""Keepsake Games""]",False,True,False,False,success,game,1999,1999,0,USD,True,19.99,19.99,2026-09-12T13:12:08.574423+00:00,2025-09-19,2025-09-19,False,,20250911,2025-09,proportional_stratified_random_sample
1214,2025870,The Drain,2025-09-19,2025-09,"[""Hatokuma Games""]","[""Hatokuma Games""]",False,True,True,False,success,game,1299,1299,0,USD,True,12.99,12.99,2026-09-12T13:21:54.617859+00:00,2025-09-19,2025-09-19,False,,20250911,2025-09,proportional_stratified_random_sample
1215,2179390,Dyer Expedition,2025-09-19,2025-09,"[""Monkeys With Jobs""]","[""Monkeys With Jobs""]",False,True,False,False,success,game,799,799,0,USD,True,7.99,7.99,2026-09-12T13:32:27.330544+00:00,2025-09-19,2025-09-19,False,,20250911,2025-09,proportional_stratified_random_sample
1216,3375780,Trails in the Sky 1st Chapter,2025-09-19,2025-09,"[""Nihon Falcom""]","[""GungHo Online Entertainment America, Inc.""]",False,True,False,False,success,game,5999,5999,0,USD,True,59.99,59.99,2026-09-12T15:03:05.584944+00:00,2025-09-19,2025-09-19,False,,20250911,2025-09,proportional_stratified_random_sample
1217,3422180,Sokobos 2,2025-09-19,2025-09,"[""Martin Games""]","[""Martin Games""]",False,True,True,True,success,game,999,999,0,USD,True,9.99,9.99,2026-09-12T15:10:07.962141+00:00,2025-09-19,2025-09-19,False,,20250911,2025-09,proportional_stratified_random_sample
1218,3428730,Firefighter Frankie 🚒,2025-09-19,2025-09,"[""PyroPeak Studios""]","[""PyroPeak Studios""]",False,True,False,False,success,game,199,199,0,USD,True,1.99,1.99,2026-09-12T15:11:05.175802+00:00,2025-09-19,2025-09-19,False,,20250911,2025-09,proportional_stratified_random_sample
1219,3434460,Asteroidia,2025-09-19,2025-09,"[""Duk Studios""]","[""Duk Studios""]",True,True,False,False,success,game,,,,,False,,,2026-09-12T15:12:21.175098+00:00,2025-09-19,2025-09-19,False,,20250911,2025-09,proportional_stratified_random_sample
1220,3447040,Sora no Kiseki the 1st,2025-09-19,2025-09,"[""Nihon Falcom""]","[""Clouded Leopard Entertainment""]",False,True,False,False,success,game,5999,5999,0,USD,True,59.99,59.99,2026-09-12T15:14:51.535770+00:00,2025-09-19,2025-09-19,False,,20250911,2025-09,proportional_stratified_random_sample
1221,3498560,Cactus Simulator Remake,2025-09-19,2025-09,"[""Dynamic Games""]","[""Dynamic Games""]",False,True,False,False,success,game,99,99,0,USD,True,0.99,0.99,2026-09-12T15:22:53.587844+00:00,2025-09-19,2025-09-19,False,,20250911,2025-09,proportional_stratified_random_sample
1222,3575380,Dungeon Escape,2025-09-19,2025-09,"[""NyXart""]","[""NyXart""]",False,True,False,False,success,game,299,299,0,USD,True,2.99,2.99,2026-09-12T15:36:46.218893+00:00,2025-09-19,2025-09-19,False,,20250911,2025-09,proportional_stratified_random_sample
1223,3762990,Erzperium,2025-09-19,2025-09,"[""PhandoGames""]","[""PhandoGames""]",False,True,False,False,success,game,99,99,0,USD,True,0.99,0.99,2026-09-12T16:28:58.756739+00:00,2025-09-19,2025-09-19,False,,20250911,2025-09,proportional_stratified_random_sample
1224,3764120,你的牛子,2025-09-19,2025-09,"["" lamb of game""]","["" lamb of game""]",False,True,False,False,success,game,199,69,65,USD,True,1.99,0.69,2026-09-12T16:29:17.895306+00:00,2025-09-19,2025-09-19,False,,20250911,2025-09,proportional_stratified_random_sample
1225,3862060,My First PC Game,2025-09-19,2025-09,"[""Your Future Heroes LLC""]","[""Your Future Heroes LLC""]",False,True,False,False,success,game,99,99,0,USD,True,0.99,0.99,2026-09-12T17:33:41.441249+00:00,2025-09-19,2025-09-19,False,,20250911,2025-09,proportional_stratified_random_sample
1226,3879670,RADIOACTIVE INC.,2025-09-19,2025-09,"[""45DK""]","[""Devotıon Labs""]",False,True,False,False,success,game,199,199,0,USD,True,1.99,1.99,2026-09-12T17:43:22.044720+00:00,2025-09-19,2025-09-19,False,,20250911,2025-09,proportional_stratified_random_sample
1227,3900080,The Tale of Oath,2025-09-19,2025-09,"[""Team Quessant""]","[""Sherpherd Games""]",True,True,False,False,success,game,,,,,False,,,2026-09-12T17:53:54.262552+00:00,2025-09-19,2025-09-19,False,,20250911,2025-09,proportional_stratified_random_sample
1228,3915170,冒险与推图,2025-09-19,2025-09,"[""MXTT-游戏""]","[""MXTT-游戏""]",True,True,False,False,success,game,,,,,False,,,2026-09-12T17:59:57.025664+00:00,2025-09-19,2025-09-19,False,,20250911,2025-09,proportional_stratified_random_sample
1229,3918860,I'm Tripping,2025-09-19,2025-09,"[""Charlie""]","[""Charlie""]",True,True,False,False,success,game,,,,,False,,,2026-09-12T18:01:54.088709+00:00,2025-09-19,2025-09-19,False,,20250911,2025-09,proportional_stratified_random_sample
1230,3929610,數論冒險譚 - 魔王與秘林迷路,2025-09-19,2025-09,"[""CelLab""]","[""Modori games""]",False,True,False,False,success,game,499,499,0,USD,True,4.99,4.99,2026-09-13T05:53:54.457948+00:00,2025-09-19,2025-09-19,False,,20250911,2025-09,proportional_stratified_random_sample
1231,3968810,Old Ninja : UnderWorld,2025-09-19,2025-09,"[""Waterfall Studio""]","[""Waterfall Studio""]",False,True,False,False,success,game,299,299,0,USD,True,2.99,2.99,2026-09-13T06:09:49.715114+00:00,2025-09-19,2025-09-19,False,,20250911,2025-09,proportional_stratified_random_sample
1232,3982420,Going To High School With Lira,2025-09-19,2025-09,"[""LAGA""]","[""LAGA""]",False,True,False,False,success,game,99,99,0,USD,True,0.99,0.99,2026-09-13T06:14:34.229720+00:00,2025-09-19,2025-09-19,False,,20250911,2025-09,proportional_stratified_random_sample
1233,1126340,Raid on Area 51,2025-09-20,2025-09,"[""BefuddleBug""]","[""BefuddleBug""]",False,True,False,False,success,game,499,499,0,USD,True,4.99,4.99,2026-09-12T12:54:40.133402+00:00,2025-09-20,2025-09-20,False,,20250911,2025-09,proportional_stratified_random_sample
1234,3047090,Drive Out,2025-09-20,2025-09,"[""RisingMoon""]","[""RisingMoon""]",False,True,False,False,success,game,1599,639,60,USD,True,15.99,6.39,2026-09-12T14:19:51.572407+00:00,2025-09-20,2025-09-20,False,,20250911,2025-09,proportional_stratified_random_sample
1235,3919000,SailFront,2025-09-20,2025-09,"[""RJTech""]","[""SailFront""]",True,True,False,False,success,game,,,,,False,,,2026-09-12T18:02:02.543929+00:00,2025-09-20,2025-09-20,False,,20250911,2025-09,proportional_stratified_random_sample
1236,3964050,Midnight's Curse,2025-09-20,2025-09,"[""Total"",""Gamesforfarm""]","[""Gamesforfarm""]",False,True,False,False,success,game,99,59,40,USD,True,0.99,0.59,2026-09-13T06:08:03.697722+00:00,2025-09-20,2025-09-20,False,,20250911,2025-09,proportional_stratified_random_sample
1237,3973880,The Mysterious Mansion,2025-09-20,2025-09,"[""IBRAHIM ARSLAN""]","[""BEOWOLF GAMES PRODUCTION""]",False,True,False,False,success,game,499,499,0,USD,True,4.99,4.99,2026-09-13T06:11:11.794849+00:00,2025-09-20,2025-09-20,False,,20250911,2025-09,proportional_stratified_random_sample
1238,3980000,欺心恋曲/亵渎神明的少女 Deceptiive Love Ballad The Blasphemer 偽りの恋の旋律/神を冒涜する少女,2025-09-20,2025-09,"[""Hjian""]","[""Hjian""]",False,True,False,False,success,game,250,250,0,USD,True,2.5,2.5,2026-09-13T06:13:32.694808+00:00,2025-09-20,2025-09-20,False,,20250911,2025-09,proportional_stratified_random_sample
1239,662000,Startron,2025-09-21,2025-09,"[""Rogo Darius""]","[""Rogo Digital""]",True,True,False,True,success,game,,,,,False,,,2026-09-12T12:52:25.321413+00:00,2025-09-21,2025-09-21,False,,20250911,2025-09,proportional_stratified_random_sample
1240,1633070,Pulsar 174,2025-09-21,2025-09,"[""CBO Games""]","[""Saeng Gang""]",False,True,False,False,success,game,399,399,0,USD,True,3.99,3.99,2026-09-12T13:09:35.326314+00:00,2025-09-21,2025-09-21,False,,20250911,2025-09,proportional_stratified_random_sample
1241,2393100,GoKaDu,2025-09-21,2025-09,"[""Skvoznjak""]","[""Skvoznjak""]",False,True,False,True,success,game,799,799,0,USD,True,7.99,7.99,2026-09-12T13:40:58.310048+00:00,2025-09-21,2025-09-21,False,,20250911,2025-09,proportional_stratified_random_sample
1242,3545290,Bearzerk,2025-09-21,2025-09,"[""Dadbod Games""]","[""Dadbod Games""]",False,True,True,True,success,game,499,249,50,USD,True,4.99,2.49,2026-09-12T15:30:50.587512+00:00,2025-09-21,2025-09-21,False,,20250911,2025-09,proportional_stratified_random_sample
1243,3572530,LHEA and the Word Spirit,2025-09-21,2025-09,"[""Soul Fuel Games""]","[""Soul Fuel Games""]",False,True,False,False,success,game,999,999,0,USD,True,9.99,9.99,2026-09-12T15:36:09.934636+00:00,2025-09-21,2025-09-21,False,,20250911,2025-09,proportional_stratified_random_sample
1244,3708530,Flowerdrops,2025-09-21,2025-09,"[""Studio Cozy Zone""]","[""Studio Cozy Zone""]",False,True,False,False,success,game,999,999,0,USD,True,9.99,9.99,2026-09-12T16:13:04.495437+00:00,2025-09-21,2025-09-21,False,,20250911,2025-09,proportional_stratified_random_sample
1245,3861500,Stranglehold of the Elite,2025-09-21,2025-09,"[""HIJRA TECH LLC""]","[""HIJRA TECH LLC""]",False,True,True,True,success,game,500,500,0,USD,True,5.0,5.0,2026-09-12T17:33:19.559423+00:00,2025-09-21,2025-09-21,False,,20250911,2025-09,proportional_stratified_random_sample
1246,3924600,Beyond Your Wall,2025-09-21,2025-09,"[""Yosul Studio""]","[""Yosul Studio""]",True,True,True,False,success,game,,,,,False,,,2026-09-13T05:51:25.917477+00:00,2025-09-21,2025-09-21,False,,20250911,2025-09,proportional_stratified_random_sample
1247,3931290,MangaCo,2025-09-21,2025-09,"[""Metsker&Co""]","[""Metsker&Co""]",False,True,False,False,success,game,399,399,0,USD,True,3.99,3.99,2026-09-13T05:54:40.865011+00:00,2025-09-21,2025-09-21,False,,20250911,2025-09,proportional_stratified_random_sample
1248,3998630,Puzzle Pleasant,2025-09-21,2025-09,"[""UwU""]","[""UwU""]",False,True,False,False,success,game,99,99,0,USD,True,0.99,0.99,2026-09-13T06:20:49.704768+00:00,2025-09-21,2025-09-21,False,,20250911,2025-09,proportional_stratified_random_sample
1249,1476400,Northwind,2025-09-22,2025-09,"[""Barking Kitten Interactive""]","[""Barking Kitten Interactive""]",False,True,False,False,success,game,1999,1999,0,USD,True,19.99,19.99,2026-09-12T13:06:54.076073+00:00,2025-09-22,2025-09-22,False,,20250911,2025-09,proportional_stratified_random_sample
1250,2421540,白猫骑士物语/ White Cat Knight,2025-09-22,2025-09,"[""Dumpling Game Studio""]","[""Crew Interactive""]",False,True,True,False,success,game,199,157,21,USD,True,1.99,1.57,2026-09-12T13:42:11.431307+00:00,2025-09-22,2025-09-22,False,,20250911,2025-09,proportional_stratified_random_sample
1251,2583940,Battlesmiths: Blade and Forge,2025-09-22,2025-09,"[""Ragnarocket""]","[""Ragnarocket""]",True,True,True,True,success,game,,,,,False,,,2026-09-12T13:49:47.260759+00:00,2025-09-22,2025-09-22,False,,20250911,2025-09,proportional_stratified_random_sample
1252,2827080,Yunashi no Yume,2025-09-22,2025-09,"[""The Yunashi Archive""]","[""The Yunashi Archive""]",False,True,False,False,success,game,1499,1499,0,USD,True,14.99,14.99,2026-09-12T14:02:10.725338+00:00,2025-09-22,2025-09-22,False,,20250911,2025-09,proportional_stratified_random_sample
1253,3029500,Wind Story,2025-09-22,2025-09,"[""BluSped Studio""]","[""BluSped Studio""]",False,True,False,False,success,game,499,499,0,USD,True,4.99,4.99,2026-09-12T14:17:48.097714+00:00,2025-09-22,2025-09-22,False,,20250911,2025-09,proportional_stratified_random_sample
1254,3110580,Anxiety Bot in Space!,2025-09-22,2025-09,"[""Anxiety Bot Studios""]","[""Anxiety Bot Studios""]",False,True,False,False,success,game,199,199,0,USD,True,1.99,1.99,2026-09-12T14:26:23.264052+00:00,2025-09-22,2025-09-22,False,,20250911,2025-09,proportional_stratified_random_sample
1255,3160500,Kingdom of Cards,2025-09-22,2025-09,"[""Rubber Duck Games""]","[""Gamirror Games""]",False,True,False,False,success,game,1199,1199,0,USD,True,11.99,11.99,2026-09-12T14:31:07.339015+00:00,2025-09-22,2025-09-22,False,,20250911,2025-09,proportional_stratified_random_sample
1256,3415230,Witchy Business,2025-09-22,2025-09,"[""Rogue Duck Interactive""]","[""Rogue Duck Interactive"","" Gamersky Games""]",False,True,True,True,success,game,1499,749,50,USD,True,14.99,7.49,2026-09-12T15:08:55.595266+00:00,2025-09-22,2025-09-22,False,,20250911,2025-09,proportional_stratified_random_sample
1257,3443080,Auridia,2025-09-22,2025-09,"[""Reed Molbak"",""Norseboar Games""]","[""Reed Molbak"",""TrueColor Games""]",False,True,True,False,success,game,999,999,0,USD,True,9.99,9.99,2026-09-12T15:13:42.147326+00:00,2025-09-22,2025-09-22,False,,20250911,2025-09,proportional_stratified_random_sample
1258,3539580,PropWiz,2025-09-22,2025-09,"[""t0nyW [Tony Wang]""]","[""Iron Prodigy""]",True,True,False,False,success,game,,,,,False,,,2026-09-12T15:29:52.688979+00:00,2025-09-22,2025-09-22,False,,20250911,2025-09,proportional_stratified_random_sample
1259,3572930,PiQuests,2025-09-22,2025-09,"[""ZaNet Analytics Corporation"",""Zaneta Chapman""]","[""ZaNet Analytics Corporation""]",False,True,False,False,success,game,999,999,0,USD,True,9.99,9.99,2026-09-12T15:36:18.478591+00:00,2025-09-22,2025-09-22,False,,20250911,2025-09,proportional_stratified_random_sample
1260,3669640,Bound by Bones,2025-09-22,2025-09,"[""IgnisByteStudios""]","[""IgnisByteStudios""]",False,True,False,False,success,game,299,299,0,USD,True,2.99,2.99,2026-09-12T15:59:32.203863+00:00,2025-09-22,2025-09-22,False,,20250911,2025-09,proportional_stratified_random_sample
1261,3672100,The Home County,2025-09-22,2025-09,"[""Swanworth""]","[""Swanworth""]",False,True,True,True,success,game,1399,1399,0,USD,True,13.99,13.99,2026-09-12T16:00:14.002171+00:00,2025-09-22,2025-09-22,False,,20250911,2025-09,proportional_stratified_random_sample
1262,3749270,Free Lottery,2025-09-22,2025-09,"[""tcplay""]","[""tcplay""]",True,True,False,False,success,game,,,,,False,,,2026-09-12T16:24:25.042085+00:00,2025-09-22,2025-09-22,False,,20250911,2025-09,proportional_stratified_random_sample
1263,3852520,Spread The Love,2025-09-22,2025-09,"[""jamms""]","[""jamms""]",True,True,True,False,success,game,,,,,False,,,2026-09-12T17:14:44.617779+00:00,2025-09-22,2025-09-22,False,,20250911,2025-09,proportional_stratified_random_sample
1264,3907900,Deck of Mandate,2025-09-22,2025-09,"[""Sumit Katekar""]","[""Sumit Katekar""]",False,True,False,False,success,game,499,499,0,USD,True,4.99,4.99,2026-09-12T17:56:53.181640+00:00,2025-09-22,2025-09-22,False,,20250911,2025-09,proportional_stratified_random_sample
1265,3925410,The Evelyn Game,2025-09-22,2025-09,"[""SoerGameStudio""]","[""SoerGameStudio""]",False,True,False,False,success,game,499,499,0,USD,True,4.99,4.99,2026-09-13T05:51:38.166780+00:00,2025-09-22,2025-09-22,False,,20250911,2025-09,proportional_stratified_random_sample
1266,3973760,Drift Off,2025-09-22,2025-09,"[""Riyadh Games""]","[""Riyadh Games""]",False,True,False,False,success,game,299,299,0,USD,True,2.99,2.99,2026-09-13T06:11:05.383693+00:00,2025-09-22,2025-09-22,False,,20250911,2025-09,proportional_stratified_random_sample
1267,3989410,Shablon: Color Patterns,2025-09-22,2025-09,"[""Bojan Miros""]","[""Bojan Miros""]",False,True,True,False,success,game,499,499,0,USD,True,4.99,4.99,2026-09-13T06:17:22.342879+00:00,2025-09-22,2025-09-22,False,,20250911,2025-09,proportional_stratified_random_sample
1268,3998090,Dungeon & Rogue,2025-09-22,2025-09,"[""Meteor Games""]","[""Meteor Games""]",False,True,True,True,success,game,198,198,0,USD,True,1.98,1.98,2026-09-13T06:20:45.592569+00:00,2025-09-22,2025-09-22,False,,20250911,2025-09,proportional_stratified_random_sample
1269,4003700,He is Outside,2025-09-22,2025-09,"[""SmithHound""]","[""SmithHound""]",False,True,False,False,success,game,499,499,0,USD,True,4.99,4.99,2026-09-13T06:23:00.577435+00:00,2025-09-22,2025-09-22,False,,20250911,2025-09,proportional_stratified_random_sample
1270,4021980,Gnomes Garden: Mask of The Rat King,2025-09-22,2025-09,"[""8floor ltd""]","[""8floor ltd""]",False,True,False,False,success,game,1499,1499,0,USD,True,14.99,14.99,2026-09-13T06:28:50.151098+00:00,2025-09-22,2025-09-22,False,,20250911,2025-09,proportional_stratified_random_sample
1271,832360,Hotel Magnate,2025-09-23,2025-09,"[""Arcade Oven""]","[""Arcade Oven""]",False,True,True,True,success,game,1999,1999,0,USD,True,19.99,19.99,2026-09-12T12:52:53.386847+00:00,2025-09-23,2025-09-23,False,,20250911,2025-09,proportional_stratified_random_sample
1272,1380990,Hyper Team Recon,2025-09-23,2025-09,"[""Nathan Burton""]","[""Top Hat Curios""]",False,True,False,False,success,game,1999,1999,0,USD,True,19.99,19.99,2026-09-12T13:05:13.841954+00:00,2025-09-23,2025-09-23,False,,20250911,2025-09,proportional_stratified_random_sample
1273,1657630,Slime Rancher 2,2025-09-23,2025-09,"[""Monomi Park""]","[""Monomi Park""]",False,True,False,False,success,game,2999,1799,40,USD,True,29.99,17.99,2026-09-12T13:10:07.248064+00:00,2025-09-23,2025-09-23,False,,20250911,2025-09,proportional_stratified_random_sample
1274,2288470,Aethermancer,2025-09-23,2025-09,"[""moi rai games""]","[""offbrand games""]",False,True,False,True,success,game,2599,2599,0,USD,True,25.99,25.99,2026-09-12T13:36:14.468299+00:00,2025-09-23,2025-09-23,False,,20250911,2025-09,proportional_stratified_random_sample
1275,3323850,Blippo+,2025-09-23,2025-09,"[""YACHT"",""Telefantasy Studios"",""Noble Robot""]","[""Panic""]",False,True,True,False,success,game,1499,1499,0,USD,True,14.99,14.99,2026-09-12T14:55:37.368091+00:00,2025-09-23,2025-09-23,False,,20250911,2025-09,proportional_stratified_random_sample
1276,3362960,Twinkleby,2025-09-23,2025-09,"[""Might and Delight""]","[""Might and Delight""]",False,True,True,True,success,game,1699,1699,0,USD,True,16.99,16.99,2026-09-12T15:01:01.280045+00:00,2025-09-23,2025-09-23,False,,20250911,2025-09,proportional_stratified_random_sample
1277,3519780,Queen's Cards,2025-09-23,2025-09,"[""Raphus & Co.""]","[""Raphus & Co.""]",False,True,False,False,success,game,599,599,0,USD,True,5.99,5.99,2026-09-12T15:26:44.918135+00:00,2025-09-23,2025-09-23,False,,20250911,2025-09,proportional_stratified_random_sample
1278,3620210,Untapped,2025-09-23,2025-09,"[""CODEBREW SOFTWARE LTD ""]","[""CODEBREW SOFTWARE LTD ""]",False,True,False,True,success,game,899,899,0,USD,True,8.99,8.99,2026-09-12T15:46:49.118064+00:00,2025-09-23,2025-09-23,False,,20250911,2025-09,proportional_stratified_random_sample
1279,3803930,Luckyest,2025-09-23,2025-09,"[""Mobmonks""]","[""Mobmonks""]",False,True,True,True,success,game,299,299,0,USD,True,2.99,2.99,2026-09-12T16:42:34.804708+00:00,2025-09-23,2025-09-23,False,,20250911,2025-09,proportional_stratified_random_sample
1280,3812580,Butter Side Down,2025-09-23,2025-09,"[""Kalle MacDonald"",""Lachlan MacDonald""]","[""Kalle MacDonald"",""Lachlan MacDonald""]",False,True,False,True,success,game,600,600,0,USD,True,6.0,6.0,2026-09-12T16:47:19.565126+00:00,2025-09-23,2025-09-23,False,,20250911,2025-09,proportional_stratified_random_sample
1281,3830150,Creepy Redneck Dinosaur Mansion 1 Re-Raptored,2025-09-23,2025-09,"[""Pedalboard Games""]","[""Pedalboard Games""]",False,True,False,False,success,game,499,499,0,USD,True,4.99,4.99,2026-09-12T16:57:00.967334+00:00,2025-09-23,2025-09-23,False,,20250911,2025-09,proportional_stratified_random_sample
1282,3837930,Reincarnation Dungeon,2025-09-23,2025-09,"[""BOBO""]","[""BOBO""]",False,True,False,False,success,game,999,999,0,USD,True,9.99,9.99,2026-09-12T17:06:45.626281+00:00,2025-09-23,2025-09-23,False,,20250911,2025-09,proportional_stratified_random_sample
1283,3991280,Empire’s Supreme Command,2025-09-23,2025-09,"[""iGindisGames""]","[""iGindisGames""]",False,True,True,False,success,game,799,799,0,USD,True,7.99,7.99,2026-09-13T06:17:59.146239+00:00,2025-09-23,2025-09-23,False,,20250911,2025-09,proportional_stratified_random_sample
1284,3996650,跳来跳去 Hop Around,2025-09-23,2025-09,"[""Gulu Ball Studio"",""咕噜球工作室""]","[""Gulu Ball Studio"",""咕噜球工作室""]",False,True,False,False,success,game,999,999,0,USD,True,9.99,9.99,2026-09-13T06:20:07.306375+00:00,2025-09-23,2025-09-23,False,,20250911,2025-09,proportional_stratified_random_sample
1285,1995980,Desktop Pachinko Idle,2025-09-24,2025-09,"[""neonpixy""]","[""neonpixy""]",False,True,False,False,success,game,199,199,0,USD,True,1.99,1.99,2026-09-12T13:21:12.088804+00:00,2025-09-24,2025-09-24,False,,20250911,2025-09,proportional_stratified_random_sample
1286,2568650,Carnival Survivors The Parade,2025-09-24,2025-09,"[""Enchant Games""]","[""Enchant Games""]",False,True,False,False,success,game,499,499,0,USD,True,4.99,4.99,2026-09-12T13:49:04.515220+00:00,2025-09-24,2025-09-24,False,,20250911,2025-09,proportional_stratified_random_sample
1287,2730970,Westland Survival,2025-09-24,2025-09,"[""Helio Games""]","[""Helio Games ""]",True,True,True,False,success,game,,,,,False,,,2026-09-12T13:56:37.352503+00:00,2025-09-24,2025-09-24,False,,20250911,2025-09,proportional_stratified_random_sample
1288,2824780,TORSO TENNIS,2025-09-24,2025-09,"[""Michael Mato""]","[""Too Much Tomato""]",False,True,False,False,success,game,499,499,0,USD,True,4.99,4.99,2026-09-12T14:01:55.639326+00:00,2025-09-24,2025-09-24,False,,20250911,2025-09,proportional_stratified_random_sample
1289,2877170,TouHou Makuka Sai ~ Fantastic Danmaku Festival Part III,2025-09-24,2025-09,"[""东方幕华祭制作组""]","[""东方幕华祭制作组""]",False,True,False,False,success,game,1399,1399,0,USD,True,13.99,13.99,2026-09-12T14:05:37.786058+00:00,2025-09-24,2025-09-24,False,,20250911,2025-09,proportional_stratified_random_sample
1290,2998130,Spiritual Clinic Simulator,2025-09-24,2025-09,"[""Ling Chen""]","[""Ling Chen""]",False,True,False,False,success,game,999,999,0,USD,True,9.99,9.99,2026-09-12T14:14:53.485445+00:00,2025-09-24,2025-09-24,False,,20250911,2025-09,proportional_stratified_random_sample
1291,3022300,Uncanny Stories,2025-09-24,2025-09,"[""Batuhan Ertan""]","[""Batuhan Ertan""]",False,True,False,False,success,game,199,199,0,USD,True,1.99,1.99,2026-09-12T14:17:03.258886+00:00,2025-09-24,2025-09-24,False,,20250911,2025-09,proportional_stratified_random_sample
1292,3026650,Master Bobber,2025-09-24,2025-09,"[""Michael Medearis""]","[""Michael Medearis""]",False,True,False,False,success,game,499,499,0,USD,True,4.99,4.99,2026-09-12T14:17:35.328496+00:00,2025-09-24,2025-09-24,False,,20250911,2025-09,proportional_stratified_random_sample
1293,3084740,Command Deck,2025-09-24,2025-09,"[""k-critical""]","[""k-critical""]",False,True,True,False,success,game,1499,1499,0,USD,True,14.99,14.99,2026-09-12T14:23:22.596777+00:00,2025-09-24,2025-09-24,False,,20250911,2025-09,proportional_stratified_random_sample
1294,3552220,Match Shot Chimera,2025-09-24,2025-09,"[""Floating Island Games""]","[""Floating Island Games""]",False,True,True,True,success,game,299,299,0,USD,True,2.99,2.99,2026-09-12T15:31:59.504606+00:00,2025-09-24,2025-09-24,False,,20250911,2025-09,proportional_stratified_random_sample
1295,3704130,My Favorite Coworker,2025-09-24,2025-09,"[""Guildmate Games""]","[""Guildmate Games""]",False,True,False,False,success,game,499,499,0,USD,True,4.99,4.99,2026-09-12T16:10:22.098223+00:00,2025-09-24,2025-09-24,False,,20250911,2025-09,proportional_stratified_random_sample
1296,3793790,Catanks,2025-09-24,2025-09,"[""UPGRADE""]","[""UPGRADE""]",True,True,True,True,success,game,,,,,False,,,2026-09-12T16:38:38.702954+00:00,2025-09-24,2025-09-24,False,,20250911,2025-09,proportional_stratified_random_sample
1297,3808550,Skaldsong,2025-09-24,2025-09,"[""Fenris Labs""]","[""Fenris Labs""]",True,True,False,False,success,game,,,,,False,,,2026-09-12T16:44:48.969611+00:00,2025-09-24,2025-09-24,False,,20250911,2025-09,proportional_stratified_random_sample
1298,3867800,战略三国,2025-09-24,2025-09,"[""三国：没有无脑抽卡只有抓捕降伏""]","[""三国：攻城夺将 送黄金万两""]",True,True,False,False,success,game,,,,,False,,,2026-09-12T17:36:49.635499+00:00,2025-09-24,2025-09-24,False,,20250911,2025-09,proportional_stratified_random_sample
1299,3933230,SETVR XL-Unleashed,2025-09-24,2025-09,"[""Suffescom Solutions Inc.""]","[""SetVR LLC""]",False,True,False,False,success,game,1999,1999,0,USD,True,19.99,19.99,2026-09-13T05:55:18.689493+00:00,2025-09-24,2025-09-24,False,,20250911,2025-09,proportional_stratified_random_sample
1300,3983230,The Cubiw Dungeon,2025-09-24,2025-09,"[""Marpro_750""]","[""Marpro_750""]",True,True,False,False,success,game,,,,,False,,,2026-09-13T06:14:49.119185+00:00,2025-09-24,2025-09-24,False,,20250911,2025-09,proportional_stratified_random_sample
1301,4011240,Assassin Of Goblin,2025-09-24,2025-09,"[""Saylor Games""]","[""Saylor Games""]",False,True,False,False,success,game,399,399,0,USD,True,3.99,3.99,2026-09-13T06:25:31.874520+00:00,2025-09-24,2025-09-24,False,,20250911,2025-09,proportional_stratified_random_sample
1302,1274700,You Alone Can Defeat Evil,2025-09-25,2025-09,"[""Edward Marchioni"",""Emily Dawn Gilliland""]","[""Perfect Gen""]",False,True,True,False,success,game,299,149,50,USD,True,2.99,1.49,2026-09-12T13:03:44.481112+00:00,2025-09-25,2025-09-25,False,,20250911,2025-09,proportional_stratified_random_sample
1303,2403600,"Jamboy, a Jelly-cious Hero",2025-09-25,2025-09,"[""Nakama Game Studio""]","[""Nakama Game Studio""]",False,True,False,False,success,game,799,799,0,USD,True,7.99,7.99,2026-09-12T13:41:28.553117+00:00,2025-09-25,2025-09-25,False,,20250911,2025-09,proportional_stratified_random_sample
1304,2486820,Sonic Racing: CrossWorlds,2025-09-25,2025-09,"[""Sonic Team""]","[""SEGA""]",False,True,False,False,success,game,6999,6999,0,USD,True,69.99,69.99,2026-09-12T13:45:46.509040+00:00,2025-09-25,2025-09-25,False,,20250911,2025-09,proportional_stratified_random_sample
1305,2642760,Back to Hearth,2025-09-25,2025-09,"[""Podoba Interactive""]","[""Marevo Collective""]",False,True,True,True,success,game,399,399,0,USD,True,3.99,3.99,2026-09-12T13:52:00.789051+00:00,2025-09-25,2025-09-25,False,,20250911,2025-09,proportional_stratified_random_sample
1306,2676040,Statera: Aurum,2025-09-25,2025-09,"[""WoollyHammerGames""]","[""WoollyHammerGames""]",False,True,False,False,success,game,950,950,0,USD,True,9.5,9.5,2026-09-12T13:53:45.968008+00:00,2025-09-25,2025-09-25,False,,20250911,2025-09,proportional_stratified_random_sample
1307,2908500,Buggos 2,2025-09-25,2025-09,"[""Intrepid Marmot""]","[""Intrepid Marmot""]",False,True,False,False,success,game,1999,1999,0,USD,True,19.99,19.99,2026-09-12T14:08:01.922118+00:00,2025-09-25,2025-09-25,False,,20250911,2025-09,proportional_stratified_random_sample
1308,2912770,Silver Daze,2025-09-25,2025-09,"[""Sawyer Friend""]","[""Sawyer Friend"",""Gem Games""]",False,True,False,False,success,game,1499,1499,0,USD,True,14.99,14.99,2026-09-12T14:08:21.289268+00:00,2025-09-25,2025-09-25,False,,20250911,2025-09,proportional_stratified_random_sample
1309,2943420,Amelie falls over and over again ~ An endless week in Magic Academy,2025-09-25,2025-09,"[""AVANTGARDE""]","[""072 Project"",""072 News""]",False,True,False,False,success,game,1399,1399,0,USD,True,13.99,13.99,2026-09-12T14:11:08.491036+00:00,2025-09-25,2025-09-25,False,,20250911,2025-09,proportional_stratified_random_sample
1310,2949560,NO LIFE BABY OF THE END,2025-09-25,2025-09,"[""ILCA Lab""]","[""ILCA, Inc.""]",False,True,False,False,success,game,399,399,0,USD,True,3.99,3.99,2026-09-12T14:11:38.335740+00:00,2025-09-25,2025-09-25,False,,20250911,2025-09,proportional_stratified_random_sample
1311,3185890,我打不过漂亮的她们,2025-09-25,2025-09,"[""想象颗粒""]","[""想象颗粒""]",False,True,False,False,success,game,1099,1099,0,USD,True,10.99,10.99,2026-09-12T14:33:44.854366+00:00,2025-09-25,2025-09-25,False,,20250911,2025-09,proportional_stratified_random_sample
1312,3353000,Potatogeddon,2025-09-25,2025-09,"[""Lukad Games""]","[""Lukad Games""]",False,True,False,False,success,game,299,254,15,USD,True,2.99,2.54,2026-09-12T14:59:18.569834+00:00,2025-09-25,2025-09-25,False,,20250911,2025-09,proportional_stratified_random_sample
1313,3417470,Jurnal Risa: Dark Destiny,2025-09-25,2025-09,"[""Digital Happiness""]","[""Digital Happiness""]",False,True,False,False,success,game,1299,1299,0,USD,True,12.99,12.99,2026-09-12T15:09:20.835227+00:00,2025-09-25,2025-09-25,False,,20250911,2025-09,proportional_stratified_random_sample
1314,3548370,Arcane Coven,2025-09-25,2025-09,"[""Quoxenom""]","[""Quoxenom""]",False,True,False,False,success,game,899,899,0,USD,True,8.99,8.99,2026-09-12T15:31:07.781070+00:00,2025-09-25,2025-09-25,False,,20250911,2025-09,proportional_stratified_random_sample
1315,3678950,Idle Awakening: Mages Path,2025-09-25,2025-09,"[""Strange Matter Gaming""]","[""Strange Matter Gaming""]",False,True,False,False,success,game,499,499,0,USD,True,4.99,4.99,2026-09-12T16:01:52.201120+00:00,2025-09-25,2025-09-25,False,,20250911,2025-09,proportional_stratified_random_sample
1316,3711530,A Flame in the Dark,2025-09-25,2025-09,"[""tornadre""]","[""tornadre""]",False,True,False,False,success,game,599,599,0,USD,True,5.99,5.99,2026-09-12T16:14:05.853839+00:00,2025-09-25,2025-09-25,False,,20250911,2025-09,proportional_stratified_random_sample
1317,3716810,Bound in Time,2025-09-25,2025-09,"[""Falling Void Studios""]","[""Falling Void Studios""]",True,True,False,False,success,game,,,,,False,,,2026-09-12T16:15:39.550673+00:00,2025-09-25,2025-09-25,False,,20250911,2025-09,proportional_stratified_random_sample
1318,3861720,Ruby's Realms,2025-09-25,2025-09,"[""Chilling Moose Games""]","[""Chilling Moose Games""]",False,True,True,False,success,game,699,699,0,USD,True,6.99,6.99,2026-09-12T17:33:30.435439+00:00,2025-09-25,2025-09-25,False,,20250911,2025-09,proportional_stratified_random_sample
1319,3864010,I Am Sakuya FPS: Lunarian Invasion,2025-09-25,2025-09,"[""Sigyaad Team"",""Floating Bunny""]","[""Sigyaad Team""]",False,True,False,False,success,game,999,649,35,USD,True,9.99,6.49,2026-09-12T17:35:27.096038+00:00,2025-09-25,2025-09-25,False,,20250911,2025-09,proportional_stratified_random_sample
1320,3875320,Neoteria,2025-09-25,2025-09,"[""Orangepixel""]","[""HandyGames"",""Orangepixel"",""THQ Nordic Mobile""]",False,True,True,True,success,game,399,199,50,USD,True,3.99,1.99,2026-09-12T17:40:38.244867+00:00,2025-09-25,2025-09-25,False,,20250911,2025-09,proportional_stratified_random_sample
1321,3893770,你的猫,2025-09-25,2025-09,"[""数鱼工作室""]","[""Cloudburst Studio""]",False,True,False,False,success,game,99,99,0,USD,True,0.99,0.99,2026-09-12T17:50:02.847365+00:00,2025-09-25,2025-09-25,False,,20250911,2025-09,proportional_stratified_random_sample
1322,3898700,INFINITE MINEFIELD,2025-09-25,2025-09,"[""Ishmuhter""]","[""Ishmuhter""]",False,True,False,False,success,game,99,99,0,USD,True,0.99,0.99,2026-09-12T17:53:05.557359+00:00,2025-09-25,2025-09-25,False,,20250911,2025-09,proportional_stratified_random_sample
1323,3903490,Prune,2025-09-25,2025-09,"[""Joel McDonald""]","[""Joel McDonald""]",False,True,False,False,success,game,799,799,0,USD,True,7.99,7.99,2026-09-12T17:55:09.345647+00:00,2025-09-25,2025-09-25,False,,20250911,2025-09,proportional_stratified_random_sample
1324,3913290,PRIVET. ETO NE BOL'NO.,2025-09-25,2025-09,"[""yazvthetic""]","[""ALM+ Interactive""]",False,True,False,False,success,game,299,299,0,USD,True,2.99,2.99,2026-09-12T17:59:02.071851+00:00,2025-09-25,2025-09-25,False,,20250911,2025-09,proportional_stratified_random_sample
1325,3948890,Employee 925,2025-09-25,2025-09,"[""EIRAS""]","[""EIRAS""]",False,True,False,False,success,game,499,499,0,USD,True,4.99,4.99,2026-09-13T06:01:35.047670+00:00,2025-09-25,2025-09-25,False,,20250911,2025-09,proportional_stratified_random_sample
1326,3964640,Nomad Nightmare - Episode 1: Awakening,2025-09-25,2025-09,"[""Nutria Gold"",""krmkhnv""]","[""Nutria Gold Studio""]",False,True,False,False,success,game,149,149,0,USD,True,1.49,1.49,2026-09-13T06:08:24.413397+00:00,2025-09-25,2025-09-25,False,,20250911,2025-09,proportional_stratified_random_sample
1327,3992910,Undead World Order,2025-09-25,2025-09,"[""MFG Studio""]","[""MFG Studio""]",False,True,False,False,success,game,99,99,0,USD,True,0.99,0.99,2026-09-13T06:18:40.240192+00:00,2025-09-25,2025-09-25,False,,20250911,2025-09,proportional_stratified_random_sample
1328,3998650,CHICK POP!,2025-09-25,2025-09,"[""ELIX INC""]","[""ELIX INC""]",False,True,False,False,success,game,499,499,0,USD,True,4.99,4.99,2026-09-13T06:20:51.795490+00:00,2025-09-25,2025-09-25,False,,20250911,2025-09,proportional_stratified_random_sample
1329,4000060,Eight Strange Corridors,2025-09-25,2025-09,"[""Sige""]","[""Sige""]",False,True,False,False,success,game,399,399,0,USD,True,3.99,3.99,2026-09-13T06:21:33.686625+00:00,2025-09-25,2025-09-25,False,,20250911,2025-09,proportional_stratified_random_sample
1330,4006160,20 Days,2025-09-25,2025-09,"[""AgostonB""]","[""AgostonB""]",False,True,False,False,success,game,499,199,60,USD,True,4.99,1.99,2026-09-13T06:23:55.645351+00:00,2025-09-25,2025-09-25,False,,20250911,2025-09,proportional_stratified_random_sample
1331,993770,LazerGrrl,2025-09-26,2025-09,"[""Sandwich Generation""]","[""Sandwich Generation""]",True,True,False,False,success,game,,,,,False,,,2026-09-12T12:53:33.984243+00:00,2025-09-26,2025-09-26,False,,20250911,2025-09,proportional_stratified_random_sample
1332,2186270,"她毕业了 So Long, My Youth",2025-09-26,2025-09,"[""煎饼工作室 PanCakeStudio""]","[""煎饼工作室 PanCakeStudio""]",False,True,False,False,success,game,199,199,0,USD,True,1.99,1.99,2026-09-12T13:32:41.970432+00:00,2025-09-26,2025-09-26,False,,20250911,2025-09,proportional_stratified_random_sample
1333,2963220,Ruins of Endoth,2025-09-26,2025-09,"[""KLG Games Ltd""]","[""N/A""]",False,True,False,False,success,game,999,999,0,USD,True,9.99,9.99,2026-09-12T14:12:22.603929+00:00,2025-09-26,2025-09-26,False,,20250911,2025-09,proportional_stratified_random_sample
1334,3040180,Holy Shot,2025-09-26,2025-09,"[""LoneWolf Digital Arts""]","[""LoneWolf Digital Arts"",""TrueColor Games""]",False,True,True,True,success,game,599,599,0,USD,True,5.99,5.99,2026-09-12T14:19:15.960582+00:00,2025-09-26,2025-09-26,False,,20250911,2025-09,proportional_stratified_random_sample
1335,3314790,CloverPit,2025-09-26,2025-09,"[""Panik Arcade""]","[""Future Friends Games""]",False,True,False,False,success,game,999,999,0,USD,True,9.99,9.99,2026-09-12T14:54:39.638186+00:00,2025-09-26,2025-09-26,False,,20250911,2025-09,proportional_stratified_random_sample
1336,3506210,Apple Rabble Dazzle,2025-09-26,2025-09,"[""BolHut""]","[""BolHut""]",True,True,False,False,success,game,,,,,False,,,2026-09-12T15:24:37.821344+00:00,2025-09-26,2025-09-26,False,,20250911,2025-09,proportional_stratified_random_sample
1337,3527810,Rudolph the Red-Nosed Reindeer,2025-09-26,2025-09,"[""Headless Chicken Games""]","[""GameMill Entertainment""]",False,True,False,False,success,game,2999,2999,0,USD,True,29.99,29.99,2026-09-12T15:27:46.895304+00:00,2025-09-26,2025-09-26,False,,20250911,2025-09,proportional_stratified_random_sample
1338,3531990,Tentacaliens: Making Ends Meet in a New World,2025-09-26,2025-09,"[""Acerola""]","[""Kagura Games""]",False,True,False,False,success,game,1499,1499,0,USD,True,14.99,14.99,2026-09-12T15:28:37.180514+00:00,2025-09-26,2025-09-26,False,,20250911,2025-09,proportional_stratified_random_sample
1339,3678420,Videonauts,2025-09-26,2025-09,"[""resnijars""]","[""resnijars""]",False,True,True,True,success,game,999,999,0,USD,True,9.99,9.99,2026-09-12T16:01:39.649211+00:00,2025-09-26,2025-09-26,False,,20250911,2025-09,proportional_stratified_random_sample
1340,3712090,Overgrown,2025-09-26,2025-09,"[""Three Raccoons in a Trench Coat""]","[""Three Raccoons in a Trench Coat""]",True,True,False,False,success,game,,,,,False,,,2026-09-12T16:14:16.445477+00:00,2025-09-26,2025-09-26,False,,20250911,2025-09,proportional_stratified_random_sample
1341,3836440,HEAVENSHATTER,2025-09-26,2025-09,"[""Raifu""]","[""Raifu""]",False,True,False,False,success,game,499,499,0,USD,True,4.99,4.99,2026-09-12T17:05:59.213798+00:00,2025-09-26,2025-09-26,False,,20250911,2025-09,proportional_stratified_random_sample
1342,3854840,TICKTICKBOOM!,2025-09-26,2025-09,"[""BugRift 22""]","[""BugRift 22""]",False,True,False,False,success,game,99,99,0,USD,True,0.99,0.99,2026-09-12T17:16:18.126271+00:00,2025-09-26,2025-09-26,False,,20250911,2025-09,proportional_stratified_random_sample
1343,3897360,Office Assistant,2025-09-26,2025-09,"[""BigTheoryGames""]","[""BigTheoryGames""]",False,True,False,False,success,game,499,499,0,USD,True,4.99,4.99,2026-09-12T17:52:17.055309+00:00,2025-09-26,2025-09-26,False,,20250911,2025-09,proportional_stratified_random_sample
1344,3913380,Googunners!,2025-09-26,2025-09,"[""Tayden""]","[""Gooverse Games""]",True,True,False,False,success,game,,,,,False,,,2026-09-12T17:59:04.284855+00:00,2025-09-26,2025-09-26,False,,20250911,2025-09,proportional_stratified_random_sample
1345,3931960,Nightcrawler,2025-09-26,2025-09,"[""TsuraiKuromaru""]","[""Tsurai Productions""]",False,True,False,False,success,game,99,99,0,USD,True,0.99,0.99,2026-09-13T05:54:51.288274+00:00,2025-09-26,2025-09-26,False,,20250911,2025-09,proportional_stratified_random_sample
1346,3933730,着色 Project_Shading 技术演示demo,2025-09-26,2025-09,"[""虚幻将会主宰世界""]","[""JingXian_Studio""]",False,True,False,False,success,game,599,599,0,USD,True,5.99,5.99,2026-09-13T05:55:29.186646+00:00,2025-09-26,2025-09-26,False,,20250911,2025-09,proportional_stratified_random_sample
1347,3961630,Eidolon: Fate of Fools,2025-09-26,2025-09,"[""Antechamber""]","[""DigiPen Institute of Technology""]",True,True,False,False,success,game,,,,,False,,,2026-09-13T06:07:01.944174+00:00,2025-09-26,2025-09-26,False,,20250911,2025-09,proportional_stratified_random_sample
1348,3981230,咸鱼侠大战b宫怪,2025-09-26,2025-09,"[""辣条辣条辣""]","[""辣条辣条辣""]",False,True,False,False,success,game,199,199,0,USD,True,1.99,1.99,2026-09-13T06:14:00.226299+00:00,2025-09-26,2025-09-26,False,,20250911,2025-09,proportional_stratified_random_sample
1349,3998910,Creepy Fishing,2025-09-26,2025-09,"["" Fireplay Studio""]","["" Fireplay Studio""]",False,True,False,False,success,game,199,199,0,USD,True,1.99,1.99,2026-09-13T06:21:02.378436+00:00,2025-09-26,2025-09-26,False,,20250911,2025-09,proportional_stratified_random_sample
1350,4003520,Blimblau: Kill Them All!,2025-09-26,2025-09,"[""MadDev""]","[""MadDev Studios"",""GoGo Games Interactive""]",False,True,False,False,success,game,499,499,0,USD,True,4.99,4.99,2026-09-13T06:22:58.514989+00:00,2025-09-26,2025-09-26,False,,20250911,2025-09,proportional_stratified_random_sample
1351,4015530,MyVoiceZoo,2025-09-26,2025-09,"[""TRUSO""]","[""TRUSO""]",False,True,False,False,success,game,299,299,0,USD,True,2.99,2.99,2026-09-13T06:26:39.988495+00:00,2025-09-26,2025-09-26,False,,20250911,2025-09,proportional_stratified_random_sample
1352,4016120,Luna Anomaly,2025-09-26,2025-09,"[""Gamefan""]","[""Gamefan""]",False,True,False,False,success,game,499,499,0,USD,True,4.99,4.99,2026-09-13T06:26:48.437447+00:00,2025-09-26,2025-09-26,False,,20250911,2025-09,proportional_stratified_random_sample
1353,3277640,Bug.Splash TD : Debugged,2025-09-27,2025-09,"[""UglyBudgetPrettyProduct""]","[""UglyBudgetPrettyProduct""]",False,True,False,False,success,game,299,299,0,USD,True,2.99,2.99,2026-09-12T14:43:56.712452+00:00,2025-09-27,2025-09-27,False,,20250911,2025-09,proportional_stratified_random_sample
1354,3359900,REAL BOUT FATAL FURY 2: THE NEWCOMERS,2025-09-27,2025-09,"[""Code Mystics""]","[""SNK CORPORATION""]",False,True,False,False,success,game,1999,1999,0,USD,True,19.99,19.99,2026-09-12T15:00:20.770654+00:00,2025-09-27,2025-09-27,False,,20250911,2025-09,proportional_stratified_random_sample
1355,3724650,Owl Lights,2025-09-27,2025-09,"[""Grumpi""]","[""Grumpi""]",False,True,False,False,success,game,499,499,0,USD,True,4.99,4.99,2026-09-12T16:18:01.645299+00:00,2025-09-27,2025-09-27,False,,20250911,2025-09,proportional_stratified_random_sample
1356,3955050,Shadow President,2025-09-27,2025-09,"[""D. C. True""]","[""QXE""]",False,True,False,False,success,game,599,599,0,USD,True,5.99,5.99,2026-09-13T06:04:18.570087+00:00,2025-09-27,2025-09-27,False,,20250911,2025-09,proportional_stratified_random_sample
1357,3998740,mini challenge 01/100 Tower,2025-09-27,2025-09,"[""ONE POINT GAME""]","[""ONE POINT GAME""]",False,True,False,False,success,game,99,79,20,USD,True,0.99,0.79,2026-09-13T06:20:54.007745+00:00,2025-09-27,2025-09-27,False,,20250911,2025-09,proportional_stratified_random_sample
1358,1946930,公考刷题模拟器-我要上岸,2025-09-28,2025-09,"[""DoubleGame""]","[""DoubleGame""]",False,True,False,False,success,game,399,399,0,USD,True,3.99,3.99,2026-09-12T13:16:40.013569+00:00,2025-09-28,2025-09-28,False,,20250911,2025-09,proportional_stratified_random_sample
1359,3610700,Rose Of Wind,2025-09-28,2025-09,"[""GSG Studio""]","[""GSG Studio""]",False,True,False,False,success,game,1099,1099,0,USD,True,10.99,10.99,2026-09-12T15:44:43.130265+00:00,2025-09-28,2025-09-28,False,,20250911,2025-09,proportional_stratified_random_sample
1360,3894530,Rogue Cave,2025-09-28,2025-09,"[""Rogue Gecko""]","[""Rogue Gecko""]",False,True,False,False,success,game,599,599,0,USD,True,5.99,5.99,2026-09-12T17:50:30.523501+00:00,2025-09-28,2025-09-28,False,,20250911,2025-09,proportional_stratified_random_sample
1361,4001950,Office Chug,2025-09-28,2025-09,"[""ByteLyft""]","[""ByteLyft""]",False,True,False,False,success,game,399,399,0,USD,True,3.99,3.99,2026-09-13T06:22:24.413429+00:00,2025-09-28,2025-09-28,False,,20250911,2025-09,proportional_stratified_random_sample
1362,2567380,Luctus,2025-09-29,2025-09,"[""Mriya Game Studio""]","[""Blackburne Games Studio FZ LLC"",""IndieNext""]",False,True,False,False,success,game,999,999,0,USD,True,9.99,9.99,2026-09-12T13:48:58.181603+00:00,2025-09-29,2025-09-29,False,,20250911,2025-09,proportional_stratified_random_sample
1363,2791540,Astro Felix,2025-09-29,2025-09,"[""SanForge Studio""]","[""SanForge Studio""]",True,True,False,False,success,game,,,,,False,,,2026-09-12T13:59:56.947155+00:00,2025-09-29,2025-09-29,False,,20250911,2025-09,proportional_stratified_random_sample
1364,3445890,Light 'Em,2025-09-29,2025-09,"[""Mina Pêcheux""]","[""Mina Pêcheux""]",False,True,True,True,success,game,299,299,0,USD,True,2.99,2.99,2026-09-12T15:14:27.792449+00:00,2025-09-29,2025-09-29,False,,20250911,2025-09,proportional_stratified_random_sample
1365,3585640,Lavender Field,2025-09-29,2025-09,"[""KamilaFoxGames""]","[""KamilaFoxGames""]",False,True,True,True,success,game,499,499,0,USD,True,4.99,4.99,2026-09-12T15:39:11.312597+00:00,2025-09-29,2025-09-29,False,,20250911,2025-09,proportional_stratified_random_sample
1366,3612960,Shuttered,2025-09-29,2025-09,"[""Evilkookey Games""]","[""Evilkookey Games""]",False,True,False,False,success,game,399,399,0,USD,True,3.99,3.99,2026-09-12T15:45:06.324843+00:00,2025-09-29,2025-09-29,False,,20250911,2025-09,proportional_stratified_random_sample
1367,3739660,Mega Dimension Ripper 9000,2025-09-29,2025-09,"[""Dimensional Studios""]","[""Dimensional Studios""]",True,True,False,False,success,game,,,,,False,,,2026-09-12T16:21:45.211055+00:00,2025-09-29,2025-09-29,False,,20250911,2025-09,proportional_stratified_random_sample
1368,3741530,Steve Is Alone,2025-09-29,2025-09,"[""MadDevStudios""]","[""MadDevStudios"",""GoGo Games Interactive""]",False,True,False,False,success,game,999,999,0,USD,True,9.99,9.99,2026-09-12T16:22:08.906842+00:00,2025-09-29,2025-09-29,False,,20250911,2025-09,proportional_stratified_random_sample
1369,3759390,Waifu Quest,2025-09-29,2025-09,"[""Seppe De Craene"",""Maxime Versluys""]","[""Xpress.gg""]",True,True,False,False,success,game,,,,,False,,,2026-09-12T16:28:03.958209+00:00,2025-09-29,2025-09-29,False,,20250911,2025-09,proportional_stratified_random_sample
1370,3852000,RedLantern | 赤提灯,2025-09-29,2025-09,"[""KM Studios""]","[""KM Studios""]",False,True,False,False,success,game,499,499,0,USD,True,4.99,4.99,2026-09-12T17:14:27.465164+00:00,2025-09-29,2025-09-29,False,,20250911,2025-09,proportional_stratified_random_sample
1371,3980820,Malicd tower,2025-09-29,2025-09,"[""dpnxuqb""]","[""dpnxuqb""]",False,True,False,False,success,game,199,199,0,USD,True,1.99,1.99,2026-09-13T06:13:45.345040+00:00,2025-09-29,2025-09-29,False,,20250911,2025-09,proportional_stratified_random_sample
1372,3983700,Nightmare Train,2025-09-29,2025-09,"[""Gaia""]","[""Gaia""]",False,True,False,False,success,game,199,69,65,USD,True,1.99,0.69,2026-09-13T06:14:59.606413+00:00,2025-09-29,2025-09-29,False,,20250911,2025-09,proportional_stratified_random_sample
1373,4022650,Wanech's Z.O.O.,2025-09-29,2025-09,"[""Wanech""]","[""Wanech""]",False,True,False,False,success,game,99,99,0,USD,True,0.99,0.99,2026-09-13T06:29:09.517180+00:00,2025-09-29,2025-09-29,False,,20250911,2025-09,proportional_stratified_random_sample
1374,1004640,FINAL FANTASY TACTICS - The Ivalice Chronicles,2025-09-30,2025-09,"[""Square Enix""]","[""Square Enix""]",False,True,False,False,success,game,4999,4999,0,USD,True,49.99,49.99,2026-09-12T12:53:38.318156+00:00,2025-09-30,2025-09-30,False,,20250911,2025-09,proportional_stratified_random_sample
1375,1517560,Droplet: States of Matter,2025-09-30,2025-09,"[""Krayfish Entertainment""]","[""Krayfish Entertainment""]",False,True,False,False,success,game,999,999,0,USD,True,9.99,9.99,2026-09-12T13:07:25.636538+00:00,2025-09-30,2025-09-30,False,,20250911,2025-09,proportional_stratified_random_sample
1376,1803850,Lock & Key: A Magical Girl Mystery,2025-09-30,2025-09,"[""Studio Élan""]","[""Studio Élan"",""Studio Elan""]",False,True,True,True,success,game,1499,1124,25,USD,True,14.99,11.24,2026-09-12T13:13:01.555574+00:00,2025-09-30,2025-09-30,False,,20250911,2025-09,proportional_stratified_random_sample
1377,2644280,Core Miners,2025-09-30,2025-09,"[""Trotter Studio""]","[""Trotter Studio""]",False,True,False,False,success,game,199,199,0,USD,True,1.99,1.99,2026-09-12T13:52:13.699878+00:00,2025-09-30,2025-09-30,False,,20250911,2025-09,proportional_stratified_random_sample
1378,3013500,Bunny Space Odyssey: FlopHop,2025-09-30,2025-09,"[""AinkOink""]","[""AinkOink""]",False,True,False,True,success,game,499,499,0,USD,True,4.99,4.99,2026-09-12T14:16:12.464772+00:00,2025-09-30,2025-09-30,False,,20250911,2025-09,proportional_stratified_random_sample
1379,3051490,Nicktoons & The Dice of Destiny,2025-09-30,2025-09,"[""Petit Fabrik"",""Fair Play Labs""]","[""GameMill Entertainment""]",False,True,False,False,success,game,4999,4999,0,USD,True,49.99,49.99,2026-09-12T14:20:08.905739+00:00,2025-09-30,2025-09-30,False,,20250911,2025-09,proportional_stratified_random_sample
1380,3359450,Gravity Matters,2025-09-30,2025-09,"[""Nixiesoft LLC""]","[""Nixiesoft LLC""]",False,True,False,False,success,game,599,599,0,USD,True,5.99,5.99,2026-09-12T15:00:18.612562+00:00,2025-09-30,2025-09-30,False,,20250911,2025-09,proportional_stratified_random_sample
1381,3406740,Dino Space Station,2025-09-30,2025-09,"[""Conti Games""]","[""Conti Games""]",False,True,True,True,success,game,499,499,0,USD,True,4.99,4.99,2026-09-12T15:07:47.208314+00:00,2025-09-30,2025-09-30,False,,20250911,2025-09,proportional_stratified_random_sample
1382,3448870,Necrologium,2025-09-30,2025-09,"[""Bob's Cult Studio""]","[""Ovid Works""]",False,True,True,True,success,game,999,999,0,USD,True,9.99,9.99,2026-09-12T15:15:11.369411+00:00,2025-09-30,2025-09-30,False,,20250911,2025-09,proportional_stratified_random_sample
1383,3546540,Aker Fern 2,2025-09-30,2025-09,"[""Chaos Group Games""]","[""Chaos Group Games""]",True,True,False,False,success,game,,,,,False,,,2026-09-12T15:30:54.725613+00:00,2025-09-30,2025-09-30,False,,20250911,2025-09,proportional_stratified_random_sample
1384,3645710,My Silly Science Summer in the Past,2025-09-30,2025-09,"[""TBF""]","[""TLS""]",True,True,True,True,success,game,,,,,False,,,2026-09-12T15:53:36.300360+00:00,2025-09-30,2025-09-30,False,,20250911,2025-09,proportional_stratified_random_sample
1385,3670140,Godzilla x Kong: Titan Chasers,2025-09-30,2025-09,"[""Hunted Cow Games""]","[""Tilting Point""]",True,True,True,False,success,game,,,,,False,,,2026-09-12T15:59:47.406417+00:00,2025-09-30,2025-09-30,False,,20250911,2025-09,proportional_stratified_random_sample
1386,3789290,Bad Golf,2025-09-30,2025-09,"[""Adam Spragg""]","[""Adam Spragg""]",True,True,False,False,success,game,,,,,False,,,2026-09-12T16:36:58.234130+00:00,2025-09-30,2025-09-30,False,,20250911,2025-09,proportional_stratified_random_sample
1387,3792960,Fade Survival,2025-09-30,2025-09,"[""Phoenix Gaming Studios""]","[""Phoenix Gaming Studios""]",False,True,False,False,success,game,1499,1499,0,USD,True,14.99,14.99,2026-09-12T16:38:19.485071+00:00,2025-09-30,2025-09-30,False,,20250911,2025-09,proportional_stratified_random_sample
1388,3882860,I Am A Stick,2025-09-30,2025-09,"[""CYCLOPS GAMES""]","[""CYCLOPS GAMES""]",False,True,False,False,success,game,499,499,0,USD,True,4.99,4.99,2026-09-12T17:44:55.223482+00:00,2025-09-30,2025-09-30,False,,20250911,2025-09,proportional_stratified_random_sample
1389,3884540,Dream:scape Remastered,2025-09-30,2025-09,"[""Speedbump Studio""]","[""Speedbump Studio""]",False,True,False,False,success,game,799,799,0,USD,True,7.99,7.99,2026-09-12T17:45:35.426733+00:00,2025-09-30,2025-09-30,False,,20250911,2025-09,proportional_stratified_random_sample
1390,3918960,Pursuing My Uncle,2025-09-30,2025-09,"[""ふわふわ電子研究所""]","[""ふわふわ電子研究所""]",False,True,True,False,success,game,199,199,0,USD,True,1.99,1.99,2026-09-12T18:02:00.469825+00:00,2025-09-30,2025-09-30,False,,20250911,2025-09,proportional_stratified_random_sample
1391,3919720,Landlord Quest,2025-09-30,2025-09,"[""katbrush""]","[""katbrush""]",False,True,False,False,success,game,199,199,0,USD,True,1.99,1.99,2026-09-12T18:02:34.217091+00:00,2025-09-30,2025-09-30,False,,20250911,2025-09,proportional_stratified_random_sample
1392,3961710,Prosrochennyy,2025-09-30,2025-09,"[""Press For Coffee""]","[""Press For Coffee""]",True,True,False,False,success,game,,,,,False,,,2026-09-13T06:07:06.289377+00:00,2025-09-30,2025-09-30,False,,20250911,2025-09,proportional_stratified_random_sample
1393,4024900,潜水员吞泡泡,2025-09-30,2025-09,"[""gogogGame""]","[""gogogGame""]",False,True,False,False,success,game,199,199,0,USD,True,1.99,1.99,2026-09-13T06:30:11.305752+00:00,2025-09-30,2025-09-30,False,,20250911,2025-09,proportional_stratified_random_sample
1394,4049240,A Haunting Novel: Burton Hotel Collector's Edition,2025-09-30,2025-09,"[""Elephant AR""]","[""BFG Entertainment""]",False,True,True,False,success,game,1999,1999,0,USD,True,19.99,19.99,2026-09-13T06:37:55.489371+00:00,2025-09-30,2025-09-30,False,,20250911,2025-09,proportional_stratified_random_sample
1395,1533140,Prison Miner,2025-10-01,2025-10,"[""Data Leak Games""]","[""Data Leak Games""]",False,True,False,False,success,game,499,499,0,USD,True,4.99,4.99,2026-09-12T13:07:38.498344+00:00,2025-10-01,2025-10-01,False,,20250911,2025-10,proportional_stratified_random_sample
1396,3168400,Awaken Infinity,2025-10-01,2025-10,"[""Launch Solutions""]","[""Launch Solutions""]",False,True,False,False,success,game,599,599,0,USD,True,5.99,5.99,2026-09-12T14:31:51.851479+00:00,2025-10-01,2025-10-01,False,,20250911,2025-10,proportional_stratified_random_sample
1397,3206550,The Greys: Human Abductions,2025-10-01,2025-10,"[""Branislav Banik""]","[""Branislav Banik""]",False,True,False,False,success,game,799,799,0,USD,True,7.99,7.99,2026-09-12T14:36:16.409842+00:00,2025-10-01,2025-10-01,False,,20250911,2025-10,proportional_stratified_random_sample
1398,3222920,Interior Tales,2025-10-01,2025-10,"[""Gearious Studios""]","[""Gearious Studios""]",False,True,True,True,success,game,899,899,0,USD,True,8.99,8.99,2026-09-12T14:38:25.757969+00:00,2025-10-01,2025-10-01,False,,20250911,2025-10,proportional_stratified_random_sample
1399,3377290,Life Choices,2025-10-01,2025-10,"[""UNICO STUDIO LLC""]","[""UNICO STUDIO LLC""]",False,True,False,False,success,game,499,499,0,USD,True,4.99,4.99,2026-09-12T15:03:20.748454+00:00,2025-10-01,2025-10-01,False,,20250911,2025-10,proportional_stratified_random_sample
1400,3568030,Beast and Cleaver,2025-10-01,2025-10,"[""Grimes Productions""]","[""Grimes Productions""]",False,True,False,False,success,game,99,99,0,USD,True,0.99,0.99,2026-09-12T15:35:20.504982+00:00,2025-10-01,2025-10-01,False,,20250911,2025-10,proportional_stratified_random_sample
1401,3600680,Puppet Show VR,2025-10-01,2025-10,"[""Ryan Bissonnette""]","[""Ryan Bissonnette""]",False,True,False,False,success,game,699,699,0,USD,True,6.99,6.99,2026-09-12T15:42:23.175886+00:00,2025-10-01,2025-10-01,False,,20250911,2025-10,proportional_stratified_random_sample
1402,3727130,MADHOUSE,2025-10-01,2025-10,"[""Paul Hubans""]","[""Paul Hubans""]",False,True,False,False,success,game,499,499,0,USD,True,4.99,4.99,2026-09-12T16:18:41.535117+00:00,2025-10-01,2025-10-01,False,,20250911,2025-10,proportional_stratified_random_sample
1403,3840970,Casey Noir and Carved Pumpkin's Latte,2025-10-01,2025-10,"[""Nik Rouz and Friends""]","[""Nik Rouz and Friends""]",True,True,True,True,success,game,,,,,False,,,2026-09-12T17:08:28.328794+00:00,2025-10-01,2025-10-01,False,,20250911,2025-10,proportional_stratified_random_sample
1404,3846450,Pick 100 Bones,2025-10-01,2025-10,"[""FootnoteGames""]","[""FootnoteGames""]",False,True,False,False,success,game,199,199,0,USD,True,1.99,1.99,2026-09-12T17:11:41.642504+00:00,2025-10-01,2025-10-01,False,,20250911,2025-10,proportional_stratified_random_sample
1405,3854270,Midnight Murder Maze,2025-10-01,2025-10,"[""Rum Shack Studios LLC""]","[""Rum Shack Studios LLC""]",False,True,False,False,success,game,699,699,0,USD,True,6.99,6.99,2026-09-12T17:15:41.961074+00:00,2025-10-01,2025-10-01,False,,20250911,2025-10,proportional_stratified_random_sample
1406,3876840,Sawmania,2025-10-01,2025-10,"[""Bug Bounty Games""]","[""Bug Bounty Games""]",True,True,True,True,success,game,,,,,False,,,2026-09-12T17:41:39.867459+00:00,2025-10-01,2025-10-01,False,,20250911,2025-10,proportional_stratified_random_sample
1407,3894950,Bakahazard 3,2025-10-01,2025-10,"[""流比奈梦工厂""]","[""流比奈梦工厂""]",False,True,True,True,success,game,699,699,0,USD,True,6.99,6.99,2026-09-12T17:50:53.823245+00:00,2025-10-01,2025-10-01,False,,20250911,2025-10,proportional_stratified_random_sample
1408,3939090,H.Z.T.,2025-10-01,2025-10,"[""InterAxis Studio""]","[""InterAxis Studio""]",False,True,False,False,success,game,299,299,0,USD,True,2.99,2.99,2026-09-13T05:57:35.511262+00:00,2025-10-01,2025-10-01,False,,20250911,2025-10,proportional_stratified_random_sample
1409,3944410,Bank King Simulator,2025-10-01,2025-10,"[""RRG Studio""]","[""RRG Studio""]",False,True,False,False,success,game,999,999,0,USD,True,9.99,9.99,2026-09-13T05:59:46.630450+00:00,2025-10-01,2025-10-01,False,,20250911,2025-10,proportional_stratified_random_sample
1410,3955170,Exclusive Cars,2025-10-01,2025-10,"[""Bolfosu Nalic""]","[""Bolfosu Nalic""]",False,True,False,False,success,game,99,99,0,USD,True,0.99,0.99,2026-09-13T06:04:27.062198+00:00,2025-10-01,2025-10-01,False,,20250911,2025-10,proportional_stratified_random_sample
1411,4003500,Tom Dahl,2025-10-01,2025-10,"[""Bonemeal Productions""]","[""Bonemeal Productions""]",False,True,False,False,success,game,499,499,0,USD,True,4.99,4.99,2026-09-13T06:22:56.417925+00:00,2025-10-01,2025-10-01,False,,20250911,2025-10,proportional_stratified_random_sample
1412,4008720,Not Raised By Wolves,2025-10-01,2025-10,"[""Vancouver Film School""]","[""Vancouver Film School""]",True,True,False,False,success,game,,,,,False,,,2026-09-13T06:24:45.066302+00:00,2025-10-01,2025-10-01,False,,20250911,2025-10,proportional_stratified_random_sample
1413,4018400,Grill it! Sanma,2025-10-01,2025-10,"[""SAT-BOX""]","[""SAT-BOX""]",False,True,False,False,success,game,499,499,0,USD,True,4.99,4.99,2026-09-13T06:27:45.961629+00:00,2025-10-01,2025-10-01,False,,20250911,2025-10,proportional_stratified_random_sample
1414,1239360,Genokids,2025-10-02,2025-10,"[""Nukefist""]","[""Nukefist""]",False,True,True,True,success,game,1999,1699,15,USD,True,19.99,16.99,2026-09-12T13:03:25.355242+00:00,2025-10-02,2025-10-02,False,,20250911,2025-10,proportional_stratified_random_sample
1415,2787680,Candy Rangers,2025-10-02,2025-10,"[""Mechano""]","[""JanduSoft""]",False,True,False,False,success,game,1499,749,50,USD,True,14.99,7.49,2026-09-12T13:59:46.359180+00:00,2025-10-02,2025-10-02,False,,20250911,2025-10,proportional_stratified_random_sample
1416,3121630,Nightwatch at the Hopkins' Cliffside,2025-10-02,2025-10,"[""Krzysztof Grzelak""]","[""Krzysztof Grzelak""]",False,True,False,False,success,game,999,999,0,USD,True,9.99,9.99,2026-09-12T14:27:30.334886+00:00,2025-10-02,2025-10-02,False,,20250911,2025-10,proportional_stratified_random_sample
1417,3363580,Domain of Hallucination,2025-10-02,2025-10,"[""Livio Cozzio"",""Marcel Schürch"",""Carla Widmer"",""Jonas Wiesli"",""rnaisa""]","[""Team Quintuple-A""]",False,True,False,True,success,game,299,299,0,USD,True,2.99,2.99,2026-09-12T15:01:14.049389+00:00,2025-10-02,2025-10-02,False,,20250911,2025-10,proportional_stratified_random_sample
1418,3560370,Éalú,2025-10-02,2025-10,"[""Beyond the Bark""]","[""Beyond the Bark""]",False,True,True,False,success,game,999,999,0,USD,True,9.99,9.99,2026-09-12T15:33:42.944386+00:00,2025-10-02,2025-10-02,False,,20250911,2025-10,proportional_stratified_random_sample
1419,3636470,Dream Abyss: Survivors,2025-10-02,2025-10,"[""Studio215"",""NeonEggGames""]","["" Nightvendors Studio""]",False,True,False,False,success,game,999,999,0,USD,True,9.99,9.99,2026-09-12T15:51:09.468536+00:00,2025-10-02,2025-10-02,False,,20250911,2025-10,proportional_stratified_random_sample
1420,3681580,Bowlers : The bowling experience,2025-10-02,2025-10,"[""Solid9Games""]","[""Solid9Games""]",False,True,False,False,success,game,1599,1599,0,USD,True,15.99,15.99,2026-09-12T16:02:37.188724+00:00,2025-10-02,2025-10-02,False,,20250911,2025-10,proportional_stratified_random_sample
1421,3908410,SCRUB,2025-10-02,2025-10,"[""SCRUB GAMES""]","[""SCRUB GAMES""]",True,True,False,False,success,game,,,,,False,,,2026-09-12T17:57:14.545732+00:00,2025-10-02,2025-10-02,False,,20250911,2025-10,proportional_stratified_random_sample
1422,3923690, Doppelganger,2025-10-02,2025-10,"[""Overdramatic Games""]","[""Overdramatic Games""]",False,True,False,False,success,game,499,499,0,USD,True,4.99,4.99,2026-09-13T05:50:51.711923+00:00,2025-10-02,2025-10-02,False,,20250911,2025-10,proportional_stratified_random_sample
1423,3963830,The Drowned Deal,2025-10-02,2025-10,"[""RB Games Studio""]","[""RB Games Studio""]",False,True,False,False,success,game,399,399,0,USD,True,3.99,3.99,2026-09-13T06:07:57.252092+00:00,2025-10-02,2025-10-02,False,,20250911,2025-10,proportional_stratified_random_sample
1424,3993620,SCULPTURE,2025-10-02,2025-10,"[""sasanuki""]","[""sasanuki""]",False,True,False,False,success,game,399,399,0,USD,True,3.99,3.99,2026-09-13T06:18:53.056736+00:00,2025-10-02,2025-10-02,False,,20250911,2025-10,proportional_stratified_random_sample
1425,4004380,Fridge,2025-10-02,2025-10,"[""Lorcan""]","[""Lorcan""]",False,True,True,True,success,game,99,99,0,USD,True,0.99,0.99,2026-09-13T06:23:15.315466+00:00,2025-10-02,2025-10-02,False,,20250911,2025-10,proportional_stratified_random_sample
1426,4009360,Elevation Tower Defense,2025-10-02,2025-10,"[""Aaron Anderson""]","[""Aaron Anderson""]",False,True,False,False,success,game,499,499,0,USD,True,4.99,4.99,2026-09-13T06:24:59.967681+00:00,2025-10-02,2025-10-02,False,,20250911,2025-10,proportional_stratified_random_sample
1427,4025760,Chimera Circuit,2025-10-02,2025-10,"[""BLYTHE""]","[""BLYTHE""]",False,True,True,False,success,game,499,499,0,USD,True,4.99,4.99,2026-09-13T06:30:26.000784+00:00,2025-10-02,2025-10-02,False,,20250911,2025-10,proportional_stratified_random_sample
1428,3069300,Piggly Pagly Boom,2025-10-03,2025-10,"[""9Ratones""]","[""Ratalaika Games S.L.""]",False,True,False,False,success,game,599,599,0,USD,True,5.99,5.99,2026-09-12T14:21:59.601607+00:00,2025-10-03,2025-10-03,False,,20250911,2025-10,proportional_stratified_random_sample
1429,3552200,It's John's House,2025-10-03,2025-10,"[""Patrik Macsuga""]","[""Patrik Macsuga""]",False,True,True,False,success,game,399,399,0,USD,True,3.99,3.99,2026-09-12T15:31:57.160381+00:00,2025-10-03,2025-10-03,False,,20250911,2025-10,proportional_stratified_random_sample
1430,3606360,Everybody Wants My Girl,2025-10-03,2025-10,"[""Orcsoft""]","[""Kagura Games""]",False,True,False,False,success,game,1499,1499,0,USD,True,14.99,14.99,2026-09-12T15:43:36.699685+00:00,2025-10-03,2025-10-03,False,,20250911,2025-10,proportional_stratified_random_sample
1431,3642990,Totally Spaced,2025-10-03,2025-10,"[""Thomas Givan"",""Ryan P. Faulkner""]","[""Preposterous Games""]",False,True,False,False,success,game,599,599,0,USD,True,5.99,5.99,2026-09-12T15:52:51.657865+00:00,2025-10-03,2025-10-03,False,,20250911,2025-10,proportional_stratified_random_sample
1432,3806110,Zaxtron EXPLUS,2025-10-03,2025-10,"[""RUOK""]","[""MBC Entertainment""]",False,True,False,False,success,game,499,499,0,USD,True,4.99,4.99,2026-09-12T16:43:25.891336+00:00,2025-10-03,2025-10-03,False,,20250911,2025-10,proportional_stratified_random_sample
1433,3873550,Cosmic Cat,2025-10-03,2025-10,"[""theSoulGrinder""]","[""theSoulGrinder""]",False,True,False,False,success,game,699,699,0,USD,True,6.99,6.99,2026-09-12T17:39:56.081712+00:00,2025-10-03,2025-10-03,False,,20250911,2025-10,proportional_stratified_random_sample
1434,3923290,Teapot Spinner,2025-10-03,2025-10,"[""Grilled Games""]","[""Grilled Games""]",False,True,False,False,success,game,299,299,0,USD,True,2.99,2.99,2026-09-13T05:50:37.003423+00:00,2025-10-03,2025-10-03,False,,20250911,2025-10,proportional_stratified_random_sample
1435,3939010,B-Line,2025-10-03,2025-10,"[""Team Nutshell""]","[""Team Nutshell""]",False,True,False,True,success,game,499,499,0,USD,True,4.99,4.99,2026-09-13T05:57:31.334076+00:00,2025-10-03,2025-10-03,False,,20250911,2025-10,proportional_stratified_random_sample
1436,3965620,Heart Snatcher,2025-10-03,2025-10,"[""BigFridge Studios""]","[""BigFridge Studios""]",True,True,False,True,success,game,,,,,False,,,2026-09-13T06:08:48.319629+00:00,2025-10-03,2025-10-03,False,,20250911,2025-10,proportional_stratified_random_sample
1437,3969950,For What,2025-10-03,2025-10,"[""Lost Pixel""]","[""Lost Pixel""]",False,True,False,False,success,game,199,199,0,USD,True,1.99,1.99,2026-09-13T06:10:04.584495+00:00,2025-10-03,2025-10-03,False,,20250911,2025-10,proportional_stratified_random_sample
1438,3997430,Little Brave Adventurer,2025-10-03,2025-10,"[""Xray""]","[""Xray""]",False,True,False,False,success,game,599,599,0,USD,True,5.99,5.99,2026-09-13T06:20:28.590094+00:00,2025-10-03,2025-10-03,False,,20250911,2025-10,proportional_stratified_random_sample
1439,4005510,My Liminal Nightmare,2025-10-03,2025-10,"[""Dylan Dowling""]","[""Dylan Dowling""]",False,True,False,False,success,game,150,150,0,USD,True,1.5,1.5,2026-09-13T06:23:34.399414+00:00,2025-10-03,2025-10-03,False,,20250911,2025-10,proportional_stratified_random_sample
1440,4018640,SteelMechBattle,2025-10-03,2025-10,"[""SteelGearWorks""]","[""SteelGearWorks""]",False,True,False,False,success,game,399,399,0,USD,True,3.99,3.99,2026-09-13T06:27:54.608204+00:00,2025-10-03,2025-10-03,False,,20250911,2025-10,proportional_stratified_random_sample
1441,4022780,GreySpire,2025-10-03,2025-10,"[""BluSheep""]","[""BluSheep""]",False,True,False,True,success,game,99,99,0,USD,True,0.99,0.99,2026-09-13T06:29:18.248683+00:00,2025-10-03,2025-10-03,False,,20250911,2025-10,proportional_stratified_random_sample
1442,4026690,Spray N' Pray,2025-10-03,2025-10,"[""Vancouver Film School""]","[""Vancouver Film School""]",True,True,False,False,success,game,,,,,False,,,2026-09-13T06:30:40.838490+00:00,2025-10-03,2025-10-03,False,,20250911,2025-10,proportional_stratified_random_sample
1443,4029480,Axol's Quest,2025-10-03,2025-10,"[""CartMart""]","[""The Fillies""]",False,True,False,False,success,game,699,699,0,USD,True,6.99,6.99,2026-09-13T06:31:24.833881+00:00,2025-10-03,2025-10-03,False,,20250911,2025-10,proportional_stratified_random_sample
1444,4032250,Tiempo,2025-10-03,2025-10,"[""Vancouver Film School""]","[""Vancouver Film School""]",True,True,False,False,success,game,,,,,False,,,2026-09-13T06:32:07.244822+00:00,2025-10-03,2025-10-03,False,,20250911,2025-10,proportional_stratified_random_sample
1445,4033140,歐特在庫比城 Alter in Cube City,2025-10-03,2025-10,"[""方圓十米""]","[""方圓十米""]",False,True,True,False,success,game,399,399,0,USD,True,3.99,3.99,2026-09-13T06:32:28.753562+00:00,2025-10-03,2025-10-03,False,,20250911,2025-10,proportional_stratified_random_sample
1446,4037650,Unknown Fluffy Object,2025-10-03,2025-10,"[""Vancouver Film School""]","[""Vancouver Film School""]",True,True,False,False,success,game,,,,,False,,,2026-09-13T06:34:06.533648+00:00,2025-10-03,2025-10-03,False,,20250911,2025-10,proportional_stratified_random_sample
1447,1033380,Skate & Date,2025-10-04,2025-10,"[""Gensuta""]","[""Gensuta""]",False,True,True,False,success,game,999,999,0,USD,True,9.99,9.99,2026-09-12T12:53:46.751598+00:00,2025-10-04,2025-10-04,False,,20250911,2025-10,proportional_stratified_random_sample
1448,3431720,Bookey Manor,2025-10-04,2025-10,"[""kabevabon""]","[""kabevabon""]",False,True,False,False,success,game,1599,1599,0,USD,True,15.99,15.99,2026-09-12T15:11:33.340484+00:00,2025-10-04,2025-10-04,False,,20250911,2025-10,proportional_stratified_random_sample
1449,3620740,Paper Kite: Threads of Longing,2025-10-04,2025-10,"[""依露琳（武汉）品牌管理有限公司"",""黎羽游戏""]","[""北京黎羽科技有限公司"",""黎羽科技LICOGAME""]",False,True,False,False,success,game,999,999,0,USD,True,9.99,9.99,2026-09-12T15:46:57.559619+00:00,2025-10-04,2025-10-04,False,,20250911,2025-10,proportional_stratified_random_sample
1450,3866030,Escoba,2025-10-04,2025-10,"[""Quarzo Aplicaciones y Juegos SL""]","[""Quarzo Aplicaciones y Juegos SL""]",False,True,False,False,success,game,499,499,0,USD,True,4.99,4.99,2026-09-12T17:36:04.916113+00:00,2025-10-04,2025-10-04,False,,20250911,2025-10,proportional_stratified_random_sample
1451,3907820,SHUFFLE SHOWDOWN,2025-10-04,2025-10,"[""Team Roland""]","[""Team Roland""]",True,True,False,False,success,game,,,,,False,,,2026-09-12T17:56:46.912576+00:00,2025-10-04,2025-10-04,False,,20250911,2025-10,proportional_stratified_random_sample
1452,3999290,Remember Me,2025-10-04,2025-10,"[""CurnurX""]","[""CurnurX""]",False,True,False,False,success,game,299,299,0,USD,True,2.99,2.99,2026-09-13T06:21:12.856660+00:00,2025-10-04,2025-10-04,False,,20250911,2025-10,proportional_stratified_random_sample
1453,3556780,The Last Shores,2025-10-05,2025-10,"[""Black Frog Studio""]","[""Black Frog Studio""]",True,True,False,False,success,game,,,,,False,,,2026-09-12T15:33:17.449059+00:00,2025-10-05,2025-10-05,False,,20250911,2025-10,proportional_stratified_random_sample
1454,3741750,Bleakmoor House,2025-10-05,2025-10,"[""Lagarcent Studios""]","[""Lagarcent Studios""]",False,True,False,False,success,game,499,499,0,USD,True,4.99,4.99,2026-09-12T16:22:17.129298+00:00,2025-10-05,2025-10-05,False,,20250911,2025-10,proportional_stratified_random_sample
1455,3838660,BPROOF,2025-10-05,2025-10,"[""Dexsolutions""]","[""Dexsolutions""]",False,True,False,False,success,game,999,999,0,USD,True,9.99,9.99,2026-09-12T17:07:15.346787+00:00,2025-10-05,2025-10-05,False,,20250911,2025-10,proportional_stratified_random_sample
1456,3844180,A Wild Last Boss Appeared! ~Black-Winged Survivor~,2025-10-05,2025-10,"[""株式会社ロケットスタジオ""]","[""SUNSOFT""]",False,True,False,False,success,game,2399,2399,0,USD,True,23.99,23.99,2026-09-12T17:10:38.055913+00:00,2025-10-05,2025-10-05,False,,20250911,2025-10,proportional_stratified_random_sample
1457,3928840,Mini PacRunner,2025-10-05,2025-10,"[""HaiGame""]","[""HaiGame""]",False,True,False,False,success,game,199,199,0,USD,True,1.99,1.99,2026-09-13T05:53:31.013214+00:00,2025-10-05,2025-10-05,False,,20250911,2025-10,proportional_stratified_random_sample
1458,3991120,Mariposa,2025-10-05,2025-10,"[""Video Game Development Club @ UC San Diego""]","[""Video Game Development Club @ UC San Diego""]",True,True,True,False,success,game,,,,,False,,,2026-09-13T06:17:54.874259+00:00,2025-10-05,2025-10-05,False,,20250911,2025-10,proportional_stratified_random_sample
1459,4042220,Assassin of Monsters,2025-10-05,2025-10,"[""Saylor games""]","[""Saylor games""]",False,True,False,False,success,game,399,399,0,USD,True,3.99,3.99,2026-09-13T06:35:54.645559+00:00,2025-10-05,2025-10-05,False,,20250911,2025-10,proportional_stratified_random_sample
1460,1714530,Blood of Mehran,2025-10-06,2025-10,"[""Permanent Way Game Co.""]","[""Blowfish Studios""]",False,True,False,False,success,game,2499,2499,0,USD,True,24.99,24.99,2026-09-12T13:10:53.810984+00:00,2025-10-06,2025-10-06,False,,20250911,2025-10,proportional_stratified_random_sample
1461,1935330,SOPA - Tale of the Stolen Potato,2025-10-06,2025-10,"[""StudioBando""]","[""StudioBando""]",False,True,False,False,success,game,1999,1999,0,USD,True,19.99,19.99,2026-09-12T13:16:14.534434+00:00,2025-10-06,2025-10-06,False,,20250911,2025-10,proportional_stratified_random_sample
1462,1947160,CYCLE,2025-10-06,2025-10,"[""DVTZR""]","[""DVTZR""]",False,True,False,False,success,game,1200,1200,0,USD,True,12.0,12.0,2026-09-12T13:16:42.162464+00:00,2025-10-06,2025-10-06,False,,20250911,2025-10,proportional_stratified_random_sample
1463,3067970,Broken Aperture,2025-10-06,2025-10,"[""Dinobyte Softworks LLC""]","[""Dinobyte Softworks LLC""]",False,True,False,False,success,game,499,499,0,USD,True,4.99,4.99,2026-09-12T14:21:51.145770+00:00,2025-10-06,2025-10-06,False,,20250911,2025-10,proportional_stratified_random_sample
1464,3262810,Mushroom Hunter World,2025-10-06,2025-10,"[""Poroshin Develop""]","[""Poroshin Develop""]",False,True,False,False,success,game,799,799,0,USD,True,7.99,7.99,2026-09-12T14:42:11.754873+00:00,2025-10-06,2025-10-06,False,,20250911,2025-10,proportional_stratified_random_sample
1465,3570370,CARIMARA: Beneath the forlorn limbs,2025-10-06,2025-10,"[""Bastinus Rex""]","[""CRITICAL REFLEX""]",False,True,True,False,success,game,499,499,0,USD,True,4.99,4.99,2026-09-12T15:35:50.369197+00:00,2025-10-06,2025-10-06,False,,20250911,2025-10,proportional_stratified_random_sample
1466,3583530,Vampire's Best Friend,2025-10-06,2025-10,"[""SinksAdventure""]","[""SinksAdventure""]",False,True,False,False,success,game,999,799,20,USD,True,9.99,7.99,2026-09-12T15:38:39.091706+00:00,2025-10-06,2025-10-06,False,,20250911,2025-10,proportional_stratified_random_sample
1467,3606680,探偵は月を見る,2025-10-06,2025-10,"[""YUUIRO""]","[""YUUIRO""]",False,True,False,False,success,game,1099,1099,0,USD,True,10.99,10.99,2026-09-12T15:43:47.225067+00:00,2025-10-06,2025-10-06,False,,20250911,2025-10,proportional_stratified_random_sample
1468,3617620,My Card Is Better Than Your Card!,2025-10-06,2025-10,"[""Utu Studios""]","[""Utu Studios""]",False,True,False,False,success,game,1499,1499,0,USD,True,14.99,14.99,2026-09-12T15:46:05.840562+00:00,2025-10-06,2025-10-06,False,,20250911,2025-10,proportional_stratified_random_sample
1469,3694660,Ollsgar'd,2025-10-06,2025-10,"[""Ollsgar'd Dev""]","[""Ollsgar'd Dev""]",False,True,False,False,success,game,199,199,0,USD,True,1.99,1.99,2026-09-12T16:08:08.650677+00:00,2025-10-06,2025-10-06,False,,20250911,2025-10,proportional_stratified_random_sample
1470,3837230,Codename: Black Crow,2025-10-06,2025-10,"[""SEEP""]","[""SEEP""]",False,True,False,True,success,game,999,999,0,USD,True,9.99,9.99,2026-09-12T17:06:22.533724+00:00,2025-10-06,2025-10-06,False,,20250911,2025-10,proportional_stratified_random_sample
1471,3975930,Road to Karatl,2025-10-06,2025-10,"[""Wild Angels Games""]","[""Wild Angels Games""]",False,True,False,False,success,game,299,299,0,USD,True,2.99,2.99,2026-09-13T06:11:37.199140+00:00,2025-10-06,2025-10-06,False,,20250911,2025-10,proportional_stratified_random_sample
1472,4045890,Caveman Caravan,2025-10-06,2025-10,"[""Snaggleteeth Software""]","[""Snaggleteeth Software""]",True,True,True,True,success,game,,,,,False,,,2026-09-13T06:36:56.045181+00:00,2025-10-06,2025-10-06,False,,20250911,2025-10,proportional_stratified_random_sample
1473,2336210,Monochrome Heights,2025-10-07,2025-10,"[""One Frog Games""]","[""One Frog Games""]",False,True,False,True,success,game,1499,1499,0,USD,True,14.99,14.99,2026-09-12T13:38:20.205602+00:00,2025-10-07,2025-10-07,False,,20250911,2025-10,proportional_stratified_random_sample
1474,2582140,Seafarer: The Ship Sim,2025-10-07,2025-10,"[""astragon Development""]","[""astragon Entertainment""]",False,True,False,False,success,game,3499,2099,40,USD,True,34.99,20.99,2026-09-12T13:49:39.037276+00:00,2025-10-07,2025-10-07,False,,20250911,2025-10,proportional_stratified_random_sample
1475,2673790,Endless Asphalt,2025-10-07,2025-10,"[""Mt. Carmel Games""]","[""Mt. Carmel Games""]",False,True,False,False,success,game,299,299,0,USD,True,2.99,2.99,2026-09-12T13:53:43.742317+00:00,2025-10-07,2025-10-07,False,,20250911,2025-10,proportional_stratified_random_sample
1476,2870530,Battle Suit Aces,2025-10-07,2025-10,"[""Trinket Studios""]","[""Trinket Studios"",""Outersloth""]",False,True,True,False,success,game,1999,1999,0,USD,True,19.99,19.99,2026-09-12T14:05:05.841763+00:00,2025-10-07,2025-10-07,False,,20250911,2025-10,proportional_stratified_random_sample
1477,3214220,Steel Knight's ARMIS,2025-10-07,2025-10,"[""Izanami Game Lab, Inc."",""FORCES""]","[""Izanami Game Lab, Inc."",""FORCES""]",False,True,False,False,success,game,999,999,0,USD,True,9.99,9.99,2026-09-12T14:37:11.920877+00:00,2025-10-07,2025-10-07,False,,20250911,2025-10,proportional_stratified_random_sample
1478,3433230,The Gretlow Tapes,2025-10-07,2025-10,"[""Aegon Games""]","[""Aegon Games""]",False,True,False,False,success,game,999,999,0,USD,True,9.99,9.99,2026-09-12T15:11:57.469865+00:00,2025-10-07,2025-10-07,False,,20250911,2025-10,proportional_stratified_random_sample
1479,3814630,CanKendama,2025-10-07,2025-10,"[""Ima Create Co., Ltd.""]","[""Ima Create Co., Ltd.""]",True,True,False,False,success,game,,,,,False,,,2026-09-12T16:48:37.828969+00:00,2025-10-07,2025-10-07,False,,20250911,2025-10,proportional_stratified_random_sample
1480,3940250,Halloween 2048,2025-10-07,2025-10,"[""Grendel Enterprises, L.L.C.""]","[""Grendel Enterprises, L.L.C.""]",False,True,True,False,success,game,199,199,0,USD,True,1.99,1.99,2026-09-13T05:58:00.969616+00:00,2025-10-07,2025-10-07,False,,20250911,2025-10,proportional_stratified_random_sample
1481,3942700,KatanaHime,2025-10-07,2025-10,"[""Heuristic Forge""]","[""Heuristic Forge""]",False,True,False,True,success,game,99,99,0,USD,True,0.99,0.99,2026-09-13T05:58:58.507821+00:00,2025-10-07,2025-10-07,False,,20250911,2025-10,proportional_stratified_random_sample
1482,3942780,The Cute the Baldy and the Fluffy,2025-10-07,2025-10,"[""lightUP""]","[""lightUP""]",False,True,False,False,success,game,699,699,0,USD,True,6.99,6.99,2026-09-13T05:59:02.606367+00:00,2025-10-07,2025-10-07,False,,20250911,2025-10,proportional_stratified_random_sample
1483,3969700,RIBBITS,2025-10-07,2025-10,"[""ProDuckTion""]","[""ProDuckTion""]",True,True,False,False,success,game,,,,,False,,,2026-09-13T06:10:02.450645+00:00,2025-10-07,2025-10-07,False,,20250911,2025-10,proportional_stratified_random_sample
1484,3994290,Circle Shoot,2025-10-07,2025-10,"[""Deliciosa Game""]","[""Deliciosa Game""]",False,True,False,False,success,game,299,299,0,USD,True,2.99,2.99,2026-09-13T06:19:10.102175+00:00,2025-10-07,2025-10-07,False,,20250911,2025-10,proportional_stratified_random_sample
1485,4001140,Sandrotten: Ekera,2025-10-07,2025-10,"[""Sandrotten Studios""]","[""Sandrotten Studios""]",True,True,False,False,success,game,,,,,False,,,2026-09-13T06:21:58.976000+00:00,2025-10-07,2025-10-07,False,,20250911,2025-10,proportional_stratified_random_sample
1486,4006580,Geospatial Exploration - Explore the real world in 3D and VR,2025-10-07,2025-10,"[""Boemien""]","[""Boemien""]",False,True,False,False,success,game,1999,1999,0,USD,True,19.99,19.99,2026-09-13T06:24:06.510363+00:00,2025-10-07,2025-10-07,False,,20250911,2025-10,proportional_stratified_random_sample
1487,4019860,Iria,2025-10-07,2025-10,"[""Etamott""]","[""Etamott""]",True,True,False,False,success,game,,,,,False,,,2026-09-13T06:28:09.659531+00:00,2025-10-07,2025-10-07,False,,20250911,2025-10,proportional_stratified_random_sample
1488,2460920,ACRES,2025-10-08,2025-10,"[""Jimi Games""]","[""Jimi Games""]",False,True,False,False,success,game,1499,1499,0,USD,True,14.99,14.99,2026-09-12T13:44:24.284667+00:00,2025-10-08,2025-10-08,False,,20250911,2025-10,proportional_stratified_random_sample
1489,2909870,The Legacy,2025-10-08,2025-10,"[""Second Reality""]","[""RockGame S.A."",""RockGame Incubator""]",False,True,False,False,success,game,1499,899,40,USD,True,14.99,8.99,2026-09-12T14:08:06.276172+00:00,2025-10-08,2025-10-08,False,,20250911,2025-10,proportional_stratified_random_sample
1490,3168690,Toony's Daycare,2025-10-08,2025-10,"[""Little Ghost Games""]","[""Little Ghost Games""]",False,True,False,False,success,game,499,499,0,USD,True,4.99,4.99,2026-09-12T14:31:56.244095+00:00,2025-10-08,2025-10-08,False,,20250911,2025-10,proportional_stratified_random_sample
1491,3271880,Kano. Stone islands.,2025-10-08,2025-10,"[""Sirotkin Aleksandr""]","[""Sirotkin Aleksandr""]",False,True,False,False,success,game,299,299,0,USD,True,2.99,2.99,2026-09-12T14:43:03.505134+00:00,2025-10-08,2025-10-08,False,,20250911,2025-10,proportional_stratified_random_sample
1492,3305920,CubeyCollect,2025-10-08,2025-10,"[""Philipp Wittig""]","[""BBN Publishing""]",False,True,False,False,success,game,99,99,0,USD,True,0.99,0.99,2026-09-12T14:53:58.453105+00:00,2025-10-08,2025-10-08,False,,20250911,2025-10,proportional_stratified_random_sample
1493,3427500,Bat-Rush,2025-10-08,2025-10,"[""Random Nice Games""]","[""Random Nice Games""]",False,True,False,False,success,game,99,99,0,USD,True,0.99,0.99,2026-09-12T15:10:46.174605+00:00,2025-10-08,2025-10-08,False,,20250911,2025-10,proportional_stratified_random_sample
1494,3513000,Comfy Girl,2025-10-08,2025-10,"[""Unorthodox Box""]","[""Unorthodox Box""]",False,True,False,False,success,game,299,299,0,USD,True,2.99,2.99,2026-09-12T15:25:25.766644+00:00,2025-10-08,2025-10-08,False,,20250911,2025-10,proportional_stratified_random_sample
1495,3684010,3 Hell,2025-10-08,2025-10,"[""Bekvi""]","[""Tsh""]",False,True,False,False,success,game,399,399,0,USD,True,3.99,3.99,2026-09-12T16:04:44.439167+00:00,2025-10-08,2025-10-08,False,,20250911,2025-10,proportional_stratified_random_sample
1496,3697220,Project: Mortuus Astrum Playable Teaser ,2025-10-08,2025-10,"[""Khaled Chaya""]","[""Khaled Chaya""]",True,True,False,False,success,game,,,,,False,,,2026-09-12T16:08:39.438837+00:00,2025-10-08,2025-10-08,False,,20250911,2025-10,proportional_stratified_random_sample
1497,3757240,Zombies Attack,2025-10-08,2025-10,"[""Liao Kai"",""LKK GAME""]","[""Liao Kai""]",False,True,False,False,success,game,499,399,20,USD,True,4.99,3.99,2026-09-12T16:27:12.926308+00:00,2025-10-08,2025-10-08,False,,20250911,2025-10,proportional_stratified_random_sample
1498,3912150,Cosmic Rescue,2025-10-08,2025-10,"[""Esemte Games""]","[""Esemte Games""]",False,True,False,False,success,game,9999,9999,0,USD,True,99.99,99.99,2026-09-12T17:58:40.796775+00:00,2025-10-08,2025-10-08,False,,20250911,2025-10,proportional_stratified_random_sample
1499,3912160,Devil Laugh,2025-10-08,2025-10,"[""Esemte Games""]","[""Esemte Games""]",False,True,False,False,success,game,9999,9999,0,USD,True,99.99,99.99,2026-09-12T17:58:42.843120+00:00,2025-10-08,2025-10-08,False,,20250911,2025-10,proportional_stratified_random_sample
1500,3917910,Stars of Strife,2025-10-08,2025-10,"[""Sicur54""]","[""Sicur54""]",False,True,False,False,success,game,99,99,0,USD,True,0.99,0.99,2026-09-12T18:01:18.389051+00:00,2025-10-08,2025-10-08,False,,20250911,2025-10,proportional_stratified_random_sample
1501,3955280,Escape The Buildings,2025-10-08,2025-10,"[""Level Loop Studio""]","[""Level Loop Studio""]",False,True,False,False,success,game,99,99,0,USD,True,0.99,0.99,2026-09-13T06:04:31.203569+00:00,2025-10-08,2025-10-08,False,,20250911,2025-10,proportional_stratified_random_sample
1502,4002520,アルタイル号の殺人,2025-10-08,2025-10,"[""orange""]","[""orange""]",False,True,False,False,success,game,1099,1099,0,USD,True,10.99,10.99,2026-09-13T06:22:32.907010+00:00,2025-10-08,2025-10-08,False,,20250911,2025-10,proportional_stratified_random_sample
1503,4019890,Wuxing Summoner,2025-10-08,2025-10,"[""simmirror""]","[""simmirror""]",False,True,False,False,success,game,19999,19999,0,USD,True,199.99,199.99,2026-09-13T06:28:11.683266+00:00,2025-10-08,2025-10-08,False,,20250911,2025-10,proportional_stratified_random_sample
1504,4023250,Proto-GO-a,2025-10-08,2025-10,"[""Allen B. Moore""]","[""Allen B. Moore""]",False,True,True,False,success,game,299,299,0,USD,True,2.99,2.99,2026-09-13T06:29:33.098505+00:00,2025-10-08,2025-10-08,False,,20250911,2025-10,proportional_stratified_random_sample
1505,4034240,Primora,2025-10-08,2025-10,"[""Onecraft Forge""]","[""Onecraft Forge""]",False,True,False,False,success,game,499,499,0,USD,True,4.99,4.99,2026-09-13T06:32:56.523293+00:00,2025-10-08,2025-10-08,False,,20250911,2025-10,proportional_stratified_random_sample
1506,4038000,Don’t Make Her Open Her Eyes!,2025-10-08,2025-10,"[""Velvet Rot Games""]","[""Velvet Rot Games""]",False,True,True,True,success,game,299,299,0,USD,True,2.99,2.99,2026-09-13T06:34:12.832281+00:00,2025-10-08,2025-10-08,False,,20250911,2025-10,proportional_stratified_random_sample
1507,1456570,PixelJunk™ Eden 2,2025-10-09,2025-10,"[""Q-Games Ltd.""]","[""Q-Games Ltd.""]",False,True,False,False,success,game,1499,1499,0,USD,True,14.99,14.99,2026-09-12T13:06:45.596443+00:00,2025-10-09,2025-10-09,False,,20250911,2025-10,proportional_stratified_random_sample
1508,2000970,Beacon of Neyda,2025-10-09,2025-10,"[""Ghost Creative Studio""]","[""Ghost Creative Studio""]",False,True,False,True,success,game,1499,1199,20,USD,True,14.99,11.99,2026-09-12T13:21:20.702743+00:00,2025-10-09,2025-10-09,False,,20250911,2025-10,proportional_stratified_random_sample
1509,2243700,Isle of Leil,2025-10-09,2025-10,"[""Curtis Hawes""]",,False,True,False,False,success,game,1199,1199,0,USD,True,11.99,11.99,2026-09-12T13:34:37.469081+00:00,2025-10-09,2025-10-09,False,,20250911,2025-10,proportional_stratified_random_sample
1510,3451500,Car Guys,2025-10-09,2025-10,"[""Ruben Alcañiz""]","[""Ruben Alcañiz""]",False,True,True,False,success,game,599,599,0,USD,True,5.99,5.99,2026-09-12T15:15:32.689324+00:00,2025-10-09,2025-10-09,False,,20250911,2025-10,proportional_stratified_random_sample
1511,3484190,Bits and Boards - Game Store Simulator,2025-10-09,2025-10,"[""Nicolash Games""]","[""Nicolash Games""]",False,True,False,False,success,game,1199,1199,0,USD,True,11.99,11.99,2026-09-12T15:21:04.151885+00:00,2025-10-09,2025-10-09,False,,20250911,2025-10,proportional_stratified_random_sample
1512,3561230,Dreams of Another,2025-10-09,2025-10,"[""Q-Games Ltd.""]","[""Q-Games Ltd.""]",False,True,False,False,success,game,3499,3499,0,USD,True,34.99,34.99,2026-09-12T15:33:58.025607+00:00,2025-10-09,2025-10-09,False,,20250911,2025-10,proportional_stratified_random_sample
1513,3690060,ジャンクノーツ / JUNK NOTES,2025-10-09,2025-10,"[""Jloo""]","[""Sub:06""]",False,True,False,False,success,game,399,399,0,USD,True,3.99,3.99,2026-09-12T16:06:51.974141+00:00,2025-10-09,2025-10-09,False,,20250911,2025-10,proportional_stratified_random_sample
1514,3814580,Subway Exit,2025-10-09,2025-10,"[""SmallBigSquare""]","[""SmallBigSquare""]",False,True,False,False,success,game,299,299,0,USD,True,2.99,2.99,2026-09-12T16:48:31.386899+00:00,2025-10-09,2025-10-09,False,,20250911,2025-10,proportional_stratified_random_sample
1515,3832360,鱼自会上钩 EffortlessCatch,2025-10-09,2025-10,"[""JLL""]","[""JLL""]",False,True,True,False,success,game,199,199,0,USD,True,1.99,1.99,2026-09-12T16:58:16.734290+00:00,2025-10-09,2025-10-09,False,,20250911,2025-10,proportional_stratified_random_sample
1516,3898000,Dobro Goranku,2025-10-09,2025-10,"[""Moonlabs""]","[""Moonlabs""]",True,True,True,False,success,game,,,,,False,,,2026-09-12T17:52:44.341616+00:00,2025-10-09,2025-10-09,False,,20250911,2025-10,proportional_stratified_random_sample
1517,4014630,Flute of Gobelin,2025-10-09,2025-10,"[""MadDevStudios""]","[""MadDevStudios"",""GoGo Games Interactive""]",False,True,False,False,success,game,499,499,0,USD,True,4.99,4.99,2026-09-13T06:26:22.683281+00:00,2025-10-09,2025-10-09,False,,20250911,2025-10,proportional_stratified_random_sample
1518,4030310,Sweet Dreams,2025-10-09,2025-10,"[""1987xclusive""]","[""1987xclusive""]",True,True,False,False,success,game,,,,,False,,,2026-09-13T06:31:33.237670+00:00,2025-10-09,2025-10-09,False,,20250911,2025-10,proportional_stratified_random_sample
1519,4036810,Monster Market Simulator Modavuj Multiplayer,2025-10-09,2025-10,"[""Modavuj Games""]","[""Modavuj Games""]",False,True,False,False,success,game,99,99,0,USD,True,0.99,0.99,2026-09-13T06:33:47.598212+00:00,2025-10-09,2025-10-09,False,,20250911,2025-10,proportional_stratified_random_sample
1520,4040220,Mad Stacks,2025-10-09,2025-10,"[""TomerBARZ""]","[""TomerBARZ""]",False,True,False,False,success,game,250,250,0,USD,True,2.5,2.5,2026-09-13T06:35:01.979438+00:00,2025-10-09,2025-10-09,False,,20250911,2025-10,proportional_stratified_random_sample
1521,4041900,Haze,2025-10-09,2025-10,"[""CLS Studio""]","[""CLS Studio""]",True,True,False,False,success,game,,,,,False,,,2026-09-13T06:35:44.213958+00:00,2025-10-09,2025-10-09,False,,20250911,2025-10,proportional_stratified_random_sample
1522,1191050,MotoTrials,2025-10-10,2025-10,"[""Proud Arts""]","[""Proud Arts""]",False,True,False,False,success,game,999,999,0,USD,True,9.99,9.99,2026-09-12T13:02:59.690405+00:00,2025-10-10,2025-10-10,False,,20250911,2025-10,proportional_stratified_random_sample
1523,1961590,Endure: The Middle Age,2025-10-10,2025-10,"[""FeSeGo""]","[""FeSeGo""]",True,True,False,False,success,game,,,,,False,,,2026-09-12T13:17:09.702066+00:00,2025-10-10,2025-10-10,False,,20250911,2025-10,proportional_stratified_random_sample
1524,2060160,The Farmer Was Replaced,2025-10-10,2025-10,"[""Timon Herzog""]","[""Metaroot"",""Timon Herzog""]",False,True,True,False,success,game,999,799,20,USD,True,9.99,7.99,2026-09-12T13:22:15.962889+00:00,2025-10-10,2025-10-10,False,,20250911,2025-10,proportional_stratified_random_sample
1525,2115390,Project Unknown,2025-10-10,2025-10,"[""PsychoRavens""]","[""Nightmare Studios""]",False,True,False,False,success,game,999,999,0,USD,True,9.99,9.99,2026-09-12T13:30:14.142339+00:00,2025-10-10,2025-10-10,False,,20250911,2025-10,proportional_stratified_random_sample
1526,2208840,Amazing Space,2025-10-10,2025-10,"[""Playbosh Games Entertainment UG (haftungsbeschränkt)""]","[""Playbosh Games Entertainment UG (haftungsbeschränkt)""]",False,True,False,False,success,game,199,199,0,USD,True,1.99,1.99,2026-09-12T13:33:27.791884+00:00,2025-10-10,2025-10-10,False,,20250911,2025-10,proportional_stratified_random_sample
1527,2279440,Soul Mates,2025-10-10,2025-10,"[""Sad Panda Studios""]","[""Sad Panda Studios""]",False,True,True,True,success,game,1299,1299,0,USD,True,12.99,12.99,2026-09-12T13:35:54.917639+00:00,2025-10-10,2025-10-10,False,,20250911,2025-10,proportional_stratified_random_sample
1528,2588400,Robokid,2025-10-10,2025-10,"[""novaRayX""]","[""novaRayX""]",False,True,False,False,success,game,99,99,0,USD,True,0.99,0.99,2026-09-12T13:49:55.662190+00:00,2025-10-10,2025-10-10,False,,20250911,2025-10,proportional_stratified_random_sample
1529,2786660,Barbie™ Horse Trails,2025-10-10,2025-10,"[""PHL Collective""]","[""Outright Games Ltd.""]",False,True,False,False,success,game,3999,3999,0,USD,True,39.99,39.99,2026-09-12T13:59:42.291095+00:00,2025-10-10,2025-10-10,False,,20250911,2025-10,proportional_stratified_random_sample
1530,3038530,NikNaks,2025-10-10,2025-10,"[""Boombot"",""Etheral Games""]","[""Boombot"",""Etheral Games""]",False,True,False,False,success,game,999,999,0,USD,True,9.99,9.99,2026-09-12T14:18:56.373340+00:00,2025-10-10,2025-10-10,False,,20250911,2025-10,proportional_stratified_random_sample
1531,3052320,Ground Mine Girl ,2025-10-10,2025-10,"[""NaughtyGate""]","[""NaughtyGate""]",False,True,False,False,success,game,499,499,0,USD,True,4.99,4.99,2026-09-12T14:20:13.065335+00:00,2025-10-10,2025-10-10,False,,20250911,2025-10,proportional_stratified_random_sample
1532,3154800,Football Pitch Simulator,2025-10-10,2025-10,"[""Incipient Day""]","[""PlayWay S.A.""]",False,True,True,False,success,game,999,999,0,USD,True,9.99,9.99,2026-09-12T14:30:41.612694+00:00,2025-10-10,2025-10-10,False,,20250911,2025-10,proportional_stratified_random_sample
1533,3276960,Sorcery Slam,2025-10-10,2025-10,"[""Earth Shatter Games""]","[""Earth Shatter Games""]",False,True,False,False,success,game,999,999,0,USD,True,9.99,9.99,2026-09-12T14:43:54.688261+00:00,2025-10-10,2025-10-10,False,,20250911,2025-10,proportional_stratified_random_sample
1534,3282690,RoundZ,2025-10-10,2025-10,"[""GG Interactive""]","[""GG Interactive""]",False,True,False,False,success,game,499,499,0,USD,True,4.99,4.99,2026-09-12T14:51:04.915495+00:00,2025-10-10,2025-10-10,False,,20250911,2025-10,proportional_stratified_random_sample
1535,3328180,Snoopy & The Great Mystery Club,2025-10-10,2025-10,"[""Cradle Games""]","[""GameMill Entertainment""]",False,True,False,False,success,game,3999,1799,55,USD,True,39.99,17.99,2026-09-12T14:56:09.489247+00:00,2025-10-10,2025-10-10,False,,20250911,2025-10,proportional_stratified_random_sample
1536,3374840,Piss Off,2025-10-10,2025-10,"[""Emmanuel Crispi""]","[""PolyMess""]",False,True,False,False,success,game,2000,2000,0,USD,True,20.0,20.0,2026-09-12T15:02:59.131744+00:00,2025-10-10,2025-10-10,False,,20250911,2025-10,proportional_stratified_random_sample
1537,3625280,Alive,2025-10-10,2025-10,"[""Sonia Borderguard"",""Borderguard Game""]","[""Borderguard Game""]",False,True,False,False,success,game,300,300,0,USD,True,3.0,3.0,2026-09-12T15:48:18.127586+00:00,2025-10-10,2025-10-10,False,,20250911,2025-10,proportional_stratified_random_sample
1538,3685920,Quetzal - Card Battle TCG,2025-10-10,2025-10,"[""Sandbag Games""]","[""Sandbag Games""]",True,True,False,False,success,game,,,,,False,,,2026-09-12T16:05:18.216237+00:00,2025-10-10,2025-10-10,False,,20250911,2025-10,proportional_stratified_random_sample
1539,3688930,Myrath's Curse,2025-10-10,2025-10,"[""TavernKey""]","[""Gigantic G""]",False,True,False,False,success,game,199,199,0,USD,True,1.99,1.99,2026-09-12T16:06:22.036284+00:00,2025-10-10,2025-10-10,False,,20250911,2025-10,proportional_stratified_random_sample
1540,3841040,Lilialette's Hustle: Getting My Hands Dirty to Save My Guild,2025-10-10,2025-10,"[""P.+""]","[""Kagura Games""]",False,True,False,False,success,game,1299,1299,0,USD,True,12.99,12.99,2026-09-12T17:08:30.550227+00:00,2025-10-10,2025-10-10,False,,20250911,2025-10,proportional_stratified_random_sample
1541,3844910,Historic Helix,2025-10-10,2025-10,"[""Tonkers Tinkers""]","[""Tonkers Tinkers""]",False,True,False,False,success,game,699,699,0,USD,True,6.99,6.99,2026-09-12T17:11:01.464471+00:00,2025-10-10,2025-10-10,False,,20250911,2025-10,proportional_stratified_random_sample
1542,3895030,Blue Hawaii Aniki's Soft Ore Demand vol.1,2025-10-10,2025-10,"[""Kirishima Shoichi""]","[""Kirishima Shoichi""]",False,True,False,False,success,game,899,899,0,USD,True,8.99,8.99,2026-09-12T17:51:02.697080+00:00,2025-10-10,2025-10-10,False,,20250911,2025-10,proportional_stratified_random_sample
1543,3949750,(BURIED TAPES) The Parking,2025-10-10,2025-10,"[""LIAR MANNEQUIN""]","[""LIAR MANNEQUIN""]",True,True,True,False,success,game,,,,,False,,,2026-09-13T06:01:56.402967+00:00,2025-10-10,2025-10-10,False,,20250911,2025-10,proportional_stratified_random_sample
1544,3967950,Spookie Dookie,2025-10-10,2025-10,"[""Silly Studioz""]","[""Silly Studioz""]",False,True,False,False,success,game,399,399,0,USD,True,3.99,3.99,2026-09-13T06:09:36.917624+00:00,2025-10-10,2025-10-10,False,,20250911,2025-10,proportional_stratified_random_sample
1545,3984670,My Local Bee Cult,2025-10-10,2025-10,"[""SlimeInSpace""]","[""SlimeInSpace""]",False,True,False,False,success,game,199,199,0,USD,True,1.99,1.99,2026-09-13T06:15:27.644201+00:00,2025-10-10,2025-10-10,False,,20250911,2025-10,proportional_stratified_random_sample
1546,4018910,Twins of the Sun,2025-10-10,2025-10,"[""COMMANDO PANDA""]","[""COMMANDO PANDA""]",False,True,False,False,success,game,999,999,0,USD,True,9.99,9.99,2026-09-13T06:27:59.008451+00:00,2025-10-10,2025-10-10,False,,20250911,2025-10,proportional_stratified_random_sample
1547,4038570,Shopping Cart Pusher,2025-10-10,2025-10,"[""Jack Li""]","[""Jack Li""]",False,True,True,False,success,game,299,299,0,USD,True,2.99,2.99,2026-09-13T06:34:21.430871+00:00,2025-10-10,2025-10-10,False,,20250911,2025-10,proportional_stratified_random_sample
1548,4040240,Gocha Sura Dash: Countdown Puzzle,2025-10-10,2025-10,"[""G2PLHAS""]","[""G2PLHAS""]",False,True,False,False,success,game,399,399,0,USD,True,3.99,3.99,2026-09-13T06:35:04.030753+00:00,2025-10-10,2025-10-10,False,,20250911,2025-10,proportional_stratified_random_sample
1549,4043270,EmberStride,2025-10-10,2025-10,"[""Sharkgame""]","[""Gamesforgames""]",False,True,False,False,success,game,2999,149,95,USD,True,29.99,1.49,2026-09-13T06:36:17.871201+00:00,2025-10-10,2025-10-10,False,,20250911,2025-10,proportional_stratified_random_sample
1550,4047290,机械傀儡(DollMachine),2025-10-10,2025-10,"[""小正也要当up""]","[""小正也要当up""]",False,True,False,False,success,game,99,99,0,USD,True,0.99,0.99,2026-09-13T06:37:15.329825+00:00,2025-10-10,2025-10-10,False,,20250911,2025-10,proportional_stratified_random_sample
1551,4052780,The Invasive Plant,2025-10-10,2025-10,"[""Zhengyu Ye""]","[""Zhengyu Ye""]",False,True,False,False,success,game,99,99,0,USD,True,0.99,0.99,2026-09-13T06:39:18.434359+00:00,2025-10-10,2025-10-10,False,,20250911,2025-10,proportional_stratified_random_sample
1552,4056230,Cosmic Cargo,2025-10-10,2025-10,"[""Wormhole Wizards""]","[""DigiPen Institute of Technology""]",True,True,False,False,success,game,,,,,False,,,2026-09-13T06:40:41.575776+00:00,2025-10-10,2025-10-10,False,,20250911,2025-10,proportional_stratified_random_sample
1553,3114280,Eternal ONE,2025-10-11,2025-10,"[""HOONDAHL STUDIOS LTD""]","[""HOONDAHL STUDIOS LTD""]",False,True,False,False,success,game,499,499,0,USD,True,4.99,4.99,2026-09-12T14:26:53.370098+00:00,2025-10-11,2025-10-11,False,,20250911,2025-10,proportional_stratified_random_sample
1554,3359910,KIZUNA ENCOUNTER: SUPER TAG BATTLE,2025-10-11,2025-10,"[""Code Mystics""]","[""SNK  CORPORATION""]",False,True,False,False,success,game,1999,1999,0,USD,True,19.99,19.99,2026-09-12T15:00:22.975708+00:00,2025-10-11,2025-10-11,False,,20250911,2025-10,proportional_stratified_random_sample
1555,3885290,Go! Sloth,2025-10-11,2025-10,"[""PicoHatch""]","[""PicoHatch""]",False,True,False,False,success,game,99,99,0,USD,True,0.99,0.99,2026-09-12T17:46:02.733060+00:00,2025-10-11,2025-10-11,False,,20250911,2025-10,proportional_stratified_random_sample
1556,4030060,Why Is Driving So Hard?,2025-10-11,2025-10,"[""SteleDev""]","[""Fallen Games""]",False,True,False,False,success,game,499,499,0,USD,True,4.99,4.99,2026-09-13T06:31:28.982906+00:00,2025-10-11,2025-10-11,False,,20250911,2025-10,proportional_stratified_random_sample
1557,4035390,Alexia Zero,2025-10-11,2025-10,"[""YJ""]","[""YJ""]",False,True,False,False,success,game,299,299,0,USD,True,2.99,2.99,2026-09-13T06:33:26.063147+00:00,2025-10-11,2025-10-11,False,,20250911,2025-10,proportional_stratified_random_sample
1558,4042190,Lola Maria,2025-10-11,2025-10,"[""Kallim Studio""]","[""Kallim Studio""]",False,True,False,False,success,game,599,599,0,USD,True,5.99,5.99,2026-09-13T06:35:52.574165+00:00,2025-10-11,2025-10-11,False,,20250911,2025-10,proportional_stratified_random_sample
1559,3787000,Fading Lights,2025-10-12,2025-10,"[""Dimlight Devs""]","[""Fh-Salzburg""]",True,True,False,True,success,game,,,,,False,,,2026-09-12T16:36:02.577431+00:00,2025-10-12,2025-10-12,False,,20250911,2025-10,proportional_stratified_random_sample
1560,3863130,Galduen of the Void,2025-10-12,2025-10,"[""AzurDev""]","[""Azurdev""]",True,True,False,True,success,game,,,,,False,,,2026-09-12T17:34:46.192001+00:00,2025-10-12,2025-10-12,False,,20250911,2025-10,proportional_stratified_random_sample
1561,3911880,ESKAPI,2025-10-12,2025-10,"[""NO-BRAINER""]","[""NO-BRAINER""]",False,True,False,False,success,game,699,699,0,USD,True,6.99,6.99,2026-09-12T17:58:34.554926+00:00,2025-10-12,2025-10-12,False,,20250911,2025-10,proportional_stratified_random_sample
1562,4018050,K-Pattern Master,2025-10-12,2025-10,"[""FunPick""]","[""FunPick""]",False,True,False,False,success,game,499,499,0,USD,True,4.99,4.99,2026-09-13T06:27:37.370620+00:00,2025-10-12,2025-10-12,False,,20250911,2025-10,proportional_stratified_random_sample
1563,4020970,You Were There -君はそこにいた-,2025-10-12,2025-10,"[""MATRE""]","[""MATRE""]",True,True,False,False,success,game,,,,,False,,,2026-09-13T06:28:30.850937+00:00,2025-10-12,2025-10-12,False,,20250911,2025-10,proportional_stratified_random_sample
1564,4039490,The Versailles Village,2025-10-12,2025-10,"[""Naeim Akbari"",""Kenan Dereli""]","[""Kenan Dereli""]",False,True,True,True,success,game,999,999,0,USD,True,9.99,9.99,2026-09-13T06:34:51.096170+00:00,2025-10-12,2025-10-12,False,,20250911,2025-10,proportional_stratified_random_sample
1565,4049140,The House She Haunts,2025-10-12,2025-10,"[""Patrick J. Stover""]","[""Lazer Raptor Games""]",False,True,False,False,success,game,150,150,0,USD,True,1.5,1.5,2026-09-13T06:37:53.355067+00:00,2025-10-12,2025-10-12,False,,20250911,2025-10,proportional_stratified_random_sample
1566,4051050,Genesis,2025-10-12,2025-10,"[""Ayden DeBoer"",""Ben DeBoer""]","[""Ayden DeBoer""]",True,True,False,False,success,game,,,,,False,,,2026-09-13T06:38:42.173268+00:00,2025-10-12,2025-10-12,False,,20250911,2025-10,proportional_stratified_random_sample
1567,533610,Jet Gunner: Refueled,2025-10-13,2025-10,"[""Sinclair Strange""]","[""Clickteam ""]",False,True,False,False,success,game,599,599,0,USD,True,5.99,5.99,2026-09-12T12:51:55.450961+00:00,2025-10-13,2025-10-13,False,,20250911,2025-10,proportional_stratified_random_sample
1568,1386750,Spindle,2025-10-13,2025-10,"[""Wobble Ghost""]","[""Deck13"",""Gamersky Games""]",False,True,True,True,success,game,1999,1999,0,USD,True,19.99,19.99,2026-09-12T13:05:18.076872+00:00,2025-10-13,2025-10-13,False,,20250911,2025-10,proportional_stratified_random_sample
1569,3612610,Stackmancy,2025-10-13,2025-10,"[""Quirky Duck Studios""]","[""Quirky Duck Studios""]",False,True,False,False,success,game,299,299,0,USD,True,2.99,2.99,2026-09-12T15:44:57.890477+00:00,2025-10-13,2025-10-13,False,,20250911,2025-10,proportional_stratified_random_sample
1570,3704300,FIND ALL 9: Fantasy,2025-10-13,2025-10,"[""Very Very LITTLE Studio""]","[""Very Very LITTLE Studio""]",False,True,True,True,success,game,199,147,26,USD,True,1.99,1.47,2026-09-12T16:10:26.417069+00:00,2025-10-13,2025-10-13,False,,20250911,2025-10,proportional_stratified_random_sample
1571,4015300,LIMINAL WATERS - ENHANCED EDITION,2025-10-13,2025-10,"[""DK Productions"",""Silent Snake""]","[""DK Productions""]",False,True,False,False,success,game,949,949,0,USD,True,9.49,9.49,2026-09-13T06:26:37.808148+00:00,2025-10-13,2025-10-13,False,,20250911,2025-10,proportional_stratified_random_sample
1572,4037590,Rocks In Space,2025-10-13,2025-10,"[""T's Gaming Emporium""]","[""T's Gaming Emporium""]",False,True,True,False,success,game,99,99,0,USD,True,0.99,0.99,2026-09-13T06:34:04.511469+00:00,2025-10-13,2025-10-13,False,,20250911,2025-10,proportional_stratified_random_sample
1573,4045970,Farm Simulator,2025-10-13,2025-10,"[""B.B.B.Games""]","[""B.B.B.Games""]",False,True,True,True,success,game,300,300,0,USD,True,3.0,3.0,2026-09-13T06:36:58.287809+00:00,2025-10-13,2025-10-13,False,,20250911,2025-10,proportional_stratified_random_sample
1574,4052630,Boss Battle Arena,2025-10-13,2025-10,"[""PixelPrimacy""]","[""PixelPrimacy""]",False,True,False,False,success,game,99,99,0,USD,True,0.99,0.99,2026-09-13T06:39:16.228519+00:00,2025-10-13,2025-10-13,False,,20250911,2025-10,proportional_stratified_random_sample
1575,3385250,ラビィとパネルでしりとり,2025-10-14,2025-10,"[""LabyLab""]","[""LabyLab""]",False,True,False,False,success,game,399,399,0,USD,True,3.99,3.99,2026-09-12T15:04:29.831326+00:00,2025-10-14,2025-10-14,False,,20250911,2025-10,proportional_stratified_random_sample
1576,3688320,Alphabet Hero(알파벳 용사),2025-10-14,2025-10,"[""ZINON""]","[""ZINON""]",True,True,False,False,success,game,,,,,False,,,2026-09-12T16:06:02.722460+00:00,2025-10-14,2025-10-14,False,,20250911,2025-10,proportional_stratified_random_sample
1577,3720260,Frogdoku,2025-10-14,2025-10,"[""Digital Scorpion Interactive""]","[""Digital Scorpion Interactive""]",False,True,False,False,success,game,399,399,0,USD,True,3.99,3.99,2026-09-12T16:16:34.936544+00:00,2025-10-14,2025-10-14,False,,20250911,2025-10,proportional_stratified_random_sample
1578,3852180,Hexateria,2025-10-14,2025-10,"[""Jakub Nejman""]","[""Jakub Nejman""]",False,True,False,False,success,game,1499,1499,0,USD,True,14.99,14.99,2026-09-12T17:14:29.690275+00:00,2025-10-14,2025-10-14,False,,20250911,2025-10,proportional_stratified_random_sample
1579,3899640,Roman Rumble,2025-10-14,2025-10,"[""E-motion Studio""]","[""E-motion Studio""]",True,True,False,False,success,game,,,,,False,,,2026-09-12T17:53:39.549233+00:00,2025-10-14,2025-10-14,False,,20250911,2025-10,proportional_stratified_random_sample
1580,3926820,"Eyes & Hearts, Corazones y Ojos",2025-10-14,2025-10,"[""Eyal Hazor""]","[""Daniel Song""]",False,True,False,True,success,game,199,199,0,USD,True,1.99,1.99,2026-09-13T05:52:30.949278+00:00,2025-10-14,2025-10-14,False,,20250911,2025-10,proportional_stratified_random_sample
1581,3929740,Tom Clancy's Splinter Cell: Pandora Tomorrow,2025-10-14,2025-10,"[""Ubisoft""]","[""Ubisoft""]",False,True,False,False,success,game,999,999,0,USD,True,9.99,9.99,2026-09-13T05:53:58.730269+00:00,2025-10-14,2025-10-14,False,,20250911,2025-10,proportional_stratified_random_sample
1582,3933530,Puzzle Everything,2025-10-14,2025-10,"[""Greystone Gaming""]","[""Greystone Gaming""]",False,True,False,False,success,game,499,499,0,USD,True,4.99,4.99,2026-09-13T05:55:25.065210+00:00,2025-10-14,2025-10-14,False,,20250911,2025-10,proportional_stratified_random_sample
1583,3977490,Crush Point,2025-10-14,2025-10,"[""HTK Dev""]","[""HTK Dev""]",False,True,False,False,success,game,399,399,0,USD,True,3.99,3.99,2026-09-13T06:12:23.934441+00:00,2025-10-14,2025-10-14,False,,20250911,2025-10,proportional_stratified_random_sample
1584,4041800,Mystic Archipelago,2025-10-14,2025-10,"[""Clim-bot""]","[""Clim-bot""]",False,True,False,False,success,game,499,499,0,USD,True,4.99,4.99,2026-09-13T06:35:38.067181+00:00,2025-10-14,2025-10-14,False,,20250911,2025-10,proportional_stratified_random_sample
1585,4045150,FEEDING YUYUKO,2025-10-14,2025-10,"[""LancerKoi""]","[""白夜星象馆""]",False,True,False,False,success,game,99,99,0,USD,True,0.99,0.99,2026-09-13T06:36:45.311543+00:00,2025-10-14,2025-10-14,False,,20250911,2025-10,proportional_stratified_random_sample
1586,4055860,RATMOUSE,2025-10-14,2025-10,"[""ZOOPGAR""]","[""ZOOPGAR""]",True,True,False,False,success,game,,,,,False,,,2026-09-13T06:40:24.307796+00:00,2025-10-14,2025-10-14,False,,20250911,2025-10,proportional_stratified_random_sample
1587,4067390,LuminousStoria,2025-10-14,2025-10,"[""SmileForeverStudio""]","[""SmileForeverStudio""]",False,True,False,False,success,game,1399,1399,0,USD,True,13.99,13.99,2026-09-13T06:43:48.794112+00:00,2025-10-14,2025-10-14,False,,20250911,2025-10,proportional_stratified_random_sample
1588,2515280,Slap Fighter,2025-10-15,2025-10,"[""Curious Games""]","[""Curious Games""]",False,True,False,False,success,game,1499,1499,0,USD,True,14.99,14.99,2026-09-12T13:46:56.742880+00:00,2025-10-15,2025-10-15,False,,20250911,2025-10,proportional_stratified_random_sample
1589,2727660,GlitchSPANKR,2025-10-15,2025-10,"[""Mahelyk"",""TheClassifiedX""]","[""Black Lantern Collective"",""TheClassifiedX""]",False,True,False,False,success,game,1999,699,65,USD,True,19.99,6.99,2026-09-12T13:56:33.093966+00:00,2025-10-15,2025-10-15,False,,20250911,2025-10,proportional_stratified_random_sample
1590,2893530,Pillaged Village: Humbled by Savages,2025-10-15,2025-10,"[""Kegani Lab""]","[""Shiravune"",""Co-FUN Games""]",False,True,False,False,success,game,1499,1049,30,USD,True,14.99,10.49,2026-09-12T14:06:37.785265+00:00,2025-10-15,2025-10-15,False,,20250911,2025-10,proportional_stratified_random_sample
1591,3594280,AVTale,2025-10-15,2025-10,"[""OnePersonDevelopment""]","[""OnePersonDevelopment""]",False,True,False,False,success,game,499,499,0,USD,True,4.99,4.99,2026-09-12T15:41:18.455023+00:00,2025-10-15,2025-10-15,False,,20250911,2025-10,proportional_stratified_random_sample
1592,3603870,Raccateer,2025-10-15,2025-10,"[""Nathan Laird"",""3StandardYardSticks""]","[""3StandardYardSticks""]",False,True,True,False,success,game,599,599,0,USD,True,5.99,5.99,2026-09-12T15:43:00.843181+00:00,2025-10-15,2025-10-15,False,,20250911,2025-10,proportional_stratified_random_sample
1593,3746510,3D PUZZLE - Mountain Life,2025-10-15,2025-10,"[""PUZZLE Games""]","[""Hede""]",False,True,False,False,success,game,19999,19999,0,USD,True,199.99,199.99,2026-09-12T16:23:36.518181+00:00,2025-10-15,2025-10-15,False,,20250911,2025-10,proportional_stratified_random_sample
1594,3779680,VR Boxing: Champion's Forge​,2025-10-15,2025-10,"[""白龙乐园""]","[""白龙乐园""]",False,True,False,False,success,game,1599,1599,0,USD,True,15.99,15.99,2026-09-12T16:33:47.674831+00:00,2025-10-15,2025-10-15,False,,20250911,2025-10,proportional_stratified_random_sample
1595,3801500,Neffy -Moonlight Labyrinth X-,2025-10-15,2025-10,"[""TOM CREATE CO.,LTD.""]","[""TOM CREATE CO.,LTD.""]",False,True,False,True,success,game,1499,1499,0,USD,True,14.99,14.99,2026-09-12T16:41:43.654566+00:00,2025-10-15,2025-10-15,False,,20250911,2025-10,proportional_stratified_random_sample
1596,3838710,H2My Park Game,2025-10-15,2025-10,"[""Michael Szonn""]","[""Michael Szonn""]",False,True,False,False,success,game,899,899,0,USD,True,8.99,8.99,2026-09-12T17:07:19.757053+00:00,2025-10-15,2025-10-15,False,,20250911,2025-10,proportional_stratified_random_sample
1597,3885360,Valoris,2025-10-15,2025-10,"[""SUPER ESPORTS""]","[""SUPER ESPORTS""]",False,True,False,False,success,game,299,299,0,USD,True,2.99,2.99,2026-09-12T17:46:04.736028+00:00,2025-10-15,2025-10-15,False,,20250911,2025-10,proportional_stratified_random_sample
1598,3932650,Don't Fowl Down,2025-10-15,2025-10,"[""Seblin Games""]","[""Seblin Games""]",False,True,False,False,success,game,399,399,0,USD,True,3.99,3.99,2026-09-13T05:55:01.612453+00:00,2025-10-15,2025-10-15,False,,20250911,2025-10,proportional_stratified_random_sample
1599,3952050,Turtle Game,2025-10-15,2025-10,"[""It From Bit Co., Ltd.""]","[""It From Bit Co., Ltd.""]",False,True,True,False,success,game,299,299,0,USD,True,2.99,2.99,2026-09-13T06:03:06.419283+00:00,2025-10-15,2025-10-15,False,,20250911,2025-10,proportional_stratified_random_sample
1600,3957270,Bozimer's Rage Game,2025-10-15,2025-10,"[""ByteBrine""]","[""ByteBrine""]",False,True,False,False,success,game,199,199,0,USD,True,1.99,1.99,2026-09-13T06:05:23.882699+00:00,2025-10-15,2025-10-15,False,,20250911,2025-10,proportional_stratified_random_sample
1601,4007780,Autumn Rail,2025-10-15,2025-10,"[""Calamity Maid""]","[""Calamity Maid""]",False,True,True,False,success,game,599,599,0,USD,True,5.99,5.99,2026-09-13T06:24:32.387539+00:00,2025-10-15,2025-10-15,False,,20250911,2025-10,proportional_stratified_random_sample
1602,4029210,WAVEBEAM,2025-10-15,2025-10,"[""Ryan Collins""]","[""Ryan Collins""]",True,True,True,False,success,game,,,,,False,,,2026-09-13T06:31:18.291769+00:00,2025-10-15,2025-10-15,False,,20250911,2025-10,proportional_stratified_random_sample
1603,4032260,Rock Clicker,2025-10-15,2025-10,"[""Gamedojo.app""]","[""Gamedojo.app""]",True,True,False,False,success,game,,,,,False,,,2026-09-13T06:32:09.468263+00:00,2025-10-15,2025-10-15,False,,20250911,2025-10,proportional_stratified_random_sample
1604,4067540,Vacubot,2025-10-15,2025-10,"[""Ohbit""]","[""Ohbit""]",True,True,False,False,success,game,,,,,False,,,2026-09-13T06:43:59.470636+00:00,2025-10-15,2025-10-15,False,,20250911,2025-10,proportional_stratified_random_sample
1605,444930,Zaccaria Pinball,2025-10-16,2025-10,"[""Magic Pixel Kft.""]","[""Magic Pixel Kft.""]",True,True,True,True,success,game,,,,,False,,,2026-09-12T12:51:42.741808+00:00,2025-10-16,2025-10-16,False,,20250911,2025-10,proportional_stratified_random_sample
1606,2352620,Fellowship,2025-10-16,2025-10,"[""Chief Rebel""]","[""Coffee Stain Publishing"",""Arc Games""]",False,True,False,False,success,game,2499,2499,0,USD,True,24.99,24.99,2026-09-12T13:39:00.847724+00:00,2025-10-16,2025-10-16,False,,20250911,2025-10,proportional_stratified_random_sample
1607,3167020,Escape From Duckov,2025-10-16,2025-10,"[""Team Soda""]","[""bilibili""]",False,True,True,False,success,game,1799,1799,0,USD,True,17.99,17.99,2026-09-12T14:31:45.243640+00:00,2025-10-16,2025-10-16,False,,20250911,2025-10,proportional_stratified_random_sample
1608,3354320,Game for Aliens,2025-10-16,2025-10,"[""nogagong""]","[""nogagong""]",True,True,False,False,success,game,,,,,False,,,2026-09-12T14:59:35.554330+00:00,2025-10-16,2025-10-16,False,,20250911,2025-10,proportional_stratified_random_sample
1609,3371140,Warmongers,2025-10-16,2025-10,"[""Good Game Studio""]","[""Good Game Studio""]",False,True,False,False,success,game,99,99,0,USD,True,0.99,0.99,2026-09-12T15:02:35.548803+00:00,2025-10-16,2025-10-16,False,,20250911,2025-10,proportional_stratified_random_sample
1610,3801380,Dragon Ace Casino,2025-10-16,2025-10,"[""GameSpring Inc.""]","[""GameSpring Inc.""]",True,True,True,False,success,game,,,,,False,,,2026-09-12T16:41:39.442617+00:00,2025-10-16,2025-10-16,False,,20250911,2025-10,proportional_stratified_random_sample
1611,3843120,Valiants: Arena,2025-10-16,2025-10,"[""Vortrius""]","[""Vortrius""]",True,True,True,False,success,game,,,,,False,,,2026-09-12T17:09:53.147875+00:00,2025-10-16,2025-10-16,False,,20250911,2025-10,proportional_stratified_random_sample
1612,3865990,The Three Cardinals,2025-10-16,2025-10,"[""Emanuel Beaulieu""]","[""Emanuel Beaulieu""]",False,True,False,False,success,game,499,499,0,USD,True,4.99,4.99,2026-09-12T17:36:00.741937+00:00,2025-10-16,2025-10-16,False,,20250911,2025-10,proportional_stratified_random_sample
1613,3991100,Meowment,2025-10-16,2025-10,"[""고오급진팀""]","[""고오급진팀""]",True,True,False,False,success,game,,,,,False,,,2026-09-13T06:17:52.626985+00:00,2025-10-16,2025-10-16,False,,20250911,2025-10,proportional_stratified_random_sample
1614,4018920,"All My Heart, Banjo",2025-10-16,2025-10,"[""Bad Dog Banjo""]","[""Bad Dog Banjo""]",False,True,False,True,success,game,199,199,0,USD,True,1.99,1.99,2026-09-13T06:28:01.146997+00:00,2025-10-16,2025-10-16,False,,20250911,2025-10,proportional_stratified_random_sample
1615,4065010,Forget Her,2025-10-16,2025-10,"[""Jester's Jest Entertainment""]","[""Jester's Jest Entertainment""]",False,True,False,False,success,game,799,799,0,USD,True,7.99,7.99,2026-09-13T06:43:00.328913+00:00,2025-10-16,2025-10-16,False,,20250911,2025-10,proportional_stratified_random_sample
1616,3002400,Black Annis,2025-10-17,2025-10,"[""Man the Barricades Ltd""]","[""Man the Barricades Ltd""]",False,True,False,False,success,game,599,599,0,USD,True,5.99,5.99,2026-09-12T14:15:12.694513+00:00,2025-10-17,2025-10-17,False,,20250911,2025-10,proportional_stratified_random_sample
1617,3043580,Keeper,2025-10-17,2025-10,"[""Double Fine Productions""]","[""Double Fine Productions""]",False,True,False,False,success,game,1999,1999,0,USD,True,19.99,19.99,2026-09-12T14:19:34.970393+00:00,2025-10-17,2025-10-17,False,,20250911,2025-10,proportional_stratified_random_sample
1618,3265060,Touhou Dystopian,2025-10-17,2025-10,"[""Kay Lnk""]","[""Kay Lnk""]",False,True,False,False,success,game,999,699,30,USD,True,9.99,6.99,2026-09-12T14:42:26.870951+00:00,2025-10-17,2025-10-17,False,,20250911,2025-10,proportional_stratified_random_sample
1619,3481710,My Sleeping Girlfriend,2025-10-17,2025-10,"[""Fancy Dog Games""]","[""Fancy Dog Games""]",False,True,False,False,success,game,399,399,0,USD,True,3.99,3.99,2026-09-12T15:20:45.780534+00:00,2025-10-17,2025-10-17,False,,20250911,2025-10,proportional_stratified_random_sample
1620,3623640,Unfound Footage,2025-10-17,2025-10,"[""Frixxy Games""]","[""Frixxy Games""]",False,True,False,False,success,game,299,299,0,USD,True,2.99,2.99,2026-09-12T15:47:50.571225+00:00,2025-10-17,2025-10-17,False,,20250911,2025-10,proportional_stratified_random_sample
1621,3745290,The Payphone,2025-10-17,2025-10,"[""Kosumic Interactive Studio""]","[""Kosumic Interactive Studio""]",False,True,False,False,success,game,499,499,0,USD,True,4.99,4.99,2026-09-12T16:23:14.905603+00:00,2025-10-17,2025-10-17,False,,20250911,2025-10,proportional_stratified_random_sample
1622,3940820,Dentist Simulator 2,2025-10-17,2025-10,"[""Code Lab""]","[""Code Lab""]",False,True,False,False,success,game,1499,1499,0,USD,True,14.99,14.99,2026-09-13T05:58:11.657329+00:00,2025-10-17,2025-10-17,False,,20250911,2025-10,proportional_stratified_random_sample
1623,3960930,Umbral Crown: Mark,2025-10-17,2025-10,"[""WatermelonOwl""]","[""WatermelonOwl""]",True,True,False,False,success,game,,,,,False,,,2026-09-13T06:06:47.062164+00:00,2025-10-17,2025-10-17,False,,20250911,2025-10,proportional_stratified_random_sample
1624,3994690,Alpine Skater,2025-10-17,2025-10,"[""Yash Future Tech Solutions Pvt Ltd""]","[""Yash Future Tech Solutions Pvt Ltd""]",False,True,False,False,success,game,999,999,0,USD,True,9.99,9.99,2026-09-13T06:19:18.447031+00:00,2025-10-17,2025-10-17,False,,20250911,2025-10,proportional_stratified_random_sample
1625,4033820,Spot The Word,2025-10-17,2025-10,"[""Caen Studio""]","[""Caen Studio""]",False,True,False,False,success,game,99,99,0,USD,True,0.99,0.99,2026-09-13T06:32:46.026154+00:00,2025-10-17,2025-10-17,False,,20250911,2025-10,proportional_stratified_random_sample
1626,4039420,Galaxy Card Game,2025-10-17,2025-10,"[""FOGMOE""]","[""FOGMOE""]",True,True,False,False,success,game,,,,,False,,,2026-09-13T06:34:46.944475+00:00,2025-10-17,2025-10-17,False,,20250911,2025-10,proportional_stratified_random_sample
1627,4068860,Lost my Collection of Fish 2,2025-10-17,2025-10,"[""Vaggelis Arabatzoglou""]","[""Carterson Games""]",False,True,False,False,success,game,120,120,0,USD,True,1.2,1.2,2026-09-13T06:44:22.861878+00:00,2025-10-17,2025-10-17,False,,20250911,2025-10,proportional_stratified_random_sample
1628,4075080,The Roach Hotel,2025-10-17,2025-10,"[""Hawt Combo"",""Imaginais""]","[""Hawt Combo""]",True,True,False,False,success,game,,,,,False,,,2026-09-13T06:46:09.505120+00:00,2025-10-17,2025-10-17,False,,20250911,2025-10,proportional_stratified_random_sample
1629,1866640,Kronos,2025-10-18,2025-10,"[""Wild Monkey""]","[""Wild Monkey""]",False,True,False,False,success,game,199,199,0,USD,True,1.99,1.99,2026-09-12T13:14:32.759115+00:00,2025-10-18,2025-10-18,False,,20250911,2025-10,proportional_stratified_random_sample
1630,2449060,15 Minutes Dungeon,2025-10-18,2025-10,"[""Daruma The Factory, Inc.""]","["" Daruma The Factory, Inc.""]",False,True,False,False,success,game,599,599,0,USD,True,5.99,5.99,2026-09-12T13:43:39.026369+00:00,2025-10-18,2025-10-18,False,,20250911,2025-10,proportional_stratified_random_sample
1631,3527080,Phantom Incident,2025-10-18,2025-10,"[""GZ Storm"",""Lazrool""]","[""GZ Storm""]",False,True,False,False,success,game,299,299,0,USD,True,2.99,2.99,2026-09-12T15:27:42.675306+00:00,2025-10-18,2025-10-18,False,,20250911,2025-10,proportional_stratified_random_sample
1632,3679100,Keine’s Terakoya: A Schoolhouse in Gensokyo,2025-10-18,2025-10,"[""The Creator Workgroup""]","[""Crestruction""]",False,True,False,False,success,game,799,799,0,USD,True,7.99,7.99,2026-09-12T16:01:58.533959+00:00,2025-10-18,2025-10-18,False,,20250911,2025-10,proportional_stratified_random_sample
1633,4022880,군대탈출,2025-10-18,2025-10,"[""Gemma Soft""]","[""Gemma Soft""]",False,True,False,False,success,game,399,399,0,USD,True,3.99,3.99,2026-09-13T06:29:22.552062+00:00,2025-10-18,2025-10-18,False,,20250911,2025-10,proportional_stratified_random_sample
1634,1674150,Gromopoli,2025-10-19,2025-10,"[""kilo""]","[""kilo""]",True,True,False,False,success,game,,,,,False,,,2026-09-12T13:10:24.286244+00:00,2025-10-19,2025-10-19,False,,20250911,2025-10,proportional_stratified_random_sample
1635,2279180,Death Nomad,2025-10-19,2025-10,"[""Cosmic Noise""]","[""Cosmic Noise""]",False,True,False,False,success,game,999,999,0,USD,True,9.99,9.99,2026-09-12T13:35:52.834438+00:00,2025-10-19,2025-10-19,False,,20250911,2025-10,proportional_stratified_random_sample
1636,3036320,My Last Stand: Survivors,2025-10-19,2025-10,"[""ZHR""]","[""ZHR""]",False,True,False,False,success,game,399,399,0,USD,True,3.99,3.99,2026-09-12T14:18:43.603724+00:00,2025-10-19,2025-10-19,False,,20250911,2025-10,proportional_stratified_random_sample
1637,3075800,Subterranauts,2025-10-19,2025-10,"["" Red Basket Games""]","[""Red Basket Games""]",False,True,False,False,success,game,499,499,0,USD,True,4.99,4.99,2026-09-12T14:22:39.916258+00:00,2025-10-19,2025-10-19,False,,20250911,2025-10,proportional_stratified_random_sample
1638,3495040,100 Dubai Cats,2025-10-19,2025-10,"[""100 Cozy Games"",""Cats""]","[""100 Cozy Games"",""Cats""]",False,True,False,False,success,game,199,199,0,USD,True,1.99,1.99,2026-09-12T15:22:34.699924+00:00,2025-10-19,2025-10-19,False,,20250911,2025-10,proportional_stratified_random_sample
1639,3994710,Mr Toffee's Slow-Thermo Sudoku Puzzles,2025-10-19,2025-10,"[""Tom Fry""]","[""Tom Fry""]",False,False,True,True,success,game,599,599,0,USD,True,5.99,5.99,2026-09-13T06:19:20.626656+00:00,2025-10-19,2025-10-19,False,,20250911,2025-10,proportional_stratified_random_sample
1640,4055990,Graviton Flux,2025-10-19,2025-10,"[""Feedbacc Studios""]","[""Feedbacc Studios""]",False,True,False,False,success,game,499,499,0,USD,True,4.99,4.99,2026-09-13T06:40:35.248880+00:00,2025-10-19,2025-10-19,False,,20250911,2025-10,proportional_stratified_random_sample
1641,1560160,ILA: A Frosty Glide,2025-10-20,2025-10,"[""Magic Rain Studios""]","[""First Break Labs""]",False,True,False,False,success,game,1499,1499,0,USD,True,14.99,14.99,2026-09-12T13:08:10.135717+00:00,2025-10-20,2025-10-20,False,,20250911,2025-10,proportional_stratified_random_sample
1642,1820100,DREAMOUT,2025-10-20,2025-10,"[""Game Dynasty""]","[""Valkyrie Initiative""]",False,True,False,False,success,game,999,999,0,USD,True,9.99,9.99,2026-09-12T13:13:24.750261+00:00,2025-10-20,2025-10-20,False,,20250911,2025-10,proportional_stratified_random_sample
1643,2784500,FourKnightVariant,2025-10-20,2025-10,"[""WhimSoul Games""]","[""WhimSoul Games""]",False,True,False,False,success,game,299,299,0,USD,True,2.99,2.99,2026-09-12T13:59:27.391422+00:00,2025-10-20,2025-10-20,False,,20250911,2025-10,proportional_stratified_random_sample
1644,3098380,Locked In,2025-10-20,2025-10,"[""Gerch Interactive""]","["" Gerch Interactive""]",False,True,False,False,success,game,599,599,0,USD,True,5.99,5.99,2026-09-12T14:24:34.973811+00:00,2025-10-20,2025-10-20,False,,20250911,2025-10,proportional_stratified_random_sample
1645,3143520,Bizzy Bouncy Boo,2025-10-20,2025-10,"[""umbrella11""]","[""umbrella11""]",False,True,False,False,success,game,199,199,0,USD,True,1.99,1.99,2026-09-12T14:29:56.156506+00:00,2025-10-20,2025-10-20,False,,20250911,2025-10,proportional_stratified_random_sample
1646,3230030,Chaos of Destiny Remake,2025-10-20,2025-10,"[""Klayerama""]","[""Klayerama""]",False,True,False,False,success,game,1999,1999,0,USD,True,19.99,19.99,2026-09-12T14:39:14.326041+00:00,2025-10-20,2025-10-20,False,,20250911,2025-10,proportional_stratified_random_sample
1647,3237360,Lone Soul,2025-10-20,2025-10,"[""Laughing Fox Games""]","[""Laughing Fox Games""]",False,True,False,False,success,game,1699,1699,0,USD,True,16.99,16.99,2026-09-12T14:39:59.279892+00:00,2025-10-20,2025-10-20,False,,20250911,2025-10,proportional_stratified_random_sample
1648,3432800,Slingbot Survivors,2025-10-20,2025-10,"[""Clover Bite""]","[""Clover Bite"",""indie.io""]",False,True,False,False,success,game,599,599,0,USD,True,5.99,5.99,2026-09-12T15:11:53.209757+00:00,2025-10-20,2025-10-20,False,,20250911,2025-10,proportional_stratified_random_sample
1649,3437610,Dragon Fall,2025-10-20,2025-10,"[""lucas silva de oliveira""]","[""vision games""]",False,True,False,False,success,game,699,699,0,USD,True,6.99,6.99,2026-09-12T15:12:58.513112+00:00,2025-10-20,2025-10-20,False,,20250911,2025-10,proportional_stratified_random_sample
1650,3458600,NINDO Guardian of the Starlit Shadow,2025-10-20,2025-10,"[""MORIKICHIDO""]","[""MORIKICHIDO""]",False,True,False,False,success,game,999,999,0,USD,True,9.99,9.99,2026-09-12T15:16:39.229645+00:00,2025-10-20,2025-10-20,False,,20250911,2025-10,proportional_stratified_random_sample
1651,3545810,GalanWarSong,2025-10-20,2025-10,"[""Winwill Studio""]","[""Winwill Studio""]",False,True,True,False,success,game,799,799,0,USD,True,7.99,7.99,2026-09-12T15:30:52.726446+00:00,2025-10-20,2025-10-20,False,,20250911,2025-10,proportional_stratified_random_sample
1652,3550490,Overcome Your Fears - Caretaker,2025-10-20,2025-10,"[""markuwaaaaa""]","[""markuwaaaaa""]",False,True,False,False,success,game,599,317,47,USD,True,5.99,3.17,2026-09-12T15:31:35.803705+00:00,2025-10-20,2025-10-20,False,,20250911,2025-10,proportional_stratified_random_sample
1653,3575980,Fantasy Maiden Wars - DREAM OF THE STRAY DREAMER -,2025-10-20,2025-10,"[""さんぼん堂""]","[""Phoenixx Inc.""]",False,True,False,False,success,game,3499,3499,0,USD,True,34.99,34.99,2026-09-12T15:36:56.472354+00:00,2025-10-20,2025-10-20,False,,20250911,2025-10,proportional_stratified_random_sample
1654,3576000,Behind The Curtain,2025-10-20,2025-10,"[""Enigma Forge LLC""]","[""Enigma Forge LLC""]",False,True,False,False,success,game,399,399,0,USD,True,3.99,3.99,2026-09-12T15:37:00.829671+00:00,2025-10-20,2025-10-20,False,,20250911,2025-10,proportional_stratified_random_sample
1655,3670290,Dragons Frolic!,2025-10-20,2025-10,"[""Starlit Castle""]","[""Starlit Castle""]",False,True,False,False,success,game,399,399,0,USD,True,3.99,3.99,2026-09-12T15:59:51.784486+00:00,2025-10-20,2025-10-20,False,,20250911,2025-10,proportional_stratified_random_sample
1656,3706640,The Fantastic Adventures of Mr. Don and Friends,2025-10-20,2025-10,"[""IGamma_Solo""]","[""IGamma_Solo""]",False,True,False,False,success,game,399,399,0,USD,True,3.99,3.99,2026-09-12T16:12:43.348515+00:00,2025-10-20,2025-10-20,False,,20250911,2025-10,proportional_stratified_random_sample
1657,3717150,Kegan,2025-10-20,2025-10,"[""TDOG STUDIOS""]","[""TDOG STUDIOS""]",False,True,False,False,success,game,299,299,0,USD,True,2.99,2.99,2026-09-12T16:15:50.342856+00:00,2025-10-20,2025-10-20,False,,20250911,2025-10,proportional_stratified_random_sample
1658,3724750,Void Raider,2025-10-20,2025-10,"[""BlackCrow""]","[""BlackCrow""]",False,True,False,True,success,game,999,999,0,USD,True,9.99,9.99,2026-09-12T16:18:03.763137+00:00,2025-10-20,2025-10-20,False,,20250911,2025-10,proportional_stratified_random_sample
1659,3837030,Wukong 2088,2025-10-20,2025-10,"[""Uto88""]","[""Uto88""]",False,True,False,False,success,game,99,99,0,USD,True,0.99,0.99,2026-09-12T17:06:11.780019+00:00,2025-10-20,2025-10-20,False,,20250911,2025-10,proportional_stratified_random_sample
1660,3893670,The Jester and the Madman,2025-10-20,2025-10,"[""Tim Rachor""]","[""Tim Rachor""]",False,True,False,True,success,game,499,499,0,USD,True,4.99,4.99,2026-09-12T17:49:56.339104+00:00,2025-10-20,2025-10-20,False,,20250911,2025-10,proportional_stratified_random_sample
1661,3927680,Steel Defence,2025-10-20,2025-10,"[""Storytime Studio""]","[""Storytime Studio""]",False,True,False,False,success,game,99,99,0,USD,True,0.99,0.99,2026-09-13T05:52:52.810020+00:00,2025-10-20,2025-10-20,False,,20250911,2025-10,proportional_stratified_random_sample
1662,4035130,Landomayzer,2025-10-20,2025-10,"[""LuuuLuuuL""]","[""LuuuLuuuL""]",False,True,False,False,success,game,299,299,0,USD,True,2.99,2.99,2026-09-13T06:33:17.846731+00:00,2025-10-20,2025-10-20,False,,20250911,2025-10,proportional_stratified_random_sample
1663,4051880,Penalty Shooters 2,2025-10-20,2025-10,"[""NUSPEKO""]","[""NUSPEKO""]",False,True,False,False,success,game,299,299,0,USD,True,2.99,2.99,2026-09-13T06:38:57.015991+00:00,2025-10-20,2025-10-20,False,,20250911,2025-10,proportional_stratified_random_sample
1664,2300120,Painkiller,2025-10-21,2025-10,"[""Anshar Studios""]","[""3D Realms""]",False,True,False,False,success,game,3999,3999,0,USD,True,39.99,39.99,2026-09-12T13:36:53.271690+00:00,2025-10-21,2025-10-21,False,,20250911,2025-10,proportional_stratified_random_sample
1665,2903160,Midori no Kaori,2025-10-21,2025-10,"[""TheLaba""]","[""TheLaba""]",False,True,False,False,success,game,999,999,0,USD,True,9.99,9.99,2026-09-12T14:07:15.995109+00:00,2025-10-21,2025-10-21,False,,20250911,2025-10,proportional_stratified_random_sample
1666,2948190,World of Sea Battle,2025-10-21,2025-10,"[""Thera Interactive""]","[""Thera Interactive""]",True,True,False,False,success,game,,,,,False,,,2026-09-12T14:11:25.495330+00:00,2025-10-21,2025-10-21,False,,20250911,2025-10,proportional_stratified_random_sample
1667,2958130,Jurassic World Evolution 3,2025-10-21,2025-10,"[""Frontier Developments""]","[""Frontier Developments""]",False,True,False,False,success,game,5999,5999,0,USD,True,59.99,59.99,2026-09-12T14:12:12.143293+00:00,2025-10-21,2025-10-21,False,,20250911,2025-10,proportional_stratified_random_sample
1668,3135270,Slasher,2025-10-21,2025-10,"[""Horrid Vision LLC""]","[""Horrid Vision LLC""]",False,True,False,False,success,game,499,499,0,USD,True,4.99,4.99,2026-09-12T14:28:55.101330+00:00,2025-10-21,2025-10-21,False,,20250911,2025-10,proportional_stratified_random_sample
1669,3299830,Hollywood Story®: Fashion Star,2025-10-21,2025-10,"[""NANOBIT""]","[""NANOBIT""]",True,True,False,False,success,game,,,,,False,,,2026-09-12T14:53:22.381979+00:00,2025-10-21,2025-10-21,False,,20250911,2025-10,proportional_stratified_random_sample
1670,3333310,HOLES,2025-10-21,2025-10,"[""Waves Games""]","[""Waves Games""]",False,True,False,False,success,game,499,499,0,USD,True,4.99,4.99,2026-09-12T14:56:35.314836+00:00,2025-10-21,2025-10-21,False,,20250911,2025-10,proportional_stratified_random_sample
1671,3391420,修仙实操手册,2025-10-21,2025-10,"[""SourceIn Games""]","[""SourceIn Games""]",False,True,False,False,success,game,699,699,0,USD,True,6.99,6.99,2026-09-12T15:05:23.117995+00:00,2025-10-21,2025-10-21,False,,20250911,2025-10,proportional_stratified_random_sample
1672,3583760,Earth Space Defenders,2025-10-21,2025-10,"[""Hetocode""]","[""Hetocode""]",False,True,False,False,success,game,699,699,0,USD,True,6.99,6.99,2026-09-12T15:38:41.148081+00:00,2025-10-21,2025-10-21,False,,20250911,2025-10,proportional_stratified_random_sample
1673,3604520,The Mare Show,2025-10-21,2025-10,"[""OutZoom""]","[""GoGo Games Interactive""]",False,True,False,False,success,game,899,899,0,USD,True,8.99,8.99,2026-09-12T15:43:18.640416+00:00,2025-10-21,2025-10-21,False,,20250911,2025-10,proportional_stratified_random_sample
1674,3734930,Demonborg Mining Co,2025-10-21,2025-10,"[""Ouch Giver Games""]","[""Ouch Giver Games""]",False,True,False,False,success,game,499,499,0,USD,True,4.99,4.99,2026-09-12T16:20:35.472774+00:00,2025-10-21,2025-10-21,False,,20250911,2025-10,proportional_stratified_random_sample
1675,3797830,Egglings,2025-10-21,2025-10,"[""Maurice Huchler""]","[""Kokoni Games""]",False,True,False,False,success,game,299,299,0,USD,True,2.99,2.99,2026-09-12T16:40:18.940046+00:00,2025-10-21,2025-10-21,False,,20250911,2025-10,proportional_stratified_random_sample
1676,3841660,Box Bunny,2025-10-21,2025-10,"[""Mormotte""]","[""Mormotte""]",True,True,False,False,success,game,,,,,False,,,2026-09-12T17:08:55.886399+00:00,2025-10-21,2025-10-21,False,,20250911,2025-10,proportional_stratified_random_sample
1677,3843850,The Black Pool: Arena Survivors,2025-10-21,2025-10,"[""Smug Marmot Studios""]","[""Smug Marmot Studios""]",True,True,False,False,success,game,,,,,False,,,2026-09-12T17:10:24.989941+00:00,2025-10-21,2025-10-21,False,,20250911,2025-10,proportional_stratified_random_sample
1678,3862710,Vita: The Ember Oracle,2025-10-21,2025-10,"[""Desert Tsunami""]","[""Desert Tsunami""]",False,True,False,False,success,game,699,699,0,USD,True,6.99,6.99,2026-09-12T17:34:07.264647+00:00,2025-10-21,2025-10-21,False,,20250911,2025-10,proportional_stratified_random_sample
1679,3886310,KOALAS DELIV & GUY,2025-10-21,2025-10,"[""RYO.DESIGN""]","[""RYO.DESIGN""]",False,True,False,False,success,game,699,699,0,USD,True,6.99,6.99,2026-09-12T17:46:32.248099+00:00,2025-10-21,2025-10-21,False,,20250911,2025-10,proportional_stratified_random_sample
1680,3901780,Bone Souls,2025-10-21,2025-10,"[""几几不小心""]","[""几几不小心""]",False,True,False,False,success,game,599,599,0,USD,True,5.99,5.99,2026-09-12T17:54:24.399250+00:00,2025-10-21,2025-10-21,False,,20250911,2025-10,proportional_stratified_random_sample
1681,3928970,ParryMaster,2025-10-21,2025-10,"[""GOGOIO Games""]","[""GOGOIO Games""]",False,True,False,False,success,game,299,299,0,USD,True,2.99,2.99,2026-09-13T05:53:35.437866+00:00,2025-10-21,2025-10-21,False,,20250911,2025-10,proportional_stratified_random_sample
1682,3965520,Sacred World,2025-10-21,2025-10,"[""超巨大战喵""]","[""超巨大战喵""]",False,True,False,False,success,game,699,699,0,USD,True,6.99,6.99,2026-09-13T06:08:43.910296+00:00,2025-10-21,2025-10-21,False,,20250911,2025-10,proportional_stratified_random_sample
1683,3990040,Ants March TD,2025-10-21,2025-10,"[""1Line Games""]","[""1Line Games""]",False,True,False,False,success,game,199,199,0,USD,True,1.99,1.99,2026-09-13T06:17:31.105906+00:00,2025-10-21,2025-10-21,False,,20250911,2025-10,proportional_stratified_random_sample
1684,4002010,RePulse-X,2025-10-21,2025-10,"[""Stefan Amelung""]","[""Stefan Amelung""]",False,True,False,True,success,game,299,299,0,USD,True,2.99,2.99,2026-09-13T06:22:26.421259+00:00,2025-10-21,2025-10-21,False,,20250911,2025-10,proportional_stratified_random_sample
1685,4015860,Too Many Bots,2025-10-21,2025-10,"[""Pierpiero""]","[""Pierpiero""]",True,True,False,False,success,game,,,,,False,,,2026-09-13T06:26:44.201190+00:00,2025-10-21,2025-10-21,False,,20250911,2025-10,proportional_stratified_random_sample
1686,4022490,Exit Dream,2025-10-21,2025-10,"[""emagnetic""]","[""emagnetic""]",True,True,False,False,success,game,,,,,False,,,2026-09-13T06:28:58.757650+00:00,2025-10-21,2025-10-21,False,,20250911,2025-10,proportional_stratified_random_sample
1687,4033410,The Rite Holds,2025-10-21,2025-10,"[""PV Development""]","[""PV Development""]",False,True,False,False,success,game,499,499,0,USD,True,4.99,4.99,2026-09-13T06:32:39.548584+00:00,2025-10-21,2025-10-21,False,,20250911,2025-10,proportional_stratified_random_sample
1688,2263360,HYPERBEAT,2025-10-22,2025-10,"[""Dreamware Media""]","[""Dreamware Media""]",False,True,False,False,success,game,1499,1499,0,USD,True,14.99,14.99,2026-09-12T13:35:16.018212+00:00,2025-10-22,2025-10-22,False,,20250911,2025-10,proportional_stratified_random_sample
1689,2475550,免费游戏 THE GAME FOR FREE,2025-10-22,2025-10,"[""Sandwer Game 沙塔游戏""]","[""Sandwer Game 沙塔游戏""]",True,True,False,False,success,game,,,,,False,,,2026-09-12T13:45:10.667058+00:00,2025-10-22,2025-10-22,False,,20250911,2025-10,proportional_stratified_random_sample
1690,3012220,Double Dragon Revive,2025-10-22,2025-10,"[""YUKE’S""]","[""Arc System Works""]",False,True,False,False,success,game,3499,3499,0,USD,True,34.99,34.99,2026-09-12T14:16:08.230058+00:00,2025-10-22,2025-10-22,False,,20250911,2025-10,proportional_stratified_random_sample
1691,3061370,Manga Ninja 漫画忍者,2025-10-22,2025-10,"[""玄清侠""]","[""玄清侠""]",False,True,False,False,success,game,199,199,0,USD,True,1.99,1.99,2026-09-12T14:21:08.431198+00:00,2025-10-22,2025-10-22,False,,20250911,2025-10,proportional_stratified_random_sample
1692,3098140,Crown and Adventure,2025-10-22,2025-10,"[""C3D Games""]","[""Luckycalf""]",False,True,False,False,success,game,1999,1999,0,USD,True,19.99,19.99,2026-09-12T14:24:30.656114+00:00,2025-10-22,2025-10-22,False,,20250911,2025-10,proportional_stratified_random_sample
1693,3243410,The Forbidden Flask,2025-10-22,2025-10,"[""Qowface"",""Thorge007""]","[""CowHammer Studios""]",False,True,False,False,success,game,599,599,0,USD,True,5.99,5.99,2026-09-12T14:40:35.190964+00:00,2025-10-22,2025-10-22,False,,20250911,2025-10,proportional_stratified_random_sample
1694,3290390,NIGHT STRIKER GEAR,2025-10-22,2025-10,"[""M2 Co., Ltd."",""M2 Co.,LTD""]","[""M2 Co., Ltd."",""M2 Co.,LTD""]",False,True,False,False,success,game,1899,1899,0,USD,True,18.99,18.99,2026-09-12T14:51:59.751839+00:00,2025-10-22,2025-10-22,False,,20250911,2025-10,proportional_stratified_random_sample
1695,3364070,The Jackbox Party Pack 11,2025-10-22,2025-10,"[""Jackbox Games, Inc.""]","[""Jackbox Games, Inc.""]",False,True,True,True,success,game,2999,2999,0,USD,True,29.99,29.99,2026-09-12T15:01:21.049968+00:00,2025-10-22,2025-10-22,False,,20250911,2025-10,proportional_stratified_random_sample
1696,3593490,Days Without Incident,2025-10-22,2025-10,"[""We Create Stuff""]","[""Black Lantern Collective""]",True,True,False,False,success,game,,,,,False,,,2026-09-12T15:41:10.646024+00:00,2025-10-22,2025-10-22,False,,20250911,2025-10,proportional_stratified_random_sample
1697,3612250,Arcana Academy,2025-10-22,2025-10,"[""2A Studio""]","[""Luckycalf""]",False,True,False,False,success,game,1499,1499,0,USD,True,14.99,14.99,2026-09-12T15:44:53.658374+00:00,2025-10-22,2025-10-22,False,,20250911,2025-10,proportional_stratified_random_sample
1698,3694020,Blackjack Wars,2025-10-22,2025-10,"[""Process Games""]","[""Process Games""]",False,True,False,False,success,game,699,699,0,USD,True,6.99,6.99,2026-09-12T16:07:53.733651+00:00,2025-10-22,2025-10-22,False,,20250911,2025-10,proportional_stratified_random_sample
1699,3779910,Elegant Sleuth:Mystic Family,2025-10-22,2025-10,"[""TAPROMANCE""]","[""TAPROMANCE""]",False,True,False,False,success,game,699,699,0,USD,True,6.99,6.99,2026-09-12T16:33:53.820248+00:00,2025-10-22,2025-10-22,False,,20250911,2025-10,proportional_stratified_random_sample
1700,3787120,W.I.M.S. - Where is my ship?!,2025-10-22,2025-10,"[""JanotherT""]","[""JanotherT""]",False,True,False,False,success,game,699,699,0,USD,True,6.99,6.99,2026-09-12T16:36:04.683088+00:00,2025-10-22,2025-10-22,False,,20250911,2025-10,proportional_stratified_random_sample
1701,3793430,X.E.H.A. Rogue,2025-10-22,2025-10,"[""Corvaena Games LLC""]","[""Corvaena Games LLC""]",False,True,True,False,success,game,199,199,0,USD,True,1.99,1.99,2026-09-12T16:38:25.725482+00:00,2025-10-22,2025-10-22,False,,20250911,2025-10,proportional_stratified_random_sample
1702,3798230,Idol Party 2 - Love Vibe,2025-10-22,2025-10,"[""LONGYOU TECHNOLOGY PTE.LTD.""]","[""LONGYOU TECHNOLOGY PTE.LTD.""]",True,True,False,False,success,game,,,,,False,,,2026-09-12T16:40:27.400445+00:00,2025-10-22,2025-10-22,False,,20250911,2025-10,proportional_stratified_random_sample
1703,3868490,Marshals of Yore,2025-10-22,2025-10,"[""One Man Horde""]","[""One Man Horde""]",False,True,False,False,success,game,499,499,0,USD,True,4.99,4.99,2026-09-12T17:37:14.792890+00:00,2025-10-22,2025-10-22,False,,20250911,2025-10,proportional_stratified_random_sample
1704,3869860,Chest！Gotcha！,2025-10-22,2025-10,"[""StudioVOcO""]","[""StudioVOcO""]",False,True,False,False,success,game,199,199,0,USD,True,1.99,1.99,2026-09-12T17:38:03.400148+00:00,2025-10-22,2025-10-22,False,,20250911,2025-10,proportional_stratified_random_sample
1705,3871150,Throne Alone,2025-10-22,2025-10,"[""Phase Vault""]","[""Phase Vault""]",False,True,False,False,success,game,499,499,0,USD,True,4.99,4.99,2026-09-12T17:38:54.388503+00:00,2025-10-22,2025-10-22,False,,20250911,2025-10,proportional_stratified_random_sample
1706,3882020,Avernum 4: Greed and Glory,2025-10-22,2025-10,"[""Spiderweb Software""]","[""Spiderweb Software""]",False,True,True,False,success,game,1999,1999,0,USD,True,19.99,19.99,2026-09-12T17:44:19.153705+00:00,2025-10-22,2025-10-22,False,,20250911,2025-10,proportional_stratified_random_sample
1707,3917250,Gunvolution,2025-10-22,2025-10,"[""Slylark Games""]","[""Slylark Games""]",False,True,False,False,success,game,299,299,0,USD,True,2.99,2.99,2026-09-12T18:01:00.918389+00:00,2025-10-22,2025-10-22,False,,20250911,2025-10,proportional_stratified_random_sample
1708,3943720,Shelf by Shelf: Bookstore Simulator,2025-10-22,2025-10,"[""Genco Interactive""]","[""Genco Interactive""]",False,True,False,False,success,game,699,699,0,USD,True,6.99,6.99,2026-09-13T05:59:23.739236+00:00,2025-10-22,2025-10-22,False,,20250911,2025-10,proportional_stratified_random_sample
1709,3953850,Obscurinth,2025-10-22,2025-10,"[""Rivardus""]","[""Rivardus""]",False,True,False,False,success,game,739,739,0,USD,True,7.39,7.39,2026-09-13T06:03:54.910263+00:00,2025-10-22,2025-10-22,False,,20250911,2025-10,proportional_stratified_random_sample
1710,3960750,Demon with a Pickaxe,2025-10-22,2025-10,"[""Challenging Games""]","[""Challenging Games""]",False,True,False,False,success,game,499,499,0,USD,True,4.99,4.99,2026-09-13T06:06:38.798636+00:00,2025-10-22,2025-10-22,False,,20250911,2025-10,proportional_stratified_random_sample
1711,3972960,奶奶的菜园子,2025-10-22,2025-10,"[""hgmGame""]","[""hgmGame""]",False,True,False,False,success,game,2999,2999,0,USD,True,29.99,29.99,2026-09-13T06:10:52.895511+00:00,2025-10-22,2025-10-22,False,,20250911,2025-10,proportional_stratified_random_sample
1712,3985480,Nadia's Revenge,2025-10-22,2025-10,"[""Doubleagames""]","[""Doubleagames""]",False,True,False,False,success,game,499,499,0,USD,True,4.99,4.99,2026-09-13T06:15:51.121410+00:00,2025-10-22,2025-10-22,False,,20250911,2025-10,proportional_stratified_random_sample
1713,3994250,S K Y R I S E,2025-10-22,2025-10,"[""Lex Sosa""]","[""SOSASOFT""]",False,True,False,False,success,game,499,499,0,USD,True,4.99,4.99,2026-09-13T06:19:07.936548+00:00,2025-10-22,2025-10-22,False,,20250911,2025-10,proportional_stratified_random_sample
1714,3994440,The Legend of the Valkyrie - ᛁᚢᛊᛟᛏᛜᚾᛞᛊᛏᛋ,2025-10-22,2025-10,"[""Maets2011""]","[""Maets2011""]",False,True,False,False,success,game,1099,1099,0,USD,True,10.99,10.99,2026-09-13T06:19:14.255082+00:00,2025-10-22,2025-10-22,False,,20250911,2025-10,proportional_stratified_random_sample
1715,4001380,Word Quest,2025-10-22,2025-10,"[""Obleynix"",""PidrouDays""]","[""Obleynix""]",True,True,False,False,success,game,,,,,False,,,2026-09-13T06:22:01.210741+00:00,2025-10-22,2025-10-22,False,,20250911,2025-10,proportional_stratified_random_sample
1716,4005240,Spirit-Capture Net,2025-10-22,2025-10,"[""符羽""]","[""符羽""]",False,True,False,False,success,game,99,99,0,USD,True,0.99,0.99,2026-09-13T06:23:30.079948+00:00,2025-10-22,2025-10-22,False,,20250911,2025-10,proportional_stratified_random_sample
1717,4017180,101 Dogs Hidden in Berlin,2025-10-22,2025-10,"[""NaipSoft""]","[""NaipSoft""]",False,True,False,False,success,game,99,99,0,USD,True,0.99,0.99,2026-09-13T06:27:18.087490+00:00,2025-10-22,2025-10-22,False,,20250911,2025-10,proportional_stratified_random_sample
1718,4017210,Hidden Pets: 101 Cats in Vietnam,2025-10-22,2025-10,"[""NaipSoft""]","[""NaipSoft""]",False,True,False,False,success,game,99,99,0,USD,True,0.99,0.99,2026-09-13T06:27:22.446790+00:00,2025-10-22,2025-10-22,False,,20250911,2025-10,proportional_stratified_random_sample
1719,4028870,The Adventures of Emilie in Paris,2025-10-22,2025-10,"[""Vernepixel lab""]","[""Vernepixel lab""]",False,True,False,True,success,game,999,999,0,USD,True,9.99,9.99,2026-09-13T06:31:06.151280+00:00,2025-10-22,2025-10-22,False,,20250911,2025-10,proportional_stratified_random_sample
1720,4048080,Normis Simulator,2025-10-22,2025-10,"[""PropilGames""]","[""PropilGames"",""VD Games""]",False,True,False,False,success,game,99,99,0,USD,True,0.99,0.99,2026-09-13T06:37:36.402846+00:00,2025-10-22,2025-10-22,False,,20250911,2025-10,proportional_stratified_random_sample
1721,4051060,Shattered Delirium,2025-10-22,2025-10,"[""Jeremy Bahn""]","[""Jeremy Bahn""]",False,True,False,False,success,game,199,199,0,USD,True,1.99,1.99,2026-09-13T06:38:44.253351+00:00,2025-10-22,2025-10-22,False,,20250911,2025-10,proportional_stratified_random_sample
1722,4068630,Pumpkin Patch Simulator,2025-10-22,2025-10,"[""navlikesbunnies""]","[""navlikesbunnies""]",False,True,True,False,success,game,499,499,0,USD,True,4.99,4.99,2026-09-13T06:44:16.658085+00:00,2025-10-22,2025-10-22,False,,20250911,2025-10,proportional_stratified_random_sample
1723,523630,Rabidja's Revenge,2025-10-23,2025-10,"[""Meruvia Game Studio""]","[""Meruvia Game Studio""]",False,True,False,False,success,game,699,699,0,USD,True,6.99,6.99,2026-09-12T12:51:48.992672+00:00,2025-10-23,2025-10-23,False,,20250911,2025-10,proportional_stratified_random_sample
1724,1298430,Warsong,2025-10-23,2025-10,"[""Windforce""]","[""Windforce""]",False,True,True,False,success,game,1499,1499,0,USD,True,14.99,14.99,2026-09-12T13:04:12.169418+00:00,2025-10-23,2025-10-23,False,,20250911,2025-10,proportional_stratified_random_sample
1725,1342690,Radiolight,2025-10-23,2025-10,"[""Krystof Knesl""]","[""Iceberg Interactive""]",False,True,False,False,success,game,1499,1499,0,USD,True,14.99,14.99,2026-09-12T13:04:50.476522+00:00,2025-10-23,2025-10-23,False,,20250911,2025-10,proportional_stratified_random_sample
1726,1717400,Bulb Boy 2: Jar of Despair,2025-10-23,2025-10,"[""Bulbware""]","[""Bulbware""]",False,True,True,False,success,game,1499,1499,0,USD,True,14.99,14.99,2026-09-12T13:11:02.605258+00:00,2025-10-23,2025-10-23,False,,20250911,2025-10,proportional_stratified_random_sample
1727,1880620,Once Upon A KATAMARI,2025-10-23,2025-10,"[""RENGAME""]","[""Bandai Namco Entertainment Inc.""]",False,True,False,False,success,game,3999,2399,40,USD,True,39.99,23.99,2026-09-12T13:15:00.447433+00:00,2025-10-23,2025-10-23,False,,20250911,2025-10,proportional_stratified_random_sample
1728,1943950,Escape the Backrooms,2025-10-23,2025-10,"[""Fancy Games"",""Blackbird Interactive""]","[""Secret Mode""]",False,True,False,False,success,game,999,999,0,USD,True,9.99,9.99,2026-09-12T13:16:35.660979+00:00,2025-10-23,2025-10-23,False,,20250911,2025-10,proportional_stratified_random_sample
1729,2353100,Ember the Werefox,2025-10-23,2025-10,"[""LionArc""]","[""LionArc""]",False,True,False,False,success,game,1499,1499,0,USD,True,14.99,14.99,2026-09-12T13:39:03.050838+00:00,2025-10-23,2025-10-23,False,,20250911,2025-10,proportional_stratified_random_sample
1730,2483440,Shroomtopia,2025-10-23,2025-10,"[""GXN Games""]","[""QUByte Interactive""]",False,True,False,True,success,game,999,999,0,USD,True,9.99,9.99,2026-09-12T13:45:38.026534+00:00,2025-10-23,2025-10-23,False,,20250911,2025-10,proportional_stratified_random_sample
1731,2687400,GODBREAKERS,2025-10-23,2025-10,"[""To The Sky""]","[""Thunderful Publishing""]",False,True,False,False,success,game,1999,899,55,USD,True,19.99,8.99,2026-09-12T13:54:24.278380+00:00,2025-10-23,2025-10-23,False,,20250911,2025-10,proportional_stratified_random_sample
1732,2747330,Species: Unknown,2025-10-23,2025-10,"[""WanadevStudio""]","[""WanadevStudio""]",False,True,False,False,success,game,999,999,0,USD,True,9.99,9.99,2026-09-12T13:57:30.540458+00:00,2025-10-23,2025-10-23,False,,20250911,2025-10,proportional_stratified_random_sample
1733,2948470,Mordfield Command,2025-10-23,2025-10,"[""Software Verde, LLC""]","[""Software Verde, LLC""]",False,True,True,True,success,game,1299,1299,0,USD,True,12.99,12.99,2026-09-12T14:11:29.658799+00:00,2025-10-23,2025-10-23,False,,20250911,2025-10,proportional_stratified_random_sample
1734,2968420,PowerWash Simulator 2,2025-10-23,2025-10,"[""FuturLab""]","[""FuturLab""]",False,True,False,False,success,game,2499,2499,0,USD,True,24.99,24.99,2026-09-12T14:12:41.871481+00:00,2025-10-23,2025-10-23,False,,20250911,2025-10,proportional_stratified_random_sample
1735,2995560,Wildkeepers Rising,2025-10-23,2025-10,"[""Lioncode Games""]","[""Lioncode Games""]",False,True,False,False,success,game,999,999,0,USD,True,9.99,9.99,2026-09-12T14:14:32.631548+00:00,2025-10-23,2025-10-23,False,,20250911,2025-10,proportional_stratified_random_sample
1736,3100580,白影酒馆 Tavern Revisited,2025-10-23,2025-10,"[""Stray Dog Game Studio""]","[""Stray Dog Game Studio""]",False,True,False,False,success,game,999,999,0,USD,True,9.99,9.99,2026-09-12T14:24:57.992535+00:00,2025-10-23,2025-10-23,False,,20250911,2025-10,proportional_stratified_random_sample
1737,3127000,Splintered,2025-10-23,2025-10,"[""dotMake Studios""]","[""dotMake Studios""]",False,True,False,False,success,game,999,999,0,USD,True,9.99,9.99,2026-09-12T14:28:10.878655+00:00,2025-10-23,2025-10-23,False,,20250911,2025-10,proportional_stratified_random_sample
1738,3324980,EVERDARK: Undead Apocalypse,2025-10-23,2025-10,"[""ESDIP_GAMES"",""Everdark Labs""]","[""Dojo System""]",False,True,False,False,success,game,1699,1699,0,USD,True,16.99,16.99,2026-09-12T14:55:47.801516+00:00,2025-10-23,2025-10-23,False,,20250911,2025-10,proportional_stratified_random_sample
1739,3339810,Ballest of Them All,2025-10-23,2025-10,"[""Low5ive"",""Action Jackson""]","[""Low5ive""]",False,True,False,False,success,game,599,599,0,USD,True,5.99,5.99,2026-09-12T14:57:07.796490+00:00,2025-10-23,2025-10-23,False,,20250911,2025-10,proportional_stratified_random_sample
1740,3371110,UltraGirl Alters,2025-10-23,2025-10,"[""FutureInvention""]","[""FutureInvention""]",False,True,False,False,success,game,1999,1999,0,USD,True,19.99,19.99,2026-09-12T15:02:32.018561+00:00,2025-10-23,2025-10-23,False,,20250911,2025-10,proportional_stratified_random_sample
1741,3387100,15 Minutes,2025-10-23,2025-10,"[""Construct Games""]","[""Construct Games""]",False,True,False,False,success,game,599,599,0,USD,True,5.99,5.99,2026-09-12T15:04:47.112785+00:00,2025-10-23,2025-10-23,False,,20250911,2025-10,proportional_stratified_random_sample
1742,3514440,No Time For Pants,2025-10-23,2025-10,"[""Pixel Push Inc""]","[""Pixel Push Inc""]",False,True,False,False,success,game,799,799,0,USD,True,7.99,7.99,2026-09-12T15:25:42.743292+00:00,2025-10-23,2025-10-23,False,,20250911,2025-10,proportional_stratified_random_sample
1743,3537890,Drill Beat,2025-10-23,2025-10,"[""Duvic Studio""]","[""Duvic Studio""]",False,True,False,False,success,game,299,299,0,USD,True,2.99,2.99,2026-09-12T15:29:33.462167+00:00,2025-10-23,2025-10-23,False,,20250911,2025-10,proportional_stratified_random_sample
1744,3582390,Sinisomnia,2025-10-23,2025-10,"[""Dave Kang"",""Aditya Nair"",""Melch Valimento""]","[""Fiction Roast""]",False,True,True,False,success,game,699,699,0,USD,True,6.99,6.99,2026-09-12T15:38:15.657021+00:00,2025-10-23,2025-10-23,False,,20250911,2025-10,proportional_stratified_random_sample
1745,3597710,Rise of the Penguins 2: Penguin's Dark Ascent,2025-10-23,2025-10,"[""Bill Woo""]","[""Pwoo""]",False,True,True,True,success,game,299,299,0,USD,True,2.99,2.99,2026-09-12T15:41:51.394446+00:00,2025-10-23,2025-10-23,False,,20250911,2025-10,proportional_stratified_random_sample
1746,3618400,Eternal Survival,2025-10-23,2025-10,"[""Crazy Circuit Games Studio""]","[""Crazy Circuit Games Studio""]",False,True,False,False,success,game,143,143,0,USD,True,1.43,1.43,2026-09-12T15:46:18.488197+00:00,2025-10-23,2025-10-23,False,,20250911,2025-10,proportional_stratified_random_sample
1747,3637770,Hate You,2025-10-23,2025-10,"[""PALINI""]","[""PALINI""]",False,True,False,False,success,game,799,799,0,USD,True,7.99,7.99,2026-09-12T15:51:45.680379+00:00,2025-10-23,2025-10-23,False,,20250911,2025-10,proportional_stratified_random_sample
1748,3638500,Juiced Fruit Racing,2025-10-23,2025-10,"[""Cascadia Games""]","[""Cascadia Games""]",False,True,True,True,success,game,1499,1499,0,USD,True,14.99,14.99,2026-09-12T15:51:54.278282+00:00,2025-10-23,2025-10-23,False,,20250911,2025-10,proportional_stratified_random_sample
1749,3653600,This Isn't Just Tower Defense,2025-10-23,2025-10,"[""Pri Games""]","[""Pri Games""]",False,True,False,False,success,game,699,699,0,USD,True,6.99,6.99,2026-09-12T15:55:49.797855+00:00,2025-10-23,2025-10-23,False,,20250911,2025-10,proportional_stratified_random_sample
1750,3654560,Plants vs. Zombies™: Replanted,2025-10-23,2025-10,"[""PopCap Games"",""The Lost Pixels""]","[""Electronic Arts""]",False,True,False,False,success,game,1999,1999,0,USD,True,19.99,19.99,2026-09-12T15:56:05.226067+00:00,2025-10-23,2025-10-23,False,,20250911,2025-10,proportional_stratified_random_sample
1751,3851750,US Visual Novel,2025-10-23,2025-10,"[""Us Studio""]","[""Plug In Digital""]",False,True,False,False,success,game,999,999,0,USD,True,9.99,9.99,2026-09-12T17:14:12.289541+00:00,2025-10-23,2025-10-23,False,,20250911,2025-10,proportional_stratified_random_sample
1752,3882280,Rocrasher,2025-10-23,2025-10,"[""Rock Head Studio""]","[""Rock Head Studio""]",True,True,False,False,success,game,,,,,False,,,2026-09-12T17:44:25.427620+00:00,2025-10-23,2025-10-23,False,,20250911,2025-10,proportional_stratified_random_sample
1753,3902220,黒歴史ファイターズ,2025-10-23,2025-10,"[""ジェッドム""]","[""ジェッドム""]",False,True,False,False,success,game,499,499,0,USD,True,4.99,4.99,2026-09-12T17:54:35.283590+00:00,2025-10-23,2025-10-23,False,,20250911,2025-10,proportional_stratified_random_sample
1754,3926230,The Kitchen Knife,2025-10-23,2025-10,"[""One Hand Studio""]","[""One Hand Studio""]",False,True,False,False,success,game,499,499,0,USD,True,4.99,4.99,2026-09-13T05:52:05.724261+00:00,2025-10-23,2025-10-23,False,,20250911,2025-10,proportional_stratified_random_sample
1755,3933400,The Joy of Hand Washing,2025-10-23,2025-10,"[""Lord Soul Studios""]","[""Lord Soul Studios""]",False,True,False,False,success,game,299,299,0,USD,True,2.99,2.99,2026-09-13T05:55:22.972837+00:00,2025-10-23,2025-10-23,False,,20250911,2025-10,proportional_stratified_random_sample
1756,3937150,Cat's Rage,2025-10-23,2025-10,"[""Dosy""]","[""Dosy""]",False,True,False,True,success,game,799,799,0,USD,True,7.99,7.99,2026-09-13T05:56:35.279915+00:00,2025-10-23,2025-10-23,False,,20250911,2025-10,proportional_stratified_random_sample
1757,3939630,Bao Boi,2025-10-23,2025-10,"[""Picnic Byte""]","[""Picnic Byte""]",False,True,False,False,success,game,399,399,0,USD,True,3.99,3.99,2026-09-13T05:57:50.445458+00:00,2025-10-23,2025-10-23,False,,20250911,2025-10,proportional_stratified_random_sample
1758,3942610,DriveWave,2025-10-23,2025-10,"[""Dumbbell Games""]","[""Dumbbell Games""]",True,True,True,False,success,game,,,,,False,,,2026-09-13T05:58:50.099589+00:00,2025-10-23,2025-10-23,False,,20250911,2025-10,proportional_stratified_random_sample
1759,3944070,Blunderworld,2025-10-23,2025-10,"[""Hidden Roll""]","[""Hidden Roll""]",False,True,False,False,success,game,999,999,0,USD,True,9.99,9.99,2026-09-13T05:59:40.267751+00:00,2025-10-23,2025-10-23,False,,20250911,2025-10,proportional_stratified_random_sample
1760,3974510,Mindcraft,2025-10-23,2025-10,"[""주식회사 몽가 (MONGAAA)""]","[""주식회사 몽가 (MONGAAA)""]",False,True,False,False,success,game,399,399,0,USD,True,3.99,3.99,2026-09-13T06:11:20.292854+00:00,2025-10-23,2025-10-23,False,,20250911,2025-10,proportional_stratified_random_sample
1761,3978700,Soul Redemption,2025-10-23,2025-10,"["" Happy Sufferer""]","["" Happy Sufferer""]",False,True,False,False,success,game,399,399,0,USD,True,3.99,3.99,2026-09-13T06:12:54.121967+00:00,2025-10-23,2025-10-23,False,,20250911,2025-10,proportional_stratified_random_sample
1762,3984970,Platoon,2025-10-23,2025-10,"[""Phalanx Tactical""]","[""Phalanx Tactical""]",False,True,False,False,success,game,999,999,0,USD,True,9.99,9.99,2026-09-13T06:15:34.031911+00:00,2025-10-23,2025-10-23,False,,20250911,2025-10,proportional_stratified_random_sample
1763,4021380,Absum,2025-10-23,2025-10,"[""MixoNat""]","[""MixoNat""]",False,True,False,False,success,game,499,349,30,USD,True,4.99,3.49,2026-09-13T06:28:35.100147+00:00,2025-10-23,2025-10-23,False,,20250911,2025-10,proportional_stratified_random_sample
1764,4030450,Halloween Trouble 7: The Apprentice,2025-10-23,2025-10,"[""Ironcode Gaming""]","[""Ironcode Gaming""]",False,True,True,True,success,game,999,999,0,USD,True,9.99,9.99,2026-09-13T06:31:37.451942+00:00,2025-10-23,2025-10-23,False,,20250911,2025-10,proportional_stratified_random_sample
1765,4033260,Unlimited Top - up,2025-10-23,2025-10,"[""快乐蜗牛工作室""]","[""快乐蜗牛工作室""]",False,True,False,False,success,game,999,999,0,USD,True,9.99,9.99,2026-09-13T06:32:35.197435+00:00,2025-10-23,2025-10-23,False,,20250911,2025-10,proportional_stratified_random_sample
1766,4033430,My Peephole: Hotel Harborview,2025-10-23,2025-10,"[""Limeless""]","[""Limeless""]",False,True,False,False,success,game,599,599,0,USD,True,5.99,5.99,2026-09-13T06:32:41.623996+00:00,2025-10-23,2025-10-23,False,,20250911,2025-10,proportional_stratified_random_sample
1767,4050410,Laser Hell,2025-10-23,2025-10,"[""Medieval Vixens""]","[""Medieval Vixens""]",False,True,False,False,success,game,99,99,0,USD,True,0.99,0.99,2026-09-13T06:38:18.960223+00:00,2025-10-23,2025-10-23,False,,20250911,2025-10,proportional_stratified_random_sample
1768,4056480,​Survivor: Gunfire,2025-10-23,2025-10,"[""XiheCreative""]","[""XiheCreative""]",False,True,False,False,success,game,299,299,0,USD,True,2.99,2.99,2026-09-13T06:40:49.937924+00:00,2025-10-23,2025-10-23,False,,20250911,2025-10,proportional_stratified_random_sample
1769,4075370,RainBullet,2025-10-23,2025-10,"[""Naker098""]","[""Naker098""]",False,True,False,False,success,game,299,299,0,USD,True,2.99,2.99,2026-09-13T06:46:15.881369+00:00,2025-10-23,2025-10-23,False,,20250911,2025-10,proportional_stratified_random_sample
1770,1932190,Outbreak: Shades of Horror,2025-10-24,2025-10,"[""Dead Drop Studios LLC""]","[""Dead Drop Studios LLC""]",False,True,False,False,success,game,2999,1019,66,USD,True,29.99,10.19,2026-09-12T13:16:05.882689+00:00,2025-10-24,2025-10-24,False,,20250911,2025-10,proportional_stratified_random_sample
1771,2092170,By Grit Alone,2025-10-24,2025-10,"[""Crooks Peak""]","[""Crooks Peak""]",False,True,False,False,success,game,1199,1199,0,USD,True,11.99,11.99,2026-09-13T05:48:54.481564+00:00,2025-10-24,2025-10-24,False,,20250911,2025-10,proportional_stratified_random_sample
1772,2365410,A Call From Under the House,2025-10-24,2025-10,"[""Party Crasher Studios""]","[""Party Crasher Studios""]",False,True,True,False,success,game,299,299,0,USD,True,2.99,2.99,2026-09-12T13:39:41.290264+00:00,2025-10-24,2025-10-24,False,,20250911,2025-10,proportional_stratified_random_sample
1773,2740170,Horse Racing Manager,2025-10-24,2025-10,"[""Sheep Meadow Road Games""]","[""Sheep Meadow Road Games""]",False,True,True,False,success,game,2499,2499,0,USD,True,24.99,24.99,2026-09-12T13:57:04.896475+00:00,2025-10-24,2025-10-24,False,,20250911,2025-10,proportional_stratified_random_sample
1774,2767430,Wisps of the Elements,2025-10-24,2025-10,"[""Benoît Ko""]","[""Benoît Ko""]",False,True,True,True,success,game,599,599,0,USD,True,5.99,5.99,2026-09-12T13:58:38.700281+00:00,2025-10-24,2025-10-24,False,,20250911,2025-10,proportional_stratified_random_sample
1775,2943250,Impawlse,2025-10-24,2025-10,"[""Perita Gamedev""]","[""Perita Gamedev""]",False,True,False,False,success,game,599,599,0,USD,True,5.99,5.99,2026-09-12T14:11:06.436774+00:00,2025-10-24,2025-10-24,False,,20250911,2025-10,proportional_stratified_random_sample
1776,3040670,Catalina's Horror Adventure,2025-10-24,2025-10,"[""Lazy Dev""]","[""Lazy Dev""]",False,True,False,False,success,game,999,999,0,USD,True,9.99,9.99,2026-09-12T14:19:20.257722+00:00,2025-10-24,2025-10-24,False,,20250911,2025-10,proportional_stratified_random_sample
1777,3183410,The Bench,2025-10-24,2025-10,"[""Voxel Studios""]","[""Noovola""]",False,True,False,False,success,game,1499,1499,0,USD,True,14.99,14.99,2026-09-12T14:33:23.650997+00:00,2025-10-24,2025-10-24,False,,20250911,2025-10,proportional_stratified_random_sample
1778,3234660,Tokiros,2025-10-24,2025-10,"[""Bixano Games""]","[""Bixano Games""]",False,True,False,False,success,game,99,50,49,USD,True,0.99,0.5,2026-09-12T14:39:44.349269+00:00,2025-10-24,2025-10-24,False,,20250911,2025-10,proportional_stratified_random_sample
1779,3273550,Dora™: Rainforest Rescue,2025-10-24,2025-10,"[""Artax Games.""]","[""Outright Games Ltd.""]",False,True,False,False,success,game,3999,1999,50,USD,True,39.99,19.99,2026-09-12T14:43:18.463798+00:00,2025-10-24,2025-10-24,False,,20250911,2025-10,proportional_stratified_random_sample
1780,3282980,Urbex Murder,2025-10-24,2025-10,"[""Rantabl""]","[""Rantabl""]",False,True,False,False,success,game,399,399,0,USD,True,3.99,3.99,2026-09-12T14:51:07.127851+00:00,2025-10-24,2025-10-24,False,,20250911,2025-10,proportional_stratified_random_sample
1781,3419690,Chicken Run: Eggstraction,2025-10-24,2025-10,"[""Aardman Animations Limited""]","[""Outright Games Ltd.""]",False,True,False,False,success,game,2999,2999,0,USD,True,29.99,29.99,2026-09-12T15:09:37.887216+00:00,2025-10-24,2025-10-24,False,,20250911,2025-10,proportional_stratified_random_sample
1782,3441000,Ardena,2025-10-24,2025-10,"[""RRSTUDIO""]","[""RRSTUDIO""]",False,True,False,False,success,game,699,699,0,USD,True,6.99,6.99,2026-09-12T15:13:24.447533+00:00,2025-10-24,2025-10-24,False,,20250911,2025-10,proportional_stratified_random_sample
1783,3509730,Jackie Hart: Headhunter,2025-10-24,2025-10,"[""Studio Hazy""]","[""Studio Hazy""]",False,True,True,True,success,game,899,899,0,USD,True,8.99,8.99,2026-09-12T15:25:01.827574+00:00,2025-10-24,2025-10-24,False,,20250911,2025-10,proportional_stratified_random_sample
1784,3571640,Mystic Jumper,2025-10-24,2025-10,"[""GVS sp. z o. o.""]","[""GVS sp. z o. o.""]",False,True,False,True,success,game,299,299,0,USD,True,2.99,2.99,2026-09-12T15:35:54.766717+00:00,2025-10-24,2025-10-24,False,,20250911,2025-10,proportional_stratified_random_sample
1785,3685030,Neon Strike,2025-10-24,2025-10,"[""Reza Mirzaei""]","[""Dreamware Games""]",False,True,True,True,success,game,199,199,0,USD,True,1.99,1.99,2026-09-12T16:05:07.655463+00:00,2025-10-24,2025-10-24,False,,20250911,2025-10,proportional_stratified_random_sample
1786,3703030,Nourish,2025-10-24,2025-10,"[""Anarkorp""]","[""Anarkorp""]",False,True,False,False,success,game,499,499,0,USD,True,4.99,4.99,2026-09-12T16:09:58.286717+00:00,2025-10-24,2025-10-24,False,,20250911,2025-10,proportional_stratified_random_sample
1787,3788370,Numachina,2025-10-24,2025-10,"[""Uberbax Gaming""]","[""Uberbax Gaming""]",False,True,False,False,success,game,299,299,0,USD,True,2.99,2.99,2026-09-12T16:36:26.209100+00:00,2025-10-24,2025-10-24,False,,20250911,2025-10,proportional_stratified_random_sample
1788,3819850,Silent Street,2025-10-24,2025-10,"[""SolarWireStudios""]","[""SolarWireStudios""]",False,True,False,False,success,game,199,199,0,USD,True,1.99,1.99,2026-09-12T16:51:21.207914+00:00,2025-10-24,2025-10-24,False,,20250911,2025-10,proportional_stratified_random_sample
1789,3845600,Living with a Little Fox Girl,2025-10-24,2025-10,"[""Flash Club""]","[""Saikey Studios""]",False,True,False,False,success,game,599,599,0,USD,True,5.99,5.99,2026-09-12T17:11:12.341033+00:00,2025-10-24,2025-10-24,False,,20250911,2025-10,proportional_stratified_random_sample
1790,3857380,NIGHTRAVEL,2025-10-24,2025-10,"[""Yoshida Gakuen""]","[""Yoshida Gakuen""]",True,True,False,False,success,game,,,,,False,,,2026-09-12T17:17:24.129710+00:00,2025-10-24,2025-10-24,False,,20250911,2025-10,proportional_stratified_random_sample
1791,3866620,From The Dark,2025-10-24,2025-10,"[""Caleb Tyson""]","[""Caleb Tyson""]",False,True,False,False,success,game,499,499,0,USD,True,4.99,4.99,2026-09-12T17:36:15.747839+00:00,2025-10-24,2025-10-24,False,,20250911,2025-10,proportional_stratified_random_sample
1792,3885860,Gnomeball,2025-10-24,2025-10,"[""Sokpop Collective""]","[""Sokpop Collective""]",True,True,True,False,success,game,,,,,False,,,2026-09-12T17:46:19.516816+00:00,2025-10-24,2025-10-24,False,,20250911,2025-10,proportional_stratified_random_sample
1793,3890550,Jam's Adjustable Mirrors,2025-10-24,2025-10,"[""Lycoris Studio Ltd.""]","[""Lycoris Studio Ltd.""]",True,True,True,False,success,game,,,,,False,,,2026-09-12T17:48:07.608072+00:00,2025-10-24,2025-10-24,False,,20250911,2025-10,proportional_stratified_random_sample
1794,3918660,Spinochet,2025-10-24,2025-10,"[""Juriklabs""]","[""Juriklabs""]",False,True,False,False,success,game,99,99,0,USD,True,0.99,0.99,2026-09-12T18:01:49.723202+00:00,2025-10-24,2025-10-24,False,,20250911,2025-10,proportional_stratified_random_sample
1795,3919230,Inferis: Dead Below,2025-10-24,2025-10,"[""Hemoria Studio""]","[""Hemoria Studio""]",False,True,False,False,success,game,399,399,0,USD,True,3.99,3.99,2026-09-12T18:02:11.046134+00:00,2025-10-24,2025-10-24,False,,20250911,2025-10,proportional_stratified_random_sample
1796,3937900,ReuniunO,2025-10-24,2025-10,"[""Slowsoftend""]","[""Slowsoftend""]",False,True,False,False,success,game,199,199,0,USD,True,1.99,1.99,2026-09-13T05:56:54.693997+00:00,2025-10-24,2025-10-24,False,,20250911,2025-10,proportional_stratified_random_sample
1797,3948350,Wolftown,2025-10-24,2025-10,"[""Portponky""]","[""Shambles Software""]",False,True,False,True,success,game,999,999,0,USD,True,9.99,9.99,2026-09-13T06:01:18.123222+00:00,2025-10-24,2025-10-24,False,,20250911,2025-10,proportional_stratified_random_sample
1798,3952230,3000m to Whatever’s Up There,2025-10-24,2025-10,"[""Roko""]","[""Roko""]",False,True,False,False,success,game,799,799,0,USD,True,7.99,7.99,2026-09-13T06:03:12.764900+00:00,2025-10-24,2025-10-24,False,,20250911,2025-10,proportional_stratified_random_sample
1799,3963200,Whodunnit: the Midnight Murder Mystery Files,2025-10-24,2025-10,"[""Sandalfoot Games""]","[""Sandalfoot Games""]",False,True,False,False,success,game,799,799,0,USD,True,7.99,7.99,2026-09-13T06:07:40.124170+00:00,2025-10-24,2025-10-24,False,,20250911,2025-10,proportional_stratified_random_sample
1800,3981780,The Beautiful World,2025-10-24,2025-10,"[""Gísli Veigar""]","[""Gísli Veigar""]",False,True,False,False,success,game,199,199,0,USD,True,1.99,1.99,2026-09-13T06:14:17.155772+00:00,2025-10-24,2025-10-24,False,,20250911,2025-10,proportional_stratified_random_sample
1801,3982130,Hijong Park's Defender Patrol,2025-10-24,2025-10,"[""Hijong Park""]","[""PsychoFlux Entertainment""]",False,True,False,False,success,game,499,499,0,USD,True,4.99,4.99,2026-09-13T06:14:27.963740+00:00,2025-10-24,2025-10-24,False,,20250911,2025-10,proportional_stratified_random_sample
1802,3988830,Crystal of Death,2025-10-24,2025-10,"[""Coderade Games""]","[""Coderade Software""]",False,True,False,False,success,game,599,599,0,USD,True,5.99,5.99,2026-09-13T06:17:09.920845+00:00,2025-10-24,2025-10-24,False,,20250911,2025-10,proportional_stratified_random_sample
1803,4010330,Sabbatical In Merzouga,2025-10-24,2025-10,"[""Feeling Potion""]","[""Feeling Potion""]",False,True,True,False,success,game,599,599,0,USD,True,5.99,5.99,2026-09-13T06:25:23.237148+00:00,2025-10-24,2025-10-24,False,,20250911,2025-10,proportional_stratified_random_sample
1804,4041870,BANE-FALL,2025-10-24,2025-10,"[""SJ3""]","[""SJ3""]",False,True,False,False,success,game,499,499,0,USD,True,4.99,4.99,2026-09-13T06:35:40.081446+00:00,2025-10-24,2025-10-24,False,,20250911,2025-10,proportional_stratified_random_sample
1805,4056560,Arthur's 1st Grade,2025-10-24,2025-10,"[""Jordan Freeman Group"",""Marc Brown Studios"",""Wanderful Edutainment""]","[""ZOOM Platform Media"",""Marc Brown Studios"",""Wanderful Edutainment""]",False,True,False,False,success,game,999,999,0,USD,True,9.99,9.99,2026-09-13T06:40:52.163338+00:00,2025-10-24,2025-10-24,False,,20250911,2025-10,proportional_stratified_random_sample
1806,4056580,Arthur's Kindergarten,2025-10-24,2025-10,"[""Jordan Freeman Group"",""Marc Brown Studios"",""Wanderful Edutainment""]","[""ZOOM Platform Media"",""Marc Brown Studios"",""Wanderful Edutainment""]",False,True,False,False,success,game,999,999,0,USD,True,9.99,9.99,2026-09-13T06:40:56.286978+00:00,2025-10-24,2025-10-24,False,,20250911,2025-10,proportional_stratified_random_sample
1807,4103510,The Unseen Fears: Inner Darkness Collector's Edition,2025-10-24,2025-10,"[""GrandMa Studios""]","[""BFG Entertainment""]",False,True,True,False,success,game,1999,1999,0,USD,True,19.99,19.99,2026-09-13T06:52:45.190884+00:00,2025-10-24,2025-10-24,False,,20250911,2025-10,proportional_stratified_random_sample
1808,2848680,Landmaster,2025-10-25,2025-10,"[""Creative Quark""]","[""Creative Quark""]",False,True,False,False,success,game,499,499,0,USD,True,4.99,4.99,2026-09-12T14:03:40.757953+00:00,2025-10-25,2025-10-25,False,,20250911,2025-10,proportional_stratified_random_sample
1809,3095180,Delta Directive,2025-10-25,2025-10,"[""CODEHUB""]","[""CODEHUB STUDIOS""]",False,True,False,False,success,game,99,99,0,USD,True,0.99,0.99,2026-09-12T14:24:22.144697+00:00,2025-10-25,2025-10-25,False,,20250911,2025-10,proportional_stratified_random_sample
1810,3991210,Survive From Museum,2025-10-25,2025-10,"[""HYGY Games""]","[""HYGY Games""]",True,True,False,False,success,game,,,,,False,,,2026-09-13T06:17:56.941291+00:00,2025-10-25,2025-10-25,False,,20250911,2025-10,proportional_stratified_random_sample
1811,4025330,林葬屋前传：冥声,2025-10-25,2025-10,"[""MYSTERY CROWN"",""火蜥蜴文化""]","[""MYSTERY CROWN""]",False,True,True,False,success,game,699,699,0,USD,True,6.99,6.99,2026-09-13T06:30:21.759724+00:00,2025-10-25,2025-10-25,False,,20250911,2025-10,proportional_stratified_random_sample
1812,1925940,THE OFFICE ROOMS,2025-10-26,2025-10,"[""Lowkey GameDev""]","[""Lowkey GameDev""]",True,True,False,False,success,game,,,,,False,,,2026-09-12T13:15:48.979797+00:00,2025-10-26,2025-10-26,False,,20250911,2025-10,proportional_stratified_random_sample
1813,2151380,Chaosborn,2025-10-26,2025-10,"[""Erich Meurer""]","[""OwlGames""]",False,True,False,False,success,game,299,299,0,USD,True,2.99,2.99,2026-09-12T13:31:32.581927+00:00,2025-10-26,2025-10-26,False,,20250911,2025-10,proportional_stratified_random_sample
1814,3591360,Bad Bitch Blasters,2025-10-26,2025-10,"[""Goiaba Megas Xellox""]","[""Goiaba Megas Xellox""]",False,True,False,False,success,game,299,299,0,USD,True,2.99,2.99,2026-09-12T15:40:40.704620+00:00,2025-10-26,2025-10-26,False,,20250911,2025-10,proportional_stratified_random_sample
1815,3758560,Abyssal Drift,2025-10-26,2025-10,"[""Rebelião Studio""]","[""Rebelião Studio""]",False,True,False,False,success,game,399,399,0,USD,True,3.99,3.99,2026-09-12T16:27:44.557533+00:00,2025-10-26,2025-10-26,False,,20250911,2025-10,proportional_stratified_random_sample
1816,3772060,Bunny's Tea Time,2025-10-26,2025-10,"[""혜패 HYEPÆ""]","[""혜패 HYEPÆ""]",False,True,False,False,success,game,999,999,0,USD,True,9.99,9.99,2026-09-12T16:31:37.685957+00:00,2025-10-26,2025-10-26,False,,20250911,2025-10,proportional_stratified_random_sample
1817,3795140,Railroad crossing play,2025-10-26,2025-10,"[""RucKyGAMES""]","[""RucKyGAMES""]",False,True,False,False,success,game,99,99,0,USD,True,0.99,0.99,2026-09-12T16:39:19.856528+00:00,2025-10-26,2025-10-26,False,,20250911,2025-10,proportional_stratified_random_sample
1818,3851630,ToneTrek,2025-10-26,2025-10,"[""Dark Waters Games""]","[""Dark Waters Games""]",False,True,False,False,success,game,499,499,0,USD,True,4.99,4.99,2026-09-12T17:14:05.949820+00:00,2025-10-26,2025-10-26,False,,20250911,2025-10,proportional_stratified_random_sample
1819,4000510,Your Teacher,2025-10-26,2025-10,"[""VorhGames""]","[""VorhGames""]",False,True,False,False,success,game,99,99,0,USD,True,0.99,0.99,2026-09-13T06:21:50.499250+00:00,2025-10-26,2025-10-26,False,,20250911,2025-10,proportional_stratified_random_sample
1820,4017580,Within The Mind,2025-10-26,2025-10,"[""RC-LP""]","[""RC-LP""]",False,True,False,False,success,game,299,299,0,USD,True,2.99,2.99,2026-09-13T06:27:30.982379+00:00,2025-10-26,2025-10-26,False,,20250911,2025-10,proportional_stratified_random_sample
1821,4033240,Pentamania: Alchemy Madness,2025-10-26,2025-10,"[""Athmyx"",""Rong"",""Navinor"",""Brogan"",""Dillion"",""Melodie""]","[""Athmyx""]",True,True,False,False,success,game,,,,,False,,,2026-09-13T06:32:33.092507+00:00,2025-10-26,2025-10-26,False,,20250911,2025-10,proportional_stratified_random_sample
1822,1395520,The Séance of Blake Manor,2025-10-27,2025-10,"[""Spooky Doorway""]","[""Raw Fury""]",False,True,False,True,success,game,1999,1999,0,USD,True,19.99,19.99,2026-09-12T13:05:24.631734+00:00,2025-10-27,2025-10-27,False,,20250911,2025-10,proportional_stratified_random_sample
1823,1689390,Mythrealm,2025-10-27,2025-10,"[""Delta Video Games""]","[""indie.io""]",False,True,False,False,success,game,1499,1499,0,USD,True,14.99,14.99,2026-09-12T13:10:34.940827+00:00,2025-10-27,2025-10-27,False,,20250911,2025-10,proportional_stratified_random_sample
1824,1985300,SIR ABANDON,2025-10-27,2025-10,"[""Retro-Role-Playing-Game"",""RRPG2022""]","[""RRPG2022""]",False,True,False,False,success,game,999,999,0,USD,True,9.99,9.99,2026-09-12T13:20:57.118886+00:00,2025-10-27,2025-10-27,False,,20250911,2025-10,proportional_stratified_random_sample
1825,2112750,Toziuha Night: Order of the Alchemists,2025-10-27,2025-10,"[""Danny Garay""]","[""Danny Garay""]",False,True,False,True,success,game,1899,1899,0,USD,True,18.99,18.99,2026-09-12T13:30:03.491782+00:00,2025-10-27,2025-10-27,False,,20250911,2025-10,proportional_stratified_random_sample
1826,2602230,MotionRec,2025-10-27,2025-10,"[""HANDSUM""]","[""PLAYISM""]",False,True,False,False,success,game,999,999,0,USD,True,9.99,9.99,2026-09-12T13:50:33.934340+00:00,2025-10-27,2025-10-27,False,,20250911,2025-10,proportional_stratified_random_sample
1827,2749260,Nanny's Journey,2025-10-27,2025-10,"[""Game-Id""]","[""Game-Id""]",False,True,True,False,success,game,799,799,0,USD,True,7.99,7.99,2026-09-12T13:57:41.185979+00:00,2025-10-27,2025-10-27,False,,20250911,2025-10,proportional_stratified_random_sample
1828,2813900,The Office Killer,2025-10-27,2025-10,"[""IceMoon Games""]","[""IceMoon Games""]",False,True,False,False,success,game,999,999,0,USD,True,9.99,9.99,2026-09-12T14:00:57.317287+00:00,2025-10-27,2025-10-27,False,,20250911,2025-10,proportional_stratified_random_sample
1829,2827200,MIMESIS,2025-10-27,2025-10,"[""ReLU Games, Inc.""]","[""ReLU Games, Inc."",""KRAFTON, Inc.""]",False,True,False,False,success,game,999,999,0,USD,True,9.99,9.99,2026-09-12T14:02:12.737891+00:00,2025-10-27,2025-10-27,False,,20250911,2025-10,proportional_stratified_random_sample
1830,2878450,Master of Command,2025-10-27,2025-10,"[""Armchair Interactive""]","[""Armchair Interactive""]",False,True,False,False,success,game,2999,2249,25,USD,True,29.99,22.49,2026-09-12T14:05:43.992703+00:00,2025-10-27,2025-10-27,False,,20250911,2025-10,proportional_stratified_random_sample
1831,3006080,Aris Arcanum,2025-10-27,2025-10,"[""Broken Cane""]","[""indie.io""]",False,True,False,False,success,game,1499,1499,0,USD,True,14.99,14.99,2026-09-12T14:15:36.192773+00:00,2025-10-27,2025-10-27,False,,20250911,2025-10,proportional_stratified_random_sample
1832,3035320,Zombie God,2025-10-27,2025-10,"[""Codematik""]","[""Codematik""]",False,True,False,False,success,game,1179,1179,0,USD,True,11.79,11.79,2026-09-12T14:18:35.132588+00:00,2025-10-27,2025-10-27,False,,20250911,2025-10,proportional_stratified_random_sample
1833,3203160,Talk to Me Human,2025-10-27,2025-10,"[""Least Significant Bit""]","[""Least Significant Bit""]",False,True,False,False,success,game,999,999,0,USD,True,9.99,9.99,2026-09-12T14:35:46.572904+00:00,2025-10-27,2025-10-27,False,,20250911,2025-10,proportional_stratified_random_sample
1834,3305120,Dead Exhale,2025-10-27,2025-10,"[""ODale Studios""]","[""ODale Studios""]",False,True,False,False,success,game,299,71,76,USD,True,2.99,0.71,2026-09-12T14:53:56.197561+00:00,2025-10-27,2025-10-27,False,,20250911,2025-10,proportional_stratified_random_sample
1835,3489460,Loop//Error,2025-10-27,2025-10,"[""Koro Pixel Studio""]","[""Dark Product""]",False,True,False,False,success,game,299,299,0,USD,True,2.99,2.99,2026-09-12T15:21:50.321346+00:00,2025-10-27,2025-10-27,False,,20250911,2025-10,proportional_stratified_random_sample
1836,3494210,Choo Choo Survivor 2,2025-10-27,2025-10,"[""GTGD""]","[""GTGD""]",False,True,True,False,success,game,599,599,0,USD,True,5.99,5.99,2026-09-12T15:22:22.068421+00:00,2025-10-27,2025-10-27,False,,20250911,2025-10,proportional_stratified_random_sample
1837,3552820,The Horde Wants You Dead,2025-10-27,2025-10,"[""Bellyflop Games""]","[""Bellyflop Games""]",False,True,False,False,success,game,999,999,0,USD,True,9.99,9.99,2026-09-12T15:32:08.122247+00:00,2025-10-27,2025-10-27,False,,20250911,2025-10,proportional_stratified_random_sample
1838,3585480,Soul Gather,2025-10-27,2025-10,"[""Dinoworldgames""]","[""Dinoworldgames""]",False,True,False,False,success,game,799,799,0,USD,True,7.99,7.99,2026-09-12T15:39:02.948662+00:00,2025-10-27,2025-10-27,False,,20250911,2025-10,proportional_stratified_random_sample
1839,3673060,How to Train Your Cock,2025-10-27,2025-10,"[""Little Horror Studios""]","[""Little Horror Studios""]",False,True,False,False,success,game,399,279,30,USD,True,3.99,2.79,2026-09-12T16:00:37.611895+00:00,2025-10-27,2025-10-27,False,,20250911,2025-10,proportional_stratified_random_sample
1840,3718230,呼~/huuu,2025-10-27,2025-10,"[""woohoo""]","[""woohoo""]",True,True,False,False,success,game,,,,,False,,,2026-09-12T16:16:07.482598+00:00,2025-10-27,2025-10-27,False,,20250911,2025-10,proportional_stratified_random_sample
1841,3792610,Jigsaw Puzzle,2025-10-27,2025-10,"[""Dreamglobe""]","[""Dreamglobe""]",False,True,False,False,success,game,995,995,0,USD,True,9.95,9.95,2026-09-12T16:38:13.077800+00:00,2025-10-27,2025-10-27,False,,20250911,2025-10,proportional_stratified_random_sample
1842,3815000,Geamana Village,2025-10-27,2025-10,"[""Chainwolf Studio"",""Otozip""]","[""Chainwolf Studio""]",False,True,False,True,success,game,625,625,0,USD,True,6.25,6.25,2026-09-12T16:48:59.102839+00:00,2025-10-27,2025-10-27,False,,20250911,2025-10,proportional_stratified_random_sample
1843,3948980,Age of Damnation,2025-10-27,2025-10,"[""WukaStudio""]","[""WukaStudio""]",False,True,False,False,success,game,699,699,0,USD,True,6.99,6.99,2026-09-13T06:01:37.158979+00:00,2025-10-27,2025-10-27,False,,20250911,2025-10,proportional_stratified_random_sample
1844,3966090,The Mushroom Adventrue:Call of Distant Realms,2025-10-27,2025-10,"[""Shenzhen Yiling Industrial Design Center""]","[""Shenzhen Yiling Industrial Design Center""]",False,True,False,False,success,game,1799,1799,0,USD,True,17.99,17.99,2026-09-13T06:09:05.345980+00:00,2025-10-27,2025-10-27,False,,20250911,2025-10,proportional_stratified_random_sample
1845,3978710,Your Friend Wiggles,2025-10-27,2025-10,"[""BOC Studio""]","[""BOC Studio""]",False,True,False,False,success,game,299,299,0,USD,True,2.99,2.99,2026-09-13T06:12:56.203794+00:00,2025-10-27,2025-10-27,False,,20250911,2025-10,proportional_stratified_random_sample
1846,3988370,Rise & Pop!,2025-10-27,2025-10,"[""HyperstasisGaming""]","[""HyperstasisGaming""]",False,True,False,False,success,game,399,399,0,USD,True,3.99,3.99,2026-09-13T06:16:54.687501+00:00,2025-10-27,2025-10-27,False,,20250911,2025-10,proportional_stratified_random_sample
1847,4004650,Pharma R&D Manager,2025-10-27,2025-10,"[""Innopede GmbH""]","[""Innopede GmbH""]",False,True,False,False,success,game,4999,4999,0,USD,True,49.99,49.99,2026-09-13T06:23:21.586820+00:00,2025-10-27,2025-10-27,False,,20250911,2025-10,proportional_stratified_random_sample
1848,4023200,Penelope Syndrome,2025-10-27,2025-10,"[""Critoniuum""]","[""Dd Games""]",False,True,False,False,success,game,499,499,0,USD,True,4.99,4.99,2026-09-13T06:29:31.002192+00:00,2025-10-27,2025-10-27,False,,20250911,2025-10,proportional_stratified_random_sample
1849,4027120,Farmer Fowl's Farmhouse,2025-10-27,2025-10,"[""Chatter Games""]","[""Chatter Games""]",False,True,False,False,success,game,299,299,0,USD,True,2.99,2.99,2026-09-13T06:30:45.055381+00:00,2025-10-27,2025-10-27,False,,20250911,2025-10,proportional_stratified_random_sample
1850,4039100,Table Battle Simulator: Prologue,2025-10-27,2025-10,"[""Kiki Games""]","[""Kiki Games""]",True,True,False,False,success,game,,,,,False,,,2026-09-13T06:34:38.485378+00:00,2025-10-27,2025-10-27,False,,20250911,2025-10,proportional_stratified_random_sample
1851,1594040,Wreckreation,2025-10-28,2025-10,"[""Three Fields Entertainment""]","[""THQ Nordic""]",False,True,False,False,success,game,3999,3999,0,USD,True,39.99,39.99,2026-09-12T13:08:52.470933+00:00,2025-10-28,2025-10-28,False,,20250911,2025-10,proportional_stratified_random_sample
1852,1940870,The Creator,2025-10-28,2025-10,"[""Mark Miller""]","[""Mark Miller""]",False,True,False,False,success,game,699,699,0,USD,True,6.99,6.99,2026-09-12T13:16:27.138620+00:00,2025-10-28,2025-10-28,False,,20250911,2025-10,proportional_stratified_random_sample
1853,2521400,愚人船 NARRENSCHIFF,2025-10-28,2025-10,"[""Anonymous"",""Anonymous""]","[""Anonymous"",""Anonymous""]",False,True,False,False,success,game,1200,1200,0,USD,True,12.0,12.0,2026-09-12T13:47:03.225351+00:00,2025-10-28,2025-10-28,False,,20250911,2025-10,proportional_stratified_random_sample
1854,2920010,Comet Angel,2025-10-28,2025-10,"[""Cross Couloir""]","[""Cross Couloir""]",False,True,True,True,success,game,799,799,0,USD,True,7.99,7.99,2026-09-12T14:08:51.094443+00:00,2025-10-28,2025-10-28,False,,20250911,2025-10,proportional_stratified_random_sample
1855,3309750,As Long As You're Here,2025-10-28,2025-10,"[""Autoscopia""]","[""Autoscopia""]",False,True,True,False,success,game,999,999,0,USD,True,9.99,9.99,2026-09-12T14:54:18.085440+00:00,2025-10-28,2025-10-28,False,,20250911,2025-10,proportional_stratified_random_sample
1856,3687940,Missing Hearts: Сrimson Cruise Collector's Edition,2025-10-28,2025-10,"[""Do Games Limited""]","[""Do Games Limited""]",False,True,True,False,success,game,1199,1199,0,USD,True,11.99,11.99,2026-09-12T16:05:51.859005+00:00,2025-10-28,2025-10-28,False,,20250911,2025-10,proportional_stratified_random_sample
1857,3721290,BeatBucs,2025-10-28,2025-10,"[""Bigote Studios""]","[""Bigote Studios""]",False,True,True,False,success,game,499,499,0,USD,True,4.99,4.99,2026-09-12T16:17:04.353287+00:00,2025-10-28,2025-10-28,False,,20250911,2025-10,proportional_stratified_random_sample
1858,3739960,Retro Racing 2,2025-10-28,2025-10,"[""Mr Qwak""]","[""Mr Qwak""]",False,True,False,False,success,game,1199,1199,0,USD,True,11.99,11.99,2026-09-12T16:21:51.542168+00:00,2025-10-28,2025-10-28,False,,20250911,2025-10,proportional_stratified_random_sample
1859,3773590,Death by Scrolling,2025-10-28,2025-10,"[""Terrible Toybox NZ""]","[""MicroProse Software""]",False,True,True,True,success,game,799,799,0,USD,True,7.99,7.99,2026-09-12T16:32:03.690580+00:00,2025-10-28,2025-10-28,False,,20250911,2025-10,proportional_stratified_random_sample
1860,3829350,Vribyss Refuge™ Metamorphosis,2025-10-28,2025-10,"[""Ernesto Aragon""]","[""Vierlyss Entertainment ""]",False,True,False,False,success,game,199,199,0,USD,True,1.99,1.99,2026-09-12T16:56:30.825088+00:00,2025-10-28,2025-10-28,False,,20250911,2025-10,proportional_stratified_random_sample
1861,3841220,Midnight Crane,2025-10-28,2025-10,"[""Dekaizen Studios LLC""]","[""Dekaizen Studios LLC""]",False,True,False,False,success,game,799,799,0,USD,True,7.99,7.99,2026-09-12T17:08:36.994088+00:00,2025-10-28,2025-10-28,False,,20250911,2025-10,proportional_stratified_random_sample
1862,3853070,ARONDIGHT  アロンダイト,2025-10-28,2025-10,"[""COPIKAL""]","[""COPIKAL""]",False,True,False,False,success,game,599,599,0,USD,True,5.99,5.99,2026-09-12T17:15:01.673273+00:00,2025-10-28,2025-10-28,False,,20250911,2025-10,proportional_stratified_random_sample
1863,3868850,MISHA,2025-10-28,2025-10,"[""RPGames""]","[""RPGames""]",True,True,False,False,success,game,,,,,False,,,2026-09-12T17:37:31.515599+00:00,2025-10-28,2025-10-28,False,,20250911,2025-10,proportional_stratified_random_sample
1864,3879810,Train Deluxe 2026 Kurakyu,2025-10-28,2025-10,"[""MFC STUDIO"",""KOSEI YASUDA""]","[""MFC STUDIO""]",False,True,False,False,success,game,2999,2999,0,USD,True,29.99,29.99,2026-09-12T17:43:26.203148+00:00,2025-10-28,2025-10-28,False,,20250911,2025-10,proportional_stratified_random_sample
1865,3944010,Mindscorn,2025-10-28,2025-10,"[""Mystic Craftz""]","[""Mystic Craftz""]",False,True,False,False,success,game,499,499,0,USD,True,4.99,4.99,2026-09-13T05:59:38.222392+00:00,2025-10-28,2025-10-28,False,,20250911,2025-10,proportional_stratified_random_sample
1866,4038910,A Home Is Safe,2025-10-28,2025-10,"[""Beto Damian""]","[""Beto Damian""]",False,True,True,False,success,game,799,799,0,USD,True,7.99,7.99,2026-09-13T06:34:34.225354+00:00,2025-10-28,2025-10-28,False,,20250911,2025-10,proportional_stratified_random_sample
1867,1449110,The Outer Worlds 2,2025-10-29,2025-10,"[""Obsidian Entertainment""]","[""Xbox Game Studios""]",False,True,False,False,success,game,6999,6999,0,USD,True,69.99,69.99,2026-09-12T13:06:39.439199+00:00,2025-10-29,2025-10-29,False,,20250911,2025-10,proportional_stratified_random_sample
1868,1541370,Ultimate Theater Simulator,2025-10-29,2025-10,"[""RAKTWO Games"",""steelbox Games""]","[""steelbox Games"",""RAKTWO Games""]",False,True,True,False,success,game,1299,1299,0,USD,True,12.99,12.99,2026-09-12T13:07:44.952874+00:00,2025-10-29,2025-10-29,False,,20250911,2025-10,proportional_stratified_random_sample
1869,2687280,Red's Ascent,2025-10-29,2025-10,"[""Özgür Çallı""]","[""Bitmon Studios""]",False,True,False,False,success,game,499,499,0,USD,True,4.99,4.99,2026-09-12T13:54:20.056438+00:00,2025-10-29,2025-10-29,False,,20250911,2025-10,proportional_stratified_random_sample
1870,2691340,The Christopher Redemption - I,2025-10-29,2025-10,"[""Secernate Games Private Limited""]","[""Secernate Games Private Limited""]",False,True,False,False,success,game,499,499,0,USD,True,4.99,4.99,2026-09-12T13:54:34.916310+00:00,2025-10-29,2025-10-29,False,,20250911,2025-10,proportional_stratified_random_sample
1871,2978460,HARD VOID,2025-10-29,2025-10,"[""jejoxdev""]","[""jejoxdev""]",False,True,False,True,success,game,1999,1999,0,USD,True,19.99,19.99,2026-09-12T14:13:11.914226+00:00,2025-10-29,2025-10-29,False,,20250911,2025-10,proportional_stratified_random_sample
1872,3441200,Ruby Journey,2025-10-29,2025-10,"[""Aizeir""]","[""Aizeir""]",False,True,False,False,success,game,499,499,0,USD,True,4.99,4.99,2026-09-12T15:13:26.563796+00:00,2025-10-29,2025-10-29,False,,20250911,2025-10,proportional_stratified_random_sample
1873,3454980,Mortal Kombat: Legacy Kollection,2025-10-29,2025-10,"[""Digital Eclipse""]","[""Digital Eclipse"",""Atari""]",False,True,False,False,success,game,4999,4999,0,USD,True,49.99,49.99,2026-09-12T15:16:06.918273+00:00,2025-10-29,2025-10-29,False,,20250911,2025-10,proportional_stratified_random_sample
1874,3516890,Drop Dead: The Cabin,2025-10-29,2025-10,"[""Soul Assembly Ltd""]","[""Soul Assembly Ltd""]",False,True,False,False,success,game,1099,1099,0,USD,True,10.99,10.99,2026-09-12T15:26:17.203664+00:00,2025-10-29,2025-10-29,False,,20250911,2025-10,proportional_stratified_random_sample
1875,3719500,Muhe space,2025-10-29,2025-10,"[""klmfs""]","[""klmfs""]",False,True,False,False,success,game,699,699,0,USD,True,6.99,6.99,2026-09-12T16:16:24.421532+00:00,2025-10-29,2025-10-29,False,,20250911,2025-10,proportional_stratified_random_sample
1876,3842770,The Last Village,2025-10-29,2025-10,"[""Skrixx""]","[""Skrixx""]",False,True,False,False,success,game,299,299,0,USD,True,2.99,2.99,2026-09-12T17:09:37.148582+00:00,2025-10-29,2025-10-29,False,,20250911,2025-10,proportional_stratified_random_sample
1877,3880060,Corrupted Basement,2025-10-29,2025-10,"[""Blopster""]","[""blopsterdev""]",False,True,False,False,success,game,399,399,0,USD,True,3.99,3.99,2026-09-12T17:43:32.714114+00:00,2025-10-29,2025-10-29,False,,20250911,2025-10,proportional_stratified_random_sample
1878,3910440,The Remainer,2025-10-29,2025-10,"[""20100""]","[""20100""]",False,True,False,False,success,game,699,699,0,USD,True,6.99,6.99,2026-09-12T17:58:06.967144+00:00,2025-10-29,2025-10-29,False,,20250911,2025-10,proportional_stratified_random_sample
1879,3911340,Galaxy for Dummies,2025-10-29,2025-10,"[""Alien Abduction Art""]","[""Eelsmooth""]",False,True,False,False,success,game,499,499,0,USD,True,4.99,4.99,2026-09-12T17:58:32.335045+00:00,2025-10-29,2025-10-29,False,,20250911,2025-10,proportional_stratified_random_sample
1880,3943880,GORE,2025-10-29,2025-10,"[""CosmicArcade""]","[""CosmicArcade""]",False,True,False,False,success,game,199,199,0,USD,True,1.99,1.99,2026-09-13T05:59:29.812837+00:00,2025-10-29,2025-10-29,False,,20250911,2025-10,proportional_stratified_random_sample
1881,3962740,Pediluvium,2025-10-29,2025-10,"["" Alice Karaush""]","["" Alice Karaush""]",False,True,False,False,success,game,99,99,0,USD,True,0.99,0.99,2026-09-13T06:07:29.645297+00:00,2025-10-29,2025-10-29,False,,20250911,2025-10,proportional_stratified_random_sample
1882,3984440,Beguile,2025-10-29,2025-10,"[""coeda""]","[""coeda""]",False,True,False,False,success,game,499,499,0,USD,True,4.99,4.99,2026-09-13T06:15:16.922393+00:00,2025-10-29,2025-10-29,False,,20250911,2025-10,proportional_stratified_random_sample
1883,4020720,Yapori Dimensões,2025-10-29,2025-10,"[""Hayllon""]","[""Hayllon Studios""]",False,True,False,False,success,game,199,199,0,USD,True,1.99,1.99,2026-09-13T06:28:28.822358+00:00,2025-10-29,2025-10-29,False,,20250911,2025-10,proportional_stratified_random_sample
1884,4055490,Ressolve Steps,2025-10-29,2025-10,"[""cokit219""]","[""Heppiri""]",True,True,False,False,success,game,,,,,False,,,2026-09-13T06:40:13.459465+00:00,2025-10-29,2025-10-29,False,,20250911,2025-10,proportional_stratified_random_sample
1885,4083540,Cozy Cat,2025-10-29,2025-10,"[""Project Soda""]","[""Project Soda""]",False,True,False,False,success,game,99,99,0,USD,True,0.99,0.99,2026-09-13T06:48:06.584808+00:00,2025-10-29,2025-10-29,False,,20250911,2025-10,proportional_stratified_random_sample
1886,4097890,Sweetie Candy Maze: Pink Raspberry,2025-10-29,2025-10,"[""Cute Hannah's Games""]","[""Cute Hannah's Games""]",False,True,False,False,success,game,199,199,0,USD,True,1.99,1.99,2026-09-13T06:51:39.053244+00:00,2025-10-29,2025-10-29,False,,20250911,2025-10,proportional_stratified_random_sample
1887,766500,The Hordes of the Dead,2025-10-30,2025-10,"[""Sergio Castillo"",""SergesChateau""]","[""Sergio Castillo"",""SergesChateau""]",False,True,True,False,success,game,399,399,0,USD,True,3.99,3.99,2026-09-12T12:52:42.650282+00:00,2025-10-30,2025-10-30,False,,20250911,2025-10,proportional_stratified_random_sample
1888,2282770,Jack the Ripper: Hunter Clan,2025-10-30,2025-10,"[""Plus Alpha Game Studio""]","[""Plus Alpha Game Studio""]",False,True,True,False,success,game,499,499,0,USD,True,4.99,4.99,2026-09-12T13:35:59.189435+00:00,2025-10-30,2025-10-30,False,,20250911,2025-10,proportional_stratified_random_sample
1889,2285150,The Front,2025-10-30,2025-10,"[""Samar Studio""]","[""Samar Studio""]",False,True,False,False,success,game,1999,1999,0,USD,True,19.99,19.99,2026-09-12T13:36:03.596071+00:00,2025-10-30,2025-10-30,False,,20250911,2025-10,proportional_stratified_random_sample
1890,2719740,Zero Caliber 2 Remastered,2025-10-30,2025-10,"[""XREAL Games""]","[""XREAL Games""]",False,True,False,False,success,game,2499,1249,50,USD,True,24.99,12.49,2026-09-12T13:55:53.272431+00:00,2025-10-30,2025-10-30,False,,20250911,2025-10,proportional_stratified_random_sample
1891,2886690,Human Sacrifice,2025-10-30,2025-10,"[""GameStalker""]","[""GameStalker""]",False,True,False,False,success,game,199,199,0,USD,True,1.99,1.99,2026-09-12T14:06:09.972311+00:00,2025-10-30,2025-10-30,False,,20250911,2025-10,proportional_stratified_random_sample
1892,2929880,Z-Factor,2025-10-30,2025-10,"[""The Creator One""]","[""Dmitrii Susloparov""]",False,True,False,False,success,game,699,699,0,USD,True,6.99,6.99,2026-09-12T14:10:13.549383+00:00,2025-10-30,2025-10-30,False,,20250911,2025-10,proportional_stratified_random_sample
1893,3054820,DevilConnection,2025-10-30,2025-10,"[""ChaoGames""]","[""ChaoGames""]",False,True,True,False,success,game,1666,1666,0,USD,True,16.66,16.66,2026-09-12T14:20:26.092116+00:00,2025-10-30,2025-10-30,False,,20250911,2025-10,proportional_stratified_random_sample
1894,3069360,RIP Party,2025-10-30,2025-10,"[""RewdanSprites""]","[""RewdanSprites""]",False,True,False,False,success,game,100,100,0,USD,True,1.0,1.0,2026-09-12T14:22:01.779302+00:00,2025-10-30,2025-10-30,False,,20250911,2025-10,proportional_stratified_random_sample
1895,3160560,Tale Smiths,2025-10-30,2025-10,"[""Clever Simulation Entertainment"",""Kajaani University of Applied Sciences"",""Western Development Commission"",""Regional Council of Kainuu"",""Visit Tórshavn"",""Västerbotten County Council"",""The Nordland Museum""]","[""Clever Simulation Entertainment""]",True,True,False,False,success,game,,,,,False,,,2026-09-12T14:31:09.421599+00:00,2025-10-30,2025-10-30,False,,20250911,2025-10,proportional_stratified_random_sample
1896,3453680,Where is my hat?,2025-10-30,2025-10,"[""God's Hat Team""]","[""God's Hat Team""]",False,True,False,False,success,game,100,100,0,USD,True,1.0,1.0,2026-09-12T15:15:49.722429+00:00,2025-10-30,2025-10-30,False,,20250911,2025-10,proportional_stratified_random_sample
1897,3482550,A Day's Work,2025-10-30,2025-10,"[""Emanuel Alvgard""]","[""Emanuel Alvgard""]",False,True,False,False,success,game,299,299,0,USD,True,2.99,2.99,2026-09-12T15:20:55.743844+00:00,2025-10-30,2025-10-30,False,,20250911,2025-10,proportional_stratified_random_sample
1898,3489240,Asterix & Obelix - Mission Babylon,2025-10-30,2025-10,"[""Balio Studio""]","[""Microids""]",False,True,False,False,success,game,2499,2499,0,USD,True,24.99,24.99,2026-09-12T15:21:48.253163+00:00,2025-10-30,2025-10-30,False,,20250911,2025-10,proportional_stratified_random_sample
1899,3565700,Forgedale,2025-10-30,2025-10,"[""fogeL Games""]","[""fogeL Games""]",False,True,False,False,success,game,999,999,0,USD,True,9.99,9.99,2026-09-12T15:34:59.254853+00:00,2025-10-30,2025-10-30,False,,20250911,2025-10,proportional_stratified_random_sample
1900,3820130,The Dream Globe,2025-10-30,2025-10,"[""Roaming of Little Hammer""]","[""Roaming of Little Hammer""]",False,True,False,False,success,game,299,299,0,USD,True,2.99,2.99,2026-09-12T16:51:23.420353+00:00,2025-10-30,2025-10-30,False,,20250911,2025-10,proportional_stratified_random_sample
1901,3829340,Hotel Hideaway: Avatar & Chat,2025-10-30,2025-10,"[""Sulake Oy""]","[""Sulake Oy""]",True,True,True,False,success,game,,,,,False,,,2026-09-12T16:56:28.744496+00:00,2025-10-30,2025-10-30,False,,20250911,2025-10,proportional_stratified_random_sample
1902,3868610,Glitch,2025-10-30,2025-10,"[""Bulbo Games""]","[""Bulbo Games""]",False,True,False,False,success,game,185,185,0,USD,True,1.85,1.85,2026-09-12T17:37:20.995164+00:00,2025-10-30,2025-10-30,False,,20250911,2025-10,proportional_stratified_random_sample
1903,3938350,Chess Go,2025-10-30,2025-10,"[""超维创客 hyperinventor""]","[""超维创客 hyperinventor""]",True,True,False,False,success,game,,,,,False,,,2026-09-13T05:57:15.930554+00:00,2025-10-30,2025-10-30,False,,20250911,2025-10,proportional_stratified_random_sample
1904,3981100,Leaf it Alone,2025-10-30,2025-10,"[""Eternity""]","[""Eternity""]",False,True,False,False,success,game,599,599,0,USD,True,5.99,5.99,2026-09-13T06:13:53.715102+00:00,2025-10-30,2025-10-30,False,,20250911,2025-10,proportional_stratified_random_sample
1905,4010140,BumpBot,2025-10-30,2025-10,"[""iFFeX""]","[""iFFeX""]",False,True,False,False,success,game,299,299,0,USD,True,2.99,2.99,2026-09-13T06:25:19.091673+00:00,2025-10-30,2025-10-30,False,,20250911,2025-10,proportional_stratified_random_sample
1906,4013030,Be King,2025-10-30,2025-10,"[""Wending Studio""]","[""Wending Studio""]",False,True,False,False,success,game,299,299,0,USD,True,2.99,2.99,2026-09-13T06:26:01.353525+00:00,2025-10-30,2025-10-30,False,,20250911,2025-10,proportional_stratified_random_sample
1907,4050600,Darkzan Adventure,2025-10-30,2025-10,"[""MrBoscheinen""]","[""MrBoscheinen""]",True,True,False,False,success,game,,,,,False,,,2026-09-13T06:38:23.141943+00:00,2025-10-30,2025-10-30,False,,20250911,2025-10,proportional_stratified_random_sample
1908,4109740,Feast of Fools,2025-10-30,2025-10,"[""Goodberry Games""]","[""Goodberry Games""]",True,True,True,False,success,game,,,,,False,,,2026-09-13T06:54:46.470682+00:00,2025-10-30,2025-10-30,False,,20250911,2025-10,proportional_stratified_random_sample
1909,1983950,Pet Desktop Adventure,2025-10-31,2025-10,"[""Triple Tails Software""]","[""Triple Tails Software""]",False,True,False,False,success,game,299,299,0,USD,True,2.99,2.99,2026-09-12T13:20:52.826700+00:00,2025-10-31,2025-10-31,False,,20250911,2025-10,proportional_stratified_random_sample
1910,2310230,Finding Fern,2025-10-31,2025-10,"[""Crystal Tower Games""]","[""Crystal Tower Games""]",False,True,False,False,success,game,1499,1499,0,USD,True,14.99,14.99,2026-09-12T13:37:10.210863+00:00,2025-10-31,2025-10-31,False,,20250911,2025-10,proportional_stratified_random_sample
1911,2717150,Releaseburg,2025-10-31,2025-10,"[""SteadyBoar""]","[""Drageus Games""]",False,True,False,False,success,game,999,199,80,USD,True,9.99,1.99,2026-09-12T13:55:46.930217+00:00,2025-10-31,2025-10-31,False,,20250911,2025-10,proportional_stratified_random_sample
1912,2932990,The Zombie Slayers,2025-10-31,2025-10,"[""Rashad Ibrahimli""]","[""indie.io""]",False,True,False,False,success,game,699,699,0,USD,True,6.99,6.99,2026-09-12T14:10:23.996114+00:00,2025-10-31,2025-10-31,False,,20250911,2025-10,proportional_stratified_random_sample
1913,2977680,ScanIt!,2025-10-31,2025-10,"[""Madcake Studios""]","[""Madcake Studios""]",False,True,False,False,success,game,499,124,75,USD,True,4.99,1.24,2026-09-12T14:13:05.410341+00:00,2025-10-31,2025-10-31,False,,20250911,2025-10,proportional_stratified_random_sample
1914,3078010,Terminal,2025-10-31,2025-10,"[""Clueless Dev""]","[""Clueless Dev""]",False,True,False,False,success,game,499,499,0,USD,True,4.99,4.99,2026-09-12T14:22:48.788724+00:00,2025-10-31,2025-10-31,False,,20250911,2025-10,proportional_stratified_random_sample
1915,3092000,Treasure Protector,2025-10-31,2025-10,"[""NeedCrit Games""]","[""NeedCrit Games""]",False,True,False,False,success,game,499,499,0,USD,True,4.99,4.99,2026-09-12T14:23:54.559886+00:00,2025-10-31,2025-10-31,False,,20250911,2025-10,proportional_stratified_random_sample
1916,3210750,Unprotected,2025-10-31,2025-10,"[""Manas Games""]","[""Manas Games""]",False,True,False,False,success,game,399,399,0,USD,True,3.99,3.99,2026-09-12T14:36:54.853315+00:00,2025-10-31,2025-10-31,False,,20250911,2025-10,proportional_stratified_random_sample
1917,3253190,RazePact,2025-10-31,2025-10,"[""Daniel Penha Brasil"",""João Victor Romani""]","[""YePen Games""]",False,True,False,False,success,game,999,999,0,USD,True,9.99,9.99,2026-09-12T14:41:13.800612+00:00,2025-10-31,2025-10-31,False,,20250911,2025-10,proportional_stratified_random_sample
1918,3398960,MAiZE,2025-10-31,2025-10,"[""Absidy Publishing Company""]","[""Absidy Publishing Company""]",False,True,True,False,success,game,499,499,0,USD,True,4.99,4.99,2026-09-12T15:06:29.515366+00:00,2025-10-31,2025-10-31,False,,20250911,2025-10,proportional_stratified_random_sample
1919,3728910,Dead Frequency,2025-10-31,2025-10,"[""Reverse Revelation""]","[""Reverse Revelation""]",False,True,False,False,success,game,235,235,0,USD,True,2.35,2.35,2026-09-12T16:19:06.665485+00:00,2025-10-31,2025-10-31,False,,20250911,2025-10,proportional_stratified_random_sample
1920,3770400,Ultimate Mythic Ski Jumping League,2025-10-31,2025-10,"[""Eric Behme"",""Oliver Müller""]","[""None""]",False,True,False,False,success,game,399,399,0,USD,True,3.99,3.99,2026-09-12T16:31:08.242996+00:00,2025-10-31,2025-10-31,False,,20250911,2025-10,proportional_stratified_random_sample
1921,3786950,SWAP,2025-10-31,2025-10,"[""Project SWAP""]","[""Project SWAP""]",False,True,False,False,success,game,99,99,0,USD,True,0.99,0.99,2026-09-12T16:36:00.567383+00:00,2025-10-31,2025-10-31,False,,20250911,2025-10,proportional_stratified_random_sample
1922,3815750,SEVERANCE,2025-10-31,2025-10,"[""Sykes Games""]","[""Sykes Games""]",False,True,False,False,success,game,999,999,0,USD,True,9.99,9.99,2026-09-12T16:49:24.830519+00:00,2025-10-31,2025-10-31,False,,20250911,2025-10,proportional_stratified_random_sample
1923,3838270,Awurda First Wave,2025-10-31,2025-10,"[""Fatih Yarçın"",""Dursun Diyarbakır""]","[""Fatih Yarçın""]",False,True,False,False,success,game,299,299,0,USD,True,2.99,2.99,2026-09-12T17:07:02.764159+00:00,2025-10-31,2025-10-31,False,,20250911,2025-10,proportional_stratified_random_sample
1924,3863340,Ramona,2025-10-31,2025-10,"[""Daniele Doesn't Matter""]","[""Doesn't Matter Games""]",False,True,False,False,success,game,999,999,0,USD,True,9.99,9.99,2026-09-12T17:34:52.786133+00:00,2025-10-31,2025-10-31,False,,20250911,2025-10,proportional_stratified_random_sample
1925,3890760,Gemspire: Incremental Invasion,2025-10-31,2025-10,"[""freshfocusgames""]","[""freshfocusgames""]",False,True,False,False,success,game,299,299,0,USD,True,2.99,2.99,2026-09-12T17:48:18.165667+00:00,2025-10-31,2025-10-31,False,,20250911,2025-10,proportional_stratified_random_sample
1926,3893070,Girl Werewolf Hamlet Saves Christmas,2025-10-31,2025-10,"[""Stegaloaurus Game Development""]","[""Stegaloaurus Game Development""]",False,True,False,True,success,game,499,499,0,USD,True,4.99,4.99,2026-09-12T17:49:41.622617+00:00,2025-10-31,2025-10-31,False,,20250911,2025-10,proportional_stratified_random_sample
1927,3921270,Blood & Money,2025-10-31,2025-10,"[""Paradise Multimedia""]","[""Paradise Multimedia""]",False,True,False,True,success,game,599,401,33,USD,True,5.99,4.01,2026-09-12T18:03:20.489175+00:00,2025-10-31,2025-10-31,False,,20250911,2025-10,proportional_stratified_random_sample
1928,3959110,DOOM Dawn,2025-10-31,2025-10,"[""Aeon""]","[""AeonGames""]",False,True,False,False,success,game,199,99,50,USD,True,1.99,0.99,2026-09-13T06:06:02.432510+00:00,2025-10-31,2025-10-31,False,,20250911,2025-10,proportional_stratified_random_sample
1929,3978020,Spirit's Shadow Maze: The Path of Possession 灵影迷宫：附身之途,2025-10-31,2025-10,"[""cg_game""]","[""cg_game""]",False,True,False,False,success,game,499,499,0,USD,True,4.99,4.99,2026-09-13T06:12:38.697093+00:00,2025-10-31,2025-10-31,False,,20250911,2025-10,proportional_stratified_random_sample
1930,4013680,The Cursed Grave,2025-10-31,2025-10,"[""GulfPearl""]","[""GulfPearl""]",False,True,False,False,success,game,799,799,0,USD,True,7.99,7.99,2026-09-13T06:26:11.734058+00:00,2025-10-31,2025-10-31,False,,20250911,2025-10,proportional_stratified_random_sample
1931,4023900,Nightmare Visions Chapter 2,2025-10-31,2025-10,"[""Q13Games LLC""]","[""Q13Games LLC""]",False,True,False,False,success,game,199,199,0,USD,True,1.99,1.99,2026-09-13T06:29:52.411454+00:00,2025-10-31,2025-10-31,False,,20250911,2025-10,proportional_stratified_random_sample
1932,4039840,Workhorse Desktop,2025-10-31,2025-10,"[""guanghangf4""]","[""Ephra Games""]",False,True,False,False,success,game,299,299,0,USD,True,2.99,2.99,2026-09-13T06:34:53.277251+00:00,2025-10-31,2025-10-31,False,,20250911,2025-10,proportional_stratified_random_sample
1933,4073470,Critterking,2025-10-31,2025-10,"[""SpiralKing"",""Palatabled""]","[""SpiralKing"",""Palatabled""]",False,True,False,False,success,game,499,499,0,USD,True,4.99,4.99,2026-09-13T06:45:43.727805+00:00,2025-10-31,2025-10-31,False,,20250911,2025-10,proportional_stratified_random_sample
1934,4087610,Maou's Crucible,2025-10-31,2025-10,"[""Xurzerth"",""Maou's Crucible Community""]","[""Xurzerth""]",True,True,False,False,success,game,,,,,False,,,2026-09-13T06:49:02.837420+00:00,2025-10-31,2025-10-31,False,,20250911,2025-10,proportional_stratified_random_sample
1935,4098670,怪異ジャッジ・ドリーミー,2025-10-31,2025-10,"[""リコペマGAMES"",""リコペマGAMES""]","[""リコペマGAMES"",""リコペマGAMES""]",True,True,False,False,success,game,,,,,False,,,2026-09-13T06:51:47.652987+00:00,2025-10-31,2025-10-31,False,,20250911,2025-10,proportional_stratified_random_sample
1936,4103080,SCHOLA SPIRITUS,2025-10-31,2025-10,"[""kwuerysoft""]","[""kwuerysoft""]",False,True,False,False,success,game,499,499,0,USD,True,4.99,4.99,2026-09-13T06:52:40.773271+00:00,2025-10-31,2025-10-31,False,,20250911,2025-10,proportional_stratified_random_sample
1937,4105760,1-DC,2025-10-31,2025-10,"[""89o""]","[""89o""]",False,True,False,True,success,game,499,249,50,USD,True,4.99,2.49,2026-09-13T06:53:46.194321+00:00,2025-10-31,2025-10-31,False,,20250911,2025-10,proportional_stratified_random_sample
1938,4109900,hongshui river,2025-10-31,2025-10,"[""hongshui river""]","[""hongshui river""]",False,True,False,False,success,game,199,199,0,USD,True,1.99,1.99,2026-09-13T06:54:55.041839+00:00,2025-10-31,2025-10-31,False,,20250911,2025-10,proportional_stratified_random_sample
1939,3244900,Curvelicious,2025-11-01,2025-11,"[""Filip Strelec""]","[""Filip Strelec""]",False,True,False,True,success,game,99,99,0,USD,True,0.99,0.99,2026-09-12T14:40:41.688547+00:00,2025-11-01,2025-11-01,False,,20250911,2025-11,proportional_stratified_random_sample
1940,3268870,Mercator,2025-11-01,2025-11,"[""rudderbucky""]","[""rudderbucky""]",False,True,True,True,success,game,599,599,0,USD,True,5.99,5.99,2026-09-12T14:42:46.396093+00:00,2025-11-01,2025-11-01,False,,20250911,2025-11,proportional_stratified_random_sample
1941,3521410,Cats & Cups,2025-11-01,2025-11,"[""Rogue Duck Interactive""]","[""Rogue Duck Interactive"",""Gamersky Games""]",False,True,True,True,success,game,999,499,50,USD,True,9.99,4.99,2026-09-12T15:27:04.157200+00:00,2025-11-01,2025-11-01,False,,20250911,2025-11,proportional_stratified_random_sample
1942,3909700,Rhythm of Annihilation,2025-11-01,2025-11,"[""十年""]","[""十年""]",False,True,False,False,success,game,499,499,0,USD,True,4.99,4.99,2026-09-12T17:57:45.985128+00:00,2025-11-01,2025-11-01,False,,20250911,2025-11,proportional_stratified_random_sample
1943,4078030,EVERY MORNING MY ALARM CLOCK KILLS ME,2025-11-01,2025-11,"[""Total"",""Gamesforfarm""]","[""Gamesforfarm""]",False,True,False,False,success,game,99,59,40,USD,True,0.99,0.59,2026-09-13T06:46:49.872755+00:00,2025-11-01,2025-11-01,False,,20250911,2025-11,proportional_stratified_random_sample
1944,2806120,Bio Goddess : Doomsday Begins,2025-11-02,2025-11,"[""Z School Studio""]","[""Z School Studio""]",False,True,False,False,success,game,2399,2399,0,USD,True,23.99,23.99,2026-09-12T14:00:29.200032+00:00,2025-11-02,2025-11-02,False,,20250911,2025-11,proportional_stratified_random_sample
1945,3382670,Polterparty,2025-11-02,2025-11,"[""Eelsmooth""]","[""Eelsmooth""]",False,True,False,False,success,game,599,599,0,USD,True,5.99,5.99,2026-09-12T15:04:06.236755+00:00,2025-11-02,2025-11-02,False,,20250911,2025-11,proportional_stratified_random_sample
1946,3668800,I Antasized Again,2025-11-02,2025-11,"["" MouseKKK""]","["" MouseKKK""]",False,True,False,False,success,game,799,599,25,USD,True,7.99,5.99,2026-09-12T15:58:58.310088+00:00,2025-11-02,2025-11-02,False,,20250911,2025-11,proportional_stratified_random_sample
1947,3899180,Project X,2025-11-02,2025-11,"[""BIT IT""]","[""BIT IT""]",False,True,False,False,success,game,299,299,0,USD,True,2.99,2.99,2026-09-12T17:53:24.549882+00:00,2025-11-02,2025-11-02,False,,20250911,2025-11,proportional_stratified_random_sample
1948,3916180,Transport Legion,2025-11-02,2025-11,"[""喜人一个""]","[""喜人一个""]",False,True,False,True,success,game,899,899,0,USD,True,8.99,8.99,2026-09-12T18:00:22.306641+00:00,2025-11-02,2025-11-02,False,,20250911,2025-11,proportional_stratified_random_sample
1949,3977940,Astranded,2025-11-02,2025-11,"[""Tim S.""]","[""BAMBOOZLED LABS""]",False,True,False,False,success,game,1499,1499,0,USD,True,14.99,14.99,2026-09-13T06:12:36.508189+00:00,2025-11-02,2025-11-02,False,,20250911,2025-11,proportional_stratified_random_sample
1950,4033120,emerald,2025-11-02,2025-11,"[""vai5000"",""maji*""]","[""vai5000""]",True,True,True,True,success,game,,,,,False,,,2026-09-13T06:32:26.533149+00:00,2025-11-02,2025-11-02,False,,20250911,2025-11,proportional_stratified_random_sample
1951,4055970,Shadow Of Winter,2025-11-02,2025-11,"[""Tucker Holmes"",""Travis Wilson"",""Rein Tice""]","[""CRiT2 Games""]",True,True,False,False,success,game,,,,,False,,,2026-09-13T06:40:33.128277+00:00,2025-11-02,2025-11-02,False,,20250911,2025-11,proportional_stratified_random_sample
1952,1710260,Catsploration,2025-11-03,2025-11,"[""Paul Hill""]","[""Boxd20 LLC""]",False,True,False,True,success,game,799,799,0,USD,True,7.99,7.99,2026-09-12T13:10:43.206928+00:00,2025-11-03,2025-11-03,False,,20250911,2025-11,proportional_stratified_random_sample
1953,2831070,Dimachaerus,2025-11-03,2025-11,"[""Gigantic G""]","[""Gigantic G""]",False,True,False,False,success,game,599,599,0,USD,True,5.99,5.99,2026-09-12T14:02:31.733624+00:00,2025-11-03,2025-11-03,False,,20250911,2025-11,proportional_stratified_random_sample
1954,3566100,Bottomless Pit Supervisor,2025-11-03,2025-11,"[""sudo make""]","[""sudo make""]",False,True,False,False,success,game,499,499,0,USD,True,4.99,4.99,2026-09-12T15:35:01.386492+00:00,2025-11-03,2025-11-03,False,,20250911,2025-11,proportional_stratified_random_sample
1955,3600280,Processor Dev Tycoon,2025-11-03,2025-11,"[""Venditor Games""]","[""Venditor Games""]",False,True,False,False,success,game,19999,19999,0,USD,True,199.99,199.99,2026-09-12T15:42:19.008201+00:00,2025-11-03,2025-11-03,False,,20250911,2025-11,proportional_stratified_random_sample
1956,3672300,Babbling Brook,2025-11-03,2025-11,"["" Some Random Designing\t""]","["" Some Random Designing\t""]",False,True,False,False,success,game,1199,1199,0,USD,True,11.99,11.99,2026-09-12T16:00:20.312308+00:00,2025-11-03,2025-11-03,False,,20250911,2025-11,proportional_stratified_random_sample
1957,3703520,Slap 'em UP!,2025-11-03,2025-11,"[""Urnique Studio""]","[""HaaBiz-X""]",True,True,False,False,success,game,,,,,False,,,2026-09-12T16:10:09.092209+00:00,2025-11-03,2025-11-03,False,,20250911,2025-11,proportional_stratified_random_sample
1958,3713820,FOOD TRUCK SHOP SIMULATOR,2025-11-03,2025-11,"[""Bodiroga Pavle""]","[""Bodiroga Pavle""]",False,True,False,False,success,game,499,499,0,USD,True,4.99,4.99,2026-09-12T16:14:44.044818+00:00,2025-11-03,2025-11-03,False,,20250911,2025-11,proportional_stratified_random_sample
1959,3752210,Rubble Eats The World,2025-11-03,2025-11,"[""nocanwin""]","[""nocanwin""]",False,True,False,False,success,game,999,999,0,USD,True,9.99,9.99,2026-09-12T16:25:09.645874+00:00,2025-11-03,2025-11-03,False,,20250911,2025-11,proportional_stratified_random_sample
1960,3759820,Farm Manager,2025-11-03,2025-11,"[""Trophy Games""]","[""Trophy Games""]",True,True,False,False,success,game,,,,,False,,,2026-09-12T16:28:10.148213+00:00,2025-11-03,2025-11-03,False,,20250911,2025-11,proportional_stratified_random_sample
1961,3798420,Paint by Words,2025-11-03,2025-11,"[""Oleg Sereda""]","[""Oleg Sereda""]",False,True,False,False,success,game,499,499,0,USD,True,4.99,4.99,2026-09-12T16:40:35.738065+00:00,2025-11-03,2025-11-03,False,,20250911,2025-11,proportional_stratified_random_sample
1962,3807000,Tosbik Around The World,2025-11-03,2025-11,"[""siriculo""]","[""siriculo""]",False,True,True,True,success,game,399,399,0,USD,True,3.99,3.99,2026-09-12T16:43:57.695128+00:00,2025-11-03,2025-11-03,False,,20250911,2025-11,proportional_stratified_random_sample
1963,3834740,Pooping Cat,2025-11-03,2025-11,"[""Repeater Studio""]","[""Repeater Studio""]",False,True,False,False,success,game,199,199,0,USD,True,1.99,1.99,2026-09-12T16:59:17.860617+00:00,2025-11-03,2025-11-03,False,,20250911,2025-11,proportional_stratified_random_sample
1964,3846520,Raptor,2025-11-03,2025-11,"[""GenmuTech""]","[""GenmuTech""]",False,True,False,False,success,game,899,899,0,USD,True,8.99,8.99,2026-09-12T17:11:43.800038+00:00,2025-11-03,2025-11-03,False,,20250911,2025-11,proportional_stratified_random_sample
1965,3860440,Parking Simulator,2025-11-03,2025-11,"[""Perseverance Games""]","[""Perseverance Games""]",False,True,False,False,success,game,799,679,15,USD,True,7.99,6.79,2026-09-12T17:32:43.524209+00:00,2025-11-03,2025-11-03,False,,20250911,2025-11,proportional_stratified_random_sample
1966,3869460,GluMe,2025-11-03,2025-11,"[""Solluco""]","[""Solluco""]",False,True,False,False,success,game,499,499,0,USD,True,4.99,4.99,2026-09-12T17:37:50.678094+00:00,2025-11-03,2025-11-03,False,,20250911,2025-11,proportional_stratified_random_sample
1967,3931940,Everslide,2025-11-03,2025-11,"[""kealsoft""]","[""kealsoft""]",False,True,False,False,success,game,299,299,0,USD,True,2.99,2.99,2026-09-13T05:54:49.135624+00:00,2025-11-03,2025-11-03,False,,20250911,2025-11,proportional_stratified_random_sample
1968,3947220,Deckaroo,2025-11-03,2025-11,"[""gororong""]","[""gororong""]",False,True,False,False,success,game,1299,1299,0,USD,True,12.99,12.99,2026-09-13T06:00:48.416356+00:00,2025-11-03,2025-11-03,False,,20250911,2025-11,proportional_stratified_random_sample
1969,3957580,Monster Survival,2025-11-03,2025-11,"[""B Rees""]","[""B Rees""]",False,True,False,False,success,game,799,799,0,USD,True,7.99,7.99,2026-09-13T06:05:32.348348+00:00,2025-11-03,2025-11-03,False,,20250911,2025-11,proportional_stratified_random_sample
1970,3966360,After School Grounds (방과후운동장),2025-11-03,2025-11,"[""After School Vtuber""]","[""After School Vtuber""]",False,True,False,False,success,game,399,399,0,USD,True,3.99,3.99,2026-09-13T06:09:11.714982+00:00,2025-11-03,2025-11-03,False,,20250911,2025-11,proportional_stratified_random_sample
1971,3994850,SAKA SHAHEEDI Chandni Chowk 1675,2025-11-03,2025-11,"[""Amrinder Singh Jassar""]","[""Amrinder Singh Jassar""]",False,True,False,False,success,game,14999,14999,0,USD,True,149.99,149.99,2026-09-13T06:19:24.959808+00:00,2025-11-03,2025-11-03,False,,20250911,2025-11,proportional_stratified_random_sample
1972,4022550,Sammy The Sharky,2025-11-03,2025-11,"[""Dan's Games""]","[""Dan's Games""]",False,True,False,False,success,game,99,99,0,USD,True,0.99,0.99,2026-09-13T06:29:03.129519+00:00,2025-11-03,2025-11-03,False,,20250911,2025-11,proportional_stratified_random_sample
1973,4022710,Shadows Of Thornkeep,2025-11-03,2025-11,"[""Tryzna83""]","[""Tryzna83""]",False,True,False,False,success,game,999,999,0,USD,True,9.99,9.99,2026-09-13T06:29:11.658233+00:00,2025-11-03,2025-11-03,False,,20250911,2025-11,proportional_stratified_random_sample
1974,4043620,Romb,2025-11-03,2025-11,"[""Lots of Logic Software""]","[""Lots of Logic Software""]",False,True,False,False,success,game,199,199,0,USD,True,1.99,1.99,2026-09-13T06:36:24.151506+00:00,2025-11-03,2025-11-03,False,,20250911,2025-11,proportional_stratified_random_sample
1975,4076360,ThroneBreaker : Iron Crown,2025-11-03,2025-11,"[""Kingdoms Games""]","[""Kingdoms Games""]",False,True,False,False,success,game,299,299,0,USD,True,2.99,2.99,2026-09-13T06:46:28.475257+00:00,2025-11-03,2025-11-03,False,,20250911,2025-11,proportional_stratified_random_sample
1976,4086260,Guess The Password,2025-11-03,2025-11,"[""PadGames""]","[""PadGames""]",False,True,False,True,success,game,299,299,0,USD,True,2.99,2.99,2026-09-13T06:48:43.258307+00:00,2025-11-03,2025-11-03,False,,20250911,2025-11,proportional_stratified_random_sample
1977,4111120,The Underpass,2025-11-03,2025-11,"[""Journeyman Studios""]","[""Journeyman Studios""]",False,True,False,False,success,game,299,299,0,USD,True,2.99,2.99,2026-09-13T06:55:25.347098+00:00,2025-11-03,2025-11-03,False,,20250911,2025-11,proportional_stratified_random_sample
1978,1166940,Dead Static Drive,2025-11-04,2025-11,"[""Reuben Games""]","[""Reuben Games""]",False,True,False,False,success,game,2999,2999,0,USD,True,29.99,29.99,2026-09-12T13:02:46.938965+00:00,2025-11-04,2025-11-04,False,,20250911,2025-11,proportional_stratified_random_sample
1979,1911200,Sultan Of Egypt,2025-11-04,2025-11,"[""Srio VR Studio""]","[""Srio VR Studio""]",False,True,False,False,success,game,999,999,0,USD,True,9.99,9.99,2026-09-12T13:15:32.037323+00:00,2025-11-04,2025-11-04,False,,20250911,2025-11,proportional_stratified_random_sample
1980,2784120,Red Riddles,2025-11-04,2025-11,"[""Wacky Wizard Studios""]","[""Wacky Wizard Studios""]",False,True,False,False,success,game,99,99,0,USD,True,0.99,0.99,2026-09-12T13:59:23.121547+00:00,2025-11-04,2025-11-04,False,,20250911,2025-11,proportional_stratified_random_sample
1981,2865190,The Time Game,2025-11-04,2025-11,"[""Kai"",""Myles"",""Finn"",""Logan""]","[""Meister Cards""]",True,True,True,True,success,game,,,,,False,,,2026-09-12T14:04:42.264759+00:00,2025-11-04,2025-11-04,False,,20250911,2025-11,proportional_stratified_random_sample
1982,3040110,Outsider,2025-11-04,2025-11,"[""Galantrix""]","[""Galantrix""]",False,True,False,False,success,game,1299,1299,0,USD,True,12.99,12.99,2026-09-12T14:19:11.506359+00:00,2025-11-04,2025-11-04,False,,20250911,2025-11,proportional_stratified_random_sample
1983,3070390,Master Lemon: The Quest for Iceland,2025-11-04,2025-11,"[""Pepita Digital""]","[""Pepita Digital"",""Mecrew Games"",""Gixer Entertainment""]",False,True,False,False,success,game,999,999,0,USD,True,9.99,9.99,2026-09-12T14:22:07.918169+00:00,2025-11-04,2025-11-04,False,,20250911,2025-11,proportional_stratified_random_sample
1984,3141330,Of Lies and Rain,2025-11-04,2025-11,"[""Castello Inc""]","[""Castello Inc""]",False,True,False,False,success,game,3999,3999,0,USD,True,39.99,39.99,2026-09-12T14:29:43.589984+00:00,2025-11-04,2025-11-04,False,,20250911,2025-11,proportional_stratified_random_sample
1985,3356350,Moorhuhn 2,2025-11-04,2025-11,"[""Higgs Games GmbH"",""GeekPit Studio""]","[""Higgs Games GmbH""]",False,True,False,False,success,game,499,399,20,USD,True,4.99,3.99,2026-09-12T14:59:59.581124+00:00,2025-11-04,2025-11-04,False,,20250911,2025-11,proportional_stratified_random_sample
1986,3432750,Laundering Simulator - Clean Cash and Laundry,2025-11-04,2025-11,"[""Ritual Interactive""]","[""Ritual Interactive""]",False,True,False,False,success,game,1299,1299,0,USD,True,12.99,12.99,2026-09-12T15:11:51.045372+00:00,2025-11-04,2025-11-04,False,,20250911,2025-11,proportional_stratified_random_sample
1987,3521270,Phoenix's Faye,2025-11-04,2025-11,"[""BigFireball""]","[""BigFireball""]",False,True,False,False,success,game,999,679,32,USD,True,9.99,6.79,2026-09-12T15:27:02.043101+00:00,2025-11-04,2025-11-04,False,,20250911,2025-11,proportional_stratified_random_sample
1988,3597530,Royal's Gambit,2025-11-04,2025-11,"[""96 Games Studio""]","[""96 Games Studio""]",False,True,True,False,success,game,1499,1499,0,USD,True,14.99,14.99,2026-09-12T15:41:42.777179+00:00,2025-11-04,2025-11-04,False,,20250911,2025-11,proportional_stratified_random_sample
1989,3648620,Knight of the Dungeon,2025-11-04,2025-11,"[""LyrarmaStudio""]","[""LyrarmaStudio""]",False,True,True,False,success,game,99,99,0,USD,True,0.99,0.99,2026-09-12T15:54:32.613832+00:00,2025-11-04,2025-11-04,False,,20250911,2025-11,proportional_stratified_random_sample
1990,3701370,Cook for Me Grandpa!,2025-11-04,2025-11,"[""Kamekichi Games""]","[""Kamekichi Games""]",False,True,False,False,success,game,699,699,0,USD,True,6.99,6.99,2026-09-12T16:09:38.844904+00:00,2025-11-04,2025-11-04,False,,20250911,2025-11,proportional_stratified_random_sample
1991,3761560,Rising Odds,2025-11-04,2025-11,"[""Lone Fox Studio""]","[""Lone Fox Studio""]",False,True,False,False,success,game,599,599,0,USD,True,5.99,5.99,2026-09-12T16:28:35.302130+00:00,2025-11-04,2025-11-04,False,,20250911,2025-11,proportional_stratified_random_sample
1992,3870960,Lost in Loss,2025-11-04,2025-11,"[""Soroka Games""]","[""Soroka Games""]",False,True,False,True,success,game,999,999,0,USD,True,9.99,9.99,2026-09-12T17:38:50.124664+00:00,2025-11-04,2025-11-04,False,,20250911,2025-11,proportional_stratified_random_sample
1993,3878190,Wordcaster,2025-11-04,2025-11,"[""Hamdan Hamid""]","[""Hamdan Hamid""]",True,True,False,False,success,game,,,,,False,,,2026-09-12T17:42:26.956925+00:00,2025-11-04,2025-11-04,False,,20250911,2025-11,proportional_stratified_random_sample
1994,3900250,Little Lures,2025-11-04,2025-11,"[""Panda Blade Software""]","[""Panda Blade Software""]",False,True,False,False,success,game,499,499,0,USD,True,4.99,4.99,2026-09-12T17:53:58.495603+00:00,2025-11-04,2025-11-04,False,,20250911,2025-11,proportional_stratified_random_sample
1995,3995560,Real Puzzles - Paris,2025-11-04,2025-11,"[""Black Cat Leo""]","[""Black Cat Leo""]",False,True,False,False,success,game,399,399,0,USD,True,3.99,3.99,2026-09-13T06:19:37.798931+00:00,2025-11-04,2025-11-04,False,,20250911,2025-11,proportional_stratified_random_sample
1996,4022300,DateBoy,2025-11-04,2025-11,"[""Anton Pätsi"",""Henri Pätsi""]","[""Silakka Entertainment""]",True,True,False,False,success,game,,,,,False,,,2026-09-13T06:28:56.617962+00:00,2025-11-04,2025-11-04,False,,20250911,2025-11,proportional_stratified_random_sample
1997,4072790,Lily's Lil Barn Yard!,2025-11-04,2025-11,"[""Lich & Lily""]","[""Lich & Lily""]",False,True,False,False,success,game,399,399,0,USD,True,3.99,3.99,2026-09-13T06:45:35.257136+00:00,2025-11-04,2025-11-04,False,,20250911,2025-11,proportional_stratified_random_sample
1998,4080230,GLOBAL CONTROL COUNTRIES,2025-11-04,2025-11,"[""Maximilian Urazov""]","[""Maximilian Urazov""]",False,True,False,False,success,game,1499,1499,0,USD,True,14.99,14.99,2026-09-13T06:47:26.106452+00:00,2025-11-04,2025-11-04,False,,20250911,2025-11,proportional_stratified_random_sample
1999,4085510,Captain Sharkbait: Voyage for Treasure,2025-11-04,2025-11,"[""Dylan Gray""]","[""Extra Pickle Studios""]",False,True,False,False,success,game,99,99,0,USD,True,0.99,0.99,2026-09-13T06:48:30.169462+00:00,2025-11-04,2025-11-04,False,,20250911,2025-11,proportional_stratified_random_sample
2000,4096000,Crossroads: Fatal Truths Collector's Edition,2025-11-04,2025-11,"[""Elephant AR""]","[""BFG Entertainment""]",False,True,True,False,success,game,1999,1999,0,USD,True,19.99,19.99,2026-09-13T06:51:05.048917+00:00,2025-11-04,2025-11-04,False,,20250911,2025-11,proportional_stratified_random_sample
2001,4101050,Retail Therapy,2025-11-04,2025-11,"[""Crabby Games Ltd""]","[""Crabby Games Ltd""]",False,True,False,False,success,game,699,699,0,USD,True,6.99,6.99,2026-09-13T06:52:15.160516+00:00,2025-11-04,2025-11-04,False,,20250911,2025-11,proportional_stratified_random_sample
2002,4106530,PUNCH FOREVER,2025-11-04,2025-11,"[""denisk""]","[""denisk""]",True,True,True,False,success,game,,,,,False,,,2026-09-13T06:54:05.406090+00:00,2025-11-04,2025-11-04,False,,20250911,2025-11,proportional_stratified_random_sample
2003,4109200,WorkParadise,2025-11-04,2025-11,"[""oftuuun_dev""]","[""oftuuun_dev""]",False,True,False,False,success,game,399,399,0,USD,True,3.99,3.99,2026-09-13T06:54:35.935829+00:00,2025-11-04,2025-11-04,False,,20250911,2025-11,proportional_stratified_random_sample
2004,4113410,Sad Virus Deathland,2025-11-04,2025-11,"[""ZERO5GAMES""]","[""ZERO5GAMES""]",False,True,False,False,success,game,99,99,0,USD,True,0.99,0.99,2026-09-13T06:56:07.995150+00:00,2025-11-04,2025-11-04,False,,20250911,2025-11,proportional_stratified_random_sample
2005,4113500,Guild Manager,2025-11-04,2025-11,"[""Benjamin King""]","[""Benjamin King""]",False,True,False,False,success,game,999,999,0,USD,True,9.99,9.99,2026-09-13T06:56:14.320557+00:00,2025-11-04,2025-11-04,False,,20250911,2025-11,proportional_stratified_random_sample
2006,1909840,JIANGHU CHRONICLES,2025-11-05,2025-11,"[""一品阁""]","[""方块游戏(CubeGame)""]",False,True,False,False,success,game,1799,1799,0,USD,True,17.99,17.99,2026-09-12T13:15:25.726465+00:00,2025-11-05,2025-11-05,False,,20250911,2025-11,proportional_stratified_random_sample
2007,1926610,Nature Game System,2025-11-05,2025-11,"[""North Star Digital Games""]","[""North Star Games"",""North Star Digital Games""]",False,True,True,False,success,game,1999,1999,0,USD,True,19.99,19.99,2026-09-12T13:15:51.021481+00:00,2025-11-05,2025-11-05,False,,20250911,2025-11,proportional_stratified_random_sample
2008,2085620,Second Sun,2025-11-05,2025-11,"[""Grey Wolf Entertainment""]","[""Iceberg Interactive""]",False,True,False,False,success,game,1999,1199,40,USD,True,19.99,11.99,2026-09-12T13:23:09.079226+00:00,2025-11-05,2025-11-05,False,,20250911,2025-11,proportional_stratified_random_sample
2009,2444530,Wreckage,2025-11-05,2025-11,"[""Jupiter Lighthouse Games""]","[""N/A""]",False,True,False,True,success,game,1299,1299,0,USD,True,12.99,12.99,2026-09-12T13:43:19.895963+00:00,2025-11-05,2025-11-05,False,,20250911,2025-11,proportional_stratified_random_sample
2010,2782500,SWORD OF JUSTICE,2025-11-05,2025-11,"[""ZhuRong Studio""]","[""ZhuRong Studio""]",True,True,False,False,success,game,,,,,False,,,2026-09-12T13:59:19.092358+00:00,2025-11-05,2025-11-05,False,,20250911,2025-11,proportional_stratified_random_sample
2011,3352160,Willow’s Descent: Into The Under,2025-11-05,2025-11,"[""LunaMothic""]","[""LunaMothic""]",False,True,False,False,success,game,399,399,0,USD,True,3.99,3.99,2026-09-12T14:59:07.959234+00:00,2025-11-05,2025-11-05,False,,20250911,2025-11,proportional_stratified_random_sample
2012,3520970,Minerva Labyrinth,2025-11-05,2025-11,"[""Midnight Spire Games""]","[""Midnight Spire Games""]",False,True,False,True,success,game,1499,1499,0,USD,True,14.99,14.99,2026-09-12T15:26:57.750290+00:00,2025-11-05,2025-11-05,False,,20250911,2025-11,proportional_stratified_random_sample
2013,3637720,PLOY,2025-11-05,2025-11,"[""RookGameDev""]","[""RookGameDev""]",True,True,False,False,success,game,,,,,False,,,2026-09-12T15:51:41.638726+00:00,2025-11-05,2025-11-05,False,,20250911,2025-11,proportional_stratified_random_sample
2014,3643350,Destroy All Letters - Space Adventure,2025-11-05,2025-11,"[""pedritosgameplay""]","[""pedritosgameplay""]",False,True,False,False,success,game,99,99,0,USD,True,0.99,0.99,2026-09-12T15:52:53.656777+00:00,2025-11-05,2025-11-05,False,,20250911,2025-11,proportional_stratified_random_sample
2015,3736550,Work Life Balance,2025-11-05,2025-11,"[""LandUni Studio""]","[""LandUni Studio""]",False,True,True,False,success,game,899,899,0,USD,True,8.99,8.99,2026-09-12T16:20:58.909944+00:00,2025-11-05,2025-11-05,False,,20250911,2025-11,proportional_stratified_random_sample
2016,3828830,You Were Sent Alone,2025-11-05,2025-11,"[""Fractured Echo Games""]","[""Fractured Echo Games""]",False,True,False,False,success,game,399,399,0,USD,True,3.99,3.99,2026-09-12T16:56:07.396429+00:00,2025-11-05,2025-11-05,False,,20250911,2025-11,proportional_stratified_random_sample
2017,3865340,Deadcam,2025-11-05,2025-11,"[""Alien Big Cat""]","[""Alien Big Cat""]",False,True,False,False,success,game,799,799,0,USD,True,7.99,7.99,2026-09-12T17:35:50.097840+00:00,2025-11-05,2025-11-05,False,,20250911,2025-11,proportional_stratified_random_sample
2018,3896030,Freelancers: Rogue Skies,2025-11-05,2025-11,"[""ExodusIndie""]","[""GameLab""]",False,True,False,False,success,game,999,999,0,USD,True,9.99,9.99,2026-09-12T17:51:32.625024+00:00,2025-11-05,2025-11-05,False,,20250911,2025-11,proportional_stratified_random_sample
2019,3936890,Saving Princess Of Mars,2025-11-05,2025-11,"[""Hrtz Games""]","[""Ocean Media""]",False,True,False,False,success,game,1499,1499,0,USD,True,14.99,14.99,2026-09-13T05:56:28.799129+00:00,2025-11-05,2025-11-05,False,,20250911,2025-11,proportional_stratified_random_sample
2020,3979310,FIND KITTENS 6: After us,2025-11-05,2025-11,"[""Very Very LITTLE Studio""]","[""Very Very LITTLE Studio""]",True,True,True,True,success,game,,,,,False,,,2026-09-13T06:13:13.071054+00:00,2025-11-05,2025-11-05,False,,20250911,2025-11,proportional_stratified_random_sample
2021,4014650,Thirty Seconds: Slain At Home,2025-11-05,2025-11,"[""Tonei ""]","[""Tonei""]",True,True,False,False,success,game,,,,,False,,,2026-09-13T06:26:24.885366+00:00,2025-11-05,2025-11-05,False,,20250911,2025-11,proportional_stratified_random_sample
2022,4047950,WAR!,2025-11-05,2025-11,"[""GAMES! STUDIO LTD""]","[""GAMES! STUDIO LTD""]",False,True,False,False,success,game,499,499,0,USD,True,4.99,4.99,2026-09-13T06:37:32.264525+00:00,2025-11-05,2025-11-05,False,,20250911,2025-11,proportional_stratified_random_sample
2023,4050330,Project Monster,2025-11-05,2025-11,"[""LevelUpStudio""]","[""LevelUpStudio""]",True,True,False,False,success,game,,,,,False,,,2026-09-13T06:38:16.765784+00:00,2025-11-05,2025-11-05,False,,20250911,2025-11,proportional_stratified_random_sample
2024,4050900,DVK,2025-11-05,2025-11,"[""WeMakeGamesNow""]","[""WeMakeGamesNow""]",False,True,False,False,success,game,299,299,0,USD,True,2.99,2.99,2026-09-13T06:38:33.753514+00:00,2025-11-05,2025-11-05,False,,20250911,2025-11,proportional_stratified_random_sample
2025,4098650,Sauce Factory Tycoon,2025-11-05,2025-11,"[""Tovaho""]","[""Tovaho""]",False,True,False,False,success,game,499,499,0,USD,True,4.99,4.99,2026-09-13T06:51:45.519729+00:00,2025-11-05,2025-11-05,False,,20250911,2025-11,proportional_stratified_random_sample
2026,4117500,AYBABTU,2025-11-05,2025-11,"[""Archor Wright""]","[""Archor Games""]",False,True,False,False,success,game,99,99,0,USD,True,0.99,0.99,2026-09-13T06:57:18.339712+00:00,2025-11-05,2025-11-05,False,,20250911,2025-11,proportional_stratified_random_sample
2027,1295870,Next Run,2025-11-06,2025-11,"[""Clarus Victoria""]","[""Clarus Victoria""]",False,True,True,True,success,game,999,999,0,USD,True,9.99,9.99,2026-09-12T13:04:07.891584+00:00,2025-11-06,2025-11-06,False,,20250911,2025-11,proportional_stratified_random_sample
2028,1574570,Choice of Life: Samosbor,2025-11-06,2025-11,"[""Blazing Planet Studio""]","[""Blazing Planet Studio""]",False,True,True,True,success,game,499,499,0,USD,True,4.99,4.99,2026-09-12T13:08:22.716514+00:00,2025-11-06,2025-11-06,False,,20250911,2025-11,proportional_stratified_random_sample
2029,1968180,DIGGERGUN,2025-11-06,2025-11,"[""Kabloop""]","[""Kabloop"",""GrabTheGames""]",False,True,True,True,success,game,999,449,55,USD,True,9.99,4.49,2026-09-12T13:20:29.226581+00:00,2025-11-06,2025-11-06,False,,20250911,2025-11,proportional_stratified_random_sample
2030,2115490,High School Dirty Secrets,2025-11-06,2025-11,"[""Mitsuki Game Studio""]","[""JanduSoft""]",False,True,False,False,success,game,1299,909,30,USD,True,12.99,9.09,2026-09-12T13:30:16.325118+00:00,2025-11-06,2025-11-06,False,,20250911,2025-11,proportional_stratified_random_sample
2031,2165140,Kentum,2025-11-06,2025-11,"[""Tlön Industries""]","[""indienova"",""V Publishing""]",False,True,False,False,success,game,1799,1799,0,USD,True,17.99,17.99,2026-09-12T13:31:53.499853+00:00,2025-11-06,2025-11-06,False,,20250911,2025-11,proportional_stratified_random_sample
2032,2701800,No Players Online,2025-11-06,2025-11,"[""Beeswax Games""]","[""Black Lantern Collective""]",False,True,False,False,success,game,1499,1499,0,USD,True,14.99,14.99,2026-09-12T13:55:11.254700+00:00,2025-11-06,2025-11-06,False,,20250911,2025-11,proportional_stratified_random_sample
2033,2877660,Jitter,2025-11-06,2025-11,"[""Berko Games""]","[""Berko Games""]",False,True,False,False,success,game,999,999,0,USD,True,9.99,9.99,2026-09-12T14:05:39.874627+00:00,2025-11-06,2025-11-06,False,,20250911,2025-11,proportional_stratified_random_sample
2034,3051950,Puddle,2025-11-06,2025-11,"[""darrenville""]","[""darrenville""]",True,True,False,False,success,game,,,,,False,,,2026-09-12T14:20:11.061525+00:00,2025-11-06,2025-11-06,False,,20250911,2025-11,proportional_stratified_random_sample
2035,3187010,Dinocop,2025-11-06,2025-11,"[""Pieces Games""]","[""Pieces Games""]",False,True,True,True,success,game,1499,1049,30,USD,True,14.99,10.49,2026-09-12T14:33:55.519034+00:00,2025-11-06,2025-11-06,False,,20250911,2025-11,proportional_stratified_random_sample
2036,3205410,Line Clipper: Tennis Tactics,2025-11-06,2025-11,"[""Golden Set Games""]","[""Golden Set Games""]",False,True,False,False,success,game,1499,989,34,USD,True,14.99,9.89,2026-09-12T14:36:10.114358+00:00,2025-11-06,2025-11-06,False,,20250911,2025-11,proportional_stratified_random_sample
2037,3235740,Fruit vs. Aliens,2025-11-06,2025-11,"[""Pollapee""]","[""Pollapee""]",False,True,True,False,success,game,399,399,0,USD,True,3.99,3.99,2026-09-12T14:39:48.675764+00:00,2025-11-06,2025-11-06,False,,20250911,2025-11,proportional_stratified_random_sample
2038,3342150,10MIN HEROES,2025-11-06,2025-11,"[""Akira Abe""]","[""Akira Abe""]",False,True,False,False,success,game,799,799,0,USD,True,7.99,7.99,2026-09-12T14:57:31.151782+00:00,2025-11-06,2025-11-06,False,,20250911,2025-11,proportional_stratified_random_sample
2039,3621490,CrowHallow,2025-11-06,2025-11,"[""Saphead Studios ""]","[""Saphead Studios ""]",False,True,False,False,success,game,99,99,0,USD,True,0.99,0.99,2026-09-12T15:47:12.247749+00:00,2025-11-06,2025-11-06,False,,20250911,2025-11,proportional_stratified_random_sample
2040,3625210,Loafing Town,2025-11-06,2025-11,"[""GoblinZz""]","[""IndieArk""]",False,True,False,False,success,game,699,559,20,USD,True,6.99,5.59,2026-09-12T15:48:15.895793+00:00,2025-11-06,2025-11-06,False,,20250911,2025-11,proportional_stratified_random_sample
2041,3637820,Addy,2025-11-06,2025-11,"[""Sofia Gyger""]","[""Sofia Gyger""]",False,True,True,True,success,game,499,499,0,USD,True,4.99,4.99,2026-09-12T15:51:47.947827+00:00,2025-11-06,2025-11-06,False,,20250911,2025-11,proportional_stratified_random_sample
2042,3653590,N.O.X.,2025-11-06,2025-11,"[""LuminDrive""]","[""OMNI X SYSTEM""]",False,True,False,False,success,game,1699,1699,0,USD,True,16.99,16.99,2026-09-12T15:55:47.659840+00:00,2025-11-06,2025-11-06,False,,20250911,2025-11,proportional_stratified_random_sample
2043,3660220,Syberia - Remastered,2025-11-06,2025-11,"[""Virtuallyz Gaming"",""Microids Studio Paris""]","[""Microids""]",False,True,False,False,success,game,2999,2999,0,USD,True,29.99,29.99,2026-09-12T15:57:28.480500+00:00,2025-11-06,2025-11-06,False,,20250911,2025-11,proportional_stratified_random_sample
2044,3716360,Upstairs,2025-11-06,2025-11,"[""MODE24""]","[""MODE24""]",False,True,False,False,success,game,299,299,0,USD,True,2.99,2.99,2026-09-12T16:15:26.726338+00:00,2025-11-06,2025-11-06,False,,20250911,2025-11,proportional_stratified_random_sample
2045,3739030,Street Drive Rush,2025-11-06,2025-11,"[""Instant Games Studio""]","[""Instant Games Studio""]",False,True,False,False,success,game,299,299,0,USD,True,2.99,2.99,2026-09-12T16:21:34.542737+00:00,2025-11-06,2025-11-06,False,,20250911,2025-11,proportional_stratified_random_sample
2046,3745910,The Ashen Baron,2025-11-06,2025-11,"[""Crow's Perch""]","[""Crow's Perch""]",False,True,False,False,success,game,999,999,0,USD,True,9.99,9.99,2026-09-12T16:23:21.321158+00:00,2025-11-06,2025-11-06,False,,20250911,2025-11,proportional_stratified_random_sample
2047,3762110,Bloodplague Lockdown,2025-11-06,2025-11,"[""Speed King Games""]","[""Speed King Games""]",False,True,False,False,success,game,499,199,60,USD,True,4.99,1.99,2026-09-12T16:28:48.206315+00:00,2025-11-06,2025-11-06,False,,20250911,2025-11,proportional_stratified_random_sample
2048,3778040,Ramen-ten ‘Heart Abyss’,2025-11-06,2025-11,"[""DEADMAP""]","[""HeroCraft PC""]",False,True,False,False,success,game,299,299,0,USD,True,2.99,2.99,2026-09-12T16:33:15.816447+00:00,2025-11-06,2025-11-06,False,,20250911,2025-11,proportional_stratified_random_sample
2049,3837380,Majogami,2025-11-06,2025-11,"[""INTI CREATES CO., LTD.""]","[""INTI CREATES CO., LTD.""]",False,True,False,False,success,game,2499,1624,35,USD,True,24.99,16.24,2026-09-12T17:06:28.794020+00:00,2025-11-06,2025-11-06,False,,20250911,2025-11,proportional_stratified_random_sample
2050,3878240,Ocean of Vengeance,2025-11-06,2025-11,"[""Voidvania""]","[""Voidvania""]",False,True,False,False,success,game,99,99,0,USD,True,0.99,0.99,2026-09-12T17:42:29.140196+00:00,2025-11-06,2025-11-06,False,,20250911,2025-11,proportional_stratified_random_sample
2051,3919530,It Takes a War,2025-11-06,2025-11,"[""Thomas Mackinnon""]","[""Pantaloon""]",False,True,False,False,success,game,599,599,0,USD,True,5.99,5.99,2026-09-12T18:02:27.949280+00:00,2025-11-06,2025-11-06,False,,20250911,2025-11,proportional_stratified_random_sample
2052,3925720,FISH³: FIRST CATCH,2025-11-06,2025-11,"[""Bakery of Games""]","[""Bakery of Games""]",True,True,False,False,success,game,,,,,False,,,2026-09-13T05:51:42.424699+00:00,2025-11-06,2025-11-06,False,,20250911,2025-11,proportional_stratified_random_sample
2053,3948840,Fatebreaker,2025-11-06,2025-11,"[""NeuroCore Studios""]","[""NeuroCore Studios""]",False,True,False,False,success,game,1899,1899,0,USD,True,18.99,18.99,2026-09-13T06:01:32.845872+00:00,2025-11-06,2025-11-06,False,,20250911,2025-11,proportional_stratified_random_sample
2054,3952930,仙旅异闻录,2025-11-06,2025-11,"[""lazykitten""]","[""lazykitten""]",False,True,False,False,success,game,399,399,0,USD,True,3.99,3.99,2026-09-13T06:03:21.287720+00:00,2025-11-06,2025-11-06,False,,20250911,2025-11,proportional_stratified_random_sample
2055,3971630,Triple Swap Tower,2025-11-06,2025-11,"[""LUJA Studio""]","[""LUJA Studio""]",False,True,False,False,success,game,799,799,0,USD,True,7.99,7.99,2026-09-13T06:10:34.015053+00:00,2025-11-06,2025-11-06,False,,20250911,2025-11,proportional_stratified_random_sample
2056,3999150,HyperDissonance,2025-11-06,2025-11,"[""meta"",""autoselff""]","[""meta"",""autoselff""]",False,True,False,False,success,game,499,299,40,USD,True,4.99,2.99,2026-09-13T06:21:10.685700+00:00,2025-11-06,2025-11-06,False,,20250911,2025-11,proportional_stratified_random_sample
2057,4006240,Banner Tactics,2025-11-06,2025-11,"[""Moondolino""]","[""Moondolino""]",False,True,False,False,success,game,1799,1799,0,USD,True,17.99,17.99,2026-09-13T06:24:00.042399+00:00,2025-11-06,2025-11-06,False,,20250911,2025-11,proportional_stratified_random_sample
2058,4034310,Missing Pac: Pandemic Adventure,2025-11-06,2025-11,"[""Eden Sagasta Diaz"",""ALL INS STUDIO""]","[""ALL INS STUDIO""]",False,True,False,False,success,game,1099,1099,0,USD,True,10.99,10.99,2026-09-13T06:33:00.982296+00:00,2025-11-06,2025-11-06,False,,20250911,2025-11,proportional_stratified_random_sample
2059,4067490,SpinGrid: Core Block Puzzle,2025-11-06,2025-11,"[""Exopoint Initiative""]","[""Exopoint Initiative""]",False,True,False,False,success,game,199,199,0,USD,True,1.99,1.99,2026-09-13T06:43:55.183016+00:00,2025-11-06,2025-11-06,False,,20250911,2025-11,proportional_stratified_random_sample
2060,1893440,INTO EVIL,2025-11-07,2025-11,"[""Mind's Eye Games""]","[""Mind's Eye Games""]",False,True,True,True,success,game,1499,1499,0,USD,True,14.99,14.99,2026-09-12T13:15:13.079121+00:00,2025-11-07,2025-11-07,False,,20250911,2025-11,proportional_stratified_random_sample
2061,2398290,King of the Arcade,2025-11-07,2025-11,"[""Super Villain Games""]","[""Super Villain Games""]",False,True,False,False,success,game,799,799,0,USD,True,7.99,7.99,2026-09-12T13:41:19.965059+00:00,2025-11-07,2025-11-07,False,,20250911,2025-11,proportional_stratified_random_sample
2062,2607180,Mecha Blitz,2025-11-07,2025-11,"[""Cadre Creative Labs""]","[""Cadre Creative Labs""]",False,True,False,False,success,game,999,999,0,USD,True,9.99,9.99,2026-09-12T13:50:42.478040+00:00,2025-11-07,2025-11-07,False,,20250911,2025-11,proportional_stratified_random_sample
2063,2749000,Inn Tycoon,2025-11-07,2025-11,"[""Evil Goose Games""]","[""GameDev.ist"",""Gamersky Games""]",False,True,False,False,success,game,1199,599,50,USD,True,11.99,5.99,2026-09-12T13:57:38.938866+00:00,2025-11-07,2025-11-07,False,,20250911,2025-11,proportional_stratified_random_sample
2064,2870920,Restaurats,2025-11-07,2025-11,"[""toR Studio""]","[""Polden Publishing""]",False,True,False,False,success,game,1990,1990,0,USD,True,19.9,19.9,2026-09-12T14:05:08.020736+00:00,2025-11-07,2025-11-07,False,,20250911,2025-11,proportional_stratified_random_sample
2065,3099630,Academy Love Saga: Tennis Angels,2025-11-07,2025-11,"[""Tora Creatives""]","[""Tora Creatives"",""Secret Labo""]",False,True,False,False,success,game,899,899,0,USD,True,8.99,8.99,2026-09-12T14:24:49.482857+00:00,2025-11-07,2025-11-07,False,,20250911,2025-11,proportional_stratified_random_sample
2066,3120410,Little Droid 2: Escape,2025-11-07,2025-11,"[""KingStyle""]","[""KingStyle""]",False,True,False,False,success,game,699,244,65,USD,True,6.99,2.44,2026-09-12T14:27:23.850288+00:00,2025-11-07,2025-11-07,False,,20250911,2025-11,proportional_stratified_random_sample
2067,3262560,Weeks Till Winter,2025-11-07,2025-11,"[""Subnuminal, LLC""]","[""Subnuminal, LLC""]",False,True,False,False,success,game,799,799,0,USD,True,7.99,7.99,2026-09-12T14:42:07.533975+00:00,2025-11-07,2025-11-07,False,,20250911,2025-11,proportional_stratified_random_sample
2068,3334770,99Managers Futsal Edition,2025-11-07,2025-11,"[""Simon Dalvai""]","[""Simon Dalvai""]",False,True,True,True,success,game,1000,1000,0,USD,True,10.0,10.0,2026-09-12T14:56:43.468499+00:00,2025-11-07,2025-11-07,False,,20250911,2025-11,proportional_stratified_random_sample
2069,3385960,BattleGroupVR2,2025-11-07,2025-11,"[""SpaceOwl Games""]","[""SpaceOwl Games""]",False,True,False,False,success,game,2499,2499,0,USD,True,24.99,24.99,2026-09-12T15:04:36.359442+00:00,2025-11-07,2025-11-07,False,,20250911,2025-11,proportional_stratified_random_sample
2070,3561830,100 Cats Istanbul,2025-11-07,2025-11,"[""100 Cats""]","[""100 Cats""]",False,True,False,False,success,game,99,99,0,USD,True,0.99,0.99,2026-09-12T15:34:06.673076+00:00,2025-11-07,2025-11-07,False,,20250911,2025-11,proportional_stratified_random_sample
2071,3590590,AnimaCircus,2025-11-07,2025-11,"[""Sendo Estudio""]","[""Sendo Estudio""]",False,True,False,True,success,game,499,499,0,USD,True,4.99,4.99,2026-09-12T15:40:20.887420+00:00,2025-11-07,2025-11-07,False,,20250911,2025-11,proportional_stratified_random_sample
2072,3592140,Anima Gate of Memories: I&II Remaster,2025-11-07,2025-11,"[""Anima Project""]","[""Anima Publishing""]",False,True,False,False,success,game,2499,2499,0,USD,True,24.99,24.99,2026-09-12T15:40:51.341538+00:00,2025-11-07,2025-11-07,False,,20250911,2025-11,proportional_stratified_random_sample
2073,3618780,Weird Island VR,2025-11-07,2025-11,"[""Exa_Inc""]","[""Exa_Inc""]",False,True,True,True,success,game,999,999,0,USD,True,9.99,9.99,2026-09-12T15:46:27.797998+00:00,2025-11-07,2025-11-07,False,,20250911,2025-11,proportional_stratified_random_sample
2074,3628730,Tankiro,2025-11-07,2025-11,"[""Rmonak""]","[""Rmonak""]",False,True,False,False,success,game,499,499,0,USD,True,4.99,4.99,2026-09-12T15:49:06.703893+00:00,2025-11-07,2025-11-07,False,,20250911,2025-11,proportional_stratified_random_sample
2075,3690570,Ms Vampire Love to Date with Me,2025-11-07,2025-11,"[""卢隆工作室""]","[""卢隆工作室""]",False,True,False,False,success,game,499,499,0,USD,True,4.99,4.99,2026-09-12T16:07:02.520933+00:00,2025-11-07,2025-11-07,False,,20250911,2025-11,proportional_stratified_random_sample
2076,3696700,Kickback Clicker,2025-11-07,2025-11,"[""Dot blood""]","[""Targem Games""]",False,True,False,False,success,game,399,399,0,USD,True,3.99,3.99,2026-09-12T16:08:35.325747+00:00,2025-11-07,2025-11-07,False,,20250911,2025-11,proportional_stratified_random_sample
2077,3749260,The Awakened Avenger,2025-11-07,2025-11,"[""Forest Cats Studio""]","[""Forest Cats Studio""]",False,True,False,False,success,game,399,399,0,USD,True,3.99,3.99,2026-09-12T16:24:22.936554+00:00,2025-11-07,2025-11-07,False,,20250911,2025-11,proportional_stratified_random_sample
2078,3754800,City Love Clicker,2025-11-07,2025-11,"[""GentryCatClub""]","[""GentryCatClub""]",False,True,False,False,success,game,299,299,0,USD,True,2.99,2.99,2026-09-12T16:26:18.057861+00:00,2025-11-07,2025-11-07,False,,20250911,2025-11,proportional_stratified_random_sample
2079,3809950,Printfarm Simulator,2025-11-07,2025-11,"[""Friendly Bug Studio""]","[""Friendly Bug Studio""]",False,True,False,False,success,game,589,471,20,USD,True,5.89,4.71,2026-09-12T16:45:44.758520+00:00,2025-11-07,2025-11-07,False,,20250911,2025-11,proportional_stratified_random_sample
2080,3832470,FTL Team,2025-11-07,2025-11,"[""Bulletproof Pudding Studio""]","[""Bulletproof Pudding Studio""]",False,True,False,False,success,game,499,499,0,USD,True,4.99,4.99,2026-09-12T16:58:23.182007+00:00,2025-11-07,2025-11-07,False,,20250911,2025-11,proportional_stratified_random_sample
2081,3854330,My Little Spider,2025-11-07,2025-11,"[""9FingerGames"",""Fatal Fawn Games""]","[""9FingerGames"",""Fatal Fawn Games""]",False,True,False,False,success,game,499,499,0,USD,True,4.99,4.99,2026-09-12T17:15:46.182780+00:00,2025-11-07,2025-11-07,False,,20250911,2025-11,proportional_stratified_random_sample
2082,3865190,Jump Slash,2025-11-07,2025-11,"[""Yolo Monkey Studio""]","[""Yolo Monkey Studio""]",True,True,False,False,success,game,,,,,False,,,2026-09-12T17:35:48.050636+00:00,2025-11-07,2025-11-07,False,,20250911,2025-11,proportional_stratified_random_sample
2083,3927710,ZENith Break,2025-11-07,2025-11,"[""Akimochi Games""]","[""Akimochi Games""]",False,True,False,False,success,game,499,499,0,USD,True,4.99,4.99,2026-09-13T05:52:54.992085+00:00,2025-11-07,2025-11-07,False,,20250911,2025-11,proportional_stratified_random_sample
2084,3954070,Session Notes: Route 404,2025-11-07,2025-11,"[""4Byte Studios""]","[""4Byte Studios""]",False,True,False,False,success,game,299,224,25,USD,True,2.99,2.24,2026-09-13T06:03:57.025038+00:00,2025-11-07,2025-11-07,False,,20250911,2025-11,proportional_stratified_random_sample
2085,3988540,The Last Zone,2025-11-07,2025-11,"[""Kodobur Games""]","[""Kodobur Games""]",False,True,False,False,success,game,999,999,0,USD,True,9.99,9.99,2026-09-13T06:17:03.379912+00:00,2025-11-07,2025-11-07,False,,20250911,2025-11,proportional_stratified_random_sample
2086,3995320,Weird Store,2025-11-07,2025-11,"[""Weird Games""]","[""Weird Games""]",False,True,False,False,success,game,399,399,0,USD,True,3.99,3.99,2026-09-13T06:19:31.325566+00:00,2025-11-07,2025-11-07,False,,20250911,2025-11,proportional_stratified_random_sample
2087,4074140,深渊旅人,2025-11-07,2025-11,"[""WENG CHENXI""]","[""WENG CHENXI""]",True,True,False,False,success,game,,,,,False,,,2026-09-13T06:45:58.580639+00:00,2025-11-07,2025-11-07,False,,20250911,2025-11,proportional_stratified_random_sample
2088,4089540,to the,2025-11-07,2025-11,"[""露椿""]","[""露椿""]",False,True,False,False,success,game,399,399,0,USD,True,3.99,3.99,2026-09-13T06:49:34.789496+00:00,2025-11-07,2025-11-07,False,,20250911,2025-11,proportional_stratified_random_sample
2089,4103720,...Vincent: Mansion of The Dead,2025-11-07,2025-11,"[""MarinoDev""]","[""MarinoDev""]",False,True,False,True,success,game,499,499,0,USD,True,4.99,4.99,2026-09-13T06:52:55.450689+00:00,2025-11-07,2025-11-07,False,,20250911,2025-11,proportional_stratified_random_sample
2090,4111920,Spirit Magician,2025-11-07,2025-11,"[""KindGame""]","[""KindGame""]",False,True,False,False,success,game,599,599,0,USD,True,5.99,5.99,2026-09-13T06:55:44.708972+00:00,2025-11-07,2025-11-07,False,,20250911,2025-11,proportional_stratified_random_sample
2091,3837330,Power Grid Panic,2025-11-08,2025-11,"[""Altair Alpha Games""]","[""Altair Alpha Games""]",False,True,False,False,success,game,99,99,0,USD,True,0.99,0.99,2026-09-12T17:06:26.684383+00:00,2025-11-08,2025-11-08,False,,20250911,2025-11,proportional_stratified_random_sample
2092,3849010,Chess Commanders,2025-11-08,2025-11,"[""Skorpion Studios LLC""]","[""Skorpion Studios LLC""]",False,True,True,False,success,game,499,499,0,USD,True,4.99,4.99,2026-09-12T17:13:00.525550+00:00,2025-11-08,2025-11-08,False,,20250911,2025-11,proportional_stratified_random_sample
2093,4094400,Romcab Puzzle,2025-11-08,2025-11,"[""8º Arte Games""]","[""8º Arte Games""]",False,True,False,False,success,game,999,999,0,USD,True,9.99,9.99,2026-09-13T06:50:41.392698+00:00,2025-11-08,2025-11-08,False,,20250911,2025-11,proportional_stratified_random_sample
2094,4097410,Aero,2025-11-08,2025-11,"[""yavuz sinan aktaş""]","[""yavuz sinan aktaş""]",False,True,False,False,success,game,299,299,0,USD,True,2.99,2.99,2026-09-13T06:51:30.552719+00:00,2025-11-08,2025-11-08,False,,20250911,2025-11,proportional_stratified_random_sample
2095,2554740,Operation Noogy,2025-11-09,2025-11,"[""Noogybaga""]","[""Noogybaga""]",False,True,False,False,success,game,999,999,0,USD,True,9.99,9.99,2026-09-12T13:48:30.303532+00:00,2025-11-09,2025-11-09,False,,20250911,2025-11,proportional_stratified_random_sample
2096,2560340,Bonaparte - A Mechanized Revolution,2025-11-09,2025-11,"[""Studio Imugi""]","[""Studio Imugi"",""2P Games""]",False,True,False,False,success,game,2499,2499,0,USD,True,24.99,24.99,2026-09-12T13:48:41.006778+00:00,2025-11-09,2025-11-09,False,,20250911,2025-11,proportional_stratified_random_sample
2097,3421560,逃离感化院 The Reformatory,2025-11-09,2025-11,"[""Pan""]","[""Pan""]",False,True,False,False,success,game,999,999,0,USD,True,9.99,9.99,2026-09-12T15:10:01.418322+00:00,2025-11-09,2025-11-09,False,,20250911,2025-11,proportional_stratified_random_sample
2098,3480790,Reverie in the Moonlight,2025-11-09,2025-11,"[""room6""]","[""room6""]",False,True,False,False,success,game,999,999,0,USD,True,9.99,9.99,2026-09-12T15:20:31.429972+00:00,2025-11-09,2025-11-09,False,,20250911,2025-11,proportional_stratified_random_sample
2099,3669750,Aquanima,2025-11-09,2025-11,"[""2Gamestudio""]","[""2Gamestudio""]",False,True,False,False,success,game,299,299,0,USD,True,2.99,2.99,2026-09-12T15:59:38.688228+00:00,2025-11-09,2025-11-09,False,,20250911,2025-11,proportional_stratified_random_sample
2100,3759140,Nitroglycerine!,2025-11-09,2025-11,"[""Avoidance""]","[""Avoidance""]",False,True,False,False,success,game,499,499,0,USD,True,4.99,4.99,2026-09-12T16:27:55.178993+00:00,2025-11-09,2025-11-09,False,,20250911,2025-11,proportional_stratified_random_sample
2101,3876030,Monkey Jump,2025-11-09,2025-11,"[""Echo Forge""]","[""Echo Forge""]",False,True,False,False,success,game,299,299,0,USD,True,2.99,2.99,2026-09-12T17:41:14.247981+00:00,2025-11-09,2025-11-09,False,,20250911,2025-11,proportional_stratified_random_sample
2102,3915550,Proper Bullet Hell,2025-11-09,2025-11,"[""IGE""]","[""IGE""]",False,True,False,False,success,game,699,699,0,USD,True,6.99,6.99,2026-09-12T18:00:07.855956+00:00,2025-11-09,2025-11-09,False,,20250911,2025-11,proportional_stratified_random_sample
2103,3955620,Tob One,2025-11-09,2025-11,"[""otancco""]","[""otancco""]",False,True,False,False,success,game,599,599,0,USD,True,5.99,5.99,2026-09-13T06:04:41.790152+00:00,2025-11-09,2025-11-09,False,,20250911,2025-11,proportional_stratified_random_sample
2104,3992650,Buttons Deathline,2025-11-09,2025-11,"[""Blackblood Games""]","[""Blackblood Games""]",False,True,False,False,success,game,99,99,0,USD,True,0.99,0.99,2026-09-13T06:18:36.038590+00:00,2025-11-09,2025-11-09,False,,20250911,2025-11,proportional_stratified_random_sample
2105,3997950,Hooked,2025-11-09,2025-11,"[""Mamacabra""]","[""Mamacabra""]",False,True,False,False,success,game,999,999,0,USD,True,9.99,9.99,2026-09-13T06:20:43.446187+00:00,2025-11-09,2025-11-09,False,,20250911,2025-11,proportional_stratified_random_sample
2106,4110260,Karma Jump 2,2025-11-09,2025-11,"[""nomnomstudio""]","[""nomnomstudio""]",False,True,False,False,success,game,99,99,0,USD,True,0.99,0.99,2026-09-13T06:55:01.683296+00:00,2025-11-09,2025-11-09,False,,20250911,2025-11,proportional_stratified_random_sample
2107,4115350,HorrorDungeon,2025-11-09,2025-11,"[""XUZHIHAO""]","[""XUZHIHAO""]",False,True,False,False,success,game,299,299,0,USD,True,2.99,2.99,2026-09-13T06:56:44.012666+00:00,2025-11-09,2025-11-09,False,,20250911,2025-11,proportional_stratified_random_sample
2108,4122210,Mini Heroes: Squad Online,2025-11-09,2025-11,"[""Rokito Games""]","[""Rokito Games""]",False,True,True,False,success,game,99,99,0,USD,True,0.99,0.99,2026-09-13T06:58:42.990715+00:00,2025-11-09,2025-11-09,False,,20250911,2025-11,proportional_stratified_random_sample
2109,2077750,RENNSPORT,2025-11-10,2025-11,"[""Teyon"",""Competition Company""]","[""Competition Company""]",False,True,False,False,success,game,2499,2499,0,USD,True,24.99,24.99,2026-09-12T13:23:00.534665+00:00,2025-11-10,2025-11-10,False,,20250911,2025-11,proportional_stratified_random_sample
2110,2204560,Mineral Madness,2025-11-10,2025-11,"[""Whacky Mole Studio""]","[""Whacky Mole Studio""]",False,True,False,False,success,game,799,799,0,USD,True,7.99,7.99,2026-09-12T13:33:17.044633+00:00,2025-11-10,2025-11-10,False,,20250911,2025-11,proportional_stratified_random_sample
2111,2576200,Into The Grid,2025-11-10,2025-11,"[""Flatline Studios""]","[""Flatline Studios"","" Gamersky Games""]",False,True,True,True,success,game,1499,1199,20,USD,True,14.99,11.99,2026-09-12T13:49:19.742188+00:00,2025-11-10,2025-11-10,False,,20250911,2025-11,proportional_stratified_random_sample
2112,2653120,Donna: The Canine Quest,2025-11-10,2025-11,"[""RAZE GAMES""]","[""indie.io""]",False,True,False,False,success,game,999,999,0,USD,True,9.99,9.99,2026-09-12T13:52:36.961067+00:00,2025-11-10,2025-11-10,False,,20250911,2025-11,proportional_stratified_random_sample
2113,3143300,Amairo Chocolate 3,2025-11-10,2025-11,"[""Cabbage Soft""]","[""Sekai Project""]",False,True,False,False,success,game,2999,2999,0,USD,True,29.99,29.99,2026-09-12T14:29:51.997860+00:00,2025-11-10,2025-11-10,False,,20250911,2025-11,proportional_stratified_random_sample
2114,3213600,Store Wars: Multiplayer Shop Simulator,2025-11-10,2025-11,"[""Noham Games""]","[""Noham Games""]",False,True,False,False,success,game,1299,1299,0,USD,True,12.99,12.99,2026-09-12T14:37:07.635331+00:00,2025-11-10,2025-11-10,False,,20250911,2025-11,proportional_stratified_random_sample
2115,3355900,FIREBALL,2025-11-10,2025-11,"[""TONGARI GAMES""]","[""TONGARI GAMES""]",False,True,False,False,success,game,199,199,0,USD,True,1.99,1.99,2026-09-12T14:59:55.348173+00:00,2025-11-10,2025-11-10,False,,20250911,2025-11,proportional_stratified_random_sample
2116,3609980,"Yes, My Queen",2025-11-10,2025-11,"[""Wall Spaghetti""]","[""Wall Spaghetti"",""Nexting""]",False,True,True,False,success,game,1299,1299,0,USD,True,12.99,12.99,2026-09-12T15:44:30.176391+00:00,2025-11-10,2025-11-10,False,,20250911,2025-11,proportional_stratified_random_sample
2117,3614690,Lunhowl: Co-op Horror,2025-11-10,2025-11,"[""GalaVerse Creations""]","[""GalaVerse Creations""]",False,True,False,False,success,game,499,499,0,USD,True,4.99,4.99,2026-09-12T15:45:36.261567+00:00,2025-11-10,2025-11-10,False,,20250911,2025-11,proportional_stratified_random_sample
2118,3659410,"Your Big, Cute Monster Farm",2025-11-10,2025-11,"[""KaiPlay Studio""]","["" Gamersky Games""]",False,True,False,False,success,game,799,799,0,USD,True,7.99,7.99,2026-09-12T15:57:13.609850+00:00,2025-11-10,2025-11-10,False,,20250911,2025-11,proportional_stratified_random_sample
2119,3688970,Woolly,2025-11-10,2025-11,"[""Anneka Tran""]","[""Anneka Tran""]",False,True,False,False,success,game,649,649,0,USD,True,6.49,6.49,2026-09-12T16:06:24.148473+00:00,2025-11-10,2025-11-10,False,,20250911,2025-11,proportional_stratified_random_sample
2120,3738330,Moose Diver,2025-11-10,2025-11,"[""Lingon Studios""]","[""Lingon Studios""]",False,True,False,False,success,game,499,499,0,USD,True,4.99,4.99,2026-09-12T16:21:20.003277+00:00,2025-11-10,2025-11-10,False,,20250911,2025-11,proportional_stratified_random_sample
2121,3842370,Zugaran,2025-11-10,2025-11,"[""Just Making Games""]","[""Just Making Games""]",False,True,False,False,success,game,499,499,0,USD,True,4.99,4.99,2026-09-12T17:09:15.314225+00:00,2025-11-10,2025-11-10,False,,20250911,2025-11,proportional_stratified_random_sample
2122,3874490,Denrei Survivors,2025-11-10,2025-11,"[""Andymente Playbooster""]","[""Andymente Playbooster""]",False,True,False,False,success,game,999,999,0,USD,True,9.99,9.99,2026-09-12T17:40:14.975772+00:00,2025-11-10,2025-11-10,False,,20250911,2025-11,proportional_stratified_random_sample
2123,3885080,Mage of Tempest Castle,2025-11-10,2025-11,"[""Donnie Lee""]","[""Donnie Lee""]",False,True,False,False,success,game,299,299,0,USD,True,2.99,2.99,2026-09-12T17:45:54.285953+00:00,2025-11-10,2025-11-10,False,,20250911,2025-11,proportional_stratified_random_sample
2124,3919680,The Single-Eye Nightmare,2025-11-10,2025-11,"[""Marangon Productions""]","[""Marangon Productions""]",False,True,False,False,success,game,699,699,0,USD,True,6.99,6.99,2026-09-12T18:02:32.202039+00:00,2025-11-10,2025-11-10,False,,20250911,2025-11,proportional_stratified_random_sample
2125,3932980,Whisper Village,2025-11-10,2025-11,"[""CryVoltaStudio""]","[""CryVoltaStudio""]",False,True,False,False,success,game,299,299,0,USD,True,2.99,2.99,2026-09-13T05:55:12.199235+00:00,2025-11-10,2025-11-10,False,,20250911,2025-11,proportional_stratified_random_sample
2126,3967430,Defend the Town,2025-11-10,2025-11,"[""Supercap Games LLC""]","[""Supercap Games LLC""]",False,True,False,False,success,game,99,99,0,USD,True,0.99,0.99,2026-09-13T06:09:30.549189+00:00,2025-11-10,2025-11-10,False,,20250911,2025-11,proportional_stratified_random_sample
2127,3969280,Where the Roads Die,2025-11-10,2025-11,"[""DIRECTOR`S CUT""]","[""DIRECTOR`S CUT""]",False,True,False,False,success,game,499,499,0,USD,True,4.99,4.99,2026-09-13T06:09:58.143171+00:00,2025-11-10,2025-11-10,False,,20250911,2025-11,proportional_stratified_random_sample
2128,3996120,Second Death,2025-11-10,2025-11,"[""David Hirosky""]","[""channel 3 studios""]",False,True,False,False,success,game,999,999,0,USD,True,9.99,9.99,2026-09-13T06:19:56.728634+00:00,2025-11-10,2025-11-10,False,,20250911,2025-11,proportional_stratified_random_sample
2129,4002550,a.sector,2025-11-10,2025-11,"[""AngryBread Limited""]","[""AngryBread Limited""]",True,True,True,False,success,game,,,,,False,,,2026-09-13T06:22:37.131819+00:00,2025-11-10,2025-11-10,False,,20250911,2025-11,proportional_stratified_random_sample
2130,4056960,Drone Feeder,2025-11-10,2025-11,"[""wxg studio""]","[""wxg studio""]",False,True,False,True,success,game,299,299,0,USD,True,2.99,2.99,2026-09-13T06:41:19.112919+00:00,2025-11-10,2025-11-10,False,,20250911,2025-11,proportional_stratified_random_sample
2131,4068510,Detective Modo,2025-11-10,2025-11,"[""Dekomodo""]","[""Dekomodo""]",False,True,False,True,success,game,499,499,0,USD,True,4.99,4.99,2026-09-13T06:44:08.105515+00:00,2025-11-10,2025-11-10,False,,20250911,2025-11,proportional_stratified_random_sample
2132,4072280,Avatars,2025-11-10,2025-11,"[""AIGround""]","[""HeadArrow""]",False,True,False,False,success,game,199,99,50,USD,True,1.99,0.99,2026-09-13T06:45:22.385796+00:00,2025-11-10,2025-11-10,False,,20250911,2025-11,proportional_stratified_random_sample
2133,4076810,The Keyless: Beyond the Door,2025-11-10,2025-11,"[""EddysssGames""]","[""EddysssGames""]",False,True,False,False,success,game,299,299,0,USD,True,2.99,2.99,2026-09-13T06:46:32.849033+00:00,2025-11-10,2025-11-10,False,,20250911,2025-11,proportional_stratified_random_sample
2134,4122860,Z.A.T.O. // I Love the World and Everything In It,2025-11-10,2025-11,"[""Ferry // Nopanamaman""]","[""Ferry // Nopanamaman""]",True,True,True,True,success,game,,,,,False,,,2026-09-13T06:58:53.857401+00:00,2025-11-10,2025-11-10,False,,20250911,2025-11,proportional_stratified_random_sample
2135,4132020,Shengtang Mountain in Jinxiu County,2025-11-10,2025-11,"[""Shengtang""]","[""Shengtang""]",False,True,False,False,success,game,199,199,0,USD,True,1.99,1.99,2026-09-13T07:05:17.800789+00:00,2025-11-10,2025-11-10,False,,20250911,2025-11,proportional_stratified_random_sample
2136,1296660,Wartorn,2025-11-11,2025-11,"[""Stray Kite Studios""]","[""Stray Kite Studios""]",False,True,False,False,success,game,3499,3499,0,USD,True,34.99,34.99,2026-09-12T13:04:10.048978+00:00,2025-11-11,2025-11-11,False,,20250911,2025-11,proportional_stratified_random_sample
2137,1329030,Puzzle - LINES AND KNOTS 3,2025-11-11,2025-11,"[""PlayToday""]","[""PlayToday""]",False,True,True,True,success,game,999,999,0,USD,True,9.99,9.99,2026-09-12T13:04:33.350453+00:00,2025-11-11,2025-11-11,False,,20250911,2025-11,proportional_stratified_random_sample
2138,1660960,Windswept,2025-11-11,2025-11,"[""WeatherFell""]","[""Top Hat Studios, Inc."",""Doyoyo Games""]",False,True,False,False,success,game,1999,1999,0,USD,True,19.99,19.99,2026-09-12T13:10:09.418224+00:00,2025-11-11,2025-11-11,False,,20250911,2025-11,proportional_stratified_random_sample
2139,1976860,MORSE,2025-11-11,2025-11,"[""ALJO Games""]","[""ALJO Games""]",False,True,False,False,success,game,1399,1399,0,USD,True,13.99,13.99,2026-09-12T13:20:40.048024+00:00,2025-11-11,2025-11-11,False,,20250911,2025-11,proportional_stratified_random_sample
2140,2055400,Knights Together,2025-11-11,2025-11,"[""DDoubleDD""]","[""DDoubleDD""]",False,True,False,False,success,game,199,199,0,USD,True,1.99,1.99,2026-09-12T13:22:07.501869+00:00,2025-11-11,2025-11-11,False,,20250911,2025-11,proportional_stratified_random_sample
2141,2122880,All Hands on Deck,2025-11-11,2025-11,"[""Studio Mantasaur"",""Wikkl""]","[""Studio Mantasaur""]",False,True,False,False,success,game,1299,1299,0,USD,True,12.99,12.99,2026-09-12T13:30:30.880164+00:00,2025-11-11,2025-11-11,False,,20250911,2025-11,proportional_stratified_random_sample
2142,2126190,Rue Valley,2025-11-11,2025-11,"[""Emotion Spark Studio""]","[""Owlcat Games""]",False,True,False,False,success,game,1499,1499,0,USD,True,14.99,14.99,2026-09-12T13:30:39.562880+00:00,2025-11-11,2025-11-11,False,,20250911,2025-11,proportional_stratified_random_sample
2143,2416100,Goodnight Universe,2025-11-11,2025-11,"[""Nice Dream""]","[""Skybound Games""]",False,True,False,False,success,game,1999,1999,0,USD,True,19.99,19.99,2026-09-12T13:41:51.686687+00:00,2025-11-11,2025-11-11,False,,20250911,2025-11,proportional_stratified_random_sample
2144,2555950,Million Depth,2025-11-11,2025-11,"[""Cyber Space Biotope""]","[""PLAYISM""]",False,True,False,False,success,game,1699,1189,30,USD,True,16.99,11.89,2026-09-12T13:48:32.375436+00:00,2025-11-11,2025-11-11,False,,20250911,2025-11,proportional_stratified_random_sample
2145,3037480,Paplion,2025-11-11,2025-11,"[""Spheanix""]","[""Spheanix""]",False,True,False,False,success,game,1199,1199,0,USD,True,11.99,11.99,2026-09-12T14:18:52.119962+00:00,2025-11-11,2025-11-11,False,,20250911,2025-11,proportional_stratified_random_sample
2146,3465310,Retronika,2025-11-11,2025-11,"[""4Players-Studio""]","[""4Players-Studio""]",False,True,False,False,success,game,1499,1499,0,USD,True,14.99,14.99,2026-09-12T15:17:43.975542+00:00,2025-11-11,2025-11-11,False,,20250911,2025-11,proportional_stratified_random_sample
2147,3467710,Wall World 2,2025-11-11,2025-11,"[""Alawar""]","[""Alawar""]",False,True,True,False,success,game,1199,1199,0,USD,True,11.99,11.99,2026-09-12T15:18:20.506854+00:00,2025-11-11,2025-11-11,False,,20250911,2025-11,proportional_stratified_random_sample
2148,3571780,Mosh Pit Mayhem,2025-11-11,2025-11,"[""Stoner Games""]","[""Stoner Games""]",False,True,False,True,success,game,2999,2999,0,USD,True,29.99,29.99,2026-09-12T15:36:00.971565+00:00,2025-11-11,2025-11-11,False,,20250911,2025-11,proportional_stratified_random_sample
2149,3644260,Cyber Shard Clicker,2025-11-11,2025-11,"[""Overaction Game Studio""]","[""Overaction Game Studio"",""ReiVax""]",False,True,True,True,success,game,299,179,40,USD,True,2.99,1.79,2026-09-12T15:53:06.771248+00:00,2025-11-11,2025-11-11,False,,20250911,2025-11,proportional_stratified_random_sample
2150,3676270,Poly Frenzy,2025-11-11,2025-11,"[""Poiesis Interactive""]","[""Poiesis Interactive""]",False,True,True,False,success,game,999,999,0,USD,True,9.99,9.99,2026-09-12T16:01:15.756444+00:00,2025-11-11,2025-11-11,False,,20250911,2025-11,proportional_stratified_random_sample
2151,3779280,​​Azure Defenders​,2025-11-11,2025-11,"[""StarMatrix Labs""]","[""StarMatrix Labs""]",False,True,False,False,success,game,799,799,0,USD,True,7.99,7.99,2026-09-12T16:33:39.180279+00:00,2025-11-11,2025-11-11,False,,20250911,2025-11,proportional_stratified_random_sample
2152,3829440,Instruments of Peace,2025-11-11,2025-11,"[""Outlaw Games""]","[""Pixel Games""]",False,True,False,False,success,game,999,999,0,USD,True,9.99,9.99,2026-09-12T16:56:35.217750+00:00,2025-11-11,2025-11-11,False,,20250911,2025-11,proportional_stratified_random_sample
2153,3830650,Lither to the Light,2025-11-11,2025-11,"[""BetaFail Studios""]","[""BetaFail Studios""]",False,True,False,False,success,game,499,499,0,USD,True,4.99,4.99,2026-09-12T16:57:24.074494+00:00,2025-11-11,2025-11-11,False,,20250911,2025-11,proportional_stratified_random_sample
2154,3857980,Anyone in the house？,2025-11-11,2025-11,"[""upmupm420""]","[""upmupm420""]",False,True,False,False,success,game,399,399,0,USD,True,3.99,3.99,2026-09-13T05:50:14.136533+00:00,2025-11-11,2025-11-11,False,,20250911,2025-11,proportional_stratified_random_sample
2155,3859950,Tile Tempest,2025-11-11,2025-11,"[""JLau Games""]","[""JLau Games""]",False,True,True,True,success,game,499,499,0,USD,True,4.99,4.99,2026-09-12T17:32:11.384967+00:00,2025-11-11,2025-11-11,False,,20250911,2025-11,proportional_stratified_random_sample
2156,3922120,Koshchei The Immortal,2025-11-11,2025-11,"[""SwanDevGames""]","[""SwanDevGames""]",False,True,False,False,success,game,499,499,0,USD,True,4.99,4.99,2026-09-12T18:03:45.927281+00:00,2025-11-11,2025-11-11,False,,20250911,2025-11,proportional_stratified_random_sample
2157,3926660,Kola Аbyss,2025-11-11,2025-11,"[""TwoDogs""]","[""TwoDogs""]",False,True,False,False,success,game,499,499,0,USD,True,4.99,4.99,2026-09-13T05:52:22.600298+00:00,2025-11-11,2025-11-11,False,,20250911,2025-11,proportional_stratified_random_sample
2158,3948200,PLATFORM 0,2025-11-11,2025-11,"[""CGI LAB GAMES""]","[""CGI LAB GAMES""]",False,True,False,False,success,game,499,499,0,USD,True,4.99,4.99,2026-09-13T06:01:13.976711+00:00,2025-11-11,2025-11-11,False,,20250911,2025-11,proportional_stratified_random_sample
2159,3960240,Cat Merge,2025-11-11,2025-11,"[""Alangu Apex Games""]","[""Alangu Apex Games""]",False,True,False,False,success,game,99,99,0,USD,True,0.99,0.99,2026-09-13T06:06:26.063309+00:00,2025-11-11,2025-11-11,False,,20250911,2025-11,proportional_stratified_random_sample
2160,3999430,Sanity Break,2025-11-11,2025-11,"[""Piemaster37""]","[""Piemaster37""]",False,True,False,False,success,game,499,499,0,USD,True,4.99,4.99,2026-09-13T06:21:17.021976+00:00,2025-11-11,2025-11-11,False,,20250911,2025-11,proportional_stratified_random_sample
2161,4027680,CoThrust,2025-11-11,2025-11,"[""JKY Studio""]","[""JKY Studio""]",False,True,False,False,success,game,199,199,0,USD,True,1.99,1.99,2026-09-13T06:30:51.465182+00:00,2025-11-11,2025-11-11,False,,20250911,2025-11,proportional_stratified_random_sample
2162,4034000,Box of Broken Nails,2025-11-11,2025-11,"[""Cdodge"",""trushkeen""]","[""Cdodge""]",False,True,False,False,success,game,499,499,0,USD,True,4.99,4.99,2026-09-13T06:32:52.322889+00:00,2025-11-11,2025-11-11,False,,20250911,2025-11,proportional_stratified_random_sample
2163,4074220,Back From Earth,2025-11-11,2025-11,"[""Blip-Blop Works""]","[""Blip-Blop Works""]",False,True,True,True,success,game,1499,1499,0,USD,True,14.99,14.99,2026-09-13T06:46:00.801807+00:00,2025-11-11,2025-11-11,False,,20250911,2025-11,proportional_stratified_random_sample
2164,4090500,8th period: Music,2025-11-11,2025-11,"[""MEYOSOFT""]","[""MEYOSOFT""]",False,True,False,False,success,game,399,399,0,USD,True,3.99,3.99,2026-09-13T06:49:43.232842+00:00,2025-11-11,2025-11-11,False,,20250911,2025-11,proportional_stratified_random_sample
2165,4104030,Highway 11,2025-11-11,2025-11,"[""Enter Grip""]","[""Enter Grip""]",False,True,False,False,success,game,299,299,0,USD,True,2.99,2.99,2026-09-13T06:53:01.631135+00:00,2025-11-11,2025-11-11,False,,20250911,2025-11,proportional_stratified_random_sample
2166,4110690,The Electric Bots,2025-11-11,2025-11,"[""Clever Apoki""]","[""Forge Bridge Studios""]",True,True,False,False,success,game,,,,,False,,,2026-09-13T06:55:10.284573+00:00,2025-11-11,2025-11-11,False,,20250911,2025-11,proportional_stratified_random_sample
2167,4121390,Warrior Guild,2025-11-11,2025-11,"[""Rad Game Studios""]","[""Rad Game Studios""]",False,True,False,False,success,game,999,999,0,USD,True,9.99,9.99,2026-09-13T06:58:28.286838+00:00,2025-11-11,2025-11-11,False,,20250911,2025-11,proportional_stratified_random_sample
2168,4121710,Falling Ball,2025-11-11,2025-11,"[""urhob4""]","[""urhob4""]",False,True,False,False,success,game,199,199,0,USD,True,1.99,1.99,2026-09-13T06:58:36.776679+00:00,2025-11-11,2025-11-11,False,,20250911,2025-11,proportional_stratified_random_sample
2169,4122320,Animal Coloring Books for Kids & Toddlers - Dinosaurs,2025-11-11,2025-11,"[""McPeppergames""]","[""McPeppergames""]",False,True,False,False,success,game,499,499,0,USD,True,4.99,4.99,2026-09-13T06:58:47.387078+00:00,2025-11-11,2025-11-11,False,,20250911,2025-11,proportional_stratified_random_sample
2170,2981070,Arcane Trigger,2025-11-12,2025-11,"[""MiniWhale""]","[""MiniWhale"",""Anotherindie""]",False,True,True,False,success,game,899,719,20,USD,True,8.99,7.19,2026-09-12T14:13:28.740153+00:00,2025-11-12,2025-11-12,False,,20250911,2025-11,proportional_stratified_random_sample
2171,3228800,Neon Highways,2025-11-12,2025-11,"[""Flowbit Studio""]","[""Flowbit Studio""]",False,True,False,True,success,game,599,599,0,USD,True,5.99,5.99,2026-09-12T14:39:05.887984+00:00,2025-11-12,2025-11-12,False,,20250911,2025-11,proportional_stratified_random_sample
2172,3365030,Atelier Ryza: Ever Darkness & the Secret Hideout DX,2025-11-12,2025-11,"[""KOEI TECMO GAMES CO., LTD.""]","[""KOEI TECMO GAMES CO., LTD.""]",False,True,False,False,success,game,3999,3999,0,USD,True,39.99,39.99,2026-09-12T15:01:36.881597+00:00,2025-11-12,2025-11-12,False,,20250911,2025-11,proportional_stratified_random_sample
2173,3653810,Cat Home,2025-11-12,2025-11,"[""Yaokemon""]","[""Yaokemon""]",False,True,False,False,success,game,1999,1999,0,USD,True,19.99,19.99,2026-09-12T15:55:54.184206+00:00,2025-11-12,2025-11-12,False,,20250911,2025-11,proportional_stratified_random_sample
2174,3687580,Strength In Numbers,2025-11-12,2025-11,"[""Ciaosen Games""]","[""Ciaosen Games""]",False,True,False,False,success,game,499,499,0,USD,True,4.99,4.99,2026-09-12T16:05:43.568621+00:00,2025-11-12,2025-11-12,False,,20250911,2025-11,proportional_stratified_random_sample
2175,3803040,Binary Boss,2025-11-12,2025-11,"[""2kblater (5)""]","[""2kblater (5)""]",False,True,True,True,success,game,399,399,0,USD,True,3.99,3.99,2026-09-12T16:42:21.891147+00:00,2025-11-12,2025-11-12,False,,20250911,2025-11,proportional_stratified_random_sample
2176,3920630,Galleria,2025-11-12,2025-11,"[""Maru Studio""]","[""Maru Studio""]",False,True,False,False,success,game,499,499,0,USD,True,4.99,4.99,2026-09-12T18:03:01.475689+00:00,2025-11-12,2025-11-12,False,,20250911,2025-11,proportional_stratified_random_sample
2177,3967240,Pursuit,2025-11-12,2025-11,"[""CGI LAB GAMES ""]","[""CGI LAB GAMES ""]",False,True,False,False,success,game,499,499,0,USD,True,4.99,4.99,2026-09-13T06:09:26.359246+00:00,2025-11-12,2025-11-12,False,,20250911,2025-11,proportional_stratified_random_sample
2178,3994200,Enchanted Broom,2025-11-12,2025-11,"[""DimSumForge""]","[""DimSumForge""]",False,True,False,False,success,game,399,399,0,USD,True,3.99,3.99,2026-09-13T06:19:05.784178+00:00,2025-11-12,2025-11-12,False,,20250911,2025-11,proportional_stratified_random_sample
2179,4047260,Gamma Burst,2025-11-12,2025-11,"[""Ulysses Blackjohn""]","[""Ulysses Blackjohn""]",False,True,False,False,success,game,499,499,0,USD,True,4.99,4.99,2026-09-13T06:37:13.207763+00:00,2025-11-12,2025-11-12,False,,20250911,2025-11,proportional_stratified_random_sample
2180,4086350,Easy Running,2025-11-12,2025-11,"[""LUO WENJUN""]","[""LWJGames""]",False,True,False,False,success,game,899,899,0,USD,True,8.99,8.99,2026-09-13T06:48:47.469504+00:00,2025-11-12,2025-11-12,False,,20250911,2025-11,proportional_stratified_random_sample
2181,4105390,ZUMANU Trip,2025-11-12,2025-11,"[""mitataMAT""]","[""mitataMAT""]",False,True,False,False,success,game,99,99,0,USD,True,0.99,0.99,2026-09-13T06:53:33.433401+00:00,2025-11-12,2025-11-12,False,,20250911,2025-11,proportional_stratified_random_sample
2182,4108010,The Girl In White,2025-11-12,2025-11,"[""DIG Games""]","[""DIG Games""]",False,True,False,False,success,game,799,799,0,USD,True,7.99,7.99,2026-09-13T06:54:24.431138+00:00,2025-11-12,2025-11-12,False,,20250911,2025-11,proportional_stratified_random_sample
2183,4123050,Little White: Chromatic Clash,2025-11-12,2025-11,"[""KongshiStudio""]","[""KongshiStudio""]",False,True,False,False,success,game,399,399,0,USD,True,3.99,3.99,2026-09-13T06:58:55.909392+00:00,2025-11-12,2025-11-12,False,,20250911,2025-11,proportional_stratified_random_sample
2184,4129780,Max Overeater,2025-11-12,2025-11,"[""Demenzun Media""]","[""Demenzun Media""]",False,True,False,False,success,game,99,99,0,USD,True,0.99,0.99,2026-09-13T07:01:01.762594+00:00,2025-11-12,2025-11-12,False,,20250911,2025-11,proportional_stratified_random_sample
2185,887330,Glassbreakers: Champions of Moss,2025-11-13,2025-11,"[""Polyarc""]","[""Polyarc""]",False,True,False,False,success,game,1999,1999,0,USD,True,19.99,19.99,2026-09-12T12:53:10.470465+00:00,2025-11-13,2025-11-13,False,,20250911,2025-11,proportional_stratified_random_sample
2186,1989960,AirShooShoo,2025-11-13,2025-11,"[""OldMan Inc.""]","[""OldMan Inc.""]",False,True,False,True,success,game,299,299,0,USD,True,2.99,2.99,2026-09-12T13:21:05.827976+00:00,2025-11-13,2025-11-13,False,,20250911,2025-11,proportional_stratified_random_sample
2187,2352140,Tamamoji,2025-11-13,2025-11,"[""Almost Good Studio""]","[""Almost Good Studio""]",False,True,False,False,success,game,299,299,0,USD,True,2.99,2.99,2026-09-12T13:38:58.648422+00:00,2025-11-13,2025-11-13,False,,20250911,2025-11,proportional_stratified_random_sample
2188,3494660,Okinawa Journal,2025-11-13,2025-11,"[""Miga Games""]","[""Miga Games""]",False,True,False,False,success,game,1199,1199,0,USD,True,11.99,11.99,2026-09-12T15:22:26.212273+00:00,2025-11-13,2025-11-13,False,,20250911,2025-11,proportional_stratified_random_sample
2189,3626560,Robbing Time,2025-11-13,2025-11,"[""Monday Squid""]","[""Monday Squid""]",False,True,False,False,success,game,599,599,0,USD,True,5.99,5.99,2026-09-12T15:48:43.357747+00:00,2025-11-13,2025-11-13,False,,20250911,2025-11,proportional_stratified_random_sample
2190,3687470,The Sushi House,2025-11-13,2025-11,"[""Noirbit""]","[""Noirbit""]",False,True,False,False,success,game,499,499,0,USD,True,4.99,4.99,2026-09-12T16:05:39.435779+00:00,2025-11-13,2025-11-13,False,,20250911,2025-11,proportional_stratified_random_sample
2191,3714210,Ayrton Idle,2025-11-13,2025-11,"[""Ayrton Alexis""]","[""Ayrton Alexis""]",False,True,True,False,success,game,499,499,0,USD,True,4.99,4.99,2026-09-12T16:14:50.524628+00:00,2025-11-13,2025-11-13,False,,20250911,2025-11,proportional_stratified_random_sample
2192,3720630,Caemdale,2025-11-13,2025-11,"[""JRB""]","[""JRB""]",False,True,False,True,success,game,799,799,0,USD,True,7.99,7.99,2026-09-12T16:16:45.607636+00:00,2025-11-13,2025-11-13,False,,20250911,2025-11,proportional_stratified_random_sample
2193,3740360,Lia: Hacking Destiny,2025-11-13,2025-11,"[""Orube Game Studio""]","[""Orube Game Studio"",""GoGo Games Interactive""]",False,True,False,False,success,game,1499,1499,0,USD,True,14.99,14.99,2026-09-12T16:21:55.977034+00:00,2025-11-13,2025-11-13,False,,20250911,2025-11,proportional_stratified_random_sample
2194,3814340,Tankenstein,2025-11-13,2025-11,"[""Landship Games LTD""]","[""Landship Games LTD""]",False,True,False,False,success,game,1799,1799,0,USD,True,17.99,17.99,2026-09-12T16:48:20.909650+00:00,2025-11-13,2025-11-13,False,,20250911,2025-11,proportional_stratified_random_sample
2195,3815170,Innkeeper VR,2025-11-13,2025-11,"[""Moon Haven""]","[""Moon Haven""]",False,True,False,False,success,game,1799,1799,0,USD,True,17.99,17.99,2026-09-12T16:49:12.038680+00:00,2025-11-13,2025-11-13,False,,20250911,2025-11,proportional_stratified_random_sample
2196,3823430,Midnight Study,2025-11-13,2025-11,"[""Geniesoft Inc.""]","[""Geniesoft Inc.""]",False,True,False,False,success,game,999,999,0,USD,True,9.99,9.99,2026-09-12T16:53:30.953076+00:00,2025-11-13,2025-11-13,False,,20250911,2025-11,proportional_stratified_random_sample
2197,3841340,Petmancer,2025-11-13,2025-11,"[""Horse Arms LLC""]","[""Horse Arms LLC""]",False,True,True,True,success,game,999,999,0,USD,True,9.99,9.99,2026-09-12T17:08:45.518951+00:00,2025-11-13,2025-11-13,False,,20250911,2025-11,proportional_stratified_random_sample
2198,3956340,Max Manos 2,2025-11-13,2025-11,"[""Max Manos""]","[""Max Manos""]",False,True,False,False,success,game,599,599,0,USD,True,5.99,5.99,2026-09-13T06:04:58.574867+00:00,2025-11-13,2025-11-13,False,,20250911,2025-11,proportional_stratified_random_sample
2199,3986350,Frogshot Adventure,2025-11-13,2025-11,"[""Shero""]","[""Shero""]",False,True,False,False,success,game,599,599,0,USD,True,5.99,5.99,2026-09-13T06:16:18.845244+00:00,2025-11-13,2025-11-13,False,,20250911,2025-11,proportional_stratified_random_sample
2200,4050920,Moonlight Chess,2025-11-13,2025-11,"[""MyDreamForever""]","[""Andgo Games""]",False,True,False,False,success,game,799,799,0,USD,True,7.99,7.99,2026-09-13T06:38:35.988538+00:00,2025-11-13,2025-11-13,False,,20250911,2025-11,proportional_stratified_random_sample
2201,4059360,The Salesman,2025-11-13,2025-11,"[""Backstab Industries""]","[""Bad Ideas Productions""]",False,True,True,True,success,game,499,499,0,USD,True,4.99,4.99,2026-09-13T06:41:39.962634+00:00,2025-11-13,2025-11-13,False,,20250911,2025-11,proportional_stratified_random_sample
2202,4067310,Memory Matrix Pro,2025-11-13,2025-11,"[""https://simple-software-solutions.com""]","[""https://simple-software-solutions.com""]",False,True,False,False,success,game,349,349,0,USD,True,3.49,3.49,2026-09-13T06:43:44.531506+00:00,2025-11-13,2025-11-13,False,,20250911,2025-11,proportional_stratified_random_sample
2203,4070160,Project Dungeons,2025-11-13,2025-11,"[""SantiCore""]","[""SantiCore""]",False,True,False,False,success,game,499,499,0,USD,True,4.99,4.99,2026-09-13T06:44:46.312905+00:00,2025-11-13,2025-11-13,False,,20250911,2025-11,proportional_stratified_random_sample
2204,4117930,Blue Balls,2025-11-13,2025-11,"[""Cheapy Digital Studios""]","[""Cheapy Digital Studios""]",False,True,False,True,success,game,199,199,0,USD,True,1.99,1.99,2026-09-13T06:57:28.979117+00:00,2025-11-13,2025-11-13,False,,20250911,2025-11,proportional_stratified_random_sample
2205,4126270,That's Not My Kind,2025-11-13,2025-11,"[""LunarkGames""]","[""LunarkGames""]",False,True,True,False,success,game,299,299,0,USD,True,2.99,2.99,2026-09-13T07:00:10.756412+00:00,2025-11-13,2025-11-13,False,,20250911,2025-11,proportional_stratified_random_sample
2206,4129570,Final Orbit,2025-11-13,2025-11,"[""ENBS Dev team""]","[""ENBS Dev team""]",False,True,False,False,success,game,399,399,0,USD,True,3.99,3.99,2026-09-13T07:00:55.347133+00:00,2025-11-13,2025-11-13,False,,20250911,2025-11,proportional_stratified_random_sample
2207,1962020,Space Tournament,2025-11-14,2025-11,"[""Trash Titans""]","[""Trash Titans""]",False,True,False,True,success,game,999,999,0,USD,True,9.99,9.99,2026-09-12T13:20:18.515446+00:00,2025-11-14,2025-11-14,False,,20250911,2025-11,proportional_stratified_random_sample
2208,2201910,Winds Of Arcana: Ruination,2025-11-14,2025-11,"[""Brewed Games""]","[""1312 Interactive""]",False,True,False,False,success,game,1299,1299,0,USD,True,12.99,12.99,2026-09-12T13:33:12.837372+00:00,2025-11-14,2025-11-14,False,,20250911,2025-11,proportional_stratified_random_sample
2209,2359390,Just Climb,2025-11-14,2025-11,"[""Naytics""]","[""Naytics""]",False,True,False,False,success,game,399,399,0,USD,True,3.99,3.99,2026-09-12T13:39:26.284041+00:00,2025-11-14,2025-11-14,False,,20250911,2025-11,proportional_stratified_random_sample
2210,2568800,Astral Outcast,2025-11-14,2025-11,"[""StarMight Games""]","[""StarMight Games""]",False,True,False,False,success,game,1299,1299,0,USD,True,12.99,12.99,2026-09-12T13:49:06.748835+00:00,2025-11-14,2025-11-14,False,,20250911,2025-11,proportional_stratified_random_sample
2211,3273740,Abyss Chaser,2025-11-14,2025-11,"[""Bitrunner""]","[""Bitrunner""]",False,True,False,False,success,game,666,666,0,USD,True,6.66,6.66,2026-09-12T14:43:37.761079+00:00,2025-11-14,2025-11-14,False,,20250911,2025-11,proportional_stratified_random_sample
2212,3396670,I Write Games Not Tragedies,2025-11-14,2025-11,"[""Studio Wife""]","[""Yotsuba Interactive""]",False,True,False,False,success,game,1299,1299,0,USD,True,12.99,12.99,2026-09-12T15:06:16.757090+00:00,2025-11-14,2025-11-14,False,,20250911,2025-11,proportional_stratified_random_sample
2213,3564740,Where Winds Meet,2025-11-14,2025-11,"[""Everstone Studio""]","[""NetEase Games""]",True,True,False,False,success,game,,,,,False,,,2026-09-12T15:34:35.941772+00:00,2025-11-14,2025-11-14,False,,20250911,2025-11,proportional_stratified_random_sample
2214,3646890,すぽっとスポット！,2025-11-14,2025-11,"[""深夜2時に明日って今日？""]","[""深夜2時に明日って今日？""]",True,True,False,False,success,game,,,,,False,,,2026-09-12T15:53:58.590795+00:00,2025-11-14,2025-11-14,False,,20250911,2025-11,proportional_stratified_random_sample
2215,3728040,I commissioned some snails 5,2025-11-14,2025-11,"[""Follow the fun""]","[""I commissioned some series""]",False,True,False,False,success,game,399,399,0,USD,True,3.99,3.99,2026-09-12T16:18:54.224493+00:00,2025-11-14,2025-11-14,False,,20250911,2025-11,proportional_stratified_random_sample
2216,3795850,MEAT ROOM,2025-11-14,2025-11,"[""NIGHTMARE FLOWER""]","[""NIGHTMARE FLOWER""]",False,True,False,False,success,game,199,199,0,USD,True,1.99,1.99,2026-09-12T16:39:42.878127+00:00,2025-11-14,2025-11-14,False,,20250911,2025-11,proportional_stratified_random_sample
2217,3868630,Serra de Deus,2025-11-14,2025-11,"[""David Pateti""]","[""David Pateti""]",False,True,False,True,success,game,499,499,0,USD,True,4.99,4.99,2026-09-12T17:37:23.094137+00:00,2025-11-14,2025-11-14,False,,20250911,2025-11,proportional_stratified_random_sample
2218,3868950,The Witch's fabulous Cracker Show,2025-11-14,2025-11,"[""Marcel K."",""Lukas K.""]","[""Knusperhaus Games""]",True,True,False,False,success,game,,,,,False,,,2026-09-12T17:37:33.544036+00:00,2025-11-14,2025-11-14,False,,20250911,2025-11,proportional_stratified_random_sample
2219,3938690,SQUISH Units,2025-11-14,2025-11,"[""TheShyGuy"",""(Artist) Dawn//Crow""]","[""ShyTechStudios""]",False,True,False,False,success,game,500,500,0,USD,True,5.0,5.0,2026-09-13T05:57:22.549790+00:00,2025-11-14,2025-11-14,False,,20250911,2025-11,proportional_stratified_random_sample
2220,3944530,Knockless,2025-11-14,2025-11,"[""Frysolith Interactive""]","[""Frysolith Interactive""]",False,True,False,False,success,game,299,299,0,USD,True,2.99,2.99,2026-09-13T05:59:48.774861+00:00,2025-11-14,2025-11-14,False,,20250911,2025-11,proportional_stratified_random_sample
2221,3948550,Late Ming: Reborn in Flames,2025-11-14,2025-11,"[""AladdinBatu""]","[""AladdinBatu""]",False,True,False,False,success,game,400,200,50,USD,True,4.0,2.0,2026-09-13T06:01:24.553673+00:00,2025-11-14,2025-11-14,False,,20250911,2025-11,proportional_stratified_random_sample
2222,3958510,The evil mouse,2025-11-14,2025-11,"[""Thorleif Owe""]","[""Thorleif Owe""]",False,True,False,False,success,game,300,300,0,USD,True,3.0,3.0,2026-09-13T06:05:53.402153+00:00,2025-11-14,2025-11-14,False,,20250911,2025-11,proportional_stratified_random_sample
2223,3968450,Darko,2025-11-14,2025-11,"[""Atramentum""]","[""Game Hunters""]",False,True,False,False,success,game,799,799,0,USD,True,7.99,7.99,2026-09-13T06:09:47.628442+00:00,2025-11-14,2025-11-14,False,,20250911,2025-11,proportional_stratified_random_sample
2224,3999490,Toxic Harvest,2025-11-14,2025-11,"[""Overthrown Interactive""]","[""Overthrown Interactive""]",True,True,False,False,success,game,,,,,False,,,2026-09-13T06:21:23.176390+00:00,2025-11-14,2025-11-14,False,,20250911,2025-11,proportional_stratified_random_sample
2225,4001620,Pondemonium,2025-11-14,2025-11,"[""Nico Tukiainen""]","[""Nico Tukiainen""]",False,True,False,True,success,game,399,399,0,USD,True,3.99,3.99,2026-09-13T06:22:09.506894+00:00,2025-11-14,2025-11-14,False,,20250911,2025-11,proportional_stratified_random_sample
2226,4025860,Kesselgrad,2025-11-14,2025-11,"[""Edouard et Grégoire VINCENT""]","[""Edouard et Grégoire VINCENT""]",True,True,False,False,success,game,,,,,False,,,2026-09-13T06:30:28.042953+00:00,2025-11-14,2025-11-14,False,,20250911,2025-11,proportional_stratified_random_sample
2227,4062210,Do It Together,2025-11-14,2025-11,"[""SeolJinSeok""]","[""SeolJinSeok""]",False,True,False,False,success,game,799,799,0,USD,True,7.99,7.99,2026-09-13T06:42:18.155273+00:00,2025-11-14,2025-11-14,False,,20250911,2025-11,proportional_stratified_random_sample
2228,4084320,Overblooming,2025-11-14,2025-11,"[""Bruno Vale Barbosa Eiterer""]","[""Bruno Vale Barbosa Eiterer""]",False,True,False,False,success,game,499,499,0,USD,True,4.99,4.99,2026-09-13T06:48:19.465977+00:00,2025-11-14,2025-11-14,False,,20250911,2025-11,proportional_stratified_random_sample
2229,4094490,Pixelpolis Neon,2025-11-14,2025-11,"[""Daniel Koepf"",""Blood Stain Games""]","[""Daniel Koepf""]",False,True,False,False,success,game,499,499,0,USD,True,4.99,4.99,2026-09-13T06:50:50.071507+00:00,2025-11-14,2025-11-14,False,,20250911,2025-11,proportional_stratified_random_sample
2230,4113920,Prometheus in a jar,2025-11-14,2025-11,"[""ShiFeiFan""]","[""ShiFeiFan""]",True,True,False,False,success,game,,,,,False,,,2026-09-13T06:56:20.526636+00:00,2025-11-14,2025-11-14,False,,20250911,2025-11,proportional_stratified_random_sample
2231,1968440,Strange Hunting Grounds,2025-11-15,2025-11,"[""GaniTani""]","[""GaniTani""]",False,True,False,False,success,game,999,999,0,USD,True,9.99,9.99,2026-09-12T13:20:31.370395+00:00,2025-11-15,2025-11-15,False,,20250911,2025-11,proportional_stratified_random_sample
2232,2871820,祟り坂 | TATARI Curse road,2025-11-15,2025-11,"[""STUDIO DYD""]","[""STUDIO DYD""]",False,True,False,False,success,game,129,129,0,USD,True,1.29,1.29,2026-09-12T14:05:12.199158+00:00,2025-11-15,2025-11-15,False,,20250911,2025-11,proportional_stratified_random_sample
2233,3395720,Village of the Curse,2025-11-15,2025-11,"[""Leakage Games""]","[""Leakage Games""]",False,True,False,False,success,game,299,299,0,USD,True,2.99,2.99,2026-09-12T15:05:58.130137+00:00,2025-11-15,2025-11-15,False,,20250911,2025-11,proportional_stratified_random_sample
2234,3771390,Carefully Stamped,2025-11-15,2025-11,"[""Rogue Duck Interactive""]","[""Rogue Duck Interactive"",""Gamersky Games""]",False,True,True,True,success,game,499,249,50,USD,True,4.99,2.49,2026-09-12T16:31:25.131758+00:00,2025-11-15,2025-11-15,False,,20250911,2025-11,proportional_stratified_random_sample
2235,4002530,Trialspire,2025-11-15,2025-11,"[""Ozymandias The First""]","[""Hosthood Studio""]",False,True,False,False,success,game,299,299,0,USD,True,2.99,2.99,2026-09-13T06:22:35.112817+00:00,2025-11-15,2025-11-15,False,,20250911,2025-11,proportional_stratified_random_sample
2236,1141550,CUCKOLD SIMULATOR: Life as a Beta Male Cuck,2025-11-16,2025-11,"[""Team SNEED""]","[""Team SNEED""]",False,True,False,False,success,game,499,499,0,USD,True,4.99,4.99,2026-09-12T12:54:55.288335+00:00,2025-11-16,2025-11-16,False,,20250911,2025-11,proportional_stratified_random_sample
2237,1858790,Bony Odyssey,2025-11-16,2025-11,"[""Anatoly Konstantinov""]","[""Anatoly Konstantinov""]",False,True,False,False,success,game,499,499,0,USD,True,4.99,4.99,2026-09-12T13:14:09.486470+00:00,2025-11-16,2025-11-16,False,,20250911,2025-11,proportional_stratified_random_sample
2238,2418530,Kofoin - Swarm Defense,2025-11-16,2025-11,"[""Tokiko Studio""]","[""Tokiko Studio""]",False,True,False,True,success,game,499,499,0,USD,True,4.99,4.99,2026-09-12T13:41:58.230020+00:00,2025-11-16,2025-11-16,False,,20250911,2025-11,proportional_stratified_random_sample
2239,3024960,Delve Diver,2025-11-16,2025-11,"[""coromin another""]","[""coromin another""]",False,True,False,False,success,game,499,499,0,USD,True,4.99,4.99,2026-09-12T14:17:16.093356+00:00,2025-11-16,2025-11-16,False,,20250911,2025-11,proportional_stratified_random_sample
2240,3671980,Job Battle Simulator,2025-11-16,2025-11,"[""Weird Game""]","[""Weird Game""]",False,True,False,False,success,game,599,599,0,USD,True,5.99,5.99,2026-09-12T16:00:11.782400+00:00,2025-11-16,2025-11-16,False,,20250911,2025-11,proportional_stratified_random_sample
2241,4021770,Heavy Spoilers RPG 2: Your best friend is actually the great demon king,2025-11-16,2025-11,"[""KSBゲームス""]","[""Gotcha Gotcha Games""]",False,True,False,False,success,game,899,899,0,USD,True,8.99,8.99,2026-09-13T06:28:43.631651+00:00,2025-11-16,2025-11-16,False,,20250911,2025-11,proportional_stratified_random_sample
2242,4055130,Have You Seen This Man?,2025-11-16,2025-11,"[""Cosmic Sabbath""]","[""Cosmic Sabbath""]",False,True,False,False,success,game,299,299,0,USD,True,2.99,2.99,2026-09-13T06:40:09.387161+00:00,2025-11-16,2025-11-16,False,,20250911,2025-11,proportional_stratified_random_sample
2243,4109760,Level Denied,2025-11-16,2025-11,"[""BaitRage Studios""]","[""BaitRage Studios""]",False,True,False,False,success,game,399,399,0,USD,True,3.99,3.99,2026-09-13T06:54:48.593798+00:00,2025-11-16,2025-11-16,False,,20250911,2025-11,proportional_stratified_random_sample
2244,863970,Survive the Rift,2025-11-17,2025-11,"[""Monster Helix Inc.""]","[""Monster Helix Inc.""]",False,True,False,False,success,game,1499,1499,0,USD,True,14.99,14.99,2026-09-12T12:52:57.700565+00:00,2025-11-17,2025-11-17,False,,20250911,2025-11,proportional_stratified_random_sample
2245,2622330,Alternate Tales of Ryukyu:Bonds of the Red Sakura Trees,2025-11-17,2025-11,"[""ASHIBI COMPANY Co.,Ltd.""]","[""ASHIBI COMPANY Co.,Ltd.""]",False,True,False,False,success,game,899,899,0,USD,True,8.99,8.99,2026-09-12T13:51:11.874207+00:00,2025-11-17,2025-11-17,False,,20250911,2025-11,proportional_stratified_random_sample
2246,2783460,Grid Warriors: Battles,2025-11-17,2025-11,"[""Junjo""]","[""Junjo""]",False,True,False,False,success,game,999,999,0,USD,True,9.99,9.99,2026-09-12T13:59:21.106449+00:00,2025-11-17,2025-11-17,False,,20250911,2025-11,proportional_stratified_random_sample
2247,3006280,Sheepherds!,2025-11-17,2025-11,"[""Ultimo Disco""]","[""Yahaha Games""]",False,True,False,False,success,game,1499,1049,30,USD,True,14.99,10.49,2026-09-12T14:15:38.330838+00:00,2025-11-17,2025-11-17,False,,20250911,2025-11,proportional_stratified_random_sample
2248,3032520,BLUMA,2025-11-17,2025-11,"[""Potaco Studio""]","[""Potaco Studio""]",False,True,True,True,success,game,799,799,0,USD,True,7.99,7.99,2026-09-12T14:18:05.418350+00:00,2025-11-17,2025-11-17,False,,20250911,2025-11,proportional_stratified_random_sample
2249,3168930,Infect Cam,2025-11-17,2025-11,"[""Ravenholm Interactive""]","[""Ravenholm Interactive""]",False,True,False,False,success,game,299,299,0,USD,True,2.99,2.99,2026-09-12T14:31:58.468188+00:00,2025-11-17,2025-11-17,False,,20250911,2025-11,proportional_stratified_random_sample
2250,3466320,Vinyls,2025-11-17,2025-11,"[""BrainRot""]","[""BrainRot""]",True,True,False,False,success,game,,,,,False,,,2026-09-12T15:17:50.277788+00:00,2025-11-17,2025-11-17,False,,20250911,2025-11,proportional_stratified_random_sample
2251,3528970,Unmourned,2025-11-17,2025-11,"[""Codebros Studio""]","[""Codebros Studio""]",False,True,False,False,success,game,2499,2499,0,USD,True,24.99,24.99,2026-09-12T15:28:05.386557+00:00,2025-11-17,2025-11-17,False,,20250911,2025-11,proportional_stratified_random_sample
2252,3541750,古咒迷途 (lost curse),2025-11-17,2025-11,"[""拙画翁""]","[""拙画翁""]",False,True,False,False,success,game,399,399,0,USD,True,3.99,3.99,2026-09-12T15:30:20.707669+00:00,2025-11-17,2025-11-17,False,,20250911,2025-11,proportional_stratified_random_sample
2253,3563480,Interstellar Espionage Inc.,2025-11-17,2025-11,"[""Fancy Raven Games""]","[""Fancy Raven Games""]",False,True,False,False,success,game,1199,1199,0,USD,True,11.99,11.99,2026-09-12T15:34:19.184036+00:00,2025-11-17,2025-11-17,False,,20250911,2025-11,proportional_stratified_random_sample
2254,3571710,Leaf Blower Co.,2025-11-17,2025-11,"[""LifT Games""]","[""Forklift Interactive""]",False,True,False,False,success,game,1999,1999,0,USD,True,19.99,19.99,2026-09-12T15:35:58.935547+00:00,2025-11-17,2025-11-17,False,,20250911,2025-11,proportional_stratified_random_sample
2255,3577140,Escape from Mental Hospital,2025-11-17,2025-11,"[""Peaksel""]","[""Peaksel""]",False,True,True,False,success,game,999,999,0,USD,True,9.99,9.99,2026-09-12T15:37:16.152988+00:00,2025-11-17,2025-11-17,False,,20250911,2025-11,proportional_stratified_random_sample
2256,3578450,Ex vs Ex,2025-11-17,2025-11,"[""Kevin Spasiuk""]","[""Kevin Spasiuk""]",True,True,False,False,success,game,,,,,False,,,2026-09-12T15:37:24.541344+00:00,2025-11-17,2025-11-17,False,,20250911,2025-11,proportional_stratified_random_sample
2257,3648340,Field of Enemies,2025-11-17,2025-11,"[""Dexied Games""]","[""Dexied Games""]",False,True,False,False,success,game,199,199,0,USD,True,1.99,1.99,2026-09-12T15:54:19.596668+00:00,2025-11-17,2025-11-17,False,,20250911,2025-11,proportional_stratified_random_sample
2258,3654060,The Hundred Youkai Master,2025-11-17,2025-11,"[""OCG S studio"",""OCG FCGD Division""]","[""株式会社ワンコネクト""]",False,True,False,False,success,game,1199,1199,0,USD,True,11.99,11.99,2026-09-12T15:56:00.597843+00:00,2025-11-17,2025-11-17,False,,20250911,2025-11,proportional_stratified_random_sample
2259,3685280,Dungeons of Uhr,2025-11-17,2025-11,"[""DIG Games""]","[""DIG Games""]",False,True,False,False,success,game,499,499,0,USD,True,4.99,4.99,2026-09-12T16:05:14.115129+00:00,2025-11-17,2025-11-17,False,,20250911,2025-11,proportional_stratified_random_sample
2260,3696020,Raidbound,2025-11-17,2025-11,"[""Rustin Robinson""]","[""None""]",False,True,False,False,success,game,499,499,0,USD,True,4.99,4.99,2026-09-12T16:08:24.635334+00:00,2025-11-17,2025-11-17,False,,20250911,2025-11,proportional_stratified_random_sample
2261,3718290,CRYPTOBIOSIS,2025-11-17,2025-11,"[""陈高远狠活工作室""]","[""高远全景育成实验学校"",""恒枢电子科技有限公司""]",False,True,False,False,success,game,999,399,60,USD,True,9.99,3.99,2026-09-12T16:16:09.528525+00:00,2025-11-17,2025-11-17,False,,20250911,2025-11,proportional_stratified_random_sample
2262,3742820,Home Sweet Homecoming,2025-11-17,2025-11,"[""Hooksoft""]","[""Shiravune""]",False,True,False,False,success,game,2499,1749,30,USD,True,24.99,17.49,2026-09-12T16:22:34.078750+00:00,2025-11-17,2025-11-17,False,,20250911,2025-11,proportional_stratified_random_sample
2263,3853330,LexiRogue,2025-11-17,2025-11,"[""LaoWangDev""]","[""LaoWangDev""]",False,True,True,False,success,game,699,699,0,USD,True,6.99,6.99,2026-09-12T17:15:05.907056+00:00,2025-11-17,2025-11-17,False,,20250911,2025-11,proportional_stratified_random_sample
2264,3981140,Happy Day,2025-11-17,2025-11,"[""箱盒""]","[""箱盒""]",False,True,True,False,success,game,299,299,0,USD,True,2.99,2.99,2026-09-13T06:13:55.800887+00:00,2025-11-17,2025-11-17,False,,20250911,2025-11,proportional_stratified_random_sample
2265,3987810,Pleasure Cruise,2025-11-17,2025-11,"[""KAWAGUCHI""]","[""KAWAGUCHI ""]",False,True,False,False,success,game,599,389,35,USD,True,5.99,3.89,2026-09-13T06:16:46.432694+00:00,2025-11-17,2025-11-17,False,,20250911,2025-11,proportional_stratified_random_sample
2266,3997110,雷霆之眼,2025-11-17,2025-11,"[""小如文化""]","[""小如文化""]",False,True,False,False,success,game,799,799,0,USD,True,7.99,7.99,2026-09-13T06:20:18.167308+00:00,2025-11-17,2025-11-17,False,,20250911,2025-11,proportional_stratified_random_sample
2267,4077020,Split Racing,2025-11-17,2025-11,"[""D.M.J""]","[""D.M.J""]",True,True,False,False,success,game,,,,,False,,,2026-09-13T06:46:37.045962+00:00,2025-11-17,2025-11-17,False,,20250911,2025-11,proportional_stratified_random_sample
2268,4097370,Out of Place: Origin,2025-11-17,2025-11,"[""Karma Studio""]","[""Karma Studio""]",False,True,False,False,success,game,499,74,85,USD,True,4.99,0.74,2026-09-13T06:51:28.516737+00:00,2025-11-17,2025-11-17,False,,20250911,2025-11,proportional_stratified_random_sample
2269,4111190,Showdown next week!,2025-11-17,2025-11,"[""chibicode""]","[""chibicode""]",False,True,False,False,success,game,299,299,0,USD,True,2.99,2.99,2026-09-13T06:55:29.507473+00:00,2025-11-17,2025-11-17,False,,20250911,2025-11,proportional_stratified_random_sample
2270,4121420,Battle Kittens,2025-11-17,2025-11,"[""Gabriele Picchianti""]","[""Gabriele Picchianti""]",False,True,False,False,success,game,199,199,0,USD,True,1.99,1.99,2026-09-13T06:58:32.550844+00:00,2025-11-17,2025-11-17,False,,20250911,2025-11,proportional_stratified_random_sample
2271,4124510,Archetypes Festival,2025-11-17,2025-11,"[""Filippo Bottinelli""]","[""Filippo Bottinelli""]",False,True,False,False,success,game,299,299,0,USD,True,2.99,2.99,2026-09-13T06:59:31.918359+00:00,2025-11-17,2025-11-17,False,,20250911,2025-11,proportional_stratified_random_sample
2272,496170,Desert Race Adventures,2025-11-18,2025-11,"[""Firedrake Games""]","[""Black Smoke Studios""]",False,True,False,False,success,game,599,599,0,USD,True,5.99,5.99,2026-09-12T12:51:44.895950+00:00,2025-11-18,2025-11-18,False,,20250911,2025-11,proportional_stratified_random_sample
2273,690320,Snake-A-Roid,2025-11-18,2025-11,"[""Arcade Badgers Limited""]","[""Arcade Badgers Limited""]",False,True,False,True,success,game,499,499,0,USD,True,4.99,4.99,2026-09-12T12:52:29.669694+00:00,2025-11-18,2025-11-18,False,,20250911,2025-11,proportional_stratified_random_sample
2274,2105620,Sektori,2025-11-18,2025-11,"[""Kimmo Lahtinen""]","[""Kimmo Factor Oy""]",False,True,False,False,success,game,1499,1499,0,USD,True,14.99,14.99,2026-09-12T13:29:55.008324+00:00,2025-11-18,2025-11-18,False,,20250911,2025-11,proportional_stratified_random_sample
2275,2334690,Detective Malinowski The Truth Will Be Revealed,2025-11-18,2025-11,"[""Game The Same""]","[""Game The Same""]",False,True,False,False,success,game,999,999,0,USD,True,9.99,9.99,2026-09-12T13:38:15.893912+00:00,2025-11-18,2025-11-18,False,,20250911,2025-11,proportional_stratified_random_sample
2276,2780980,LOCKDOWN Protocol,2025-11-18,2025-11,"[""Mirage Creative Lab""]","[""Mirage Creative Lab""]",False,True,False,False,success,game,999,999,0,USD,True,9.99,9.99,2026-09-12T13:59:12.678474+00:00,2025-11-18,2025-11-18,False,,20250911,2025-11,proportional_stratified_random_sample
2277,3047510,Myths are 100% True,2025-11-18,2025-11,"[""LeatherIceCream"",""ClayGod""]","[""PNG of a Ghost""]",False,True,False,False,success,game,1499,1499,0,USD,True,14.99,14.99,2026-09-12T14:19:55.995776+00:00,2025-11-18,2025-11-18,False,,20250911,2025-11,proportional_stratified_random_sample
2278,3083990,Imaginary Friend Institution,2025-11-18,2025-11,"[""Nightmare Emporium""]","[""Nightmare Emporium""]",False,True,False,False,success,game,499,499,0,USD,True,4.99,4.99,2026-09-12T14:23:18.406232+00:00,2025-11-18,2025-11-18,False,,20250911,2025-11,proportional_stratified_random_sample
2279,3172770,Terrorbytes,2025-11-18,2025-11,"[""Treetop""]","[""Over The Moon""]",False,True,False,False,success,game,799,799,0,USD,True,7.99,7.99,2026-09-12T14:32:24.241491+00:00,2025-11-18,2025-11-18,False,,20250911,2025-11,proportional_stratified_random_sample
2280,3308220,Galatico,2025-11-18,2025-11,"[""Galatico Studios""]","[""Galatico Studios""]",False,True,False,False,success,game,799,799,0,USD,True,7.99,7.99,2026-09-12T14:54:04.836315+00:00,2025-11-18,2025-11-18,False,,20250911,2025-11,proportional_stratified_random_sample
2281,3330410,Spell Slide,2025-11-18,2025-11,"[""Lonely Deckchair""]","[""Lonely Deckchair""]",False,True,False,False,success,game,399,399,0,USD,True,3.99,3.99,2026-09-12T14:56:20.263238+00:00,2025-11-18,2025-11-18,False,,20250911,2025-11,proportional_stratified_random_sample
2282,3390310,Once Glorious Artahk,2025-11-18,2025-11,"[""Bismuth Tales""]","[""Bismuth Tales""]",False,True,False,True,success,game,1499,1499,0,USD,True,14.99,14.99,2026-09-12T15:05:12.718089+00:00,2025-11-18,2025-11-18,False,,20250911,2025-11,proportional_stratified_random_sample
2283,3399200,Billie Beetleneck -A detective tale-,2025-11-18,2025-11,"[""Retroactive Fort""]","[""Retroactive Fort""]",True,True,False,False,success,game,,,,,False,,,2026-09-12T15:06:35.859504+00:00,2025-11-18,2025-11-18,False,,20250911,2025-11,proportional_stratified_random_sample
2284,3470940,Little Betty: Gold Rush,2025-11-18,2025-11,"[""Karsten Klewer""]","[""Karsten Klewer""]",False,True,False,False,success,game,499,499,0,USD,True,4.99,4.99,2026-09-12T15:18:54.615400+00:00,2025-11-18,2025-11-18,False,,20250911,2025-11,proportional_stratified_random_sample
2285,3621320,Oreflux,2025-11-18,2025-11,"[""Mateusz P.""]","[""Mateusz P.""]",False,True,False,False,success,game,499,499,0,USD,True,4.99,4.99,2026-09-12T15:47:10.128449+00:00,2025-11-18,2025-11-18,False,,20250911,2025-11,proportional_stratified_random_sample
2286,3621680,Cosmic Tails,2025-11-18,2025-11,"[""parm""]","[""parm""]",False,True,True,True,success,game,499,499,0,USD,True,4.99,4.99,2026-09-12T15:47:14.273168+00:00,2025-11-18,2025-11-18,False,,20250911,2025-11,proportional_stratified_random_sample
2287,3636960,Violent Horror Stories 2,2025-11-18,2025-11,"[""Trioskaz"",""thesecondleft"",""Garage Heathen"",""Alex Grim"",""INDIEPUNK"",""Bober Bros"",""myceliumforest"",""UniOwl"",""CapyDev"",""Anifan Gelati""]","[""Trioskaz""]",False,True,False,False,success,game,599,599,0,USD,True,5.99,5.99,2026-09-12T15:51:24.225202+00:00,2025-11-18,2025-11-18,False,,20250911,2025-11,proportional_stratified_random_sample
2288,3680420,Green Ember: Helmer in the Dragon Tomb,2025-11-18,2025-11,"[""Brazen Games"",""Longtreader Games""]","[""Longtreader Games""]",False,True,True,False,success,game,1699,1699,0,USD,True,16.99,16.99,2026-09-12T16:02:24.270231+00:00,2025-11-18,2025-11-18,False,,20250911,2025-11,proportional_stratified_random_sample
2289,3688080,Tribute Clicker,2025-11-18,2025-11,"[""Tirika Dev.""]","[""Tirika Dev.""]",False,True,False,False,success,game,299,299,0,USD,True,2.99,2.99,2026-09-12T16:05:56.234594+00:00,2025-11-18,2025-11-18,False,,20250911,2025-11,proportional_stratified_random_sample
2290,3778870,Powwow Bound: A Menominee Homecoming,2025-11-18,2025-11,"[""Nebraska Public Media"",""PBS Wisconsin""]","[""Nebraska Public Media""]",True,True,True,False,success,game,,,,,False,,,2026-09-12T16:33:32.824716+00:00,2025-11-18,2025-11-18,False,,20250911,2025-11,proportional_stratified_random_sample
2291,3874950,Bit Buddy,2025-11-18,2025-11,"[""Salt Fish Studio""]","[""Salt Fish Studio""]",False,True,False,False,success,game,199,199,0,USD,True,1.99,1.99,2026-09-12T17:40:29.792565+00:00,2025-11-18,2025-11-18,False,,20250911,2025-11,proportional_stratified_random_sample
2292,3979100,Packonomy,2025-11-18,2025-11,"[""Smart Maple Games""]","[""Smart Maple Games""]",False,True,False,True,success,game,299,299,0,USD,True,2.99,2.99,2026-09-13T06:13:00.531675+00:00,2025-11-18,2025-11-18,False,,20250911,2025-11,proportional_stratified_random_sample
2293,4049780,RFX Enduro: 8th Day,2025-11-18,2025-11,"[""Roberto Augusto Freaza""]","[""Retroman RFX""]",False,True,False,False,success,game,499,499,0,USD,True,4.99,4.99,2026-09-13T06:38:08.397665+00:00,2025-11-18,2025-11-18,False,,20250911,2025-11,proportional_stratified_random_sample
2294,4099110,Brasília Defense,2025-11-18,2025-11,"[""Plínio Tadeu de Albernaz Quartim""]","[""Plínio Tadeu de Albernaz Quartim""]",True,True,False,False,success,game,,,,,False,,,2026-09-13T06:51:58.268854+00:00,2025-11-18,2025-11-18,False,,20250911,2025-11,proportional_stratified_random_sample
2295,4127400,Tic Tac Rogue,2025-11-18,2025-11,"[""Pixel Flight Games""]","[""Pixel Flight Games""]",False,True,False,False,success,game,199,199,0,USD,True,1.99,1.99,2026-09-13T07:00:21.476715+00:00,2025-11-18,2025-11-18,False,,20250911,2025-11,proportional_stratified_random_sample
2296,4150260,Fanjing Mountain in Guizhou,2025-11-18,2025-11,"[""hgmGame""]","[""hgmGame""]",False,True,False,False,success,game,199,199,0,USD,True,1.99,1.99,2026-09-13T07:10:00.592737+00:00,2025-11-18,2025-11-18,False,,20250911,2025-11,proportional_stratified_random_sample
2297,2212790,Asbury Pines,2025-11-19,2025-11,"[""Chaystar Unlimited LLC""]","[""Chaystar Unlimited LLC""]",False,True,False,False,success,game,1299,1299,0,USD,True,12.99,12.99,2026-09-12T13:33:40.224934+00:00,2025-11-19,2025-11-19,False,,20250911,2025-11,proportional_stratified_random_sample
2298,2550790,"Live Hard, Die Hard",2025-11-19,2025-11,"[""Asobism.Co.,Ltd""]","[""Asobism.Co.,Ltd""]",False,True,True,False,success,game,499,499,0,USD,True,4.99,4.99,2026-09-12T13:48:21.865738+00:00,2025-11-19,2025-11-19,False,,20250911,2025-11,proportional_stratified_random_sample
2299,2610880,Duskpunk,2025-11-19,2025-11,"[""Clockwork Bird"",""James Patton""]","[""Clockwork Bird""]",False,True,True,True,success,game,1999,1999,0,USD,True,19.99,19.99,2026-09-12T13:50:50.906931+00:00,2025-11-19,2025-11-19,False,,20250911,2025-11,proportional_stratified_random_sample
2300,2857670,Pot,2025-11-19,2025-11,"[""CosMic Studio""]","[""CosMic Studio""]",False,True,False,False,success,game,199,199,0,USD,True,1.99,1.99,2026-09-12T14:04:18.678892+00:00,2025-11-19,2025-11-19,False,,20250911,2025-11,proportional_stratified_random_sample
2301,3045660,东方醉游稽传~Touhou Drunken Rebellion,2025-11-19,2025-11,"[""落羽社""]","[""落羽社""]",False,True,False,False,success,game,899,899,0,USD,True,8.99,8.99,2026-09-12T14:19:49.506725+00:00,2025-11-19,2025-11-19,False,,20250911,2025-11,proportional_stratified_random_sample
2302,3068670,Anode Heart: Layer Null,2025-11-19,2025-11,"[""Stove Powered Games""]","[""Stove Powered Games""]",False,True,True,False,success,game,1599,1599,0,USD,True,15.99,15.99,2026-09-12T14:21:53.179997+00:00,2025-11-19,2025-11-19,False,,20250911,2025-11,proportional_stratified_random_sample
2303,3148060,Penelope Pendrick and the Art of Deceit,2025-11-19,2025-11,"[""Default Cube Games""]","[""Default Cube Games""]",False,True,True,False,success,game,2499,2499,0,USD,True,24.99,24.99,2026-09-12T14:30:18.530279+00:00,2025-11-19,2025-11-19,False,,20250911,2025-11,proportional_stratified_random_sample
2304,3433600,Space Sim Tycoon,2025-11-19,2025-11,"[""SuperChicken Productions LLC""]","[""SuperChicken Productions LLC""]",False,True,False,False,success,game,1599,1599,0,USD,True,15.99,15.99,2026-09-12T15:11:59.529958+00:00,2025-11-19,2025-11-19,False,,20250911,2025-11,proportional_stratified_random_sample
2305,3535090,LUNA : War of the Moonlight,2025-11-19,2025-11,"[""UBIS Inc.""]","[""UBIS Inc.""]",False,True,False,False,success,game,899,899,0,USD,True,8.99,8.99,2026-09-12T15:29:07.548900+00:00,2025-11-19,2025-11-19,False,,20250911,2025-11,proportional_stratified_random_sample
2306,3565680,DECRYPTO Project,2025-11-19,2025-11,"[""slothJam""]","[""slothJam""]",False,True,False,False,success,game,599,599,0,USD,True,5.99,5.99,2026-09-12T15:34:57.059719+00:00,2025-11-19,2025-11-19,False,,20250911,2025-11,proportional_stratified_random_sample
2307,3578500,Rusty Foodies,2025-11-19,2025-11,"[""MYMEStudio""]","[""Link Compass"",""Gonggamore Contents""]",False,True,False,False,success,game,499,499,0,USD,True,4.99,4.99,2026-09-12T15:37:26.607335+00:00,2025-11-19,2025-11-19,False,,20250911,2025-11,proportional_stratified_random_sample
2308,3704520,Now Loading,2025-11-19,2025-11,"[""Joseph Sak""]","[""Joseph Sak""]",False,True,False,False,success,game,199,199,0,USD,True,1.99,1.99,2026-09-12T16:10:28.590044+00:00,2025-11-19,2025-11-19,False,,20250911,2025-11,proportional_stratified_random_sample
2309,3734000,Guardian Chicken,2025-11-19,2025-11,"[""bones-dev""]","[""bones-dev""]",False,True,False,False,success,game,499,499,0,USD,True,4.99,4.99,2026-09-12T16:20:16.632887+00:00,2025-11-19,2025-11-19,False,,20250911,2025-11,proportional_stratified_random_sample
2310,3750430,Mystina : Remaster Online,2025-11-19,2025-11,"[""雷爵網絡科技股份有限公司""]","[""雷爵網絡科技股份有限公司""]",True,True,False,False,success,game,,,,,False,,,2026-09-12T16:24:42.255358+00:00,2025-11-19,2025-11-19,False,,20250911,2025-11,proportional_stratified_random_sample
2311,3831120,Mandate Of Heaven,2025-11-19,2025-11,"[""木焱工作室""]","[""木焱工作室""]",False,True,True,True,success,game,1499,1499,0,USD,True,14.99,14.99,2026-09-12T16:57:43.197884+00:00,2025-11-19,2025-11-19,False,,20250911,2025-11,proportional_stratified_random_sample
2312,3879000,They Watch,2025-11-19,2025-11,"[""CCGS""]","[""CCGS""]",False,True,False,False,success,game,499,499,0,USD,True,4.99,4.99,2026-09-12T17:43:00.891133+00:00,2025-11-19,2025-11-19,False,,20250911,2025-11,proportional_stratified_random_sample
2313,3907270,勇者モナナナは最初の洞窟が抜けられない,2025-11-19,2025-11,"[""ローゼンクロイツ""]","[""ローゼンクロイツ""]",False,True,False,False,success,game,899,899,0,USD,True,8.99,8.99,2026-09-12T17:56:36.270366+00:00,2025-11-19,2025-11-19,False,,20250911,2025-11,proportional_stratified_random_sample
2314,3970920,Cats Visiting El Dorado,2025-11-19,2025-11,"[""AGE Zero"",""Purfect""]","[""AGE Zero""]",True,True,False,False,success,game,,,,,False,,,2026-09-13T06:10:15.030821+00:00,2025-11-19,2025-11-19,False,,20250911,2025-11,proportional_stratified_random_sample
2315,4010780,OLYEN,2025-11-19,2025-11,"[""Adrian Ortega Marzal""]","[""Absovity Studio""]",False,True,False,False,success,game,599,599,0,USD,True,5.99,5.99,2026-09-13T06:25:29.813590+00:00,2025-11-19,2025-11-19,False,,20250911,2025-11,proportional_stratified_random_sample
2316,4032670,Arnaud Thion’s Dragons,2025-11-19,2025-11,"[""Arnaud Thion""]","[""Fazhom""]",False,True,False,False,success,game,299,299,0,USD,True,2.99,2.99,2026-09-13T06:32:15.986240+00:00,2025-11-19,2025-11-19,False,,20250911,2025-11,proportional_stratified_random_sample
2317,4038990,Crusaders Quest : Mini,2025-11-19,2025-11,"[""CQ LABS""]","[""LoadComplete""]",True,True,False,False,success,game,,,,,False,,,2026-09-13T06:34:36.272748+00:00,2025-11-19,2025-11-19,False,,20250911,2025-11,proportional_stratified_random_sample
2318,4117360,Edgar Dreams and the Way of Light,2025-11-19,2025-11,"[""Mustafa Barati""]","[""Barati Books""]",False,True,False,False,success,game,1499,1499,0,USD,True,14.99,14.99,2026-09-13T06:57:16.161007+00:00,2025-11-19,2025-11-19,False,,20250911,2025-11,proportional_stratified_random_sample
2319,4153370,Core Destroyer,2025-11-19,2025-11,"[""cnsmini""]","[""cnsmini""]",False,True,False,False,success,game,99,99,0,USD,True,0.99,0.99,2026-09-13T07:10:49.026428+00:00,2025-11-19,2025-11-19,False,,20250911,2025-11,proportional_stratified_random_sample
2320,4156550,The Haunted Spot,2025-11-19,2025-11,"[""Anamik Majumdar""]","[""Anamik Majumdar""]",False,True,False,True,success,game,399,399,0,USD,True,3.99,3.99,2026-09-13T07:11:44.588068+00:00,2025-11-19,2025-11-19,False,,20250911,2025-11,proportional_stratified_random_sample
2321,1156820,Strike & Resist,2025-11-20,2025-11,"[""Dark Deep Studio""]","[""Dark Deep Studio""]",False,True,False,False,success,game,799,799,0,USD,True,7.99,7.99,2026-09-12T12:55:09.827172+00:00,2025-11-20,2025-11-20,False,,20250911,2025-11,proportional_stratified_random_sample
2322,1410450,Ten Deadly Games: Jamsepticeye,2025-11-20,2025-11,"[""Ducky Dev"",""Blahzors"",""Schlopp"",""FYRE Games"",""Cody Reader"",""BrainError"",""xMorrow"",""Cornettu"",""Lex Heilling"",""AVeryShinyCoin"",""Gizmo199"",""SurffingBird"",""OzMaister"",""inner.demons.team"",""Lucy Dean"",""Mattes Clarke"",""Quinn Dymalski"",""Silas Barber"",""raiden23771"",""Pozzo"",""vvetiver"",""amaybus"",""chickenempress""]","[""Ducky Dev""]",True,True,False,False,success,game,,,,,False,,,2026-09-12T13:05:39.638208+00:00,2025-11-20,2025-11-20,False,,20250911,2025-11,proportional_stratified_random_sample
2323,1861410,IRON GUARD: Salvation,2025-11-20,2025-11,"[""Xlab Digital""]","[""Xlab Digital""]",False,True,False,False,success,game,1799,1799,0,USD,True,17.99,17.99,2026-09-12T13:14:19.868717+00:00,2025-11-20,2025-11-20,False,,20250911,2025-11,proportional_stratified_random_sample
2324,1876360,Hand Cannon: Janky Reality,2025-11-20,2025-11,"[""Suicidal Robot Games""]","[""Suicidal Robot Games""]",False,True,False,False,success,game,1499,1499,0,USD,True,14.99,14.99,2026-09-12T13:14:56.211206+00:00,2025-11-20,2025-11-20,False,,20250911,2025-11,proportional_stratified_random_sample
2325,2431200,POPOLOGIST® Camera Slinger,2025-11-20,2025-11,"[""Joe Rey"",""POPOLOGY® Networks""]","[""POPOLOGY®""]",False,True,True,False,success,game,1499,1499,0,USD,True,14.99,14.99,2026-09-12T13:42:50.478443+00:00,2025-11-20,2025-11-20,False,,20250911,2025-11,proportional_stratified_random_sample
2326,2522290,Bridge Hunter,2025-11-20,2025-11,"[""Double Light""]","[""Double Light""]",False,True,False,False,success,game,999,999,0,USD,True,9.99,9.99,2026-09-12T13:47:07.576013+00:00,2025-11-20,2025-11-20,False,,20250911,2025-11,proportional_stratified_random_sample
2327,2774180,Finding Cats In Old City Block,2025-11-20,2025-11,"[""Peach Rain""]","[""Peach Rain"",""cdhy interactive""]",False,True,False,False,success,game,399,399,0,USD,True,3.99,3.99,2026-09-12T13:58:57.633910+00:00,2025-11-20,2025-11-20,False,,20250911,2025-11,proportional_stratified_random_sample
2328,2786550,CURE - A Hospital Simulator,2025-11-20,2025-11,"[""Sentinel Games""]","[""Sentinel Games""]",False,True,False,False,success,game,999,999,0,USD,True,9.99,9.99,2026-09-12T13:59:35.828147+00:00,2025-11-20,2025-11-20,False,,20250911,2025-11,proportional_stratified_random_sample
2329,2896570,Empire Builder,2025-11-20,2025-11,"[""Zombie Possum Games Inc""]","[""Zombie Possum Games Inc"",""Darwin's Toys""]",False,True,False,False,success,game,1999,1999,0,USD,True,19.99,19.99,2026-09-12T14:06:54.568732+00:00,2025-11-20,2025-11-20,False,,20250911,2025-11,proportional_stratified_random_sample
2330,2934220,Monsters are Coming!,2025-11-20,2025-11,"[""Ludogram""]","[""Raw Fury""]",False,True,False,False,success,game,899,539,40,USD,True,8.99,5.39,2026-09-12T14:10:30.536873+00:00,2025-11-20,2025-11-20,False,,20250911,2025-11,proportional_stratified_random_sample
2331,2983410,Xenopurge,2025-11-20,2025-11,"[""Traptics""]","[""Firesquid"",""gamersky Games""]",False,True,False,False,success,game,1249,624,50,USD,True,12.49,6.24,2026-09-12T14:13:35.174145+00:00,2025-11-20,2025-11-20,False,,20250911,2025-11,proportional_stratified_random_sample
2332,3167260,WAR RATS: The Rat em Up,2025-11-20,2025-11,"[""wootusart Industries""]","[""wootusart Industries""]",False,True,False,False,success,game,1199,719,40,USD,True,11.99,7.19,2026-09-12T14:31:47.491420+00:00,2025-11-20,2025-11-20,False,,20250911,2025-11,proportional_stratified_random_sample
2333,3360890,Project Afterfall,2025-11-20,2025-11,"[""MuHa Games"",""Eerie Forest Studio""]","[""MuHa Games""]",False,True,False,False,success,game,1999,1999,0,USD,True,19.99,19.99,2026-09-12T15:00:35.571786+00:00,2025-11-20,2025-11-20,False,,20250911,2025-11,proportional_stratified_random_sample
2334,3424980,Alice in the Manor,2025-11-20,2025-11,"[""YJ Studio""]","[""YJ Studio""]",False,True,False,False,success,game,1199,1199,0,USD,True,11.99,11.99,2026-09-12T15:10:31.185254+00:00,2025-11-20,2025-11-20,False,,20250911,2025-11,proportional_stratified_random_sample
2335,3505650,Vampire Cat,2025-11-20,2025-11,"[""Hunt Games""]","[""Hunt Games""]",False,True,False,False,success,game,699,699,0,USD,True,6.99,6.99,2026-09-12T15:24:25.224406+00:00,2025-11-20,2025-11-20,False,,20250911,2025-11,proportional_stratified_random_sample
2336,3729610,Can you clear up to 100 stages?,2025-11-20,2025-11,"[""JD studio""]","[""JD studio""]",False,True,False,False,success,game,399,399,0,USD,True,3.99,3.99,2026-09-12T16:19:15.408151+00:00,2025-11-20,2025-11-20,False,,20250911,2025-11,proportional_stratified_random_sample
2337,3854120,Fawn The Florist,2025-11-20,2025-11,"[""CozyBit Games""]","[""CozyBit Games""]",True,True,True,False,success,game,,,,,False,,,2026-09-12T17:15:37.659308+00:00,2025-11-20,2025-11-20,False,,20250911,2025-11,proportional_stratified_random_sample
2338,3861140,Agent Versus,2025-11-20,2025-11,"[""Game Inside Studio""]","[""Game Inside Studio""]",False,True,False,False,success,game,599,599,0,USD,True,5.99,5.99,2026-09-12T17:33:05.080125+00:00,2025-11-20,2025-11-20,False,,20250911,2025-11,proportional_stratified_random_sample
2339,3893400,CatFatherJump,2025-11-20,2025-11,"[""整个烂活""]","[""整个烂活""]",True,True,False,False,success,game,,,,,False,,,2026-09-12T17:49:50.124907+00:00,2025-11-20,2025-11-20,False,,20250911,2025-11,proportional_stratified_random_sample
2340,3961220,VADE RETRO SATANA,2025-11-20,2025-11,"[""Salazar Productions""]","[""Salazar Productions""]",False,True,False,False,success,game,799,799,0,USD,True,7.99,7.99,2026-09-13T06:06:53.422089+00:00,2025-11-20,2025-11-20,False,,20250911,2025-11,proportional_stratified_random_sample
2341,3976820,ROBSYBOT KAIJU MAZE,2025-11-20,2025-11,"[""SoulBattery""]","[""Muviron SpA""]",False,True,False,False,success,game,499,499,0,USD,True,4.99,4.99,2026-09-13T06:11:56.811048+00:00,2025-11-20,2025-11-20,False,,20250911,2025-11,proportional_stratified_random_sample
2342,4005700,Orbital Frenzy,2025-11-20,2025-11,"[""Polyspark Studios""]","[""Polyspark Studios""]",False,True,False,False,success,game,99,99,0,USD,True,0.99,0.99,2026-09-13T06:23:45.213808+00:00,2025-11-20,2025-11-20,False,,20250911,2025-11,proportional_stratified_random_sample
2343,4031390,Funimal: Fusion Animal,2025-11-20,2025-11,"[""IXILL LLC.""]","[""IXILL LLC.""]",False,True,False,False,success,game,348,348,0,USD,True,3.48,3.48,2026-09-13T06:31:47.758815+00:00,2025-11-20,2025-11-20,False,,20250911,2025-11,proportional_stratified_random_sample
2344,4077070,BLACKHAT espionage,2025-11-20,2025-11,"[""Maren Games LLC""]","[""Maren Games LLC""]",False,True,False,False,success,game,99,99,0,USD,True,0.99,0.99,2026-09-13T06:46:39.083716+00:00,2025-11-20,2025-11-20,False,,20250911,2025-11,proportional_stratified_random_sample
2345,4101990,Harsh Reality of Being a Hamster,2025-11-20,2025-11,"[""Iman Studios""]","[""Iman Studios""]",False,True,False,False,success,game,199,199,0,USD,True,1.99,1.99,2026-09-13T06:52:30.105925+00:00,2025-11-20,2025-11-20,False,,20250911,2025-11,proportional_stratified_random_sample
2346,4148290,Escape Exit: Floor 10,2025-11-20,2025-11,"[""KonaMGames""]","[""KonaMGames""]",False,True,False,False,success,game,399,399,0,USD,True,3.99,3.99,2026-09-13T07:09:37.299135+00:00,2025-11-20,2025-11-20,False,,20250911,2025-11,proportional_stratified_random_sample
2347,4153890,Clapism,2025-11-20,2025-11,"[""Woodpile""]","[""Woodpile""]",False,True,False,False,success,game,299,299,0,USD,True,2.99,2.99,2026-09-13T07:11:01.868992+00:00,2025-11-20,2025-11-20,False,,20250911,2025-11,proportional_stratified_random_sample
2348,4154280,百鬼图鉴-国风·挂机·卡牌·游戏,2025-11-20,2025-11,"[""百鬼夜行工作室""]","[""百鬼夜行工作室""]",True,True,False,False,success,game,,,,,False,,,2026-09-13T07:11:06.318261+00:00,2025-11-20,2025-11-20,False,,20250911,2025-11,proportional_stratified_random_sample
2349,4154760,Win The Election,2025-11-20,2025-11,"[""Rainey Studios""]","[""Rainey Studios""]",False,True,False,False,success,game,599,599,0,USD,True,5.99,5.99,2026-09-13T07:11:16.858164+00:00,2025-11-20,2025-11-20,False,,20250911,2025-11,proportional_stratified_random_sample
2350,1024820,Hockey Club,2025-11-21,2025-11,"[""Boogerman Games, LLC""]","[""Boogerman Games, LLC""]",False,True,False,False,success,game,2499,2499,0,USD,True,24.99,24.99,2026-09-12T12:53:40.439528+00:00,2025-11-21,2025-11-21,False,,20250911,2025-11,proportional_stratified_random_sample
2351,2851640,Speed Demons 2,2025-11-21,2025-11,"[""Radiangames""]","[""Radiangames""]",False,True,False,False,success,game,1499,1499,0,USD,True,14.99,14.99,2026-09-12T14:03:57.740312+00:00,2025-11-21,2025-11-21,False,,20250911,2025-11,proportional_stratified_random_sample
2352,2879980,ZAKO NO AHIRU,2025-11-21,2025-11,"[""FUファイターズ""]","["" Phoenixx Inc.""]",False,True,False,False,success,game,699,699,0,USD,True,6.99,6.99,2026-09-12T14:05:54.659127+00:00,2025-11-21,2025-11-21,False,,20250911,2025-11,proportional_stratified_random_sample
2353,2903240,DODORI,2025-11-21,2025-11,"[""BridgeMusic""]","[""BridgeMusic""]",False,True,False,False,success,game,1499,1499,0,USD,True,14.99,14.99,2026-09-12T14:07:18.090546+00:00,2025-11-21,2025-11-21,False,,20250911,2025-11,proportional_stratified_random_sample
2354,3047310,Aim Assault,2025-11-21,2025-11,"[""DIVR Labs""]","[""DIVR Labs""]",False,True,False,False,success,game,1799,1799,0,USD,True,17.99,17.99,2026-09-12T14:19:53.829247+00:00,2025-11-21,2025-11-21,False,,20250911,2025-11,proportional_stratified_random_sample
2355,3188460,Orcs Will Never Be Slaves,2025-11-21,2025-11,"[""Cyan Flame Game""]","[""Cyan Flame Game""]",False,True,False,False,success,game,499,499,0,USD,True,4.99,4.99,2026-09-12T14:34:04.041836+00:00,2025-11-21,2025-11-21,False,,20250911,2025-11,proportional_stratified_random_sample
2356,3295350,StarSim: BattleZone,2025-11-21,2025-11,"[""Viktor Martynovsky""]","[""Viktor Martynovsky""]",False,True,False,False,success,game,999,999,0,USD,True,9.99,9.99,2026-09-12T14:52:51.699584+00:00,2025-11-21,2025-11-21,False,,20250911,2025-11,proportional_stratified_random_sample
2357,3474500,Bubbles!,2025-11-21,2025-11,"[""Cattertainment""]","[""Cattertainment""]",False,True,False,False,success,game,199,199,0,USD,True,1.99,1.99,2026-09-12T15:19:27.631269+00:00,2025-11-21,2025-11-21,False,,20250911,2025-11,proportional_stratified_random_sample
2358,3527920,CoRoT,2025-11-21,2025-11,"[""Azteck Game Studios""]","[""Azteck Game Studios""]",False,True,False,False,success,game,699,699,0,USD,True,6.99,6.99,2026-09-12T15:27:51.209202+00:00,2025-11-21,2025-11-21,False,,20250911,2025-11,proportional_stratified_random_sample
2359,3589720,Ball & Roll,2025-11-21,2025-11,"[""LoudScream""]","[""SlugShot Games""]",False,True,False,False,success,game,299,269,10,USD,True,2.99,2.69,2026-09-12T15:40:07.355115+00:00,2025-11-21,2025-11-21,False,,20250911,2025-11,proportional_stratified_random_sample
2360,3693590,Legends of Gems,2025-11-21,2025-11,"[""南京西木优洛网络科技有限公司""]","[""南京西木优洛网络科技有限公司""]",False,True,False,False,success,game,899,512,43,USD,True,8.99,5.12,2026-09-12T16:07:45.087380+00:00,2025-11-21,2025-11-21,False,,20250911,2025-11,proportional_stratified_random_sample
2361,3737620,Marisa!ReturnTheBook!,2025-11-21,2025-11,"[""NARROW"",""TSUKUYOMIC""]","[""NARROW&TSUKUYOMIC""]",False,True,False,False,success,game,599,599,0,USD,True,5.99,5.99,2026-09-12T16:21:05.130682+00:00,2025-11-21,2025-11-21,False,,20250911,2025-11,proportional_stratified_random_sample
2362,3799100,SIDE EFFECTS,2025-11-21,2025-11,"[""hirohun"",""Mr.Pootsley"",""Jaybooty"",""Lofar42""]","[""Free Lives""]",False,True,False,False,success,game,499,499,0,USD,True,4.99,4.99,2026-09-12T16:40:44.345067+00:00,2025-11-21,2025-11-21,False,,20250911,2025-11,proportional_stratified_random_sample
2363,3809740,TOJIBO,2025-11-21,2025-11,"[""Vermeil Soft""]","[""Vermeil Soft""]",False,True,False,True,success,game,499,499,0,USD,True,4.99,4.99,2026-09-12T16:45:31.627318+00:00,2025-11-21,2025-11-21,False,,20250911,2025-11,proportional_stratified_random_sample
2364,3834520,Suika Puffworks,2025-11-21,2025-11,"[""Michael Richard Lannon""]","[""Michael Richard Lannon""]",False,True,False,False,success,game,99,99,0,USD,True,0.99,0.99,2026-09-12T16:59:09.393004+00:00,2025-11-21,2025-11-21,False,,20250911,2025-11,proportional_stratified_random_sample
2365,3896380,Pizza Restaurant Together,2025-11-21,2025-11,"[""FunPlay Dev""]","[""FunPlay""]",False,True,False,True,success,game,1499,1499,0,USD,True,14.99,14.99,2026-09-12T17:51:47.686526+00:00,2025-11-21,2025-11-21,False,,20250911,2025-11,proportional_stratified_random_sample
2366,3908780,Mork Folio,2025-11-21,2025-11,"[""Zany Gadgets Inc.""]","[""Zany Gadgets Inc.""]",False,True,True,False,success,game,999,999,0,USD,True,9.99,9.99,2026-09-12T17:57:25.011125+00:00,2025-11-21,2025-11-21,False,,20250911,2025-11,proportional_stratified_random_sample
2367,3938040,Digging Together,2025-11-21,2025-11,"[""Suber Game Studio"",""Cem Bal""]","[""Suber Game Studio""]",False,True,False,False,success,game,399,399,0,USD,True,3.99,3.99,2026-09-13T05:57:03.160171+00:00,2025-11-21,2025-11-21,False,,20250911,2025-11,proportional_stratified_random_sample
2368,3947180,Cube Fight,2025-11-21,2025-11,"[""ExtraBoundarys""]","[""ExtraBoundarys""]",False,True,False,False,success,game,599,599,0,USD,True,5.99,5.99,2026-09-13T06:00:46.339816+00:00,2025-11-21,2025-11-21,False,,20250911,2025-11,proportional_stratified_random_sample
2369,3982040,The Faith of Sin,2025-11-21,2025-11,"[""TeddyBeer""]","[""PsychoFlux Entertainment""]",False,True,False,False,success,game,99,99,0,USD,True,0.99,0.99,2026-09-13T06:14:23.693344+00:00,2025-11-21,2025-11-21,False,,20250911,2025-11,proportional_stratified_random_sample
2370,3993060,Gamblers Chess,2025-11-21,2025-11,"[""PixelatedCouchCoding""]","[""PixelatedCouchCoding""]",False,True,False,False,success,game,399,399,0,USD,True,3.99,3.99,2026-09-13T06:18:42.438119+00:00,2025-11-21,2025-11-21,False,,20250911,2025-11,proportional_stratified_random_sample
2371,4019450,OROBOROS,2025-11-21,2025-11,"[""Blay Games""]","[""Blay Games""]",False,True,True,True,success,game,199,199,0,USD,True,1.99,1.99,2026-09-13T06:28:03.372940+00:00,2025-11-21,2025-11-21,False,,20250911,2025-11,proportional_stratified_random_sample
2372,4028620,Alibi for love,2025-11-21,2025-11,"[""边勿""]","[""边勿""]",False,True,False,False,success,game,99,99,0,USD,True,0.99,0.99,2026-09-13T06:31:02.013589+00:00,2025-11-21,2025-11-21,False,,20250911,2025-11,proportional_stratified_random_sample
2373,4091700,Max’s Adventures: Christmas Edition,2025-11-21,2025-11,"[""J Indie Games""]","[""J Indie Games""]",False,True,True,False,success,game,599,599,0,USD,True,5.99,5.99,2026-09-13T06:49:54.016301+00:00,2025-11-21,2025-11-21,False,,20250911,2025-11,proportional_stratified_random_sample
2374,4104260,Tidy Up,2025-11-21,2025-11,"[""GameShock""]","[""GameShock""]",False,True,False,False,success,game,199,199,0,USD,True,1.99,1.99,2026-09-13T06:53:08.143969+00:00,2025-11-21,2025-11-21,False,,20250911,2025-11,proportional_stratified_random_sample
2375,4139030,发现时代 Age Of Discovery,2025-11-21,2025-11,"[""PuTianZhiXia""]","[""PuTianZhiXia""]",False,True,True,False,success,game,399,399,0,USD,True,3.99,3.99,2026-09-13T07:07:12.613854+00:00,2025-11-21,2025-11-21,False,,20250911,2025-11,proportional_stratified_random_sample
2376,4143570,Black Signal,2025-11-21,2025-11,"[""Matthew Lalande""]","[""Dualbooted""]",False,True,True,False,success,game,499,499,0,USD,True,4.99,4.99,2026-09-13T07:08:22.704536+00:00,2025-11-21,2025-11-21,False,,20250911,2025-11,proportional_stratified_random_sample
2377,4162280,Sad Virus Forest,2025-11-21,2025-11,"[""ZERO5GAMES""]","[""ZERO5GAMES""]",False,True,False,False,success,game,99,99,0,USD,True,0.99,0.99,2026-09-13T07:13:21.362058+00:00,2025-11-21,2025-11-21,False,,20250911,2025-11,proportional_stratified_random_sample
2378,2635670,Cycle Idle RPG,2025-11-22,2025-11,"[""Leafcutter""]","[""Leafcutter Studios""]",True,True,False,False,success,game,,,,,False,,,2026-09-12T13:51:43.760802+00:00,2025-11-22,2025-11-22,False,,20250911,2025-11,proportional_stratified_random_sample
2379,3220260,Hexachess,2025-11-22,2025-11,"[""Tricky Chaos""]","[""Tricky Chaos""]",False,True,False,False,success,game,451,451,0,USD,True,4.51,4.51,2026-09-12T14:38:06.473259+00:00,2025-11-22,2025-11-22,False,,20250911,2025-11,proportional_stratified_random_sample
2380,3973790,The Last Detour,2025-11-22,2025-11,"[""Sólymos Dávid""]","[""Sólymos Dávid""]",False,True,False,False,success,game,299,299,0,USD,True,2.99,2.99,2026-09-13T06:11:07.505268+00:00,2025-11-22,2025-11-22,False,,20250911,2025-11,proportional_stratified_random_sample
2381,4000360,Red Chair,2025-11-22,2025-11,"[""RedChair Gameworks""]","[""RedChair Gameworks""]",False,True,False,False,success,game,999,999,0,USD,True,9.99,9.99,2026-09-13T06:21:44.101767+00:00,2025-11-22,2025-11-22,False,,20250911,2025-11,proportional_stratified_random_sample
2382,4151420,Santa with Gun,2025-11-22,2025-11,"[""Michael Frankenhäuser""]","[""Michael Frankenhäuser""]",False,True,False,False,success,game,399,399,0,USD,True,3.99,3.99,2026-09-13T07:10:19.531894+00:00,2025-11-22,2025-11-22,False,,20250911,2025-11,proportional_stratified_random_sample
2383,2143760,Her Name,2025-11-23,2025-11,"[""Flying Butter""]","[""Flying Butter""]",False,True,False,False,success,game,499,499,0,USD,True,4.99,4.99,2026-09-12T13:31:13.483843+00:00,2025-11-23,2025-11-23,False,,20250911,2025-11,proportional_stratified_random_sample
2384,3431340,Call of Ponchy : Mahjong Warfare,2025-11-23,2025-11,"[""デジメカ製作所""]","[""デジメカ製作所""]",False,True,False,False,success,game,99,99,0,USD,True,0.99,0.99,2026-09-12T15:11:26.879204+00:00,2025-11-23,2025-11-23,False,,20250911,2025-11,proportional_stratified_random_sample
2385,3561170,Leaks In Space,2025-11-23,2025-11,"[""Frostech Game Studio""]","[""Frostech Game Studio""]",False,True,False,True,success,game,1499,1499,0,USD,True,14.99,14.99,2026-09-12T15:33:53.660469+00:00,2025-11-23,2025-11-23,False,,20250911,2025-11,proportional_stratified_random_sample
2386,4092400,Humerous (REBOOT),2025-11-23,2025-11,"[""Mimeface""]","[""Mimeface""]",False,True,False,False,success,game,299,299,0,USD,True,2.99,2.99,2026-09-13T06:50:00.644413+00:00,2025-11-23,2025-11-23,False,,20250911,2025-11,proportional_stratified_random_sample
2387,4140140,Pernicious,2025-11-23,2025-11,"[""sdaj""]","[""sdaj""]",False,True,False,False,success,game,1999,1999,0,USD,True,19.99,19.99,2026-09-13T07:07:31.756435+00:00,2025-11-23,2025-11-23,False,,20250911,2025-11,proportional_stratified_random_sample
2388,1817500,Abandoned Archive,2025-11-24,2025-11,"[""Vedal""]","[""Vedal""]",False,True,True,True,success,game,599,599,0,USD,True,5.99,5.99,2026-09-12T13:13:22.736633+00:00,2025-11-24,2025-11-24,False,,20250911,2025-11,proportional_stratified_random_sample
2389,2357350,Primal Fray,2025-11-24,2025-11,"[""Imago""]","[""Indie Games Starter""]",False,True,False,False,success,game,1199,419,65,USD,True,11.99,4.19,2026-09-12T13:39:15.732979+00:00,2025-11-24,2025-11-24,False,,20250911,2025-11,proportional_stratified_random_sample
2390,2725250,Nientum - Op.ZERO,2025-11-24,2025-11,"[""QueseraGames""]","[""QueseraGames""]",False,True,False,False,success,game,1999,1999,0,USD,True,19.99,19.99,2026-09-12T13:56:22.510114+00:00,2025-11-24,2025-11-24,False,,20250911,2025-11,proportional_stratified_random_sample
2391,2893820,Of Ash and Steel,2025-11-24,2025-11,"[""Fire & Frost""]","[""tinyBuild""]",False,True,False,False,success,game,2999,2999,0,USD,True,29.99,29.99,2026-09-12T14:06:42.113374+00:00,2025-11-24,2025-11-24,False,,20250911,2025-11,proportional_stratified_random_sample
2392,2985450,Umigame,2025-11-24,2025-11,"[""Nimblegames""]","[""Nimblegames"",""Phoenix Game""]",False,True,False,False,success,game,1499,1499,0,USD,True,14.99,14.99,2026-09-12T14:13:45.636210+00:00,2025-11-24,2025-11-24,False,,20250911,2025-11,proportional_stratified_random_sample
2393,3369700,The Tower of Eden,2025-11-24,2025-11,"[""Chris-Emio Raymond""]","[""Chris-Emio Raymond""]",False,True,False,False,success,game,999,999,0,USD,True,9.99,9.99,2026-09-12T15:02:17.208219+00:00,2025-11-24,2025-11-24,False,,20250911,2025-11,proportional_stratified_random_sample
2394,3686580,Repel The Rifts,2025-11-24,2025-11,"[""RefinedBearGames""]","[""Goblinz Publishing"",""WR game""]",False,True,False,True,success,game,1299,1299,0,USD,True,12.99,12.99,2026-09-12T16:05:22.329486+00:00,2025-11-24,2025-11-24,False,,20250911,2025-11,proportional_stratified_random_sample
2395,3745850,Luna & Sol: Nightmare Ward,2025-11-24,2025-11,"[""PLAY Mephistowaltz""]","[""PLAY Mephistowaltz""]",False,True,False,False,success,game,799,359,55,USD,True,7.99,3.59,2026-09-12T16:23:19.229177+00:00,2025-11-24,2025-11-24,False,,20250911,2025-11,proportional_stratified_random_sample
2396,3877790,Hunter's Moon: A Sovereign Syndicate Adventure,2025-11-24,2025-11,"[""Crimson Herring Studios""]","[""Zugalu Entertainment"",""Gamersky Games""]",False,True,False,False,success,game,1999,1999,0,USD,True,19.99,19.99,2026-09-12T17:42:18.726315+00:00,2025-11-24,2025-11-24,False,,20250911,2025-11,proportional_stratified_random_sample
2397,3914200,Even20: The Interference of Parallels,2025-11-24,2025-11,"[""SilverEyes""]","[""Wisdom Games Publishing"",""RMAsia""]",False,True,True,False,success,game,699,524,25,USD,True,6.99,5.24,2026-09-12T17:59:18.748000+00:00,2025-11-24,2025-11-24,False,,20250911,2025-11,proportional_stratified_random_sample
2398,4000040,Rusted Flesh,2025-11-24,2025-11,"[""BurgerBurk""]","[""BurgerBurk""]",False,True,False,False,success,game,999,999,0,USD,True,9.99,9.99,2026-09-13T06:21:31.551604+00:00,2025-11-24,2025-11-24,False,,20250911,2025-11,proportional_stratified_random_sample
2399,4055950,Curved World,2025-11-24,2025-11,"["" Ituki Ebina""]","["" Ituki Ebina""]",False,True,False,False,success,game,399,399,0,USD,True,3.99,3.99,2026-09-13T06:40:30.902465+00:00,2025-11-24,2025-11-24,False,,20250911,2025-11,proportional_stratified_random_sample
2400,4105570,FUSHA2  Nocturnal Fishing,2025-11-24,2025-11,"[""1号观测员"",""2号观测员""]","[""世界观测站""]",False,True,False,False,success,game,199,199,0,USD,True,1.99,1.99,2026-09-13T06:53:37.655205+00:00,2025-11-24,2025-11-24,False,,20250911,2025-11,proportional_stratified_random_sample
2401,4131140,TheParcelEscape,2025-11-24,2025-11,"[""Michi Games""]","[""Michi Games""]",False,True,False,False,success,game,399,399,0,USD,True,3.99,3.99,2026-09-13T07:04:57.578644+00:00,2025-11-24,2025-11-24,False,,20250911,2025-11,proportional_stratified_random_sample
2402,4163080,Unlimited Farm Tycoon - Cozy Idle Farm Game,2025-11-24,2025-11,"[""Musa GUNGOR""]","[""Musa GUNGOR""]",False,True,False,False,success,game,499,124,75,USD,True,4.99,1.24,2026-09-13T07:13:38.311835+00:00,2025-11-24,2025-11-24,False,,20250911,2025-11,proportional_stratified_random_sample
2403,2128430,Seven Seas: Adventures,2025-11-25,2025-11,"[""Concept Games""]","[""Concept Games""]",False,True,False,False,success,game,2499,2499,0,USD,True,24.99,24.99,2026-09-12T13:30:41.690747+00:00,2025-11-25,2025-11-25,False,,20250911,2025-11,proportional_stratified_random_sample
2404,2297590,Glory Hunters,2025-11-25,2025-11,"[""2think design studio"",""Ogre Pixel""]","[""2think design studio""]",False,True,True,True,success,game,999,999,0,USD,True,9.99,9.99,2026-09-12T13:36:44.686213+00:00,2025-11-25,2025-11-25,False,,20250911,2025-11,proportional_stratified_random_sample
2405,2319790,Captain Wayne - Vacation Desperation,2025-11-25,2025-11,"[""Ciaran Games LLC""]","[""Silver Lining Interactive""]",False,True,False,False,success,game,999,999,0,USD,True,9.99,9.99,2026-09-12T13:37:27.051593+00:00,2025-11-25,2025-11-25,False,,20250911,2025-11,proportional_stratified_random_sample
2406,2359270,Bravest Chicken,2025-11-25,2025-11,"[""Frajda Games""]","[""Frajda Games""]",False,True,True,True,success,game,499,499,0,USD,True,4.99,4.99,2026-09-12T13:39:24.078569+00:00,2025-11-25,2025-11-25,False,,20250911,2025-11,proportional_stratified_random_sample
2407,2695430,A.I.L.A,2025-11-25,2025-11,"[""Pulsatrix Studios""]","[""Fireshine Games"",""The Iterative Collective""]",False,True,False,False,success,game,2999,2999,0,USD,True,29.99,29.99,2026-09-12T13:54:47.780005+00:00,2025-11-25,2025-11-25,False,,20250911,2025-11,proportional_stratified_random_sample
2408,2823790,Casino Management Simulator,2025-11-25,2025-11,"[""BroxStudios""]","[""BroxStudios""]",False,True,False,False,success,game,1299,1299,0,USD,True,12.99,12.99,2026-09-12T14:01:44.882017+00:00,2025-11-25,2025-11-25,False,,20250911,2025-11,proportional_stratified_random_sample
2409,2835650,Randomice,2025-11-25,2025-11,"[""Videoludid""]","[""Abiding Bridge""]",False,True,False,False,success,game,1299,1299,0,USD,True,12.99,12.99,2026-09-12T14:02:48.586491+00:00,2025-11-25,2025-11-25,False,,20250911,2025-11,proportional_stratified_random_sample
2410,3143570,Holy Valkyrie EXS-TiA: Concerto 1,2025-11-25,2025-11,"[""Lusterise""]","[""Shiravune""]",False,True,False,False,success,game,1999,1399,30,USD,True,19.99,13.99,2026-09-12T14:29:58.274554+00:00,2025-11-25,2025-11-25,False,,20250911,2025-11,proportional_stratified_random_sample
2411,3200220,Red Rogue Sea,2025-11-25,2025-11,"[""Firemage Studios""]","[""Firemage Studios"",""Phoenix Game""]",False,True,False,True,success,game,1699,1699,0,USD,True,16.99,16.99,2026-09-12T14:35:21.272009+00:00,2025-11-25,2025-11-25,False,,20250911,2025-11,proportional_stratified_random_sample
2412,3202430,Tiny Devils,2025-11-25,2025-11,"[""ENIGMA STUDIO Sarl""]","[""ENIGMA STUDIO Sarl""]",False,True,False,False,success,game,499,499,0,USD,True,4.99,4.99,2026-09-12T14:35:42.520107+00:00,2025-11-25,2025-11-25,False,,20250911,2025-11,proportional_stratified_random_sample
2413,3234170,CyCall,2025-11-25,2025-11,"[""PzGames""]","[""PzGames""]",False,True,False,False,success,game,1299,1299,0,USD,True,12.99,12.99,2026-09-12T14:39:35.767782+00:00,2025-11-25,2025-11-25,False,,20250911,2025-11,proportional_stratified_random_sample
2414,3428520,Escape If You Can,2025-11-25,2025-11,"[""SERLO""]","[""SERLO""]",False,True,False,False,success,game,499,499,0,USD,True,4.99,4.99,2026-09-12T15:11:02.964643+00:00,2025-11-25,2025-11-25,False,,20250911,2025-11,proportional_stratified_random_sample
2415,3674970,Colony 19,2025-11-25,2025-11,"[""Zane Shan"",""Liza Gitelman"",""Riley Fink"",""James Yim"",""Mika Peer Shalem"",""James Milestone"",""Cole Falxa"",""Andrew Byi"",""Thurmann Panglinan"",""Charlie Pollock"",""Kayla Barker"",""Sean 'Matronix' Barnwell"",""Ikenna"",""AJ Rivas""]","[""UCSC Games""]",True,True,False,False,success,game,,,,,False,,,2026-09-12T16:00:54.637309+00:00,2025-11-25,2025-11-25,False,,20250911,2025-11,proportional_stratified_random_sample
2416,3709790,Zerowake GATES,2025-11-25,2025-11,"[""Storytaco""]","[""Storytaco""]",True,True,False,False,success,game,,,,,False,,,2026-09-12T16:13:40.480603+00:00,2025-11-25,2025-11-25,False,,20250911,2025-11,proportional_stratified_random_sample
2417,4057000,遥豊のサレテ,2025-11-25,2025-11,"[""機世語堂""]","[""機世語堂""]",False,True,False,False,success,game,499,499,0,USD,True,4.99,4.99,2026-09-13T06:41:21.169489+00:00,2025-11-25,2025-11-25,False,,20250911,2025-11,proportional_stratified_random_sample
2418,4132780,on Titan,2025-11-25,2025-11,"[""Aleksandr Akimov""]","[""xankim""]",False,True,False,False,success,game,1899,1899,0,USD,True,18.99,18.99,2026-09-13T07:05:30.494569+00:00,2025-11-25,2025-11-25,False,,20250911,2025-11,proportional_stratified_random_sample
2419,4132800,BLADE.EXE,2025-11-25,2025-11,"[""Black Flag Studios""]","[""Black Flag Studios""]",False,True,False,False,success,game,499,499,0,USD,True,4.99,4.99,2026-09-13T07:05:32.596680+00:00,2025-11-25,2025-11-25,False,,20250911,2025-11,proportional_stratified_random_sample
2420,2656440,Knight Case Files,2025-11-26,2025-11,"[""Hyoukan Studio""]","[""Kaguya Project""]",False,True,False,False,success,game,1499,1499,0,USD,True,14.99,14.99,2026-09-12T13:52:52.116316+00:00,2025-11-26,2025-11-26,False,,20250911,2025-11,proportional_stratified_random_sample
2421,2689930,"Detective Instinct: Farewell, My Beloved",2025-11-26,2025-11,"[""Armonica LLC""]","[""Armonica LLC""]",False,True,False,False,success,game,1999,1399,30,USD,True,19.99,13.99,2026-09-12T13:54:30.696669+00:00,2025-11-26,2025-11-26,False,,20250911,2025-11,proportional_stratified_random_sample
2422,2905650,Chaos Pieces,2025-11-26,2025-11,"[""Suzuki Ken""]","[""Suzuki Ken""]",False,True,True,False,success,game,1199,1199,0,USD,True,11.99,11.99,2026-09-12T14:07:36.850799+00:00,2025-11-26,2025-11-26,False,,20250911,2025-11,proportional_stratified_random_sample
2423,2937770,Bubble Bobble Sugar Dungeons Boosted,2025-11-26,2025-11,"[""TAITO CORP.""]","[""TAITO CORP."",""Arc System Works""]",False,True,False,False,success,game,3999,3999,0,USD,True,39.99,39.99,2026-09-12T14:10:51.823787+00:00,2025-11-26,2025-11-26,False,,20250911,2025-11,proportional_stratified_random_sample
2424,3184990,The Occult Detective,2025-11-26,2025-11,"[""Battlecry Studio""]","[""Battlecry Studio""]",False,True,False,False,success,game,1349,1349,0,USD,True,13.49,13.49,2026-09-12T14:33:34.125156+00:00,2025-11-26,2025-11-26,False,,20250911,2025-11,proportional_stratified_random_sample
2425,3342800,Ghostwriter Workshop,2025-11-26,2025-11,"[""秘密結社マテンロウ計画"",""Studio Dragonet""]","[""Waku Waku Games""]",False,True,False,False,success,game,1099,1099,0,USD,True,10.99,10.99,2026-09-12T14:57:46.124992+00:00,2025-11-26,2025-11-26,False,,20250911,2025-11,proportional_stratified_random_sample
2426,3499270,An Imp and an Impostor,2025-11-26,2025-11,"[""Choice of Games""]","[""Choice of Games""]",False,True,True,True,success,game,799,799,0,USD,True,7.99,7.99,2026-09-12T15:22:59.981074+00:00,2025-11-26,2025-11-26,False,,20250911,2025-11,proportional_stratified_random_sample
2427,3555840,Space Crash Simulator,2025-11-26,2025-11,"[""WPC""]","[""WPC""]",False,True,True,False,success,game,999,999,0,USD,True,9.99,9.99,2026-09-12T15:32:56.000559+00:00,2025-11-26,2025-11-26,False,,20250911,2025-11,proportional_stratified_random_sample
2428,3621210,Museum Magnate,2025-11-26,2025-11,"[""Three Dragons s.r.o.""]","[""Three Dragons s.r.o.""]",False,True,False,False,success,game,1199,1199,0,USD,True,11.99,11.99,2026-09-12T15:47:07.922025+00:00,2025-11-26,2025-11-26,False,,20250911,2025-11,proportional_stratified_random_sample
2429,3822100,In Arrears,2025-11-26,2025-11,"[""Offensive Ideas Studio""]","[""Offensive Ideas Studio""]",False,True,False,False,success,game,199,199,0,USD,True,1.99,1.99,2026-09-12T16:52:27.583550+00:00,2025-11-26,2025-11-26,False,,20250911,2025-11,proportional_stratified_random_sample
2430,3898680,WZRDS,2025-11-26,2025-11,"[""Elmok""]","[""Elmok""]",False,True,False,False,success,game,499,499,0,USD,True,4.99,4.99,2026-09-12T17:53:03.541951+00:00,2025-11-26,2025-11-26,False,,20250911,2025-11,proportional_stratified_random_sample
2431,3979880,Secret File,2025-11-26,2025-11,"[""Igrik Studios""]","[""Igrik Studios""]",False,True,False,False,success,game,499,499,0,USD,True,4.99,4.99,2026-09-13T06:13:30.684350+00:00,2025-11-26,2025-11-26,False,,20250911,2025-11,proportional_stratified_random_sample
2432,4022150,Gnomes on the Roam,2025-11-26,2025-11,"[""jjarhead24""]","[""jjarhead24""]",True,True,False,False,success,game,,,,,False,,,2026-09-13T06:28:54.407120+00:00,2025-11-26,2025-11-26,False,,20250911,2025-11,proportional_stratified_random_sample
2433,4042100,Boomerang Survivor Collection,2025-11-26,2025-11,"[""RAMUNE SPARK""]","[""RAMUNE SPARK""]",False,True,False,False,success,game,399,399,0,USD,True,3.99,3.99,2026-09-13T06:35:50.426124+00:00,2025-11-26,2025-11-26,False,,20250911,2025-11,proportional_stratified_random_sample
2434,4125970,Pixel Game Maker Series Stray Witch and the Ghost Train,2025-11-26,2025-11,"[""KIMAMASEISAKUSYO""]","[""Gotcha Gotcha Games""]",False,True,False,False,success,game,899,899,0,USD,True,8.99,8.99,2026-09-13T07:00:04.258703+00:00,2025-11-26,2025-11-26,False,,20250911,2025-11,proportional_stratified_random_sample
2435,4134640,A Date With Yuika,2025-11-26,2025-11,"[""Feeling Potion""]","[""Feeling Potion""]",False,True,True,False,success,game,599,599,0,USD,True,5.99,5.99,2026-09-13T07:06:01.747393+00:00,2025-11-26,2025-11-26,False,,20250911,2025-11,proportional_stratified_random_sample
2436,4144840,Doctor Visit,2025-11-26,2025-11,"[""Feeling Potion""]","[""Feeling Potion""]",False,True,True,False,success,game,599,599,0,USD,True,5.99,5.99,2026-09-13T07:08:44.150458+00:00,2025-11-26,2025-11-26,False,,20250911,2025-11,proportional_stratified_random_sample
2437,4160960,EGGMART,2025-11-26,2025-11,"[""Emre Şahin""]","[""Survivillage""]",False,True,False,False,success,game,899,899,0,USD,True,8.99,8.99,2026-09-13T07:12:39.006020+00:00,2025-11-26,2025-11-26,False,,20250911,2025-11,proportional_stratified_random_sample
2438,1644700,Magic Boy,2025-11-27,2025-11,"[""Blue Turtle""]","[""Strategy First""]",False,True,False,False,success,game,299,299,0,USD,True,2.99,2.99,2026-09-12T13:09:48.000283+00:00,2025-11-27,2025-11-27,False,,20250911,2025-11,proportional_stratified_random_sample
2439,1699230,Hail to the Rainbow,2025-11-27,2025-11,"[""Носков Сергей""]","[""Носков Сергей""]",False,True,False,False,success,game,1499,1499,0,USD,True,14.99,14.99,2026-09-12T13:10:38.995351+00:00,2025-11-27,2025-11-27,False,,20250911,2025-11,proportional_stratified_random_sample
2440,1711790,Knight of the Lions,2025-11-27,2025-11,"[""Eugene Zubko""]","[""Eugene Zubko""]",False,True,False,False,success,game,599,599,0,USD,True,5.99,5.99,2026-09-12T13:10:47.274114+00:00,2025-11-27,2025-11-27,False,,20250911,2025-11,proportional_stratified_random_sample
2441,1829920,Aluna Rift,2025-11-27,2025-11,"[""Ben Lowther-Saul""]","[""digiggle Games""]",False,True,False,False,success,game,499,499,0,USD,True,4.99,4.99,2026-09-12T13:13:37.497050+00:00,2025-11-27,2025-11-27,False,,20250911,2025-11,proportional_stratified_random_sample
2442,1941370,Dancin' Divas,2025-11-27,2025-11,"[""MrPr1993""]","[""Shady Corner Games""]",False,True,False,False,success,game,1499,1499,0,USD,True,14.99,14.99,2026-09-12T13:16:29.256459+00:00,2025-11-27,2025-11-27,False,,20250911,2025-11,proportional_stratified_random_sample
2443,2124150,Skirmish Mayhem,2025-11-27,2025-11,"[""Netherbell""]","[""Netherbell""]",False,True,False,False,success,game,499,499,0,USD,True,4.99,4.99,2026-09-12T13:30:35.291825+00:00,2025-11-27,2025-11-27,False,,20250911,2025-11,proportional_stratified_random_sample
2444,2296120,Dreadstone Keep,2025-11-27,2025-11,"[""Crit42 Studio""]","[""GoGo Games Interactive""]",False,True,False,False,success,game,799,799,0,USD,True,7.99,7.99,2026-09-12T13:36:38.351116+00:00,2025-11-27,2025-11-27,False,,20250911,2025-11,proportional_stratified_random_sample
2445,2597810,Afallon,2025-11-27,2025-11,"[""Stargazing interactive""]","[""Stargazing interactive""]",False,True,False,False,success,game,1199,1199,0,USD,True,11.99,11.99,2026-09-12T13:50:21.049286+00:00,2025-11-27,2025-11-27,False,,20250911,2025-11,proportional_stratified_random_sample
2446,2794390,Pinono and the magic fiddle,2025-11-27,2025-11,"[""helomiux""]","[""helomiux""]",False,True,False,False,success,game,899,899,0,USD,True,8.99,8.99,2026-09-12T14:00:05.616604+00:00,2025-11-27,2025-11-27,False,,20250911,2025-11,proportional_stratified_random_sample
2447,3034350,Niraya of ■■,2025-11-27,2025-11,"[""HEXADRIVE Inc.""]","[""HEXADRIVE Inc.""]",False,True,False,False,success,game,1599,1599,0,USD,True,15.99,15.99,2026-09-12T14:18:26.662682+00:00,2025-11-27,2025-11-27,False,,20250911,2025-11,proportional_stratified_random_sample
2448,3086580,LOST EMBER: Rekindled Edition,2025-11-27,2025-11,"[""Mooneye Studios""]","[""Mooneye Studios""]",False,True,False,False,success,game,2999,2999,0,USD,True,29.99,29.99,2026-09-12T14:23:37.365006+00:00,2025-11-27,2025-11-27,False,,20250911,2025-11,proportional_stratified_random_sample
2449,3293180,Slingshot Pilot,2025-11-27,2025-11,"[""Denis Selensky""]","[""Denis Selensky""]",False,True,False,True,success,game,299,299,0,USD,True,2.99,2.99,2026-09-12T14:52:32.287817+00:00,2025-11-27,2025-11-27,False,,20250911,2025-11,proportional_stratified_random_sample
2450,3354220,Comic Book Store Simulator,2025-11-27,2025-11,"[""Akhir Pekan Studio""]","[""PlayWay S.A.""]",False,True,False,False,success,game,1199,1199,0,USD,True,11.99,11.99,2026-09-12T14:59:33.370336+00:00,2025-11-27,2025-11-27,False,,20250911,2025-11,proportional_stratified_random_sample
2451,3427870,"I Will Never Fall For My Tsundere Classmate, So I Will Just Date A Background Character Instead!",2025-11-27,2025-11,"[""Kaijoseisoft""]","[""Kaijoseisoft""]",True,True,True,True,success,game,,,,,False,,,2026-09-12T15:10:52.461040+00:00,2025-11-27,2025-11-27,False,,20250911,2025-11,proportional_stratified_random_sample
2452,3456230,Dotu,2025-11-27,2025-11,"[""Chicken Undercover""]","[""Chicken Undercover""]",False,True,False,False,success,game,599,599,0,USD,True,5.99,5.99,2026-09-12T15:16:13.376374+00:00,2025-11-27,2025-11-27,False,,20250911,2025-11,proportional_stratified_random_sample
2453,3538680,Hiroshi,2025-11-27,2025-11,"[""SpaguettiGames""]","[""SpaguettiGames""]",False,True,False,False,success,game,999,999,0,USD,True,9.99,9.99,2026-09-12T15:29:43.908030+00:00,2025-11-27,2025-11-27,False,,20250911,2025-11,proportional_stratified_random_sample
2454,3553930,MeCatVR,2025-11-27,2025-11,"[""PAFI Games""]","[""PAFI Games""]",True,True,False,False,success,game,,,,,False,,,2026-09-12T15:32:33.607141+00:00,2025-11-27,2025-11-27,False,,20250911,2025-11,proportional_stratified_random_sample
2455,3578960,Wave Leads You...,2025-11-27,2025-11,"[""powder""]","[""powder""]",False,True,False,False,success,game,999,999,0,USD,True,9.99,9.99,2026-09-12T15:37:30.649120+00:00,2025-11-27,2025-11-27,False,,20250911,2025-11,proportional_stratified_random_sample
2456,3668910,ddz Online,2025-11-27,2025-11,"[""zxck""]","[""zxck""]",True,True,False,False,success,game,,,,,False,,,2026-09-12T15:59:03.241249+00:00,2025-11-27,2025-11-27,False,,20250911,2025-11,proportional_stratified_random_sample
2457,3751210,Infinite Lives,2025-11-27,2025-11,"[""MDickie""]","[""MDickie""]",False,True,False,False,success,game,1499,1499,0,USD,True,14.99,14.99,2026-09-12T16:24:57.110707+00:00,2025-11-27,2025-11-27,False,,20250911,2025-11,proportional_stratified_random_sample
2458,3814680,Huntsman,2025-11-27,2025-11,"[""OnTheHouse Studios""]","[""Ten Image Publishing""]",False,True,False,False,success,game,1299,1299,0,USD,True,12.99,12.99,2026-09-12T16:48:44.354032+00:00,2025-11-27,2025-11-27,False,,20250911,2025-11,proportional_stratified_random_sample
2459,3825890,MELON PARKER -We are Whatever Club!-,2025-11-27,2025-11,"[""CyberStep, Inc.""]","[""CyberStep, Inc."",""Rabbitfoot""]",False,True,False,False,success,game,3999,3999,0,USD,True,39.99,39.99,2026-09-12T16:54:46.122279+00:00,2025-11-27,2025-11-27,False,,20250911,2025-11,proportional_stratified_random_sample
2460,3882730,PANOPTYCA : Idle RPG Manager,2025-11-27,2025-11,"[""Tesseract Studio"",""Nugem Studio""]","[""Tesseract Studio"",""Nugem Studio""]",True,True,False,False,success,game,,,,,False,,,2026-09-12T17:44:51.059992+00:00,2025-11-27,2025-11-27,False,,20250911,2025-11,proportional_stratified_random_sample
2461,3895980,The Case of the Catacombs: A Tale from Atruxia,2025-11-27,2025-11,"[""Magic Moon Games""]","[""Magic Moon Games""]",False,True,True,True,success,game,199,199,0,USD,True,1.99,1.99,2026-09-12T17:51:30.446758+00:00,2025-11-27,2025-11-27,False,,20250911,2025-11,proportional_stratified_random_sample
2462,3902830,How I Flex with AI,2025-11-27,2025-11,"[""Pandaren""]","[""Pandaren""]",False,True,False,False,success,game,99,99,0,USD,True,0.99,0.99,2026-09-12T17:55:00.747301+00:00,2025-11-27,2025-11-27,False,,20250911,2025-11,proportional_stratified_random_sample
2463,3926240,Little island,2025-11-27,2025-11,"[""Fantasy Vortex""]","[""Fantasy Vortex""]",False,True,False,False,success,game,499,499,0,USD,True,4.99,4.99,2026-09-13T05:52:07.740084+00:00,2025-11-27,2025-11-27,False,,20250911,2025-11,proportional_stratified_random_sample
2464,3981060,The Vanishing Train | ワンマン列車,2025-11-27,2025-11,"[""RAYBIS GAMES""]","[""RAYBIS GAMES""]",False,True,False,False,success,game,299,299,0,USD,True,2.99,2.99,2026-09-13T06:13:51.640774+00:00,2025-11-27,2025-11-27,False,,20250911,2025-11,proportional_stratified_random_sample
2465,4037960,hilda,2025-11-27,2025-11,"[""sadFloppy""]","[""Garage 5"",""Kurki.Games""]",False,True,True,True,success,game,199,199,0,USD,True,1.99,1.99,2026-09-13T06:34:10.831066+00:00,2025-11-27,2025-11-27,False,,20250911,2025-11,proportional_stratified_random_sample
2466,4048960,Mysteerie,2025-11-27,2025-11,"[""Mallow Games""]","[""Mallow Games""]",False,True,False,False,success,game,599,599,0,USD,True,5.99,5.99,2026-09-13T06:37:51.312195+00:00,2025-11-27,2025-11-27,False,,20250911,2025-11,proportional_stratified_random_sample
2467,4113470,魔王跳 《More Jump》,2025-11-27,2025-11,"[""弦外之境""]","[""弦外之境""]",False,True,False,False,success,game,699,699,0,USD,True,6.99,6.99,2026-09-13T06:56:12.250307+00:00,2025-11-27,2025-11-27,False,,20250911,2025-11,proportional_stratified_random_sample
2468,4129690,Veteran Racer,2025-11-27,2025-11,"[""Veteran Racer Corp""]","[""Veteran Racer Corp""]",False,True,False,False,success,game,1799,107,94,USD,True,17.99,1.07,2026-09-13T07:00:59.707129+00:00,2025-11-27,2025-11-27,False,,20250911,2025-11,proportional_stratified_random_sample
2469,4147730,Survivors of Cloudacre,2025-11-27,2025-11,"[""Zuul""]","[""Zuul""]",False,True,False,False,success,game,799,799,0,USD,True,7.99,7.99,2026-09-13T07:09:24.694161+00:00,2025-11-27,2025-11-27,False,,20250911,2025-11,proportional_stratified_random_sample
2470,4148020,Desktop Dream Car,2025-11-27,2025-11,"[""Desktop Dream Car""]","[""Snake Game""]",False,True,False,False,success,game,299,299,0,USD,True,2.99,2.99,2026-09-13T07:09:35.147301+00:00,2025-11-27,2025-11-27,False,,20250911,2025-11,proportional_stratified_random_sample
2471,4162270,Poop Game【Suika-Style Falling Puzzle】,2025-11-27,2025-11,"[""dejiworks4649""]","[""dejiworks4649""]",False,True,False,False,success,game,99,99,0,USD,True,0.99,0.99,2026-09-13T07:13:19.136466+00:00,2025-11-27,2025-11-27,False,,20250911,2025-11,proportional_stratified_random_sample
2472,4164370,"JU,QI,PAO",2025-11-27,2025-11,"[""123Game""]","[""123Game""]",False,True,False,False,success,game,199,199,0,USD,True,1.99,1.99,2026-09-13T07:13:55.487163+00:00,2025-11-27,2025-11-27,False,,20250911,2025-11,proportional_stratified_random_sample
2473,4174530,UsadaMAZE,2025-11-27,2025-11,"[""UNCHIFIREFLY""]","[""UNCHIFIREFLY""]",False,True,False,False,success,game,299,299,0,USD,True,2.99,2.99,2026-09-13T07:16:15.629753+00:00,2025-11-27,2025-11-27,False,,20250911,2025-11,proportional_stratified_random_sample
2474,2076520,Death In Abyss,2025-11-28,2025-11,"[""Agelvik""]","[""Agelvik""]",False,True,False,False,success,game,1999,1999,0,USD,True,19.99,19.99,2026-09-12T13:22:58.291032+00:00,2025-11-28,2025-11-28,False,,20250911,2025-11,proportional_stratified_random_sample
2475,2705860,Sound of Horses,2025-11-28,2025-11,"[""Vanilla Sky Productions AB""]","[""Vanilla Sky Productions AB""]",False,True,False,False,success,game,1499,1499,0,USD,True,14.99,14.99,2026-09-12T13:55:21.961308+00:00,2025-11-28,2025-11-28,False,,20250911,2025-11,proportional_stratified_random_sample
2476,3022560,The Banker Tycoon,2025-11-28,2025-11,"[""Lunatic Eclipse Studio""]","[""Lunatic Eclipse Studio""]",False,True,False,False,success,game,499,499,0,USD,True,4.99,4.99,2026-09-12T14:17:05.492646+00:00,2025-11-28,2025-11-28,False,,20250911,2025-11,proportional_stratified_random_sample
2477,3384840,Blacksmith Simulator,2025-11-28,2025-11,"[""GalaxyVerse""]","[""GalaxyVerse""]",False,True,False,False,success,game,599,599,0,USD,True,5.99,5.99,2026-09-12T15:04:27.767886+00:00,2025-11-28,2025-11-28,False,,20250911,2025-11,proportional_stratified_random_sample
2478,3476730,Killer Chat! - Original Edition,2025-11-28,2025-11,"[""rosesrot""]","[""angelrot games""]",True,True,True,True,success,game,,,,,False,,,2026-09-12T15:19:48.842182+00:00,2025-11-28,2025-11-28,False,,20250911,2025-11,proportional_stratified_random_sample
2479,3529380,Carrotour,2025-11-28,2025-11,"[""lì tŕ"",""Eastern"",""Arian""]","[""lì tŕ"",""Eastern"",""Arian""]",False,True,True,True,success,game,499,499,0,USD,True,4.99,4.99,2026-09-12T15:28:07.594735+00:00,2025-11-28,2025-11-28,False,,20250911,2025-11,proportional_stratified_random_sample
2480,3679570,Screen Greens,2025-11-28,2025-11,"[""PlayfulFoxStudio""]","[""PlayfulFoxStudio""]",False,True,False,False,success,game,299,299,0,USD,True,2.99,2.99,2026-09-12T16:02:13.664559+00:00,2025-11-28,2025-11-28,False,,20250911,2025-11,proportional_stratified_random_sample
2481,3822720,Deepest Well,2025-11-28,2025-11,"[""Smoking Cartridge""]","[""Smoking Cartridge""]",False,True,False,False,success,game,499,499,0,USD,True,4.99,4.99,2026-09-12T16:52:57.056681+00:00,2025-11-28,2025-11-28,False,,20250911,2025-11,proportional_stratified_random_sample
2482,3852230,Path of the Bogatyr,2025-11-28,2025-11,"[""RUzura Interactive""]","[""Flex Turtle""]",False,True,False,False,success,game,599,599,0,USD,True,5.99,5.99,2026-09-12T17:14:31.715293+00:00,2025-11-28,2025-11-28,False,,20250911,2025-11,proportional_stratified_random_sample
2483,3854990,TryAngle: Shapes Warfare,2025-11-28,2025-11,"[""Occasional Gamer Studios""]","[""Occasional Gamer Studios""]",False,True,False,False,success,game,199,199,0,USD,True,1.99,1.99,2026-09-12T17:16:26.517905+00:00,2025-11-28,2025-11-28,False,,20250911,2025-11,proportional_stratified_random_sample
2484,3870020,Phil in the Mirror,2025-11-28,2025-11,"[""Lunanod""]","[""Lunanod""]",False,True,False,False,success,game,999,999,0,USD,True,9.99,9.99,2026-09-12T17:38:07.584700+00:00,2025-11-28,2025-11-28,False,,20250911,2025-11,proportional_stratified_random_sample
2485,3902710,One Rotten Oath,2025-11-28,2025-11,"[""Piotr Bunkowski""]","[""Piotr Bunkowski""]",False,True,False,False,success,game,699,699,0,USD,True,6.99,6.99,2026-09-12T17:54:56.432030+00:00,2025-11-28,2025-11-28,False,,20250911,2025-11,proportional_stratified_random_sample
2486,3906110,FEED MY MECH,2025-11-28,2025-11,"[""TheManiacMartian""]","[""TheManiacMartian""]",False,True,False,False,success,game,999,999,0,USD,True,9.99,9.99,2026-09-12T17:55:58.165450+00:00,2025-11-28,2025-11-28,False,,20250911,2025-11,proportional_stratified_random_sample
2487,3966870,Liminal Explorer,2025-11-28,2025-11,"[""compact""]","[""compact""]",False,True,False,False,success,game,499,499,0,USD,True,4.99,4.99,2026-09-13T06:09:17.920135+00:00,2025-11-28,2025-11-28,False,,20250911,2025-11,proportional_stratified_random_sample
2488,3982060,Ark of Isolation,2025-11-28,2025-11,"[""TeddyBeer""]","[""PsychoFlux Entertainment""]",False,True,False,False,success,game,99,99,0,USD,True,0.99,0.99,2026-09-13T06:14:25.755631+00:00,2025-11-28,2025-11-28,False,,20250911,2025-11,proportional_stratified_random_sample
2489,4041280,For Humanity,2025-11-28,2025-11,"[""Wildfire IGS""]","[""Wildfire IGS""]",False,True,False,False,success,game,499,499,0,USD,True,4.99,4.99,2026-09-13T06:35:27.656444+00:00,2025-11-28,2025-11-28,False,,20250911,2025-11,proportional_stratified_random_sample
2490,4052020,Trigwa,2025-11-28,2025-11,"[""CD-REV""]","[""CD-REV""]",False,True,False,False,success,game,399,399,0,USD,True,3.99,3.99,2026-09-13T06:39:03.450470+00:00,2025-11-28,2025-11-28,False,,20250911,2025-11,proportional_stratified_random_sample
2491,4076470,La Fille aux Pommes / The Apple Girl,2025-11-28,2025-11,"[""Gud91""]","[""Gud91""]",False,True,False,False,success,game,499,499,0,USD,True,4.99,4.99,2026-09-13T06:46:30.607169+00:00,2025-11-28,2025-11-28,False,,20250911,2025-11,proportional_stratified_random_sample
2492,4080150,Y.E.L.L.,2025-11-28,2025-11,"[""Y.E.L.L. Crew""]","[""Seraum Games""]",False,True,False,False,success,game,499,499,0,USD,True,4.99,4.99,2026-09-13T06:47:23.936185+00:00,2025-11-28,2025-11-28,False,,20250911,2025-11,proportional_stratified_random_sample
2493,4097500,AI UPRISING,2025-11-28,2025-11,"[""DMG Studios""]","[""DMG Studios""]",False,True,True,False,success,game,399,399,0,USD,True,3.99,3.99,2026-09-13T06:51:34.873770+00:00,2025-11-28,2025-11-28,False,,20250911,2025-11,proportional_stratified_random_sample
2494,4138560,devasion 0.5,2025-11-28,2025-11,"[""z-i-r.de""]","[""z-i-r.de""]",True,True,False,False,success,game,,,,,False,,,2026-09-13T07:07:02.122690+00:00,2025-11-28,2025-11-28,False,,20250911,2025-11,proportional_stratified_random_sample
2495,4149960,Dead Feed,2025-11-28,2025-11,"[""SolitaryStudios""]","[""SolitaryStudios""]",False,True,False,False,success,game,299,299,0,USD,True,2.99,2.99,2026-09-13T07:09:58.387157+00:00,2025-11-28,2025-11-28,False,,20250911,2025-11,proportional_stratified_random_sample
2496,4161490,Tatvalok,2025-11-28,2025-11,"[""Suryansh Garg""]","[""Suryansh Garg""]",False,True,False,False,success,game,399,399,0,USD,True,3.99,3.99,2026-09-13T07:12:58.138515+00:00,2025-11-28,2025-11-28,False,,20250911,2025-11,proportional_stratified_random_sample
2497,4162160,新盗墓笔记（南派三叔正版授权）,2025-11-28,2025-11,"[""大侠工作室""]","[""大侠工作室""]",True,True,False,False,success,game,,,,,False,,,2026-09-13T07:13:12.874669+00:00,2025-11-28,2025-11-28,False,,20250911,2025-11,proportional_stratified_random_sample
2498,4162750,GogRun,2025-11-28,2025-11,"[""Cockroach Studio""]","[""Cockroach Studio""]",False,True,False,False,success,game,399,399,0,USD,True,3.99,3.99,2026-09-13T07:13:27.584272+00:00,2025-11-28,2025-11-28,False,,20250911,2025-11,proportional_stratified_random_sample
2499,4178160,Janky Golf with Stream,2025-11-28,2025-11,"[""Ayrton Alexis""]","[""Ayrton Alexis®""]",True,True,False,False,success,game,,,,,False,,,2026-09-13T07:16:57.739983+00:00,2025-11-28,2025-11-28,False,,20250911,2025-11,proportional_stratified_random_sample
2500,2377720,Super Power Racing,2025-11-29,2025-11,"[""Monster Finger Games""]","[""Monster Finger Games""]",False,True,False,False,success,game,650,650,0,USD,True,6.5,6.5,2026-09-12T13:40:23.760158+00:00,2025-11-29,2025-11-29,False,,20250911,2025-11,proportional_stratified_random_sample
2501,3381290,LIBRA: There Are Two,2025-11-29,2025-11,"[""Blue Inc""]","[""Blue Inc""]",False,True,True,True,success,game,899,899,0,USD,True,8.99,8.99,2026-09-12T15:03:50.271899+00:00,2025-11-29,2025-11-29,False,,20250911,2025-11,proportional_stratified_random_sample
2502,3940500,Manekin: The Lost Island,2025-11-29,2025-11,"[""HllBs""]","[""HllBs""]",False,True,False,False,success,game,299,299,0,USD,True,2.99,2.99,2026-09-13T05:58:05.222547+00:00,2025-11-29,2025-11-29,False,,20250911,2025-11,proportional_stratified_random_sample
2503,4062770,SUBJECT 33,2025-11-29,2025-11,"[""Matei Mihai""]","[""PIXELWAVE GAMES""]",False,True,False,False,success,game,199,199,0,USD,True,1.99,1.99,2026-09-13T06:42:22.521197+00:00,2025-11-29,2025-11-29,False,,20250911,2025-11,proportional_stratified_random_sample
2504,4131200,Tippy's Quest,2025-11-29,2025-11,"[""Tippy""]","[""Tippy Games""]",True,True,False,False,success,game,,,,,False,,,2026-09-13T07:05:00.648243+00:00,2025-11-29,2025-11-29,False,,20250911,2025-11,proportional_stratified_random_sample
2505,4172680,Skinwalkers Valley,2025-11-29,2025-11,"[""Fireplay Studio""]","[""Fireplay Studio""]",False,True,False,False,success,game,399,399,0,USD,True,3.99,3.99,2026-09-13T07:15:52.483595+00:00,2025-11-29,2025-11-29,False,,20250911,2025-11,proportional_stratified_random_sample
2506,2174300,Piczle World of Puzzles,2025-11-30,2025-11,"[""Score Studios LLC""]","[""Score Studios LLC""]",True,True,False,False,success,game,,,,,False,,,2026-09-12T13:32:12.410735+00:00,2025-11-30,2025-11-30,False,,20250911,2025-11,proportional_stratified_random_sample
2507,2875240,iRboth Original intention and first sin,2025-11-30,2025-11,"[""UK""]","[""UK""]",False,True,False,False,success,game,399,399,0,USD,True,3.99,3.99,2026-09-12T14:05:22.920455+00:00,2025-11-30,2025-11-30,False,,20250911,2025-11,proportional_stratified_random_sample
2508,2892560,AO: Containment Breach,2025-11-30,2025-11,"[""Prismatix-""]","[""Prismatix-""]",False,True,False,False,success,game,999,999,0,USD,True,9.99,9.99,2026-09-12T14:06:33.169041+00:00,2025-11-30,2025-11-30,False,,20250911,2025-11,proportional_stratified_random_sample
2509,3227670,My Daughter In Family Ai,2025-11-30,2025-11,"[""AI GAME STUDIO""]","[""AI GAME STUDIO""]",False,True,False,False,success,game,299,299,0,USD,True,2.99,2.99,2026-09-12T14:38:57.631783+00:00,2025-11-30,2025-11-30,False,,20250911,2025-11,proportional_stratified_random_sample
2510,3428430,Deep Sea Heroes,2025-11-30,2025-11,"[""Soul Coffee Game Studio's""]","[""Soul Coffee Game Studio's""]",False,True,False,False,success,game,599,599,0,USD,True,5.99,5.99,2026-09-12T15:10:58.763238+00:00,2025-11-30,2025-11-30,False,,20250911,2025-11,proportional_stratified_random_sample
2511,3857830,Ball Tag,2025-11-30,2025-11,"[""Hand Flip Studios""]","[""Hand Flip Studios""]",True,True,False,False,success,game,,,,,False,,,2026-09-12T17:17:37.183004+00:00,2025-11-30,2025-11-30,False,,20250911,2025-11,proportional_stratified_random_sample
2512,3894070,A Pirate Game About Digging For Treasure And Getting Drunk,2025-11-30,2025-11,"[""Benito Moises Monagas Rosario""]","[""Benito Moises Monagas Rosario""]",False,True,False,False,success,game,399,399,0,USD,True,3.99,3.99,2026-09-12T17:50:13.349196+00:00,2025-11-30,2025-11-30,False,,20250911,2025-11,proportional_stratified_random_sample
2513,3961740,PaJinko,2025-11-30,2025-11,"[""Erenyx""]","[""Erenyx""]",False,True,True,False,success,game,99,99,0,USD,True,0.99,0.99,2026-09-13T06:07:08.304519+00:00,2025-11-30,2025-11-30,False,,20250911,2025-11,proportional_stratified_random_sample
2514,4008740,Cython Cat,2025-11-30,2025-11,"[""Tiny Void"",""PopSplash Games""]","[""Tiny Void"",""PopSplash Games""]",True,True,True,True,success,game,,,,,False,,,2026-09-13T06:24:47.224100+00:00,2025-11-30,2025-11-30,False,,20250911,2025-11,proportional_stratified_random_sample
2515,4029000,YKick,2025-11-30,2025-11,"[""LevelZeroCore""]","[""LevelZeroCore""]",False,True,False,False,success,game,399,399,0,USD,True,3.99,3.99,2026-09-13T06:31:14.030106+00:00,2025-11-30,2025-11-30,False,,20250911,2025-11,proportional_stratified_random_sample
2516,4104830,Calvin's Gallery,2025-11-30,2025-11,"[""Crimson""]","[""Crimson""]",False,True,False,False,success,game,499,499,0,USD,True,4.99,4.99,2026-09-13T06:53:18.898570+00:00,2025-11-30,2025-11-30,False,,20250911,2025-11,proportional_stratified_random_sample
2517,4128150,The Riese Project,2025-11-30,2025-11,"[""MasashigeDev""]","[""MasashigeDev""]",False,True,False,False,success,game,1499,1499,0,USD,True,14.99,14.99,2026-09-13T07:00:34.312256+00:00,2025-11-30,2025-11-30,False,,20250911,2025-11,proportional_stratified_random_sample
2518,4162240,圈套scheme,2025-11-30,2025-11,"[""GAOPENG""]","[""GAOPENG""]",False,True,False,False,success,game,99,99,0,USD,True,0.99,0.99,2026-09-13T07:13:17.049961+00:00,2025-11-30,2025-11-30,False,,20250911,2025-11,proportional_stratified_random_sample
2519,1961850,Toroban,2025-12-01,2025-12,"[""Hebert Games LLC""]","[""Hebert Games LLC""]",False,True,True,True,success,game,2000,2000,0,USD,True,20.0,20.0,2026-09-12T13:20:11.528016+00:00,2025-12-01,2025-12-01,False,,20250911,2025-12,proportional_stratified_random_sample
2520,2467850,Wild Growth,2025-12-01,2025-12,"[""Cuddle Monster Games""]","[""Cuddle Monster Games""]",False,True,True,False,success,game,499,499,0,USD,True,4.99,4.99,2026-09-12T13:44:45.361219+00:00,2025-12-01,2025-12-01,False,,20250911,2025-12,proportional_stratified_random_sample
2521,2860870,MonoRace,2025-12-01,2025-12,"[""SIA BASE LOGIC""]","[""SIA BASE LOGIC""]",False,True,False,False,success,game,1499,1499,0,USD,True,14.99,14.99,2026-09-12T14:04:25.073635+00:00,2025-12-01,2025-12-01,False,,20250911,2025-12,proportional_stratified_random_sample
2522,3119050,Obfuscation,2025-12-01,2025-12,"[""mid1224""]","[""mid1224""]",False,True,False,False,success,game,599,149,75,USD,True,5.99,1.49,2026-09-12T14:27:15.340588+00:00,2025-12-01,2025-12-01,False,,20250911,2025-12,proportional_stratified_random_sample
2523,3134570,Sorcerer's Servant,2025-12-01,2025-12,"[""2202GAMES,LLC""]","[""2202GAMES,LLC""]",False,True,True,False,success,game,1499,1499,0,USD,True,14.99,14.99,2026-09-12T14:28:48.900290+00:00,2025-12-01,2025-12-01,False,,20250911,2025-12,proportional_stratified_random_sample
2524,3226580,Monsters & Magics: Digital Card Game,2025-12-01,2025-12,"[""Vestri the Dwarf""]","[""Vestri the Dwarf""]",False,True,False,True,success,game,499,499,0,USD,True,4.99,4.99,2026-09-12T14:38:47.403698+00:00,2025-12-01,2025-12-01,False,,20250911,2025-12,proportional_stratified_random_sample
2525,3391200,Snowman Mo,2025-12-01,2025-12,"[""Stickerbush Studios""]","[""Stickerbush Studios""]",False,True,True,False,success,game,999,999,0,USD,True,9.99,9.99,2026-09-12T15:05:21.095818+00:00,2025-12-01,2025-12-01,False,,20250911,2025-12,proportional_stratified_random_sample
2526,3629780,Tingus Goose,2025-12-01,2025-12,"[""SweatyChair""]","[""Playsaurus"",""UltraPlayers""]",False,True,True,False,success,game,699,699,0,USD,True,6.99,6.99,2026-09-12T15:49:28.125212+00:00,2025-12-01,2025-12-01,False,,20250911,2025-12,proportional_stratified_random_sample
2527,3771610,Flee the fallen,2025-12-01,2025-12,"[""AM Playhouse""]","[""GameEon Studios""]",False,True,True,False,success,game,499,499,0,USD,True,4.99,4.99,2026-09-12T16:31:27.279301+00:00,2025-12-01,2025-12-01,False,,20250911,2025-12,proportional_stratified_random_sample
2528,3817040,Simogo Legacy Collection,2025-12-01,2025-12,"[""Simogo""]","[""Simogo""]",False,True,False,True,success,game,1499,1499,0,USD,True,14.99,14.99,2026-09-12T16:49:59.240911+00:00,2025-12-01,2025-12-01,False,,20250911,2025-12,proportional_stratified_random_sample
2529,3870780,Nekurogahara: Ronin Psyche,2025-12-01,2025-12,"[""n1lknarf""]","[""ExoticaMachina""]",False,True,False,False,success,game,1499,1499,0,USD,True,14.99,14.99,2026-09-12T17:38:41.624112+00:00,2025-12-01,2025-12-01,False,,20250911,2025-12,proportional_stratified_random_sample
2530,3937580,Manipulation,2025-12-01,2025-12,"[""Creative Guild LLC""]","[""Creative Guild LLC""]",False,True,True,True,success,game,599,599,0,USD,True,5.99,5.99,2026-09-13T05:56:44.108389+00:00,2025-12-01,2025-12-01,False,,20250911,2025-12,proportional_stratified_random_sample
2531,3939080,Ironwood Conquest,2025-12-01,2025-12,"[""MrMero""]","[""MrMero""]",False,True,False,False,success,game,499,499,0,USD,True,4.99,4.99,2026-09-13T05:57:33.370428+00:00,2025-12-01,2025-12-01,False,,20250911,2025-12,proportional_stratified_random_sample
2532,4050190,Speed Tactic Ninja,2025-12-01,2025-12,"[""Helmi Blub""]","[""Helmi Blub""]",False,True,False,True,success,game,499,499,0,USD,True,4.99,4.99,2026-09-13T06:38:12.640072+00:00,2025-12-01,2025-12-01,False,,20250911,2025-12,proportional_stratified_random_sample
2533,4050690,GRIBOUILLE,2025-12-01,2025-12,"[""HYJAZI""]","[""HYJAZI""]",False,True,False,False,success,game,999,999,0,USD,True,9.99,9.99,2026-09-13T06:38:29.513360+00:00,2025-12-01,2025-12-01,False,,20250911,2025-12,proportional_stratified_random_sample
2534,4056470,Rhythm Ball,2025-12-01,2025-12,"[""Yntoo""]","[""Yntoo""]",False,True,False,False,success,game,199,199,0,USD,True,1.99,1.99,2026-09-13T06:40:47.868752+00:00,2025-12-01,2025-12-01,False,,20250911,2025-12,proportional_stratified_random_sample
2535,4105120,[omni-dissonance],2025-12-01,2025-12,"[""Mars Bacon LLC""]","[""Mars Bacon LLC""]",False,True,False,False,success,game,499,499,0,USD,True,4.99,4.99,2026-09-13T06:53:25.168463+00:00,2025-12-01,2025-12-01,False,,20250911,2025-12,proportional_stratified_random_sample
2536,4109440,"It's Not You, It's M.E",2025-12-01,2025-12,"[""Closed Forum""]","[""Closed Forum""]",False,True,False,False,success,game,199,199,0,USD,True,1.99,1.99,2026-09-13T06:54:40.108660+00:00,2025-12-01,2025-12-01,False,,20250911,2025-12,proportional_stratified_random_sample
2537,4129000,Yuletide Regicide,2025-12-01,2025-12,"[""Valtteri Tavast""]","[""Instant Million""]",True,True,False,False,success,game,,,,,False,,,2026-09-13T07:00:44.873248+00:00,2025-12-01,2025-12-01,False,,20250911,2025-12,proportional_stratified_random_sample
2538,4129410,Twistingo: Tree of Life Collector’s Edition,2025-12-01,2025-12,"[""MixoGames Ltd.""]","[""MixoGames Ltd.""]",False,True,True,False,success,game,999,999,0,USD,True,9.99,9.99,2026-09-13T07:00:46.975074+00:00,2025-12-01,2025-12-01,False,,20250911,2025-12,proportional_stratified_random_sample
2539,4148960,Seven Scarecrows,2025-12-01,2025-12,"[""Two Cypresses""]","[""Two Cypresses""]",False,True,False,False,success,game,899,899,0,USD,True,8.99,8.99,2026-09-13T07:09:43.571560+00:00,2025-12-01,2025-12-01,False,,20250911,2025-12,proportional_stratified_random_sample
2540,4158430,Linker Vibe,2025-12-01,2025-12,"[""Sinirain""]","[""Sinirain""]",False,True,False,False,success,game,499,499,0,USD,True,4.99,4.99,2026-09-13T07:11:59.706536+00:00,2025-12-01,2025-12-01,False,,20250911,2025-12,proportional_stratified_random_sample
2541,4160320,Pigment,2025-12-01,2025-12,"[""David Stears""]","[""David Stears""]",True,True,False,False,success,game,,,,,False,,,2026-09-13T07:12:32.489981+00:00,2025-12-01,2025-12-01,False,,20250911,2025-12,proportional_stratified_random_sample
2542,4171330,Miracle Vibe Show VR,2025-12-01,2025-12,"[""Kristina Mikh""]","[""Kristina Mikh""]",False,True,False,False,success,game,1099,1099,0,USD,True,10.99,10.99,2026-09-13T07:15:39.934642+00:00,2025-12-01,2025-12-01,False,,20250911,2025-12,proportional_stratified_random_sample
2543,2117370,Mad World Survivors,2025-12-02,2025-12,"[""BadWolf Games""]","[""BadWolf Games""]",False,True,False,False,success,game,199,199,0,USD,True,1.99,1.99,2026-09-12T13:30:20.637833+00:00,2025-12-02,2025-12-02,False,,20250911,2025-12,proportional_stratified_random_sample
2544,2192780,Grimdark Survivors,2025-12-02,2025-12,"[""Hityara games""]","[""Hityara games""]",False,True,False,False,success,game,499,499,0,USD,True,4.99,4.99,2026-09-12T13:32:52.826176+00:00,2025-12-02,2025-12-02,False,,20250911,2025-12,proportional_stratified_random_sample
2545,2446540,SLEEP AWAKE,2025-12-02,2025-12,"[""EYES OUT, LLC.""]","[""Blumhouse Games""]",False,True,False,False,success,game,2999,2999,0,USD,True,29.99,29.99,2026-09-12T13:43:24.249791+00:00,2025-12-02,2025-12-02,False,,20250911,2025-12,proportional_stratified_random_sample
2546,2552750,Dark Ride: The Feline Fix,2025-12-02,2025-12,"[""Paleozoic""]","[""Entermotion""]",False,True,False,False,success,game,199,199,0,USD,True,1.99,1.99,2026-09-12T13:48:28.229293+00:00,2025-12-02,2025-12-02,False,,20250911,2025-12,proportional_stratified_random_sample
2547,3125370,There Is No Escape,2025-12-02,2025-12,"[""Retrowave Studios""]","[""Retrowave Studios""]",True,True,False,False,success,game,,,,,False,,,2026-09-12T14:28:02.266676+00:00,2025-12-02,2025-12-02,False,,20250911,2025-12,proportional_stratified_random_sample
2548,3463700,GameOn!,2025-12-02,2025-12,"[""Plum Multimedia""]","[""Plum Multimedia""]",False,True,False,False,success,game,1299,1299,0,USD,True,12.99,12.99,2026-09-12T15:17:29.822222+00:00,2025-12-02,2025-12-02,False,,20250911,2025-12,proportional_stratified_random_sample
2549,3614630,Santa's Last Stand,2025-12-02,2025-12,"[""DeathWishGames""]","[""DeathWishGames""]",False,True,False,False,success,game,99,99,0,USD,True,0.99,0.99,2026-09-12T15:45:34.023882+00:00,2025-12-02,2025-12-02,False,,20250911,2025-12,proportional_stratified_random_sample
2550,3628600,Luft Gears,2025-12-02,2025-12,"[""Cestmir Kocian""]","[""Cestmir Kocian""]",False,True,False,False,success,game,899,899,0,USD,True,8.99,8.99,2026-09-12T15:49:04.541071+00:00,2025-12-02,2025-12-02,False,,20250911,2025-12,proportional_stratified_random_sample
2551,3705340,Claviator,2025-12-02,2025-12,"[""Zero Inches""]","[""Zero Inches""]",False,True,True,False,success,game,799,799,0,USD,True,7.99,7.99,2026-09-12T16:10:36.881841+00:00,2025-12-02,2025-12-02,False,,20250911,2025-12,proportional_stratified_random_sample
2552,3713090,Animal Run Relay,2025-12-02,2025-12,"[""youdoyou.motto""]","[""youdoyou.motto""]",False,True,False,False,success,game,999,999,0,USD,True,9.99,9.99,2026-09-12T16:14:29.081248+00:00,2025-12-02,2025-12-02,False,,20250911,2025-12,proportional_stratified_random_sample
2553,3717700,Off World Racing,2025-12-02,2025-12,"[""Off World Racing Company""]","[""Off World Racing Company""]",False,True,False,False,success,game,1499,1499,0,USD,True,14.99,14.99,2026-09-12T16:16:01.060797+00:00,2025-12-02,2025-12-02,False,,20250911,2025-12,proportional_stratified_random_sample
2554,3729030,Sweet Chaos,2025-12-02,2025-12,"[""Eigen-Kreationen Game Studios""]","[""Eigen-Kreationen Game Studios""]",False,True,False,False,success,game,299,299,0,USD,True,2.99,2.99,2026-09-12T16:19:08.781191+00:00,2025-12-02,2025-12-02,False,,20250911,2025-12,proportional_stratified_random_sample
2555,3770260,Rolling Rumble,2025-12-02,2025-12,"[""VortexForge""]","[""VortexForge""]",False,True,False,False,success,game,399,399,0,USD,True,3.99,3.99,2026-09-12T16:31:06.138647+00:00,2025-12-02,2025-12-02,False,,20250911,2025-12,proportional_stratified_random_sample
2556,3812200,Truck City,2025-12-02,2025-12,"[""Mikel Fernandez""]","[""Mikel Fernandez""]",False,True,True,True,success,game,599,599,0,USD,True,5.99,5.99,2026-09-12T16:47:02.608909+00:00,2025-12-02,2025-12-02,False,,20250911,2025-12,proportional_stratified_random_sample
2557,3897310,みんなで Physical TRAIN ～チャムランド国営鉄道～,2025-12-02,2025-12,"[""Cham-gaming""]","[""Cham-gaming""]",False,True,False,False,success,game,1999,1999,0,USD,True,19.99,19.99,2026-09-12T17:52:10.723595+00:00,2025-12-02,2025-12-02,False,,20250911,2025-12,proportional_stratified_random_sample
2558,3915220,Love Too Easily 2: Summer Pocha,2025-12-02,2025-12,"["" Monster Guide Inc.""]","[""Smilegate""]",False,True,False,False,success,game,1999,1199,40,USD,True,19.99,11.99,2026-09-12T18:00:05.670722+00:00,2025-12-02,2025-12-02,False,,20250911,2025-12,proportional_stratified_random_sample
2559,3948650,Breathbound,2025-12-02,2025-12,"[""十年""]","[""十年""]",False,True,False,False,success,game,999,999,0,USD,True,9.99,9.99,2026-09-13T06:01:30.724319+00:00,2025-12-02,2025-12-02,False,,20250911,2025-12,proportional_stratified_random_sample
2560,3966170,Type Drivers,2025-12-02,2025-12,"[""Toonik Games""]","[""Toonik Games""]",False,True,False,False,success,game,599,599,0,USD,True,5.99,5.99,2026-09-13T06:09:09.511943+00:00,2025-12-02,2025-12-02,False,,20250911,2025-12,proportional_stratified_random_sample
2561,4093550,熵减协议-The Entropy Directive,2025-12-02,2025-12,"[""xk studio""]","[""xk studio""]",False,True,False,False,success,game,99,99,0,USD,True,0.99,0.99,2026-09-13T06:50:19.933608+00:00,2025-12-02,2025-12-02,False,,20250911,2025-12,proportional_stratified_random_sample
2562,4111490,Dual Magic Universe:YONG XINGYING,2025-12-02,2025-12,"[""ZHAO XINYI""]","[""ZHAO XINYI""]",False,True,False,False,success,game,499,499,0,USD,True,4.99,4.99,2026-09-13T06:55:40.386355+00:00,2025-12-02,2025-12-02,False,,20250911,2025-12,proportional_stratified_random_sample
2563,4133980,Bazterka - Urik Gabeko Herria,2025-12-02,2025-12,"[""Ekialdeko Estudioa""]","[""Ekialdeko Estudioa""]",False,True,False,False,success,game,1399,1399,0,USD,True,13.99,13.99,2026-09-13T07:05:49.183470+00:00,2025-12-02,2025-12-02,False,,20250911,2025-12,proportional_stratified_random_sample
2564,4150680,拾光绘喵 Paws & Pastels,2025-12-02,2025-12,"[""ZHU YING""]","[""ZHU YIN""]",False,True,False,False,success,game,399,399,0,USD,True,3.99,3.99,2026-09-13T07:10:06.797676+00:00,2025-12-02,2025-12-02,False,,20250911,2025-12,proportional_stratified_random_sample
2565,4164340,Sakushapara Baseball,2025-12-02,2025-12,"[""Sakushapara""]","[""Sakushapara""]",False,True,False,False,success,game,899,899,0,USD,True,8.99,8.99,2026-09-13T07:13:53.281173+00:00,2025-12-02,2025-12-02,False,,20250911,2025-12,proportional_stratified_random_sample
2566,4168750,One More 6ix,2025-12-02,2025-12,"[""Crazish Games""]","[""Crazish Games""]",False,True,True,False,success,game,199,199,0,USD,True,1.99,1.99,2026-09-13T07:14:57.379587+00:00,2025-12-02,2025-12-02,False,,20250911,2025-12,proportional_stratified_random_sample
2567,1891030,Dummy Dungeon,2025-12-03,2025-12,"[""Dummy Games""]","[""Dummy Games""]",False,True,False,False,success,game,699,699,0,USD,True,6.99,6.99,2026-09-12T13:15:11.037208+00:00,2025-12-03,2025-12-03,False,,20250911,2025-12,proportional_stratified_random_sample
2568,2376990,Meduziak,2025-12-03,2025-12,"[""Fieldfare Studios""]","[""Fieldfare Studios""]",False,True,False,False,success,game,999,999,0,USD,True,9.99,9.99,2026-09-12T13:40:15.114418+00:00,2025-12-03,2025-12-03,False,,20250911,2025-12,proportional_stratified_random_sample
2569,2692990,DON'T SCREAM TOGETHER,2025-12-03,2025-12,"[""Digital Cybercherries""]","[""Digital Cybercherries""]",False,True,False,False,success,game,799,799,0,USD,True,7.99,7.99,2026-09-12T13:54:39.203716+00:00,2025-12-03,2025-12-03,False,,20250911,2025-12,proportional_stratified_random_sample
2570,2834520,Typing Tales,2025-12-03,2025-12,"[""Ludi Elemental""]","[""Ludi Elemental""]",True,True,False,False,success,game,,,,,False,,,2026-09-12T14:02:42.198828+00:00,2025-12-03,2025-12-03,False,,20250911,2025-12,proportional_stratified_random_sample
2571,3024370,NebuLeet,2025-12-03,2025-12,"[""quasilyte""]","[""quasilyte tech""]",False,True,True,True,success,game,1599,159,90,USD,True,15.99,1.59,2026-09-12T14:17:11.774934+00:00,2025-12-03,2025-12-03,False,,20250911,2025-12,proportional_stratified_random_sample
2572,3098170,Titans of the Past,2025-12-03,2025-12,"[""Devil's Dozen Games""]","[""Devil's Dozen Games""]",False,True,False,False,success,game,2499,2499,0,USD,True,24.99,24.99,2026-09-12T14:24:32.800056+00:00,2025-12-03,2025-12-03,False,,20250911,2025-12,proportional_stratified_random_sample
2573,3275460,Five Mysterious Murders,2025-12-03,2025-12,"[""Silencer""]","[""Silencer""]",False,True,False,False,success,game,399,399,0,USD,True,3.99,3.99,2026-09-12T14:43:48.271880+00:00,2025-12-03,2025-12-03,False,,20250911,2025-12,proportional_stratified_random_sample
2574,3684910,Super Pinball Adventure,2025-12-03,2025-12,"[""tombasche""]","[""tombasche""]",False,True,True,False,success,game,499,499,0,USD,True,4.99,4.99,2026-09-12T16:05:05.608684+00:00,2025-12-03,2025-12-03,False,,20250911,2025-12,proportional_stratified_random_sample
2575,3736190,TUM TUM TUM: Dance Party,2025-12-03,2025-12,"[""DrSillystein""]","[""DrSillystein""]",True,True,False,False,success,game,,,,,False,,,2026-09-12T16:20:54.569738+00:00,2025-12-03,2025-12-03,False,,20250911,2025-12,proportional_stratified_random_sample
2576,3923980,Holo ADV: SakuraSingularity.exe,2025-12-03,2025-12,"[""Lexilia Games""]","[""holo Indie""]",False,True,False,False,success,game,1699,1699,0,USD,True,16.99,16.99,2026-09-13T05:50:55.943667+00:00,2025-12-03,2025-12-03,False,,20250911,2025-12,proportional_stratified_random_sample
2577,3937360,Ocean Keeper Co-op Drill Multiplayer,2025-12-03,2025-12,"[""RetroStyle Games""]","[""RetroStyle Games""]",False,True,False,False,success,game,599,599,0,USD,True,5.99,5.99,2026-09-13T05:56:39.622889+00:00,2025-12-03,2025-12-03,False,,20250911,2025-12,proportional_stratified_random_sample
2578,3965930,Puzzle Parasite,2025-12-03,2025-12,"[""Wrenfall""]","[""Wrenfall""]",False,True,False,False,success,game,1499,1499,0,USD,True,14.99,14.99,2026-09-13T06:08:56.919330+00:00,2025-12-03,2025-12-03,False,,20250911,2025-12,proportional_stratified_random_sample
2579,3971080,Monstra Cap,2025-12-03,2025-12,"[""Monadstar""]","[""Monadstar""]",False,True,False,False,success,game,1499,1499,0,USD,True,14.99,14.99,2026-09-13T06:10:21.486983+00:00,2025-12-03,2025-12-03,False,,20250911,2025-12,proportional_stratified_random_sample
2580,4020630,Blood and Dust,2025-12-03,2025-12,"[""PiggyNose Games""]","[""PiggyNose Games""]",False,True,False,False,success,game,999,999,0,USD,True,9.99,9.99,2026-09-13T06:28:22.381978+00:00,2025-12-03,2025-12-03,False,,20250911,2025-12,proportional_stratified_random_sample
2581,4053490,SQUARE PILL ESCAPE !!,2025-12-03,2025-12,"[""Renault Reym""]","[""Renault Reym""]",False,True,False,False,success,game,899,899,0,USD,True,8.99,8.99,2026-09-13T06:39:37.345471+00:00,2025-12-03,2025-12-03,False,,20250911,2025-12,proportional_stratified_random_sample
2582,4054110,DarkOrbit Reloaded,2025-12-03,2025-12,"[""Bigpoint GmbH""]","[""Bigpoint GmbH""]",True,True,False,False,success,game,,,,,False,,,2026-09-13T06:39:43.821387+00:00,2025-12-03,2025-12-03,False,,20250911,2025-12,proportional_stratified_random_sample
2583,4086070,Toledo Park Quest,2025-12-03,2025-12,"[""BESN X Community""]","[""BESN X Community""]",False,True,True,False,success,game,299,299,0,USD,True,2.99,2.99,2026-09-13T06:48:36.567737+00:00,2025-12-03,2025-12-03,False,,20250911,2025-12,proportional_stratified_random_sample
2584,4093400,Sisterly Bliss ~Don't Let Mom Find Out~,2025-12-03,2025-12,"[""eyephon""]","[""MangaGamer"",""Sunflower Ocean""]",False,True,True,True,success,game,2499,2499,0,USD,True,24.99,24.99,2026-09-13T06:50:15.731367+00:00,2025-12-03,2025-12-03,False,,20250911,2025-12,proportional_stratified_random_sample
2585,4116930,Pill Bird Remastered,2025-12-03,2025-12,"[""Rednave""]","[""Rednave""]",False,True,False,True,success,game,99,99,0,USD,True,0.99,0.99,2026-09-13T06:57:05.224605+00:00,2025-12-03,2025-12-03,False,,20250911,2025-12,proportional_stratified_random_sample
2586,4153670,Until Death,2025-12-03,2025-12,"[""OPBros""]","[""OPBros""]",False,True,False,False,success,game,99,99,0,USD,True,0.99,0.99,2026-09-13T07:10:57.657905+00:00,2025-12-03,2025-12-03,False,,20250911,2025-12,proportional_stratified_random_sample
2587,4171420,Circuit Overload,2025-12-03,2025-12,"[""Neon Forge""]","[""Neon Forge""]",False,True,False,False,success,game,299,299,0,USD,True,2.99,2.99,2026-09-13T07:15:42.002855+00:00,2025-12-03,2025-12-03,False,,20250911,2025-12,proportional_stratified_random_sample
2588,4172330,魔塔三国之曹操传奇,2025-12-03,2025-12,"[""赚大钱工作室""]","[""赚大钱工作室""]",False,True,False,False,success,game,99,99,0,USD,True,0.99,0.99,2026-09-13T07:15:46.179275+00:00,2025-12-03,2025-12-03,False,,20250911,2025-12,proportional_stratified_random_sample
2589,4191720,Molodoy Simulator,2025-12-03,2025-12,"[""Erich Meurer""]","[""OwlGames""]",False,True,False,False,success,game,99,99,0,USD,True,0.99,0.99,2026-09-13T07:19:54.283196+00:00,2025-12-03,2025-12-03,False,,20250911,2025-12,proportional_stratified_random_sample
2590,606160,ROUTINE,2025-12-04,2025-12,"[""Lunar Software""]","[""Raw Fury""]",False,True,False,False,success,game,2499,1749,30,USD,True,24.99,17.49,2026-09-12T12:52:03.884435+00:00,2025-12-04,2025-12-04,False,,20250911,2025-12,proportional_stratified_random_sample
2591,1283360,Geki Yaba Runner,2025-12-04,2025-12,"[""QubicGames""]","[""QubicGames""]",False,True,False,False,success,game,499,199,60,USD,True,4.99,1.99,2026-09-12T13:03:55.158337+00:00,2025-12-04,2025-12-04,False,,20250911,2025-12,proportional_stratified_random_sample
2592,1645630,FEROCIOUS,2025-12-04,2025-12,"[""OMYOG""]","[""tinyBuild""]",False,True,False,False,success,game,2499,2499,0,USD,True,24.99,24.99,2026-09-12T13:09:52.223874+00:00,2025-12-04,2025-12-04,False,,20250911,2025-12,proportional_stratified_random_sample
2593,2021390,Bat to Bed,2025-12-04,2025-12,"[""Brothers Make Games""]","[""Brothers Make Games""]",False,True,True,False,success,game,399,399,0,USD,True,3.99,3.99,2026-09-12T13:21:50.288318+00:00,2025-12-04,2025-12-04,False,,20250911,2025-12,proportional_stratified_random_sample
2594,2875000,Psycho-Kin,2025-12-04,2025-12,"[""FlyAway Studios""]","[""FlyAway Studios""]",False,True,False,False,success,game,799,799,0,USD,True,7.99,7.99,2026-09-12T14:05:20.666789+00:00,2025-12-04,2025-12-04,False,,20250911,2025-12,proportional_stratified_random_sample
2595,2892040,The Shadowed Rune,2025-12-04,2025-12,"[""Javifugitivo""]","[""Javifugitivo""]",False,True,False,False,success,game,995,995,0,USD,True,9.95,9.95,2026-09-12T14:06:31.032951+00:00,2025-12-04,2025-12-04,False,,20250911,2025-12,proportional_stratified_random_sample
2596,3110450,Randal's Tuesday,2025-12-04,2025-12,"[""Nuclear Tales"",""Nexus Game Studios""]","[""Nuclear Tales""]",False,True,True,True,success,game,1999,1999,0,USD,True,19.99,19.99,2026-09-12T14:26:21.163685+00:00,2025-12-04,2025-12-04,False,,20250911,2025-12,proportional_stratified_random_sample
2597,3192970,Star Freight,2025-12-04,2025-12,"[""Error 300""]","[""Error 300"",""Gamersky Games""]",False,True,True,True,success,game,399,279,30,USD,True,3.99,2.79,2026-09-12T14:34:44.984547+00:00,2025-12-04,2025-12-04,False,,20250911,2025-12,proportional_stratified_random_sample
2598,3270580,Contract of Swarm Hunter,2025-12-04,2025-12,"[""ZYI Game""]","[""ZYI Game""]",False,True,False,False,success,game,299,299,0,USD,True,2.99,2.99,2026-09-12T14:42:57.103210+00:00,2025-12-04,2025-12-04,False,,20250911,2025-12,proportional_stratified_random_sample
2599,3330510,Cosmo's Industry,2025-12-04,2025-12,"[""Desperate Gamedev""]","[""Desperate Gamedev""]",False,True,False,False,success,game,499,499,0,USD,True,4.99,4.99,2026-09-12T14:56:24.545837+00:00,2025-12-04,2025-12-04,False,,20250911,2025-12,proportional_stratified_random_sample
2600,3387320,Tale of android after the Apocalypse,2025-12-04,2025-12,"[""Team Moko App.""]","[""Team Moko App.""]",False,True,False,False,success,game,499,499,0,USD,True,4.99,4.99,2026-09-12T15:04:49.214403+00:00,2025-12-04,2025-12-04,False,,20250911,2025-12,proportional_stratified_random_sample
2601,3468400,Log Away,2025-12-04,2025-12,"[""The-Mark Entertainment""]","[""Wired Productions"",""The-Mark Entertainment""]",False,True,False,False,success,game,999,999,0,USD,True,9.99,9.99,2026-09-12T15:18:27.130133+00:00,2025-12-04,2025-12-04,False,,20250911,2025-12,proportional_stratified_random_sample
2602,3626860,PROTECT GLOOBI,2025-12-04,2025-12,"[""Daniel the solo dev""]","[""Daniel the solo dev""]",False,True,False,False,success,game,899,899,0,USD,True,8.99,8.99,2026-09-12T15:48:49.877227+00:00,2025-12-04,2025-12-04,False,,20250911,2025-12,proportional_stratified_random_sample
2603,3757210,Agreeee,2025-12-04,2025-12,"[""べすとまん""]","[""べすとまん""]",False,True,False,False,success,game,499,499,0,USD,True,4.99,4.99,2026-09-12T16:27:10.799283+00:00,2025-12-04,2025-12-04,False,,20250911,2025-12,proportional_stratified_random_sample
2604,3838470,The Black Knight Chronicles - The Quest Beyond Destiny,2025-12-04,2025-12,"[""ERMedia""]","[""Plug In Digital""]",False,True,False,False,success,game,1499,1499,0,USD,True,14.99,14.99,2026-09-12T17:07:11.117655+00:00,2025-12-04,2025-12-04,False,,20250911,2025-12,proportional_stratified_random_sample
2605,3884520,Blood: Refreshed Supply™,2025-12-04,2025-12,"[""Nightdive Studios"",""Monolith Productions""]","[""Warner Bros. Games"",""Nightdive Studios"",""Atari""]",False,True,False,False,success,game,2999,2999,0,USD,True,29.99,29.99,2026-09-12T17:45:33.253506+00:00,2025-12-04,2025-12-04,False,,20250911,2025-12,proportional_stratified_random_sample
2606,4105170,Disturbulence,2025-12-04,2025-12,"[""Little Ghost Games""]","[""Little Ghost Games""]",False,True,False,False,success,game,399,399,0,USD,True,3.99,3.99,2026-09-13T06:53:27.180341+00:00,2025-12-04,2025-12-04,False,,20250911,2025-12,proportional_stratified_random_sample
2607,4111100,Northbound,2025-12-04,2025-12,"[""Crow's Perch""]","[""Crow's Perch""]",False,True,False,False,success,game,999,999,0,USD,True,9.99,9.99,2026-09-13T06:55:20.918651+00:00,2025-12-04,2025-12-04,False,,20250911,2025-12,proportional_stratified_random_sample
2608,4142630,Bane of Darkness,2025-12-04,2025-12,"[""SketchyCat Games""]","[""SketchyCat Games""]",True,True,False,False,success,game,,,,,False,,,2026-09-13T07:08:07.493155+00:00,2025-12-04,2025-12-04,False,,20250911,2025-12,proportional_stratified_random_sample
2609,4158540,Crossroads Farming Co.,2025-12-04,2025-12,"[""DevSpace""]","[""DevSpace""]",False,True,False,False,success,game,599,599,0,USD,True,5.99,5.99,2026-09-13T07:12:01.743846+00:00,2025-12-04,2025-12-04,False,,20250911,2025-12,proportional_stratified_random_sample
2610,4161290,Home Cooked Spaghetti Western,2025-12-04,2025-12,"[""Ghost Hat""]","[""Ghost Hat""]",False,True,False,False,success,game,499,499,0,USD,True,4.99,4.99,2026-09-13T07:12:45.143011+00:00,2025-12-04,2025-12-04,False,,20250911,2025-12,proportional_stratified_random_sample
2611,4161930,A taste of home,2025-12-04,2025-12,"[""KuroGameMaker""]","[""KuroGameMaker""]",False,True,False,False,success,game,299,299,0,USD,True,2.99,2.99,2026-09-13T07:13:04.465414+00:00,2025-12-04,2025-12-04,False,,20250911,2025-12,proportional_stratified_random_sample
2612,4192900,Terria Tactics,2025-12-04,2025-12,"[""TactiGame Limited""]","[""TactiGame Limited""]",False,True,True,False,success,game,699,489,30,USD,True,6.99,4.89,2026-09-13T07:20:11.306777+00:00,2025-12-04,2025-12-04,False,,20250911,2025-12,proportional_stratified_random_sample
2613,541300,Survive the Nights,2025-12-05,2025-12,"[""a2z Interactive""]","[""a2z Interactive""]",False,True,False,False,success,game,1999,1999,0,USD,True,19.99,19.99,2026-09-12T12:51:57.578262+00:00,2025-12-05,2025-12-05,False,,20250911,2025-12,proportional_stratified_random_sample
2614,1058230,Cozy Jigsaw Puzzles,2025-12-05,2025-12,"[""Dried Lemons""]","[""Dried Lemons""]",False,True,False,False,success,game,499,499,0,USD,True,4.99,4.99,2026-09-12T12:54:01.634282+00:00,2025-12-05,2025-12-05,False,,20250911,2025-12,proportional_stratified_random_sample
2615,1421250,Tiny Bunny,2025-12-05,2025-12,"[""Saikono"",""Sokar""]","[""Saikono""]",False,True,True,False,success,game,1099,1099,0,USD,True,10.99,10.99,2026-09-12T13:05:52.733139+00:00,2025-12-05,2025-12-05,False,,20250911,2025-12,proportional_stratified_random_sample
2616,1558800,Forgot,2025-12-05,2025-12,"[""Maxwell Whitebaker""]","[""Maxwell Whitebaker""]",False,True,False,False,success,game,399,399,0,USD,True,3.99,3.99,2026-09-12T13:08:05.996522+00:00,2025-12-05,2025-12-05,False,,20250911,2025-12,proportional_stratified_random_sample
2617,1727750,Old Salt,2025-12-05,2025-12,"[""Kneeshaw Developments"",""Never Board Games""]","[""Kneeshaw Developments""]",False,True,False,True,success,game,1499,1499,0,USD,True,14.99,14.99,2026-09-12T13:11:21.820614+00:00,2025-12-05,2025-12-05,False,,20250911,2025-12,proportional_stratified_random_sample
2618,2750780,月华辉映之刻,2025-12-05,2025-12,"[""侠客狗工作室""]","[""侠客狗工作室""]",False,True,False,False,success,game,1199,1199,0,USD,True,11.99,11.99,2026-09-12T13:57:47.632889+00:00,2025-12-05,2025-12-05,False,,20250911,2025-12,proportional_stratified_random_sample
2619,2891580,Puzzled Hive,2025-12-05,2025-12,"[""Player Links Players（PLP漂流瓶）""]","[""Player Links Players（PLP漂流瓶）""]",False,True,False,False,success,game,599,599,0,USD,True,5.99,5.99,2026-09-12T14:06:28.806810+00:00,2025-12-05,2025-12-05,False,,20250911,2025-12,proportional_stratified_random_sample
2620,2924080,The Mnemograph,2025-12-05,2025-12,"[""Thousands of Daggers""]","[""Thousands of Daggers""]",False,True,False,False,success,game,499,499,0,USD,True,4.99,4.99,2026-09-12T14:09:19.136325+00:00,2025-12-05,2025-12-05,False,,20250911,2025-12,proportional_stratified_random_sample
2621,3019870,San Geng,2025-12-05,2025-12,"[""SHRIMPOOKY""]","[""Art Tour""]",False,True,False,False,success,game,99,99,0,USD,True,0.99,0.99,2026-09-12T14:16:41.831355+00:00,2025-12-05,2025-12-05,False,,20250911,2025-12,proportional_stratified_random_sample
2622,3279410,The Case of the Worst Day Ever,2025-12-05,2025-12,"[""Hero Game Co LLC""]","[""Hero Game Co LLC""]",False,True,True,True,success,game,1299,1299,0,USD,True,12.99,12.99,2026-09-13T05:49:22.596549+00:00,2025-12-05,2025-12-05,False,,20250911,2025-12,proportional_stratified_random_sample
2623,3308330,Hardcore Circus,2025-12-05,2025-12,"[""PocketsOfEnergy""]","[""PocketsOfEnergy""]",False,True,False,False,success,game,449,449,0,USD,True,4.49,4.49,2026-09-12T14:54:09.135251+00:00,2025-12-05,2025-12-05,False,,20250911,2025-12,proportional_stratified_random_sample
2624,3440430,ZeroFactory,2025-12-05,2025-12,"[""Mystery Soul's""]","[""Mystery Soul's""]",False,True,False,False,success,game,1499,1499,0,USD,True,14.99,14.99,2026-09-12T15:13:20.196530+00:00,2025-12-05,2025-12-05,False,,20250911,2025-12,proportional_stratified_random_sample
2625,3618060,Astro Busters,2025-12-05,2025-12,"[""Michael Prymus"",""Piotr Przybył""]","[""Astrobuster Studios""]",False,True,False,False,success,game,999,999,0,USD,True,9.99,9.99,2026-09-12T15:46:10.000596+00:00,2025-12-05,2025-12-05,False,,20250911,2025-12,proportional_stratified_random_sample
2626,3648430,Think and Choice,2025-12-05,2025-12,"[""OldWilder7""]","[""OldWilder7""]",False,True,False,False,success,game,699,699,0,USD,True,6.99,6.99,2026-09-12T15:54:23.865205+00:00,2025-12-05,2025-12-05,False,,20250911,2025-12,proportional_stratified_random_sample
2627,3669740,The You Quiz,2025-12-05,2025-12,"[""Hazard Wizard""]","[""Hazard Wizard""]",False,True,False,False,success,game,999,999,0,USD,True,9.99,9.99,2026-09-12T15:59:36.369448+00:00,2025-12-05,2025-12-05,False,,20250911,2025-12,proportional_stratified_random_sample
2628,3721940,Undercity of Sin,2025-12-05,2025-12,"[""Manten Kobo""]","[""Kagura Games""]",False,True,False,False,success,game,1299,1299,0,USD,True,12.99,12.99,2026-09-12T16:17:23.441857+00:00,2025-12-05,2025-12-05,False,,20250911,2025-12,proportional_stratified_random_sample
2629,3917620,MAID MOVING BOXES,2025-12-05,2025-12,"[""Partaevil""]","[""Partaevil"",""halfwaypixel""]",True,True,False,True,success,game,,,,,False,,,2026-09-12T18:01:09.603438+00:00,2025-12-05,2025-12-05,False,,20250911,2025-12,proportional_stratified_random_sample
2630,3986020,Jupiter's Orbit,2025-12-05,2025-12,"[""Alien Fork""]","[""Alien Fork""]",False,True,True,False,success,game,499,499,0,USD,True,4.99,4.99,2026-09-13T06:16:12.440520+00:00,2025-12-05,2025-12-05,False,,20250911,2025-12,proportional_stratified_random_sample
2631,4010520,Parasitism,2025-12-05,2025-12,"[""Parasitism""]","[""SpartaCodingClub""]",True,True,False,False,success,game,,,,,False,,,2026-09-13T06:25:25.444472+00:00,2025-12-05,2025-12-05,False,,20250911,2025-12,proportional_stratified_random_sample
2632,4016750,Pachingo,2025-12-05,2025-12,"[""Wood&Woods""]","[""Game Poetics""]",False,True,False,False,success,game,299,299,0,USD,True,2.99,2.99,2026-09-13T06:27:07.373635+00:00,2025-12-05,2025-12-05,False,,20250911,2025-12,proportional_stratified_random_sample
2633,4056910,Parnitha: Patient 66,2025-12-05,2025-12,"[""Nick Jordan Games""]","[""Nick Jordan Games""]",False,True,False,False,success,game,599,599,0,USD,True,5.99,5.99,2026-09-13T06:41:15.021165+00:00,2025-12-05,2025-12-05,False,,20250911,2025-12,proportional_stratified_random_sample
2634,4086240,WRITHING,2025-12-05,2025-12,"[""Digital Dialysis Softworks""]","[""Digital Dialysis Softworks""]",False,True,False,True,success,game,1299,1299,0,USD,True,12.99,12.99,2026-09-13T06:48:41.023733+00:00,2025-12-05,2025-12-05,False,,20250911,2025-12,proportional_stratified_random_sample
2635,4108710,Knight and Code,2025-12-05,2025-12,"[""MW""]","[""MW""]",False,True,False,False,success,game,299,299,0,USD,True,2.99,2.99,2026-09-13T06:54:26.677363+00:00,2025-12-05,2025-12-05,False,,20250911,2025-12,proportional_stratified_random_sample
2636,4155500,Elezion,2025-12-05,2025-12,"[""HO Lab+Studio""]","[""HFOTA""]",False,True,True,True,success,game,399,99,75,USD,True,3.99,0.99,2026-09-13T07:11:27.886074+00:00,2025-12-05,2025-12-05,False,,20250911,2025-12,proportional_stratified_random_sample
2637,4157640,BUDUKUTUA,2025-12-05,2025-12,"[""Gabriel David Carnez""]","[""GabyMakeGames""]",False,True,False,False,success,game,499,499,0,USD,True,4.99,4.99,2026-09-13T07:11:51.139905+00:00,2025-12-05,2025-12-05,False,,20250911,2025-12,proportional_stratified_random_sample
2638,4167940,Stealth Employee,2025-12-05,2025-12,"[""Mr. Lemon Games""]","[""Mr. Lemon Games""]",False,True,False,False,success,game,399,399,0,USD,True,3.99,3.99,2026-09-13T07:14:48.958285+00:00,2025-12-05,2025-12-05,False,,20250911,2025-12,proportional_stratified_random_sample
2639,4174060,Hardcore and Death,2025-12-05,2025-12,"[""ZERO5GAMES""]","[""ZERO5GAMES""]",False,True,False,False,success,game,199,199,0,USD,True,1.99,1.99,2026-09-13T07:16:11.322283+00:00,2025-12-05,2025-12-05,False,,20250911,2025-12,proportional_stratified_random_sample
2640,4182560,Marble Odyssey: Sandbox,2025-12-05,2025-12,"[""Mustafa Özgen""]","[""RigidPoly Fab""]",False,True,False,False,success,game,1099,1099,0,USD,True,10.99,10.99,2026-09-13T07:17:52.856185+00:00,2025-12-05,2025-12-05,False,,20250911,2025-12,proportional_stratified_random_sample
2641,2644020,The End Grows,2025-12-06,2025-12,"[""Atopia.studio""]","[""Atopia.studio""]",False,True,False,False,success,game,999,999,0,USD,True,9.99,9.99,2026-09-12T13:52:09.399416+00:00,2025-12-06,2025-12-06,False,,20250911,2025-12,proportional_stratified_random_sample
2642,3612720,The Seven Enchantments,2025-12-06,2025-12,"[""Revolt Entertainment""]","[""Revolt Entertainment""]",False,True,False,False,success,game,999,999,0,USD,True,9.99,9.99,2026-09-12T15:45:00.057743+00:00,2025-12-06,2025-12-06,False,,20250911,2025-12,proportional_stratified_random_sample
2643,3908010,PolyLumina,2025-12-06,2025-12,"[""RheaProductions""]","[""RheaProductions""]",True,True,False,False,success,game,,,,,False,,,2026-09-12T17:56:55.315882+00:00,2025-12-06,2025-12-06,False,,20250911,2025-12,proportional_stratified_random_sample
2644,4197130,the Changjiang Gorges,2025-12-06,2025-12,"[""hgmGame""]","[""hgmGame""]",False,True,False,False,success,game,199,199,0,USD,True,1.99,1.99,2026-09-13T07:21:00.254615+00:00,2025-12-06,2025-12-06,False,,20250911,2025-12,proportional_stratified_random_sample
2645,4199340,Neon Fantasy: Fairies,2025-12-06,2025-12,"[""Quantum Quiver Games""]","[""Quantum Quiver Games""]",False,True,False,False,success,game,199,199,0,USD,True,1.99,1.99,2026-09-13T07:21:19.655930+00:00,2025-12-06,2025-12-06,False,,20250911,2025-12,proportional_stratified_random_sample
2646,3837210,The PipeTuber's Guide to the Solar System,2025-12-07,2025-12,"[""阿森定食寿司屋 Team SoulShi""]","[""阿森定食寿司屋 Team SoulShi""]",False,True,False,False,success,game,999,999,0,USD,True,9.99,9.99,2026-09-12T17:06:20.453533+00:00,2025-12-07,2025-12-07,False,,20250911,2025-12,proportional_stratified_random_sample
2647,3990520,LEARNMOOR: Kids Academy,2025-12-07,2025-12,"[""NorShark""]","[""NorShark""]",False,True,False,False,success,game,299,299,0,USD,True,2.99,2.99,2026-09-13T06:17:44.286590+00:00,2025-12-07,2025-12-07,False,,20250911,2025-12,proportional_stratified_random_sample
2648,4079330,Chamberlore,2025-12-07,2025-12,"[""Deep Range Studio""]","[""Deep Range Studio""]",False,True,False,False,success,game,599,599,0,USD,True,5.99,5.99,2026-09-13T06:47:13.468547+00:00,2025-12-07,2025-12-07,False,,20250911,2025-12,proportional_stratified_random_sample
2649,4127870,Gamers Club Repeat,2025-12-07,2025-12,"[""S Xavier Uy""]","[""S Xavier Uy""]",False,True,False,False,success,game,699,699,0,USD,True,6.99,6.99,2026-09-13T07:00:30.177812+00:00,2025-12-07,2025-12-07,False,,20250911,2025-12,proportional_stratified_random_sample
2650,4213000,Argonauts Agency:  Patterns of Morpheus,2025-12-07,2025-12,"[""8floor ltd""]","[""8floor ltd""]",False,True,False,False,success,game,1499,1499,0,USD,True,14.99,14.99,2026-09-13T07:23:51.295080+00:00,2025-12-07,2025-12-07,False,,20250911,2025-12,proportional_stratified_random_sample
2651,2881170,My fair damnation,2025-12-08,2025-12,"[""Jorge Velasco""]","[""Jorge Velasco""]",False,True,False,False,success,game,399,399,0,USD,True,3.99,3.99,2026-09-12T14:05:56.831726+00:00,2025-12-08,2025-12-08,False,,20250911,2025-12,proportional_stratified_random_sample
2652,3034530,Zilar: Empire Of The Underground,2025-12-08,2025-12,"[""Sthard Game""]","[""Sthard Game""]",False,True,False,False,success,game,499,149,70,USD,True,4.99,1.49,2026-09-12T14:18:28.853483+00:00,2025-12-08,2025-12-08,False,,20250911,2025-12,proportional_stratified_random_sample
2653,3563380,Mari's Magical Deliveries,2025-12-08,2025-12,"[""Crystal Game Works""]","[""Crystal Game Works""]",False,True,False,False,success,game,499,499,0,USD,True,4.99,4.99,2026-09-12T15:34:17.100118+00:00,2025-12-08,2025-12-08,False,,20250911,2025-12,proportional_stratified_random_sample
2654,3604260,Liminal City,2025-12-08,2025-12,"[""LIGHTWORKER GAMES""]","[""LIGHTWORKER GAMES""]",False,True,False,False,success,game,1199,1199,0,USD,True,11.99,11.99,2026-09-12T15:43:12.311065+00:00,2025-12-08,2025-12-08,False,,20250911,2025-12,proportional_stratified_random_sample
2655,3738050,The Ice Cream Culprit,2025-12-08,2025-12,"[""Konayachi""]","[""Konayachi""]",True,True,True,True,success,game,,,,,False,,,2026-09-12T16:21:17.826980+00:00,2025-12-08,2025-12-08,False,,20250911,2025-12,proportional_stratified_random_sample
2656,3931220,Time and Space Legacy,2025-12-08,2025-12,"[""Maxime Schadkowski""]","[""Maxime Schadkowski""]",False,True,False,False,success,game,999,999,0,USD,True,9.99,9.99,2026-09-13T05:54:34.535676+00:00,2025-12-08,2025-12-08,False,,20250911,2025-12,proportional_stratified_random_sample
2657,3949860,Typing Challenge,2025-12-08,2025-12,"[""3bro Games""]","[""3bro Games""]",False,True,False,False,success,game,99,99,0,USD,True,0.99,0.99,2026-09-13T06:02:04.969973+00:00,2025-12-08,2025-12-08,False,,20250911,2025-12,proportional_stratified_random_sample
2658,3985730,Đồng Cỏ Lau - The Reed Field,2025-12-08,2025-12,"[""Nguyen Quoc Khang""]","[""Quasar Art Studio""]",False,True,False,False,success,game,799,799,0,USD,True,7.99,7.99,2026-09-13T06:16:03.867700+00:00,2025-12-08,2025-12-08,False,,20250911,2025-12,proportional_stratified_random_sample
2659,4003220,I woke up in the house of a fat man: he's over 30 years old and loves beer and games,2025-12-08,2025-12,"[""1ne2wozzz""]","[""Admia""]",False,True,False,False,success,game,299,149,50,USD,True,2.99,1.49,2026-09-13T06:22:49.848650+00:00,2025-12-08,2025-12-08,False,,20250911,2025-12,proportional_stratified_random_sample
2660,4133370,Pixel Mart,2025-12-08,2025-12,"[""Telric""]","[""Telric""]",False,True,False,False,success,game,499,499,0,USD,True,4.99,4.99,2026-09-13T07:05:38.828100+00:00,2025-12-08,2025-12-08,False,,20250911,2025-12,proportional_stratified_random_sample
2661,4158400,Clockwork Cleanup,2025-12-08,2025-12,"[""David Stears"",""DJ Pizza Robot"",""Christopher Hansen""]","[""David Stears""]",True,True,False,False,success,game,,,,,False,,,2026-09-13T07:11:57.642327+00:00,2025-12-08,2025-12-08,False,,20250911,2025-12,proportional_stratified_random_sample
2662,4163440,Cognitive Displacement,2025-12-08,2025-12,"[""H-86""]","[""H-86""]",False,True,False,False,success,game,199,199,0,USD,True,1.99,1.99,2026-09-13T07:13:44.756622+00:00,2025-12-08,2025-12-08,False,,20250911,2025-12,proportional_stratified_random_sample
2663,4170820,Poly Canker,2025-12-08,2025-12,"[""Haunting Rift Games""]","[""Haunting Rift Games""]",False,True,False,False,success,game,399,399,0,USD,True,3.99,3.99,2026-09-13T07:15:35.693633+00:00,2025-12-08,2025-12-08,False,,20250911,2025-12,proportional_stratified_random_sample
2664,4180250,Chronomaze: Gravity Maze,2025-12-08,2025-12,"[""Gift Bytes Productions""]","[""Gift Bytes Productions""]",True,True,True,True,success,game,,,,,False,,,2026-09-13T07:17:19.115937+00:00,2025-12-08,2025-12-08,False,,20250911,2025-12,proportional_stratified_random_sample
2665,4186500,Devil in my head,2025-12-08,2025-12,"[""FK""]","[""FK""]",False,True,False,False,success,game,399,399,0,USD,True,3.99,3.99,2026-09-13T07:18:42.930533+00:00,2025-12-08,2025-12-08,False,,20250911,2025-12,proportional_stratified_random_sample
2666,4193830,Robot Space Frenzy,2025-12-08,2025-12,"[""Retro Trash Games""]","[""Standard Definition Games""]",False,True,False,False,success,game,499,499,0,USD,True,4.99,4.99,2026-09-13T07:20:24.111408+00:00,2025-12-08,2025-12-08,False,,20250911,2025-12,proportional_stratified_random_sample
2667,497880,Doodle WHAT?!,2025-12-09,2025-12,"[""Binx.tv""]","[""Binx.tv""]",False,True,False,False,success,game,999,999,0,USD,True,9.99,9.99,2026-09-12T12:51:46.984899+00:00,2025-12-09,2025-12-09,False,,20250911,2025-12,proportional_stratified_random_sample
2668,1929290,Bits & Bops,2025-12-09,2025-12,"[""Tempo Lab Games""]","[""Tempo Lab Games""]",False,True,True,True,success,game,1599,1279,20,USD,True,15.99,12.79,2026-09-12T13:15:59.483699+00:00,2025-12-09,2025-12-09,False,,20250911,2025-12,proportional_stratified_random_sample
2669,2825880,Death Howl,2025-12-09,2025-12,"[""The Outer Zone""]","[""11 bit studios""]",False,True,False,False,success,game,1999,1999,0,USD,True,19.99,19.99,2026-09-12T14:02:06.465513+00:00,2025-12-09,2025-12-09,False,,20250911,2025-12,proportional_stratified_random_sample
2670,2904360,Dissimilar,2025-12-09,2025-12,"[""Opal Grave Games""]","[""Opal Grave Games""]",False,True,False,False,success,game,1899,1899,0,USD,True,18.99,18.99,2026-09-12T14:07:28.724117+00:00,2025-12-09,2025-12-09,False,,20250911,2025-12,proportional_stratified_random_sample
2671,3273650,Motorbike Evolution 2025,2025-12-09,2025-12,"[""Petr Šimůnek""]","[""Petr Šimůnek""]",True,True,False,False,success,game,,,,,False,,,2026-09-12T14:43:20.646980+00:00,2025-12-09,2025-12-09,False,,20250911,2025-12,proportional_stratified_random_sample
2672,3273660,Formula Evolution 2025,2025-12-09,2025-12,"[""Petr Šimůnek""]","[""Petr Šimůnek""]",True,True,False,False,success,game,,,,,False,,,2026-09-12T14:43:22.799377+00:00,2025-12-09,2025-12-09,False,,20250911,2025-12,proportional_stratified_random_sample
2673,3404590,Woodworm,2025-12-09,2025-12,"[""Samuel Pratt""]","[""Samuel Pratt""]",False,True,True,True,success,game,999,999,0,USD,True,9.99,9.99,2026-09-12T15:07:27.786712+00:00,2025-12-09,2025-12-09,False,,20250911,2025-12,proportional_stratified_random_sample
2674,3703790,Skyfire Legends,2025-12-09,2025-12,"[""Benjo Games""]","[""Benjo Games""]",False,True,False,False,success,game,499,499,0,USD,True,4.99,4.99,2026-09-12T16:10:13.368635+00:00,2025-12-09,2025-12-09,False,,20250911,2025-12,proportional_stratified_random_sample
2675,3814190,Last Stop Horror Hospital,2025-12-09,2025-12,"[""ZeroE Productions""]","[""ZeroE Productions""]",True,True,False,False,success,game,,,,,False,,,2026-09-12T16:48:16.855776+00:00,2025-12-09,2025-12-09,False,,20250911,2025-12,proportional_stratified_random_sample
2676,3825510,GAYA - The Mystery,2025-12-09,2025-12,"[""Dunamis""]","[""Dunamis""]",False,True,False,False,success,game,800,800,0,USD,True,8.0,8.0,2026-09-12T16:54:26.802281+00:00,2025-12-09,2025-12-09,False,,20250911,2025-12,proportional_stratified_random_sample
2677,3858940,Meeting Places,2025-12-09,2025-12,"[""Cogitas Ltd""]","[""Cogitas Ltd""]",False,True,False,True,success,game,399,399,0,USD,True,3.99,3.99,2026-09-12T17:31:26.139061+00:00,2025-12-09,2025-12-09,False,,20250911,2025-12,proportional_stratified_random_sample
2678,3897980,Money at Play,2025-12-09,2025-12,"[""PanicForge Studios""]","[""PanicForge Studios""]",False,True,False,False,success,game,799,799,0,USD,True,7.99,7.99,2026-09-12T17:52:40.074339+00:00,2025-12-09,2025-12-09,False,,20250911,2025-12,proportional_stratified_random_sample
2679,3929410,Scholar Adventure: Mystery of Silence,2025-12-09,2025-12,"[""Making Enemies"",""Ayose Trujillo""]","[""DevilishGames""]",False,True,True,False,success,game,799,799,0,USD,True,7.99,7.99,2026-09-13T05:53:50.248036+00:00,2025-12-09,2025-12-09,False,,20250911,2025-12,proportional_stratified_random_sample
2680,3971370,Blackthorne's Manor,2025-12-09,2025-12,"[""Error 404 Studios""]","[""Error 404 Studios""]",True,True,False,False,success,game,,,,,False,,,2026-09-13T06:10:27.601876+00:00,2025-12-09,2025-12-09,False,,20250911,2025-12,proportional_stratified_random_sample
2681,3987620,Love Limit,2025-12-09,2025-12,"[""Winking Corvid""]","[""Winking Corvid""]",True,True,True,True,success,game,,,,,False,,,2026-09-13T06:16:39.981581+00:00,2025-12-09,2025-12-09,False,,20250911,2025-12,proportional_stratified_random_sample
2682,4053140,Catgirl Gemfall,2025-12-09,2025-12,"[""TMAC Game Studios""]","[""TMAC Game Studios""]",False,True,False,False,success,game,499,499,0,USD,True,4.99,4.99,2026-09-13T06:39:26.873921+00:00,2025-12-09,2025-12-09,False,,20250911,2025-12,proportional_stratified_random_sample
2683,4104220,Anders III: Coast Of Pain,2025-12-09,2025-12,"[""Andrew Simon""]","["" Andrew SImon""]",False,True,False,False,success,game,299,299,0,USD,True,2.99,2.99,2026-09-13T06:53:05.972360+00:00,2025-12-09,2025-12-09,False,,20250911,2025-12,proportional_stratified_random_sample
2684,4137880,Express No. 6,2025-12-09,2025-12,"[""ASK GAMES""]","[""ASK GAMES""]",False,True,False,False,success,game,499,299,40,USD,True,4.99,2.99,2026-09-13T07:06:55.863329+00:00,2025-12-09,2025-12-09,False,,20250911,2025-12,proportional_stratified_random_sample
2685,4164950,Legitimate Space Corp Simulator LLC - Prologue,2025-12-09,2025-12,"[""VHornet Games""]","[""PlayWay S.A.""]",True,True,False,False,success,game,,,,,False,,,2026-09-13T07:14:12.655922+00:00,2025-12-09,2025-12-09,False,,20250911,2025-12,proportional_stratified_random_sample
2686,4169210,101 Dogs Hidden in Brazil,2025-12-09,2025-12,"[""NaipSoft""]","[""NaipSoft""]",False,True,False,False,success,game,99,99,0,USD,True,0.99,0.99,2026-09-13T07:15:08.006193+00:00,2025-12-09,2025-12-09,False,,20250911,2025-12,proportional_stratified_random_sample
2687,4192310,Reindeer Wrangler,2025-12-09,2025-12,"[""Caleb Van Rijn""]","[""Caleb Van Rijn""]",False,True,False,False,success,game,699,699,0,USD,True,6.99,6.99,2026-09-13T07:20:04.899356+00:00,2025-12-09,2025-12-09,False,,20250911,2025-12,proportional_stratified_random_sample
2688,4198310,A Haunting Novel: Surfaced Secrets Collector's Edition,2025-12-09,2025-12,"[""Elephant AR""]","[""BFG Entertainment""]",False,True,True,False,success,game,1999,1999,0,USD,True,19.99,19.99,2026-09-13T07:21:08.995245+00:00,2025-12-09,2025-12-09,False,,20250911,2025-12,proportional_stratified_random_sample
2689,4204320,Wugong Mountain in Jiangxi,2025-12-09,2025-12,"[""hgmGame""]","[""hgmGame""]",False,True,False,False,success,game,199,199,0,USD,True,1.99,1.99,2026-09-13T07:22:23.917644+00:00,2025-12-09,2025-12-09,False,,20250911,2025-12,proportional_stratified_random_sample
2690,1264970,The Conquest of Go,2025-12-10,2025-12,"[""Wolfey Studios""]","[""Wolfey Studios""]",False,True,True,False,success,game,1499,1049,30,USD,True,14.99,10.49,2026-09-12T13:03:31.693539+00:00,2025-12-10,2025-12-10,False,,20250911,2025-12,proportional_stratified_random_sample
2691,1556010,DriveCrazy,2025-12-10,2025-12,"[""TubezGames""]","[""AMATA Games"",""TubezGames""]",False,True,False,False,success,game,1099,1099,0,USD,True,10.99,10.99,2026-09-12T13:08:01.787315+00:00,2025-12-10,2025-12-10,False,,20250911,2025-12,proportional_stratified_random_sample
2692,1670690,Eternity Egg,2025-12-10,2025-12,"[""USERLANDS""]","[""USERLANDS""]",False,True,False,False,success,game,1999,1999,0,USD,True,19.99,19.99,2026-09-12T13:10:15.732543+00:00,2025-12-10,2025-12-10,False,,20250911,2025-12,proportional_stratified_random_sample
2693,1867750,Balloon Ride,2025-12-10,2025-12,"[""Karthick K""]","[""Karthick K""]",False,True,False,False,success,game,199,199,0,USD,True,1.99,1.99,2026-09-12T13:14:37.103224+00:00,2025-12-10,2025-12-10,False,,20250911,2025-12,proportional_stratified_random_sample
2694,2930290,Love at The Milky Way Diner,2025-12-10,2025-12,"[""Lucky Kim"",""Emanuelle Heikens""]","[""Clumsy Cat Studio""]",False,True,True,True,success,game,1399,1399,0,USD,True,13.99,13.99,2026-09-12T14:10:15.615775+00:00,2025-12-10,2025-12-10,False,,20250911,2025-12,proportional_stratified_random_sample
2695,3015920,Tides of The Endless,2025-12-10,2025-12,"[""Shimmer High Sea""]","[""Shimmer High Sea""]",False,True,True,False,success,game,799,799,0,USD,True,7.99,7.99,2026-09-12T14:16:22.779396+00:00,2025-12-10,2025-12-10,False,,20250911,2025-12,proportional_stratified_random_sample
2696,3107140,Lost quest,2025-12-10,2025-12,"[""DLC Games""]","[""DLC Games""]",True,True,False,False,success,game,,,,,False,,,2026-09-12T14:25:53.422914+00:00,2025-12-10,2025-12-10,False,,20250911,2025-12,proportional_stratified_random_sample
2697,3609080,StarSavior,2025-12-10,2025-12,"[""Studiobside""]","[""Studiobside""]",True,True,False,False,success,game,,,,,False,,,2026-09-12T15:44:19.653965+00:00,2025-12-10,2025-12-10,False,,20250911,2025-12,proportional_stratified_random_sample
2698,3645520,Faith Requiem,2025-12-10,2025-12,"[""Location Unknown""]","[""Location Unknown""]",False,True,False,False,success,game,299,299,0,USD,True,2.99,2.99,2026-09-12T15:53:27.853519+00:00,2025-12-10,2025-12-10,False,,20250911,2025-12,proportional_stratified_random_sample
2699,3690390,📷🔍 Pictective,2025-12-10,2025-12,"[""Noobzilla""]","[""55.42."",""Noobzilla""]",False,True,False,True,success,game,199,199,0,USD,True,1.99,1.99,2026-09-12T16:06:56.107073+00:00,2025-12-10,2025-12-10,False,,20250911,2025-12,proportional_stratified_random_sample
2700,3749110,Drywall Eating Simulator,2025-12-10,2025-12,"[""Peripheral Playbox""]","[""Peripheral Playbox""]",False,True,False,False,success,game,999,999,0,USD,True,9.99,9.99,2026-09-12T16:24:20.703792+00:00,2025-12-10,2025-12-10,False,,20250911,2025-12,proportional_stratified_random_sample
2701,3843520,The Temple of Elemental Evil,2025-12-10,2025-12,"[""Troika Games""]","[""SNEG""]",False,True,False,False,success,game,999,669,33,USD,True,9.99,6.69,2026-09-12T17:10:08.224002+00:00,2025-12-10,2025-12-10,False,,20250911,2025-12,proportional_stratified_random_sample
2702,3884400,DinoGORE,2025-12-10,2025-12,"[""David Mills""]","[""David Mills""]",False,True,False,False,success,game,999,89,91,USD,True,9.99,0.89,2026-09-12T17:45:28.868251+00:00,2025-12-10,2025-12-10,False,,20250911,2025-12,proportional_stratified_random_sample
2703,3917000,Glitchfall,2025-12-10,2025-12,"[""tatsumaki games""]","[""tatsumaki games""]",False,True,False,False,success,game,99,99,0,USD,True,0.99,0.99,2026-09-12T18:00:47.895583+00:00,2025-12-10,2025-12-10,False,,20250911,2025-12,proportional_stratified_random_sample
2704,3934260,牛马模拟器,2025-12-10,2025-12,"[""BossyuGames""]","[""BossyuGames""]",False,True,False,False,success,game,599,599,0,USD,True,5.99,5.99,2026-09-13T05:55:37.814133+00:00,2025-12-10,2025-12-10,False,,20250911,2025-12,proportional_stratified_random_sample
2705,3943180,DAVBOT,2025-12-10,2025-12,"[""DAVTEAM""]","[""DAVTEAM""]",False,True,True,False,success,game,199,199,0,USD,True,1.99,1.99,2026-09-13T05:59:11.117884+00:00,2025-12-10,2025-12-10,False,,20250911,2025-12,proportional_stratified_random_sample
2706,3962470,Coaster Crash Course,2025-12-10,2025-12,"[""Pianova Games""]","[""Pianova Games""]",False,True,False,False,success,game,499,299,40,USD,True,4.99,2.99,2026-09-13T06:07:27.401447+00:00,2025-12-10,2025-12-10,False,,20250911,2025-12,proportional_stratified_random_sample
2707,3991720,Sisters Connect,2025-12-10,2025-12,"[""光雪茶会""]","[""akaeroCore""]",False,True,False,False,success,game,1599,1599,0,USD,True,15.99,15.99,2026-09-13T06:18:06.276268+00:00,2025-12-10,2025-12-10,False,,20250911,2025-12,proportional_stratified_random_sample
2708,4021880,Fate of the Minotaur,2025-12-10,2025-12,"[""Filmakademie Baden-Wuerttemberg"",""Animationsinstitut""]","[""Filmakademie Baden-Wuerttemberg"",""Animationsinstitut""]",True,True,False,False,success,game,,,,,False,,,2026-09-13T06:28:47.965487+00:00,2025-12-10,2025-12-10,False,,20250911,2025-12,proportional_stratified_random_sample
2709,4084730,Ass Kicker,2025-12-10,2025-12,"[""Pen & Rapier studios""]","[""Pen & Rapier studios""]",False,True,False,False,success,game,199,199,0,USD,True,1.99,1.99,2026-09-13T06:48:25.864854+00:00,2025-12-10,2025-12-10,False,,20250911,2025-12,proportional_stratified_random_sample
2710,4100330,Galactic Gardener,2025-12-10,2025-12,"[""SteelSky""]","[""Grefau""]",False,True,False,True,success,game,299,299,0,USD,True,2.99,2.99,2026-09-13T06:52:10.764857+00:00,2025-12-10,2025-12-10,False,,20250911,2025-12,proportional_stratified_random_sample
2711,4104970,Legend of the Wonderfish,2025-12-10,2025-12,"[""Sybe""]","[""Sybe""]",False,True,False,False,success,game,199,199,0,USD,True,1.99,1.99,2026-09-13T06:53:23.136121+00:00,2025-12-10,2025-12-10,False,,20250911,2025-12,proportional_stratified_random_sample
2712,4121040,World Sprint,2025-12-10,2025-12,"[""AKD Studios LLC""]","[""AKD Studios LLC""]",False,True,False,False,success,game,499,499,0,USD,True,4.99,4.99,2026-09-13T06:58:21.950189+00:00,2025-12-10,2025-12-10,False,,20250911,2025-12,proportional_stratified_random_sample
2713,4189740,Los Pilarcitos,2025-12-10,2025-12,"[""Cristian Rojas""]","[""Cristian Rojas""]",True,True,False,False,success,game,,,,,False,,,2026-09-13T07:19:24.528350+00:00,2025-12-10,2025-12-10,False,,20250911,2025-12,proportional_stratified_random_sample
2714,4190740,MergeShift,2025-12-10,2025-12,"[""Boogygames Studios""]","[""Boogygames Studios""]",False,True,False,False,success,game,199,65,67,USD,True,1.99,0.65,2026-09-13T07:19:39.481708+00:00,2025-12-10,2025-12-10,False,,20250911,2025-12,proportional_stratified_random_sample
2715,4194710,Pro Stone Curling,2025-12-10,2025-12,"[""SqwiiEGC""]","[""SqwiiEGC""]",False,True,False,False,success,game,399,399,0,USD,True,3.99,3.99,2026-09-13T07:20:32.518377+00:00,2025-12-10,2025-12-10,False,,20250911,2025-12,proportional_stratified_random_sample
2716,4201160,Compass & Straightedge,2025-12-10,2025-12,"[""ShaoJH""]","[""ShaoJH""]",False,True,False,False,success,game,399,99,75,USD,True,3.99,0.99,2026-09-13T07:21:32.405038+00:00,2025-12-10,2025-12-10,False,,20250911,2025-12,proportional_stratified_random_sample
2717,1056170,SUPERVERSE,2025-12-11,2025-12,"[""Superverse Industries""]","[""Superverse Industries""]",False,True,False,False,success,game,999,999,0,USD,True,9.99,9.99,2026-09-12T12:53:55.075845+00:00,2025-12-11,2025-12-11,False,,20250911,2025-12,proportional_stratified_random_sample
2718,2018960,Neolithic Dawn,2025-12-11,2025-12,"[""Neolithic LLC""]","[""Neolithic LLC""]",False,True,False,False,success,game,1999,1999,0,USD,True,19.99,19.99,2026-09-12T13:21:46.162828+00:00,2025-12-11,2025-12-11,False,,20250911,2025-12,proportional_stratified_random_sample
2719,2548500,Evil Doll,2025-12-11,2025-12,"[""RoyDev""]","[""RoyDev""]",False,True,False,False,success,game,299,299,0,USD,True,2.99,2.99,2026-09-12T13:48:09.309530+00:00,2025-12-11,2025-12-11,False,,20250911,2025-12,proportional_stratified_random_sample
2720,2571730,Halchemist,2025-12-11,2025-12,"[""Team Flask""]","[""Team Flask""]",False,True,False,False,success,game,1299,1299,0,USD,True,12.99,12.99,2026-09-12T13:49:08.963939+00:00,2025-12-11,2025-12-11,False,,20250911,2025-12,proportional_stratified_random_sample
2721,3238190,Success In Progress,2025-12-11,2025-12,"[""Juris Games""]","[""Juris Games""]",False,True,False,False,success,game,499,499,0,USD,True,4.99,4.99,2026-09-12T14:40:05.532086+00:00,2025-12-11,2025-12-11,False,,20250911,2025-12,proportional_stratified_random_sample
2722,3395760,With Me: Aquatic Time,2025-12-11,2025-12,"[""Sensory Patch Games""]","[""Sensory Patch Games""]",False,True,True,False,success,game,999,899,10,USD,True,9.99,8.99,2026-09-12T15:06:02.345663+00:00,2025-12-11,2025-12-11,False,,20250911,2025-12,proportional_stratified_random_sample
2723,3400530,Therapy Simulator,2025-12-11,2025-12,"[""Jemboy""]","[""Jemboy""]",False,True,False,False,success,game,1099,1099,0,USD,True,10.99,10.99,2026-09-12T15:06:50.576129+00:00,2025-12-11,2025-12-11,False,,20250911,2025-12,proportional_stratified_random_sample
2724,3413260,OMEXYAN,2025-12-11,2025-12,"[""2 Crying Attic Games""]","[""2 Crying Attic Games""]",False,True,False,False,success,game,1299,1299,0,USD,True,12.99,12.99,2026-09-12T15:08:42.115280+00:00,2025-12-11,2025-12-11,False,,20250911,2025-12,proportional_stratified_random_sample
2725,3431770,Lords of the Void,2025-12-11,2025-12,"[""BoargamesStudio""]","[""BoargamesStudio""]",False,True,False,True,success,game,1199,1199,0,USD,True,11.99,11.99,2026-09-12T15:11:35.412396+00:00,2025-12-11,2025-12-11,False,,20250911,2025-12,proportional_stratified_random_sample
2726,3677870,Crayation: The First Sketch,2025-12-11,2025-12,"[""Crayon Code""]","[""Crayon Code""]",False,True,True,True,success,game,599,599,0,USD,True,5.99,5.99,2026-09-12T16:01:33.062637+00:00,2025-12-11,2025-12-11,False,,20250911,2025-12,proportional_stratified_random_sample
2727,3792560,UNI 2,2025-12-11,2025-12,"[""Game Museum""]","[""Game Museum""]",False,True,False,False,success,game,499,499,0,USD,True,4.99,4.99,2026-09-12T16:38:08.802435+00:00,2025-12-11,2025-12-11,False,,20250911,2025-12,proportional_stratified_random_sample
2728,3807440,Taste of the Sea,2025-12-11,2025-12,"[""Memo"",""Nitzz"",""5000ms Production""]","[""Memo""]",False,True,False,False,success,game,999,999,0,USD,True,9.99,9.99,2026-09-12T16:44:03.903126+00:00,2025-12-11,2025-12-11,False,,20250911,2025-12,proportional_stratified_random_sample
2729,3880880,Food Facility,2025-12-11,2025-12,"[""Lemo-Logic Studios""]","[""Lemo-Logic Studios""]",True,True,False,False,success,game,,,,,False,,,2026-09-12T17:44:08.532222+00:00,2025-12-11,2025-12-11,False,,20250911,2025-12,proportional_stratified_random_sample
2730,3966010,Soul Demon Hunters,2025-12-11,2025-12,"[""Cheese Burger Studio""]","[""Cheese Burger Studio""]",False,True,False,False,success,game,1199,1199,0,USD,True,11.99,11.99,2026-09-13T06:08:59.010901+00:00,2025-12-11,2025-12-11,False,,20250911,2025-12,proportional_stratified_random_sample
2731,4001120,The Glitch prison Together,2025-12-11,2025-12,"[""rentaka""]","[""rentaka""]",False,True,False,False,success,game,499,499,0,USD,True,4.99,4.99,2026-09-13T06:21:54.722537+00:00,2025-12-11,2025-12-11,False,,20250911,2025-12,proportional_stratified_random_sample
2732,4069860,There's No Differences: Santa,2025-12-11,2025-12,"[""Error 300""]","[""Error 300"",""Gamersky Games""]",False,True,True,True,success,game,399,399,0,USD,True,3.99,3.99,2026-09-13T06:44:37.809063+00:00,2025-12-11,2025-12-11,False,,20250911,2025-12,proportional_stratified_random_sample
2733,4078150,Nekotype Keyboard Cat Simulator,2025-12-11,2025-12,"[""G-GAME""]","[""G-GAME""]",False,True,False,False,success,game,399,399,0,USD,True,3.99,3.99,2026-09-13T06:46:51.916952+00:00,2025-12-11,2025-12-11,False,,20250911,2025-12,proportional_stratified_random_sample
2734,4099640,Gully Champ,2025-12-11,2025-12,"[""Studio Innovate Private Limited""]","[""Studio Innovate Private Limited""]",False,True,False,False,success,game,999,999,0,USD,True,9.99,9.99,2026-09-13T06:52:06.599580+00:00,2025-12-11,2025-12-11,False,,20250911,2025-12,proportional_stratified_random_sample
2735,4116900,Cali and the Kingdom of the Yard,2025-12-11,2025-12,"[""Bearded Rabbit Game Studio""]","[""Bearded Rabbit Game Studio""]",False,True,True,False,success,game,199,199,0,USD,True,1.99,1.99,2026-09-13T06:57:03.086998+00:00,2025-12-11,2025-12-11,False,,20250911,2025-12,proportional_stratified_random_sample
2736,4133400,SMBH : Super Massive Black Hole,2025-12-11,2025-12,"[""てづくりギンガ""]","[""てづくりギンガ""]",False,True,False,False,success,game,399,399,0,USD,True,3.99,3.99,2026-09-13T07:05:40.842653+00:00,2025-12-11,2025-12-11,False,,20250911,2025-12,proportional_stratified_random_sample
2737,4139400,Apee Escapee,2025-12-11,2025-12,"[""NHO&JHO""]","[""NHO&JHO""]",False,True,False,False,success,game,99,99,0,USD,True,0.99,0.99,2026-09-13T07:07:17.107996+00:00,2025-12-11,2025-12-11,False,,20250911,2025-12,proportional_stratified_random_sample
2738,4181930,Idle Defragmenter 95,2025-12-11,2025-12,"[""Pollo Arcade Low Bit""]","[""Pollo Arcade Low Bit""]",False,True,False,False,success,game,299,299,0,USD,True,2.99,2.99,2026-09-13T07:17:39.877192+00:00,2025-12-11,2025-12-11,False,,20250911,2025-12,proportional_stratified_random_sample
2739,4186410,Retail Therapy,2025-12-11,2025-12,"[""Reclusive Bug""]","[""Reclusive Bug""]",False,True,True,False,success,game,399,399,0,USD,True,3.99,3.99,2026-09-13T07:18:36.687979+00:00,2025-12-11,2025-12-11,False,,20250911,2025-12,proportional_stratified_random_sample
2740,4201780,The Cradle,2025-12-11,2025-12,"[""GiBar""]","["" RoBot""]",False,True,False,False,success,game,99,99,0,USD,True,0.99,0.99,2026-09-13T07:21:40.885995+00:00,2025-12-11,2025-12-11,False,,20250911,2025-12,proportional_stratified_random_sample
2741,4204950,Marshmallow's Adventure,2025-12-11,2025-12,"[""saucedish""]","[""saucedish""]",False,True,False,False,success,game,499,499,0,USD,True,4.99,4.99,2026-09-13T07:22:30.114680+00:00,2025-12-11,2025-12-11,False,,20250911,2025-12,proportional_stratified_random_sample
2742,4209810,Cadentia Farnese,2025-12-11,2025-12,"[""We Are Muesli""]","[""We Are Muesli""]",True,True,False,False,success,game,,,,,False,,,2026-09-13T07:23:08.799059+00:00,2025-12-11,2025-12-11,False,,20250911,2025-12,proportional_stratified_random_sample
2743,4211070,Puppy Link - Tile Connect,2025-12-11,2025-12,"[""ZT-Studio""]","[""ZT-Studio""]",False,True,True,False,success,game,299,299,0,USD,True,2.99,2.99,2026-09-13T07:23:21.597560+00:00,2025-12-11,2025-12-11,False,,20250911,2025-12,proportional_stratified_random_sample
2744,4213300,Sweetie Candy Maze: Purple Grape,2025-12-11,2025-12,"[""Cute Hannah's Games""]","[""Cute Hannah's Games""]",False,True,False,False,success,game,199,199,0,USD,True,1.99,1.99,2026-09-13T07:23:53.373863+00:00,2025-12-11,2025-12-11,False,,20250911,2025-12,proportional_stratified_random_sample
2745,1718460,Terminator 2D: NO FATE,2025-12-12,2025-12,"[""Bitmap Bureau""]","[""Reef Entertainment""]",False,True,True,True,success,game,2999,2999,0,USD,True,29.99,29.99,2026-09-12T13:11:07.049325+00:00,2025-12-12,2025-12-12,False,,20250911,2025-12,proportional_stratified_random_sample
2746,3223370,There's Nothing Underground,2025-12-12,2025-12,"[""Palomar Games AB""]","[""Palomar Games AB""]",False,True,False,True,success,game,799,799,0,USD,True,7.99,7.99,2026-09-12T14:38:27.777012+00:00,2025-12-12,2025-12-12,False,,20250911,2025-12,proportional_stratified_random_sample
2747,3374340,OPA: Super Janken,2025-12-12,2025-12,"[""DropSoftOPA""]","[""DropSoftOPA""]",True,True,False,False,success,game,,,,,False,,,2026-09-12T15:02:56.987205+00:00,2025-12-12,2025-12-12,False,,20250911,2025-12,proportional_stratified_random_sample
2748,3462600,Differences Online,2025-12-12,2025-12,"[""Mini IT""]","[""Brightika, Inc.""]",True,True,False,False,success,game,,,,,False,,,2026-09-12T15:17:16.921708+00:00,2025-12-12,2025-12-12,False,,20250911,2025-12,proportional_stratified_random_sample
2749,3481800,SUPER SHAPESHOOTER,2025-12-12,2025-12,"[""Wojtek Rak""]","[""Wojtek Rak""]",False,True,False,False,success,game,499,499,0,USD,True,4.99,4.99,2026-09-12T15:20:47.860377+00:00,2025-12-12,2025-12-12,False,,20250911,2025-12,proportional_stratified_random_sample
2750,3565250,Crossing Chains,2025-12-12,2025-12,"[""Daniel Nora""]","[""Daniel Nora""]",False,True,True,True,success,game,699,699,0,USD,True,6.99,6.99,2026-09-12T15:34:48.706043+00:00,2025-12-12,2025-12-12,False,,20250911,2025-12,proportional_stratified_random_sample
2751,3669190,Outbreak Zero,2025-12-12,2025-12,"[""Next Generation Gaming""]","[""Next Generation Gaming""]",False,True,False,False,success,game,999,999,0,USD,True,9.99,9.99,2026-09-12T15:59:09.729159+00:00,2025-12-12,2025-12-12,False,,20250911,2025-12,proportional_stratified_random_sample
2752,3783850,RELSU,2025-12-12,2025-12,"[""EREVOAM""]","[""EREVOAM""]",False,True,False,False,success,game,599,599,0,USD,True,5.99,5.99,2026-09-12T16:34:50.664457+00:00,2025-12-12,2025-12-12,False,,20250911,2025-12,proportional_stratified_random_sample
2753,3892250,ULTRA VERTIGO,2025-12-12,2025-12,"[""TEAGHER STUDIO""]","[""TEAGHER STUDIO""]",False,True,False,False,success,game,499,499,0,USD,True,4.99,4.99,2026-09-12T17:49:24.285910+00:00,2025-12-12,2025-12-12,False,,20250911,2025-12,proportional_stratified_random_sample
2754,3931080,Addition Subtraction Multiplication Division Magician,2025-12-12,2025-12,"[""危途旅行团TravellersOnHazard""]","[""危途旅行团TravellersOnHazard""]",False,True,False,False,success,game,299,299,0,USD,True,2.99,2.99,2026-09-13T05:54:30.243181+00:00,2025-12-12,2025-12-12,False,,20250911,2025-12,proportional_stratified_random_sample
2755,3933710,My Car My Life,2025-12-12,2025-12,"[""Noguiin""]","[""Noguiin""]",False,True,True,True,success,game,199,199,0,USD,True,1.99,1.99,2026-09-13T05:55:27.102650+00:00,2025-12-12,2025-12-12,False,,20250911,2025-12,proportional_stratified_random_sample
2756,4011780,/trace,2025-12-12,2025-12,"[""flowty.dev""]","[""flowty.dev""]",False,True,False,True,success,game,399,399,0,USD,True,3.99,3.99,2026-09-13T06:25:38.320418+00:00,2025-12-12,2025-12-12,False,,20250911,2025-12,proportional_stratified_random_sample
2757,4032270,Terra Request,2025-12-12,2025-12,"[""Heavy Line Software""]","[""Heavy Line Software""]",False,True,False,False,success,game,399,399,0,USD,True,3.99,3.99,2026-09-13T06:32:11.572787+00:00,2025-12-12,2025-12-12,False,,20250911,2025-12,proportional_stratified_random_sample
2758,4034390,Meta Lines 2,2025-12-12,2025-12,"[""Matrix Science""]","[""Matrix Science""]",False,True,False,False,success,game,399,399,0,USD,True,3.99,3.99,2026-09-13T06:33:05.091457+00:00,2025-12-12,2025-12-12,False,,20250911,2025-12,proportional_stratified_random_sample
2759,4129640,Until the Fields: Farmageddon,2025-12-12,2025-12,"[""No Joke Game Studios""]","[""Jamk Game""]",True,True,False,False,success,game,,,,,False,,,2026-09-13T07:00:57.517513+00:00,2025-12-12,2025-12-12,False,,20250911,2025-12,proportional_stratified_random_sample
2760,4139910,Kaya The Dog,2025-12-12,2025-12,"[""JustARandomGame""]","[""JustARandomGame""]",True,True,False,False,success,game,,,,,False,,,2026-09-13T07:07:27.538259+00:00,2025-12-12,2025-12-12,False,,20250911,2025-12,proportional_stratified_random_sample
2761,4141140,Dark Nights - Reflections,2025-12-12,2025-12,"[""Pinlin""]","[""Pinlin""]",False,True,True,False,success,game,720,720,0,USD,True,7.2,7.2,2026-09-13T07:07:45.865674+00:00,2025-12-12,2025-12-12,False,,20250911,2025-12,proportional_stratified_random_sample
2762,4165690,House in a Meadow VR,2025-12-12,2025-12,"[""Sergheo Zakh""]","[""Sergheo Zakh""]",False,True,False,False,success,game,17999,17999,0,USD,True,179.99,179.99,2026-09-13T07:14:25.355893+00:00,2025-12-12,2025-12-12,False,,20250911,2025-12,proportional_stratified_random_sample
2763,4178660,Blastoids,2025-12-12,2025-12,"["" Moragami Co., Ltd""]","[""GS2 Games Inc""]",False,True,False,False,success,game,499,499,0,USD,True,4.99,4.99,2026-09-13T07:17:06.392021+00:00,2025-12-12,2025-12-12,False,,20250911,2025-12,proportional_stratified_random_sample
2764,4191440,Seoul Bridge,2025-12-12,2025-12,"[""MidNightDevClub""]","[""MidNightDevClub""]",True,True,False,False,success,game,,,,,False,,,2026-09-13T07:19:52.219675+00:00,2025-12-12,2025-12-12,False,,20250911,2025-12,proportional_stratified_random_sample
2765,4196660,Christmas Wonderland 16: Collector's Edition,2025-12-12,2025-12,"[""Casual Arts""]","[""Casual Arts""]",False,True,False,False,success,game,999,999,0,USD,True,9.99,9.99,2026-09-13T07:20:53.751184+00:00,2025-12-12,2025-12-12,False,,20250911,2025-12,proportional_stratified_random_sample
2766,4201500,Ba Bị,2025-12-12,2025-12,"[""BaBị Electric""]","[""Okasan’s Recipe""]",False,True,False,True,success,game,499,499,0,USD,True,4.99,4.99,2026-09-13T07:21:36.637046+00:00,2025-12-12,2025-12-12,False,,20250911,2025-12,proportional_stratified_random_sample
2767,4203690,思い出せ！更生日記女苑ちゃん！！,2025-12-12,2025-12,"[""ISY""]","[""ISY""]",False,True,False,False,success,game,699,699,0,USD,True,6.99,6.99,2026-09-13T07:22:10.995554+00:00,2025-12-12,2025-12-12,False,,20250911,2025-12,proportional_stratified_random_sample
2768,4215840,The beach in Sanya,2025-12-12,2025-12,"[""hgmGame""]","[""hgmGame""]",False,True,False,False,success,game,99,99,0,USD,True,0.99,0.99,2026-09-13T07:24:16.720137+00:00,2025-12-12,2025-12-12,False,,20250911,2025-12,proportional_stratified_random_sample
2769,2659470,Dune Raider,2025-12-13,2025-12,"[""SomberDev""]","[""SomberDev""]",False,True,False,False,success,game,500,500,0,USD,True,5.0,5.0,2026-09-12T13:53:05.298535+00:00,2025-12-13,2025-12-13,False,,20250911,2025-12,proportional_stratified_random_sample
2770,3033080,Wukong Survivors ：Begin,2025-12-13,2025-12,"[""Seal233""]","[""Seal233""]",False,True,False,False,success,game,299,299,0,USD,True,2.99,2.99,2026-09-12T14:18:11.735217+00:00,2025-12-13,2025-12-13,False,,20250911,2025-12,proportional_stratified_random_sample
2771,3386150,You're here again,2025-12-13,2025-12,"[""Theo Morris"",""k4x1"",""GreenLight"",""yodapowers_"",""Sharkman202""]","[""Devious Devs""]",False,True,False,True,success,game,399,399,0,USD,True,3.99,3.99,2026-09-12T15:04:40.769408+00:00,2025-12-13,2025-12-13,False,,20250911,2025-12,proportional_stratified_random_sample
2772,3515710,Ashen Reverie,2025-12-13,2025-12,"[""Tidalspire""]","[""Tidalspire""]",False,True,False,False,success,game,999,999,0,USD,True,9.99,9.99,2026-09-12T15:26:00.130596+00:00,2025-12-13,2025-12-13,False,,20250911,2025-12,proportional_stratified_random_sample
2773,3633830,Iceburg,2025-12-13,2025-12,"[""Skyapa""]","[""Skyapa"",""Demencion""]",False,True,False,False,success,game,999,999,0,USD,True,9.99,9.99,2026-09-12T15:50:23.678083+00:00,2025-12-13,2025-12-13,False,,20250911,2025-12,proportional_stratified_random_sample
2774,3658230,MAGEYE,2025-12-13,2025-12,"[""Dead Zeros""]","[""Dead Zeros""]",False,True,False,False,success,game,799,799,0,USD,True,7.99,7.99,2026-09-12T15:56:56.380357+00:00,2025-12-13,2025-12-13,False,,20250911,2025-12,proportional_stratified_random_sample
2775,3752950,Fracctal TCG,2025-12-13,2025-12,"[""Fracctal Labs""]","[""Fracctal Labs""]",True,True,False,False,success,game,,,,,False,,,2026-09-12T16:25:33.109426+00:00,2025-12-13,2025-12-13,False,,20250911,2025-12,proportional_stratified_random_sample
2776,4048550,Zombie Diner Simulator 🥩 💀,2025-12-13,2025-12,"[""Octo Games studio""]","[""Octo Games studio""]",False,True,False,False,success,game,1499,1499,0,USD,True,14.99,14.99,2026-09-13T06:37:42.684533+00:00,2025-12-13,2025-12-13,False,,20250911,2025-12,proportional_stratified_random_sample
2777,4056350,Serene Night Dreamlight,2025-12-13,2025-12,"[""星艺starT""]","[""星艺starT""]",True,True,True,True,success,game,,,,,False,,,2026-09-13T06:40:43.674264+00:00,2025-12-13,2025-12-13,False,,20250911,2025-12,proportional_stratified_random_sample
2778,4157780,Manchester's Crimes: The Beginnings,2025-12-13,2025-12,"[""Nordic Cats Studio""]","[""Nordic Cats Studio""]",True,True,False,False,success,game,,,,,False,,,2026-09-13T07:11:53.382315+00:00,2025-12-13,2025-12-13,False,,20250911,2025-12,proportional_stratified_random_sample
2779,4174350,DarkSpase,2025-12-13,2025-12,"[""Devon James""]","[""Devon James""]",False,True,False,False,success,game,999,999,0,USD,True,9.99,9.99,2026-09-13T07:16:13.577963+00:00,2025-12-13,2025-12-13,False,,20250911,2025-12,proportional_stratified_random_sample
2780,4214010,A.I. P.I.,2025-12-13,2025-12,"[""Archor Wright""]","[""Archor Games"",""A.I. SLOP Publishing""]",False,True,False,False,success,game,99,99,0,USD,True,0.99,0.99,2026-09-13T07:24:01.721399+00:00,2025-12-13,2025-12-13,False,,20250911,2025-12,proportional_stratified_random_sample
2781,4017350,Low Noon: The Gunless Goon,2025-12-14,2025-12,"[""AD Softwares""]","[""AD Softwares""]",False,True,False,False,success,game,1099,1099,0,USD,True,10.99,10.99,2026-09-13T06:27:24.676013+00:00,2025-12-14,2025-12-14,False,,20250911,2025-12,proportional_stratified_random_sample
2782,4123890,Pallet Jack Racing,2025-12-14,2025-12,"[""Piece Of Voxel"",""Gamesforfarm""]","[""Gamesforfarm""]",False,True,False,False,success,game,99,59,40,USD,True,0.99,0.59,2026-09-13T06:59:19.348483+00:00,2025-12-14,2025-12-14,False,,20250911,2025-12,proportional_stratified_random_sample
2783,4154430,BOD EFSANESI: PARS,2025-12-14,2025-12,"[""HAKAN KOC""]","[""HAKAN KOC GAMES""]",True,True,False,False,success,game,,,,,False,,,2026-09-13T07:11:10.385731+00:00,2025-12-14,2025-12-14,False,,20250911,2025-12,proportional_stratified_random_sample
2784,4182310,DARK,2025-12-14,2025-12,"[""VHS STUDIO""]","[""VHS STUDIO""]",False,True,False,False,success,game,499,499,0,USD,True,4.99,4.99,2026-09-13T07:17:46.482362+00:00,2025-12-14,2025-12-14,False,,20250911,2025-12,proportional_stratified_random_sample
2785,4186480,На недельку до второго,2025-12-14,2025-12,"[""UrbanWanderer""]","[""UrbanWandererGames""]",False,True,True,True,success,game,499,249,50,USD,True,4.99,2.49,2026-09-13T07:18:40.866781+00:00,2025-12-14,2025-12-14,False,,20250911,2025-12,proportional_stratified_random_sample
2786,4187170,Burger Daily Mate,2025-12-14,2025-12,"[""Tunatwo""]","[""Tunatwo""]",False,True,False,False,success,game,99,99,0,USD,True,0.99,0.99,2026-09-13T07:18:47.007093+00:00,2025-12-14,2025-12-14,False,,20250911,2025-12,proportional_stratified_random_sample
2787,1821550,Snapshot Aquarium,2025-12-15,2025-12,"[""Octoponx""]","[""Octoponx""]",False,True,False,False,success,game,599,599,0,USD,True,5.99,5.99,2026-09-12T13:13:29.098499+00:00,2025-12-15,2025-12-15,False,,20250911,2025-12,proportional_stratified_random_sample
2788,2488470,Politon,2025-12-15,2025-12,"[""Pinq Games""]","[""Pinq Games""]",False,True,True,False,success,game,499,499,0,USD,True,4.99,4.99,2026-09-12T13:45:55.092084+00:00,2025-12-15,2025-12-15,False,,20250911,2025-12,proportional_stratified_random_sample
2789,3109830,Peacequarium,2025-12-15,2025-12,"[""GTGD""]","[""GTGD""]",False,True,True,False,success,game,699,699,0,USD,True,6.99,6.99,2026-09-12T14:26:14.742437+00:00,2025-12-15,2025-12-15,False,,20250911,2025-12,proportional_stratified_random_sample
2790,3360820,Great Hoax: The Moon Landing,2025-12-15,2025-12,"[""Serendipity Films"",""3DAR"",""Kaohsiung Film Archieve"",""Taiwan Public Television Service""]","[""Astrea""]",False,True,False,False,success,game,499,499,0,USD,True,4.99,4.99,2026-09-12T15:00:31.326845+00:00,2025-12-15,2025-12-15,False,,20250911,2025-12,proportional_stratified_random_sample
2791,3382270,Knortex,2025-12-15,2025-12,"[""SuiroIto""]","[""SuiroIto""]",True,True,False,False,success,game,,,,,False,,,2026-09-12T15:03:56.587451+00:00,2025-12-15,2025-12-15,False,,20250911,2025-12,proportional_stratified_random_sample
2792,3518030,Synthetic Paradox,2025-12-15,2025-12,"[""Smazak""]","[""Smazak""]",False,True,False,False,success,game,1199,1199,0,USD,True,11.99,11.99,2026-09-12T15:26:27.997067+00:00,2025-12-15,2025-12-15,False,,20250911,2025-12,proportional_stratified_random_sample
2793,3767280,Dotakawa☆COOKING BATTLE,2025-12-15,2025-12,"[""Byking RooKIES""]","[""Byking Inc. ""]",True,True,False,False,success,game,,,,,False,,,2026-09-12T16:30:06.731448+00:00,2025-12-15,2025-12-15,False,,20250911,2025-12,proportional_stratified_random_sample
2794,3869480,Attrition,2025-12-15,2025-12,"[""Forty No Forte Studios""]","[""Forty No Forte Studios""]",False,True,False,False,success,game,599,599,0,USD,True,5.99,5.99,2026-09-12T17:37:52.777303+00:00,2025-12-15,2025-12-15,False,,20250911,2025-12,proportional_stratified_random_sample
2795,3882780,Dead On Duty,2025-12-15,2025-12,"[""Dodoblam Interactive"",""https://dogukanguloren.com""]","[""Dodoblam Interactive"",""https://dogukanguloren.com""]",False,True,True,True,success,game,499,499,0,USD,True,4.99,4.99,2026-09-12T17:44:53.203411+00:00,2025-12-15,2025-12-15,False,,20250911,2025-12,proportional_stratified_random_sample
2796,3919840,Sepan and the Seven Flasks,2025-12-15,2025-12,"[""PicMid""]","[""PicMid""]",False,True,False,True,success,game,199,199,0,USD,True,1.99,1.99,2026-09-12T18:02:40.348119+00:00,2025-12-15,2025-12-15,False,,20250911,2025-12,proportional_stratified_random_sample
2797,3929990,Monster Looter,2025-12-15,2025-12,"[""Eracu Studios""]","[""Eracu Studios""]",True,True,True,True,success,game,,,,,False,,,2026-09-13T05:54:04.835041+00:00,2025-12-15,2025-12-15,False,,20250911,2025-12,proportional_stratified_random_sample
2798,3943440,WAGAMAMA HIGH SPEC OC,2025-12-15,2025-12,"[""madosoft""]","[""Sekai Project""]",False,True,False,False,success,game,1999,1999,0,USD,True,19.99,19.99,2026-09-13T05:59:19.564126+00:00,2025-12-15,2025-12-15,False,,20250911,2025-12,proportional_stratified_random_sample
2799,3953060,Galaxy Defense War,2025-12-15,2025-12,"[""Zero Space""]","[""Zero Space""]",False,True,False,False,success,game,772,772,0,USD,True,7.72,7.72,2026-09-13T06:03:25.470158+00:00,2025-12-15,2025-12-15,False,,20250911,2025-12,proportional_stratified_random_sample
2800,4017450,Villainy,2025-12-15,2025-12,"[""Studio Rend""]","[""Studio Rend""]",False,True,False,False,success,game,799,799,0,USD,True,7.99,7.99,2026-09-13T06:27:26.744172+00:00,2025-12-15,2025-12-15,False,,20250911,2025-12,proportional_stratified_random_sample
2801,4038680,ARTDINK GAME LOG: Tail of the Sun,2025-12-15,2025-12,"[""ARTDINK""]","[""ARTDINK""]",False,True,False,False,success,game,1999,1999,0,USD,True,19.99,19.99,2026-09-13T06:34:25.650622+00:00,2025-12-15,2025-12-15,False,,20250911,2025-12,proportional_stratified_random_sample
2802,4125150,Fish Go,2025-12-15,2025-12,"[""KacperB""]","[""KacperB""]",False,True,False,False,success,game,99,99,0,USD,True,0.99,0.99,2026-09-13T06:59:42.769218+00:00,2025-12-15,2025-12-15,False,,20250911,2025-12,proportional_stratified_random_sample
2803,4131270,Final battle in zhifudao,2025-12-15,2025-12,"[""JIANGFENG""]","[""JIANGFENG""]",False,True,False,False,success,game,199,199,0,USD,True,1.99,1.99,2026-09-13T07:05:05.086694+00:00,2025-12-15,2025-12-15,False,,20250911,2025-12,proportional_stratified_random_sample
2804,4148480,Message: Read at Your Own Risk,2025-12-15,2025-12,"[""im a human""]","[""im a human""]",False,True,False,False,success,game,999,999,0,USD,True,9.99,9.99,2026-09-13T07:09:39.318788+00:00,2025-12-15,2025-12-15,False,,20250911,2025-12,proportional_stratified_random_sample
2805,4172720,ISLET GARDEN,2025-12-15,2025-12,"[""Ketopon Lab""]","[""Ketopon Lab""]",False,True,False,False,success,game,699,699,0,USD,True,6.99,6.99,2026-09-13T07:15:54.600151+00:00,2025-12-15,2025-12-15,False,,20250911,2025-12,proportional_stratified_random_sample
2806,4202580,Dollemma,2025-12-15,2025-12,"[""Dollemma Team""]","[""Dollemma Team""]",True,True,False,False,success,game,,,,,False,,,2026-09-13T07:21:55.962831+00:00,2025-12-15,2025-12-15,False,,20250911,2025-12,proportional_stratified_random_sample
2807,2484680,Snavenger,2025-12-16,2025-12,"[""Conklin Systems""]","[""Conklin Systems""]",True,True,True,False,success,game,,,,,False,,,2026-09-12T13:45:44.312317+00:00,2025-12-16,2025-12-16,False,,20250911,2025-12,proportional_stratified_random_sample
2808,2699550,Fightland,2025-12-16,2025-12,"[""Ninja Kiwi""]","[""Ninja Kiwi""]",True,True,True,False,success,game,,,,,False,,,2026-09-12T13:54:58.747621+00:00,2025-12-16,2025-12-16,False,,20250911,2025-12,proportional_stratified_random_sample
2809,2714970,Backrooms Media,2025-12-16,2025-12,"[""NPK Games""]","[""NPK Games""]",False,True,False,False,success,game,799,799,0,USD,True,7.99,7.99,2026-09-12T13:55:38.622453+00:00,2025-12-16,2025-12-16,False,,20250911,2025-12,proportional_stratified_random_sample
2810,3065870,Varthos - Heir to the Throne,2025-12-16,2025-12,"[""Nightshift Game Development""]","[""Nightshift Game Development"","" Three River Games (3RG)""]",False,True,False,False,success,game,1999,1299,35,USD,True,19.99,12.99,2026-09-12T14:21:40.457242+00:00,2025-12-16,2025-12-16,False,,20250911,2025-12,proportional_stratified_random_sample
2811,3146630,ShoPaDen - Cyber World Rampage,2025-12-16,2025-12,"[""南方堂果""]","[""南方堂果的遊戲"",""Aton's Games""]",False,True,False,False,success,game,499,499,0,USD,True,4.99,4.99,2026-09-12T14:30:11.887955+00:00,2025-12-16,2025-12-16,False,,20250911,2025-12,proportional_stratified_random_sample
2812,3295680,Stellar Archipelago,2025-12-16,2025-12,"[""Gogodinosaur""]","[""Gogodinosaur""]",False,True,False,False,success,game,1299,1299,0,USD,True,12.99,12.99,2026-09-12T14:52:55.756125+00:00,2025-12-16,2025-12-16,False,,20250911,2025-12,proportional_stratified_random_sample
2813,3318490,Bunker Constructor Simulator,2025-12-16,2025-12,"[""Terno Games""]","[""Terno Games""]",False,True,False,False,success,game,1499,1499,0,USD,True,14.99,14.99,2026-09-12T14:54:58.813743+00:00,2025-12-16,2025-12-16,False,,20250911,2025-12,proportional_stratified_random_sample
2814,3540680,Fake Dream,2025-12-16,2025-12,"[""NNGames""]","[""NNGames""]",False,True,False,False,success,game,599,599,0,USD,True,5.99,5.99,2026-09-12T15:30:07.761027+00:00,2025-12-16,2025-12-16,False,,20250911,2025-12,proportional_stratified_random_sample
2815,3540880,Balloon Hater,2025-12-16,2025-12,"[""Nikorych""]","[""Nikorych""]",False,True,True,False,success,game,499,499,0,USD,True,4.99,4.99,2026-09-12T15:30:14.310931+00:00,2025-12-16,2025-12-16,False,,20250911,2025-12,proportional_stratified_random_sample
2816,3962200,The Soul Collector 2 - Idle Game,2025-12-16,2025-12,"[""Olento Productions""]","[""Olento Productions""]",False,True,False,True,success,game,495,495,0,USD,True,4.95,4.95,2026-09-13T06:07:18.933750+00:00,2025-12-16,2025-12-16,False,,20250911,2025-12,proportional_stratified_random_sample
2817,3983490,Purgatory,2025-12-16,2025-12,"[""Sai Game""]","[""Sai Game""]",False,True,False,False,success,game,199,199,0,USD,True,1.99,1.99,2026-09-13T06:14:53.175985+00:00,2025-12-16,2025-12-16,False,,20250911,2025-12,proportional_stratified_random_sample
2818,4037070,Jumping Eras,2025-12-16,2025-12,"[""Michi Soul Games""]","[""Michi Soul Games""]",False,True,False,False,success,game,199,199,0,USD,True,1.99,1.99,2026-09-13T06:33:53.910978+00:00,2025-12-16,2025-12-16,False,,20250911,2025-12,proportional_stratified_random_sample
2819,4045140,Slug Survival,2025-12-16,2025-12,"[""Dragon Pixel Studio""]","[""Dragon Pixel Studio""]",True,True,True,False,success,game,,,,,False,,,2026-09-13T06:36:43.208818+00:00,2025-12-16,2025-12-16,False,,20250911,2025-12,proportional_stratified_random_sample
2820,4154110,Beyond The Second Hour,2025-12-16,2025-12,"[""Mohamed Samy""]","[""TIRUO online""]",False,True,False,False,success,game,125,125,0,USD,True,1.25,1.25,2026-09-13T07:11:04.081170+00:00,2025-12-16,2025-12-16,False,,20250911,2025-12,proportional_stratified_random_sample
2821,4166750,SANTAQUEST,2025-12-16,2025-12,"[""NecroCatic Games""]","[""NecroCatic Games""]",False,True,False,False,success,game,99,99,0,USD,True,0.99,0.99,2026-09-13T07:14:31.844315+00:00,2025-12-16,2025-12-16,False,,20250911,2025-12,proportional_stratified_random_sample
2822,4216090,Clash of Peaks: Dynasty in Your Grasp,2025-12-16,2025-12,"[""Developers""]","[""Developers""]",False,True,False,False,success,game,199,199,0,USD,True,1.99,1.99,2026-09-13T07:24:18.816972+00:00,2025-12-16,2025-12-16,False,,20250911,2025-12,proportional_stratified_random_sample
2823,1101650,OutSpaceX_EP1,2025-12-17,2025-12,"[""Fun2Studio""]","[""Fun2Studio""]",False,True,False,False,success,game,299,299,0,USD,True,2.99,2.99,2026-09-12T12:54:20.831576+00:00,2025-12-17,2025-12-17,False,,20250911,2025-12,proportional_stratified_random_sample
2824,1652400,Developer Daily,2025-12-17,2025-12,"[""Mehan Games""]","[""Mehan Games""]",False,True,False,False,success,game,999,999,0,USD,True,9.99,9.99,2026-09-12T13:10:03.101749+00:00,2025-12-17,2025-12-17,False,,20250911,2025-12,proportional_stratified_random_sample
2825,2176710,MEAT 2,2025-12-17,2025-12,"[""Trippin Bears""]","[""Trippin Bears""]",False,True,False,False,success,game,1499,1499,0,USD,True,14.99,14.99,2026-09-12T13:32:16.639497+00:00,2025-12-17,2025-12-17,False,,20250911,2025-12,proportional_stratified_random_sample
2826,2248170,DRINK HUMAN BEANS,2025-12-17,2025-12,"[""Last Dissent""]","[""Last Dissent""]",False,True,False,False,success,game,499,499,0,USD,True,4.99,4.99,2026-09-12T13:34:56.932378+00:00,2025-12-17,2025-12-17,False,,20250911,2025-12,proportional_stratified_random_sample
2827,2865380,Scott Whiskers: the Search for the Golden Cat,2025-12-17,2025-12,"[""Fancy Factory""]","[""Fancy Factory""]",False,True,True,True,success,game,1999,1999,0,USD,True,19.99,19.99,2026-09-12T14:04:44.329111+00:00,2025-12-17,2025-12-17,False,,20250911,2025-12,proportional_stratified_random_sample
2828,3291090,Planet Hoarders,2025-12-17,2025-12,"[""Imago Games""]","[""Imago Games""]",False,True,False,False,success,game,799,799,0,USD,True,7.99,7.99,2026-09-12T14:52:10.241719+00:00,2025-12-17,2025-12-17,False,,20250911,2025-12,proportional_stratified_random_sample
2829,3671880,BAROQUE SHOOTING: REVERSED,2025-12-17,2025-12,"[""Sting""]","[""Sting""]",False,True,False,False,success,game,1499,1499,0,USD,True,14.99,14.99,2026-09-12T16:00:09.768745+00:00,2025-12-17,2025-12-17,False,,20250911,2025-12,proportional_stratified_random_sample
2830,3732620,Tsugunohi -Supernatural Supermarket-,2025-12-17,2025-12,"[""ImCyan""]","[""Vaka Game Magazine""]",False,True,False,False,success,game,499,499,0,USD,True,4.99,4.99,2026-09-12T16:19:53.606869+00:00,2025-12-17,2025-12-17,False,,20250911,2025-12,proportional_stratified_random_sample
2831,3911230,Keypress Mania,2025-12-17,2025-12,"[""rey3.dev""]","[""UFN Games""]",False,True,False,False,success,game,799,799,0,USD,True,7.99,7.99,2026-09-12T17:58:30.236465+00:00,2025-12-17,2025-12-17,False,,20250911,2025-12,proportional_stratified_random_sample
2832,4073160,Gilroy's Grove,2025-12-17,2025-12,"[""Meat Forest Studios""]","["" Rabid Troll Studios""]",True,True,False,False,success,game,,,,,False,,,2026-09-13T06:45:39.428676+00:00,2025-12-17,2025-12-17,False,,20250911,2025-12,proportional_stratified_random_sample
2833,4094260,After... Prologue,2025-12-17,2025-12,"[""Grozny23""]","[""SGS""]",False,True,False,False,success,game,199,199,0,USD,True,1.99,1.99,2026-09-13T06:50:34.961613+00:00,2025-12-17,2025-12-17,False,,20250911,2025-12,proportional_stratified_random_sample
2834,4113200,Aeons of Rebirth,2025-12-17,2025-12,"[""Short Scale""]","[""Short Scale""]",False,True,False,False,success,game,499,499,0,USD,True,4.99,4.99,2026-09-13T06:56:05.961833+00:00,2025-12-17,2025-12-17,False,,20250911,2025-12,proportional_stratified_random_sample
2835,4155130,Exovore,2025-12-17,2025-12,"[""Tapzilla""]","[""Tapzilla""]",False,True,False,True,success,game,499,499,0,USD,True,4.99,4.99,2026-09-13T07:11:23.470338+00:00,2025-12-17,2025-12-17,False,,20250911,2025-12,proportional_stratified_random_sample
2836,4175070,Space Force Bargain Bin,2025-12-17,2025-12,"[""Sled Dog Games""]","[""Sled Dog Games""]",False,True,False,True,success,game,499,499,0,USD,True,4.99,4.99,2026-09-13T07:16:26.017158+00:00,2025-12-17,2025-12-17,False,,20250911,2025-12,proportional_stratified_random_sample
2837,4189820,Head in the Cloud,2025-12-17,2025-12,"[""Phosphor Fables""]","[""Phosphor Fables""]",False,True,False,False,success,game,899,899,0,USD,True,8.99,8.99,2026-09-13T07:19:28.764804+00:00,2025-12-17,2025-12-17,False,,20250911,2025-12,proportional_stratified_random_sample
2838,4212070,只有文字的挂机刷宝游戏,2025-12-17,2025-12,"[""挂机刷宝工作室""]","[""挂机刷宝工作室""]",False,True,False,True,success,game,99,99,0,USD,True,0.99,0.99,2026-09-13T07:23:36.415758+00:00,2025-12-17,2025-12-17,False,,20250911,2025-12,proportional_stratified_random_sample
2839,4217660,Small Hero,2025-12-17,2025-12,"[""Small Hero""]","[""Small Hero""]",False,True,False,False,success,game,99,99,0,USD,True,0.99,0.99,2026-09-13T07:24:25.426667+00:00,2025-12-17,2025-12-17,False,,20250911,2025-12,proportional_stratified_random_sample
2840,1942500,Retro Golf Mania,2025-12-18,2025-12,"[""Francois Richard""]","[""Francois Richard""]",False,True,False,True,success,game,699,699,0,USD,True,6.99,6.99,2026-09-12T13:16:33.523421+00:00,2025-12-18,2025-12-18,False,,20250911,2025-12,proportional_stratified_random_sample
2841,2559960,RED DAWN,2025-12-18,2025-12,"[""Dynamic Duo Games""]","[""Dynamic Duo Games""]",False,True,False,False,success,game,1299,1299,0,USD,True,12.99,12.99,2026-09-12T13:48:36.686800+00:00,2025-12-18,2025-12-18,False,,20250911,2025-12,proportional_stratified_random_sample
2842,2676220,Pigeon's Mission,2025-12-18,2025-12,"[""Glowing Cheetah Studios""]","[""Glowing Cheetah Studios""]",False,True,True,False,success,game,999,999,0,USD,True,9.99,9.99,2026-09-12T13:53:48.067775+00:00,2025-12-18,2025-12-18,False,,20250911,2025-12,proportional_stratified_random_sample
2843,2815570,Fur and Void,2025-12-18,2025-12,"[""DFS""]","[""DFS""]",False,True,False,True,success,game,999,999,0,USD,True,9.99,9.99,2026-09-12T14:01:03.645427+00:00,2025-12-18,2025-12-18,False,,20250911,2025-12,proportional_stratified_random_sample
2844,2964580,Dungeon World,2025-12-18,2025-12,"[""FBRZD""]","[""FBRZD""]",False,True,False,True,success,game,699,699,0,USD,True,6.99,6.99,2026-09-12T14:12:24.736018+00:00,2025-12-18,2025-12-18,False,,20250911,2025-12,proportional_stratified_random_sample
2845,3502860,Caller of the Crows,2025-12-18,2025-12,"[""Nepxel Studio"",""Bebyak P""]","[""Nepxel Studio""]",False,True,False,False,success,game,399,79,80,USD,True,3.99,0.79,2026-09-12T15:23:40.119367+00:00,2025-12-18,2025-12-18,False,,20250911,2025-12,proportional_stratified_random_sample
2846,3612800,GORE RAPTURE,2025-12-18,2025-12,"[""Heatwave Games"",""http://www.heatwavegames.com""]","[""Heatwave Games & Consulting LLC"",""http://www.heatwavegames.com""]",False,True,False,False,success,game,1399,1399,0,USD,True,13.99,13.99,2026-09-12T15:45:02.266362+00:00,2025-12-18,2025-12-18,False,,20250911,2025-12,proportional_stratified_random_sample
2847,3666940,Rebels - Under the Spell of Magic (Chapter 5),2025-12-18,2025-12,"[""BrotherWood Games""]","[""BrotherWood Games""]",False,True,False,False,success,game,1399,1189,15,USD,True,13.99,11.89,2026-09-12T15:58:28.823097+00:00,2025-12-18,2025-12-18,False,,20250911,2025-12,proportional_stratified_random_sample
2848,3670200,Colossal Kickoff,2025-12-18,2025-12,"[""Lambdog Studios""]","[""Lambdog Studios""]",False,True,False,False,success,game,999,999,0,USD,True,9.99,9.99,2026-09-12T15:59:49.634901+00:00,2025-12-18,2025-12-18,False,,20250911,2025-12,proportional_stratified_random_sample
2849,3903170,Decktoon,2025-12-18,2025-12,"[""Guara Entretenimento"",""Rocpain Games""]","[""Guara Entretenimento""]",True,True,False,False,success,game,,,,,False,,,2026-09-12T17:55:04.994277+00:00,2025-12-18,2025-12-18,False,,20250911,2025-12,proportional_stratified_random_sample
2850,3903980,Charge!,2025-12-18,2025-12,"[""Honor Games®""]","[""Honor Games®""]",False,True,False,False,success,game,1500,1500,0,USD,True,15.0,15.0,2026-09-12T17:55:17.875675+00:00,2025-12-18,2025-12-18,False,,20250911,2025-12,proportional_stratified_random_sample
2851,4032820,靴下物語ー大門ジゲンの靴下店ー,2025-12-18,2025-12,"[""KNIGHT_０（ナイトー）""]","[""チワワゲームズ""]",False,True,False,False,success,game,99,99,0,USD,True,0.99,0.99,2026-09-13T06:32:22.315499+00:00,2025-12-18,2025-12-18,False,,20250911,2025-12,proportional_stratified_random_sample
2852,4045300,The Trolling Adventure,2025-12-18,2025-12,"[""Keyjoker Games""]","[""Keyjoker Games""]",False,True,False,False,success,game,199,199,0,USD,True,1.99,1.99,2026-09-13T06:36:47.433178+00:00,2025-12-18,2025-12-18,False,,20250911,2025-12,proportional_stratified_random_sample
2853,4047760,Eggshit,2025-12-18,2025-12,"[""疯兔游戏（FUNTOO Studio）""]","[""疯兔游戏（FUNTOO Studio）"",""Liquid Meow""]",True,True,False,False,success,game,,,,,False,,,2026-09-13T06:37:25.816740+00:00,2025-12-18,2025-12-18,False,,20250911,2025-12,proportional_stratified_random_sample
2854,4083160,SlayBall Brick Breaker,2025-12-18,2025-12,"[""Ziecon Studios""]","[""Ziecon Studios""]",False,True,False,False,success,game,399,399,0,USD,True,3.99,3.99,2026-09-13T06:47:57.861985+00:00,2025-12-18,2025-12-18,False,,20250911,2025-12,proportional_stratified_random_sample
2855,4121010,Locum Tenens,2025-12-18,2025-12,"[""Deriv'era""]","[""Deriv'era""]",False,True,False,True,success,game,299,299,0,USD,True,2.99,2.99,2026-09-13T06:58:19.870465+00:00,2025-12-18,2025-12-18,False,,20250911,2025-12,proportional_stratified_random_sample
2856,4152310,Bush 1022,2025-12-18,2025-12,"[""dimitars""]","[""dimitars""]",False,True,False,True,success,game,615,615,0,USD,True,6.15,6.15,2026-09-13T07:10:32.489267+00:00,2025-12-18,2025-12-18,False,,20250911,2025-12,proportional_stratified_random_sample
2857,4173740,Ace of Rubies,2025-12-18,2025-12,"[""Davi Nogueira Pupo""]","[""BP STRAT CONSULTORIA E TECNOLOGIA LTDA""]",False,True,False,False,success,game,199,199,0,USD,True,1.99,1.99,2026-09-13T07:16:05.046906+00:00,2025-12-18,2025-12-18,False,,20250911,2025-12,proportional_stratified_random_sample
2858,4202920,Nightshift - The School Janitor,2025-12-18,2025-12,"[""Irreplaceable Studios""]","[""Irreplaceable Studios""]",False,True,False,False,success,game,499,499,0,USD,True,4.99,4.99,2026-09-13T07:22:00.283152+00:00,2025-12-18,2025-12-18,False,,20250911,2025-12,proportional_stratified_random_sample
2859,4204190,Taiping Heavenly Kingdom,2025-12-18,2025-12,"[""班超工作室""]","[""班超工作室""]",False,True,False,False,success,game,399,399,0,USD,True,3.99,3.99,2026-09-13T07:22:21.716334+00:00,2025-12-18,2025-12-18,False,,20250911,2025-12,proportional_stratified_random_sample
2860,4211780,Tales of Evion: Forgotten Dreams,2025-12-18,2025-12,"[""Tyshym Miller""]",,False,True,False,False,success,game,1599,1599,0,USD,True,15.99,15.99,2026-09-13T07:23:25.807557+00:00,2025-12-18,2025-12-18,False,,20250911,2025-12,proportional_stratified_random_sample
2861,4214660,At the Mount Leng of madness,2025-12-18,2025-12,"[""井頭。""]","[""井頭。""]",False,True,False,False,success,game,699,699,0,USD,True,6.99,6.99,2026-09-13T07:24:10.529842+00:00,2025-12-18,2025-12-18,False,,20250911,2025-12,proportional_stratified_random_sample
2862,4219930,Encore!,2025-12-18,2025-12,"[""Amoriem Labs""]","[""Amoriem Labs""]",True,True,True,False,success,game,,,,,False,,,2026-09-13T07:24:53.088885+00:00,2025-12-18,2025-12-18,False,,20250911,2025-12,proportional_stratified_random_sample
2863,4220960,LOST IN TRANSIT,2025-12-18,2025-12,"[""ThorHighHeels""]","[""ThorHighHeels""]",False,True,False,False,success,game,499,499,0,USD,True,4.99,4.99,2026-09-13T07:25:07.968782+00:00,2025-12-18,2025-12-18,False,,20250911,2025-12,proportional_stratified_random_sample
2864,4223750,Glowing Hexagon,2025-12-18,2025-12,"[""Wijat""]","[""Wijat""]",False,True,False,False,success,game,99,99,0,USD,True,0.99,0.99,2026-09-13T07:25:46.140753+00:00,2025-12-18,2025-12-18,False,,20250911,2025-12,proportional_stratified_random_sample
2865,4227580,Field Pong: Gamesforfarm,2025-12-18,2025-12,"[""Gamesforfarm""]","[""Gamesforfarm""]",False,True,False,False,success,game,99,59,40,USD,True,0.99,0.59,2026-09-13T07:26:11.505442+00:00,2025-12-18,2025-12-18,False,,20250911,2025-12,proportional_stratified_random_sample
2866,2336430,PoligonVR,2025-12-19,2025-12,"[""PoligonTechnologies""]","[""PoligonTechnologies""]",True,True,False,False,success,game,,,,,False,,,2026-09-12T13:38:22.334975+00:00,2025-12-19,2025-12-19,False,,20250911,2025-12,proportional_stratified_random_sample
2867,2679310,GuildMestar,2025-12-19,2025-12,"[""OffPath LLC""]","[""OffPath LLC""]",False,True,False,False,success,game,999,999,0,USD,True,9.99,9.99,2026-09-12T13:53:54.438671+00:00,2025-12-19,2025-12-19,False,,20250911,2025-12,proportional_stratified_random_sample
2868,2937090,Hunters Inc,2025-12-19,2025-12,"[""WYLDERZONE""]","[""WYLDERZONE""]",False,True,False,False,success,game,1499,674,55,USD,True,14.99,6.74,2026-09-12T14:10:41.249508+00:00,2025-12-19,2025-12-19,False,,20250911,2025-12,proportional_stratified_random_sample
2869,3166730,Forest Time,2025-12-19,2025-12,"[""Wandering Peak""]","[""Wandering Peak""]",False,True,True,False,success,game,599,599,0,USD,True,5.99,5.99,2026-09-12T14:31:40.959083+00:00,2025-12-19,2025-12-19,False,,20250911,2025-12,proportional_stratified_random_sample
2870,3720760,Dawg Game,2025-12-19,2025-12,"[""Big Noses Entertainment""]","[""Big Noses Entertainment""]",False,True,False,False,success,game,399,399,0,USD,True,3.99,3.99,2026-09-12T16:16:51.854795+00:00,2025-12-19,2025-12-19,False,,20250911,2025-12,proportional_stratified_random_sample
2871,3816720,Ghost Deliverer,2025-12-19,2025-12,"[""TEAMDADA""]","[""TEAMDADA""]",False,True,False,False,success,game,1899,1899,0,USD,True,18.99,18.99,2026-09-12T16:49:48.531898+00:00,2025-12-19,2025-12-19,False,,20250911,2025-12,proportional_stratified_random_sample
2872,3871250,Summit Drive a game by Luke Kim,2025-12-19,2025-12,"[""Luke Kim""]","[""Luke Kim""]",False,True,False,False,success,game,799,799,0,USD,True,7.99,7.99,2026-09-12T17:39:02.977782+00:00,2025-12-19,2025-12-19,False,,20250911,2025-12,proportional_stratified_random_sample
2873,3952640,Virtual Fighter Maneuvers,2025-12-19,2025-12,"[""Boundless Dynamics, LLC""]","[""Boundless Dynamics, LLC""]",False,True,False,False,success,game,1499,1499,0,USD,True,14.99,14.99,2026-09-13T06:03:17.128655+00:00,2025-12-19,2025-12-19,False,,20250911,2025-12,proportional_stratified_random_sample
2874,3998890,We Used to Play Here,2025-12-19,2025-12,"[""ThreeFrauds""]","[""ThreeFrauds""]",False,True,False,False,success,game,399,399,0,USD,True,3.99,3.99,2026-09-13T06:21:00.177687+00:00,2025-12-19,2025-12-19,False,,20250911,2025-12,proportional_stratified_random_sample
2875,4025420,P.I.S.,2025-12-19,2025-12,"[""STEAM STREET""]","[""STEAM STREET""]",False,True,False,False,success,game,299,299,0,USD,True,2.99,2.99,2026-09-13T06:30:23.968255+00:00,2025-12-19,2025-12-19,False,,20250911,2025-12,proportional_stratified_random_sample
2876,4035270,Space Rock Breaker,2025-12-19,2025-12,"[""WAKA WAKA""]","[""WAKA WAKA""]",False,True,False,False,success,game,299,299,0,USD,True,2.99,2.99,2026-09-13T06:33:19.981668+00:00,2025-12-19,2025-12-19,False,,20250911,2025-12,proportional_stratified_random_sample
2877,4160160,Dumbubu,2025-12-19,2025-12,"[""Upside Down 9""]","[""Upside Down 9""]",True,True,False,False,success,game,,,,,False,,,2026-09-13T07:12:28.328224+00:00,2025-12-19,2025-12-19,False,,20250911,2025-12,proportional_stratified_random_sample
2878,4175790,Grenzgänger - Aus der DDR in den Westen,2025-12-19,2025-12,"[""Playing History GmbH""]","[""Lern- und Erinnerungsort Notaufnahmelager Gießen""]",True,True,True,False,success,game,,,,,False,,,2026-09-13T07:16:38.731599+00:00,2025-12-19,2025-12-19,False,,20250911,2025-12,proportional_stratified_random_sample
2879,4194980,Dungeonfall,2025-12-19,2025-12,"[""AGNQ Tech Solutions""]","[""AGNQ Tech Solutions""]",False,True,True,True,success,game,399,399,0,USD,True,3.99,3.99,2026-09-13T07:20:34.695181+00:00,2025-12-19,2025-12-19,False,,20250911,2025-12,proportional_stratified_random_sample
2880,4199750,Escape Game Room Collection Vol.1,2025-12-19,2025-12,"[""NEAT ESCAPE""]","[""NEAT ESCAPE""]",False,True,False,False,success,game,1299,1299,0,USD,True,12.99,12.99,2026-09-13T07:21:25.972131+00:00,2025-12-19,2025-12-19,False,,20250911,2025-12,proportional_stratified_random_sample
2881,4212740,Fable Infinity,2025-12-19,2025-12,"[""Alexander Sassin""]","[""Alexander Sassin""]",False,True,False,False,success,game,6999,6999,0,USD,True,69.99,69.99,2026-09-13T07:23:44.939892+00:00,2025-12-19,2025-12-19,False,,20250911,2025-12,proportional_stratified_random_sample
2882,4224640,Vらいふ,2025-12-19,2025-12,"[""MeteorWing""]","[""MeteorWing""]",False,True,False,False,success,game,499,499,0,USD,True,4.99,4.99,2026-09-13T07:25:50.408798+00:00,2025-12-19,2025-12-19,False,,20250911,2025-12,proportional_stratified_random_sample
2883,3316690,the travelers,2025-12-20,2025-12,"[""Gabriel Games LLC""]","[""Gabriel Games LLC""]",False,True,False,False,success,game,499,499,0,USD,True,4.99,4.99,2026-09-12T14:54:43.825237+00:00,2025-12-20,2025-12-20,False,,20250911,2025-12,proportional_stratified_random_sample
2884,3565330,Squinky,2025-12-20,2025-12,"[""Lobigart""]","[""Lobigart""]",False,True,True,True,success,game,499,499,0,USD,True,4.99,4.99,2026-09-12T15:34:50.723274+00:00,2025-12-20,2025-12-20,False,,20250911,2025-12,proportional_stratified_random_sample
2885,3840250,Long Black-Haired Schoolgirl Survival Simulation Game,2025-12-20,2025-12,"[""stripmine""]","[""stripmine""]",False,True,True,False,success,game,299,299,0,USD,True,2.99,2.99,2026-09-12T17:08:11.317479+00:00,2025-12-20,2025-12-20,False,,20250911,2025-12,proportional_stratified_random_sample
2886,3871180,One more gem,2025-12-20,2025-12,"[""Cosmin Munteanu""]","[""Cosmin Munteanu""]",False,True,True,True,success,game,1599,1599,0,USD,True,15.99,15.99,2026-09-12T17:38:58.665852+00:00,2025-12-20,2025-12-20,False,,20250911,2025-12,proportional_stratified_random_sample
2887,3908260,Beat of Rebellion,2025-12-20,2025-12,"[""CyberRaccoons""]","[""AIV - Accademia Italiana Videogiochi""]",True,True,False,False,success,game,,,,,False,,,2026-09-12T17:57:10.125582+00:00,2025-12-20,2025-12-20,False,,20250911,2025-12,proportional_stratified_random_sample
2888,4122180,Truck Company,2025-12-20,2025-12,"[""GameCode""]","[""GameCode""]",True,True,False,False,success,game,,,,,False,,,2026-09-13T06:58:40.933232+00:00,2025-12-20,2025-12-20,False,,20250911,2025-12,proportional_stratified_random_sample
2889,4161370,The Entity Within,2025-12-20,2025-12,"[""MightyCodeDragon""]","[""MightyCodeDragon""]",False,True,False,False,success,game,299,299,0,USD,True,2.99,2.99,2026-09-13T07:12:51.729766+00:00,2025-12-20,2025-12-20,False,,20250911,2025-12,proportional_stratified_random_sample
2890,4169300,Operation: Outbreak,2025-12-20,2025-12,"[""DREADMITH Games""]","[""DREADMITH Games""]",True,True,False,False,success,game,,,,,False,,,2026-09-13T07:15:14.317590+00:00,2025-12-20,2025-12-20,False,,20250911,2025-12,proportional_stratified_random_sample
2891,3017040,Kando Realm,2025-12-21,2025-12,"[""KO Studio Games""]","[""KO Studio Games""]",True,True,False,False,success,game,,,,,False,,,2026-09-12T14:16:24.855290+00:00,2025-12-21,2025-12-21,False,,20250911,2025-12,proportional_stratified_random_sample
2892,4062800,PORTERS,2025-12-21,2025-12,"[""Rational Studios""]","[""Rational Studios""]",False,True,False,False,success,game,199,199,0,USD,True,1.99,1.99,2026-09-13T06:42:26.617746+00:00,2025-12-21,2025-12-21,False,,20250911,2025-12,proportional_stratified_random_sample
2893,4170730,ElDorado,2025-12-21,2025-12,"[""Garbage Games""]","[""Garbage Games""]",False,True,False,False,success,game,299,299,0,USD,True,2.99,2.99,2026-09-13T07:15:33.641445+00:00,2025-12-21,2025-12-21,False,,20250911,2025-12,proportional_stratified_random_sample
2894,3027310,Zombi Efem,2025-12-22,2025-12,"[""Spaceandtab Company""]","[""Spaceandtab Company""]",False,True,False,False,success,game,199,199,0,USD,True,1.99,1.99,2026-09-12T14:17:37.445410+00:00,2025-12-22,2025-12-22,False,,20250911,2025-12,proportional_stratified_random_sample
2895,3061100,栖云：遗忘之境 Oriental Dreams : The Forgotten Realm,2025-12-22,2025-12,"[""炭焱网络 Tantrum Network""]","[""山灰猫 ShanHuiMao""]",False,True,False,False,success,game,899,899,0,USD,True,8.99,8.99,2026-09-12T14:21:06.187135+00:00,2025-12-22,2025-12-22,False,,20250911,2025-12,proportional_stratified_random_sample
2896,3102750,The happiness of maggots,2025-12-22,2025-12,"[""君羊""]","[""君羊""]",False,True,False,False,success,game,499,499,0,USD,True,4.99,4.99,2026-09-12T14:25:08.732782+00:00,2025-12-22,2025-12-22,False,,20250911,2025-12,proportional_stratified_random_sample
2897,3131880,The Lubs: True Alliance,2025-12-22,2025-12,"[""Meerkat Gameworks""]","[""Meerkat Gameworks""]",False,True,False,False,success,game,99,99,0,USD,True,0.99,0.99,2026-09-12T14:28:31.974272+00:00,2025-12-22,2025-12-22,False,,20250911,2025-12,proportional_stratified_random_sample
2898,3356360,Moorhuhn Winter Edition,2025-12-22,2025-12,"[""Higgs Games GmbH"",""GeekPit Studio""]","[""Higgs Games GmbH""]",False,True,False,False,success,game,499,499,0,USD,True,4.99,4.99,2026-09-12T15:00:01.578141+00:00,2025-12-22,2025-12-22,False,,20250911,2025-12,proportional_stratified_random_sample
2899,3461560,Heist Royale,2025-12-22,2025-12,"[""Ballomizzy""]","[""Ballomizzy""]",True,True,False,False,success,game,,,,,False,,,2026-09-12T15:17:06.937686+00:00,2025-12-22,2025-12-22,False,,20250911,2025-12,proportional_stratified_random_sample
2900,3618090,Noosphere,2025-12-22,2025-12,"[""Mocha Games""]","[""Mocha Games""]",False,True,True,False,success,game,199,199,0,USD,True,1.99,1.99,2026-09-12T15:46:14.191163+00:00,2025-12-22,2025-12-22,False,,20250911,2025-12,proportional_stratified_random_sample
2901,3873440,Wolvenrise,2025-12-22,2025-12,"[""WildDream Studio""]","[""WildDream Studio""]",False,True,True,True,success,game,599,599,0,USD,True,5.99,5.99,2026-09-12T17:39:51.675718+00:00,2025-12-22,2025-12-22,False,,20250911,2025-12,proportional_stratified_random_sample
2902,3908770,Project Kouvola,2025-12-22,2025-12,"[""LowMoon [Al3x]""]","[""Yukimi GS""]",False,True,True,True,success,game,499,499,0,USD,True,4.99,4.99,2026-09-12T17:57:22.885214+00:00,2025-12-22,2025-12-22,False,,20250911,2025-12,proportional_stratified_random_sample
2903,4043890,Monroe Murders,2025-12-22,2025-12,"[""Palomino Games"",""Retro E11even""]","[""Palomino Games"",""Retro E11even""]",False,True,False,False,success,game,599,599,0,USD,True,5.99,5.99,2026-09-13T06:36:28.466655+00:00,2025-12-22,2025-12-22,False,,20250911,2025-12,proportional_stratified_random_sample
2904,4059600,Coffee Fox: Kim Sam-wol,2025-12-22,2025-12,"[""Mystic Quest""]","[""GaniTani""]",False,True,False,False,success,game,1699,1699,0,USD,True,16.99,16.99,2026-09-13T06:41:44.164380+00:00,2025-12-22,2025-12-22,False,,20250911,2025-12,proportional_stratified_random_sample
2905,4073530,Incursion,2025-12-22,2025-12,"[""Rudel Studios""]","[""Rudel Studios""]",False,True,False,False,success,game,99,99,0,USD,True,0.99,0.99,2026-09-13T06:45:45.927015+00:00,2025-12-22,2025-12-22,False,,20250911,2025-12,proportional_stratified_random_sample
2906,4133950,Agyaat,2025-12-22,2025-12,"[""Rajeev Ranjan""]","[""Rajeev Ranjan""]",False,True,False,False,success,game,299,299,0,USD,True,2.99,2.99,2026-09-13T07:05:47.178054+00:00,2025-12-22,2025-12-22,False,,20250911,2025-12,proportional_stratified_random_sample
2907,4162300,Obsessed : Trace,2025-12-22,2025-12,"[""arydk""]","[""Akhir Hayat Studio""]",False,True,False,False,success,game,499,499,0,USD,True,4.99,4.99,2026-09-13T07:13:23.564339+00:00,2025-12-22,2025-12-22,False,,20250911,2025-12,proportional_stratified_random_sample
2908,4178780,TheDrippingSound,2025-12-22,2025-12,"[""HONG HARYONG"",""JUNG YOUNJU""]","[""TSICGAMES""]",False,True,False,False,success,game,299,299,0,USD,True,2.99,2.99,2026-09-13T07:17:12.918199+00:00,2025-12-22,2025-12-22,False,,20250911,2025-12,proportional_stratified_random_sample
2909,4207860,エレベーション,2025-12-22,2025-12,"[""電話倉庫""]","[""電話倉庫""]",True,True,False,False,success,game,,,,,False,,,2026-09-13T07:22:40.410954+00:00,2025-12-22,2025-12-22,False,,20250911,2025-12,proportional_stratified_random_sample
2910,4212900,Super Sticker Studio - Creative Fun for Everyone,2025-12-22,2025-12,"[""Mcpeppergames""]","[""McPeppergames""]",False,True,False,False,success,game,799,799,0,USD,True,7.99,7.99,2026-09-13T07:23:47.015817+00:00,2025-12-22,2025-12-22,False,,20250911,2025-12,proportional_stratified_random_sample
2911,4229050,Error: Girlfriend Not Found,2025-12-22,2025-12,"[""Byte Me Studios""]","[""Byte Me Studios""]",False,True,True,True,success,game,99,99,0,USD,True,0.99,0.99,2026-09-13T07:26:22.077466+00:00,2025-12-22,2025-12-22,False,,20250911,2025-12,proportional_stratified_random_sample
2912,1423630,Holiday Harry,2025-12-23,2025-12,"[""Samer Khatib (Snowconesolid Productions)""]","[""Samer Khatib (Snowconesolid Productions)""]",False,True,True,False,success,game,799,799,0,USD,True,7.99,7.99,2026-09-12T13:05:57.215743+00:00,2025-12-23,2025-12-23,False,,20250911,2025-12,proportional_stratified_random_sample
2913,2461360,Click Cluck,2025-12-23,2025-12,"[""Amca Games""]","[""Amca Games""]",False,True,False,False,success,game,199,199,0,USD,True,1.99,1.99,2026-09-12T13:44:28.326263+00:00,2025-12-23,2025-12-23,False,,20250911,2025-12,proportional_stratified_random_sample
2914,3291040,Ordinary Heroes,2025-12-23,2025-12,"[""COW Studios""]","[""COW Studios""]",False,True,False,False,success,game,899,899,0,USD,True,8.99,8.99,2026-09-12T14:52:08.133878+00:00,2025-12-23,2025-12-23,False,,20250911,2025-12,proportional_stratified_random_sample
2915,3734310,Your Takeout,2025-12-23,2025-12,"[""白金城""]","[""白金城""]",False,True,False,False,success,game,599,599,0,USD,True,5.99,5.99,2026-09-12T16:20:22.943725+00:00,2025-12-23,2025-12-23,False,,20250911,2025-12,proportional_stratified_random_sample
2916,3851640,Striking Wine,2025-12-23,2025-12,"[""hyacinthlet""]","[""hyacinthlet""]",False,True,False,False,success,game,899,899,0,USD,True,8.99,8.99,2026-09-12T17:14:08.033453+00:00,2025-12-23,2025-12-23,False,,20250911,2025-12,proportional_stratified_random_sample
2917,3947690,Six Mysteries and One Lie,2025-12-23,2025-12,"[""こそあどピエロ""]","[""こそあどピエロ""]",False,True,False,False,success,game,399,399,0,USD,True,3.99,3.99,2026-09-13T06:01:03.432191+00:00,2025-12-23,2025-12-23,False,,20250911,2025-12,proportional_stratified_random_sample
2918,4182160,Defend The General,2025-12-23,2025-12,"[""N1""]","[""N1""]",False,True,False,False,success,game,99,99,0,USD,True,0.99,0.99,2026-09-13T07:17:42.117347+00:00,2025-12-23,2025-12-23,False,,20250911,2025-12,proportional_stratified_random_sample
2919,4199400,Rock Paper Scissors: The Roguelike Puzzle Game,2025-12-23,2025-12,"[""LunarCore Games""]","[""LunarCore Games""]",False,True,False,False,success,game,299,299,0,USD,True,2.99,2.99,2026-09-13T07:21:21.735905+00:00,2025-12-23,2025-12-23,False,,20250911,2025-12,proportional_stratified_random_sample
2920,4203490,Typing English,2025-12-23,2025-12,"[""Novare Orbis""]","[""Novare Orbis""]",False,True,False,False,success,game,799,799,0,USD,True,7.99,7.99,2026-09-13T07:22:06.698586+00:00,2025-12-23,2025-12-23,False,,20250911,2025-12,proportional_stratified_random_sample
2921,4230400,Cubio,2025-12-23,2025-12,"[""cnsmini""]","[""cnsmini""]",False,True,False,False,success,game,99,99,0,USD,True,0.99,0.99,2026-09-13T07:26:26.242492+00:00,2025-12-23,2025-12-23,False,,20250911,2025-12,proportional_stratified_random_sample
2922,4231650,SwingJump,2025-12-23,2025-12,"[""EmiDev""]","[""EmiDev""]",False,True,True,False,success,game,99,99,0,USD,True,0.99,0.99,2026-09-13T07:26:37.058989+00:00,2025-12-23,2025-12-23,False,,20250911,2025-12,proportional_stratified_random_sample
2923,1731000,Skulker,2025-12-24,2025-12,"[""Krow Game""]","[""Krow Game""]",False,True,False,False,success,game,999,999,0,USD,True,9.99,9.99,2026-09-12T13:11:30.255702+00:00,2025-12-24,2025-12-24,False,,20250911,2025-12,proportional_stratified_random_sample
2924,2959130,Ghost Shooter,2025-12-24,2025-12,"[""ElefseriaGames""]","[""ElefseriaGames""]",False,True,False,False,success,game,499,499,0,USD,True,4.99,4.99,2026-09-12T14:12:18.511663+00:00,2025-12-24,2025-12-24,False,,20250911,2025-12,proportional_stratified_random_sample
2925,3036800,PRITTO PRISONER,2025-12-24,2025-12,"[""PinCool""]","[""PinCool""]",False,True,True,False,success,game,999,999,0,USD,True,9.99,9.99,2026-09-12T14:18:49.887182+00:00,2025-12-24,2025-12-24,False,,20250911,2025-12,proportional_stratified_random_sample
2926,3111670,programming-factory-2,2025-12-24,2025-12,"[""KUOKUO""]","[""KUOKUO""]",False,True,False,False,success,game,399,399,0,USD,True,3.99,3.99,2026-09-12T14:26:33.928080+00:00,2025-12-24,2025-12-24,False,,20250911,2025-12,proportional_stratified_random_sample
2927,3282260,Marble Quest,2025-12-24,2025-12,"[""Wolf Developer"",""ReelablePenny14""]","[""Team Marble Quest""]",False,True,False,False,success,game,499,499,0,USD,True,4.99,4.99,2026-09-12T14:51:00.500497+00:00,2025-12-24,2025-12-24,False,,20250911,2025-12,proportional_stratified_random_sample
2928,3406910,Game Of Fate 3：Clash Of Crowns,2025-12-24,2025-12,"[""KARMAGAME HK LIMITED""]","[""EpicDream Games""]",False,True,True,False,success,game,1679,1679,0,USD,True,16.79,16.79,2026-09-12T15:07:49.375491+00:00,2025-12-24,2025-12-24,False,,20250911,2025-12,proportional_stratified_random_sample
2929,3458720,Cannoneer,2025-12-24,2025-12,"[""dReal""]","[""dReal""]",False,True,False,False,success,game,1199,1199,0,USD,True,11.99,11.99,2026-09-12T15:16:43.606297+00:00,2025-12-24,2025-12-24,False,,20250911,2025-12,proportional_stratified_random_sample
2930,3783190,Useless Timmy,2025-12-24,2025-12,"[""KAWA Games""]","[""KAWA Games""]",False,True,False,False,success,game,999,999,0,USD,True,9.99,9.99,2026-09-12T16:34:40.259462+00:00,2025-12-24,2025-12-24,False,,20250911,2025-12,proportional_stratified_random_sample
2931,3869100,TearItUp® Remix,2025-12-24,2025-12,"[""Immure Creations®""]","[""Immure Creations®""]",False,True,True,True,success,game,599,599,0,USD,True,5.99,5.99,2026-09-12T17:37:39.915734+00:00,2025-12-24,2025-12-24,False,,20250911,2025-12,proportional_stratified_random_sample
2932,3918570,Yes,2025-12-24,2025-12,"[""Fluflu 64""]","[""Fluflu 64""]",False,True,False,False,success,game,99,99,0,USD,True,0.99,0.99,2026-09-12T18:01:45.563868+00:00,2025-12-24,2025-12-24,False,,20250911,2025-12,proportional_stratified_random_sample
2933,4140370,Lang Ops: Korean (intro to learn language),2025-12-24,2025-12,"[""Strange Volume Project""]","[""Strange Volume Project""]",False,True,False,False,success,game,570,570,0,USD,True,5.7,5.7,2026-09-13T07:07:35.310397+00:00,2025-12-24,2025-12-24,False,,20250911,2025-12,proportional_stratified_random_sample
2934,4217990,Sugoroku New Year's Party,2025-12-24,2025-12,"[""SAT-BOX""]","[""SAT-BOX""]",False,True,False,False,success,game,1199,1199,0,USD,True,11.99,11.99,2026-09-13T07:24:29.669843+00:00,2025-12-24,2025-12-24,False,,20250911,2025-12,proportional_stratified_random_sample
2935,4235540,宝姉妹 | スクラッチシミュレーター,2025-12-24,2025-12,"[""久川はる"",""園児ニア""]","[""久川はる""]",True,True,False,False,success,game,,,,,False,,,2026-09-13T07:27:04.487238+00:00,2025-12-24,2025-12-24,False,,20250911,2025-12,proportional_stratified_random_sample
2936,4236610,Halls of the damned,2025-12-24,2025-12,"[""Team EX""]","[""Team EX""]",False,True,False,False,success,game,99,99,0,USD,True,0.99,0.99,2026-09-13T07:27:12.876562+00:00,2025-12-24,2025-12-24,False,,20250911,2025-12,proportional_stratified_random_sample
2937,2462430,Rogue Slots,2025-12-25,2025-12,"[""WubsGames""]","[""WubsGames""]",True,True,False,False,success,game,,,,,False,,,2026-09-12T13:44:30.442714+00:00,2025-12-25,2025-12-25,False,,20250911,2025-12,proportional_stratified_random_sample
2938,3062450,The Whittled Horse,2025-12-25,2025-12,"[""IsaacVoie""]","[""IsaacVoie""]",True,True,False,False,success,game,,,,,False,,,2026-09-12T14:21:17.031509+00:00,2025-12-25,2025-12-25,False,,20250911,2025-12,proportional_stratified_random_sample
2939,3693720,Concerto on White: Cajon Story,2025-12-25,2025-12,"[""C11 Games""]","[""C11 Games""]",False,True,False,False,success,game,899,899,0,USD,True,8.99,8.99,2026-09-12T16:07:49.343251+00:00,2025-12-25,2025-12-25,False,,20250911,2025-12,proportional_stratified_random_sample
2940,3790060,Bound Between Desks,2025-12-25,2025-12,"[""AnyTale Game Studios""]","[""ANYTALE LLC""]",True,True,True,True,success,game,,,,,False,,,2026-09-12T16:37:12.947009+00:00,2025-12-25,2025-12-25,False,,20250911,2025-12,proportional_stratified_random_sample
2941,3816450,Amatsuko,2025-12-25,2025-12,"[""Arnau""]","[""Companyia Catalana d'Orient""]",False,True,False,False,success,game,1399,1399,0,USD,True,13.99,13.99,2026-09-12T16:49:42.129531+00:00,2025-12-25,2025-12-25,False,,20250911,2025-12,proportional_stratified_random_sample
2942,3844490,Wald-Guard,2025-12-25,2025-12,"[""Licht_Fisch""]","[""Licht_Fisch""]",False,True,False,False,success,game,399,399,0,USD,True,3.99,3.99,2026-09-12T17:10:46.555413+00:00,2025-12-25,2025-12-25,False,,20250911,2025-12,proportional_stratified_random_sample
2943,4140080,Russian prison,2025-12-25,2025-12,"[""Queen of pain""]","[""Queen of pain""]",False,True,False,False,success,game,499,499,0,USD,True,4.99,4.99,2026-09-13T07:07:29.688256+00:00,2025-12-25,2025-12-25,False,,20250911,2025-12,proportional_stratified_random_sample
2944,4188280,Balls2,2025-12-25,2025-12,"[""Black Disk""]","[""Black Disk""]",False,True,False,True,success,game,499,499,0,USD,True,4.99,4.99,2026-09-13T07:19:07.600455+00:00,2025-12-25,2025-12-25,False,,20250911,2025-12,proportional_stratified_random_sample
2945,4203610,Last Gate,2025-12-25,2025-12,"[""Village Wind""]","[""Village Wind""]",False,True,False,False,success,game,499,499,0,USD,True,4.99,4.99,2026-09-13T07:22:08.810833+00:00,2025-12-25,2025-12-25,False,,20250911,2025-12,proportional_stratified_random_sample
2946,4213650,Hazen's Children,2025-12-25,2025-12,"[""TheStar121""]","[""TheStar121""]",False,True,False,False,success,game,499,499,0,USD,True,4.99,4.99,2026-09-13T07:23:57.476537+00:00,2025-12-25,2025-12-25,False,,20250911,2025-12,proportional_stratified_random_sample
2947,4222340,Denpa Nightmares,2025-12-25,2025-12,"[""不重要"",""候鳥"",""小千"",""心豚""]","[""千鳥豚工作室""]",True,True,False,False,success,game,,,,,False,,,2026-09-13T07:25:33.438089+00:00,2025-12-25,2025-12-25,False,,20250911,2025-12,proportional_stratified_random_sample
2948,4232770,Driver Night Trip,2025-12-25,2025-12,"[""Bell Studio""]","[""Bell Studio""]",False,True,False,False,success,game,599,119,80,USD,True,5.99,1.19,2026-09-13T07:26:47.637220+00:00,2025-12-25,2025-12-25,False,,20250911,2025-12,proportional_stratified_random_sample
2949,4233260,Cybersoul,2025-12-25,2025-12,"[""Recoil Mojo""]","[""Mojo Games""]",True,True,False,False,success,game,,,,,False,,,2026-09-13T07:26:49.678865+00:00,2025-12-25,2025-12-25,False,,20250911,2025-12,proportional_stratified_random_sample
2950,4234540,Children's Future,2025-12-25,2025-12,"[""西田匡泰""]","[""西田匡泰""]",False,True,False,False,success,game,99,99,0,USD,True,0.99,0.99,2026-09-13T07:26:57.934785+00:00,2025-12-25,2025-12-25,False,,20250911,2025-12,proportional_stratified_random_sample
2951,4236590,world of Y,2025-12-25,2025-12,"[""YAO""]","[""YAO""]",False,True,False,False,success,game,999,999,0,USD,True,9.99,9.99,2026-09-13T07:27:10.751563+00:00,2025-12-25,2025-12-25,False,,20250911,2025-12,proportional_stratified_random_sample
2952,3185010,Hounimal,2025-12-26,2025-12,"[""TONTORO Games""]","[""TONTORO""]",False,True,False,False,success,game,899,899,0,USD,True,8.99,8.99,2026-09-12T14:33:36.299317+00:00,2025-12-26,2025-12-26,False,,20250911,2025-12,proportional_stratified_random_sample
2953,3709950,光芒世界·暗影中的少女,2025-12-26,2025-12,"[""镜子社ZERKALO""]","[""镜子社ZERKALO""]",True,True,False,False,success,game,,,,,False,,,2026-09-12T16:13:46.879690+00:00,2025-12-26,2025-12-26,False,,20250911,2025-12,proportional_stratified_random_sample
2954,3863120,Machine TakeOver,2025-12-26,2025-12,"[""Burak S.""]","[""Burak S.""]",False,True,False,False,success,game,699,699,0,USD,True,6.99,6.99,2026-09-12T17:34:23.907408+00:00,2025-12-26,2025-12-26,False,,20250911,2025-12,proportional_stratified_random_sample
2955,3996530,Maggie's Farmyard Adventure,2025-12-26,2025-12,"[""Brøderbund"",""Jordan Freeman Group"",""Living Books"",""Wanderful Interactive Storybooks""]","[""ZOOM Platform Media"",""Wanderful Interactive Storybooks""]",False,True,False,False,success,game,999,999,0,USD,True,9.99,9.99,2026-09-13T06:20:05.175257+00:00,2025-12-26,2025-12-26,False,,20250911,2025-12,proportional_stratified_random_sample
2956,4056630,Harry and the Haunted House,2025-12-26,2025-12,"[""Brøderbund"",""Jordan Freeman Group"",""Living Books"",""Wanderful Interactive Storybooks""]","[""ZOOM Platform Media"",""NoodleWorks Interactive"",""Wanderful Interactive Storybooks""]",False,True,True,True,success,game,999,999,0,USD,True,9.99,9.99,2026-09-13T06:41:04.650139+00:00,2025-12-26,2025-12-26,False,,20250911,2025-12,proportional_stratified_random_sample
2957,4135730,GoGDoD,2025-12-26,2025-12,"[""WAP""]","[""WAP""]",False,True,True,True,success,game,499,499,0,USD,True,4.99,4.99,2026-09-13T07:06:20.917984+00:00,2025-12-26,2025-12-26,False,,20250911,2025-12,proportional_stratified_random_sample
2958,4177540,NOVA ATLANTIS,2025-12-26,2025-12,"[""Silvio Reis""]","[""Silvio Reis""]",False,True,False,False,success,game,499,499,0,USD,True,4.99,4.99,2026-09-13T07:16:53.536240+00:00,2025-12-26,2025-12-26,False,,20250911,2025-12,proportional_stratified_random_sample
2959,4240940,Gnomophobia,2025-12-26,2025-12,"[""Void Chamber""]","[""Void Chamber""]",False,True,False,False,success,game,299,299,0,USD,True,2.99,2.99,2026-09-13T07:27:31.939577+00:00,2025-12-26,2025-12-26,False,,20250911,2025-12,proportional_stratified_random_sample
2960,1963370,No One Survived,2025-12-27,2025-12,"[""Cat Play Studio""]","[""Cat Play Studio""]",False,True,False,False,success,game,1699,1699,0,USD,True,16.99,16.99,2026-09-12T13:20:22.614424+00:00,2025-12-27,2025-12-27,False,,20250911,2025-12,proportional_stratified_random_sample
2961,3302620,Live Well,2025-12-27,2025-12,"[""SoteroApps""]","[""SoteroApps""]",False,True,False,False,success,game,299,299,0,USD,True,2.99,2.99,2026-09-12T14:53:35.126326+00:00,2025-12-27,2025-12-27,False,,20250911,2025-12,proportional_stratified_random_sample
2962,3830610,RETRYS,2025-12-27,2025-12,"[""Studio Garage Inc.""]","[""Studio Garage Inc.""]",False,True,False,False,success,game,999,999,0,USD,True,9.99,9.99,2026-09-12T16:57:19.965867+00:00,2025-12-27,2025-12-27,False,,20250911,2025-12,proportional_stratified_random_sample
2963,4000480,Boffins History Quiz Reel,2025-12-27,2025-12,"[""Coded Relics""]","[""Coded Relics""]",False,True,False,False,success,game,199,199,0,USD,True,1.99,1.99,2026-09-13T06:21:48.368535+00:00,2025-12-27,2025-12-27,False,,20250911,2025-12,proportional_stratified_random_sample
2964,4081960,Push and Plunder,2025-12-27,2025-12,"[""JK's Gamedev""]","[""JK's Gamedev""]",False,True,False,False,success,game,499,499,0,USD,True,4.99,4.99,2026-09-13T06:47:49.357958+00:00,2025-12-27,2025-12-27,False,,20250911,2025-12,proportional_stratified_random_sample
2965,4220940,Five Nights In Saransk,2025-12-27,2025-12,"["" Pine Games""]","["" Pine Games""]",False,True,False,False,success,game,99,99,0,USD,True,0.99,0.99,2026-09-13T07:25:05.756672+00:00,2025-12-27,2025-12-27,False,,20250911,2025-12,proportional_stratified_random_sample
2966,3252440,Geon,2025-12-28,2025-12,"[""Zorrid""]","[""Zorrid""]",False,True,False,False,success,game,599,599,0,USD,True,5.99,5.99,2026-09-12T14:41:09.679076+00:00,2025-12-28,2025-12-28,False,,20250911,2025-12,proportional_stratified_random_sample
2967,3505600,Panopticon,2025-12-28,2025-12,"[""Achimphang Studio""]","[""Achimphang Studio""]",False,True,False,False,success,game,699,699,0,USD,True,6.99,6.99,2026-09-12T15:24:23.075108+00:00,2025-12-28,2025-12-28,False,,20250911,2025-12,proportional_stratified_random_sample
2968,4205860,World Without,2025-12-28,2025-12,"[""Neo Studios""]","[""Neocode""]",False,True,False,False,success,game,1499,1499,0,USD,True,14.99,14.99,2026-09-13T07:22:34.288133+00:00,2025-12-28,2025-12-28,False,,20250911,2025-12,proportional_stratified_random_sample
2969,4221760,Endless Tiles,2025-12-28,2025-12,"[""Zemon""]","[""Zemon""]",False,True,False,False,success,game,599,599,0,USD,True,5.99,5.99,2026-09-13T07:25:20.622899+00:00,2025-12-28,2025-12-28,False,,20250911,2025-12,proportional_stratified_random_sample
2970,3726630,Depths of Insanity 3,2025-12-29,2025-12,"[""Sloppy Joe Studios""]","[""Sloppy Joe Studios""]",False,True,False,False,success,game,999,999,0,USD,True,9.99,9.99,2026-09-12T16:18:39.406895+00:00,2025-12-29,2025-12-29,False,,20250911,2025-12,proportional_stratified_random_sample
2971,4112630,H4CT0PL45M,2025-12-29,2025-12,"[""MetricBead""]","[""MetricBead""]",False,True,False,True,success,game,499,499,0,USD,True,4.99,4.99,2026-09-13T06:55:55.455680+00:00,2025-12-29,2025-12-29,False,,20250911,2025-12,proportional_stratified_random_sample
2972,4217330,Six Seals,2025-12-29,2025-12,"[""Horrawr""]","[""Horrawr""]",False,True,False,False,success,game,399,79,80,USD,True,3.99,0.79,2026-09-13T07:24:23.172111+00:00,2025-12-29,2025-12-29,False,,20250911,2025-12,proportional_stratified_random_sample
2973,4222270,Dear Lighthouse,2025-12-29,2025-12,"[""NLX2""]","[""NLX2""]",False,True,False,False,success,game,599,599,0,USD,True,5.99,5.99,2026-09-13T07:25:29.182845+00:00,2025-12-29,2025-12-29,False,,20250911,2025-12,proportional_stratified_random_sample
2974,4231540,SportsBlitz,2025-12-29,2025-12,"[""Hayden Longfield"",""Thomas Drage"",""Blake Cardilini"",""Jeremiah Franklin"",""AJ Weston"",""Luke Woodman""]","[""SportsBlitz""]",True,True,False,False,success,game,,,,,False,,,2026-09-13T07:26:34.843864+00:00,2025-12-29,2025-12-29,False,,20250911,2025-12,proportional_stratified_random_sample
2975,4249550,The Frog That Leapt Too Far,2025-12-29,2025-12,"[""FeetEnjoyer""]","[""FeetEnjoyer""]",True,True,False,True,success,game,,,,,False,,,2026-09-13T07:28:01.978650+00:00,2025-12-29,2025-12-29,False,,20250911,2025-12,proportional_stratified_random_sample
2976,3313200,Cat Snap,2025-12-30,2025-12,"[""Max Neet Games""]","[""Max Neet Games""]",False,True,False,False,success,game,499,499,0,USD,True,4.99,4.99,2026-09-12T14:54:35.251253+00:00,2025-12-30,2025-12-30,False,,20250911,2025-12,proportional_stratified_random_sample
2977,3771660,Pass Tiger Cage,2025-12-30,2025-12,"[""中军MT""]","[""中军MT""]",False,True,False,False,success,game,699,699,0,USD,True,6.99,6.99,2026-09-12T16:31:29.530624+00:00,2025-12-30,2025-12-30,False,,20250911,2025-12,proportional_stratified_random_sample
2978,3854060,FlippUp,2025-12-30,2025-12,"[""Try Again Entertainment""]","[""Try Again Entertainment""]",False,True,False,True,success,game,999,999,0,USD,True,9.99,9.99,2026-09-12T17:15:35.642507+00:00,2025-12-30,2025-12-30,False,,20250911,2025-12,proportional_stratified_random_sample
2979,4123500,Samurai Ace,2025-12-30,2025-12,"[""Zerodiv""]","[""KMBOX""]",False,True,False,False,success,game,999,999,0,USD,True,9.99,9.99,2026-09-13T06:59:04.299818+00:00,2025-12-30,2025-12-30,False,,20250911,2025-12,proportional_stratified_random_sample
2980,4164440,Meow Time Machine: VAN GOGH Plus,2025-12-30,2025-12,"[""Magic Cat""]","[""Indofun""]",False,True,False,False,success,game,599,599,0,USD,True,5.99,5.99,2026-09-13T07:13:59.657889+00:00,2025-12-30,2025-12-30,False,,20250911,2025-12,proportional_stratified_random_sample
2981,4168670,Maelslime,2025-12-30,2025-12,"[""WinstonK""]","[""WinstonK""]",False,True,False,False,success,game,99,99,0,USD,True,0.99,0.99,2026-09-13T07:14:55.307506+00:00,2025-12-30,2025-12-30,False,,20250911,2025-12,proportional_stratified_random_sample
2982,4226540,Hidden Paradise: Kiwi Christmas Collector's Edition,2025-12-30,2025-12,"[""Do Games Limited""]","[""Do Games Limited""]",False,True,False,False,success,game,1199,1199,0,USD,True,11.99,11.99,2026-09-13T07:26:03.006005+00:00,2025-12-30,2025-12-30,False,,20250911,2025-12,proportional_stratified_random_sample
2983,4256310,S.P.E.C.T.O.R 01,2025-12-30,2025-12,"[""NAKGAMES""]","[""NAKGAMES""]",True,True,False,False,success,game,,,,,False,,,2026-09-13T07:28:12.660811+00:00,2025-12-30,2025-12-30,False,,20250911,2025-12,proportional_stratified_random_sample
2984,2617360,Paddle Protectors,2025-12-31,2025-12,"[""Huhi Games""]","[""Huhi Games""]",False,True,False,False,success,game,599,599,0,USD,True,5.99,5.99,2026-09-12T13:51:03.605000+00:00,2025-12-31,2025-12-31,False,,20250911,2025-12,proportional_stratified_random_sample
2985,3220430,Mind Hole,2025-12-31,2025-12,"[""James H. Van der Meulen""]","[""Trash Vomit Studios""]",False,True,False,False,success,game,799,799,0,USD,True,7.99,7.99,2026-09-12T14:38:08.711245+00:00,2025-12-31,2025-12-31,False,,20250911,2025-12,proportional_stratified_random_sample
2986,3312430,Second Odium,2025-12-31,2025-12,"[""James H. Van der Meulen""]","[""Trash Vomit Studios""]",False,True,False,False,success,game,1299,1299,0,USD,True,12.99,12.99,2026-09-12T14:54:31.138805+00:00,2025-12-31,2025-12-31,False,,20250911,2025-12,proportional_stratified_random_sample
2987,3436650,No Other Alchemists Here,2025-12-31,2025-12,"[""Trabasura""]","[""Trabasura""]",False,True,True,False,success,game,599,599,0,USD,True,5.99,5.99,2026-09-12T15:12:41.755776+00:00,2025-12-31,2025-12-31,False,,20250911,2025-12,proportional_stratified_random_sample
2988,3486280,Long Knives,2025-12-31,2025-12,"[""Jade Hex""]","[""Jade Hex""]",True,True,True,False,success,game,,,,,False,,,2026-09-12T15:21:25.291262+00:00,2025-12-31,2025-12-31,False,,20250911,2025-12,proportional_stratified_random_sample
2989,3533360,Filiy Eclipse,2025-12-31,2025-12,"[""Muramasa Fudo""]","[""Muramasa Fudo""]",False,True,False,False,success,game,1299,1299,0,USD,True,12.99,12.99,2026-09-12T15:28:50.199814+00:00,2025-12-31,2025-12-31,False,,20250911,2025-12,proportional_stratified_random_sample
2990,3535330,Terraspace,2025-12-31,2025-12,"[""Black Apple""]","[""Black Apple""]",False,True,False,False,success,game,799,799,0,USD,True,7.99,7.99,2026-09-12T15:29:14.049483+00:00,2025-12-31,2025-12-31,False,,20250911,2025-12,proportional_stratified_random_sample
2991,3582270,RYZY NYIL,2025-12-31,2025-12,"[""SB_Games_Public""]","[""SB_Games_Public""]",False,True,False,False,success,game,999,299,70,USD,True,9.99,2.99,2026-09-12T15:38:09.397917+00:00,2025-12-31,2025-12-31,False,,20250911,2025-12,proportional_stratified_random_sample
2992,3606340,Harvest Reaper,2025-12-31,2025-12,"[""James H. Van der Meulen""]","[""Trash Vomit Studios""]",False,True,False,False,success,game,499,499,0,USD,True,4.99,4.99,2026-09-12T15:43:34.528889+00:00,2025-12-31,2025-12-31,False,,20250911,2025-12,proportional_stratified_random_sample
2993,3743850,Late Hours,2025-12-31,2025-12,"[""Miguel Roman"",""Yasmany Roman""]","[""Rapture Ready Games""]",False,True,False,False,success,game,699,699,0,USD,True,6.99,6.99,2026-09-12T16:22:46.806657+00:00,2025-12-31,2025-12-31,False,,20250911,2025-12,proportional_stratified_random_sample
2994,3985770,Arrow Spire: Tower Defense,2025-12-31,2025-12,"[""Kettle Studio""]","[""Kettle Studio""]",False,True,True,True,success,game,299,209,30,USD,True,2.99,2.09,2026-09-13T06:16:05.874819+00:00,2025-12-31,2025-12-31,False,,20250911,2025-12,proportional_stratified_random_sample
2995,4130720,Pulse Grid,2025-12-31,2025-12,"[""John Mark Presents""]","[""John Mark Presents""]",False,True,False,False,success,game,499,499,0,USD,True,4.99,4.99,2026-09-13T07:01:03.916370+00:00,2025-12-31,2025-12-31,False,,20250911,2025-12,proportional_stratified_random_sample
2996,4187520,Periodic Table Game,2025-12-31,2025-12,"[""THE NESTING GROUNDS""]","[""GLORIOUSALBATROSS""]",False,True,False,True,success,game,199,199,0,USD,True,1.99,1.99,2026-09-13T07:18:53.060128+00:00,2025-12-31,2025-12-31,False,,20250911,2025-12,proportional_stratified_random_sample
2997,4217800,Sweeper,2025-12-31,2025-12,"[""Solarbang""]","[""Solarbang""]",False,True,False,False,success,game,499,499,0,USD,True,4.99,4.99,2026-09-13T07:24:27.519356+00:00,2025-12-31,2025-12-31,False,,20250911,2025-12,proportional_stratified_random_sample
2998,4221860,Sycophant,2025-12-31,2025-12,"[""Fractious""]","[""Fractious""]",False,True,False,False,success,game,3499,3499,0,USD,True,34.99,34.99,2026-09-13T07:25:24.748021+00:00,2025-12-31,2025-12-31,False,,20250911,2025-12,proportional_stratified_random_sample
2999,4232360,Buttons Up!,2025-12-31,2025-12,"[""Jestercraft""]","[""Jestercraft""]",False,True,True,True,success,game,199,199,0,USD,True,1.99,1.99,2026-09-13T07:26:43.443354+00:00,2025-12-31,2025-12-31,False,,20250911,2025-12,proportional_stratified_random_sample
3000,4241940,Sundered Soul: Chains of the Undying,2025-12-31,2025-12,"[""Aeoln Studios""]","[""Aeoln Studios""]",False,True,False,False,success,game,799,799,0,USD,True,7.99,7.99,2026-09-13T07:27:42.635558+00:00,2025-12-31,2025-12-31,False,,20250911,2025-12,proportional_stratified_random_sample
