appid,genre_id,genre_name
267390,25,Adventure
427410,1,Action
427410,25,Adventure
427410,28,Simulation
427410,3,RPG
444930,1,Action
444930,18,Sports
444930,23,Indie
444930,28,Simulation
444930,37,Free To Play
444930,4,Casual
444930,9,Racing
496170,23,Indie
496170,25,Adventure
496170,4,Casual
497880,2,Strategy
497880,23,Indie
497880,4,Casual
523630,1,Action
523630,23,Indie
523630,25,Adventure
533610,1,Action
533610,23,Indie
533610,25,Adventure
541300,1,Action
541300,23,Indie
541300,25,Adventure
541300,28,Simulation
541300,29,Massively Multiplayer
606160,1,Action
606160,23,Indie
606160,25,Adventure
633080,1,Action
633080,23,Indie
633080,25,Adventure
633080,3,RPG
660200,1,Action
660200,2,Strategy
660200,23,Indie
660200,4,Casual
660200,70,Early Access
662000,2,Strategy
662000,23,Indie
662000,28,Simulation
662000,37,Free To Play
690320,1,Action
690320,23,Indie
766500,1,Action
766500,23,Indie
766500,25,Adventure
832360,2,Strategy
832360,23,Indie
832360,28,Simulation
832360,4,Casual
863970,1,Action
863970,23,Indie
887330,1,Action
887330,2,Strategy
990380,1,Action
990380,25,Adventure
993770,1,Action
993770,2,Strategy
993770,23,Indie
993770,37,Free To Play
1004640,2,Strategy
1004640,3,RPG
1024820,1,Action
1024820,18,Sports
1024820,23,Indie
1024820,28,Simulation
1024820,70,Early Access
1033380,23,Indie
1056170,1,Action
1056170,23,Indie
1057580,1,Action
1057580,23,Indie
1057580,28,Simulation
1057580,4,Casual
1058230,23,Indie
1058230,4,Casual
1058710,2,Strategy
1058710,23,Indie
1058710,28,Simulation
1058710,3,RPG
1101650,1,Action
1101650,18,Sports
1101650,23,Indie
1101650,28,Simulation
1101650,3,RPG
1101650,70,Early Access
1101650,9,Racing
1126340,23,Indie
1141550,1,Action
1141550,23,Indie
1141550,25,Adventure
1141550,28,Simulation
1141550,4,Casual
1151990,2,Strategy
1151990,23,Indie
1151990,25,Adventure
1151990,4,Casual
1154140,2,Strategy
1154140,23,Indie
1154140,25,Adventure
1154140,28,Simulation
1154140,3,RPG
1154140,4,Casual
1156820,1,Action
1156820,23,Indie
1156820,3,RPG
1166940,1,Action
1166940,23,Indie
1166940,25,Adventure
1170570,23,Indie
1170570,25,Adventure
1191050,1,Action
1191050,23,Indie
1191050,25,Adventure
1191050,9,Racing
1194040,23,Indie
1194040,4,Casual
1201700,2,Strategy
1201700,23,Indie
1201700,28,Simulation
1239360,1,Action
1239360,23,Indie
1239360,25,Adventure
1239360,70,Early Access
1264970,2,Strategy
1264970,23,Indie
1273640,23,Indie
1273640,25,Adventure
1273640,4,Casual
1274700,1,Action
1274700,23,Indie
1274700,70,Early Access
1275550,23,Indie
1275550,25,Adventure
1283360,1,Action
1283360,23,Indie
1292460,1,Action
1292460,23,Indie
1292460,25,Adventure
1292460,3,RPG
1295870,2,Strategy
1295870,3,RPG
1296660,1,Action
1296660,2,Strategy
1296660,23,Indie
1296660,25,Adventure
1298430,2,Strategy
1298430,23,Indie
1298430,3,RPG
1298430,70,Early Access
1308940,23,Indie
1308940,25,Adventure
1308940,4,Casual
1329030,23,Indie
1329030,4,Casual
1330360,2,Strategy
1330360,28,Simulation
1330360,3,RPG
1330360,70,Early Access
1342490,1,Action
1342690,23,Indie
1342690,25,Adventure
1344550,1,Action
1344550,23,Indie
1344550,3,RPG
1380990,1,Action
1380990,23,Indie
1380990,25,Adventure
1386750,1,Action
1386750,23,Indie
1386750,25,Adventure
1386750,3,RPG
1395520,25,Adventure
1408090,23,Indie
1408090,28,Simulation
1408090,4,Casual
1408730,1,Action
1408730,23,Indie
1408730,25,Adventure
1410450,1,Action
1410450,25,Adventure
1410450,37,Free To Play
1421250,23,Indie
1421250,25,Adventure
1423630,1,Action
1423630,18,Sports
1423630,2,Strategy
1423630,23,Indie
1423630,25,Adventure
1423630,28,Simulation
1423630,3,RPG
1423630,4,Casual
1425980,23,Indie
1425980,25,Adventure
1425980,28,Simulation
1425980,29,Massively Multiplayer
1425980,4,Casual
1427070,1,Action
1427070,23,Indie
1427070,4,Casual
1427070,70,Early Access
1447820,1,Action
1447820,23,Indie
1447820,25,Adventure
1447820,3,RPG
1449110,1,Action
1449110,25,Adventure
1449110,3,RPG
1456570,23,Indie
1456570,25,Adventure
1456570,4,Casual
1471650,1,Action
1471650,23,Indie
1471650,25,Adventure
1476400,2,Strategy
1476400,23,Indie
1476400,70,Early Access
1509970,2,Strategy
1509970,23,Indie
1509970,28,Simulation
1517560,1,Action
1517560,23,Indie
1517560,25,Adventure
1533140,28,Simulation
1533140,4,Casual
1538550,25,Adventure
1538550,4,Casual
1541370,28,Simulation
1548180,1,Action
1548180,2,Strategy
1548180,23,Indie
1548180,25,Adventure
1548180,70,Early Access
1556010,1,Action
1556010,18,Sports
1556010,9,Racing
1558800,23,Indie
1558800,4,Casual
1560160,1,Action
1560160,23,Indie
1560160,25,Adventure
1560160,3,RPG
1560160,4,Casual
1567530,23,Indie
1567530,25,Adventure
1574570,23,Indie
1574570,25,Adventure
1574570,28,Simulation
1574570,3,RPG
1574570,4,Casual
1575810,23,Indie
1575810,25,Adventure
1575810,3,RPG
1581370,2,Strategy
1581370,23,Indie
1581370,3,RPG
1581370,37,Free To Play
1583540,23,Indie
1583540,28,Simulation
1583540,70,Early Access
1594040,1,Action
1594040,9,Racing
1599420,1,Action
1599420,23,Indie
1599420,25,Adventure
1605250,1,Action
1605250,2,Strategy
1605250,23,Indie
1620730,1,Action
1620730,25,Adventure
1622630,1,Action
1622630,25,Adventure
1623120,1,Action
1623120,9,Racing
1633070,1,Action
1633070,23,Indie
1633070,25,Adventure
1633070,4,Casual
1633070,70,Early Access
1639710,1,Action
1639710,23,Indie
1644700,1,Action
1644700,25,Adventure
1645630,1,Action
1645630,23,Indie
1645630,25,Adventure
1652400,2,Strategy
1652400,23,Indie
1652400,25,Adventure
1652400,28,Simulation
1652400,4,Casual
1657630,1,Action
1657630,23,Indie
1657630,25,Adventure
1657630,28,Simulation
1657630,4,Casual
1660960,1,Action
1660960,23,Indie
1660960,25,Adventure
1665260,1,Action
1665260,23,Indie
1665260,25,Adventure
1670690,1,Action
1670690,23,Indie
1670690,25,Adventure
1670690,70,Early Access
1674150,2,Strategy
1674150,4,Casual
1689390,1,Action
1689390,23,Indie
1689390,25,Adventure
1689390,3,RPG
1689390,70,Early Access
1693040,1,Action
1693040,18,Sports
1693040,23,Indie
1693040,9,Racing
1699230,1,Action
1699230,23,Indie
1699230,25,Adventure
1710260,23,Indie
1710260,25,Adventure
1710260,4,Casual
1711790,23,Indie
1714530,1,Action
1714530,25,Adventure
1714530,3,RPG
1715860,1,Action
1715860,23,Indie
1717400,23,Indie
1717400,25,Adventure
1718460,1,Action
1724030,2,Strategy
1724030,3,RPG
1724030,70,Early Access
1727750,2,Strategy
1727750,23,Indie
1731000,23,Indie
1731000,3,RPG
1731000,4,Casual
1735700,2,Strategy
1735700,23,Indie
1735700,25,Adventure
1735700,28,Simulation
1735700,3,RPG
1748160,1,Action
1748160,2,Strategy
1748160,23,Indie
1748160,25,Adventure
1748160,28,Simulation
1748160,3,RPG
1752780,1,Action
1752780,25,Adventure
1757300,1,Action
1757300,23,Indie
1757300,25,Adventure
1757300,70,Early Access
1803850,4,Casual
1805570,2,Strategy
1805570,23,Indie
1817500,1,Action
1817500,23,Indie
1820100,1,Action
1820100,23,Indie
1820100,25,Adventure
1820100,4,Casual
1821550,1,Action
1821550,28,Simulation
1821550,70,Early Access
1829920,1,Action
1829920,23,Indie
1829920,4,Casual
1844460,1,Action
1844460,23,Indie
1844460,25,Adventure
1856490,2,Strategy
1856490,23,Indie
1856490,3,RPG
1858790,23,Indie
1858790,25,Adventure
1860290,1,Action
1860290,23,Indie
1860290,29,Massively Multiplayer
1861410,1,Action
1861410,2,Strategy
1864000,23,Indie
1864000,25,Adventure
1864000,3,RPG
1864000,4,Casual
1866640,1,Action
1866640,23,Indie
1867750,23,Indie
1867750,4,Casual
1869290,1,Action
1869290,23,Indie
1869290,25,Adventure
1869290,70,Early Access
1869780,1,Action
1869780,23,Indie
1869780,25,Adventure
1869780,3,RPG
1869780,70,Early Access
1876360,1,Action
1880620,1,Action
1880620,4,Casual
1891030,1,Action
1891030,23,Indie
1893440,1,Action
1893440,23,Indie
1893440,25,Adventure
1893440,3,RPG
1893440,70,Early Access
1909840,1,Action
1909840,23,Indie
1909840,25,Adventure
1909840,28,Simulation
1911200,1,Action
1911200,18,Sports
1911200,2,Strategy
1911200,23,Indie
1911200,25,Adventure
1911200,28,Simulation
1911200,70,Early Access
1925940,25,Adventure
1925940,28,Simulation
1925940,37,Free To Play
1926610,2,Strategy
1926610,23,Indie
1926610,28,Simulation
1926610,4,Casual
1929290,1,Action
1929290,23,Indie
1929290,4,Casual
1932190,1,Action
1932190,25,Adventure
1932190,3,RPG
1932190,70,Early Access
1935330,23,Indie
1935330,25,Adventure
1936360,1,Action
1936360,23,Indie
1940870,28,Simulation
1940870,4,Casual
1941370,1,Action
1942500,18,Sports
1942500,23,Indie
1942500,4,Casual
1943950,1,Action
1943950,23,Indie
1946930,2,Strategy
1946930,23,Indie
1946930,25,Adventure
1946930,4,Casual
1947160,1,Action
1947160,23,Indie
1947160,25,Adventure
1951060,23,Indie
1951060,28,Simulation
1951060,4,Casual
1961590,1,Action
1961590,2,Strategy
1961590,23,Indie
1961590,25,Adventure
1961590,37,Free To Play
1961850,23,Indie
1961850,25,Adventure
1962020,1,Action
1962020,23,Indie
1962020,28,Simulation
1962020,4,Casual
1962020,9,Racing
1963370,23,Indie
1963370,25,Adventure
1963370,3,RPG
1968180,1,Action
1968180,23,Indie
1968180,25,Adventure
1968180,28,Simulation
1968440,1,Action
1968440,23,Indie
1968440,25,Adventure
1968440,28,Simulation
1968440,3,RPG
1968440,4,Casual
1968440,70,Early Access
1976860,1,Action
1976860,2,Strategy
1976860,23,Indie
1976860,37,Free To Play
1983950,2,Strategy
1983950,23,Indie
1983950,25,Adventure
1983950,4,Casual
1985300,1,Action
1985300,23,Indie
1985300,25,Adventure
1985300,3,RPG
1985300,70,Early Access
1989960,1,Action
1989960,23,Indie
1989960,37,Free To Play
1989960,4,Casual
1989960,9,Racing
1990780,23,Indie
1990780,3,RPG
1990780,37,Free To Play
1990780,4,Casual
1995980,23,Indie
1995980,4,Casual
2000780,1,Action
2000780,23,Indie
2000780,25,Adventure
2000970,1,Action
2000970,2,Strategy
2000970,23,Indie
2000970,25,Adventure
2012510,1,Action
2012510,2,Strategy
2012510,37,Free To Play
2016460,23,Indie
2016460,28,Simulation
2016460,3,RPG
2016460,4,Casual
2018960,1,Action
2018960,23,Indie
2018960,25,Adventure
2018960,28,Simulation
2018960,3,RPG
2021390,1,Action
2021390,23,Indie
2021390,70,Early Access
2022230,2,Strategy
2022230,23,Indie
2025870,1,Action
2025870,23,Indie
2025870,70,Early Access
2055400,2,Strategy
2055400,4,Casual
2058140,1,Action
2058140,23,Indie
2058140,25,Adventure
2058140,4,Casual
2060160,2,Strategy
2060160,23,Indie
2060160,28,Simulation
2060160,4,Casual
2068630,1,Action
2068630,2,Strategy
2068630,23,Indie
2068630,37,Free To Play
2068630,4,Casual
2068630,70,Early Access
2070860,23,Indie
2070860,25,Adventure
2070860,4,Casual
2072560,1,Action
2072560,37,Free To Play
2074740,23,Indie
2074740,25,Adventure
2074740,3,RPG
2074740,4,Casual
2076520,1,Action
2076520,23,Indie
2076520,25,Adventure
2077750,18,Sports
2077750,28,Simulation
2077750,9,Racing
2081880,29,Massively Multiplayer
2081880,3,RPG
2081880,70,Early Access
2085620,1,Action
2085620,23,Indie
2085620,25,Adventure
2085620,3,RPG
2092170,1,Action
2092170,23,Indie
2094910,2,Strategy
2094910,23,Indie
2094910,4,Casual
2099220,1,Action
2099220,2,Strategy
2099220,23,Indie
2099220,4,Casual
2105620,1,Action
2112750,1,Action
2112750,23,Indie
2112750,25,Adventure
2115390,1,Action
2115390,23,Indie
2115390,25,Adventure
2115490,1,Action
2115490,23,Indie
2115490,25,Adventure
2117370,1,Action
2117370,2,Strategy
2117370,23,Indie
2117370,3,RPG
2117370,4,Casual
2122880,23,Indie
2122880,25,Adventure
2122880,4,Casual
2124150,1,Action
2124150,2,Strategy
2126190,23,Indie
2126190,25,Adventure
2126190,4,Casual
2128430,1,Action
2128430,2,Strategy
2128430,23,Indie
2128430,25,Adventure
2128430,28,Simulation
2128430,3,RPG
2128430,70,Early Access
2131550,1,Action
2131550,18,Sports
2131550,23,Indie
2131550,29,Massively Multiplayer
2131550,37,Free To Play
2131550,4,Casual
2135960,1,Action
2140810,23,Indie
2140810,28,Simulation
2140810,4,Casual
2143760,23,Indie
2143760,25,Adventure
2151380,1,Action
2151380,2,Strategy
2151380,23,Indie
2151380,25,Adventure
2151380,3,RPG
2158690,1,Action
2158690,23,Indie
2158690,25,Adventure
2158690,3,RPG
2165140,1,Action
2165140,25,Adventure
2165140,28,Simulation
2167530,1,Action
2167530,23,Indie
2167530,25,Adventure
2167530,4,Casual
2171630,1,Action
2171630,23,Indie
2171630,25,Adventure
2171630,28,Simulation
2171630,3,RPG
2174300,23,Indie
2174300,4,Casual
2174300,70,Early Access
2176710,1,Action
2176710,70,Early Access
2177940,1,Action
2177940,18,Sports
2177940,4,Casual
2179390,23,Indie
2179390,25,Adventure
2182990,23,Indie
2182990,25,Adventure
2182990,4,Casual
2183670,23,Indie
2183670,28,Simulation
2183670,4,Casual
2183670,70,Early Access
2185030,23,Indie
2185030,28,Simulation
2185030,4,Casual
2186270,23,Indie
2186270,3,RPG
2186270,4,Casual
2192780,1,Action
2192780,23,Indie
2192780,3,RPG
2192780,4,Casual
2201910,1,Action
2201910,25,Adventure
2201910,3,RPG
2204560,1,Action
2208840,2,Strategy
2208840,23,Indie
2208840,28,Simulation
2212790,25,Adventure
2212790,4,Casual
2212790,70,Early Access
2212830,2,Strategy
2212830,23,Indie
2212830,4,Casual
2217720,1,Action
2217720,25,Adventure
2218400,1,Action
2218400,23,Indie
2218400,25,Adventure
2218400,4,Casual
2221390,1,Action
2221390,23,Indie
2221390,70,Early Access
2221780,1,Action
2221780,23,Indie
2228490,1,Action
2228490,23,Indie
2228490,25,Adventure
2234150,1,Action
2234150,23,Indie
2234150,25,Adventure
2235200,1,Action
2235200,23,Indie
2235200,25,Adventure
2235200,3,RPG
2235200,70,Early Access
2238440,23,Indie
2238440,25,Adventure
2238440,28,Simulation
2238440,3,RPG
2243700,1,Action
2243700,23,Indie
2243700,25,Adventure
2248170,23,Indie
2248170,25,Adventure
2262890,1,Action
2262890,23,Indie
2262890,25,Adventure
2262890,3,RPG
2263360,1,Action
2263360,23,Indie
2268550,25,Adventure
2268550,3,RPG
2271110,1,Action
2271110,2,Strategy
2271110,23,Indie
2271110,4,Casual
2271110,9,Racing
2279180,1,Action
2279180,23,Indie
2279440,2,Strategy
2279440,23,Indie
2279440,25,Adventure
2279440,28,Simulation
2279440,70,Early Access
2282770,1,Action
2282770,70,Early Access
2285150,1,Action
2285150,23,Indie
2285150,28,Simulation
2285150,29,Massively Multiplayer
2288470,2,Strategy
2288470,23,Indie
2288470,25,Adventure
2288470,3,RPG
2288470,70,Early Access
2292540,23,Indie
2292870,1,Action
2292870,23,Indie
2292870,25,Adventure
2296120,2,Strategy
2296120,23,Indie
2296120,3,RPG
2297590,1,Action
2297590,23,Indie
2297590,25,Adventure
2297590,3,RPG
2299690,3,RPG
2300120,1,Action
2308690,2,Strategy
2308690,28,Simulation
2308690,70,Early Access
2310230,1,Action
2310230,25,Adventure
2310230,3,RPG
2316640,2,Strategy
2316640,23,Indie
2316640,25,Adventure
2316640,4,Casual
2319790,1,Action
2319790,23,Indie
2319790,25,Adventure
2321250,25,Adventure
2321250,4,Casual
2321470,1,Action
2324760,23,Indie
2324760,4,Casual
2324760,9,Racing
2327050,2,Strategy
2327050,23,Indie
2327050,25,Adventure
2327050,37,Free To Play
2327050,4,Casual
2327950,1,Action
2334690,23,Indie
2334690,25,Adventure
2336210,23,Indie
2336430,23,Indie
2336430,28,Simulation
2336430,29,Massively Multiplayer
2336430,37,Free To Play
2336430,4,Casual
2336430,70,Early Access
2345740,2,Strategy
2347080,2,Strategy
2347080,3,RPG
2347080,70,Early Access
2350270,1,Action
2350270,23,Indie
2350270,25,Adventure
2352140,23,Indie
2352140,28,Simulation
2352140,4,Casual
2352620,3,RPG
2352620,70,Early Access
2353100,1,Action
2353100,23,Indie
2353100,25,Adventure
2357350,1,Action
2357350,2,Strategy
2357350,23,Indie
2359270,23,Indie
2359270,4,Casual
2359390,1,Action
2359390,23,Indie
2359390,25,Adventure
2359390,4,Casual
2361770,1,Action
2365410,23,Indie
2365410,25,Adventure
2365410,4,Casual
2367120,23,Indie
2367120,25,Adventure
2367120,4,Casual
2372450,2,Strategy
2372450,23,Indie
2372450,3,RPG
2376990,23,Indie
2376990,25,Adventure
2376990,4,Casual
2377620,1,Action
2377620,23,Indie
2377620,4,Casual
2377720,70,Early Access
2377720,9,Racing
2393100,23,Indie
2393100,28,Simulation
2393100,3,RPG
2393100,4,Casual
2393510,2,Strategy
2393510,23,Indie
2393510,70,Early Access
2398290,1,Action
2398290,18,Sports
2398290,23,Indie
2398290,25,Adventure
2398290,28,Simulation
2398290,3,RPG
2398290,4,Casual
2398290,9,Racing
2402620,4,Casual
2402620,70,Early Access
2403600,1,Action
2403600,23,Indie
2403600,25,Adventure
2411100,1,Action
2411100,23,Indie
2411100,25,Adventure
2411100,3,RPG
2416100,23,Indie
2416100,25,Adventure
2418530,2,Strategy
2418530,23,Indie
2418530,70,Early Access
2421540,1,Action
2421540,23,Indie
2421540,25,Adventure
2421540,3,RPG
2421540,4,Casual
2424300,2,Strategy
2424300,23,Indie
2424300,3,RPG
2424480,1,Action
2424480,2,Strategy
2424480,23,Indie
2424480,28,Simulation
2424480,4,Casual
2430170,2,Strategy
2430170,23,Indie
2430170,3,RPG
2430540,23,Indie
2430540,3,RPG
2431200,1,Action
2431200,2,Strategy
2431200,23,Indie
2431200,25,Adventure
2436660,1,Action
2436660,4,Casual
2440940,1,Action
2440940,23,Indie
2440940,4,Casual
2440940,70,Early Access
2441260,18,Sports
2441260,23,Indie
2441260,37,Free To Play
2441260,9,Racing
2444530,1,Action
2444530,18,Sports
2444530,23,Indie
2444530,70,Early Access
2444530,9,Racing
2446540,1,Action
2446540,23,Indie
2446540,25,Adventure
2446540,28,Simulation
2449060,3,RPG
2449060,4,Casual
2451310,23,Indie
2451310,28,Simulation
2451310,4,Casual
2453160,23,Indie
2453160,25,Adventure
2460920,2,Strategy
2460920,23,Indie
2460920,28,Simulation
2460920,4,Casual
2461360,23,Indie
2461360,28,Simulation
2461360,4,Casual
2462430,1,Action
2462430,23,Indie
2462430,25,Adventure
2462430,28,Simulation
2462430,37,Free To Play
2462430,4,Casual
2467850,2,Strategy
2467850,23,Indie
2467850,28,Simulation
2467850,4,Casual
2471390,1,Action
2471390,23,Indie
2471390,70,Early Access
2475550,23,Indie
2475550,3,RPG
2475550,37,Free To Play
2475550,4,Casual
2479770,1,Action
2479770,25,Adventure
2481640,2,Strategy
2483440,23,Indie
2483440,4,Casual
2484630,23,Indie
2484630,25,Adventure
2484630,3,RPG
2484630,4,Casual
2484680,1,Action
2484680,4,Casual
2486820,1,Action
2486820,25,Adventure
2486820,9,Racing
2488250,23,Indie
2488250,4,Casual
2488470,2,Strategy
2488470,23,Indie
2488470,4,Casual
2495610,2,Strategy
2495610,23,Indie
2495610,25,Adventure
2495610,28,Simulation
2495610,4,Casual
2495630,2,Strategy
2495630,25,Adventure
2495630,28,Simulation
2495630,4,Casual
2495640,2,Strategy
2495640,25,Adventure
2495640,28,Simulation
2495640,4,Casual
2500460,2,Strategy
2503550,1,Action
2503550,2,Strategy
2503550,23,Indie
2503550,25,Adventure
2503550,4,Casual
2505200,1,Action
2505200,23,Indie
2505200,3,RPG
2507560,25,Adventure
2508780,28,Simulation
2508780,4,Casual
2515280,1,Action
2515280,18,Sports
2521400,23,Indie
2521400,25,Adventure
2521400,3,RPG
2521400,4,Casual
2521400,70,Early Access
2522040,23,Indie
2522040,28,Simulation
2522290,1,Action
2522290,2,Strategy
2522290,23,Indie
2522290,28,Simulation
2522290,70,Early Access
2523450,1,Action
2523720,1,Action
2528800,23,Indie
2528800,28,Simulation
2528800,4,Casual
2529050,23,Indie
2529050,25,Adventure
2538520,23,Indie
2538520,25,Adventure
2538520,4,Casual
2545710,18,Sports
2548500,1,Action
2548500,23,Indie
2548500,25,Adventure
2549190,23,Indie
2549190,25,Adventure
2549190,3,RPG
2549240,1,Action
2549930,23,Indie
2549930,28,Simulation
2549930,4,Casual
2550790,2,Strategy
2550790,23,Indie
2550790,28,Simulation
2550790,3,RPG
2552750,23,Indie
2552750,25,Adventure
2552750,28,Simulation
2552750,4,Casual
2554740,1,Action
2554740,23,Indie
2554740,4,Casual
2555950,1,Action
2555950,2,Strategy
2555950,23,Indie
2559960,2,Strategy
2559960,23,Indie
2559960,28,Simulation
2559960,3,RPG
2559960,70,Early Access
2560340,2,Strategy
2560340,28,Simulation
2560730,23,Indie
2560730,25,Adventure
2560730,3,RPG
2561810,1,Action
2561810,23,Indie
2561810,4,Casual
2567380,1,Action
2567380,23,Indie
2567380,25,Adventure
2567380,3,RPG
2568650,1,Action
2568650,4,Casual
2568800,1,Action
2568800,23,Indie
2568800,25,Adventure
2568800,3,RPG
2568800,70,Early Access
2571730,1,Action
2571730,23,Indie
2571730,25,Adventure
2571730,70,Early Access
2576200,2,Strategy
2576200,23,Indie
2576200,3,RPG
2576200,70,Early Access
2582140,28,Simulation
2582140,4,Casual
2582140,70,Early Access
2583940,2,Strategy
2583940,23,Indie
2583940,25,Adventure
2583940,28,Simulation
2583940,29,Massively Multiplayer
2583940,3,RPG
2588400,1,Action
2588400,23,Indie
2588400,25,Adventure
2588400,70,Early Access
2597810,1,Action
2597810,23,Indie
2597810,25,Adventure
2597810,3,RPG
2597810,70,Early Access
2602230,1,Action
2602230,23,Indie
2602230,25,Adventure
2602230,4,Casual
2604780,23,Indie
2604780,28,Simulation
2604780,3,RPG
2604780,4,Casual
2607180,1,Action
2607180,23,Indie
2607180,28,Simulation
2610880,23,Indie
2610880,25,Adventure
2610880,3,RPG
2615540,1,Action
2615540,18,Sports
2615540,23,Indie
2615540,25,Adventure
2615540,28,Simulation
2615540,3,RPG
2615540,70,Early Access
2617360,2,Strategy
2617360,23,Indie
2617360,4,Casual
2621760,1,Action
2621760,23,Indie
2621760,4,Casual
2622330,25,Adventure
2632690,23,Indie
2635670,3,RPG
2642760,4,Casual
2643010,2,Strategy
2643010,23,Indie
2643010,28,Simulation
2643880,23,Indie
2643880,28,Simulation
2643880,4,Casual
2643880,70,Early Access
2644020,1,Action
2644020,2,Strategy
2644020,25,Adventure
2644020,3,RPG
2644280,23,Indie
2644280,4,Casual
2644280,70,Early Access
2651090,1,Action
2651090,23,Indie
2651090,25,Adventure
2651090,4,Casual
2653120,1,Action
2653120,23,Indie
2653120,25,Adventure
2653120,3,RPG
2653470,23,Indie
2653470,4,Casual
2653490,1,Action
2653490,18,Sports
2653490,2,Strategy
2653490,23,Indie
2653490,25,Adventure
2653490,28,Simulation
2653490,3,RPG
2653490,4,Casual
2653490,9,Racing
2656440,23,Indie
2656440,25,Adventure
2659470,1,Action
2659470,25,Adventure
2659530,1,Action
2659530,2,Strategy
2659530,23,Indie
2659530,70,Early Access
2659840,1,Action
2659840,23,Indie
2659840,25,Adventure
2659840,28,Simulation
2659840,4,Casual
2673560,1,Action
2673560,23,Indie
2673560,25,Adventure
2673790,1,Action
2673790,4,Casual
2673790,9,Racing
2676040,23,Indie
2676040,25,Adventure
2676040,3,RPG
2676040,70,Early Access
2676220,1,Action
2676220,23,Indie
2676220,25,Adventure
2676220,4,Casual
2679310,2,Strategy
2679310,23,Indie
2679310,25,Adventure
2685840,1,Action
2685840,23,Indie
2685840,4,Casual
2687280,1,Action
2687280,23,Indie
2687280,25,Adventure
2687280,4,Casual
2687400,1,Action
2687400,23,Indie
2689930,25,Adventure
2691210,2,Strategy
2691210,23,Indie
2691210,4,Casual
2691210,70,Early Access
2691340,1,Action
2691340,2,Strategy
2691340,23,Indie
2691340,25,Adventure
2692990,28,Simulation
2692990,4,Casual
2695430,25,Adventure
2699550,1,Action
2699550,2,Strategy
2699550,3,RPG
2699550,37,Free To Play
2701070,23,Indie
2701070,25,Adventure
2701070,3,RPG
2701070,4,Casual
2701720,23,Indie
2701720,28,Simulation
2701720,3,RPG
2701720,4,Casual
2701800,1,Action
2701800,23,Indie
2701800,25,Adventure
2701800,28,Simulation
2705860,25,Adventure
2705860,70,Early Access
2707080,23,Indie
2707080,25,Adventure
2707080,4,Casual
2714970,1,Action
2714970,2,Strategy
2714970,23,Indie
2714970,25,Adventure
2714970,3,RPG
2714970,4,Casual
2715940,1,Action
2715940,18,Sports
2715940,23,Indie
2715940,28,Simulation
2715940,4,Casual
2715940,9,Racing
2717150,1,Action
2717150,23,Indie
2717150,3,RPG
2719740,1,Action
2719740,23,Indie
2719740,25,Adventure
2719740,28,Simulation
2719740,4,Casual
2722610,1,Action
2722610,23,Indie
2722610,25,Adventure
2722610,28,Simulation
2722610,3,RPG
2722680,23,Indie
2725250,1,Action
2725250,18,Sports
2725250,23,Indie
2725250,25,Adventure
2725250,28,Simulation
2725250,3,RPG
2725250,4,Casual
2725250,70,Early Access
2726960,23,Indie
2726960,3,RPG
2727660,25,Adventure
2727660,4,Casual
2730810,18,Sports
2730970,1,Action
2730970,2,Strategy
2730970,25,Adventure
2730970,28,Simulation
2730970,3,RPG
2731330,1,Action
2731330,23,Indie
2731330,28,Simulation
2731330,4,Casual
2738630,1,Action
2738630,25,Adventure
2738630,3,RPG
2739150,1,Action
2739150,23,Indie
2739150,25,Adventure
2739150,28,Simulation
2740170,18,Sports
2740170,2,Strategy
2740170,23,Indie
2740170,28,Simulation
2740170,3,RPG
2740170,70,Early Access
2740170,9,Racing
2746540,1,Action
2746540,2,Strategy
2746540,23,Indie
2746540,25,Adventure
2746540,28,Simulation
2746540,29,Massively Multiplayer
2746540,3,RPG
2746540,4,Casual
2747330,1,Action
2747330,23,Indie
2747330,70,Early Access
2749000,2,Strategy
2749000,28,Simulation
2749000,4,Casual
2749260,1,Action
2749260,23,Indie
2749690,2,Strategy
2749690,23,Indie
2749690,25,Adventure
2749690,3,RPG
2749690,4,Casual
2749690,70,Early Access
2750780,23,Indie
2750780,25,Adventure
2750780,3,RPG
2751920,1,Action
2751920,3,RPG
2760580,1,Action
2760580,2,Strategy
2760580,25,Adventure
2760580,28,Simulation
2760580,70,Early Access
2764590,1,Action
2764590,23,Indie
2764590,70,Early Access
2767430,2,Strategy
2767430,3,RPG
2771910,1,Action
2771910,2,Strategy
2771910,29,Massively Multiplayer
2771910,37,Free To Play
2774180,23,Indie
2774180,4,Casual
2776450,2,Strategy
2776450,23,Indie
2776450,25,Adventure
2776450,28,Simulation
2776450,3,RPG
2776450,4,Casual
2779730,1,Action
2779730,23,Indie
2779730,25,Adventure
2779730,4,Casual
2780980,1,Action
2780980,2,Strategy
2780980,23,Indie
2780980,4,Casual
2780990,23,Indie
2780990,25,Adventure
2780990,3,RPG
2782500,1,Action
2782500,29,Massively Multiplayer
2782500,3,RPG
2782500,37,Free To Play
2783460,2,Strategy
2783460,23,Indie
2784120,23,Indie
2784440,23,Indie
2784440,28,Simulation
2784440,4,Casual
2784500,2,Strategy
2784500,23,Indie
2784500,4,Casual
2786550,28,Simulation
2786550,70,Early Access
2786660,1,Action
2786660,25,Adventure
2786660,4,Casual
2787680,1,Action
2787680,23,Indie
2787680,25,Adventure
2788430,1,Action
2788430,2,Strategy
2788430,23,Indie
2788430,25,Adventure
2788430,28,Simulation
2788430,3,RPG
2788430,4,Casual
2790160,2,Strategy
2790160,23,Indie
2790160,25,Adventure
2791540,23,Indie
2791540,37,Free To Play
2791540,4,Casual
2794390,23,Indie
2794390,3,RPG
2797650,2,Strategy
2797650,23,Indie
2797650,4,Casual
2804440,1,Action
2804440,23,Indie
2804440,25,Adventure
2804440,3,RPG
2804440,37,Free To Play
2804440,4,Casual
2804440,70,Early Access
2806120,1,Action
2806120,23,Indie
2806120,25,Adventure
2806120,3,RPG
2806120,70,Early Access
2807240,1,Action
2807240,23,Indie
2807240,25,Adventure
2807240,4,Casual
2808530,1,Action
2808530,23,Indie
2810550,23,Indie
2810550,25,Adventure
2810550,28,Simulation
2812670,1,Action
2812670,23,Indie
2812670,25,Adventure
2813900,1,Action
2813900,23,Indie
2813900,28,Simulation
2815080,23,Indie
2815080,25,Adventure
2815570,2,Strategy
2815570,3,RPG
2819920,23,Indie
2819920,25,Adventure
2820450,1,Action
2820450,23,Indie
2820450,25,Adventure
2820450,28,Simulation
2820450,3,RPG
2820450,4,Casual
2821700,1,Action
2821700,2,Strategy
2821700,23,Indie
2821700,28,Simulation
2823790,23,Indie
2823790,25,Adventure
2823790,28,Simulation
2823790,4,Casual
2823790,70,Early Access
2824490,2,Strategy
2824490,3,RPG
2824490,70,Early Access
2824780,1,Action
2824780,18,Sports
2824780,23,Indie
2824780,4,Casual
2825390,23,Indie
2825390,25,Adventure
2825390,37,Free To Play
2825390,4,Casual
2825880,2,Strategy
2825880,23,Indie
2825880,25,Adventure
2826670,25,Adventure
2827080,23,Indie
2827080,25,Adventure
2827200,1,Action
2827200,23,Indie
2827200,25,Adventure
2827200,4,Casual
2827200,70,Early Access
2829750,2,Strategy
2829750,23,Indie
2829750,37,Free To Play
2829750,4,Casual
2831070,1,Action
2831070,23,Indie
2831070,25,Adventure
2831070,3,RPG
2834520,1,Action
2834520,23,Indie
2834520,37,Free To Play
2834520,4,Casual
2835040,1,Action
2835040,25,Adventure
2835040,37,Free To Play
2835650,25,Adventure
2835650,4,Casual
2836300,23,Indie
2836300,25,Adventure
2836300,28,Simulation
2836300,70,Early Access
2842430,2,Strategy
2842430,23,Indie
2842430,37,Free To Play
2845770,1,Action
2845770,23,Indie
2845770,28,Simulation
2848680,23,Indie
2848680,25,Adventure
2848680,3,RPG
2848680,70,Early Access
2851640,9,Racing
2854980,1,Action
2854980,9,Racing
2857670,1,Action
2857670,23,Indie
2857670,25,Adventure
2860040,23,Indie
2860040,3,RPG
2860040,70,Early Access
2860870,18,Sports
2860870,23,Indie
2860870,9,Racing
2863790,2,Strategy
2863790,23,Indie
2865190,2,Strategy
2865190,23,Indie
2865190,37,Free To Play
2865190,4,Casual
2865190,70,Early Access
2865380,23,Indie
2865380,25,Adventure
2865380,4,Casual
2870530,2,Strategy
2870530,23,Indie
2870530,25,Adventure
2870530,28,Simulation
2870530,3,RPG
2870920,1,Action
2870920,2,Strategy
2870920,23,Indie
2870920,28,Simulation
2870920,3,RPG
2870920,4,Casual
2871820,1,Action
2871820,23,Indie
2871820,25,Adventure
2873860,4,Casual
2875000,1,Action
2875000,2,Strategy
2875000,23,Indie
2875240,2,Strategy
2875240,23,Indie
2875240,3,RPG
2875340,1,Action
2875340,2,Strategy
2875340,23,Indie
2875340,37,Free To Play
2875340,4,Casual
2875340,70,Early Access
2876200,1,Action
2876200,2,Strategy
2876200,23,Indie
2876200,25,Adventure
2876200,28,Simulation
2876200,70,Early Access
2877170,1,Action
2877170,23,Indie
2877170,25,Adventure
2877170,4,Casual
2877660,1,Action
2877660,23,Indie
2877660,25,Adventure
2877660,28,Simulation
2877660,70,Early Access
2878450,2,Strategy
2879980,1,Action
2879980,23,Indie
2879980,4,Casual
2881170,1,Action
2881170,23,Indie
2881170,25,Adventure
2886690,23,Indie
2886700,2,Strategy
2886700,23,Indie
2886700,70,Early Access
2887400,23,Indie
2887400,25,Adventure
2887400,4,Casual
2891580,23,Indie
2892040,1,Action
2892040,23,Indie
2892040,25,Adventure
2892040,3,RPG
2892040,70,Early Access
2892560,1,Action
2892560,2,Strategy
2892560,23,Indie
2892560,3,RPG
2892560,70,Early Access
2893530,25,Adventure
2893530,3,RPG
2893820,1,Action
2893820,23,Indie
2893820,25,Adventure
2893820,3,RPG
2896350,2,Strategy
2896350,23,Indie
2896570,2,Strategy
2896570,4,Casual
2897520,1,Action
2897520,23,Indie
2897520,70,Early Access
2899300,1,Action
2899300,23,Indie
2899300,25,Adventure
2902440,2,Strategy
2902440,23,Indie
2903160,23,Indie
2903160,28,Simulation
2903160,4,Casual
2903240,1,Action
2903240,23,Indie
2903240,25,Adventure
2903240,28,Simulation
2903240,4,Casual
2903240,70,Early Access
2904360,2,Strategy
2904360,23,Indie
2904360,25,Adventure
2904360,3,RPG
2904420,2,Strategy
2904420,23,Indie
2904420,25,Adventure
2904420,28,Simulation
2904420,4,Casual
2904690,2,Strategy
2904690,23,Indie
2904690,37,Free To Play
2905160,1,Action
2905160,23,Indie
2905650,2,Strategy
2905650,23,Indie
2905650,28,Simulation
2905650,3,RPG
2906270,23,Indie
2906270,4,Casual
2908050,4,Casual
2908500,2,Strategy
2908500,28,Simulation
2908830,1,Action
2908830,23,Indie
2908830,25,Adventure
2908830,3,RPG
2908830,4,Casual
2909870,1,Action
2909870,23,Indie
2909870,25,Adventure
2909870,28,Simulation
2912770,25,Adventure
2912770,3,RPG
2914490,2,Strategy
2914490,3,RPG
2915660,2,Strategy
2915660,23,Indie
2915660,25,Adventure
2915660,28,Simulation
2915660,3,RPG
2917040,1,Action
2917040,23,Indie
2917040,25,Adventure
2917040,4,Casual
2920010,23,Indie
2920010,25,Adventure
2920010,28,Simulation
2920510,1,Action
2920510,2,Strategy
2920510,23,Indie
2920510,3,RPG
2920510,4,Casual
2923120,23,Indie
2923120,25,Adventure
2923120,4,Casual
2924080,2,Strategy
2924080,23,Indie
2924080,70,Early Access
2925970,23,Indie
2925970,28,Simulation
2925970,4,Casual
2928690,1,Action
2928690,25,Adventure
2929880,23,Indie
2929880,25,Adventure
2929880,28,Simulation
2929880,3,RPG
2930290,23,Indie
2930290,28,Simulation
2930290,3,RPG
2930290,70,Early Access
2931620,25,Adventure
2931620,4,Casual
2932990,1,Action
2932990,23,Indie
2932990,25,Adventure
2932990,4,Casual
2933210,2,Strategy
2933210,28,Simulation
2934220,1,Action
2934220,2,Strategy
2934220,23,Indie
2936470,2,Strategy
2936470,23,Indie
2937090,1,Action
2937770,1,Action
2943250,23,Indie
2943250,28,Simulation
2943250,4,Casual
2943420,23,Indie
2943420,25,Adventure
2943420,3,RPG
2943420,4,Casual
2943670,23,Indie
2943670,28,Simulation
2943670,70,Early Access
2948190,1,Action
2948190,29,Massively Multiplayer
2948190,3,RPG
2948190,37,Free To Play
2948190,70,Early Access
2948470,2,Strategy
2949560,23,Indie
2949560,25,Adventure
2952970,23,Indie
2952970,25,Adventure
2952970,3,RPG
2955840,1,Action
2955840,23,Indie
2955840,25,Adventure
2955840,4,Casual
2957700,23,Indie
2957700,28,Simulation
2957700,3,RPG
2957700,4,Casual
2958130,2,Strategy
2958130,28,Simulation
2959130,23,Indie
2959130,4,Casual
2963220,1,Action
2963220,23,Indie
2963220,25,Adventure
2963220,3,RPG
2963220,70,Early Access
2964580,2,Strategy
2964580,23,Indie
2964580,25,Adventure
2967630,25,Adventure
2968420,23,Indie
2968420,28,Simulation
2968420,4,Casual
2973830,23,Indie
2973830,28,Simulation
2973830,4,Casual
2977680,23,Indie
2977680,28,Simulation
2978460,2,Strategy
2978460,23,Indie
2978460,28,Simulation
2978460,70,Early Access
2979020,1,Action
2979020,23,Indie
2981070,2,Strategy
2981070,23,Indie
2981070,3,RPG
2981070,4,Casual
2981450,25,Adventure
2983410,2,Strategy
2983410,23,Indie
2983410,28,Simulation
2985450,1,Action
2985450,23,Indie
2985450,25,Adventure
2985450,70,Early Access
2986340,1,Action
2986340,23,Indie
2986340,4,Casual
2987110,2,Strategy
2987110,23,Indie
2992980,23,Indie
2992980,37,Free To Play
2992980,4,Casual
2995560,1,Action
2995560,23,Indie
2995560,3,RPG
2996290,2,Strategy
2996290,23,Indie
2996290,28,Simulation
2996290,4,Casual
2998130,23,Indie
2998130,28,Simulation
2999220,23,Indie
2999220,25,Adventure
2999220,4,Casual
3001330,1,Action
3001330,2,Strategy
3001330,4,Casual
3002400,23,Indie
3002630,1,Action
3002630,25,Adventure
3002630,4,Casual
3003730,23,Indie
3003730,3,RPG
3003730,4,Casual
3003730,70,Early Access
3004860,1,Action
3004860,23,Indie
3004860,25,Adventure
3004860,4,Casual
3006080,1,Action
3006280,1,Action
3006280,23,Indie
3006280,4,Casual
3008340,2,Strategy
3008800,1,Action
3008800,23,Indie
3008950,23,Indie
3012220,1,Action
3013500,23,Indie
3013500,25,Adventure
3013500,28,Simulation
3014460,25,Adventure
3014460,4,Casual
3015920,1,Action
3015920,2,Strategy
3015920,23,Indie
3015920,25,Adventure
3015920,3,RPG
3015920,70,Early Access
3017040,23,Indie
3017040,25,Adventure
3017040,29,Massively Multiplayer
3017040,3,RPG
3017040,37,Free To Play
3017040,70,Early Access
3019770,70,Early Access
3019870,23,Indie
3019870,4,Casual
3022300,1,Action
3022300,23,Indie
3022300,25,Adventure
3022560,23,Indie
3022560,28,Simulation
3022560,4,Casual
3024040,2,Strategy
3024040,28,Simulation
3024370,2,Strategy
3024370,23,Indie
3024370,25,Adventure
3024370,3,RPG
3024960,1,Action
3024960,23,Indie
3025280,1,Action
3025280,18,Sports
3025280,23,Indie
3025280,37,Free To Play
3025280,70,Early Access
3026650,28,Simulation
3027310,1,Action
3027310,23,Indie
3027310,25,Adventure
3027310,4,Casual
3029500,23,Indie
3029500,25,Adventure
3029500,28,Simulation
3029500,3,RPG
3029500,4,Casual
3030130,2,Strategy
3030130,23,Indie
3032010,23,Indie
3032010,25,Adventure
3032520,23,Indie
3032520,25,Adventure
3032520,4,Casual
3033080,1,Action
3034050,1,Action
3034050,37,Free To Play
3034050,4,Casual
3034050,70,Early Access
3034350,1,Action
3034350,23,Indie
3034350,25,Adventure
3034530,1,Action
3034530,23,Indie
3034530,25,Adventure
3035320,2,Strategy
3035320,28,Simulation
3035320,70,Early Access
3035880,1,Action
3035880,23,Indie
3035880,25,Adventure
3035880,4,Casual
3036320,1,Action
3036320,23,Indie
3036320,3,RPG
3036320,4,Casual
3036800,1,Action
3036800,23,Indie
3036800,4,Casual
3037480,2,Strategy
3037480,23,Indie
3037480,25,Adventure
3037480,3,RPG
3038530,2,Strategy
3038530,3,RPG
3038530,70,Early Access
3039910,1,Action
3039910,23,Indie
3039910,70,Early Access
3040110,23,Indie
3040180,1,Action
3040180,23,Indie
3040180,4,Casual
3040670,1,Action
3040670,23,Indie
3040670,25,Adventure
3042280,23,Indie
3042280,25,Adventure
3042280,4,Casual
3042560,23,Indie
3042560,25,Adventure
3042560,4,Casual
3043580,25,Adventure
3044220,23,Indie
3044220,25,Adventure
3044220,28,Simulation
3045660,1,Action
3045660,23,Indie
3045660,25,Adventure
3045660,3,RPG
3045660,4,Casual
3047090,23,Indie
3047090,25,Adventure
3047310,1,Action
3047510,1,Action
3047510,23,Indie
3051240,28,Simulation
3051490,25,Adventure
3051490,3,RPG
3051950,23,Indie
3051950,37,Free To Play
3051950,4,Casual
3052320,4,Casual
3054820,23,Indie
3054820,25,Adventure
3055230,25,Adventure
3055230,28,Simulation
3055530,23,Indie
3055530,25,Adventure
3055530,4,Casual
3058360,2,Strategy
3058360,23,Indie
3058360,28,Simulation
3058360,4,Casual
3058360,70,Early Access
3059160,2,Strategy
3059160,23,Indie
3059160,70,Early Access
3059230,1,Action
3059230,37,Free To Play
3059230,4,Casual
3059670,1,Action
3059670,2,Strategy
3059670,23,Indie
3059670,37,Free To Play
3061100,23,Indie
3061370,23,Indie
3061370,25,Adventure
3061370,4,Casual
3062040,25,Adventure
3062040,9,Racing
3062450,23,Indie
3062450,25,Adventure
3062450,37,Free To Play
3064720,1,Action
3064720,23,Indie
3064720,37,Free To Play
3064720,4,Casual
3064730,1,Action
3064730,18,Sports
3064730,2,Strategy
3064730,23,Indie
3065870,1,Action
3065870,23,Indie
3065870,25,Adventure
3065870,3,RPG
3065870,70,Early Access
3067620,25,Adventure
3067970,23,Indie
3067970,25,Adventure
3067970,4,Casual
3068670,23,Indie
3068670,3,RPG
3069300,1,Action
3069300,23,Indie
3069300,4,Casual
3069360,1,Action
3069360,23,Indie
3070390,23,Indie
3070390,25,Adventure
3070390,3,RPG
3070650,23,Indie
3070650,25,Adventure
3070650,28,Simulation
3070650,3,RPG
3070880,23,Indie
3070880,25,Adventure
3070880,28,Simulation
3070880,4,Casual
3075800,1,Action
3075800,23,Indie
3075800,25,Adventure
3076240,25,Adventure
3076240,4,Casual
3077570,23,Indie
3077570,4,Casual
3078010,23,Indie
3078010,28,Simulation
3078010,4,Casual
3078670,1,Action
3078670,23,Indie
3078670,25,Adventure
3080530,1,Action
3080530,23,Indie
3082100,2,Strategy
3082100,37,Free To Play
3083990,1,Action
3083990,23,Indie
3083990,25,Adventure
3083990,28,Simulation
3083990,3,RPG
3084740,2,Strategy
3084740,23,Indie
3084740,70,Early Access
3085200,1,Action
3085200,23,Indie
3086120,2,Strategy
3086580,23,Indie
3086580,25,Adventure
3092000,2,Strategy
3094140,1,Action
3094140,23,Indie
3094140,25,Adventure
3094140,37,Free To Play
3094140,4,Casual
3094480,1,Action
3094480,25,Adventure
3095180,1,Action
3095180,23,Indie
3096410,23,Indie
3096410,25,Adventure
3096410,3,RPG
3096410,70,Early Access
3098140,2,Strategy
3098140,25,Adventure
3098140,3,RPG
3098170,1,Action
3098170,23,Indie
3098170,3,RPG
3098380,23,Indie
3099630,18,Sports
3099630,23,Indie
3099630,28,Simulation
3099630,3,RPG
3099630,4,Casual
3100580,28,Simulation
3100580,3,RPG
3101040,23,Indie
3101040,25,Adventure
3101040,28,Simulation
3102740,23,Indie
3102740,25,Adventure
3102740,37,Free To Play
3102740,4,Casual
3102750,3,RPG
3104410,1,Action
3104410,25,Adventure
3104410,3,RPG
3104410,37,Free To Play
3107140,1,Action
3107140,23,Indie
3107140,25,Adventure
3107140,37,Free To Play
3108990,1,Action
3108990,23,Indie
3108990,25,Adventure
3108990,3,RPG
3109070,23,Indie
3109070,25,Adventure
3109280,2,Strategy
3109280,23,Indie
3109280,28,Simulation
3109830,28,Simulation
3109830,4,Casual
3110450,23,Indie
3110450,25,Adventure
3110580,1,Action
3110580,2,Strategy
3110580,23,Indie
3110580,4,Casual
3111670,23,Indie
3111670,28,Simulation
3111670,4,Casual
3113650,1,Action
3113650,9,Racing
3114280,1,Action
3114280,23,Indie
3114280,28,Simulation
3114280,4,Casual
3114900,23,Indie
3114900,25,Adventure
3114900,28,Simulation
3114900,3,RPG
3114900,4,Casual
3115890,23,Indie
3115890,37,Free To Play
3115890,4,Casual
3119050,1,Action
3119050,23,Indie
3119050,25,Adventure
3119050,28,Simulation
3120410,1,Action
3120410,23,Indie
3120410,25,Adventure
3120890,28,Simulation
3120890,4,Casual
3121630,1,Action
3121630,2,Strategy
3121630,23,Indie
3121630,28,Simulation
3121720,1,Action
3121720,23,Indie
3121720,25,Adventure
3121720,4,Casual
3121860,23,Indie
3125370,25,Adventure
3125370,37,Free To Play
3126880,1,Action
3126880,2,Strategy
3126880,25,Adventure
3126880,3,RPG
3126880,70,Early Access
3127000,23,Indie
3127000,3,RPG
3130800,23,Indie
3130800,25,Adventure
3130800,4,Casual
3131880,1,Action
3131880,23,Indie
3131880,25,Adventure
3131880,3,RPG
3134570,2,Strategy
3134570,23,Indie
3134570,3,RPG
3134570,4,Casual
3135270,1,Action
3135270,23,Indie
3135270,25,Adventure
3136490,2,Strategy
3136490,23,Indie
3136490,28,Simulation
3137000,18,Sports
3137000,23,Indie
3137000,28,Simulation
3137000,4,Casual
3141140,23,Indie
3141140,4,Casual
3141310,2,Strategy
3141310,23,Indie
3141310,25,Adventure
3141310,3,RPG
3141330,1,Action
3141330,25,Adventure
3143300,25,Adventure
3143300,4,Casual
3143520,2,Strategy
3143520,23,Indie
3143520,25,Adventure
3143520,28,Simulation
3143520,3,RPG
3143570,1,Action
3143570,25,Adventure
3143570,4,Casual
3144520,1,Action
3144520,25,Adventure
3144520,4,Casual
3146630,1,Action
3146630,23,Indie
3148060,23,Indie
3148060,25,Adventure
3151420,2,Strategy
3151420,23,Indie
3151420,4,Casual
3154800,18,Sports
3154800,23,Indie
3154800,28,Simulation
3154800,4,Casual
3154800,70,Early Access
3154910,1,Action
3154910,23,Indie
3154910,28,Simulation
3158600,1,Action
3158600,23,Indie
3158600,25,Adventure
3158600,4,Casual
3159040,1,Action
3159040,2,Strategy
3159040,4,Casual
3160110,1,Action
3160110,2,Strategy
3160110,23,Indie
3160500,2,Strategy
3160500,23,Indie
3160500,3,RPG
3160500,4,Casual
3160560,25,Adventure
3160560,37,Free To Play
3160560,4,Casual
3164400,1,Action
3164400,2,Strategy
3164400,23,Indie
3164400,4,Casual
3166730,23,Indie
3166730,4,Casual
3167020,1,Action
3167020,23,Indie
3167020,25,Adventure
3167020,3,RPG
3167260,1,Action
3167260,2,Strategy
3167280,1,Action
3167280,23,Indie
3168400,23,Indie
3168400,25,Adventure
3168690,1,Action
3168690,2,Strategy
3168690,23,Indie
3168690,25,Adventure
3168930,1,Action
3168930,23,Indie
3168930,25,Adventure
3169180,2,Strategy
3169180,23,Indie
3172770,1,Action
3172770,23,Indie
3172770,25,Adventure
3177210,2,Strategy
3177210,23,Indie
3177210,37,Free To Play
3180070,23,Indie
3180070,28,Simulation
3181260,2,Strategy
3181260,23,Indie
3181260,3,RPG
3181260,4,Casual
3181260,70,Early Access
3181830,1,Action
3181830,23,Indie
3181830,25,Adventure
3181830,37,Free To Play
3181830,4,Casual
3183220,2,Strategy
3183220,23,Indie
3183220,70,Early Access
3183410,23,Indie
3183410,25,Adventure
3184250,1,Action
3184250,23,Indie
3184250,37,Free To Play
3184250,4,Casual
3184990,23,Indie
3184990,25,Adventure
3184990,3,RPG
3185010,23,Indie
3185010,3,RPG
3185010,4,Casual
3185230,2,Strategy
3185230,23,Indie
3185230,25,Adventure
3185230,3,RPG
3185230,4,Casual
3185890,2,Strategy
3185890,23,Indie
3185890,3,RPG
3186120,25,Adventure
3186250,1,Action
3186250,23,Indie
3186250,37,Free To Play
3187010,23,Indie
3187010,25,Adventure
3187010,4,Casual
3188460,1,Action
3188460,23,Indie
3188460,25,Adventure
3188460,3,RPG
3192970,23,Indie
3192970,28,Simulation
3192970,4,Casual
3194360,1,Action
3194360,18,Sports
3194360,23,Indie
3194360,4,Casual
3194360,9,Racing
3196520,23,Indie
3196520,28,Simulation
3196520,4,Casual
3198760,2,Strategy
3198760,28,Simulation
3198820,1,Action
3198820,23,Indie
3198820,25,Adventure
3198820,3,RPG
3198820,4,Casual
3199430,23,Indie
3199430,28,Simulation
3200060,1,Action
3200060,23,Indie
3200220,2,Strategy
3200220,25,Adventure
3200260,2,Strategy
3200260,23,Indie
3200260,28,Simulation
3200260,4,Casual
3200260,70,Early Access
3202370,1,Action
3202370,2,Strategy
3202370,25,Adventure
3202400,23,Indie
3202400,4,Casual
3202400,9,Racing
3202430,1,Action
3202430,23,Indie
3202430,4,Casual
3202950,1,Action
3202950,18,Sports
3202950,23,Indie
3203160,23,Indie
3203160,4,Casual
3204140,2,Strategy
3204140,25,Adventure
3204140,3,RPG
3205360,23,Indie
3205360,28,Simulation
3205410,18,Sports
3205410,2,Strategy
3205410,23,Indie
3205410,28,Simulation
3206550,23,Indie
3206550,25,Adventure
3208730,25,Adventure
3209480,23,Indie
3209480,25,Adventure
3210590,1,Action
3210590,23,Indie
3210590,25,Adventure
3210750,1,Action
3210750,23,Indie
3210750,25,Adventure
3213600,28,Simulation
3213790,1,Action
3213790,23,Indie
3213790,25,Adventure
3213790,4,Casual
3214220,1,Action
3214790,2,Strategy
3214790,23,Indie
3214790,3,RPG
3216500,25,Adventure
3217820,1,Action
3217820,2,Strategy
3217820,23,Indie
3217820,25,Adventure
3217820,28,Simulation
3217820,29,Massively Multiplayer
3217820,37,Free To Play
3220170,23,Indie
3220170,25,Adventure
3220170,29,Massively Multiplayer
3220170,3,RPG
3220170,37,Free To Play
3220180,1,Action
3220180,23,Indie
3220180,28,Simulation
3220180,4,Casual
3220180,70,Early Access
3220260,2,Strategy
3220430,23,Indie
3220430,25,Adventure
3220430,28,Simulation
3220430,4,Casual
3220620,23,Indie
3220620,25,Adventure
3222920,23,Indie
3222920,28,Simulation
3222920,4,Casual
3223370,1,Action
3223370,23,Indie
3223370,25,Adventure
3223370,28,Simulation
3223470,2,Strategy
3224330,1,Action
3224330,23,Indie
3224330,25,Adventure
3224330,4,Casual
3224410,23,Indie
3224410,4,Casual
3226580,2,Strategy
3226580,23,Indie
3226580,4,Casual
3226740,2,Strategy
3226740,3,RPG
3226740,4,Casual
3227670,23,Indie
3227670,28,Simulation
3227670,3,RPG
3227670,4,Casual
3227790,2,Strategy
3227790,23,Indie
3227790,28,Simulation
3227790,4,Casual
3228800,23,Indie
3228800,28,Simulation
3228800,4,Casual
3228800,9,Racing
3230030,1,Action
3230030,2,Strategy
3230030,23,Indie
3230030,25,Adventure
3230030,3,RPG
3230030,70,Early Access
3230860,1,Action
3230860,25,Adventure
3230860,4,Casual
3232760,1,Action
3232760,23,Indie
3232760,25,Adventure
3233130,23,Indie
3233130,25,Adventure
3233130,28,Simulation
3234170,2,Strategy
3234170,23,Indie
3234170,70,Early Access
3234660,2,Strategy
3234660,23,Indie
3235740,2,Strategy
3236710,1,Action
3236710,3,RPG
3236710,4,Casual
3237360,1,Action
3237570,1,Action
3237570,25,Adventure
3237570,29,Massively Multiplayer
3238190,23,Indie
3238190,4,Casual
3239220,23,Indie
3239220,4,Casual
3239500,23,Indie
3239500,25,Adventure
3239500,4,Casual
3239650,18,Sports
3239650,9,Racing
3243410,2,Strategy
3243410,23,Indie
3244900,2,Strategy
3244900,23,Indie
3244900,4,Casual
3247750,1,Action
3247750,23,Indie
3247750,70,Early Access
3249650,1,Action
3249650,23,Indie
3252250,23,Indie
3252440,23,Indie
3252440,25,Adventure
3252440,3,RPG
3253190,1,Action
3253190,23,Indie
3253190,25,Adventure
3253190,3,RPG
3253190,4,Casual
3256840,1,Action
3256840,23,Indie
3256840,25,Adventure
3257040,1,Action
3257040,23,Indie
3257040,25,Adventure
3262080,2,Strategy
3262080,23,Indie
3262080,4,Casual
3262080,70,Early Access
3262560,2,Strategy
3262560,23,Indie
3262560,28,Simulation
3262560,4,Casual
3262810,23,Indie
3262810,28,Simulation
3265060,1,Action
3265060,23,Indie
3265060,25,Adventure
3265060,3,RPG
3267940,23,Indie
3267940,25,Adventure
3267940,4,Casual
3268870,2,Strategy
3268870,23,Indie
3268870,3,RPG
3270580,1,Action
3270580,2,Strategy
3270580,23,Indie
3270580,4,Casual
3271880,23,Indie
3271880,25,Adventure
3272170,2,Strategy
3272170,23,Indie
3272170,25,Adventure
3272170,4,Casual
3273550,1,Action
3273550,25,Adventure
3273650,1,Action
3273650,18,Sports
3273650,23,Indie
3273650,28,Simulation
3273650,29,Massively Multiplayer
3273650,37,Free To Play
3273650,4,Casual
3273650,70,Early Access
3273650,9,Racing
3273660,1,Action
3273660,18,Sports
3273660,23,Indie
3273660,28,Simulation
3273660,29,Massively Multiplayer
3273660,37,Free To Play
3273660,4,Casual
3273660,70,Early Access
3273660,9,Racing
3273740,1,Action
3273740,23,Indie
3275460,2,Strategy
3275460,23,Indie
3275460,28,Simulation
3275460,70,Early Access
3276950,1,Action
3276950,2,Strategy
3276960,2,Strategy
3276960,23,Indie
3276960,4,Casual
3277640,2,Strategy
3277640,23,Indie
3279170,23,Indie
3279170,4,Casual
3279410,23,Indie
3279410,4,Casual
3281330,1,Action
3281330,23,Indie
3281330,4,Casual
3281330,9,Racing
3281380,1,Action
3281380,23,Indie
3281380,3,RPG
3281380,4,Casual
3282260,1,Action
3282260,25,Adventure
3282260,4,Casual
3282260,70,Early Access
3282260,9,Racing
3282690,1,Action
3282690,23,Indie
3282690,4,Casual
3282980,1,Action
3282980,23,Indie
3282980,25,Adventure
3282980,70,Early Access
3290390,1,Action
3290600,23,Indie
3290600,28,Simulation
3290600,3,RPG
3290600,4,Casual
3291040,1,Action
3291040,2,Strategy
3291090,1,Action
3291090,23,Indie
3291090,25,Adventure
3291090,70,Early Access
3292750,1,Action
3292750,2,Strategy
3292750,23,Indie
3292750,4,Casual
3293010,23,Indie
3293010,28,Simulation
3293010,4,Casual
3293010,9,Racing
3293180,1,Action
3293180,28,Simulation
3294020,23,Indie
3294020,25,Adventure
3294570,1,Action
3294570,25,Adventure
3295350,2,Strategy
3295680,2,Strategy
3295680,25,Adventure
3297940,1,Action
3297940,23,Indie
3297940,25,Adventure
3297940,28,Simulation
3299340,23,Indie
3299340,3,RPG
3299340,4,Casual
3299830,37,Free To Play
3299830,4,Casual
3300300,2,Strategy
3300300,23,Indie
3300300,4,Casual
3300760,1,Action
3300760,23,Indie
3300760,25,Adventure
3300760,70,Early Access
3302620,23,Indie
3302620,28,Simulation
3302620,4,Casual
3304050,23,Indie
3304050,25,Adventure
3305120,1,Action
3305120,23,Indie
3305120,25,Adventure
3305120,3,RPG
3305920,23,Indie
3305920,4,Casual
3305920,70,Early Access
3308220,1,Action
3308220,23,Indie
3308220,70,Early Access
3308330,1,Action
3308330,23,Indie
3308330,25,Adventure
3308870,23,Indie
3308870,25,Adventure
3308870,28,Simulation
3308870,4,Casual
3309750,23,Indie
3309750,25,Adventure
3312430,3,RPG
3312430,70,Early Access
3313200,23,Indie
3313200,4,Casual
3314790,1,Action
3314790,18,Sports
3314790,2,Strategy
3314790,23,Indie
3314790,25,Adventure
3314790,28,Simulation
3316690,23,Indie
3316690,25,Adventure
3316690,29,Massively Multiplayer
3316690,4,Casual
3317620,23,Indie
3317620,3,RPG
3318080,1,Action
3318080,4,Casual
3318490,23,Indie
3318490,28,Simulation
3318490,70,Early Access
3321850,2,Strategy
3323040,1,Action
3323040,23,Indie
3323260,23,Indie
3323260,25,Adventure
3323260,4,Casual
3323850,23,Indie
3323850,4,Casual
3324980,1,Action
3324980,25,Adventure
3325500,2,Strategy
3325500,23,Indie
3325500,28,Simulation
3325500,4,Casual
3326580,2,Strategy
3326580,23,Indie
3326580,4,Casual
3327640,25,Adventure
3327640,4,Casual
3328180,25,Adventure
3329260,23,Indie
3329260,28,Simulation
3329260,4,Casual
3330410,1,Action
3330410,2,Strategy
3330410,23,Indie
3330420,3,RPG
3330510,2,Strategy
3330510,23,Indie
3330510,28,Simulation
3330510,4,Casual
3332140,23,Indie
3332140,25,Adventure
3333310,25,Adventure
3334770,18,Sports
3334770,2,Strategy
3334770,23,Indie
3334770,28,Simulation
3334770,70,Early Access
3337710,2,Strategy
3337710,23,Indie
3337710,28,Simulation
3337710,4,Casual
3337710,70,Early Access
3339810,1,Action
3339810,23,Indie
3339810,70,Early Access
3339810,9,Racing
3341510,1,Action
3341510,3,RPG
3342150,1,Action
3342150,23,Indie
3342150,4,Casual
3342800,23,Indie
3342800,25,Adventure
3342900,1,Action
3342900,2,Strategy
3342900,23,Indie
3342900,4,Casual
3343940,1,Action
3343940,23,Indie
3343940,25,Adventure
3343940,3,RPG
3343940,4,Casual
3344770,1,Action
3344770,23,Indie
3348510,2,Strategy
3348510,23,Indie
3348910,25,Adventure
3348910,28,Simulation
3348910,4,Casual
3350870,1,Action
3350870,37,Free To Play
3351040,28,Simulation
3351040,4,Casual
3352160,23,Indie
3353000,1,Action
3353000,25,Adventure
3353000,70,Early Access
3354220,23,Indie
3354220,28,Simulation
3354220,4,Casual
3354320,1,Action
3354320,23,Indie
3354320,37,Free To Play
3354320,4,Casual
3354750,1,Action
3354750,18,Sports
3354750,37,Free To Play
3354750,70,Early Access
3355080,1,Action
3355080,25,Adventure
3355830,1,Action
3355830,23,Indie
3355830,28,Simulation
3355830,4,Casual
3355900,1,Action
3356250,23,Indie
3356250,25,Adventure
3356350,1,Action
3356350,18,Sports
3356350,23,Indie
3356350,28,Simulation
3356350,4,Casual
3356360,1,Action
3356360,18,Sports
3356360,23,Indie
3356360,28,Simulation
3356360,4,Casual
3359450,28,Simulation
3359450,4,Casual
3359450,70,Early Access
3359900,1,Action
3359910,1,Action
3360320,23,Indie
3360320,28,Simulation
3360320,4,Casual
3360820,23,Indie
3360820,4,Casual
3360890,2,Strategy
3360890,28,Simulation
3360890,3,RPG
3360890,70,Early Access
3361760,1,Action
3361760,25,Adventure
3361760,37,Free To Play
3362660,1,Action
3362660,25,Adventure
3362960,23,Indie
3362960,28,Simulation
3362960,4,Casual
3363570,1,Action
3363570,2,Strategy
3363570,23,Indie
3363570,70,Early Access
3363580,1,Action
3363580,23,Indie
3363580,70,Early Access
3364070,2,Strategy
3364070,23,Indie
3364070,25,Adventure
3364070,28,Simulation
3364070,3,RPG
3364070,4,Casual
3365030,1,Action
3365030,25,Adventure
3365030,28,Simulation
3365030,3,RPG
3365030,4,Casual
3369700,2,Strategy
3369700,23,Indie
3369700,25,Adventure
3369700,3,RPG
3369990,4,Casual
3370050,1,Action
3370050,18,Sports
3370050,23,Indie
3370050,28,Simulation
3370050,37,Free To Play
3370050,4,Casual
3370100,3,RPG
3371110,2,Strategy
3371110,25,Adventure
3371110,28,Simulation
3371110,3,RPG
3371140,2,Strategy
3371140,3,RPG
3371140,70,Early Access
3371480,23,Indie
3371480,3,RPG
3371480,4,Casual
3373830,23,Indie
3373830,28,Simulation
3373830,4,Casual
3374340,2,Strategy
3374340,23,Indie
3374340,37,Free To Play
3374840,1,Action
3374840,23,Indie
3374840,4,Casual
3374840,70,Early Access
3374920,3,RPG
3375780,1,Action
3375780,25,Adventure
3375780,3,RPG
3377290,28,Simulation
3377290,4,Casual
3381290,23,Indie
3381290,25,Adventure
3381290,3,RPG
3381290,70,Early Access
3382270,23,Indie
3382270,25,Adventure
3382270,37,Free To Play
3382670,23,Indie
3382670,25,Adventure
3382670,3,RPG
3382670,70,Early Access
3384840,23,Indie
3384840,25,Adventure
3384840,28,Simulation
3384840,4,Casual
3385250,4,Casual
3385370,1,Action
3385370,23,Indie
3385960,1,Action
3385960,2,Strategy
3385960,70,Early Access
3386100,1,Action
3386100,23,Indie
3386100,9,Racing
3386150,1,Action
3386150,23,Indie
3386150,70,Early Access
3387100,1,Action
3387100,23,Indie
3387100,28,Simulation
3387100,4,Casual
3387320,23,Indie
3387320,25,Adventure
3387320,3,RPG
3387410,1,Action
3387410,25,Adventure
3387420,1,Action
3387420,25,Adventure
3390310,23,Indie
3390310,25,Adventure
3390310,4,Casual
3391200,23,Indie
3391200,25,Adventure
3391200,4,Casual
3391420,23,Indie
3391420,3,RPG
3391420,4,Casual
3395720,1,Action
3395720,23,Indie
3395760,23,Indie
3395760,28,Simulation
3395760,4,Casual
3395760,70,Early Access
3396670,23,Indie
3396670,25,Adventure
3396670,4,Casual
3396740,1,Action
3396740,23,Indie
3396740,25,Adventure
3396740,4,Casual
3398960,1,Action
3398960,2,Strategy
3398960,23,Indie
3398960,25,Adventure
3398960,3,RPG
3398960,4,Casual
3399200,23,Indie
3399200,25,Adventure
3399200,37,Free To Play
3399200,4,Casual
3400380,1,Action
3400380,23,Indie
3400380,3,RPG
3400530,23,Indie
3400530,28,Simulation
3400530,4,Casual
3400530,70,Early Access
3403250,1,Action
3403250,23,Indie
3403250,37,Free To Play
3403250,4,Casual
3404590,23,Indie
3404590,4,Casual
3405340,1,Action
3405340,23,Indie
3405340,4,Casual
3405420,1,Action
3405420,23,Indie
3405420,25,Adventure
3406090,23,Indie
3406090,28,Simulation
3406620,3,RPG
3406740,1,Action
3406740,23,Indie
3406910,25,Adventure
3406910,28,Simulation
3406910,3,RPG
3410630,25,Adventure
3412620,23,Indie
3412620,4,Casual
3413090,1,Action
3413090,2,Strategy
3413090,23,Indie
3413090,25,Adventure
3413090,3,RPG
3413090,4,Casual
3413260,1,Action
3413260,18,Sports
3415230,2,Strategy
3415230,23,Indie
3415230,28,Simulation
3415230,3,RPG
3415230,4,Casual
3415240,2,Strategy
3415240,23,Indie
3415240,28,Simulation
3415240,4,Casual
3415340,1,Action
3415340,23,Indie
3415340,25,Adventure
3415460,23,Indie
3415460,25,Adventure
3415530,18,Sports
3415530,2,Strategy
3415530,23,Indie
3415530,28,Simulation
3415530,4,Casual
3415530,70,Early Access
3415580,2,Strategy
3415580,70,Early Access
3417470,23,Indie
3417470,25,Adventure
3418150,2,Strategy
3418150,23,Indie
3418150,4,Casual
3418150,70,Early Access
3419690,1,Action
3419690,25,Adventure
3419690,28,Simulation
3419690,4,Casual
3420690,1,Action
3420690,23,Indie
3421330,4,Casual
3421560,1,Action
3421560,23,Indie
3422180,23,Indie
3422180,25,Adventure
3424920,2,Strategy
3424920,23,Indie
3424920,25,Adventure
3424920,3,RPG
3424920,4,Casual
3424980,23,Indie
3424980,25,Adventure
3425460,23,Indie
3425460,28,Simulation
3425460,4,Casual
3425460,70,Early Access
3427500,4,Casual
3427550,23,Indie
3427550,28,Simulation
3427550,4,Casual
3427870,37,Free To Play
3427870,4,Casual
3428300,25,Adventure
3428430,1,Action
3428430,23,Indie
3428520,2,Strategy
3428520,23,Indie
3428520,25,Adventure
3428520,28,Simulation
3428520,4,Casual
3428730,23,Indie
3428730,28,Simulation
3428730,4,Casual
3431340,1,Action
3431340,23,Indie
3431340,4,Casual
3431720,23,Indie
3431720,4,Casual
3431770,2,Strategy
3431770,70,Early Access
3432750,23,Indie
3432750,28,Simulation
3432750,4,Casual
3432800,1,Action
3432800,23,Indie
3433230,23,Indie
3433230,25,Adventure
3433600,28,Simulation
3433920,25,Adventure
3433920,28,Simulation
3433920,29,Massively Multiplayer
3433920,3,RPG
3433920,37,Free To Play
3433920,4,Casual
3434460,1,Action
3434460,37,Free To Play
3434460,4,Casual
3435810,1,Action
3435810,23,Indie
3435810,4,Casual
3435920,1,Action
3435920,23,Indie
3435920,25,Adventure
3435920,3,RPG
3435950,23,Indie
3435950,25,Adventure
3435950,4,Casual
3436650,2,Strategy
3436650,28,Simulation
3436870,1,Action
3436870,2,Strategy
3436870,25,Adventure
3436870,70,Early Access
3436960,1,Action
3436960,23,Indie
3437170,2,Strategy
3437170,23,Indie
3437170,25,Adventure
3437170,28,Simulation
3437170,4,Casual
3437610,1,Action
3437610,2,Strategy
3437610,23,Indie
3437610,25,Adventure
3437610,3,RPG
3437610,4,Casual
3440430,1,Action
3440430,23,Indie
3440430,25,Adventure
3440430,28,Simulation
3440430,3,RPG
3440430,70,Early Access
3441000,1,Action
3441000,23,Indie
3441000,25,Adventure
3441000,70,Early Access
3441200,23,Indie
3441200,28,Simulation
3441200,3,RPG
3441200,4,Casual
3442720,2,Strategy
3442720,23,Indie
3442880,4,Casual
3442880,70,Early Access
3443080,1,Action
3443080,25,Adventure
3444080,28,Simulation
3444080,4,Casual
3444080,70,Early Access
3444220,1,Action
3444220,23,Indie
3444220,4,Casual
3445800,23,Indie
3445800,28,Simulation
3445800,4,Casual
3445830,25,Adventure
3445890,4,Casual
3446230,23,Indie
3446230,25,Adventure
3446230,4,Casual
3446250,2,Strategy
3446250,23,Indie
3446250,4,Casual
3446680,25,Adventure
3446680,28,Simulation
3446680,3,RPG
3446680,4,Casual
3446920,2,Strategy
3446920,3,RPG
3446920,37,Free To Play
3447040,3,RPG
3447300,2,Strategy
3447300,23,Indie
3447510,2,Strategy
3447510,23,Indie
3447510,28,Simulation
3447510,4,Casual
3447910,1,Action
3447910,18,Sports
3447910,23,Indie
3447910,9,Racing
3448870,23,Indie
3448870,25,Adventure
3449030,23,Indie
3449030,25,Adventure
3449030,4,Casual
3449040,1,Action
3449040,23,Indie
3449040,3,RPG
3449610,1,Action
3449610,23,Indie
3449610,25,Adventure
3451200,1,Action
3451200,23,Indie
3451200,25,Adventure
3451200,4,Casual
3451500,1,Action
3451500,23,Indie
3451500,29,Massively Multiplayer
3451500,9,Racing
3453330,2,Strategy
3453330,23,Indie
3453330,4,Casual
3453680,23,Indie
3453680,4,Casual
3454570,1,Action
3454570,23,Indie
3454570,25,Adventure
3454570,28,Simulation
3454830,1,Action
3454830,18,Sports
3454830,23,Indie
3454830,37,Free To Play
3454830,4,Casual
3454830,9,Racing
3454980,1,Action
3456230,2,Strategy
3456230,23,Indie
3456230,4,Casual
3456810,1,Action
3456830,23,Indie
3456830,25,Adventure
3458220,23,Indie
3458220,28,Simulation
3458220,3,RPG
3458220,70,Early Access
3458490,37,Free To Play
3458600,2,Strategy
3458600,23,Indie
3458600,3,RPG
3458600,70,Early Access
3458720,1,Action
3458720,23,Indie
3458720,4,Casual
3461090,25,Adventure
3461090,37,Free To Play
3461520,23,Indie
3461520,4,Casual
3461560,23,Indie
3461560,37,Free To Play
3461560,70,Early Access
3462600,23,Indie
3462600,28,Simulation
3462600,37,Free To Play
3462600,4,Casual
3463700,23,Indie
3463700,28,Simulation
3463910,1,Action
3463910,23,Indie
3463910,70,Early Access
3465310,1,Action
3465310,23,Indie
3465310,25,Adventure
3465310,4,Casual
3465310,9,Racing
3465850,1,Action
3465850,2,Strategy
3465850,23,Indie
3465850,25,Adventure
3465850,3,RPG
3466320,23,Indie
3466320,37,Free To Play
3466320,4,Casual
3466450,23,Indie
3466450,4,Casual
3467310,23,Indie
3467310,28,Simulation
3467310,4,Casual
3467710,1,Action
3467710,2,Strategy
3467710,23,Indie
3467710,25,Adventure
3468180,23,Indie
3468180,28,Simulation
3468180,4,Casual
3468400,23,Indie
3468400,28,Simulation
3468400,4,Casual
3468660,18,Sports
3468660,28,Simulation
3469230,1,Action
3469230,18,Sports
3470170,2,Strategy
3470170,23,Indie
3470170,25,Adventure
3470170,3,RPG
3470170,4,Casual
3470940,1,Action
3470940,23,Indie
3470940,25,Adventure
3470940,4,Casual
3472300,1,Action
3472300,23,Indie
3472300,25,Adventure
3472300,28,Simulation
3472300,4,Casual
3473580,2,Strategy
3473610,2,Strategy
3473610,23,Indie
3473610,28,Simulation
3473610,4,Casual
3473840,1,Action
3473840,2,Strategy
3473840,23,Indie
3473840,25,Adventure
3473840,3,RPG
3473840,4,Casual
3474140,2,Strategy
3474140,23,Indie
3474140,25,Adventure
3474140,3,RPG
3474400,23,Indie
3474500,23,Indie
3474500,4,Casual
3475490,2,Strategy
3475490,23,Indie
3475490,4,Casual
3475580,1,Action
3475580,23,Indie
3475580,28,Simulation
3475580,4,Casual
3476730,23,Indie
3476730,28,Simulation
3476730,3,RPG
3476730,37,Free To Play
3476730,4,Casual
3477080,2,Strategy
3479160,18,Sports
3479160,23,Indie
3479160,37,Free To Play
3479160,4,Casual
3479790,23,Indie
3479790,25,Adventure
3480790,1,Action
3480790,23,Indie
3481710,23,Indie
3481710,25,Adventure
3481800,1,Action
3481800,23,Indie
3481800,3,RPG
3481800,4,Casual
3481800,70,Early Access
3481920,2,Strategy
3482550,23,Indie
3482550,4,Casual
3483190,1,Action
3483190,23,Indie
3483190,25,Adventure
3484190,23,Indie
3484190,28,Simulation
3484190,70,Early Access
3484640,1,Action
3484640,18,Sports
3484640,23,Indie
3484640,28,Simulation
3484640,70,Early Access
3484640,9,Racing
3485910,2,Strategy
3485910,23,Indie
3485910,25,Adventure
3485910,4,Casual
3486280,23,Indie
3486280,25,Adventure
3486280,37,Free To Play
3488580,2,Strategy
3488580,23,Indie
3488580,4,Casual
3488970,2,Strategy
3488970,3,RPG
3489240,1,Action
3489240,25,Adventure
3489460,23,Indie
3489460,25,Adventure
3489460,3,RPG
3490140,1,Action
3490140,25,Adventure
3491160,25,Adventure
3491430,1,Action
3491430,2,Strategy
3491430,23,Indie
3491430,4,Casual
3494210,1,Action
3494660,23,Indie
3494660,25,Adventure
3494790,25,Adventure
3495040,23,Indie
3495040,4,Casual
3495050,23,Indie
3495050,4,Casual
3498560,1,Action
3498560,25,Adventure
3498560,28,Simulation
3498560,4,Casual
3499160,1,Action
3499160,23,Indie
3499160,25,Adventure
3499160,4,Casual
3499270,23,Indie
3499270,25,Adventure
3499270,3,RPG
3499820,18,Sports
3499820,23,Indie
3499820,28,Simulation
3499820,4,Casual
3499820,70,Early Access
3500450,2,Strategy
3500450,23,Indie
3500750,23,Indie
3500750,25,Adventure
3500830,23,Indie
3500830,28,Simulation
3500830,3,RPG
3500830,4,Casual
3501840,23,Indie
3501840,4,Casual
3502020,23,Indie
3502020,28,Simulation
3502020,4,Casual
3502340,23,Indie
3502340,25,Adventure
3502370,1,Action
3502370,23,Indie
3502370,4,Casual
3502370,9,Racing
3502860,1,Action
3502910,1,Action
3502910,23,Indie
3502910,28,Simulation
3504570,1,Action
3504570,25,Adventure
3504870,2,Strategy
3504870,23,Indie
3504870,4,Casual
3505240,1,Action
3505240,23,Indie
3505240,4,Casual
3505350,23,Indie
3505600,23,Indie
3505600,25,Adventure
3505600,28,Simulation
3505650,1,Action
3505650,2,Strategy
3505650,23,Indie
3505650,3,RPG
3505650,4,Casual
3506210,1,Action
3506210,23,Indie
3506210,37,Free To Play
3506210,4,Casual
3509730,25,Adventure
3509730,4,Casual
3511130,1,Action
3511130,23,Indie
3511130,4,Casual
3513000,23,Indie
3513000,28,Simulation
3513000,4,Casual
3513340,2,Strategy
3513340,23,Indie
3513340,4,Casual
3513430,1,Action
3513430,23,Indie
3513430,37,Free To Play
3514440,1,Action
3515710,23,Indie
3515710,25,Adventure
3515710,70,Early Access
3516180,25,Adventure
3516180,28,Simulation
3516180,3,RPG
3516800,1,Action
3516800,23,Indie
3516800,4,Casual
3516890,1,Action
3516890,23,Indie
3516890,25,Adventure
3516890,3,RPG
3518030,1,Action
3518030,23,Indie
3519780,2,Strategy
3519780,23,Indie
3519780,4,Casual
3519810,1,Action
3519810,23,Indie
3519810,37,Free To Play
3520030,23,Indie
3520030,25,Adventure
3520030,4,Casual
3520520,23,Indie
3520580,4,Casual
3520970,3,RPG
3521270,1,Action
3521270,23,Indie
3521270,25,Adventure
3521410,2,Strategy
3521410,23,Indie
3521410,28,Simulation
3521410,4,Casual
3524070,23,Indie
3524070,25,Adventure
3524070,4,Casual
3524070,70,Early Access
3527080,23,Indie
3527080,25,Adventure
3527810,25,Adventure
3527920,23,Indie
3527920,25,Adventure
3528450,23,Indie
3528450,28,Simulation
3528450,3,RPG
3528450,4,Casual
3528970,1,Action
3528970,23,Indie
3528970,25,Adventure
3528970,28,Simulation
3529380,23,Indie
3529380,25,Adventure
3529380,4,Casual
3530490,2,Strategy
3530490,23,Indie
3530490,3,RPG
3531960,25,Adventure
3531980,25,Adventure
3531980,3,RPG
3531990,3,RPG
3532890,2,Strategy
3532890,23,Indie
3532890,25,Adventure
3532890,4,Casual
3533360,1,Action
3533360,23,Indie
3533360,25,Adventure
3533360,3,RPG
3533400,1,Action
3533400,23,Indie
3533400,4,Casual
3535090,1,Action
3535090,23,Indie
3535090,29,Massively Multiplayer
3535090,3,RPG
3535090,70,Early Access
3535110,2,Strategy
3535110,23,Indie
3535110,4,Casual
3535330,25,Adventure
3535330,4,Casual
3536480,1,Action
3536480,23,Indie
3536480,25,Adventure
3536480,3,RPG
3536480,4,Casual
3537890,23,Indie
3537890,4,Casual
3538140,1,Action
3538140,23,Indie
3538140,25,Adventure
3538320,23,Indie
3538320,25,Adventure
3538320,28,Simulation
3538320,4,Casual
3538320,9,Racing
3538680,23,Indie
3538680,25,Adventure
3538680,60,Game Development
3539580,1,Action
3539580,2,Strategy
3539580,23,Indie
3539580,25,Adventure
3539580,37,Free To Play
3539580,4,Casual
3540430,2,Strategy
3540430,23,Indie
3540550,23,Indie
3540550,25,Adventure
3540680,1,Action
3540680,23,Indie
3540830,2,Strategy
3540830,23,Indie
3540830,25,Adventure
3540830,28,Simulation
3540830,3,RPG
3540830,37,Free To Play
3540830,4,Casual
3540880,23,Indie
3540880,4,Casual
3541240,23,Indie
3541240,4,Casual
3541750,25,Adventure
3541750,3,RPG
3544100,23,Indie
3544100,28,Simulation
3544100,3,RPG
3544100,4,Casual
3545290,1,Action
3545290,4,Casual
3545810,2,Strategy
3545810,23,Indie
3545810,3,RPG
3546540,23,Indie
3546540,25,Adventure
3546540,3,RPG
3546540,37,Free To Play
3548050,23,Indie
3548050,25,Adventure
3548370,1,Action
3548370,2,Strategy
3548370,23,Indie
3548370,25,Adventure
3549690,23,Indie
3549690,28,Simulation
3550490,23,Indie
3550490,25,Adventure
3550490,4,Casual
3551100,1,Action
3551100,23,Indie
3551100,25,Adventure
3551100,28,Simulation
3552200,23,Indie
3552200,25,Adventure
3552220,1,Action
3552220,70,Early Access
3552820,1,Action
3552820,23,Indie
3552820,4,Casual
3552920,18,Sports
3552920,23,Indie
3552970,1,Action
3552970,2,Strategy
3552970,23,Indie
3553190,1,Action
3553190,23,Indie
3553190,70,Early Access
3553260,23,Indie
3553260,4,Casual
3553930,23,Indie
3553930,25,Adventure
3553930,28,Simulation
3553930,37,Free To Play
3553930,4,Casual
3553930,70,Early Access
3554010,2,Strategy
3554010,4,Casual
3554100,2,Strategy
3554100,23,Indie
3554100,3,RPG
3554100,4,Casual
3555840,23,Indie
3555840,28,Simulation
3555840,4,Casual
3555980,25,Adventure
3556730,25,Adventure
3556730,3,RPG
3556750,2,Strategy
3556780,23,Indie
3556780,25,Adventure
3556780,37,Free To Play
3556780,4,Casual
3560030,25,Adventure
3560030,28,Simulation
3560030,3,RPG
3560370,23,Indie
3560370,25,Adventure
3560370,4,Casual
3561170,28,Simulation
3561170,70,Early Access
3561190,23,Indie
3561190,25,Adventure
3561190,4,Casual
3561230,1,Action
3561230,23,Indie
3561230,25,Adventure
3561230,3,RPG
3561830,23,Indie
3561830,4,Casual
3561970,1,Action
3561970,23,Indie
3561970,25,Adventure
3561970,3,RPG
3562220,2,Strategy
3562220,3,RPG
3563380,23,Indie
3563380,4,Casual
3563480,2,Strategy
3563480,23,Indie
3563480,28,Simulation
3563700,1,Action
3563700,28,Simulation
3563700,4,Casual
3563700,9,Racing
3564740,1,Action
3564740,2,Strategy
3564740,23,Indie
3564740,25,Adventure
3564740,28,Simulation
3564740,29,Massively Multiplayer
3564740,3,RPG
3564740,37,Free To Play
3564740,4,Casual
3564740,9,Racing
3565250,23,Indie
3565250,4,Casual
3565330,2,Strategy
3565330,23,Indie
3565330,25,Adventure
3565680,23,Indie
3565680,28,Simulation
3565700,1,Action
3565700,25,Adventure
3565700,3,RPG
3566100,28,Simulation
3568030,23,Indie
3568030,25,Adventure
3568030,3,RPG
3568460,1,Action
3568460,23,Indie
3568460,4,Casual
3568550,1,Action
3568550,23,Indie
3569570,1,Action
3569570,2,Strategy
3569570,23,Indie
3569570,3,RPG
3569570,37,Free To Play
3569570,70,Early Access
3570370,23,Indie
3570370,25,Adventure
3570370,4,Casual
3571640,23,Indie
3571640,4,Casual
3571710,23,Indie
3571710,28,Simulation
3571710,4,Casual
3571780,1,Action
3571780,23,Indie
3571780,4,Casual
3572030,23,Indie
3572030,37,Free To Play
3572030,4,Casual
3572530,2,Strategy
3572530,23,Indie
3572530,25,Adventure
3572530,4,Casual
3572930,1,Action
3572930,23,Indie
3572930,25,Adventure
3572930,3,RPG
3572930,70,Early Access
3572960,1,Action
3572960,23,Indie
3572960,25,Adventure
3572960,37,Free To Play
3575020,18,Sports
3575020,2,Strategy
3575020,23,Indie
3575020,4,Casual
3575020,9,Racing
3575380,2,Strategy
3575380,25,Adventure
3575810,2,Strategy
3575810,23,Indie
3575810,4,Casual
3575980,23,Indie
3575980,28,Simulation
3575980,3,RPG
3575990,1,Action
3575990,3,RPG
3576000,23,Indie
3576060,3,RPG
3576060,37,Free To Play
3576060,70,Early Access
3577080,1,Action
3577080,23,Indie
3577080,25,Adventure
3577080,37,Free To Play
3577140,25,Adventure
3577140,4,Casual
3578450,2,Strategy
3578450,37,Free To Play
3578450,4,Casual
3578450,70,Early Access
3578500,23,Indie
3578500,4,Casual
3578960,1,Action
3578960,23,Indie
3579010,1,Action
3579010,2,Strategy
3579010,23,Indie
3579010,4,Casual
3579320,25,Adventure
3579320,4,Casual
3579330,25,Adventure
3579330,4,Casual
3579360,23,Indie
3579360,25,Adventure
3579360,4,Casual
3580440,1,Action
3580440,23,Indie
3580440,25,Adventure
3580440,4,Casual
3580440,9,Racing
3580760,23,Indie
3582170,23,Indie
3582170,4,Casual
3582170,9,Racing
3582270,1,Action
3582270,23,Indie
3582390,2,Strategy
3582390,23,Indie
3582390,25,Adventure
3582390,28,Simulation
3582640,2,Strategy
3582640,23,Indie
3582640,25,Adventure
3582640,37,Free To Play
3582640,4,Casual
3583330,23,Indie
3583330,25,Adventure
3583330,28,Simulation
3583530,1,Action
3583530,23,Indie
3583530,25,Adventure
3583760,1,Action
3583790,1,Action
3583790,18,Sports
3583790,23,Indie
3583790,28,Simulation
3583790,4,Casual
3583790,70,Early Access
3584360,2,Strategy
3584360,23,Indie
3584360,70,Early Access
3584910,1,Action
3584910,2,Strategy
3584910,23,Indie
3584910,25,Adventure
3585480,1,Action
3585480,23,Indie
3585480,70,Early Access
3585600,23,Indie
3585600,28,Simulation
3585600,3,RPG
3585600,4,Casual
3585640,23,Indie
3585640,25,Adventure
3586670,2,Strategy
3586670,23,Indie
3586670,4,Casual
3586670,70,Early Access
3586880,2,Strategy
3586880,23,Indie
3586880,4,Casual
3586880,70,Early Access
3587090,1,Action
3587090,3,RPG
3587090,4,Casual
3589720,23,Indie
3589720,25,Adventure
3589720,4,Casual
3590020,23,Indie
3590020,28,Simulation
3590020,4,Casual
3590020,70,Early Access
3590590,18,Sports
3590590,23,Indie
3590590,4,Casual
3590970,2,Strategy
3590970,23,Indie
3590970,37,Free To Play
3590970,4,Casual
3591360,2,Strategy
3591360,23,Indie
3591360,25,Adventure
3591360,3,RPG
3591770,23,Indie
3592140,1,Action
3592140,23,Indie
3592140,25,Adventure
3592140,3,RPG
3593000,1,Action
3593000,2,Strategy
3593000,23,Indie
3593000,25,Adventure
3593000,28,Simulation
3593000,4,Casual
3593000,9,Racing
3593490,1,Action
3593490,23,Indie
3593490,37,Free To Play
3594000,25,Adventure
3594000,70,Early Access
3594280,1,Action
3594280,23,Indie
3594280,25,Adventure
3597530,2,Strategy
3597530,23,Indie
3597530,4,Casual
3597710,1,Action
3597710,23,Indie
3600280,2,Strategy
3600280,23,Indie
3600280,28,Simulation
3600680,23,Indie
3600680,25,Adventure
3600680,28,Simulation
3600680,4,Casual
3601300,4,Casual
3601300,9,Racing
3603110,18,Sports
3603110,28,Simulation
3603110,4,Casual
3603580,23,Indie
3603580,25,Adventure
3603580,4,Casual
3603870,23,Indie
3603870,28,Simulation
3603870,4,Casual
3604260,23,Indie
3604260,25,Adventure
3604260,28,Simulation
3604520,1,Action
3604520,25,Adventure
3604800,1,Action
3604800,25,Adventure
3604800,37,Free To Play
3604800,4,Casual
3605340,1,Action
3605340,3,RPG
3605340,70,Early Access
3605550,1,Action
3605550,23,Indie
3606340,1,Action
3606360,23,Indie
3606360,28,Simulation
3606360,3,RPG
3606680,25,Adventure
3606680,3,RPG
3606830,23,Indie
3606830,28,Simulation
3606830,4,Casual
3607380,25,Adventure
3609080,2,Strategy
3609080,28,Simulation
3609080,3,RPG
3609080,37,Free To Play
3609980,2,Strategy
3609980,23,Indie
3609980,25,Adventure
3610700,2,Strategy
3610700,23,Indie
3610700,25,Adventure
3610700,28,Simulation
3610700,4,Casual
3612060,23,Indie
3612060,3,RPG
3612120,23,Indie
3612120,25,Adventure
3612120,3,RPG
3612250,2,Strategy
3612250,23,Indie
3612250,28,Simulation
3612250,4,Casual
3612480,2,Strategy
3612480,23,Indie
3612480,25,Adventure
3612480,4,Casual
3612610,2,Strategy
3612610,23,Indie
3612610,4,Casual
3612720,23,Indie
3612720,25,Adventure
3612800,1,Action
3612800,23,Indie
3612800,25,Adventure
3612850,23,Indie
3612850,25,Adventure
3612960,1,Action
3612960,23,Indie
3614460,23,Indie
3614460,28,Simulation
3614460,4,Casual
3614460,70,Early Access
3614630,1,Action
3614630,2,Strategy
3614630,23,Indie
3614690,1,Action
3614690,2,Strategy
3614690,23,Indie
3614690,25,Adventure
3614690,28,Simulation
3614690,70,Early Access
3614720,1,Action
3614720,23,Indie
3614720,25,Adventure
3614720,3,RPG
3615850,23,Indie
3615850,25,Adventure
3617620,2,Strategy
3617620,23,Indie
3617620,4,Casual
3617620,70,Early Access
3618060,1,Action
3618060,23,Indie
3618060,70,Early Access
3618090,23,Indie
3618090,25,Adventure
3618400,1,Action
3618400,23,Indie
3618400,3,RPG
3618400,4,Casual
3618780,25,Adventure
3618780,3,RPG
3618780,4,Casual
3620070,25,Adventure
3620070,4,Casual
3620120,23,Indie
3620120,25,Adventure
3620120,4,Casual
3620210,23,Indie
3620210,4,Casual
3620740,23,Indie
3620740,3,RPG
3620740,4,Casual
3620750,23,Indie
3620750,4,Casual
3621210,2,Strategy
3621210,23,Indie
3621210,28,Simulation
3621210,4,Casual
3621210,70,Early Access
3621320,1,Action
3621320,23,Indie
3621320,4,Casual
3621490,1,Action
3621490,23,Indie
3621490,25,Adventure
3621490,4,Casual
3621490,70,Early Access
3621680,1,Action
3621680,23,Indie
3621680,3,RPG
3621680,4,Casual
3622180,23,Indie
3622180,28,Simulation
3622180,4,Casual
3623480,2,Strategy
3623480,23,Indie
3623640,23,Indie
3623640,25,Adventure
3624520,2,Strategy
3624520,23,Indie
3624520,25,Adventure
3624520,3,RPG
3624520,4,Casual
3624580,1,Action
3624580,23,Indie
3624580,25,Adventure
3624580,37,Free To Play
3624920,2,Strategy
3624920,28,Simulation
3624920,3,RPG
3625210,23,Indie
3625210,28,Simulation
3625210,4,Casual
3625280,23,Indie
3625280,25,Adventure
3625280,4,Casual
3625340,1,Action
3625340,23,Indie
3626560,1,Action
3626560,23,Indie
3626560,70,Early Access
3626860,1,Action
3626860,2,Strategy
3626860,23,Indie
3628580,23,Indie
3628580,25,Adventure
3628580,28,Simulation
3628580,4,Casual
3628600,1,Action
3628600,2,Strategy
3628600,23,Indie
3628600,25,Adventure
3628600,28,Simulation
3628730,1,Action
3628730,23,Indie
3628730,25,Adventure
3629080,2,Strategy
3629080,23,Indie
3629080,28,Simulation
3629080,4,Casual
3629360,23,Indie
3629360,25,Adventure
3629360,4,Casual
3629400,23,Indie
3629780,2,Strategy
3629780,23,Indie
3629780,28,Simulation
3629780,4,Casual
3629840,1,Action
3629840,23,Indie
3629840,4,Casual
3630110,1,Action
3630110,25,Adventure
3630110,37,Free To Play
3630410,1,Action
3630410,2,Strategy
3630410,25,Adventure
3630410,3,RPG
3630410,4,Casual
3630930,4,Casual
3631250,2,Strategy
3631250,23,Indie
3631250,28,Simulation
3631250,37,Free To Play
3631260,1,Action
3631260,25,Adventure
3631260,3,RPG
3632280,1,Action
3632280,23,Indie
3632280,25,Adventure
3632280,3,RPG
3633830,1,Action
3633830,23,Indie
3633830,25,Adventure
3633840,23,Indie
3633840,3,RPG
3633840,37,Free To Play
3633890,1,Action
3633890,23,Indie
3633890,3,RPG
3633890,37,Free To Play
3633940,23,Indie
3633940,4,Casual
3635710,2,Strategy
3635710,23,Indie
3635710,4,Casual
3636110,1,Action
3636110,23,Indie
3636110,25,Adventure
3636110,4,Casual
3636390,23,Indie
3636390,4,Casual
3636470,1,Action
3636470,23,Indie
3636470,3,RPG
3636470,4,Casual
3636530,1,Action
3636530,2,Strategy
3636530,23,Indie
3636530,25,Adventure
3636530,3,RPG
3636530,4,Casual
3636960,23,Indie
3637720,2,Strategy
3637720,37,Free To Play
3637770,23,Indie
3637770,28,Simulation
3637820,23,Indie
3637820,28,Simulation
3638500,23,Indie
3638500,9,Racing
3639500,23,Indie
3639500,25,Adventure
3639500,4,Casual
3641420,2,Strategy
3641420,23,Indie
3641420,37,Free To Play
3642750,29,Massively Multiplayer
3642750,37,Free To Play
3642900,1,Action
3642900,4,Casual
3642990,23,Indie
3642990,25,Adventure
3642990,4,Casual
3642990,70,Early Access
3643350,23,Indie
3643350,4,Casual
3643900,1,Action
3643900,18,Sports
3643900,23,Indie
3643900,37,Free To Play
3644260,23,Indie
3644260,28,Simulation
3644260,4,Casual
3644520,23,Indie
3644520,25,Adventure
3644520,3,RPG
3645520,23,Indie
3645520,4,Casual
3645710,23,Indie
3645710,25,Adventure
3645710,3,RPG
3645710,37,Free To Play
3645710,4,Casual
3646320,28,Simulation
3646320,4,Casual
3646890,1,Action
3646890,23,Indie
3646890,37,Free To Play
3648340,1,Action
3648340,23,Indie
3648340,29,Massively Multiplayer
3648340,4,Casual
3648340,70,Early Access
3648430,2,Strategy
3648430,23,Indie
3648430,4,Casual
3648550,2,Strategy
3648550,23,Indie
3648550,25,Adventure
3648550,28,Simulation
3648550,3,RPG
3648550,4,Casual
3648620,1,Action
3648620,23,Indie
3648620,25,Adventure
3648620,70,Early Access
3650320,23,Indie
3650320,28,Simulation
3650320,4,Casual
3652330,1,Action
3652330,2,Strategy
3652330,23,Indie
3652630,28,Simulation
3652630,70,Early Access
3653300,1,Action
3653300,23,Indie
3653300,25,Adventure
3653300,28,Simulation
3653300,4,Casual
3653300,9,Racing
3653390,25,Adventure
3653390,3,RPG
3653590,23,Indie
3653590,70,Early Access
3653600,2,Strategy
3653600,4,Casual
3653810,28,Simulation
3653810,4,Casual
3653870,1,Action
3653870,23,Indie
3653870,25,Adventure
3653870,3,RPG
3654060,3,RPG
3654560,2,Strategy
3654800,23,Indie
3654800,28,Simulation
3654800,37,Free To Play
3654810,1,Action
3654810,25,Adventure
3656690,1,Action
3656690,23,Indie
3656990,23,Indie
3656990,25,Adventure
3658230,1,Action
3658230,23,Indie
3659410,2,Strategy
3659410,23,Indie
3659410,28,Simulation
3659410,4,Casual
3659560,1,Action
3659560,2,Strategy
3659560,23,Indie
3659560,25,Adventure
3660220,25,Adventure
3660270,1,Action
3660270,23,Indie
3660520,23,Indie
3660520,4,Casual
3660520,70,Early Access
3664230,23,Indie
3664230,25,Adventure
3664250,2,Strategy
3664250,23,Indie
3664250,25,Adventure
3664250,28,Simulation
3664490,2,Strategy
3664490,28,Simulation
3664490,37,Free To Play
3664490,70,Early Access
3666180,2,Strategy
3666180,23,Indie
3666180,4,Casual
3666920,23,Indie
3666920,3,RPG
3666920,37,Free To Play
3666940,25,Adventure
3666940,4,Casual
3667850,28,Simulation
3668800,23,Indie
3668800,28,Simulation
3668800,3,RPG
3668800,4,Casual
3668840,23,Indie
3668840,4,Casual
3668910,2,Strategy
3668910,23,Indie
3668910,3,RPG
3668910,37,Free To Play
3668910,4,Casual
3669050,1,Action
3669050,23,Indie
3669050,4,Casual
3669190,1,Action
3669190,23,Indie
3669190,25,Adventure
3669400,23,Indie
3669400,25,Adventure
3669400,28,Simulation
3669400,4,Casual
3669640,23,Indie
3669640,25,Adventure
3669640,4,Casual
3669640,70,Early Access
3669740,2,Strategy
3669740,23,Indie
3669740,4,Casual
3669750,23,Indie
3669750,4,Casual
3670140,2,Strategy
3670140,29,Massively Multiplayer
3670140,37,Free To Play
3670200,1,Action
3670200,18,Sports
3670200,23,Indie
3670290,23,Indie
3670290,28,Simulation
3670290,4,Casual
3670290,9,Racing
3671880,4,Casual
3671980,1,Action
3671980,2,Strategy
3671980,23,Indie
3671980,28,Simulation
3671980,4,Casual
3672100,23,Indie
3672100,28,Simulation
3672100,3,RPG
3672100,70,Early Access
3672250,1,Action
3672250,18,Sports
3672250,23,Indie
3672250,4,Casual
3672300,23,Indie
3672300,25,Adventure
3672300,28,Simulation
3672300,4,Casual
3672410,1,Action
3672410,2,Strategy
3672410,23,Indie
3672410,4,Casual
3672410,70,Early Access
3673060,23,Indie
3673060,28,Simulation
3673060,4,Casual
3674970,23,Indie
3674970,28,Simulation
3674970,37,Free To Play
3675130,23,Indie
3675130,25,Adventure
3675150,1,Action
3675150,23,Indie
3675150,70,Early Access
3675150,9,Racing
3675290,1,Action
3675290,23,Indie
3675290,25,Adventure
3676260,1,Action
3676260,23,Indie
3676270,1,Action
3676270,23,Indie
3676850,28,Simulation
3677120,1,Action
3677120,23,Indie
3677120,25,Adventure
3677120,70,Early Access
3677870,23,Indie
3678130,1,Action
3678130,2,Strategy
3678130,23,Indie
3678130,4,Casual
3678420,23,Indie
3678420,3,RPG
3678950,23,Indie
3678950,28,Simulation
3678950,3,RPG
3678950,4,Casual
3678950,70,Early Access
3679100,2,Strategy
3679100,23,Indie
3679100,28,Simulation
3679100,3,RPG
3679100,4,Casual
3679100,70,Early Access
3679380,1,Action
3679380,23,Indie
3679380,28,Simulation
3679380,3,RPG
3679380,4,Casual
3679570,18,Sports
3679570,23,Indie
3679570,28,Simulation
3679570,4,Casual
3679920,2,Strategy
3680420,25,Adventure
3680900,2,Strategy
3680900,23,Indie
3680900,25,Adventure
3680900,28,Simulation
3680900,3,RPG
3681060,1,Action
3681060,23,Indie
3681060,25,Adventure
3681060,4,Casual
3681580,18,Sports
3681580,23,Indie
3681580,28,Simulation
3681760,2,Strategy
3681760,25,Adventure
3681760,28,Simulation
3681760,3,RPG
3682080,2,Strategy
3682080,23,Indie
3682080,4,Casual
3682530,23,Indie
3682530,28,Simulation
3682530,3,RPG
3682530,4,Casual
3683710,23,Indie
3684010,1,Action
3684010,23,Indie
3684320,23,Indie
3684320,4,Casual
3684910,23,Indie
3684910,4,Casual
3685030,23,Indie
3685030,4,Casual
3685170,23,Indie
3685170,4,Casual
3685280,1,Action
3685280,23,Indie
3685280,25,Adventure
3685280,3,RPG
3685920,2,Strategy
3685920,23,Indie
3685920,37,Free To Play
3686450,1,Action
3686450,23,Indie
3686580,2,Strategy
3686580,23,Indie
3686580,70,Early Access
3686840,2,Strategy
3686840,23,Indie
3686840,28,Simulation
3686930,23,Indie
3686930,25,Adventure
3686930,3,RPG
3686940,23,Indie
3686940,25,Adventure
3686940,4,Casual
3687470,1,Action
3687470,23,Indie
3687470,25,Adventure
3687470,28,Simulation
3687580,2,Strategy
3687580,4,Casual
3687940,25,Adventure
3687940,4,Casual
3688080,23,Indie
3688080,4,Casual
3688320,25,Adventure
3688320,37,Free To Play
3688590,23,Indie
3688590,37,Free To Play
3688740,1,Action
3688740,3,RPG
3688740,37,Free To Play
3688790,23,Indie
3688790,28,Simulation
3688790,37,Free To Play
3688790,4,Casual
3688930,1,Action
3688930,23,Indie
3688930,3,RPG
3688930,4,Casual
3688970,23,Indie
3688970,4,Casual
3689420,18,Sports
3689420,23,Indie
3689420,4,Casual
3690060,23,Indie
3690060,4,Casual
3690390,23,Indie
3690390,4,Casual
3690420,25,Adventure
3690420,28,Simulation
3690570,3,RPG
3692260,37,Free To Play
3692260,4,Casual
3693590,2,Strategy
3693590,23,Indie
3693600,28,Simulation
3693600,4,Casual
3693600,9,Racing
3693720,1,Action
3693720,23,Indie
3693720,25,Adventure
3693720,28,Simulation
3694020,2,Strategy
3694020,23,Indie
3694020,4,Casual
3694470,23,Indie
3694470,4,Casual
3694660,23,Indie
3696020,2,Strategy
3696020,23,Indie
3696020,28,Simulation
3696020,4,Casual
3696180,1,Action
3696180,23,Indie
3696180,25,Adventure
3696700,1,Action
3696700,23,Indie
3696700,4,Casual
3697220,1,Action
3697220,37,Free To Play
3697290,1,Action
3697290,23,Indie
3698050,23,Indie
3698050,4,Casual
3698680,18,Sports
3698680,28,Simulation
3698680,4,Casual
3699600,1,Action
3699600,23,Indie
3699600,25,Adventure
3699600,4,Casual
3701370,23,Indie
3701370,25,Adventure
3701370,28,Simulation
3701370,4,Casual
3702020,23,Indie
3702020,28,Simulation
3702810,23,Indie
3703030,2,Strategy
3703030,23,Indie
3703030,28,Simulation
3703520,1,Action
3703520,2,Strategy
3703520,23,Indie
3703520,37,Free To Play
3703520,4,Casual
3703790,1,Action
3703790,23,Indie
3703790,25,Adventure
3704130,23,Indie
3704130,4,Casual
3704300,23,Indie
3704300,25,Adventure
3704300,4,Casual
3704520,23,Indie
3704520,4,Casual
3705340,23,Indie
3706460,1,Action
3706460,23,Indie
3706460,25,Adventure
3706460,4,Casual
3706640,23,Indie
3706640,25,Adventure
3706640,3,RPG
3706640,4,Casual
3708530,2,Strategy
3708530,4,Casual
3709000,2,Strategy
3709230,1,Action
3709230,23,Indie
3709230,25,Adventure
3709230,37,Free To Play
3709790,1,Action
3709790,2,Strategy
3709790,25,Adventure
3709790,3,RPG
3709790,37,Free To Play
3709950,25,Adventure
3709950,3,RPG
3709950,37,Free To Play
3710070,1,Action
3710070,23,Indie
3710070,25,Adventure
3710070,28,Simulation
3711530,23,Indie
3712090,23,Indie
3712090,25,Adventure
3712090,37,Free To Play
3712090,4,Casual
3713090,28,Simulation
3713090,9,Racing
3713410,3,RPG
3713820,23,Indie
3713820,28,Simulation
3713820,3,RPG
3713940,1,Action
3714210,23,Indie
3714210,3,RPG
3714210,4,Casual
3714210,70,Early Access
3714810,2,Strategy
3714810,23,Indie
3714810,28,Simulation
3714810,37,Free To Play
3715350,25,Adventure
3715350,37,Free To Play
3715350,4,Casual
3715440,1,Action
3715440,23,Indie
3715440,25,Adventure
3715440,4,Casual
3715720,18,Sports
3715720,2,Strategy
3715720,28,Simulation
3715720,4,Casual
3715980,1,Action
3715980,23,Indie
3716200,23,Indie
3716200,4,Casual
3716360,1,Action
3716360,25,Adventure
3716360,4,Casual
3716650,1,Action
3716650,2,Strategy
3716650,23,Indie
3716650,28,Simulation
3716650,4,Casual
3716810,1,Action
3716810,23,Indie
3716810,37,Free To Play
3717150,1,Action
3717150,25,Adventure
3717150,3,RPG
3717700,1,Action
3717700,18,Sports
3717700,25,Adventure
3717700,28,Simulation
3717700,70,Early Access
3717700,9,Racing
3718230,23,Indie
3718230,3,RPG
3718230,37,Free To Play
3718230,4,Casual
3718290,2,Strategy
3718290,23,Indie
3718290,25,Adventure
3718290,28,Simulation
3719100,1,Action
3719100,23,Indie
3719100,25,Adventure
3719100,37,Free To Play
3719100,70,Early Access
3719500,2,Strategy
3719500,23,Indie
3719500,4,Casual
3720170,1,Action
3720170,4,Casual
3720170,70,Early Access
3720260,2,Strategy
3720260,23,Indie
3720260,4,Casual
3720630,2,Strategy
3720630,23,Indie
3720760,1,Action
3720760,23,Indie
3720760,25,Adventure
3720760,28,Simulation
3720920,1,Action
3720920,25,Adventure
3720920,3,RPG
3721180,37,Free To Play
3721180,4,Casual
3721250,23,Indie
3721250,25,Adventure
3721250,3,RPG
3721290,1,Action
3721290,23,Indie
3721290,25,Adventure
3721490,1,Action
3721490,23,Indie
3721490,25,Adventure
3721490,3,RPG
3721490,4,Casual
3721940,25,Adventure
3721940,3,RPG
3722540,1,Action
3722540,23,Indie
3722540,9,Racing
3722760,2,Strategy
3722760,23,Indie
3722760,25,Adventure
3722760,28,Simulation
3722760,70,Early Access
3724650,25,Adventure
3724750,1,Action
3724750,23,Indie
3724750,25,Adventure
3724750,70,Early Access
3725070,23,Indie
3725090,1,Action
3725090,23,Indie
3725090,25,Adventure
3725090,37,Free To Play
3725090,4,Casual
3725130,2,Strategy
3726010,1,Action
3726010,2,Strategy
3726630,1,Action
3726630,23,Indie
3726630,25,Adventure
3726630,4,Casual
3727130,1,Action
3727130,23,Indie
3727130,3,RPG
3727130,70,Early Access
3727240,2,Strategy
3727240,23,Indie
3727240,4,Casual
3727700,1,Action
3727700,23,Indie
3727830,25,Adventure
3728030,23,Indie
3728030,4,Casual
3728040,23,Indie
3728040,4,Casual
3728120,2,Strategy
3728120,23,Indie
3728120,28,Simulation
3728910,23,Indie
3728910,25,Adventure
3729030,23,Indie
3729030,25,Adventure
3729030,4,Casual
3729250,23,Indie
3729250,25,Adventure
3729250,3,RPG
3729610,1,Action
3729610,23,Indie
3729610,4,Casual
3729770,37,Free To Play
3730170,1,Action
3730170,23,Indie
3730170,25,Adventure
3732620,1,Action
3732620,23,Indie
3732620,25,Adventure
3732620,4,Casual
3733300,23,Indie
3733300,37,Free To Play
3733300,4,Casual
3733620,2,Strategy
3733620,28,Simulation
3733620,4,Casual
3734000,1,Action
3734000,2,Strategy
3734000,23,Indie
3734000,4,Casual
3734310,2,Strategy
3734310,23,Indie
3734310,28,Simulation
3734310,3,RPG
3734740,23,Indie
3734740,4,Casual
3734930,1,Action
3734930,23,Indie
3734930,3,RPG
3734990,18,Sports
3734990,2,Strategy
3734990,23,Indie
3734990,28,Simulation
3736190,23,Indie
3736190,37,Free To Play
3736190,4,Casual
3736540,23,Indie
3736540,25,Adventure
3736550,23,Indie
3736550,25,Adventure
3736550,3,RPG
3737620,23,Indie
3737620,4,Casual
3737940,1,Action
3737940,23,Indie
3737940,70,Early Access
3738050,23,Indie
3738050,37,Free To Play
3738330,25,Adventure
3738330,28,Simulation
3738330,4,Casual
3738820,4,Casual
3738910,28,Simulation
3739030,23,Indie
3739030,9,Racing
3739660,1,Action
3739660,23,Indie
3739660,37,Free To Play
3739960,23,Indie
3739960,9,Racing
3740360,1,Action
3740360,23,Indie
3740360,3,RPG
3741530,1,Action
3741530,23,Indie
3741530,25,Adventure
3741750,23,Indie
3741750,28,Simulation
3742040,2,Strategy
3742040,23,Indie
3742110,2,Strategy
3742110,23,Indie
3742110,4,Casual
3742820,25,Adventure
3742820,28,Simulation
3743220,23,Indie
3743850,23,Indie
3743850,25,Adventure
3743850,28,Simulation
3743850,4,Casual
3744300,23,Indie
3744300,3,RPG
3744780,23,Indie
3744780,28,Simulation
3744780,4,Casual
3744900,1,Action
3744900,23,Indie
3744900,25,Adventure
3745290,23,Indie
3745290,25,Adventure
3745290,4,Casual
3745850,1,Action
3745850,2,Strategy
3745850,23,Indie
3745850,25,Adventure
3745910,23,Indie
3745910,3,RPG
3746510,1,Action
3746510,18,Sports
3746510,2,Strategy
3746510,23,Indie
3746510,25,Adventure
3746510,28,Simulation
3746510,3,RPG
3746510,4,Casual
3746510,9,Racing
3746660,23,Indie
3746980,23,Indie
3746980,25,Adventure
3746980,37,Free To Play
3746980,4,Casual
3747050,2,Strategy
3747050,23,Indie
3747050,4,Casual
3747050,70,Early Access
3747790,23,Indie
3747790,25,Adventure
3747790,37,Free To Play
3748360,23,Indie
3748360,4,Casual
3748360,70,Early Access
3748700,3,RPG
3749110,23,Indie
3749110,25,Adventure
3749110,28,Simulation
3749110,4,Casual
3749260,1,Action
3749270,23,Indie
3749270,37,Free To Play
3749270,4,Casual
3749460,23,Indie
3749460,25,Adventure
3749460,37,Free To Play
3749540,23,Indie
3749540,28,Simulation
3749880,23,Indie
3749880,25,Adventure
3749880,3,RPG
3750430,29,Massively Multiplayer
3750430,3,RPG
3750430,37,Free To Play
3751210,1,Action
3751210,23,Indie
3751210,25,Adventure
3752210,1,Action
3752210,23,Indie
3752870,2,Strategy
3752870,23,Indie
3752870,37,Free To Play
3752870,4,Casual
3752950,2,Strategy
3752950,37,Free To Play
3752950,4,Casual
3752950,70,Early Access
3752990,1,Action
3752990,18,Sports
3752990,23,Indie
3752990,37,Free To Play
3753370,2,Strategy
3753370,23,Indie
3753370,70,Early Access
3754100,28,Simulation
3754100,4,Casual
3754210,23,Indie
3754210,4,Casual
3754320,2,Strategy
3754320,23,Indie
3754320,4,Casual
3754320,70,Early Access
3754370,1,Action
3754370,23,Indie
3754370,25,Adventure
3754370,28,Simulation
3754370,3,RPG
3754370,4,Casual
3754500,1,Action
3754500,23,Indie
3754800,23,Indie
3754800,28,Simulation
3754800,4,Casual
3755360,1,Action
3755360,23,Indie
3755360,37,Free To Play
3755360,4,Casual
3755860,23,Indie
3755860,25,Adventure
3755860,3,RPG
3757190,4,Casual
3757210,1,Action
3757210,23,Indie
3757240,1,Action
3757240,25,Adventure
3757740,1,Action
3757740,23,Indie
3757740,25,Adventure
3757740,37,Free To Play
3758560,23,Indie
3758560,25,Adventure
3758560,4,Casual
3758630,1,Action
3758630,2,Strategy
3758630,23,Indie
3758630,37,Free To Play
3758650,23,Indie
3758650,4,Casual
3759140,23,Indie
3759140,9,Racing
3759390,23,Indie
3759390,37,Free To Play
3759390,4,Casual
3759820,2,Strategy
3759820,28,Simulation
3759820,37,Free To Play
3760620,23,Indie
3760620,28,Simulation
3760620,4,Casual
3760620,70,Early Access
3761040,28,Simulation
3761040,4,Casual
3761560,23,Indie
3761560,25,Adventure
3761810,37,Free To Play
3762110,1,Action
3762110,23,Indie
3762110,25,Adventure
3762650,23,Indie
3762650,4,Casual
3762990,23,Indie
3763000,1,Action
3763000,2,Strategy
3764120,23,Indie
3764120,28,Simulation
3764120,3,RPG
3764230,25,Adventure
3764230,3,RPG
3764230,37,Free To Play
3764230,4,Casual
3765890,25,Adventure
3765890,29,Massively Multiplayer
3765890,3,RPG
3765890,37,Free To Play
3766170,23,Indie
3766170,37,Free To Play
3766170,4,Casual
3766740,1,Action
3766740,23,Indie
3766740,4,Casual
3766740,70,Early Access
3766870,23,Indie
3766870,28,Simulation
3766870,4,Casual
3767280,1,Action
3767280,37,Free To Play
3767280,4,Casual
3768490,1,Action
3768490,23,Indie
3768490,3,RPG
3769130,23,Indie
3769130,4,Casual
3769330,23,Indie
3769330,25,Adventure
3769330,37,Free To Play
3769330,4,Casual
3769520,23,Indie
3769520,28,Simulation
3769520,37,Free To Play
3769520,4,Casual
3769970,2,Strategy
3769970,23,Indie
3769970,28,Simulation
3769970,70,Early Access
3770260,1,Action
3770260,2,Strategy
3770400,18,Sports
3770400,3,RPG
3771390,2,Strategy
3771390,23,Indie
3771390,28,Simulation
3771390,4,Casual
3771610,1,Action
3771610,23,Indie
3771610,25,Adventure
3771660,2,Strategy
3771660,3,RPG
3771660,70,Early Access
3771890,37,Free To Play
3771890,4,Casual
3771890,9,Racing
3772060,23,Indie
3772060,28,Simulation
3772060,4,Casual
3772460,23,Indie
3772460,9,Racing
3773590,1,Action
3775190,23,Indie
3775190,25,Adventure
3775190,3,RPG
3775190,4,Casual
3775390,25,Adventure
3776630,1,Action
3776630,23,Indie
3776630,4,Casual
3776910,37,Free To Play
3776910,4,Casual
3777690,1,Action
3777690,23,Indie
3777690,9,Racing
3778040,1,Action
3778040,23,Indie
3778040,28,Simulation
3778040,4,Casual
3778380,1,Action
3778380,23,Indie
3778770,23,Indie
3778770,25,Adventure
3778770,37,Free To Play
3778770,4,Casual
3778870,25,Adventure
3778870,37,Free To Play
3778870,4,Casual
3779170,23,Indie
3779170,25,Adventure
3779170,28,Simulation
3779170,4,Casual
3779280,2,Strategy
3779280,23,Indie
3779280,3,RPG
3779680,1,Action
3779680,18,Sports
3779680,23,Indie
3779910,23,Indie
3779910,25,Adventure
3781840,1,Action
3781840,23,Indie
3781840,37,Free To Play
3782410,23,Indie
3782410,25,Adventure
3782410,4,Casual
3783190,1,Action
3783190,23,Indie
3783850,1,Action
3783850,2,Strategy
3783850,25,Adventure
3783850,29,Massively Multiplayer
3784100,2,Strategy
3784100,23,Indie
3784100,25,Adventure
3784100,4,Casual
3784110,2,Strategy
3784110,23,Indie
3784110,25,Adventure
3784110,4,Casual
3784130,2,Strategy
3784130,25,Adventure
3784130,28,Simulation
3784130,4,Casual
3785590,23,Indie
3785590,25,Adventure
3785590,3,RPG
3785590,37,Free To Play
3785590,4,Casual
3785720,23,Indie
3785720,28,Simulation
3785720,3,RPG
3785720,4,Casual
3786040,23,Indie
3786040,25,Adventure
3786040,28,Simulation
3786950,23,Indie
3786950,4,Casual
3787000,2,Strategy
3787000,23,Indie
3787000,37,Free To Play
3787000,4,Casual
3787120,25,Adventure
3787120,4,Casual
3787120,70,Early Access
3788170,1,Action
3788170,23,Indie
3788170,29,Massively Multiplayer
3788170,37,Free To Play
3788170,4,Casual
3788190,1,Action
3788190,23,Indie
3788190,25,Adventure
3788190,4,Casual
3788370,2,Strategy
3788370,23,Indie
3788370,28,Simulation
3788370,4,Casual
3788740,3,RPG
3788860,25,Adventure
3789090,23,Indie
3789090,37,Free To Play
3789090,4,Casual
3789290,1,Action
3789290,18,Sports
3789290,23,Indie
3789290,37,Free To Play
3789290,4,Casual
3789440,23,Indie
3790060,23,Indie
3790060,25,Adventure
3790060,37,Free To Play
3790060,4,Casual
3790080,23,Indie
3790080,4,Casual
3790760,23,Indie
3790760,3,RPG
3790760,37,Free To Play
3790770,2,Strategy
3790770,37,Free To Play
3790770,4,Casual
3791610,1,Action
3791610,23,Indie
3791610,37,Free To Play
3791610,4,Casual
3792500,1,Action
3792500,2,Strategy
3792500,23,Indie
3792500,25,Adventure
3792500,4,Casual
3792540,2,Strategy
3792540,23,Indie
3792540,4,Casual
3792560,1,Action
3792560,23,Indie
3792560,4,Casual
3792560,9,Racing
3792570,23,Indie
3792570,28,Simulation
3792570,4,Casual
3792610,23,Indie
3792610,4,Casual
3792960,1,Action
3792960,23,Indie
3792960,28,Simulation
3792960,70,Early Access
3793120,2,Strategy
3793120,23,Indie
3793120,25,Adventure
3793120,28,Simulation
3793120,9,Racing
3793430,3,RPG
3793510,23,Indie
3793510,28,Simulation
3793510,70,Early Access
3793730,1,Action
3793730,23,Indie
3793730,4,Casual
3793730,70,Early Access
3793790,1,Action
3793790,23,Indie
3793790,37,Free To Play
3793790,4,Casual
3794290,2,Strategy
3794290,23,Indie
3794730,1,Action
3794730,23,Indie
3794730,70,Early Access
3795140,23,Indie
3795140,28,Simulation
3795140,4,Casual
3795490,25,Adventure
3795490,37,Free To Play
3795850,23,Indie
3795850,4,Casual
3795950,23,Indie
3795950,25,Adventure
3795950,37,Free To Play
3795950,4,Casual
3796060,1,Action
3796060,23,Indie
3796060,4,Casual
3796060,70,Early Access
3797390,1,Action
3797390,23,Indie
3797390,25,Adventure
3797390,4,Casual
3797700,23,Indie
3797830,25,Adventure
3797830,4,Casual
3797930,1,Action
3797930,23,Indie
3797930,25,Adventure
3797930,37,Free To Play
3798230,29,Massively Multiplayer
3798230,3,RPG
3798230,37,Free To Play
3798230,4,Casual
3798300,23,Indie
3798300,25,Adventure
3798300,4,Casual
3798420,4,Casual
3798730,23,Indie
3798730,25,Adventure
3798730,3,RPG
3798730,4,Casual
3799100,2,Strategy
3799100,23,Indie
3799290,1,Action
3799290,37,Free To Play
3799290,70,Early Access
3800640,25,Adventure
3800670,1,Action
3800670,23,Indie
3800670,25,Adventure
3800900,1,Action
3800900,23,Indie
3800900,37,Free To Play
3800900,70,Early Access
3801180,2,Strategy
3801180,4,Casual
3801380,18,Sports
3801380,2,Strategy
3801380,28,Simulation
3801380,29,Massively Multiplayer
3801380,37,Free To Play
3801380,4,Casual
3801500,1,Action
3801500,23,Indie
3801520,23,Indie
3801520,28,Simulation
3801520,4,Casual
3802110,23,Indie
3802110,3,RPG
3802720,23,Indie
3802720,25,Adventure
3802720,3,RPG
3803040,4,Casual
3803860,1,Action
3803860,23,Indie
3803860,3,RPG
3803930,2,Strategy
3803930,23,Indie
3803930,28,Simulation
3803930,4,Casual
3804040,23,Indie
3804040,25,Adventure
3804040,4,Casual
3805690,23,Indie
3805690,25,Adventure
3805690,28,Simulation
3805710,23,Indie
3805710,28,Simulation
3806110,1,Action
3806300,1,Action
3806300,23,Indie
3806300,25,Adventure
3806300,37,Free To Play
3806520,28,Simulation
3807000,1,Action
3807000,23,Indie
3807000,25,Adventure
3807000,4,Casual
3807080,28,Simulation
3807080,4,Casual
3807440,23,Indie
3807440,3,RPG
3807440,4,Casual
3807530,2,Strategy
3807530,23,Indie
3807530,4,Casual
3807550,23,Indie
3807550,3,RPG
3807570,23,Indie
3807570,37,Free To Play
3807570,4,Casual
3807670,1,Action
3807670,23,Indie
3807670,70,Early Access
3807790,1,Action
3807790,2,Strategy
3807790,23,Indie
3807790,4,Casual
3807930,37,Free To Play
3807930,4,Casual
3808410,1,Action
3808550,25,Adventure
3808550,28,Simulation
3808550,3,RPG
3808550,37,Free To Play
3808890,23,Indie
3808890,28,Simulation
3808890,4,Casual
3809220,23,Indie
3809220,28,Simulation
3809220,4,Casual
3809620,23,Indie
3809620,37,Free To Play
3809620,4,Casual
3809630,2,Strategy
3809630,23,Indie
3809630,28,Simulation
3809630,3,RPG
3809630,4,Casual
3809740,1,Action
3809740,23,Indie
3809740,4,Casual
3809890,25,Adventure
3809890,37,Free To Play
3809950,23,Indie
3809950,28,Simulation
3810010,2,Strategy
3810250,1,Action
3810250,2,Strategy
3810250,23,Indie
3810250,4,Casual
3810990,1,Action
3810990,23,Indie
3810990,25,Adventure
3810990,4,Casual
3812120,2,Strategy
3812120,23,Indie
3812120,28,Simulation
3812120,4,Casual
3812170,2,Strategy
3812170,4,Casual
3812200,2,Strategy
3812200,28,Simulation
3812230,25,Adventure
3812230,4,Casual
3812360,23,Indie
3812360,37,Free To Play
3812360,4,Casual
3812580,23,Indie
3812580,28,Simulation
3812580,3,RPG
3812580,4,Casual
3812840,2,Strategy
3812840,23,Indie
3812840,4,Casual
3812970,1,Action
3812970,2,Strategy
3812970,23,Indie
3812970,4,Casual
3812970,70,Early Access
3813150,23,Indie
3813150,25,Adventure
3813150,3,RPG
3813260,2,Strategy
3813260,23,Indie
3813350,1,Action
3813350,25,Adventure
3814190,1,Action
3814190,23,Indie
3814190,25,Adventure
3814190,37,Free To Play
3814230,23,Indie
3814230,25,Adventure
3814340,1,Action
3814340,23,Indie
3814340,3,RPG
3814340,70,Early Access
3814580,23,Indie
3814580,25,Adventure
3814580,28,Simulation
3814610,1,Action
3814610,23,Indie
3814630,18,Sports
3814630,37,Free To Play
3814660,23,Indie
3814660,4,Casual
3814660,9,Racing
3814680,1,Action
3814680,25,Adventure
3815000,23,Indie
3815000,25,Adventure
3815000,28,Simulation
3815050,23,Indie
3815050,25,Adventure
3815050,28,Simulation
3815120,23,Indie
3815120,25,Adventure
3815120,28,Simulation
3815170,23,Indie
3815170,28,Simulation
3815170,70,Early Access
3815750,1,Action
3815750,2,Strategy
3815750,23,Indie
3815750,25,Adventure
3815750,4,Casual
3815750,70,Early Access
3816450,25,Adventure
3816550,23,Indie
3816550,25,Adventure
3816550,4,Casual
3816700,23,Indie
3816720,23,Indie
3816720,25,Adventure
3816720,4,Casual
3816720,70,Early Access
3817040,1,Action
3817040,23,Indie
3817040,25,Adventure
3817040,4,Casual
3817090,1,Action
3817090,23,Indie
3817090,25,Adventure
3817090,37,Free To Play
3817110,1,Action
3817110,25,Adventure
3817110,37,Free To Play
3817720,1,Action
3817720,23,Indie
3817790,1,Action
3817790,23,Indie
3817790,25,Adventure
3817910,1,Action
3817910,23,Indie
3817910,4,Casual
3817930,23,Indie
3817930,25,Adventure
3817930,4,Casual
3818230,1,Action
3818230,23,Indie
3818230,37,Free To Play
3818230,4,Casual
3819120,23,Indie
3819120,25,Adventure
3819120,28,Simulation
3819120,4,Casual
3819600,1,Action
3819600,23,Indie
3819600,25,Adventure
3819600,70,Early Access
3819850,23,Indie
3820130,23,Indie
3820130,28,Simulation
3820130,4,Casual
3820330,1,Action
3820330,23,Indie
3820330,4,Casual
3820830,23,Indie
3820830,4,Casual
3820900,23,Indie
3820900,25,Adventure
3820900,37,Free To Play
3820900,4,Casual
3820950,1,Action
3820950,23,Indie
3820950,25,Adventure
3820950,3,RPG
3820950,4,Casual
3820950,70,Early Access
3821190,1,Action
3821190,23,Indie
3821350,1,Action
3821350,23,Indie
3821350,37,Free To Play
3821350,70,Early Access
3821520,1,Action
3821520,18,Sports
3821520,2,Strategy
3821520,4,Casual
3821900,1,Action
3821900,23,Indie
3821900,4,Casual
3822100,1,Action
3822100,23,Indie
3822160,23,Indie
3822500,23,Indie
3822500,25,Adventure
3822500,37,Free To Play
3822580,23,Indie
3822580,25,Adventure
3822580,3,RPG
3822580,4,Casual
3822620,23,Indie
3822620,25,Adventure
3822620,3,RPG
3822720,1,Action
3822720,23,Indie
3822720,4,Casual
3822840,2,Strategy
3822840,23,Indie
3822840,28,Simulation
3822840,4,Casual
3822910,2,Strategy
3822910,23,Indie
3822910,25,Adventure
3822910,28,Simulation
3822910,70,Early Access
3823080,25,Adventure
3823080,3,RPG
3823080,37,Free To Play
3823130,23,Indie
3823130,28,Simulation
3823150,1,Action
3823150,2,Strategy
3823150,23,Indie
3823150,25,Adventure
3823150,4,Casual
3823150,9,Racing
3823430,2,Strategy
3823430,23,Indie
3823430,3,RPG
3823430,4,Casual
3823430,70,Early Access
3823440,25,Adventure
3823440,37,Free To Play
3823490,18,Sports
3823660,1,Action
3823660,23,Indie
3823660,25,Adventure
3823680,1,Action
3823680,23,Indie
3823680,37,Free To Play
3823840,1,Action
3823840,23,Indie
3823840,28,Simulation
3823840,3,RPG
3823840,37,Free To Play
3824550,2,Strategy
3824550,23,Indie
3824550,4,Casual
3824770,23,Indie
3824770,25,Adventure
3825510,1,Action
3825510,25,Adventure
3825510,3,RPG
3825790,2,Strategy
3825790,25,Adventure
3825790,3,RPG
3825790,37,Free To Play
3825890,25,Adventure
3825890,28,Simulation
3825890,4,Casual
3826460,23,Indie
3826460,25,Adventure
3826460,4,Casual
3826650,23,Indie
3826650,4,Casual
3826930,1,Action
3826930,2,Strategy
3826930,23,Indie
3826930,3,RPG
3826930,37,Free To Play
3827560,3,RPG
3827830,1,Action
3827830,23,Indie
3827830,37,Free To Play
3827840,23,Indie
3827840,25,Adventure
3827840,37,Free To Play
3827840,4,Casual
3828290,2,Strategy
3828490,2,Strategy
3828490,23,Indie
3828490,4,Casual
3828730,1,Action
3828730,23,Indie
3828730,25,Adventure
3828730,28,Simulation
3828800,1,Action
3828800,2,Strategy
3828800,23,Indie
3828800,4,Casual
3828830,23,Indie
3828830,25,Adventure
3828830,28,Simulation
3829040,2,Strategy
3829040,23,Indie
3829040,25,Adventure
3829040,28,Simulation
3829070,23,Indie
3829070,25,Adventure
3829070,37,Free To Play
3829070,4,Casual
3829340,3,RPG
3829340,37,Free To Play
3829350,2,Strategy
3829350,23,Indie
3829440,1,Action
3829440,23,Indie
3829570,1,Action
3829570,23,Indie
3829570,25,Adventure
3829880,1,Action
3829880,23,Indie
3829880,25,Adventure
3829920,25,Adventure
3830150,23,Indie
3830150,25,Adventure
3830430,1,Action
3830430,23,Indie
3830510,4,Casual
3830530,4,Casual
3830610,23,Indie
3830610,25,Adventure
3830610,3,RPG
3830650,23,Indie
3830650,28,Simulation
3830650,4,Casual
3831090,23,Indie
3831090,28,Simulation
3831090,4,Casual
3831120,2,Strategy
3831120,28,Simulation
3831120,3,RPG
3831510,23,Indie
3831660,23,Indie
3831660,25,Adventure
3832000,4,Casual
3832240,1,Action
3832240,23,Indie
3832360,28,Simulation
3832360,4,Casual
3832470,2,Strategy
3832630,1,Action
3832630,23,Indie
3832630,37,Free To Play
3832630,4,Casual
3832740,1,Action
3832740,23,Indie
3832740,37,Free To Play
3832740,4,Casual
3833100,23,Indie
3833100,28,Simulation
3834520,4,Casual
3834740,4,Casual
3834890,4,Casual
3834930,4,Casual
3834940,1,Action
3835170,23,Indie
3835170,25,Adventure
3835170,37,Free To Play
3835170,4,Casual
3835500,1,Action
3835500,23,Indie
3835500,25,Adventure
3835500,37,Free To Play
3835530,23,Indie
3835530,4,Casual
3835960,2,Strategy
3835960,23,Indie
3835960,28,Simulation
3836440,1,Action
3836440,25,Adventure
3836520,23,Indie
3836520,37,Free To Play
3836520,4,Casual
3837030,1,Action
3837030,23,Indie
3837030,25,Adventure
3837080,2,Strategy
3837080,23,Indie
3837080,25,Adventure
3837080,3,RPG
3837210,2,Strategy
3837210,23,Indie
3837210,70,Early Access
3837230,1,Action
3837230,23,Indie
3837230,25,Adventure
3837230,3,RPG
3837300,1,Action
3837300,23,Indie
3837300,4,Casual
3837330,28,Simulation
3837330,4,Casual
3837380,1,Action
3837380,25,Adventure
3837930,23,Indie
3837930,25,Adventure
3837930,3,RPG
3837930,70,Early Access
3837970,23,Indie
3837970,25,Adventure
3837970,37,Free To Play
3838140,1,Action
3838140,23,Indie
3838140,28,Simulation
3838140,4,Casual
3838270,1,Action
3838270,23,Indie
3838270,25,Adventure
3838470,23,Indie
3838470,25,Adventure
3838470,3,RPG
3838660,25,Adventure
3838710,2,Strategy
3838710,23,Indie
3838710,28,Simulation
3838710,4,Casual
3838900,2,Strategy
3838900,23,Indie
3838900,4,Casual
3839060,23,Indie
3839060,4,Casual
3839590,1,Action
3839590,25,Adventure
3839590,28,Simulation
3839590,3,RPG
3839930,2,Strategy
3839930,28,Simulation
3839930,3,RPG
3839930,37,Free To Play
3840180,23,Indie
3840180,25,Adventure
3840180,37,Free To Play
3840250,23,Indie
3840250,25,Adventure
3840250,28,Simulation
3840250,3,RPG
3840250,70,Early Access
3840600,23,Indie
3840600,4,Casual
3840970,23,Indie
3840970,37,Free To Play
3840970,4,Casual
3841040,2,Strategy
3841040,25,Adventure
3841040,3,RPG
3841160,2,Strategy
3841160,23,Indie
3841160,28,Simulation
3841160,3,RPG
3841220,23,Indie
3841220,25,Adventure
3841220,28,Simulation
3841220,4,Casual
3841340,3,RPG
3841660,23,Indie
3841660,25,Adventure
3841660,37,Free To Play
3842370,25,Adventure
3842370,4,Casual
3842380,23,Indie
3842700,23,Indie
3842770,1,Action
3842770,2,Strategy
3842770,23,Indie
3842770,25,Adventure
3842770,28,Simulation
3842770,3,RPG
3842770,4,Casual
3842770,70,Early Access
3842980,25,Adventure
3842980,37,Free To Play
3843120,2,Strategy
3843120,23,Indie
3843120,37,Free To Play
3843120,4,Casual
3843120,70,Early Access
3843520,3,RPG
3843530,1,Action
3843530,3,RPG
3843570,2,Strategy
3843570,28,Simulation
3843730,9,Racing
3843850,1,Action
3843850,23,Indie
3843850,25,Adventure
3843850,3,RPG
3843850,37,Free To Play
3844040,23,Indie
3844040,4,Casual
3844180,1,Action
3844490,1,Action
3844490,23,Indie
3844490,25,Adventure
3844490,70,Early Access
3844910,1,Action
3844910,23,Indie
3844910,25,Adventure
3844910,4,Casual
3845440,1,Action
3845440,25,Adventure
3845440,70,Early Access
3845600,28,Simulation
3845720,23,Indie
3845720,3,RPG
3846020,23,Indie
3846020,25,Adventure
3846020,3,RPG
3846020,4,Casual
3846030,1,Action
3846030,25,Adventure
3846410,2,Strategy
3846410,23,Indie
3846450,23,Indie
3846450,4,Casual
3846520,1,Action
3846520,23,Indie
3846520,4,Casual
3846730,4,Casual
3846760,1,Action
3846760,23,Indie
3846760,28,Simulation
3846760,4,Casual
3846760,70,Early Access
3847210,1,Action
3847210,23,Indie
3847210,25,Adventure
3847960,1,Action
3847960,2,Strategy
3847960,23,Indie
3847960,25,Adventure
3847960,3,RPG
3847960,37,Free To Play
3848150,25,Adventure
3848270,23,Indie
3848270,28,Simulation
3848270,4,Casual
3848430,23,Indie
3848430,25,Adventure
3848510,4,Casual
3848570,23,Indie
3848570,28,Simulation
3848570,37,Free To Play
3848570,4,Casual
3848580,23,Indie
3848580,28,Simulation
3848580,4,Casual
3848660,1,Action
3848660,23,Indie
3848660,25,Adventure
3848660,3,RPG
3848860,1,Action
3849010,1,Action
3849010,2,Strategy
3849010,4,Casual
3849010,70,Early Access
3849090,2,Strategy
3849090,23,Indie
3849090,25,Adventure
3850520,18,Sports
3850520,25,Adventure
3850520,4,Casual
3851020,23,Indie
3851020,25,Adventure
3851370,25,Adventure
3851370,4,Casual
3851630,23,Indie
3851630,4,Casual
3851640,2,Strategy
3851640,23,Indie
3851640,4,Casual
3851650,23,Indie
3851650,25,Adventure
3851650,37,Free To Play
3851750,25,Adventure
3852000,1,Action
3852000,25,Adventure
3852000,28,Simulation
3852180,2,Strategy
3852180,23,Indie
3852180,25,Adventure
3852230,25,Adventure
3852230,3,RPG
3852230,4,Casual
3852230,70,Early Access
3852520,23,Indie
3852520,28,Simulation
3852520,37,Free To Play
3852520,4,Casual
3852930,23,Indie
3852930,28,Simulation
3853070,1,Action
3853070,23,Indie
3853330,23,Indie
3853330,4,Casual
3853500,23,Indie
3853500,25,Adventure
3853500,3,RPG
3853500,70,Early Access
3853780,25,Adventure
3853780,4,Casual
3853960,2,Strategy
3853960,23,Indie
3853960,28,Simulation
3853960,4,Casual
3853960,9,Racing
3854020,23,Indie
3854020,25,Adventure
3854020,28,Simulation
3854020,4,Casual
3854060,1,Action
3854060,23,Indie
3854060,25,Adventure
3854120,23,Indie
3854120,28,Simulation
3854120,37,Free To Play
3854120,4,Casual
3854270,1,Action
3854330,23,Indie
3854330,25,Adventure
3854330,28,Simulation
3854330,4,Casual
3854340,1,Action
3854340,23,Indie
3854410,23,Indie
3854410,25,Adventure
3854760,23,Indie
3854760,25,Adventure
3854840,2,Strategy
3854840,23,Indie
3854990,1,Action
3854990,23,Indie
3854990,4,Casual
3855000,25,Adventure
3855000,4,Casual
3855280,4,Casual
3855620,1,Action
3855620,28,Simulation
3856010,23,Indie
3856010,25,Adventure
3856010,3,RPG
3857170,23,Indie
3857170,28,Simulation
3857180,1,Action
3857180,23,Indie
3857180,37,Free To Play
3857180,4,Casual
3857380,1,Action
3857380,37,Free To Play
3857770,1,Action
3857770,23,Indie
3857770,25,Adventure
3857770,4,Casual
3857830,23,Indie
3857830,37,Free To Play
3857980,23,Indie
3857980,25,Adventure
3857980,28,Simulation
3858120,2,Strategy
3858120,23,Indie
3858120,4,Casual
3858370,23,Indie
3858370,28,Simulation
3858370,37,Free To Play
3858370,4,Casual
3858850,1,Action
3858850,2,Strategy
3858850,23,Indie
3858850,28,Simulation
3858850,4,Casual
3858940,2,Strategy
3858940,23,Indie
3858940,28,Simulation
3858940,4,Casual
3859020,1,Action
3859020,23,Indie
3859020,4,Casual
3859300,25,Adventure
3859300,3,RPG
3859300,37,Free To Play
3859720,1,Action
3859720,4,Casual
3859950,23,Indie
3859950,4,Casual
3860020,23,Indie
3860020,25,Adventure
3860020,4,Casual
3860040,25,Adventure
3860040,28,Simulation
3860040,4,Casual
3860080,23,Indie
3860080,25,Adventure
3860080,4,Casual
3860440,23,Indie
3860440,28,Simulation
3860440,4,Casual
3861060,23,Indie
3861060,4,Casual
3861060,9,Racing
3861140,1,Action
3861140,23,Indie
3861140,28,Simulation
3861140,3,RPG
3861140,4,Casual
3861500,1,Action
3861500,23,Indie
3861500,25,Adventure
3861500,4,Casual
3861560,23,Indie
3861560,4,Casual
3861720,1,Action
3861720,23,Indie
3861720,25,Adventure
3861720,4,Casual
3861930,23,Indie
3861930,70,Early Access
3862060,23,Indie
3862060,4,Casual
3862060,70,Early Access
3862620,25,Adventure
3862620,3,RPG
3862620,4,Casual
3862700,1,Action
3862700,23,Indie
3862700,70,Early Access
3862710,3,RPG
3863120,1,Action
3863120,25,Adventure
3863120,3,RPG
3863130,2,Strategy
3863130,23,Indie
3863130,28,Simulation
3863130,37,Free To Play
3863220,1,Action
3863220,23,Indie
3863220,25,Adventure
3863220,4,Casual
3863220,9,Racing
3863300,23,Indie
3863300,3,RPG
3863300,37,Free To Play
3863340,1,Action
3863340,2,Strategy
3863340,23,Indie
3863340,25,Adventure
3863340,28,Simulation
3863590,1,Action
3863590,25,Adventure
3863590,3,RPG
3863990,1,Action
3863990,23,Indie
3864010,1,Action
3864070,23,Indie
3864070,4,Casual
3865190,23,Indie
3865190,25,Adventure
3865190,37,Free To Play
3865190,4,Casual
3865340,1,Action
3865340,23,Indie
3865340,25,Adventure
3865970,23,Indie
3865970,4,Casual
3865990,23,Indie
3865990,25,Adventure
3865990,4,Casual
3866030,2,Strategy
3866320,23,Indie
3866320,25,Adventure
3866320,3,RPG
3866320,37,Free To Play
3866620,1,Action
3866620,23,Indie
3866620,25,Adventure
3866620,3,RPG
3866620,4,Casual
3866620,70,Early Access
3866660,3,RPG
3866660,37,Free To Play
3866730,28,Simulation
3866730,3,RPG
3866730,37,Free To Play
3867530,23,Indie
3867530,25,Adventure
3867530,4,Casual
3867800,2,Strategy
3867800,29,Massively Multiplayer
3867800,3,RPG
3867800,37,Free To Play
3868390,4,Casual
3868480,23,Indie
3868490,2,Strategy
3868490,23,Indie
3868490,3,RPG
3868610,23,Indie
3868630,1,Action
3868630,23,Indie
3868630,25,Adventure
3868630,28,Simulation
3868630,4,Casual
3868850,37,Free To Play
3868850,4,Casual
3868950,23,Indie
3868950,25,Adventure
3868950,3,RPG
3868950,37,Free To Play
3869100,1,Action
3869100,18,Sports
3869100,23,Indie
3869100,25,Adventure
3869100,28,Simulation
3869100,9,Racing
3869160,1,Action
3869160,23,Indie
3869240,23,Indie
3869240,25,Adventure
3869240,37,Free To Play
3869380,1,Action
3869380,23,Indie
3869380,25,Adventure
3869380,4,Casual
3869380,70,Early Access
3869460,23,Indie
3869460,4,Casual
3869480,1,Action
3869480,2,Strategy
3869480,23,Indie
3869480,3,RPG
3869480,70,Early Access
3869490,1,Action
3869490,23,Indie
3869490,25,Adventure
3869860,18,Sports
3869860,23,Indie
3869860,4,Casual
3870020,1,Action
3870020,23,Indie
3870020,25,Adventure
3870020,28,Simulation
3870210,1,Action
3870210,23,Indie
3870210,4,Casual
3870780,1,Action
3870960,23,Indie
3870960,4,Casual
3871150,1,Action
3871150,25,Adventure
3871150,4,Casual
3871180,1,Action
3871180,2,Strategy
3871180,4,Casual
3871250,23,Indie
3871250,25,Adventure
3871250,28,Simulation
3871250,4,Casual
3871740,1,Action
3871740,23,Indie
3871740,37,Free To Play
3872880,23,Indie
3872880,28,Simulation
3872880,4,Casual
3872900,28,Simulation
3872900,4,Casual
3873440,1,Action
3873440,2,Strategy
3873440,23,Indie
3873440,3,RPG
3873440,70,Early Access
3873550,1,Action
3873550,23,Indie
3873700,1,Action
3873700,23,Indie
3873700,25,Adventure
3873700,3,RPG
3873700,4,Casual
3874050,18,Sports
3874050,23,Indie
3874050,4,Casual
3874050,9,Racing
3874490,1,Action
3874490,23,Indie
3874490,4,Casual
3874510,2,Strategy
3874510,23,Indie
3874510,4,Casual
3874920,23,Indie
3874920,37,Free To Play
3874920,4,Casual
3874950,4,Casual
3875320,1,Action
3875320,23,Indie
3876030,1,Action
3876030,25,Adventure
3876030,70,Early Access
3876170,1,Action
3876170,25,Adventure
3876460,1,Action
3876460,23,Indie
3876460,37,Free To Play
3876530,23,Indie
3876530,25,Adventure
3876530,37,Free To Play
3876670,23,Indie
3876670,4,Casual
3876700,23,Indie
3876700,4,Casual
3876840,1,Action
3876840,2,Strategy
3876840,23,Indie
3876840,37,Free To Play
3876870,1,Action
3876870,23,Indie
3877150,23,Indie
3877150,4,Casual
3877280,23,Indie
3877280,4,Casual
3877400,23,Indie
3877400,25,Adventure
3877400,28,Simulation
3877400,4,Casual
3877570,1,Action
3877570,23,Indie
3877570,37,Free To Play
3877570,4,Casual
3877570,70,Early Access
3877580,1,Action
3877580,23,Indie
3877580,25,Adventure
3877790,2,Strategy
3877790,25,Adventure
3877790,3,RPG
3878190,1,Action
3878190,37,Free To Play
3878190,4,Casual
3878240,1,Action
3878240,23,Indie
3878240,25,Adventure
3878240,3,RPG
3878490,23,Indie
3878490,4,Casual
3878510,3,RPG
3879000,1,Action
3879000,23,Indie
3879060,1,Action
3879060,23,Indie
3879250,23,Indie
3879250,4,Casual
3879670,23,Indie
3879670,4,Casual
3879810,23,Indie
3879810,28,Simulation
3879810,4,Casual
3880060,1,Action
3880060,23,Indie
3880170,23,Indie
3880170,25,Adventure
3880210,1,Action
3880210,23,Indie
3880210,28,Simulation
3880220,1,Action
3880220,23,Indie
3880220,25,Adventure
3880670,2,Strategy
3880880,2,Strategy
3880880,23,Indie
3880880,28,Simulation
3880880,37,Free To Play
3880880,4,Casual
3882020,2,Strategy
3882020,23,Indie
3882020,25,Adventure
3882020,3,RPG
3882280,23,Indie
3882280,37,Free To Play
3882280,4,Casual
3882340,1,Action
3882340,23,Indie
3882560,23,Indie
3882560,3,RPG
3882570,1,Action
3882570,23,Indie
3882570,25,Adventure
3882730,2,Strategy
3882730,23,Indie
3882730,28,Simulation
3882730,3,RPG
3882780,1,Action
3882860,1,Action
3882860,23,Indie
3882860,25,Adventure
3882860,28,Simulation
3883240,23,Indie
3883240,25,Adventure
3883240,37,Free To Play
3883240,4,Casual
3883520,23,Indie
3883520,28,Simulation
3883520,4,Casual
3883560,23,Indie
3883560,25,Adventure
3883760,1,Action
3883760,23,Indie
3883760,28,Simulation
3883760,29,Massively Multiplayer
3883840,1,Action
3883840,25,Adventure
3884050,23,Indie
3884360,23,Indie
3884360,28,Simulation
3884360,4,Casual
3884400,1,Action
3884400,23,Indie
3884400,25,Adventure
3884400,28,Simulation
3884400,3,RPG
3884400,4,Casual
3884520,1,Action
3884540,23,Indie
3884540,25,Adventure
3884540,4,Casual
3884580,25,Adventure
3884580,4,Casual
3885080,2,Strategy
3885080,23,Indie
3885080,3,RPG
3885080,4,Casual
3885160,23,Indie
3885160,4,Casual
3885290,1,Action
3885290,23,Indie
3885360,1,Action
3885360,2,Strategy
3885360,25,Adventure
3885750,23,Indie
3885750,4,Casual
3885800,23,Indie
3885800,4,Casual
3885860,18,Sports
3885860,23,Indie
3885860,37,Free To Play
3886310,1,Action
3886310,23,Indie
3886310,4,Casual
3886520,2,Strategy
3886520,37,Free To Play
3886860,4,Casual
3888790,23,Indie
3888790,25,Adventure
3888790,28,Simulation
3890170,37,Free To Play
3890170,4,Casual
3890210,2,Strategy
3890210,29,Massively Multiplayer
3890210,3,RPG
3890210,37,Free To Play
3890210,4,Casual
3890550,23,Indie
3890550,37,Free To Play
3890550,4,Casual
3890660,23,Indie
3890670,4,Casual
3890760,23,Indie
3891310,2,Strategy
3891310,23,Indie
3891310,70,Early Access
3891810,1,Action
3891810,2,Strategy
3891810,23,Indie
3891810,4,Casual
3891850,37,Free To Play
3891850,4,Casual
3892120,23,Indie
3892120,4,Casual
3892130,23,Indie
3892130,4,Casual
3892140,23,Indie
3892140,4,Casual
3892250,1,Action
3892250,23,Indie
3892750,25,Adventure
3892750,4,Casual
3892750,9,Racing
3893070,23,Indie
3893070,25,Adventure
3893070,4,Casual
3893080,1,Action
3893080,23,Indie
3893080,25,Adventure
3893400,1,Action
3893400,23,Indie
3893400,37,Free To Play
3893670,25,Adventure
3893770,23,Indie
3894070,23,Indie
3894070,25,Adventure
3894070,4,Casual
3894150,23,Indie
3894150,25,Adventure
3894150,4,Casual
3894170,1,Action
3894170,2,Strategy
3894170,23,Indie
3894170,25,Adventure
3894170,3,RPG
3894530,1,Action
3894530,2,Strategy
3894530,23,Indie
3894530,25,Adventure
3894530,4,Casual
3894860,23,Indie
3894860,37,Free To Play
3894860,4,Casual
3894860,9,Racing
3894950,25,Adventure
3894950,3,RPG
3895030,25,Adventure
3895060,28,Simulation
3895060,9,Racing
3895170,23,Indie
3895180,1,Action
3895180,23,Indie
3895180,25,Adventure
3895680,23,Indie
3895680,25,Adventure
3895680,4,Casual
3895980,23,Indie
3895980,25,Adventure
3895980,3,RPG
3896030,1,Action
3896030,23,Indie
3896030,28,Simulation
3896380,2,Strategy
3896380,23,Indie
3896380,28,Simulation
3896380,4,Casual
3896380,70,Early Access
3897310,1,Action
3897310,2,Strategy
3897310,23,Indie
3897310,28,Simulation
3897310,70,Early Access
3897330,18,Sports
3897330,2,Strategy
3897330,28,Simulation
3897360,23,Indie
3897360,28,Simulation
3897850,28,Simulation
3897890,1,Action
3897890,23,Indie
3897890,25,Adventure
3897890,37,Free To Play
3897890,70,Early Access
3897980,2,Strategy
3897980,23,Indie
3897980,28,Simulation
3897980,3,RPG
3897980,4,Casual
3897990,2,Strategy
3897990,23,Indie
3897990,3,RPG
3897990,4,Casual
3898000,2,Strategy
3898000,23,Indie
3898000,37,Free To Play
3898000,4,Casual
3898000,70,Early Access
3898040,2,Strategy
3898040,23,Indie
3898040,70,Early Access
3898080,4,Casual
3898270,1,Action
3898270,23,Indie
3898270,4,Casual
3898680,1,Action
3898700,23,Indie
3898700,4,Casual
3898800,1,Action
3898800,23,Indie
3898800,37,Free To Play
3898800,4,Casual
3898800,70,Early Access
3899160,3,RPG
3899180,23,Indie
3899180,25,Adventure
3899510,25,Adventure
3899510,28,Simulation
3899640,1,Action
3899640,18,Sports
3899640,23,Indie
3899640,25,Adventure
3899640,3,RPG
3899640,37,Free To Play
3899640,4,Casual
3899660,28,Simulation
3899660,70,Early Access
3899970,23,Indie
3899970,4,Casual
3900070,23,Indie
3900070,4,Casual
3900080,1,Action
3900080,23,Indie
3900080,25,Adventure
3900080,3,RPG
3900080,37,Free To Play
3900250,23,Indie
3900250,28,Simulation
3900250,4,Casual
3900500,1,Action
3900500,23,Indie
3900500,25,Adventure
3900640,4,Casual
3901780,1,Action
3901780,3,RPG
3901990,2,Strategy
3901990,25,Adventure
3901990,3,RPG
3901990,37,Free To Play
3901990,4,Casual
3902220,1,Action
3902220,23,Indie
3902230,23,Indie
3902230,28,Simulation
3902230,4,Casual
3902710,1,Action
3902710,23,Indie
3902710,4,Casual
3902830,23,Indie
3902830,3,RPG
3902830,4,Casual
3903170,2,Strategy
3903170,23,Indie
3903170,37,Free To Play
3903170,4,Casual
3903490,23,Indie
3903490,28,Simulation
3903490,4,Casual
3903620,1,Action
3903980,1,Action
3903980,18,Sports
3903980,23,Indie
3903980,4,Casual
3904800,23,Indie
3904800,25,Adventure
3905080,23,Indie
3905080,4,Casual
3905340,23,Indie
3905340,25,Adventure
3905680,1,Action
3905680,23,Indie
3905680,37,Free To Play
3905680,4,Casual
3905890,23,Indie
3906110,1,Action
3906110,23,Indie
3906110,25,Adventure
3906170,23,Indie
3906170,4,Casual
3906690,4,Casual
3906770,23,Indie
3907270,23,Indie
3907270,3,RPG
3907610,25,Adventure
3907820,1,Action
3907820,23,Indie
3907820,37,Free To Play
3907900,2,Strategy
3907900,23,Indie
3907900,28,Simulation
3907900,3,RPG
3907900,4,Casual
3908010,23,Indie
3908010,28,Simulation
3908010,37,Free To Play
3908010,4,Casual
3908230,1,Action
3908230,23,Indie
3908230,25,Adventure
3908230,28,Simulation
3908260,1,Action
3908260,23,Indie
3908260,25,Adventure
3908260,37,Free To Play
3908410,1,Action
3908410,23,Indie
3908410,37,Free To Play
3908770,23,Indie
3908770,25,Adventure
3908770,4,Casual
3908780,25,Adventure
3908780,3,RPG
3909700,23,Indie
3909700,25,Adventure
3909700,3,RPG
3909950,23,Indie
3909950,25,Adventure
3910440,23,Indie
3910440,25,Adventure
3910440,3,RPG
3911080,23,Indie
3911080,4,Casual
3911230,23,Indie
3911230,4,Casual
3911340,2,Strategy
3911340,23,Indie
3911340,4,Casual
3911340,70,Early Access
3911880,1,Action
3911880,23,Indie
3911880,25,Adventure
3911950,1,Action
3911950,23,Indie
3911950,25,Adventure
3911950,9,Racing
3912150,23,Indie
3912150,4,Casual
3912160,23,Indie
3912160,4,Casual
3913090,23,Indie
3913090,28,Simulation
3913090,37,Free To Play
3913090,4,Casual
3913290,28,Simulation
3913380,1,Action
3913380,23,Indie
3913380,37,Free To Play
3913380,4,Casual
3913560,23,Indie
3913560,4,Casual
3914000,23,Indie
3914000,3,RPG
3914000,4,Casual
3914070,18,Sports
3914070,2,Strategy
3914070,23,Indie
3914070,28,Simulation
3914200,23,Indie
3914200,25,Adventure
3914200,3,RPG
3914710,18,Sports
3914710,2,Strategy
3914710,28,Simulation
3915050,37,Free To Play
3915050,4,Casual
3915050,70,Early Access
3915140,23,Indie
3915140,28,Simulation
3915170,25,Adventure
3915170,28,Simulation
3915170,3,RPG
3915170,37,Free To Play
3915170,4,Casual
3915220,25,Adventure
3915220,28,Simulation
3915220,3,RPG
3915550,1,Action
3915550,25,Adventure
3915970,1,Action
3915970,23,Indie
3915970,25,Adventure
3916180,2,Strategy
3917000,23,Indie
3917000,4,Casual
3917250,1,Action
3917580,1,Action
3917580,23,Indie
3917580,25,Adventure
3917580,4,Casual
3917620,23,Indie
3917620,28,Simulation
3917620,37,Free To Play
3917620,4,Casual
3917910,1,Action
3917910,23,Indie
3917910,4,Casual
3917990,2,Strategy
3917990,37,Free To Play
3918230,3,RPG
3918230,4,Casual
3918500,23,Indie
3918500,25,Adventure
3918500,28,Simulation
3918500,4,Casual
3918570,1,Action
3918660,1,Action
3918660,23,Indie
3918660,4,Casual
3918860,25,Adventure
3918860,28,Simulation
3918860,37,Free To Play
3918860,4,Casual
3918960,23,Indie
3918960,25,Adventure
3918960,4,Casual
3919000,2,Strategy
3919000,23,Indie
3919000,28,Simulation
3919000,37,Free To Play
3919000,70,Early Access
3919000,9,Racing
3919230,23,Indie
3919230,25,Adventure
3919270,2,Strategy
3919270,23,Indie
3919270,28,Simulation
3919280,4,Casual
3919530,1,Action
3919530,23,Indie
3919530,25,Adventure
3919680,1,Action
3919680,23,Indie
3919680,25,Adventure
3919720,25,Adventure
3919840,23,Indie
3919840,25,Adventure
3920370,1,Action
3920370,2,Strategy
3920370,28,Simulation
3920630,23,Indie
3920630,28,Simulation
3920630,4,Casual
3920870,23,Indie
3921270,1,Action
3921270,23,Indie
3921270,3,RPG
3921530,23,Indie
3921950,23,Indie
3922100,23,Indie
3922100,25,Adventure
3922100,28,Simulation
3922110,23,Indie
3922110,25,Adventure
3922110,4,Casual
3922120,1,Action
3922120,23,Indie
3922120,25,Adventure
3922120,3,RPG
3922760,23,Indie
3922760,28,Simulation
3923230,1,Action
3923230,23,Indie
3923230,25,Adventure
3923230,3,RPG
3923240,23,Indie
3923240,28,Simulation
3923240,4,Casual
3923240,70,Early Access
3923290,2,Strategy
3923290,23,Indie
3923290,28,Simulation
3923290,4,Casual
3923690,1,Action
3923690,23,Indie
3923690,4,Casual
3923980,23,Indie
3923980,25,Adventure
3923980,4,Casual
3924300,23,Indie
3924300,4,Casual
3924530,2,Strategy
3924530,23,Indie
3924530,28,Simulation
3924600,37,Free To Play
3924600,4,Casual
3924850,23,Indie
3924850,4,Casual
3925410,23,Indie
3925410,25,Adventure
3925540,1,Action
3925540,23,Indie
3925540,4,Casual
3925720,23,Indie
3925720,25,Adventure
3925720,28,Simulation
3925720,37,Free To Play
3925720,9,Racing
3926040,23,Indie
3926040,4,Casual
3926230,23,Indie
3926230,25,Adventure
3926240,1,Action
3926240,23,Indie
3926240,25,Adventure
3926240,4,Casual
3926370,28,Simulation
3926610,3,RPG
3926660,23,Indie
3926660,28,Simulation
3926820,2,Strategy
3926820,23,Indie
3927520,1,Action
3927520,23,Indie
3927680,1,Action
3927680,23,Indie
3927680,3,RPG
3927680,4,Casual
3927710,23,Indie
3927710,4,Casual
3928150,23,Indie
3928150,4,Casual
3928200,1,Action
3928260,1,Action
3928260,4,Casual
3928270,23,Indie
3928270,28,Simulation
3928270,4,Casual
3928750,29,Massively Multiplayer
3928750,37,Free To Play
3928840,4,Casual
3928890,2,Strategy
3928890,4,Casual
3928970,23,Indie
3928970,4,Casual
3929030,23,Indie
3929030,25,Adventure
3929110,25,Adventure
3929110,37,Free To Play
3929410,23,Indie
3929410,25,Adventure
3929540,4,Casual
3929610,3,RPG
3929740,1,Action
3929990,23,Indie
3929990,28,Simulation
3929990,37,Free To Play
3929990,4,Casual
3930300,23,Indie
3930300,25,Adventure
3930300,37,Free To Play
3931080,23,Indie
3931080,4,Casual
3931220,23,Indie
3931290,28,Simulation
3931290,4,Casual
3931940,2,Strategy
3931940,23,Indie
3931940,4,Casual
3931960,23,Indie
3931960,4,Casual
3931960,9,Racing
3932650,23,Indie
3932650,25,Adventure
3932880,23,Indie
3932880,37,Free To Play
3932880,4,Casual
3932980,23,Indie
3932980,25,Adventure
3933230,1,Action
3933230,28,Simulation
3933230,3,RPG
3933360,23,Indie
3933360,3,RPG
3933360,37,Free To Play
3933360,4,Casual
3933400,28,Simulation
3933400,4,Casual
3933530,4,Casual
3933530,70,Early Access
3933710,1,Action
3933710,28,Simulation
3933710,70,Early Access
3933710,9,Racing
3933730,1,Action
3933730,2,Strategy
3933730,23,Indie
3933730,25,Adventure
3933730,28,Simulation
3933730,3,RPG
3933730,4,Casual
3933980,1,Action
3933980,23,Indie
3934260,1,Action
3934260,2,Strategy
3934260,28,Simulation
3934260,3,RPG
3934260,4,Casual
3934260,70,Early Access
3934520,23,Indie
3934520,28,Simulation
3935420,18,Sports
3935440,23,Indie
3935440,3,RPG
3935460,23,Indie
3935460,25,Adventure
3935460,28,Simulation
3935460,37,Free To Play
3936030,25,Adventure
3936030,4,Casual
3936410,2,Strategy
3936410,28,Simulation
3936890,1,Action
3937150,23,Indie
3937150,25,Adventure
3937360,1,Action
3937360,23,Indie
3937360,25,Adventure
3937540,23,Indie
3937540,4,Casual
3937580,2,Strategy
3937580,23,Indie
3937580,25,Adventure
3937580,3,RPG
3937900,25,Adventure
3937900,4,Casual
3938040,1,Action
3938040,23,Indie
3938040,25,Adventure
3938040,28,Simulation
3938350,2,Strategy
3938350,37,Free To Play
3938350,4,Casual
3938610,1,Action
3938610,23,Indie
3938610,25,Adventure
3938610,4,Casual
3938670,1,Action
3938670,23,Indie
3938690,2,Strategy
3938690,23,Indie
3938690,25,Adventure
3938690,28,Simulation
3938690,4,Casual
3939000,23,Indie
3939000,28,Simulation
3939010,23,Indie
3939010,25,Adventure
3939080,2,Strategy
3939090,1,Action
3939090,23,Indie
3939090,25,Adventure
3939090,29,Massively Multiplayer
3939630,23,Indie
3940250,2,Strategy
3940250,23,Indie
3940250,4,Casual
3940500,1,Action
3940500,23,Indie
3940500,25,Adventure
3940820,23,Indie
3940820,28,Simulation
3940820,4,Casual
3940900,23,Indie
3940900,4,Casual
3940990,23,Indie
3940990,25,Adventure
3940990,4,Casual
3940990,70,Early Access
3942530,2,Strategy
3942530,23,Indie
3942530,4,Casual
3942610,28,Simulation
3942610,37,Free To Play
3942610,4,Casual
3942610,9,Racing
3942640,4,Casual
3942650,2,Strategy
3942650,23,Indie
3942650,25,Adventure
3942650,4,Casual
3942700,1,Action
3942700,23,Indie
3942700,4,Casual
3942780,1,Action
3942780,23,Indie
3942780,25,Adventure
3942780,3,RPG
3942890,25,Adventure
3942890,37,Free To Play
3942890,4,Casual
3943180,1,Action
3943180,23,Indie
3943180,70,Early Access
3943400,37,Free To Play
3943400,4,Casual
3943440,3,RPG
3943440,4,Casual
3943720,23,Indie
3943720,28,Simulation
3943720,4,Casual
3943880,23,Indie
3943880,25,Adventure
3943880,4,Casual
3944010,1,Action
3944010,23,Indie
3944010,25,Adventure
3944070,2,Strategy
3944070,23,Indie
3944070,4,Casual
3944230,23,Indie
3944230,4,Casual
3944230,70,Early Access
3944410,23,Indie
3944410,28,Simulation
3944410,4,Casual
3944410,70,Early Access
3944530,1,Action
3944530,23,Indie
3944530,4,Casual
3944850,2,Strategy
3944850,23,Indie
3944850,28,Simulation
3944850,4,Casual
3946470,23,Indie
3946470,25,Adventure
3946470,4,Casual
3946470,70,Early Access
3946860,1,Action
3947180,1,Action
3947180,23,Indie
3947180,4,Casual
3947220,1,Action
3947220,2,Strategy
3947220,23,Indie
3947220,28,Simulation
3947220,4,Casual
3947220,70,Early Access
3947310,23,Indie
3947310,28,Simulation
3947310,4,Casual
3947690,23,Indie
3947690,25,Adventure
3947730,1,Action
3947730,25,Adventure
3947730,3,RPG
3947730,4,Casual
3948200,1,Action
3948200,23,Indie
3948200,25,Adventure
3948200,28,Simulation
3948200,70,Early Access
3948320,1,Action
3948320,23,Indie
3948320,25,Adventure
3948320,4,Casual
3948350,23,Indie
3948350,4,Casual
3948550,28,Simulation
3948550,3,RPG
3948550,4,Casual
3948550,70,Early Access
3948620,23,Indie
3948620,25,Adventure
3948620,37,Free To Play
3948650,25,Adventure
3948650,3,RPG
3948840,23,Indie
3948840,3,RPG
3948890,23,Indie
3948890,25,Adventure
3948980,2,Strategy
3948980,23,Indie
3949080,1,Action
3949080,2,Strategy
3949080,23,Indie
3949080,25,Adventure
3949080,4,Casual
3949750,23,Indie
3949750,28,Simulation
3949750,37,Free To Play
3949750,4,Casual
3949860,23,Indie
3949860,4,Casual
3951630,23,Indie
3951630,25,Adventure
3951630,37,Free To Play
3952050,23,Indie
3952050,4,Casual
3952050,70,Early Access
3952230,1,Action
3952230,23,Indie
3952230,25,Adventure
3952640,1,Action
3952640,28,Simulation
3952680,23,Indie
3952680,25,Adventure
3952680,4,Casual
3952930,2,Strategy
3952930,23,Indie
3952930,3,RPG
3953060,2,Strategy
3953060,23,Indie
3953060,4,Casual
3953080,23,Indie
3953080,4,Casual
3953280,23,Indie
3953280,3,RPG
3953280,37,Free To Play
3953840,18,Sports
3953840,2,Strategy
3953840,28,Simulation
3953850,23,Indie
3953850,25,Adventure
3953850,3,RPG
3954070,1,Action
3954070,23,Indie
3954070,25,Adventure
3954070,28,Simulation
3955000,28,Simulation
3955050,2,Strategy
3955050,28,Simulation
3955050,3,RPG
3955170,1,Action
3955170,28,Simulation
3955170,9,Racing
3955280,2,Strategy
3955280,23,Indie
3955460,1,Action
3955460,23,Indie
3955460,3,RPG
3955620,1,Action
3955620,23,Indie
3955620,25,Adventure
3956340,1,Action
3956340,23,Indie
3956340,28,Simulation
3956340,4,Casual
3956600,1,Action
3956600,23,Indie
3956600,25,Adventure
3956600,3,RPG
3956600,4,Casual
3957270,23,Indie
3957480,23,Indie
3957480,28,Simulation
3957480,4,Casual
3957580,1,Action
3957580,23,Indie
3957580,4,Casual
3958510,23,Indie
3958510,25,Adventure
3959110,1,Action
3959110,23,Indie
3959110,25,Adventure
3959110,3,RPG
3959110,4,Casual
3959110,9,Racing
3960120,23,Indie
3960120,4,Casual
3960120,9,Racing
3960240,2,Strategy
3960240,23,Indie
3960240,4,Casual
3960750,23,Indie
3960750,25,Adventure
3960930,23,Indie
3960930,25,Adventure
3960930,3,RPG
3960930,37,Free To Play
3960930,4,Casual
3961220,3,RPG
3961630,1,Action
3961630,37,Free To Play
3961710,23,Indie
3961710,37,Free To Play
3961740,4,Casual
3962200,23,Indie
3962200,28,Simulation
3962200,4,Casual
3962470,28,Simulation
3962740,23,Indie
3962740,28,Simulation
3963200,2,Strategy
3963200,23,Indie
3963200,4,Casual
3963830,2,Strategy
3963830,23,Indie
3963830,4,Casual
3964050,1,Action
3964050,18,Sports
3964050,2,Strategy
3964050,25,Adventure
3964050,28,Simulation
3964050,3,RPG
3964640,23,Indie
3964640,25,Adventure
3965520,2,Strategy
3965520,23,Indie
3965520,3,RPG
3965520,4,Casual
3965620,2,Strategy
3965620,23,Indie
3965620,37,Free To Play
3965930,1,Action
3965930,23,Indie
3965930,25,Adventure
3966010,1,Action
3966010,2,Strategy
3966010,23,Indie
3966010,3,RPG
3966090,2,Strategy
3966090,23,Indie
3966090,25,Adventure
3966090,28,Simulation
3966090,3,RPG
3966090,4,Casual
3966090,70,Early Access
3966170,18,Sports
3966170,23,Indie
3966170,4,Casual
3966170,9,Racing
3966360,23,Indie
3966360,4,Casual
3966870,23,Indie
3966870,4,Casual
3966950,25,Adventure
3966950,3,RPG
3966950,37,Free To Play
3967160,2,Strategy
3967240,1,Action
3967240,25,Adventure
3967240,70,Early Access
3967240,9,Racing
3967430,2,Strategy
3967430,23,Indie
3967430,28,Simulation
3967430,3,RPG
3967430,4,Casual
3967950,2,Strategy
3967950,23,Indie
3967950,70,Early Access
3968380,23,Indie
3968380,4,Casual
3968450,1,Action
3968450,23,Indie
3968810,1,Action
3968810,23,Indie
3968810,25,Adventure
3969280,23,Indie
3969280,25,Adventure
3969700,23,Indie
3969700,37,Free To Play
3969700,4,Casual
3969950,23,Indie
3969950,25,Adventure
3970920,23,Indie
3970920,37,Free To Play
3970920,4,Casual
3971080,1,Action
3971080,23,Indie
3971080,3,RPG
3971080,70,Early Access
3971370,23,Indie
3971370,25,Adventure
3971370,37,Free To Play
3971630,1,Action
3971630,25,Adventure
3971630,3,RPG
3972960,4,Casual
3973090,1,Action
3973090,23,Indie
3973760,1,Action
3973760,23,Indie
3973760,4,Casual
3973760,9,Racing
3973790,1,Action
3973790,23,Indie
3973790,4,Casual
3973880,23,Indie
3973880,28,Simulation
3974050,3,RPG
3974050,4,Casual
3974510,4,Casual
3975330,23,Indie
3975330,25,Adventure
3975330,28,Simulation
3975930,25,Adventure
3976540,2,Strategy
3976540,28,Simulation
3976820,1,Action
3976820,23,Indie
3976820,25,Adventure
3976820,4,Casual
3977490,1,Action
3977490,23,Indie
3977490,4,Casual
3977750,2,Strategy
3977750,23,Indie
3977750,28,Simulation
3977750,70,Early Access
3977940,1,Action
3977940,23,Indie
3977940,25,Adventure
3978020,1,Action
3978020,23,Indie
3978020,25,Adventure
3978020,4,Casual
3978700,2,Strategy
3978700,23,Indie
3978700,3,RPG
3978710,23,Indie
3978710,25,Adventure
3979100,2,Strategy
3979100,23,Indie
3979100,28,Simulation
3979100,4,Casual
3979220,1,Action
3979220,23,Indie
3979220,25,Adventure
3979220,3,RPG
3979310,23,Indie
3979310,25,Adventure
3979310,37,Free To Play
3979310,4,Casual
3979880,1,Action
3979880,2,Strategy
3979880,23,Indie
3980000,2,Strategy
3980000,23,Indie
3980000,28,Simulation
3980000,3,RPG
3980000,4,Casual
3980820,23,Indie
3980820,25,Adventure
3980820,4,Casual
3981060,23,Indie
3981100,23,Indie
3981100,28,Simulation
3981100,4,Casual
3981140,2,Strategy
3981140,23,Indie
3981140,4,Casual
3981230,23,Indie
3981230,25,Adventure
3981230,3,RPG
3981230,4,Casual
3981780,23,Indie
3982040,23,Indie
3982040,25,Adventure
3982040,4,Casual
3982060,23,Indie
3982060,25,Adventure
3982060,4,Casual
3982130,1,Action
3982130,23,Indie
3982130,28,Simulation
3982420,23,Indie
3983230,1,Action
3983230,23,Indie
3983230,37,Free To Play
3983230,70,Early Access
3983420,23,Indie
3983490,4,Casual
3983700,1,Action
3983700,28,Simulation
3984440,2,Strategy
3984440,23,Indie
3984440,28,Simulation
3984440,4,Casual
3984670,4,Casual
3984970,2,Strategy
3985480,1,Action
3985480,23,Indie
3985480,25,Adventure
3985730,1,Action
3985730,23,Indie
3985730,25,Adventure
3985730,70,Early Access
3985770,23,Indie
3985770,4,Casual
3986020,23,Indie
3986020,25,Adventure
3986020,4,Casual
3986350,23,Indie
3986350,4,Casual
3987620,23,Indie
3987620,25,Adventure
3987620,28,Simulation
3987620,37,Free To Play
3987620,4,Casual
3987810,3,RPG
3987810,37,Free To Play
3988370,1,Action
3988370,23,Indie
3988370,28,Simulation
3988370,4,Casual
3988390,2,Strategy
3988390,23,Indie
3988390,25,Adventure
3988390,4,Casual
3988540,1,Action
3988540,2,Strategy
3988540,23,Indie
3988540,70,Early Access
3988830,28,Simulation
3988830,70,Early Access
3989410,23,Indie
3989410,4,Casual
3989860,25,Adventure
3989860,3,RPG
3989860,4,Casual
3990040,2,Strategy
3990040,23,Indie
3990040,4,Casual
3990040,70,Early Access
3990400,4,Casual
3990400,9,Racing
3990520,4,Casual
3991100,1,Action
3991100,25,Adventure
3991100,37,Free To Play
3991120,23,Indie
3991120,25,Adventure
3991120,3,RPG
3991120,37,Free To Play
3991120,4,Casual
3991210,1,Action
3991210,23,Indie
3991210,37,Free To Play
3991280,1,Action
3991280,2,Strategy
3991280,23,Indie
3991280,28,Simulation
3991280,4,Casual
3991280,70,Early Access
3991340,4,Casual
3991720,23,Indie
3991720,28,Simulation
3991720,3,RPG
3992650,1,Action
3992650,2,Strategy
3992650,23,Indie
3992650,4,Casual
3992910,1,Action
3992910,23,Indie
3992910,4,Casual
3993060,2,Strategy
3993060,23,Indie
3993060,70,Early Access
3993620,23,Indie
3993620,25,Adventure
3994200,23,Indie
3994200,4,Casual
3994250,1,Action
3994250,70,Early Access
3994290,1,Action
3994290,23,Indie
3994440,1,Action
3994440,2,Strategy
3994440,23,Indie
3994440,25,Adventure
3994440,4,Casual
3994690,18,Sports
3994690,25,Adventure
3994690,28,Simulation
3994710,23,Indie
3994710,4,Casual
3994850,23,Indie
3994850,28,Simulation
3994850,4,Casual
3995320,1,Action
3995320,23,Indie
3995320,25,Adventure
3995320,28,Simulation
3995320,4,Casual
3995560,4,Casual
3996120,1,Action
3996120,23,Indie
3996120,25,Adventure
3996120,4,Casual
3996530,4,Casual
3996650,1,Action
3996650,23,Indie
3996650,25,Adventure
3996650,4,Casual
3997110,1,Action
3997110,25,Adventure
3997110,28,Simulation
3997110,9,Racing
3997430,25,Adventure
3997430,4,Casual
3997430,70,Early Access
3997950,1,Action
3997950,23,Indie
3997950,4,Casual
3997950,70,Early Access
3998090,2,Strategy
3998090,25,Adventure
3998090,3,RPG
3998630,23,Indie
3998630,4,Casual
3998650,1,Action
3998650,23,Indie
3998650,4,Casual
3998740,1,Action
3998740,23,Indie
3998740,25,Adventure
3998740,3,RPG
3998740,4,Casual
3998890,1,Action
3998890,23,Indie
3998890,25,Adventure
3998910,23,Indie
3998910,3,RPG
3999150,1,Action
3999150,23,Indie
3999150,28,Simulation
3999290,23,Indie
3999290,25,Adventure
3999290,4,Casual
3999430,1,Action
3999430,23,Indie
3999430,3,RPG
3999490,1,Action
3999490,2,Strategy
3999490,23,Indie
3999490,25,Adventure
3999490,37,Free To Play
4000040,1,Action
4000040,23,Indie
4000060,1,Action
4000060,23,Indie
4000060,25,Adventure
4000060,4,Casual
4000360,23,Indie
4000360,28,Simulation
4000360,3,RPG
4000360,4,Casual
4000360,70,Early Access
4000480,23,Indie
4000480,4,Casual
4000510,23,Indie
4000510,4,Casual
4001120,1,Action
4001120,25,Adventure
4001120,9,Racing
4001140,1,Action
4001140,37,Free To Play
4001140,4,Casual
4001380,23,Indie
4001380,37,Free To Play
4001380,4,Casual
4001620,1,Action
4001620,23,Indie
4001620,25,Adventure
4001950,2,Strategy
4001950,23,Indie
4001950,28,Simulation
4001950,4,Casual
4002010,1,Action
4002010,23,Indie
4002010,4,Casual
4002520,25,Adventure
4002530,1,Action
4002530,23,Indie
4002530,25,Adventure
4002550,1,Action
4002550,23,Indie
4002550,25,Adventure
4002550,37,Free To Play
4003220,1,Action
4003220,23,Indie
4003500,23,Indie
4003500,4,Casual
4003520,1,Action
4003520,23,Indie
4003700,23,Indie
4004380,2,Strategy
4004380,4,Casual
4004650,2,Strategy
4004650,28,Simulation
4005240,4,Casual
4005510,23,Indie
4005700,1,Action
4005700,23,Indie
4005700,4,Casual
4006160,2,Strategy
4006160,23,Indie
4006160,4,Casual
4006240,2,Strategy
4006240,3,RPG
4006580,23,Indie
4006580,28,Simulation
4006580,4,Casual
4007780,23,Indie
4007780,25,Adventure
4008720,1,Action
4008720,37,Free To Play
4008740,1,Action
4008740,23,Indie
4008740,25,Adventure
4008740,37,Free To Play
4009360,2,Strategy
4010140,1,Action
4010140,18,Sports
4010140,23,Indie
4010140,28,Simulation
4010140,4,Casual
4010140,9,Racing
4010330,23,Indie
4010330,25,Adventure
4010330,3,RPG
4010520,1,Action
4010520,23,Indie
4010520,25,Adventure
4010520,37,Free To Play
4010520,4,Casual
4010780,25,Adventure
4011240,23,Indie
4011240,25,Adventure
4011780,23,Indie
4011780,4,Casual
4013030,2,Strategy
4013030,23,Indie
4013030,25,Adventure
4013030,4,Casual
4013680,1,Action
4013680,23,Indie
4013680,25,Adventure
4014630,1,Action
4014650,1,Action
4014650,23,Indie
4014650,28,Simulation
4014650,37,Free To Play
4015300,23,Indie
4015300,25,Adventure
4015300,28,Simulation
4015530,23,Indie
4015530,28,Simulation
4015530,4,Casual
4015860,1,Action
4015860,23,Indie
4015860,37,Free To Play
4016120,23,Indie
4016750,23,Indie
4017180,23,Indie
4017180,4,Casual
4017210,23,Indie
4017210,4,Casual
4017350,1,Action
4017350,23,Indie
4017350,25,Adventure
4017350,28,Simulation
4017350,4,Casual
4017350,70,Early Access
4017450,1,Action
4017580,23,Indie
4017580,4,Casual
4018050,25,Adventure
4018050,28,Simulation
4018050,4,Casual
4018400,1,Action
4018400,23,Indie
4018400,4,Casual
4018640,1,Action
4018640,23,Indie
4018640,25,Adventure
4018910,1,Action
4018910,25,Adventure
4018920,23,Indie
4018920,3,RPG
4018920,4,Casual
4019450,1,Action
4019450,23,Indie
4019450,25,Adventure
4019450,4,Casual
4019860,1,Action
4019860,23,Indie
4019860,25,Adventure
4019860,37,Free To Play
4019860,4,Casual
4019860,70,Early Access
4019890,2,Strategy
4020630,1,Action
4020630,23,Indie
4020630,25,Adventure
4020630,3,RPG
4020630,70,Early Access
4020720,1,Action
4020720,23,Indie
4020720,25,Adventure
4020970,1,Action
4020970,25,Adventure
4020970,37,Free To Play
4021380,23,Indie
4021380,28,Simulation
4021770,3,RPG
4021880,1,Action
4021880,25,Adventure
4021880,37,Free To Play
4021980,2,Strategy
4021980,25,Adventure
4021980,28,Simulation
4021980,4,Casual
4022150,1,Action
4022150,2,Strategy
4022150,23,Indie
4022150,37,Free To Play
4022150,4,Casual
4022300,23,Indie
4022300,25,Adventure
4022300,28,Simulation
4022300,37,Free To Play
4022490,23,Indie
4022490,25,Adventure
4022490,37,Free To Play
4022490,4,Casual
4022550,4,Casual
4022650,23,Indie
4022650,28,Simulation
4022650,4,Casual
4022710,1,Action
4022710,23,Indie
4022710,3,RPG
4022710,70,Early Access
4022780,2,Strategy
4022780,4,Casual
4022880,2,Strategy
4022880,23,Indie
4022880,28,Simulation
4022880,4,Casual
4023200,1,Action
4023200,23,Indie
4023200,25,Adventure
4023250,23,Indie
4023250,28,Simulation
4023250,4,Casual
4023900,23,Indie
4023900,4,Casual
4024130,28,Simulation
4024130,4,Casual
4024900,4,Casual
4025330,23,Indie
4025330,25,Adventure
4025330,28,Simulation
4025330,3,RPG
4025330,4,Casual
4025420,23,Indie
4025420,25,Adventure
4025760,23,Indie
4025760,3,RPG
4025760,4,Casual
4025760,9,Racing
4025860,1,Action
4025860,23,Indie
4025860,37,Free To Play
4026690,37,Free To Play
4027120,23,Indie
4027680,23,Indie
4027680,4,Casual
4028620,3,RPG
4028620,4,Casual
4028870,23,Indie
4029000,1,Action
4029000,23,Indie
4029000,25,Adventure
4029210,1,Action
4029210,23,Indie
4029210,37,Free To Play
4029480,23,Indie
4029480,3,RPG
4030060,4,Casual
4030060,9,Racing
4030310,1,Action
4030310,23,Indie
4030310,37,Free To Play
4030450,4,Casual
4031390,4,Casual
4032250,1,Action
4032250,37,Free To Play
4032260,23,Indie
4032260,37,Free To Play
4032260,4,Casual
4032270,2,Strategy
4032270,23,Indie
4032670,1,Action
4032670,2,Strategy
4032820,25,Adventure
4032820,4,Casual
4033120,23,Indie
4033120,25,Adventure
4033120,3,RPG
4033120,37,Free To Play
4033120,4,Casual
4033140,23,Indie
4033140,25,Adventure
4033140,3,RPG
4033240,23,Indie
4033240,28,Simulation
4033240,37,Free To Play
4033240,4,Casual
4033260,2,Strategy
4033260,23,Indie
4033260,3,RPG
4033260,4,Casual
4033410,25,Adventure
4033430,23,Indie
4033430,28,Simulation
4033820,2,Strategy
4033820,23,Indie
4033820,4,Casual
4033820,70,Early Access
4034000,1,Action
4034000,23,Indie
4034000,25,Adventure
4034000,28,Simulation
4034240,1,Action
4034240,2,Strategy
4034240,23,Indie
4034240,4,Casual
4034310,1,Action
4034310,23,Indie
4034310,25,Adventure
4034390,2,Strategy
4034390,23,Indie
4034390,4,Casual
4034390,70,Early Access
4035130,23,Indie
4035130,25,Adventure
4035130,4,Casual
4035270,4,Casual
4035390,1,Action
4035390,23,Indie
4036810,2,Strategy
4036810,23,Indie
4036810,25,Adventure
4036810,28,Simulation
4036810,4,Casual
4037070,23,Indie
4037070,4,Casual
4037590,1,Action
4037590,23,Indie
4037650,37,Free To Play
4037650,4,Casual
4037960,23,Indie
4037960,28,Simulation
4037960,4,Casual
4038000,23,Indie
4038570,23,Indie
4038570,28,Simulation
4038570,4,Casual
4038570,70,Early Access
4038680,1,Action
4038910,1,Action
4038910,23,Indie
4038990,23,Indie
4038990,28,Simulation
4038990,3,RPG
4038990,37,Free To Play
4038990,4,Casual
4039100,2,Strategy
4039100,23,Indie
4039100,28,Simulation
4039100,37,Free To Play
4039100,4,Casual
4039420,2,Strategy
4039420,23,Indie
4039420,37,Free To Play
4039420,70,Early Access
4039490,1,Action
4039490,23,Indie
4039490,25,Adventure
4039490,4,Casual
4039840,4,Casual
4040220,2,Strategy
4040240,1,Action
4040240,23,Indie
4040240,4,Casual
4041280,1,Action
4041280,23,Indie
4041280,25,Adventure
4041280,70,Early Access
4041800,23,Indie
4041800,25,Adventure
4041800,3,RPG
4041800,4,Casual
4041870,1,Action
4041870,23,Indie
4041900,2,Strategy
4041900,23,Indie
4041900,25,Adventure
4041900,37,Free To Play
4041900,4,Casual
4042100,1,Action
4042100,4,Casual
4042190,1,Action
4042190,23,Indie
4042190,25,Adventure
4042220,1,Action
4042220,23,Indie
4042220,25,Adventure
4043270,1,Action
4043270,18,Sports
4043270,2,Strategy
4043270,25,Adventure
4043270,28,Simulation
4043270,4,Casual
4043620,23,Indie
4043620,25,Adventure
4043620,4,Casual
4043890,2,Strategy
4043890,23,Indie
4043890,3,RPG
4045140,1,Action
4045140,23,Indie
4045140,37,Free To Play
4045140,4,Casual
4045150,23,Indie
4045150,3,RPG
4045150,4,Casual
4045300,25,Adventure
4045300,4,Casual
4045890,2,Strategy
4045890,23,Indie
4045890,37,Free To Play
4045970,23,Indie
4045970,28,Simulation
4045970,4,Casual
4047260,1,Action
4047260,70,Early Access
4047290,1,Action
4047290,23,Indie
4047760,37,Free To Play
4047950,1,Action
4047950,23,Indie
4047950,70,Early Access
4048080,1,Action
4048080,23,Indie
4048080,25,Adventure
4048080,28,Simulation
4048080,3,RPG
4048080,4,Casual
4048550,1,Action
4048550,25,Adventure
4048550,28,Simulation
4048960,3,RPG
4049140,1,Action
4049140,23,Indie
4049140,25,Adventure
4049240,25,Adventure
4049240,4,Casual
4049780,1,Action
4049780,23,Indie
4049780,4,Casual
4049780,9,Racing
4050190,1,Action
4050190,2,Strategy
4050190,23,Indie
4050330,2,Strategy
4050330,37,Free To Play
4050410,1,Action
4050410,23,Indie
4050600,1,Action
4050600,23,Indie
4050600,25,Adventure
4050600,3,RPG
4050600,37,Free To Play
4050600,4,Casual
4050690,23,Indie
4050690,25,Adventure
4050900,4,Casual
4050920,2,Strategy
4050920,23,Indie
4050920,25,Adventure
4051050,1,Action
4051050,37,Free To Play
4051060,1,Action
4051060,70,Early Access
4051880,18,Sports
4052020,23,Indie
4052020,25,Adventure
4052630,1,Action
4052630,23,Indie
4052630,4,Casual
4052630,70,Early Access
4052780,1,Action
4052780,23,Indie
4052780,25,Adventure
4052780,4,Casual
4053140,23,Indie
4053140,4,Casual
4053140,70,Early Access
4053490,1,Action
4053490,23,Indie
4053490,25,Adventure
4054110,1,Action
4054110,25,Adventure
4054110,29,Massively Multiplayer
4054110,3,RPG
4054110,37,Free To Play
4055130,1,Action
4055130,23,Indie
4055130,25,Adventure
4055130,4,Casual
4055490,1,Action
4055490,2,Strategy
4055490,23,Indie
4055490,37,Free To Play
4055490,4,Casual
4055860,1,Action
4055860,23,Indie
4055860,28,Simulation
4055860,37,Free To Play
4055950,23,Indie
4055950,25,Adventure
4055970,23,Indie
4055970,25,Adventure
4055970,37,Free To Play
4055990,1,Action
4055990,23,Indie
4055990,4,Casual
4056230,1,Action
4056230,25,Adventure
4056230,37,Free To Play
4056350,3,RPG
4056350,37,Free To Play
4056350,4,Casual
4056470,23,Indie
4056470,4,Casual
4056480,1,Action
4056480,23,Indie
4056480,4,Casual
4056560,4,Casual
4056580,4,Casual
4056630,4,Casual
4056910,23,Indie
4056910,25,Adventure
4056910,28,Simulation
4056960,23,Indie
4056960,4,Casual
4057000,1,Action
4057000,23,Indie
4057000,3,RPG
4059360,23,Indie
4059360,25,Adventure
4059360,28,Simulation
4059600,23,Indie
4059600,25,Adventure
4059600,28,Simulation
4059600,4,Casual
4062210,28,Simulation
4062770,1,Action
4062770,23,Indie
4062770,25,Adventure
4062800,23,Indie
4062800,25,Adventure
4062800,28,Simulation
4062800,4,Casual
4065010,23,Indie
4065010,28,Simulation
4067310,4,Casual
4067390,1,Action
4067490,23,Indie
4067490,4,Casual
4067540,1,Action
4067540,23,Indie
4067540,37,Free To Play
4068510,23,Indie
4068510,25,Adventure
4068510,70,Early Access
4068630,23,Indie
4068630,28,Simulation
4068630,4,Casual
4068630,70,Early Access
4068860,23,Indie
4068860,4,Casual
4069860,23,Indie
4069860,4,Casual
4070160,1,Action
4070160,23,Indie
4072280,23,Indie
4072280,4,Casual
4072790,2,Strategy
4072790,25,Adventure
4072790,28,Simulation
4072790,4,Casual
4073160,25,Adventure
4073160,37,Free To Play
4073160,4,Casual
4073470,2,Strategy
4073530,1,Action
4074140,25,Adventure
4074140,3,RPG
4074140,37,Free To Play
4074220,23,Indie
4074220,25,Adventure
4075080,1,Action
4075080,2,Strategy
4075080,23,Indie
4075080,25,Adventure
4075080,37,Free To Play
4075370,1,Action
4075370,2,Strategy
4075370,23,Indie
4075370,4,Casual
4076360,23,Indie
4076360,3,RPG
4076470,23,Indie
4076810,1,Action
4076810,23,Indie
4076810,25,Adventure
4077020,1,Action
4077020,23,Indie
4077020,37,Free To Play
4077020,9,Racing
4077070,23,Indie
4077070,25,Adventure
4077070,3,RPG
4078030,23,Indie
4078030,25,Adventure
4078030,28,Simulation
4078030,3,RPG
4078030,4,Casual
4078150,23,Indie
4078150,28,Simulation
4078150,4,Casual
4079330,1,Action
4079330,23,Indie
4079330,25,Adventure
4079330,4,Casual
4080150,1,Action
4080230,2,Strategy
4080230,23,Indie
4080230,28,Simulation
4081960,23,Indie
4081960,4,Casual
4083160,23,Indie
4083160,4,Casual
4083540,23,Indie
4083540,28,Simulation
4083540,4,Casual
4083540,70,Early Access
4084320,23,Indie
4084320,25,Adventure
4084320,4,Casual
4084730,25,Adventure
4085510,1,Action
4085510,2,Strategy
4085510,23,Indie
4085510,25,Adventure
4085510,4,Casual
4086070,4,Casual
4086240,1,Action
4086240,23,Indie
4086240,25,Adventure
4086260,2,Strategy
4086260,23,Indie
4086260,4,Casual
4086350,1,Action
4086350,18,Sports
4086350,23,Indie
4086350,9,Racing
4087610,1,Action
4087610,37,Free To Play
4089540,23,Indie
4089540,25,Adventure
4089540,4,Casual
4090500,23,Indie
4090500,4,Casual
4091700,1,Action
4091700,23,Indie
4091700,25,Adventure
4091700,3,RPG
4091700,4,Casual
4092400,25,Adventure
4092400,3,RPG
4093400,23,Indie
4093400,25,Adventure
4093550,2,Strategy
4093550,23,Indie
4093550,4,Casual
4093550,70,Early Access
4094260,23,Indie
4094260,25,Adventure
4094400,2,Strategy
4094400,23,Indie
4094400,4,Casual
4094490,4,Casual
4094490,70,Early Access
4096000,25,Adventure
4096000,4,Casual
4097370,23,Indie
4097410,1,Action
4097410,23,Indie
4097410,4,Casual
4097410,70,Early Access
4097500,23,Indie
4097500,70,Early Access
4097890,23,Indie
4097890,4,Casual
4098650,2,Strategy
4098650,28,Simulation
4098670,25,Adventure
4098670,37,Free To Play
4098670,4,Casual
4099110,2,Strategy
4099110,37,Free To Play
4099640,18,Sports
4099640,2,Strategy
4100330,23,Indie
4101050,1,Action
4101050,23,Indie
4101990,23,Indie
4101990,28,Simulation
4101990,4,Casual
4103080,23,Indie
4103080,3,RPG
4103080,4,Casual
4103510,25,Adventure
4103510,4,Casual
4103720,1,Action
4103720,23,Indie
4103720,4,Casual
4104030,23,Indie
4104030,25,Adventure
4104220,1,Action
4104220,25,Adventure
4104260,23,Indie
4104260,4,Casual
4104830,23,Indie
4104830,25,Adventure
4104830,3,RPG
4104830,4,Casual
4104830,70,Early Access
4104970,23,Indie
4104970,25,Adventure
4104970,3,RPG
4104970,4,Casual
4105120,23,Indie
4105120,25,Adventure
4105170,25,Adventure
4105390,23,Indie
4105390,4,Casual
4105570,23,Indie
4105570,25,Adventure
4105570,3,RPG
4105570,4,Casual
4105760,28,Simulation
4106530,1,Action
4106530,18,Sports
4106530,23,Indie
4106530,29,Massively Multiplayer
4106530,37,Free To Play
4106530,4,Casual
4108010,3,RPG
4108710,1,Action
4108710,25,Adventure
4108710,3,RPG
4108710,4,Casual
4109200,23,Indie
4109200,28,Simulation
4109200,4,Casual
4109440,23,Indie
4109440,28,Simulation
4109440,4,Casual
4109740,2,Strategy
4109740,3,RPG
4109740,37,Free To Play
4109760,1,Action
4109760,2,Strategy
4109760,23,Indie
4109760,4,Casual
4109900,4,Casual
4110260,23,Indie
4110260,25,Adventure
4110260,4,Casual
4110690,1,Action
4110690,37,Free To Play
4111100,23,Indie
4111100,3,RPG
4111120,23,Indie
4111120,25,Adventure
4111120,28,Simulation
4111190,23,Indie
4111190,25,Adventure
4111190,4,Casual
4111490,23,Indie
4111920,1,Action
4111920,23,Indie
4111920,25,Adventure
4112630,23,Indie
4113200,23,Indie
4113200,4,Casual
4113410,23,Indie
4113410,25,Adventure
4113410,4,Casual
4113470,1,Action
4113470,23,Indie
4113470,25,Adventure
4113470,4,Casual
4113500,18,Sports
4113500,2,Strategy
4113500,23,Indie
4113500,28,Simulation
4113500,3,RPG
4113920,23,Indie
4113920,25,Adventure
4113920,3,RPG
4113920,37,Free To Play
4113920,4,Casual
4115350,1,Action
4115350,25,Adventure
4116900,23,Indie
4116900,4,Casual
4116930,23,Indie
4116930,4,Casual
4116930,9,Racing
4117360,23,Indie
4117360,25,Adventure
4117500,23,Indie
4117930,25,Adventure
4121010,1,Action
4121040,1,Action
4121040,23,Indie
4121040,4,Casual
4121390,1,Action
4121390,23,Indie
4121390,25,Adventure
4121390,3,RPG
4121390,70,Early Access
4121420,2,Strategy
4121420,23,Indie
4121710,2,Strategy
4121710,23,Indie
4121710,4,Casual
4121710,9,Racing
4122180,2,Strategy
4122180,29,Massively Multiplayer
4122180,37,Free To Play
4122210,1,Action
4122210,23,Indie
4122210,4,Casual
4122320,23,Indie
4122320,28,Simulation
4122320,4,Casual
4122860,23,Indie
4122860,25,Adventure
4122860,37,Free To Play
4123050,1,Action
4123050,70,Early Access
4123500,1,Action
4123890,1,Action
4123890,18,Sports
4123890,28,Simulation
4123890,29,Massively Multiplayer
4123890,4,Casual
4123890,9,Racing
4124510,1,Action
4124510,23,Indie
4124510,25,Adventure
4125150,1,Action
4125150,18,Sports
4125150,23,Indie
4125150,25,Adventure
4125150,28,Simulation
4125150,4,Casual
4125970,1,Action
4125970,23,Indie
4125970,25,Adventure
4125970,4,Casual
4126270,23,Indie
4127400,2,Strategy
4127400,23,Indie
4127400,3,RPG
4127400,4,Casual
4127400,70,Early Access
4127870,2,Strategy
4127870,23,Indie
4127870,25,Adventure
4127870,3,RPG
4128150,1,Action
4128150,23,Indie
4128150,25,Adventure
4128150,70,Early Access
4129000,23,Indie
4129000,25,Adventure
4129000,37,Free To Play
4129000,4,Casual
4129410,4,Casual
4129570,1,Action
4129570,2,Strategy
4129570,25,Adventure
4129640,23,Indie
4129640,25,Adventure
4129640,37,Free To Play
4129640,4,Casual
4129690,1,Action
4129690,25,Adventure
4129690,9,Racing
4129780,23,Indie
4129780,4,Casual
4130720,4,Casual
4131140,28,Simulation
4131200,1,Action
4131200,23,Indie
4131200,25,Adventure
4131200,3,RPG
4131200,37,Free To Play
4131200,70,Early Access
4131270,3,RPG
4132020,4,Casual
4132780,1,Action
4132780,18,Sports
4132780,23,Indie
4132780,28,Simulation
4132780,4,Casual
4132800,1,Action
4132800,23,Indie
4133370,23,Indie
4133370,28,Simulation
4133370,4,Casual
4133400,23,Indie
4133400,4,Casual
4133950,23,Indie
4133980,23,Indie
4133980,25,Adventure
4134640,25,Adventure
4134640,4,Casual
4135730,2,Strategy
4135730,23,Indie
4135730,4,Casual
4135730,70,Early Access
4137880,23,Indie
4138560,23,Indie
4138560,37,Free To Play
4139030,2,Strategy
4139030,23,Indie
4139030,28,Simulation
4139030,3,RPG
4139030,4,Casual
4139400,1,Action
4139400,23,Indie
4139400,4,Casual
4139910,28,Simulation
4139910,37,Free To Play
4139910,70,Early Access
4140080,1,Action
4140080,25,Adventure
4140140,25,Adventure
4140140,9,Racing
4140370,23,Indie
4140370,25,Adventure
4140370,3,RPG
4140370,4,Casual
4141140,23,Indie
4142630,1,Action
4142630,23,Indie
4142630,3,RPG
4142630,37,Free To Play
4142630,4,Casual
4143570,1,Action
4143570,2,Strategy
4143570,3,RPG
4144840,25,Adventure
4144840,4,Casual
4147730,1,Action
4147730,23,Indie
4147730,3,RPG
4147730,70,Early Access
4148020,18,Sports
4148020,23,Indie
4148020,28,Simulation
4148020,4,Casual
4148020,9,Racing
4148290,23,Indie
4148290,25,Adventure
4148290,28,Simulation
4148480,2,Strategy
4148480,25,Adventure
4148480,28,Simulation
4148960,25,Adventure
4149960,28,Simulation
4150260,4,Casual
4150680,4,Casual
4151420,1,Action
4151420,23,Indie
4151420,25,Adventure
4151420,4,Casual
4152310,23,Indie
4152310,28,Simulation
4153370,1,Action
4153370,23,Indie
4153670,1,Action
4153670,23,Indie
4153670,4,Casual
4153890,23,Indie
4153890,25,Adventure
4153890,28,Simulation
4154110,1,Action
4154110,2,Strategy
4154110,25,Adventure
4154280,2,Strategy
4154280,3,RPG
4154280,37,Free To Play
4154430,1,Action
4154430,23,Indie
4154430,25,Adventure
4154430,37,Free To Play
4154760,2,Strategy
4154760,23,Indie
4154760,28,Simulation
4154760,4,Casual
4155130,1,Action
4155130,23,Indie
4155130,4,Casual
4155500,23,Indie
4155500,25,Adventure
4155500,4,Casual
4156550,23,Indie
4156550,25,Adventure
4156550,4,Casual
4157640,1,Action
4157640,23,Indie
4157640,25,Adventure
4157780,25,Adventure
4157780,37,Free To Play
4157780,4,Casual
4158400,2,Strategy
4158400,23,Indie
4158400,37,Free To Play
4158400,4,Casual
4158430,23,Indie
4158430,4,Casual
4158430,70,Early Access
4158540,2,Strategy
4158540,23,Indie
4158540,25,Adventure
4158540,28,Simulation
4158540,3,RPG
4158540,4,Casual
4158540,70,Early Access
4160160,23,Indie
4160160,28,Simulation
4160160,37,Free To Play
4160160,4,Casual
4160320,1,Action
4160320,23,Indie
4160320,25,Adventure
4160320,37,Free To Play
4160960,23,Indie
4160960,28,Simulation
4161290,23,Indie
4161290,3,RPG
4161370,1,Action
4161370,25,Adventure
4161490,1,Action
4161490,23,Indie
4161490,25,Adventure
4161490,3,RPG
4161490,70,Early Access
4161930,1,Action
4161930,23,Indie
4161930,25,Adventure
4161930,28,Simulation
4162160,1,Action
4162160,2,Strategy
4162160,29,Massively Multiplayer
4162160,3,RPG
4162160,37,Free To Play
4162240,2,Strategy
4162240,23,Indie
4162240,28,Simulation
4162240,4,Casual
4162270,23,Indie
4162270,4,Casual
4162280,23,Indie
4162280,28,Simulation
4162300,23,Indie
4162300,25,Adventure
4162750,1,Action
4163080,2,Strategy
4163080,23,Indie
4163080,28,Simulation
4163080,4,Casual
4163440,23,Indie
4163440,25,Adventure
4163440,70,Early Access
4164340,18,Sports
4164370,2,Strategy
4164370,23,Indie
4164370,4,Casual
4164440,4,Casual
4164950,23,Indie
4164950,28,Simulation
4164950,37,Free To Play
4164950,4,Casual
4165690,28,Simulation
4166750,23,Indie
4166750,3,RPG
4166750,4,Casual
4167940,1,Action
4167940,23,Indie
4167940,25,Adventure
4168670,1,Action
4168670,23,Indie
4168750,23,Indie
4168750,28,Simulation
4168750,4,Casual
4169210,23,Indie
4169210,4,Casual
4169300,1,Action
4169300,37,Free To Play
4170730,25,Adventure
4170730,4,Casual
4170820,1,Action
4170820,23,Indie
4171330,23,Indie
4171330,28,Simulation
4171420,1,Action
4171420,23,Indie
4171420,4,Casual
4172330,2,Strategy
4172330,23,Indie
4172330,3,RPG
4172330,4,Casual
4172680,23,Indie
4172680,25,Adventure
4172680,3,RPG
4172720,28,Simulation
4172720,4,Casual
4173740,2,Strategy
4173740,23,Indie
4173740,25,Adventure
4173740,3,RPG
4174060,1,Action
4174060,23,Indie
4174060,25,Adventure
4174060,4,Casual
4174350,1,Action
4174350,23,Indie
4174350,28,Simulation
4174350,70,Early Access
4174350,9,Racing
4174530,23,Indie
4174530,25,Adventure
4174530,4,Casual
4175070,1,Action
4175070,23,Indie
4175790,23,Indie
4175790,25,Adventure
4175790,37,Free To Play
4177540,2,Strategy
4177540,28,Simulation
4178160,18,Sports
4178160,23,Indie
4178160,37,Free To Play
4178160,4,Casual
4178660,23,Indie
4178660,4,Casual
4178780,23,Indie
4178780,25,Adventure
4180250,23,Indie
4180250,37,Free To Play
4180250,4,Casual
4181930,23,Indie
4181930,28,Simulation
4181930,4,Casual
4182160,2,Strategy
4182160,23,Indie
4182160,3,RPG
4182160,4,Casual
4182310,1,Action
4182310,23,Indie
4182560,23,Indie
4182560,28,Simulation
4182560,4,Casual
4186410,1,Action
4186480,23,Indie
4186480,4,Casual
4186500,23,Indie
4187170,23,Indie
4187170,28,Simulation
4187170,70,Early Access
4187520,23,Indie
4187520,4,Casual
4188280,23,Indie
4188280,4,Casual
4188280,70,Early Access
4189740,23,Indie
4189740,25,Adventure
4189740,37,Free To Play
4189820,23,Indie
4189820,25,Adventure
4189820,4,Casual
4190740,2,Strategy
4190740,23,Indie
4190740,4,Casual
4191440,23,Indie
4191440,25,Adventure
4191440,28,Simulation
4191440,37,Free To Play
4191720,1,Action
4191720,23,Indie
4191720,25,Adventure
4191720,28,Simulation
4192310,23,Indie
4192310,4,Casual
4192900,2,Strategy
4192900,23,Indie
4192900,28,Simulation
4193830,1,Action
4193830,4,Casual
4194710,18,Sports
4194710,28,Simulation
4194710,4,Casual
4194980,1,Action
4194980,23,Indie
4194980,25,Adventure
4194980,3,RPG
4194980,4,Casual
4194980,70,Early Access
4196660,23,Indie
4196660,25,Adventure
4196660,4,Casual
4197130,4,Casual
4198310,25,Adventure
4198310,4,Casual
4199340,23,Indie
4199340,4,Casual
4199400,23,Indie
4199750,23,Indie
4199750,25,Adventure
4201160,23,Indie
4201160,4,Casual
4201500,2,Strategy
4201500,23,Indie
4201500,28,Simulation
4201780,1,Action
4201780,23,Indie
4201780,25,Adventure
4201780,28,Simulation
4202580,37,Free To Play
4202580,4,Casual
4202920,23,Indie
4203490,23,Indie
4203490,4,Casual
4203610,1,Action
4203610,23,Indie
4203610,25,Adventure
4203610,3,RPG
4203690,4,Casual
4204190,2,Strategy
4204320,4,Casual
4204950,23,Indie
4204950,25,Adventure
4205860,1,Action
4205860,25,Adventure
4207860,23,Indie
4207860,25,Adventure
4207860,37,Free To Play
4209810,37,Free To Play
4211070,23,Indie
4211070,4,Casual
4211780,1,Action
4211780,2,Strategy
4211780,23,Indie
4211780,25,Adventure
4211780,3,RPG
4212070,23,Indie
4212070,4,Casual
4212740,4,Casual
4212900,23,Indie
4212900,28,Simulation
4212900,4,Casual
4213000,2,Strategy
4213000,4,Casual
4213300,23,Indie
4213300,4,Casual
4213650,3,RPG
4214010,23,Indie
4214010,25,Adventure
4214010,4,Casual
4214660,25,Adventure
4214660,4,Casual
4215840,4,Casual
4216090,1,Action
4216090,18,Sports
4216090,28,Simulation
4216090,3,RPG
4216090,4,Casual
4217330,23,Indie
4217330,25,Adventure
4217330,4,Casual
4217660,23,Indie
4217660,3,RPG
4217660,4,Casual
4217800,2,Strategy
4217800,23,Indie
4217990,23,Indie
4217990,4,Casual
4219930,1,Action
4219930,23,Indie
4219930,37,Free To Play
4219930,4,Casual
4220940,1,Action
4220940,23,Indie
4220940,25,Adventure
4220940,28,Simulation
4220940,3,RPG
4220940,4,Casual
4220960,23,Indie
4220960,25,Adventure
4221760,2,Strategy
4221860,3,RPG
4221860,4,Casual
4222270,23,Indie
4222270,25,Adventure
4222340,23,Indie
4222340,28,Simulation
4222340,3,RPG
4222340,37,Free To Play
4223750,23,Indie
4223750,4,Casual
4224640,23,Indie
4224640,28,Simulation
4226540,25,Adventure
4226540,4,Casual
4227580,1,Action
4227580,18,Sports
4227580,23,Indie
4227580,28,Simulation
4227580,29,Massively Multiplayer
4227580,3,RPG
4227580,4,Casual
4229050,23,Indie
4229050,4,Casual
4230400,23,Indie
4230400,4,Casual
4231540,18,Sports
4231540,23,Indie
4231540,37,Free To Play
4231650,23,Indie
4231650,4,Casual
4232360,2,Strategy
4232360,23,Indie
4232360,4,Casual
4232770,4,Casual
4232770,9,Racing
4233260,1,Action
4233260,18,Sports
4233260,2,Strategy
4233260,23,Indie
4233260,28,Simulation
4233260,3,RPG
4233260,37,Free To Play
4233260,4,Casual
4234540,25,Adventure
4235540,23,Indie
4235540,28,Simulation
4235540,37,Free To Play
4235540,4,Casual
4236590,3,RPG
4236610,1,Action
4236610,25,Adventure
4236610,3,RPG
4240940,25,Adventure
4241940,1,Action
4241940,23,Indie
4241940,3,RPG
4249550,2,Strategy
4249550,23,Indie
4249550,37,Free To Play
4256310,1,Action
4256310,23,Indie
4256310,37,Free To Play
