appid,name,release_date,search_release_date,store_release_date,release_date_conflict,developer,publisher,is_free,platform_windows,platform_mac,platform_linux,is_early_access,release_month
2424480,No Heroes Here 2,2025-07-01,2025-07-01,2025-07-01,False,"[""Mad Mimic""]","[""Mad Mimic""]",False,True,False,False,,2025-07
2471390,BloodRush: Undying Wish,2025-07-01,2025-07-01,2025-07-01,False,"[""Lightmancer Studios""]","[""Nuntius Games"",""Vsoo Games""]",False,True,False,True,,2025-07
3082100,Day of the Shell: Prologue,2025-07-01,2025-07-01,2025-07-01,False,"[""Duper Games""]","[""Goblinz Publishing""]",True,True,False,False,,2025-07
3224330,Thunderman - Adventures in another realm,2025-07-01,2025-07-01,2025-07-01,False,"[""Robson ZImmermann"",""João Agostinho Gabardo Neto""]","[""Experia Studio""]",False,True,False,False,,2025-07
3276950,Cardcaster,2025-07-01,2025-07-01,2025-07-01,False,"[""Taco Snake Games""]","[""Taco Snake Games""]",False,True,False,False,,2025-07
3363570,Symphorix,2025-07-01,2025-07-01,2025-07-01,False,"[""OnTriggerJoy""]","[""OnTriggerJoy""]",False,True,False,False,,2025-07
3449030,"Upwards, Rain! The Post Office of Farewells",2025-07-01,2025-07-01,2025-07-01,False,"[""Studio Élan""]","[""Studio Élan"",""Studio Elan"",""Stellar Artificer Games""]",False,True,True,True,,2025-07
3491430,Mini Star Quest,2025-07-01,2025-07-01,2025-07-01,False,"[""MACKINN7""]","[""MACKINN7""]",False,True,False,False,,2025-07
3505350,Brainkilled,2025-07-01,2025-07-01,2025-07-01,False,"[""Brainkilled Games""]","[""Brainkilled Games""]",False,True,False,False,,2025-07
3580760,Concrete Spaces,2025-07-01,2025-07-01,2025-07-01,False,"[""Samuli Pietikäinen""]","[""olisinpa.com/täällä""]",False,True,False,False,,2025-07
3709000,The Drawstring Dungeon,2025-07-01,2025-07-01,2025-07-01,False,"[""Sleeper Build Studio""]","[""Sleeper Build Studio""]",False,True,False,False,,2025-07
3737940,Rat Race Combat: Zombie Tribute,2025-07-01,2025-07-01,2025-07-01,False,"[""SynthecLab""]","[""SynthecLab""]",False,True,False,False,,2025-07
3766870,USAID Approvals Department,2025-07-01,2025-07-01,2025-07-01,False,"[""Jeremy Benisek (CyberAxe)""]","[""OutLandishly Crafted""]",False,True,False,False,,2025-07
3782410,Veil: Mirages,2025-07-01,2025-07-01,2025-07-01,False,"[""spiritwolf""]","[""spiritwolf""]",False,True,False,False,,2025-07
3792500,The Museum,2025-07-01,2025-07-01,2025-07-01,False,"[""DarkLab Games""]","[""DarkLab Games""]",False,True,False,False,,2025-07
3812230,Mind Echoes: Remnants of the Past Collector's Edition,2025-07-01,2025-07-01,2025-07-01,False,"[""Do Games Limited""]","[""Do Games Limited""]",False,True,False,False,,2025-07
3814660,Fantasy  Journey,2025-07-01,2025-07-01,2025-07-01,False,"[""YIN LIFENG""]","[""YIN LIFENG""]",False,True,False,False,,2025-07
2549930,Ostrich Farm,2025-07-02,2025-07-02,2025-07-02,False,"[""Hedgehorse""]","[""Hedgehorse""]",False,True,False,False,,2025-07
3552920,Bomb Bowling X,2025-07-02,2025-07-02,2025-07-02,False,"[""grin robot""]","[""grin robot""]",False,True,False,False,,2025-07
3677120,3Tower,2025-07-02,2025-07-02,2025-07-02,False,"[""Wechselbalg Studio""]","[""Wechselbalg Studio""]",False,True,False,False,,2025-07
3748700,Xiao Jun (English Edition),2025-07-02,2025-07-02,2025-07-02,False,"[""jackzhou77571""]","[""jackzhou77571""]",False,True,False,False,,2025-07
3754320,Project DAR,2025-07-02,2025-07-02,2025-07-02,False,"[""7Corp""]","[""7Corp""]",False,True,False,False,,2025-07
3821520,Space Pinball,2025-07-02,2025-07-02,2025-07-02,False,"[""3ichael 7ambert"",""Rameez"",""Matt Mateo VII"",""Rayu Johnson""]","[""Drunk Yeti""]",False,True,False,False,,2025-07
2327050,Pyrite Tycoon,2025-07-03,2025-07-03,2025-07-03,False,"[""Pyrite Games""]","[""Pyrite Games""]",True,True,True,False,,2025-07
3169180,Chosen War,2025-07-03,2025-07-03,2025-07-03,False,"[""泉游工作室""]","[""泉游工作室""]",False,True,False,False,,2025-07
3204140,Novel Rogue,2025-07-03,2025-07-03,2025-07-03,False,"[""Exe Create Inc.""]","[""KEMCO""]",False,True,False,False,,2025-07
3499160,Hemera,2025-07-03,2025-07-03,2025-07-03,False,"[""earendel""]","[""earendel""]",False,True,True,False,,2025-07
3500750,Score the Fear,2025-07-03,2025-07-03,2025-07-03,False,"[""AquaEternity""]","[""AquaEternity""]",False,True,False,False,,2025-07
3554010,Lixing's Picross World,2025-07-03,2025-07-03,2025-07-03,False,"[""LixingGame""]","[""LixingGame""]",False,True,False,False,,2025-07
3668840,CAGELING,2025-07-03,2025-07-03,2025-07-03,False,"[""乱码""]","[""乱码""]",False,True,False,False,,2025-07
3766170,100 Cats Lost In Japan Find & Color,2025-07-03,2025-07-03,2025-07-03,False,"[""Two Cats Games""]","[""Two Cats Games""]",True,True,False,False,,2025-07
3812840,magical capture,2025-07-03,2025-07-03,2025-07-03,False,"[""DIG Games""]","[""DIG Games""]",False,True,False,False,,2025-07
660200,Transistor Defense,2025-07-04,2025-07-04,2025-07-04,False,"[""Realm Games LLC"",""Valiant Pixel Studios LLC""]","[""Realm Games LLC""]",False,True,True,False,,2025-07
1856490,Arhaekon,2025-07-04,2025-07-04,2025-07-04,False,"[""Predict Edumedia""]","[""Predict Edumedia""]",False,True,False,False,,2025-07
3096410,Mini Dungeons,2025-07-04,2025-07-04,2025-07-04,False,"[""Matthew Fong"",""Minjang Jin""]","[""noodlebapstudio""]",False,True,False,False,,2025-07
3436960,Erika America,2025-07-04,2025-07-04,2025-07-04,False,"[""Grant G Heffner""]","[""Grant G Heffner""]",False,True,True,False,,2025-07
3490140,The Dead House,2025-07-04,2025-07-04,2025-07-04,False,"[""Nursultan Nazarov""]","[""Nursultan Nazarov""]",False,True,False,False,,2025-07
3561970,Friend of a Slime,2025-07-04,2025-07-04,2025-07-04,False,"[""Chrio Games""]","[""Chrio Games""]",False,True,False,True,,2025-07
3569570,Project Dreamscape,2025-07-04,2025-07-04,2025-07-04,False,"[""Studio ASPEN""]","[""EGD Collective""]",True,True,False,False,,2025-07
3582170,Cart Capers,2025-07-04,2025-07-04,2025-07-04,False,"[""Patricarty Devs""]","[""Patricarty Devs""]",False,True,False,False,,2025-07
3593000,Abrez,2025-07-04,2025-07-04,2025-07-04,False,"[""Haruka Nitaka"",""S.Daas"",""Tony Tutty"",""Sussanne Beaujeu"",""T.Beaujeu""]","[""Haftas""]",False,True,False,False,,2025-07
3746980,a pig game: A Pee Wee Premiere,2025-07-04,2025-07-04,2025-07-04,False,"[""McGraw Game Jams""]","[""PineyWoods Corner, LLC""]",True,True,False,False,,2025-07
3754500,Mad Carnival,2025-07-04,2025-07-04,2025-07-04,False,"[""XXIV""]","[""XXIV""]",False,True,False,False,,2025-07
3776630,Bananaganza,2025-07-04,2025-07-04,2025-07-04,False,"[""SADE""]","[""SADE""]",False,True,True,True,,2025-07
3809890,ALASKA - An Endless Night,2025-07-04,2025-07-04,2025-07-04,False,"[""Poule In The Pool""]","[""ARTFX - GAME""]",True,True,False,False,,2025-07
3820950,Sef Saga,2025-07-04,2025-07-04,2025-07-04,False,"[""Sef""]","[""Sef""]",False,True,False,False,,2025-07
3822620,Dungeonborne Settlement,2025-07-04,2025-07-04,2025-07-04,False,"[""Dersty""]","[""HappyForest""]",False,True,False,False,,2025-07
3823440,Masquerade,2025-07-04,2025-07-04,2025-07-04,False,"[""DEUS EX MACHINA TROUPE""]","[""ARTFX - GAME""]",True,True,False,False,,2025-07
3830510,Motorcycle Boy,2025-07-04,2025-07-04,2025-07-04,False,"[""hgmGame""]","[""hgmGame""]",False,True,False,False,,2025-07
2751920,Redacted:Genome,2025-07-05,2025-07-05,2025-07-05,False,"[""BevMaxGames""]","[""BevMaxGames""]",False,True,False,False,,2025-07
3002630,Dionysus,2025-07-05,2025-07-05,2025-07-05,False,"[""Brady Marchand""]","[""Catsle Studios""]",False,True,False,False,,2025-07
3572030,Motamo,2025-07-05,2025-07-05,2025-07-05,False,"[""Black Potion""]","[""Black Potion""]",True,True,True,True,,2025-07
3810010,Overdrawn,2025-07-05,2025-07-05,2025-07-05,False,"[""Rethuna Games""]","[""Rethuna Games""]",False,True,True,False,,2025-07
3820830,Anime Dream Match: Primates,2025-07-05,2025-07-05,2025-07-05,False,"[""Blender Games""]","[""Blender Games""]",False,True,False,False,,2025-07
3821350,Vengeance,2025-07-05,2025-07-05,2025-07-05,False,"[""AdeniumGames""]","[""AdeniumGames""]",True,True,False,False,,2025-07
3337710,Ghost Pub,2025-07-06,2025-07-06,2025-07-06,False,"[""Capers""]","[""Capers""]",False,True,False,False,,2025-07
3435810,GoodMan,2025-07-06,2025-07-06,2025-07-06,False,"[""GoodWorks Games""]","[""GoodWorks Games""]",False,True,False,False,,2025-07
3454830,SurfsUp,2025-07-06,2025-07-06,2025-07-06,False,"[""Mark Arneman"",""Nerdiful"",""Carina Arneman""]","[""bearlikelion""]",True,True,True,True,,2025-07
3720920,The Silent Witness,2025-07-06,2025-07-06,2025-07-06,False,"[""Abnormal Studios""]","[""Abnormal Studios""]",False,True,False,False,,2025-07
3800900,Simple Zombie Survival,2025-07-06,2025-07-06,2025-07-06,False,"[""Omega Play Games""]","[""Omega Play Games""]",True,True,False,False,,2025-07
3820330,hazard versus,2025-07-06,2025-07-06,2025-07-06,False,"[""not mario""]","[""not mario""]",False,True,True,False,,2025-07
3823660,Kaptan Ege,2025-07-06,2025-07-06,2025-07-06,False,"[""Crash Entertainment""]","[""Crash Entertainment""]",False,True,False,False,,2025-07
3055530,Dare to Lucid Dream,2025-07-07,2025-07-07,2025-07-07,False,"[""Ghost Penguin""]","[""Ghost Penguin""]",False,True,False,True,,2025-07
3064730,Twisted Jam,2025-07-07,2025-07-07,2025-07-07,False,"[""Ethan Medjuck""]","[""Etymorph Studios""]",False,True,False,False,,2025-07
3186250,Zombie Murder 3,2025-07-07,2025-07-07,2025-07-07,False,"[""Falco Software""]","[""Falco Software""]",True,True,False,False,,2025-07
3516180,"Don't FOOL ME, Beauties!",2025-07-07,2025-07-07,2025-07-07,False,"[""Storytaco""]","[""Storytaco""]",False,True,True,True,,2025-07
3636110,不思議な世界の観光日記Ⅱ～パクルワールドとセジカの逆襲～,2025-07-07,2025-07-07,2025-07-07,False,"[""不思議な世界の観光日記製作委員会""]","[""ナナナナ　ナナナ""]",False,True,False,False,,2025-07
3727830,Forest Asylum 2,2025-07-07,2025-07-07,2025-07-07,False,"[""Michal Piotrowski""]","[""Michal Piotrowski""]",False,True,False,False,,2025-07
3746660,The BubonicZ,2025-07-07,2025-07-07,2025-07-07,False,"[""Jakeercgames""]","[""Jakeerrcgames""]",False,True,False,False,,2025-07
3799290,S.R.A,2025-07-07,2025-07-07,2025-07-07,False,"[""Piero Andreoni""]","[""Piero Andreoni""]",True,True,False,False,,2025-07
3807530,Chillout,2025-07-07,2025-07-07,2025-07-07,False,"[""Cacti8""]","[""Cacti8""]",False,True,False,False,,2025-07
3812170,FlipCard,2025-07-07,2025-07-07,2025-07-07,False,"[""konggmitt""]","[""konggmitt""]",False,True,False,False,,2025-07
3814610,FastFly,2025-07-07,2025-07-07,2025-07-07,False,"[""NanoFastFly""]","[""NanoFastFly""]",False,True,False,False,,2025-07
2212830,Soul Taker,2025-07-08,2025-07-08,2025-07-08,False,"[""SlovGoblin""]","[""SlovGoblin""]",False,True,False,True,,2025-07
2790160,Missile Command Delta,2025-07-08,2025-07-08,2025-07-08,False,"[""13AM Games"",""Mighty Yell""]","[""Atari""]",False,True,False,False,,2025-07
3102740,Signs Of Life,2025-07-08,2025-07-08,2025-07-08,False,"[""Julia Grimes""]","[""Signs Of Life Games""]",True,True,True,False,,2025-07
3199430,EYES ON THE EXAM,2025-07-08,2025-07-08,2025-07-08,False,"[""Carlos 'Monty' Montamarta""]","[""Carlos 'Monty' Montamarta""]",False,True,False,False,,2025-07
3433920,创造世界,2025-07-08,2025-07-08,2025-07-08,False,"[""上海世游网络科技有限公司""]","[""上海世游网络科技有限公司""]",True,True,False,False,,2025-07
3444080,Bakery Cafe Simulator,2025-07-08,2025-07-08,2025-07-08,False,"[""Meerkatt Studio""]","[""Meerkatt Studio""]",False,True,False,False,,2025-07
3584360,War Untold,2025-07-08,2025-07-08,2025-07-08,False,"[""Green Giraffe""]","[""Green Giraffe""]",False,True,False,False,,2025-07
3601300,Critter Cart,2025-07-08,2025-07-08,2025-07-08,False,"[""Wobble Blocks""]","[""Wobble Blocks""]",False,True,False,False,,2025-07
3812360,Accordion Solitaire,2025-07-08,2025-07-08,2025-07-08,False,"[""Dashboard Breakfast""]","[""Dashboard Breakfast""]",True,True,False,False,,2025-07
2821700,Warranted Humanity,2025-07-09,2025-07-09,2025-07-09,False,"[""Jovano Software""]","[""Jovano Software""]",False,True,False,False,,2025-07
3078670,Tiny Pixels Vol. 2 - Stormy Knights,2025-07-09,2025-07-09,2025-07-09,False,"[""Eastasiasoft Limited""]","[""Eastasiasoft Limited""]",False,True,False,False,,2025-07
3520520,Day Train,2025-07-09,2025-07-09,2025-07-09,False,"[""Hinato Yumoto""]","[""Hinato Yumoto""]",False,True,False,False,,2025-07
3644520,Yogoe Hunter,2025-07-09,2025-07-09,2025-07-09,False,"[""Studio Justice""]","[""Studio Justice""]",False,True,False,False,,2025-07
3716200,Duck Block,2025-07-09,2025-07-09,2025-07-09,False,"[""Watata""]","[""Watata""]",False,True,False,False,,2025-07
3734740,Nexus: The Zoraidian Oracle,2025-07-09,2025-07-09,2025-07-09,False,"[""Aetheric Worlds, LLC""]","[""Aetheric Worlds, LLC""]",False,True,False,False,,2025-07
3743220,A Solitaire Mystery,2025-07-09,2025-07-09,2025-07-09,False,"[""Hempuli Oy""]","[""Hempuli Oy""]",False,True,True,True,,2025-07
3749460,Rat`s Lair,2025-07-09,2025-07-09,2025-07-09,False,"[""Simantick team""]","[""Simantick team""]",True,True,False,False,,2025-07
3771890,Off Road Racing,2025-07-09,2025-07-09,2025-07-09,False,"[""Bright Data Inc""]","[""Bright Data Inc""]",True,True,False,False,,2025-07
3803860,Blood Oath,2025-07-09,2025-07-09,2025-07-09,False,"[""李梓涛""]","[""SKYSHIFTGAME""]",False,True,False,False,,2025-07
3822500,One/Iro,2025-07-09,2025-07-09,2025-07-09,False,"[""Altrea Stories""]","[""Altrea Stories""]",True,True,False,True,,2025-07
3834890,punk girl,2025-07-09,2025-07-09,2025-07-09,False,"[""hgmGame""]","[""hgmGame""]",False,True,False,False,,2025-07
2308690,Ground of Aces,2025-07-10,2025-07-10,2025-07-10,False,"[""Blindflug Studios AG""]","[""Blindflug Studios AG""]",False,True,True,False,,2025-07
2505200,Shadows Labyrinth,2025-07-10,2025-07-10,2025-07-10,False,"[""Kratos Games""]","[""Kratos Games""]",False,True,False,False,,2025-07
2545710,Tony Hawk's™ Pro Skater™ 3 + 4,2025-07-10,2025-07-10,2025-07-10,False,"[""Iron Galaxy Studios""]","[""Activision""]",False,True,False,False,,2025-07
2973830,Crime Shop Simulator: A Prison Boss Game,2025-07-10,2025-07-10,2025-07-10,False,"[""TREBUCHET""]","[""TREBUCHET"",""Creature Label""]",False,True,False,False,,2025-07
3114900,Dread Flats,2025-07-10,2025-07-10,2025-07-10,False,"[""Ghostcase""]","[""Ghostcase"",""Right Mind""]",False,True,False,False,,2025-07
3183220,Aurora Defense,2025-07-10,2025-07-10,2025-07-10,False,"[""Moka Games""]","[""Moka Games""]",False,True,False,False,,2025-07
3200060,SANAE's Sylphid Breeze,2025-07-10,2025-07-10,2025-07-10,False,"[""sorehodoh""]","[""sorehodoh""]",False,True,False,False,,2025-07
3247750,Mycopunk,2025-07-10,2025-07-10,2025-07-10,False,"[""Pigeons at Play""]","[""Devolver Digital""]",False,True,False,False,,2025-07
3445830,Return to Ash,2025-07-10,2025-07-10,2025-07-10,False,"[""Serenity Forge""]","[""Serenity Forge""]",False,True,True,True,,2025-07
3456830,超探偵シャーロックちゃん　～掟破りのミスディレクション～,2025-07-10,2025-07-10,2025-07-10,False,"[""おんねんちゃんねる""]","[""おんねんちゃんねる""]",False,True,False,False,,2025-07
3536480,The AC130 slays the zombies.,2025-07-10,2025-07-10,2025-07-10,False,"[""汪双羽""]","[""汪双羽""]",False,True,False,False,,2025-07
3575020,Couch Racers,2025-07-10,2025-07-10,2025-07-10,False,"[""Nico's Studio""]","[""Nico's Studio""]",False,True,False,False,,2025-07
3575990,Gun Paradise,2025-07-10,2025-07-10,2025-07-10,False,"[""RouShanGame""]","[""RouShanGame""]",False,True,False,False,,2025-07
3632280,The Dance of Maple Leaves,2025-07-10,2025-07-10,2025-07-10,False,"[""程进"",""程进""]","[""程进""]",False,True,False,False,,2025-07
3653390,Final Echo,2025-07-10,2025-07-10,2025-07-10,False,"[""超巨大战喵""]","[""超巨大战喵""]",False,True,False,False,,2025-07
3706460,Dungeon Survivor,2025-07-10,2025-07-10,2025-07-10,False,"[""Q""]","[""Q Games""]",False,True,False,False,,2025-07
3709230,Island Getaway - DEMO,2025-07-10,2025-07-10,2025-07-10,False,"[""Alex Craig""]","[""Alex Craig""]",True,True,False,False,,2025-07
3715440,Joe and the Lost Pixels,2025-07-10,2025-07-10,2025-07-10,False,"[""RetroBlade Studios""]","[""RetroBlade Studios""]",False,True,False,False,,2025-07
3719100,Tiris,2025-07-10,2025-07-10,2025-07-10,False,"[""Cremaet Studios"",""ESAT""]","[""ESAT""]",True,True,False,False,,2025-07
3725070,Anomaly Rooms,2025-07-10,2025-07-10,2025-07-10,False,"[""KisKis Game""]","[""KisKis Game""]",False,True,False,False,,2025-07
3758650,词力牌：LexiLoong,2025-07-10,2025-07-10,2025-07-10,False,"[""B.Wordilia""]","[""B.Wordilia""]",False,True,False,False,,2025-07
3807080,Ballotoro,2025-07-10,2025-07-10,2025-07-10,False,"[""flatcat""]","[""flatcat""]",False,True,True,False,,2025-07
3815120,BIT LOST,2025-07-10,2025-07-10,2025-07-10,False,"[""Loop Nexus Games ""]","[""Loop Nexus Games ""]",False,True,False,False,,2025-07
3817910,Tung Sahur Zombie,2025-07-10,2025-07-10,2025-07-10,False,"[""LooFoe Games""]","[""LooFoe Games""]",False,True,False,False,,2025-07
3824550,Mirror Match,2025-07-10,2025-07-10,2025-07-10,False,"[""Boogygames Studios""]","[""Boogygames Studios""]",False,True,False,False,,2025-07
3827560,Cubenen Gardens: Befriend,2025-07-10,2025-07-10,2025-07-10,False,"[""TheGamedawg""]","[""Shepherd Armory""]",False,True,False,False,,2025-07
3828730,Cross and Gun,2025-07-10,2025-07-10,2025-07-10,False,"[""Lee Suhyun""]","[""Dechu Games""]",False,True,False,False,,2025-07
3829920,The shadow of the cherry trees,2025-07-10,2025-07-10,2025-07-10,False,"[""Julien Chiari""]","[""Julien Chiari""]",False,True,False,False,,2025-07
3836520,Digging Dogs,2025-07-10,2025-07-10,2025-07-10,False,"[""Kaptitstudio""]","[""Kaptitstudio""]",True,True,False,False,,2025-07
2099220,Mobmania,2025-07-11,2025-07-11,2025-07-11,False,"[""azndesserts"",""justjayem"",""wolfbyte131""]","[""azndesserts""]",False,True,False,False,,2025-07
2920510,Werewolf Party,2025-07-11,2025-07-11,2025-07-11,False,"[""Absam Studios""]","[""Absam Studios""]",False,True,False,False,,2025-07
3014460,Azrael's Tear,2025-07-11,2025-07-11,2025-07-11,False,"[""Intelligent Games Ltd."",""Ken Haywood""]","[""SNEG""]",False,True,False,False,,2025-07
3209480,Last Report,2025-07-11,2025-07-11,2025-07-11,False,"[""Monopixel Games""]","[""Monopixel Games""]",False,True,False,False,,2025-07
3220620,Benny Bash,2025-07-11,2025-07-11,2025-07-11,False,"[""Eduardo Scarpato""]","[""Eduardo Scarpato""]",False,True,False,False,,2025-07
3233130,Claire,2025-07-11,2025-07-11,2025-07-11,False,"[""TS GAMES LLC""]","[""TS GAMES LLC""]",False,True,False,False,,2025-07
3281380,Nelumbra,2025-07-11,2025-07-11,2025-07-11,False,"[""Eleven Dusks Studios""]","[""Eleven Dusks Studios""]",False,True,False,False,,2025-07
3318080,Grorb: Grow the Orb,2025-07-11,2025-07-11,2025-07-11,False,"[""Gooder Games""]","[""Gooder Games""]",False,True,False,False,,2025-07
3385370,Maze Mice,2025-07-11,2025-07-11,2025-07-11,False,"[""TrampolineTales""]","[""TrampolineTales""]",False,True,True,True,,2025-07
3387410,Griffin 「グリフォン」,2025-07-11,2025-07-11,2025-07-11,False,"[""Ratalaika Games S.L."",""Shinyuden""]","[""Ratalaika Games S.L."",""Shinyuden""]",False,True,False,False,,2025-07
3415580,Death Ring: Second Impact,2025-07-11,2025-07-11,2025-07-11,False,"[""Rouge Mecha""]","[""Rouge Mecha""]",False,True,False,False,,2025-07
3468180,App Empire Tycoon,2025-07-11,2025-07-11,2025-07-11,False,"[""LuminousLagoon""]","[""LuminousLagoon""]",False,True,False,False,,2025-07
3560030,Cataclysm: The Last Generation,2025-07-11,2025-07-11,2025-07-11,False,"[""Worm Girl""]","[""Worm Girl""]",False,True,True,True,,2025-07
3562220,Questy Chess,2025-07-11,2025-07-11,2025-07-11,False,"[""Dadako""]","[""Dadako""]",False,True,True,True,,2025-07
3587090,Double It,2025-07-11,2025-07-11,2025-07-11,False,"[""Anisage Games""]","[""KNGL Studio""]",False,True,False,False,,2025-07
3631250,Nightlings,2025-07-11,2025-07-11,2025-07-11,False,"[""Team Nightlings""]","[""Team Nightlings""]",True,True,False,False,,2025-07
3633890,NYIP (Demo),2025-07-11,2025-07-11,2025-07-11,False,"[""My Two Pixels""]","[""My Two Pixels""]",True,True,False,False,,2025-07
3650320,Another Game About Clicking,2025-07-11,2025-07-11,2025-07-11,False,"[""myownyose""]","[""myownyose""]",False,True,False,False,,2025-07
3660520,五行乱斗,2025-07-11,2025-07-11,2025-07-11,False,"[""蛋炒饭游戏工作室""]","[""蛋炒饭游戏工作室""]",False,True,False,False,,2025-07
3675130,Paradise Sea,2025-07-11,2025-07-11,2025-07-11,False,"[""mokosoft""]","[""mokosoft""]",False,True,False,False,,2025-07
3689420,Velocity Arena,2025-07-11,2025-07-11,2025-07-11,False,"[""Tyler Zuver""]","[""Tyler Zuver""]",False,True,False,False,,2025-07
3744780,Patch of Heaven,2025-07-11,2025-07-11,2025-07-11,False,"[""Dart Digital Agency""]","[""Dart Digital Agency""]",False,True,False,False,,2025-07
3753370,Votica,2025-07-11,2025-07-11,2025-07-11,False,"[""Ekasmart Games""]","[""Ekasmart Games""]",False,True,False,False,,2025-07
3797700,The Nightmare,2025-07-11,2025-07-11,2025-07-11,False,"[""RenChanGames""]","[""RenChanGames""]",False,True,False,False,,2025-07
3823080,Cute Warrior Girl (큐트 여전사),2025-07-11,2025-07-11,2025-07-11,False,"[""SEO SOFT""]","[""SEO SOFT""]",True,True,False,False,,2025-07
3826930,Santa Elena,2025-07-11,2025-07-11,2025-07-11,False,"[""Saint Frog"",""Coletivo Brejo""]","[""Coletivo Brejo""]",True,True,False,True,,2025-07
3828290,Kick Yourself On,2025-07-11,2025-07-11,2025-07-11,False,"[""Gregory Loden""]","[""Gregory Loden""]",False,True,False,False,,2025-07
3863590,Beltion: Beyond Ritual,2025-07-11,2025-07-11,2025-07-11,False,"[""Rostok Games""]","[""Strategy First""]",False,True,False,False,,2025-07
2999220,Cupig's Key Collectathon,2025-07-12,2025-07-12,2025-07-12,False,"[""YzahkinGames""]","[""YzahkinGames""]",False,True,False,False,,2025-07
3227790,The Uncultured,2025-07-12,2025-07-12,2025-07-12,False,"[""Kosippy""]","[""Kosippy""]",False,True,False,False,,2025-07
3230860,Kitty Loves Birds,2025-07-12,2025-07-12,2025-07-12,False,"[""Claudiu V.""]","[""Claudiu V.""]",False,True,False,True,,2025-07
3257040,Crop Crusaders,2025-07-12,2025-07-12,2025-07-12,False,"[""Hobgoblin Games""]","[""Hobgoblin Games""]",False,True,False,False,,2025-07
3804040,Iron Ranger,2025-07-12,2025-07-12,2025-07-12,False,"[""OF Studio""]","[""OF Studio""]",False,True,False,False,,2025-07
3808410,SkinCrawler Ranch,2025-07-12,2025-07-12,2025-07-12,False,"[""NateOrDie""]","[""NateOrDie""]",False,True,False,False,,2025-07
3830530,cube hits corner,2025-07-12,2025-07-12,2025-07-12,False,"[""heartingNinja""]","[""heartingNinja""]",False,True,False,False,,2025-07
2528800,Talents,2025-07-13,2025-07-13,2025-07-13,False,"[""Izumi Games""]","[""Izumi Games""]",False,True,False,True,,2025-07
2812670,The Maze Survivor: The 9th Entrants,2025-07-13,2025-07-13,2025-07-13,False,"[""崔资坦独立游戏Triztan IndieGame""]","[""崔资坦独立游戏Triztan IndieGame""]",False,True,False,False,,2025-07
3177210,酒馆战争,2025-07-13,2025-07-13,2025-07-13,False,"[""战魂工作室""]","[""战魂工作室""]",True,True,False,False,,2025-07
3224410,Tone,2025-07-13,2025-07-13,2025-07-13,False,"[""Realentlessly Hopeful, LLC""]","[""Realentlessly Hopeful, LLC""]",False,True,False,False,,2025-07
3348510,Tower Arena Survive,2025-07-13,2025-07-13,2025-07-13,False,"[""RawDex""]","[""RawDex""]",False,True,False,False,,2025-07
3479790,My Splitting Image,2025-07-13,2025-07-13,2025-07-13,False,"[""Late Night Artisans""]","[""Late Night Artisans""]",False,True,False,False,,2025-07
3797390,IlhaZ,2025-07-13,2025-07-13,2025-07-13,False,"[""BarovoGames""]","[""BarovoGames""]",False,True,False,False,,2025-07
3831090,CinemaLandVR,2025-07-13,2025-07-13,2025-07-13,False,"[""PlanetariumStudio""]","[""PlanetariumStudio""]",False,True,False,False,,2025-07
1344550,Warspace 2,2025-07-14,2025-07-14,2025-07-14,False,"[""Magic Game Art""]","[""Magic Game Art""]",False,True,True,True,,2025-07
1583540,Meco Rocket Simulator,2025-07-14,2025-07-14,2025-07-14,False,"[""Loren Aerospace""]",,False,True,True,False,,2025-07
2691210,Idle Life - An Idle Game,2025-07-14,2025-07-14,2025-07-14,False,"[""Blackline Development""]","[""Blackline Development""]",False,True,False,False,,2025-07
3008800,Seconds Till Destruction,2025-07-14,2025-07-14,2025-07-14,False,"[""The Eagle Studios""]","[""The Eagle Studios""]",False,True,False,False,,2025-07
3109280,Super Loco World - Cozy Train Automation,2025-07-14,2025-07-14,2025-07-14,False,"[""Andrii Bychkovskyi""]","[""Curve Games""]",False,True,False,False,,2025-07
3196520,Island Robot Farm,2025-07-14,2025-07-14,2025-07-14,False,"[""MoraCoco""]","["" Wise Games""]",False,True,False,False,,2025-07
3568550,Tainted Pools,2025-07-14,2025-07-14,2025-07-14,False,"[""Stray Fox Games""]","[""Stray Fox Games""]",False,True,False,False,,2025-07
3605340,The Eternal Hunt,2025-07-14,2025-07-14,2025-07-14,False,"[""Best In Slot Games""]","[""Best In Slot Games""]",False,True,False,False,,2025-07
3629400,Loophole,2025-07-14,2025-07-14,2025-07-14,False,"[""Levi Pinkert""]","[""Levi Pinkert""]",False,True,True,False,,2025-07
3715350,Mycroft Holmes Simulator,2025-07-14,2025-07-14,2025-07-14,False,"[""The Wonder Room""]","[""The Wonder Room""]",True,True,False,True,,2025-07
3727240,Poker Adventurers,2025-07-14,2025-07-14,2025-07-14,False,"[""Dawn Club""]","[""Dawn Club""]",False,True,False,False,,2025-07
3758630,Project:M,2025-07-14,2025-07-14,2025-07-14,False,"[""Shadow Fred Boi""]","[""Shadow Fred Boi""]",True,True,False,False,,2025-07
3800670,Waking Dreams,2025-07-14,2025-07-14,2025-07-14,False,"[""Studio Infernal""]","[""Studio Infernal""]",False,True,False,False,,2025-07
3833100,Kitchen Gore,2025-07-14,2025-07-14,2025-07-14,False,"[""xoblins""]","[""xoblins""]",False,True,False,False,,2025-07
3835500,Old Thiess: The Werewolf’s Trial,2025-07-14,2025-07-14,2025-07-14,False,"[""Wrwwoulf Studio""]","[""Wrwwoulf Studio""]",True,True,False,False,,2025-07
1408730,KindFolx,2025-07-15,2025-07-15,2025-07-15,False,"[""Tristan Barona""]","[""Tristan Barona""]",False,True,True,False,,2025-07
2158690,Star Rift Saga,2025-07-15,2025-07-15,2025-07-15,False,"[""Studio Vela LLC""]","[""Studio Vela LLC""]",False,True,False,False,,2025-07
2262890,Whispers in the Dark,2025-07-15,2025-07-15,2025-07-15,False,"[""Gabrielle Games""]","[""Gabrielle Games""]",False,True,False,False,,2025-07
2268550,Trans Theft Horso,2025-07-15,2025-07-15,2025-07-15,False,"[""Cow Children Games""]","[""Cow Children Games""]",False,True,True,False,,2025-07
2324760,Florida Interstate '86,2025-07-15,2025-07-15,2025-07-15,False,"[""Welcome to the '80s""]","[""Welcome to the '80s""]",False,True,False,False,,2025-07
2643010,Becoming Saint,2025-07-15,2025-07-15,2025-07-15,False,"[""Open Lab Games""]","[""Firesquid"",""2P Games""]",False,True,True,True,,2025-07
2653490,非凡：out of the ordinary,2025-07-15,2025-07-15,2025-07-15,False,"[""阿弥陀佛""]","[""阿弥陀佛""]",False,True,False,False,,2025-07
2738630,Dungeons & Dragons Neverwinter Nights 2: Enhanced Edition,2025-07-15,2025-07-15,2025-07-15,False,"[""Aspyr Media""]","[""Aspyr Media""]",False,True,False,False,,2025-07
3024040,Stronghold Crusader: Definitive Edition,2025-07-15,2025-07-15,2025-07-15,False,"[""Firefly Studios""]","[""Firefly Studios""]",False,True,False,False,,2025-07
3213790,Red Pistol,2025-07-15,2025-07-15,2025-07-15,False,"[""Ace Horizon Studios""]","[""indie.io""]",False,True,False,False,,2025-07
3343940,Spin Forward,2025-07-15,2025-07-15,2025-07-15,False,"[""Bean and Pea Studio""]","[""Bean and Pea Studio""]",False,True,False,False,,2025-07
3413090,PhantomRider,2025-07-15,2025-07-15,2025-07-15,False,"[""Meet Game""]","[""Meet Game""]",False,True,False,False,,2025-07
3475580,Opollo,2025-07-15,2025-07-15,2025-07-15,False,"[""Planetary Gears""]","[""Planetary Gears""]",False,True,False,True,,2025-07
3502370,Speed Rally,2025-07-15,2025-07-15,2025-07-15,False,"[""Horizont Entertainment""]","[""Horizont Entertainment""]",False,True,True,True,,2025-07
3519810,JungleBoys,2025-07-15,2025-07-15,2025-07-15,False,"[""Clefairyx""]","[""Clefairyx""]",True,True,False,False,,2025-07
3538140,Heading Over It with The Twins,2025-07-15,2025-07-15,2025-07-15,False,"[""ruf256""]","[""ruf256""]",False,True,False,False,,2025-07
3603110,Favela Kick: The Final Goal,2025-07-15,2025-07-15,2025-07-15,False,"[""Vladimir Pliashkun""]","[""Vladimir Pliashkun""]",False,True,False,False,,2025-07
3630930,Art Together,2025-07-15,2025-07-15,2025-07-15,False,"[""Oxalis Studios""]","[""Oxalis Studios""]",False,True,False,False,,2025-07
3702810,Hellbound: Reign of El Diablo,2025-07-15,2025-07-15,2025-07-15,False,"[""SodaFrizz""]","[""SodaFrizz""]",False,True,False,False,,2025-07
3710070,COLONY 13 - Into The Void,2025-07-15,2025-07-15,2025-07-15,False,"[""3M SOUND A STUDIO""]","[""3M SOUND A STUDIO""]",False,True,False,False,,2025-07
3725130,Meow Path 2,2025-07-15,2025-07-15,2025-07-15,False,"[""OKCITY""]","[""OKCITY""]",False,True,False,False,,2025-07
3766740,Church Crew,2025-07-15,2025-07-15,2025-07-15,False,"[""Batuhan YILDIRIM""]","[""Batuhan YILDIRIM""]",False,True,False,False,,2025-07
3796060,Area Zero,2025-07-15,2025-07-15,2025-07-15,False,"[""Ephemeral Technical Arts""]","[""Ephemeral Technical Arts""]",False,True,False,False,,2025-07
3817110,CAPTAIN FIRAT,2025-07-15,2025-07-15,2025-07-15,False,"["" FIRAT ÖZDEMİR""]","[""AMİRAL GAMES""]",True,True,False,False,,2025-07
3828490,Monster Destroyer,2025-07-15,2025-07-15,2025-07-15,False,"[""虚拟梦""]","[""虚拟梦""]",False,True,False,False,,2025-07
3837970,Don't Let Me Fade,2025-07-15,2025-07-15,2025-07-15,False,"[""AinkOink""]","[""AinkOink""]",True,True,False,False,,2025-07
1427070,Mascot Mayhem,2025-07-16,2025-07-16,2025-07-16,False,"[""Cherry Bomb Interactive""]","[""Cherry Bomb Interactive""]",False,True,False,False,,2025-07
1548180,Worship,2025-07-16,2025-07-16,2025-07-16,False,"[""Chasing Rats Games""]","[""Chasing Rats Games""]",False,True,False,False,,2025-07
2377620,Lord O' Pirates,2025-07-16,2025-07-16,2025-07-16,False,"[""One Flow Man""]","[""Treestyle Studios LLC""]",False,True,False,False,,2025-07
2659840,A-RED Walking Robot,2025-07-16,2025-07-16,2025-07-16,False,"[""JOOKITOOZ""]","[""Dojo System""]",False,True,False,True,,2025-07
2854980,MADNESS,2025-07-16,2025-07-16,2025-07-16,False,"[""Limebat Games""]","[""Limebat Games""]",False,True,False,False,,2025-07
3290600,Cottonville,2025-07-16,2025-07-16,2025-07-16,False,"[""RedDeer.Games""]","[""RedDeer.Games""]",False,True,False,False,,2025-07
3350870,GST Wars,2025-07-16,2025-07-16,2025-07-16,False,"[""Yoav Parvin""]","[""Yoav Parvin""]",True,True,False,False,,2025-07
3468660,Rugby League 26,2025-07-16,2025-07-16,2025-07-16,False,"[""Big Ant Studios""]","[""Nacon""]",False,True,False,False,,2025-07
3472300,Medievaly: Battle Simulator,2025-07-16,2025-07-16,2025-07-16,False,"[""Steelkrill Studio""]","[""Steelkrill Studio""]",False,True,False,False,,2025-07
3500830,Store Keeper,2025-07-16,2025-07-16,2025-07-16,False,"[""AlexsusDev""]","[""AlexsusDev""]",False,True,False,False,,2025-07
3583330,Robot Anomaly,2025-07-16,2025-07-16,2025-07-16,False,"[""Eibriel""]","[""Eibriel""]",False,True,True,True,,2025-07
3715980,WAHM | وهم,2025-07-16,2025-07-16,2025-07-16,False,"[""SIGHMOHAMED30"",""Anas 3D"",""kwaiz.1""]","[""SIGHMOHAMED30""]",False,True,False,False,,2025-07
3754370,Resist Mutants,2025-07-16,2025-07-16,2025-07-16,False,"[""WANG BAIMING""]","[""WANG BAIMING""]",False,True,False,False,,2025-07
3805710,Treasure Tiger,2025-07-16,2025-07-16,2025-07-16,False,"[""Lucky Dart""]","[""The Bueno Interactive""]",False,True,False,False,,2025-07
3817930,Tombs & Trials,2025-07-16,2025-07-16,2025-07-16,False,"[""Logan K"",""Gavin D""]","[""SuperAwsomeGame Studios""]",False,True,True,True,,2025-07
3824770,Chronos Shift,2025-07-16,2025-07-16,2025-07-16,False,"[""Pigeon Entertainment""]","[""Pigeon Entertainment""]",False,True,False,False,,2025-07
3826650,Worm Wars,2025-07-16,2025-07-16,2025-07-16,False,"[""MSE GAME WORLD ""]","[""MSE GAME WORLD ""]",False,True,False,False,,2025-07
3829070,Playing With The Big Boys,2025-07-16,2025-07-16,2025-07-16,False,"[""Orange Plate Games""]","[""Orange Plate Games""]",True,True,False,False,,2025-07
1170570,The Drifter,2025-07-17,2025-07-17,2025-07-17,False,"[""Powerhoof"",""Dave Lloyd""]","[""Powerhoof""]",False,True,True,True,,2025-07
1273640,Bring You Home,2025-07-17,2025-07-17,2025-07-17,False,"[""Alike Studio""]","[""Alike Studio""]",False,True,True,False,,2025-07
1735700,Back to the Dawn,2025-07-17,2025-07-17,2025-07-17,False,"[""Metal Head Games""]","[""Spiral Up Games""]",False,True,False,False,,2025-07
2171630,Return from Core,2025-07-17,2025-07-17,2025-07-17,False,"[""顽核社 FuncoreClub""]","[""2P Games"",""Shochiku""]",False,True,False,False,,2025-07
2235200,Neon Abyss 2,2025-07-17,2025-07-17,2025-07-17,False,"[""Veewo Games""]","[""Veewo Games"",""Kepler Ghost""]",False,True,False,False,,2025-07
2749690,Imaginytes,2025-07-17,2025-07-17,2025-07-17,False,"[""Egome Games""]","[""Egome Games""]",False,True,True,False,,2025-07
2824490,He is Coming,2025-07-17,2025-07-17,2025-07-17,False,"[""Chronocle""]","[""Hooded Horse""]",False,True,False,False,,2025-07
2835040,Horizon Valley,2025-07-17,2025-07-17,2025-07-17,False,"[""Royal Engine""]","[""Royal Engine""]",True,True,False,False,,2025-07
3001330,Forest Heroes,2025-07-17,2025-07-17,2025-07-17,False,"[""Hoochoo Game Studios""]","[""Hoochoo Game Studios""]",False,True,True,False,,2025-07
3185230,Quest of the Hero,2025-07-17,2025-07-17,2025-07-17,False,"[""CSV Games""]","[""CSV Games""]",False,True,False,True,,2025-07
3220170,Arcane Afterfall,2025-07-17,2025-07-17,2025-07-17,False,"[""Nokhook Entertainment""]","[""Brightika, Inc.""]",True,True,True,False,,2025-07
3342900,Elemental Rush,2025-07-17,2025-07-17,2025-07-17,False,"[""SparkyByteGames""]","[""SparkyByteGames""]",False,True,False,True,,2025-07
3421330,There's No Cake,2025-07-17,2025-07-17,2025-07-17,False,"[""Error 300""]","[""Error 300"",""Gamersky Games""]",False,True,True,True,,2025-07
3424920,DarkRanger,2025-07-17,2025-07-17,2025-07-17,False,"[""铅笔龙"",""偶尔不帅""]","[""偶尔不帅"",""铅笔龙""]",False,True,True,False,,2025-07
3428300,フィアリウム,2025-07-17,2025-07-17,2025-07-17,False,"[""群悠"",""群悠""]","[""群悠""]",False,True,False,False,,2025-07
3473610,Bridge Constructor Studio,2025-07-17,2025-07-17,2025-07-17,False,"[""ClockStone""]","[""Headup""]",False,True,True,True,,2025-07
3491160,イワクツギ -IWAKUTSUGI-,2025-07-17,2025-07-17,2025-07-17,False,"[""TEAM SHINZA""]","[""TEAM SHINZA""]",False,True,False,False,,2025-07
3540430,Dungeon Weiqi,2025-07-17,2025-07-17,2025-07-17,False,"[""没工作工作室""]","[""没工作工作室""]",False,True,False,False,,2025-07
3643900,Ragdoll Boxing Multiplayer,2025-07-17,2025-07-17,2025-07-17,False,"[""White Boat Games""]","[""White Boat Games""]",True,True,False,False,,2025-07
3656990,工廈 Warehouse,2025-07-17,2025-07-17,2025-07-17,False,"[""Echo Studio""]","[""Echo Studio""]",False,True,False,False,,2025-07
3666920,The Journey East and West,2025-07-17,2025-07-17,2025-07-17,False,"[""Pr1s1m""]","[""Pr1s1m""]",True,True,False,True,,2025-07
3680900,Future War Tactics: SOF vs Alien Invasion – Turn-Based Strategy,2025-07-17,2025-07-17,2025-07-17,False,"[""QuadCom Interactive""]","[""Brightika, Inc.""]",False,True,False,False,,2025-07
3698680,Golden Tee Arcade Classics,2025-07-17,2025-07-17,2025-07-17,False,"[""Digital Eclipse""]","[""Atari""]",False,True,False,False,,2025-07
3768490,Quantum Threshold,2025-07-17,2025-07-17,2025-07-17,False,"[""Vaki Games""]","[""Vaki Games""]",False,True,False,False,,2025-07
3794730,Zombie Survivor,2025-07-17,2025-07-17,2025-07-17,False,"[""TAYIER""]","[""TAYIER""]",False,True,True,True,,2025-07
3814230,迷滅,2025-07-17,2025-07-17,2025-07-17,False,"[""夜星""]","[""夜星""]",False,True,False,False,,2025-07
3830430,Pain 'n Dave: The Maze of Malice,2025-07-17,2025-07-17,2025-07-17,False,"[""missingnoge""]","[""missingnoge""]",False,True,False,False,,2025-07
3839930,三国.群英录,2025-07-17,2025-07-17,2025-07-17,False,"[""DRAGONJOY Studios""]","[""DRAGONJOY Studios""]",True,True,True,False,,2025-07
3850520,Master of 4 Swords,2025-07-17,2025-07-17,2025-07-17,False,"[""Don BASS""]","[""Don BASS ""]",False,True,False,False,,2025-07
2402620,World Guesser,2025-07-18,2025-07-18,2025-07-18,False,"[""Artists Company""]","[""Artists Company""]",False,True,False,False,,2025-07
2804440,草地清理工,2025-07-18,2025-07-18,2025-07-18,False,"[""ZhiZhi""]","[""ZhiZhi""]",True,True,False,False,,2025-07
2815080,Forgotten 23,2025-07-18,2025-07-18,2025-07-18,False,"[""KovalGames""]","[""indie.io""]",False,True,True,False,,2025-07
2842430,ARC TCG,2025-07-18,2025-07-18,2025-07-18,False,"[""RAT Studios""]","[""RAT Studios""]",True,True,False,False,,2025-07
3101040,Magical Girl Witch Trials,2025-07-18,2025-07-18,2025-07-18,False,"[""Acacia"",""Re,AER""]","[""Re,AER"",""CIRCLE LINE GAMES""]",False,True,True,False,,2025-07
3181830,Trapped,2025-07-18,2025-07-18,2025-07-18,False,"[""AN""]","[""AN""]",True,True,True,False,,2025-07
3198820,Passer,2025-07-18,2025-07-18,2025-07-18,False,"[""SHEN YI""]","[""SHEN YI""]",False,True,False,False,,2025-07
3249650,Little Fighter 2 Remastered,2025-07-18,2025-07-18,2025-07-18,False,"[""Little Fighter Co Pty Ltd"",""Marti Wong""]","[""Little Fighter Co Pty Ltd""]",False,True,True,False,,2025-07
3484640,ReCharge RC: High Voltage,2025-07-18,2025-07-18,2025-07-18,False,"[""Hondune Games""]","[""Hondune Games""]",False,True,False,False,,2025-07
3533400,Paint Rumble,2025-07-18,2025-07-18,2025-07-18,False,"[""Vitor Cirilo"",""Marcos Game Dev"",""Allan Machado""]","[""Allan Machado""]",False,True,False,False,,2025-07
3541240,Capsule Hero,2025-07-18,2025-07-18,2025-07-18,False,"[""Ma Mingchi""]","[""Ma Mingchi""]",False,True,False,False,,2025-07
3554100,Warrior's Dilemma,2025-07-18,2025-07-18,2025-07-18,False,"[""Happy Hippocampus""]","[""Happy Hippocampus""]",False,True,False,False,,2025-07
3672410,POGO Stadium,2025-07-18,2025-07-18,2025-07-18,False,"[""Kyoto Entertainment Works Inc.""]","[""Kyoto Entertainment Works Inc.""]",False,True,False,False,,2025-07
3679920,Favela Defender,2025-07-18,2025-07-18,2025-07-18,False,"[""Palmsoft Games""]","[""Palmsoft Tecnologia""]",False,True,False,False,,2025-07
3696180,Lost World Survivor,2025-07-18,2025-07-18,2025-07-18,False,"[""Li Yangde""]","[""Li Yangde""]",False,True,False,False,,2025-07
3720170,The Showdown: Gorilla vs 100,2025-07-18,2025-07-18,2025-07-18,False,"[""FancyRancy""]","[""FancyRancy""]",False,True,False,False,,2025-07
3728030,I commissioned some snails 4,2025-07-18,2025-07-18,2025-07-18,False,"[""Follow the fun""]","[""I commissioned some series""]",False,True,False,False,,2025-07
3749880,NeverHome Ch.2 - Tower of Vanity,2025-07-18,2025-07-18,2025-07-18,False,"[""Shadow Gengis""]","[""Shadow Gengis""]",False,True,False,False,,2025-07
3802110,Reminiscence,2025-07-18,2025-07-18,2025-07-18,False,"[""Ambling Alpaca Studio""]","[""Ambling Alpaca Studio""]",False,True,True,True,,2025-07
3820900,The End of the Sun: Prologue,2025-07-18,2025-07-18,2025-07-18,False,"[""The End of the Sun Forge""]","[""The End of the Sun Forge""]",True,True,False,False,,2025-07
3825790,Boundless,2025-07-18,2025-07-18,2025-07-18,False,"[""DMS. Long""]","[""Beijing Film Academy""]",True,True,False,False,,2025-07
3832000,Secret Cats - Ice Cream Day,2025-07-18,2025-07-18,2025-07-18,False,"[""Hidden Cats""]","[""Hidden Cats""]",False,True,False,False,,2025-07
3843730,Infinite Canyon,2025-07-18,2025-07-18,2025-07-18,False,"[""Goro Entertainment""]","[""Goro Entertainment""]",False,True,False,False,,2025-07
3465850,ManHunter,2025-07-19,2025-07-19,2025-07-19,False,"[""OscarsHypr""]","[""OscarsHypr""]",False,True,False,False,,2025-07
3633840,浊令,2025-07-19,2025-07-19,2025-07-19,False,"[""虚拟烤箱整活组""]","[""虚拟烤箱整活组""]",True,True,False,False,,2025-07
3729250,Lowlander II: Lowerlander,2025-07-19,2025-07-19,2025-07-19,False,"[""Flat Black Films""]","[""Flat Black Films""]",False,True,False,False,,2025-07
3752990,Rebound Rush,2025-07-19,2025-07-19,2025-07-19,False,"[""Flip Studios""]","[""Flip Studios""]",True,True,False,False,,2025-07
3790770,Panzer Kliker,2025-07-19,2025-07-19,2025-07-19,False,"[""Perun's Forge""]","[""Perun's Forge""]",True,True,False,False,,2025-07
3793730,Beat Vortex,2025-07-19,2025-07-19,2025-07-19,False,"[""Glory Through Gaming""]","[""Glory Through Gaming""]",False,True,False,False,,2025-07
2549190,The Final Breath,2025-07-20,2025-07-20,2025-07-20,False,"[""VirtualSpace""]","[""VirtualSpace""]",False,True,False,False,,2025-07
2905160,Risky Rocket,2025-07-20,2025-07-20,2025-07-20,False,"[""Cyyc Games""]","[""Cyyc Games""]",False,True,False,False,,2025-07
3232760,Cappi: Starbound Saga,2025-07-20,2025-07-20,2025-07-20,False,"[""Snowski""]","[""Snowski""]",False,True,False,False,,2025-07
3425460,Console Shop Simulator,2025-07-20,2025-07-20,2025-07-20,False,"[""Lance Games""]","[""Lance Games""]",False,True,False,False,,2025-07
3447910,Forged Into History: Speedway Odyssey,2025-07-20,2025-07-20,2025-07-20,False,"[""ARRGAR Games""]","[""ARRGAR Games""]",False,True,False,False,,2025-07
3620750,Super Hard Game,2025-07-20,2025-07-20,2025-07-20,False,"[""ChaosGames""]","[""ChaosGames""]",False,True,False,False,,2025-07
3630110,ElfMiner,2025-07-20,2025-07-20,2025-07-20,False,"[""Jon Warner Studios""]","[""Jon Warner Studios""]",True,True,False,False,,2025-07
3744900,Hollow Jump,2025-07-20,2025-07-20,2025-07-20,False,"[""MoonJourney""]","[""MoonJourney""]",False,True,False,False,,2025-07
1805570,DEMONS,2025-07-21,2025-07-21,2025-07-21,False,"[""Andrew Fender"",""Alastair Headden""]","[""Joe Fender""]",False,True,False,False,,2025-07
2632690,FoMO,2025-07-21,2025-07-21,2025-07-21,False,"[""Quantic Monkey Studio""]","[""Quantic Monkey Studio""]",False,True,False,True,,2025-07
2808530,KILLBEAT,2025-07-21,2025-07-21,2025-07-21,False,"[""Kalma Games""]","[""Kalma Games""]",False,True,False,True,,2025-07
3076240,True Nightmare - Roadside Сafe,2025-07-21,2025-07-21,2025-07-21,False,"[""Frost Fox Studios""]","[""Frost Fox Studios""]",False,True,False,False,,2025-07
3447300,Cardrunners,2025-07-21,2025-07-21,2025-07-21,False,"[""Lobster Games""]","[""Sky Games""]",False,True,False,False,,2025-07
3488580,CrafTAE,2025-07-21,2025-07-21,2025-07-21,False,"[""mappe""]","[""mappe""]",False,True,True,True,,2025-07
3612480,3D Escape Room: Mystic Manor,2025-07-21,2025-07-21,2025-07-21,False,"[""Shenzhen Zhonglian Interactive Technology Co.,Ltd""]","[""Shenzhen Zhonglian Interactive Technology Co.,Ltd""]",False,True,False,False,,2025-07
3624580,The Adventures of Candle Boy,2025-07-21,2025-07-21,2025-07-21,False,"[""Bug Pop Studios""]","[""Bug Pop Studios""]",True,True,False,False,,2025-07
3654800,Changelog,2025-07-21,2025-07-21,2025-07-21,False,"[""Aman Kapoor"",""Alonso Canales"",""Andie Zhou"",""Isaac Taylor"",""Michael Kiang""]","[""Mandala""]",True,True,False,False,,2025-07
3679380,Keyboard Simulator,2025-07-21,2025-07-21,2025-07-21,False,"[""Arbothonas""]","[""Arbothonas""]",False,True,False,False,,2025-07
3721250,Vasilisa the Beautiful,2025-07-21,2025-07-21,2025-07-21,False,"[""Cheet_Ah""]","[""Cheet_Ah""]",False,True,False,False,,2025-07
3722760,DOLL INC,2025-07-21,2025-07-21,2025-07-21,False,"[""David Gallardo""]","[""HeadArrow""]",False,True,False,False,,2025-07
3776910,DDD - Drone Drop Dash,2025-07-21,2025-07-21,2025-07-21,False,"[""Yosul Studio""]","[""Yosul Studio""]",True,True,True,False,,2025-07
3816700,Logic Bombs,2025-07-21,2025-07-21,2025-07-21,False,"[""Matthewmatosis""]","[""Matthewmatosis""]",False,True,False,False,,2025-07
3823680,Maze,2025-07-21,2025-07-21,2025-07-21,False,"[""François Mauxion""]","[""François Mauxion""]",True,True,False,False,,2025-07
3839590,逃离狮门外语学校 / Escape the School,2025-07-21,2025-07-21,2025-07-21,False,"[""GeeYoung""]","[""GeeYoung""]",False,True,False,False,,2025-07
3857770,Backmooms,2025-07-21,2025-07-21,2025-07-21,False,"[""LuuuLuuuL""]","[""LuuuLuuuL""]",False,True,False,False,,2025-07
3858370,Figure Shop Simulator: Prologue,2025-07-21,2025-07-21,2025-07-21,False,"[""Gnome Games""]","[""Gnome Games""]",True,True,False,False,,2025-07
3860080,МЕМАСИКИ 2 Олдскулы свело,2025-07-21,2025-07-21,2025-07-21,False,"[""STuNT""]","[""STuNT""]",False,True,False,False,,2025-07
427410,Abiotic Factor,2025-07-22,2025-07-22,2025-07-22,False,"[""Deep Field Games""]","[""Playstack""]",False,True,False,False,,2025-07
1057580,Shopkeeper: My First Supermarket,2025-07-22,2025-07-22,2025-07-22,False,"[""Supa Games""]","[""Games Incubator"",""PlayWay S.A.""]",False,True,False,False,,2025-07
1869780,UnderMine 2,2025-07-22,2025-07-22,2025-07-22,False,"[""Thorium""]","[""Thorium""]",False,True,False,False,,2025-07
2185030,Dealer's Life Legend,2025-07-22,2025-07-22,2025-07-22,False,"[""Abyte Entertainment""]","[""Abyte Entertainment""]",False,True,False,False,,2025-07
2659530,Stop The Slimes,2025-07-22,2025-07-22,2025-07-22,False,"[""SuperPupStudio""]","[""SuperPupStudio""]",False,True,False,True,,2025-07
2902440,Steve's Warehouse: Physics. Roguelike. Chaos.,2025-07-22,2025-07-22,2025-07-22,False,"[""Definitely Named Steve""]","[""Abiding Bridge"",""Definitely Named Steve""]",False,True,False,False,,2025-07
2967630,The Biggleboss Incident,2025-07-22,2025-07-22,2025-07-22,False,"[""BUNKWORKS""]","[""BUNKWORKS""]",False,True,True,False,,2025-07
3042280,Drop It! Jelly Man,2025-07-22,2025-07-22,2025-07-22,False,"[""JES__STUDIO""]","[""JES__STUDIO""]",False,True,False,False,,2025-07
3154910,SERK: Chaos City Delivery ,2025-07-22,2025-07-22,2025-07-22,False,"[""GOBLAGAMES""]","[""GOBLAGAMES""]",False,True,False,False,,2025-07
3267940,IAI,2025-07-22,2025-07-22,2025-07-22,False,"[""Sola""]","[""Sola""]",False,True,False,False,,2025-07
3642750,Entropia Universe,2025-07-22,2025-07-22,2025-07-22,False,"[""MindArk""]","[""MindArk""]",True,True,False,False,,2025-07
3777690,Hop Drop,2025-07-22,2025-07-22,2025-07-22,False,"[""Goon Squad""]","[""Goon Squad""]",False,True,False,False,,2025-07
3781840,Bartholomew.exe,2025-07-22,2025-07-22,2025-07-22,False,"[""BrickLayer Studios""]","[""BrickLayer Studios""]",True,True,False,False,,2025-07
3784110,Ghost Hunters,2025-07-22,2025-07-22,2025-07-22,False,"[""8floor ltd""]","[""8floor ltd""]",False,True,False,False,,2025-07
3791610,Lloyd the Monkey: Remastered,2025-07-22,2025-07-22,2025-07-22,False,"[""Meyer Games""]","[""Meyer Games""]",True,True,False,False,,2025-07
3795950,Purrates,2025-07-22,2025-07-22,2025-07-22,False,"[""Team Jeans""]","[""Team Jeans""]",True,True,False,False,,2025-07
3798300,Wettop,2025-07-22,2025-07-22,2025-07-22,False,"[""SIMPLE THINK GAMES""]","[""SIMPLE THINK GAMES""]",False,True,False,False,,2025-07
3848270,Yacht Dice Family,2025-07-22,2025-07-22,2025-07-22,False,"[""Happy Figs""]","[""Happy Figs""]",False,True,False,False,,2025-07
3848580,Game Shop Simulator,2025-07-22,2025-07-22,2025-07-22,False,"[""SP GAMES""]","[""SP GAMES""]",False,True,False,False,,2025-07
3851370,Home for Friends: Beloved Pets Collector's Edition,2025-07-22,2025-07-22,2025-07-22,False,"[""Do Games Limited""]","[""Do Games Limited""]",False,True,False,False,,2025-07
3853500,DarkShine,2025-07-22,2025-07-22,2025-07-22,False,"[""DScorp""]","[""DScorp""]",False,True,False,True,,2025-07
3857170,Space Depot,2025-07-22,2025-07-22,2025-07-22,False,"[""Zenventorymgmt""]","[""Zenventorymgmt""]",False,True,False,False,,2025-07
3859720,Drow Space Shooter,2025-07-22,2025-07-22,2025-07-22,False,"[""Xgarius Games""]","[""Xgarius Games""]",False,True,False,True,,2025-07
2094910,Pile Up!,2025-07-23,2025-07-23,2025-07-23,False,"[""Remoob""]","[""Catoptric Games"",""IndieArk""]",False,True,False,False,,2025-07
2863790,FolkOrigin,2025-07-23,2025-07-23,2025-07-23,False,"[""LukaszD""]","[""LukaszD""]",False,True,False,False,,2025-07
2897520,Furball Blitz!,2025-07-23,2025-07-23,2025-07-23,False,"[""BlueTale""]","[""BlueTale""]",False,True,False,False,,2025-07
3130800,Find My Frogs,2025-07-23,2025-07-23,2025-07-23,False,"[""My Eye Studio""]","[""My Eye Studio""]",False,True,False,False,,2025-07
3151420,Mystic Explorer,2025-07-23,2025-07-23,2025-07-23,False,"[""Zack""]","[""Captcha Games""]",False,True,False,False,,2025-07
3239220,Bubbles in the Air,2025-07-23,2025-07-23,2025-07-23,False,"[""Elder Bear""]","[""Elder Bear""]",False,True,True,False,,2025-07
3308870,and Roger,2025-07-23,2025-07-23,2025-07-23,False,"[""TearyHand Studio""]","[""Kodansha""]",False,True,True,False,,2025-07
3356250,Low_Signal,2025-07-23,2025-07-23,2025-07-23,False,"[""Jonathan Abat""]","[""Simple A Experiences""]",False,True,False,False,,2025-07
3437170,壶中日月 Timeless Teapot,2025-07-23,2025-07-23,2025-07-23,False,"[""壶天云镜""]","[""壶天云镜""]",False,True,False,False,,2025-07
3461090,"Run, Veggies!",2025-07-23,2025-07-23,2025-07-23,False,"[""JimDublace Studios""]","[""JimDublace Studios""]",True,True,False,False,,2025-07
3511130,hololive GoroGoro Mountain,2025-07-23,2025-07-23,2025-07-23,False,"[""BeXide Inc.""]","[""holo Indie""]",False,True,True,False,,2025-07
3594000,性感史莱姆派对（Slime Sexy Party）,2025-07-23,2025-07-23,2025-07-23,False,"[""HZ studio""]","[""HZ studio""]",False,True,False,False,,2025-07
3607380,A Bottled Up Island,2025-07-23,2025-07-23,2025-07-23,False,"[""Pinwheel Games""]","[""Michael Grieshofer""]",False,True,False,True,,2025-07
3636390,AQK,2025-07-23,2025-07-23,2025-07-23,False,"[""Asroni Inc""]","[""Asroni Inc"",""Friendslight""]",False,True,False,False,,2025-07
3725090,INSERT GAME HERE,2025-07-23,2025-07-23,2025-07-23,False,"[""Ayush Vaibhav Goyal""]","[""Game Manager #2694""]",True,True,True,True,,2025-07
3742040,The Rainbox,2025-07-23,2025-07-23,2025-07-23,False,"[""Nikon Sublett""]","[""Nikon Sublett""]",False,True,False,True,,2025-07
3744300,SkateRPG,2025-07-23,2025-07-23,2025-07-23,False,"[""Daniel Dante""]","[""Daniel Dante""]",False,True,False,False,,2025-07
3789090,God Fishing,2025-07-23,2025-07-23,2025-07-23,False,"[""mrlepel""]","[""mrlepel""]",True,True,False,False,,2025-07
3813350,Azure Striker Gunvolt Trilogy Enhanced,2025-07-23,2025-07-23,2025-07-23,False,"[""INTI CREATES CO., LTD.""]","[""INTI CREATES CO., LTD.""]",False,True,False,False,,2025-07
3854340,The Abyssal Descent,2025-07-23,2025-07-23,2025-07-23,False,"[""Nocturna VideoGame Studio""]","[""Nocturna VideoGame Studio""]",False,True,False,False,,2025-07
3861060,Scooter Slayer,2025-07-23,2025-07-23,2025-07-23,False,"[""Kulix Games""]","[""Kulix Games""]",False,True,False,False,,2025-07
3866320,What Happened Here?,2025-07-23,2025-07-23,2025-07-23,False,"[""Muna Games Studio""]","[""Muna Games Studio""]",True,True,True,False,,2025-07
1408090,The Office Type,2025-07-24,2025-07-24,2025-07-24,False,"[""Heavy Thought Studios""]","[""Heavy Thought Studios""]",False,True,True,False,,2025-07
2183670,Hotel Galactic,2025-07-24,2025-07-24,2025-07-24,False,"[""EndGameLoop Games""]","[""EndGameLoop Games""]",False,True,False,False,,2025-07
2529050,A Doctor's Term,2025-07-24,2025-07-24,2025-07-24,False,"[""Council of Pure Sanity""]","[""Council of Pure Sanity""]",False,True,False,True,,2025-07
2715940,Marble Champions,2025-07-24,2025-07-24,2025-07-24,False,"[""Luc Versleijen"",""Neonchimp Games""]","[""Luc Versleijen""]",False,True,True,False,,2025-07
2764590,Monster: Titan's Playground,2025-07-24,2025-07-24,2025-07-24,False,"[""Stellar Knights""]","[""Stellar Knights""]",False,True,False,False,,2025-07
2899300,UKNON Jones & Guynelk 2,2025-07-24,2025-07-24,2025-07-24,False,"[""Guynelk ROSAMONT""]","[""Guynelk ROSAMONT""]",False,True,False,True,,2025-07
2908830,Toni Island Adventure,2025-07-24,2025-07-24,2025-07-24,False,"[""Frolic Studio""]","[""Frolic Studio""]",False,True,False,True,,2025-07
3062040,Hot Rod Mayhem,2025-07-24,2025-07-24,2025-07-24,False,"[""Casual Brothers Ltd.""]","[""Casual Brothers Ltd.""]",False,True,False,False,,2025-07
3208730,Akizora Memories - Horizon of Fate -,2025-07-24,2025-07-24,2025-07-24,False,"[""GALEX SOFT""]","[""Tensei Games""]",False,True,False,False,,2025-07
3400380,Look Mum No Computer,2025-07-24,2025-07-24,2025-07-24,False,"[""The Bitfather""]","[""Headup""]",False,True,True,True,,2025-07
3436870,Broken Pact,2025-07-24,2025-07-24,2025-07-24,False,"[""Samuka Gomes""]","[""Samuka Gomes""]",False,True,False,False,,2025-07
3485910,The Squirrel & Sea,2025-07-24,2025-07-24,2025-07-24,False,"[""mite_j""]","[""mite_j""]",False,True,False,False,,2025-07
3495050,100 Zombie Cats,2025-07-24,2025-07-24,2025-07-24,False,"[""100 Cozy Games"",""Cats""]","[""100 Cozy Games"",""Cats""]",False,True,False,False,,2025-07
3504870,Match-3 Juice Bar,2025-07-24,2025-07-24,2025-07-24,False,"[""Game98""]","[""Game98""]",False,True,False,False,,2025-07
3682080,Gambler’s Loop,2025-07-24,2025-07-24,2025-07-24,False,"[""123隐士321""]","[""123隐士321""]",False,True,False,False,,2025-07
3807670,Incident X,2025-07-24,2025-07-24,2025-07-24,False,"[""Hammerbuck Games""]","[""Hammerbuck Games""]",False,True,False,False,,2025-07
3860020,Wise in the Heights,2025-07-24,2025-07-24,2025-07-24,False,"[""Noel Román""]","[""Noel Román""]",False,True,False,False,,2025-07
1194040,東１局５３本場,2025-07-25,2025-07-25,2025-07-25,False,"[""Mindware""]","[""Mindware""]",False,True,False,False,,2025-07
1860290,Moondrills,2025-07-25,2025-07-25,2025-07-25,False,"[""QnQ Games""]","[""QnQ Games""]",False,True,False,False,,2025-07
2135960,Rhythm Storm,2025-07-25,2025-07-25,2025-07-25,False,"[""Radiangames""]","[""Radiangames""]",False,True,False,False,,2025-07
2217720,Oxide Room 208,2025-07-25,2025-07-25,2025-07-25,False,"[""WildSphere""]","[""WildSphere""]",False,True,False,False,,2025-07
2726960,搜查一刻,2025-07-25,2025-07-25,2025-07-25,False,"[""Yai""]","[""Yai""]",False,True,False,False,,2025-07
2797650,Pip My Dice,2025-07-25,2025-07-25,2025-07-25,False,"[""Diving Swan Games""]","[""Diving Swan Games""]",False,True,False,True,,2025-07
3019770,Hedgehog and Cat: Explore the World Action,2025-07-25,2025-07-25,2025-07-25,False,"[""Mecha Power""]","[""Mecha Power""]",False,True,False,False,,2025-07
3136490,Echoes of the Architects,2025-07-25,2025-07-25,2025-07-25,False,"[""GFX47""]","[""GFX47""]",False,True,False,False,,2025-07
3553190,Anime FPS: Guns vs Magic,2025-07-25,2025-07-25,2025-07-25,False,"[""BEPLAYER""]","[""BEPLAYER Games""]",False,True,False,False,,2025-07
3648550,Your Magic Hook,2025-07-25,2025-07-25,2025-07-25,False,"[""Pengyou Game Studio""]","[""Pengyou Game Studio""]",False,True,False,False,,2025-07
3654810,CLOWNCORE,2025-07-25,2025-07-25,2025-07-25,False,"[""GamesFromTheOtherSide""]","[""GamesFromTheOtherSide""]",False,True,False,False,,2025-07
3675150,Donut Riders,2025-07-25,2025-07-25,2025-07-25,False,"[""OUTRISE studios""]","[""OUTRISE studios""]",False,True,False,False,,2025-07
3694470,Coupling,2025-07-25,2025-07-25,2025-07-25,False,"[""xyz""]","[""xyz""]",False,True,False,False,,2025-07
3765890,勇氣Online,2025-07-25,2025-07-25,2025-07-25,False,"[""TianYu2.com""]","[""TianYu2.com""]",True,True,False,False,,2025-07
3778380,Ward 777 - الجناح 777,2025-07-25,2025-07-25,2025-07-25,False,"[""jojo.dev""]","[""Vision Studio""]",False,True,False,False,,2025-07
3784100,Elven Rivers 5: UnderSea,2025-07-25,2025-07-25,2025-07-25,False,"[""8floor ltd ""]","[""8floor ltd ""]",False,True,False,False,,2025-07
3785720,Pact Between Us,2025-07-25,2025-07-25,2025-07-25,False,"[""MYSTERY CROWN""]","[""MYSTERY CROWN""]",False,True,True,False,,2025-07
3790760,SCP: Yet Another Day,2025-07-25,2025-07-25,2025-07-25,False,"[""Xenom""]","[""Xenom""]",True,True,False,True,,2025-07
3805690,The Last Chance,2025-07-25,2025-07-25,2025-07-25,False,"[""İnfinitek Bilişim"",""Gökhan Yılmaz""]","[""İnfinitek Bilişim""]",False,True,False,False,,2025-07
3818230,Maru Expedition: We can fly,2025-07-25,2025-07-25,2025-07-25,False,"[""MoldGames""]","[""Jungle Game Lab""]",True,True,False,False,,2025-07
3819120,Kind() Station,2025-07-25,2025-07-25,2025-07-25,False,"[""Studio非""]","[""Studio非""]",False,True,False,False,,2025-07
3822840,Capitalist Misadventures,2025-07-25,2025-07-25,2025-07-25,False,"[""Caramelo Studios""]","[""Caramelo Studios""]",False,True,False,False,,2025-07
3827830,The DeadLine,2025-07-25,2025-07-25,2025-07-25,False,"[""ROTTEN APPLE"",""Jebi Studio""]","[""Jungle Game Lab""]",True,True,False,False,,2025-07
3827840,Patch me if you can,2025-07-25,2025-07-25,2025-07-25,False,"[""Ah Shot Chu""]","[""Jungle Game Lab""]",True,True,False,False,,2025-07
3832740,Articrow,2025-07-25,2025-07-25,2025-07-25,False,"[""Jackrabbit Starters""]","[""Jungle Game Lab""]",True,True,False,False,,2025-07
3835960,Stay&Stack: Hotel Operation,2025-07-25,2025-07-25,2025-07-25,False,"[""SofRockGames""]","[""SofRockGames""]",False,True,True,False,,2025-07
3847210,TANK 2025,2025-07-25,2025-07-25,2025-07-25,False,"[""muhammed ismail gök""]","[""muhammed ismail gök""]",False,True,False,False,,2025-07
2931620,My Furry Protogen 3 🐾,2025-07-26,2025-07-26,2025-07-26,False,"[""Dirty Fox Games""]","[""Dirty Fox Games""]",False,True,False,False,,2025-07
3575810,Pick Your Poison,2025-07-26,2025-07-26,2025-07-26,False,"[""Scaredy Cat Studios""]","[""Scaredy Cat Studios""]",False,True,True,True,,2025-07
3785590,Delfini,2025-07-26,2025-07-26,2025-07-26,False,"[""Yimeng & Yuwei""]","[""Shepherd Games""]",True,True,False,False,,2025-07
3853960,Rolling Ball: HD Remaster,2025-07-26,2025-07-26,2025-07-26,False,"[""SUNYU Games""]","[""SUNYU Games""]",False,True,True,False,,2025-07
3870210,Gray Goo,2025-07-26,2025-07-26,2025-07-26,False,"[""Glitch Nomads""]","[""Glitch Nomads""]",False,True,False,False,,2025-07
3186120,NIDANA,2025-07-27,2025-07-27,2025-07-27,False,"[""lvl374""]","[""PLAYISM""]",False,True,False,False,,2025-07
3447510,Village Tale,2025-07-27,2025-07-27,2025-07-27,False,"[""Knight Owl Games""]","[""Knight Owl Games""]",False,True,False,False,,2025-07
3764230,JustRun,2025-07-27,2025-07-27,2025-07-27,False,"[""ShenQing""]","[""ShenQing""]",True,True,False,False,,2025-07
3817790,SnaiL TraiL,2025-07-27,2025-07-27,2025-07-27,False,"[""Legendary DEVasters""]","[""Legendary DEVasters""]",False,True,False,False,,2025-07
3822910,Red Pearl Pirates,2025-07-27,2025-07-27,2025-07-27,False,"[""Eoin Tolster""]","[""Eoin Tolster""]",False,True,False,True,,2025-07
3834930,Liar Zoo Game,2025-07-27,2025-07-27,2025-07-27,False,"[""電脳遊戯最高会議""]","[""Fuji Television Network, Inc.""]",False,True,False,False,,2025-07
3834940,Tree Party!,2025-07-27,2025-07-27,2025-07-27,False,"[""電脳遊戯最高会議""]","[""Fuji Television Network, Inc.""]",False,True,False,False,,2025-07
3851020,Where Is My Pocket?,2025-07-27,2025-07-27,2025-07-27,False,"[""MoldyBits""]","[""MoldyBits""]",False,True,True,False,,2025-07
2292540,Cosmic Waves,2025-07-28,2025-07-28,2025-07-28,False,"[""Squirrel Knight""]","[""Squirrel Knight""]",False,True,False,False,,2025-07
2350270,Primal Planet,2025-07-28,2025-07-28,2025-07-28,False,"[""Seethingswarm""]","[""Pretty Soon""]",False,True,False,False,,2025-07
2604780,World of blind,2025-07-28,2025-07-28,2025-07-28,False,"[""QIPAWORLD""]","[""QIPAWORLD""]",False,True,False,False,,2025-07
2979020,Clayers: Prologue,2025-07-28,2025-07-28,2025-07-28,False,"[""Gin Jam Team""]","[""Gin Jam Team""]",False,True,False,False,,2025-07
3008950,Twisted Screens,2025-07-28,2025-07-28,2025-07-28,False,"[""Bonboi"",""Moonist""]","[""Trinity Studios""]",False,True,False,False,,2025-07
3412620,"Her Love, Like Poison",2025-07-28,2025-07-28,2025-07-28,False,"[""ebi-hime""]","[""ebi-hime""]",False,True,True,True,,2025-07
3458490,The Fable of Fairy Glen,2025-07-28,2025-07-28,2025-07-28,False,"[""Jason Bowen""]","[""JBOStudios""]",True,True,False,False,,2025-07
3623480,Flipto,2025-07-28,2025-07-28,2025-07-28,False,"[""Wayne Made A Game""]","[""Wayne Made A Game"",""Captcha Games""]",False,True,True,True,,2025-07
3727700,Radial Fusion,2025-07-28,2025-07-28,2025-07-28,False,"[""PatchCode, LLC""]","[""PatchCode, LLC""]",False,True,False,False,,2025-07
3763000,Starfall Defenders,2025-07-28,2025-07-28,2025-07-28,False,"[""EntwicklerX""]","[""EntwicklerX""]",False,True,False,False,,2025-07
3779170,Wrist Catcher-寸关,2025-07-28,2025-07-28,2025-07-28,False,"[""昆吾灌灌KWGG""]","[""昆吾灌灌KWGG""]",False,True,False,False,,2025-07
3792570,Numenclature,2025-07-28,2025-07-28,2025-07-28,False,"[""Just Some Guy Game Studio""]","[""Just Some Guy Game Studio""]",False,True,False,False,,2025-07
3807930,Voxel Verse,2025-07-28,2025-07-28,2025-07-28,False,"[""Pasha Bin""]","[""Egg Splat Studio""]",True,True,False,False,,2025-07
3840180,You And I,2025-07-28,2025-07-28,2025-07-28,False,"[""Juan Ablan""]","[""Juan Ablan""]",True,True,False,False,,2025-07
3845720,Don't Look Behind You,2025-07-28,2025-07-28,2025-07-28,False,"[""Joseph \""Dragon\"" Dalman""]","[""Dragon Ducky Gaming""]",False,True,False,False,,2025-07
3856010,Space Travel:Chronicles,2025-07-28,2025-07-28,2025-07-28,False,"[""Roth""]","[""Roth""]",False,True,False,False,,2025-07
3866660,Forgotten Beginnings: A New Afterlife,2025-07-28,2025-07-28,2025-07-28,False,"[""james5272""]","[""james5272""]",True,True,False,False,,2025-07
2016460,Tales of the Shire: A The Lord of The Rings™ Game,2025-07-29,2025-07-29,2025-07-29,False,"[""Wētā Workshop""]","[""Fictions""]",False,True,False,False,,2025-07
2896350,Thule,2025-07-29,2025-07-29,2025-07-29,False,"[""Xeaker""]","[""Xeaker""]",False,True,False,False,,2025-07
3008340,Day of the Shell,2025-07-29,2025-07-29,2025-07-29,False,"[""Duper Games""]","[""Goblinz Publishing""]",False,True,False,False,,2025-07
3104410,Terminull Brigade™,2025-07-29,2025-07-29,2025-07-29,False,"[""Pew Pew Games""]","[""Level Infinite""]",True,True,False,False,,2025-07
3198760,THE BEST INVESTOR,2025-07-29,2025-07-29,2025-07-29,False,"[""THE FRENCH GRINDER""]","[""THE FRENCH GRINDER""]",False,True,False,False,,2025-07
3205360,"City Lights, Old Flames",2025-07-29,2025-07-29,2025-07-29,False,"[""Sugar Moon Studio""]","[""Cinnabun Collective""]",False,True,True,True,,2025-07
3237570,delivery pals,2025-07-29,2025-07-29,2025-07-29,False,"[""stre1itzia"",""dyrachyo""]","[""stre1itzia"",""dyrachyo""]",False,True,False,False,,2025-07
3502340,Torn Veil,2025-07-29,2025-07-29,2025-07-29,False,"[""KenshiDev""]","[""KenshiDev""]",False,True,False,False,,2025-07
3524070,Teaparty in Candyworld,2025-07-29,2025-07-29,2025-07-29,False,"[""WildCatCom""]","[""WildCatCom""]",False,True,False,True,,2025-07
3747050,Silver,2025-07-29,2025-07-29,2025-07-29,False,"[""Bezier Games""]","[""Bezier Games""]",False,True,True,False,,2025-07
3754100,Frog Folding Simulator,2025-07-29,2025-07-29,2025-07-29,False,"[""Origami Turtle""]","[""Origami Turtle""]",False,True,False,False,,2025-07
3822160,Spaceship Battler Unlimited,2025-07-29,2025-07-29,2025-07-29,False,"[""Leovigildo Leon""]","[""Sole proprietorship""]",False,True,False,True,,2025-07
3851650,The Darkest Dusk ,2025-07-29,2025-07-29,2025-07-29,False,"[""Flavio Valenzi""]","[""Flavio Valenzi""]",True,True,False,False,,2025-07
3855280,space warrior,2025-07-29,2025-07-29,2025-07-29,False,"[""hgmGame""]","[""hgmGame""]",False,True,False,False,,2025-07
3858120,Chess of Fortune,2025-07-29,2025-07-29,2025-07-29,False,"[""devOfFortune""]","[""devOfFortune""]",False,True,False,False,,2025-07
3862620,Generic Idler,2025-07-29,2025-07-29,2025-07-29,False,"["" In-Home Streaming Team""]","["" In-Home Streaming Team""]",False,True,False,False,,2025-07
3869240,The Man in the Park,2025-07-29,2025-07-29,2025-07-29,False,"[""Elliott Dahle""]","[""Elliott Dahle""]",True,True,False,False,,2025-07
1990780,FakeGod,2025-07-30,2025-07-30,2025-07-30,False,"[""xingherj""]","[""xingherj""]",True,True,False,False,,2025-07
2131550,Fishing Online,2025-07-30,2025-07-30,2025-07-30,False,"[""Braves""]","[""Braves""]",True,True,False,False,,2025-07
2943670,Night Club Simulator,2025-07-30,2025-07-30,2025-07-30,False,"[""Clock Wizard Games""]","[""Clock Wizard Games""]",False,True,False,False,,2025-07
3039910,Demon Hunt,2025-07-30,2025-07-30,2025-07-30,False,"[""Massive Hug""]","[""Massive Hug""]",False,True,False,False,,2025-07
3051240,Hungry Meem,2025-07-30,2025-07-30,2025-07-30,False,"[""Drecom Co., Ltd.""]","[""Drecom Co., Ltd.""]",False,True,False,False,,2025-07
3292750,Distractor,2025-07-30,2025-07-30,2025-07-30,False,"[""Thomas Curtis""]","[""Thomas Curtis""]",False,True,False,False,,2025-07
3300300,Witches' Hand,2025-07-30,2025-07-30,2025-07-30,False,"[""Wagon Fish""]","[""Wagon Fish""]",False,True,False,False,,2025-07
3323040,Shapefighter,2025-07-30,2025-07-30,2025-07-30,False,"[""oatware""]","[""oatware""]",False,True,False,True,,2025-07
3327640,hololive Holo's Hanafuda,2025-07-30,2025-07-30,2025-07-30,False,"[""Gemdrops, Inc.""]","[""Gemdrops, Inc.""]",False,True,False,False,,2025-07
3442720,Tilebound,2025-07-30,2025-07-30,2025-07-30,False,"[""Squidlegs""]","[""Squidlegs""]",False,True,False,False,,2025-07
3446920,Mecharashi,2025-07-30,2025-07-30,2025-07-30,False,"[""BlackJack Studio""]","[""HK TEN TREE LIMITED""]",True,True,False,False,,2025-07
3477080,Tree Kingdoms,2025-07-30,2025-07-30,2025-07-30,False,"[""Biscuit Factory Games""]","[""Biscuit Factory Games""]",False,True,False,False,,2025-07
3568460,MustScream,2025-07-30,2025-07-30,2025-07-30,False,"[""YonGame""]","[""YonGame""]",False,True,False,False,,2025-07
3577080,Aokigahara :The death forest,2025-07-30,2025-07-30,2025-07-30,False,"[""DVGamix""]","[""DVGamix""]",True,True,False,False,,2025-07
3681060,Fireside Friends,2025-07-30,2025-07-30,2025-07-30,False,"[""KODgames""]","[""KODgames""]",False,True,False,False,,2025-07
3769130,Keep on Mining!,2025-07-30,2025-07-30,2025-07-30,False,"[""EagleEye Games""]","[""EagleEye Games""]",False,True,False,False,,2025-07
3813260,连杀地牢（Dungeon Killing）,2025-07-30,2025-07-30,2025-07-30,False,"[""HuAngLiii GAME""]","[""HuAngLiii GAME""]",False,True,False,False,,2025-07
3817720,Genki Break!,2025-07-30,2025-07-30,2025-07-30,False,"[""SteamyDev""]","[""SteamyDev""]",False,True,False,False,,2025-07
3832240,Draugar,2025-07-30,2025-07-30,2025-07-30,False,"[""Thule Interactive""]","[""Thule Interactive""]",False,True,False,False,,2025-07
3832630,Wheelchair Wizards,2025-07-30,2025-07-30,2025-07-30,False,"[""chromatophore games""]","[""chromatophore games""]",True,True,True,False,,2025-07
3835530,Fenrir Banquet,2025-07-30,2025-07-30,2025-07-30,False,"[""BoreBorekick""]","[""BoreBorekick""]",False,True,False,False,,2025-07
3868390,Chop It Down,2025-07-30,2025-07-30,2025-07-30,False,"[""DreamlessHero""]","[""DreamlessHero""]",False,True,False,False,,2025-07
3872880,Domino！,2025-07-30,2025-07-30,2025-07-30,False,"[""Resonancore Games""]","[""Resonancore Games""]",False,True,False,False,,2025-07
1308940,Misc. A Tiny Tale,2025-07-31,2025-07-31,2025-07-31,False,"[""Tinyware Games""]","[""Tinyware Games""]",False,True,False,False,,2025-07
1599420,Rusty Rangers,2025-07-31,2025-07-31,2025-07-31,False,"[""Fantastica!""]","[""Fantastica!""]",False,True,False,False,,2025-07
1715860,Fight.EXE,2025-07-31,2025-07-31,2025-07-31,False,"[""SolidValentine""]","[""SolidValentine""]",False,True,False,False,,2025-07
2228490,Atomic Owl,2025-07-31,2025-07-31,2025-07-31,False,"[""Monster Theater""]","[""Eastasiasoft Limited"",""Monster Theater""]",False,True,False,True,,2025-07
2347080,Frosthaven,2025-07-31,2025-07-31,2025-07-31,False,"[""Snapshot Games Inc.""]","[""Arc Games""]",False,True,False,False,,2025-07
2780990,Paradigm Island,2025-07-31,2025-07-31,2025-07-31,False,"[""End-all Entertainment""]","[""End-all Entertainment""]",False,True,False,True,,2025-07
2836300,3D Skills Start Here,2025-07-31,2025-07-31,2025-07-31,False,"[""Dave Mills""]","[""XRIO""]",False,True,False,False,,2025-07
2873860,Sudoku Acres,2025-07-31,2025-07-31,2025-07-31,False,"[""ghilliebyte""]","[""ghilliebyte""]",False,True,False,False,,2025-07
2923120,Star's Peaces: Memorial Edition,2025-07-31,2025-07-31,2025-07-31,False,"[""Heisei High School Game Creation Club""]","[""YOX-Project""]",False,True,False,False,,2025-07
3085200,MOTTAINAI GHOST,2025-07-31,2025-07-31,2025-07-31,False,"[""woof Inc."",""sewohayami""]","[""woof Inc.""]",False,True,True,False,,2025-07
3279170,Moon Carrier,2025-07-31,2025-07-31,2025-07-31,False,"[""UNPREDICTABLE GAMES""]","[""UNPREDICTABLE GAMES""]",False,True,True,False,,2025-07
3317620,Clan Duramont,2025-07-31,2025-07-31,2025-07-31,False,"[""Valkyria Games""]","[""Valkyria Games""]",False,True,False,False,,2025-07
3329260,Chemical Plant Worker Simulator,2025-07-31,2025-07-31,2025-07-31,False,"[""New Done Dine""]","[""New Done Dine""]",False,True,False,False,,2025-07
3415530,Ballardo: Roguelike Billiards,2025-07-31,2025-07-31,2025-07-31,False,"[""Nue Games""]","[""Nue Games"",""ATOM""]",False,True,False,False,,2025-07
3494790,Radio Ghosts,2025-07-31,2025-07-31,2025-07-31,False,"[""B.J. Best""]","[""B.J. Best"",""Butlersnake Games""]",False,True,False,False,,2025-07
3604800,Whimsical Artefacts,2025-07-31,2025-07-31,2025-07-31,False,"[""Nick Reinche""]","[""PRO//CYON""]",True,True,False,False,,2025-07
3681760,Astral Takers,2025-07-31,2025-07-31,2025-07-31,False,"[""VANGUARD""]","[""KEMCO""]",False,True,False,False,,2025-07
3690420,"Dreaming in Cherry Blossoms, I Fall in Love with You",2025-07-31,2025-07-31,2025-07-31,False,"[""OPERAHOUSE"",""NBOXGAMES.INC"",""Bigtail Village""]","[""OPERAHOUSE""]",False,True,False,False,,2025-07
3761810,ミガカミカガミ -reviver-,2025-07-31,2025-07-31,2025-07-31,False,"[""Rim""]","[""Rim""]",True,True,False,False,,2025-07
3775390,The Ruin Wanderer,2025-07-31,2025-07-31,2025-07-31,False,"[""Hedgefield""]","[""Hedgefield""]",False,True,False,False,,2025-07
3838900,Prism,2025-07-31,2025-07-31,2025-07-31,False,"[""SplitCriteria""]","[""SplitCriteria""]",False,True,False,False,,2025-07
3842380,漂流、のち、座礁,2025-07-31,2025-07-31,2025-07-31,False,"[""Ituki Ebina""]","[""Ituki Ebina""]",False,True,False,False,,2025-07
3846760,Protest Simulator,2025-07-31,2025-07-31,2025-07-31,False,"[""Yalintech""]","[""Yalintech""]",False,True,True,False,,2025-07
3852930,Fishplay,2025-07-31,2025-07-31,2025-07-31,False,"[""Ligensoft Inc.""]","[""Ligensoft Inc.""]",False,True,False,False,,2025-07
3857180,Neo - The Rainbow Sorcerer,2025-07-31,2025-07-31,2025-07-31,False,"[""Wonjae Oh""]","[""hydroxidestudios""]",True,True,True,False,,2025-07
3868480,The Inconvenient Platformer,2025-07-31,2025-07-31,2025-07-31,False,"[""Ethan Orcutt""]","[""Ethan Orcutt""]",False,True,False,False,,2025-07
3876700,Quarter Five,2025-07-31,2025-07-31,2025-07-31,False,"[""Nekomata Games LLC""]","[""Nekomata Games LLC""]",False,True,False,False,,2025-07
3886520,Knightica: Prologue,2025-07-31,2025-07-31,2025-07-31,False,"["" Mad Mango Games""]","[""Goblinz Publishing"",""WR game""]",True,True,False,False,,2025-07
1639710,SquareMan-Boy,2025-08-01,2025-08-01,2025-08-01,False,"[""Team Jape""]","[""Team Jape""]",False,True,True,True,,2025-08
2484630,无尽的冒险,2025-08-01,2025-08-01,2025-08-01,False,"["" 水月suigetsu""]","["" 水月suigetsu""]",False,True,False,False,,2025-08
3113650,Sheep Seeker,2025-08-01,2025-08-01,2025-08-01,False,"[""Isaac MENARD"",""Luna GARCIN"",""Alexander KIRK"",""Séverin RICHARD"",""Matthieu FARROW"",""François HANUS"",""Quentin EUNG"",""Mattéo GLAIRON-MONDET"",""Lucas RENARD"",""Céline TRUONG""]","[""Isaac MENARD""]",False,True,False,False,,2025-08
3167280,Ikarus Parkour,2025-08-01,2025-08-01,2025-08-01,False,"[""Vanja Aleksić""]","[""Vanja Aleksić""]",False,True,False,False,,2025-08
3223470,Conquero : Rise or Kneel,2025-08-01,2025-08-01,2025-08-01,False,"[""Tugrul Kavasgil""]","[""Tugrul Kavasgil""]",False,True,False,False,,2025-08
3355830,Hydro,2025-08-01,2025-08-01,2025-08-01,False,"[""Harman Motor Works""]","[""Harman Motor Works""]",False,True,False,False,,2025-08
3370100,我的同事不对劲,2025-08-01,2025-08-01,2025-08-01,False,"[""11J Studio""]","[""11J Studio""]",False,True,False,False,,2025-08
3387420,Pokettohiro,2025-08-01,2025-08-01,2025-08-01,False,"[""David Marin""]","[""Ratalaika Games S.L."",""Shinyuden""]",False,True,False,False,,2025-08
3415340,Ox & Horse Work in Hell,2025-08-01,2025-08-01,2025-08-01,False,"[""Chair Game Studio""]","[""Chair Game Studio""]",False,True,False,False,,2025-08
3435950,Dead Cat Bounce,2025-08-01,2025-08-01,2025-08-01,False,"[""Sesame""]","[""PsychoFlux Entertainment""]",False,True,False,False,,2025-08
3453330,Cult Leader Simulator,2025-08-01,2025-08-01,2025-08-01,False,"[""Nhneno""]","[""Nhneno""]",False,True,False,False,,2025-08
3481920,One Hard Game Please!,2025-08-01,2025-08-01,2025-08-01,False,"[""RealGrum4799""]","[""RealGrum4799""]",False,True,False,False,,2025-08
3531960,Liese in the City of Trials,2025-08-01,2025-08-01,2025-08-01,False,"[""Mofuya""]","[""Kagura Games""]",False,True,False,False,,2025-08
3622180,Coincremental,2025-08-01,2025-08-01,2025-08-01,False,"[""Fractal Forge Gaming""]","[""Fractal Forge Gaming""]",False,True,False,False,,2025-08
3642900,jUMp!,2025-08-01,2025-08-01,2025-08-01,False,"[""KIMGANGHYEON""]","[""KIMGANGHYEON""]",False,True,False,False,,2025-08
3666180,Solitaire of Stygian Shadows,2025-08-01,2025-08-01,2025-08-01,False,"[""Māris Ozols""]","[""Māris Ozols""]",False,True,False,False,,2025-08
3667850,Silk Roads II: Paths of Fortune,2025-08-01,2025-08-01,2025-08-01,False,"[""Priory Games""]","[""Priory Games""]",False,True,True,True,,2025-08
3672250,FloorBreaker,2025-08-01,2025-08-01,2025-08-01,False,"[""PotGames""]","[""PotGames""]",False,True,False,False,,2025-08
3721180,Dress-Up With Helene: Deluxe!,2025-08-01,2025-08-01,2025-08-01,False,"[""JamoART"",""FedoraGibbles""]","[""JamoART""]",True,True,False,False,,2025-08
3742110,Dustoria,2025-08-01,2025-08-01,2025-08-01,False,"[""Voxel Bytes""]","[""Voxel Bytes""]",False,True,True,True,,2025-08
3757740,Tag! You're Dead,2025-08-01,2025-08-01,2025-08-01,False,"[""ItsRave_n""]","[""FOUND TV""]",True,True,False,False,,2025-08
3769520,Spores of Fortune,2025-08-01,2025-08-01,2025-08-01,False,"[""Anna-Lena Jacobs"",""Klaudia M. Krasinski"",""Leon Essig"",""Samuel Hunt"",""Sarthak  Taunk"",""Sontje Mrosla""]","[""Hochschule Darmstadt""]",True,True,False,False,,2025-08
3784130,New Lands 4: Legends of Tenkai,2025-08-01,2025-08-01,2025-08-01,False,"[""8floor ltd""]","[""8floor ltd""]",False,True,False,False,,2025-08
3788860,Cursed Digilens,2025-08-01,2025-08-01,2025-08-01,False,"[""Markus Korda""]","[""Markus Korda""]",False,True,False,False,,2025-08
3831510,Five Nights At Stickman,2025-08-01,2025-08-01,2025-08-01,False,"[""Phantomahawk""]","[""Relevation Studios""]",False,True,True,True,,2025-08
3848570,Supermarket Billionaire,2025-08-01,2025-08-01,2025-08-01,False,"[""Eracu Studios""]","[""Eracu Studios""]",True,True,True,True,,2025-08
3865970,Mad Birds,2025-08-01,2025-08-01,2025-08-01,False,"[""Andrei Chakhovich""]","[""Anch Dev""]",False,True,False,False,,2025-08
3871740,Behind You,2025-08-01,2025-08-01,2025-08-01,False,"[""Pavel Bykau""]","[""Piwell Games""]",True,True,False,False,,2025-08
3874920,Keyboard Quest,2025-08-01,2025-08-01,2025-08-01,False,"[""Resonance Games""]","[""Resonance Games""]",True,True,False,False,,2025-08
3884580,Reflections of Life: In Screams and Sorrow Collector's Edition,2025-08-01,2025-08-01,2025-08-01,False,"[""GrandMa Studios""]","[""BFG Entertainment""]",False,True,True,False,,2025-08
3220180,Vestigia: Joust,2025-08-02,2025-08-02,2025-08-02,False,"[""Vestigia""]","[""Vestigia""]",False,True,False,False,,2025-08
3446250,Aslimelate,2025-08-02,2025-08-02,2025-08-02,False,"[""Spazm""]","[""Spazm""]",False,True,False,False,,2025-08
3876870,Fear of Energy,2025-08-02,2025-08-02,2025-08-02,False,"[""Elistring Studio""]","[""Elistring Studio""]",False,True,False,False,,2025-08
3406090,a Difficult game about Wheelchair,2025-08-03,2025-08-03,2025-08-03,False,"[""SATEKI GAMES""]","[""SATEKI GAMES""]",False,True,False,False,,2025-08
3761040,RoboDoc Jr,2025-08-03,2025-08-03,2025-08-03,False,"[""Marion Surgical""]","[""Marion Surgical Inc""]",False,True,False,False,,2025-08
3801180,Fengshui Chess,2025-08-03,2025-08-03,2025-08-03,False,"[""吴小白""]","[""吴小白""]",False,True,True,False,,2025-08
3844040,Bank,2025-08-03,2025-08-03,2025-08-03,False,"[""Bank-NuMo9""]","[""Bank-NuMo9""]",False,True,False,True,,2025-08
3848510,Clean Minesweeper,2025-08-03,2025-08-03,2025-08-03,False,"[""KingRaven""]","[""KingRaven""]",False,True,False,False,,2025-08
3876460,Sign Off,2025-08-03,2025-08-03,2025-08-03,False,"[""Mark McManmon""]","[""Mark McManmon""]",True,True,False,False,,2025-08
3877580,Lakeside Has No Lake!!,2025-08-03,2025-08-03,2025-08-03,False,"[""FzzyBzzy""]","[""FzzyBzzy""]",False,True,False,False,,2025-08
2022230,Yomi 2,2025-08-04,2025-08-04,2025-08-04,False,"[""Sirlin Games""]","[""Sirlin Games"",""Hawthorn Games""]",False,True,True,True,,2025-08
2908050,Catto's Post Office,2025-08-04,2025-08-04,2025-08-04,False,"[""In Shambles Studio""]","[""In Shambles Studio""]",False,True,False,False,,2025-08
2955840,Kitchen Wars,2025-08-04,2025-08-04,2025-08-04,False,"[""Silent Owl""]","[""Perfect Gen"",""GrabTheGames"",""NewGen""]",False,True,False,False,,2025-08
3070650,群島物語 - 實習鍊金術士的 90 天之旅,2025-08-04,2025-08-04,2025-08-04,False,"[""矓矓矓"",""耶黑XDD""]","[""矓矓矓"",""耶黑XDD"",""RMAsia""]",False,True,False,False,,2025-08
3348910,Bee Simulator: The Hive,2025-08-04,2025-08-04,2025-08-04,False,"[""VARSAV Game Studios""]","[""Untold Tales"",""VARSAV Game Studios""]",False,True,False,False,,2025-08
3535110,HEXA-WORLD-3D,2025-08-04,2025-08-04,2025-08-04,False,"[""Hell games""]","[""Hell games""]",False,True,False,False,,2025-08
3605550,Potato Cop,2025-08-04,2025-08-04,2025-08-04,False,"[""TossedBloom Studio""]","[""TossedBloom Studio""]",False,True,False,False,,2025-08
3823490,Speedway Club Manager 25,2025-08-04,2025-08-04,2025-08-04,False,"[""Marcin Dopierała"",""Paweł Krzemiński""]","[""Speedway Club Manager""]",False,True,False,False,,2025-08
3846410,Protocol Aegirum,2025-08-04,2025-08-04,2025-08-04,False,"[""Nacho Riquelme""]","[""Nacho Riquelme""]",False,True,False,False,,2025-08
3869380,Agu,2025-08-04,2025-08-04,2025-08-04,False,"[""Wendley Felipe""]","[""Seriguela Cosmica""]",False,True,False,False,,2025-08
3877150,Pixelo,2025-08-04,2025-08-04,2025-08-04,False,"[""ggame""]","[""ggame""]",False,True,False,False,,2025-08
3877280,Moxie,2025-08-04,2025-08-04,2025-08-04,False,"[""ggame""]","[""ggame""]",False,True,False,False,,2025-08
3882570,Skeleton Dungeon,2025-08-04,2025-08-04,2025-08-04,False,"[""Team Gar""]","[""Team Gar""]",False,True,False,False,,2025-08
3892750,interstellar flight,2025-08-04,2025-08-04,2025-08-04,False,"[""程进""]","[""程进""]",False,True,False,False,,2025-08
3922760,Claws of the Forest,2025-08-04,2025-08-04,2025-08-04,False,"[""VisualNovelGames""]","[""VisualNovelGames""]",False,True,True,True,,2025-08
2012510,Stormgate,2025-08-05,2025-08-05,2025-08-05,False,"[""Frost Giant Studios""]","[""Frost Giant Studios""]",True,True,False,False,,2025-08
2495610,Elven Rivers 6: Guardians of Hope Collector's Edition,2025-08-05,2025-08-05,2025-08-05,False,"[""BigCityLab""]","[""8floor ltd""]",False,True,False,False,,2025-08
2495630,Myth Finders,2025-08-05,2025-08-05,2025-08-05,False,"[""8floor ltd""]","[""8floor ltd""]",False,True,False,False,,2025-08
2722610,Grand Emprise 2: Portals Apart,2025-08-05,2025-08-05,2025-08-05,False,"[""Tbjbu2""]","[""Tbjbu2"",""GrabTheGames""]",False,True,False,False,,2025-08
2957700,Sensei! I Like You So Much!,2025-08-05,2025-08-05,2025-08-05,False,"[""LaoO Studio (Shanghai Ou Ou Xi Network Technology Co. LTD）""]","[""Erabit"",""Infini Fun""]",False,True,False,False,,2025-08
3137000,Planet Strike,2025-08-05,2025-08-05,2025-08-05,False,"[""DanboruStudio""]","[""DanboruStudio""]",False,True,False,False,,2025-08
3226740,Beastly Tactics: Rock Paper Scissors,2025-08-05,2025-08-05,2025-08-05,False,"[""Fire Toast""]","[""Fire Toast""]",False,True,False,False,,2025-08
3629080,Sizzle & Stack,2025-08-05,2025-08-05,2025-08-05,False,"[""Arvis Games""]","[""Arvis Games"",""Gamersky Games""]",False,True,True,False,,2025-08
3653870,ANTYAVAN,2025-08-05,2025-08-05,2025-08-05,False,"[""Priyansh JS Yadav""]","[""Priyansh JS Yadav""]",False,True,False,False,,2025-08
3664250,AstroPlanet,2025-08-05,2025-08-05,2025-08-05,False,"[""VIVA""]","[""VIVA""]",False,True,False,False,,2025-08
3846020,Egg Finder,2025-08-05,2025-08-05,2025-08-05,False,"[""Allison Disley""]","[""Allison Disley""]",False,True,False,False,,2025-08
3880670,XD CLICKER,2025-08-05,2025-08-05,2025-08-05,False,"[""Zapt5454""]","[""Zapt5454""]",False,True,False,False,,2025-08
3890660,Rachel's Journal,2025-08-05,2025-08-05,2025-08-05,False,"[""Moose Byte Games""]","[""Moose Byte Games""]",False,True,True,True,,2025-08
3891810,BrainRot Battle,2025-08-05,2025-08-05,2025-08-05,False,"[""Tykanoid Games""]","[""Tykanoid Games""]",False,True,False,False,,2025-08
3895180,Azaran: The Demon Bottle,2025-08-05,2025-08-05,2025-08-05,False,"[""Benji""]","[""Benji""]",False,True,False,True,,2025-08
2810550,PAGER,2025-08-06,2025-08-06,2025-08-06,False,"[""bilge""]","[""bilge""]",False,True,False,False,,2025-08
2933210,The Herd,2025-08-06,2025-08-06,2025-08-06,False,"[""Levelhead Interactive""]","[""Levelhead Interactive""]",False,True,False,False,,2025-08
3360320,Silent Signals,2025-08-06,2025-08-06,2025-08-06,False,"[""Vezir Games""]","[""Vezir Games""]",False,True,False,False,,2025-08
3520580,Sheep for the Stars,2025-08-06,2025-08-06,2025-08-06,False,"[""Ace High Arcade""]","[""Ace High Arcade""]",False,True,False,False,,2025-08
3552970,We Don't Cry: Zombie Survival,2025-08-06,2025-08-06,2025-08-06,False,"[""Bored Alchemist""]","[""DAHR INC""]",False,True,False,False,,2025-08
3837300,Against Tribulation,2025-08-06,2025-08-06,2025-08-06,False,"[""wooviet""]","[""wooviet""]",False,True,False,False,,2025-08
3863220,Hypercore,2025-08-06,2025-08-06,2025-08-06,False,"[""Hyperforg""]","[""WILD FROG STUDIOS""]",False,True,True,False,,2025-08
1201700,Warnament,2025-08-07,2025-08-07,2025-08-07,False,"[""Luden.io""]","[""Luden.io""]",False,True,True,True,,2025-08
1864000,Artis Impact,2025-08-07,2025-08-07,2025-08-07,False,"[""Mas""]","[""Feuxon""]",False,True,False,False,,2025-08
2221390,Damned 2,2025-08-07,2025-08-07,2025-08-07,False,"[""9heads Game Studios""]","[""Nuntius Games""]",False,True,False,False,,2025-08
2538520,Double Date - Yuri Visual Novel,2025-08-07,2025-08-07,2025-08-07,False,"[""Quill Yuri""]","[""Quill Yuri""]",False,True,False,True,,2025-08
2825390,My Adventure Book,2025-08-07,2025-08-07,2025-08-07,False,"[""Kaser Studio""]","[""Kaser Studio""]",True,True,False,False,,2025-08
2826670,Melting Encyclopedia,2025-08-07,2025-08-07,2025-08-07,False,"[""Ivanka Wolpman""]","[""GATTACACA""]",False,True,False,False,,2025-08
2886700,Star Scum,2025-08-07,2025-08-07,2025-08-07,False,"[""Soft Realm""]","[""Soft Realm""]",False,True,True,True,,2025-08
2915660,Pennon and Battle,2025-08-07,2025-08-07,2025-08-07,False,"[""PB Studio""]","[""Luckycalf""]",False,True,False,False,,2025-08
3044220,Liminal Exit,2025-08-07,2025-08-07,2025-08-07,False,"[""LittleRedDread""]","[""LittleRedDread""]",False,True,False,False,,2025-08
3214790,Shards of the Realm,2025-08-07,2025-08-07,2025-08-07,False,"[""Yevhen Rebrakov""]","[""Yevhen Rebrakov""]",False,True,False,False,,2025-08
3445800,FISHTOPIA,2025-08-07,2025-08-07,2025-08-07,False,"[""BountyGames""]","[""BountyGames""]",False,True,False,False,,2025-08
3540830,Novice in the world,2025-08-07,2025-08-07,2025-08-07,False,"[""cainiaochuangjianghu""]","[""cainiaochuangjianghu""]",True,True,False,False,,2025-08
3606830,Life in The Janitor's Room with A JK Girl,2025-08-07,2025-08-07,2025-08-07,False,"[""キラ☆タマ""]","[""072 Project"",""072 News""]",False,True,False,False,,2025-08
3652330,The Attack on Egg Harbor,2025-08-07,2025-08-07,2025-08-07,False,"[""TigerQiuQiu""]","[""TigerQiuQiu""]",False,True,False,False,,2025-08
3675290,Crystal Gaiden Origins,2025-08-07,2025-08-07,2025-08-07,False,"[""Onipunks""]","[""Onipunks""]",False,True,True,False,,2025-08
3683710,限界シェフ,2025-08-07,2025-08-07,2025-08-07,False,"[""OCG FCGD Division""]","[""株式会社ワンコネクト""]",False,True,False,False,,2025-08
3807550,Mycopsychosys: Remastered,2025-08-07,2025-08-07,2025-08-07,False,"[""DeltaCat Studio ""]","[""DeltaCat Studio""]",False,True,False,False,,2025-08
3835170,Kimchi: A Stars in the Trash Story,2025-08-07,2025-08-07,2025-08-07,False,"[""Valhalla Cats""]","[""Valhalla Cats"",""IndieArk""]",True,True,False,False,,2025-08
3859300,Dancing with Shadows: Prologue,2025-08-07,2025-08-07,2025-08-07,False,"[""Glass Umbrella Inc.""]","[""Glass Umbrella Inc.""]",True,True,False,False,,2025-08
3864070,Sea Hotel : Fish Scales,2025-08-07,2025-08-07,2025-08-07,False,"[""LionHead""]","[""LionHead""]",False,True,False,False,,2025-08
3872900,Vintage Pinball,2025-08-07,2025-08-07,2025-08-07,False,"[""UpGround""]","[""UpGround""]",False,True,False,False,,2025-08
3882560,ShellPieces,2025-08-07,2025-08-07,2025-08-07,False,"[""NoWords""]","[""NoWords""]",False,True,False,False,,2025-08
3883760,Stretcher Together,2025-08-07,2025-08-07,2025-08-07,False,"[""Goosix Games""]","[""Goosix Games""]",False,True,False,False,,2025-08
3885750,Sudoku-X,2025-08-07,2025-08-07,2025-08-07,False,"[""ggame""]","[""ggame""]",False,True,False,False,,2025-08
3885800,Sudoku-9,2025-08-07,2025-08-07,2025-08-07,False,"[""ggame""]","[""ggame""]",False,True,False,False,,2025-08
3890210,Bandits vs Lords: Epic Clash,2025-08-07,2025-08-07,2025-08-07,False,"[""Salomo Interiors SL""]","[""Salomo Interiors SL""]",True,True,False,False,,2025-08
3892140,Sudoku-Zen,2025-08-07,2025-08-07,2025-08-07,False,"[""walkgame""]","[""walkgame""]",False,True,False,False,,2025-08
2081880,Kathana,2025-08-08,2025-08-08,2025-08-08,False,"[""Gameolic Development Studio""]","[""Gameolic Development Studio""]",True,True,True,True,,2025-08
2440940,JUMPING JUMP NINJA,2025-08-08,2025-08-08,2025-08-08,False,"[""TeamZ.co.,Ltd""]","[""TeamZ.co.,Ltd""]",False,True,False,False,,2025-08
2495640,World Wonders Hidden Histories 3,2025-08-08,2025-08-08,2025-08-08,False,"[""8floor ltd""]","[""8floor ltd""]",False,True,False,False,,2025-08
2549240,Toree Saturn,2025-08-08,2025-08-08,2025-08-08,False,"[""Siactro""]","[""Siactro""]",False,True,False,False,,2025-08
2771910,PANZERKAMPF®,2025-08-08,2025-08-08,2025-08-08,False,"[""Krieg Games Ltd.""]","[""Krieg Games Ltd.""]",True,True,False,False,,2025-08
3256840,Odyssey to the Frozen Legion,2025-08-08,2025-08-08,2025-08-08,False,"[""Metal Grapes""]","[""Metal Grapes""]",False,True,False,False,,2025-08
3435920,Echoes of Forgotten Dreams,2025-08-08,2025-08-08,2025-08-08,False,"[""Nomary"",""Sesame""]","[""PsychoFlux Entertainment""]",False,True,False,False,,2025-08
3456810,Frame Machina - OcularZero,2025-08-08,2025-08-08,2025-08-08,False,"[""Demigrz""]","[""Demigrz""]",False,True,False,False,,2025-08
3470170,Queens Casino,2025-08-08,2025-08-08,2025-08-08,False,"[""sartahouse""]","[""OTAKU Plan"",""NEWS""]",False,True,False,False,,2025-08
3639500,Dead by Backrooms Anomaly,2025-08-08,2025-08-08,2025-08-08,False,"[""DarkRook Interactive""]","[""DarkRook Interactive""]",False,True,False,False,,2025-08
3652630,Bobbies Evolution,2025-08-08,2025-08-08,2025-08-08,False,"[""BeverseStudio""]","[""BeverseStudio""]",False,True,False,False,,2025-08
3793120,Side Hustle City,2025-08-08,2025-08-08,2025-08-08,False,"[""Kian Productions""]","[""Kian Productions""]",False,True,False,False,,2025-08
3809220,W.A.PU Space Orderty,2025-08-08,2025-08-08,2025-08-08,False,"[""Lil Wild Studio""]","[""Lil Wild Studio""]",False,True,False,False,,2025-08
3815050,RESTORER,2025-08-08,2025-08-08,2025-08-08,False,"[""Beshbarmak games""]","[""Beshbarmak games""]",False,True,False,False,,2025-08
3837080,Lightcore Guardians,2025-08-08,2025-08-08,2025-08-08,False,"[""Jampot Games""]","[""Jampot Games""]",False,True,False,False,,2025-08
3848150,Habanero,2025-08-08,2025-08-08,2025-08-08,False,"[""icopad""]","[""icopad""]",False,True,True,False,,2025-08
3849090,The Mind Snare,2025-08-08,2025-08-08,2025-08-08,False,"[""wanderson_ods""]","[""GAMES ODS""]",False,True,False,False,,2025-08
3855000,Re:Call,2025-08-08,2025-08-08,2025-08-08,False,"[""Re:Start""]","[""Re:Start""]",False,True,False,True,,2025-08
3863990,FOREST SURVIVAL,2025-08-08,2025-08-08,2025-08-08,False,"[""友茘ゲームズ""]","[""友茘ゲームズ""]",False,True,False,False,,2025-08
3883840,Operation Dimera,2025-08-08,2025-08-08,2025-08-08,False,"[""SupKai""]","[""SupKai""]",False,True,False,False,,2025-08
3886860,Suika Sprunki Edition,2025-08-08,2025-08-08,2025-08-08,False,"[""Xenon Bloom""]","[""Xenon Bloom""]",False,True,False,False,,2025-08
3894150,VeryVeryHouse,2025-08-08,2025-08-08,2025-08-08,False,"[""LuuuLuuuL""]","[""LuuuLuuuL""]",False,True,False,False,,2025-08
1623120,Chaos on Wheels,2025-08-09,2025-08-09,2025-08-09,False,"[""Acodeon Development""]","[""Acodeon""]",False,True,False,False,,2025-08
2925970,The Unholy Priest,2025-08-09,2025-08-09,2025-08-09,False,"[""Grejuva""]","[""Grejuva""]",False,True,False,False,,2025-08
3164400,Cats go! : Tactical Defense Braw,2025-08-09,2025-08-09,2025-08-09,False,"[""Minimum Studio Corp.""]","[""Minimum Studio Corp.""]",False,True,True,True,,2025-08
3467310,BBQ Master,2025-08-09,2025-08-09,2025-08-09,False,"[""Ancient""]","[""Ancient""]",False,True,False,False,,2025-08
3828800,City-Defence,2025-08-09,2025-08-09,2025-08-09,False,"[""Earflap Hat Entertainment""]","[""Earflap Hat Entertainment""]",False,True,False,False,,2025-08
3003730,Fantasy Clicker,2025-08-10,2025-08-10,2025-08-10,False,"[""Holy Games Studio""]","[""Holy Games Studio""]",False,True,False,False,,2025-08
3094140,Resurrection of Santiago,2025-08-10,2025-08-10,2025-08-10,False,"[""Kaelan Leverington""]","[""Kaelan Leverington""]",True,True,False,False,,2025-08
3513430,DashFire,2025-08-10,2025-08-10,2025-08-10,False,"[""Team DashFire""]","[""Team DashFire""]",True,True,False,False,,2025-08
3603580,Whisker Wanderlust: The Wondrous Journey,2025-08-10,2025-08-10,2025-08-10,False,"[""MEOW STORE GAME""]","[""Gamersky Games"",""MEOW STORE GAME""]",False,True,True,False,,2025-08
3894860,How Your Package Gets Delivered,2025-08-10,2025-08-10,2025-08-10,False,"[""MindPlayPark""]","[""MindPlayPark""]",True,True,False,False,,2025-08
1058710,Monarch : Medieval Remastered,2025-08-11,2025-08-11,2025-08-11,False,"[""Mr.Lordy""]","[""Mr.Lordy""]",False,True,False,False,,2025-08
2784440,Storage Looter,2025-08-11,2025-08-11,2025-08-11,False,"[""Tekila""]","[""Tekila""]",False,True,False,False,,2025-08
3035880,Devil's Drizzle,2025-08-11,2025-08-11,2025-08-11,False,"[""Cozy Creeps Games"",""Filipe Acosta""]","[""ZNT Productions""]",False,True,False,True,,2025-08
3121860,Nocturnal Whispers,2025-08-11,2025-08-11,2025-08-11,False,"[""FMV Interactive""]","[""FMV Interactive""]",False,True,False,False,,2025-08
3181260,Catolonizer,2025-08-11,2025-08-11,2025-08-11,False,"[""Alin Games""]","[""Alin Games""]",False,True,False,False,,2025-08
3361760,Metabrawl,2025-08-11,2025-08-11,2025-08-11,False,"[""TNT Studio""]","[""TNT Studio""]",True,True,False,False,,2025-08
3370050,Bam Bam Boom,2025-08-11,2025-08-11,2025-08-11,False,"[""Oh Baby Games""]","[""Oh Baby Games""]",True,True,False,False,,2025-08
3461520,Egg Chicken Farm,2025-08-11,2025-08-11,2025-08-11,False,"[""慢慢虫 LazyWorm""]","[""慢慢虫 LazyWorm""]",False,True,False,False,,2025-08
3473840,The Light and the Shadow,2025-08-11,2025-08-11,2025-08-11,False,"[""EnrolaDev""]","[""EnrolaDev""]",False,True,False,False,,2025-08
3475490,Sinoda,2025-08-11,2025-08-11,2025-08-11,False,"[""Maple Bay""]","[""Maple Bay""]",False,True,True,False,,2025-08
3729770,The Wind and the Wisp,2025-08-11,2025-08-11,2025-08-11,False,"[""Lil Buddy Productions""]","[""USC Games""]",True,True,True,False,,2025-08
3733620,Relaxing Farm: Merge Tales,2025-08-11,2025-08-11,2025-08-11,False,"[""LeeT Game""]","[""LeeT Game""]",False,True,False,False,,2025-08
3778770,Ignis Dei,2025-08-11,2025-08-11,2025-08-11,False,"[""Jam Bell Games""]","[""Jam Bell Games""]",True,True,False,False,,2025-08
3788740,Dino Explore,2025-08-11,2025-08-11,2025-08-11,False,"[""Simon Nordlöw""]","[""Simon Nordlöw""]",False,True,False,False,,2025-08
3826460,Looking For Waifu,2025-08-11,2025-08-11,2025-08-11,False,"[""UnemployedGuyGames""]","[""UnemployedGuyGames""]",False,True,False,False,,2025-08
3869160,Info Fighter,2025-08-11,2025-08-11,2025-08-11,False,"[""Paulean""]","[""Paulean""]",False,True,False,False,,2025-08
3878490,Santas Little Helper,2025-08-11,2025-08-11,2025-08-11,False,"[""Keyjoker Games""]","[""Keyjoker Games""]",False,True,False,False,,2025-08
3885160,Drunk But Not Wasted Knight,2025-08-11,2025-08-11,2025-08-11,False,"[""BRB Drama""]","[""BRB Drama""]",False,True,True,False,,2025-08
3891850,Fate of Gun,2025-08-11,2025-08-11,2025-08-11,False,"[""chunchun""]","[""bobo""]",True,True,False,False,,2025-08
3897330,College Baseball: Dynasty Builder,2025-08-11,2025-08-11,2025-08-11,False,"[""Rainey Studios""]","[""Rainey Studios""]",False,True,False,False,,2025-08
3897850,Hyperspace Hub Manager,2025-08-11,2025-08-11,2025-08-11,False,"[""Uncanny Mercantile""]","[""Uncanny Mercantile""]",False,True,False,False,,2025-08
3901990,Apoclone,2025-08-11,2025-08-11,2025-08-11,False,"[""R2 Games""]","[""R2 Games""]",True,True,False,False,,2025-08
3903620,Just Another Night,2025-08-11,2025-08-11,2025-08-11,False,"[""Room13Games""]","[""Room13Games""]",False,True,False,False,,2025-08
3904800,Pirate Guy,2025-08-11,2025-08-11,2025-08-11,False,"[""Cow Games""]","[""Cow Games""]",False,True,False,False,,2025-08
1951060,Fantasy Zoo,2025-08-12,2025-08-12,2025-08-12,False,"[""Major Parus Games""]","[""Major Parus Games""]",False,True,False,False,,2025-08
3067620,CROW,2025-08-12,2025-08-12,2025-08-12,False,"[""Uniday Studio""]","[""Uniday Studio""]",False,True,False,False,,2025-08
3362660,World War Z VR,2025-08-12,2025-08-12,2025-08-12,False,"[""Saber Interactive Inc.""]","[""Saber Interactive Inc.""]",False,True,False,False,,2025-08
3576060,Project Origin,2025-08-12,2025-08-12,2025-08-12,False,"[""Rouge Studio""]","[""Rouge Studio""]",True,True,True,False,,2025-08
3653300,Up To Divine,2025-08-12,2025-08-12,2025-08-12,False,"[""GHSPG""]","[""GHSPG""]",False,True,False,False,,2025-08
3755360,Keep 'Em Out!,2025-08-12,2025-08-12,2025-08-12,False,"[""Warbourne Games""]","[""Warbourne Games""]",True,True,False,False,,2025-08
3802720,Lone Labyrinth,2025-08-12,2025-08-12,2025-08-12,False,"[""Daedalus Studios""]","[""Azure Ravens Entertainment LLC""]",False,True,False,False,,2025-08
3813150,Lone Labyrinth: Burden of the Just,2025-08-12,2025-08-12,2025-08-12,False,"[""Daedalus Studios""]","[""Azure Ravens Entertainment LLC""]",False,True,False,False,,2025-08
3821190,ささゆめしき,2025-08-12,2025-08-12,2025-08-12,False,"[""うにゃネコシアター""]","[""うにゃネコシアター""]",False,True,False,False,,2025-08
3843530,Forgotten Realms: Demon Stone,2025-08-12,2025-08-12,2025-08-12,False,"[""Stormfront Studios""]","[""SNEG""]",False,True,False,False,,2025-08
3861930,Pieces To Find,2025-08-12,2025-08-12,2025-08-12,False,"[""NightTime Co.""]","[""NightTime Co.""]",False,True,False,False,,2025-08
3862700,A Minor Pest Problem,2025-08-12,2025-08-12,2025-08-12,False,"[""SN PixelWorks""]","[""SN PixelWorks""]",False,True,False,False,,2025-08
3880170,Hope - The Game,2025-08-12,2025-08-12,2025-08-12,False,"[""sin3rgystudios""]","[""sin3rgystudios""]",False,True,False,False,,2025-08
2221780,Metavoidal,2025-08-13,2025-08-13,2025-08-13,False,"[""Yellow Lab Games""]","[""Yellow Lab Games""]",False,True,True,False,,2025-08
2701720,Wagotabi: A Japanese Journey,2025-08-13,2025-08-13,2025-08-13,False,"[""Wagotabi Limited""]","[""Wagotabi Limited""]",False,True,True,True,,2025-08
2788430,Alchemy of the Earth,2025-08-13,2025-08-13,2025-08-13,False,"[""Tamalpais Games""]","[""Tamalpais Games""]",False,True,False,False,,2025-08
3025280,swingmania,2025-08-13,2025-08-13,2025-08-13,False,"[""Cat Games""]","[""Cat Games""]",True,True,False,True,,2025-08
3444220,NiuMa,2025-08-13,2025-08-13,2025-08-13,False,"[""Game Star""]","[""Game Star""]",False,True,False,False,,2025-08
3488970,极速营救,2025-08-13,2025-08-13,2025-08-13,False,"[""优映文化"",""想象颗粒""]","[""想象颗粒""]",False,True,False,False,,2025-08
3553260,QuickMaze,2025-08-13,2025-08-13,2025-08-13,False,"[""no tilt""]","[""no tilt""]",False,True,False,False,,2025-08
3686840,Under the Ruin,2025-08-13,2025-08-13,2025-08-13,False,"[""YETS""]","[""YETS""]",False,True,False,False,,2025-08
3686930,TOUQI,2025-08-13,2025-08-13,2025-08-13,False,"[""橙光游戏""]","[""Paleo""]",False,True,False,False,,2025-08
3692260,Booster,2025-08-13,2025-08-13,2025-08-13,False,"[""mar""]","[""mar""]",True,True,False,False,,2025-08
3698050,Remembering Emily - Mystery visual novel,2025-08-13,2025-08-13,2025-08-13,False,"[""Tortita Studio""]","[""Tortita Studio""]",False,True,True,True,,2025-08
3809630,Detecti Meow,2025-08-13,2025-08-13,2025-08-13,False,"[""牢猫工作室""]","[""牢猫工作室""]",False,True,False,False,,2025-08
633080,Relic Hunters Legend,2025-08-14,2025-08-14,2025-08-14,False,"[""Rogue Snail""]","[""Rogue Snail""]",False,True,False,False,,2025-08
2182990,Autumn with the Shiba Inu,2025-08-14,2025-08-14,2025-08-14,False,"[""Quill Game Studios""]","[""Quill Game Studios""]",False,True,False,True,,2025-08
2234150,BACKROOMS: APPREHENSION,2025-08-14,2025-08-14,2025-08-14,False,"[""DMNT Interactive""]","[""DMNT Interactive""]",False,True,False,False,,2025-08
2430170,Hidden Pass,2025-08-14,2025-08-14,2025-08-14,False,"[""GG Interactive"",""GG Studio""]","[""GG Interactive""]",False,True,False,False,,2025-08
2451310,Monster Mop Up,2025-08-14,2025-08-14,2025-08-14,False,"[""Terahard Ltd""]","[""Yogscast Games""]",False,True,False,False,,2025-08
2936470,A Fistful Of Yankees,2025-08-14,2025-08-14,2025-08-14,False,"[""Pulsar Creation""]","[""Pulsar Creation"",""indie.io""]",False,True,False,True,,2025-08
2987110,Necromancer For A Week,2025-08-14,2025-08-14,2025-08-14,False,"[""QuietPenguinGaming""]","[""QuietPenguinGaming""]",False,True,False,False,,2025-08
3126880,Beneath The Six,2025-08-14,2025-08-14,2025-08-14,False,"[""Magicave""]","[""Magicave""]",False,True,True,False,,2025-08
3141310,Inkshade,2025-08-14,2025-08-14,2025-08-14,False,"[""Studio Vezelle""]","[""Studio Vezelle""]",False,True,False,False,,2025-08
3217820,Relictus: Blackout,2025-08-14,2025-08-14,2025-08-14,False,"[""Grostphere Arts""]","[""Grostphere Arts""]",True,True,False,False,,2025-08
3294020,Contra Spem Spero,2025-08-14,2025-08-14,2025-08-14,False,"[""DADZINGO""]","[""DADZINGO""]",False,True,False,True,,2025-08
3374920,Games of the Monarch's Eye,2025-08-14,2025-08-14,2025-08-14,False,"[""Choice of Games""]","[""Choice of Games""]",False,True,True,True,,2025-08
3420690,BLOODKILL: Goreblast Overkill,2025-08-14,2025-08-14,2025-08-14,False,"[""SLAM AWAY GAMES""]","[""SLAM AWAY GAMES""]",False,True,False,False,,2025-08
3458220,Station Master RPG,2025-08-14,2025-08-14,2025-08-14,False,"[""Telegraph Studios""]","[""Telegraph Studios""]",False,True,False,False,,2025-08
3544100,重返大学时代,2025-08-14,2025-08-14,2025-08-14,False,"[""liniu""]","[""liniu""]",False,True,False,False,,2025-08
3556750,"Warhammer 40,000: Dawn of War - Definitive Edition",2025-08-14,2025-08-14,2025-08-14,False,"[""Relic Entertainment""]","[""Relic Entertainment ""]",False,True,False,False,,2025-08
3612060,Idle Land of Exile,2025-08-14,2025-08-14,2025-08-14,False,"[""所以然""]","[""Wise Games""]",False,True,False,False,,2025-08
3633940,microFISHER,2025-08-14,2025-08-14,2025-08-14,False,"[""DreamDeveloper-Studio""]","[""DreamDeveloper-Studio""]",False,True,False,False,,2025-08
3749540,Steampunk Idle Spinner,2025-08-14,2025-08-14,2025-08-14,False,"[""Airapport""]","[""Airapport""]",False,True,True,True,,2025-08
3807790,Vertex,2025-08-14,2025-08-14,2025-08-14,False,"[""Komodor Games""]","[""Komodor Games""]",False,True,False,False,,2025-08
3808890,Holy Carrot Simulator,2025-08-14,2025-08-14,2025-08-14,False,"[""Lunar Code Studio""]","[""Lunar Code Studio""]",False,True,False,False,,2025-08
3819600,Proxima Divide,2025-08-14,2025-08-14,2025-08-14,False,"[""Emberline Studios""]","[""Emberline Studios""]",False,True,False,False,,2025-08
3823150,Bird Like,2025-08-14,2025-08-14,2025-08-14,False,"[""SoftPower""]","[""SoftPower""]",False,True,False,False,,2025-08
3823840,Kebabstar: Prologue🌯,2025-08-14,2025-08-14,2025-08-14,False,"[""Zeybek""]","[""Zeybek""]",True,True,False,False,,2025-08
3866730,試される大地 Challenging Land,2025-08-14,2025-08-14,2025-08-14,False,"[""POCOYA""]","[""POCOYA""]",True,True,False,False,,2025-08
3895680,University Is Hell,2025-08-14,2025-08-14,2025-08-14,False,"[""Marcelinho Games""]","[""Marcelinho Games""]",False,True,False,False,,2025-08
3905680,Méli-Mélo : L'odyssée de la crème de marrons,2025-08-14,2025-08-14,2025-08-14,False,"[""Gaming Campus""]","[""Fatbros 2.0""]",True,True,False,False,,2025-08
3907610,君の心臓とコスモスを見る,2025-08-14,2025-08-14,2025-08-14,False,"[""まるソフト""]","[""まるソフト""]",False,True,False,False,,2025-08
267390,Revolution Editions - Shadow & Steel,2025-08-15,2025-08-15,2025-08-15,False,"[""Antstream Ltd""]","[""Revolution Software Ltd""]",False,True,False,False,,2025-08
1869290,Supraworld,2025-08-15,2025-08-15,2025-08-15,False,"[""Supra Games""]","[""Supra Games""]",False,True,False,False,,2025-08
2776450,Multiverse Loot Hunter,2025-08-15,2025-08-15,2025-08-15,False,"[""游戏养家工作室""]","[""游戏养家工作室""]",False,True,False,False,,2025-08
2845770,The Giant Crab in Space,2025-08-15,2025-08-15,2025-08-15,False,"[""TensionSplice""]","[""TensionSplice""]",False,True,False,False,,2025-08
3080530,Project X: Light Years,2025-08-15,2025-08-15,2025-08-15,False,"[""MK_Games""]","[""MK_Games""]",False,True,False,True,,2025-08
3304050,日進月歩,2025-08-15,2025-08-15,2025-08-15,False,"[""ユキハラ創作企画""]","[""テラサレ (Terrace and Ray Ltd.)""]",False,True,False,False,,2025-08
3502020,Sometimes Toast is O.K.,2025-08-15,2025-08-15,2025-08-15,False,"[""Team Toast""]","[""MAGIC Spell Studios""]",False,True,False,False,,2025-08
3530490,Fadedlands: The Reckless Squad,2025-08-15,2025-08-15,2025-08-15,False,"[""ForindGames""]","[""OKJOY""]",False,True,False,False,,2025-08
3579360,Caveman Jump Jump,2025-08-15,2025-08-15,2025-08-15,False,"[""Twisted Fingers Games""]","[""Twisted Fingers Games""]",False,True,True,False,,2025-08
3620120,Find Cats 4 女神与猫,2025-08-15,2025-08-15,2025-08-15,False,"[""Happy Fish""]","[""Happy Fish""]",False,True,False,False,,2025-08
3635710,Ancient TD,2025-08-15,2025-08-15,2025-08-15,False,"[""Ancient TD""]","[""Ancient TD""]",False,True,False,True,,2025-08
3669400,A Spooky Item Game,2025-08-15,2025-08-15,2025-08-15,False,"[""Fralf Games""]","[""Fralf Games""]",False,True,False,False,,2025-08
3755860,BLACK SOULS,2025-08-15,2025-08-15,2025-08-15,False,"[""Eeny, meeny, miny, moe?""]","[""OTAKU Plan"",""NEWS""]",False,True,False,False,,2025-08
3769970,The King of Tower Defense,2025-08-15,2025-08-15,2025-08-15,False,"[""Daruma The Factory, Inc.""]","[""Daruma The Factory, Inc.""]",False,True,False,False,,2025-08
3817090,Vigil,2025-08-15,2025-08-15,2025-08-15,False,"[""Singularity Studios""]","[""Singularity Studios""]",True,True,False,False,,2025-08
3840600,TileGuesser,2025-08-15,2025-08-15,2025-08-15,False,"[""Markus Tohn""]","[""Markus Tohn""]",False,True,False,False,,2025-08
3867530,Way to Town,2025-08-15,2025-08-15,2025-08-15,False,"[""Colos Games""]","[""Colos Games""]",False,True,False,False,,2025-08
3879250,Your Sister,2025-08-15,2025-08-15,2025-08-15,False,"[""XinZhai""]","[""XinZhai""]",False,True,False,False,,2025-08
3883520,Just Waiting Cats,2025-08-15,2025-08-15,2025-08-15,False,"[""TRUSO""]","[""TRUSO""]",False,True,False,False,,2025-08
3888790,ExitApartment,2025-08-15,2025-08-15,2025-08-15,False,"[""Joseph""]","[""Joseph""]",False,True,False,False,,2025-08
3890170,Paw Loot,2025-08-15,2025-08-15,2025-08-15,False,"[""zzeerr""]","[""zzeerr""]",True,True,False,False,,2025-08
3893080,Roxanne The Forgotten Path,2025-08-15,2025-08-15,2025-08-15,False,"[""Steven Meza"",""MarosGraphic 7""]","[""TST PRODUCTION STUDIO""]",False,True,False,False,,2025-08
3898800,Toy Town Mayhem,2025-08-15,2025-08-15,2025-08-15,False,"[""MicahTech""]","[""MicahTech""]",True,True,True,True,,2025-08
3900640,Jixo 3: Hidden Horizons Collector's Edition,2025-08-15,2025-08-15,2025-08-15,False,"[""MixoGames Ltd.""]","[""MixoGames Ltd.""]",False,True,True,False,,2025-08
3909950,Spider Maze,2025-08-15,2025-08-15,2025-08-15,False,"[""Crescent Dial Games""]","[""Crescent Dial Games""]",False,True,False,False,,2025-08
3915970,Big Theft Valkeala 2: San Piritori,2025-08-15,2025-08-15,2025-08-15,False,"[""Tero Lunkka"",""Valkeala Software""]","[""Valkeala Software""]",False,True,False,False,,2025-08
3918230,同桌！我喜欢你,2025-08-15,2025-08-15,2025-08-15,False,"[""海伦幻想制作组""]","[""海伦幻想制作组""]",False,True,False,False,,2025-08
3922110,Clara Wraiths,2025-08-15,2025-08-15,2025-08-15,False,"[""Anamik Majumdar""]","[""Anamik Majumdar""]",False,True,False,True,,2025-08
3299340,游郭惊梦,2025-08-16,2025-08-16,2025-08-16,False,"[""做完散伙制作组""]","[""做完散伙制作组""]",False,True,False,False,,2025-08
3879060,Instant Anastasia,2025-08-16,2025-08-16,2025-08-16,False,"[""727 Not Hound""]","[""727 Not Hound""]",False,True,False,False,,2025-08
3890670,Antero Sudoku,2025-08-16,2025-08-16,2025-08-16,False,"[""Zodiac Fox Oy""]","[""Zodiac Fox Oy""]",False,True,False,False,,2025-08
3921530,The Night Gym,2025-08-16,2025-08-16,2025-08-16,False,"[""Fireplay Studio""]","[""Fireplay Studio""]",False,True,False,False,,2025-08
3141140,100 Sea Cats,2025-08-17,2025-08-17,2025-08-17,False,"[""100 Cozy Games"",""Cats""]","[""100 Cozy Games""]",False,True,False,False,,2025-08
3669050,Void Resurgence,2025-08-17,2025-08-17,2025-08-17,False,"[""Puza Games""]","[""Puza Games""]",False,True,True,False,,2025-08
3848860,Freedom Bomber,2025-08-17,2025-08-17,2025-08-17,False,"[""Tacit Software Solutions""]","[""Tacit Software Solutions""]",False,True,False,False,,2025-08
3860040,躁のあなた鬱のあたし｜Manic you and depressed me,2025-08-17,2025-08-17,2025-08-17,False,"[""CHARON"",""STUDIO CHARON""]","[""CHARON""]",False,True,False,False,,2025-08
3876530,The Man in the Park 2: The Second Man in the Park,2025-08-17,2025-08-17,2025-08-17,False,"[""Elliott Dahle""]","[""Elliott Dahle""]",True,True,False,False,,2025-08
3892120,Sudoku-Mini,2025-08-17,2025-08-17,2025-08-17,False,"[""walkgame""]","[""walkgame""]",False,True,False,False,,2025-08
3892130,Sudoku-Color,2025-08-17,2025-08-17,2025-08-17,False,"[""walkgame""]","[""walkgame""]",False,True,False,False,,2025-08
3898040,Nations,2025-08-17,2025-08-17,2025-08-17,False,"[""Krzysztof Steiner""]","[""Krzysztof Steiner Games""]",False,True,False,False,,2025-08
1752780,City of Springs,2025-08-18,2025-08-18,2025-08-18,False,"[""The Naked Dev"",""Alterego Games""]","[""The Naked Dev""]",False,True,True,True,,2025-08
2621760,Checkout Blitz: The Shopping Dead,2025-08-18,2025-08-18,2025-08-18,False,"[""Birdtek Games""]","[""Birdtek Games""]",False,True,False,True,,2025-08
2875340,Tamako,2025-08-18,2025-08-18,2025-08-18,False,"[""YounGen Tech"",""RaptorCat Studio""]","[""YounGen Tech"",""RaptorCat Studio""]",True,True,False,False,,2025-08
2992980,The Heavens,2025-08-18,2025-08-18,2025-08-18,False,"[""ctc""]","[""Expedition Games""]",True,True,True,True,,2025-08
3396740,Backrooms: Hide Together,2025-08-18,2025-08-18,2025-08-18,False,"[""ICON GAME STUDIO""]","[""ICON GAME STUDIO""]",False,True,False,False,,2025-08
3403250,Pau e Pedra,2025-08-18,2025-08-18,2025-08-18,False,"[""Big Shore""]","[""Big Shore""]",True,True,False,False,,2025-08
3528450,Sweet Home,2025-08-18,2025-08-18,2025-08-18,False,"[""开心茶房""]","[""Tailtone Games"",""开心茶房""]",False,True,True,False,,2025-08
3549690,Moondusk Masquerade,2025-08-18,2025-08-18,2025-08-18,False,"[""Nochi Studios""]","[""Nochi Studios""]",False,True,True,False,,2025-08
3676260,Hordelord,2025-08-18,2025-08-18,2025-08-18,False,"[""Fatbot Games, s. r. o.""]","[""Fatbot Games, s. r. o.""]",False,True,False,False,,2025-08
3721490,Yollen,2025-08-18,2025-08-18,2025-08-18,False,"[""axilirate""]","[""axilirate""]",False,True,False,False,,2025-08
3726010,Battlement,2025-08-18,2025-08-18,2025-08-18,False,"[""Henkdg""]","[""HenkdgMakesGames""]",False,True,True,True,,2025-08
3794290,Chess Empire,2025-08-18,2025-08-18,2025-08-18,False,"[""Blue Alpaca Games""]","[""Blue Alpaca Games""]",False,True,False,False,,2025-08
3806300,Epoch Spire,2025-08-18,2025-08-18,2025-08-18,False,"[""Prototaxite Productions""]","[""Prototaxite Productions""]",True,True,False,False,,2025-08
3880210,The Vending Machine,2025-08-18,2025-08-18,2025-08-18,False,"[""Nookinya"",""Guildmaster Rin""]","[""Nookinya""]",False,True,False,False,,2025-08
3908230,The Resurrected,2025-08-18,2025-08-18,2025-08-18,False,"[""Semerkand""]","[""Semerkand""]",False,True,False,False,,2025-08
3913560,Presidential Social Media Manager,2025-08-18,2025-08-18,2025-08-18,False,"[""BRB Drama""]","[""BRB Drama""]",False,True,True,False,,2025-08
3920870,The Gazebo,2025-08-18,2025-08-18,2025-08-18,False,"[""Jacob Hartin""]","[""Diamond Keep Studios""]",False,True,False,False,,2025-08
3924850,Space Memory: Owls,2025-08-18,2025-08-18,2025-08-18,False,"[""Quantum Quiver Games""]","[""Quantum Quiver Games""]",False,True,False,False,,2025-08
1425980,Stone Simulator – Just Be a Rock,2025-08-19,2025-08-19,2025-08-19,False,"[""STFGames""]","[""STFGames""]",False,True,False,False,,2025-08
2453160,Sword of the Sea,2025-08-19,2025-08-19,2025-08-19,False,"[""Giant Squid""]","[""Giant Squid""]",False,True,False,False,,2025-08
2615540,VOID/BREAKER,2025-08-19,2025-08-19,2025-08-19,False,"[""Stubby Games""]","[""Playstack""]",False,True,False,False,,2025-08
2819920,OOLO,2025-08-19,2025-08-19,2025-08-19,False,"[""Riddle Master Productions""]","[""Riddle Master Productions""]",False,True,False,False,,2025-08
2820450,WuKong Up,2025-08-19,2025-08-19,2025-08-19,False,"[""1ming益铭""]","[""1ming益铭""]",False,True,False,False,,2025-08
3620070,Hidden Portals: Eternal Balance Collector's Edition,2025-08-19,2025-08-19,2025-08-19,False,"[""Do Games Limited""]","[""Do Games Limited""]",False,True,False,False,,2025-08
3664490,ESA SHIELD,2025-08-19,2025-08-19,2025-08-19,False,"[""Hochschule Darmstadt Games Lab""]","[""Hochschule Darmstadt Games Lab""]",True,True,False,False,,2025-08
3793510,Anomaly Observer,2025-08-19,2025-08-19,2025-08-19,False,"[""Letalis Entertainment""]","[""Letalis Entertainment""]",False,True,False,False,,2025-08
3800640,G-MODEアーカイブス+ 探偵・癸生川凌介事件譚 Vol.17「御堂丸邸事件」,2025-08-19,2025-08-19,2025-08-19,False,"[""G-MODE""]","[""G-MODE""]",False,True,False,False,,2025-08
3842980,Tower of Ba*bel,2025-08-19,2025-08-19,2025-08-19,False,"[""tjern""]","[""tjern""]",True,True,False,True,,2025-08
3873700,Secret Heroes-Survivor Roguelike,2025-08-19,2025-08-19,2025-08-19,False,"[""YYTGAME""]","[""YYTGAME""]",False,True,True,False,,2025-08
3906770,HorrorToleranceTest,2025-08-19,2025-08-19,2025-08-19,False,"[""うさうさはっぴーげーむず""]","[""うさうさはっぴーげーむず""]",False,True,False,False,,2025-08
3914000,FuSha,2025-08-19,2025-08-19,2025-08-19,False,"[""1号观测员"",""2号观测员""]","[""世界观测站""]",False,True,False,False,,2025-08
3914070,Draft Day Sports: College Football 2026,2025-08-19,2025-08-19,2025-08-19,False,"[""Wolverine Studios""]","[""Wolverine Studios""]",False,True,False,False,,2025-08
2345740,Rogue Tactics,2025-08-20,2025-08-20,2025-08-20,False,"[""Petushock Production""]","[""Petushock Production""]",False,True,False,False,,2025-08
3108990,Butterfly Dream,2025-08-20,2025-08-20,2025-08-20,False,"[""LiberFish""]","[""LiberFish""]",False,True,False,False,,2025-08
3272170,Face of Another,2025-08-20,2025-08-20,2025-08-20,False,"[""MadBug Studio""]","[""MadBug Studio""]",False,True,False,False,,2025-08
3321850,HyperCoven,2025-08-20,2025-08-20,2025-08-20,False,"[""Hyperkobel""]","[""Hyperkobel""]",False,True,False,True,,2025-08
3323260,Planeturem,2025-08-20,2025-08-20,2025-08-20,False,"[""jamiebrn""]","[""jamiebrn""]",False,True,False,False,,2025-08
3325500,Worldwide Rush,2025-08-20,2025-08-20,2025-08-20,False,"[""Memel Games""]","[""Memel Games""]",False,True,False,False,,2025-08
3580440,TimeNot,2025-08-20,2025-08-20,2025-08-20,False,"[""Not V-Dachi""]","[""Not V-Dachi""]",False,True,False,False,,2025-08
3614460,Hypermarket Simulator,2025-08-20,2025-08-20,2025-08-20,False,"[""Croissant Games""]","[""Croissant Games""]",False,True,False,False,,2025-08
3614720,鬼灵的冒险GUILING's Adventure,2025-08-20,2025-08-20,2025-08-20,False,"[""硅晶石工作室Sicrystal Studio""]","[""硅晶石工作室Sicrystal Studio""]",False,True,False,False,,2025-08
3697290,ETERNAL EXILE: BENEATH THE DARKNESS,2025-08-20,2025-08-20,2025-08-20,False,"[""AMNESIA""]","[""AMNESIA""]",False,True,False,False,,2025-08
3699600,Aeon Tempus,2025-08-20,2025-08-20,2025-08-20,False,"[""Hüseyin Akkaya""]","[""Ephesus Creative""]",False,True,False,False,,2025-08
3728120,SpaceCorp: 2025-2300AD,2025-08-20,2025-08-20,2025-08-20,False,"[""Logix Interactive""]","[""Logix Interactive""]",False,True,True,False,,2025-08
3798730,Crimson Mansion,2025-08-20,2025-08-20,2025-08-20,False,"[""Bence Pachinger-Molnár""]","[""PahiGames""]",False,True,False,False,,2025-08
3822580,Heart of Ice by Dave Morris,2025-08-20,2025-08-20,2025-08-20,False,"[""Infinite Zone""]","[""Infinite Zone""]",False,True,False,False,,2025-08
3829570,Great Tough Bikini 6,2025-08-20,2025-08-20,2025-08-20,False,"[""nStarcube""]","[""nStarcube""]",False,True,False,False,,2025-08
3831660,Obsessed : Night Shift,2025-08-20,2025-08-20,2025-08-20,False,"[""arydk""]","[""Akhir Hayat Studio""]",False,True,False,False,,2025-08
3897890,Depths Unseen,2025-08-20,2025-08-20,2025-08-20,False,"[""DoodleCorp""]","[""DoodleCorp""]",True,True,False,False,,2025-08
3911080,36 Zodiac Cycles,2025-08-20,2025-08-20,2025-08-20,False,"[""雪中观狐""]","[""雪中观狐""]",False,True,False,False,,2025-08
3924300,Find Kitties: Zombie Hunter,2025-08-20,2025-08-20,2025-08-20,False,"[""Sons of Welder"",""FM Simple Games Studio""]","[""Sons of Welder"",""FM Simple Games Studio""]",False,True,False,True,,2025-08
1447820,The Girl from Arkanya,2025-08-21,2025-08-21,2025-08-21,False,"[""Arkanya Games""]","[""Arkanya Games""]",False,True,False,True,,2025-08
2701070,Major\Minor 2.0: (Re)Vision,2025-08-21,2025-08-21,2025-08-21,False,"[""Klace""]","[""Klace""]",False,True,False,False,,2025-08
2829750,Deck Dash,2025-08-21,2025-08-21,2025-08-21,False,"[""Arvis Games""]","[""Arvis Games""]",True,True,True,False,,2025-08
3030130,Known as Puca,2025-08-21,2025-08-21,2025-08-21,False,"[""WolumAldehyde""]","[""WolumAldehyde""]",False,True,False,False,,2025-08
3042560,Void: Icarus,2025-08-21,2025-08-21,2025-08-21,False,"[""Diego Sebastián Tristán Landín""]","[""Diego Sebastián Tristán Landín""]",False,True,False,False,,2025-08
3064720,Balloon Warfare,2025-08-21,2025-08-21,2025-08-21,False,"[""Dragi""]","[""Dragi""]",True,True,False,False,,2025-08
3294570,Killer Depths,2025-08-21,2025-08-21,2025-08-21,False,"[""Stardust Smithy""]","[""Stardust Smithy""]",False,True,False,False,,2025-08
3405420,Just Cube,2025-08-21,2025-08-21,2025-08-21,False,"[""Just Games""]","[""Just Games""]",False,True,True,True,,2025-08
3463910,Snow • Fall,2025-08-21,2025-08-21,2025-08-21,False,"[""flower baasket""]","[""flower baasket""]",False,True,False,False,,2025-08
3483190,Blood Storm: Alien Purge,2025-08-21,2025-08-21,2025-08-21,False,"[""Nicholas Games""]","[""Nicholas Games""]",False,True,False,False,,2025-08
3583790,Virtual Skate,2025-08-21,2025-08-21,2025-08-21,False,"[""Flip Axis Studios""]","[""Flip Axis Studios""]",False,True,False,False,,2025-08
3612120,Hui-Shuo,2025-08-21,2025-08-21,2025-08-21,False,"[""时光茶馆TeaTime""]","[""黎羽科技LICOGAME""]",False,True,False,False,,2025-08
3629840,Blast Rush LS,2025-08-21,2025-08-21,2025-08-21,False,"[""Bipedal Dog""]","[""indie.io""]",False,True,False,False,,2025-08
3630410,Little Witch Survivors,2025-08-21,2025-08-21,2025-08-21,False,"[""四月二酱""]","[""四月二酱""]",False,True,False,False,,2025-08
3656690,Arc’s Glitch Defender,2025-08-21,2025-08-21,2025-08-21,False,"[""Raivela Games""]","[""Raivela Games""]",False,True,False,False,,2025-08
3685170,Earth Ten Days : 981Hz,2025-08-21,2025-08-21,2025-08-21,False,"[""TinyBigger""]","[""TinyBigger""]",False,True,True,False,,2025-08
3715720,Bat & Ball,2025-08-21,2025-08-21,2025-08-21,False,"[""BritishInteractive""]","[""BritishInteractiveGames""]",False,True,False,False,,2025-08
3823130,YetiParty,2025-08-21,2025-08-21,2025-08-21,False,"[""MR_REVVA GAMES""]","[""MR_REVVA GAMES"",""REVVALUTION Studio""]",False,True,False,False,,2025-08
3898270,DAVE a nice guy,2025-08-21,2025-08-21,2025-08-21,False,"[""noisy kazoo""]","[""noisy kazoo""]",False,True,False,False,,2025-08
3899970,Escape The Humans,2025-08-21,2025-08-21,2025-08-21,False,"[""Scorpion Cobra Studio""]","[""Scorpion Cobra Publishing""]",False,True,False,False,,2025-08
3928200,Horror in the forest,2025-08-21,2025-08-21,2025-08-21,False,"[""Static Production""]","[""Static Production""]",False,True,False,False,,2025-08
2488250,Ploko,2025-08-22,2025-08-22,2025-08-22,False,"[""Nifty cat studio""]","[""Nifty cat studio""]",False,True,False,False,,2025-08
2887400,Chicklet,2025-08-22,2025-08-22,2025-08-22,False,"[""Latif Yılmaz"",""Yağız Selimoğlu""]","[""Yağız Selimoğlu"",""Latif Yılmaz""]",False,True,True,True,,2025-08
3034050,Astra Moment:DIMENSION,2025-08-22,2025-08-22,2025-08-22,False,"[""Jeonghwa Arts College"",""Kim HyeonJoong"",""Jeong HanHee"",""Ha HyeonJun""]","[""Jeonghwa Arts College""]",True,True,False,False,,2025-08
3109070,Despondent,2025-08-22,2025-08-22,2025-08-22,False,"[""Later Skater Games""]","[""Later Skater Games""]",False,True,False,False,,2025-08
3184250,Deep Snake,2025-08-22,2025-08-22,2025-08-22,False,"[""dietzribi""]","[""dietzribi""]",True,True,False,False,,2025-08
3501840,One Button Defense,2025-08-22,2025-08-22,2025-08-22,False,"[""Wave Inc""]","[""Wave Inc""]",False,True,False,False,,2025-08
3556730,Hypnosis Knight-Princess,2025-08-22,2025-08-22,2025-08-22,False,"[""happypink""]","[""Kagura Games""]",False,True,False,False,,2025-08
3585600,Your husband,2025-08-22,2025-08-22,2025-08-22,False,"[""你的老公工作室""]","[""你的老公工作室""]",False,True,False,False,,2025-08
3664230,Bounce Cat,2025-08-22,2025-08-22,2025-08-22,False,"[""Pejota Games""]","[""Pejota Games""]",False,True,False,False,,2025-08
3762650,DEATH TRAIN!!! Samara – Voronezh.,2025-08-22,2025-08-22,2025-08-22,False,"[""mitcha""]","["" Oyashiro.dev""]",False,True,True,True,,2025-08
3775190,Goblin Adventure: Free from Lore,2025-08-22,2025-08-22,2025-08-22,False,"[""Methodologydiffuser""]","[""Methodologydiffuser""]",False,True,False,False,,2025-08
3874510,Nightmare Mines,2025-08-22,2025-08-22,2025-08-22,False,"[""DreamSmith""]","[""DreamSmith""]",False,True,False,False,,2025-08
3876670,Hidden Pets: 101 Cats in Chennai,2025-08-22,2025-08-22,2025-08-22,False,"[""NaipSoft""]","[""NaipSoft""]",False,True,False,False,,2025-08
3920370,BattleBalls,2025-08-22,2025-08-22,2025-08-22,False,"[""pingus""]","[""pingus""]",False,True,False,False,,2025-08
3921950,Burned One,2025-08-22,2025-08-22,2025-08-22,False,"[""HELIX741""]","[""HELIX741""]",False,True,False,False,,2025-08
2996290,Jigsaw Industry,2025-08-23,2025-08-23,2025-08-23,False,"[""Light Game""]","[""Light Game""]",False,True,False,False,,2025-08
3891310,Space Mantlet,2025-08-23,2025-08-23,2025-08-23,False,"[""game_gland""]","[""game_gland""]",False,True,False,True,,2025-08
3905340,No forgiveness,2025-08-23,2025-08-23,2025-08-23,False,"[""VimmGames""]","[""VimmGames""]",False,True,False,False,,2025-08
3058360,Parisian Bistro Simulator,2025-08-24,2025-08-24,2025-08-24,False,"[""Quark Studios""]","[""Quark Studios"",""Gamersky Games""]",False,True,False,False,,2025-08
3086120,Harpoon Classic '97,2025-08-24,2025-08-24,2025-08-24,False,"[""Alliance Interactive""]","[""MicroProse Software""]",False,True,False,False,,2025-08
3466450,100 India Cats,2025-08-24,2025-08-24,2025-08-24,False,"[""100 Cozy Games"",""Cats""]","[""100 Cozy Games""]",False,True,False,False,,2025-08
3513340,Why Do Boys Play Games?,2025-08-24,2025-08-24,2025-08-24,False,"[""Colin Swords""]","[""Colin Swords""]",False,True,False,False,,2025-08
3579320,Arthur's Pet Chase,2025-08-24,2025-08-24,2025-08-24,False,"[""Jordan Freeman Group"",""Marc Brown Studios"",""Wanderful Edutainment""]","[""ZOOM Platform Media"",""Marc Brown Studios"",""Wanderful Edutainment""]",False,True,False,False,,2025-08
3579330,Arthur's Sand Castle Contest,2025-08-24,2025-08-24,2025-08-24,False,"[""Jordan Freeman Group"",""Marc Brown Studios"",""Wanderful Edutainment""]","[""ZOOM Platform Media"",""Marc Brown Studios"",""Wanderful Edutainment""]",False,True,False,False,,2025-08
3678130,Gutfarm,2025-08-24,2025-08-24,2025-08-24,False,"[""TincatGames""]","[""TincatGames""]",False,True,False,False,,2025-08
3693600,Cube Cube 2,2025-08-24,2025-08-24,2025-08-24,False,"[""JiaJinTao""]","[""JiaJinTao""]",False,True,True,False,,2025-08
3733300,Cauldron Chaos,2025-08-24,2025-08-24,2025-08-24,False,"[""Studio C.L.A.M.S""]","[""Studio C.L.A.M.S""]",True,True,False,False,,2025-08
3790080,Epimythos: The Forgotten Legends,2025-08-24,2025-08-24,2025-08-24,False,"[""Epimythos Studios""]","[""Epimythos Studios""]",False,True,False,False,,2025-08
3816550,BAKU -バク-,2025-08-24,2025-08-24,2025-08-24,False,"[""ひろめてん""]","[""ひろゆ～""]",False,True,False,False,,2025-08
3929540,fly a kite,2025-08-24,2025-08-24,2025-08-24,False,"[""hgmGame""]","[""hgmGame""]",False,True,False,False,,2025-08
1567530,Vlad Circus: Curse of Asmodeus,2025-08-25,2025-08-25,2025-08-25,False,"[""Indiesruption""]","[""Blowfish Studios""]",False,True,False,False,,2025-08
2074740,Particle Hearts,2025-08-25,2025-08-25,2025-08-25,False,"[""Underwater Fire""]","[""First Break Labs""]",False,True,True,False,,2025-08
2411100,Mind Control: Bloody Renaissance,2025-08-25,2025-08-25,2025-08-25,False,"[""BYYONI Entertainment""]","[""BYYONI Entertainment""]",False,True,False,False,,2025-08
3202400,Ball Race Party,2025-08-25,2025-08-25,2025-08-25,False,"[""Montee Games""]","[""Montee Games""]",False,True,False,False,,2025-08
3373830,The Way of the Tray: Japanese Restaurant Simulator 🍙,2025-08-25,2025-08-25,2025-08-25,False,"[""Who is Terry?""]","[""Targem Games""]",False,True,False,False,,2025-08
3473580,Super World War,2025-08-25,2025-08-25,2025-08-25,False,"[""Zero Games Studios""]","[""Zero Games Studios"",""Plug In Digital""]",False,True,False,False,,2025-08
3538320,Air Dash: Sky Racing Simulator,2025-08-25,2025-08-25,2025-08-25,False,"[""JOKER BROTHERS""]","[""JOKER BROTHERS""]",False,True,False,False,,2025-08
3841160,Not a Dream Job,2025-08-25,2025-08-25,2025-08-25,False,"[""Eternity Games Studio""]","[""TARS""]",False,True,False,False,,2025-08
3883240,Scaredy Cat,2025-08-25,2025-08-25,2025-08-25,False,"[""Hot Dawgs Studio""]","[""Hot Dawgs Studio""]",True,True,False,False,,2025-08
3884360,Trash Sorter Simulator,2025-08-25,2025-08-25,2025-08-25,False,"[""SimWorld""]","[""SimWorld""]",False,True,False,False,,2025-08
3924530,Train Maze Master,2025-08-25,2025-08-25,2025-08-25,False,"[""Cat Toast Paradox Studio""]","[""Cat Toast Paradox Studio""]",False,True,False,False,,2025-08
3928890,AntiVirus,2025-08-25,2025-08-25,2025-08-25,False,"[""Brain Juice""]","[""Brain Juice""]",False,True,False,False,,2025-08
3929110,EGO :: Exit Protocol,2025-08-25,2025-08-25,2025-08-25,False,"[""MinCheol""]","[""MinCheol""]",True,True,False,False,,2025-08
3930300,"Come out, cat",2025-08-25,2025-08-25,2025-08-25,False,"[""shu3""]","[""shu3""]",True,True,True,False,,2025-08
3933980,3 SECONDS REMAINING,2025-08-25,2025-08-25,2025-08-25,False,"[""tiny.ROM""]","[""tiny.ROM""]",False,True,False,False,,2025-08
2068630,Midnight at Grimmi's,2025-08-26,2025-08-26,2025-08-26,False,"[""Cryomancerlex""]","[""Cryomancerlex""]",True,True,False,False,,2025-08
2271110,RogueViz Collection,2025-08-26,2025-08-26,2025-08-26,False,"[""Zeno Rogue""]","[""Zeno Rogue""]",False,True,False,True,,2025-08
2523720,Gears of War: Reloaded,2025-08-26,2025-08-26,2025-08-26,False,"[""The Coalition""]","[""Xbox Game Studios""]",False,True,False,False,,2025-08
2685840,Pastel☆Parade,2025-08-26,2025-08-26,2025-08-26,False,"[""Pastel Parade Project""]","[""room6""]",False,True,True,True,,2025-08
2779730,Shoomer Booter,2025-08-26,2025-08-26,2025-08-26,False,"[""Tommy Gun Walrus""]","[""Tommy Gun Walrus Studio""]",False,True,False,False,,2025-08
2981450,Mystery Lover:Nonexistent Memories,2025-08-26,2025-08-26,2025-08-26,False,"[""Never Knows Best""]","[""Never Knows Best""]",False,True,False,False,,2025-08
3032010,The Supper: New Blood,2025-08-26,2025-08-26,2025-08-26,False,"[""White Blanket Games""]","[""Octavi Navarro""]",False,True,False,False,,2025-08
3115890,CROAK CAFE : FROM POND TO PLATE,2025-08-26,2025-08-26,2025-08-26,False,"[""PIZZA WEARING PANTS""]","[""PIZZA WEARING PANTS""]",True,True,False,False,,2025-08
3202950,Fresh Tracks,2025-08-26,2025-08-26,2025-08-26,False,"[""Buffalo Buffalo""]","[""Buffalo Buffalo""]",False,True,False,True,,2025-08
3341510,Neptunia Game Maker R:Evolution,2025-08-26,2025-08-26,2025-08-26,False,"[""Idea Factory"",""Compile Heart""]","[""Idea Factory International""]",False,True,False,False,,2025-08
3446230,Battery Farm,2025-08-26,2025-08-26,2025-08-26,False,"[""Nicholas Avraamides""]","[""Symbolic Crow Creations, LLC""]",False,True,False,False,,2025-08
3579010,JAIL DICE: Roll to Break,2025-08-26,2025-08-26,2025-08-26,False,"[""GyoonyGames""]","[""GaniTani""]",False,True,False,False,,2025-08
3676850,心动恋旅：樱花篇,2025-08-26,2025-08-26,2025-08-26,False,"[""Starealm Corporation ""]","[""Starealm Corporation ""]",False,True,False,False,,2025-08
3688740,Deserter: Prologue,2025-08-26,2025-08-26,2025-08-26,False,"[""AskaLot Games""]","[""AskaLot Games""]",True,True,False,False,,2025-08
3688790,Stocks,2025-08-26,2025-08-26,2025-08-26,False,"[""envymydisease""]","[""envymydisease""]",True,True,False,False,,2025-08
3760620,Revolver Gambit,2025-08-26,2025-08-26,2025-08-26,False,"[""Welch Antony""]","[""Welch Antony""]",False,True,False,False,,2025-08
3788170,Narrow One,2025-08-26,2025-08-26,2025-08-26,False,"[""Pelican Party Studios""]","[""Pelican Party Studios""]",True,True,False,True,,2025-08
3936410,Harvest Loop,2025-08-26,2025-08-26,2025-08-26,False,"[""FetterSky Studio""]","[""FetterSky Studio""]",False,True,False,False,,2025-08
3938670,Spacebar X,2025-08-26,2025-08-26,2025-08-26,False,"[""NEETNectar""]","[""NEETNectar""]",False,True,False,False,,2025-08
3940900,Swipepi,2025-08-26,2025-08-26,2025-08-26,False,"[""Alexis Clemente""]","[""AleC Games""]",False,True,False,False,,2025-08
3942640,father's love,2025-08-26,2025-08-26,2025-08-26,False,"[""hgmGame""]","[""hgmGame""]",False,True,False,False,,2025-08
1724030,Eyes of Hellfire,2025-08-27,2025-08-27,2025-08-27,False,"[""Gambrinous""]","[""Blumhouse Games""]",False,True,True,False,,2025-08
2508780,STORY OF SEASONS: Grand Bazaar,2025-08-27,2025-08-27,2025-08-27,False,"[""Marvelous Inc.""]","[""XSEED Games"",""Marvelous USA, Inc."",""Marvelous Europe""]",False,True,False,False,,2025-08
2914490,Death end re;Quest: Code Z,2025-08-27,2025-08-27,2025-08-27,False,"[""Idea Factory"",""Compile Heart""]","[""Idea Factory International, Inc.""]",False,True,False,False,,2025-08
3297940,Fear Academy,2025-08-27,2025-08-27,2025-08-27,False,"[""Lost Input Games""]","[""Lost Input Games""]",False,True,False,False,,2025-08
3386100,Drift Survivor 2,2025-08-27,2025-08-27,2025-08-27,False,"[""MEWSTURBO""]","[""TurboCatSoftware""]",False,True,False,False,,2025-08
3406620,VARLET,2025-08-27,2025-08-27,2025-08-27,False,"[""FURYU CORPORATION""]","[""FURYU CORPORATION""]",False,True,False,False,,2025-08
3555980,Caput Mortum,2025-08-27,2025-08-27,2025-08-27,False,"[""WildArts Games""]","[""Black Lantern Collective""]",False,True,False,False,,2025-08
3660270,Corrupted World,2025-08-27,2025-08-27,2025-08-27,False,"[""Alexis Guilbault""]","[""VoltBlade Games""]",False,True,False,False,,2025-08
3806520,SENKOU,2025-08-27,2025-08-27,2025-08-27,False,"[""あめざいく""]","[""あめざいく""]",False,True,False,False,,2025-08
3829040,Turtle Turtle,2025-08-27,2025-08-27,2025-08-27,False,"[""SG Games""]","[""SG Games""]",False,True,False,False,,2025-08
3876170,MIR,2025-08-27,2025-08-27,2025-08-27,False,"[""Igor Yakunin""]","[""Igor Yakunin""]",False,True,False,False,,2025-08
3899510,"ギャルと優等生と夏休み Gal, Geek and Summer",2025-08-27,2025-08-27,2025-08-27,False,"[""CyberStep, Inc."",""Rideon Works Co. Ltd,""]","[""CyberStep, Inc.""]",False,True,False,False,,2025-08
3900070,Flashmaster,2025-08-27,2025-08-27,2025-08-27,False,"[""Jammy Games""]","[""Jammy Games""]",False,True,False,False,,2025-08
3902230,Waiting for Your Food Delivery Simulator 2025,2025-08-27,2025-08-27,2025-08-27,False,"[""HaggisBytes""]","[""HaggisBytes""]",False,True,False,False,,2025-08
3905080,金牌健美教练,2025-08-27,2025-08-27,2025-08-27,False,"[""塔克夏""]","[""生牛活马工作室""]",False,True,True,False,,2025-08
3919280,2 in 1 Experience Hidden Objects,2025-08-27,2025-08-27,2025-08-27,False,"[""magnussoft""]","[""magnussoft""]",False,True,False,False,,2025-08
3926040,Deskcat,2025-08-27,2025-08-27,2025-08-27,False,"[""Logobojo""]","[""Logobojo""]",False,True,False,False,,2025-08
3939000,Free Fall,2025-08-27,2025-08-27,2025-08-27,False,"[""Mindstream Games""]","[""Mindstream Games""]",False,True,True,False,,2025-08
3946470,Outwall,2025-08-27,2025-08-27,2025-08-27,False,"[""SupKai""]","[""SupKai""]",False,True,False,False,,2025-08
1151990,Slip 'n Slime,2025-08-28,2025-08-28,2025-08-28,False,"[""Wild Magic Studio""]","[""Wild Magic Studio"",""SpaceJazz""]",False,True,True,True,,2025-08
1471650,The Knightling,2025-08-28,2025-08-28,2025-08-28,False,"[""Twirlbound""]","[""Saber Interactive""]",False,True,False,False,,2025-08
2361770,SHINOBI: Art of Vengeance,2025-08-28,2025-08-28,2025-08-28,False,"[""SEGA"",""Lizardcube""]","[""SEGA""]",False,True,False,False,,2025-08
2372450,Rootin' Tootin' Lootin' & Shootin',2025-08-28,2025-08-28,2025-08-28,False,"[""Raspberry Jam""]","[""Raspberry Jam""]",False,True,True,False,,2025-08
2560730,SauceLore,2025-08-28,2025-08-28,2025-08-28,False,"[""SauceyPlayz""]","[""SauceyPlayz""]",False,True,True,False,,2025-08
2917040,Garten of Banban 8: Anti Devil,2025-08-28,2025-08-28,2025-08-28,False,"[""Euphoric Brothers""]","[""Euphoric Brothers""]",False,True,False,False,,2025-08
3239500,Cloud Cats` Land,2025-08-28,2025-08-28,2025-08-28,False,"[""Gryphon`s Nest""]","[""Gryphon`s Nest""]",False,True,False,False,,2025-08
3252250,Unfoldink,2025-08-28,2025-08-28,2025-08-28,False,"[""BordexDev""]","[""BordexDev""]",False,True,True,True,,2025-08
3332140,Smells Like Fear Blossoms,2025-08-28,2025-08-28,2025-08-28,False,"[""AnoGame Studio""]","[""AnoGame Studio""]",False,True,False,False,,2025-08
3636530,Dungeon Maiden: Survivor,2025-08-28,2025-08-28,2025-08-28,False,"[""MCreation Studio""]","[""MCreation Studio""]",False,True,False,False,,2025-08
3713940,TriggerHeart EXELICA ENHANCED,2025-08-28,2025-08-28,2025-08-28,False,"[""Cosmo Machia inc.""]","[""Cosmo Machia""]",False,True,False,False,,2025-08
3757190,Sudoku Mania,2025-08-28,2025-08-28,2025-08-28,False,"[""NYX Digital Ltd""]","[""Funbox Media Ltd""]",False,True,False,False,,2025-08
3788190,Story 210,2025-08-28,2025-08-28,2025-08-28,False,"[""Holitass""]","[""Holitass""]",False,True,False,False,,2025-08
3792540,BederSNAKE,2025-08-28,2025-08-28,2025-08-28,False,"[""Yury Bederov""]","[""Yury Bederov""]",False,True,False,False,,2025-08
3810250,Bot Rush,2025-08-28,2025-08-28,2025-08-28,False,"[""Bansan""]","[""Bansan""]",False,True,False,False,,2025-08
3846030,Forbidden Ground - Lair of Aooni -,2025-08-28,2025-08-28,2025-08-28,False,"[""HYDE, Inc.""]","[""HYDE, Inc.""]",False,True,False,False,,2025-08
3848660,Perception: Heart and Mind,2025-08-28,2025-08-28,2025-08-28,False,"[""Thodoris Serafeim Adamakos""]","[""Daydream's Power""]",False,True,True,True,,2025-08
3853780,Just Grandma and Me,2025-08-28,2025-08-28,2025-08-28,False,"[""Brøderbund"",""Jordan Freeman Group"",""Living Books"",""Wanderful Interactive Storybooks""]","[""ZOOM Platform Media"",""Wanderful Interactive Storybooks""]",False,True,False,False,,2025-08
3861560,Planet Drop,2025-08-28,2025-08-28,2025-08-28,False,"[""danenjoysgames""]","[""danenjoysgames""]",False,True,False,False,,2025-08
3877400,Contingence,2025-08-28,2025-08-28,2025-08-28,False,"[""Vera Polyachenko""]","[""Vera Polyachenko""]",False,True,True,False,,2025-08
3899660,Pompiers Simulator,2025-08-28,2025-08-28,2025-08-28,False,"[""Vincent Tartar""]","[""Oasis Video Games""]",False,True,False,False,,2025-08
3917580,The Almagest Anomalies,2025-08-28,2025-08-28,2025-08-28,False,"[""Lee Powell""]","[""Three Beams Studio""]",False,True,False,False,,2025-08
3927520,Cosmolon,2025-08-28,2025-08-28,2025-08-28,False,"[""Se7enZ Studio""]","[""Se7enZ Studio""]",False,True,False,False,,2025-08
3935440,SummonArk -Deck Building Roguelite-,2025-08-28,2025-08-28,2025-08-28,False,"[""犬猫 Room""]","[""犬猫 Room""]",False,True,False,False,,2025-08
3935460,学園迷宮 | School Corridor,2025-08-28,2025-08-28,2025-08-28,False,"[""学園迷宮制作員会""]","[""学園迷宮制作員会""]",True,True,False,False,,2025-08
3942650,Verbal Beatdown,2025-08-28,2025-08-28,2025-08-28,False,"[""Rob Law""]","[""Rob Law""]",False,True,False,False,,2025-08
3942890,Fantahouse,2025-08-28,2025-08-28,2025-08-28,False,"[""Vision Interactive""]","[""Vision Interactive""]",True,True,False,False,,2025-08
3943400,Shidunzi Parkour,2025-08-28,2025-08-28,2025-08-28,False,"[""坏枪""]","[""坏枪""]",True,True,True,True,,2025-08
2070860,Esophaguys,2025-08-29,2025-08-29,2025-08-29,False,"[""Esophaguys Team""]","[""Esophaguys Team""]",False,True,False,True,,2025-08
2316640,Light On,2025-08-29,2025-08-29,2025-08-29,False,"[""indigo game production""]","[""indigo game production""]",False,True,True,True,,2025-08
2430540,Radix Chronicle,2025-08-29,2025-08-29,2025-08-29,False,"[""Luna Flora""]","[""Luna Flora""]",False,True,True,True,,2025-08
2561810,HamSumo,2025-08-29,2025-08-29,2025-08-29,False,"[""Sleepy Bears Indie""]","[""Sleepy Bears Indie""]",False,True,False,False,,2025-08
2643880,Build For Sale Simulator,2025-08-29,2025-08-29,2025-08-29,False,"[""Paragon Game Studio""]","[""Paragon Game Studio""]",False,True,False,False,,2025-08
3262080,Word Rave,2025-08-29,2025-08-29,2025-08-29,False,"[""Gobico""]","[""Gobico""]",False,True,False,False,,2025-08
3418150,LORED,2025-08-29,2025-08-29,2025-08-29,False,"[""Dillon Simpson""]","[""Dillon Simpson""]",False,True,False,True,,2025-08
3449610,GCS: Salvage Rat,2025-08-29,2025-08-29,2025-08-29,False,"[""Stellar Forge Works""]","[""Stellar Forge Works""]",False,True,False,False,,2025-08
3500450,Ice 'Em: Race to the Grave,2025-08-29,2025-08-29,2025-08-29,False,"[""Paul Cooney""]","[""Paul Cooney""]",False,True,False,False,,2025-08
3504570,Fear Effect,2025-08-29,2025-08-29,2025-08-29,False,"[""Implicit Conversions""]","[""Limited Run Games""]",False,True,False,False,,2025-08
3615850,Blighted Deep,2025-08-29,2025-08-29,2025-08-29,False,"[""Alexander Frey""]","[""Alexander Frey""]",False,True,False,False,,2025-08
3624520,Dark Erosion: Endless Siege,2025-08-29,2025-08-29,2025-08-29,False,"[""LaoLiang""]","[""LaoLiang""]",False,True,False,False,,2025-08
3713410,G-MODEアーカイブス+ 真・女神転生 東京鎮魂歌,2025-08-29,2025-08-29,2025-08-29,False,"[""G-MODE"",""ATLUS""]","[""G-MODE""]",False,True,False,False,,2025-08
3801520,Store It!,2025-08-29,2025-08-29,2025-08-29,False,"[""Two Pixels UG""]","[""Two Pixels UG""]",False,True,False,False,,2025-08
3839060,Children's Sandbox,2025-08-29,2025-08-29,2025-08-29,False,"[""Fomalhaut Games""]","[""Fomalhaut Games""]",False,True,False,True,,2025-08
3854760,Tentaphage,2025-08-29,2025-08-29,2025-08-29,False,"[""Worn Software""]","[""Worn Software""]",False,True,False,False,,2025-08
3898080,Quadcubes,2025-08-29,2025-08-29,2025-08-29,False,"[""dewle""]","[""dewle""]",False,True,False,False,,2025-08
3905890,The Callers,2025-08-29,2025-08-29,2025-08-29,False,"[""3RFam""]","[""3RFam""]",False,True,False,False,,2025-08
3917990,Real-time Shogi,2025-08-29,2025-08-29,2025-08-29,False,"[""Saikyosan""]","[""Saikyosan""]",True,True,False,False,,2025-08
3919270,RovNav,2025-08-29,2025-08-29,2025-08-29,False,"[""Enigmatix Interactive""]","[""Enigmatix Interactive""]",False,True,False,False,,2025-08
3922100,Forest Doesn’t Care,2025-08-29,2025-08-29,2025-08-29,False,"[""MOROZ GAMES""]","[""MOROZ GAMES""]",False,True,False,False,,2025-08
2321250,A Corgi's Cozy Hike,2025-08-30,2025-08-30,2025-08-30,False,"[""Scalisco""]","[""Scalisco""]",False,True,False,False,,2025-08
3855620,GHOST OF THE DICED STEAK,2025-08-30,2025-08-30,2025-08-30,False,"[""rW Games""]","[""Rikuya Waki""]",False,True,False,False,,2025-08
3934520,The Quiet Hum of a Lonely Heart,2025-08-30,2025-08-30,2025-08-30,False,"[""VisualNovelGames""]","[""VisualNovelGames""]",False,True,True,True,,2025-08
3948320,Jumbot,2025-08-30,2025-08-30,2025-08-30,False,"[""Luyao Zhan""]","[""Luyao Zhan""]",False,True,False,False,,2025-08
3070880,Farming & Supermarket Simulator,2025-08-31,2025-08-31,2025-08-31,False,"[""EY08 Games""]","[""EY08 Games""]",False,True,False,False,,2025-08
3159040,Sapling Wars,2025-08-31,2025-08-31,2025-08-31,False,"[""Gary""]","[""Gary""]",False,True,False,False,,2025-08
3369990,Hampy's Great Adventure,2025-08-31,2025-08-31,2025-08-31,False,"[""SuperStudios""]","[""SuperStudios""]",False,True,False,False,,2025-08
3769330,Road Trip to the End of the World,2025-08-31,2025-08-31,2025-08-31,False,"[""Shark and Pelican Games"",""Alex M. Lee""]","[""Shark and Pelican Games""]",True,True,True,True,,2025-08
3786040,The Overnight Screening,2025-08-31,2025-08-31,2025-08-31,False,"[""Taleon""]","[""Taleon""]",False,True,False,False,,2025-08
3863300,Deep Inside: Amore sola mi fa remirare,2025-08-31,2025-08-31,2025-08-31,False,"[""banyalaplace""]","[""banyalaplace""]",True,True,False,False,,2025-08
3926370,Dig Dig Spud Spud Harvest,2025-08-31,2025-08-31,2025-08-31,False,"[""NoraPerikaProject""]","[""NoraPerikaProject""]",False,True,False,False,,2025-08
2500460,Inventorix,2025-09-01,2025-09-01,2025-09-01,False,"[""Arcaludi""]","[""Arcaludi""]",False,True,False,False,,2025-09
3094480,Bad Cheese,2025-09-01,2025-09-01,2025-09-01,False,"[""Simon Lukasik""]","[""Feardemic""]",False,True,False,False,,2025-09
3210590,Massi vs. José,2025-09-01,2025-09-01,2025-09-01,False,"[""Gammes""]","[""Gammes""]",False,True,True,True,,2025-09
3427550,Dating App Simulator,2025-09-01,2025-09-01,2025-09-01,False,"[""Oba Games""]","[""Oba Games""]",False,True,False,False,,2025-09
3499820,Basketball Simulator,2025-09-01,2025-09-01,2025-09-01,False,"[""Hard Shark Games""]","[""Hard Shark Games""]",False,True,False,False,,2025-09
3659560,Bob's Crystals,2025-09-01,2025-09-01,2025-09-01,False,"[""RedFlare game studios""]","[""RedFlare game studios""]",False,True,False,False,,2025-09
3702020,Figurine Shop Simulator,2025-09-01,2025-09-01,2025-09-01,False,"[""Gamific""]","[""Gamific""]",False,True,False,False,,2025-09
3869490,GeneBreak,2025-09-01,2025-09-01,2025-09-01,False,"[""Desert Games""]","[""Desert Games""]",False,True,False,False,,2025-09
3895060,FLOW,2025-09-01,2025-09-01,2025-09-01,False,"[""Nulis Interactive""]","[""Nulis Interactive""]",False,True,False,False,,2025-09
3895170,Intuitive Level Design,2025-09-01,2025-09-01,2025-09-01,False,"[""Magic Beard Studios""]","[""Magic Beard Studios""]",False,True,False,False,,2025-09
3926610,White Eternal,2025-09-01,2025-09-01,2025-09-01,False,"[""origamihero games""]","[""origamihero games""]",False,True,False,False,,2025-09
3935420,Hotdangle,2025-09-01,2025-09-01,2025-09-01,False,"[""Devorange Studio Inc""]","[""Devorange Studio Inc""]",False,True,False,False,,2025-09
3952680,Backrooms Maze 2D,2025-09-01,2025-09-01,2025-09-01,False,"[""Insanity Studios LLC""]","[""Insanity Studios LLC""]",False,True,False,False,,2025-09
990380,METAL EDEN,2025-09-02,2025-09-02,2025-09-02,False,"[""Reikon Games""]","[""Deep Silver""]",False,True,False,False,,2025-09
1622630,Otherskin,2025-09-02,2025-09-02,2025-09-02,False,"[""Game Atelier""]","[""FDG Entertainment""]",False,True,False,False,,2025-09
2167530,V's Rage,2025-09-02,2025-09-02,2025-09-02,False,"[""bit ManiaX"",""Newbix Team""]","[""bit ManiaX""]",False,True,True,True,,2025-09
2746540,Warfront,2025-09-02,2025-09-02,2025-09-02,False,"[""Michael Connelly"",""Drew Essary"",""Noah Lloyd"",""Angello Sassarini""]","[""Modern Monkey Studios""]",False,True,False,False,,2025-09
3121720,A Snail's Pace,2025-09-02,2025-09-02,2025-09-02,False,"[""Dox Studios""]","[""Dox Studios""]",False,True,True,True,,2025-09
3351040,Happy Puppy,2025-09-02,2025-09-02,2025-09-02,False,"[""Aminur Rahaman""]","[""Aminur Rahaman""]",False,True,False,False,,2025-09
3590970,Astrohaulers,2025-09-02,2025-09-02,2025-09-02,False,"[""Fern Sprout Studios""]","[""Fern Sprout Studios""]",True,True,True,False,,2025-09
3812970,The Ultimate Box Games,2025-09-02,2025-09-02,2025-09-02,False,"[""Muddy Creek Games""]","[""Muddy Creek Games""]",False,True,False,False,,2025-09
3894170,Trench Face,2025-09-02,2025-09-02,2025-09-02,False,"[""Pulse Blue""]","[""Pulse Blue""]",False,True,False,False,,2025-09
3900500,Empty Space: The Creator,2025-09-02,2025-09-02,2025-09-02,False,"[""Morteza Ahmadi""]","[""Morteza Ahmadi""]",False,True,False,False,,2025-09
3942530,1Second,2025-09-02,2025-09-02,2025-09-02,False,"[""Pablo Gafanha""]","[""Gafanhas""]",False,True,False,False,,2025-09
3948620,Luminaria,2025-09-02,2025-09-02,2025-09-02,False,"[""BBKGAMES""]","[""BBKGAMES""]",True,True,False,False,,2025-09
3953840,Baduk Challenge (Go Challenge),2025-09-02,2025-09-02,2025-09-02,False,"[""OH YU HWAN""]","[""OH YU HWAN""]",False,True,False,False,,2025-09
3956600,They won't get our eggs!,2025-09-02,2025-09-02,2025-09-02,False,"[""SpacePine Development""]","[""SpacePine Development""]",False,True,False,False,,2025-09
1748160,Warlordocracy,2025-09-03,2025-09-03,2025-09-03,False,"[""Brian J. Lancaster"",""Laughing Coyote Software""]","[""Brian J. Lancaster"",""Laughing Coyote Software""]",False,True,False,False,,2025-09
2238440,The Last Craftsman,2025-09-03,2025-09-03,2025-09-03,False,"[""AuraTummyache""]","[""AuraTummyache""]",False,True,True,True,,2025-09
2436660,Splatterbot,2025-09-03,2025-09-03,2025-09-03,False,"[""Hey! Kookaburra""]","[""Hey! Kookaburra""]",False,True,False,True,,2025-09
2904690,Scurri,2025-09-03,2025-09-03,2025-09-03,False,"[""Sarah Rawls"",""Mason Snyder"",""Brinkley Zielinski"",""Stephanie Heras""]","[""DET@ACU"",""Scurridaes""]",True,True,False,False,,2025-09
3502910,66 Confessions of St.Pinel Castle,2025-09-03,2025-09-03,2025-09-03,False,"[""SCRAP Co., Ltd.""]","[""SCRAP Co., Ltd.""]",False,True,False,False,,2025-09
3551100,They See Us,2025-09-03,2025-09-03,2025-09-03,False,"[""MalumGames""]","[""MalumGames""]",False,True,False,False,,2025-09
3736540,UNEXTINCTION,2025-09-03,2025-09-03,2025-09-03,False,"[""Amar SK""]","[""Candoria Studio""]",False,True,False,False,,2025-09
3738910,MODEL Debut3 #nicola,2025-09-03,2025-09-03,2025-09-03,False,"[""株式会社ラクジン""]","[""FURYU CORPORATION""]",False,True,False,False,,2025-09
3880220,Dimmed Light,2025-09-03,2025-09-03,2025-09-03,False,"[""PixelGuse""]","[""Derevo Games""]",False,True,False,False,,2025-09
3949080,These Are Them,2025-09-03,2025-09-03,2025-09-03,False,"[""OugenSoft""]","[""OugenSoft""]",False,True,False,False,,2025-09
1292460,Adventure of Samsara,2025-09-04,2025-09-04,2025-09-04,False,"[""Ilex Games""]","[""Atari""]",False,True,True,True,,2025-09
1620730,Hell is Us,2025-09-04,2025-09-04,2025-09-04,False,"[""Rogue Factor""]","[""Nacon""]",False,True,False,False,,2025-09
2000780,Mole Maiden,2025-09-04,2025-09-04,2025-09-04,False,"[""Tastie Games LLC.""]","[""Tastie Games LLC.""]",False,True,True,False,,2025-09
2441260,Event Race,2025-09-04,2025-09-04,2025-09-04,False,"[""Eventgames""]","[""Eventgames""]",True,True,False,True,,2025-09
2730810,EVERYBODY'S GOLF HOT SHOTS,2025-09-04,2025-09-04,2025-09-04,False,"[""HYDE, Inc.""]","[""Bandai Namco Entertainment Inc.""]",False,True,False,False,,2025-09
2860040,SIS and BRO: The Cyborg Siblings,2025-09-04,2025-09-04,2025-09-04,False,"[""ajtoons""]","[""ajtoons""]",False,True,True,True,,2025-09
3686450,John Parkour,2025-09-04,2025-09-04,2025-09-04,False,"[""HOLYPERSON""]","[""HOLYPERSON""]",False,True,False,False,,2025-09
3807570,Coin Pusher Reloaded,2025-09-04,2025-09-04,2025-09-04,False,"[""MicroRaptor Games LLC""]","[""MicroRaptor Games LLC""]",True,True,False,False,,2025-09
3810990,Row Away,2025-09-04,2025-09-04,2025-09-04,False,"[""Absolute Zero""]","[""Absolute Zero""]",False,True,False,False,,2025-09
3878510,Mr Taoist priest,2025-09-04,2025-09-04,2025-09-04,False,"[""XingLongGame""]","[""XingLongGame""]",False,True,False,False,,2025-09
3906170,The Puzzler,2025-09-04,2025-09-04,2025-09-04,False,"[""Light It Up Studio""]","[""Light It Up Studio""]",False,True,False,False,,2025-09
3906690,Diamond Painting,2025-09-04,2025-09-04,2025-09-04,False,"[""LeiZna""]","[""LeiZna""]",False,True,False,False,,2025-09
3915140,Onigiri Shop Simulator,2025-09-04,2025-09-04,2025-09-04,False,"[""Yagni Lab""]","[""Yagni Lab""]",False,True,False,False,,2025-09
3923240,Exo-Card Collector,2025-09-04,2025-09-04,2025-09-04,False,"[""LittleBallGun""]","[""LittleBallGun""]",False,True,False,False,,2025-09
3940990,SingFever - Your Sing Game,2025-09-04,2025-09-04,2025-09-04,False,"[""Gaming Limited""]","[""Gaming Limited""]",False,True,False,False,,2025-09
1342490,Daemon X Machina: Titanic Scion,2025-09-05,2025-09-05,2025-09-05,False,"[""Marvelous Inc.""]","[""XSEED Games"",""Marvelous USA, Inc."",""Marvelous Europe""]",False,True,False,False,,2025-09
2523450,Survivors Last Stand,2025-09-05,2025-09-05,2025-09-05,False,"[""Fortcullis Games""]","[""Fortcullis Games""]",False,True,False,False,,2025-09
2906270,Hidden Cats in Istanbul,2025-09-05,2025-09-05,2025-09-05,False,"[""Nukearts Studio""]","[""Nukearts Studio""]",False,True,True,False,,2025-09
3004860,Sunchaser,2025-09-05,2025-09-05,2025-09-05,False,"[""Alex Snow""]","[""Alex Snow""]",False,True,False,False,,2025-09
3059230,Ragdoll Rumble,2025-09-05,2025-09-05,2025-09-05,False,"[""Midnight Horizon""]","[""Midnight Horizon""]",True,True,False,False,,2025-09
3144520,Robes & Wrinkles,2025-09-05,2025-09-05,2025-09-05,False,"[""Tombstone Studios Ltd.""]","[""Tombstone Studios Ltd.""]",False,True,False,False,,2025-09
3216500,SHUTEN ORDER,2025-09-05,2025-09-05,2025-09-05,False,"[""Neilo Inc.""]","[""EXNOA LLC"",""Spike Chunsoft Co., Ltd.""]",False,True,False,False,,2025-09
3442880,Touhou Farming ~ Minoriko's Homestead Harvest,2025-09-05,2025-09-05,2025-09-05,False,"[""Studio Hexeye""]","[""Studio Hexeye""]",False,True,False,False,,2025-09
3474400,Shadows of the Past,2025-09-05,2025-09-05,2025-09-05,False,"[""SomeTimesAtNight""]","[""SomeTimesAtNight""]",False,True,True,True,,2025-09
3531980,Obscurite Magie 3: The Divine Stones,2025-09-05,2025-09-05,2025-09-05,False,"[""Syun-kan Flowlighter""]","[""Kagura Games""]",False,True,False,False,,2025-09
3561190,Bad Midwife,2025-09-05,2025-09-05,2025-09-05,False,"[""Valter Negreiros""]","[""Valter Negreiros""]",False,True,False,False,,2025-09
3591770,Helping Hand,2025-09-05,2025-09-05,2025-09-05,False,"[""Erupting Moka""]","[""Erupting Moka""]",False,True,False,False,,2025-09
3624920,The Minister,2025-09-05,2025-09-05,2025-09-05,False,"[""LALALA Games""]","[""LALALA Games""]",False,True,False,False,,2025-09
3625340,Buckshot Battlemage,2025-09-05,2025-09-05,2025-09-05,False,"[""squid_lawyer""]","[""squid_lawyer""]",False,True,False,True,,2025-09
3772460,Blacktop Hustle,2025-09-05,2025-09-05,2025-09-05,False,"[""GenuImitation""]","[""GenuImitation""]",False,True,False,False,,2025-09
3829880,Touhou Kouzougi　～ Flickerframe Shutter Festival,2025-09-05,2025-09-05,2025-09-05,False,"[""Ryann Thierry""]","[""Ryann Thierry""]",False,True,False,False,,2025-09
3854410,ZahmahreL - Chapter 1,2025-09-05,2025-09-05,2025-09-05,False,"[""Farkas Interactive""]","[""Farkas Interactive""]",False,True,False,False,,2025-09
3914710,Hockey Legacy Manager 26,2025-09-05,2025-09-05,2025-09-05,False,"[""Hockey Legacy Manager""]","[""Hockey Legacy Manager""]",False,True,True,False,,2025-09
3925540,Infestation on Epsilon 13,2025-09-05,2025-09-05,2025-09-05,False,"[""Xayba""]","[""Xayba""]",False,True,False,False,,2025-09
3929030,Why Did You Leave Me Like This?,2025-09-05,2025-09-05,2025-09-05,False,"[""LeahGames""]","[""LeahGames""]",False,True,False,False,,2025-09
3944850,Statecraft,2025-09-05,2025-09-05,2025-09-05,False,"[""Rabro""]","[""Rabro""]",False,True,False,False,,2025-09
3451200,Spider Canyon,2025-09-06,2025-09-06,2025-09-06,False,"[""GrilledBlueTuna"",""Nathan Lapp""]","[""RedRebelInteractive""]",False,True,False,True,,2025-09
3548050,The Lost Song,2025-09-06,2025-09-06,2025-09-06,False,"[""Tessaland""]","[""Tessaland""]",False,True,True,True,,2025-09
3584910,Terror Call,2025-09-06,2025-09-06,2025-09-06,False,"[""Solozard Games""]","[""Solozard Games""]",False,True,False,False,,2025-09
3947730,Journey To Dawn,2025-09-06,2025-09-06,2025-09-06,False,"[""月下辉煌""]","[""月下辉煌""]",False,True,False,False,,2025-09
2722680,The Winter Mind,2025-09-07,2025-09-07,2025-09-07,False,"[""Sempiternal Rain"",""Slavikus39""]","[""Sempiternal Rain"",""Slavikus39""]",False,True,False,False,,2025-09
2952970,The Rule Of SHE,2025-09-07,2025-09-07,2025-09-07,False,"[""HaiBin studio""]","[""HaiBin studio""]",False,True,False,False,,2025-09
3582640,• Dread Chess ✣,2025-09-07,2025-09-07,2025-09-07,False,"[""• NullTale""]","[""• NullTale Scape""]",True,True,False,False,,2025-09
3612850,The Lightkeeper,2025-09-07,2025-09-07,2025-09-07,False,"[""Darkphobia Games""]","[""Darkphobia Games""]",False,True,False,False,,2025-09
3752870,Everranger,2025-09-07,2025-09-07,2025-09-07,False,"[""Hainan Junqian Network Technology Co., Ltd.""]","[""Hainan Junqian Network Technology Co., Ltd.""]",True,True,False,False,,2025-09
3754210,D.E.A.T.H.,2025-09-07,2025-09-07,2025-09-07,False,"[""Kyle Smith""]","[""Kyle Smith""]",False,True,False,False,,2025-09
3966950,Cute Warrior Girl 2 (큐트 여전사 2),2025-09-07,2025-09-07,2025-09-07,False,"[""SEO SOFT""]","[""SEO SOFT""]",True,True,False,False,,2025-09
2481640,Mage and Monsters II,2025-09-08,2025-09-08,2025-09-08,False,"[""Lasse Zacho Malver""]","[""Lasse Zacho Malver""]",False,True,False,False,,2025-09
2904420,MagicCar of Delicious,2025-09-08,2025-09-08,2025-09-08,False,"[""YINGGUO GAME""]","[""YINGGUO GAME""]",False,True,False,False,,2025-09
2986340,Flood,2025-09-08,2025-09-08,2025-09-08,False,"[""SCHIZO GAMES""]","[""SCHIZO GAMES""]",False,True,False,False,,2025-09
3410630,Waning Flowers of a World Eternal - The Rainbow Appears After Flowering Rain,2025-09-08,2025-09-08,2025-09-08,False,"[""SWEET&TEA""]","[""Shiravune""]",False,True,False,False,,2025-09
3586670,Mahjong Solitaire Pro,2025-09-08,2025-09-08,2025-09-08,False,"[""Hard Shark Games""]","[""Hard Shark Games""]",False,True,False,False,,2025-09
3586880,Sudoku Pro,2025-09-08,2025-09-08,2025-09-08,False,"[""Hard Shark Games""]","[""Hard Shark Games""]",False,True,False,False,,2025-09
3682530,尸来运转-Lucky Zombie Survival,2025-09-08,2025-09-08,2025-09-08,False,"[""Kwing works""]","[""Kwing works"",""Limit Break""]",False,True,False,False,,2025-09
3933360,Rock and Stone,2025-09-08,2025-09-08,2025-09-08,False,"[""Pinecone Studios""]","[""Pinecone Studios""]",True,True,False,False,,2025-09
3936030,Visit Azores,2025-09-08,2025-09-08,2025-09-08,False,"[""Peter Nagy""]","[""NP Software""]",False,True,False,False,,2025-09
2072560,DRAGON BALL GEKISHIN SQUADRA,2025-09-09,2025-09-09,2025-09-09,False,"[""GANBARION Co., Ltd.""]","[""Bandai Namco Entertainment""]",True,True,False,False,,2025-09
2653470,Little Problems: A Cozy Detective Game,2025-09-09,2025-09-09,2025-09-09,False,"[""Posh Cat Studios""]","[""Amplified Games""]",False,True,False,False,,2025-09
3202370,Necropolis Nights,2025-09-09,2025-09-09,2025-09-09,False,"[""DevDelta""]","[""DevDelta""]",False,True,False,False,,2025-09
3572960,The Last hope,2025-09-09,2025-09-09,2025-09-09,False,"[""granada studio team""]","[""Granada_Studio""]",True,True,False,False,,2025-09
3913090,Dawn After Dusk,2025-09-09,2025-09-09,2025-09-09,False,"[""Alexis Clay""]","[""Alexis Clay""]",True,True,False,False,,2025-09
3928150,Find Me,2025-09-09,2025-09-09,2025-09-09,False,"[""Ludmila Pislova"",""Hana Bauerova""]","[""HALUVERSE STUDIOS""]",False,True,False,False,,2025-09
1509970,Celestial Empire: Prologue,2025-09-10,2025-09-10,2025-09-10,False,"[""President Studio""]","[""President Studio"",""PlayWay S.A.""]",True,True,False,False,,2025-09
2292870,Eternal Rising,2025-09-10,2025-09-10,2025-09-10,False,"[""Lucapy Studio""]","[""Lucapy Studio""]",False,True,False,False,,2025-09
2503550,Operation Octo,2025-09-10,2025-09-10,2025-09-10,False,"[""Klub Kofta Studio""]","[""Klub Kofta Studio""]",False,True,True,True,,2025-09
3239650,Garfield Kart 2 - All You Can Drift,2025-09-10,2025-09-10,2025-09-10,False,"[""Eden Games""]","[""Microids""]",False,True,False,False,,2025-09
3326580,Raybounder,2025-09-10,2025-09-10,2025-09-10,False,"[""zilard""]","[""zilard""]",False,True,False,False,,2025-09
3449040,Machick 2,2025-09-10,2025-09-10,2025-09-10,False,"[""DeadPixel""]","[""DeadPixel"",""Vsoo Games""]",False,True,False,False,,2025-09
3516800,Hyper Mice Rescue,2025-09-10,2025-09-10,2025-09-10,False,"[""Miano Studios""]","[""Miano Studios""]",False,True,True,True,,2025-09
3686940,Uncanny Tales: 1992,2025-09-10,2025-09-10,2025-09-10,False,"[""VYASTUDIO""]","[""VYASTUDIO""]",False,True,False,False,,2025-09
3842700,P1: Anchor Light,2025-09-10,2025-09-10,2025-09-10,False,"[""Deadbolt Interactive"",""Perp Games""]","[""Perp Games""]",False,True,False,False,,2025-09
3846730,Planetris,2025-09-10,2025-09-10,2025-09-10,False,"[""Milky Fox""]","[""Milky Fox""]",False,True,False,False,,2025-09
3932880,Step Away,2025-09-10,2025-09-10,2025-09-10,False,"[""Nementic Games""]","[""Nementic Games""]",True,True,False,False,,2025-09
3953080,Melon Bounce,2025-09-10,2025-09-10,2025-09-10,False,"[""Ransuz Studio""]","[""Ransuz Studio""]",False,True,False,False,,2025-09
3976540,Defense X,2025-09-10,2025-09-10,2025-09-10,False,"[""Hcenter Game""]","[""30 Game Studio""]",False,True,False,False,,2025-09
2140810,Trinity Building Editor,2025-09-11,2025-09-11,2025-09-11,False,"[""Octopus Entertainment LTD""]","[""Octopus Entertainment LTD""]",False,True,False,False,,2025-09
2177940,Odania Sports Arena,2025-09-11,2025-09-11,2025-09-11,False,"[""Odania GmbH""]","[""Odania GmbH""]",False,True,False,False,,2025-09
2928690,Wandness: WandCraft Survivor,2025-09-11,2025-09-11,2025-09-11,False,"[""Knight Owl Games"",""Binary Lunar""]","[""Knight Owl Games""]",False,True,False,False,,2025-09
3059160,Wizard Duel,2025-09-11,2025-09-11,2025-09-11,False,"[""Moritz Schick""]","[""Moritz Schick""]",False,True,False,False,,2025-09
3300760,LootMage,2025-09-11,2025-09-11,2025-09-11,False,"[""CurlyMango""]","[""CurlyMango""]",False,True,False,False,,2025-09
3344770,Axe & Bow Land,2025-09-11,2025-09-11,2025-09-11,False,"[""elcanogames"",""LunaVioleta Estudios""]","[""elcanogames"",""LunaVioleta Estudios""]",False,True,False,False,,2025-09
3469230,Baki Hanma: Blood Arena,2025-09-11,2025-09-11,2025-09-11,False,"[""Purple Tree S R L""]","[""Purple Play LLC""]",False,True,False,False,,2025-09
3505240,Deaded The Runner,2025-09-11,2025-09-11,2025-09-11,False,"[""Shaun""]","[""Shaun""]",False,True,False,False,,2025-09
3520030,Knock On The Window,2025-09-11,2025-09-11,2025-09-11,False,"[""Tropical Games""]","[""Tropical Games""]",False,True,False,False,,2025-09
3628580,Digging the Forgotten Cave,2025-09-11,2025-09-11,2025-09-11,False,"[""Cavernauts""]","[""Cavernauts""]",False,True,False,False,,2025-09
3809620,100 Cats Lost in Thailand Find & Color,2025-09-11,2025-09-11,2025-09-11,False,"[""Two Cats Games""]","[""Two Cats Games""]",True,True,False,False,,2025-09
3838140,Unicycle Sheep,2025-09-11,2025-09-11,2025-09-11,False,"[""Fermented Water""]","[""Fermented Water""]",False,True,False,False,,2025-09
3928270,The Barber Shop,2025-09-11,2025-09-11,2025-09-11,False,"[""Ayrton Alexis""]","[""Ayrton Alexis""]",False,True,False,False,,2025-09
3928750,PKWAR,2025-09-11,2025-09-11,2025-09-11,False,"[""pkwar.org""]","[""pkwar.org""]",True,True,False,True,,2025-09
3944230,7 Dice Destroyers,2025-09-11,2025-09-11,2025-09-11,False,"[""Lunaronin777""]","[""Lunaronin777""]",False,True,False,False,,2025-09
3947310,Fungal Colony Sim 2,2025-09-11,2025-09-11,2025-09-11,False,"[""Skylor Beck""]","[""Ghost Script Games""]",False,True,False,False,,2025-09
1154140,Pity Please!,2025-09-12,2025-09-12,2025-09-12,False,"[""RebelMedia Interactive""]","[""RebelMedia Interactive""]",False,True,False,False,,2025-09
1665260,Beyond Sunset,2025-09-12,2025-09-12,2025-09-12,False,"[""Metacorp / Vaporware""]","[""Movie Games S.A.""]",False,True,True,True,,2025-09
2393510,Master of Luna,2025-09-12,2025-09-12,2025-09-12,False,"[""Aleksandr Tiupin""]","[""Aleksandr Tiupin""]",False,True,True,True,,2025-09
2673560,Wolf Knight Memoir,2025-09-12,2025-09-12,2025-09-12,False,"[""Phat Playing Panda""]","[""Phat Playing Panda""]",False,True,True,False,,2025-09
2707080,Inflatum,2025-09-12,2025-09-12,2025-09-12,False,"[""Michael Henderson"",""Inflatum Forum"",""Inflatum Announcements""]","[""QR Mosaics""]",False,True,True,False,,2025-09
3415460,恋愛花道,2025-09-12,2025-09-12,2025-09-12,False,"[""ひとりサークル「匙投げ部」""]","[""Waku Waku Games""]",False,True,False,False,,2025-09
3474140,Azmar Quest - Text Based RPG,2025-09-12,2025-09-12,2025-09-12,False,"[""Sevan Soukiassian""]","[""Sevan Games""]",False,True,False,True,,2025-09
3540550,Purgatory’s Flower,2025-09-12,2025-09-12,2025-09-12,False,"[""vivid selfish""]","[""vivid selfish""]",False,True,False,False,,2025-09
3641420,Magecraft: Spellbuilding,2025-09-12,2025-09-12,2025-09-12,False,"[""Violet Grimoire""]","[""Violet Grimoire""]",True,True,False,False,,2025-09
3797930,Curtainfall,2025-09-12,2025-09-12,2025-09-12,False,"[""Team Curtainfall""]","[""Team Curtainfall""]",True,True,False,False,,2025-09
3847960,Frontier Combat: Beginnings,2025-09-12,2025-09-12,2025-09-12,False,"[""MMNakamuraZ""]","[""MMNakamuraZ""]",True,True,False,False,,2025-09
3848430,Square: Trial And Error,2025-09-12,2025-09-12,2025-09-12,False,"[""Arcainess""]","[""Arcainess""]",False,True,False,False,,2025-09
3915050,Catch Sunlight Museum,2025-09-12,2025-09-12,2025-09-12,False,"[""Catch Sunlight Technologies""]","[""Catch Sunlight Technologies""]",True,True,False,False,,2025-09
3923230,WORLDS: The Great Odyssey,2025-09-12,2025-09-12,2025-09-12,False,"[""Pleroma Studios""]","[""Pleroma Studios""]",False,True,False,False,,2025-09
3937540,Links,2025-09-12,2025-09-12,2025-09-12,False,"[""Alexis Clemente""]","[""AleC Games""]",False,True,False,False,,2025-09
3953280,BIRDHOUSE,2025-09-12,2025-09-12,2025-09-12,False,"[""HELLLST4R""]","[""HELLLST4R""]",True,True,False,False,,2025-09
3979220,YUNHANZHI,2025-09-12,2025-09-12,2025-09-12,False,"[""YEZHUGAME""]","[""YEZHUGAME""]",False,True,True,False,,2025-09
3989860,Jonny's Medieval Adventure,2025-09-12,2025-09-12,2025-09-12,False,"[""fotty1""]","[""Mini Script Games""]",False,True,False,False,,2025-09
3990400,Big BEAUTIFUL Van Derby Racing,2025-09-12,2025-09-12,2025-09-12,False,"[""FlagmanJeremy""]","[""FlagmanJeremy""]",False,True,False,False,,2025-09
3371480,蜀汉再临：源起 Restart ShuHan Dynasty:Origin,2025-09-13,2025-09-13,2025-09-13,False,"[""浙江海蕊盈信网络科技有限公司""]","[""浙江海蕊盈信网络科技有限公司""]",False,True,False,False,,2025-09
3415240,Cozy Organizer,2025-09-13,2025-09-13,2025-09-13,False,"[""Rogue Duck Interactive""]","[""Rogue Duck Interactive"",""Gamersky Games""]",False,True,True,True,,2025-09
3748360,Rogue Pong,2025-09-13,2025-09-13,2025-09-13,False,"[""Andreii Sadovskyi""]","[""Andreii Sadovskyi""]",False,True,False,False,,2025-09
3983420,JAGAR - Just a game about a rectangle,2025-09-13,2025-09-13,2025-09-13,False,"[""GSM Developer""]","[""GSM Developer""]",False,True,False,False,,2025-09
2876200,eXoSpace Combat Engineer,2025-09-14,2025-09-14,2025-09-14,False,"[""Fantastimaker""]","[""Fantastimaker""]",False,True,False,False,,2025-09
3158600,Stunt Dog Adventure,2025-09-14,2025-09-14,2025-09-14,False,"[""Beersy Games""]","[""Stunt Dog Productions""]",False,True,False,False,,2025-09
3730170,HARBINGER - Legacy Edition,2025-09-14,2025-09-14,2025-09-14,False,"[""Asterik Games""]","[""Asterik Games""]",False,True,False,False,,2025-09
3911950,Dirtzone,2025-09-14,2025-09-14,2025-09-14,False,"[""Oguz Abdullah Celik"",""ALIyerEdon""]","[""Casayona Studio""]",False,True,False,False,,2025-09
3955460,NewMonster,2025-09-14,2025-09-14,2025-09-14,False,"[""Buravic Simion""]","[""UIMT""]",False,True,False,False,,2025-09
3957480,Western Gun Shop Simulator,2025-09-14,2025-09-14,2025-09-14,False,"[""Arafkan Games""]","[""Arafkan Games""]",False,True,False,False,,2025-09
1330360,Fata Deum - The God Sim,2025-09-15,2025-09-15,2025-09-15,False,"[""42 Bits Entertainment""]","[""Aerosoft GmbH ""]",False,True,False,False,,2025-09
1538550,LEGO® Voyagers,2025-09-15,2025-09-15,2025-09-15,False,"[""Light Brick Studio""]","[""Annapurna Interactive""]",False,True,False,False,,2025-09
1936360,Escape From Mandrillia: Local Asymmetric VR+PC,2025-09-15,2025-09-15,2025-09-15,False,"[""German Bandera""]","[""German Bandera""]",False,True,False,False,,2025-09
2218400,Greedland,2025-09-15,2025-09-15,2025-09-15,False,"[""VaMP He""]","[""Gamersky Games"",""2P Games""]",False,True,False,False,,2025-09
2327950,Citadel Anew,2025-09-15,2025-09-15,2025-09-15,False,"[""Radical Byte""]","[""Radical Byte""]",False,True,False,False,,2025-09
2367120,Blood Lily Ghoststories,2025-09-15,2025-09-15,2025-09-15,False,"[""Sounding Stone / 老奉毊"",""MaouCat Studio / 魔王貓工作室""]","[""Sounding Stone / 老奉毊"",""RMAsia""]",False,True,False,False,,2025-09
2424300,Grey Heritage: Noble Duty,2025-09-15,2025-09-15,2025-09-15,False,"[""BTrain Studio""]","[""BTrain Studio"",""VelCrest Games""]",False,True,False,False,,2025-09
2479770,Troublemaker 2: Beyond Dream,2025-09-15,2025-09-15,2025-09-15,False,"[""Gamecom Team""]","[""indie.io""]",False,True,False,False,,2025-09
2651090,Super Stream-Bara,2025-09-15,2025-09-15,2025-09-15,False,"[""Ninja Flamingos""]","[""Ninja Flamingos""]",False,True,False,False,,2025-09
2731330,TROLEU,2025-09-15,2025-09-15,2025-09-15,False,"[""andrground""]","[""CRITICAL REFLEX""]",False,True,False,False,,2025-09
2739150,I Want to Believe,2025-09-15,2025-09-15,2025-09-15,False,"[""Fang's Lab""]","[""Fang's Lab""]",False,True,False,False,,2025-09
2760580,Mars Attracts,2025-09-15,2025-09-15,2025-09-15,False,"[""Outlier""]","[""Outlier""]",False,True,False,False,,2025-09
3160110,Starbug Troopers : The 4 horseflies of the apocalypse,2025-09-15,2025-09-15,2025-09-15,False,"[""Big Loot Games""]","[""Big Loot Games""]",False,True,False,False,,2025-09
3180070,"No, I'm not a Human",2025-09-15,2025-09-15,2025-09-15,False,"[""Trioskaz""]","[""CRITICAL REFLEX""]",False,True,False,False,,2025-09
3330420,Elohim Eternal II: Son of Man,2025-09-15,2025-09-15,2025-09-15,False,"[""George Alexandros""]","[""George Alexandros""]",False,True,False,False,,2025-09
3479160,Holy Hoop,2025-09-15,2025-09-15,2025-09-15,False,"[""Zimta""]","[""Zimta Games""]",True,True,False,True,,2025-09
3590020,Roulette Pro Simulator,2025-09-15,2025-09-15,2025-09-15,False,"[""Hard Shark Games""]","[""Hard Shark Games""]",False,True,False,False,,2025-09
3684320,Clutter 18: Joe's Ultimate Challenge - Collector's Edition,2025-09-15,2025-09-15,2025-09-15,False,"[""Puzzles by Joe""]","[""Grey Alien Games""]",False,True,False,False,,2025-09
3734990,Pro Strategy Football 2026,2025-09-15,2025-09-15,2025-09-15,False,"[""Kerry Batts""]","[""Pro Strategy Games""]",False,True,True,False,,2025-09
3812120,Breadbulls,2025-09-15,2025-09-15,2025-09-15,False,"[""Pataroro""]","[""Pataroro""]",False,True,False,False,,2025-09
3845440,Split Second VR Tactical Shooter,2025-09-15,2025-09-15,2025-09-15,False,"[""Robertson Gaming Studios""]","[""Robertson Gaming Studios""]",False,True,False,False,,2025-09
3858850,Hydra Heli,2025-09-15,2025-09-15,2025-09-15,False,"[""Ideas Per Second""]","[""Ideas Per Second""]",False,True,False,False,,2025-09
3928260,Meteor Strike,2025-09-15,2025-09-15,2025-09-15,False,"[""Turtle Gaming""]","[""Turtle Gaming""]",False,True,False,False,,2025-09
3946860,Begin the Slaughter,2025-09-15,2025-09-15,2025-09-15,False,"[""Murder Who""]","[""Murder Who""]",False,True,False,True,,2025-09
3960120,ZeroZeta,2025-09-15,2025-09-15,2025-09-15,False,"[""zincik""]","[""zincik""]",False,True,False,True,,2025-09
3967160,Chair Debiti,2025-09-15,2025-09-15,2025-09-15,False,"[""ChairDev""]","[""ChairDev""]",False,True,False,False,,2025-09
1581370,Into the Evernight,2025-09-16,2025-09-16,2025-09-16,False,"[""Basoosh""]","[""Basoosh""]",True,True,False,False,,2025-09
2058140,Henry Halfhead,2025-09-16,2025-09-16,2025-09-16,False,"[""Lululu Entertainment""]","[""Lululu Entertainment"",""popagenda""]",False,True,False,False,,2025-09
2507560,Type-NOISE: Shonen Shojo,2025-09-16,2025-09-16,2025-09-16,False,"[""DankHearts""]","["" WhisperGames""]",False,True,False,False,,2025-09
2807240,Swamp Up,2025-09-16,2025-09-16,2025-09-16,False,"[""Torress Studios""]","[""Torress Studios""]",False,True,False,False,,2025-09
3120890,CatCat,2025-09-16,2025-09-16,2025-09-16,False,"[""bogy house""]","[""bogy house""]",False,True,True,False,,2025-09
3281330,A Simple Ball Game,2025-09-16,2025-09-16,2025-09-16,False,"[""Pajama Town""]","[""Pajama Town""]",False,True,False,False,,2025-09
3354750,skate.,2025-09-16,2025-09-16,2025-09-16,False,"[""Full Circle""]","[""Electronic Arts""]",True,True,False,False,,2025-09
3454570,Schoolboy Escape 2: Village,2025-09-16,2025-09-16,2025-09-16,False,"[""D one Games""]","[""Andgo Games""]",False,True,False,False,,2025-09
3629360,Sanity Loops,2025-09-16,2025-09-16,2025-09-16,False,"[""375 Games""]","[""375 Games""]",False,True,False,False,,2025-09
3688590,Asphyxiation,2025-09-16,2025-09-16,2025-09-16,False,"[""Ailith Nix""]","[""Ailith Nix""]",True,True,False,False,,2025-09
3738820,Nonogram Nonsense,2025-09-16,2025-09-16,2025-09-16,False,"[""Computer Wizard Games""]","[""Computer Wizard Games""]",False,True,False,True,,2025-09
3795490,Don't Get Your Hopes Up,2025-09-16,2025-09-16,2025-09-16,False,"[""Krish Raghav""]","[""Krish Raghav""]",True,True,True,True,,2025-09
3821900,Hot Pig Jump!,2025-09-16,2025-09-16,2025-09-16,False,"[""DekkaRuby Games""]","[""DekkaRuby Games""]",False,True,False,False,,2025-09
3843570,Combat Mission 3: Afrika Korps,2025-09-16,2025-09-16,2025-09-16,False,"[""Battlefront.com""]","[""SNEG""]",False,True,False,False,,2025-09
3854020,DACHA,2025-09-16,2025-09-16,2025-09-16,False,"[""VD Games"",""PropilGames""]","[""VD Games""]",False,True,False,False,,2025-09
3859020,Orbital Purge,2025-09-16,2025-09-16,2025-09-16,False,"[""Bozjatorium""]","[""Bozjatorium""]",False,True,False,True,,2025-09
3918500,Bubble's Travel,2025-09-16,2025-09-16,2025-09-16,False,"[""YunheCulture""]","[""YunheCulture""]",False,True,True,False,,2025-09
3938610,Locally Sourced Anthology II: The Timeline,2025-09-16,2025-09-16,2025-09-16,False,"[""Flyover Games"",""Blueshift Interactive ""]","[""Flyover Games""]",False,True,False,False,,2025-09
3951630,The Day of the Jellyfish,2025-09-16,2025-09-16,2025-09-16,False,"[""Duck Made Of Wood""]","[""Dionous Games""]",True,True,True,True,,2025-09
3968380,Arachnaut,2025-09-16,2025-09-16,2025-09-16,False,"[""Pacific Media"",""Manuel Pacific""]","[""Pacific Media""]",False,True,True,False,,2025-09
3973090,GravityMan,2025-09-16,2025-09-16,2025-09-16,False,"[""MEYOSOFT""]","[""MEYOSOFT""]",False,True,False,False,,2025-09
3977750,Truck Parking World,2025-09-16,2025-09-16,2025-09-16,False,"[""D&A GAMES""]","[""D&A GAMES""]",False,True,False,False,,2025-09
4024130,Charm&Clue,2025-09-16,2025-09-16,2025-09-16,False,"[""8floor ltd""]","[""8floor ltd""]",False,True,False,False,,2025-09
1844460,Termina,2025-09-17,2025-09-17,2025-09-17,False,"[""Dark Moon Games""]","[""Dark Moon Games""]",False,True,False,False,,2025-09
2321470,Deep Rock Galactic: Survivor,2025-09-17,2025-09-17,2025-09-17,False,"[""Funday Games""]","[""Ghost Ship Publishing""]",False,True,False,False,,2025-09
2522040,Epic Trains 4,2025-09-17,2025-09-17,2025-09-17,False,"[""Andrew Rowe""]","[""Andrew Rowe""]",False,True,False,True,,2025-09
3200260,Little Renters,2025-09-17,2025-09-17,2025-09-17,False,"[""JnB""]","[""JnB""]",False,True,False,False,,2025-09
3355080,Vicious Cycle,2025-09-17,2025-09-17,2025-09-17,False,"[""Brave Traveller Games""]","[""Brave Traveller Games""]",False,True,False,False,,2025-09
3563700,Car Driving School Simulator,2025-09-17,2025-09-17,2025-09-17,False,"[""BoomBit""]","[""BoomBit""]",False,True,True,True,,2025-09
3646320,Persona Shell,2025-09-17,2025-09-17,2025-09-17,False,"[""遊樂黨 Yo!DawnLa""]","[""遊樂黨 Yo!DawnLa""]",False,True,False,False,,2025-09
3714810,Mantle,2025-09-17,2025-09-17,2025-09-17,False,"[""Short Circuit""]","[""Short Circuit""]",True,True,True,False,,2025-09
3716650,Antivirus PROTOCOL,2025-09-17,2025-09-17,2025-09-17,False,"[""FIREHIVE Studio""]","[""FIREHIVE Studio""]",False,True,False,False,,2025-09
3789440,The Adventure of Sunny the hedgehog,2025-09-17,2025-09-17,2025-09-17,False,"[""fuzx45""]","[""fuzx45""]",False,True,False,False,,2025-09
3874050,Duck Life 4 Classic,2025-09-17,2025-09-17,2025-09-17,False,"[""Wix Games""]","[""MAD.com""]",False,True,True,False,,2025-09
3877570,Spencer's Spaghetti Quest,2025-09-17,2025-09-17,2025-09-17,False,"[""Epitaph Games""]","[""Epitaph Games""]",True,True,False,False,,2025-09
3883560,Lunavoid,2025-09-17,2025-09-17,2025-09-17,False,"[""BluSkie""]","[""BluSkie""]",False,True,False,False,,2025-09
3884050,Night Shift at Nate's,2025-09-17,2025-09-17,2025-09-17,False,"[""natieyamylostrealacc"",""SXP""]","[""natieyamylostrealacc""]",False,True,False,False,,2025-09
3899160,G-MODEアーカイブス+ ステラデウス 漆黒の精霊,2025-09-17,2025-09-17,2025-09-17,False,"[""G-MODE"",""ATLUS""]","[""G-MODE""]",False,True,False,False,,2025-09
3988390,New Yankee: Pirate Trap,2025-09-17,2025-09-17,2025-09-17,False,"[""Alawar Casual""]","[""Alawar Casual""]",False,True,False,False,,2025-09
1275550,Arctic Awakening,2025-09-18,2025-09-18,2025-09-18,False,"[""GoldFire Studios""]","[""GoldFire Studios""]",False,True,True,False,,2025-09
1605250,Moros Protocol,2025-09-18,2025-09-18,2025-09-18,False,"[""Pixel Reign""]","[""Super Rare Originals""]",False,True,False,False,,2025-09
2299690,香恋Ready！,2025-09-18,2025-09-18,2025-09-18,False,"[""芙气满满制作组""]","[""Wise Games""]",False,True,False,False,,2025-09
3055230,Sex any cost but free,2025-09-18,2025-09-18,2025-09-18,False,"[""Sebasa Games""]","[""Sebasa Games""]",False,True,False,False,,2025-09
3059670,Duel Legends,2025-09-18,2025-09-18,2025-09-18,False,"[""Red Cake""]","[""Red Cake""]",True,True,True,False,,2025-09
3077570,MOMO Crash,2025-09-18,2025-09-18,2025-09-18,False,"[""SKOOTA GAMES""]","[""SCOOTER FILMS INC.""]",False,True,True,False,,2025-09
3194360,Formula Legends,2025-09-18,2025-09-18,2025-09-18,False,"[""3DClouds""]","[""3DClouds""]",False,True,False,False,,2025-09
3236710,Puzzle Quest: Immortal Edition,2025-09-18,2025-09-18,2025-09-18,False,"[""Infinity Plus 2""]","[""505 Games""]",False,True,False,False,,2025-09
3293010,Easy Delivery Co.,2025-09-18,2025-09-18,2025-09-18,False,"[""Sam C""]","[""Oro Interactive""]",False,True,False,False,,2025-09
3405340,Megabonk,2025-09-18,2025-09-18,2025-09-18,False,"[""vedinad""]","[""vedinad""]",False,True,False,True,,2025-09
3446680,Heartbeat in Thailand,2025-09-18,2025-09-18,2025-09-18,False,"[""RainbowGame""]","[""RainbowGame""]",False,True,True,False,,2025-09
3532890,Dad's Monster House 2: MEDAL,2025-09-18,2025-09-18,2025-09-18,False,"[""Cotton Game""]","[""Cotton Game""]",False,True,True,False,,2025-09
3631260,Hollowdeep,2025-09-18,2025-09-18,2025-09-18,False,"[""Kyle Burgin""]","[""Kyle Burgin""]",False,True,False,False,,2025-09
3722540,Space Race,2025-09-18,2025-09-18,2025-09-18,False,"[""Eivind Aanestad""]","[""Eivind Aanestad""]",False,True,True,True,,2025-09
3747790,Ball Space,2025-09-18,2025-09-18,2025-09-18,False,"[""pheelGames""]","[""pheelGames""]",True,True,False,False,,2025-09
3882340,W3DGE,2025-09-18,2025-09-18,2025-09-18,False,"[""Nephilim""]","[""Nephilim""]",False,True,False,False,,2025-09
3897990,Haunted ROM: The Lost Cartridge,2025-09-18,2025-09-18,2025-09-18,False,"[""Crit42 Studio""]","[""Crit42 Studio""]",False,True,False,False,,2025-09
3955000,Mars Training Camp,2025-09-18,2025-09-18,2025-09-18,False,"[""Christopher Shove""]","[""Simwerx LLC"",""SIMWERXLLC.COM""]",False,True,False,False,,2025-09
3974050,HeroField: Game Craft,2025-09-18,2025-09-18,2025-09-18,False,"[""Bit Boy Games""]","[""Bit Boy Games""]",False,True,False,False,,2025-09
3975330,Exit Casino,2025-09-18,2025-09-18,2025-09-18,False,"[""Stellra Pixel Game""]","[""Stellra Pixel Game""]",False,True,True,False,,2025-09
3991340,BoxMaster,2025-09-18,2025-09-18,2025-09-18,False,"[""Halenill""]","[""Halenill""]",False,True,False,False,,2025-09
1575810,Wander Stars,2025-09-19,2025-09-19,2025-09-19,False,"[""Paper Castle Games""]","[""Fellow Traveller"",""Beep Japan""]",False,True,False,False,,2025-09
1693040,Synthwave Burnout,2025-09-19,2025-09-19,2025-09-19,False,"[""Whale Rock Games""]","[""Whale Rock Games""]",False,True,False,False,,2025-09
1757300,Jump Space,2025-09-19,2025-09-19,2025-09-19,False,"[""Keepsake Games""]","[""Keepsake Games""]",False,True,False,False,,2025-09
2025870,The Drain,2025-09-19,2025-09-19,2025-09-19,False,"[""Hatokuma Games""]","[""Hatokuma Games""]",False,True,True,False,,2025-09
2179390,Dyer Expedition,2025-09-19,2025-09-19,2025-09-19,False,"[""Monkeys With Jobs""]","[""Monkeys With Jobs""]",False,True,False,False,,2025-09
3375780,Trails in the Sky 1st Chapter,2025-09-19,2025-09-19,2025-09-19,False,"[""Nihon Falcom""]","[""GungHo Online Entertainment America, Inc.""]",False,True,False,False,,2025-09
3422180,Sokobos 2,2025-09-19,2025-09-19,2025-09-19,False,"[""Martin Games""]","[""Martin Games""]",False,True,True,True,,2025-09
3428730,Firefighter Frankie 🚒,2025-09-19,2025-09-19,2025-09-19,False,"[""PyroPeak Studios""]","[""PyroPeak Studios""]",False,True,False,False,,2025-09
3434460,Asteroidia,2025-09-19,2025-09-19,2025-09-19,False,"[""Duk Studios""]","[""Duk Studios""]",True,True,False,False,,2025-09
3447040,Sora no Kiseki the 1st,2025-09-19,2025-09-19,2025-09-19,False,"[""Nihon Falcom""]","[""Clouded Leopard Entertainment""]",False,True,False,False,,2025-09
3498560,Cactus Simulator Remake,2025-09-19,2025-09-19,2025-09-19,False,"[""Dynamic Games""]","[""Dynamic Games""]",False,True,False,False,,2025-09
3575380,Dungeon Escape,2025-09-19,2025-09-19,2025-09-19,False,"[""NyXart""]","[""NyXart""]",False,True,False,False,,2025-09
3762990,Erzperium,2025-09-19,2025-09-19,2025-09-19,False,"[""PhandoGames""]","[""PhandoGames""]",False,True,False,False,,2025-09
3764120,你的牛子,2025-09-19,2025-09-19,2025-09-19,False,"["" lamb of game""]","["" lamb of game""]",False,True,False,False,,2025-09
3862060,My First PC Game,2025-09-19,2025-09-19,2025-09-19,False,"[""Your Future Heroes LLC""]","[""Your Future Heroes LLC""]",False,True,False,False,,2025-09
3879670,RADIOACTIVE INC.,2025-09-19,2025-09-19,2025-09-19,False,"[""45DK""]","[""Devotıon Labs""]",False,True,False,False,,2025-09
3900080,The Tale of Oath,2025-09-19,2025-09-19,2025-09-19,False,"[""Team Quessant""]","[""Sherpherd Games""]",True,True,False,False,,2025-09
3915170,冒险与推图,2025-09-19,2025-09-19,2025-09-19,False,"[""MXTT-游戏""]","[""MXTT-游戏""]",True,True,False,False,,2025-09
3918860,I'm Tripping,2025-09-19,2025-09-19,2025-09-19,False,"[""Charlie""]","[""Charlie""]",True,True,False,False,,2025-09
3929610,數論冒險譚 - 魔王與秘林迷路,2025-09-19,2025-09-19,2025-09-19,False,"[""CelLab""]","[""Modori games""]",False,True,False,False,,2025-09
3968810,Old Ninja : UnderWorld,2025-09-19,2025-09-19,2025-09-19,False,"[""Waterfall Studio""]","[""Waterfall Studio""]",False,True,False,False,,2025-09
3982420,Going To High School With Lira,2025-09-19,2025-09-19,2025-09-19,False,"[""LAGA""]","[""LAGA""]",False,True,False,False,,2025-09
1126340,Raid on Area 51,2025-09-20,2025-09-20,2025-09-20,False,"[""BefuddleBug""]","[""BefuddleBug""]",False,True,False,False,,2025-09
3047090,Drive Out,2025-09-20,2025-09-20,2025-09-20,False,"[""RisingMoon""]","[""RisingMoon""]",False,True,False,False,,2025-09
3919000,SailFront,2025-09-20,2025-09-20,2025-09-20,False,"[""RJTech""]","[""SailFront""]",True,True,False,False,,2025-09
3964050,Midnight's Curse,2025-09-20,2025-09-20,2025-09-20,False,"[""Total"",""Gamesforfarm""]","[""Gamesforfarm""]",False,True,False,False,,2025-09
3973880,The Mysterious Mansion,2025-09-20,2025-09-20,2025-09-20,False,"[""IBRAHIM ARSLAN""]","[""BEOWOLF GAMES PRODUCTION""]",False,True,False,False,,2025-09
3980000,欺心恋曲/亵渎神明的少女 Deceptiive Love Ballad The Blasphemer 偽りの恋の旋律/神を冒涜する少女,2025-09-20,2025-09-20,2025-09-20,False,"[""Hjian""]","[""Hjian""]",False,True,False,False,,2025-09
662000,Startron,2025-09-21,2025-09-21,2025-09-21,False,"[""Rogo Darius""]","[""Rogo Digital""]",True,True,False,True,,2025-09
1633070,Pulsar 174,2025-09-21,2025-09-21,2025-09-21,False,"[""CBO Games""]","[""Saeng Gang""]",False,True,False,False,,2025-09
2393100,GoKaDu,2025-09-21,2025-09-21,2025-09-21,False,"[""Skvoznjak""]","[""Skvoznjak""]",False,True,False,True,,2025-09
3545290,Bearzerk,2025-09-21,2025-09-21,2025-09-21,False,"[""Dadbod Games""]","[""Dadbod Games""]",False,True,True,True,,2025-09
3572530,LHEA and the Word Spirit,2025-09-21,2025-09-21,2025-09-21,False,"[""Soul Fuel Games""]","[""Soul Fuel Games""]",False,True,False,False,,2025-09
3708530,Flowerdrops,2025-09-21,2025-09-21,2025-09-21,False,"[""Studio Cozy Zone""]","[""Studio Cozy Zone""]",False,True,False,False,,2025-09
3861500,Stranglehold of the Elite,2025-09-21,2025-09-21,2025-09-21,False,"[""HIJRA TECH LLC""]","[""HIJRA TECH LLC""]",False,True,True,True,,2025-09
3924600,Beyond Your Wall,2025-09-21,2025-09-21,2025-09-21,False,"[""Yosul Studio""]","[""Yosul Studio""]",True,True,True,False,,2025-09
3931290,MangaCo,2025-09-21,2025-09-21,2025-09-21,False,"[""Metsker&Co""]","[""Metsker&Co""]",False,True,False,False,,2025-09
3998630,Puzzle Pleasant,2025-09-21,2025-09-21,2025-09-21,False,"[""UwU""]","[""UwU""]",False,True,False,False,,2025-09
1476400,Northwind,2025-09-22,2025-09-22,2025-09-22,False,"[""Barking Kitten Interactive""]","[""Barking Kitten Interactive""]",False,True,False,False,,2025-09
2421540,白猫骑士物语/ White Cat Knight,2025-09-22,2025-09-22,2025-09-22,False,"[""Dumpling Game Studio""]","[""Crew Interactive""]",False,True,True,False,,2025-09
2583940,Battlesmiths: Blade and Forge,2025-09-22,2025-09-22,2025-09-22,False,"[""Ragnarocket""]","[""Ragnarocket""]",True,True,True,True,,2025-09
2827080,Yunashi no Yume,2025-09-22,2025-09-22,2025-09-22,False,"[""The Yunashi Archive""]","[""The Yunashi Archive""]",False,True,False,False,,2025-09
3029500,Wind Story,2025-09-22,2025-09-22,2025-09-22,False,"[""BluSped Studio""]","[""BluSped Studio""]",False,True,False,False,,2025-09
3110580,Anxiety Bot in Space!,2025-09-22,2025-09-22,2025-09-22,False,"[""Anxiety Bot Studios""]","[""Anxiety Bot Studios""]",False,True,False,False,,2025-09
3160500,Kingdom of Cards,2025-09-22,2025-09-22,2025-09-22,False,"[""Rubber Duck Games""]","[""Gamirror Games""]",False,True,False,False,,2025-09
3415230,Witchy Business,2025-09-22,2025-09-22,2025-09-22,False,"[""Rogue Duck Interactive""]","[""Rogue Duck Interactive"","" Gamersky Games""]",False,True,True,True,,2025-09
3443080,Auridia,2025-09-22,2025-09-22,2025-09-22,False,"[""Reed Molbak"",""Norseboar Games""]","[""Reed Molbak"",""TrueColor Games""]",False,True,True,False,,2025-09
3539580,PropWiz,2025-09-22,2025-09-22,2025-09-22,False,"[""t0nyW [Tony Wang]""]","[""Iron Prodigy""]",True,True,False,False,,2025-09
3572930,PiQuests,2025-09-22,2025-09-22,2025-09-22,False,"[""ZaNet Analytics Corporation"",""Zaneta Chapman""]","[""ZaNet Analytics Corporation""]",False,True,False,False,,2025-09
3669640,Bound by Bones,2025-09-22,2025-09-22,2025-09-22,False,"[""IgnisByteStudios""]","[""IgnisByteStudios""]",False,True,False,False,,2025-09
3672100,The Home County,2025-09-22,2025-09-22,2025-09-22,False,"[""Swanworth""]","[""Swanworth""]",False,True,True,True,,2025-09
3749270,Free Lottery,2025-09-22,2025-09-22,2025-09-22,False,"[""tcplay""]","[""tcplay""]",True,True,False,False,,2025-09
3852520,Spread The Love,2025-09-22,2025-09-22,2025-09-22,False,"[""jamms""]","[""jamms""]",True,True,True,False,,2025-09
3907900,Deck of Mandate,2025-09-22,2025-09-22,2025-09-22,False,"[""Sumit Katekar""]","[""Sumit Katekar""]",False,True,False,False,,2025-09
3925410,The Evelyn Game,2025-09-22,2025-09-22,2025-09-22,False,"[""SoerGameStudio""]","[""SoerGameStudio""]",False,True,False,False,,2025-09
3973760,Drift Off,2025-09-22,2025-09-22,2025-09-22,False,"[""Riyadh Games""]","[""Riyadh Games""]",False,True,False,False,,2025-09
3989410,Shablon: Color Patterns,2025-09-22,2025-09-22,2025-09-22,False,"[""Bojan Miros""]","[""Bojan Miros""]",False,True,True,False,,2025-09
3998090,Dungeon & Rogue,2025-09-22,2025-09-22,2025-09-22,False,"[""Meteor Games""]","[""Meteor Games""]",False,True,True,True,,2025-09
4003700,He is Outside,2025-09-22,2025-09-22,2025-09-22,False,"[""SmithHound""]","[""SmithHound""]",False,True,False,False,,2025-09
4021980,Gnomes Garden: Mask of The Rat King,2025-09-22,2025-09-22,2025-09-22,False,"[""8floor ltd""]","[""8floor ltd""]",False,True,False,False,,2025-09
832360,Hotel Magnate,2025-09-23,2025-09-23,2025-09-23,False,"[""Arcade Oven""]","[""Arcade Oven""]",False,True,True,True,,2025-09
1380990,Hyper Team Recon,2025-09-23,2025-09-23,2025-09-23,False,"[""Nathan Burton""]","[""Top Hat Curios""]",False,True,False,False,,2025-09
1657630,Slime Rancher 2,2025-09-23,2025-09-23,2025-09-23,False,"[""Monomi Park""]","[""Monomi Park""]",False,True,False,False,,2025-09
2288470,Aethermancer,2025-09-23,2025-09-23,2025-09-23,False,"[""moi rai games""]","[""offbrand games""]",False,True,False,True,,2025-09
3323850,Blippo+,2025-09-23,2025-09-23,2025-09-23,False,"[""YACHT"",""Telefantasy Studios"",""Noble Robot""]","[""Panic""]",False,True,True,False,,2025-09
3362960,Twinkleby,2025-09-23,2025-09-23,2025-09-23,False,"[""Might and Delight""]","[""Might and Delight""]",False,True,True,True,,2025-09
3519780,Queen's Cards,2025-09-23,2025-09-23,2025-09-23,False,"[""Raphus & Co.""]","[""Raphus & Co.""]",False,True,False,False,,2025-09
3620210,Untapped,2025-09-23,2025-09-23,2025-09-23,False,"[""CODEBREW SOFTWARE LTD ""]","[""CODEBREW SOFTWARE LTD ""]",False,True,False,True,,2025-09
3803930,Luckyest,2025-09-23,2025-09-23,2025-09-23,False,"[""Mobmonks""]","[""Mobmonks""]",False,True,True,True,,2025-09
3812580,Butter Side Down,2025-09-23,2025-09-23,2025-09-23,False,"[""Kalle MacDonald"",""Lachlan MacDonald""]","[""Kalle MacDonald"",""Lachlan MacDonald""]",False,True,False,True,,2025-09
3830150,Creepy Redneck Dinosaur Mansion 1 Re-Raptored,2025-09-23,2025-09-23,2025-09-23,False,"[""Pedalboard Games""]","[""Pedalboard Games""]",False,True,False,False,,2025-09
3837930,Reincarnation Dungeon,2025-09-23,2025-09-23,2025-09-23,False,"[""BOBO""]","[""BOBO""]",False,True,False,False,,2025-09
3991280,Empire’s Supreme Command,2025-09-23,2025-09-23,2025-09-23,False,"[""iGindisGames""]","[""iGindisGames""]",False,True,True,False,,2025-09
3996650,跳来跳去 Hop Around,2025-09-23,2025-09-23,2025-09-23,False,"[""Gulu Ball Studio"",""咕噜球工作室""]","[""Gulu Ball Studio"",""咕噜球工作室""]",False,True,False,False,,2025-09
1995980,Desktop Pachinko Idle,2025-09-24,2025-09-24,2025-09-24,False,"[""neonpixy""]","[""neonpixy""]",False,True,False,False,,2025-09
2568650,Carnival Survivors The Parade,2025-09-24,2025-09-24,2025-09-24,False,"[""Enchant Games""]","[""Enchant Games""]",False,True,False,False,,2025-09
2730970,Westland Survival,2025-09-24,2025-09-24,2025-09-24,False,"[""Helio Games""]","[""Helio Games ""]",True,True,True,False,,2025-09
2824780,TORSO TENNIS,2025-09-24,2025-09-24,2025-09-24,False,"[""Michael Mato""]","[""Too Much Tomato""]",False,True,False,False,,2025-09
2877170,TouHou Makuka Sai ~ Fantastic Danmaku Festival Part III,2025-09-24,2025-09-24,2025-09-24,False,"[""东方幕华祭制作组""]","[""东方幕华祭制作组""]",False,True,False,False,,2025-09
2998130,Spiritual Clinic Simulator,2025-09-24,2025-09-24,2025-09-24,False,"[""Ling Chen""]","[""Ling Chen""]",False,True,False,False,,2025-09
3022300,Uncanny Stories,2025-09-24,2025-09-24,2025-09-24,False,"[""Batuhan Ertan""]","[""Batuhan Ertan""]",False,True,False,False,,2025-09
3026650,Master Bobber,2025-09-24,2025-09-24,2025-09-24,False,"[""Michael Medearis""]","[""Michael Medearis""]",False,True,False,False,,2025-09
3084740,Command Deck,2025-09-24,2025-09-24,2025-09-24,False,"[""k-critical""]","[""k-critical""]",False,True,True,False,,2025-09
3552220,Match Shot Chimera,2025-09-24,2025-09-24,2025-09-24,False,"[""Floating Island Games""]","[""Floating Island Games""]",False,True,True,True,,2025-09
3704130,My Favorite Coworker,2025-09-24,2025-09-24,2025-09-24,False,"[""Guildmate Games""]","[""Guildmate Games""]",False,True,False,False,,2025-09
3793790,Catanks,2025-09-24,2025-09-24,2025-09-24,False,"[""UPGRADE""]","[""UPGRADE""]",True,True,True,True,,2025-09
3808550,Skaldsong,2025-09-24,2025-09-24,2025-09-24,False,"[""Fenris Labs""]","[""Fenris Labs""]",True,True,False,False,,2025-09
3867800,战略三国,2025-09-24,2025-09-24,2025-09-24,False,"[""三国：没有无脑抽卡只有抓捕降伏""]","[""三国：攻城夺将 送黄金万两""]",True,True,False,False,,2025-09
3933230,SETVR XL-Unleashed,2025-09-24,2025-09-24,2025-09-24,False,"[""Suffescom Solutions Inc.""]","[""SetVR LLC""]",False,True,False,False,,2025-09
3983230,The Cubiw Dungeon,2025-09-24,2025-09-24,2025-09-24,False,"[""Marpro_750""]","[""Marpro_750""]",True,True,False,False,,2025-09
4011240,Assassin Of Goblin,2025-09-24,2025-09-24,2025-09-24,False,"[""Saylor Games""]","[""Saylor Games""]",False,True,False,False,,2025-09
1274700,You Alone Can Defeat Evil,2025-09-25,2025-09-25,2025-09-25,False,"[""Edward Marchioni"",""Emily Dawn Gilliland""]","[""Perfect Gen""]",False,True,True,False,,2025-09
2403600,"Jamboy, a Jelly-cious Hero",2025-09-25,2025-09-25,2025-09-25,False,"[""Nakama Game Studio""]","[""Nakama Game Studio""]",False,True,False,False,,2025-09
2486820,Sonic Racing: CrossWorlds,2025-09-25,2025-09-25,2025-09-25,False,"[""Sonic Team""]","[""SEGA""]",False,True,False,False,,2025-09
2642760,Back to Hearth,2025-09-25,2025-09-25,2025-09-25,False,"[""Podoba Interactive""]","[""Marevo Collective""]",False,True,True,True,,2025-09
2676040,Statera: Aurum,2025-09-25,2025-09-25,2025-09-25,False,"[""WoollyHammerGames""]","[""WoollyHammerGames""]",False,True,False,False,,2025-09
2908500,Buggos 2,2025-09-25,2025-09-25,2025-09-25,False,"[""Intrepid Marmot""]","[""Intrepid Marmot""]",False,True,False,False,,2025-09
2912770,Silver Daze,2025-09-25,2025-09-25,2025-09-25,False,"[""Sawyer Friend""]","[""Sawyer Friend"",""Gem Games""]",False,True,False,False,,2025-09
2943420,Amelie falls over and over again ~ An endless week in Magic Academy,2025-09-25,2025-09-25,2025-09-25,False,"[""AVANTGARDE""]","[""072 Project"",""072 News""]",False,True,False,False,,2025-09
2949560,NO LIFE BABY OF THE END,2025-09-25,2025-09-25,2025-09-25,False,"[""ILCA Lab""]","[""ILCA, Inc.""]",False,True,False,False,,2025-09
3185890,我打不过漂亮的她们,2025-09-25,2025-09-25,2025-09-25,False,"[""想象颗粒""]","[""想象颗粒""]",False,True,False,False,,2025-09
3353000,Potatogeddon,2025-09-25,2025-09-25,2025-09-25,False,"[""Lukad Games""]","[""Lukad Games""]",False,True,False,False,,2025-09
3417470,Jurnal Risa: Dark Destiny,2025-09-25,2025-09-25,2025-09-25,False,"[""Digital Happiness""]","[""Digital Happiness""]",False,True,False,False,,2025-09
3548370,Arcane Coven,2025-09-25,2025-09-25,2025-09-25,False,"[""Quoxenom""]","[""Quoxenom""]",False,True,False,False,,2025-09
3678950,Idle Awakening: Mages Path,2025-09-25,2025-09-25,2025-09-25,False,"[""Strange Matter Gaming""]","[""Strange Matter Gaming""]",False,True,False,False,,2025-09
3711530,A Flame in the Dark,2025-09-25,2025-09-25,2025-09-25,False,"[""tornadre""]","[""tornadre""]",False,True,False,False,,2025-09
3716810,Bound in Time,2025-09-25,2025-09-25,2025-09-25,False,"[""Falling Void Studios""]","[""Falling Void Studios""]",True,True,False,False,,2025-09
3861720,Ruby's Realms,2025-09-25,2025-09-25,2025-09-25,False,"[""Chilling Moose Games""]","[""Chilling Moose Games""]",False,True,True,False,,2025-09
3864010,I Am Sakuya FPS: Lunarian Invasion,2025-09-25,2025-09-25,2025-09-25,False,"[""Sigyaad Team"",""Floating Bunny""]","[""Sigyaad Team""]",False,True,False,False,,2025-09
3875320,Neoteria,2025-09-25,2025-09-25,2025-09-25,False,"[""Orangepixel""]","[""HandyGames"",""Orangepixel"",""THQ Nordic Mobile""]",False,True,True,True,,2025-09
3893770,你的猫,2025-09-25,2025-09-25,2025-09-25,False,"[""数鱼工作室""]","[""Cloudburst Studio""]",False,True,False,False,,2025-09
3898700,INFINITE MINEFIELD,2025-09-25,2025-09-25,2025-09-25,False,"[""Ishmuhter""]","[""Ishmuhter""]",False,True,False,False,,2025-09
3903490,Prune,2025-09-25,2025-09-25,2025-09-25,False,"[""Joel McDonald""]","[""Joel McDonald""]",False,True,False,False,,2025-09
3913290,PRIVET. ETO NE BOL'NO.,2025-09-25,2025-09-25,2025-09-25,False,"[""yazvthetic""]","[""ALM+ Interactive""]",False,True,False,False,,2025-09
3948890,Employee 925,2025-09-25,2025-09-25,2025-09-25,False,"[""EIRAS""]","[""EIRAS""]",False,True,False,False,,2025-09
3964640,Nomad Nightmare - Episode 1: Awakening,2025-09-25,2025-09-25,2025-09-25,False,"[""Nutria Gold"",""krmkhnv""]","[""Nutria Gold Studio""]",False,True,False,False,,2025-09
3992910,Undead World Order,2025-09-25,2025-09-25,2025-09-25,False,"[""MFG Studio""]","[""MFG Studio""]",False,True,False,False,,2025-09
3998650,CHICK POP!,2025-09-25,2025-09-25,2025-09-25,False,"[""ELIX INC""]","[""ELIX INC""]",False,True,False,False,,2025-09
4000060,Eight Strange Corridors,2025-09-25,2025-09-25,2025-09-25,False,"[""Sige""]","[""Sige""]",False,True,False,False,,2025-09
4006160,20 Days,2025-09-25,2025-09-25,2025-09-25,False,"[""AgostonB""]","[""AgostonB""]",False,True,False,False,,2025-09
993770,LazerGrrl,2025-09-26,2025-09-26,2025-09-26,False,"[""Sandwich Generation""]","[""Sandwich Generation""]",True,True,False,False,,2025-09
2186270,"她毕业了 So Long, My Youth",2025-09-26,2025-09-26,2025-09-26,False,"[""煎饼工作室 PanCakeStudio""]","[""煎饼工作室 PanCakeStudio""]",False,True,False,False,,2025-09
2963220,Ruins of Endoth,2025-09-26,2025-09-26,2025-09-26,False,"[""KLG Games Ltd""]","[""N/A""]",False,True,False,False,,2025-09
3040180,Holy Shot,2025-09-26,2025-09-26,2025-09-26,False,"[""LoneWolf Digital Arts""]","[""LoneWolf Digital Arts"",""TrueColor Games""]",False,True,True,True,,2025-09
3314790,CloverPit,2025-09-26,2025-09-26,2025-09-26,False,"[""Panik Arcade""]","[""Future Friends Games""]",False,True,False,False,,2025-09
3506210,Apple Rabble Dazzle,2025-09-26,2025-09-26,2025-09-26,False,"[""BolHut""]","[""BolHut""]",True,True,False,False,,2025-09
3527810,Rudolph the Red-Nosed Reindeer,2025-09-26,2025-09-26,2025-09-26,False,"[""Headless Chicken Games""]","[""GameMill Entertainment""]",False,True,False,False,,2025-09
3531990,Tentacaliens: Making Ends Meet in a New World,2025-09-26,2025-09-26,2025-09-26,False,"[""Acerola""]","[""Kagura Games""]",False,True,False,False,,2025-09
3678420,Videonauts,2025-09-26,2025-09-26,2025-09-26,False,"[""resnijars""]","[""resnijars""]",False,True,True,True,,2025-09
3712090,Overgrown,2025-09-26,2025-09-26,2025-09-26,False,"[""Three Raccoons in a Trench Coat""]","[""Three Raccoons in a Trench Coat""]",True,True,False,False,,2025-09
3836440,HEAVENSHATTER,2025-09-26,2025-09-26,2025-09-26,False,"[""Raifu""]","[""Raifu""]",False,True,False,False,,2025-09
3854840,TICKTICKBOOM!,2025-09-26,2025-09-26,2025-09-26,False,"[""BugRift 22""]","[""BugRift 22""]",False,True,False,False,,2025-09
3897360,Office Assistant,2025-09-26,2025-09-26,2025-09-26,False,"[""BigTheoryGames""]","[""BigTheoryGames""]",False,True,False,False,,2025-09
3913380,Googunners!,2025-09-26,2025-09-26,2025-09-26,False,"[""Tayden""]","[""Gooverse Games""]",True,True,False,False,,2025-09
3931960,Nightcrawler,2025-09-26,2025-09-26,2025-09-26,False,"[""TsuraiKuromaru""]","[""Tsurai Productions""]",False,True,False,False,,2025-09
3933730,着色 Project_Shading 技术演示demo,2025-09-26,2025-09-26,2025-09-26,False,"[""虚幻将会主宰世界""]","[""JingXian_Studio""]",False,True,False,False,,2025-09
3961630,Eidolon: Fate of Fools,2025-09-26,2025-09-26,2025-09-26,False,"[""Antechamber""]","[""DigiPen Institute of Technology""]",True,True,False,False,,2025-09
3981230,咸鱼侠大战b宫怪,2025-09-26,2025-09-26,2025-09-26,False,"[""辣条辣条辣""]","[""辣条辣条辣""]",False,True,False,False,,2025-09
3998910,Creepy Fishing,2025-09-26,2025-09-26,2025-09-26,False,"["" Fireplay Studio""]","["" Fireplay Studio""]",False,True,False,False,,2025-09
4003520,Blimblau: Kill Them All!,2025-09-26,2025-09-26,2025-09-26,False,"[""MadDev""]","[""MadDev Studios"",""GoGo Games Interactive""]",False,True,False,False,,2025-09
4015530,MyVoiceZoo,2025-09-26,2025-09-26,2025-09-26,False,"[""TRUSO""]","[""TRUSO""]",False,True,False,False,,2025-09
4016120,Luna Anomaly,2025-09-26,2025-09-26,2025-09-26,False,"[""Gamefan""]","[""Gamefan""]",False,True,False,False,,2025-09
3277640,Bug.Splash TD : Debugged,2025-09-27,2025-09-27,2025-09-27,False,"[""UglyBudgetPrettyProduct""]","[""UglyBudgetPrettyProduct""]",False,True,False,False,,2025-09
3359900,REAL BOUT FATAL FURY 2: THE NEWCOMERS,2025-09-27,2025-09-27,2025-09-27,False,"[""Code Mystics""]","[""SNK CORPORATION""]",False,True,False,False,,2025-09
3724650,Owl Lights,2025-09-27,2025-09-27,2025-09-27,False,"[""Grumpi""]","[""Grumpi""]",False,True,False,False,,2025-09
3955050,Shadow President,2025-09-27,2025-09-27,2025-09-27,False,"[""D. C. True""]","[""QXE""]",False,True,False,False,,2025-09
3998740,mini challenge 01/100 Tower,2025-09-27,2025-09-27,2025-09-27,False,"[""ONE POINT GAME""]","[""ONE POINT GAME""]",False,True,False,False,,2025-09
1946930,公考刷题模拟器-我要上岸,2025-09-28,2025-09-28,2025-09-28,False,"[""DoubleGame""]","[""DoubleGame""]",False,True,False,False,,2025-09
3610700,Rose Of Wind,2025-09-28,2025-09-28,2025-09-28,False,"[""GSG Studio""]","[""GSG Studio""]",False,True,False,False,,2025-09
3894530,Rogue Cave,2025-09-28,2025-09-28,2025-09-28,False,"[""Rogue Gecko""]","[""Rogue Gecko""]",False,True,False,False,,2025-09
4001950,Office Chug,2025-09-28,2025-09-28,2025-09-28,False,"[""ByteLyft""]","[""ByteLyft""]",False,True,False,False,,2025-09
2567380,Luctus,2025-09-29,2025-09-29,2025-09-29,False,"[""Mriya Game Studio""]","[""Blackburne Games Studio FZ LLC"",""IndieNext""]",False,True,False,False,,2025-09
2791540,Astro Felix,2025-09-29,2025-09-29,2025-09-29,False,"[""SanForge Studio""]","[""SanForge Studio""]",True,True,False,False,,2025-09
3445890,Light 'Em,2025-09-29,2025-09-29,2025-09-29,False,"[""Mina Pêcheux""]","[""Mina Pêcheux""]",False,True,True,True,,2025-09
3585640,Lavender Field,2025-09-29,2025-09-29,2025-09-29,False,"[""KamilaFoxGames""]","[""KamilaFoxGames""]",False,True,True,True,,2025-09
3612960,Shuttered,2025-09-29,2025-09-29,2025-09-29,False,"[""Evilkookey Games""]","[""Evilkookey Games""]",False,True,False,False,,2025-09
3739660,Mega Dimension Ripper 9000,2025-09-29,2025-09-29,2025-09-29,False,"[""Dimensional Studios""]","[""Dimensional Studios""]",True,True,False,False,,2025-09
3741530,Steve Is Alone,2025-09-29,2025-09-29,2025-09-29,False,"[""MadDevStudios""]","[""MadDevStudios"",""GoGo Games Interactive""]",False,True,False,False,,2025-09
3759390,Waifu Quest,2025-09-29,2025-09-29,2025-09-29,False,"[""Seppe De Craene"",""Maxime Versluys""]","[""Xpress.gg""]",True,True,False,False,,2025-09
3852000,RedLantern | 赤提灯,2025-09-29,2025-09-29,2025-09-29,False,"[""KM Studios""]","[""KM Studios""]",False,True,False,False,,2025-09
3980820,Malicd tower,2025-09-29,2025-09-29,2025-09-29,False,"[""dpnxuqb""]","[""dpnxuqb""]",False,True,False,False,,2025-09
3983700,Nightmare Train,2025-09-29,2025-09-29,2025-09-29,False,"[""Gaia""]","[""Gaia""]",False,True,False,False,,2025-09
4022650,Wanech's Z.O.O.,2025-09-29,2025-09-29,2025-09-29,False,"[""Wanech""]","[""Wanech""]",False,True,False,False,,2025-09
1004640,FINAL FANTASY TACTICS - The Ivalice Chronicles,2025-09-30,2025-09-30,2025-09-30,False,"[""Square Enix""]","[""Square Enix""]",False,True,False,False,,2025-09
1517560,Droplet: States of Matter,2025-09-30,2025-09-30,2025-09-30,False,"[""Krayfish Entertainment""]","[""Krayfish Entertainment""]",False,True,False,False,,2025-09
1803850,Lock & Key: A Magical Girl Mystery,2025-09-30,2025-09-30,2025-09-30,False,"[""Studio Élan""]","[""Studio Élan"",""Studio Elan""]",False,True,True,True,,2025-09
2644280,Core Miners,2025-09-30,2025-09-30,2025-09-30,False,"[""Trotter Studio""]","[""Trotter Studio""]",False,True,False,False,,2025-09
3013500,Bunny Space Odyssey: FlopHop,2025-09-30,2025-09-30,2025-09-30,False,"[""AinkOink""]","[""AinkOink""]",False,True,False,True,,2025-09
3051490,Nicktoons & The Dice of Destiny,2025-09-30,2025-09-30,2025-09-30,False,"[""Petit Fabrik"",""Fair Play Labs""]","[""GameMill Entertainment""]",False,True,False,False,,2025-09
3359450,Gravity Matters,2025-09-30,2025-09-30,2025-09-30,False,"[""Nixiesoft LLC""]","[""Nixiesoft LLC""]",False,True,False,False,,2025-09
3406740,Dino Space Station,2025-09-30,2025-09-30,2025-09-30,False,"[""Conti Games""]","[""Conti Games""]",False,True,True,True,,2025-09
3448870,Necrologium,2025-09-30,2025-09-30,2025-09-30,False,"[""Bob's Cult Studio""]","[""Ovid Works""]",False,True,True,True,,2025-09
3546540,Aker Fern 2,2025-09-30,2025-09-30,2025-09-30,False,"[""Chaos Group Games""]","[""Chaos Group Games""]",True,True,False,False,,2025-09
3645710,My Silly Science Summer in the Past,2025-09-30,2025-09-30,2025-09-30,False,"[""TBF""]","[""TLS""]",True,True,True,True,,2025-09
3670140,Godzilla x Kong: Titan Chasers,2025-09-30,2025-09-30,2025-09-30,False,"[""Hunted Cow Games""]","[""Tilting Point""]",True,True,True,False,,2025-09
3789290,Bad Golf,2025-09-30,2025-09-30,2025-09-30,False,"[""Adam Spragg""]","[""Adam Spragg""]",True,True,False,False,,2025-09
3792960,Fade Survival,2025-09-30,2025-09-30,2025-09-30,False,"[""Phoenix Gaming Studios""]","[""Phoenix Gaming Studios""]",False,True,False,False,,2025-09
3882860,I Am A Stick,2025-09-30,2025-09-30,2025-09-30,False,"[""CYCLOPS GAMES""]","[""CYCLOPS GAMES""]",False,True,False,False,,2025-09
3884540,Dream:scape Remastered,2025-09-30,2025-09-30,2025-09-30,False,"[""Speedbump Studio""]","[""Speedbump Studio""]",False,True,False,False,,2025-09
3918960,Pursuing My Uncle,2025-09-30,2025-09-30,2025-09-30,False,"[""ふわふわ電子研究所""]","[""ふわふわ電子研究所""]",False,True,True,False,,2025-09
3919720,Landlord Quest,2025-09-30,2025-09-30,2025-09-30,False,"[""katbrush""]","[""katbrush""]",False,True,False,False,,2025-09
3961710,Prosrochennyy,2025-09-30,2025-09-30,2025-09-30,False,"[""Press For Coffee""]","[""Press For Coffee""]",True,True,False,False,,2025-09
4024900,潜水员吞泡泡,2025-09-30,2025-09-30,2025-09-30,False,"[""gogogGame""]","[""gogogGame""]",False,True,False,False,,2025-09
4049240,A Haunting Novel: Burton Hotel Collector's Edition,2025-09-30,2025-09-30,2025-09-30,False,"[""Elephant AR""]","[""BFG Entertainment""]",False,True,True,False,,2025-09
1533140,Prison Miner,2025-10-01,2025-10-01,2025-10-01,False,"[""Data Leak Games""]","[""Data Leak Games""]",False,True,False,False,,2025-10
3168400,Awaken Infinity,2025-10-01,2025-10-01,2025-10-01,False,"[""Launch Solutions""]","[""Launch Solutions""]",False,True,False,False,,2025-10
3206550,The Greys: Human Abductions,2025-10-01,2025-10-01,2025-10-01,False,"[""Branislav Banik""]","[""Branislav Banik""]",False,True,False,False,,2025-10
3222920,Interior Tales,2025-10-01,2025-10-01,2025-10-01,False,"[""Gearious Studios""]","[""Gearious Studios""]",False,True,True,True,,2025-10
3377290,Life Choices,2025-10-01,2025-10-01,2025-10-01,False,"[""UNICO STUDIO LLC""]","[""UNICO STUDIO LLC""]",False,True,False,False,,2025-10
3568030,Beast and Cleaver,2025-10-01,2025-10-01,2025-10-01,False,"[""Grimes Productions""]","[""Grimes Productions""]",False,True,False,False,,2025-10
3600680,Puppet Show VR,2025-10-01,2025-10-01,2025-10-01,False,"[""Ryan Bissonnette""]","[""Ryan Bissonnette""]",False,True,False,False,,2025-10
3727130,MADHOUSE,2025-10-01,2025-10-01,2025-10-01,False,"[""Paul Hubans""]","[""Paul Hubans""]",False,True,False,False,,2025-10
3840970,Casey Noir and Carved Pumpkin's Latte,2025-10-01,2025-10-01,2025-10-01,False,"[""Nik Rouz and Friends""]","[""Nik Rouz and Friends""]",True,True,True,True,,2025-10
3846450,Pick 100 Bones,2025-10-01,2025-10-01,2025-10-01,False,"[""FootnoteGames""]","[""FootnoteGames""]",False,True,False,False,,2025-10
3854270,Midnight Murder Maze,2025-10-01,2025-10-01,2025-10-01,False,"[""Rum Shack Studios LLC""]","[""Rum Shack Studios LLC""]",False,True,False,False,,2025-10
3876840,Sawmania,2025-10-01,2025-10-01,2025-10-01,False,"[""Bug Bounty Games""]","[""Bug Bounty Games""]",True,True,True,True,,2025-10
3894950,Bakahazard 3,2025-10-01,2025-10-01,2025-10-01,False,"[""流比奈梦工厂""]","[""流比奈梦工厂""]",False,True,True,True,,2025-10
3939090,H.Z.T.,2025-10-01,2025-10-01,2025-10-01,False,"[""InterAxis Studio""]","[""InterAxis Studio""]",False,True,False,False,,2025-10
3944410,Bank King Simulator,2025-10-01,2025-10-01,2025-10-01,False,"[""RRG Studio""]","[""RRG Studio""]",False,True,False,False,,2025-10
3955170,Exclusive Cars,2025-10-01,2025-10-01,2025-10-01,False,"[""Bolfosu Nalic""]","[""Bolfosu Nalic""]",False,True,False,False,,2025-10
4003500,Tom Dahl,2025-10-01,2025-10-01,2025-10-01,False,"[""Bonemeal Productions""]","[""Bonemeal Productions""]",False,True,False,False,,2025-10
4008720,Not Raised By Wolves,2025-10-01,2025-10-01,2025-10-01,False,"[""Vancouver Film School""]","[""Vancouver Film School""]",True,True,False,False,,2025-10
4018400,Grill it! Sanma,2025-10-01,2025-10-01,2025-10-01,False,"[""SAT-BOX""]","[""SAT-BOX""]",False,True,False,False,,2025-10
1239360,Genokids,2025-10-02,2025-10-02,2025-10-02,False,"[""Nukefist""]","[""Nukefist""]",False,True,True,True,,2025-10
2787680,Candy Rangers,2025-10-02,2025-10-02,2025-10-02,False,"[""Mechano""]","[""JanduSoft""]",False,True,False,False,,2025-10
3121630,Nightwatch at the Hopkins' Cliffside,2025-10-02,2025-10-02,2025-10-02,False,"[""Krzysztof Grzelak""]","[""Krzysztof Grzelak""]",False,True,False,False,,2025-10
3363580,Domain of Hallucination,2025-10-02,2025-10-02,2025-10-02,False,"[""Livio Cozzio"",""Marcel Schürch"",""Carla Widmer"",""Jonas Wiesli"",""rnaisa""]","[""Team Quintuple-A""]",False,True,False,True,,2025-10
3560370,Éalú,2025-10-02,2025-10-02,2025-10-02,False,"[""Beyond the Bark""]","[""Beyond the Bark""]",False,True,True,False,,2025-10
3636470,Dream Abyss: Survivors,2025-10-02,2025-10-02,2025-10-02,False,"[""Studio215"",""NeonEggGames""]","["" Nightvendors Studio""]",False,True,False,False,,2025-10
3681580,Bowlers : The bowling experience,2025-10-02,2025-10-02,2025-10-02,False,"[""Solid9Games""]","[""Solid9Games""]",False,True,False,False,,2025-10
3908410,SCRUB,2025-10-02,2025-10-02,2025-10-02,False,"[""SCRUB GAMES""]","[""SCRUB GAMES""]",True,True,False,False,,2025-10
3923690, Doppelganger,2025-10-02,2025-10-02,2025-10-02,False,"[""Overdramatic Games""]","[""Overdramatic Games""]",False,True,False,False,,2025-10
3963830,The Drowned Deal,2025-10-02,2025-10-02,2025-10-02,False,"[""RB Games Studio""]","[""RB Games Studio""]",False,True,False,False,,2025-10
3993620,SCULPTURE,2025-10-02,2025-10-02,2025-10-02,False,"[""sasanuki""]","[""sasanuki""]",False,True,False,False,,2025-10
4004380,Fridge,2025-10-02,2025-10-02,2025-10-02,False,"[""Lorcan""]","[""Lorcan""]",False,True,True,True,,2025-10
4009360,Elevation Tower Defense,2025-10-02,2025-10-02,2025-10-02,False,"[""Aaron Anderson""]","[""Aaron Anderson""]",False,True,False,False,,2025-10
4025760,Chimera Circuit,2025-10-02,2025-10-02,2025-10-02,False,"[""BLYTHE""]","[""BLYTHE""]",False,True,True,False,,2025-10
3069300,Piggly Pagly Boom,2025-10-03,2025-10-03,2025-10-03,False,"[""9Ratones""]","[""Ratalaika Games S.L.""]",False,True,False,False,,2025-10
3552200,It's John's House,2025-10-03,2025-10-03,2025-10-03,False,"[""Patrik Macsuga""]","[""Patrik Macsuga""]",False,True,True,False,,2025-10
3606360,Everybody Wants My Girl,2025-10-03,2025-10-03,2025-10-03,False,"[""Orcsoft""]","[""Kagura Games""]",False,True,False,False,,2025-10
3642990,Totally Spaced,2025-10-03,2025-10-03,2025-10-03,False,"[""Thomas Givan"",""Ryan P. Faulkner""]","[""Preposterous Games""]",False,True,False,False,,2025-10
3806110,Zaxtron EXPLUS,2025-10-03,2025-10-03,2025-10-03,False,"[""RUOK""]","[""MBC Entertainment""]",False,True,False,False,,2025-10
3873550,Cosmic Cat,2025-10-03,2025-10-03,2025-10-03,False,"[""theSoulGrinder""]","[""theSoulGrinder""]",False,True,False,False,,2025-10
3923290,Teapot Spinner,2025-10-03,2025-10-03,2025-10-03,False,"[""Grilled Games""]","[""Grilled Games""]",False,True,False,False,,2025-10
3939010,B-Line,2025-10-03,2025-10-03,2025-10-03,False,"[""Team Nutshell""]","[""Team Nutshell""]",False,True,False,True,,2025-10
3965620,Heart Snatcher,2025-10-03,2025-10-03,2025-10-03,False,"[""BigFridge Studios""]","[""BigFridge Studios""]",True,True,False,True,,2025-10
3969950,For What,2025-10-03,2025-10-03,2025-10-03,False,"[""Lost Pixel""]","[""Lost Pixel""]",False,True,False,False,,2025-10
3997430,Little Brave Adventurer,2025-10-03,2025-10-03,2025-10-03,False,"[""Xray""]","[""Xray""]",False,True,False,False,,2025-10
4005510,My Liminal Nightmare,2025-10-03,2025-10-03,2025-10-03,False,"[""Dylan Dowling""]","[""Dylan Dowling""]",False,True,False,False,,2025-10
4018640,SteelMechBattle,2025-10-03,2025-10-03,2025-10-03,False,"[""SteelGearWorks""]","[""SteelGearWorks""]",False,True,False,False,,2025-10
4022780,GreySpire,2025-10-03,2025-10-03,2025-10-03,False,"[""BluSheep""]","[""BluSheep""]",False,True,False,True,,2025-10
4026690,Spray N' Pray,2025-10-03,2025-10-03,2025-10-03,False,"[""Vancouver Film School""]","[""Vancouver Film School""]",True,True,False,False,,2025-10
4029480,Axol's Quest,2025-10-03,2025-10-03,2025-10-03,False,"[""CartMart""]","[""The Fillies""]",False,True,False,False,,2025-10
4032250,Tiempo,2025-10-03,2025-10-03,2025-10-03,False,"[""Vancouver Film School""]","[""Vancouver Film School""]",True,True,False,False,,2025-10
4033140,歐特在庫比城 Alter in Cube City,2025-10-03,2025-10-03,2025-10-03,False,"[""方圓十米""]","[""方圓十米""]",False,True,True,False,,2025-10
4037650,Unknown Fluffy Object,2025-10-03,2025-10-03,2025-10-03,False,"[""Vancouver Film School""]","[""Vancouver Film School""]",True,True,False,False,,2025-10
1033380,Skate & Date,2025-10-04,2025-10-04,2025-10-04,False,"[""Gensuta""]","[""Gensuta""]",False,True,True,False,,2025-10
3431720,Bookey Manor,2025-10-04,2025-10-04,2025-10-04,False,"[""kabevabon""]","[""kabevabon""]",False,True,False,False,,2025-10
3620740,Paper Kite: Threads of Longing,2025-10-04,2025-10-04,2025-10-04,False,"[""依露琳（武汉）品牌管理有限公司"",""黎羽游戏""]","[""北京黎羽科技有限公司"",""黎羽科技LICOGAME""]",False,True,False,False,,2025-10
3866030,Escoba,2025-10-04,2025-10-04,2025-10-04,False,"[""Quarzo Aplicaciones y Juegos SL""]","[""Quarzo Aplicaciones y Juegos SL""]",False,True,False,False,,2025-10
3907820,SHUFFLE SHOWDOWN,2025-10-04,2025-10-04,2025-10-04,False,"[""Team Roland""]","[""Team Roland""]",True,True,False,False,,2025-10
3999290,Remember Me,2025-10-04,2025-10-04,2025-10-04,False,"[""CurnurX""]","[""CurnurX""]",False,True,False,False,,2025-10
3556780,The Last Shores,2025-10-05,2025-10-05,2025-10-05,False,"[""Black Frog Studio""]","[""Black Frog Studio""]",True,True,False,False,,2025-10
3741750,Bleakmoor House,2025-10-05,2025-10-05,2025-10-05,False,"[""Lagarcent Studios""]","[""Lagarcent Studios""]",False,True,False,False,,2025-10
3838660,BPROOF,2025-10-05,2025-10-05,2025-10-05,False,"[""Dexsolutions""]","[""Dexsolutions""]",False,True,False,False,,2025-10
3844180,A Wild Last Boss Appeared! ~Black-Winged Survivor~,2025-10-05,2025-10-05,2025-10-05,False,"[""株式会社ロケットスタジオ""]","[""SUNSOFT""]",False,True,False,False,,2025-10
3928840,Mini PacRunner,2025-10-05,2025-10-05,2025-10-05,False,"[""HaiGame""]","[""HaiGame""]",False,True,False,False,,2025-10
3991120,Mariposa,2025-10-05,2025-10-05,2025-10-05,False,"[""Video Game Development Club @ UC San Diego""]","[""Video Game Development Club @ UC San Diego""]",True,True,True,False,,2025-10
4042220,Assassin of Monsters,2025-10-05,2025-10-05,2025-10-05,False,"[""Saylor games""]","[""Saylor games""]",False,True,False,False,,2025-10
1714530,Blood of Mehran,2025-10-06,2025-10-06,2025-10-06,False,"[""Permanent Way Game Co.""]","[""Blowfish Studios""]",False,True,False,False,,2025-10
1935330,SOPA - Tale of the Stolen Potato,2025-10-06,2025-10-06,2025-10-06,False,"[""StudioBando""]","[""StudioBando""]",False,True,False,False,,2025-10
1947160,CYCLE,2025-10-06,2025-10-06,2025-10-06,False,"[""DVTZR""]","[""DVTZR""]",False,True,False,False,,2025-10
3067970,Broken Aperture,2025-10-06,2025-10-06,2025-10-06,False,"[""Dinobyte Softworks LLC""]","[""Dinobyte Softworks LLC""]",False,True,False,False,,2025-10
3262810,Mushroom Hunter World,2025-10-06,2025-10-06,2025-10-06,False,"[""Poroshin Develop""]","[""Poroshin Develop""]",False,True,False,False,,2025-10
3570370,CARIMARA: Beneath the forlorn limbs,2025-10-06,2025-10-06,2025-10-06,False,"[""Bastinus Rex""]","[""CRITICAL REFLEX""]",False,True,True,False,,2025-10
3583530,Vampire's Best Friend,2025-10-06,2025-10-06,2025-10-06,False,"[""SinksAdventure""]","[""SinksAdventure""]",False,True,False,False,,2025-10
3606680,探偵は月を見る,2025-10-06,2025-10-06,2025-10-06,False,"[""YUUIRO""]","[""YUUIRO""]",False,True,False,False,,2025-10
3617620,My Card Is Better Than Your Card!,2025-10-06,2025-10-06,2025-10-06,False,"[""Utu Studios""]","[""Utu Studios""]",False,True,False,False,,2025-10
3694660,Ollsgar'd,2025-10-06,2025-10-06,2025-10-06,False,"[""Ollsgar'd Dev""]","[""Ollsgar'd Dev""]",False,True,False,False,,2025-10
3837230,Codename: Black Crow,2025-10-06,2025-10-06,2025-10-06,False,"[""SEEP""]","[""SEEP""]",False,True,False,True,,2025-10
3975930,Road to Karatl,2025-10-06,2025-10-06,2025-10-06,False,"[""Wild Angels Games""]","[""Wild Angels Games""]",False,True,False,False,,2025-10
4045890,Caveman Caravan,2025-10-06,2025-10-06,2025-10-06,False,"[""Snaggleteeth Software""]","[""Snaggleteeth Software""]",True,True,True,True,,2025-10
2336210,Monochrome Heights,2025-10-07,2025-10-07,2025-10-07,False,"[""One Frog Games""]","[""One Frog Games""]",False,True,False,True,,2025-10
2582140,Seafarer: The Ship Sim,2025-10-07,2025-10-07,2025-10-07,False,"[""astragon Development""]","[""astragon Entertainment""]",False,True,False,False,,2025-10
2673790,Endless Asphalt,2025-10-07,2025-10-07,2025-10-07,False,"[""Mt. Carmel Games""]","[""Mt. Carmel Games""]",False,True,False,False,,2025-10
2870530,Battle Suit Aces,2025-10-07,2025-10-07,2025-10-07,False,"[""Trinket Studios""]","[""Trinket Studios"",""Outersloth""]",False,True,True,False,,2025-10
3214220,Steel Knight's ARMIS,2025-10-07,2025-10-07,2025-10-07,False,"[""Izanami Game Lab, Inc."",""FORCES""]","[""Izanami Game Lab, Inc."",""FORCES""]",False,True,False,False,,2025-10
3433230,The Gretlow Tapes,2025-10-07,2025-10-07,2025-10-07,False,"[""Aegon Games""]","[""Aegon Games""]",False,True,False,False,,2025-10
3814630,CanKendama,2025-10-07,2025-10-07,2025-10-07,False,"[""Ima Create Co., Ltd.""]","[""Ima Create Co., Ltd.""]",True,True,False,False,,2025-10
3940250,Halloween 2048,2025-10-07,2025-10-07,2025-10-07,False,"[""Grendel Enterprises, L.L.C.""]","[""Grendel Enterprises, L.L.C.""]",False,True,True,False,,2025-10
3942700,KatanaHime,2025-10-07,2025-10-07,2025-10-07,False,"[""Heuristic Forge""]","[""Heuristic Forge""]",False,True,False,True,,2025-10
3942780,The Cute the Baldy and the Fluffy,2025-10-07,2025-10-07,2025-10-07,False,"[""lightUP""]","[""lightUP""]",False,True,False,False,,2025-10
3969700,RIBBITS,2025-10-07,2025-10-07,2025-10-07,False,"[""ProDuckTion""]","[""ProDuckTion""]",True,True,False,False,,2025-10
3994290,Circle Shoot,2025-10-07,2025-10-07,2025-10-07,False,"[""Deliciosa Game""]","[""Deliciosa Game""]",False,True,False,False,,2025-10
4001140,Sandrotten: Ekera,2025-10-07,2025-10-07,2025-10-07,False,"[""Sandrotten Studios""]","[""Sandrotten Studios""]",True,True,False,False,,2025-10
4006580,Geospatial Exploration - Explore the real world in 3D and VR,2025-10-07,2025-10-07,2025-10-07,False,"[""Boemien""]","[""Boemien""]",False,True,False,False,,2025-10
4019860,Iria,2025-10-07,2025-10-07,2025-10-07,False,"[""Etamott""]","[""Etamott""]",True,True,False,False,,2025-10
2460920,ACRES,2025-10-08,2025-10-08,2025-10-08,False,"[""Jimi Games""]","[""Jimi Games""]",False,True,False,False,,2025-10
2909870,The Legacy,2025-10-08,2025-10-08,2025-10-08,False,"[""Second Reality""]","[""RockGame S.A."",""RockGame Incubator""]",False,True,False,False,,2025-10
3168690,Toony's Daycare,2025-10-08,2025-10-08,2025-10-08,False,"[""Little Ghost Games""]","[""Little Ghost Games""]",False,True,False,False,,2025-10
3271880,Kano. Stone islands.,2025-10-08,2025-10-08,2025-10-08,False,"[""Sirotkin Aleksandr""]","[""Sirotkin Aleksandr""]",False,True,False,False,,2025-10
3305920,CubeyCollect,2025-10-08,2025-10-08,2025-10-08,False,"[""Philipp Wittig""]","[""BBN Publishing""]",False,True,False,False,,2025-10
3427500,Bat-Rush,2025-10-08,2025-10-08,2025-10-08,False,"[""Random Nice Games""]","[""Random Nice Games""]",False,True,False,False,,2025-10
3513000,Comfy Girl,2025-10-08,2025-10-08,2025-10-08,False,"[""Unorthodox Box""]","[""Unorthodox Box""]",False,True,False,False,,2025-10
3684010,3 Hell,2025-10-08,2025-10-08,2025-10-08,False,"[""Bekvi""]","[""Tsh""]",False,True,False,False,,2025-10
3697220,Project: Mortuus Astrum Playable Teaser ,2025-10-08,2025-10-08,2025-10-08,False,"[""Khaled Chaya""]","[""Khaled Chaya""]",True,True,False,False,,2025-10
3757240,Zombies Attack,2025-10-08,2025-10-08,2025-10-08,False,"[""Liao Kai"",""LKK GAME""]","[""Liao Kai""]",False,True,False,False,,2025-10
3912150,Cosmic Rescue,2025-10-08,2025-10-08,2025-10-08,False,"[""Esemte Games""]","[""Esemte Games""]",False,True,False,False,,2025-10
3912160,Devil Laugh,2025-10-08,2025-10-08,2025-10-08,False,"[""Esemte Games""]","[""Esemte Games""]",False,True,False,False,,2025-10
3917910,Stars of Strife,2025-10-08,2025-10-08,2025-10-08,False,"[""Sicur54""]","[""Sicur54""]",False,True,False,False,,2025-10
3955280,Escape The Buildings,2025-10-08,2025-10-08,2025-10-08,False,"[""Level Loop Studio""]","[""Level Loop Studio""]",False,True,False,False,,2025-10
4002520,アルタイル号の殺人,2025-10-08,2025-10-08,2025-10-08,False,"[""orange""]","[""orange""]",False,True,False,False,,2025-10
4019890,Wuxing Summoner,2025-10-08,2025-10-08,2025-10-08,False,"[""simmirror""]","[""simmirror""]",False,True,False,False,,2025-10
4023250,Proto-GO-a,2025-10-08,2025-10-08,2025-10-08,False,"[""Allen B. Moore""]","[""Allen B. Moore""]",False,True,True,False,,2025-10
4034240,Primora,2025-10-08,2025-10-08,2025-10-08,False,"[""Onecraft Forge""]","[""Onecraft Forge""]",False,True,False,False,,2025-10
4038000,Don’t Make Her Open Her Eyes!,2025-10-08,2025-10-08,2025-10-08,False,"[""Velvet Rot Games""]","[""Velvet Rot Games""]",False,True,True,True,,2025-10
1456570,PixelJunk™ Eden 2,2025-10-09,2025-10-09,2025-10-09,False,"[""Q-Games Ltd.""]","[""Q-Games Ltd.""]",False,True,False,False,,2025-10
2000970,Beacon of Neyda,2025-10-09,2025-10-09,2025-10-09,False,"[""Ghost Creative Studio""]","[""Ghost Creative Studio""]",False,True,False,True,,2025-10
2243700,Isle of Leil,2025-10-09,2025-10-09,2025-10-09,False,"[""Curtis Hawes""]",,False,True,False,False,,2025-10
3451500,Car Guys,2025-10-09,2025-10-09,2025-10-09,False,"[""Ruben Alcañiz""]","[""Ruben Alcañiz""]",False,True,True,False,,2025-10
3484190,Bits and Boards - Game Store Simulator,2025-10-09,2025-10-09,2025-10-09,False,"[""Nicolash Games""]","[""Nicolash Games""]",False,True,False,False,,2025-10
3561230,Dreams of Another,2025-10-09,2025-10-09,2025-10-09,False,"[""Q-Games Ltd.""]","[""Q-Games Ltd.""]",False,True,False,False,,2025-10
3690060,ジャンクノーツ / JUNK NOTES,2025-10-09,2025-10-09,2025-10-09,False,"[""Jloo""]","[""Sub:06""]",False,True,False,False,,2025-10
3814580,Subway Exit,2025-10-09,2025-10-09,2025-10-09,False,"[""SmallBigSquare""]","[""SmallBigSquare""]",False,True,False,False,,2025-10
3832360,鱼自会上钩 EffortlessCatch,2025-10-09,2025-10-09,2025-10-09,False,"[""JLL""]","[""JLL""]",False,True,True,False,,2025-10
3898000,Dobro Goranku,2025-10-09,2025-10-09,2025-10-09,False,"[""Moonlabs""]","[""Moonlabs""]",True,True,True,False,,2025-10
4014630,Flute of Gobelin,2025-10-09,2025-10-09,2025-10-09,False,"[""MadDevStudios""]","[""MadDevStudios"",""GoGo Games Interactive""]",False,True,False,False,,2025-10
4030310,Sweet Dreams,2025-10-09,2025-10-09,2025-10-09,False,"[""1987xclusive""]","[""1987xclusive""]",True,True,False,False,,2025-10
4036810,Monster Market Simulator Modavuj Multiplayer,2025-10-09,2025-10-09,2025-10-09,False,"[""Modavuj Games""]","[""Modavuj Games""]",False,True,False,False,,2025-10
4040220,Mad Stacks,2025-10-09,2025-10-09,2025-10-09,False,"[""TomerBARZ""]","[""TomerBARZ""]",False,True,False,False,,2025-10
4041900,Haze,2025-10-09,2025-10-09,2025-10-09,False,"[""CLS Studio""]","[""CLS Studio""]",True,True,False,False,,2025-10
1191050,MotoTrials,2025-10-10,2025-10-10,2025-10-10,False,"[""Proud Arts""]","[""Proud Arts""]",False,True,False,False,,2025-10
1961590,Endure: The Middle Age,2025-10-10,2025-10-10,2025-10-10,False,"[""FeSeGo""]","[""FeSeGo""]",True,True,False,False,,2025-10
2060160,The Farmer Was Replaced,2025-10-10,2025-10-10,2025-10-10,False,"[""Timon Herzog""]","[""Metaroot"",""Timon Herzog""]",False,True,True,False,,2025-10
2115390,Project Unknown,2025-10-10,2025-10-10,2025-10-10,False,"[""PsychoRavens""]","[""Nightmare Studios""]",False,True,False,False,,2025-10
2208840,Amazing Space,2025-10-10,2025-10-10,2025-10-10,False,"[""Playbosh Games Entertainment UG (haftungsbeschränkt)""]","[""Playbosh Games Entertainment UG (haftungsbeschränkt)""]",False,True,False,False,,2025-10
2279440,Soul Mates,2025-10-10,2025-10-10,2025-10-10,False,"[""Sad Panda Studios""]","[""Sad Panda Studios""]",False,True,True,True,,2025-10
2588400,Robokid,2025-10-10,2025-10-10,2025-10-10,False,"[""novaRayX""]","[""novaRayX""]",False,True,False,False,,2025-10
2786660,Barbie™ Horse Trails,2025-10-10,2025-10-10,2025-10-10,False,"[""PHL Collective""]","[""Outright Games Ltd.""]",False,True,False,False,,2025-10
3038530,NikNaks,2025-10-10,2025-10-10,2025-10-10,False,"[""Boombot"",""Etheral Games""]","[""Boombot"",""Etheral Games""]",False,True,False,False,,2025-10
3052320,Ground Mine Girl ,2025-10-10,2025-10-10,2025-10-10,False,"[""NaughtyGate""]","[""NaughtyGate""]",False,True,False,False,,2025-10
3154800,Football Pitch Simulator,2025-10-10,2025-10-10,2025-10-10,False,"[""Incipient Day""]","[""PlayWay S.A.""]",False,True,True,False,,2025-10
3276960,Sorcery Slam,2025-10-10,2025-10-10,2025-10-10,False,"[""Earth Shatter Games""]","[""Earth Shatter Games""]",False,True,False,False,,2025-10
3282690,RoundZ,2025-10-10,2025-10-10,2025-10-10,False,"[""GG Interactive""]","[""GG Interactive""]",False,True,False,False,,2025-10
3328180,Snoopy & The Great Mystery Club,2025-10-10,2025-10-10,2025-10-10,False,"[""Cradle Games""]","[""GameMill Entertainment""]",False,True,False,False,,2025-10
3374840,Piss Off,2025-10-10,2025-10-10,2025-10-10,False,"[""Emmanuel Crispi""]","[""PolyMess""]",False,True,False,False,,2025-10
3625280,Alive,2025-10-10,2025-10-10,2025-10-10,False,"[""Sonia Borderguard"",""Borderguard Game""]","[""Borderguard Game""]",False,True,False,False,,2025-10
3685920,Quetzal - Card Battle TCG,2025-10-10,2025-10-10,2025-10-10,False,"[""Sandbag Games""]","[""Sandbag Games""]",True,True,False,False,,2025-10
3688930,Myrath's Curse,2025-10-10,2025-10-10,2025-10-10,False,"[""TavernKey""]","[""Gigantic G""]",False,True,False,False,,2025-10
3841040,Lilialette's Hustle: Getting My Hands Dirty to Save My Guild,2025-10-10,2025-10-10,2025-10-10,False,"[""P.+""]","[""Kagura Games""]",False,True,False,False,,2025-10
3844910,Historic Helix,2025-10-10,2025-10-10,2025-10-10,False,"[""Tonkers Tinkers""]","[""Tonkers Tinkers""]",False,True,False,False,,2025-10
3895030,Blue Hawaii Aniki's Soft Ore Demand vol.1,2025-10-10,2025-10-10,2025-10-10,False,"[""Kirishima Shoichi""]","[""Kirishima Shoichi""]",False,True,False,False,,2025-10
3949750,(BURIED TAPES) The Parking,2025-10-10,2025-10-10,2025-10-10,False,"[""LIAR MANNEQUIN""]","[""LIAR MANNEQUIN""]",True,True,True,False,,2025-10
3967950,Spookie Dookie,2025-10-10,2025-10-10,2025-10-10,False,"[""Silly Studioz""]","[""Silly Studioz""]",False,True,False,False,,2025-10
3984670,My Local Bee Cult,2025-10-10,2025-10-10,2025-10-10,False,"[""SlimeInSpace""]","[""SlimeInSpace""]",False,True,False,False,,2025-10
4018910,Twins of the Sun,2025-10-10,2025-10-10,2025-10-10,False,"[""COMMANDO PANDA""]","[""COMMANDO PANDA""]",False,True,False,False,,2025-10
4038570,Shopping Cart Pusher,2025-10-10,2025-10-10,2025-10-10,False,"[""Jack Li""]","[""Jack Li""]",False,True,True,False,,2025-10
4040240,Gocha Sura Dash: Countdown Puzzle,2025-10-10,2025-10-10,2025-10-10,False,"[""G2PLHAS""]","[""G2PLHAS""]",False,True,False,False,,2025-10
4043270,EmberStride,2025-10-10,2025-10-10,2025-10-10,False,"[""Sharkgame""]","[""Gamesforgames""]",False,True,False,False,,2025-10
4047290,机械傀儡(DollMachine),2025-10-10,2025-10-10,2025-10-10,False,"[""小正也要当up""]","[""小正也要当up""]",False,True,False,False,,2025-10
4052780,The Invasive Plant,2025-10-10,2025-10-10,2025-10-10,False,"[""Zhengyu Ye""]","[""Zhengyu Ye""]",False,True,False,False,,2025-10
4056230,Cosmic Cargo,2025-10-10,2025-10-10,2025-10-10,False,"[""Wormhole Wizards""]","[""DigiPen Institute of Technology""]",True,True,False,False,,2025-10
3114280,Eternal ONE,2025-10-11,2025-10-11,2025-10-11,False,"[""HOONDAHL STUDIOS LTD""]","[""HOONDAHL STUDIOS LTD""]",False,True,False,False,,2025-10
3359910,KIZUNA ENCOUNTER: SUPER TAG BATTLE,2025-10-11,2025-10-11,2025-10-11,False,"[""Code Mystics""]","[""SNK  CORPORATION""]",False,True,False,False,,2025-10
3885290,Go! Sloth,2025-10-11,2025-10-11,2025-10-11,False,"[""PicoHatch""]","[""PicoHatch""]",False,True,False,False,,2025-10
4030060,Why Is Driving So Hard?,2025-10-11,2025-10-11,2025-10-11,False,"[""SteleDev""]","[""Fallen Games""]",False,True,False,False,,2025-10
4035390,Alexia Zero,2025-10-11,2025-10-11,2025-10-11,False,"[""YJ""]","[""YJ""]",False,True,False,False,,2025-10
4042190,Lola Maria,2025-10-11,2025-10-11,2025-10-11,False,"[""Kallim Studio""]","[""Kallim Studio""]",False,True,False,False,,2025-10
3787000,Fading Lights,2025-10-12,2025-10-12,2025-10-12,False,"[""Dimlight Devs""]","[""Fh-Salzburg""]",True,True,False,True,,2025-10
3863130,Galduen of the Void,2025-10-12,2025-10-12,2025-10-12,False,"[""AzurDev""]","[""Azurdev""]",True,True,False,True,,2025-10
3911880,ESKAPI,2025-10-12,2025-10-12,2025-10-12,False,"[""NO-BRAINER""]","[""NO-BRAINER""]",False,True,False,False,,2025-10
4018050,K-Pattern Master,2025-10-12,2025-10-12,2025-10-12,False,"[""FunPick""]","[""FunPick""]",False,True,False,False,,2025-10
4020970,You Were There -君はそこにいた-,2025-10-12,2025-10-12,2025-10-12,False,"[""MATRE""]","[""MATRE""]",True,True,False,False,,2025-10
4039490,The Versailles Village,2025-10-12,2025-10-12,2025-10-12,False,"[""Naeim Akbari"",""Kenan Dereli""]","[""Kenan Dereli""]",False,True,True,True,,2025-10
4049140,The House She Haunts,2025-10-12,2025-10-12,2025-10-12,False,"[""Patrick J. Stover""]","[""Lazer Raptor Games""]",False,True,False,False,,2025-10
4051050,Genesis,2025-10-12,2025-10-12,2025-10-12,False,"[""Ayden DeBoer"",""Ben DeBoer""]","[""Ayden DeBoer""]",True,True,False,False,,2025-10
533610,Jet Gunner: Refueled,2025-10-13,2025-10-13,2025-10-13,False,"[""Sinclair Strange""]","[""Clickteam ""]",False,True,False,False,,2025-10
1386750,Spindle,2025-10-13,2025-10-13,2025-10-13,False,"[""Wobble Ghost""]","[""Deck13"",""Gamersky Games""]",False,True,True,True,,2025-10
3612610,Stackmancy,2025-10-13,2025-10-13,2025-10-13,False,"[""Quirky Duck Studios""]","[""Quirky Duck Studios""]",False,True,False,False,,2025-10
3704300,FIND ALL 9: Fantasy,2025-10-13,2025-10-13,2025-10-13,False,"[""Very Very LITTLE Studio""]","[""Very Very LITTLE Studio""]",False,True,True,True,,2025-10
4015300,LIMINAL WATERS - ENHANCED EDITION,2025-10-13,2025-10-13,2025-10-13,False,"[""DK Productions"",""Silent Snake""]","[""DK Productions""]",False,True,False,False,,2025-10
4037590,Rocks In Space,2025-10-13,2025-10-13,2025-10-13,False,"[""T's Gaming Emporium""]","[""T's Gaming Emporium""]",False,True,True,False,,2025-10
4045970,Farm Simulator,2025-10-13,2025-10-13,2025-10-13,False,"[""B.B.B.Games""]","[""B.B.B.Games""]",False,True,True,True,,2025-10
4052630,Boss Battle Arena,2025-10-13,2025-10-13,2025-10-13,False,"[""PixelPrimacy""]","[""PixelPrimacy""]",False,True,False,False,,2025-10
3385250,ラビィとパネルでしりとり,2025-10-14,2025-10-14,2025-10-14,False,"[""LabyLab""]","[""LabyLab""]",False,True,False,False,,2025-10
3688320,Alphabet Hero(알파벳 용사),2025-10-14,2025-10-14,2025-10-14,False,"[""ZINON""]","[""ZINON""]",True,True,False,False,,2025-10
3720260,Frogdoku,2025-10-14,2025-10-14,2025-10-14,False,"[""Digital Scorpion Interactive""]","[""Digital Scorpion Interactive""]",False,True,False,False,,2025-10
3852180,Hexateria,2025-10-14,2025-10-14,2025-10-14,False,"[""Jakub Nejman""]","[""Jakub Nejman""]",False,True,False,False,,2025-10
3899640,Roman Rumble,2025-10-14,2025-10-14,2025-10-14,False,"[""E-motion Studio""]","[""E-motion Studio""]",True,True,False,False,,2025-10
3926820,"Eyes & Hearts, Corazones y Ojos",2025-10-14,2025-10-14,2025-10-14,False,"[""Eyal Hazor""]","[""Daniel Song""]",False,True,False,True,,2025-10
3929740,Tom Clancy's Splinter Cell: Pandora Tomorrow,2025-10-14,2025-10-14,2025-10-14,False,"[""Ubisoft""]","[""Ubisoft""]",False,True,False,False,,2025-10
3933530,Puzzle Everything,2025-10-14,2025-10-14,2025-10-14,False,"[""Greystone Gaming""]","[""Greystone Gaming""]",False,True,False,False,,2025-10
3977490,Crush Point,2025-10-14,2025-10-14,2025-10-14,False,"[""HTK Dev""]","[""HTK Dev""]",False,True,False,False,,2025-10
4041800,Mystic Archipelago,2025-10-14,2025-10-14,2025-10-14,False,"[""Clim-bot""]","[""Clim-bot""]",False,True,False,False,,2025-10
4045150,FEEDING YUYUKO,2025-10-14,2025-10-14,2025-10-14,False,"[""LancerKoi""]","[""白夜星象馆""]",False,True,False,False,,2025-10
4055860,RATMOUSE,2025-10-14,2025-10-14,2025-10-14,False,"[""ZOOPGAR""]","[""ZOOPGAR""]",True,True,False,False,,2025-10
4067390,LuminousStoria,2025-10-14,2025-10-14,2025-10-14,False,"[""SmileForeverStudio""]","[""SmileForeverStudio""]",False,True,False,False,,2025-10
2515280,Slap Fighter,2025-10-15,2025-10-15,2025-10-15,False,"[""Curious Games""]","[""Curious Games""]",False,True,False,False,,2025-10
2727660,GlitchSPANKR,2025-10-15,2025-10-15,2025-10-15,False,"[""Mahelyk"",""TheClassifiedX""]","[""Black Lantern Collective"",""TheClassifiedX""]",False,True,False,False,,2025-10
2893530,Pillaged Village: Humbled by Savages,2025-10-15,2025-10-15,2025-10-15,False,"[""Kegani Lab""]","[""Shiravune"",""Co-FUN Games""]",False,True,False,False,,2025-10
3594280,AVTale,2025-10-15,2025-10-15,2025-10-15,False,"[""OnePersonDevelopment""]","[""OnePersonDevelopment""]",False,True,False,False,,2025-10
3603870,Raccateer,2025-10-15,2025-10-15,2025-10-15,False,"[""Nathan Laird"",""3StandardYardSticks""]","[""3StandardYardSticks""]",False,True,True,False,,2025-10
3746510,3D PUZZLE - Mountain Life,2025-10-15,2025-10-15,2025-10-15,False,"[""PUZZLE Games""]","[""Hede""]",False,True,False,False,,2025-10
3779680,VR Boxing: Champion's Forge​,2025-10-15,2025-10-15,2025-10-15,False,"[""白龙乐园""]","[""白龙乐园""]",False,True,False,False,,2025-10
3801500,Neffy -Moonlight Labyrinth X-,2025-10-15,2025-10-15,2025-10-15,False,"[""TOM CREATE CO.,LTD.""]","[""TOM CREATE CO.,LTD.""]",False,True,False,True,,2025-10
3838710,H2My Park Game,2025-10-15,2025-10-15,2025-10-15,False,"[""Michael Szonn""]","[""Michael Szonn""]",False,True,False,False,,2025-10
3885360,Valoris,2025-10-15,2025-10-15,2025-10-15,False,"[""SUPER ESPORTS""]","[""SUPER ESPORTS""]",False,True,False,False,,2025-10
3932650,Don't Fowl Down,2025-10-15,2025-10-15,2025-10-15,False,"[""Seblin Games""]","[""Seblin Games""]",False,True,False,False,,2025-10
3952050,Turtle Game,2025-10-15,2025-10-15,2025-10-15,False,"[""It From Bit Co., Ltd.""]","[""It From Bit Co., Ltd.""]",False,True,True,False,,2025-10
3957270,Bozimer's Rage Game,2025-10-15,2025-10-15,2025-10-15,False,"[""ByteBrine""]","[""ByteBrine""]",False,True,False,False,,2025-10
4007780,Autumn Rail,2025-10-15,2025-10-15,2025-10-15,False,"[""Calamity Maid""]","[""Calamity Maid""]",False,True,True,False,,2025-10
4029210,WAVEBEAM,2025-10-15,2025-10-15,2025-10-15,False,"[""Ryan Collins""]","[""Ryan Collins""]",True,True,True,False,,2025-10
4032260,Rock Clicker,2025-10-15,2025-10-15,2025-10-15,False,"[""Gamedojo.app""]","[""Gamedojo.app""]",True,True,False,False,,2025-10
4067540,Vacubot,2025-10-15,2025-10-15,2025-10-15,False,"[""Ohbit""]","[""Ohbit""]",True,True,False,False,,2025-10
444930,Zaccaria Pinball,2025-10-16,2025-10-16,2025-10-16,False,"[""Magic Pixel Kft.""]","[""Magic Pixel Kft.""]",True,True,True,True,,2025-10
2352620,Fellowship,2025-10-16,2025-10-16,2025-10-16,False,"[""Chief Rebel""]","[""Coffee Stain Publishing"",""Arc Games""]",False,True,False,False,,2025-10
3167020,Escape From Duckov,2025-10-16,2025-10-16,2025-10-16,False,"[""Team Soda""]","[""bilibili""]",False,True,True,False,,2025-10
3354320,Game for Aliens,2025-10-16,2025-10-16,2025-10-16,False,"[""nogagong""]","[""nogagong""]",True,True,False,False,,2025-10
3371140,Warmongers,2025-10-16,2025-10-16,2025-10-16,False,"[""Good Game Studio""]","[""Good Game Studio""]",False,True,False,False,,2025-10
3801380,Dragon Ace Casino,2025-10-16,2025-10-16,2025-10-16,False,"[""GameSpring Inc.""]","[""GameSpring Inc.""]",True,True,True,False,,2025-10
3843120,Valiants: Arena,2025-10-16,2025-10-16,2025-10-16,False,"[""Vortrius""]","[""Vortrius""]",True,True,True,False,,2025-10
3865990,The Three Cardinals,2025-10-16,2025-10-16,2025-10-16,False,"[""Emanuel Beaulieu""]","[""Emanuel Beaulieu""]",False,True,False,False,,2025-10
3991100,Meowment,2025-10-16,2025-10-16,2025-10-16,False,"[""고오급진팀""]","[""고오급진팀""]",True,True,False,False,,2025-10
4018920,"All My Heart, Banjo",2025-10-16,2025-10-16,2025-10-16,False,"[""Bad Dog Banjo""]","[""Bad Dog Banjo""]",False,True,False,True,,2025-10
4065010,Forget Her,2025-10-16,2025-10-16,2025-10-16,False,"[""Jester's Jest Entertainment""]","[""Jester's Jest Entertainment""]",False,True,False,False,,2025-10
3002400,Black Annis,2025-10-17,2025-10-17,2025-10-17,False,"[""Man the Barricades Ltd""]","[""Man the Barricades Ltd""]",False,True,False,False,,2025-10
3043580,Keeper,2025-10-17,2025-10-17,2025-10-17,False,"[""Double Fine Productions""]","[""Double Fine Productions""]",False,True,False,False,,2025-10
3265060,Touhou Dystopian,2025-10-17,2025-10-17,2025-10-17,False,"[""Kay Lnk""]","[""Kay Lnk""]",False,True,False,False,,2025-10
3481710,My Sleeping Girlfriend,2025-10-17,2025-10-17,2025-10-17,False,"[""Fancy Dog Games""]","[""Fancy Dog Games""]",False,True,False,False,,2025-10
3623640,Unfound Footage,2025-10-17,2025-10-17,2025-10-17,False,"[""Frixxy Games""]","[""Frixxy Games""]",False,True,False,False,,2025-10
3745290,The Payphone,2025-10-17,2025-10-17,2025-10-17,False,"[""Kosumic Interactive Studio""]","[""Kosumic Interactive Studio""]",False,True,False,False,,2025-10
3940820,Dentist Simulator 2,2025-10-17,2025-10-17,2025-10-17,False,"[""Code Lab""]","[""Code Lab""]",False,True,False,False,,2025-10
3960930,Umbral Crown: Mark,2025-10-17,2025-10-17,2025-10-17,False,"[""WatermelonOwl""]","[""WatermelonOwl""]",True,True,False,False,,2025-10
3994690,Alpine Skater,2025-10-17,2025-10-17,2025-10-17,False,"[""Yash Future Tech Solutions Pvt Ltd""]","[""Yash Future Tech Solutions Pvt Ltd""]",False,True,False,False,,2025-10
4033820,Spot The Word,2025-10-17,2025-10-17,2025-10-17,False,"[""Caen Studio""]","[""Caen Studio""]",False,True,False,False,,2025-10
4039420,Galaxy Card Game,2025-10-17,2025-10-17,2025-10-17,False,"[""FOGMOE""]","[""FOGMOE""]",True,True,False,False,,2025-10
4068860,Lost my Collection of Fish 2,2025-10-17,2025-10-17,2025-10-17,False,"[""Vaggelis Arabatzoglou""]","[""Carterson Games""]",False,True,False,False,,2025-10
4075080,The Roach Hotel,2025-10-17,2025-10-17,2025-10-17,False,"[""Hawt Combo"",""Imaginais""]","[""Hawt Combo""]",True,True,False,False,,2025-10
1866640,Kronos,2025-10-18,2025-10-18,2025-10-18,False,"[""Wild Monkey""]","[""Wild Monkey""]",False,True,False,False,,2025-10
2449060,15 Minutes Dungeon,2025-10-18,2025-10-18,2025-10-18,False,"[""Daruma The Factory, Inc.""]","["" Daruma The Factory, Inc.""]",False,True,False,False,,2025-10
3527080,Phantom Incident,2025-10-18,2025-10-18,2025-10-18,False,"[""GZ Storm"",""Lazrool""]","[""GZ Storm""]",False,True,False,False,,2025-10
3679100,Keine’s Terakoya: A Schoolhouse in Gensokyo,2025-10-18,2025-10-18,2025-10-18,False,"[""The Creator Workgroup""]","[""Crestruction""]",False,True,False,False,,2025-10
4022880,군대탈출,2025-10-18,2025-10-18,2025-10-18,False,"[""Gemma Soft""]","[""Gemma Soft""]",False,True,False,False,,2025-10
1674150,Gromopoli,2025-10-19,2025-10-19,2025-10-19,False,"[""kilo""]","[""kilo""]",True,True,False,False,,2025-10
2279180,Death Nomad,2025-10-19,2025-10-19,2025-10-19,False,"[""Cosmic Noise""]","[""Cosmic Noise""]",False,True,False,False,,2025-10
3036320,My Last Stand: Survivors,2025-10-19,2025-10-19,2025-10-19,False,"[""ZHR""]","[""ZHR""]",False,True,False,False,,2025-10
3075800,Subterranauts,2025-10-19,2025-10-19,2025-10-19,False,"["" Red Basket Games""]","[""Red Basket Games""]",False,True,False,False,,2025-10
3495040,100 Dubai Cats,2025-10-19,2025-10-19,2025-10-19,False,"[""100 Cozy Games"",""Cats""]","[""100 Cozy Games"",""Cats""]",False,True,False,False,,2025-10
3994710,Mr Toffee's Slow-Thermo Sudoku Puzzles,2025-10-19,2025-10-19,2025-10-19,False,"[""Tom Fry""]","[""Tom Fry""]",False,False,True,True,,2025-10
4055990,Graviton Flux,2025-10-19,2025-10-19,2025-10-19,False,"[""Feedbacc Studios""]","[""Feedbacc Studios""]",False,True,False,False,,2025-10
1560160,ILA: A Frosty Glide,2025-10-20,2025-10-20,2025-10-20,False,"[""Magic Rain Studios""]","[""First Break Labs""]",False,True,False,False,,2025-10
1820100,DREAMOUT,2025-10-20,2025-10-20,2025-10-20,False,"[""Game Dynasty""]","[""Valkyrie Initiative""]",False,True,False,False,,2025-10
2784500,FourKnightVariant,2025-10-20,2025-10-20,2025-10-20,False,"[""WhimSoul Games""]","[""WhimSoul Games""]",False,True,False,False,,2025-10
3098380,Locked In,2025-10-20,2025-10-20,2025-10-20,False,"[""Gerch Interactive""]","["" Gerch Interactive""]",False,True,False,False,,2025-10
3143520,Bizzy Bouncy Boo,2025-10-20,2025-10-20,2025-10-20,False,"[""umbrella11""]","[""umbrella11""]",False,True,False,False,,2025-10
3230030,Chaos of Destiny Remake,2025-10-20,2025-10-20,2025-10-20,False,"[""Klayerama""]","[""Klayerama""]",False,True,False,False,,2025-10
3237360,Lone Soul,2025-10-20,2025-10-20,2025-10-20,False,"[""Laughing Fox Games""]","[""Laughing Fox Games""]",False,True,False,False,,2025-10
3432800,Slingbot Survivors,2025-10-20,2025-10-20,2025-10-20,False,"[""Clover Bite""]","[""Clover Bite"",""indie.io""]",False,True,False,False,,2025-10
3437610,Dragon Fall,2025-10-20,2025-10-20,2025-10-20,False,"[""lucas silva de oliveira""]","[""vision games""]",False,True,False,False,,2025-10
3458600,NINDO Guardian of the Starlit Shadow,2025-10-20,2025-10-20,2025-10-20,False,"[""MORIKICHIDO""]","[""MORIKICHIDO""]",False,True,False,False,,2025-10
3545810,GalanWarSong,2025-10-20,2025-10-20,2025-10-20,False,"[""Winwill Studio""]","[""Winwill Studio""]",False,True,True,False,,2025-10
3550490,Overcome Your Fears - Caretaker,2025-10-20,2025-10-20,2025-10-20,False,"[""markuwaaaaa""]","[""markuwaaaaa""]",False,True,False,False,,2025-10
3575980,Fantasy Maiden Wars - DREAM OF THE STRAY DREAMER -,2025-10-20,2025-10-20,2025-10-20,False,"[""さんぼん堂""]","[""Phoenixx Inc.""]",False,True,False,False,,2025-10
3576000,Behind The Curtain,2025-10-20,2025-10-20,2025-10-20,False,"[""Enigma Forge LLC""]","[""Enigma Forge LLC""]",False,True,False,False,,2025-10
3670290,Dragons Frolic!,2025-10-20,2025-10-20,2025-10-20,False,"[""Starlit Castle""]","[""Starlit Castle""]",False,True,False,False,,2025-10
3706640,The Fantastic Adventures of Mr. Don and Friends,2025-10-20,2025-10-20,2025-10-20,False,"[""IGamma_Solo""]","[""IGamma_Solo""]",False,True,False,False,,2025-10
3717150,Kegan,2025-10-20,2025-10-20,2025-10-20,False,"[""TDOG STUDIOS""]","[""TDOG STUDIOS""]",False,True,False,False,,2025-10
3724750,Void Raider,2025-10-20,2025-10-20,2025-10-20,False,"[""BlackCrow""]","[""BlackCrow""]",False,True,False,True,,2025-10
3837030,Wukong 2088,2025-10-20,2025-10-20,2025-10-20,False,"[""Uto88""]","[""Uto88""]",False,True,False,False,,2025-10
3893670,The Jester and the Madman,2025-10-20,2025-10-20,2025-10-20,False,"[""Tim Rachor""]","[""Tim Rachor""]",False,True,False,True,,2025-10
3927680,Steel Defence,2025-10-20,2025-10-20,2025-10-20,False,"[""Storytime Studio""]","[""Storytime Studio""]",False,True,False,False,,2025-10
4035130,Landomayzer,2025-10-20,2025-10-20,2025-10-20,False,"[""LuuuLuuuL""]","[""LuuuLuuuL""]",False,True,False,False,,2025-10
4051880,Penalty Shooters 2,2025-10-20,2025-10-20,2025-10-20,False,"[""NUSPEKO""]","[""NUSPEKO""]",False,True,False,False,,2025-10
2300120,Painkiller,2025-10-21,2025-10-21,2025-10-21,False,"[""Anshar Studios""]","[""3D Realms""]",False,True,False,False,,2025-10
2903160,Midori no Kaori,2025-10-21,2025-10-21,2025-10-21,False,"[""TheLaba""]","[""TheLaba""]",False,True,False,False,,2025-10
2948190,World of Sea Battle,2025-10-21,2025-10-21,2025-10-21,False,"[""Thera Interactive""]","[""Thera Interactive""]",True,True,False,False,,2025-10
2958130,Jurassic World Evolution 3,2025-10-21,2025-10-21,2025-10-21,False,"[""Frontier Developments""]","[""Frontier Developments""]",False,True,False,False,,2025-10
3135270,Slasher,2025-10-21,2025-10-21,2025-10-21,False,"[""Horrid Vision LLC""]","[""Horrid Vision LLC""]",False,True,False,False,,2025-10
3299830,Hollywood Story®: Fashion Star,2025-10-21,2025-10-21,2025-10-21,False,"[""NANOBIT""]","[""NANOBIT""]",True,True,False,False,,2025-10
3333310,HOLES,2025-10-21,2025-10-21,2025-10-21,False,"[""Waves Games""]","[""Waves Games""]",False,True,False,False,,2025-10
3391420,修仙实操手册,2025-10-21,2025-10-21,2025-10-21,False,"[""SourceIn Games""]","[""SourceIn Games""]",False,True,False,False,,2025-10
3583760,Earth Space Defenders,2025-10-21,2025-10-21,2025-10-21,False,"[""Hetocode""]","[""Hetocode""]",False,True,False,False,,2025-10
3604520,The Mare Show,2025-10-21,2025-10-21,2025-10-21,False,"[""OutZoom""]","[""GoGo Games Interactive""]",False,True,False,False,,2025-10
3734930,Demonborg Mining Co,2025-10-21,2025-10-21,2025-10-21,False,"[""Ouch Giver Games""]","[""Ouch Giver Games""]",False,True,False,False,,2025-10
3797830,Egglings,2025-10-21,2025-10-21,2025-10-21,False,"[""Maurice Huchler""]","[""Kokoni Games""]",False,True,False,False,,2025-10
3841660,Box Bunny,2025-10-21,2025-10-21,2025-10-21,False,"[""Mormotte""]","[""Mormotte""]",True,True,False,False,,2025-10
3843850,The Black Pool: Arena Survivors,2025-10-21,2025-10-21,2025-10-21,False,"[""Smug Marmot Studios""]","[""Smug Marmot Studios""]",True,True,False,False,,2025-10
3862710,Vita: The Ember Oracle,2025-10-21,2025-10-21,2025-10-21,False,"[""Desert Tsunami""]","[""Desert Tsunami""]",False,True,False,False,,2025-10
3886310,KOALAS DELIV & GUY,2025-10-21,2025-10-21,2025-10-21,False,"[""RYO.DESIGN""]","[""RYO.DESIGN""]",False,True,False,False,,2025-10
3901780,Bone Souls,2025-10-21,2025-10-21,2025-10-21,False,"[""几几不小心""]","[""几几不小心""]",False,True,False,False,,2025-10
3928970,ParryMaster,2025-10-21,2025-10-21,2025-10-21,False,"[""GOGOIO Games""]","[""GOGOIO Games""]",False,True,False,False,,2025-10
3965520,Sacred World,2025-10-21,2025-10-21,2025-10-21,False,"[""超巨大战喵""]","[""超巨大战喵""]",False,True,False,False,,2025-10
3990040,Ants March TD,2025-10-21,2025-10-21,2025-10-21,False,"[""1Line Games""]","[""1Line Games""]",False,True,False,False,,2025-10
4002010,RePulse-X,2025-10-21,2025-10-21,2025-10-21,False,"[""Stefan Amelung""]","[""Stefan Amelung""]",False,True,False,True,,2025-10
4015860,Too Many Bots,2025-10-21,2025-10-21,2025-10-21,False,"[""Pierpiero""]","[""Pierpiero""]",True,True,False,False,,2025-10
4022490,Exit Dream,2025-10-21,2025-10-21,2025-10-21,False,"[""emagnetic""]","[""emagnetic""]",True,True,False,False,,2025-10
4033410,The Rite Holds,2025-10-21,2025-10-21,2025-10-21,False,"[""PV Development""]","[""PV Development""]",False,True,False,False,,2025-10
2263360,HYPERBEAT,2025-10-22,2025-10-22,2025-10-22,False,"[""Dreamware Media""]","[""Dreamware Media""]",False,True,False,False,,2025-10
2475550,免费游戏 THE GAME FOR FREE,2025-10-22,2025-10-22,2025-10-22,False,"[""Sandwer Game 沙塔游戏""]","[""Sandwer Game 沙塔游戏""]",True,True,False,False,,2025-10
3012220,Double Dragon Revive,2025-10-22,2025-10-22,2025-10-22,False,"[""YUKE’S""]","[""Arc System Works""]",False,True,False,False,,2025-10
3061370,Manga Ninja 漫画忍者,2025-10-22,2025-10-22,2025-10-22,False,"[""玄清侠""]","[""玄清侠""]",False,True,False,False,,2025-10
3098140,Crown and Adventure,2025-10-22,2025-10-22,2025-10-22,False,"[""C3D Games""]","[""Luckycalf""]",False,True,False,False,,2025-10
3243410,The Forbidden Flask,2025-10-22,2025-10-22,2025-10-22,False,"[""Qowface"",""Thorge007""]","[""CowHammer Studios""]",False,True,False,False,,2025-10
3290390,NIGHT STRIKER GEAR,2025-10-22,2025-10-22,2025-10-22,False,"[""M2 Co., Ltd."",""M2 Co.,LTD""]","[""M2 Co., Ltd."",""M2 Co.,LTD""]",False,True,False,False,,2025-10
3364070,The Jackbox Party Pack 11,2025-10-22,2025-10-22,2025-10-22,False,"[""Jackbox Games, Inc.""]","[""Jackbox Games, Inc.""]",False,True,True,True,,2025-10
3593490,Days Without Incident,2025-10-22,2025-10-22,2025-10-22,False,"[""We Create Stuff""]","[""Black Lantern Collective""]",True,True,False,False,,2025-10
3612250,Arcana Academy,2025-10-22,2025-10-22,2025-10-22,False,"[""2A Studio""]","[""Luckycalf""]",False,True,False,False,,2025-10
3694020,Blackjack Wars,2025-10-22,2025-10-22,2025-10-22,False,"[""Process Games""]","[""Process Games""]",False,True,False,False,,2025-10
3779910,Elegant Sleuth:Mystic Family,2025-10-22,2025-10-22,2025-10-22,False,"[""TAPROMANCE""]","[""TAPROMANCE""]",False,True,False,False,,2025-10
3787120,W.I.M.S. - Where is my ship?!,2025-10-22,2025-10-22,2025-10-22,False,"[""JanotherT""]","[""JanotherT""]",False,True,False,False,,2025-10
3793430,X.E.H.A. Rogue,2025-10-22,2025-10-22,2025-10-22,False,"[""Corvaena Games LLC""]","[""Corvaena Games LLC""]",False,True,True,False,,2025-10
3798230,Idol Party 2 - Love Vibe,2025-10-22,2025-10-22,2025-10-22,False,"[""LONGYOU TECHNOLOGY PTE.LTD.""]","[""LONGYOU TECHNOLOGY PTE.LTD.""]",True,True,False,False,,2025-10
3868490,Marshals of Yore,2025-10-22,2025-10-22,2025-10-22,False,"[""One Man Horde""]","[""One Man Horde""]",False,True,False,False,,2025-10
3869860,Chest！Gotcha！,2025-10-22,2025-10-22,2025-10-22,False,"[""StudioVOcO""]","[""StudioVOcO""]",False,True,False,False,,2025-10
3871150,Throne Alone,2025-10-22,2025-10-22,2025-10-22,False,"[""Phase Vault""]","[""Phase Vault""]",False,True,False,False,,2025-10
3882020,Avernum 4: Greed and Glory,2025-10-22,2025-10-22,2025-10-22,False,"[""Spiderweb Software""]","[""Spiderweb Software""]",False,True,True,False,,2025-10
3917250,Gunvolution,2025-10-22,2025-10-22,2025-10-22,False,"[""Slylark Games""]","[""Slylark Games""]",False,True,False,False,,2025-10
3943720,Shelf by Shelf: Bookstore Simulator,2025-10-22,2025-10-22,2025-10-22,False,"[""Genco Interactive""]","[""Genco Interactive""]",False,True,False,False,,2025-10
3953850,Obscurinth,2025-10-22,2025-10-22,2025-10-22,False,"[""Rivardus""]","[""Rivardus""]",False,True,False,False,,2025-10
3960750,Demon with a Pickaxe,2025-10-22,2025-10-22,2025-10-22,False,"[""Challenging Games""]","[""Challenging Games""]",False,True,False,False,,2025-10
3972960,奶奶的菜园子,2025-10-22,2025-10-22,2025-10-22,False,"[""hgmGame""]","[""hgmGame""]",False,True,False,False,,2025-10
3985480,Nadia's Revenge,2025-10-22,2025-10-22,2025-10-22,False,"[""Doubleagames""]","[""Doubleagames""]",False,True,False,False,,2025-10
3994250,S K Y R I S E,2025-10-22,2025-10-22,2025-10-22,False,"[""Lex Sosa""]","[""SOSASOFT""]",False,True,False,False,,2025-10
3994440,The Legend of the Valkyrie - ᛁᚢᛊᛟᛏᛜᚾᛞᛊᛏᛋ,2025-10-22,2025-10-22,2025-10-22,False,"[""Maets2011""]","[""Maets2011""]",False,True,False,False,,2025-10
4001380,Word Quest,2025-10-22,2025-10-22,2025-10-22,False,"[""Obleynix"",""PidrouDays""]","[""Obleynix""]",True,True,False,False,,2025-10
4005240,Spirit-Capture Net,2025-10-22,2025-10-22,2025-10-22,False,"[""符羽""]","[""符羽""]",False,True,False,False,,2025-10
4017180,101 Dogs Hidden in Berlin,2025-10-22,2025-10-22,2025-10-22,False,"[""NaipSoft""]","[""NaipSoft""]",False,True,False,False,,2025-10
4017210,Hidden Pets: 101 Cats in Vietnam,2025-10-22,2025-10-22,2025-10-22,False,"[""NaipSoft""]","[""NaipSoft""]",False,True,False,False,,2025-10
4028870,The Adventures of Emilie in Paris,2025-10-22,2025-10-22,2025-10-22,False,"[""Vernepixel lab""]","[""Vernepixel lab""]",False,True,False,True,,2025-10
4048080,Normis Simulator,2025-10-22,2025-10-22,2025-10-22,False,"[""PropilGames""]","[""PropilGames"",""VD Games""]",False,True,False,False,,2025-10
4051060,Shattered Delirium,2025-10-22,2025-10-22,2025-10-22,False,"[""Jeremy Bahn""]","[""Jeremy Bahn""]",False,True,False,False,,2025-10
4068630,Pumpkin Patch Simulator,2025-10-22,2025-10-22,2025-10-22,False,"[""navlikesbunnies""]","[""navlikesbunnies""]",False,True,True,False,,2025-10
523630,Rabidja's Revenge,2025-10-23,2025-10-23,2025-10-23,False,"[""Meruvia Game Studio""]","[""Meruvia Game Studio""]",False,True,False,False,,2025-10
1298430,Warsong,2025-10-23,2025-10-23,2025-10-23,False,"[""Windforce""]","[""Windforce""]",False,True,True,False,,2025-10
1342690,Radiolight,2025-10-23,2025-10-23,2025-10-23,False,"[""Krystof Knesl""]","[""Iceberg Interactive""]",False,True,False,False,,2025-10
1717400,Bulb Boy 2: Jar of Despair,2025-10-23,2025-10-23,2025-10-23,False,"[""Bulbware""]","[""Bulbware""]",False,True,True,False,,2025-10
1880620,Once Upon A KATAMARI,2025-10-23,2025-10-23,2025-10-23,False,"[""RENGAME""]","[""Bandai Namco Entertainment Inc.""]",False,True,False,False,,2025-10
1943950,Escape the Backrooms,2025-10-23,2025-10-23,2025-10-23,False,"[""Fancy Games"",""Blackbird Interactive""]","[""Secret Mode""]",False,True,False,False,,2025-10
2353100,Ember the Werefox,2025-10-23,2025-10-23,2025-10-23,False,"[""LionArc""]","[""LionArc""]",False,True,False,False,,2025-10
2483440,Shroomtopia,2025-10-23,2025-10-23,2025-10-23,False,"[""GXN Games""]","[""QUByte Interactive""]",False,True,False,True,,2025-10
2687400,GODBREAKERS,2025-10-23,2025-10-23,2025-10-23,False,"[""To The Sky""]","[""Thunderful Publishing""]",False,True,False,False,,2025-10
2747330,Species: Unknown,2025-10-23,2025-10-23,2025-10-23,False,"[""WanadevStudio""]","[""WanadevStudio""]",False,True,False,False,,2025-10
2948470,Mordfield Command,2025-10-23,2025-10-23,2025-10-23,False,"[""Software Verde, LLC""]","[""Software Verde, LLC""]",False,True,True,True,,2025-10
2968420,PowerWash Simulator 2,2025-10-23,2025-10-23,2025-10-23,False,"[""FuturLab""]","[""FuturLab""]",False,True,False,False,,2025-10
2995560,Wildkeepers Rising,2025-10-23,2025-10-23,2025-10-23,False,"[""Lioncode Games""]","[""Lioncode Games""]",False,True,False,False,,2025-10
3100580,白影酒馆 Tavern Revisited,2025-10-23,2025-10-23,2025-10-23,False,"[""Stray Dog Game Studio""]","[""Stray Dog Game Studio""]",False,True,False,False,,2025-10
3127000,Splintered,2025-10-23,2025-10-23,2025-10-23,False,"[""dotMake Studios""]","[""dotMake Studios""]",False,True,False,False,,2025-10
3324980,EVERDARK: Undead Apocalypse,2025-10-23,2025-10-23,2025-10-23,False,"[""ESDIP_GAMES"",""Everdark Labs""]","[""Dojo System""]",False,True,False,False,,2025-10
3339810,Ballest of Them All,2025-10-23,2025-10-23,2025-10-23,False,"[""Low5ive"",""Action Jackson""]","[""Low5ive""]",False,True,False,False,,2025-10
3371110,UltraGirl Alters,2025-10-23,2025-10-23,2025-10-23,False,"[""FutureInvention""]","[""FutureInvention""]",False,True,False,False,,2025-10
3387100,15 Minutes,2025-10-23,2025-10-23,2025-10-23,False,"[""Construct Games""]","[""Construct Games""]",False,True,False,False,,2025-10
3514440,No Time For Pants,2025-10-23,2025-10-23,2025-10-23,False,"[""Pixel Push Inc""]","[""Pixel Push Inc""]",False,True,False,False,,2025-10
3537890,Drill Beat,2025-10-23,2025-10-23,2025-10-23,False,"[""Duvic Studio""]","[""Duvic Studio""]",False,True,False,False,,2025-10
3582390,Sinisomnia,2025-10-23,2025-10-23,2025-10-23,False,"[""Dave Kang"",""Aditya Nair"",""Melch Valimento""]","[""Fiction Roast""]",False,True,True,False,,2025-10
3597710,Rise of the Penguins 2: Penguin's Dark Ascent,2025-10-23,2025-10-23,2025-10-23,False,"[""Bill Woo""]","[""Pwoo""]",False,True,True,True,,2025-10
3618400,Eternal Survival,2025-10-23,2025-10-23,2025-10-23,False,"[""Crazy Circuit Games Studio""]","[""Crazy Circuit Games Studio""]",False,True,False,False,,2025-10
3637770,Hate You,2025-10-23,2025-10-23,2025-10-23,False,"[""PALINI""]","[""PALINI""]",False,True,False,False,,2025-10
3638500,Juiced Fruit Racing,2025-10-23,2025-10-23,2025-10-23,False,"[""Cascadia Games""]","[""Cascadia Games""]",False,True,True,True,,2025-10
3653600,This Isn't Just Tower Defense,2025-10-23,2025-10-23,2025-10-23,False,"[""Pri Games""]","[""Pri Games""]",False,True,False,False,,2025-10
3654560,Plants vs. Zombies™: Replanted,2025-10-23,2025-10-23,2025-10-23,False,"[""PopCap Games"",""The Lost Pixels""]","[""Electronic Arts""]",False,True,False,False,,2025-10
3851750,US Visual Novel,2025-10-23,2025-10-23,2025-10-23,False,"[""Us Studio""]","[""Plug In Digital""]",False,True,False,False,,2025-10
3882280,Rocrasher,2025-10-23,2025-10-23,2025-10-23,False,"[""Rock Head Studio""]","[""Rock Head Studio""]",True,True,False,False,,2025-10
3902220,黒歴史ファイターズ,2025-10-23,2025-10-23,2025-10-23,False,"[""ジェッドム""]","[""ジェッドム""]",False,True,False,False,,2025-10
3926230,The Kitchen Knife,2025-10-23,2025-10-23,2025-10-23,False,"[""One Hand Studio""]","[""One Hand Studio""]",False,True,False,False,,2025-10
3933400,The Joy of Hand Washing,2025-10-23,2025-10-23,2025-10-23,False,"[""Lord Soul Studios""]","[""Lord Soul Studios""]",False,True,False,False,,2025-10
3937150,Cat's Rage,2025-10-23,2025-10-23,2025-10-23,False,"[""Dosy""]","[""Dosy""]",False,True,False,True,,2025-10
3939630,Bao Boi,2025-10-23,2025-10-23,2025-10-23,False,"[""Picnic Byte""]","[""Picnic Byte""]",False,True,False,False,,2025-10
3942610,DriveWave,2025-10-23,2025-10-23,2025-10-23,False,"[""Dumbbell Games""]","[""Dumbbell Games""]",True,True,True,False,,2025-10
3944070,Blunderworld,2025-10-23,2025-10-23,2025-10-23,False,"[""Hidden Roll""]","[""Hidden Roll""]",False,True,False,False,,2025-10
3974510,Mindcraft,2025-10-23,2025-10-23,2025-10-23,False,"[""주식회사 몽가 (MONGAAA)""]","[""주식회사 몽가 (MONGAAA)""]",False,True,False,False,,2025-10
3978700,Soul Redemption,2025-10-23,2025-10-23,2025-10-23,False,"["" Happy Sufferer""]","["" Happy Sufferer""]",False,True,False,False,,2025-10
3984970,Platoon,2025-10-23,2025-10-23,2025-10-23,False,"[""Phalanx Tactical""]","[""Phalanx Tactical""]",False,True,False,False,,2025-10
4021380,Absum,2025-10-23,2025-10-23,2025-10-23,False,"[""MixoNat""]","[""MixoNat""]",False,True,False,False,,2025-10
4030450,Halloween Trouble 7: The Apprentice,2025-10-23,2025-10-23,2025-10-23,False,"[""Ironcode Gaming""]","[""Ironcode Gaming""]",False,True,True,True,,2025-10
4033260,Unlimited Top - up,2025-10-23,2025-10-23,2025-10-23,False,"[""快乐蜗牛工作室""]","[""快乐蜗牛工作室""]",False,True,False,False,,2025-10
4033430,My Peephole: Hotel Harborview,2025-10-23,2025-10-23,2025-10-23,False,"[""Limeless""]","[""Limeless""]",False,True,False,False,,2025-10
4050410,Laser Hell,2025-10-23,2025-10-23,2025-10-23,False,"[""Medieval Vixens""]","[""Medieval Vixens""]",False,True,False,False,,2025-10
4056480,​Survivor: Gunfire,2025-10-23,2025-10-23,2025-10-23,False,"[""XiheCreative""]","[""XiheCreative""]",False,True,False,False,,2025-10
4075370,RainBullet,2025-10-23,2025-10-23,2025-10-23,False,"[""Naker098""]","[""Naker098""]",False,True,False,False,,2025-10
1932190,Outbreak: Shades of Horror,2025-10-24,2025-10-24,2025-10-24,False,"[""Dead Drop Studios LLC""]","[""Dead Drop Studios LLC""]",False,True,False,False,,2025-10
2092170,By Grit Alone,2025-10-24,2025-10-24,2025-10-24,False,"[""Crooks Peak""]","[""Crooks Peak""]",False,True,False,False,,2025-10
2365410,A Call From Under the House,2025-10-24,2025-10-24,2025-10-24,False,"[""Party Crasher Studios""]","[""Party Crasher Studios""]",False,True,True,False,,2025-10
2740170,Horse Racing Manager,2025-10-24,2025-10-24,2025-10-24,False,"[""Sheep Meadow Road Games""]","[""Sheep Meadow Road Games""]",False,True,True,False,,2025-10
2767430,Wisps of the Elements,2025-10-24,2025-10-24,2025-10-24,False,"[""Benoît Ko""]","[""Benoît Ko""]",False,True,True,True,,2025-10
2943250,Impawlse,2025-10-24,2025-10-24,2025-10-24,False,"[""Perita Gamedev""]","[""Perita Gamedev""]",False,True,False,False,,2025-10
3040670,Catalina's Horror Adventure,2025-10-24,2025-10-24,2025-10-24,False,"[""Lazy Dev""]","[""Lazy Dev""]",False,True,False,False,,2025-10
3183410,The Bench,2025-10-24,2025-10-24,2025-10-24,False,"[""Voxel Studios""]","[""Noovola""]",False,True,False,False,,2025-10
3234660,Tokiros,2025-10-24,2025-10-24,2025-10-24,False,"[""Bixano Games""]","[""Bixano Games""]",False,True,False,False,,2025-10
3273550,Dora™: Rainforest Rescue,2025-10-24,2025-10-24,2025-10-24,False,"[""Artax Games.""]","[""Outright Games Ltd.""]",False,True,False,False,,2025-10
3282980,Urbex Murder,2025-10-24,2025-10-24,2025-10-24,False,"[""Rantabl""]","[""Rantabl""]",False,True,False,False,,2025-10
3419690,Chicken Run: Eggstraction,2025-10-24,2025-10-24,2025-10-24,False,"[""Aardman Animations Limited""]","[""Outright Games Ltd.""]",False,True,False,False,,2025-10
3441000,Ardena,2025-10-24,2025-10-24,2025-10-24,False,"[""RRSTUDIO""]","[""RRSTUDIO""]",False,True,False,False,,2025-10
3509730,Jackie Hart: Headhunter,2025-10-24,2025-10-24,2025-10-24,False,"[""Studio Hazy""]","[""Studio Hazy""]",False,True,True,True,,2025-10
3571640,Mystic Jumper,2025-10-24,2025-10-24,2025-10-24,False,"[""GVS sp. z o. o.""]","[""GVS sp. z o. o.""]",False,True,False,True,,2025-10
3685030,Neon Strike,2025-10-24,2025-10-24,2025-10-24,False,"[""Reza Mirzaei""]","[""Dreamware Games""]",False,True,True,True,,2025-10
3703030,Nourish,2025-10-24,2025-10-24,2025-10-24,False,"[""Anarkorp""]","[""Anarkorp""]",False,True,False,False,,2025-10
3788370,Numachina,2025-10-24,2025-10-24,2025-10-24,False,"[""Uberbax Gaming""]","[""Uberbax Gaming""]",False,True,False,False,,2025-10
3819850,Silent Street,2025-10-24,2025-10-24,2025-10-24,False,"[""SolarWireStudios""]","[""SolarWireStudios""]",False,True,False,False,,2025-10
3845600,Living with a Little Fox Girl,2025-10-24,2025-10-24,2025-10-24,False,"[""Flash Club""]","[""Saikey Studios""]",False,True,False,False,,2025-10
3857380,NIGHTRAVEL,2025-10-24,2025-10-24,2025-10-24,False,"[""Yoshida Gakuen""]","[""Yoshida Gakuen""]",True,True,False,False,,2025-10
3866620,From The Dark,2025-10-24,2025-10-24,2025-10-24,False,"[""Caleb Tyson""]","[""Caleb Tyson""]",False,True,False,False,,2025-10
3885860,Gnomeball,2025-10-24,2025-10-24,2025-10-24,False,"[""Sokpop Collective""]","[""Sokpop Collective""]",True,True,True,False,,2025-10
3890550,Jam's Adjustable Mirrors,2025-10-24,2025-10-24,2025-10-24,False,"[""Lycoris Studio Ltd.""]","[""Lycoris Studio Ltd.""]",True,True,True,False,,2025-10
3918660,Spinochet,2025-10-24,2025-10-24,2025-10-24,False,"[""Juriklabs""]","[""Juriklabs""]",False,True,False,False,,2025-10
3919230,Inferis: Dead Below,2025-10-24,2025-10-24,2025-10-24,False,"[""Hemoria Studio""]","[""Hemoria Studio""]",False,True,False,False,,2025-10
3937900,ReuniunO,2025-10-24,2025-10-24,2025-10-24,False,"[""Slowsoftend""]","[""Slowsoftend""]",False,True,False,False,,2025-10
3948350,Wolftown,2025-10-24,2025-10-24,2025-10-24,False,"[""Portponky""]","[""Shambles Software""]",False,True,False,True,,2025-10
3952230,3000m to Whatever’s Up There,2025-10-24,2025-10-24,2025-10-24,False,"[""Roko""]","[""Roko""]",False,True,False,False,,2025-10
3963200,Whodunnit: the Midnight Murder Mystery Files,2025-10-24,2025-10-24,2025-10-24,False,"[""Sandalfoot Games""]","[""Sandalfoot Games""]",False,True,False,False,,2025-10
3981780,The Beautiful World,2025-10-24,2025-10-24,2025-10-24,False,"[""Gísli Veigar""]","[""Gísli Veigar""]",False,True,False,False,,2025-10
3982130,Hijong Park's Defender Patrol,2025-10-24,2025-10-24,2025-10-24,False,"[""Hijong Park""]","[""PsychoFlux Entertainment""]",False,True,False,False,,2025-10
3988830,Crystal of Death,2025-10-24,2025-10-24,2025-10-24,False,"[""Coderade Games""]","[""Coderade Software""]",False,True,False,False,,2025-10
4010330,Sabbatical In Merzouga,2025-10-24,2025-10-24,2025-10-24,False,"[""Feeling Potion""]","[""Feeling Potion""]",False,True,True,False,,2025-10
4041870,BANE-FALL,2025-10-24,2025-10-24,2025-10-24,False,"[""SJ3""]","[""SJ3""]",False,True,False,False,,2025-10
4056560,Arthur's 1st Grade,2025-10-24,2025-10-24,2025-10-24,False,"[""Jordan Freeman Group"",""Marc Brown Studios"",""Wanderful Edutainment""]","[""ZOOM Platform Media"",""Marc Brown Studios"",""Wanderful Edutainment""]",False,True,False,False,,2025-10
4056580,Arthur's Kindergarten,2025-10-24,2025-10-24,2025-10-24,False,"[""Jordan Freeman Group"",""Marc Brown Studios"",""Wanderful Edutainment""]","[""ZOOM Platform Media"",""Marc Brown Studios"",""Wanderful Edutainment""]",False,True,False,False,,2025-10
4103510,The Unseen Fears: Inner Darkness Collector's Edition,2025-10-24,2025-10-24,2025-10-24,False,"[""GrandMa Studios""]","[""BFG Entertainment""]",False,True,True,False,,2025-10
2848680,Landmaster,2025-10-25,2025-10-25,2025-10-25,False,"[""Creative Quark""]","[""Creative Quark""]",False,True,False,False,,2025-10
3095180,Delta Directive,2025-10-25,2025-10-25,2025-10-25,False,"[""CODEHUB""]","[""CODEHUB STUDIOS""]",False,True,False,False,,2025-10
3991210,Survive From Museum,2025-10-25,2025-10-25,2025-10-25,False,"[""HYGY Games""]","[""HYGY Games""]",True,True,False,False,,2025-10
4025330,林葬屋前传：冥声,2025-10-25,2025-10-25,2025-10-25,False,"[""MYSTERY CROWN"",""火蜥蜴文化""]","[""MYSTERY CROWN""]",False,True,True,False,,2025-10
1925940,THE OFFICE ROOMS,2025-10-26,2025-10-26,2025-10-26,False,"[""Lowkey GameDev""]","[""Lowkey GameDev""]",True,True,False,False,,2025-10
2151380,Chaosborn,2025-10-26,2025-10-26,2025-10-26,False,"[""Erich Meurer""]","[""OwlGames""]",False,True,False,False,,2025-10
3591360,Bad Bitch Blasters,2025-10-26,2025-10-26,2025-10-26,False,"[""Goiaba Megas Xellox""]","[""Goiaba Megas Xellox""]",False,True,False,False,,2025-10
3758560,Abyssal Drift,2025-10-26,2025-10-26,2025-10-26,False,"[""Rebelião Studio""]","[""Rebelião Studio""]",False,True,False,False,,2025-10
3772060,Bunny's Tea Time,2025-10-26,2025-10-26,2025-10-26,False,"[""혜패 HYEPÆ""]","[""혜패 HYEPÆ""]",False,True,False,False,,2025-10
3795140,Railroad crossing play,2025-10-26,2025-10-26,2025-10-26,False,"[""RucKyGAMES""]","[""RucKyGAMES""]",False,True,False,False,,2025-10
3851630,ToneTrek,2025-10-26,2025-10-26,2025-10-26,False,"[""Dark Waters Games""]","[""Dark Waters Games""]",False,True,False,False,,2025-10
4000510,Your Teacher,2025-10-26,2025-10-26,2025-10-26,False,"[""VorhGames""]","[""VorhGames""]",False,True,False,False,,2025-10
4017580,Within The Mind,2025-10-26,2025-10-26,2025-10-26,False,"[""RC-LP""]","[""RC-LP""]",False,True,False,False,,2025-10
4033240,Pentamania: Alchemy Madness,2025-10-26,2025-10-26,2025-10-26,False,"[""Athmyx"",""Rong"",""Navinor"",""Brogan"",""Dillion"",""Melodie""]","[""Athmyx""]",True,True,False,False,,2025-10
1395520,The Séance of Blake Manor,2025-10-27,2025-10-27,2025-10-27,False,"[""Spooky Doorway""]","[""Raw Fury""]",False,True,False,True,,2025-10
1689390,Mythrealm,2025-10-27,2025-10-27,2025-10-27,False,"[""Delta Video Games""]","[""indie.io""]",False,True,False,False,,2025-10
1985300,SIR ABANDON,2025-10-27,2025-10-27,2025-10-27,False,"[""Retro-Role-Playing-Game"",""RRPG2022""]","[""RRPG2022""]",False,True,False,False,,2025-10
2112750,Toziuha Night: Order of the Alchemists,2025-10-27,2025-10-27,2025-10-27,False,"[""Danny Garay""]","[""Danny Garay""]",False,True,False,True,,2025-10
2602230,MotionRec,2025-10-27,2025-10-27,2025-10-27,False,"[""HANDSUM""]","[""PLAYISM""]",False,True,False,False,,2025-10
2749260,Nanny's Journey,2025-10-27,2025-10-27,2025-10-27,False,"[""Game-Id""]","[""Game-Id""]",False,True,True,False,,2025-10
2813900,The Office Killer,2025-10-27,2025-10-27,2025-10-27,False,"[""IceMoon Games""]","[""IceMoon Games""]",False,True,False,False,,2025-10
2827200,MIMESIS,2025-10-27,2025-10-27,2025-10-27,False,"[""ReLU Games, Inc.""]","[""ReLU Games, Inc."",""KRAFTON, Inc.""]",False,True,False,False,,2025-10
2878450,Master of Command,2025-10-27,2025-10-27,2025-10-27,False,"[""Armchair Interactive""]","[""Armchair Interactive""]",False,True,False,False,,2025-10
3006080,Aris Arcanum,2025-10-27,2025-10-27,2025-10-27,False,"[""Broken Cane""]","[""indie.io""]",False,True,False,False,,2025-10
3035320,Zombie God,2025-10-27,2025-10-27,2025-10-27,False,"[""Codematik""]","[""Codematik""]",False,True,False,False,,2025-10
3203160,Talk to Me Human,2025-10-27,2025-10-27,2025-10-27,False,"[""Least Significant Bit""]","[""Least Significant Bit""]",False,True,False,False,,2025-10
3305120,Dead Exhale,2025-10-27,2025-10-27,2025-10-27,False,"[""ODale Studios""]","[""ODale Studios""]",False,True,False,False,,2025-10
3489460,Loop//Error,2025-10-27,2025-10-27,2025-10-27,False,"[""Koro Pixel Studio""]","[""Dark Product""]",False,True,False,False,,2025-10
3494210,Choo Choo Survivor 2,2025-10-27,2025-10-27,2025-10-27,False,"[""GTGD""]","[""GTGD""]",False,True,True,False,,2025-10
3552820,The Horde Wants You Dead,2025-10-27,2025-10-27,2025-10-27,False,"[""Bellyflop Games""]","[""Bellyflop Games""]",False,True,False,False,,2025-10
3585480,Soul Gather,2025-10-27,2025-10-27,2025-10-27,False,"[""Dinoworldgames""]","[""Dinoworldgames""]",False,True,False,False,,2025-10
3673060,How to Train Your Cock,2025-10-27,2025-10-27,2025-10-27,False,"[""Little Horror Studios""]","[""Little Horror Studios""]",False,True,False,False,,2025-10
3718230,呼~/huuu,2025-10-27,2025-10-27,2025-10-27,False,"[""woohoo""]","[""woohoo""]",True,True,False,False,,2025-10
3792610,Jigsaw Puzzle,2025-10-27,2025-10-27,2025-10-27,False,"[""Dreamglobe""]","[""Dreamglobe""]",False,True,False,False,,2025-10
3815000,Geamana Village,2025-10-27,2025-10-27,2025-10-27,False,"[""Chainwolf Studio"",""Otozip""]","[""Chainwolf Studio""]",False,True,False,True,,2025-10
3948980,Age of Damnation,2025-10-27,2025-10-27,2025-10-27,False,"[""WukaStudio""]","[""WukaStudio""]",False,True,False,False,,2025-10
3966090,The Mushroom Adventrue:Call of Distant Realms,2025-10-27,2025-10-27,2025-10-27,False,"[""Shenzhen Yiling Industrial Design Center""]","[""Shenzhen Yiling Industrial Design Center""]",False,True,False,False,,2025-10
3978710,Your Friend Wiggles,2025-10-27,2025-10-27,2025-10-27,False,"[""BOC Studio""]","[""BOC Studio""]",False,True,False,False,,2025-10
3988370,Rise & Pop!,2025-10-27,2025-10-27,2025-10-27,False,"[""HyperstasisGaming""]","[""HyperstasisGaming""]",False,True,False,False,,2025-10
4004650,Pharma R&D Manager,2025-10-27,2025-10-27,2025-10-27,False,"[""Innopede GmbH""]","[""Innopede GmbH""]",False,True,False,False,,2025-10
4023200,Penelope Syndrome,2025-10-27,2025-10-27,2025-10-27,False,"[""Critoniuum""]","[""Dd Games""]",False,True,False,False,,2025-10
4027120,Farmer Fowl's Farmhouse,2025-10-27,2025-10-27,2025-10-27,False,"[""Chatter Games""]","[""Chatter Games""]",False,True,False,False,,2025-10
4039100,Table Battle Simulator: Prologue,2025-10-27,2025-10-27,2025-10-27,False,"[""Kiki Games""]","[""Kiki Games""]",True,True,False,False,,2025-10
1594040,Wreckreation,2025-10-28,2025-10-28,2025-10-28,False,"[""Three Fields Entertainment""]","[""THQ Nordic""]",False,True,False,False,,2025-10
1940870,The Creator,2025-10-28,2025-10-28,2025-10-28,False,"[""Mark Miller""]","[""Mark Miller""]",False,True,False,False,,2025-10
2521400,愚人船 NARRENSCHIFF,2025-10-28,2025-10-28,2025-10-28,False,"[""Anonymous"",""Anonymous""]","[""Anonymous"",""Anonymous""]",False,True,False,False,,2025-10
2920010,Comet Angel,2025-10-28,2025-10-28,2025-10-28,False,"[""Cross Couloir""]","[""Cross Couloir""]",False,True,True,True,,2025-10
3309750,As Long As You're Here,2025-10-28,2025-10-28,2025-10-28,False,"[""Autoscopia""]","[""Autoscopia""]",False,True,True,False,,2025-10
3687940,Missing Hearts: Сrimson Cruise Collector's Edition,2025-10-28,2025-10-28,2025-10-28,False,"[""Do Games Limited""]","[""Do Games Limited""]",False,True,True,False,,2025-10
3721290,BeatBucs,2025-10-28,2025-10-28,2025-10-28,False,"[""Bigote Studios""]","[""Bigote Studios""]",False,True,True,False,,2025-10
3739960,Retro Racing 2,2025-10-28,2025-10-28,2025-10-28,False,"[""Mr Qwak""]","[""Mr Qwak""]",False,True,False,False,,2025-10
3773590,Death by Scrolling,2025-10-28,2025-10-28,2025-10-28,False,"[""Terrible Toybox NZ""]","[""MicroProse Software""]",False,True,True,True,,2025-10
3829350,Vribyss Refuge™ Metamorphosis,2025-10-28,2025-10-28,2025-10-28,False,"[""Ernesto Aragon""]","[""Vierlyss Entertainment ""]",False,True,False,False,,2025-10
3841220,Midnight Crane,2025-10-28,2025-10-28,2025-10-28,False,"[""Dekaizen Studios LLC""]","[""Dekaizen Studios LLC""]",False,True,False,False,,2025-10
3853070,ARONDIGHT  アロンダイト,2025-10-28,2025-10-28,2025-10-28,False,"[""COPIKAL""]","[""COPIKAL""]",False,True,False,False,,2025-10
3868850,MISHA,2025-10-28,2025-10-28,2025-10-28,False,"[""RPGames""]","[""RPGames""]",True,True,False,False,,2025-10
3879810,Train Deluxe 2026 Kurakyu,2025-10-28,2025-10-28,2025-10-28,False,"[""MFC STUDIO"",""KOSEI YASUDA""]","[""MFC STUDIO""]",False,True,False,False,,2025-10
3944010,Mindscorn,2025-10-28,2025-10-28,2025-10-28,False,"[""Mystic Craftz""]","[""Mystic Craftz""]",False,True,False,False,,2025-10
4038910,A Home Is Safe,2025-10-28,2025-10-28,2025-10-28,False,"[""Beto Damian""]","[""Beto Damian""]",False,True,True,False,,2025-10
1449110,The Outer Worlds 2,2025-10-29,2025-10-29,2025-10-29,False,"[""Obsidian Entertainment""]","[""Xbox Game Studios""]",False,True,False,False,,2025-10
1541370,Ultimate Theater Simulator,2025-10-29,2025-10-29,2025-10-29,False,"[""RAKTWO Games"",""steelbox Games""]","[""steelbox Games"",""RAKTWO Games""]",False,True,True,False,,2025-10
2687280,Red's Ascent,2025-10-29,2025-10-29,2025-10-29,False,"[""Özgür Çallı""]","[""Bitmon Studios""]",False,True,False,False,,2025-10
2691340,The Christopher Redemption - I,2025-10-29,2025-10-29,2025-10-29,False,"[""Secernate Games Private Limited""]","[""Secernate Games Private Limited""]",False,True,False,False,,2025-10
2978460,HARD VOID,2025-10-29,2025-10-29,2025-10-29,False,"[""jejoxdev""]","[""jejoxdev""]",False,True,False,True,,2025-10
3441200,Ruby Journey,2025-10-29,2025-10-29,2025-10-29,False,"[""Aizeir""]","[""Aizeir""]",False,True,False,False,,2025-10
3454980,Mortal Kombat: Legacy Kollection,2025-10-29,2025-10-29,2025-10-29,False,"[""Digital Eclipse""]","[""Digital Eclipse"",""Atari""]",False,True,False,False,,2025-10
3516890,Drop Dead: The Cabin,2025-10-29,2025-10-29,2025-10-29,False,"[""Soul Assembly Ltd""]","[""Soul Assembly Ltd""]",False,True,False,False,,2025-10
3719500,Muhe space,2025-10-29,2025-10-29,2025-10-29,False,"[""klmfs""]","[""klmfs""]",False,True,False,False,,2025-10
3842770,The Last Village,2025-10-29,2025-10-29,2025-10-29,False,"[""Skrixx""]","[""Skrixx""]",False,True,False,False,,2025-10
3880060,Corrupted Basement,2025-10-29,2025-10-29,2025-10-29,False,"[""Blopster""]","[""blopsterdev""]",False,True,False,False,,2025-10
3910440,The Remainer,2025-10-29,2025-10-29,2025-10-29,False,"[""20100""]","[""20100""]",False,True,False,False,,2025-10
3911340,Galaxy for Dummies,2025-10-29,2025-10-29,2025-10-29,False,"[""Alien Abduction Art""]","[""Eelsmooth""]",False,True,False,False,,2025-10
3943880,GORE,2025-10-29,2025-10-29,2025-10-29,False,"[""CosmicArcade""]","[""CosmicArcade""]",False,True,False,False,,2025-10
3962740,Pediluvium,2025-10-29,2025-10-29,2025-10-29,False,"["" Alice Karaush""]","["" Alice Karaush""]",False,True,False,False,,2025-10
3984440,Beguile,2025-10-29,2025-10-29,2025-10-29,False,"[""coeda""]","[""coeda""]",False,True,False,False,,2025-10
4020720,Yapori Dimensões,2025-10-29,2025-10-29,2025-10-29,False,"[""Hayllon""]","[""Hayllon Studios""]",False,True,False,False,,2025-10
4055490,Ressolve Steps,2025-10-29,2025-10-29,2025-10-29,False,"[""cokit219""]","[""Heppiri""]",True,True,False,False,,2025-10
4083540,Cozy Cat,2025-10-29,2025-10-29,2025-10-29,False,"[""Project Soda""]","[""Project Soda""]",False,True,False,False,,2025-10
4097890,Sweetie Candy Maze: Pink Raspberry,2025-10-29,2025-10-29,2025-10-29,False,"[""Cute Hannah's Games""]","[""Cute Hannah's Games""]",False,True,False,False,,2025-10
766500,The Hordes of the Dead,2025-10-30,2025-10-30,2025-10-30,False,"[""Sergio Castillo"",""SergesChateau""]","[""Sergio Castillo"",""SergesChateau""]",False,True,True,False,,2025-10
2282770,Jack the Ripper: Hunter Clan,2025-10-30,2025-10-30,2025-10-30,False,"[""Plus Alpha Game Studio""]","[""Plus Alpha Game Studio""]",False,True,True,False,,2025-10
2285150,The Front,2025-10-30,2025-10-30,2025-10-30,False,"[""Samar Studio""]","[""Samar Studio""]",False,True,False,False,,2025-10
2719740,Zero Caliber 2 Remastered,2025-10-30,2025-10-30,2025-10-30,False,"[""XREAL Games""]","[""XREAL Games""]",False,True,False,False,,2025-10
2886690,Human Sacrifice,2025-10-30,2025-10-30,2025-10-30,False,"[""GameStalker""]","[""GameStalker""]",False,True,False,False,,2025-10
2929880,Z-Factor,2025-10-30,2025-10-30,2025-10-30,False,"[""The Creator One""]","[""Dmitrii Susloparov""]",False,True,False,False,,2025-10
3054820,DevilConnection,2025-10-30,2025-10-30,2025-10-30,False,"[""ChaoGames""]","[""ChaoGames""]",False,True,True,False,,2025-10
3069360,RIP Party,2025-10-30,2025-10-30,2025-10-30,False,"[""RewdanSprites""]","[""RewdanSprites""]",False,True,False,False,,2025-10
3160560,Tale Smiths,2025-10-30,2025-10-30,2025-10-30,False,"[""Clever Simulation Entertainment"",""Kajaani University of Applied Sciences"",""Western Development Commission"",""Regional Council of Kainuu"",""Visit Tórshavn"",""Västerbotten County Council"",""The Nordland Museum""]","[""Clever Simulation Entertainment""]",True,True,False,False,,2025-10
3453680,Where is my hat?,2025-10-30,2025-10-30,2025-10-30,False,"[""God's Hat Team""]","[""God's Hat Team""]",False,True,False,False,,2025-10
3482550,A Day's Work,2025-10-30,2025-10-30,2025-10-30,False,"[""Emanuel Alvgard""]","[""Emanuel Alvgard""]",False,True,False,False,,2025-10
3489240,Asterix & Obelix - Mission Babylon,2025-10-30,2025-10-30,2025-10-30,False,"[""Balio Studio""]","[""Microids""]",False,True,False,False,,2025-10
3565700,Forgedale,2025-10-30,2025-10-30,2025-10-30,False,"[""fogeL Games""]","[""fogeL Games""]",False,True,False,False,,2025-10
3820130,The Dream Globe,2025-10-30,2025-10-30,2025-10-30,False,"[""Roaming of Little Hammer""]","[""Roaming of Little Hammer""]",False,True,False,False,,2025-10
3829340,Hotel Hideaway: Avatar & Chat,2025-10-30,2025-10-30,2025-10-30,False,"[""Sulake Oy""]","[""Sulake Oy""]",True,True,True,False,,2025-10
3868610,Glitch,2025-10-30,2025-10-30,2025-10-30,False,"[""Bulbo Games""]","[""Bulbo Games""]",False,True,False,False,,2025-10
3938350,Chess Go,2025-10-30,2025-10-30,2025-10-30,False,"[""超维创客 hyperinventor""]","[""超维创客 hyperinventor""]",True,True,False,False,,2025-10
3981100,Leaf it Alone,2025-10-30,2025-10-30,2025-10-30,False,"[""Eternity""]","[""Eternity""]",False,True,False,False,,2025-10
4010140,BumpBot,2025-10-30,2025-10-30,2025-10-30,False,"[""iFFeX""]","[""iFFeX""]",False,True,False,False,,2025-10
4013030,Be King,2025-10-30,2025-10-30,2025-10-30,False,"[""Wending Studio""]","[""Wending Studio""]",False,True,False,False,,2025-10
4050600,Darkzan Adventure,2025-10-30,2025-10-30,2025-10-30,False,"[""MrBoscheinen""]","[""MrBoscheinen""]",True,True,False,False,,2025-10
4109740,Feast of Fools,2025-10-30,2025-10-30,2025-10-30,False,"[""Goodberry Games""]","[""Goodberry Games""]",True,True,True,False,,2025-10
1983950,Pet Desktop Adventure,2025-10-31,2025-10-31,2025-10-31,False,"[""Triple Tails Software""]","[""Triple Tails Software""]",False,True,False,False,,2025-10
2310230,Finding Fern,2025-10-31,2025-10-31,2025-10-31,False,"[""Crystal Tower Games""]","[""Crystal Tower Games""]",False,True,False,False,,2025-10
2717150,Releaseburg,2025-10-31,2025-10-31,2025-10-31,False,"[""SteadyBoar""]","[""Drageus Games""]",False,True,False,False,,2025-10
2932990,The Zombie Slayers,2025-10-31,2025-10-31,2025-10-31,False,"[""Rashad Ibrahimli""]","[""indie.io""]",False,True,False,False,,2025-10
2977680,ScanIt!,2025-10-31,2025-10-31,2025-10-31,False,"[""Madcake Studios""]","[""Madcake Studios""]",False,True,False,False,,2025-10
3078010,Terminal,2025-10-31,2025-10-31,2025-10-31,False,"[""Clueless Dev""]","[""Clueless Dev""]",False,True,False,False,,2025-10
3092000,Treasure Protector,2025-10-31,2025-10-31,2025-10-31,False,"[""NeedCrit Games""]","[""NeedCrit Games""]",False,True,False,False,,2025-10
3210750,Unprotected,2025-10-31,2025-10-31,2025-10-31,False,"[""Manas Games""]","[""Manas Games""]",False,True,False,False,,2025-10
3253190,RazePact,2025-10-31,2025-10-31,2025-10-31,False,"[""Daniel Penha Brasil"",""João Victor Romani""]","[""YePen Games""]",False,True,False,False,,2025-10
3398960,MAiZE,2025-10-31,2025-10-31,2025-10-31,False,"[""Absidy Publishing Company""]","[""Absidy Publishing Company""]",False,True,True,False,,2025-10
3728910,Dead Frequency,2025-10-31,2025-10-31,2025-10-31,False,"[""Reverse Revelation""]","[""Reverse Revelation""]",False,True,False,False,,2025-10
3770400,Ultimate Mythic Ski Jumping League,2025-10-31,2025-10-31,2025-10-31,False,"[""Eric Behme"",""Oliver Müller""]","[""None""]",False,True,False,False,,2025-10
3786950,SWAP,2025-10-31,2025-10-31,2025-10-31,False,"[""Project SWAP""]","[""Project SWAP""]",False,True,False,False,,2025-10
3815750,SEVERANCE,2025-10-31,2025-10-31,2025-10-31,False,"[""Sykes Games""]","[""Sykes Games""]",False,True,False,False,,2025-10
3838270,Awurda First Wave,2025-10-31,2025-10-31,2025-10-31,False,"[""Fatih Yarçın"",""Dursun Diyarbakır""]","[""Fatih Yarçın""]",False,True,False,False,,2025-10
3863340,Ramona,2025-10-31,2025-10-31,2025-10-31,False,"[""Daniele Doesn't Matter""]","[""Doesn't Matter Games""]",False,True,False,False,,2025-10
3890760,Gemspire: Incremental Invasion,2025-10-31,2025-10-31,2025-10-31,False,"[""freshfocusgames""]","[""freshfocusgames""]",False,True,False,False,,2025-10
3893070,Girl Werewolf Hamlet Saves Christmas,2025-10-31,2025-10-31,2025-10-31,False,"[""Stegaloaurus Game Development""]","[""Stegaloaurus Game Development""]",False,True,False,True,,2025-10
3921270,Blood & Money,2025-10-31,2025-10-31,2025-10-31,False,"[""Paradise Multimedia""]","[""Paradise Multimedia""]",False,True,False,True,,2025-10
3959110,DOOM Dawn,2025-10-31,2025-10-31,2025-10-31,False,"[""Aeon""]","[""AeonGames""]",False,True,False,False,,2025-10
3978020,Spirit's Shadow Maze: The Path of Possession 灵影迷宫：附身之途,2025-10-31,2025-10-31,2025-10-31,False,"[""cg_game""]","[""cg_game""]",False,True,False,False,,2025-10
4013680,The Cursed Grave,2025-10-31,2025-10-31,2025-10-31,False,"[""GulfPearl""]","[""GulfPearl""]",False,True,False,False,,2025-10
4023900,Nightmare Visions Chapter 2,2025-10-31,2025-10-31,2025-10-31,False,"[""Q13Games LLC""]","[""Q13Games LLC""]",False,True,False,False,,2025-10
4039840,Workhorse Desktop,2025-10-31,2025-10-31,2025-10-31,False,"[""guanghangf4""]","[""Ephra Games""]",False,True,False,False,,2025-10
4073470,Critterking,2025-10-31,2025-10-31,2025-10-31,False,"[""SpiralKing"",""Palatabled""]","[""SpiralKing"",""Palatabled""]",False,True,False,False,,2025-10
4087610,Maou's Crucible,2025-10-31,2025-10-31,2025-10-31,False,"[""Xurzerth"",""Maou's Crucible Community""]","[""Xurzerth""]",True,True,False,False,,2025-10
4098670,怪異ジャッジ・ドリーミー,2025-10-31,2025-10-31,2025-10-31,False,"[""リコペマGAMES"",""リコペマGAMES""]","[""リコペマGAMES"",""リコペマGAMES""]",True,True,False,False,,2025-10
4103080,SCHOLA SPIRITUS,2025-10-31,2025-10-31,2025-10-31,False,"[""kwuerysoft""]","[""kwuerysoft""]",False,True,False,False,,2025-10
4105760,1-DC,2025-10-31,2025-10-31,2025-10-31,False,"[""89o""]","[""89o""]",False,True,False,True,,2025-10
4109900,hongshui river,2025-10-31,2025-10-31,2025-10-31,False,"[""hongshui river""]","[""hongshui river""]",False,True,False,False,,2025-10
3244900,Curvelicious,2025-11-01,2025-11-01,2025-11-01,False,"[""Filip Strelec""]","[""Filip Strelec""]",False,True,False,True,,2025-11
3268870,Mercator,2025-11-01,2025-11-01,2025-11-01,False,"[""rudderbucky""]","[""rudderbucky""]",False,True,True,True,,2025-11
3521410,Cats & Cups,2025-11-01,2025-11-01,2025-11-01,False,"[""Rogue Duck Interactive""]","[""Rogue Duck Interactive"",""Gamersky Games""]",False,True,True,True,,2025-11
3909700,Rhythm of Annihilation,2025-11-01,2025-11-01,2025-11-01,False,"[""十年""]","[""十年""]",False,True,False,False,,2025-11
4078030,EVERY MORNING MY ALARM CLOCK KILLS ME,2025-11-01,2025-11-01,2025-11-01,False,"[""Total"",""Gamesforfarm""]","[""Gamesforfarm""]",False,True,False,False,,2025-11
2806120,Bio Goddess : Doomsday Begins,2025-11-02,2025-11-02,2025-11-02,False,"[""Z School Studio""]","[""Z School Studio""]",False,True,False,False,,2025-11
3382670,Polterparty,2025-11-02,2025-11-02,2025-11-02,False,"[""Eelsmooth""]","[""Eelsmooth""]",False,True,False,False,,2025-11
3668800,I Antasized Again,2025-11-02,2025-11-02,2025-11-02,False,"["" MouseKKK""]","["" MouseKKK""]",False,True,False,False,,2025-11
3899180,Project X,2025-11-02,2025-11-02,2025-11-02,False,"[""BIT IT""]","[""BIT IT""]",False,True,False,False,,2025-11
3916180,Transport Legion,2025-11-02,2025-11-02,2025-11-02,False,"[""喜人一个""]","[""喜人一个""]",False,True,False,True,,2025-11
3977940,Astranded,2025-11-02,2025-11-02,2025-11-02,False,"[""Tim S.""]","[""BAMBOOZLED LABS""]",False,True,False,False,,2025-11
4033120,emerald,2025-11-02,2025-11-02,2025-11-02,False,"[""vai5000"",""maji*""]","[""vai5000""]",True,True,True,True,,2025-11
4055970,Shadow Of Winter,2025-11-02,2025-11-02,2025-11-02,False,"[""Tucker Holmes"",""Travis Wilson"",""Rein Tice""]","[""CRiT2 Games""]",True,True,False,False,,2025-11
1710260,Catsploration,2025-11-03,2025-11-03,2025-11-03,False,"[""Paul Hill""]","[""Boxd20 LLC""]",False,True,False,True,,2025-11
2831070,Dimachaerus,2025-11-03,2025-11-03,2025-11-03,False,"[""Gigantic G""]","[""Gigantic G""]",False,True,False,False,,2025-11
3566100,Bottomless Pit Supervisor,2025-11-03,2025-11-03,2025-11-03,False,"[""sudo make""]","[""sudo make""]",False,True,False,False,,2025-11
3600280,Processor Dev Tycoon,2025-11-03,2025-11-03,2025-11-03,False,"[""Venditor Games""]","[""Venditor Games""]",False,True,False,False,,2025-11
3672300,Babbling Brook,2025-11-03,2025-11-03,2025-11-03,False,"["" Some Random Designing\t""]","["" Some Random Designing\t""]",False,True,False,False,,2025-11
3703520,Slap 'em UP!,2025-11-03,2025-11-03,2025-11-03,False,"[""Urnique Studio""]","[""HaaBiz-X""]",True,True,False,False,,2025-11
3713820,FOOD TRUCK SHOP SIMULATOR,2025-11-03,2025-11-03,2025-11-03,False,"[""Bodiroga Pavle""]","[""Bodiroga Pavle""]",False,True,False,False,,2025-11
3752210,Rubble Eats The World,2025-11-03,2025-11-03,2025-11-03,False,"[""nocanwin""]","[""nocanwin""]",False,True,False,False,,2025-11
3759820,Farm Manager,2025-11-03,2025-11-03,2025-11-03,False,"[""Trophy Games""]","[""Trophy Games""]",True,True,False,False,,2025-11
3798420,Paint by Words,2025-11-03,2025-11-03,2025-11-03,False,"[""Oleg Sereda""]","[""Oleg Sereda""]",False,True,False,False,,2025-11
3807000,Tosbik Around The World,2025-11-03,2025-11-03,2025-11-03,False,"[""siriculo""]","[""siriculo""]",False,True,True,True,,2025-11
3834740,Pooping Cat,2025-11-03,2025-11-03,2025-11-03,False,"[""Repeater Studio""]","[""Repeater Studio""]",False,True,False,False,,2025-11
3846520,Raptor,2025-11-03,2025-11-03,2025-11-03,False,"[""GenmuTech""]","[""GenmuTech""]",False,True,False,False,,2025-11
3860440,Parking Simulator,2025-11-03,2025-11-03,2025-11-03,False,"[""Perseverance Games""]","[""Perseverance Games""]",False,True,False,False,,2025-11
3869460,GluMe,2025-11-03,2025-11-03,2025-11-03,False,"[""Solluco""]","[""Solluco""]",False,True,False,False,,2025-11
3931940,Everslide,2025-11-03,2025-11-03,2025-11-03,False,"[""kealsoft""]","[""kealsoft""]",False,True,False,False,,2025-11
3947220,Deckaroo,2025-11-03,2025-11-03,2025-11-03,False,"[""gororong""]","[""gororong""]",False,True,False,False,,2025-11
3957580,Monster Survival,2025-11-03,2025-11-03,2025-11-03,False,"[""B Rees""]","[""B Rees""]",False,True,False,False,,2025-11
3966360,After School Grounds (방과후운동장),2025-11-03,2025-11-03,2025-11-03,False,"[""After School Vtuber""]","[""After School Vtuber""]",False,True,False,False,,2025-11
3994850,SAKA SHAHEEDI Chandni Chowk 1675,2025-11-03,2025-11-03,2025-11-03,False,"[""Amrinder Singh Jassar""]","[""Amrinder Singh Jassar""]",False,True,False,False,,2025-11
4022550,Sammy The Sharky,2025-11-03,2025-11-03,2025-11-03,False,"[""Dan's Games""]","[""Dan's Games""]",False,True,False,False,,2025-11
4022710,Shadows Of Thornkeep,2025-11-03,2025-11-03,2025-11-03,False,"[""Tryzna83""]","[""Tryzna83""]",False,True,False,False,,2025-11
4043620,Romb,2025-11-03,2025-11-03,2025-11-03,False,"[""Lots of Logic Software""]","[""Lots of Logic Software""]",False,True,False,False,,2025-11
4076360,ThroneBreaker : Iron Crown,2025-11-03,2025-11-03,2025-11-03,False,"[""Kingdoms Games""]","[""Kingdoms Games""]",False,True,False,False,,2025-11
4086260,Guess The Password,2025-11-03,2025-11-03,2025-11-03,False,"[""PadGames""]","[""PadGames""]",False,True,False,True,,2025-11
4111120,The Underpass,2025-11-03,2025-11-03,2025-11-03,False,"[""Journeyman Studios""]","[""Journeyman Studios""]",False,True,False,False,,2025-11
1166940,Dead Static Drive,2025-11-04,2025-11-04,2025-11-04,False,"[""Reuben Games""]","[""Reuben Games""]",False,True,False,False,,2025-11
1911200,Sultan Of Egypt,2025-11-04,2025-11-04,2025-11-04,False,"[""Srio VR Studio""]","[""Srio VR Studio""]",False,True,False,False,,2025-11
2784120,Red Riddles,2025-11-04,2025-11-04,2025-11-04,False,"[""Wacky Wizard Studios""]","[""Wacky Wizard Studios""]",False,True,False,False,,2025-11
2865190,The Time Game,2025-11-04,2025-11-04,2025-11-04,False,"[""Kai"",""Myles"",""Finn"",""Logan""]","[""Meister Cards""]",True,True,True,True,,2025-11
3040110,Outsider,2025-11-04,2025-11-04,2025-11-04,False,"[""Galantrix""]","[""Galantrix""]",False,True,False,False,,2025-11
3070390,Master Lemon: The Quest for Iceland,2025-11-04,2025-11-04,2025-11-04,False,"[""Pepita Digital""]","[""Pepita Digital"",""Mecrew Games"",""Gixer Entertainment""]",False,True,False,False,,2025-11
3141330,Of Lies and Rain,2025-11-04,2025-11-04,2025-11-04,False,"[""Castello Inc""]","[""Castello Inc""]",False,True,False,False,,2025-11
3356350,Moorhuhn 2,2025-11-04,2025-11-04,2025-11-04,False,"[""Higgs Games GmbH"",""GeekPit Studio""]","[""Higgs Games GmbH""]",False,True,False,False,,2025-11
3432750,Laundering Simulator - Clean Cash and Laundry,2025-11-04,2025-11-04,2025-11-04,False,"[""Ritual Interactive""]","[""Ritual Interactive""]",False,True,False,False,,2025-11
3521270,Phoenix's Faye,2025-11-04,2025-11-04,2025-11-04,False,"[""BigFireball""]","[""BigFireball""]",False,True,False,False,,2025-11
3597530,Royal's Gambit,2025-11-04,2025-11-04,2025-11-04,False,"[""96 Games Studio""]","[""96 Games Studio""]",False,True,True,False,,2025-11
3648620,Knight of the Dungeon,2025-11-04,2025-11-04,2025-11-04,False,"[""LyrarmaStudio""]","[""LyrarmaStudio""]",False,True,True,False,,2025-11
3701370,Cook for Me Grandpa!,2025-11-04,2025-11-04,2025-11-04,False,"[""Kamekichi Games""]","[""Kamekichi Games""]",False,True,False,False,,2025-11
3761560,Rising Odds,2025-11-04,2025-11-04,2025-11-04,False,"[""Lone Fox Studio""]","[""Lone Fox Studio""]",False,True,False,False,,2025-11
3870960,Lost in Loss,2025-11-04,2025-11-04,2025-11-04,False,"[""Soroka Games""]","[""Soroka Games""]",False,True,False,True,,2025-11
3878190,Wordcaster,2025-11-04,2025-11-04,2025-11-04,False,"[""Hamdan Hamid""]","[""Hamdan Hamid""]",True,True,False,False,,2025-11
3900250,Little Lures,2025-11-04,2025-11-04,2025-11-04,False,"[""Panda Blade Software""]","[""Panda Blade Software""]",False,True,False,False,,2025-11
3995560,Real Puzzles - Paris,2025-11-04,2025-11-04,2025-11-04,False,"[""Black Cat Leo""]","[""Black Cat Leo""]",False,True,False,False,,2025-11
4022300,DateBoy,2025-11-04,2025-11-04,2025-11-04,False,"[""Anton Pätsi"",""Henri Pätsi""]","[""Silakka Entertainment""]",True,True,False,False,,2025-11
4072790,Lily's Lil Barn Yard!,2025-11-04,2025-11-04,2025-11-04,False,"[""Lich & Lily""]","[""Lich & Lily""]",False,True,False,False,,2025-11
4080230,GLOBAL CONTROL COUNTRIES,2025-11-04,2025-11-04,2025-11-04,False,"[""Maximilian Urazov""]","[""Maximilian Urazov""]",False,True,False,False,,2025-11
4085510,Captain Sharkbait: Voyage for Treasure,2025-11-04,2025-11-04,2025-11-04,False,"[""Dylan Gray""]","[""Extra Pickle Studios""]",False,True,False,False,,2025-11
4096000,Crossroads: Fatal Truths Collector's Edition,2025-11-04,2025-11-04,2025-11-04,False,"[""Elephant AR""]","[""BFG Entertainment""]",False,True,True,False,,2025-11
4101050,Retail Therapy,2025-11-04,2025-11-04,2025-11-04,False,"[""Crabby Games Ltd""]","[""Crabby Games Ltd""]",False,True,False,False,,2025-11
4106530,PUNCH FOREVER,2025-11-04,2025-11-04,2025-11-04,False,"[""denisk""]","[""denisk""]",True,True,True,False,,2025-11
4109200,WorkParadise,2025-11-04,2025-11-04,2025-11-04,False,"[""oftuuun_dev""]","[""oftuuun_dev""]",False,True,False,False,,2025-11
4113410,Sad Virus Deathland,2025-11-04,2025-11-04,2025-11-04,False,"[""ZERO5GAMES""]","[""ZERO5GAMES""]",False,True,False,False,,2025-11
4113500,Guild Manager,2025-11-04,2025-11-04,2025-11-04,False,"[""Benjamin King""]","[""Benjamin King""]",False,True,False,False,,2025-11
1909840,JIANGHU CHRONICLES,2025-11-05,2025-11-05,2025-11-05,False,"[""一品阁""]","[""方块游戏(CubeGame)""]",False,True,False,False,,2025-11
1926610,Nature Game System,2025-11-05,2025-11-05,2025-11-05,False,"[""North Star Digital Games""]","[""North Star Games"",""North Star Digital Games""]",False,True,True,False,,2025-11
2085620,Second Sun,2025-11-05,2025-11-05,2025-11-05,False,"[""Grey Wolf Entertainment""]","[""Iceberg Interactive""]",False,True,False,False,,2025-11
2444530,Wreckage,2025-11-05,2025-11-05,2025-11-05,False,"[""Jupiter Lighthouse Games""]","[""N/A""]",False,True,False,True,,2025-11
2782500,SWORD OF JUSTICE,2025-11-05,2025-11-05,2025-11-05,False,"[""ZhuRong Studio""]","[""ZhuRong Studio""]",True,True,False,False,,2025-11
3352160,Willow’s Descent: Into The Under,2025-11-05,2025-11-05,2025-11-05,False,"[""LunaMothic""]","[""LunaMothic""]",False,True,False,False,,2025-11
3520970,Minerva Labyrinth,2025-11-05,2025-11-05,2025-11-05,False,"[""Midnight Spire Games""]","[""Midnight Spire Games""]",False,True,False,True,,2025-11
3637720,PLOY,2025-11-05,2025-11-05,2025-11-05,False,"[""RookGameDev""]","[""RookGameDev""]",True,True,False,False,,2025-11
3643350,Destroy All Letters - Space Adventure,2025-11-05,2025-11-05,2025-11-05,False,"[""pedritosgameplay""]","[""pedritosgameplay""]",False,True,False,False,,2025-11
3736550,Work Life Balance,2025-11-05,2025-11-05,2025-11-05,False,"[""LandUni Studio""]","[""LandUni Studio""]",False,True,True,False,,2025-11
3828830,You Were Sent Alone,2025-11-05,2025-11-05,2025-11-05,False,"[""Fractured Echo Games""]","[""Fractured Echo Games""]",False,True,False,False,,2025-11
3865340,Deadcam,2025-11-05,2025-11-05,2025-11-05,False,"[""Alien Big Cat""]","[""Alien Big Cat""]",False,True,False,False,,2025-11
3896030,Freelancers: Rogue Skies,2025-11-05,2025-11-05,2025-11-05,False,"[""ExodusIndie""]","[""GameLab""]",False,True,False,False,,2025-11
3936890,Saving Princess Of Mars,2025-11-05,2025-11-05,2025-11-05,False,"[""Hrtz Games""]","[""Ocean Media""]",False,True,False,False,,2025-11
3979310,FIND KITTENS 6: After us,2025-11-05,2025-11-05,2025-11-05,False,"[""Very Very LITTLE Studio""]","[""Very Very LITTLE Studio""]",True,True,True,True,,2025-11
4014650,Thirty Seconds: Slain At Home,2025-11-05,2025-11-05,2025-11-05,False,"[""Tonei ""]","[""Tonei""]",True,True,False,False,,2025-11
4047950,WAR!,2025-11-05,2025-11-05,2025-11-05,False,"[""GAMES! STUDIO LTD""]","[""GAMES! STUDIO LTD""]",False,True,False,False,,2025-11
4050330,Project Monster,2025-11-05,2025-11-05,2025-11-05,False,"[""LevelUpStudio""]","[""LevelUpStudio""]",True,True,False,False,,2025-11
4050900,DVK,2025-11-05,2025-11-05,2025-11-05,False,"[""WeMakeGamesNow""]","[""WeMakeGamesNow""]",False,True,False,False,,2025-11
4098650,Sauce Factory Tycoon,2025-11-05,2025-11-05,2025-11-05,False,"[""Tovaho""]","[""Tovaho""]",False,True,False,False,,2025-11
4117500,AYBABTU,2025-11-05,2025-11-05,2025-11-05,False,"[""Archor Wright""]","[""Archor Games""]",False,True,False,False,,2025-11
1295870,Next Run,2025-11-06,2025-11-06,2025-11-06,False,"[""Clarus Victoria""]","[""Clarus Victoria""]",False,True,True,True,,2025-11
1574570,Choice of Life: Samosbor,2025-11-06,2025-11-06,2025-11-06,False,"[""Blazing Planet Studio""]","[""Blazing Planet Studio""]",False,True,True,True,,2025-11
1968180,DIGGERGUN,2025-11-06,2025-11-06,2025-11-06,False,"[""Kabloop""]","[""Kabloop"",""GrabTheGames""]",False,True,True,True,,2025-11
2115490,High School Dirty Secrets,2025-11-06,2025-11-06,2025-11-06,False,"[""Mitsuki Game Studio""]","[""JanduSoft""]",False,True,False,False,,2025-11
2165140,Kentum,2025-11-06,2025-11-06,2025-11-06,False,"[""Tlön Industries""]","[""indienova"",""V Publishing""]",False,True,False,False,,2025-11
2701800,No Players Online,2025-11-06,2025-11-06,2025-11-06,False,"[""Beeswax Games""]","[""Black Lantern Collective""]",False,True,False,False,,2025-11
2877660,Jitter,2025-11-06,2025-11-06,2025-11-06,False,"[""Berko Games""]","[""Berko Games""]",False,True,False,False,,2025-11
3051950,Puddle,2025-11-06,2025-11-06,2025-11-06,False,"[""darrenville""]","[""darrenville""]",True,True,False,False,,2025-11
3187010,Dinocop,2025-11-06,2025-11-06,2025-11-06,False,"[""Pieces Games""]","[""Pieces Games""]",False,True,True,True,,2025-11
3205410,Line Clipper: Tennis Tactics,2025-11-06,2025-11-06,2025-11-06,False,"[""Golden Set Games""]","[""Golden Set Games""]",False,True,False,False,,2025-11
3235740,Fruit vs. Aliens,2025-11-06,2025-11-06,2025-11-06,False,"[""Pollapee""]","[""Pollapee""]",False,True,True,False,,2025-11
3342150,10MIN HEROES,2025-11-06,2025-11-06,2025-11-06,False,"[""Akira Abe""]","[""Akira Abe""]",False,True,False,False,,2025-11
3621490,CrowHallow,2025-11-06,2025-11-06,2025-11-06,False,"[""Saphead Studios ""]","[""Saphead Studios ""]",False,True,False,False,,2025-11
3625210,Loafing Town,2025-11-06,2025-11-06,2025-11-06,False,"[""GoblinZz""]","[""IndieArk""]",False,True,False,False,,2025-11
3637820,Addy,2025-11-06,2025-11-06,2025-11-06,False,"[""Sofia Gyger""]","[""Sofia Gyger""]",False,True,True,True,,2025-11
3653590,N.O.X.,2025-11-06,2025-11-06,2025-11-06,False,"[""LuminDrive""]","[""OMNI X SYSTEM""]",False,True,False,False,,2025-11
3660220,Syberia - Remastered,2025-11-06,2025-11-06,2025-11-06,False,"[""Virtuallyz Gaming"",""Microids Studio Paris""]","[""Microids""]",False,True,False,False,,2025-11
3716360,Upstairs,2025-11-06,2025-11-06,2025-11-06,False,"[""MODE24""]","[""MODE24""]",False,True,False,False,,2025-11
3739030,Street Drive Rush,2025-11-06,2025-11-06,2025-11-06,False,"[""Instant Games Studio""]","[""Instant Games Studio""]",False,True,False,False,,2025-11
3745910,The Ashen Baron,2025-11-06,2025-11-06,2025-11-06,False,"[""Crow's Perch""]","[""Crow's Perch""]",False,True,False,False,,2025-11
3762110,Bloodplague Lockdown,2025-11-06,2025-11-06,2025-11-06,False,"[""Speed King Games""]","[""Speed King Games""]",False,True,False,False,,2025-11
3778040,Ramen-ten ‘Heart Abyss’,2025-11-06,2025-11-06,2025-11-06,False,"[""DEADMAP""]","[""HeroCraft PC""]",False,True,False,False,,2025-11
3837380,Majogami,2025-11-06,2025-11-06,2025-11-06,False,"[""INTI CREATES CO., LTD.""]","[""INTI CREATES CO., LTD.""]",False,True,False,False,,2025-11
3878240,Ocean of Vengeance,2025-11-06,2025-11-06,2025-11-06,False,"[""Voidvania""]","[""Voidvania""]",False,True,False,False,,2025-11
3919530,It Takes a War,2025-11-06,2025-11-06,2025-11-06,False,"[""Thomas Mackinnon""]","[""Pantaloon""]",False,True,False,False,,2025-11
3925720,FISH³: FIRST CATCH,2025-11-06,2025-11-06,2025-11-06,False,"[""Bakery of Games""]","[""Bakery of Games""]",True,True,False,False,,2025-11
3948840,Fatebreaker,2025-11-06,2025-11-06,2025-11-06,False,"[""NeuroCore Studios""]","[""NeuroCore Studios""]",False,True,False,False,,2025-11
3952930,仙旅异闻录,2025-11-06,2025-11-06,2025-11-06,False,"[""lazykitten""]","[""lazykitten""]",False,True,False,False,,2025-11
3971630,Triple Swap Tower,2025-11-06,2025-11-06,2025-11-06,False,"[""LUJA Studio""]","[""LUJA Studio""]",False,True,False,False,,2025-11
3999150,HyperDissonance,2025-11-06,2025-11-06,2025-11-06,False,"[""meta"",""autoselff""]","[""meta"",""autoselff""]",False,True,False,False,,2025-11
4006240,Banner Tactics,2025-11-06,2025-11-06,2025-11-06,False,"[""Moondolino""]","[""Moondolino""]",False,True,False,False,,2025-11
4034310,Missing Pac: Pandemic Adventure,2025-11-06,2025-11-06,2025-11-06,False,"[""Eden Sagasta Diaz"",""ALL INS STUDIO""]","[""ALL INS STUDIO""]",False,True,False,False,,2025-11
4067490,SpinGrid: Core Block Puzzle,2025-11-06,2025-11-06,2025-11-06,False,"[""Exopoint Initiative""]","[""Exopoint Initiative""]",False,True,False,False,,2025-11
1893440,INTO EVIL,2025-11-07,2025-11-07,2025-11-07,False,"[""Mind's Eye Games""]","[""Mind's Eye Games""]",False,True,True,True,,2025-11
2398290,King of the Arcade,2025-11-07,2025-11-07,2025-11-07,False,"[""Super Villain Games""]","[""Super Villain Games""]",False,True,False,False,,2025-11
2607180,Mecha Blitz,2025-11-07,2025-11-07,2025-11-07,False,"[""Cadre Creative Labs""]","[""Cadre Creative Labs""]",False,True,False,False,,2025-11
2749000,Inn Tycoon,2025-11-07,2025-11-07,2025-11-07,False,"[""Evil Goose Games""]","[""GameDev.ist"",""Gamersky Games""]",False,True,False,False,,2025-11
2870920,Restaurats,2025-11-07,2025-11-07,2025-11-07,False,"[""toR Studio""]","[""Polden Publishing""]",False,True,False,False,,2025-11
3099630,Academy Love Saga: Tennis Angels,2025-11-07,2025-11-07,2025-11-07,False,"[""Tora Creatives""]","[""Tora Creatives"",""Secret Labo""]",False,True,False,False,,2025-11
3120410,Little Droid 2: Escape,2025-11-07,2025-11-07,2025-11-07,False,"[""KingStyle""]","[""KingStyle""]",False,True,False,False,,2025-11
3262560,Weeks Till Winter,2025-11-07,2025-11-07,2025-11-07,False,"[""Subnuminal, LLC""]","[""Subnuminal, LLC""]",False,True,False,False,,2025-11
3334770,99Managers Futsal Edition,2025-11-07,2025-11-07,2025-11-07,False,"[""Simon Dalvai""]","[""Simon Dalvai""]",False,True,True,True,,2025-11
3385960,BattleGroupVR2,2025-11-07,2025-11-07,2025-11-07,False,"[""SpaceOwl Games""]","[""SpaceOwl Games""]",False,True,False,False,,2025-11
3561830,100 Cats Istanbul,2025-11-07,2025-11-07,2025-11-07,False,"[""100 Cats""]","[""100 Cats""]",False,True,False,False,,2025-11
3590590,AnimaCircus,2025-11-07,2025-11-07,2025-11-07,False,"[""Sendo Estudio""]","[""Sendo Estudio""]",False,True,False,True,,2025-11
3592140,Anima Gate of Memories: I&II Remaster,2025-11-07,2025-11-07,2025-11-07,False,"[""Anima Project""]","[""Anima Publishing""]",False,True,False,False,,2025-11
3618780,Weird Island VR,2025-11-07,2025-11-07,2025-11-07,False,"[""Exa_Inc""]","[""Exa_Inc""]",False,True,True,True,,2025-11
3628730,Tankiro,2025-11-07,2025-11-07,2025-11-07,False,"[""Rmonak""]","[""Rmonak""]",False,True,False,False,,2025-11
3690570,Ms Vampire Love to Date with Me,2025-11-07,2025-11-07,2025-11-07,False,"[""卢隆工作室""]","[""卢隆工作室""]",False,True,False,False,,2025-11
3696700,Kickback Clicker,2025-11-07,2025-11-07,2025-11-07,False,"[""Dot blood""]","[""Targem Games""]",False,True,False,False,,2025-11
3749260,The Awakened Avenger,2025-11-07,2025-11-07,2025-11-07,False,"[""Forest Cats Studio""]","[""Forest Cats Studio""]",False,True,False,False,,2025-11
3754800,City Love Clicker,2025-11-07,2025-11-07,2025-11-07,False,"[""GentryCatClub""]","[""GentryCatClub""]",False,True,False,False,,2025-11
3809950,Printfarm Simulator,2025-11-07,2025-11-07,2025-11-07,False,"[""Friendly Bug Studio""]","[""Friendly Bug Studio""]",False,True,False,False,,2025-11
3832470,FTL Team,2025-11-07,2025-11-07,2025-11-07,False,"[""Bulletproof Pudding Studio""]","[""Bulletproof Pudding Studio""]",False,True,False,False,,2025-11
3854330,My Little Spider,2025-11-07,2025-11-07,2025-11-07,False,"[""9FingerGames"",""Fatal Fawn Games""]","[""9FingerGames"",""Fatal Fawn Games""]",False,True,False,False,,2025-11
3865190,Jump Slash,2025-11-07,2025-11-07,2025-11-07,False,"[""Yolo Monkey Studio""]","[""Yolo Monkey Studio""]",True,True,False,False,,2025-11
3927710,ZENith Break,2025-11-07,2025-11-07,2025-11-07,False,"[""Akimochi Games""]","[""Akimochi Games""]",False,True,False,False,,2025-11
3954070,Session Notes: Route 404,2025-11-07,2025-11-07,2025-11-07,False,"[""4Byte Studios""]","[""4Byte Studios""]",False,True,False,False,,2025-11
3988540,The Last Zone,2025-11-07,2025-11-07,2025-11-07,False,"[""Kodobur Games""]","[""Kodobur Games""]",False,True,False,False,,2025-11
3995320,Weird Store,2025-11-07,2025-11-07,2025-11-07,False,"[""Weird Games""]","[""Weird Games""]",False,True,False,False,,2025-11
4074140,深渊旅人,2025-11-07,2025-11-07,2025-11-07,False,"[""WENG CHENXI""]","[""WENG CHENXI""]",True,True,False,False,,2025-11
4089540,to the,2025-11-07,2025-11-07,2025-11-07,False,"[""露椿""]","[""露椿""]",False,True,False,False,,2025-11
4103720,...Vincent: Mansion of The Dead,2025-11-07,2025-11-07,2025-11-07,False,"[""MarinoDev""]","[""MarinoDev""]",False,True,False,True,,2025-11
4111920,Spirit Magician,2025-11-07,2025-11-07,2025-11-07,False,"[""KindGame""]","[""KindGame""]",False,True,False,False,,2025-11
3837330,Power Grid Panic,2025-11-08,2025-11-08,2025-11-08,False,"[""Altair Alpha Games""]","[""Altair Alpha Games""]",False,True,False,False,,2025-11
3849010,Chess Commanders,2025-11-08,2025-11-08,2025-11-08,False,"[""Skorpion Studios LLC""]","[""Skorpion Studios LLC""]",False,True,True,False,,2025-11
4094400,Romcab Puzzle,2025-11-08,2025-11-08,2025-11-08,False,"[""8º Arte Games""]","[""8º Arte Games""]",False,True,False,False,,2025-11
4097410,Aero,2025-11-08,2025-11-08,2025-11-08,False,"[""yavuz sinan aktaş""]","[""yavuz sinan aktaş""]",False,True,False,False,,2025-11
2554740,Operation Noogy,2025-11-09,2025-11-09,2025-11-09,False,"[""Noogybaga""]","[""Noogybaga""]",False,True,False,False,,2025-11
2560340,Bonaparte - A Mechanized Revolution,2025-11-09,2025-11-09,2025-11-09,False,"[""Studio Imugi""]","[""Studio Imugi"",""2P Games""]",False,True,False,False,,2025-11
3421560,逃离感化院 The Reformatory,2025-11-09,2025-11-09,2025-11-09,False,"[""Pan""]","[""Pan""]",False,True,False,False,,2025-11
3480790,Reverie in the Moonlight,2025-11-09,2025-11-09,2025-11-09,False,"[""room6""]","[""room6""]",False,True,False,False,,2025-11
3669750,Aquanima,2025-11-09,2025-11-09,2025-11-09,False,"[""2Gamestudio""]","[""2Gamestudio""]",False,True,False,False,,2025-11
3759140,Nitroglycerine!,2025-11-09,2025-11-09,2025-11-09,False,"[""Avoidance""]","[""Avoidance""]",False,True,False,False,,2025-11
3876030,Monkey Jump,2025-11-09,2025-11-09,2025-11-09,False,"[""Echo Forge""]","[""Echo Forge""]",False,True,False,False,,2025-11
3915550,Proper Bullet Hell,2025-11-09,2025-11-09,2025-11-09,False,"[""IGE""]","[""IGE""]",False,True,False,False,,2025-11
3955620,Tob One,2025-11-09,2025-11-09,2025-11-09,False,"[""otancco""]","[""otancco""]",False,True,False,False,,2025-11
3992650,Buttons Deathline,2025-11-09,2025-11-09,2025-11-09,False,"[""Blackblood Games""]","[""Blackblood Games""]",False,True,False,False,,2025-11
3997950,Hooked,2025-11-09,2025-11-09,2025-11-09,False,"[""Mamacabra""]","[""Mamacabra""]",False,True,False,False,,2025-11
4110260,Karma Jump 2,2025-11-09,2025-11-09,2025-11-09,False,"[""nomnomstudio""]","[""nomnomstudio""]",False,True,False,False,,2025-11
4115350,HorrorDungeon,2025-11-09,2025-11-09,2025-11-09,False,"[""XUZHIHAO""]","[""XUZHIHAO""]",False,True,False,False,,2025-11
4122210,Mini Heroes: Squad Online,2025-11-09,2025-11-09,2025-11-09,False,"[""Rokito Games""]","[""Rokito Games""]",False,True,True,False,,2025-11
2077750,RENNSPORT,2025-11-10,2025-11-10,2025-11-10,False,"[""Teyon"",""Competition Company""]","[""Competition Company""]",False,True,False,False,,2025-11
2204560,Mineral Madness,2025-11-10,2025-11-10,2025-11-10,False,"[""Whacky Mole Studio""]","[""Whacky Mole Studio""]",False,True,False,False,,2025-11
2576200,Into The Grid,2025-11-10,2025-11-10,2025-11-10,False,"[""Flatline Studios""]","[""Flatline Studios"","" Gamersky Games""]",False,True,True,True,,2025-11
2653120,Donna: The Canine Quest,2025-11-10,2025-11-10,2025-11-10,False,"[""RAZE GAMES""]","[""indie.io""]",False,True,False,False,,2025-11
3143300,Amairo Chocolate 3,2025-11-10,2025-11-10,2025-11-10,False,"[""Cabbage Soft""]","[""Sekai Project""]",False,True,False,False,,2025-11
3213600,Store Wars: Multiplayer Shop Simulator,2025-11-10,2025-11-10,2025-11-10,False,"[""Noham Games""]","[""Noham Games""]",False,True,False,False,,2025-11
3355900,FIREBALL,2025-11-10,2025-11-10,2025-11-10,False,"[""TONGARI GAMES""]","[""TONGARI GAMES""]",False,True,False,False,,2025-11
3609980,"Yes, My Queen",2025-11-10,2025-11-10,2025-11-10,False,"[""Wall Spaghetti""]","[""Wall Spaghetti"",""Nexting""]",False,True,True,False,,2025-11
3614690,Lunhowl: Co-op Horror,2025-11-10,2025-11-10,2025-11-10,False,"[""GalaVerse Creations""]","[""GalaVerse Creations""]",False,True,False,False,,2025-11
3659410,"Your Big, Cute Monster Farm",2025-11-10,2025-11-10,2025-11-10,False,"[""KaiPlay Studio""]","["" Gamersky Games""]",False,True,False,False,,2025-11
3688970,Woolly,2025-11-10,2025-11-10,2025-11-10,False,"[""Anneka Tran""]","[""Anneka Tran""]",False,True,False,False,,2025-11
3738330,Moose Diver,2025-11-10,2025-11-10,2025-11-10,False,"[""Lingon Studios""]","[""Lingon Studios""]",False,True,False,False,,2025-11
3842370,Zugaran,2025-11-10,2025-11-10,2025-11-10,False,"[""Just Making Games""]","[""Just Making Games""]",False,True,False,False,,2025-11
3874490,Denrei Survivors,2025-11-10,2025-11-10,2025-11-10,False,"[""Andymente Playbooster""]","[""Andymente Playbooster""]",False,True,False,False,,2025-11
3885080,Mage of Tempest Castle,2025-11-10,2025-11-10,2025-11-10,False,"[""Donnie Lee""]","[""Donnie Lee""]",False,True,False,False,,2025-11
3919680,The Single-Eye Nightmare,2025-11-10,2025-11-10,2025-11-10,False,"[""Marangon Productions""]","[""Marangon Productions""]",False,True,False,False,,2025-11
3932980,Whisper Village,2025-11-10,2025-11-10,2025-11-10,False,"[""CryVoltaStudio""]","[""CryVoltaStudio""]",False,True,False,False,,2025-11
3967430,Defend the Town,2025-11-10,2025-11-10,2025-11-10,False,"[""Supercap Games LLC""]","[""Supercap Games LLC""]",False,True,False,False,,2025-11
3969280,Where the Roads Die,2025-11-10,2025-11-10,2025-11-10,False,"[""DIRECTOR`S CUT""]","[""DIRECTOR`S CUT""]",False,True,False,False,,2025-11
3996120,Second Death,2025-11-10,2025-11-10,2025-11-10,False,"[""David Hirosky""]","[""channel 3 studios""]",False,True,False,False,,2025-11
4002550,a.sector,2025-11-10,2025-11-10,2025-11-10,False,"[""AngryBread Limited""]","[""AngryBread Limited""]",True,True,True,False,,2025-11
4056960,Drone Feeder,2025-11-10,2025-11-10,2025-11-10,False,"[""wxg studio""]","[""wxg studio""]",False,True,False,True,,2025-11
4068510,Detective Modo,2025-11-10,2025-11-10,2025-11-10,False,"[""Dekomodo""]","[""Dekomodo""]",False,True,False,True,,2025-11
4072280,Avatars,2025-11-10,2025-11-10,2025-11-10,False,"[""AIGround""]","[""HeadArrow""]",False,True,False,False,,2025-11
4076810,The Keyless: Beyond the Door,2025-11-10,2025-11-10,2025-11-10,False,"[""EddysssGames""]","[""EddysssGames""]",False,True,False,False,,2025-11
4122860,Z.A.T.O. // I Love the World and Everything In It,2025-11-10,2025-11-10,2025-11-10,False,"[""Ferry // Nopanamaman""]","[""Ferry // Nopanamaman""]",True,True,True,True,,2025-11
4132020,Shengtang Mountain in Jinxiu County,2025-11-10,2025-11-10,2025-11-10,False,"[""Shengtang""]","[""Shengtang""]",False,True,False,False,,2025-11
1296660,Wartorn,2025-11-11,2025-11-11,2025-11-11,False,"[""Stray Kite Studios""]","[""Stray Kite Studios""]",False,True,False,False,,2025-11
1329030,Puzzle - LINES AND KNOTS 3,2025-11-11,2025-11-11,2025-11-11,False,"[""PlayToday""]","[""PlayToday""]",False,True,True,True,,2025-11
1660960,Windswept,2025-11-11,2025-11-11,2025-11-11,False,"[""WeatherFell""]","[""Top Hat Studios, Inc."",""Doyoyo Games""]",False,True,False,False,,2025-11
1976860,MORSE,2025-11-11,2025-11-11,2025-11-11,False,"[""ALJO Games""]","[""ALJO Games""]",False,True,False,False,,2025-11
2055400,Knights Together,2025-11-11,2025-11-11,2025-11-11,False,"[""DDoubleDD""]","[""DDoubleDD""]",False,True,False,False,,2025-11
2122880,All Hands on Deck,2025-11-11,2025-11-11,2025-11-11,False,"[""Studio Mantasaur"",""Wikkl""]","[""Studio Mantasaur""]",False,True,False,False,,2025-11
2126190,Rue Valley,2025-11-11,2025-11-11,2025-11-11,False,"[""Emotion Spark Studio""]","[""Owlcat Games""]",False,True,False,False,,2025-11
2416100,Goodnight Universe,2025-11-11,2025-11-11,2025-11-11,False,"[""Nice Dream""]","[""Skybound Games""]",False,True,False,False,,2025-11
2555950,Million Depth,2025-11-11,2025-11-11,2025-11-11,False,"[""Cyber Space Biotope""]","[""PLAYISM""]",False,True,False,False,,2025-11
3037480,Paplion,2025-11-11,2025-11-11,2025-11-11,False,"[""Spheanix""]","[""Spheanix""]",False,True,False,False,,2025-11
3465310,Retronika,2025-11-11,2025-11-11,2025-11-11,False,"[""4Players-Studio""]","[""4Players-Studio""]",False,True,False,False,,2025-11
3467710,Wall World 2,2025-11-11,2025-11-11,2025-11-11,False,"[""Alawar""]","[""Alawar""]",False,True,True,False,,2025-11
3571780,Mosh Pit Mayhem,2025-11-11,2025-11-11,2025-11-11,False,"[""Stoner Games""]","[""Stoner Games""]",False,True,False,True,,2025-11
3644260,Cyber Shard Clicker,2025-11-11,2025-11-11,2025-11-11,False,"[""Overaction Game Studio""]","[""Overaction Game Studio"",""ReiVax""]",False,True,True,True,,2025-11
3676270,Poly Frenzy,2025-11-11,2025-11-11,2025-11-11,False,"[""Poiesis Interactive""]","[""Poiesis Interactive""]",False,True,True,False,,2025-11
3779280,​​Azure Defenders​,2025-11-11,2025-11-11,2025-11-11,False,"[""StarMatrix Labs""]","[""StarMatrix Labs""]",False,True,False,False,,2025-11
3829440,Instruments of Peace,2025-11-11,2025-11-11,2025-11-11,False,"[""Outlaw Games""]","[""Pixel Games""]",False,True,False,False,,2025-11
3830650,Lither to the Light,2025-11-11,2025-11-11,2025-11-11,False,"[""BetaFail Studios""]","[""BetaFail Studios""]",False,True,False,False,,2025-11
3857980,Anyone in the house？,2025-11-11,2025-11-11,2025-11-11,False,"[""upmupm420""]","[""upmupm420""]",False,True,False,False,,2025-11
3859950,Tile Tempest,2025-11-11,2025-11-11,2025-11-11,False,"[""JLau Games""]","[""JLau Games""]",False,True,True,True,,2025-11
3922120,Koshchei The Immortal,2025-11-11,2025-11-11,2025-11-11,False,"[""SwanDevGames""]","[""SwanDevGames""]",False,True,False,False,,2025-11
3926660,Kola Аbyss,2025-11-11,2025-11-11,2025-11-11,False,"[""TwoDogs""]","[""TwoDogs""]",False,True,False,False,,2025-11
3948200,PLATFORM 0,2025-11-11,2025-11-11,2025-11-11,False,"[""CGI LAB GAMES""]","[""CGI LAB GAMES""]",False,True,False,False,,2025-11
3960240,Cat Merge,2025-11-11,2025-11-11,2025-11-11,False,"[""Alangu Apex Games""]","[""Alangu Apex Games""]",False,True,False,False,,2025-11
3999430,Sanity Break,2025-11-11,2025-11-11,2025-11-11,False,"[""Piemaster37""]","[""Piemaster37""]",False,True,False,False,,2025-11
4027680,CoThrust,2025-11-11,2025-11-11,2025-11-11,False,"[""JKY Studio""]","[""JKY Studio""]",False,True,False,False,,2025-11
4034000,Box of Broken Nails,2025-11-11,2025-11-11,2025-11-11,False,"[""Cdodge"",""trushkeen""]","[""Cdodge""]",False,True,False,False,,2025-11
4074220,Back From Earth,2025-11-11,2025-11-11,2025-11-11,False,"[""Blip-Blop Works""]","[""Blip-Blop Works""]",False,True,True,True,,2025-11
4090500,8th period: Music,2025-11-11,2025-11-11,2025-11-11,False,"[""MEYOSOFT""]","[""MEYOSOFT""]",False,True,False,False,,2025-11
4104030,Highway 11,2025-11-11,2025-11-11,2025-11-11,False,"[""Enter Grip""]","[""Enter Grip""]",False,True,False,False,,2025-11
4110690,The Electric Bots,2025-11-11,2025-11-11,2025-11-11,False,"[""Clever Apoki""]","[""Forge Bridge Studios""]",True,True,False,False,,2025-11
4121390,Warrior Guild,2025-11-11,2025-11-11,2025-11-11,False,"[""Rad Game Studios""]","[""Rad Game Studios""]",False,True,False,False,,2025-11
4121710,Falling Ball,2025-11-11,2025-11-11,2025-11-11,False,"[""urhob4""]","[""urhob4""]",False,True,False,False,,2025-11
4122320,Animal Coloring Books for Kids & Toddlers - Dinosaurs,2025-11-11,2025-11-11,2025-11-11,False,"[""McPeppergames""]","[""McPeppergames""]",False,True,False,False,,2025-11
2981070,Arcane Trigger,2025-11-12,2025-11-12,2025-11-12,False,"[""MiniWhale""]","[""MiniWhale"",""Anotherindie""]",False,True,True,False,,2025-11
3228800,Neon Highways,2025-11-12,2025-11-12,2025-11-12,False,"[""Flowbit Studio""]","[""Flowbit Studio""]",False,True,False,True,,2025-11
3365030,Atelier Ryza: Ever Darkness & the Secret Hideout DX,2025-11-12,2025-11-12,2025-11-12,False,"[""KOEI TECMO GAMES CO., LTD.""]","[""KOEI TECMO GAMES CO., LTD.""]",False,True,False,False,,2025-11
3653810,Cat Home,2025-11-12,2025-11-12,2025-11-12,False,"[""Yaokemon""]","[""Yaokemon""]",False,True,False,False,,2025-11
3687580,Strength In Numbers,2025-11-12,2025-11-12,2025-11-12,False,"[""Ciaosen Games""]","[""Ciaosen Games""]",False,True,False,False,,2025-11
3803040,Binary Boss,2025-11-12,2025-11-12,2025-11-12,False,"[""2kblater (5)""]","[""2kblater (5)""]",False,True,True,True,,2025-11
3920630,Galleria,2025-11-12,2025-11-12,2025-11-12,False,"[""Maru Studio""]","[""Maru Studio""]",False,True,False,False,,2025-11
3967240,Pursuit,2025-11-12,2025-11-12,2025-11-12,False,"[""CGI LAB GAMES ""]","[""CGI LAB GAMES ""]",False,True,False,False,,2025-11
3994200,Enchanted Broom,2025-11-12,2025-11-12,2025-11-12,False,"[""DimSumForge""]","[""DimSumForge""]",False,True,False,False,,2025-11
4047260,Gamma Burst,2025-11-12,2025-11-12,2025-11-12,False,"[""Ulysses Blackjohn""]","[""Ulysses Blackjohn""]",False,True,False,False,,2025-11
4086350,Easy Running,2025-11-12,2025-11-12,2025-11-12,False,"[""LUO WENJUN""]","[""LWJGames""]",False,True,False,False,,2025-11
4105390,ZUMANU Trip,2025-11-12,2025-11-12,2025-11-12,False,"[""mitataMAT""]","[""mitataMAT""]",False,True,False,False,,2025-11
4108010,The Girl In White,2025-11-12,2025-11-12,2025-11-12,False,"[""DIG Games""]","[""DIG Games""]",False,True,False,False,,2025-11
4123050,Little White: Chromatic Clash,2025-11-12,2025-11-12,2025-11-12,False,"[""KongshiStudio""]","[""KongshiStudio""]",False,True,False,False,,2025-11
4129780,Max Overeater,2025-11-12,2025-11-12,2025-11-12,False,"[""Demenzun Media""]","[""Demenzun Media""]",False,True,False,False,,2025-11
887330,Glassbreakers: Champions of Moss,2025-11-13,2025-11-13,2025-11-13,False,"[""Polyarc""]","[""Polyarc""]",False,True,False,False,,2025-11
1989960,AirShooShoo,2025-11-13,2025-11-13,2025-11-13,False,"[""OldMan Inc.""]","[""OldMan Inc.""]",False,True,False,True,,2025-11
2352140,Tamamoji,2025-11-13,2025-11-13,2025-11-13,False,"[""Almost Good Studio""]","[""Almost Good Studio""]",False,True,False,False,,2025-11
3494660,Okinawa Journal,2025-11-13,2025-11-13,2025-11-13,False,"[""Miga Games""]","[""Miga Games""]",False,True,False,False,,2025-11
3626560,Robbing Time,2025-11-13,2025-11-13,2025-11-13,False,"[""Monday Squid""]","[""Monday Squid""]",False,True,False,False,,2025-11
3687470,The Sushi House,2025-11-13,2025-11-13,2025-11-13,False,"[""Noirbit""]","[""Noirbit""]",False,True,False,False,,2025-11
3714210,Ayrton Idle,2025-11-13,2025-11-13,2025-11-13,False,"[""Ayrton Alexis""]","[""Ayrton Alexis""]",False,True,True,False,,2025-11
3720630,Caemdale,2025-11-13,2025-11-13,2025-11-13,False,"[""JRB""]","[""JRB""]",False,True,False,True,,2025-11
3740360,Lia: Hacking Destiny,2025-11-13,2025-11-13,2025-11-13,False,"[""Orube Game Studio""]","[""Orube Game Studio"",""GoGo Games Interactive""]",False,True,False,False,,2025-11
3814340,Tankenstein,2025-11-13,2025-11-13,2025-11-13,False,"[""Landship Games LTD""]","[""Landship Games LTD""]",False,True,False,False,,2025-11
3815170,Innkeeper VR,2025-11-13,2025-11-13,2025-11-13,False,"[""Moon Haven""]","[""Moon Haven""]",False,True,False,False,,2025-11
3823430,Midnight Study,2025-11-13,2025-11-13,2025-11-13,False,"[""Geniesoft Inc.""]","[""Geniesoft Inc.""]",False,True,False,False,,2025-11
3841340,Petmancer,2025-11-13,2025-11-13,2025-11-13,False,"[""Horse Arms LLC""]","[""Horse Arms LLC""]",False,True,True,True,,2025-11
3956340,Max Manos 2,2025-11-13,2025-11-13,2025-11-13,False,"[""Max Manos""]","[""Max Manos""]",False,True,False,False,,2025-11
3986350,Frogshot Adventure,2025-11-13,2025-11-13,2025-11-13,False,"[""Shero""]","[""Shero""]",False,True,False,False,,2025-11
4050920,Moonlight Chess,2025-11-13,2025-11-13,2025-11-13,False,"[""MyDreamForever""]","[""Andgo Games""]",False,True,False,False,,2025-11
4059360,The Salesman,2025-11-13,2025-11-13,2025-11-13,False,"[""Backstab Industries""]","[""Bad Ideas Productions""]",False,True,True,True,,2025-11
4067310,Memory Matrix Pro,2025-11-13,2025-11-13,2025-11-13,False,"[""https://simple-software-solutions.com""]","[""https://simple-software-solutions.com""]",False,True,False,False,,2025-11
4070160,Project Dungeons,2025-11-13,2025-11-13,2025-11-13,False,"[""SantiCore""]","[""SantiCore""]",False,True,False,False,,2025-11
4117930,Blue Balls,2025-11-13,2025-11-13,2025-11-13,False,"[""Cheapy Digital Studios""]","[""Cheapy Digital Studios""]",False,True,False,True,,2025-11
4126270,That's Not My Kind,2025-11-13,2025-11-13,2025-11-13,False,"[""LunarkGames""]","[""LunarkGames""]",False,True,True,False,,2025-11
4129570,Final Orbit,2025-11-13,2025-11-13,2025-11-13,False,"[""ENBS Dev team""]","[""ENBS Dev team""]",False,True,False,False,,2025-11
1962020,Space Tournament,2025-11-14,2025-11-14,2025-11-14,False,"[""Trash Titans""]","[""Trash Titans""]",False,True,False,True,,2025-11
2201910,Winds Of Arcana: Ruination,2025-11-14,2025-11-14,2025-11-14,False,"[""Brewed Games""]","[""1312 Interactive""]",False,True,False,False,,2025-11
2359390,Just Climb,2025-11-14,2025-11-14,2025-11-14,False,"[""Naytics""]","[""Naytics""]",False,True,False,False,,2025-11
2568800,Astral Outcast,2025-11-14,2025-11-14,2025-11-14,False,"[""StarMight Games""]","[""StarMight Games""]",False,True,False,False,,2025-11
3273740,Abyss Chaser,2025-11-14,2025-11-14,2025-11-14,False,"[""Bitrunner""]","[""Bitrunner""]",False,True,False,False,,2025-11
3396670,I Write Games Not Tragedies,2025-11-14,2025-11-14,2025-11-14,False,"[""Studio Wife""]","[""Yotsuba Interactive""]",False,True,False,False,,2025-11
3564740,Where Winds Meet,2025-11-14,2025-11-14,2025-11-14,False,"[""Everstone Studio""]","[""NetEase Games""]",True,True,False,False,,2025-11
3646890,すぽっとスポット！,2025-11-14,2025-11-14,2025-11-14,False,"[""深夜2時に明日って今日？""]","[""深夜2時に明日って今日？""]",True,True,False,False,,2025-11
3728040,I commissioned some snails 5,2025-11-14,2025-11-14,2025-11-14,False,"[""Follow the fun""]","[""I commissioned some series""]",False,True,False,False,,2025-11
3795850,MEAT ROOM,2025-11-14,2025-11-14,2025-11-14,False,"[""NIGHTMARE FLOWER""]","[""NIGHTMARE FLOWER""]",False,True,False,False,,2025-11
3868630,Serra de Deus,2025-11-14,2025-11-14,2025-11-14,False,"[""David Pateti""]","[""David Pateti""]",False,True,False,True,,2025-11
3868950,The Witch's fabulous Cracker Show,2025-11-14,2025-11-14,2025-11-14,False,"[""Marcel K."",""Lukas K.""]","[""Knusperhaus Games""]",True,True,False,False,,2025-11
3938690,SQUISH Units,2025-11-14,2025-11-14,2025-11-14,False,"[""TheShyGuy"",""(Artist) Dawn//Crow""]","[""ShyTechStudios""]",False,True,False,False,,2025-11
3944530,Knockless,2025-11-14,2025-11-14,2025-11-14,False,"[""Frysolith Interactive""]","[""Frysolith Interactive""]",False,True,False,False,,2025-11
3948550,Late Ming: Reborn in Flames,2025-11-14,2025-11-14,2025-11-14,False,"[""AladdinBatu""]","[""AladdinBatu""]",False,True,False,False,,2025-11
3958510,The evil mouse,2025-11-14,2025-11-14,2025-11-14,False,"[""Thorleif Owe""]","[""Thorleif Owe""]",False,True,False,False,,2025-11
3968450,Darko,2025-11-14,2025-11-14,2025-11-14,False,"[""Atramentum""]","[""Game Hunters""]",False,True,False,False,,2025-11
3999490,Toxic Harvest,2025-11-14,2025-11-14,2025-11-14,False,"[""Overthrown Interactive""]","[""Overthrown Interactive""]",True,True,False,False,,2025-11
4001620,Pondemonium,2025-11-14,2025-11-14,2025-11-14,False,"[""Nico Tukiainen""]","[""Nico Tukiainen""]",False,True,False,True,,2025-11
4025860,Kesselgrad,2025-11-14,2025-11-14,2025-11-14,False,"[""Edouard et Grégoire VINCENT""]","[""Edouard et Grégoire VINCENT""]",True,True,False,False,,2025-11
4062210,Do It Together,2025-11-14,2025-11-14,2025-11-14,False,"[""SeolJinSeok""]","[""SeolJinSeok""]",False,True,False,False,,2025-11
4084320,Overblooming,2025-11-14,2025-11-14,2025-11-14,False,"[""Bruno Vale Barbosa Eiterer""]","[""Bruno Vale Barbosa Eiterer""]",False,True,False,False,,2025-11
4094490,Pixelpolis Neon,2025-11-14,2025-11-14,2025-11-14,False,"[""Daniel Koepf"",""Blood Stain Games""]","[""Daniel Koepf""]",False,True,False,False,,2025-11
4113920,Prometheus in a jar,2025-11-14,2025-11-14,2025-11-14,False,"[""ShiFeiFan""]","[""ShiFeiFan""]",True,True,False,False,,2025-11
1968440,Strange Hunting Grounds,2025-11-15,2025-11-15,2025-11-15,False,"[""GaniTani""]","[""GaniTani""]",False,True,False,False,,2025-11
2871820,祟り坂 | TATARI Curse road,2025-11-15,2025-11-15,2025-11-15,False,"[""STUDIO DYD""]","[""STUDIO DYD""]",False,True,False,False,,2025-11
3395720,Village of the Curse,2025-11-15,2025-11-15,2025-11-15,False,"[""Leakage Games""]","[""Leakage Games""]",False,True,False,False,,2025-11
3771390,Carefully Stamped,2025-11-15,2025-11-15,2025-11-15,False,"[""Rogue Duck Interactive""]","[""Rogue Duck Interactive"",""Gamersky Games""]",False,True,True,True,,2025-11
4002530,Trialspire,2025-11-15,2025-11-15,2025-11-15,False,"[""Ozymandias The First""]","[""Hosthood Studio""]",False,True,False,False,,2025-11
1141550,CUCKOLD SIMULATOR: Life as a Beta Male Cuck,2025-11-16,2025-11-16,2025-11-16,False,"[""Team SNEED""]","[""Team SNEED""]",False,True,False,False,,2025-11
1858790,Bony Odyssey,2025-11-16,2025-11-16,2025-11-16,False,"[""Anatoly Konstantinov""]","[""Anatoly Konstantinov""]",False,True,False,False,,2025-11
2418530,Kofoin - Swarm Defense,2025-11-16,2025-11-16,2025-11-16,False,"[""Tokiko Studio""]","[""Tokiko Studio""]",False,True,False,True,,2025-11
3024960,Delve Diver,2025-11-16,2025-11-16,2025-11-16,False,"[""coromin another""]","[""coromin another""]",False,True,False,False,,2025-11
3671980,Job Battle Simulator,2025-11-16,2025-11-16,2025-11-16,False,"[""Weird Game""]","[""Weird Game""]",False,True,False,False,,2025-11
4021770,Heavy Spoilers RPG 2: Your best friend is actually the great demon king,2025-11-16,2025-11-16,2025-11-16,False,"[""KSBゲームス""]","[""Gotcha Gotcha Games""]",False,True,False,False,,2025-11
4055130,Have You Seen This Man?,2025-11-16,2025-11-16,2025-11-16,False,"[""Cosmic Sabbath""]","[""Cosmic Sabbath""]",False,True,False,False,,2025-11
4109760,Level Denied,2025-11-16,2025-11-16,2025-11-16,False,"[""BaitRage Studios""]","[""BaitRage Studios""]",False,True,False,False,,2025-11
863970,Survive the Rift,2025-11-17,2025-11-17,2025-11-17,False,"[""Monster Helix Inc.""]","[""Monster Helix Inc.""]",False,True,False,False,,2025-11
2622330,Alternate Tales of Ryukyu:Bonds of the Red Sakura Trees,2025-11-17,2025-11-17,2025-11-17,False,"[""ASHIBI COMPANY Co.,Ltd.""]","[""ASHIBI COMPANY Co.,Ltd.""]",False,True,False,False,,2025-11
2783460,Grid Warriors: Battles,2025-11-17,2025-11-17,2025-11-17,False,"[""Junjo""]","[""Junjo""]",False,True,False,False,,2025-11
3006280,Sheepherds!,2025-11-17,2025-11-17,2025-11-17,False,"[""Ultimo Disco""]","[""Yahaha Games""]",False,True,False,False,,2025-11
3032520,BLUMA,2025-11-17,2025-11-17,2025-11-17,False,"[""Potaco Studio""]","[""Potaco Studio""]",False,True,True,True,,2025-11
3168930,Infect Cam,2025-11-17,2025-11-17,2025-11-17,False,"[""Ravenholm Interactive""]","[""Ravenholm Interactive""]",False,True,False,False,,2025-11
3466320,Vinyls,2025-11-17,2025-11-17,2025-11-17,False,"[""BrainRot""]","[""BrainRot""]",True,True,False,False,,2025-11
3528970,Unmourned,2025-11-17,2025-11-17,2025-11-17,False,"[""Codebros Studio""]","[""Codebros Studio""]",False,True,False,False,,2025-11
3541750,古咒迷途 (lost curse),2025-11-17,2025-11-17,2025-11-17,False,"[""拙画翁""]","[""拙画翁""]",False,True,False,False,,2025-11
3563480,Interstellar Espionage Inc.,2025-11-17,2025-11-17,2025-11-17,False,"[""Fancy Raven Games""]","[""Fancy Raven Games""]",False,True,False,False,,2025-11
3571710,Leaf Blower Co.,2025-11-17,2025-11-17,2025-11-17,False,"[""LifT Games""]","[""Forklift Interactive""]",False,True,False,False,,2025-11
3577140,Escape from Mental Hospital,2025-11-17,2025-11-17,2025-11-17,False,"[""Peaksel""]","[""Peaksel""]",False,True,True,False,,2025-11
3578450,Ex vs Ex,2025-11-17,2025-11-17,2025-11-17,False,"[""Kevin Spasiuk""]","[""Kevin Spasiuk""]",True,True,False,False,,2025-11
3648340,Field of Enemies,2025-11-17,2025-11-17,2025-11-17,False,"[""Dexied Games""]","[""Dexied Games""]",False,True,False,False,,2025-11
3654060,The Hundred Youkai Master,2025-11-17,2025-11-17,2025-11-17,False,"[""OCG S studio"",""OCG FCGD Division""]","[""株式会社ワンコネクト""]",False,True,False,False,,2025-11
3685280,Dungeons of Uhr,2025-11-17,2025-11-17,2025-11-17,False,"[""DIG Games""]","[""DIG Games""]",False,True,False,False,,2025-11
3696020,Raidbound,2025-11-17,2025-11-17,2025-11-17,False,"[""Rustin Robinson""]","[""None""]",False,True,False,False,,2025-11
3718290,CRYPTOBIOSIS,2025-11-17,2025-11-17,2025-11-17,False,"[""陈高远狠活工作室""]","[""高远全景育成实验学校"",""恒枢电子科技有限公司""]",False,True,False,False,,2025-11
3742820,Home Sweet Homecoming,2025-11-17,2025-11-17,2025-11-17,False,"[""Hooksoft""]","[""Shiravune""]",False,True,False,False,,2025-11
3853330,LexiRogue,2025-11-17,2025-11-17,2025-11-17,False,"[""LaoWangDev""]","[""LaoWangDev""]",False,True,True,False,,2025-11
3981140,Happy Day,2025-11-17,2025-11-17,2025-11-17,False,"[""箱盒""]","[""箱盒""]",False,True,True,False,,2025-11
3987810,Pleasure Cruise,2025-11-17,2025-11-17,2025-11-17,False,"[""KAWAGUCHI""]","[""KAWAGUCHI ""]",False,True,False,False,,2025-11
3997110,雷霆之眼,2025-11-17,2025-11-17,2025-11-17,False,"[""小如文化""]","[""小如文化""]",False,True,False,False,,2025-11
4077020,Split Racing,2025-11-17,2025-11-17,2025-11-17,False,"[""D.M.J""]","[""D.M.J""]",True,True,False,False,,2025-11
4097370,Out of Place: Origin,2025-11-17,2025-11-17,2025-11-17,False,"[""Karma Studio""]","[""Karma Studio""]",False,True,False,False,,2025-11
4111190,Showdown next week!,2025-11-17,2025-11-17,2025-11-17,False,"[""chibicode""]","[""chibicode""]",False,True,False,False,,2025-11
4121420,Battle Kittens,2025-11-17,2025-11-17,2025-11-17,False,"[""Gabriele Picchianti""]","[""Gabriele Picchianti""]",False,True,False,False,,2025-11
4124510,Archetypes Festival,2025-11-17,2025-11-17,2025-11-17,False,"[""Filippo Bottinelli""]","[""Filippo Bottinelli""]",False,True,False,False,,2025-11
496170,Desert Race Adventures,2025-11-18,2025-11-18,2025-11-18,False,"[""Firedrake Games""]","[""Black Smoke Studios""]",False,True,False,False,,2025-11
690320,Snake-A-Roid,2025-11-18,2025-11-18,2025-11-18,False,"[""Arcade Badgers Limited""]","[""Arcade Badgers Limited""]",False,True,False,True,,2025-11
2105620,Sektori,2025-11-18,2025-11-18,2025-11-18,False,"[""Kimmo Lahtinen""]","[""Kimmo Factor Oy""]",False,True,False,False,,2025-11
2334690,Detective Malinowski The Truth Will Be Revealed,2025-11-18,2025-11-18,2025-11-18,False,"[""Game The Same""]","[""Game The Same""]",False,True,False,False,,2025-11
2780980,LOCKDOWN Protocol,2025-11-18,2025-11-18,2025-11-18,False,"[""Mirage Creative Lab""]","[""Mirage Creative Lab""]",False,True,False,False,,2025-11
3047510,Myths are 100% True,2025-11-18,2025-11-18,2025-11-18,False,"[""LeatherIceCream"",""ClayGod""]","[""PNG of a Ghost""]",False,True,False,False,,2025-11
3083990,Imaginary Friend Institution,2025-11-18,2025-11-18,2025-11-18,False,"[""Nightmare Emporium""]","[""Nightmare Emporium""]",False,True,False,False,,2025-11
3172770,Terrorbytes,2025-11-18,2025-11-18,2025-11-18,False,"[""Treetop""]","[""Over The Moon""]",False,True,False,False,,2025-11
3308220,Galatico,2025-11-18,2025-11-18,2025-11-18,False,"[""Galatico Studios""]","[""Galatico Studios""]",False,True,False,False,,2025-11
3330410,Spell Slide,2025-11-18,2025-11-18,2025-11-18,False,"[""Lonely Deckchair""]","[""Lonely Deckchair""]",False,True,False,False,,2025-11
3390310,Once Glorious Artahk,2025-11-18,2025-11-18,2025-11-18,False,"[""Bismuth Tales""]","[""Bismuth Tales""]",False,True,False,True,,2025-11
3399200,Billie Beetleneck -A detective tale-,2025-11-18,2025-11-18,2025-11-18,False,"[""Retroactive Fort""]","[""Retroactive Fort""]",True,True,False,False,,2025-11
3470940,Little Betty: Gold Rush,2025-11-18,2025-11-18,2025-11-18,False,"[""Karsten Klewer""]","[""Karsten Klewer""]",False,True,False,False,,2025-11
3621320,Oreflux,2025-11-18,2025-11-18,2025-11-18,False,"[""Mateusz P.""]","[""Mateusz P.""]",False,True,False,False,,2025-11
3621680,Cosmic Tails,2025-11-18,2025-11-18,2025-11-18,False,"[""parm""]","[""parm""]",False,True,True,True,,2025-11
3636960,Violent Horror Stories 2,2025-11-18,2025-11-18,2025-11-18,False,"[""Trioskaz"",""thesecondleft"",""Garage Heathen"",""Alex Grim"",""INDIEPUNK"",""Bober Bros"",""myceliumforest"",""UniOwl"",""CapyDev"",""Anifan Gelati""]","[""Trioskaz""]",False,True,False,False,,2025-11
3680420,Green Ember: Helmer in the Dragon Tomb,2025-11-18,2025-11-18,2025-11-18,False,"[""Brazen Games"",""Longtreader Games""]","[""Longtreader Games""]",False,True,True,False,,2025-11
3688080,Tribute Clicker,2025-11-18,2025-11-18,2025-11-18,False,"[""Tirika Dev.""]","[""Tirika Dev.""]",False,True,False,False,,2025-11
3778870,Powwow Bound: A Menominee Homecoming,2025-11-18,2025-11-18,2025-11-18,False,"[""Nebraska Public Media"",""PBS Wisconsin""]","[""Nebraska Public Media""]",True,True,True,False,,2025-11
3874950,Bit Buddy,2025-11-18,2025-11-18,2025-11-18,False,"[""Salt Fish Studio""]","[""Salt Fish Studio""]",False,True,False,False,,2025-11
3979100,Packonomy,2025-11-18,2025-11-18,2025-11-18,False,"[""Smart Maple Games""]","[""Smart Maple Games""]",False,True,False,True,,2025-11
4049780,RFX Enduro: 8th Day,2025-11-18,2025-11-18,2025-11-18,False,"[""Roberto Augusto Freaza""]","[""Retroman RFX""]",False,True,False,False,,2025-11
4099110,Brasília Defense,2025-11-18,2025-11-18,2025-11-18,False,"[""Plínio Tadeu de Albernaz Quartim""]","[""Plínio Tadeu de Albernaz Quartim""]",True,True,False,False,,2025-11
4127400,Tic Tac Rogue,2025-11-18,2025-11-18,2025-11-18,False,"[""Pixel Flight Games""]","[""Pixel Flight Games""]",False,True,False,False,,2025-11
4150260,Fanjing Mountain in Guizhou,2025-11-18,2025-11-18,2025-11-18,False,"[""hgmGame""]","[""hgmGame""]",False,True,False,False,,2025-11
2212790,Asbury Pines,2025-11-19,2025-11-19,2025-11-19,False,"[""Chaystar Unlimited LLC""]","[""Chaystar Unlimited LLC""]",False,True,False,False,,2025-11
2550790,"Live Hard, Die Hard",2025-11-19,2025-11-19,2025-11-19,False,"[""Asobism.Co.,Ltd""]","[""Asobism.Co.,Ltd""]",False,True,True,False,,2025-11
2610880,Duskpunk,2025-11-19,2025-11-19,2025-11-19,False,"[""Clockwork Bird"",""James Patton""]","[""Clockwork Bird""]",False,True,True,True,,2025-11
2857670,Pot,2025-11-19,2025-11-19,2025-11-19,False,"[""CosMic Studio""]","[""CosMic Studio""]",False,True,False,False,,2025-11
3045660,东方醉游稽传~Touhou Drunken Rebellion,2025-11-19,2025-11-19,2025-11-19,False,"[""落羽社""]","[""落羽社""]",False,True,False,False,,2025-11
3068670,Anode Heart: Layer Null,2025-11-19,2025-11-19,2025-11-19,False,"[""Stove Powered Games""]","[""Stove Powered Games""]",False,True,True,False,,2025-11
3148060,Penelope Pendrick and the Art of Deceit,2025-11-19,2025-11-19,2025-11-19,False,"[""Default Cube Games""]","[""Default Cube Games""]",False,True,True,False,,2025-11
3433600,Space Sim Tycoon,2025-11-19,2025-11-19,2025-11-19,False,"[""SuperChicken Productions LLC""]","[""SuperChicken Productions LLC""]",False,True,False,False,,2025-11
3535090,LUNA : War of the Moonlight,2025-11-19,2025-11-19,2025-11-19,False,"[""UBIS Inc.""]","[""UBIS Inc.""]",False,True,False,False,,2025-11
3565680,DECRYPTO Project,2025-11-19,2025-11-19,2025-11-19,False,"[""slothJam""]","[""slothJam""]",False,True,False,False,,2025-11
3578500,Rusty Foodies,2025-11-19,2025-11-19,2025-11-19,False,"[""MYMEStudio""]","[""Link Compass"",""Gonggamore Contents""]",False,True,False,False,,2025-11
3704520,Now Loading,2025-11-19,2025-11-19,2025-11-19,False,"[""Joseph Sak""]","[""Joseph Sak""]",False,True,False,False,,2025-11
3734000,Guardian Chicken,2025-11-19,2025-11-19,2025-11-19,False,"[""bones-dev""]","[""bones-dev""]",False,True,False,False,,2025-11
3750430,Mystina : Remaster Online,2025-11-19,2025-11-19,2025-11-19,False,"[""雷爵網絡科技股份有限公司""]","[""雷爵網絡科技股份有限公司""]",True,True,False,False,,2025-11
3831120,Mandate Of Heaven,2025-11-19,2025-11-19,2025-11-19,False,"[""木焱工作室""]","[""木焱工作室""]",False,True,True,True,,2025-11
3879000,They Watch,2025-11-19,2025-11-19,2025-11-19,False,"[""CCGS""]","[""CCGS""]",False,True,False,False,,2025-11
3907270,勇者モナナナは最初の洞窟が抜けられない,2025-11-19,2025-11-19,2025-11-19,False,"[""ローゼンクロイツ""]","[""ローゼンクロイツ""]",False,True,False,False,,2025-11
3970920,Cats Visiting El Dorado,2025-11-19,2025-11-19,2025-11-19,False,"[""AGE Zero"",""Purfect""]","[""AGE Zero""]",True,True,False,False,,2025-11
4010780,OLYEN,2025-11-19,2025-11-19,2025-11-19,False,"[""Adrian Ortega Marzal""]","[""Absovity Studio""]",False,True,False,False,,2025-11
4032670,Arnaud Thion’s Dragons,2025-11-19,2025-11-19,2025-11-19,False,"[""Arnaud Thion""]","[""Fazhom""]",False,True,False,False,,2025-11
4038990,Crusaders Quest : Mini,2025-11-19,2025-11-19,2025-11-19,False,"[""CQ LABS""]","[""LoadComplete""]",True,True,False,False,,2025-11
4117360,Edgar Dreams and the Way of Light,2025-11-19,2025-11-19,2025-11-19,False,"[""Mustafa Barati""]","[""Barati Books""]",False,True,False,False,,2025-11
4153370,Core Destroyer,2025-11-19,2025-11-19,2025-11-19,False,"[""cnsmini""]","[""cnsmini""]",False,True,False,False,,2025-11
4156550,The Haunted Spot,2025-11-19,2025-11-19,2025-11-19,False,"[""Anamik Majumdar""]","[""Anamik Majumdar""]",False,True,False,True,,2025-11
1156820,Strike & Resist,2025-11-20,2025-11-20,2025-11-20,False,"[""Dark Deep Studio""]","[""Dark Deep Studio""]",False,True,False,False,,2025-11
1410450,Ten Deadly Games: Jamsepticeye,2025-11-20,2025-11-20,2025-11-20,False,"[""Ducky Dev"",""Blahzors"",""Schlopp"",""FYRE Games"",""Cody Reader"",""BrainError"",""xMorrow"",""Cornettu"",""Lex Heilling"",""AVeryShinyCoin"",""Gizmo199"",""SurffingBird"",""OzMaister"",""inner.demons.team"",""Lucy Dean"",""Mattes Clarke"",""Quinn Dymalski"",""Silas Barber"",""raiden23771"",""Pozzo"",""vvetiver"",""amaybus"",""chickenempress""]","[""Ducky Dev""]",True,True,False,False,,2025-11
1861410,IRON GUARD: Salvation,2025-11-20,2025-11-20,2025-11-20,False,"[""Xlab Digital""]","[""Xlab Digital""]",False,True,False,False,,2025-11
1876360,Hand Cannon: Janky Reality,2025-11-20,2025-11-20,2025-11-20,False,"[""Suicidal Robot Games""]","[""Suicidal Robot Games""]",False,True,False,False,,2025-11
2431200,POPOLOGIST® Camera Slinger,2025-11-20,2025-11-20,2025-11-20,False,"[""Joe Rey"",""POPOLOGY® Networks""]","[""POPOLOGY®""]",False,True,True,False,,2025-11
2522290,Bridge Hunter,2025-11-20,2025-11-20,2025-11-20,False,"[""Double Light""]","[""Double Light""]",False,True,False,False,,2025-11
2774180,Finding Cats In Old City Block,2025-11-20,2025-11-20,2025-11-20,False,"[""Peach Rain""]","[""Peach Rain"",""cdhy interactive""]",False,True,False,False,,2025-11
2786550,CURE - A Hospital Simulator,2025-11-20,2025-11-20,2025-11-20,False,"[""Sentinel Games""]","[""Sentinel Games""]",False,True,False,False,,2025-11
2896570,Empire Builder,2025-11-20,2025-11-20,2025-11-20,False,"[""Zombie Possum Games Inc""]","[""Zombie Possum Games Inc"",""Darwin's Toys""]",False,True,False,False,,2025-11
2934220,Monsters are Coming!,2025-11-20,2025-11-20,2025-11-20,False,"[""Ludogram""]","[""Raw Fury""]",False,True,False,False,,2025-11
2983410,Xenopurge,2025-11-20,2025-11-20,2025-11-20,False,"[""Traptics""]","[""Firesquid"",""gamersky Games""]",False,True,False,False,,2025-11
3167260,WAR RATS: The Rat em Up,2025-11-20,2025-11-20,2025-11-20,False,"[""wootusart Industries""]","[""wootusart Industries""]",False,True,False,False,,2025-11
3360890,Project Afterfall,2025-11-20,2025-11-20,2025-11-20,False,"[""MuHa Games"",""Eerie Forest Studio""]","[""MuHa Games""]",False,True,False,False,,2025-11
3424980,Alice in the Manor,2025-11-20,2025-11-20,2025-11-20,False,"[""YJ Studio""]","[""YJ Studio""]",False,True,False,False,,2025-11
3505650,Vampire Cat,2025-11-20,2025-11-20,2025-11-20,False,"[""Hunt Games""]","[""Hunt Games""]",False,True,False,False,,2025-11
3729610,Can you clear up to 100 stages?,2025-11-20,2025-11-20,2025-11-20,False,"[""JD studio""]","[""JD studio""]",False,True,False,False,,2025-11
3854120,Fawn The Florist,2025-11-20,2025-11-20,2025-11-20,False,"[""CozyBit Games""]","[""CozyBit Games""]",True,True,True,False,,2025-11
3861140,Agent Versus,2025-11-20,2025-11-20,2025-11-20,False,"[""Game Inside Studio""]","[""Game Inside Studio""]",False,True,False,False,,2025-11
3893400,CatFatherJump,2025-11-20,2025-11-20,2025-11-20,False,"[""整个烂活""]","[""整个烂活""]",True,True,False,False,,2025-11
3961220,VADE RETRO SATANA,2025-11-20,2025-11-20,2025-11-20,False,"[""Salazar Productions""]","[""Salazar Productions""]",False,True,False,False,,2025-11
3976820,ROBSYBOT KAIJU MAZE,2025-11-20,2025-11-20,2025-11-20,False,"[""SoulBattery""]","[""Muviron SpA""]",False,True,False,False,,2025-11
4005700,Orbital Frenzy,2025-11-20,2025-11-20,2025-11-20,False,"[""Polyspark Studios""]","[""Polyspark Studios""]",False,True,False,False,,2025-11
4031390,Funimal: Fusion Animal,2025-11-20,2025-11-20,2025-11-20,False,"[""IXILL LLC.""]","[""IXILL LLC.""]",False,True,False,False,,2025-11
4077070,BLACKHAT espionage,2025-11-20,2025-11-20,2025-11-20,False,"[""Maren Games LLC""]","[""Maren Games LLC""]",False,True,False,False,,2025-11
4101990,Harsh Reality of Being a Hamster,2025-11-20,2025-11-20,2025-11-20,False,"[""Iman Studios""]","[""Iman Studios""]",False,True,False,False,,2025-11
4148290,Escape Exit: Floor 10,2025-11-20,2025-11-20,2025-11-20,False,"[""KonaMGames""]","[""KonaMGames""]",False,True,False,False,,2025-11
4153890,Clapism,2025-11-20,2025-11-20,2025-11-20,False,"[""Woodpile""]","[""Woodpile""]",False,True,False,False,,2025-11
4154280,百鬼图鉴-国风·挂机·卡牌·游戏,2025-11-20,2025-11-20,2025-11-20,False,"[""百鬼夜行工作室""]","[""百鬼夜行工作室""]",True,True,False,False,,2025-11
4154760,Win The Election,2025-11-20,2025-11-20,2025-11-20,False,"[""Rainey Studios""]","[""Rainey Studios""]",False,True,False,False,,2025-11
1024820,Hockey Club,2025-11-21,2025-11-21,2025-11-21,False,"[""Boogerman Games, LLC""]","[""Boogerman Games, LLC""]",False,True,False,False,,2025-11
2851640,Speed Demons 2,2025-11-21,2025-11-21,2025-11-21,False,"[""Radiangames""]","[""Radiangames""]",False,True,False,False,,2025-11
2879980,ZAKO NO AHIRU,2025-11-21,2025-11-21,2025-11-21,False,"[""FUファイターズ""]","["" Phoenixx Inc.""]",False,True,False,False,,2025-11
2903240,DODORI,2025-11-21,2025-11-21,2025-11-21,False,"[""BridgeMusic""]","[""BridgeMusic""]",False,True,False,False,,2025-11
3047310,Aim Assault,2025-11-21,2025-11-21,2025-11-21,False,"[""DIVR Labs""]","[""DIVR Labs""]",False,True,False,False,,2025-11
3188460,Orcs Will Never Be Slaves,2025-11-21,2025-11-21,2025-11-21,False,"[""Cyan Flame Game""]","[""Cyan Flame Game""]",False,True,False,False,,2025-11
3295350,StarSim: BattleZone,2025-11-21,2025-11-21,2025-11-21,False,"[""Viktor Martynovsky""]","[""Viktor Martynovsky""]",False,True,False,False,,2025-11
3474500,Bubbles!,2025-11-21,2025-11-21,2025-11-21,False,"[""Cattertainment""]","[""Cattertainment""]",False,True,False,False,,2025-11
3527920,CoRoT,2025-11-21,2025-11-21,2025-11-21,False,"[""Azteck Game Studios""]","[""Azteck Game Studios""]",False,True,False,False,,2025-11
3589720,Ball & Roll,2025-11-21,2025-11-21,2025-11-21,False,"[""LoudScream""]","[""SlugShot Games""]",False,True,False,False,,2025-11
3693590,Legends of Gems,2025-11-21,2025-11-21,2025-11-21,False,"[""南京西木优洛网络科技有限公司""]","[""南京西木优洛网络科技有限公司""]",False,True,False,False,,2025-11
3737620,Marisa!ReturnTheBook!,2025-11-21,2025-11-21,2025-11-21,False,"[""NARROW"",""TSUKUYOMIC""]","[""NARROW&TSUKUYOMIC""]",False,True,False,False,,2025-11
3799100,SIDE EFFECTS,2025-11-21,2025-11-21,2025-11-21,False,"[""hirohun"",""Mr.Pootsley"",""Jaybooty"",""Lofar42""]","[""Free Lives""]",False,True,False,False,,2025-11
3809740,TOJIBO,2025-11-21,2025-11-21,2025-11-21,False,"[""Vermeil Soft""]","[""Vermeil Soft""]",False,True,False,True,,2025-11
3834520,Suika Puffworks,2025-11-21,2025-11-21,2025-11-21,False,"[""Michael Richard Lannon""]","[""Michael Richard Lannon""]",False,True,False,False,,2025-11
3896380,Pizza Restaurant Together,2025-11-21,2025-11-21,2025-11-21,False,"[""FunPlay Dev""]","[""FunPlay""]",False,True,False,True,,2025-11
3908780,Mork Folio,2025-11-21,2025-11-21,2025-11-21,False,"[""Zany Gadgets Inc.""]","[""Zany Gadgets Inc.""]",False,True,True,False,,2025-11
3938040,Digging Together,2025-11-21,2025-11-21,2025-11-21,False,"[""Suber Game Studio"",""Cem Bal""]","[""Suber Game Studio""]",False,True,False,False,,2025-11
3947180,Cube Fight,2025-11-21,2025-11-21,2025-11-21,False,"[""ExtraBoundarys""]","[""ExtraBoundarys""]",False,True,False,False,,2025-11
3982040,The Faith of Sin,2025-11-21,2025-11-21,2025-11-21,False,"[""TeddyBeer""]","[""PsychoFlux Entertainment""]",False,True,False,False,,2025-11
3993060,Gamblers Chess,2025-11-21,2025-11-21,2025-11-21,False,"[""PixelatedCouchCoding""]","[""PixelatedCouchCoding""]",False,True,False,False,,2025-11
4019450,OROBOROS,2025-11-21,2025-11-21,2025-11-21,False,"[""Blay Games""]","[""Blay Games""]",False,True,True,True,,2025-11
4028620,Alibi for love,2025-11-21,2025-11-21,2025-11-21,False,"[""边勿""]","[""边勿""]",False,True,False,False,,2025-11
4091700,Max’s Adventures: Christmas Edition,2025-11-21,2025-11-21,2025-11-21,False,"[""J Indie Games""]","[""J Indie Games""]",False,True,True,False,,2025-11
4104260,Tidy Up,2025-11-21,2025-11-21,2025-11-21,False,"[""GameShock""]","[""GameShock""]",False,True,False,False,,2025-11
4139030,发现时代 Age Of Discovery,2025-11-21,2025-11-21,2025-11-21,False,"[""PuTianZhiXia""]","[""PuTianZhiXia""]",False,True,True,False,,2025-11
4143570,Black Signal,2025-11-21,2025-11-21,2025-11-21,False,"[""Matthew Lalande""]","[""Dualbooted""]",False,True,True,False,,2025-11
4162280,Sad Virus Forest,2025-11-21,2025-11-21,2025-11-21,False,"[""ZERO5GAMES""]","[""ZERO5GAMES""]",False,True,False,False,,2025-11
2635670,Cycle Idle RPG,2025-11-22,2025-11-22,2025-11-22,False,"[""Leafcutter""]","[""Leafcutter Studios""]",True,True,False,False,,2025-11
3220260,Hexachess,2025-11-22,2025-11-22,2025-11-22,False,"[""Tricky Chaos""]","[""Tricky Chaos""]",False,True,False,False,,2025-11
3973790,The Last Detour,2025-11-22,2025-11-22,2025-11-22,False,"[""Sólymos Dávid""]","[""Sólymos Dávid""]",False,True,False,False,,2025-11
4000360,Red Chair,2025-11-22,2025-11-22,2025-11-22,False,"[""RedChair Gameworks""]","[""RedChair Gameworks""]",False,True,False,False,,2025-11
4151420,Santa with Gun,2025-11-22,2025-11-22,2025-11-22,False,"[""Michael Frankenhäuser""]","[""Michael Frankenhäuser""]",False,True,False,False,,2025-11
2143760,Her Name,2025-11-23,2025-11-23,2025-11-23,False,"[""Flying Butter""]","[""Flying Butter""]",False,True,False,False,,2025-11
3431340,Call of Ponchy : Mahjong Warfare,2025-11-23,2025-11-23,2025-11-23,False,"[""デジメカ製作所""]","[""デジメカ製作所""]",False,True,False,False,,2025-11
3561170,Leaks In Space,2025-11-23,2025-11-23,2025-11-23,False,"[""Frostech Game Studio""]","[""Frostech Game Studio""]",False,True,False,True,,2025-11
4092400,Humerous (REBOOT),2025-11-23,2025-11-23,2025-11-23,False,"[""Mimeface""]","[""Mimeface""]",False,True,False,False,,2025-11
4140140,Pernicious,2025-11-23,2025-11-23,2025-11-23,False,"[""sdaj""]","[""sdaj""]",False,True,False,False,,2025-11
1817500,Abandoned Archive,2025-11-24,2025-11-24,2025-11-24,False,"[""Vedal""]","[""Vedal""]",False,True,True,True,,2025-11
2357350,Primal Fray,2025-11-24,2025-11-24,2025-11-24,False,"[""Imago""]","[""Indie Games Starter""]",False,True,False,False,,2025-11
2725250,Nientum - Op.ZERO,2025-11-24,2025-11-24,2025-11-24,False,"[""QueseraGames""]","[""QueseraGames""]",False,True,False,False,,2025-11
2893820,Of Ash and Steel,2025-11-24,2025-11-24,2025-11-24,False,"[""Fire & Frost""]","[""tinyBuild""]",False,True,False,False,,2025-11
2985450,Umigame,2025-11-24,2025-11-24,2025-11-24,False,"[""Nimblegames""]","[""Nimblegames"",""Phoenix Game""]",False,True,False,False,,2025-11
3369700,The Tower of Eden,2025-11-24,2025-11-24,2025-11-24,False,"[""Chris-Emio Raymond""]","[""Chris-Emio Raymond""]",False,True,False,False,,2025-11
3686580,Repel The Rifts,2025-11-24,2025-11-24,2025-11-24,False,"[""RefinedBearGames""]","[""Goblinz Publishing"",""WR game""]",False,True,False,True,,2025-11
3745850,Luna & Sol: Nightmare Ward,2025-11-24,2025-11-24,2025-11-24,False,"[""PLAY Mephistowaltz""]","[""PLAY Mephistowaltz""]",False,True,False,False,,2025-11
3877790,Hunter's Moon: A Sovereign Syndicate Adventure,2025-11-24,2025-11-24,2025-11-24,False,"[""Crimson Herring Studios""]","[""Zugalu Entertainment"",""Gamersky Games""]",False,True,False,False,,2025-11
3914200,Even20: The Interference of Parallels,2025-11-24,2025-11-24,2025-11-24,False,"[""SilverEyes""]","[""Wisdom Games Publishing"",""RMAsia""]",False,True,True,False,,2025-11
4000040,Rusted Flesh,2025-11-24,2025-11-24,2025-11-24,False,"[""BurgerBurk""]","[""BurgerBurk""]",False,True,False,False,,2025-11
4055950,Curved World,2025-11-24,2025-11-24,2025-11-24,False,"["" Ituki Ebina""]","["" Ituki Ebina""]",False,True,False,False,,2025-11
4105570,FUSHA2  Nocturnal Fishing,2025-11-24,2025-11-24,2025-11-24,False,"[""1号观测员"",""2号观测员""]","[""世界观测站""]",False,True,False,False,,2025-11
4131140,TheParcelEscape,2025-11-24,2025-11-24,2025-11-24,False,"[""Michi Games""]","[""Michi Games""]",False,True,False,False,,2025-11
4163080,Unlimited Farm Tycoon - Cozy Idle Farm Game,2025-11-24,2025-11-24,2025-11-24,False,"[""Musa GUNGOR""]","[""Musa GUNGOR""]",False,True,False,False,,2025-11
2128430,Seven Seas: Adventures,2025-11-25,2025-11-25,2025-11-25,False,"[""Concept Games""]","[""Concept Games""]",False,True,False,False,,2025-11
2297590,Glory Hunters,2025-11-25,2025-11-25,2025-11-25,False,"[""2think design studio"",""Ogre Pixel""]","[""2think design studio""]",False,True,True,True,,2025-11
2319790,Captain Wayne - Vacation Desperation,2025-11-25,2025-11-25,2025-11-25,False,"[""Ciaran Games LLC""]","[""Silver Lining Interactive""]",False,True,False,False,,2025-11
2359270,Bravest Chicken,2025-11-25,2025-11-25,2025-11-25,False,"[""Frajda Games""]","[""Frajda Games""]",False,True,True,True,,2025-11
2695430,A.I.L.A,2025-11-25,2025-11-25,2025-11-25,False,"[""Pulsatrix Studios""]","[""Fireshine Games"",""The Iterative Collective""]",False,True,False,False,,2025-11
2823790,Casino Management Simulator,2025-11-25,2025-11-25,2025-11-25,False,"[""BroxStudios""]","[""BroxStudios""]",False,True,False,False,,2025-11
2835650,Randomice,2025-11-25,2025-11-25,2025-11-25,False,"[""Videoludid""]","[""Abiding Bridge""]",False,True,False,False,,2025-11
3143570,Holy Valkyrie EXS-TiA: Concerto 1,2025-11-25,2025-11-25,2025-11-25,False,"[""Lusterise""]","[""Shiravune""]",False,True,False,False,,2025-11
3200220,Red Rogue Sea,2025-11-25,2025-11-25,2025-11-25,False,"[""Firemage Studios""]","[""Firemage Studios"",""Phoenix Game""]",False,True,False,True,,2025-11
3202430,Tiny Devils,2025-11-25,2025-11-25,2025-11-25,False,"[""ENIGMA STUDIO Sarl""]","[""ENIGMA STUDIO Sarl""]",False,True,False,False,,2025-11
3234170,CyCall,2025-11-25,2025-11-25,2025-11-25,False,"[""PzGames""]","[""PzGames""]",False,True,False,False,,2025-11
3428520,Escape If You Can,2025-11-25,2025-11-25,2025-11-25,False,"[""SERLO""]","[""SERLO""]",False,True,False,False,,2025-11
3674970,Colony 19,2025-11-25,2025-11-25,2025-11-25,False,"[""Zane Shan"",""Liza Gitelman"",""Riley Fink"",""James Yim"",""Mika Peer Shalem"",""James Milestone"",""Cole Falxa"",""Andrew Byi"",""Thurmann Panglinan"",""Charlie Pollock"",""Kayla Barker"",""Sean 'Matronix' Barnwell"",""Ikenna"",""AJ Rivas""]","[""UCSC Games""]",True,True,False,False,,2025-11
3709790,Zerowake GATES,2025-11-25,2025-11-25,2025-11-25,False,"[""Storytaco""]","[""Storytaco""]",True,True,False,False,,2025-11
4057000,遥豊のサレテ,2025-11-25,2025-11-25,2025-11-25,False,"[""機世語堂""]","[""機世語堂""]",False,True,False,False,,2025-11
4132780,on Titan,2025-11-25,2025-11-25,2025-11-25,False,"[""Aleksandr Akimov""]","[""xankim""]",False,True,False,False,,2025-11
4132800,BLADE.EXE,2025-11-25,2025-11-25,2025-11-25,False,"[""Black Flag Studios""]","[""Black Flag Studios""]",False,True,False,False,,2025-11
2656440,Knight Case Files,2025-11-26,2025-11-26,2025-11-26,False,"[""Hyoukan Studio""]","[""Kaguya Project""]",False,True,False,False,,2025-11
2689930,"Detective Instinct: Farewell, My Beloved",2025-11-26,2025-11-26,2025-11-26,False,"[""Armonica LLC""]","[""Armonica LLC""]",False,True,False,False,,2025-11
2905650,Chaos Pieces,2025-11-26,2025-11-26,2025-11-26,False,"[""Suzuki Ken""]","[""Suzuki Ken""]",False,True,True,False,,2025-11
2937770,Bubble Bobble Sugar Dungeons Boosted,2025-11-26,2025-11-26,2025-11-26,False,"[""TAITO CORP.""]","[""TAITO CORP."",""Arc System Works""]",False,True,False,False,,2025-11
3184990,The Occult Detective,2025-11-26,2025-11-26,2025-11-26,False,"[""Battlecry Studio""]","[""Battlecry Studio""]",False,True,False,False,,2025-11
3342800,Ghostwriter Workshop,2025-11-26,2025-11-26,2025-11-26,False,"[""秘密結社マテンロウ計画"",""Studio Dragonet""]","[""Waku Waku Games""]",False,True,False,False,,2025-11
3499270,An Imp and an Impostor,2025-11-26,2025-11-26,2025-11-26,False,"[""Choice of Games""]","[""Choice of Games""]",False,True,True,True,,2025-11
3555840,Space Crash Simulator,2025-11-26,2025-11-26,2025-11-26,False,"[""WPC""]","[""WPC""]",False,True,True,False,,2025-11
3621210,Museum Magnate,2025-11-26,2025-11-26,2025-11-26,False,"[""Three Dragons s.r.o.""]","[""Three Dragons s.r.o.""]",False,True,False,False,,2025-11
3822100,In Arrears,2025-11-26,2025-11-26,2025-11-26,False,"[""Offensive Ideas Studio""]","[""Offensive Ideas Studio""]",False,True,False,False,,2025-11
3898680,WZRDS,2025-11-26,2025-11-26,2025-11-26,False,"[""Elmok""]","[""Elmok""]",False,True,False,False,,2025-11
3979880,Secret File,2025-11-26,2025-11-26,2025-11-26,False,"[""Igrik Studios""]","[""Igrik Studios""]",False,True,False,False,,2025-11
4022150,Gnomes on the Roam,2025-11-26,2025-11-26,2025-11-26,False,"[""jjarhead24""]","[""jjarhead24""]",True,True,False,False,,2025-11
4042100,Boomerang Survivor Collection,2025-11-26,2025-11-26,2025-11-26,False,"[""RAMUNE SPARK""]","[""RAMUNE SPARK""]",False,True,False,False,,2025-11
4125970,Pixel Game Maker Series Stray Witch and the Ghost Train,2025-11-26,2025-11-26,2025-11-26,False,"[""KIMAMASEISAKUSYO""]","[""Gotcha Gotcha Games""]",False,True,False,False,,2025-11
4134640,A Date With Yuika,2025-11-26,2025-11-26,2025-11-26,False,"[""Feeling Potion""]","[""Feeling Potion""]",False,True,True,False,,2025-11
4144840,Doctor Visit,2025-11-26,2025-11-26,2025-11-26,False,"[""Feeling Potion""]","[""Feeling Potion""]",False,True,True,False,,2025-11
4160960,EGGMART,2025-11-26,2025-11-26,2025-11-26,False,"[""Emre Şahin""]","[""Survivillage""]",False,True,False,False,,2025-11
1644700,Magic Boy,2025-11-27,2025-11-27,2025-11-27,False,"[""Blue Turtle""]","[""Strategy First""]",False,True,False,False,,2025-11
1699230,Hail to the Rainbow,2025-11-27,2025-11-27,2025-11-27,False,"[""Носков Сергей""]","[""Носков Сергей""]",False,True,False,False,,2025-11
1711790,Knight of the Lions,2025-11-27,2025-11-27,2025-11-27,False,"[""Eugene Zubko""]","[""Eugene Zubko""]",False,True,False,False,,2025-11
1829920,Aluna Rift,2025-11-27,2025-11-27,2025-11-27,False,"[""Ben Lowther-Saul""]","[""digiggle Games""]",False,True,False,False,,2025-11
1941370,Dancin' Divas,2025-11-27,2025-11-27,2025-11-27,False,"[""MrPr1993""]","[""Shady Corner Games""]",False,True,False,False,,2025-11
2124150,Skirmish Mayhem,2025-11-27,2025-11-27,2025-11-27,False,"[""Netherbell""]","[""Netherbell""]",False,True,False,False,,2025-11
2296120,Dreadstone Keep,2025-11-27,2025-11-27,2025-11-27,False,"[""Crit42 Studio""]","[""GoGo Games Interactive""]",False,True,False,False,,2025-11
2597810,Afallon,2025-11-27,2025-11-27,2025-11-27,False,"[""Stargazing interactive""]","[""Stargazing interactive""]",False,True,False,False,,2025-11
2794390,Pinono and the magic fiddle,2025-11-27,2025-11-27,2025-11-27,False,"[""helomiux""]","[""helomiux""]",False,True,False,False,,2025-11
3034350,Niraya of ■■,2025-11-27,2025-11-27,2025-11-27,False,"[""HEXADRIVE Inc.""]","[""HEXADRIVE Inc.""]",False,True,False,False,,2025-11
3086580,LOST EMBER: Rekindled Edition,2025-11-27,2025-11-27,2025-11-27,False,"[""Mooneye Studios""]","[""Mooneye Studios""]",False,True,False,False,,2025-11
3293180,Slingshot Pilot,2025-11-27,2025-11-27,2025-11-27,False,"[""Denis Selensky""]","[""Denis Selensky""]",False,True,False,True,,2025-11
3354220,Comic Book Store Simulator,2025-11-27,2025-11-27,2025-11-27,False,"[""Akhir Pekan Studio""]","[""PlayWay S.A.""]",False,True,False,False,,2025-11
3427870,"I Will Never Fall For My Tsundere Classmate, So I Will Just Date A Background Character Instead!",2025-11-27,2025-11-27,2025-11-27,False,"[""Kaijoseisoft""]","[""Kaijoseisoft""]",True,True,True,True,,2025-11
3456230,Dotu,2025-11-27,2025-11-27,2025-11-27,False,"[""Chicken Undercover""]","[""Chicken Undercover""]",False,True,False,False,,2025-11
3538680,Hiroshi,2025-11-27,2025-11-27,2025-11-27,False,"[""SpaguettiGames""]","[""SpaguettiGames""]",False,True,False,False,,2025-11
3553930,MeCatVR,2025-11-27,2025-11-27,2025-11-27,False,"[""PAFI Games""]","[""PAFI Games""]",True,True,False,False,,2025-11
3578960,Wave Leads You...,2025-11-27,2025-11-27,2025-11-27,False,"[""powder""]","[""powder""]",False,True,False,False,,2025-11
3668910,ddz Online,2025-11-27,2025-11-27,2025-11-27,False,"[""zxck""]","[""zxck""]",True,True,False,False,,2025-11
3751210,Infinite Lives,2025-11-27,2025-11-27,2025-11-27,False,"[""MDickie""]","[""MDickie""]",False,True,False,False,,2025-11
3814680,Huntsman,2025-11-27,2025-11-27,2025-11-27,False,"[""OnTheHouse Studios""]","[""Ten Image Publishing""]",False,True,False,False,,2025-11
3825890,MELON PARKER -We are Whatever Club!-,2025-11-27,2025-11-27,2025-11-27,False,"[""CyberStep, Inc.""]","[""CyberStep, Inc."",""Rabbitfoot""]",False,True,False,False,,2025-11
3882730,PANOPTYCA : Idle RPG Manager,2025-11-27,2025-11-27,2025-11-27,False,"[""Tesseract Studio"",""Nugem Studio""]","[""Tesseract Studio"",""Nugem Studio""]",True,True,False,False,,2025-11
3895980,The Case of the Catacombs: A Tale from Atruxia,2025-11-27,2025-11-27,2025-11-27,False,"[""Magic Moon Games""]","[""Magic Moon Games""]",False,True,True,True,,2025-11
3902830,How I Flex with AI,2025-11-27,2025-11-27,2025-11-27,False,"[""Pandaren""]","[""Pandaren""]",False,True,False,False,,2025-11
3926240,Little island,2025-11-27,2025-11-27,2025-11-27,False,"[""Fantasy Vortex""]","[""Fantasy Vortex""]",False,True,False,False,,2025-11
3981060,The Vanishing Train | ワンマン列車,2025-11-27,2025-11-27,2025-11-27,False,"[""RAYBIS GAMES""]","[""RAYBIS GAMES""]",False,True,False,False,,2025-11
4037960,hilda,2025-11-27,2025-11-27,2025-11-27,False,"[""sadFloppy""]","[""Garage 5"",""Kurki.Games""]",False,True,True,True,,2025-11
4048960,Mysteerie,2025-11-27,2025-11-27,2025-11-27,False,"[""Mallow Games""]","[""Mallow Games""]",False,True,False,False,,2025-11
4113470,魔王跳 《More Jump》,2025-11-27,2025-11-27,2025-11-27,False,"[""弦外之境""]","[""弦外之境""]",False,True,False,False,,2025-11
4129690,Veteran Racer,2025-11-27,2025-11-27,2025-11-27,False,"[""Veteran Racer Corp""]","[""Veteran Racer Corp""]",False,True,False,False,,2025-11
4147730,Survivors of Cloudacre,2025-11-27,2025-11-27,2025-11-27,False,"[""Zuul""]","[""Zuul""]",False,True,False,False,,2025-11
4148020,Desktop Dream Car,2025-11-27,2025-11-27,2025-11-27,False,"[""Desktop Dream Car""]","[""Snake Game""]",False,True,False,False,,2025-11
4162270,Poop Game【Suika-Style Falling Puzzle】,2025-11-27,2025-11-27,2025-11-27,False,"[""dejiworks4649""]","[""dejiworks4649""]",False,True,False,False,,2025-11
4164370,"JU,QI,PAO",2025-11-27,2025-11-27,2025-11-27,False,"[""123Game""]","[""123Game""]",False,True,False,False,,2025-11
4174530,UsadaMAZE,2025-11-27,2025-11-27,2025-11-27,False,"[""UNCHIFIREFLY""]","[""UNCHIFIREFLY""]",False,True,False,False,,2025-11
2076520,Death In Abyss,2025-11-28,2025-11-28,2025-11-28,False,"[""Agelvik""]","[""Agelvik""]",False,True,False,False,,2025-11
2705860,Sound of Horses,2025-11-28,2025-11-28,2025-11-28,False,"[""Vanilla Sky Productions AB""]","[""Vanilla Sky Productions AB""]",False,True,False,False,,2025-11
3022560,The Banker Tycoon,2025-11-28,2025-11-28,2025-11-28,False,"[""Lunatic Eclipse Studio""]","[""Lunatic Eclipse Studio""]",False,True,False,False,,2025-11
3384840,Blacksmith Simulator,2025-11-28,2025-11-28,2025-11-28,False,"[""GalaxyVerse""]","[""GalaxyVerse""]",False,True,False,False,,2025-11
3476730,Killer Chat! - Original Edition,2025-11-28,2025-11-28,2025-11-28,False,"[""rosesrot""]","[""angelrot games""]",True,True,True,True,,2025-11
3529380,Carrotour,2025-11-28,2025-11-28,2025-11-28,False,"[""lì tŕ"",""Eastern"",""Arian""]","[""lì tŕ"",""Eastern"",""Arian""]",False,True,True,True,,2025-11
3679570,Screen Greens,2025-11-28,2025-11-28,2025-11-28,False,"[""PlayfulFoxStudio""]","[""PlayfulFoxStudio""]",False,True,False,False,,2025-11
3822720,Deepest Well,2025-11-28,2025-11-28,2025-11-28,False,"[""Smoking Cartridge""]","[""Smoking Cartridge""]",False,True,False,False,,2025-11
3852230,Path of the Bogatyr,2025-11-28,2025-11-28,2025-11-28,False,"[""RUzura Interactive""]","[""Flex Turtle""]",False,True,False,False,,2025-11
3854990,TryAngle: Shapes Warfare,2025-11-28,2025-11-28,2025-11-28,False,"[""Occasional Gamer Studios""]","[""Occasional Gamer Studios""]",False,True,False,False,,2025-11
3870020,Phil in the Mirror,2025-11-28,2025-11-28,2025-11-28,False,"[""Lunanod""]","[""Lunanod""]",False,True,False,False,,2025-11
3902710,One Rotten Oath,2025-11-28,2025-11-28,2025-11-28,False,"[""Piotr Bunkowski""]","[""Piotr Bunkowski""]",False,True,False,False,,2025-11
3906110,FEED MY MECH,2025-11-28,2025-11-28,2025-11-28,False,"[""TheManiacMartian""]","[""TheManiacMartian""]",False,True,False,False,,2025-11
3966870,Liminal Explorer,2025-11-28,2025-11-28,2025-11-28,False,"[""compact""]","[""compact""]",False,True,False,False,,2025-11
3982060,Ark of Isolation,2025-11-28,2025-11-28,2025-11-28,False,"[""TeddyBeer""]","[""PsychoFlux Entertainment""]",False,True,False,False,,2025-11
4041280,For Humanity,2025-11-28,2025-11-28,2025-11-28,False,"[""Wildfire IGS""]","[""Wildfire IGS""]",False,True,False,False,,2025-11
4052020,Trigwa,2025-11-28,2025-11-28,2025-11-28,False,"[""CD-REV""]","[""CD-REV""]",False,True,False,False,,2025-11
4076470,La Fille aux Pommes / The Apple Girl,2025-11-28,2025-11-28,2025-11-28,False,"[""Gud91""]","[""Gud91""]",False,True,False,False,,2025-11
4080150,Y.E.L.L.,2025-11-28,2025-11-28,2025-11-28,False,"[""Y.E.L.L. Crew""]","[""Seraum Games""]",False,True,False,False,,2025-11
4097500,AI UPRISING,2025-11-28,2025-11-28,2025-11-28,False,"[""DMG Studios""]","[""DMG Studios""]",False,True,True,False,,2025-11
4138560,devasion 0.5,2025-11-28,2025-11-28,2025-11-28,False,"[""z-i-r.de""]","[""z-i-r.de""]",True,True,False,False,,2025-11
4149960,Dead Feed,2025-11-28,2025-11-28,2025-11-28,False,"[""SolitaryStudios""]","[""SolitaryStudios""]",False,True,False,False,,2025-11
4161490,Tatvalok,2025-11-28,2025-11-28,2025-11-28,False,"[""Suryansh Garg""]","[""Suryansh Garg""]",False,True,False,False,,2025-11
4162160,新盗墓笔记（南派三叔正版授权）,2025-11-28,2025-11-28,2025-11-28,False,"[""大侠工作室""]","[""大侠工作室""]",True,True,False,False,,2025-11
4162750,GogRun,2025-11-28,2025-11-28,2025-11-28,False,"[""Cockroach Studio""]","[""Cockroach Studio""]",False,True,False,False,,2025-11
4178160,Janky Golf with Stream,2025-11-28,2025-11-28,2025-11-28,False,"[""Ayrton Alexis""]","[""Ayrton Alexis®""]",True,True,False,False,,2025-11
2377720,Super Power Racing,2025-11-29,2025-11-29,2025-11-29,False,"[""Monster Finger Games""]","[""Monster Finger Games""]",False,True,False,False,,2025-11
3381290,LIBRA: There Are Two,2025-11-29,2025-11-29,2025-11-29,False,"[""Blue Inc""]","[""Blue Inc""]",False,True,True,True,,2025-11
3940500,Manekin: The Lost Island,2025-11-29,2025-11-29,2025-11-29,False,"[""HllBs""]","[""HllBs""]",False,True,False,False,,2025-11
4062770,SUBJECT 33,2025-11-29,2025-11-29,2025-11-29,False,"[""Matei Mihai""]","[""PIXELWAVE GAMES""]",False,True,False,False,,2025-11
4131200,Tippy's Quest,2025-11-29,2025-11-29,2025-11-29,False,"[""Tippy""]","[""Tippy Games""]",True,True,False,False,,2025-11
4172680,Skinwalkers Valley,2025-11-29,2025-11-29,2025-11-29,False,"[""Fireplay Studio""]","[""Fireplay Studio""]",False,True,False,False,,2025-11
2174300,Piczle World of Puzzles,2025-11-30,2025-11-30,2025-11-30,False,"[""Score Studios LLC""]","[""Score Studios LLC""]",True,True,False,False,,2025-11
2875240,iRboth Original intention and first sin,2025-11-30,2025-11-30,2025-11-30,False,"[""UK""]","[""UK""]",False,True,False,False,,2025-11
2892560,AO: Containment Breach,2025-11-30,2025-11-30,2025-11-30,False,"[""Prismatix-""]","[""Prismatix-""]",False,True,False,False,,2025-11
3227670,My Daughter In Family Ai,2025-11-30,2025-11-30,2025-11-30,False,"[""AI GAME STUDIO""]","[""AI GAME STUDIO""]",False,True,False,False,,2025-11
3428430,Deep Sea Heroes,2025-11-30,2025-11-30,2025-11-30,False,"[""Soul Coffee Game Studio's""]","[""Soul Coffee Game Studio's""]",False,True,False,False,,2025-11
3857830,Ball Tag,2025-11-30,2025-11-30,2025-11-30,False,"[""Hand Flip Studios""]","[""Hand Flip Studios""]",True,True,False,False,,2025-11
3894070,A Pirate Game About Digging For Treasure And Getting Drunk,2025-11-30,2025-11-30,2025-11-30,False,"[""Benito Moises Monagas Rosario""]","[""Benito Moises Monagas Rosario""]",False,True,False,False,,2025-11
3961740,PaJinko,2025-11-30,2025-11-30,2025-11-30,False,"[""Erenyx""]","[""Erenyx""]",False,True,True,False,,2025-11
4008740,Cython Cat,2025-11-30,2025-11-30,2025-11-30,False,"[""Tiny Void"",""PopSplash Games""]","[""Tiny Void"",""PopSplash Games""]",True,True,True,True,,2025-11
4029000,YKick,2025-11-30,2025-11-30,2025-11-30,False,"[""LevelZeroCore""]","[""LevelZeroCore""]",False,True,False,False,,2025-11
4104830,Calvin's Gallery,2025-11-30,2025-11-30,2025-11-30,False,"[""Crimson""]","[""Crimson""]",False,True,False,False,,2025-11
4128150,The Riese Project,2025-11-30,2025-11-30,2025-11-30,False,"[""MasashigeDev""]","[""MasashigeDev""]",False,True,False,False,,2025-11
4162240,圈套scheme,2025-11-30,2025-11-30,2025-11-30,False,"[""GAOPENG""]","[""GAOPENG""]",False,True,False,False,,2025-11
1961850,Toroban,2025-12-01,2025-12-01,2025-12-01,False,"[""Hebert Games LLC""]","[""Hebert Games LLC""]",False,True,True,True,,2025-12
2467850,Wild Growth,2025-12-01,2025-12-01,2025-12-01,False,"[""Cuddle Monster Games""]","[""Cuddle Monster Games""]",False,True,True,False,,2025-12
2860870,MonoRace,2025-12-01,2025-12-01,2025-12-01,False,"[""SIA BASE LOGIC""]","[""SIA BASE LOGIC""]",False,True,False,False,,2025-12
3119050,Obfuscation,2025-12-01,2025-12-01,2025-12-01,False,"[""mid1224""]","[""mid1224""]",False,True,False,False,,2025-12
3134570,Sorcerer's Servant,2025-12-01,2025-12-01,2025-12-01,False,"[""2202GAMES,LLC""]","[""2202GAMES,LLC""]",False,True,True,False,,2025-12
3226580,Monsters & Magics: Digital Card Game,2025-12-01,2025-12-01,2025-12-01,False,"[""Vestri the Dwarf""]","[""Vestri the Dwarf""]",False,True,False,True,,2025-12
3391200,Snowman Mo,2025-12-01,2025-12-01,2025-12-01,False,"[""Stickerbush Studios""]","[""Stickerbush Studios""]",False,True,True,False,,2025-12
3629780,Tingus Goose,2025-12-01,2025-12-01,2025-12-01,False,"[""SweatyChair""]","[""Playsaurus"",""UltraPlayers""]",False,True,True,False,,2025-12
3771610,Flee the fallen,2025-12-01,2025-12-01,2025-12-01,False,"[""AM Playhouse""]","[""GameEon Studios""]",False,True,True,False,,2025-12
3817040,Simogo Legacy Collection,2025-12-01,2025-12-01,2025-12-01,False,"[""Simogo""]","[""Simogo""]",False,True,False,True,,2025-12
3870780,Nekurogahara: Ronin Psyche,2025-12-01,2025-12-01,2025-12-01,False,"[""n1lknarf""]","[""ExoticaMachina""]",False,True,False,False,,2025-12
3937580,Manipulation,2025-12-01,2025-12-01,2025-12-01,False,"[""Creative Guild LLC""]","[""Creative Guild LLC""]",False,True,True,True,,2025-12
3939080,Ironwood Conquest,2025-12-01,2025-12-01,2025-12-01,False,"[""MrMero""]","[""MrMero""]",False,True,False,False,,2025-12
4050190,Speed Tactic Ninja,2025-12-01,2025-12-01,2025-12-01,False,"[""Helmi Blub""]","[""Helmi Blub""]",False,True,False,True,,2025-12
4050690,GRIBOUILLE,2025-12-01,2025-12-01,2025-12-01,False,"[""HYJAZI""]","[""HYJAZI""]",False,True,False,False,,2025-12
4056470,Rhythm Ball,2025-12-01,2025-12-01,2025-12-01,False,"[""Yntoo""]","[""Yntoo""]",False,True,False,False,,2025-12
4105120,[omni-dissonance],2025-12-01,2025-12-01,2025-12-01,False,"[""Mars Bacon LLC""]","[""Mars Bacon LLC""]",False,True,False,False,,2025-12
4109440,"It's Not You, It's M.E",2025-12-01,2025-12-01,2025-12-01,False,"[""Closed Forum""]","[""Closed Forum""]",False,True,False,False,,2025-12
4129000,Yuletide Regicide,2025-12-01,2025-12-01,2025-12-01,False,"[""Valtteri Tavast""]","[""Instant Million""]",True,True,False,False,,2025-12
4129410,Twistingo: Tree of Life Collector’s Edition,2025-12-01,2025-12-01,2025-12-01,False,"[""MixoGames Ltd.""]","[""MixoGames Ltd.""]",False,True,True,False,,2025-12
4148960,Seven Scarecrows,2025-12-01,2025-12-01,2025-12-01,False,"[""Two Cypresses""]","[""Two Cypresses""]",False,True,False,False,,2025-12
4158430,Linker Vibe,2025-12-01,2025-12-01,2025-12-01,False,"[""Sinirain""]","[""Sinirain""]",False,True,False,False,,2025-12
4160320,Pigment,2025-12-01,2025-12-01,2025-12-01,False,"[""David Stears""]","[""David Stears""]",True,True,False,False,,2025-12
4171330,Miracle Vibe Show VR,2025-12-01,2025-12-01,2025-12-01,False,"[""Kristina Mikh""]","[""Kristina Mikh""]",False,True,False,False,,2025-12
2117370,Mad World Survivors,2025-12-02,2025-12-02,2025-12-02,False,"[""BadWolf Games""]","[""BadWolf Games""]",False,True,False,False,,2025-12
2192780,Grimdark Survivors,2025-12-02,2025-12-02,2025-12-02,False,"[""Hityara games""]","[""Hityara games""]",False,True,False,False,,2025-12
2446540,SLEEP AWAKE,2025-12-02,2025-12-02,2025-12-02,False,"[""EYES OUT, LLC.""]","[""Blumhouse Games""]",False,True,False,False,,2025-12
2552750,Dark Ride: The Feline Fix,2025-12-02,2025-12-02,2025-12-02,False,"[""Paleozoic""]","[""Entermotion""]",False,True,False,False,,2025-12
3125370,There Is No Escape,2025-12-02,2025-12-02,2025-12-02,False,"[""Retrowave Studios""]","[""Retrowave Studios""]",True,True,False,False,,2025-12
3463700,GameOn!,2025-12-02,2025-12-02,2025-12-02,False,"[""Plum Multimedia""]","[""Plum Multimedia""]",False,True,False,False,,2025-12
3614630,Santa's Last Stand,2025-12-02,2025-12-02,2025-12-02,False,"[""DeathWishGames""]","[""DeathWishGames""]",False,True,False,False,,2025-12
3628600,Luft Gears,2025-12-02,2025-12-02,2025-12-02,False,"[""Cestmir Kocian""]","[""Cestmir Kocian""]",False,True,False,False,,2025-12
3705340,Claviator,2025-12-02,2025-12-02,2025-12-02,False,"[""Zero Inches""]","[""Zero Inches""]",False,True,True,False,,2025-12
3713090,Animal Run Relay,2025-12-02,2025-12-02,2025-12-02,False,"[""youdoyou.motto""]","[""youdoyou.motto""]",False,True,False,False,,2025-12
3717700,Off World Racing,2025-12-02,2025-12-02,2025-12-02,False,"[""Off World Racing Company""]","[""Off World Racing Company""]",False,True,False,False,,2025-12
3729030,Sweet Chaos,2025-12-02,2025-12-02,2025-12-02,False,"[""Eigen-Kreationen Game Studios""]","[""Eigen-Kreationen Game Studios""]",False,True,False,False,,2025-12
3770260,Rolling Rumble,2025-12-02,2025-12-02,2025-12-02,False,"[""VortexForge""]","[""VortexForge""]",False,True,False,False,,2025-12
3812200,Truck City,2025-12-02,2025-12-02,2025-12-02,False,"[""Mikel Fernandez""]","[""Mikel Fernandez""]",False,True,True,True,,2025-12
3897310,みんなで Physical TRAIN ～チャムランド国営鉄道～,2025-12-02,2025-12-02,2025-12-02,False,"[""Cham-gaming""]","[""Cham-gaming""]",False,True,False,False,,2025-12
3915220,Love Too Easily 2: Summer Pocha,2025-12-02,2025-12-02,2025-12-02,False,"["" Monster Guide Inc.""]","[""Smilegate""]",False,True,False,False,,2025-12
3948650,Breathbound,2025-12-02,2025-12-02,2025-12-02,False,"[""十年""]","[""十年""]",False,True,False,False,,2025-12
3966170,Type Drivers,2025-12-02,2025-12-02,2025-12-02,False,"[""Toonik Games""]","[""Toonik Games""]",False,True,False,False,,2025-12
4093550,熵减协议-The Entropy Directive,2025-12-02,2025-12-02,2025-12-02,False,"[""xk studio""]","[""xk studio""]",False,True,False,False,,2025-12
4111490,Dual Magic Universe:YONG XINGYING,2025-12-02,2025-12-02,2025-12-02,False,"[""ZHAO XINYI""]","[""ZHAO XINYI""]",False,True,False,False,,2025-12
4133980,Bazterka - Urik Gabeko Herria,2025-12-02,2025-12-02,2025-12-02,False,"[""Ekialdeko Estudioa""]","[""Ekialdeko Estudioa""]",False,True,False,False,,2025-12
4150680,拾光绘喵 Paws & Pastels,2025-12-02,2025-12-02,2025-12-02,False,"[""ZHU YING""]","[""ZHU YIN""]",False,True,False,False,,2025-12
4164340,Sakushapara Baseball,2025-12-02,2025-12-02,2025-12-02,False,"[""Sakushapara""]","[""Sakushapara""]",False,True,False,False,,2025-12
4168750,One More 6ix,2025-12-02,2025-12-02,2025-12-02,False,"[""Crazish Games""]","[""Crazish Games""]",False,True,True,False,,2025-12
1891030,Dummy Dungeon,2025-12-03,2025-12-03,2025-12-03,False,"[""Dummy Games""]","[""Dummy Games""]",False,True,False,False,,2025-12
2376990,Meduziak,2025-12-03,2025-12-03,2025-12-03,False,"[""Fieldfare Studios""]","[""Fieldfare Studios""]",False,True,False,False,,2025-12
2692990,DON'T SCREAM TOGETHER,2025-12-03,2025-12-03,2025-12-03,False,"[""Digital Cybercherries""]","[""Digital Cybercherries""]",False,True,False,False,,2025-12
2834520,Typing Tales,2025-12-03,2025-12-03,2025-12-03,False,"[""Ludi Elemental""]","[""Ludi Elemental""]",True,True,False,False,,2025-12
3024370,NebuLeet,2025-12-03,2025-12-03,2025-12-03,False,"[""quasilyte""]","[""quasilyte tech""]",False,True,True,True,,2025-12
3098170,Titans of the Past,2025-12-03,2025-12-03,2025-12-03,False,"[""Devil's Dozen Games""]","[""Devil's Dozen Games""]",False,True,False,False,,2025-12
3275460,Five Mysterious Murders,2025-12-03,2025-12-03,2025-12-03,False,"[""Silencer""]","[""Silencer""]",False,True,False,False,,2025-12
3684910,Super Pinball Adventure,2025-12-03,2025-12-03,2025-12-03,False,"[""tombasche""]","[""tombasche""]",False,True,True,False,,2025-12
3736190,TUM TUM TUM: Dance Party,2025-12-03,2025-12-03,2025-12-03,False,"[""DrSillystein""]","[""DrSillystein""]",True,True,False,False,,2025-12
3923980,Holo ADV: SakuraSingularity.exe,2025-12-03,2025-12-03,2025-12-03,False,"[""Lexilia Games""]","[""holo Indie""]",False,True,False,False,,2025-12
3937360,Ocean Keeper Co-op Drill Multiplayer,2025-12-03,2025-12-03,2025-12-03,False,"[""RetroStyle Games""]","[""RetroStyle Games""]",False,True,False,False,,2025-12
3965930,Puzzle Parasite,2025-12-03,2025-12-03,2025-12-03,False,"[""Wrenfall""]","[""Wrenfall""]",False,True,False,False,,2025-12
3971080,Monstra Cap,2025-12-03,2025-12-03,2025-12-03,False,"[""Monadstar""]","[""Monadstar""]",False,True,False,False,,2025-12
4020630,Blood and Dust,2025-12-03,2025-12-03,2025-12-03,False,"[""PiggyNose Games""]","[""PiggyNose Games""]",False,True,False,False,,2025-12
4053490,SQUARE PILL ESCAPE !!,2025-12-03,2025-12-03,2025-12-03,False,"[""Renault Reym""]","[""Renault Reym""]",False,True,False,False,,2025-12
4054110,DarkOrbit Reloaded,2025-12-03,2025-12-03,2025-12-03,False,"[""Bigpoint GmbH""]","[""Bigpoint GmbH""]",True,True,False,False,,2025-12
4086070,Toledo Park Quest,2025-12-03,2025-12-03,2025-12-03,False,"[""BESN X Community""]","[""BESN X Community""]",False,True,True,False,,2025-12
4093400,Sisterly Bliss ~Don't Let Mom Find Out~,2025-12-03,2025-12-03,2025-12-03,False,"[""eyephon""]","[""MangaGamer"",""Sunflower Ocean""]",False,True,True,True,,2025-12
4116930,Pill Bird Remastered,2025-12-03,2025-12-03,2025-12-03,False,"[""Rednave""]","[""Rednave""]",False,True,False,True,,2025-12
4153670,Until Death,2025-12-03,2025-12-03,2025-12-03,False,"[""OPBros""]","[""OPBros""]",False,True,False,False,,2025-12
4171420,Circuit Overload,2025-12-03,2025-12-03,2025-12-03,False,"[""Neon Forge""]","[""Neon Forge""]",False,True,False,False,,2025-12
4172330,魔塔三国之曹操传奇,2025-12-03,2025-12-03,2025-12-03,False,"[""赚大钱工作室""]","[""赚大钱工作室""]",False,True,False,False,,2025-12
4191720,Molodoy Simulator,2025-12-03,2025-12-03,2025-12-03,False,"[""Erich Meurer""]","[""OwlGames""]",False,True,False,False,,2025-12
606160,ROUTINE,2025-12-04,2025-12-04,2025-12-04,False,"[""Lunar Software""]","[""Raw Fury""]",False,True,False,False,,2025-12
1283360,Geki Yaba Runner,2025-12-04,2025-12-04,2025-12-04,False,"[""QubicGames""]","[""QubicGames""]",False,True,False,False,,2025-12
1645630,FEROCIOUS,2025-12-04,2025-12-04,2025-12-04,False,"[""OMYOG""]","[""tinyBuild""]",False,True,False,False,,2025-12
2021390,Bat to Bed,2025-12-04,2025-12-04,2025-12-04,False,"[""Brothers Make Games""]","[""Brothers Make Games""]",False,True,True,False,,2025-12
2875000,Psycho-Kin,2025-12-04,2025-12-04,2025-12-04,False,"[""FlyAway Studios""]","[""FlyAway Studios""]",False,True,False,False,,2025-12
2892040,The Shadowed Rune,2025-12-04,2025-12-04,2025-12-04,False,"[""Javifugitivo""]","[""Javifugitivo""]",False,True,False,False,,2025-12
3110450,Randal's Tuesday,2025-12-04,2025-12-04,2025-12-04,False,"[""Nuclear Tales"",""Nexus Game Studios""]","[""Nuclear Tales""]",False,True,True,True,,2025-12
3192970,Star Freight,2025-12-04,2025-12-04,2025-12-04,False,"[""Error 300""]","[""Error 300"",""Gamersky Games""]",False,True,True,True,,2025-12
3270580,Contract of Swarm Hunter,2025-12-04,2025-12-04,2025-12-04,False,"[""ZYI Game""]","[""ZYI Game""]",False,True,False,False,,2025-12
3330510,Cosmo's Industry,2025-12-04,2025-12-04,2025-12-04,False,"[""Desperate Gamedev""]","[""Desperate Gamedev""]",False,True,False,False,,2025-12
3387320,Tale of android after the Apocalypse,2025-12-04,2025-12-04,2025-12-04,False,"[""Team Moko App.""]","[""Team Moko App.""]",False,True,False,False,,2025-12
3468400,Log Away,2025-12-04,2025-12-04,2025-12-04,False,"[""The-Mark Entertainment""]","[""Wired Productions"",""The-Mark Entertainment""]",False,True,False,False,,2025-12
3626860,PROTECT GLOOBI,2025-12-04,2025-12-04,2025-12-04,False,"[""Daniel the solo dev""]","[""Daniel the solo dev""]",False,True,False,False,,2025-12
3757210,Agreeee,2025-12-04,2025-12-04,2025-12-04,False,"[""べすとまん""]","[""べすとまん""]",False,True,False,False,,2025-12
3838470,The Black Knight Chronicles - The Quest Beyond Destiny,2025-12-04,2025-12-04,2025-12-04,False,"[""ERMedia""]","[""Plug In Digital""]",False,True,False,False,,2025-12
3884520,Blood: Refreshed Supply™,2025-12-04,2025-12-04,2025-12-04,False,"[""Nightdive Studios"",""Monolith Productions""]","[""Warner Bros. Games"",""Nightdive Studios"",""Atari""]",False,True,False,False,,2025-12
4105170,Disturbulence,2025-12-04,2025-12-04,2025-12-04,False,"[""Little Ghost Games""]","[""Little Ghost Games""]",False,True,False,False,,2025-12
4111100,Northbound,2025-12-04,2025-12-04,2025-12-04,False,"[""Crow's Perch""]","[""Crow's Perch""]",False,True,False,False,,2025-12
4142630,Bane of Darkness,2025-12-04,2025-12-04,2025-12-04,False,"[""SketchyCat Games""]","[""SketchyCat Games""]",True,True,False,False,,2025-12
4158540,Crossroads Farming Co.,2025-12-04,2025-12-04,2025-12-04,False,"[""DevSpace""]","[""DevSpace""]",False,True,False,False,,2025-12
4161290,Home Cooked Spaghetti Western,2025-12-04,2025-12-04,2025-12-04,False,"[""Ghost Hat""]","[""Ghost Hat""]",False,True,False,False,,2025-12
4161930,A taste of home,2025-12-04,2025-12-04,2025-12-04,False,"[""KuroGameMaker""]","[""KuroGameMaker""]",False,True,False,False,,2025-12
4192900,Terria Tactics,2025-12-04,2025-12-04,2025-12-04,False,"[""TactiGame Limited""]","[""TactiGame Limited""]",False,True,True,False,,2025-12
541300,Survive the Nights,2025-12-05,2025-12-05,2025-12-05,False,"[""a2z Interactive""]","[""a2z Interactive""]",False,True,False,False,,2025-12
1058230,Cozy Jigsaw Puzzles,2025-12-05,2025-12-05,2025-12-05,False,"[""Dried Lemons""]","[""Dried Lemons""]",False,True,False,False,,2025-12
1421250,Tiny Bunny,2025-12-05,2025-12-05,2025-12-05,False,"[""Saikono"",""Sokar""]","[""Saikono""]",False,True,True,False,,2025-12
1558800,Forgot,2025-12-05,2025-12-05,2025-12-05,False,"[""Maxwell Whitebaker""]","[""Maxwell Whitebaker""]",False,True,False,False,,2025-12
1727750,Old Salt,2025-12-05,2025-12-05,2025-12-05,False,"[""Kneeshaw Developments"",""Never Board Games""]","[""Kneeshaw Developments""]",False,True,False,True,,2025-12
2750780,月华辉映之刻,2025-12-05,2025-12-05,2025-12-05,False,"[""侠客狗工作室""]","[""侠客狗工作室""]",False,True,False,False,,2025-12
2891580,Puzzled Hive,2025-12-05,2025-12-05,2025-12-05,False,"[""Player Links Players（PLP漂流瓶）""]","[""Player Links Players（PLP漂流瓶）""]",False,True,False,False,,2025-12
2924080,The Mnemograph,2025-12-05,2025-12-05,2025-12-05,False,"[""Thousands of Daggers""]","[""Thousands of Daggers""]",False,True,False,False,,2025-12
3019870,San Geng,2025-12-05,2025-12-05,2025-12-05,False,"[""SHRIMPOOKY""]","[""Art Tour""]",False,True,False,False,,2025-12
3279410,The Case of the Worst Day Ever,2025-12-05,2025-12-05,2025-12-05,False,"[""Hero Game Co LLC""]","[""Hero Game Co LLC""]",False,True,True,True,,2025-12
3308330,Hardcore Circus,2025-12-05,2025-12-05,2025-12-05,False,"[""PocketsOfEnergy""]","[""PocketsOfEnergy""]",False,True,False,False,,2025-12
3440430,ZeroFactory,2025-12-05,2025-12-05,2025-12-05,False,"[""Mystery Soul's""]","[""Mystery Soul's""]",False,True,False,False,,2025-12
3618060,Astro Busters,2025-12-05,2025-12-05,2025-12-05,False,"[""Michael Prymus"",""Piotr Przybył""]","[""Astrobuster Studios""]",False,True,False,False,,2025-12
3648430,Think and Choice,2025-12-05,2025-12-05,2025-12-05,False,"[""OldWilder7""]","[""OldWilder7""]",False,True,False,False,,2025-12
3669740,The You Quiz,2025-12-05,2025-12-05,2025-12-05,False,"[""Hazard Wizard""]","[""Hazard Wizard""]",False,True,False,False,,2025-12
3721940,Undercity of Sin,2025-12-05,2025-12-05,2025-12-05,False,"[""Manten Kobo""]","[""Kagura Games""]",False,True,False,False,,2025-12
3917620,MAID MOVING BOXES,2025-12-05,2025-12-05,2025-12-05,False,"[""Partaevil""]","[""Partaevil"",""halfwaypixel""]",True,True,False,True,,2025-12
3986020,Jupiter's Orbit,2025-12-05,2025-12-05,2025-12-05,False,"[""Alien Fork""]","[""Alien Fork""]",False,True,True,False,,2025-12
4010520,Parasitism,2025-12-05,2025-12-05,2025-12-05,False,"[""Parasitism""]","[""SpartaCodingClub""]",True,True,False,False,,2025-12
4016750,Pachingo,2025-12-05,2025-12-05,2025-12-05,False,"[""Wood&Woods""]","[""Game Poetics""]",False,True,False,False,,2025-12
4056910,Parnitha: Patient 66,2025-12-05,2025-12-05,2025-12-05,False,"[""Nick Jordan Games""]","[""Nick Jordan Games""]",False,True,False,False,,2025-12
4086240,WRITHING,2025-12-05,2025-12-05,2025-12-05,False,"[""Digital Dialysis Softworks""]","[""Digital Dialysis Softworks""]",False,True,False,True,,2025-12
4108710,Knight and Code,2025-12-05,2025-12-05,2025-12-05,False,"[""MW""]","[""MW""]",False,True,False,False,,2025-12
4155500,Elezion,2025-12-05,2025-12-05,2025-12-05,False,"[""HO Lab+Studio""]","[""HFOTA""]",False,True,True,True,,2025-12
4157640,BUDUKUTUA,2025-12-05,2025-12-05,2025-12-05,False,"[""Gabriel David Carnez""]","[""GabyMakeGames""]",False,True,False,False,,2025-12
4167940,Stealth Employee,2025-12-05,2025-12-05,2025-12-05,False,"[""Mr. Lemon Games""]","[""Mr. Lemon Games""]",False,True,False,False,,2025-12
4174060,Hardcore and Death,2025-12-05,2025-12-05,2025-12-05,False,"[""ZERO5GAMES""]","[""ZERO5GAMES""]",False,True,False,False,,2025-12
4182560,Marble Odyssey: Sandbox,2025-12-05,2025-12-05,2025-12-05,False,"[""Mustafa Özgen""]","[""RigidPoly Fab""]",False,True,False,False,,2025-12
2644020,The End Grows,2025-12-06,2025-12-06,2025-12-06,False,"[""Atopia.studio""]","[""Atopia.studio""]",False,True,False,False,,2025-12
3612720,The Seven Enchantments,2025-12-06,2025-12-06,2025-12-06,False,"[""Revolt Entertainment""]","[""Revolt Entertainment""]",False,True,False,False,,2025-12
3908010,PolyLumina,2025-12-06,2025-12-06,2025-12-06,False,"[""RheaProductions""]","[""RheaProductions""]",True,True,False,False,,2025-12
4197130,the Changjiang Gorges,2025-12-06,2025-12-06,2025-12-06,False,"[""hgmGame""]","[""hgmGame""]",False,True,False,False,,2025-12
4199340,Neon Fantasy: Fairies,2025-12-06,2025-12-06,2025-12-06,False,"[""Quantum Quiver Games""]","[""Quantum Quiver Games""]",False,True,False,False,,2025-12
3837210,The PipeTuber's Guide to the Solar System,2025-12-07,2025-12-07,2025-12-07,False,"[""阿森定食寿司屋 Team SoulShi""]","[""阿森定食寿司屋 Team SoulShi""]",False,True,False,False,,2025-12
3990520,LEARNMOOR: Kids Academy,2025-12-07,2025-12-07,2025-12-07,False,"[""NorShark""]","[""NorShark""]",False,True,False,False,,2025-12
4079330,Chamberlore,2025-12-07,2025-12-07,2025-12-07,False,"[""Deep Range Studio""]","[""Deep Range Studio""]",False,True,False,False,,2025-12
4127870,Gamers Club Repeat,2025-12-07,2025-12-07,2025-12-07,False,"[""S Xavier Uy""]","[""S Xavier Uy""]",False,True,False,False,,2025-12
4213000,Argonauts Agency:  Patterns of Morpheus,2025-12-07,2025-12-07,2025-12-07,False,"[""8floor ltd""]","[""8floor ltd""]",False,True,False,False,,2025-12
2881170,My fair damnation,2025-12-08,2025-12-08,2025-12-08,False,"[""Jorge Velasco""]","[""Jorge Velasco""]",False,True,False,False,,2025-12
3034530,Zilar: Empire Of The Underground,2025-12-08,2025-12-08,2025-12-08,False,"[""Sthard Game""]","[""Sthard Game""]",False,True,False,False,,2025-12
3563380,Mari's Magical Deliveries,2025-12-08,2025-12-08,2025-12-08,False,"[""Crystal Game Works""]","[""Crystal Game Works""]",False,True,False,False,,2025-12
3604260,Liminal City,2025-12-08,2025-12-08,2025-12-08,False,"[""LIGHTWORKER GAMES""]","[""LIGHTWORKER GAMES""]",False,True,False,False,,2025-12
3738050,The Ice Cream Culprit,2025-12-08,2025-12-08,2025-12-08,False,"[""Konayachi""]","[""Konayachi""]",True,True,True,True,,2025-12
3931220,Time and Space Legacy,2025-12-08,2025-12-08,2025-12-08,False,"[""Maxime Schadkowski""]","[""Maxime Schadkowski""]",False,True,False,False,,2025-12
3949860,Typing Challenge,2025-12-08,2025-12-08,2025-12-08,False,"[""3bro Games""]","[""3bro Games""]",False,True,False,False,,2025-12
3985730,Đồng Cỏ Lau - The Reed Field,2025-12-08,2025-12-08,2025-12-08,False,"[""Nguyen Quoc Khang""]","[""Quasar Art Studio""]",False,True,False,False,,2025-12
4003220,I woke up in the house of a fat man: he's over 30 years old and loves beer and games,2025-12-08,2025-12-08,2025-12-08,False,"[""1ne2wozzz""]","[""Admia""]",False,True,False,False,,2025-12
4133370,Pixel Mart,2025-12-08,2025-12-08,2025-12-08,False,"[""Telric""]","[""Telric""]",False,True,False,False,,2025-12
4158400,Clockwork Cleanup,2025-12-08,2025-12-08,2025-12-08,False,"[""David Stears"",""DJ Pizza Robot"",""Christopher Hansen""]","[""David Stears""]",True,True,False,False,,2025-12
4163440,Cognitive Displacement,2025-12-08,2025-12-08,2025-12-08,False,"[""H-86""]","[""H-86""]",False,True,False,False,,2025-12
4170820,Poly Canker,2025-12-08,2025-12-08,2025-12-08,False,"[""Haunting Rift Games""]","[""Haunting Rift Games""]",False,True,False,False,,2025-12
4180250,Chronomaze: Gravity Maze,2025-12-08,2025-12-08,2025-12-08,False,"[""Gift Bytes Productions""]","[""Gift Bytes Productions""]",True,True,True,True,,2025-12
4186500,Devil in my head,2025-12-08,2025-12-08,2025-12-08,False,"[""FK""]","[""FK""]",False,True,False,False,,2025-12
4193830,Robot Space Frenzy,2025-12-08,2025-12-08,2025-12-08,False,"[""Retro Trash Games""]","[""Standard Definition Games""]",False,True,False,False,,2025-12
497880,Doodle WHAT?!,2025-12-09,2025-12-09,2025-12-09,False,"[""Binx.tv""]","[""Binx.tv""]",False,True,False,False,,2025-12
1929290,Bits & Bops,2025-12-09,2025-12-09,2025-12-09,False,"[""Tempo Lab Games""]","[""Tempo Lab Games""]",False,True,True,True,,2025-12
2825880,Death Howl,2025-12-09,2025-12-09,2025-12-09,False,"[""The Outer Zone""]","[""11 bit studios""]",False,True,False,False,,2025-12
2904360,Dissimilar,2025-12-09,2025-12-09,2025-12-09,False,"[""Opal Grave Games""]","[""Opal Grave Games""]",False,True,False,False,,2025-12
3273650,Motorbike Evolution 2025,2025-12-09,2025-12-09,2025-12-09,False,"[""Petr Šimůnek""]","[""Petr Šimůnek""]",True,True,False,False,,2025-12
3273660,Formula Evolution 2025,2025-12-09,2025-12-09,2025-12-09,False,"[""Petr Šimůnek""]","[""Petr Šimůnek""]",True,True,False,False,,2025-12
3404590,Woodworm,2025-12-09,2025-12-09,2025-12-09,False,"[""Samuel Pratt""]","[""Samuel Pratt""]",False,True,True,True,,2025-12
3703790,Skyfire Legends,2025-12-09,2025-12-09,2025-12-09,False,"[""Benjo Games""]","[""Benjo Games""]",False,True,False,False,,2025-12
3814190,Last Stop Horror Hospital,2025-12-09,2025-12-09,2025-12-09,False,"[""ZeroE Productions""]","[""ZeroE Productions""]",True,True,False,False,,2025-12
3825510,GAYA - The Mystery,2025-12-09,2025-12-09,2025-12-09,False,"[""Dunamis""]","[""Dunamis""]",False,True,False,False,,2025-12
3858940,Meeting Places,2025-12-09,2025-12-09,2025-12-09,False,"[""Cogitas Ltd""]","[""Cogitas Ltd""]",False,True,False,True,,2025-12
3897980,Money at Play,2025-12-09,2025-12-09,2025-12-09,False,"[""PanicForge Studios""]","[""PanicForge Studios""]",False,True,False,False,,2025-12
3929410,Scholar Adventure: Mystery of Silence,2025-12-09,2025-12-09,2025-12-09,False,"[""Making Enemies"",""Ayose Trujillo""]","[""DevilishGames""]",False,True,True,False,,2025-12
3971370,Blackthorne's Manor,2025-12-09,2025-12-09,2025-12-09,False,"[""Error 404 Studios""]","[""Error 404 Studios""]",True,True,False,False,,2025-12
3987620,Love Limit,2025-12-09,2025-12-09,2025-12-09,False,"[""Winking Corvid""]","[""Winking Corvid""]",True,True,True,True,,2025-12
4053140,Catgirl Gemfall,2025-12-09,2025-12-09,2025-12-09,False,"[""TMAC Game Studios""]","[""TMAC Game Studios""]",False,True,False,False,,2025-12
4104220,Anders III: Coast Of Pain,2025-12-09,2025-12-09,2025-12-09,False,"[""Andrew Simon""]","["" Andrew SImon""]",False,True,False,False,,2025-12
4137880,Express No. 6,2025-12-09,2025-12-09,2025-12-09,False,"[""ASK GAMES""]","[""ASK GAMES""]",False,True,False,False,,2025-12
4164950,Legitimate Space Corp Simulator LLC - Prologue,2025-12-09,2025-12-09,2025-12-09,False,"[""VHornet Games""]","[""PlayWay S.A.""]",True,True,False,False,,2025-12
4169210,101 Dogs Hidden in Brazil,2025-12-09,2025-12-09,2025-12-09,False,"[""NaipSoft""]","[""NaipSoft""]",False,True,False,False,,2025-12
4192310,Reindeer Wrangler,2025-12-09,2025-12-09,2025-12-09,False,"[""Caleb Van Rijn""]","[""Caleb Van Rijn""]",False,True,False,False,,2025-12
4198310,A Haunting Novel: Surfaced Secrets Collector's Edition,2025-12-09,2025-12-09,2025-12-09,False,"[""Elephant AR""]","[""BFG Entertainment""]",False,True,True,False,,2025-12
4204320,Wugong Mountain in Jiangxi,2025-12-09,2025-12-09,2025-12-09,False,"[""hgmGame""]","[""hgmGame""]",False,True,False,False,,2025-12
1264970,The Conquest of Go,2025-12-10,2025-12-10,2025-12-10,False,"[""Wolfey Studios""]","[""Wolfey Studios""]",False,True,True,False,,2025-12
1556010,DriveCrazy,2025-12-10,2025-12-10,2025-12-10,False,"[""TubezGames""]","[""AMATA Games"",""TubezGames""]",False,True,False,False,,2025-12
1670690,Eternity Egg,2025-12-10,2025-12-10,2025-12-10,False,"[""USERLANDS""]","[""USERLANDS""]",False,True,False,False,,2025-12
1867750,Balloon Ride,2025-12-10,2025-12-10,2025-12-10,False,"[""Karthick K""]","[""Karthick K""]",False,True,False,False,,2025-12
2930290,Love at The Milky Way Diner,2025-12-10,2025-12-10,2025-12-10,False,"[""Lucky Kim"",""Emanuelle Heikens""]","[""Clumsy Cat Studio""]",False,True,True,True,,2025-12
3015920,Tides of The Endless,2025-12-10,2025-12-10,2025-12-10,False,"[""Shimmer High Sea""]","[""Shimmer High Sea""]",False,True,True,False,,2025-12
3107140,Lost quest,2025-12-10,2025-12-10,2025-12-10,False,"[""DLC Games""]","[""DLC Games""]",True,True,False,False,,2025-12
3609080,StarSavior,2025-12-10,2025-12-10,2025-12-10,False,"[""Studiobside""]","[""Studiobside""]",True,True,False,False,,2025-12
3645520,Faith Requiem,2025-12-10,2025-12-10,2025-12-10,False,"[""Location Unknown""]","[""Location Unknown""]",False,True,False,False,,2025-12
3690390,📷🔍 Pictective,2025-12-10,2025-12-10,2025-12-10,False,"[""Noobzilla""]","[""55.42."",""Noobzilla""]",False,True,False,True,,2025-12
3749110,Drywall Eating Simulator,2025-12-10,2025-12-10,2025-12-10,False,"[""Peripheral Playbox""]","[""Peripheral Playbox""]",False,True,False,False,,2025-12
3843520,The Temple of Elemental Evil,2025-12-10,2025-12-10,2025-12-10,False,"[""Troika Games""]","[""SNEG""]",False,True,False,False,,2025-12
3884400,DinoGORE,2025-12-10,2025-12-10,2025-12-10,False,"[""David Mills""]","[""David Mills""]",False,True,False,False,,2025-12
3917000,Glitchfall,2025-12-10,2025-12-10,2025-12-10,False,"[""tatsumaki games""]","[""tatsumaki games""]",False,True,False,False,,2025-12
3934260,牛马模拟器,2025-12-10,2025-12-10,2025-12-10,False,"[""BossyuGames""]","[""BossyuGames""]",False,True,False,False,,2025-12
3943180,DAVBOT,2025-12-10,2025-12-10,2025-12-10,False,"[""DAVTEAM""]","[""DAVTEAM""]",False,True,True,False,,2025-12
3962470,Coaster Crash Course,2025-12-10,2025-12-10,2025-12-10,False,"[""Pianova Games""]","[""Pianova Games""]",False,True,False,False,,2025-12
3991720,Sisters Connect,2025-12-10,2025-12-10,2025-12-10,False,"[""光雪茶会""]","[""akaeroCore""]",False,True,False,False,,2025-12
4021880,Fate of the Minotaur,2025-12-10,2025-12-10,2025-12-10,False,"[""Filmakademie Baden-Wuerttemberg"",""Animationsinstitut""]","[""Filmakademie Baden-Wuerttemberg"",""Animationsinstitut""]",True,True,False,False,,2025-12
4084730,Ass Kicker,2025-12-10,2025-12-10,2025-12-10,False,"[""Pen & Rapier studios""]","[""Pen & Rapier studios""]",False,True,False,False,,2025-12
4100330,Galactic Gardener,2025-12-10,2025-12-10,2025-12-10,False,"[""SteelSky""]","[""Grefau""]",False,True,False,True,,2025-12
4104970,Legend of the Wonderfish,2025-12-10,2025-12-10,2025-12-10,False,"[""Sybe""]","[""Sybe""]",False,True,False,False,,2025-12
4121040,World Sprint,2025-12-10,2025-12-10,2025-12-10,False,"[""AKD Studios LLC""]","[""AKD Studios LLC""]",False,True,False,False,,2025-12
4189740,Los Pilarcitos,2025-12-10,2025-12-10,2025-12-10,False,"[""Cristian Rojas""]","[""Cristian Rojas""]",True,True,False,False,,2025-12
4190740,MergeShift,2025-12-10,2025-12-10,2025-12-10,False,"[""Boogygames Studios""]","[""Boogygames Studios""]",False,True,False,False,,2025-12
4194710,Pro Stone Curling,2025-12-10,2025-12-10,2025-12-10,False,"[""SqwiiEGC""]","[""SqwiiEGC""]",False,True,False,False,,2025-12
4201160,Compass & Straightedge,2025-12-10,2025-12-10,2025-12-10,False,"[""ShaoJH""]","[""ShaoJH""]",False,True,False,False,,2025-12
1056170,SUPERVERSE,2025-12-11,2025-12-11,2025-12-11,False,"[""Superverse Industries""]","[""Superverse Industries""]",False,True,False,False,,2025-12
2018960,Neolithic Dawn,2025-12-11,2025-12-11,2025-12-11,False,"[""Neolithic LLC""]","[""Neolithic LLC""]",False,True,False,False,,2025-12
2548500,Evil Doll,2025-12-11,2025-12-11,2025-12-11,False,"[""RoyDev""]","[""RoyDev""]",False,True,False,False,,2025-12
2571730,Halchemist,2025-12-11,2025-12-11,2025-12-11,False,"[""Team Flask""]","[""Team Flask""]",False,True,False,False,,2025-12
3238190,Success In Progress,2025-12-11,2025-12-11,2025-12-11,False,"[""Juris Games""]","[""Juris Games""]",False,True,False,False,,2025-12
3395760,With Me: Aquatic Time,2025-12-11,2025-12-11,2025-12-11,False,"[""Sensory Patch Games""]","[""Sensory Patch Games""]",False,True,True,False,,2025-12
3400530,Therapy Simulator,2025-12-11,2025-12-11,2025-12-11,False,"[""Jemboy""]","[""Jemboy""]",False,True,False,False,,2025-12
3413260,OMEXYAN,2025-12-11,2025-12-11,2025-12-11,False,"[""2 Crying Attic Games""]","[""2 Crying Attic Games""]",False,True,False,False,,2025-12
3431770,Lords of the Void,2025-12-11,2025-12-11,2025-12-11,False,"[""BoargamesStudio""]","[""BoargamesStudio""]",False,True,False,True,,2025-12
3677870,Crayation: The First Sketch,2025-12-11,2025-12-11,2025-12-11,False,"[""Crayon Code""]","[""Crayon Code""]",False,True,True,True,,2025-12
3792560,UNI 2,2025-12-11,2025-12-11,2025-12-11,False,"[""Game Museum""]","[""Game Museum""]",False,True,False,False,,2025-12
3807440,Taste of the Sea,2025-12-11,2025-12-11,2025-12-11,False,"[""Memo"",""Nitzz"",""5000ms Production""]","[""Memo""]",False,True,False,False,,2025-12
3880880,Food Facility,2025-12-11,2025-12-11,2025-12-11,False,"[""Lemo-Logic Studios""]","[""Lemo-Logic Studios""]",True,True,False,False,,2025-12
3966010,Soul Demon Hunters,2025-12-11,2025-12-11,2025-12-11,False,"[""Cheese Burger Studio""]","[""Cheese Burger Studio""]",False,True,False,False,,2025-12
4001120,The Glitch prison Together,2025-12-11,2025-12-11,2025-12-11,False,"[""rentaka""]","[""rentaka""]",False,True,False,False,,2025-12
4069860,There's No Differences: Santa,2025-12-11,2025-12-11,2025-12-11,False,"[""Error 300""]","[""Error 300"",""Gamersky Games""]",False,True,True,True,,2025-12
4078150,Nekotype Keyboard Cat Simulator,2025-12-11,2025-12-11,2025-12-11,False,"[""G-GAME""]","[""G-GAME""]",False,True,False,False,,2025-12
4099640,Gully Champ,2025-12-11,2025-12-11,2025-12-11,False,"[""Studio Innovate Private Limited""]","[""Studio Innovate Private Limited""]",False,True,False,False,,2025-12
4116900,Cali and the Kingdom of the Yard,2025-12-11,2025-12-11,2025-12-11,False,"[""Bearded Rabbit Game Studio""]","[""Bearded Rabbit Game Studio""]",False,True,True,False,,2025-12
4133400,SMBH : Super Massive Black Hole,2025-12-11,2025-12-11,2025-12-11,False,"[""てづくりギンガ""]","[""てづくりギンガ""]",False,True,False,False,,2025-12
4139400,Apee Escapee,2025-12-11,2025-12-11,2025-12-11,False,"[""NHO&JHO""]","[""NHO&JHO""]",False,True,False,False,,2025-12
4181930,Idle Defragmenter 95,2025-12-11,2025-12-11,2025-12-11,False,"[""Pollo Arcade Low Bit""]","[""Pollo Arcade Low Bit""]",False,True,False,False,,2025-12
4186410,Retail Therapy,2025-12-11,2025-12-11,2025-12-11,False,"[""Reclusive Bug""]","[""Reclusive Bug""]",False,True,True,False,,2025-12
4201780,The Cradle,2025-12-11,2025-12-11,2025-12-11,False,"[""GiBar""]","["" RoBot""]",False,True,False,False,,2025-12
4204950,Marshmallow's Adventure,2025-12-11,2025-12-11,2025-12-11,False,"[""saucedish""]","[""saucedish""]",False,True,False,False,,2025-12
4209810,Cadentia Farnese,2025-12-11,2025-12-11,2025-12-11,False,"[""We Are Muesli""]","[""We Are Muesli""]",True,True,False,False,,2025-12
4211070,Puppy Link - Tile Connect,2025-12-11,2025-12-11,2025-12-11,False,"[""ZT-Studio""]","[""ZT-Studio""]",False,True,True,False,,2025-12
4213300,Sweetie Candy Maze: Purple Grape,2025-12-11,2025-12-11,2025-12-11,False,"[""Cute Hannah's Games""]","[""Cute Hannah's Games""]",False,True,False,False,,2025-12
1718460,Terminator 2D: NO FATE,2025-12-12,2025-12-12,2025-12-12,False,"[""Bitmap Bureau""]","[""Reef Entertainment""]",False,True,True,True,,2025-12
3223370,There's Nothing Underground,2025-12-12,2025-12-12,2025-12-12,False,"[""Palomar Games AB""]","[""Palomar Games AB""]",False,True,False,True,,2025-12
3374340,OPA: Super Janken,2025-12-12,2025-12-12,2025-12-12,False,"[""DropSoftOPA""]","[""DropSoftOPA""]",True,True,False,False,,2025-12
3462600,Differences Online,2025-12-12,2025-12-12,2025-12-12,False,"[""Mini IT""]","[""Brightika, Inc.""]",True,True,False,False,,2025-12
3481800,SUPER SHAPESHOOTER,2025-12-12,2025-12-12,2025-12-12,False,"[""Wojtek Rak""]","[""Wojtek Rak""]",False,True,False,False,,2025-12
3565250,Crossing Chains,2025-12-12,2025-12-12,2025-12-12,False,"[""Daniel Nora""]","[""Daniel Nora""]",False,True,True,True,,2025-12
3669190,Outbreak Zero,2025-12-12,2025-12-12,2025-12-12,False,"[""Next Generation Gaming""]","[""Next Generation Gaming""]",False,True,False,False,,2025-12
3783850,RELSU,2025-12-12,2025-12-12,2025-12-12,False,"[""EREVOAM""]","[""EREVOAM""]",False,True,False,False,,2025-12
3892250,ULTRA VERTIGO,2025-12-12,2025-12-12,2025-12-12,False,"[""TEAGHER STUDIO""]","[""TEAGHER STUDIO""]",False,True,False,False,,2025-12
3931080,Addition Subtraction Multiplication Division Magician,2025-12-12,2025-12-12,2025-12-12,False,"[""危途旅行团TravellersOnHazard""]","[""危途旅行团TravellersOnHazard""]",False,True,False,False,,2025-12
3933710,My Car My Life,2025-12-12,2025-12-12,2025-12-12,False,"[""Noguiin""]","[""Noguiin""]",False,True,True,True,,2025-12
4011780,/trace,2025-12-12,2025-12-12,2025-12-12,False,"[""flowty.dev""]","[""flowty.dev""]",False,True,False,True,,2025-12
4032270,Terra Request,2025-12-12,2025-12-12,2025-12-12,False,"[""Heavy Line Software""]","[""Heavy Line Software""]",False,True,False,False,,2025-12
4034390,Meta Lines 2,2025-12-12,2025-12-12,2025-12-12,False,"[""Matrix Science""]","[""Matrix Science""]",False,True,False,False,,2025-12
4129640,Until the Fields: Farmageddon,2025-12-12,2025-12-12,2025-12-12,False,"[""No Joke Game Studios""]","[""Jamk Game""]",True,True,False,False,,2025-12
4139910,Kaya The Dog,2025-12-12,2025-12-12,2025-12-12,False,"[""JustARandomGame""]","[""JustARandomGame""]",True,True,False,False,,2025-12
4141140,Dark Nights - Reflections,2025-12-12,2025-12-12,2025-12-12,False,"[""Pinlin""]","[""Pinlin""]",False,True,True,False,,2025-12
4165690,House in a Meadow VR,2025-12-12,2025-12-12,2025-12-12,False,"[""Sergheo Zakh""]","[""Sergheo Zakh""]",False,True,False,False,,2025-12
4178660,Blastoids,2025-12-12,2025-12-12,2025-12-12,False,"["" Moragami Co., Ltd""]","[""GS2 Games Inc""]",False,True,False,False,,2025-12
4191440,Seoul Bridge,2025-12-12,2025-12-12,2025-12-12,False,"[""MidNightDevClub""]","[""MidNightDevClub""]",True,True,False,False,,2025-12
4196660,Christmas Wonderland 16: Collector's Edition,2025-12-12,2025-12-12,2025-12-12,False,"[""Casual Arts""]","[""Casual Arts""]",False,True,False,False,,2025-12
4201500,Ba Bị,2025-12-12,2025-12-12,2025-12-12,False,"[""BaBị Electric""]","[""Okasan’s Recipe""]",False,True,False,True,,2025-12
4203690,思い出せ！更生日記女苑ちゃん！！,2025-12-12,2025-12-12,2025-12-12,False,"[""ISY""]","[""ISY""]",False,True,False,False,,2025-12
4215840,The beach in Sanya,2025-12-12,2025-12-12,2025-12-12,False,"[""hgmGame""]","[""hgmGame""]",False,True,False,False,,2025-12
2659470,Dune Raider,2025-12-13,2025-12-13,2025-12-13,False,"[""SomberDev""]","[""SomberDev""]",False,True,False,False,,2025-12
3033080,Wukong Survivors ：Begin,2025-12-13,2025-12-13,2025-12-13,False,"[""Seal233""]","[""Seal233""]",False,True,False,False,,2025-12
3386150,You're here again,2025-12-13,2025-12-13,2025-12-13,False,"[""Theo Morris"",""k4x1"",""GreenLight"",""yodapowers_"",""Sharkman202""]","[""Devious Devs""]",False,True,False,True,,2025-12
3515710,Ashen Reverie,2025-12-13,2025-12-13,2025-12-13,False,"[""Tidalspire""]","[""Tidalspire""]",False,True,False,False,,2025-12
3633830,Iceburg,2025-12-13,2025-12-13,2025-12-13,False,"[""Skyapa""]","[""Skyapa"",""Demencion""]",False,True,False,False,,2025-12
3658230,MAGEYE,2025-12-13,2025-12-13,2025-12-13,False,"[""Dead Zeros""]","[""Dead Zeros""]",False,True,False,False,,2025-12
3752950,Fracctal TCG,2025-12-13,2025-12-13,2025-12-13,False,"[""Fracctal Labs""]","[""Fracctal Labs""]",True,True,False,False,,2025-12
4048550,Zombie Diner Simulator 🥩 💀,2025-12-13,2025-12-13,2025-12-13,False,"[""Octo Games studio""]","[""Octo Games studio""]",False,True,False,False,,2025-12
4056350,Serene Night Dreamlight,2025-12-13,2025-12-13,2025-12-13,False,"[""星艺starT""]","[""星艺starT""]",True,True,True,True,,2025-12
4157780,Manchester's Crimes: The Beginnings,2025-12-13,2025-12-13,2025-12-13,False,"[""Nordic Cats Studio""]","[""Nordic Cats Studio""]",True,True,False,False,,2025-12
4174350,DarkSpase,2025-12-13,2025-12-13,2025-12-13,False,"[""Devon James""]","[""Devon James""]",False,True,False,False,,2025-12
4214010,A.I. P.I.,2025-12-13,2025-12-13,2025-12-13,False,"[""Archor Wright""]","[""Archor Games"",""A.I. SLOP Publishing""]",False,True,False,False,,2025-12
4017350,Low Noon: The Gunless Goon,2025-12-14,2025-12-14,2025-12-14,False,"[""AD Softwares""]","[""AD Softwares""]",False,True,False,False,,2025-12
4123890,Pallet Jack Racing,2025-12-14,2025-12-14,2025-12-14,False,"[""Piece Of Voxel"",""Gamesforfarm""]","[""Gamesforfarm""]",False,True,False,False,,2025-12
4154430,BOD EFSANESI: PARS,2025-12-14,2025-12-14,2025-12-14,False,"[""HAKAN KOC""]","[""HAKAN KOC GAMES""]",True,True,False,False,,2025-12
4182310,DARK,2025-12-14,2025-12-14,2025-12-14,False,"[""VHS STUDIO""]","[""VHS STUDIO""]",False,True,False,False,,2025-12
4186480,На недельку до второго,2025-12-14,2025-12-14,2025-12-14,False,"[""UrbanWanderer""]","[""UrbanWandererGames""]",False,True,True,True,,2025-12
4187170,Burger Daily Mate,2025-12-14,2025-12-14,2025-12-14,False,"[""Tunatwo""]","[""Tunatwo""]",False,True,False,False,,2025-12
1821550,Snapshot Aquarium,2025-12-15,2025-12-15,2025-12-15,False,"[""Octoponx""]","[""Octoponx""]",False,True,False,False,,2025-12
2488470,Politon,2025-12-15,2025-12-15,2025-12-15,False,"[""Pinq Games""]","[""Pinq Games""]",False,True,True,False,,2025-12
3109830,Peacequarium,2025-12-15,2025-12-15,2025-12-15,False,"[""GTGD""]","[""GTGD""]",False,True,True,False,,2025-12
3360820,Great Hoax: The Moon Landing,2025-12-15,2025-12-15,2025-12-15,False,"[""Serendipity Films"",""3DAR"",""Kaohsiung Film Archieve"",""Taiwan Public Television Service""]","[""Astrea""]",False,True,False,False,,2025-12
3382270,Knortex,2025-12-15,2025-12-15,2025-12-15,False,"[""SuiroIto""]","[""SuiroIto""]",True,True,False,False,,2025-12
3518030,Synthetic Paradox,2025-12-15,2025-12-15,2025-12-15,False,"[""Smazak""]","[""Smazak""]",False,True,False,False,,2025-12
3767280,Dotakawa☆COOKING BATTLE,2025-12-15,2025-12-15,2025-12-15,False,"[""Byking RooKIES""]","[""Byking Inc. ""]",True,True,False,False,,2025-12
3869480,Attrition,2025-12-15,2025-12-15,2025-12-15,False,"[""Forty No Forte Studios""]","[""Forty No Forte Studios""]",False,True,False,False,,2025-12
3882780,Dead On Duty,2025-12-15,2025-12-15,2025-12-15,False,"[""Dodoblam Interactive"",""https://dogukanguloren.com""]","[""Dodoblam Interactive"",""https://dogukanguloren.com""]",False,True,True,True,,2025-12
3919840,Sepan and the Seven Flasks,2025-12-15,2025-12-15,2025-12-15,False,"[""PicMid""]","[""PicMid""]",False,True,False,True,,2025-12
3929990,Monster Looter,2025-12-15,2025-12-15,2025-12-15,False,"[""Eracu Studios""]","[""Eracu Studios""]",True,True,True,True,,2025-12
3943440,WAGAMAMA HIGH SPEC OC,2025-12-15,2025-12-15,2025-12-15,False,"[""madosoft""]","[""Sekai Project""]",False,True,False,False,,2025-12
3953060,Galaxy Defense War,2025-12-15,2025-12-15,2025-12-15,False,"[""Zero Space""]","[""Zero Space""]",False,True,False,False,,2025-12
4017450,Villainy,2025-12-15,2025-12-15,2025-12-15,False,"[""Studio Rend""]","[""Studio Rend""]",False,True,False,False,,2025-12
4038680,ARTDINK GAME LOG: Tail of the Sun,2025-12-15,2025-12-15,2025-12-15,False,"[""ARTDINK""]","[""ARTDINK""]",False,True,False,False,,2025-12
4125150,Fish Go,2025-12-15,2025-12-15,2025-12-15,False,"[""KacperB""]","[""KacperB""]",False,True,False,False,,2025-12
4131270,Final battle in zhifudao,2025-12-15,2025-12-15,2025-12-15,False,"[""JIANGFENG""]","[""JIANGFENG""]",False,True,False,False,,2025-12
4148480,Message: Read at Your Own Risk,2025-12-15,2025-12-15,2025-12-15,False,"[""im a human""]","[""im a human""]",False,True,False,False,,2025-12
4172720,ISLET GARDEN,2025-12-15,2025-12-15,2025-12-15,False,"[""Ketopon Lab""]","[""Ketopon Lab""]",False,True,False,False,,2025-12
4202580,Dollemma,2025-12-15,2025-12-15,2025-12-15,False,"[""Dollemma Team""]","[""Dollemma Team""]",True,True,False,False,,2025-12
2484680,Snavenger,2025-12-16,2025-12-16,2025-12-16,False,"[""Conklin Systems""]","[""Conklin Systems""]",True,True,True,False,,2025-12
2699550,Fightland,2025-12-16,2025-12-16,2025-12-16,False,"[""Ninja Kiwi""]","[""Ninja Kiwi""]",True,True,True,False,,2025-12
2714970,Backrooms Media,2025-12-16,2025-12-16,2025-12-16,False,"[""NPK Games""]","[""NPK Games""]",False,True,False,False,,2025-12
3065870,Varthos - Heir to the Throne,2025-12-16,2025-12-16,2025-12-16,False,"[""Nightshift Game Development""]","[""Nightshift Game Development"","" Three River Games (3RG)""]",False,True,False,False,,2025-12
3146630,ShoPaDen - Cyber World Rampage,2025-12-16,2025-12-16,2025-12-16,False,"[""南方堂果""]","[""南方堂果的遊戲"",""Aton's Games""]",False,True,False,False,,2025-12
3295680,Stellar Archipelago,2025-12-16,2025-12-16,2025-12-16,False,"[""Gogodinosaur""]","[""Gogodinosaur""]",False,True,False,False,,2025-12
3318490,Bunker Constructor Simulator,2025-12-16,2025-12-16,2025-12-16,False,"[""Terno Games""]","[""Terno Games""]",False,True,False,False,,2025-12
3540680,Fake Dream,2025-12-16,2025-12-16,2025-12-16,False,"[""NNGames""]","[""NNGames""]",False,True,False,False,,2025-12
3540880,Balloon Hater,2025-12-16,2025-12-16,2025-12-16,False,"[""Nikorych""]","[""Nikorych""]",False,True,True,False,,2025-12
3962200,The Soul Collector 2 - Idle Game,2025-12-16,2025-12-16,2025-12-16,False,"[""Olento Productions""]","[""Olento Productions""]",False,True,False,True,,2025-12
3983490,Purgatory,2025-12-16,2025-12-16,2025-12-16,False,"[""Sai Game""]","[""Sai Game""]",False,True,False,False,,2025-12
4037070,Jumping Eras,2025-12-16,2025-12-16,2025-12-16,False,"[""Michi Soul Games""]","[""Michi Soul Games""]",False,True,False,False,,2025-12
4045140,Slug Survival,2025-12-16,2025-12-16,2025-12-16,False,"[""Dragon Pixel Studio""]","[""Dragon Pixel Studio""]",True,True,True,False,,2025-12
4154110,Beyond The Second Hour,2025-12-16,2025-12-16,2025-12-16,False,"[""Mohamed Samy""]","[""TIRUO online""]",False,True,False,False,,2025-12
4166750,SANTAQUEST,2025-12-16,2025-12-16,2025-12-16,False,"[""NecroCatic Games""]","[""NecroCatic Games""]",False,True,False,False,,2025-12
4216090,Clash of Peaks: Dynasty in Your Grasp,2025-12-16,2025-12-16,2025-12-16,False,"[""Developers""]","[""Developers""]",False,True,False,False,,2025-12
1101650,OutSpaceX_EP1,2025-12-17,2025-12-17,2025-12-17,False,"[""Fun2Studio""]","[""Fun2Studio""]",False,True,False,False,,2025-12
1652400,Developer Daily,2025-12-17,2025-12-17,2025-12-17,False,"[""Mehan Games""]","[""Mehan Games""]",False,True,False,False,,2025-12
2176710,MEAT 2,2025-12-17,2025-12-17,2025-12-17,False,"[""Trippin Bears""]","[""Trippin Bears""]",False,True,False,False,,2025-12
2248170,DRINK HUMAN BEANS,2025-12-17,2025-12-17,2025-12-17,False,"[""Last Dissent""]","[""Last Dissent""]",False,True,False,False,,2025-12
2865380,Scott Whiskers: the Search for the Golden Cat,2025-12-17,2025-12-17,2025-12-17,False,"[""Fancy Factory""]","[""Fancy Factory""]",False,True,True,True,,2025-12
3291090,Planet Hoarders,2025-12-17,2025-12-17,2025-12-17,False,"[""Imago Games""]","[""Imago Games""]",False,True,False,False,,2025-12
3671880,BAROQUE SHOOTING: REVERSED,2025-12-17,2025-12-17,2025-12-17,False,"[""Sting""]","[""Sting""]",False,True,False,False,,2025-12
3732620,Tsugunohi -Supernatural Supermarket-,2025-12-17,2025-12-17,2025-12-17,False,"[""ImCyan""]","[""Vaka Game Magazine""]",False,True,False,False,,2025-12
3911230,Keypress Mania,2025-12-17,2025-12-17,2025-12-17,False,"[""rey3.dev""]","[""UFN Games""]",False,True,False,False,,2025-12
4073160,Gilroy's Grove,2025-12-17,2025-12-17,2025-12-17,False,"[""Meat Forest Studios""]","["" Rabid Troll Studios""]",True,True,False,False,,2025-12
4094260,After... Prologue,2025-12-17,2025-12-17,2025-12-17,False,"[""Grozny23""]","[""SGS""]",False,True,False,False,,2025-12
4113200,Aeons of Rebirth,2025-12-17,2025-12-17,2025-12-17,False,"[""Short Scale""]","[""Short Scale""]",False,True,False,False,,2025-12
4155130,Exovore,2025-12-17,2025-12-17,2025-12-17,False,"[""Tapzilla""]","[""Tapzilla""]",False,True,False,True,,2025-12
4175070,Space Force Bargain Bin,2025-12-17,2025-12-17,2025-12-17,False,"[""Sled Dog Games""]","[""Sled Dog Games""]",False,True,False,True,,2025-12
4189820,Head in the Cloud,2025-12-17,2025-12-17,2025-12-17,False,"[""Phosphor Fables""]","[""Phosphor Fables""]",False,True,False,False,,2025-12
4212070,只有文字的挂机刷宝游戏,2025-12-17,2025-12-17,2025-12-17,False,"[""挂机刷宝工作室""]","[""挂机刷宝工作室""]",False,True,False,True,,2025-12
4217660,Small Hero,2025-12-17,2025-12-17,2025-12-17,False,"[""Small Hero""]","[""Small Hero""]",False,True,False,False,,2025-12
1942500,Retro Golf Mania,2025-12-18,2025-12-18,2025-12-18,False,"[""Francois Richard""]","[""Francois Richard""]",False,True,False,True,,2025-12
2559960,RED DAWN,2025-12-18,2025-12-18,2025-12-18,False,"[""Dynamic Duo Games""]","[""Dynamic Duo Games""]",False,True,False,False,,2025-12
2676220,Pigeon's Mission,2025-12-18,2025-12-18,2025-12-18,False,"[""Glowing Cheetah Studios""]","[""Glowing Cheetah Studios""]",False,True,True,False,,2025-12
2815570,Fur and Void,2025-12-18,2025-12-18,2025-12-18,False,"[""DFS""]","[""DFS""]",False,True,False,True,,2025-12
2964580,Dungeon World,2025-12-18,2025-12-18,2025-12-18,False,"[""FBRZD""]","[""FBRZD""]",False,True,False,True,,2025-12
3502860,Caller of the Crows,2025-12-18,2025-12-18,2025-12-18,False,"[""Nepxel Studio"",""Bebyak P""]","[""Nepxel Studio""]",False,True,False,False,,2025-12
3612800,GORE RAPTURE,2025-12-18,2025-12-18,2025-12-18,False,"[""Heatwave Games"",""http://www.heatwavegames.com""]","[""Heatwave Games & Consulting LLC"",""http://www.heatwavegames.com""]",False,True,False,False,,2025-12
3666940,Rebels - Under the Spell of Magic (Chapter 5),2025-12-18,2025-12-18,2025-12-18,False,"[""BrotherWood Games""]","[""BrotherWood Games""]",False,True,False,False,,2025-12
3670200,Colossal Kickoff,2025-12-18,2025-12-18,2025-12-18,False,"[""Lambdog Studios""]","[""Lambdog Studios""]",False,True,False,False,,2025-12
3903170,Decktoon,2025-12-18,2025-12-18,2025-12-18,False,"[""Guara Entretenimento"",""Rocpain Games""]","[""Guara Entretenimento""]",True,True,False,False,,2025-12
3903980,Charge!,2025-12-18,2025-12-18,2025-12-18,False,"[""Honor Games®""]","[""Honor Games®""]",False,True,False,False,,2025-12
4032820,靴下物語ー大門ジゲンの靴下店ー,2025-12-18,2025-12-18,2025-12-18,False,"[""KNIGHT_０（ナイトー）""]","[""チワワゲームズ""]",False,True,False,False,,2025-12
4045300,The Trolling Adventure,2025-12-18,2025-12-18,2025-12-18,False,"[""Keyjoker Games""]","[""Keyjoker Games""]",False,True,False,False,,2025-12
4047760,Eggshit,2025-12-18,2025-12-18,2025-12-18,False,"[""疯兔游戏（FUNTOO Studio）""]","[""疯兔游戏（FUNTOO Studio）"",""Liquid Meow""]",True,True,False,False,,2025-12
4083160,SlayBall Brick Breaker,2025-12-18,2025-12-18,2025-12-18,False,"[""Ziecon Studios""]","[""Ziecon Studios""]",False,True,False,False,,2025-12
4121010,Locum Tenens,2025-12-18,2025-12-18,2025-12-18,False,"[""Deriv'era""]","[""Deriv'era""]",False,True,False,True,,2025-12
4152310,Bush 1022,2025-12-18,2025-12-18,2025-12-18,False,"[""dimitars""]","[""dimitars""]",False,True,False,True,,2025-12
4173740,Ace of Rubies,2025-12-18,2025-12-18,2025-12-18,False,"[""Davi Nogueira Pupo""]","[""BP STRAT CONSULTORIA E TECNOLOGIA LTDA""]",False,True,False,False,,2025-12
4202920,Nightshift - The School Janitor,2025-12-18,2025-12-18,2025-12-18,False,"[""Irreplaceable Studios""]","[""Irreplaceable Studios""]",False,True,False,False,,2025-12
4204190,Taiping Heavenly Kingdom,2025-12-18,2025-12-18,2025-12-18,False,"[""班超工作室""]","[""班超工作室""]",False,True,False,False,,2025-12
4211780,Tales of Evion: Forgotten Dreams,2025-12-18,2025-12-18,2025-12-18,False,"[""Tyshym Miller""]",,False,True,False,False,,2025-12
4214660,At the Mount Leng of madness,2025-12-18,2025-12-18,2025-12-18,False,"[""井頭。""]","[""井頭。""]",False,True,False,False,,2025-12
4219930,Encore!,2025-12-18,2025-12-18,2025-12-18,False,"[""Amoriem Labs""]","[""Amoriem Labs""]",True,True,True,False,,2025-12
4220960,LOST IN TRANSIT,2025-12-18,2025-12-18,2025-12-18,False,"[""ThorHighHeels""]","[""ThorHighHeels""]",False,True,False,False,,2025-12
4223750,Glowing Hexagon,2025-12-18,2025-12-18,2025-12-18,False,"[""Wijat""]","[""Wijat""]",False,True,False,False,,2025-12
4227580,Field Pong: Gamesforfarm,2025-12-18,2025-12-18,2025-12-18,False,"[""Gamesforfarm""]","[""Gamesforfarm""]",False,True,False,False,,2025-12
2336430,PoligonVR,2025-12-19,2025-12-19,2025-12-19,False,"[""PoligonTechnologies""]","[""PoligonTechnologies""]",True,True,False,False,,2025-12
2679310,GuildMestar,2025-12-19,2025-12-19,2025-12-19,False,"[""OffPath LLC""]","[""OffPath LLC""]",False,True,False,False,,2025-12
2937090,Hunters Inc,2025-12-19,2025-12-19,2025-12-19,False,"[""WYLDERZONE""]","[""WYLDERZONE""]",False,True,False,False,,2025-12
3166730,Forest Time,2025-12-19,2025-12-19,2025-12-19,False,"[""Wandering Peak""]","[""Wandering Peak""]",False,True,True,False,,2025-12
3720760,Dawg Game,2025-12-19,2025-12-19,2025-12-19,False,"[""Big Noses Entertainment""]","[""Big Noses Entertainment""]",False,True,False,False,,2025-12
3816720,Ghost Deliverer,2025-12-19,2025-12-19,2025-12-19,False,"[""TEAMDADA""]","[""TEAMDADA""]",False,True,False,False,,2025-12
3871250,Summit Drive a game by Luke Kim,2025-12-19,2025-12-19,2025-12-19,False,"[""Luke Kim""]","[""Luke Kim""]",False,True,False,False,,2025-12
3952640,Virtual Fighter Maneuvers,2025-12-19,2025-12-19,2025-12-19,False,"[""Boundless Dynamics, LLC""]","[""Boundless Dynamics, LLC""]",False,True,False,False,,2025-12
3998890,We Used to Play Here,2025-12-19,2025-12-19,2025-12-19,False,"[""ThreeFrauds""]","[""ThreeFrauds""]",False,True,False,False,,2025-12
4025420,P.I.S.,2025-12-19,2025-12-19,2025-12-19,False,"[""STEAM STREET""]","[""STEAM STREET""]",False,True,False,False,,2025-12
4035270,Space Rock Breaker,2025-12-19,2025-12-19,2025-12-19,False,"[""WAKA WAKA""]","[""WAKA WAKA""]",False,True,False,False,,2025-12
4160160,Dumbubu,2025-12-19,2025-12-19,2025-12-19,False,"[""Upside Down 9""]","[""Upside Down 9""]",True,True,False,False,,2025-12
4175790,Grenzgänger - Aus der DDR in den Westen,2025-12-19,2025-12-19,2025-12-19,False,"[""Playing History GmbH""]","[""Lern- und Erinnerungsort Notaufnahmelager Gießen""]",True,True,True,False,,2025-12
4194980,Dungeonfall,2025-12-19,2025-12-19,2025-12-19,False,"[""AGNQ Tech Solutions""]","[""AGNQ Tech Solutions""]",False,True,True,True,,2025-12
4199750,Escape Game Room Collection Vol.1,2025-12-19,2025-12-19,2025-12-19,False,"[""NEAT ESCAPE""]","[""NEAT ESCAPE""]",False,True,False,False,,2025-12
4212740,Fable Infinity,2025-12-19,2025-12-19,2025-12-19,False,"[""Alexander Sassin""]","[""Alexander Sassin""]",False,True,False,False,,2025-12
4224640,Vらいふ,2025-12-19,2025-12-19,2025-12-19,False,"[""MeteorWing""]","[""MeteorWing""]",False,True,False,False,,2025-12
3316690,the travelers,2025-12-20,2025-12-20,2025-12-20,False,"[""Gabriel Games LLC""]","[""Gabriel Games LLC""]",False,True,False,False,,2025-12
3565330,Squinky,2025-12-20,2025-12-20,2025-12-20,False,"[""Lobigart""]","[""Lobigart""]",False,True,True,True,,2025-12
3840250,Long Black-Haired Schoolgirl Survival Simulation Game,2025-12-20,2025-12-20,2025-12-20,False,"[""stripmine""]","[""stripmine""]",False,True,True,False,,2025-12
3871180,One more gem,2025-12-20,2025-12-20,2025-12-20,False,"[""Cosmin Munteanu""]","[""Cosmin Munteanu""]",False,True,True,True,,2025-12
3908260,Beat of Rebellion,2025-12-20,2025-12-20,2025-12-20,False,"[""CyberRaccoons""]","[""AIV - Accademia Italiana Videogiochi""]",True,True,False,False,,2025-12
4122180,Truck Company,2025-12-20,2025-12-20,2025-12-20,False,"[""GameCode""]","[""GameCode""]",True,True,False,False,,2025-12
4161370,The Entity Within,2025-12-20,2025-12-20,2025-12-20,False,"[""MightyCodeDragon""]","[""MightyCodeDragon""]",False,True,False,False,,2025-12
4169300,Operation: Outbreak,2025-12-20,2025-12-20,2025-12-20,False,"[""DREADMITH Games""]","[""DREADMITH Games""]",True,True,False,False,,2025-12
3017040,Kando Realm,2025-12-21,2025-12-21,2025-12-21,False,"[""KO Studio Games""]","[""KO Studio Games""]",True,True,False,False,,2025-12
4062800,PORTERS,2025-12-21,2025-12-21,2025-12-21,False,"[""Rational Studios""]","[""Rational Studios""]",False,True,False,False,,2025-12
4170730,ElDorado,2025-12-21,2025-12-21,2025-12-21,False,"[""Garbage Games""]","[""Garbage Games""]",False,True,False,False,,2025-12
3027310,Zombi Efem,2025-12-22,2025-12-22,2025-12-22,False,"[""Spaceandtab Company""]","[""Spaceandtab Company""]",False,True,False,False,,2025-12
3061100,栖云：遗忘之境 Oriental Dreams : The Forgotten Realm,2025-12-22,2025-12-22,2025-12-22,False,"[""炭焱网络 Tantrum Network""]","[""山灰猫 ShanHuiMao""]",False,True,False,False,,2025-12
3102750,The happiness of maggots,2025-12-22,2025-12-22,2025-12-22,False,"[""君羊""]","[""君羊""]",False,True,False,False,,2025-12
3131880,The Lubs: True Alliance,2025-12-22,2025-12-22,2025-12-22,False,"[""Meerkat Gameworks""]","[""Meerkat Gameworks""]",False,True,False,False,,2025-12
3356360,Moorhuhn Winter Edition,2025-12-22,2025-12-22,2025-12-22,False,"[""Higgs Games GmbH"",""GeekPit Studio""]","[""Higgs Games GmbH""]",False,True,False,False,,2025-12
3461560,Heist Royale,2025-12-22,2025-12-22,2025-12-22,False,"[""Ballomizzy""]","[""Ballomizzy""]",True,True,False,False,,2025-12
3618090,Noosphere,2025-12-22,2025-12-22,2025-12-22,False,"[""Mocha Games""]","[""Mocha Games""]",False,True,True,False,,2025-12
3873440,Wolvenrise,2025-12-22,2025-12-22,2025-12-22,False,"[""WildDream Studio""]","[""WildDream Studio""]",False,True,True,True,,2025-12
3908770,Project Kouvola,2025-12-22,2025-12-22,2025-12-22,False,"[""LowMoon [Al3x]""]","[""Yukimi GS""]",False,True,True,True,,2025-12
4043890,Monroe Murders,2025-12-22,2025-12-22,2025-12-22,False,"[""Palomino Games"",""Retro E11even""]","[""Palomino Games"",""Retro E11even""]",False,True,False,False,,2025-12
4059600,Coffee Fox: Kim Sam-wol,2025-12-22,2025-12-22,2025-12-22,False,"[""Mystic Quest""]","[""GaniTani""]",False,True,False,False,,2025-12
4073530,Incursion,2025-12-22,2025-12-22,2025-12-22,False,"[""Rudel Studios""]","[""Rudel Studios""]",False,True,False,False,,2025-12
4133950,Agyaat,2025-12-22,2025-12-22,2025-12-22,False,"[""Rajeev Ranjan""]","[""Rajeev Ranjan""]",False,True,False,False,,2025-12
4162300,Obsessed : Trace,2025-12-22,2025-12-22,2025-12-22,False,"[""arydk""]","[""Akhir Hayat Studio""]",False,True,False,False,,2025-12
4178780,TheDrippingSound,2025-12-22,2025-12-22,2025-12-22,False,"[""HONG HARYONG"",""JUNG YOUNJU""]","[""TSICGAMES""]",False,True,False,False,,2025-12
4207860,エレベーション,2025-12-22,2025-12-22,2025-12-22,False,"[""電話倉庫""]","[""電話倉庫""]",True,True,False,False,,2025-12
4212900,Super Sticker Studio - Creative Fun for Everyone,2025-12-22,2025-12-22,2025-12-22,False,"[""Mcpeppergames""]","[""McPeppergames""]",False,True,False,False,,2025-12
4229050,Error: Girlfriend Not Found,2025-12-22,2025-12-22,2025-12-22,False,"[""Byte Me Studios""]","[""Byte Me Studios""]",False,True,True,True,,2025-12
1423630,Holiday Harry,2025-12-23,2025-12-23,2025-12-23,False,"[""Samer Khatib (Snowconesolid Productions)""]","[""Samer Khatib (Snowconesolid Productions)""]",False,True,True,False,,2025-12
2461360,Click Cluck,2025-12-23,2025-12-23,2025-12-23,False,"[""Amca Games""]","[""Amca Games""]",False,True,False,False,,2025-12
3291040,Ordinary Heroes,2025-12-23,2025-12-23,2025-12-23,False,"[""COW Studios""]","[""COW Studios""]",False,True,False,False,,2025-12
3734310,Your Takeout,2025-12-23,2025-12-23,2025-12-23,False,"[""白金城""]","[""白金城""]",False,True,False,False,,2025-12
3851640,Striking Wine,2025-12-23,2025-12-23,2025-12-23,False,"[""hyacinthlet""]","[""hyacinthlet""]",False,True,False,False,,2025-12
3947690,Six Mysteries and One Lie,2025-12-23,2025-12-23,2025-12-23,False,"[""こそあどピエロ""]","[""こそあどピエロ""]",False,True,False,False,,2025-12
4182160,Defend The General,2025-12-23,2025-12-23,2025-12-23,False,"[""N1""]","[""N1""]",False,True,False,False,,2025-12
4199400,Rock Paper Scissors: The Roguelike Puzzle Game,2025-12-23,2025-12-23,2025-12-23,False,"[""LunarCore Games""]","[""LunarCore Games""]",False,True,False,False,,2025-12
4203490,Typing English,2025-12-23,2025-12-23,2025-12-23,False,"[""Novare Orbis""]","[""Novare Orbis""]",False,True,False,False,,2025-12
4230400,Cubio,2025-12-23,2025-12-23,2025-12-23,False,"[""cnsmini""]","[""cnsmini""]",False,True,False,False,,2025-12
4231650,SwingJump,2025-12-23,2025-12-23,2025-12-23,False,"[""EmiDev""]","[""EmiDev""]",False,True,True,False,,2025-12
1731000,Skulker,2025-12-24,2025-12-24,2025-12-24,False,"[""Krow Game""]","[""Krow Game""]",False,True,False,False,,2025-12
2959130,Ghost Shooter,2025-12-24,2025-12-24,2025-12-24,False,"[""ElefseriaGames""]","[""ElefseriaGames""]",False,True,False,False,,2025-12
3036800,PRITTO PRISONER,2025-12-24,2025-12-24,2025-12-24,False,"[""PinCool""]","[""PinCool""]",False,True,True,False,,2025-12
3111670,programming-factory-2,2025-12-24,2025-12-24,2025-12-24,False,"[""KUOKUO""]","[""KUOKUO""]",False,True,False,False,,2025-12
3282260,Marble Quest,2025-12-24,2025-12-24,2025-12-24,False,"[""Wolf Developer"",""ReelablePenny14""]","[""Team Marble Quest""]",False,True,False,False,,2025-12
3406910,Game Of Fate 3：Clash Of Crowns,2025-12-24,2025-12-24,2025-12-24,False,"[""KARMAGAME HK LIMITED""]","[""EpicDream Games""]",False,True,True,False,,2025-12
3458720,Cannoneer,2025-12-24,2025-12-24,2025-12-24,False,"[""dReal""]","[""dReal""]",False,True,False,False,,2025-12
3783190,Useless Timmy,2025-12-24,2025-12-24,2025-12-24,False,"[""KAWA Games""]","[""KAWA Games""]",False,True,False,False,,2025-12
3869100,TearItUp® Remix,2025-12-24,2025-12-24,2025-12-24,False,"[""Immure Creations®""]","[""Immure Creations®""]",False,True,True,True,,2025-12
3918570,Yes,2025-12-24,2025-12-24,2025-12-24,False,"[""Fluflu 64""]","[""Fluflu 64""]",False,True,False,False,,2025-12
4140370,Lang Ops: Korean (intro to learn language),2025-12-24,2025-12-24,2025-12-24,False,"[""Strange Volume Project""]","[""Strange Volume Project""]",False,True,False,False,,2025-12
4217990,Sugoroku New Year's Party,2025-12-24,2025-12-24,2025-12-24,False,"[""SAT-BOX""]","[""SAT-BOX""]",False,True,False,False,,2025-12
4235540,宝姉妹 | スクラッチシミュレーター,2025-12-24,2025-12-24,2025-12-24,False,"[""久川はる"",""園児ニア""]","[""久川はる""]",True,True,False,False,,2025-12
4236610,Halls of the damned,2025-12-24,2025-12-24,2025-12-24,False,"[""Team EX""]","[""Team EX""]",False,True,False,False,,2025-12
2462430,Rogue Slots,2025-12-25,2025-12-25,2025-12-25,False,"[""WubsGames""]","[""WubsGames""]",True,True,False,False,,2025-12
3062450,The Whittled Horse,2025-12-25,2025-12-25,2025-12-25,False,"[""IsaacVoie""]","[""IsaacVoie""]",True,True,False,False,,2025-12
3693720,Concerto on White: Cajon Story,2025-12-25,2025-12-25,2025-12-25,False,"[""C11 Games""]","[""C11 Games""]",False,True,False,False,,2025-12
3790060,Bound Between Desks,2025-12-25,2025-12-25,2025-12-25,False,"[""AnyTale Game Studios""]","[""ANYTALE LLC""]",True,True,True,True,,2025-12
3816450,Amatsuko,2025-12-25,2025-12-25,2025-12-25,False,"[""Arnau""]","[""Companyia Catalana d'Orient""]",False,True,False,False,,2025-12
3844490,Wald-Guard,2025-12-25,2025-12-25,2025-12-25,False,"[""Licht_Fisch""]","[""Licht_Fisch""]",False,True,False,False,,2025-12
4140080,Russian prison,2025-12-25,2025-12-25,2025-12-25,False,"[""Queen of pain""]","[""Queen of pain""]",False,True,False,False,,2025-12
4188280,Balls2,2025-12-25,2025-12-25,2025-12-25,False,"[""Black Disk""]","[""Black Disk""]",False,True,False,True,,2025-12
4203610,Last Gate,2025-12-25,2025-12-25,2025-12-25,False,"[""Village Wind""]","[""Village Wind""]",False,True,False,False,,2025-12
4213650,Hazen's Children,2025-12-25,2025-12-25,2025-12-25,False,"[""TheStar121""]","[""TheStar121""]",False,True,False,False,,2025-12
4222340,Denpa Nightmares,2025-12-25,2025-12-25,2025-12-25,False,"[""不重要"",""候鳥"",""小千"",""心豚""]","[""千鳥豚工作室""]",True,True,False,False,,2025-12
4232770,Driver Night Trip,2025-12-25,2025-12-25,2025-12-25,False,"[""Bell Studio""]","[""Bell Studio""]",False,True,False,False,,2025-12
4233260,Cybersoul,2025-12-25,2025-12-25,2025-12-25,False,"[""Recoil Mojo""]","[""Mojo Games""]",True,True,False,False,,2025-12
4234540,Children's Future,2025-12-25,2025-12-25,2025-12-25,False,"[""西田匡泰""]","[""西田匡泰""]",False,True,False,False,,2025-12
4236590,world of Y,2025-12-25,2025-12-25,2025-12-25,False,"[""YAO""]","[""YAO""]",False,True,False,False,,2025-12
3185010,Hounimal,2025-12-26,2025-12-26,2025-12-26,False,"[""TONTORO Games""]","[""TONTORO""]",False,True,False,False,,2025-12
3709950,光芒世界·暗影中的少女,2025-12-26,2025-12-26,2025-12-26,False,"[""镜子社ZERKALO""]","[""镜子社ZERKALO""]",True,True,False,False,,2025-12
3863120,Machine TakeOver,2025-12-26,2025-12-26,2025-12-26,False,"[""Burak S.""]","[""Burak S.""]",False,True,False,False,,2025-12
3996530,Maggie's Farmyard Adventure,2025-12-26,2025-12-26,2025-12-26,False,"[""Brøderbund"",""Jordan Freeman Group"",""Living Books"",""Wanderful Interactive Storybooks""]","[""ZOOM Platform Media"",""Wanderful Interactive Storybooks""]",False,True,False,False,,2025-12
4056630,Harry and the Haunted House,2025-12-26,2025-12-26,2025-12-26,False,"[""Brøderbund"",""Jordan Freeman Group"",""Living Books"",""Wanderful Interactive Storybooks""]","[""ZOOM Platform Media"",""NoodleWorks Interactive"",""Wanderful Interactive Storybooks""]",False,True,True,True,,2025-12
4135730,GoGDoD,2025-12-26,2025-12-26,2025-12-26,False,"[""WAP""]","[""WAP""]",False,True,True,True,,2025-12
4177540,NOVA ATLANTIS,2025-12-26,2025-12-26,2025-12-26,False,"[""Silvio Reis""]","[""Silvio Reis""]",False,True,False,False,,2025-12
4240940,Gnomophobia,2025-12-26,2025-12-26,2025-12-26,False,"[""Void Chamber""]","[""Void Chamber""]",False,True,False,False,,2025-12
1963370,No One Survived,2025-12-27,2025-12-27,2025-12-27,False,"[""Cat Play Studio""]","[""Cat Play Studio""]",False,True,False,False,,2025-12
3302620,Live Well,2025-12-27,2025-12-27,2025-12-27,False,"[""SoteroApps""]","[""SoteroApps""]",False,True,False,False,,2025-12
3830610,RETRYS,2025-12-27,2025-12-27,2025-12-27,False,"[""Studio Garage Inc.""]","[""Studio Garage Inc.""]",False,True,False,False,,2025-12
4000480,Boffins History Quiz Reel,2025-12-27,2025-12-27,2025-12-27,False,"[""Coded Relics""]","[""Coded Relics""]",False,True,False,False,,2025-12
4081960,Push and Plunder,2025-12-27,2025-12-27,2025-12-27,False,"[""JK's Gamedev""]","[""JK's Gamedev""]",False,True,False,False,,2025-12
4220940,Five Nights In Saransk,2025-12-27,2025-12-27,2025-12-27,False,"["" Pine Games""]","["" Pine Games""]",False,True,False,False,,2025-12
3252440,Geon,2025-12-28,2025-12-28,2025-12-28,False,"[""Zorrid""]","[""Zorrid""]",False,True,False,False,,2025-12
3505600,Panopticon,2025-12-28,2025-12-28,2025-12-28,False,"[""Achimphang Studio""]","[""Achimphang Studio""]",False,True,False,False,,2025-12
4205860,World Without,2025-12-28,2025-12-28,2025-12-28,False,"[""Neo Studios""]","[""Neocode""]",False,True,False,False,,2025-12
4221760,Endless Tiles,2025-12-28,2025-12-28,2025-12-28,False,"[""Zemon""]","[""Zemon""]",False,True,False,False,,2025-12
3726630,Depths of Insanity 3,2025-12-29,2025-12-29,2025-12-29,False,"[""Sloppy Joe Studios""]","[""Sloppy Joe Studios""]",False,True,False,False,,2025-12
4112630,H4CT0PL45M,2025-12-29,2025-12-29,2025-12-29,False,"[""MetricBead""]","[""MetricBead""]",False,True,False,True,,2025-12
4217330,Six Seals,2025-12-29,2025-12-29,2025-12-29,False,"[""Horrawr""]","[""Horrawr""]",False,True,False,False,,2025-12
4222270,Dear Lighthouse,2025-12-29,2025-12-29,2025-12-29,False,"[""NLX2""]","[""NLX2""]",False,True,False,False,,2025-12
4231540,SportsBlitz,2025-12-29,2025-12-29,2025-12-29,False,"[""Hayden Longfield"",""Thomas Drage"",""Blake Cardilini"",""Jeremiah Franklin"",""AJ Weston"",""Luke Woodman""]","[""SportsBlitz""]",True,True,False,False,,2025-12
4249550,The Frog That Leapt Too Far,2025-12-29,2025-12-29,2025-12-29,False,"[""FeetEnjoyer""]","[""FeetEnjoyer""]",True,True,False,True,,2025-12
3313200,Cat Snap,2025-12-30,2025-12-30,2025-12-30,False,"[""Max Neet Games""]","[""Max Neet Games""]",False,True,False,False,,2025-12
3771660,Pass Tiger Cage,2025-12-30,2025-12-30,2025-12-30,False,"[""中军MT""]","[""中军MT""]",False,True,False,False,,2025-12
3854060,FlippUp,2025-12-30,2025-12-30,2025-12-30,False,"[""Try Again Entertainment""]","[""Try Again Entertainment""]",False,True,False,True,,2025-12
4123500,Samurai Ace,2025-12-30,2025-12-30,2025-12-30,False,"[""Zerodiv""]","[""KMBOX""]",False,True,False,False,,2025-12
4164440,Meow Time Machine: VAN GOGH Plus,2025-12-30,2025-12-30,2025-12-30,False,"[""Magic Cat""]","[""Indofun""]",False,True,False,False,,2025-12
4168670,Maelslime,2025-12-30,2025-12-30,2025-12-30,False,"[""WinstonK""]","[""WinstonK""]",False,True,False,False,,2025-12
4226540,Hidden Paradise: Kiwi Christmas Collector's Edition,2025-12-30,2025-12-30,2025-12-30,False,"[""Do Games Limited""]","[""Do Games Limited""]",False,True,False,False,,2025-12
4256310,S.P.E.C.T.O.R 01,2025-12-30,2025-12-30,2025-12-30,False,"[""NAKGAMES""]","[""NAKGAMES""]",True,True,False,False,,2025-12
2617360,Paddle Protectors,2025-12-31,2025-12-31,2025-12-31,False,"[""Huhi Games""]","[""Huhi Games""]",False,True,False,False,,2025-12
3220430,Mind Hole,2025-12-31,2025-12-31,2025-12-31,False,"[""James H. Van der Meulen""]","[""Trash Vomit Studios""]",False,True,False,False,,2025-12
3312430,Second Odium,2025-12-31,2025-12-31,2025-12-31,False,"[""James H. Van der Meulen""]","[""Trash Vomit Studios""]",False,True,False,False,,2025-12
3436650,No Other Alchemists Here,2025-12-31,2025-12-31,2025-12-31,False,"[""Trabasura""]","[""Trabasura""]",False,True,True,False,,2025-12
3486280,Long Knives,2025-12-31,2025-12-31,2025-12-31,False,"[""Jade Hex""]","[""Jade Hex""]",True,True,True,False,,2025-12
3533360,Filiy Eclipse,2025-12-31,2025-12-31,2025-12-31,False,"[""Muramasa Fudo""]","[""Muramasa Fudo""]",False,True,False,False,,2025-12
3535330,Terraspace,2025-12-31,2025-12-31,2025-12-31,False,"[""Black Apple""]","[""Black Apple""]",False,True,False,False,,2025-12
3582270,RYZY NYIL,2025-12-31,2025-12-31,2025-12-31,False,"[""SB_Games_Public""]","[""SB_Games_Public""]",False,True,False,False,,2025-12
3606340,Harvest Reaper,2025-12-31,2025-12-31,2025-12-31,False,"[""James H. Van der Meulen""]","[""Trash Vomit Studios""]",False,True,False,False,,2025-12
3743850,Late Hours,2025-12-31,2025-12-31,2025-12-31,False,"[""Miguel Roman"",""Yasmany Roman""]","[""Rapture Ready Games""]",False,True,False,False,,2025-12
3985770,Arrow Spire: Tower Defense,2025-12-31,2025-12-31,2025-12-31,False,"[""Kettle Studio""]","[""Kettle Studio""]",False,True,True,True,,2025-12
4130720,Pulse Grid,2025-12-31,2025-12-31,2025-12-31,False,"[""John Mark Presents""]","[""John Mark Presents""]",False,True,False,False,,2025-12
4187520,Periodic Table Game,2025-12-31,2025-12-31,2025-12-31,False,"[""THE NESTING GROUNDS""]","[""GLORIOUSALBATROSS""]",False,True,False,True,,2025-12
4217800,Sweeper,2025-12-31,2025-12-31,2025-12-31,False,"[""Solarbang""]","[""Solarbang""]",False,True,False,False,,2025-12
4221860,Sycophant,2025-12-31,2025-12-31,2025-12-31,False,"[""Fractious""]","[""Fractious""]",False,True,False,False,,2025-12
4232360,Buttons Up!,2025-12-31,2025-12-31,2025-12-31,False,"[""Jestercraft""]","[""Jestercraft""]",False,True,True,True,,2025-12
4241940,Sundered Soul: Chains of the Undying,2025-12-31,2025-12-31,2025-12-31,False,"[""Aeoln Studios""]","[""Aeoln Studios""]",False,True,False,False,,2025-12
