"appid","review_count","attention_tier","high_attention_100","is_free","current_price_usd","days_since_release","log_days","platform_segment","genre_action","genre_adventure","genre_casual","genre_indie","genre_rpg","genre_simulation","genre_strategy","tier_price_spline_1","tier_price_spline_2","tier_price_spline_3"
267390,14,"Tier2",0,0,17.99,394,5.97635090929793,"Windows only",0,1,0,0,0,0,0,0.429376064752116,-0.185567587009545,0.204263061086857
427410,41961,"Tier4",1,0,34.99,418,6.03548143252476,"Windows only",1,1,0,0,1,1,0,0.435228922861523,-0.245501068980568,0.413888556241668
444930,214,"Tier3",1,1,0,332,5.80513496891649,"Windows + macOS + Linux",1,0,1,1,0,1,0,0,0,0
496170,9,"Tier1",0,0,5.99,299,5.70044357339069,"Windows only",0,1,1,1,0,0,0,-0.0168287319568234,0.00432550733585602,-0.00254065785494112
497880,12,"Tier2",0,0,9.99,278,5.62762111369064,"Windows only",0,0,1,1,0,0,1,0.251218860272004,-0.0918672356966252,0.068024739758569
533610,10,"Tier2",0,0,5.99,335,5.81413053182507,"Windows only",1,1,0,1,0,0,0,-0.0168287319568234,0.00432550733585602,-0.00254065785494112
541300,4715,"Tier4",1,0,19.99,282,5.64190707093811,"Windows only",1,1,0,1,0,1,0,0.443367319783897,-0.198158365479033,0.23384151956249
606160,7248,"Tier4",1,0,17.49,283,5.64544689764324,"Windows only",1,1,0,1,0,0,0,0.424742323019891,-0.181990650300696,0.196606670379872
633080,1101,"Tier4",1,0,19.99,395,5.97888576490112,"Windows only",1,1,0,1,1,0,0,0.443367319783897,-0.198158365479033,0.23384151956249
660200,1,"Tier1",0,0,9.99,436,6.07764224334903,"Windows + macOS",1,0,1,1,0,0,1,0.251218860272004,-0.0918672356966252,0.068024739758569
690320,5,"Tier1",0,0,4.99,299,5.70044357339069,"Windows + Linux",1,0,0,1,0,0,0,-0.097980093369211,0.0172174383899374,-0.00980705605692289
766500,19,"Tier2",0,0,3.99,318,5.76205138278018,"Windows + macOS",1,1,0,1,0,0,0,-0.163294420304253,0.0039253576640299,-0.00263922125326072
832360,419,"Tier3",1,0,19.99,355,5.87211778947542,"Windows + macOS + Linux",0,0,1,1,0,1,1,0.443367319783897,-0.198158365479033,0.23384151956249
863970,7,"Tier1",0,0,14.99,300,5.7037824746562,"Windows only",1,0,0,1,0,0,0,0.392571032510476,-0.160815293725573,0.156651314964725
887330,22,"Tier2",0,0,19.99,304,5.71702770140622,"Windows only",1,0,0,0,0,0,1,0.443367319783897,-0.198158365479033,0.23384151956249
990380,1910,"Tier4",1,0,19.99,376,5.92958914338989,"Windows only",1,1,0,0,0,0,0,0.443367319783897,-0.198158365479033,0.23384151956249
1004640,5650,"Tier4",1,0,49.99,348,5.85220247977447,"Windows only",0,0,0,0,1,0,1,0.366757544550316,-0.260600662025219,0.545952946944552
1024820,9,"Tier1",0,0,24.99,296,5.69035945432406,"Windows only",1,0,0,1,0,1,0,0.456151751806107,-0.220841737810706,0.30120429943399
1033380,8,"Tier1",0,0,9.99,344,5.8406416573734,"Windows + macOS",0,0,0,1,0,0,0,0.251218860272004,-0.0918672356966252,0.068024739758569
1056170,37,"Tier2",0,0,9.99,276,5.62040086571715,"Windows only",1,0,0,1,0,0,0,0.251218860272004,-0.0918672356966252,0.068024739758569
1057580,36,"Tier2",0,0,9.99,418,6.03548143252476,"Windows only",1,0,1,1,0,1,0,0.251218860272004,-0.0918672356966252,0.068024739758569
1058230,2,"Tier1",0,0,4.99,282,5.64190707093811,"Windows only",0,0,1,1,0,0,0,-0.097980093369211,0.0172174383899374,-0.00980705605692289
1058710,365,"Tier3",1,0,11.99,398,5.98645200528444,"Windows only",0,0,0,1,1,1,1,0.325096773641836,-0.125268847109111,0.10484064365824
1101650,2,"Tier1",0,0,2.99,270,5.59842195899838,"Windows only",1,0,0,1,1,1,0,-0.200102891281294,-0.0515775081764219,0.0272910343386091
1126340,8,"Tier1",0,0,4.99,358,5.8805329864007,"Windows only",0,0,0,1,0,0,0,-0.097980093369211,0.0172174383899374,-0.00980705605692289
1141550,1682,"Tier4",1,0,4.99,301,5.70711026474888,"Windows only",1,1,1,1,0,1,0,-0.097980093369211,0.0172174383899374,-0.00980705605692289
1151990,76,"Tier2",0,0,9.99,381,5.9427993751267,"Windows + macOS + Linux",0,1,1,1,0,0,1,0.251218860272004,-0.0918672356966252,0.068024739758569
1154140,1,"Tier1",0,0,12.99,366,5.90263333340137,"Windows only",0,1,1,1,1,1,1,0.352184179054766,-0.138692384061404,0.122585476016817
1156820,36,"Tier2",0,0,7.99,297,5.6937321388027,"Windows only",1,0,0,1,1,0,0,0.138467671971053,-0.0461391003521592,0.0300758282519593
1166940,43,"Tier2",0,0,29.99,313,5.74620319054015,"Windows only",1,1,0,1,0,0,0,0.450508679108406,-0.235558822620563,0.360701542701817
1170570,4712,"Tier4",1,0,19.99,423,6.04737217904628,"Windows + macOS + Linux",0,1,0,1,0,0,0,0.443367319783897,-0.198158365479033,0.23384151956249
1191050,5,"Tier1",0,0,9.99,338,5.82304589548302,"Windows only",1,1,0,1,0,0,0,0.251218860272004,-0.0918672356966252,0.068024739758569
1194040,4,"Tier1",0,0,6.99,415,6.0282785202307,"Windows only",0,0,1,1,0,0,0,0.0647926208600656,-0.0196821001690604,0.012133851804991
1201700,477,"Tier3",1,0,9.35,402,5.99645208861902,"Windows + macOS + Linux",0,0,0,1,0,1,1,0.220222307539691,-0.0787817901989881,0.0559290554798511
1239360,218,"Tier3",1,0,16.99,346,5.84643877505772,"Windows + macOS + Linux",1,1,0,1,0,0,0,0.419575949297417,-0.178216261844633,0.188841310784716
1264970,576,"Tier3",1,0,10.49,277,5.62401750618734,"Windows + macOS",0,0,0,1,0,0,1,0.272652489940333,-0.101190374052271,0.0773801211224114
1273640,206,"Tier3",1,0,6.99,423,6.04737217904628,"Windows + macOS",0,1,1,1,0,0,0,0.0647926208600656,-0.0196821001690604,0.012133851804991
1274700,5,"Tier1",0,0,1.49,353,5.8664680569333,"Windows + macOS",1,0,0,1,0,0,0,-0.160133911506303,-0.275447494805641,0.14801427660185
1275550,326,"Tier3",1,0,24.99,360,5.88610403145016,"Windows + macOS",0,1,0,1,0,0,0,0.456151751806107,-0.220841737810706,0.30120429943399
1283360,6,"Tier1",0,0,1.99,283,5.64544689764324,"Windows only",1,0,0,1,0,0,0,-0.191000956662677,-0.174609008555128,0.0936365139174693
1292460,66,"Tier2",0,0,19.99,374,5.92425579741453,"Windows + macOS + Linux",1,1,0,1,1,0,0,0.443367319783897,-0.198158365479033,0.23384151956249
1295870,63,"Tier2",0,0,9.99,311,5.73979291217923,"Windows + macOS + Linux",0,0,0,0,1,0,1,0.251218860272004,-0.0918672356966252,0.068024739758569
1296660,130,"Tier3",1,0,34.99,306,5.72358510195238,"Windows only",1,1,0,1,0,0,1,0.435228922861523,-0.245501068980568,0.413888556241668
1298430,10,"Tier2",0,0,14.99,325,5.78382518232974,"Windows + macOS",0,0,0,1,1,0,1,0.392571032510476,-0.160815293725573,0.156651314964725
1308940,112,"Tier3",1,0,19.99,409,6.0137151560428,"Windows only",0,1,1,1,0,0,0,0.443367319783897,-0.198158365479033,0.23384151956249
1329030,13,"Tier2",0,0,9.99,306,5.72358510195238,"Windows + macOS + Linux",0,0,1,1,0,0,0,0.251218860272004,-0.0918672356966252,0.068024739758569
1330360,409,"Tier3",1,0,29.99,363,5.89440283426485,"Windows only",0,0,0,0,1,1,1,0.450508679108406,-0.235558822620563,0.360701542701817
1342490,1831,"Tier4",1,0,27.99,373,5.92157841964382,"Windows only",1,0,0,0,0,0,0,0.454277454569008,-0.23037795728559,0.337737338755611
1342690,413,"Tier3",1,0,14.99,325,5.78382518232974,"Windows only",0,1,0,1,0,0,0,0.392571032510476,-0.160815293725573,0.156651314964725
1344550,83,"Tier2",0,0,17.99,426,6.05443934626937,"Windows + macOS + Linux",1,0,0,1,1,0,0,0.429376064752116,-0.185567587009545,0.204263061086857
1380990,74,"Tier2",0,0,19.99,355,5.87211778947542,"Windows only",1,1,0,1,0,0,0,0.443367319783897,-0.198158365479033,0.23384151956249
1386750,311,"Tier3",1,0,19.99,335,5.81413053182507,"Windows + macOS + Linux",1,1,0,1,1,0,0,0.443367319783897,-0.198158365479033,0.23384151956249
1395520,3644,"Tier4",1,0,19.99,321,5.77144112313002,"Windows + Linux",0,1,0,0,0,0,0,0.443367319783897,-0.198158365479033,0.23384151956249
1408090,11,"Tier2",0,0,19.99,416,6.03068526026126,"Windows + macOS",0,0,1,1,0,1,0,0.443367319783897,-0.198158365479033,0.23384151956249
1408730,5,"Tier1",0,0,14.99,425,6.05208916892442,"Windows + macOS",1,1,0,1,0,0,0,0.392571032510476,-0.160815293725573,0.156651314964725
1421250,27145,"Tier4",1,0,10.99,282,5.64190707093811,"Windows + macOS",0,1,0,1,0,0,0,0.291956005597191,-0.109818110275501,0.0866397974300799
1423630,4,"Tier1",0,0,7.99,264,5.57594910314632,"Windows + macOS",1,1,1,1,1,1,1,0.138467671971053,-0.0461391003521592,0.0300758282519593
1425980,1524,"Tier4",1,0,3.99,390,5.96614673912369,"Windows only",0,1,1,1,0,1,0,-0.163294420304253,0.0039253576640299,-0.00263922125326072
1427070,3,"Tier1",0,0,7.99,424,6.04973345523196,"Windows only",1,0,1,1,0,0,0,0.138467671971053,-0.0461391003521592,0.0300758282519593
1447820,152,"Tier3",1,0,19.99,388,5.96100533962327,"Windows + Linux",1,1,0,1,1,0,0,0.443367319783897,-0.198158365479033,0.23384151956249
1449110,8398,"Tier4",1,0,69.99,319,5.76519110278484,"Windows only",1,1,0,0,1,0,0,0.266233746955022,-0.26624673578549,0.680223012485208
1456570,23,"Tier2",0,0,14.99,339,5.82600010738045,"Windows only",0,1,1,1,0,0,0,0.392571032510476,-0.160815293725573,0.156651314964725
1471650,489,"Tier3",1,0,29.99,381,5.9427993751267,"Windows only",1,1,0,1,0,0,0,0.450508679108406,-0.235558822620563,0.360701542701817
1476400,60,"Tier2",0,0,19.99,356,5.87493073085203,"Windows only",0,0,0,1,0,0,1,0.443367319783897,-0.198158365479033,0.23384151956249
1517560,15,"Tier2",0,0,9.99,348,5.85220247977447,"Windows only",1,1,0,1,0,0,0,0.251218860272004,-0.0918672356966252,0.068024739758569
1533140,5,"Tier1",0,0,4.99,347,5.84932477994686,"Windows only",0,0,1,0,0,1,0,-0.097980093369211,0.0172174383899374,-0.00980705605692289
1538550,1848,"Tier4",1,0,24.99,363,5.89440283426485,"Windows only",0,1,1,0,0,0,0,0.456151751806107,-0.220841737810706,0.30120429943399
1541370,627,"Tier3",1,0,12.99,319,5.76519110278484,"Windows + macOS",0,0,0,0,0,1,0,0.352184179054766,-0.138692384061404,0.122585476016817
1548180,197,"Tier3",1,0,19.99,424,6.04973345523196,"Windows only",1,1,0,1,0,0,1,0.443367319783897,-0.198158365479033,0.23384151956249
1556010,73,"Tier2",0,0,10.99,277,5.62401750618734,"Windows only",1,0,0,0,0,0,0,0.291956005597191,-0.109818110275501,0.0866397974300799
1558800,102,"Tier3",1,0,3.99,282,5.64190707093811,"Windows only",0,0,1,1,0,0,0,-0.163294420304253,0.0039253576640299,-0.00263922125326072
1560160,75,"Tier2",0,0,14.99,328,5.79301360838414,"Windows only",1,1,1,1,1,0,0,0.392571032510476,-0.160815293725573,0.156651314964725
1567530,19,"Tier2",0,0,19.99,384,5.95064255258773,"Windows only",0,1,0,1,0,0,0,0.443367319783897,-0.198158365479033,0.23384151956249
1574570,236,"Tier3",1,0,4.99,311,5.73979291217923,"Windows + macOS + Linux",0,1,1,1,1,1,0,-0.097980093369211,0.0172174383899374,-0.00980705605692289
1575810,147,"Tier3",1,0,24.99,359,5.88332238848828,"Windows only",0,1,0,1,1,0,0,0.456151751806107,-0.220841737810706,0.30120429943399
1583540,15,"Tier2",0,0,49.69,426,6.05443934626937,"Windows + macOS",0,0,0,1,0,1,0,0.368262352336686,-0.260429465200469,0.543630213614568
1594040,359,"Tier3",1,0,39.99,320,5.76832099579377,"Windows only",1,0,0,0,0,0,0,0.414741112884119,-0.252383810537472,0.461936938410595
1599420,27,"Tier2",0,0,14.99,409,6.0137151560428,"Windows only",1,1,0,1,0,0,0,0.392571032510476,-0.160815293725573,0.156651314964725
1605250,725,"Tier3",1,0,24.99,360,5.88610403145016,"Windows only",1,0,0,1,0,0,1,0.456151751806107,-0.220841737810706,0.30120429943399
1620730,4254,"Tier4",1,0,49.99,374,5.92425579741453,"Windows only",1,1,0,0,0,0,0,0.366757544550316,-0.260600662025219,0.545952946944552
1622630,63,"Tier2",0,0,29.99,376,5.92958914338989,"Windows only",1,1,0,0,0,0,0,0.450508679108406,-0.235558822620563,0.360701542701817
1623120,34,"Tier2",0,0,4.99,400,5.99146454710798,"Windows only",1,0,0,0,0,0,0,-0.097980093369211,0.0172174383899374,-0.00980705605692289
1639710,6,"Tier1",0,0,4.99,408,6.01126717440416,"Windows + macOS + Linux",1,0,0,1,0,0,0,-0.097980093369211,0.0172174383899374,-0.00980705605692289
1644700,5,"Tier1",0,0,2.99,290,5.66988092298052,"Windows only",1,1,0,0,0,0,0,-0.200102891281294,-0.0515775081764219,0.0272910343386091
1645630,737,"Tier3",1,0,24.99,283,5.64544689764324,"Windows only",1,1,0,1,0,0,0,0.456151751806107,-0.220841737810706,0.30120429943399
1652400,6,"Tier1",0,0,9.99,270,5.59842195899838,"Windows only",0,1,1,1,0,1,1,0.251218860272004,-0.0918672356966252,0.068024739758569
1657630,43483,"Tier4",1,0,17.99,355,5.87211778947542,"Windows only",1,1,1,1,0,1,0,0.429376064752116,-0.185567587009545,0.204263061086857
1660960,466,"Tier3",1,0,19.99,306,5.72358510195238,"Windows only",1,1,0,1,0,0,0,0.443367319783897,-0.198158365479033,0.23384151956249
1665260,295,"Tier3",1,0,9.99,366,5.90263333340137,"Windows + macOS + Linux",1,1,0,1,0,0,0,0.251218860272004,-0.0918672356966252,0.068024739758569
1670690,572,"Tier3",1,0,19.99,277,5.62401750618734,"Windows only",1,1,0,1,0,0,0,0.443367319783897,-0.198158365479033,0.23384151956249
1689390,32,"Tier2",0,0,14.99,321,5.77144112313002,"Windows only",1,1,0,1,1,0,0,0.392571032510476,-0.160815293725573,0.156651314964725
1693040,1056,"Tier4",1,0,12.99,359,5.88332238848828,"Windows only",1,0,0,1,0,0,0,0.352184179054766,-0.138692384061404,0.122585476016817
1699230,2520,"Tier4",1,0,14.99,290,5.66988092298052,"Windows only",1,1,0,1,0,0,0,0.392571032510476,-0.160815293725573,0.156651314964725
1710260,5,"Tier1",0,0,7.99,314,5.74939298590825,"Windows + Linux",0,1,1,1,0,0,0,0.138467671971053,-0.0461391003521592,0.0300758282519593
1711790,12,"Tier2",0,0,5.99,290,5.66988092298052,"Windows only",0,0,0,1,0,0,0,-0.0168287319568234,0.00432550733585602,-0.00254065785494112
1714530,60,"Tier2",0,0,24.99,342,5.8348107370626,"Windows only",1,1,0,0,1,0,0,0.456151751806107,-0.220841737810706,0.30120429943399
1715860,10,"Tier2",0,0,7.99,409,6.0137151560428,"Windows only",1,0,0,1,0,0,0,0.138467671971053,-0.0461391003521592,0.0300758282519593
1717400,50,"Tier2",0,0,14.99,325,5.78382518232974,"Windows + macOS",0,1,0,1,0,0,0,0.392571032510476,-0.160815293725573,0.156651314964725
1718460,1441,"Tier4",1,0,29.99,275,5.61677109766657,"Windows + macOS + Linux",1,0,0,0,0,0,0,0.450508679108406,-0.235558822620563,0.360701542701817
1724030,153,"Tier3",1,0,9.99,382,5.94542060860658,"Windows + macOS",0,0,0,0,1,0,1,0.251218860272004,-0.0918672356966252,0.068024739758569
1727750,2,"Tier1",0,0,14.99,282,5.64190707093811,"Windows + Linux",0,0,0,1,0,0,1,0.392571032510476,-0.160815293725573,0.156651314964725
1731000,21,"Tier2",0,0,9.99,263,5.57215403217776,"Windows only",0,0,1,1,1,0,0,0.251218860272004,-0.0918672356966252,0.068024739758569
1735700,8544,"Tier4",1,0,23.99,423,6.04737217904628,"Windows only",0,1,0,1,1,1,1,0.455474756915512,-0.217085698098563,0.288418503969787
1748160,27,"Tier2",0,0,4.99,375,5.92692602597041,"Windows only",1,1,0,1,1,1,1,-0.097980093369211,0.0172174383899374,-0.00980705605692289
1752780,38,"Tier2",0,0,6.99,391,5.96870755998537,"Windows + macOS + Linux",1,1,0,0,0,0,0,0.0647926208600656,-0.0196821001690604,0.012133851804991
1757300,10663,"Tier4",1,0,19.99,359,5.88332238848828,"Windows only",1,1,0,1,0,0,0,0.443367319783897,-0.198158365479033,0.23384151956249
1803850,31,"Tier2",0,0,11.24,348,5.85220247977447,"Windows + macOS + Linux",0,0,1,0,0,0,0,0.300885208550545,-0.11389438240413,0.0912310050205625
1805570,42,"Tier2",0,0,4.99,419,6.03787091992214,"Windows only",0,0,0,1,0,0,1,-0.097980093369211,0.0172174383899374,-0.00980705605692289
1817500,746,"Tier3",1,0,5.99,293,5.68017260901707,"Windows + macOS + Linux",1,0,0,1,0,0,0,-0.0168287319568234,0.00432550733585602,-0.00254065785494112
1820100,66,"Tier2",0,0,9.99,328,5.79301360838414,"Windows only",1,1,1,1,0,0,0,0.251218860272004,-0.0918672356966252,0.068024739758569
1821550,7,"Tier1",0,0,5.99,272,5.605802066296,"Windows only",1,0,0,0,0,1,0,-0.0168287319568234,0.00432550733585602,-0.00254065785494112
1829920,3,"Tier1",0,0,4.99,290,5.66988092298052,"Windows only",1,0,1,1,0,0,0,-0.097980093369211,0.0172174383899374,-0.00980705605692289
1844460,6,"Tier1",0,0,5.99,361,5.88887795833288,"Windows only",1,1,0,1,0,0,0,-0.0168287319568234,0.00432550733585602,-0.00254065785494112
1856490,26,"Tier2",0,0,14.99,436,6.07764224334903,"Windows only",0,0,0,1,1,0,1,0.392571032510476,-0.160815293725573,0.156651314964725
1858790,1,"Tier1",0,0,4.99,301,5.70711026474888,"Windows only",0,1,0,1,0,0,0,-0.097980093369211,0.0172174383899374,-0.00980705605692289
1860290,1,"Tier1",0,0,4.99,415,6.0282785202307,"Windows only",1,0,0,1,0,0,0,-0.097980093369211,0.0172174383899374,-0.00980705605692289
1861410,43,"Tier2",0,0,17.99,297,5.6937321388027,"Windows only",1,0,0,0,0,0,1,0.429376064752116,-0.185567587009545,0.204263061086857
1864000,2301,"Tier4",1,0,18.99,402,5.99645208861902,"Windows only",0,1,1,1,1,0,0,0.43720965676205,-0.192182946818671,0.219257388142993
1866640,1,"Tier1",0,0,1.99,330,5.79909265446053,"Windows only",1,0,0,1,0,0,0,-0.191000956662677,-0.174609008555128,0.0936365139174693
1869290,1466,"Tier4",1,0,25.49,394,5.97635090929793,"Windows only",1,1,0,1,0,0,0,0.456219270970799,-0.222601878415525,0.307478884452412
1869780,826,"Tier3",1,0,19.99,418,6.03548143252476,"Windows only",1,1,0,1,1,0,0,0.443367319783897,-0.198158365479033,0.23384151956249
1880620,1344,"Tier4",1,0,23.99,325,5.78382518232974,"Windows only",1,0,1,0,0,0,0,0.455474756915512,-0.217085698098563,0.288418503969787
1891030,4,"Tier1",0,0,6.99,284,5.64897423816121,"Windows only",1,0,0,1,0,0,0,0.0647926208600656,-0.0196821001690604,0.012133851804991
1893440,104,"Tier3",1,0,14.99,310,5.73657229747919,"Windows + macOS + Linux",1,1,0,1,1,0,0,0.392571032510476,-0.160815293725573,0.156651314964725
1909840,2047,"Tier4",1,0,17.99,312,5.74300318780948,"Windows only",1,1,0,1,0,1,0,0.429376064752116,-0.185567587009545,0.204263061086857
1911200,1,"Tier1",0,0,9.99,313,5.74620319054015,"Windows only",1,1,0,1,0,1,1,0.251218860272004,-0.0918672356966252,0.068024739758569
1925940,21,"Tier2",0,1,0,322,5.77455154554441,"Windows only",0,1,0,0,0,1,0,0,0,0
1926610,47,"Tier2",0,0,19.99,312,5.74300318780948,"Windows + macOS",0,0,1,1,0,1,1,0.443367319783897,-0.198158365479033,0.23384151956249
1929290,1787,"Tier4",1,0,12.79,278,5.62762111369064,"Windows + macOS + Linux",1,0,1,1,0,0,0,0.347190778162026,-0.136151259238668,0.119074096616357
1932190,9,"Tier1",0,0,10.19,324,5.78074351579233,"Windows only",1,1,0,0,1,0,0,0.260064868682799,-0.0956850765583875,0.0717777166848892
1935330,13,"Tier2",0,0,19.99,342,5.8348107370626,"Windows only",0,1,0,1,0,0,0,0.443367319783897,-0.198158365479033,0.23384151956249
1936360,181,"Tier3",1,0,12.99,363,5.89440283426485,"Windows only",1,0,0,1,0,0,0,0.352184179054766,-0.138692384061404,0.122585476016817
1940870,43,"Tier2",0,0,6.99,320,5.76832099579377,"Windows only",0,0,1,0,0,1,0,0.0647926208600656,-0.0196821001690604,0.012133851804991
1941370,56,"Tier2",0,0,14.99,290,5.66988092298052,"Windows only",1,0,0,0,0,0,0,0.392571032510476,-0.160815293725573,0.156651314964725
1942500,2,"Tier1",0,0,6.99,269,5.59471137960184,"Windows + Linux",0,0,1,1,0,0,0,0.0647926208600656,-0.0196821001690604,0.012133851804991
1943950,136842,"Tier4",1,0,9.99,325,5.78382518232974,"Windows only",1,0,0,1,0,0,0,0.251218860272004,-0.0918672356966252,0.068024739758569
1946930,18,"Tier2",0,0,3.99,350,5.85793315448346,"Windows only",0,1,1,1,0,0,1,-0.163294420304253,0.0039253576640299,-0.00263922125326072
1947160,17,"Tier2",0,0,12,342,5.8348107370626,"Windows only",1,1,0,1,0,0,0,0.325395405556167,-0.125412436935798,0.105020394767626
1951060,17,"Tier2",0,0,8.99,397,5.98393628068719,"Windows only",0,0,1,1,0,1,0,0.200788076739357,-0.0707802778736949,0.0490770781566566
1961850,60,"Tier2",0,0,20,286,5.65599181081985,"Windows + macOS + Linux",0,1,0,1,0,0,0,0.44342128098525,-0.198215170564446,0.233985348263895
1962020,5,"Tier1",0,0,9.99,303,5.71373280550937,"Windows + Linux",1,0,1,1,0,1,0,0.251218860272004,-0.0918672356966252,0.068024739758569
1963370,6960,"Tier4",1,0,16.99,260,5.56068163101553,"Windows only",0,1,0,1,1,0,0,0.419575949297417,-0.178216261844633,0.188841310784716
1968180,21,"Tier2",0,0,4.49,311,5.73979291217923,"Windows + macOS + Linux",1,1,0,1,0,1,0,-0.133453755302326,0.0147876202368631,-0.00849676194396054
1968440,1,"Tier1",0,0,9.99,302,5.71042701737487,"Windows only",1,1,1,1,1,1,0,0.251218860272004,-0.0918672356966252,0.068024739758569
1976860,123,"Tier3",1,0,13.99,306,5.72358510195238,"Windows only",1,0,0,1,0,0,1,0.374378963846971,-0.15044831662319,0.139856650607732
1983950,2,"Tier1",0,0,2.99,317,5.75890177387728,"Windows only",0,1,1,1,0,0,1,-0.200102891281294,-0.0515775081764219,0.0272910343386091
1985300,7,"Tier1",0,0,9.99,321,5.77144112313002,"Windows only",1,1,0,1,1,0,0,0.251218860272004,-0.0918672356966252,0.068024739758569
1989960,4,"Tier1",0,0,2.99,304,5.71702770140622,"Windows + Linux",1,0,1,1,0,0,0,-0.200102891281294,-0.0515775081764219,0.0272910343386091
1995980,7,"Tier1",0,0,1.99,354,5.86929691313377,"Windows only",0,0,1,1,0,0,0,-0.191000956662677,-0.174609008555128,0.0936365139174693
2000780,14,"Tier2",0,0,9.99,374,5.92425579741453,"Windows + macOS",1,1,0,1,0,0,0,0.251218860272004,-0.0918672356966252,0.068024739758569
2000970,40,"Tier2",0,0,11.99,339,5.82600010738045,"Windows + Linux",1,1,0,1,0,0,1,0.325096773641836,-0.125268847109111,0.10484064365824
2012510,2103,"Tier4",1,1,0,404,6.00141487796115,"Windows only",1,0,0,0,0,0,1,0,0,0
2016460,3235,"Tier4",1,0,34.99,411,6.01859321449623,"Windows only",0,0,1,1,1,1,0,0.435228922861523,-0.245501068980568,0.413888556241668
2018960,30,"Tier2",0,0,19.99,276,5.62040086571715,"Windows only",1,1,0,1,1,1,0,0.443367319783897,-0.198158365479033,0.23384151956249
2021390,64,"Tier2",0,0,3.99,283,5.64544689764324,"Windows + macOS",1,0,0,1,0,0,0,-0.163294420304253,0.0039253576640299,-0.00263922125326072
2022230,104,"Tier3",1,0,19.99,405,6.00388706710654,"Windows + macOS + Linux",0,0,0,1,0,0,1,0.443367319783897,-0.198158365479033,0.23384151956249
2025870,17,"Tier2",0,0,12.99,359,5.88332238848828,"Windows + macOS",1,0,0,1,0,0,0,0.352184179054766,-0.138692384061404,0.122585476016817
2055400,1,"Tier1",0,0,1.99,306,5.72358510195238,"Windows only",0,0,1,0,0,0,1,-0.191000956662677,-0.174609008555128,0.0936365139174693
2058140,177,"Tier3",1,0,12.99,362,5.89164421182577,"Windows only",1,1,1,1,0,0,0,0.352184179054766,-0.138692384061404,0.122585476016817
2060160,8990,"Tier4",1,0,7.99,338,5.82304589548302,"Windows + macOS",0,0,1,1,0,1,1,0.138467671971053,-0.0461391003521592,0.0300758282519593
2070860,11,"Tier2",0,0,9.99,380,5.94017125272043,"Windows + Linux",0,1,1,1,0,0,0,0.251218860272004,-0.0918672356966252,0.068024739758569
2074740,20,"Tier2",0,0,14.99,384,5.95064255258773,"Windows + macOS",0,1,1,1,1,0,0,0.392571032510476,-0.160815293725573,0.156651314964725
2076520,146,"Tier3",1,0,19.99,289,5.66642668811243,"Windows only",1,1,0,1,0,0,0,0.443367319783897,-0.198158365479033,0.23384151956249
2077750,86,"Tier2",0,0,24.99,307,5.7268477475872,"Windows only",0,0,0,0,0,1,0,0.456151751806107,-0.220841737810706,0.30120429943399
2085620,115,"Tier3",1,0,11.99,312,5.74300318780948,"Windows only",1,1,0,1,1,0,0,0.325096773641836,-0.125268847109111,0.10484064365824
2092170,6,"Tier1",0,0,11.99,324,5.78074351579233,"Windows only",1,0,0,1,0,0,0,0.325096773641836,-0.125268847109111,0.10484064365824
2094910,959,"Tier3",1,0,9.99,417,6.0330862217988,"Windows only",0,0,1,1,0,0,1,0.251218860272004,-0.0918672356966252,0.068024739758569
2099220,369,"Tier3",1,0,4.99,429,6.06145691892802,"Windows only",1,0,1,1,0,0,1,-0.097980093369211,0.0172174383899374,-0.00980705605692289
2105620,894,"Tier3",1,0,14.99,299,5.70044357339069,"Windows only",1,0,0,0,0,0,0,0.392571032510476,-0.160815293725573,0.156651314964725
2112750,137,"Tier3",1,0,18.99,321,5.77144112313002,"Windows + Linux",1,1,0,1,0,0,0,0.43720965676205,-0.192182946818671,0.219257388142993
2115390,775,"Tier3",1,0,9.99,338,5.82304589548302,"Windows only",1,1,0,1,0,0,0,0.251218860272004,-0.0918672356966252,0.068024739758569
2115490,37,"Tier2",0,0,9.09,311,5.73979291217923,"Windows only",1,1,0,1,0,0,0,0.206342587472765,-0.0730527377241699,0.0509832784919326
2117370,17,"Tier2",0,0,1.99,285,5.65248918026865,"Windows only",1,0,1,1,1,0,1,-0.191000956662677,-0.174609008555128,0.0936365139174693
2122880,88,"Tier2",0,0,12.99,306,5.72358510195238,"Windows only",0,1,1,1,0,0,0,0.352184179054766,-0.138692384061404,0.122585476016817
2126190,1899,"Tier4",1,0,14.99,306,5.72358510195238,"Windows only",0,1,1,1,0,0,0,0.392571032510476,-0.160815293725573,0.156651314964725
2128430,8,"Tier1",0,0,24.99,292,5.67675380226828,"Windows only",1,1,0,1,1,1,1,0.456151751806107,-0.220841737810706,0.30120429943399
2135960,86,"Tier2",0,0,9.99,415,6.0282785202307,"Windows only",1,0,0,0,0,0,0,0.251218860272004,-0.0918672356966252,0.068024739758569
2140810,3,"Tier1",0,0,29.99,367,5.90536184805457,"Windows only",0,0,1,1,0,1,0,0.450508679108406,-0.235558822620563,0.360701542701817
2143760,1,"Tier1",0,0,4.99,294,5.68357976733868,"Windows only",0,1,0,1,0,0,0,-0.097980093369211,0.0172174383899374,-0.00980705605692289
2158690,31,"Tier2",0,0,14.99,425,6.05208916892442,"Windows only",1,1,0,1,1,0,0,0.392571032510476,-0.160815293725573,0.156651314964725
2165140,172,"Tier3",1,0,17.99,311,5.73979291217923,"Windows only",1,1,0,0,0,1,0,0.429376064752116,-0.185567587009545,0.204263061086857
2167530,10,"Tier2",0,0,3.49,376,5.92958914338989,"Windows + macOS + Linux",1,1,1,1,0,0,0,-0.186116890076566,-0.0173289811302235,0.00882230929863664
2171630,1617,"Tier4",1,0,16.99,423,6.04737217904628,"Windows only",1,1,0,1,1,1,0,0.419575949297417,-0.178216261844633,0.188841310784716
2174300,2,"Tier1",0,1,0,287,5.65948221575962,"Windows only",0,0,1,1,0,0,0,0,0,0
2176710,17,"Tier2",0,0,14.99,270,5.59842195899838,"Windows only",1,0,0,0,0,0,0,0.392571032510476,-0.160815293725573,0.156651314964725
2177940,1,"Tier1",0,0,9.99,367,5.90536184805457,"Windows only",1,0,1,0,0,0,0,0.251218860272004,-0.0918672356966252,0.068024739758569
2179390,33,"Tier2",0,0,7.99,359,5.88332238848828,"Windows only",0,1,0,1,0,0,0,0.138467671971053,-0.0461391003521592,0.0300758282519593
2182990,3,"Tier1",0,0,7.99,395,5.97888576490112,"Windows + Linux",0,1,1,1,0,0,0,0.138467671971053,-0.0461391003521592,0.0300758282519593
2183670,590,"Tier3",1,0,34.99,416,6.03068526026126,"Windows only",0,0,1,1,0,1,0,0.435228922861523,-0.245501068980568,0.413888556241668
2185030,271,"Tier3",1,0,10.49,418,6.03548143252476,"Windows only",0,0,1,1,0,1,0,0.272652489940333,-0.101190374052271,0.0773801211224114
2186270,27,"Tier2",0,0,1.99,352,5.8636311755981,"Windows only",0,0,1,1,1,0,0,-0.191000956662677,-0.174609008555128,0.0936365139174693
2192780,18,"Tier2",0,0,4.99,285,5.65248918026865,"Windows only",1,0,1,1,1,0,0,-0.097980093369211,0.0172174383899374,-0.00980705605692289
2201910,112,"Tier3",1,0,12.99,303,5.71373280550937,"Windows only",1,1,0,0,1,0,0,0.352184179054766,-0.138692384061404,0.122585476016817
2204560,11,"Tier2",0,0,7.99,307,5.7268477475872,"Windows only",1,0,0,0,0,0,0,0.138467671971053,-0.0461391003521592,0.0300758282519593
2208840,1,"Tier1",0,0,1.99,338,5.82304589548302,"Windows only",0,0,0,1,0,1,1,-0.191000956662677,-0.174609008555128,0.0936365139174693
2212790,552,"Tier3",1,0,12.99,298,5.6970934865054,"Windows only",0,1,1,0,0,0,0,0.352184179054766,-0.138692384061404,0.122585476016817
2212830,15,"Tier2",0,0,10,432,6.06842558824411,"Windows + Linux",0,0,1,1,0,0,1,0.25167014707467,-0.092061040438315,0.0682127165226653
2217720,22,"Tier2",0,0,29.99,415,6.0282785202307,"Windows only",1,1,0,0,0,0,0,0.450508679108406,-0.235558822620563,0.360701542701817
2218400,2920,"Tier4",1,0,12.99,363,5.89440283426485,"Windows only",1,1,1,1,0,0,0,0.352184179054766,-0.138692384061404,0.122585476016817
2221390,90,"Tier2",0,0,9.79,402,5.99645208861902,"Windows only",1,0,0,1,0,0,0,0.241987687616401,-0.087924705153348,0.0642582533557833
2221780,46,"Tier2",0,0,14.99,396,5.98141421125448,"Windows + macOS",1,0,0,1,0,0,0,0.392571032510476,-0.160815293725573,0.156651314964725
2228490,30,"Tier2",0,0,12.99,409,6.0137151560428,"Windows + Linux",1,1,0,1,0,0,0,0.352184179054766,-0.138692384061404,0.122585476016817
2234150,1366,"Tier4",1,0,2.99,395,5.97888576490112,"Windows only",1,1,0,1,0,0,0,-0.200102891281294,-0.0515775081764219,0.0272910343386091
2235200,1956,"Tier4",1,0,19.99,423,6.04737217904628,"Windows only",1,1,0,1,1,0,0,0.443367319783897,-0.198158365479033,0.23384151956249
2238440,74,"Tier2",0,0,9.99,375,5.92692602597041,"Windows + macOS + Linux",0,1,0,1,1,1,0,0.251218860272004,-0.0918672356966252,0.068024739758569
2243700,3,"Tier1",0,0,11.99,339,5.82600010738045,"Windows only",1,1,0,1,0,0,0,0.325096773641836,-0.125268847109111,0.10484064365824
2248170,11,"Tier2",0,0,4.99,270,5.59842195899838,"Windows only",0,1,0,1,0,0,0,-0.097980093369211,0.0172174383899374,-0.00980705605692289
2262890,7,"Tier1",0,0,0.99,425,6.05208916892442,"Windows only",1,1,0,1,1,0,0,-0.10419428022306,-0.415443396766967,0.223507912183871
2263360,379,"Tier3",1,0,14.99,326,5.78689738136671,"Windows only",1,0,0,1,0,0,0,0.392571032510476,-0.160815293725573,0.156651314964725
2268550,18,"Tier2",0,0,11,425,6.05208916892442,"Windows + macOS",0,1,0,0,1,0,0,0.292322054863283,-0.109984090322165,0.0868239522888248
2271110,11,"Tier2",0,0,6.99,383,5.94803498918065,"Windows + Linux",1,0,1,1,0,0,1,0.0647926208600656,-0.0196821001690604,0.012133851804991
2279180,6,"Tier1",0,0,9.99,329,5.79605775076537,"Windows only",1,0,0,1,0,0,0,0.251218860272004,-0.0918672356966252,0.068024739758569
2279440,95,"Tier2",0,0,12.99,338,5.82304589548302,"Windows + macOS + Linux",0,1,0,1,0,1,1,0.352184179054766,-0.138692384061404,0.122585476016817
2282770,3,"Tier1",0,0,4.99,318,5.76205138278018,"Windows + macOS",1,0,0,0,0,0,0,-0.097980093369211,0.0172174383899374,-0.00980705605692289
2285150,9557,"Tier4",1,0,19.99,318,5.76205138278018,"Windows only",1,0,0,1,0,1,0,0.443367319783897,-0.198158365479033,0.23384151956249
2288470,2574,"Tier4",1,0,25.99,355,5.87211778947542,"Windows + Linux",0,1,0,1,1,0,1,0.456121547109598,-0.224288922918009,0.313676944854206
2292540,3,"Tier1",0,0,9.8,412,6.02102334934953,"Windows only",0,0,0,1,0,0,0,0.242458698420542,-0.0881248849346656,0.0644468850004496
2292870,24,"Tier2",0,0,4.99,368,5.90808293816893,"Windows only",1,1,0,1,0,0,0,-0.097980093369211,0.0172174383899374,-0.00980705605692289
2296120,9,"Tier1",0,0,7.99,290,5.66988092298052,"Windows only",0,0,0,1,1,0,1,0.138467671971053,-0.0461391003521592,0.0300758282519593
2297590,17,"Tier2",0,0,9.99,292,5.67675380226828,"Windows + macOS + Linux",1,1,0,1,1,0,0,0.251218860272004,-0.0918672356966252,0.068024739758569
2299690,62,"Tier2",0,0,9.99,360,5.88610403145016,"Windows only",0,0,0,0,1,0,0,0.251218860272004,-0.0918672356966252,0.068024739758569
2300120,1083,"Tier4",1,0,39.99,327,5.78996017089725,"Windows only",1,0,0,0,0,0,0,0.414741112884119,-0.252383810537472,0.461936938410595
2308690,1403,"Tier4",1,0,19.49,430,6.06378520868761,"Windows + macOS",0,0,0,0,0,1,1,0.440481940419171,-0.195245310947402,0.22659964064143
2316640,12,"Tier2",0,0,8.99,380,5.94017125272043,"Windows + macOS + Linux",0,1,1,1,0,0,1,0.200788076739357,-0.0707802778736949,0.0490770781566566
2319790,1009,"Tier4",1,0,9.99,292,5.67675380226828,"Windows only",1,1,0,1,0,0,0,0.251218860272004,-0.0918672356966252,0.068024739758569
2321250,63,"Tier2",0,0,19.99,379,5.93753620508243,"Windows only",0,1,1,0,0,0,0,0.443367319783897,-0.198158365479033,0.23384151956249
2321470,46306,"Tier4",1,0,12.99,361,5.88887795833288,"Windows only",1,0,0,0,0,0,0,0.352184179054766,-0.138692384061404,0.122585476016817
2324760,22,"Tier2",0,0,4.99,425,6.05208916892442,"Windows only",0,0,1,1,0,0,0,-0.097980093369211,0.0172174383899374,-0.00980705605692289
2327050,2,"Tier1",0,1,0,437,6.07993319509559,"Windows + macOS",0,1,1,1,0,0,1,0,0,0
2327950,10,"Tier2",0,0,11.99,363,5.89440283426485,"Windows only",1,0,0,0,0,0,0,0.325096773641836,-0.125268847109111,0.10484064365824
2334690,8,"Tier1",0,0,9.99,299,5.70044357339069,"Windows only",0,1,0,1,0,0,0,0.251218860272004,-0.0918672356966252,0.068024739758569
2336210,7,"Tier1",0,0,14.99,341,5.83188247728352,"Windows + Linux",0,0,0,1,0,0,0,0.392571032510476,-0.160815293725573,0.156651314964725
2345740,31,"Tier2",0,0,4.99,389,5.96357934361845,"Windows only",0,0,0,0,0,0,1,-0.097980093369211,0.0172174383899374,-0.00980705605692289
2347080,810,"Tier3",1,0,39.99,409,6.0137151560428,"Windows only",0,0,0,0,1,0,1,0.414741112884119,-0.252383810537472,0.461936938410595
2350270,621,"Tier3",1,0,19.99,412,6.02102334934953,"Windows only",1,1,0,1,0,0,0,0.443367319783897,-0.198158365479033,0.23384151956249
2352620,15273,"Tier4",1,0,24.99,332,5.80513496891649,"Windows only",0,0,0,0,1,0,0,0.456151751806107,-0.220841737810706,0.30120429943399
2353100,3,"Tier1",0,0,14.99,325,5.78382518232974,"Windows only",1,1,0,1,0,0,0,0.392571032510476,-0.160815293725573,0.156651314964725
2357350,22,"Tier2",0,0,4.19,293,5.68017260901707,"Windows only",1,0,0,1,0,0,1,-0.152114559725807,0.00939557906412281,-0.00558907117847973
2359270,14,"Tier2",0,0,4.99,292,5.67675380226828,"Windows + macOS + Linux",0,0,1,1,0,0,0,-0.097980093369211,0.0172174383899374,-0.00980705605692289
2359390,14,"Tier2",0,0,3.99,303,5.71373280550937,"Windows only",1,1,1,1,0,0,0,-0.163294420304253,0.0039253576640299,-0.00263922125326072
2361770,3550,"Tier4",1,0,29.99,381,5.9427993751267,"Windows only",1,0,0,0,0,0,0,0.450508679108406,-0.235558822620563,0.360701542701817
2365410,10,"Tier2",0,0,2.99,324,5.78074351579233,"Windows + macOS",0,1,1,1,0,0,0,-0.200102891281294,-0.0515775081764219,0.0272910343386091
2367120,108,"Tier3",1,0,2.99,363,5.89440283426485,"Windows only",0,1,1,1,0,0,0,-0.200102891281294,-0.0515775081764219,0.0272910343386091
2372450,6,"Tier1",0,0,6.29,381,5.9427993751267,"Windows + macOS",0,0,0,1,1,0,1,0.0081318031025373,-0.00222465759196999,0.00132444860092151
2376990,6,"Tier1",0,0,9.99,284,5.64897423816121,"Windows only",0,1,1,1,0,0,0,0.251218860272004,-0.0918672356966252,0.068024739758569
2377620,21,"Tier2",0,0,4.99,424,6.04973345523196,"Windows only",1,0,1,1,0,0,0,-0.097980093369211,0.0172174383899374,-0.00980705605692289
2377720,15,"Tier2",0,0,6.5,288,5.66296048013595,"Windows only",0,0,0,0,0,0,0,0.0254334002841939,-0.00721622280215739,0.00433948585607952
2393510,21,"Tier2",0,0,14.99,366,5.90263333340137,"Windows + macOS + Linux",0,0,0,1,0,0,1,0.392571032510476,-0.160815293725573,0.156651314964725
2398290,3,"Tier1",0,0,7.99,310,5.73657229747919,"Windows only",1,1,1,1,1,1,0,0.138467671971053,-0.0461391003521592,0.0300758282519593
2402620,1,"Tier1",0,0,4.99,422,6.04500531403601,"Windows only",0,0,1,0,0,0,0,-0.097980093369211,0.0172174383899374,-0.00980705605692289
2403600,44,"Tier2",0,0,7.99,353,5.8664680569333,"Windows only",1,1,0,1,0,0,0,0.138467671971053,-0.0461391003521592,0.0300758282519593
2411100,29,"Tier2",0,0,9.99,384,5.95064255258773,"Windows only",1,1,0,1,1,0,0,0.251218860272004,-0.0918672356966252,0.068024739758569
2416100,1338,"Tier4",1,0,19.99,306,5.72358510195238,"Windows only",0,1,0,1,0,0,0,0.443367319783897,-0.198158365479033,0.23384151956249
2421540,86,"Tier2",0,0,1.57,356,5.87493073085203,"Windows + macOS",1,1,1,1,1,0,0,-0.16658132063595,-0.25700958506666,0.138071522426707
2424300,12,"Tier2",0,0,19.99,363,5.89440283426485,"Windows only",0,0,0,1,1,0,1,0.443367319783897,-0.198158365479033,0.23384151956249
2424480,13,"Tier2",0,0,19.99,439,6.08449941307517,"Windows only",1,0,1,1,0,1,1,0.443367319783897,-0.198158365479033,0.23384151956249
2430170,16,"Tier2",0,0,9.99,395,5.97888576490112,"Windows only",0,0,0,1,1,0,1,0.251218860272004,-0.0918672356966252,0.068024739758569
2430540,31,"Tier2",0,0,6.99,380,5.94017125272043,"Windows + macOS + Linux",0,0,0,1,1,0,0,0.0647926208600656,-0.0196821001690604,0.012133851804991
2436660,10,"Tier2",0,0,9.99,375,5.92692602597041,"Windows + Linux",1,0,1,0,0,0,0,0.251218860272004,-0.0918672356966252,0.068024739758569
2440940,1,"Tier1",0,0,6.99,401,5.99396142730657,"Windows only",1,0,1,1,0,0,0,0.0647926208600656,-0.0196821001690604,0.012133851804991
2444530,5,"Tier1",0,0,12.99,312,5.74300318780948,"Windows + Linux",1,0,0,1,0,0,0,0.352184179054766,-0.138692384061404,0.122585476016817
2446540,163,"Tier3",1,0,29.99,285,5.65248918026865,"Windows only",1,1,0,1,0,1,0,0.450508679108406,-0.235558822620563,0.360701542701817
2449060,4,"Tier1",0,0,5.99,330,5.79909265446053,"Windows only",0,0,1,0,1,0,0,-0.0168287319568234,0.00432550733585602,-0.00254065785494112
2451310,189,"Tier3",1,0,14.99,395,5.97888576490112,"Windows only",0,0,1,1,0,1,0,0.392571032510476,-0.160815293725573,0.156651314964725
2453160,1628,"Tier4",1,0,29.99,390,5.96614673912369,"Windows only",0,1,0,1,0,0,0,0.450508679108406,-0.235558822620563,0.360701542701817
2460920,209,"Tier3",1,0,14.99,340,5.82894561761021,"Windows only",0,0,1,1,0,1,1,0.392571032510476,-0.160815293725573,0.156651314964725
2461360,3,"Tier1",0,0,1.99,264,5.57594910314632,"Windows only",0,0,1,1,0,1,0,-0.191000956662677,-0.174609008555128,0.0936365139174693
2467850,513,"Tier3",1,0,4.99,286,5.65599181081985,"Windows + macOS",0,0,1,1,0,1,1,-0.097980093369211,0.0172174383899374,-0.00980705605692289
2471390,45,"Tier2",0,0,7.99,439,6.08449941307517,"Windows + Linux",1,0,0,1,0,0,0,0.138467671971053,-0.0461391003521592,0.0300758282519593
2479770,142,"Tier3",1,0,24.99,363,5.89440283426485,"Windows only",1,1,0,0,0,0,0,0.456151751806107,-0.220841737810706,0.30120429943399
2481640,368,"Tier3",1,0,5.84,370,5.91350300563827,"Windows only",0,0,0,0,0,0,1,-0.0293399653403602,0.00726767928511707,-0.00424200010037645
2483440,18,"Tier2",0,0,9.99,325,5.78382518232974,"Windows + Linux",0,0,1,1,0,0,0,0.251218860272004,-0.0918672356966252,0.068024739758569
2484630,89,"Tier2",0,0,0.99,408,6.01126717440416,"Windows only",0,1,1,1,1,0,0,-0.10419428022306,-0.415443396766967,0.223507912183871
2486820,11445,"Tier4",1,0,69.99,353,5.8664680569333,"Windows only",1,1,0,0,0,0,0,0.266233746955022,-0.26624673578549,0.680223012485208
2488250,15,"Tier2",0,0,9.99,387,5.95842469302978,"Windows only",0,0,1,1,0,0,0,0.251218860272004,-0.0918672356966252,0.068024739758569
2488470,81,"Tier2",0,0,4.99,272,5.605802066296,"Windows + macOS",0,0,1,1,0,0,1,-0.097980093369211,0.0172174383899374,-0.00980705605692289
2495610,2,"Tier1",0,0,14.99,404,6.00141487796115,"Windows only",0,1,1,1,0,1,1,0.392571032510476,-0.160815293725573,0.156651314964725
2495630,3,"Tier1",0,0,1.49,404,6.00141487796115,"Windows only",0,1,1,0,0,1,1,-0.160133911506303,-0.275447494805641,0.14801427660185
2495640,2,"Tier1",0,0,14.99,401,5.99396142730657,"Windows only",0,1,1,0,0,1,1,0.392571032510476,-0.160815293725573,0.156651314964725
2500460,129,"Tier3",1,0,4.99,377,5.93224518744801,"Windows only",0,0,0,0,0,0,1,-0.097980093369211,0.0172174383899374,-0.00980705605692289
2503550,107,"Tier3",1,0,4.89,368,5.90808293816893,"Windows + macOS + Linux",1,1,1,1,0,0,1,-0.105470262967563,0.0173284081374556,-0.00986689716342953
2505200,5,"Tier1",0,0,6.99,430,6.06378520868761,"Windows only",1,0,0,1,1,0,0,0.0647926208600656,-0.0196821001690604,0.012133851804991
2507560,118,"Tier3",1,0,13.99,362,5.89164421182577,"Windows only",0,1,0,0,0,0,0,0.374378963846971,-0.15044831662319,0.139856650607732
2508780,3118,"Tier4",1,0,34.99,382,5.94542060860658,"Windows only",0,0,1,0,0,1,0,0.435228922861523,-0.245501068980568,0.413888556241668
2521400,308,"Tier3",1,0,12,320,5.76832099579377,"Windows only",0,1,1,1,1,0,0,0.325395405556167,-0.125412436935798,0.105020394767626
2522040,4,"Tier1",0,0,11.99,361,5.88887795833288,"Windows + Linux",0,0,0,1,0,1,0,0.325096773641836,-0.125268847109111,0.10484064365824
2522290,12,"Tier2",0,0,9.99,297,5.6937321388027,"Windows only",1,0,0,1,0,1,1,0.251218860272004,-0.0918672356966252,0.068024739758569
2523450,9,"Tier1",0,0,2.99,373,5.92157841964382,"Windows only",1,0,0,0,0,0,0,-0.200102891281294,-0.0515775081764219,0.0272910343386091
2523720,3923,"Tier4",1,0,39.99,383,5.94803498918065,"Windows only",1,0,0,0,0,0,0,0.414741112884119,-0.252383810537472,0.461936938410595
2528800,13,"Tier2",0,0,19.99,427,6.05678401322862,"Windows + Linux",0,0,1,1,0,1,0,0.443367319783897,-0.198158365479033,0.23384151956249
2529050,21,"Tier2",0,0,1.99,416,6.03068526026126,"Windows + Linux",0,1,0,1,0,0,0,-0.191000956662677,-0.174609008555128,0.0936365139174693
2538520,20,"Tier2",0,0,4.99,402,5.99645208861902,"Windows + Linux",0,1,1,1,0,0,0,-0.097980093369211,0.0172174383899374,-0.00980705605692289
2545710,1549,"Tier4",1,0,27.49,430,6.06378520868761,"Windows only",0,0,0,0,0,0,0,0.454938291024734,-0.228947971925801,0.331828791916438
2548500,7,"Tier1",0,0,2.99,276,5.62040086571715,"Windows only",1,1,0,1,0,0,0,-0.200102891281294,-0.0515775081764219,0.0272910343386091
2549190,2,"Tier1",0,0,14.99,420,6.04025471127741,"Windows only",0,1,0,1,1,0,0,0.392571032510476,-0.160815293725573,0.156651314964725
2549240,412,"Tier3",1,0,4.99,401,5.99396142730657,"Windows only",1,0,0,0,0,0,0,-0.097980093369211,0.0172174383899374,-0.00980705605692289
2549930,16,"Tier2",0,0,9.99,438,6.08221891037645,"Windows only",0,0,1,1,0,1,0,0.251218860272004,-0.0918672356966252,0.068024739758569
2550790,83,"Tier2",0,0,4.99,298,5.6970934865054,"Windows + macOS",0,0,0,1,1,1,1,-0.097980093369211,0.0172174383899374,-0.00980705605692289
2552750,4,"Tier1",0,0,1.99,285,5.65248918026865,"Windows only",0,1,1,1,0,1,0,-0.191000956662677,-0.174609008555128,0.0936365139174693
2555950,667,"Tier3",1,0,11.89,306,5.72358510195238,"Windows only",1,0,0,1,0,0,1,0.322077113613511,-0.123821782646064,0.103040618297411
2559960,83,"Tier2",0,0,12.99,269,5.59471137960184,"Windows only",0,0,0,1,1,1,1,0.352184179054766,-0.138692384061404,0.122585476016817
2560340,72,"Tier2",0,0,24.99,308,5.73009978297357,"Windows only",0,0,0,0,0,1,1,0.456151751806107,-0.220841737810706,0.30120429943399
2560730,10,"Tier2",0,0,9.99,381,5.9427993751267,"Windows + macOS",0,1,0,1,1,0,0,0.251218860272004,-0.0918672356966252,0.068024739758569
2561810,5,"Tier1",0,0,10.99,380,5.94017125272043,"Windows only",1,0,1,1,0,0,0,0.291956005597191,-0.109818110275501,0.0866397974300799
2567380,62,"Tier2",0,0,9.99,349,5.85507192220243,"Windows only",1,1,0,1,1,0,0,0.251218860272004,-0.0918672356966252,0.068024739758569
2568650,7,"Tier1",0,0,4.99,354,5.86929691313377,"Windows only",1,0,1,0,0,0,0,-0.097980093369211,0.0172174383899374,-0.00980705605692289
2568800,4,"Tier1",0,0,12.99,303,5.71373280550937,"Windows only",1,1,0,1,1,0,0,0.352184179054766,-0.138692384061404,0.122585476016817
2571730,3,"Tier1",0,0,12.99,276,5.62040086571715,"Windows only",1,1,0,1,0,0,0,0.352184179054766,-0.138692384061404,0.122585476016817
2576200,195,"Tier3",1,0,11.99,307,5.7268477475872,"Windows + macOS + Linux",0,0,0,1,1,0,1,0.325096773641836,-0.125268847109111,0.10484064365824
2582140,1905,"Tier4",1,0,20.99,341,5.83188247728352,"Windows only",0,0,1,0,0,1,0,0.448088805807229,-0.203573941603978,0.248032825413671
2588400,1,"Tier1",0,0,0.99,338,5.82304589548302,"Windows only",1,1,0,1,0,0,0,-0.10419428022306,-0.415443396766967,0.223507912183871
2597810,256,"Tier3",1,0,11.99,290,5.66988092298052,"Windows only",1,1,0,1,1,0,0,0.325096773641836,-0.125268847109111,0.10484064365824
2602230,425,"Tier3",1,0,9.99,321,5.77144112313002,"Windows only",1,1,1,1,0,0,0,0.251218860272004,-0.0918672356966252,0.068024739758569
2604780,5,"Tier1",0,0,0.99,412,6.02102334934953,"Windows only",0,0,1,1,1,1,0,-0.10419428022306,-0.415443396766967,0.223507912183871
2607180,3,"Tier1",0,0,9.99,310,5.73657229747919,"Windows only",1,0,0,1,0,1,0,0.251218860272004,-0.0918672356966252,0.068024739758569
2610880,170,"Tier3",1,0,19.99,298,5.6970934865054,"Windows + macOS + Linux",0,1,0,1,1,0,0,0.443367319783897,-0.198158365479033,0.23384151956249
2615540,2499,"Tier4",1,0,29.99,390,5.96614673912369,"Windows only",1,1,0,1,1,1,0,0.450508679108406,-0.235558822620563,0.360701542701817
2617360,5,"Tier1",0,0,5.99,256,5.54517744447956,"Windows only",0,0,1,1,0,0,1,-0.0168287319568234,0.00432550733585602,-0.00254065785494112
2621760,9,"Tier1",0,0,4.99,391,5.96870755998537,"Windows + Linux",1,0,1,1,0,0,0,-0.097980093369211,0.0172174383899374,-0.00980705605692289
2622330,2,"Tier1",0,0,8.99,300,5.7037824746562,"Windows only",0,1,0,0,0,0,0,0.200788076739357,-0.0707802778736949,0.0490770781566566
2632690,6,"Tier1",0,0,9.49,419,6.03787091992214,"Windows + Linux",0,0,0,1,0,0,0,0.227374443376236,-0.081763761649207,0.0585852027767333
2642760,339,"Tier3",1,0,3.99,353,5.8664680569333,"Windows + macOS + Linux",0,0,1,0,0,0,0,-0.163294420304253,0.0039253576640299,-0.00263922125326072
2643010,135,"Tier3",1,0,5.99,425,6.05208916892442,"Windows + macOS + Linux",0,0,0,1,0,1,1,-0.0168287319568234,0.00432550733585602,-0.00254065785494112
2643880,32,"Tier2",0,0,8.99,380,5.94017125272043,"Windows only",0,0,1,1,0,1,0,0.200788076739357,-0.0707802778736949,0.0490770781566566
2644020,26,"Tier2",0,0,9.99,281,5.63835466933375,"Windows only",1,1,0,0,1,0,1,0.251218860272004,-0.0918672356966252,0.068024739758569
2644280,8,"Tier1",0,0,1.99,348,5.85220247977447,"Windows only",0,0,1,1,0,0,0,-0.191000956662677,-0.174609008555128,0.0936365139174693
2651090,23,"Tier2",0,0,6.99,363,5.89440283426485,"Windows only",1,1,1,1,0,0,0,0.0647926208600656,-0.0196821001690604,0.012133851804991
2653120,15,"Tier2",0,0,9.99,307,5.7268477475872,"Windows only",1,1,0,1,1,0,0,0.251218860272004,-0.0918672356966252,0.068024739758569
2653470,447,"Tier3",1,0,6.99,369,5.91079664404053,"Windows only",0,0,1,1,0,0,0,0.0647926208600656,-0.0196821001690604,0.012133851804991
2656440,5,"Tier1",0,0,14.99,291,5.67332326717149,"Windows only",0,1,0,1,0,0,0,0.392571032510476,-0.160815293725573,0.156651314964725
2659530,5,"Tier1",0,0,9.99,418,6.03548143252476,"Windows + Linux",1,0,0,1,0,0,1,0.251218860272004,-0.0918672356966252,0.068024739758569
2659840,5,"Tier1",0,0,14.99,424,6.04973345523196,"Windows + Linux",1,1,1,1,0,1,0,0.392571032510476,-0.160815293725573,0.156651314964725
2673560,8,"Tier1",0,0,4.99,366,5.90263333340137,"Windows + macOS",1,1,0,1,0,0,0,-0.097980093369211,0.0172174383899374,-0.00980705605692289
2673790,1,"Tier1",0,0,2.99,341,5.83188247728352,"Windows only",1,0,1,0,0,0,0,-0.200102891281294,-0.0515775081764219,0.0272910343386091
2676040,3,"Tier1",0,0,9.5,353,5.8664680569333,"Windows only",0,1,0,1,1,0,0,0.227877005380462,-0.0819740957290592,0.0587747252581327
2676220,13,"Tier2",0,0,9.99,269,5.59471137960184,"Windows + macOS",1,1,1,1,0,0,0,0.251218860272004,-0.0918672356966252,0.068024739758569
2679310,2,"Tier1",0,0,9.99,268,5.59098698051086,"Windows only",0,1,0,1,0,0,1,0.251218860272004,-0.0918672356966252,0.068024739758569
2685840,214,"Tier3",1,0,15.99,383,5.94803498918065,"Windows + macOS + Linux",1,0,1,1,0,0,0,0.407453927750679,-0.170012810338467,0.172975657991158
2687280,10,"Tier2",0,0,4.99,319,5.76519110278484,"Windows only",1,1,1,1,0,0,0,-0.097980093369211,0.0172174383899374,-0.00980705605692289
2687400,809,"Tier3",1,0,8.99,325,5.78382518232974,"Windows only",1,0,0,1,0,0,0,0.200788076739357,-0.0707802778736949,0.0490770781566566
2689930,431,"Tier3",1,0,13.99,291,5.67332326717149,"Windows only",0,1,0,0,0,0,0,0.374378963846971,-0.15044831662319,0.139856650607732
2691210,14,"Tier2",0,0,4.49,426,6.05443934626937,"Windows only",0,0,1,1,0,0,1,-0.133453755302326,0.0147876202368631,-0.00849676194396054
2691340,1,"Tier1",0,0,4.99,319,5.76519110278484,"Windows only",1,1,0,1,0,0,1,-0.097980093369211,0.0172174383899374,-0.00980705605692289
2692990,2303,"Tier4",1,0,7.99,284,5.64897423816121,"Windows only",0,0,1,0,0,1,0,0.138467671971053,-0.0461391003521592,0.0300758282519593
2695430,879,"Tier3",1,0,29.99,292,5.67675380226828,"Windows only",0,1,0,0,0,0,0,0.450508679108406,-0.235558822620563,0.360701542701817
2701070,17,"Tier2",0,0,9.99,388,5.96100533962327,"Windows only",0,1,1,1,1,0,0,0.251218860272004,-0.0918672356966252,0.068024739758569
2701720,1534,"Tier4",1,0,9.99,396,5.98141421125448,"Windows + macOS + Linux",0,0,1,1,1,1,0,0.251218860272004,-0.0918672356966252,0.068024739758569
2701800,624,"Tier3",1,0,14.99,311,5.73979291217923,"Windows only",1,1,0,1,0,1,0,0.392571032510476,-0.160815293725573,0.156651314964725
2705860,277,"Tier3",1,0,14.99,289,5.66642668811243,"Windows only",0,1,0,0,0,0,0,0.392571032510476,-0.160815293725573,0.156651314964725
2707080,6,"Tier1",0,0,8.99,366,5.90263333340137,"Windows + macOS",0,1,1,1,0,0,0,0.200788076739357,-0.0707802778736949,0.0490770781566566
2714970,547,"Tier3",1,0,7.99,271,5.6021188208797,"Windows only",1,1,1,1,1,0,1,0.138467671971053,-0.0461391003521592,0.0300758282519593
2715940,9,"Tier1",0,0,14.99,416,6.03068526026126,"Windows + macOS",1,0,1,1,0,1,0,0.392571032510476,-0.160815293725573,0.156651314964725
2717150,7,"Tier1",0,0,1.99,317,5.75890177387728,"Windows only",1,0,0,1,1,0,0,-0.191000956662677,-0.174609008555128,0.0936365139174693
2719740,432,"Tier3",1,0,12.49,318,5.76205138278018,"Windows only",1,1,1,1,0,1,0,0.339317170696906,-0.132209328152562,0.113771598301579
2722610,78,"Tier2",0,0,1.79,404,6.00141487796115,"Windows only",1,1,0,1,1,1,0,-0.181240127540821,-0.211017273023111,0.113269890405011
2722680,76,"Tier2",0,0,0.99,371,5.91620206260743,"Windows only",0,0,0,1,0,0,0,-0.10419428022306,-0.415443396766967,0.223507912183871
2725250,158,"Tier3",1,0,19.99,293,5.68017260901707,"Windows only",1,1,1,1,1,1,0,0.443367319783897,-0.198158365479033,0.23384151956249
2726960,29,"Tier2",0,0,9.99,415,6.0282785202307,"Windows only",0,0,0,1,1,0,0,0.251218860272004,-0.0918672356966252,0.068024739758569
2727660,273,"Tier3",1,0,6.99,333,5.80814248998044,"Windows only",0,1,1,0,0,0,0,0.0647926208600656,-0.0196821001690604,0.012133851804991
2730810,1048,"Tier4",1,0,39.99,374,5.92425579741453,"Windows only",0,0,0,0,0,0,0,0.414741112884119,-0.252383810537472,0.461936938410595
2730970,1,"Tier1",0,1,0,354,5.86929691313377,"Windows + macOS",1,1,0,0,1,1,1,0,0,0
2731330,604,"Tier3",1,0,7.99,363,5.89440283426485,"Windows only",1,0,1,1,0,1,0,0.138467671971053,-0.0461391003521592,0.0300758282519593
2738630,1366,"Tier4",1,0,29.99,425,6.05208916892442,"Windows only",1,1,0,0,1,0,0,0.450508679108406,-0.235558822620563,0.360701542701817
2739150,47,"Tier2",0,0,16.99,363,5.89440283426485,"Windows only",1,1,0,1,0,1,0,0.419575949297417,-0.178216261844633,0.188841310784716
2740170,199,"Tier3",1,0,24.99,324,5.78074351579233,"Windows + macOS",0,0,0,1,1,1,1,0.456151751806107,-0.220841737810706,0.30120429943399
2747330,9353,"Tier4",1,0,9.99,325,5.78382518232974,"Windows only",1,0,0,1,0,0,0,0.251218860272004,-0.0918672356966252,0.068024739758569
2749000,726,"Tier3",1,0,5.99,310,5.73657229747919,"Windows only",0,0,1,0,0,1,1,-0.0168287319568234,0.00432550733585602,-0.00254065785494112
2749690,29,"Tier2",0,0,14.99,423,6.04737217904628,"Windows + macOS",0,1,1,1,1,0,1,0.392571032510476,-0.160815293725573,0.156651314964725
2750780,4205,"Tier4",1,0,11.99,282,5.64190707093811,"Windows only",0,1,0,1,1,0,0,0.325096773641836,-0.125268847109111,0.10484064365824
2751920,1,"Tier1",0,0,4.99,435,6.07534603108868,"Windows only",1,0,0,0,1,0,0,-0.097980093369211,0.0172174383899374,-0.00980705605692289
2760580,208,"Tier3",1,0,24.99,363,5.89440283426485,"Windows only",1,1,0,0,0,1,1,0.456151751806107,-0.220841737810706,0.30120429943399
2764590,271,"Tier3",1,0,29.99,416,6.03068526026126,"Windows only",1,0,0,1,0,0,0,0.450508679108406,-0.235558822620563,0.360701542701817
2774180,31,"Tier2",0,0,3.99,297,5.6937321388027,"Windows only",0,0,1,1,0,0,0,-0.163294420304253,0.0039253576640299,-0.00263922125326072
2776450,2583,"Tier4",1,0,10.79,394,5.97635090929793,"Windows only",0,1,1,1,1,1,1,0.284474056308211,-0.106445557282946,0.0829480127211997
2779730,10,"Tier2",0,0,8.99,383,5.94803498918065,"Windows only",1,1,1,1,0,0,0,0.200788076739357,-0.0707802778736949,0.0490770781566566
2780980,16566,"Tier4",1,0,9.99,299,5.70044357339069,"Windows only",1,0,1,1,0,0,1,0.251218860272004,-0.0918672356966252,0.068024739758569
2780990,23,"Tier2",0,0,14.99,409,6.0137151560428,"Windows + Linux",0,1,0,1,1,0,0,0.392571032510476,-0.160815293725573,0.156651314964725
2783460,2,"Tier1",0,0,9.99,300,5.7037824746562,"Windows only",0,0,0,1,0,0,1,0.251218860272004,-0.0918672356966252,0.068024739758569
2784120,3,"Tier1",0,0,0.99,313,5.74620319054015,"Windows only",0,0,0,1,0,0,0,-0.10419428022306,-0.415443396766967,0.223507912183871
2784440,20,"Tier2",0,0,7.99,398,5.98645200528444,"Windows only",0,0,1,1,0,1,0,0.138467671971053,-0.0461391003521592,0.0300758282519593
2786550,822,"Tier3",1,0,9.99,297,5.6937321388027,"Windows only",0,0,0,0,0,1,0,0.251218860272004,-0.0918672356966252,0.068024739758569
2786660,27,"Tier2",0,0,39.99,338,5.82304589548302,"Windows only",1,1,1,0,0,0,0,0.414741112884119,-0.252383810537472,0.461936938410595
2787680,30,"Tier2",0,0,7.49,346,5.84643877505772,"Windows only",1,1,0,1,0,0,0,0.102912293593665,-0.032940102490682,0.0208654570016885
2788430,21,"Tier2",0,0,7.99,396,5.98141421125448,"Windows only",1,1,1,1,1,1,1,0.138467671971053,-0.0461391003521592,0.0300758282519593
2790160,31,"Tier2",0,0,19.99,432,6.06842558824411,"Windows only",0,1,0,1,0,0,1,0.443367319783897,-0.198158365479033,0.23384151956249
2797650,133,"Tier3",1,0,7.69,415,6.0282785202307,"Windows + Linux",0,0,1,1,0,0,1,0.117463072121365,-0.0382540931433796,0.0245065053164191
2806120,308,"Tier3",1,0,23.99,315,5.75257263882563,"Windows only",1,1,0,1,1,0,0,0.455474756915512,-0.217085698098563,0.288418503969787
2807240,18,"Tier2",0,0,4.99,362,5.89164421182577,"Windows only",1,1,1,1,0,0,0,-0.097980093369211,0.0172174383899374,-0.00980705605692289
2808530,24,"Tier2",0,0,9.99,419,6.03787091992214,"Windows + Linux",1,0,0,1,0,0,0,0.251218860272004,-0.0918672356966252,0.068024739758569
2810550,139,"Tier3",1,0,9.99,403,5.99893656194668,"Windows only",0,1,0,1,0,1,0,0.251218860272004,-0.0918672356966252,0.068024739758569
2812670,62,"Tier2",0,0,8.99,427,6.05678401322862,"Windows only",1,1,0,1,0,0,0,0.200788076739357,-0.0707802778736949,0.0490770781566566
2813900,13,"Tier2",0,0,9.99,321,5.77144112313002,"Windows only",1,0,0,1,0,1,0,0.251218860272004,-0.0918672356966252,0.068024739758569
2815080,14,"Tier2",0,0,12.99,422,6.04500531403601,"Windows + macOS",0,1,0,1,0,0,0,0.352184179054766,-0.138692384061404,0.122585476016817
2815570,2,"Tier1",0,0,9.99,269,5.59471137960184,"Windows + Linux",0,0,0,0,1,0,1,0.251218860272004,-0.0918672356966252,0.068024739758569
2819920,21,"Tier2",0,0,14.99,390,5.96614673912369,"Windows only",0,1,0,1,0,0,0,0.392571032510476,-0.160815293725573,0.156651314964725
2820450,3,"Tier1",0,0,4.99,390,5.96614673912369,"Windows only",1,1,1,1,1,1,0,-0.097980093369211,0.0172174383899374,-0.00980705605692289
2821700,6,"Tier1",0,0,11.99,431,6.06610809010375,"Windows only",1,0,0,1,0,1,1,0.325096773641836,-0.125268847109111,0.10484064365824
2823790,20,"Tier2",0,0,12.99,292,5.67675380226828,"Windows only",0,1,1,1,0,1,0,0.352184179054766,-0.138692384061404,0.122585476016817
2824490,3818,"Tier4",1,0,19.99,423,6.04737217904628,"Windows only",0,0,0,0,1,0,1,0.443367319783897,-0.198158365479033,0.23384151956249
2824780,62,"Tier2",0,0,4.99,354,5.86929691313377,"Windows only",1,0,1,1,0,0,0,-0.097980093369211,0.0172174383899374,-0.00980705605692289
2825880,1288,"Tier4",1,0,19.99,278,5.62762111369064,"Windows only",0,1,0,1,0,0,1,0.443367319783897,-0.198158365479033,0.23384151956249
2826670,10,"Tier2",0,0,4.99,402,5.99645208861902,"Windows only",0,1,0,0,0,0,0,-0.097980093369211,0.0172174383899374,-0.00980705605692289
2827080,58,"Tier2",0,0,14.99,356,5.87493073085203,"Windows only",0,1,0,1,0,0,0,0.392571032510476,-0.160815293725573,0.156651314964725
2827200,8339,"Tier4",1,0,9.99,321,5.77144112313002,"Windows only",1,1,1,1,0,0,0,0.251218860272004,-0.0918672356966252,0.068024739758569
2831070,1,"Tier1",0,0,5.99,314,5.74939298590825,"Windows only",1,1,0,1,1,0,0,-0.0168287319568234,0.00432550733585602,-0.00254065785494112
2835650,97,"Tier2",0,0,12.99,292,5.67675380226828,"Windows only",0,1,1,0,0,0,0,0.352184179054766,-0.138692384061404,0.122585476016817
2836300,45,"Tier2",0,0,5.99,409,6.0137151560428,"Windows only",0,1,0,1,0,1,0,-0.0168287319568234,0.00432550733585602,-0.00254065785494112
2845770,5,"Tier1",0,0,7.99,394,5.97635090929793,"Windows only",1,0,0,1,0,1,0,0.138467671971053,-0.0461391003521592,0.0300758282519593
2848680,6,"Tier1",0,0,4.99,323,5.77765232322266,"Windows only",0,1,0,1,1,0,0,-0.097980093369211,0.0172174383899374,-0.00980705605692289
2851640,26,"Tier2",0,0,14.99,296,5.69035945432406,"Windows only",0,0,0,0,0,0,0,0.392571032510476,-0.160815293725573,0.156651314964725
2854980,7,"Tier1",0,0,3.99,424,6.04973345523196,"Windows only",1,0,0,0,0,0,0,-0.163294420304253,0.0039253576640299,-0.00263922125326072
2857670,2,"Tier1",0,0,1.99,298,5.6970934865054,"Windows only",1,1,0,1,0,0,0,-0.191000956662677,-0.174609008555128,0.0936365139174693
2860040,1,"Tier1",0,0,4.99,374,5.92425579741453,"Windows + macOS + Linux",0,0,0,1,1,0,0,-0.097980093369211,0.0172174383899374,-0.00980705605692289
2863790,36,"Tier2",0,0,7.99,417,6.0330862217988,"Windows only",0,0,0,1,0,0,1,0.138467671971053,-0.0461391003521592,0.0300758282519593
2865380,9,"Tier1",0,0,19.99,270,5.59842195899838,"Windows + macOS + Linux",0,1,1,1,0,0,0,0.443367319783897,-0.198158365479033,0.23384151956249
2870530,346,"Tier3",1,0,19.99,341,5.83188247728352,"Windows + macOS",0,1,0,1,1,1,1,0.443367319783897,-0.198158365479033,0.23384151956249
2870920,1630,"Tier4",1,0,19.9,310,5.73657229747919,"Windows only",1,0,1,1,1,1,1,0.442875194995008,-0.197644596359093,0.23254529155345
2871820,45,"Tier2",0,0,1.29,302,5.71042701737487,"Windows only",1,1,0,1,0,0,0,-0.141157822892268,-0.325998004391442,0.17527394417562
2873860,36,"Tier2",0,0,2.99,409,6.0137151560428,"Windows only",0,0,1,0,0,0,0,-0.200102891281294,-0.0515775081764219,0.0272910343386091
2875000,2,"Tier1",0,0,7.99,283,5.64544689764324,"Windows only",1,0,0,1,0,0,1,0.138467671971053,-0.0461391003521592,0.0300758282519593
2876200,43,"Tier2",0,0,14.99,364,5.89715386763674,"Windows only",1,1,0,1,0,1,1,0.392571032510476,-0.160815293725573,0.156651314964725
2877170,1241,"Tier4",1,0,13.99,354,5.86929691313377,"Windows only",1,1,1,1,0,0,0,0.374378963846971,-0.15044831662319,0.139856650607732
2877660,164,"Tier3",1,0,9.99,311,5.73979291217923,"Windows only",1,1,0,1,0,1,0,0.251218860272004,-0.0918672356966252,0.068024739758569
2878450,3807,"Tier4",1,0,22.49,321,5.77144112313002,"Windows only",0,0,0,0,0,0,1,0.452905384133944,-0.21079208833076,0.268620574301706
2879980,277,"Tier3",1,0,6.99,296,5.69035945432406,"Windows only",1,0,1,1,0,0,0,0.0647926208600656,-0.0196821001690604,0.012133851804991
2881170,1,"Tier1",0,0,3.99,279,5.63121178182137,"Windows only",1,1,0,1,0,0,0,-0.163294420304253,0.0039253576640299,-0.00263922125326072
2886690,2,"Tier1",0,0,1.99,318,5.76205138278018,"Windows only",0,0,0,1,0,0,0,-0.191000956662677,-0.174609008555128,0.0936365139174693
2886700,6,"Tier1",0,0,14.99,402,5.99645208861902,"Windows + macOS + Linux",0,0,0,1,0,0,1,0.392571032510476,-0.160815293725573,0.156651314964725
2891580,16,"Tier2",0,0,5.99,282,5.64190707093811,"Windows only",0,0,0,1,0,0,0,-0.0168287319568234,0.00432550733585602,-0.00254065785494112
2892040,41,"Tier2",0,0,9.95,283,5.64544689764324,"Windows only",1,1,0,1,1,0,0,0.249404062274061,-0.0910888929177495,0.0672724958241703
2892560,2,"Tier1",0,0,9.99,287,5.65948221575962,"Windows only",1,0,0,1,1,0,1,0.251218860272004,-0.0918672356966252,0.068024739758569
2893530,25,"Tier2",0,0,10.49,333,5.80814248998044,"Windows only",0,1,0,0,1,0,0,0.272652489940333,-0.101190374052271,0.0773801211224114
2893820,6044,"Tier4",1,0,29.99,293,5.68017260901707,"Windows only",1,1,0,1,1,0,0,0.450508679108406,-0.235558822620563,0.360701542701817
2896350,6,"Tier1",0,0,18.99,411,6.01859321449623,"Windows only",0,0,0,1,0,0,1,0.43720965676205,-0.192182946818671,0.219257388142993
2896570,42,"Tier2",0,0,19.99,297,5.6937321388027,"Windows only",0,0,1,0,0,0,1,0.443367319783897,-0.198158365479033,0.23384151956249
2897520,3,"Tier1",0,0,9.99,417,6.0330862217988,"Windows only",1,0,0,1,0,0,0,0.251218860272004,-0.0918672356966252,0.068024739758569
2899300,1,"Tier1",0,0,4.9,416,6.03068526026126,"Windows + Linux",1,1,0,1,0,0,0,-0.104729640115621,0.0173300359843662,-0.00986777498970681
2902440,130,"Tier3",1,0,7.99,418,6.03548143252476,"Windows only",0,0,0,1,0,0,1,0.138467671971053,-0.0461391003521592,0.0300758282519593
2903160,463,"Tier3",1,0,9.99,327,5.78996017089725,"Windows only",0,0,1,1,0,1,0,0.251218860272004,-0.0918672356966252,0.068024739758569
2903240,16,"Tier2",0,0,14.99,296,5.69035945432406,"Windows only",1,1,1,1,0,1,0,0.392571032510476,-0.160815293725573,0.156651314964725
2904360,29,"Tier2",0,0,18.99,278,5.62762111369064,"Windows only",0,1,0,1,1,0,1,0.43720965676205,-0.192182946818671,0.219257388142993
2904420,26,"Tier2",0,0,9.99,370,5.91350300563827,"Windows only",0,1,1,1,0,1,1,0.251218860272004,-0.0918672356966252,0.068024739758569
2905160,2,"Tier1",0,0,3.99,420,6.04025471127741,"Windows only",1,0,0,1,0,0,0,-0.163294420304253,0.0039253576640299,-0.00263922125326072
2905650,5,"Tier1",0,0,11.99,291,5.67332326717149,"Windows + macOS",0,0,0,1,1,1,1,0.325096773641836,-0.125268847109111,0.10484064365824
2906270,54,"Tier2",0,0,3.99,373,5.92157841964382,"Windows + macOS",0,0,1,1,0,0,0,-0.163294420304253,0.0039253576640299,-0.00263922125326072
2908050,1195,"Tier4",1,0,4.99,405,6.00388706710654,"Windows only",0,0,1,0,0,0,0,-0.097980093369211,0.0172174383899374,-0.00980705605692289
2908500,686,"Tier3",1,0,19.99,353,5.8664680569333,"Windows only",0,0,0,0,0,1,1,0.443367319783897,-0.198158365479033,0.23384151956249
2908830,10,"Tier2",0,0,9.99,416,6.03068526026126,"Windows + Linux",1,1,1,1,1,0,0,0.251218860272004,-0.0918672356966252,0.068024739758569
2909870,46,"Tier2",0,0,8.99,340,5.82894561761021,"Windows only",1,1,0,1,0,1,0,0.200788076739357,-0.0707802778736949,0.0490770781566566
2912770,14,"Tier2",0,0,14.99,353,5.8664680569333,"Windows only",0,1,0,0,1,0,0,0.392571032510476,-0.160815293725573,0.156651314964725
2914490,57,"Tier2",0,0,39.99,382,5.94542060860658,"Windows only",0,0,0,0,1,0,1,0.414741112884119,-0.252383810537472,0.461936938410595
2915660,175,"Tier3",1,0,18.99,402,5.99645208861902,"Windows only",0,1,0,1,1,1,1,0.43720965676205,-0.192182946818671,0.219257388142993
2917040,1573,"Tier4",1,0,9.99,381,5.9427993751267,"Windows only",1,1,1,1,0,0,0,0.251218860272004,-0.0918672356966252,0.068024739758569
2920010,13,"Tier2",0,0,7.99,320,5.76832099579377,"Windows + macOS + Linux",0,1,0,1,0,1,0,0.138467671971053,-0.0461391003521592,0.0300758282519593
2920510,56,"Tier2",0,0,7.99,429,6.06145691892802,"Windows only",1,0,1,1,1,0,1,0.138467671971053,-0.0461391003521592,0.0300758282519593
2923120,4,"Tier1",0,0,9.99,409,6.0137151560428,"Windows only",0,1,1,1,0,0,0,0.251218860272004,-0.0918672356966252,0.068024739758569
2924080,9,"Tier1",0,0,4.99,282,5.64190707093811,"Windows only",0,0,0,1,0,0,1,-0.097980093369211,0.0172174383899374,-0.00980705605692289
2925970,371,"Tier3",1,0,9.99,400,5.99146454710798,"Windows only",0,0,1,1,0,1,0,0.251218860272004,-0.0918672356966252,0.068024739758569
2928690,107,"Tier3",1,0,6.99,367,5.90536184805457,"Windows only",1,1,0,0,0,0,0,0.0647926208600656,-0.0196821001690604,0.012133851804991
2929880,3,"Tier1",0,0,6.99,318,5.76205138278018,"Windows only",0,1,0,1,1,1,0,0.0647926208600656,-0.0196821001690604,0.012133851804991
2930290,25,"Tier2",0,0,13.99,277,5.62401750618734,"Windows + macOS + Linux",0,0,0,1,1,1,0,0.374378963846971,-0.15044831662319,0.139856650607732
2931620,219,"Tier3",1,0,4.99,414,6.02586597382531,"Windows only",0,1,1,0,0,0,0,-0.097980093369211,0.0172174383899374,-0.00980705605692289
2932990,21,"Tier2",0,0,6.99,317,5.75890177387728,"Windows only",1,1,1,1,0,0,0,0.0647926208600656,-0.0196821001690604,0.012133851804991
2934220,2698,"Tier4",1,0,5.39,297,5.6937321388027,"Windows only",1,0,0,1,0,0,1,-0.0664675711853223,0.0142495266497187,-0.00818351788104082
2936470,10,"Tier2",0,0,6.99,395,5.97888576490112,"Windows + Linux",0,0,0,1,0,0,1,0.0647926208600656,-0.0196821001690604,0.012133851804991
2937090,155,"Tier3",1,0,6.74,268,5.59098698051086,"Windows only",1,0,0,0,0,0,0,0.0449192204592283,-0.0132118803325812,0.00804046087068466
2937770,17,"Tier2",0,0,39.99,291,5.67332326717149,"Windows only",1,0,0,0,0,0,0,0.414741112884119,-0.252383810537472,0.461936938410595
2943250,2,"Tier1",0,0,5.99,324,5.78074351579233,"Windows only",0,0,1,1,0,1,0,-0.0168287319568234,0.00432550733585602,-0.00254065785494112
2943420,256,"Tier3",1,0,13.99,353,5.8664680569333,"Windows only",0,1,1,1,1,0,0,0.374378963846971,-0.15044831662319,0.139856650607732
2943670,288,"Tier3",1,0,14.99,410,6.01615715969835,"Windows only",0,0,0,1,0,1,0,0.392571032510476,-0.160815293725573,0.156651314964725
2948470,5,"Tier1",0,0,12.99,325,5.78382518232974,"Windows + macOS + Linux",0,0,0,0,0,0,1,0.352184179054766,-0.138692384061404,0.122585476016817
2949560,2,"Tier1",0,0,3.99,353,5.8664680569333,"Windows only",0,1,0,1,0,0,0,-0.163294420304253,0.0039253576640299,-0.00263922125326072
2952970,34,"Tier2",0,0,5.99,371,5.91620206260743,"Windows only",0,1,0,1,1,0,0,-0.0168287319568234,0.00432550733585602,-0.00254065785494112
2955840,49,"Tier2",0,0,4.99,405,6.00388706710654,"Windows only",1,1,1,1,0,0,0,-0.097980093369211,0.0172174383899374,-0.00980705605692289
2957700,1300,"Tier4",1,0,11.89,404,6.00141487796115,"Windows only",0,0,1,1,1,1,0,0.322077113613511,-0.123821782646064,0.103040618297411
2958130,11304,"Tier4",1,0,59.99,327,5.78996017089725,"Windows only",0,0,0,0,0,1,1,0.316101042402829,-0.2645737658743,0.617684848935362
2963220,5,"Tier1",0,0,9.99,352,5.8636311755981,"Windows only",1,1,0,1,1,0,0,0.251218860272004,-0.0918672356966252,0.068024739758569
2964580,6,"Tier1",0,0,6.99,269,5.59471137960184,"Windows + Linux",0,1,0,1,0,0,1,0.0647926208600656,-0.0196821001690604,0.012133851804991
2967630,188,"Tier3",1,0,7.99,418,6.03548143252476,"Windows + macOS",0,1,0,0,0,0,0,0.138467671971053,-0.0461391003521592,0.0300758282519593
2968420,10838,"Tier4",1,0,24.99,325,5.78382518232974,"Windows only",0,0,1,1,0,1,0,0.456151751806107,-0.220841737810706,0.30120429943399
2973830,157,"Tier3",1,0,19.99,430,6.06378520868761,"Windows only",0,0,1,1,0,1,0,0.443367319783897,-0.198158365479033,0.23384151956249
2977680,4,"Tier1",0,0,1.24,317,5.75890177387728,"Windows only",0,0,0,1,0,1,0,-0.135736590296985,-0.339705829504591,0.182665971650825
2978460,8,"Tier1",0,0,19.99,319,5.76519110278484,"Windows + Linux",0,0,0,1,0,1,1,0.443367319783897,-0.198158365479033,0.23384151956249
2979020,6,"Tier1",0,0,2.99,412,6.02102334934953,"Windows only",1,0,0,1,0,0,0,-0.200102891281294,-0.0515775081764219,0.0272910343386091
2981070,360,"Tier3",1,0,7.19,305,5.72031177660741,"Windows + macOS",0,0,1,1,1,0,1,0.0803211613798314,-0.0249582918428222,0.015551344245569
2981450,351,"Tier3",1,0,13.99,383,5.94803498918065,"Windows only",0,1,0,0,0,0,0,0.374378963846971,-0.15044831662319,0.139856650607732
2983410,416,"Tier3",1,0,6.24,297,5.6937321388027,"Windows only",0,0,0,1,0,1,1,0.00398651888585072,-0.00108032354569232,0.000641677655890349
2985450,43,"Tier2",0,0,14.99,293,5.68017260901707,"Windows only",1,1,0,1,0,0,0,0.392571032510476,-0.160815293725573,0.156651314964725
2986340,9,"Tier1",0,0,6.99,370,5.91350300563827,"Windows only",1,0,1,1,0,0,0,0.0647926208600656,-0.0196821001690604,0.012133851804991
2987110,27,"Tier2",0,0,7.99,395,5.97888576490112,"Windows only",0,0,0,1,0,0,1,0.138467671971053,-0.0461391003521592,0.0300758282519593
2995560,110,"Tier3",1,0,9.99,325,5.78382518232974,"Windows only",1,0,0,1,1,0,0,0.251218860272004,-0.0918672356966252,0.068024739758569
2996290,5,"Tier1",0,0,9.99,386,5.95583736946483,"Windows only",0,0,1,1,0,1,1,0.251218860272004,-0.0918672356966252,0.068024739758569
2998130,2,"Tier1",0,0,9.99,354,5.86929691313377,"Windows only",0,0,0,1,0,1,0,0.251218860272004,-0.0918672356966252,0.068024739758569
2999220,2,"Tier1",0,0,3.99,428,6.0591231955818,"Windows only",0,1,1,1,0,0,0,-0.163294420304253,0.0039253576640299,-0.00263922125326072
3001330,278,"Tier3",1,0,9.99,423,6.04737217904628,"Windows + macOS",1,0,1,0,0,0,1,0.251218860272004,-0.0918672356966252,0.068024739758569
3002400,20,"Tier2",0,0,5.99,331,5.80211837537706,"Windows only",0,0,0,1,0,0,0,-0.0168287319568234,0.00432550733585602,-0.00254065785494112
3002630,1,"Tier1",0,0,4.99,435,6.07534603108868,"Windows only",1,1,1,0,0,0,0,-0.097980093369211,0.0172174383899374,-0.00980705605692289
3003730,36,"Tier2",0,0,4.99,399,5.98896141688986,"Windows only",0,0,1,1,1,0,0,-0.097980093369211,0.0172174383899374,-0.00980705605692289
3004860,2,"Tier1",0,0,9.99,373,5.92157841964382,"Windows only",1,1,1,1,0,0,0,0.251218860272004,-0.0918672356966252,0.068024739758569
3006080,19,"Tier2",0,0,14.99,321,5.77144112313002,"Windows only",1,0,0,0,0,0,0,0.392571032510476,-0.160815293725573,0.156651314964725
3006280,306,"Tier3",1,0,10.49,300,5.7037824746562,"Windows only",1,0,1,1,0,0,0,0.272652489940333,-0.101190374052271,0.0773801211224114
3008340,381,"Tier3",1,0,14.99,411,6.01859321449623,"Windows only",0,0,0,0,0,0,1,0.392571032510476,-0.160815293725573,0.156651314964725
3008800,24,"Tier2",0,0,4.99,426,6.05443934626937,"Windows only",1,0,0,1,0,0,0,-0.097980093369211,0.0172174383899374,-0.00980705605692289
3008950,4,"Tier1",0,0,4.99,412,6.02102334934953,"Windows only",0,0,0,1,0,0,0,-0.097980093369211,0.0172174383899374,-0.00980705605692289
3012220,157,"Tier3",1,0,34.99,326,5.78689738136671,"Windows only",1,0,0,0,0,0,0,0.435228922861523,-0.245501068980568,0.413888556241668
3013500,51,"Tier2",0,0,4.99,348,5.85220247977447,"Windows + Linux",0,1,0,1,0,1,0,-0.097980093369211,0.0172174383899374,-0.00980705605692289
3014460,7,"Tier1",0,0,9.99,429,6.06145691892802,"Windows only",0,1,1,0,0,0,0,0.251218860272004,-0.0918672356966252,0.068024739758569
3015920,25,"Tier2",0,0,7.99,277,5.62401750618734,"Windows + macOS",1,1,0,1,1,0,1,0.138467671971053,-0.0461391003521592,0.0300758282519593
3019870,55,"Tier2",0,0,0.99,282,5.64190707093811,"Windows only",0,0,1,1,0,0,0,-0.10419428022306,-0.415443396766967,0.223507912183871
3022560,2,"Tier1",0,0,4.99,289,5.66642668811243,"Windows only",0,0,1,1,0,1,0,-0.097980093369211,0.0172174383899374,-0.00980705605692289
3024040,10580,"Tier4",1,0,19.99,425,6.05208916892442,"Windows only",0,0,0,0,0,1,1,0.443367319783897,-0.198158365479033,0.23384151956249
3024370,53,"Tier2",0,0,1.59,284,5.64897423816121,"Windows + macOS + Linux",0,1,0,1,1,0,1,-0.168096635843666,-0.252549026747675,0.135666139415433
3026650,1,"Tier1",0,0,4.99,354,5.86929691313377,"Windows only",0,0,0,0,0,1,0,-0.097980093369211,0.0172174383899374,-0.00980705605692289
3027310,2,"Tier1",0,0,1.99,265,5.57972982598622,"Windows only",1,1,1,1,0,0,0,-0.191000956662677,-0.174609008555128,0.0936365139174693
3029500,5,"Tier1",0,0,4.99,356,5.87493073085203,"Windows only",0,1,1,1,1,1,0,-0.097980093369211,0.0172174383899374,-0.00980705605692289
3030130,2,"Tier1",0,0,2.99,388,5.96100533962327,"Windows only",0,0,0,1,0,0,1,-0.200102891281294,-0.0515775081764219,0.0272910343386091
3032010,120,"Tier3",1,0,9.99,383,5.94803498918065,"Windows only",0,1,0,1,0,0,0,0.251218860272004,-0.0918672356966252,0.068024739758569
3032520,22,"Tier2",0,0,7.99,300,5.7037824746562,"Windows + macOS + Linux",0,1,1,1,0,0,0,0.138467671971053,-0.0461391003521592,0.0300758282519593
3033080,17,"Tier2",0,0,2.99,274,5.61312810638807,"Windows only",1,0,0,0,0,0,0,-0.200102891281294,-0.0515775081764219,0.0272910343386091
3034350,21,"Tier2",0,0,15.99,290,5.66988092298052,"Windows only",1,1,0,1,0,0,0,0.407453927750679,-0.170012810338467,0.172975657991158
3034530,18,"Tier2",0,0,1.49,279,5.63121178182137,"Windows only",1,1,0,1,0,0,0,-0.160133911506303,-0.275447494805641,0.14801427660185
3035320,14,"Tier2",0,0,11.79,321,5.77144112313002,"Windows only",0,0,0,0,0,1,1,0.318995891813954,-0.12235412574882,0.101236041504822
3035880,63,"Tier2",0,0,9.99,398,5.98645200528444,"Windows + Linux",1,1,1,1,0,0,0,0.251218860272004,-0.0918672356966252,0.068024739758569
3036320,2,"Tier1",0,0,3.99,329,5.79605775076537,"Windows only",1,0,1,1,1,0,0,-0.163294420304253,0.0039253576640299,-0.00263922125326072
3036800,76,"Tier2",0,0,9.99,263,5.57215403217776,"Windows + macOS",1,0,1,1,0,0,0,0.251218860272004,-0.0918672356966252,0.068024739758569
3037480,2,"Tier1",0,0,11.99,306,5.72358510195238,"Windows only",0,1,0,1,1,0,1,0.325096773641836,-0.125268847109111,0.10484064365824
3038530,12,"Tier2",0,0,9.99,338,5.82304589548302,"Windows only",0,0,0,0,1,0,1,0.251218860272004,-0.0918672356966252,0.068024739758569
3039910,459,"Tier3",1,0,6.99,410,6.01615715969835,"Windows only",1,0,0,1,0,0,0,0.0647926208600656,-0.0196821001690604,0.012133851804991
3040110,5,"Tier1",0,0,12.99,313,5.74620319054015,"Windows only",0,0,0,1,0,0,0,0.352184179054766,-0.138692384061404,0.122585476016817
3040180,53,"Tier2",0,0,5.99,352,5.8636311755981,"Windows + macOS + Linux",1,0,1,1,0,0,0,-0.0168287319568234,0.00432550733585602,-0.00254065785494112
3040670,5,"Tier1",0,0,9.99,324,5.78074351579233,"Windows only",1,1,0,1,0,0,0,0.251218860272004,-0.0918672356966252,0.068024739758569
3042280,5,"Tier1",0,0,3.99,418,6.03548143252476,"Windows only",0,1,1,1,0,0,0,-0.163294420304253,0.0039253576640299,-0.00263922125326072
3042560,4,"Tier1",0,0,4.99,388,5.96100533962327,"Windows only",0,1,1,1,0,0,0,-0.097980093369211,0.0172174383899374,-0.00980705605692289
3043580,1021,"Tier4",1,0,19.99,331,5.80211837537706,"Windows only",0,1,0,0,0,0,0,0.443367319783897,-0.198158365479033,0.23384151956249
3044220,90,"Tier2",0,0,2.99,402,5.99645208861902,"Windows only",0,1,0,1,0,1,0,-0.200102891281294,-0.0515775081764219,0.0272910343386091
3045660,104,"Tier3",1,0,8.99,298,5.6970934865054,"Windows only",1,1,1,1,1,0,0,0.200788076739357,-0.0707802778736949,0.0490770781566566
3047090,5,"Tier1",0,0,6.39,358,5.8805329864007,"Windows only",0,1,0,1,0,0,0,0.016394924189769,-0.00456670522252778,0.00273165796685287
3047310,42,"Tier2",0,0,17.99,296,5.69035945432406,"Windows only",1,0,0,0,0,0,0,0.429376064752116,-0.185567587009545,0.204263061086857
3047510,182,"Tier3",1,0,14.99,299,5.70044357339069,"Windows only",1,0,0,1,0,0,0,0.392571032510476,-0.160815293725573,0.156651314964725
3051240,9,"Tier1",0,0,29.99,410,6.01615715969835,"Windows only",0,0,0,0,0,1,0,0.450508679108406,-0.235558822620563,0.360701542701817
3051490,39,"Tier2",0,0,49.99,348,5.85220247977447,"Windows only",0,1,0,0,1,0,0,0.366757544550316,-0.260600662025219,0.545952946944552
3052320,1,"Tier1",0,0,4.99,338,5.82304589548302,"Windows only",0,0,1,0,0,0,0,-0.097980093369211,0.0172174383899374,-0.00980705605692289
3054820,1941,"Tier4",1,0,16.66,318,5.76205138278018,"Windows + macOS",0,1,0,1,0,0,0,0.415851961823337,-0.175609691377199,0.18365548943415
3055230,432,"Tier3",1,0,5.99,360,5.88610403145016,"Windows only",0,1,0,0,0,1,0,-0.0168287319568234,0.00432550733585602,-0.00254065785494112
3055530,20,"Tier2",0,0,9.99,433,6.07073772800249,"Windows + Linux",0,1,1,1,0,0,0,0.251218860272004,-0.0918672356966252,0.068024739758569
3058360,425,"Tier3",1,0,19.99,385,5.95324333428778,"Windows only",0,0,1,1,0,1,1,0.443367319783897,-0.198158365479033,0.23384151956249
3059160,3,"Tier1",0,0,4.99,367,5.90536184805457,"Windows only",0,0,0,1,0,0,1,-0.097980093369211,0.0172174383899374,-0.00980705605692289
3061100,1,"Tier1",0,0,8.99,265,5.57972982598622,"Windows only",0,0,0,1,0,0,0,0.200788076739357,-0.0707802778736949,0.0490770781566566
3061370,8,"Tier1",0,0,1.99,326,5.78689738136671,"Windows only",0,1,1,1,0,0,0,-0.191000956662677,-0.174609008555128,0.0936365139174693
3062040,4,"Tier1",0,0,19.99,416,6.03068526026126,"Windows only",0,1,0,0,0,0,0,0.443367319783897,-0.198158365479033,0.23384151956249
3064730,1,"Tier1",0,0,4.99,433,6.07073772800249,"Windows only",1,0,0,1,0,0,1,-0.097980093369211,0.0172174383899374,-0.00980705605692289
3065870,79,"Tier2",0,0,12.99,271,5.6021188208797,"Windows only",1,1,0,1,1,0,0,0.352184179054766,-0.138692384061404,0.122585476016817
3067620,27,"Tier2",0,0,9.99,397,5.98393628068719,"Windows only",0,1,0,0,0,0,0,0.251218860272004,-0.0918672356966252,0.068024739758569
3067970,7,"Tier1",0,0,4.99,342,5.8348107370626,"Windows only",0,1,1,1,0,0,0,-0.097980093369211,0.0172174383899374,-0.00980705605692289
3068670,224,"Tier3",1,0,15.99,298,5.6970934865054,"Windows + macOS",0,0,0,1,1,0,0,0.407453927750679,-0.170012810338467,0.172975657991158
3069360,1,"Tier1",0,0,1,318,5.76205138278018,"Windows only",1,0,0,1,0,0,0,-0.105604931441873,-0.412167584046224,0.221741410391247
3070390,108,"Tier3",1,0,9.99,313,5.74620319054015,"Windows only",0,1,0,1,1,0,0,0.251218860272004,-0.0918672356966252,0.068024739758569
3070650,27,"Tier2",0,0,10.99,405,6.00388706710654,"Windows only",0,1,0,1,1,1,0,0.291956005597191,-0.109818110275501,0.0866397974300799
3070880,830,"Tier3",1,0,9.59,378,5.93489419561959,"Windows only",0,1,1,1,0,1,0,0.232351271122321,-0.0838514304101505,0.0604791620274954
3075800,190,"Tier3",1,0,4.99,329,5.79605775076537,"Windows only",1,1,0,1,0,0,0,-0.097980093369211,0.0172174383899374,-0.00980705605692289
3076240,134,"Tier3",1,0,7.99,419,6.03787091992214,"Windows only",0,1,1,0,0,0,0,0.138467671971053,-0.0461391003521592,0.0300758282519593
3077570,701,"Tier3",1,0,12,360,5.88610403145016,"Windows + macOS",0,0,1,1,0,0,0,0.325395405556167,-0.125412436935798,0.105020394767626
3078670,5,"Tier1",0,0,4.99,431,6.06610809010375,"Windows only",1,1,0,1,0,0,0,-0.097980093369211,0.0172174383899374,-0.00980705605692289
3080530,141,"Tier3",1,0,17.99,394,5.97635090929793,"Windows + Linux",1,0,0,1,0,0,0,0.429376064752116,-0.185567587009545,0.204263061086857
3083990,50,"Tier2",0,0,4.99,299,5.70044357339069,"Windows only",1,1,0,1,1,1,0,-0.097980093369211,0.0172174383899374,-0.00980705605692289
3084740,74,"Tier2",0,0,14.99,354,5.86929691313377,"Windows + macOS",0,0,0,1,0,0,1,0.392571032510476,-0.160815293725573,0.156651314964725
3085200,12,"Tier2",0,0,8.15,409,6.0137151560428,"Windows + macOS",1,0,0,1,0,0,0,0.149249230942764,-0.0502766014992333,0.0330850988731096
3086120,61,"Tier2",0,0,8.99,385,5.95324333428778,"Windows only",0,0,0,0,0,0,1,0.200788076739357,-0.0707802778736949,0.0490770781566566
3086580,100,"Tier3",1,0,29.99,290,5.66988092298052,"Windows only",0,1,0,1,0,0,0,0.450508679108406,-0.235558822620563,0.360701542701817
3094480,604,"Tier3",1,0,12.99,377,5.93224518744801,"Windows only",1,1,0,0,0,0,0,0.352184179054766,-0.138692384061404,0.122585476016817
3096410,3,"Tier1",0,0,2.99,436,6.07764224334903,"Windows only",0,1,0,1,1,0,0,-0.200102891281294,-0.0515775081764219,0.0272910343386091
3098140,1672,"Tier4",1,0,19.99,326,5.78689738136671,"Windows only",0,1,0,0,1,0,1,0.443367319783897,-0.198158365479033,0.23384151956249
3098170,108,"Tier3",1,0,24.99,284,5.64897423816121,"Windows only",1,0,0,1,1,0,0,0.456151751806107,-0.220841737810706,0.30120429943399
3098380,5,"Tier1",0,0,5.99,328,5.79301360838414,"Windows only",0,0,0,1,0,0,0,-0.0168287319568234,0.00432550733585602,-0.00254065785494112
3099630,169,"Tier3",1,0,8.99,310,5.73657229747919,"Windows only",0,0,1,1,1,1,0,0.200788076739357,-0.0707802778736949,0.0490770781566566
3100580,11,"Tier2",0,0,9.99,325,5.78382518232974,"Windows only",0,0,0,0,1,1,0,0.251218860272004,-0.0918672356966252,0.068024739758569
3101040,29730,"Tier4",1,0,29.99,422,6.04500531403601,"Windows + macOS",0,1,0,1,0,1,0,0.450508679108406,-0.235558822620563,0.360701542701817
3102750,47,"Tier2",0,0,4.99,265,5.57972982598622,"Windows only",0,0,0,0,1,0,0,-0.097980093369211,0.0172174383899374,-0.00980705605692289
3108990,27,"Tier2",0,0,5.49,389,5.96357934361845,"Windows only",1,1,0,1,1,0,0,-0.0583146470235656,0.0129798091823011,-0.00747787274884182
3109070,9,"Tier1",0,0,8.99,387,5.95842469302978,"Windows only",0,1,0,1,0,0,0,0.200788076739357,-0.0707802778736949,0.0490770781566566
3109280,327,"Tier3",1,0,9.99,426,6.05443934626937,"Windows only",0,0,0,1,0,1,1,0.251218860272004,-0.0918672356966252,0.068024739758569
3109830,10,"Tier2",0,0,6.99,272,5.605802066296,"Windows + macOS",0,0,1,0,0,1,0,0.0647926208600656,-0.0196821001690604,0.012133851804991
3110450,89,"Tier2",0,0,19.99,283,5.64544689764324,"Windows + macOS + Linux",0,1,0,1,0,0,0,0.443367319783897,-0.198158365479033,0.23384151956249
3111670,2,"Tier1",0,0,3.99,263,5.57215403217776,"Windows only",0,0,1,1,0,1,0,-0.163294420304253,0.0039253576640299,-0.00263922125326072
3113650,22,"Tier2",0,0,0.99,408,6.01126717440416,"Windows only",1,0,0,0,0,0,0,-0.10419428022306,-0.415443396766967,0.223507912183871
3114280,7,"Tier1",0,0,4.99,337,5.82008293035236,"Windows only",1,0,1,1,0,1,0,-0.097980093369211,0.0172174383899374,-0.00980705605692289
3114900,1452,"Tier4",1,0,4.79,430,6.06378520868761,"Windows only",0,1,1,1,1,1,0,-0.11277100768578,0.0171525523934454,-0.00977206589146146
3119050,49,"Tier2",0,0,1.49,286,5.65599181081985,"Windows only",1,1,0,1,0,1,0,-0.160133911506303,-0.275447494805641,0.14801427660185
3120410,10,"Tier2",0,0,2.44,310,5.73657229747919,"Windows only",1,1,0,1,0,0,0,-0.202362053823583,-0.108519184964572,0.05799717742315
3120890,23,"Tier2",0,0,5.99,362,5.89164421182577,"Windows + macOS",0,0,1,0,0,1,0,-0.0168287319568234,0.00432550733585602,-0.00254065785494112
3121630,1,"Tier1",0,0,9.99,346,5.84643877505772,"Windows only",1,0,0,1,0,1,1,0.251218860272004,-0.0918672356966252,0.068024739758569
3121720,1,"Tier1",0,0,4.99,376,5.92958914338989,"Windows + macOS + Linux",1,1,1,1,0,0,0,-0.097980093369211,0.0172174383899374,-0.00980705605692289
3121860,5,"Tier1",0,0,14.99,398,5.98645200528444,"Windows only",0,0,0,1,0,0,0,0.392571032510476,-0.160815293725573,0.156651314964725
3125370,2,"Tier1",0,1,0,285,5.65248918026865,"Windows only",0,1,0,0,0,0,0,0,0,0
3126880,26,"Tier2",0,0,7.99,395,5.97888576490112,"Windows + macOS",1,1,0,0,1,0,1,0.138467671971053,-0.0461391003521592,0.0300758282519593
3127000,307,"Tier3",1,0,9.99,325,5.78382518232974,"Windows only",0,0,0,1,1,0,0,0.251218860272004,-0.0918672356966252,0.068024739758569
3130800,208,"Tier3",1,0,3.99,417,6.0330862217988,"Windows only",0,1,1,1,0,0,0,-0.163294420304253,0.0039253576640299,-0.00263922125326072
3131880,4,"Tier1",0,0,0.99,265,5.57972982598622,"Windows only",1,1,0,1,1,0,0,-0.10419428022306,-0.415443396766967,0.223507912183871
3134570,29,"Tier2",0,0,14.99,286,5.65599181081985,"Windows + macOS",0,0,1,1,1,0,1,0.392571032510476,-0.160815293725573,0.156651314964725
3135270,26,"Tier2",0,0,4.99,327,5.78996017089725,"Windows only",1,1,0,1,0,0,0,-0.097980093369211,0.0172174383899374,-0.00980705605692289
3136490,46,"Tier2",0,0,9.99,415,6.0282785202307,"Windows only",0,0,0,1,0,1,1,0.251218860272004,-0.0918672356966252,0.068024739758569
3141140,41,"Tier2",0,0,1.99,392,5.97126183979046,"Windows only",0,0,1,1,0,0,0,-0.191000956662677,-0.174609008555128,0.0936365139174693
3141310,616,"Tier3",1,0,19.99,395,5.97888576490112,"Windows only",0,1,0,1,1,0,1,0.443367319783897,-0.198158365479033,0.23384151956249
3141330,168,"Tier3",1,0,39.99,313,5.74620319054015,"Windows only",1,1,0,0,0,0,0,0.414741112884119,-0.252383810537472,0.461936938410595
3143300,81,"Tier2",0,0,29.99,307,5.7268477475872,"Windows only",0,1,1,0,0,0,0,0.450508679108406,-0.235558822620563,0.360701542701817
3143570,17,"Tier2",0,0,13.99,292,5.67675380226828,"Windows only",1,1,1,0,0,0,0,0.374378963846971,-0.15044831662319,0.139856650607732
3144520,2,"Tier1",0,0,4.99,373,5.92157841964382,"Windows only",1,1,1,0,0,0,0,-0.097980093369211,0.0172174383899374,-0.00980705605692289
3146630,1,"Tier1",0,0,4.99,271,5.6021188208797,"Windows only",1,0,0,1,0,0,0,-0.097980093369211,0.0172174383899374,-0.00980705605692289
3148060,572,"Tier3",1,0,24.99,298,5.6970934865054,"Windows + macOS",0,1,0,1,0,0,0,0.456151751806107,-0.220841737810706,0.30120429943399
3151420,45,"Tier2",0,0,1.99,417,6.0330862217988,"Windows only",0,0,1,1,0,0,1,-0.191000956662677,-0.174609008555128,0.0936365139174693
3154800,174,"Tier3",1,0,9.99,338,5.82304589548302,"Windows + macOS",0,0,1,1,0,1,0,0.251218860272004,-0.0918672356966252,0.068024739758569
3154910,1,"Tier1",0,0,3.99,418,6.03548143252476,"Windows only",1,0,0,1,0,1,0,-0.163294420304253,0.0039253576640299,-0.00263922125326072
3158600,2,"Tier1",0,0,9.99,364,5.89715386763674,"Windows only",1,1,1,1,0,0,0,0.251218860272004,-0.0918672356966252,0.068024739758569
3160110,13,"Tier2",0,0,8.99,363,5.89440283426485,"Windows only",1,0,0,1,0,0,1,0.200788076739357,-0.0707802778736949,0.0490770781566566
3160500,74,"Tier2",0,0,11.99,356,5.87493073085203,"Windows only",0,0,1,1,1,0,1,0.325096773641836,-0.125268847109111,0.10484064365824
3164400,39,"Tier2",0,0,4.99,400,5.99146454710798,"Windows + macOS + Linux",1,0,1,1,0,0,1,-0.097980093369211,0.0172174383899374,-0.00980705605692289
3166730,1,"Tier1",0,0,5.99,268,5.59098698051086,"Windows + macOS",0,0,1,1,0,0,0,-0.0168287319568234,0.00432550733585602,-0.00254065785494112
3167020,83387,"Tier4",1,0,17.99,332,5.80513496891649,"Windows + macOS",1,1,0,1,1,0,0,0.429376064752116,-0.185567587009545,0.204263061086857
3167260,381,"Tier3",1,0,7.19,297,5.6937321388027,"Windows only",1,0,0,0,0,0,1,0.0803211613798314,-0.0249582918428222,0.015551344245569
3167280,195,"Tier3",1,0,12.99,408,6.01126717440416,"Windows only",1,0,0,1,0,0,0,0.352184179054766,-0.138692384061404,0.122585476016817
3168400,23,"Tier2",0,0,5.99,347,5.84932477994686,"Windows only",0,1,0,1,0,0,0,-0.0168287319568234,0.00432550733585602,-0.00254065785494112
3168690,10,"Tier2",0,0,4.99,340,5.82894561761021,"Windows only",1,1,0,1,0,0,1,-0.097980093369211,0.0172174383899374,-0.00980705605692289
3168930,34,"Tier2",0,0,2.99,300,5.7037824746562,"Windows only",1,1,0,1,0,0,0,-0.200102891281294,-0.0515775081764219,0.0272910343386091
3169180,11,"Tier2",0,0,1.99,437,6.07993319509559,"Windows only",0,0,0,1,0,0,1,-0.191000956662677,-0.174609008555128,0.0936365139174693
3172770,51,"Tier2",0,0,7.99,299,5.70044357339069,"Windows only",1,1,0,1,0,0,0,0.138467671971053,-0.0461391003521592,0.0300758282519593
3177210,44,"Tier2",0,1,0,427,6.05678401322862,"Windows only",0,0,0,1,0,0,1,0,0,0
3180070,27097,"Tier4",1,0,14.99,363,5.89440283426485,"Windows only",0,0,0,1,0,1,0,0.392571032510476,-0.160815293725573,0.156651314964725
3181260,12,"Tier2",0,0,5.99,398,5.98645200528444,"Windows only",0,0,1,1,1,0,1,-0.0168287319568234,0.00432550733585602,-0.00254065785494112
3183220,98,"Tier2",0,0,12.99,430,6.06378520868761,"Windows only",0,0,0,1,0,0,1,0.352184179054766,-0.138692384061404,0.122585476016817
3183410,87,"Tier2",0,0,14.99,324,5.78074351579233,"Windows only",0,1,0,1,0,0,0,0.392571032510476,-0.160815293725573,0.156651314964725
3184990,272,"Tier3",1,0,13.49,291,5.67332326717149,"Windows only",0,1,0,1,1,0,0,0.363832194732918,-0.144759783747345,0.13128071490255
3185010,15,"Tier2",0,0,8.99,261,5.56452040732269,"Windows only",0,0,1,1,1,0,0,0.200788076739357,-0.0707802778736949,0.0490770781566566
3185230,8,"Tier1",0,0,6.99,423,6.04737217904628,"Windows + Linux",0,1,1,1,1,0,1,0.0647926208600656,-0.0196821001690604,0.012133851804991
3185890,1132,"Tier4",1,0,10.99,353,5.8664680569333,"Windows only",0,0,0,1,1,0,1,0.291956005597191,-0.109818110275501,0.0866397974300799
3186120,184,"Tier3",1,0,6.99,413,6.02344759296103,"Windows only",0,1,0,0,0,0,0,0.0647926208600656,-0.0196821001690604,0.012133851804991
3187010,721,"Tier3",1,0,10.49,311,5.73979291217923,"Windows + macOS + Linux",0,1,1,1,0,0,0,0.272652489940333,-0.101190374052271,0.0773801211224114
3188460,1,"Tier1",0,0,4.99,296,5.69035945432406,"Windows only",1,1,0,1,1,0,0,-0.097980093369211,0.0172174383899374,-0.00980705605692289
3192970,19,"Tier2",0,0,2.79,283,5.64544689764324,"Windows + macOS + Linux",0,0,1,1,0,1,0,-0.202705303070133,-0.0696669636929533,0.0370458824699456
3194360,853,"Tier3",1,0,19.99,360,5.88610403145016,"Windows only",1,0,1,1,0,0,0,0.443367319783897,-0.198158365479033,0.23384151956249
3196520,79,"Tier2",0,0,5.99,426,6.05443934626937,"Windows only",0,0,1,1,0,1,0,-0.0168287319568234,0.00432550733585602,-0.00254065785494112
3198760,1,"Tier1",0,0,4.99,411,6.01859321449623,"Windows only",0,0,0,0,0,1,1,-0.097980093369211,0.0172174383899374,-0.00980705605692289
3199430,66,"Tier2",0,0,4.99,432,6.06842558824411,"Windows only",0,0,0,1,0,1,0,-0.097980093369211,0.0172174383899374,-0.00980705605692289
3200060,175,"Tier3",1,0,19.99,430,6.06378520868761,"Windows only",1,0,0,1,0,0,0,0.443367319783897,-0.198158365479033,0.23384151956249
3200220,52,"Tier2",0,0,16.99,292,5.67675380226828,"Windows + Linux",0,1,0,0,0,0,1,0.419575949297417,-0.178216261844633,0.188841310784716
3202400,17,"Tier2",0,0,2.99,384,5.95064255258773,"Windows only",0,0,1,1,0,0,0,-0.200102891281294,-0.0515775081764219,0.0272910343386091
3202430,1,"Tier1",0,0,4.99,292,5.67675380226828,"Windows only",1,0,1,1,0,0,0,-0.097980093369211,0.0172174383899374,-0.00980705605692289
3202950,53,"Tier2",0,0,13.74,383,5.94803498918065,"Windows + Linux",1,0,0,1,0,0,0,0.369236454905022,-0.147649282831944,0.135583607747483
3203160,1,"Tier1",0,0,9.99,321,5.77144112313002,"Windows only",0,0,1,1,0,0,0,0.251218860272004,-0.0918672356966252,0.068024739758569
3204140,5,"Tier1",0,0,19.99,437,6.07993319509559,"Windows only",0,1,0,0,1,0,1,0.443367319783897,-0.198158365479033,0.23384151956249
3205360,1,"Tier1",0,0,5.99,411,6.01859321449623,"Windows + macOS + Linux",0,0,0,1,0,1,0,-0.0168287319568234,0.00432550733585602,-0.00254065785494112
3205410,2,"Tier1",0,0,9.89,311,5.73979291217923,"Windows only",0,0,0,1,0,1,1,0.246652643118738,-0.0899119259005807,0.0661431312192697
3206550,11,"Tier2",0,0,7.99,347,5.84932477994686,"Windows only",0,1,0,1,0,0,0,0.138467671971053,-0.0461391003521592,0.0300758282519593
3208730,12,"Tier2",0,0,12.99,416,6.03068526026126,"Windows only",0,1,0,0,0,0,0,0.352184179054766,-0.138692384061404,0.122585476016817
3209480,2409,"Tier4",1,0,2.99,429,6.06145691892802,"Windows only",0,1,0,1,0,0,0,-0.200102891281294,-0.0515775081764219,0.0272910343386091
3210590,5,"Tier1",0,0,4.99,377,5.93224518744801,"Windows + macOS + Linux",1,1,0,1,0,0,0,-0.097980093369211,0.0172174383899374,-0.00980705605692289
3210750,11,"Tier2",0,0,3.99,317,5.75890177387728,"Windows only",1,1,0,1,0,0,0,-0.163294420304253,0.0039253576640299,-0.00263922125326072
3213600,99,"Tier2",0,0,12.99,307,5.7268477475872,"Windows only",0,0,0,0,0,1,0,0.352184179054766,-0.138692384061404,0.122585476016817
3213790,14,"Tier2",0,0,9.99,425,6.05208916892442,"Windows only",1,1,1,1,0,0,0,0.251218860272004,-0.0918672356966252,0.068024739758569
3214220,40,"Tier2",0,0,9.99,341,5.83188247728352,"Windows only",1,0,0,0,0,0,0,0.251218860272004,-0.0918672356966252,0.068024739758569
3214790,32,"Tier2",0,0,19.99,402,5.99645208861902,"Windows only",0,0,0,1,1,0,1,0.443367319783897,-0.198158365479033,0.23384151956249
3216500,700,"Tier3",1,0,24.99,373,5.92157841964382,"Windows only",0,1,0,0,0,0,0,0.456151751806107,-0.220841737810706,0.30120429943399
3220170,1,"Tier1",0,1,0,423,6.04737217904628,"Windows + macOS",0,1,0,1,1,0,0,0,0,0
3220180,21,"Tier2",0,0,4.99,407,6.00881318544259,"Windows only",1,0,1,1,0,1,0,-0.097980093369211,0.0172174383899374,-0.00980705605692289
3220620,49,"Tier2",0,0,7.99,429,6.06145691892802,"Windows only",0,1,0,1,0,0,0,0.138467671971053,-0.0461391003521592,0.0300758282519593
3222920,12,"Tier2",0,0,8.99,347,5.84932477994686,"Windows + macOS + Linux",0,0,1,1,0,1,0,0.200788076739357,-0.0707802778736949,0.0490770781566566
3223370,7,"Tier1",0,0,7.99,275,5.61677109766657,"Windows + Linux",1,1,0,1,0,1,0,0.138467671971053,-0.0461391003521592,0.0300758282519593
3223470,4,"Tier1",0,0,8.99,408,6.01126717440416,"Windows only",0,0,0,0,0,0,1,0.200788076739357,-0.0707802778736949,0.0490770781566566
3224330,6,"Tier1",0,0,0.99,439,6.08449941307517,"Windows only",1,1,1,1,0,0,0,-0.10419428022306,-0.415443396766967,0.223507912183871
3224410,1,"Tier1",0,0,1.99,427,6.05678401322862,"Windows only",0,0,1,1,0,0,0,-0.191000956662677,-0.174609008555128,0.0936365139174693
3226580,2,"Tier1",0,0,4.99,286,5.65599181081985,"Windows + Linux",0,0,1,1,0,0,1,-0.097980093369211,0.0172174383899374,-0.00980705605692289
3226740,1,"Tier1",0,0,4.99,404,6.00141487796115,"Windows only",0,0,1,0,1,0,1,-0.097980093369211,0.0172174383899374,-0.00980705605692289
3227670,21,"Tier2",0,0,2.99,287,5.65948221575962,"Windows only",0,0,1,1,1,1,0,-0.200102891281294,-0.0515775081764219,0.0272910343386091
3227790,3,"Tier1",0,0,7.99,428,6.0591231955818,"Windows only",0,0,1,1,0,1,1,0.138467671971053,-0.0461391003521592,0.0300758282519593
3228800,13,"Tier2",0,0,5.99,305,5.72031177660741,"Windows + Linux",0,0,1,1,0,1,0,-0.0168287319568234,0.00432550733585602,-0.00254065785494112
3230860,9,"Tier1",0,0,4.99,428,6.0591231955818,"Windows + Linux",1,1,1,0,0,0,0,-0.097980093369211,0.0172174383899374,-0.00980705605692289
3232760,2,"Tier1",0,0,9.99,420,6.04025471127741,"Windows only",1,1,0,1,0,0,0,0.251218860272004,-0.0918672356966252,0.068024739758569
3233130,115,"Tier3",1,0,14.99,429,6.06145691892802,"Windows only",0,1,0,1,0,1,0,0.392571032510476,-0.160815293725573,0.156651314964725
3234170,8,"Tier1",0,0,12.99,292,5.67675380226828,"Windows only",0,0,0,1,0,0,1,0.352184179054766,-0.138692384061404,0.122585476016817
3234660,4,"Tier1",0,0,0.5,324,5.78074351579233,"Windows only",0,0,0,1,0,0,1,-0.01828256807178,-0.605956189877327,0.32624308639461
3235740,2,"Tier1",0,0,3.99,311,5.73979291217923,"Windows + macOS",0,0,0,0,0,0,1,-0.163294420304253,0.0039253576640299,-0.00263922125326072
3236710,520,"Tier3",1,0,11.99,360,5.88610403145016,"Windows only",1,0,1,0,1,0,0,0.325096773641836,-0.125268847109111,0.10484064365824
3237360,15,"Tier2",0,0,16.99,328,5.79301360838414,"Windows only",1,0,0,0,0,0,0,0.419575949297417,-0.178216261844633,0.188841310784716
3237570,142,"Tier3",1,0,9.99,411,6.01859321449623,"Windows only",1,1,0,0,0,0,0,0.251218860272004,-0.0918672356966252,0.068024739758569
3238190,1,"Tier1",0,0,4.99,276,5.62040086571715,"Windows only",0,0,1,1,0,0,0,-0.097980093369211,0.0172174383899374,-0.00980705605692289
3239500,46,"Tier2",0,0,4.99,381,5.9427993751267,"Windows only",0,1,1,1,0,0,0,-0.097980093369211,0.0172174383899374,-0.00980705605692289
3239650,216,"Tier3",1,0,12.49,368,5.90808293816893,"Windows only",0,0,0,0,0,0,0,0.339317170696906,-0.132209328152562,0.113771598301579
3243410,10,"Tier2",0,0,5.99,326,5.78689738136671,"Windows only",0,0,0,1,0,0,1,-0.0168287319568234,0.00432550733585602,-0.00254065785494112
3244900,12,"Tier2",0,0,0.99,316,5.75574221358691,"Windows + Linux",0,0,1,1,0,0,1,-0.10419428022306,-0.415443396766967,0.223507912183871
3247750,4069,"Tier4",1,0,14.99,430,6.06378520868761,"Windows only",1,0,0,1,0,0,0,0.392571032510476,-0.160815293725573,0.156651314964725
3249650,1768,"Tier4",1,0,15.88,422,6.04500531403601,"Windows + macOS",1,0,0,1,0,0,0,0.405960839987152,-0.169052600958941,0.171202677352379
3252440,1,"Tier1",0,0,5.99,259,5.55682806169954,"Windows only",0,1,0,1,1,0,0,-0.0168287319568234,0.00432550733585602,-0.00254065785494112
3253190,7,"Tier1",0,0,9.99,317,5.75890177387728,"Windows only",1,1,1,1,1,0,0,0.251218860272004,-0.0918672356966252,0.068024739758569
3256840,21,"Tier2",0,0,2.99,401,5.99396142730657,"Windows only",1,1,0,1,0,0,0,-0.200102891281294,-0.0515775081764219,0.0272910343386091
3257040,3,"Tier1",0,0,2.99,428,6.0591231955818,"Windows only",1,1,0,1,0,0,0,-0.200102891281294,-0.0515775081764219,0.0272910343386091
3262080,1,"Tier1",0,0,9.99,380,5.94017125272043,"Windows only",0,0,1,1,0,0,1,0.251218860272004,-0.0918672356966252,0.068024739758569
3262560,1,"Tier1",0,0,7.99,310,5.73657229747919,"Windows only",0,0,1,1,0,1,1,0.138467671971053,-0.0461391003521592,0.0300758282519593
3262810,8,"Tier1",0,0,7.99,342,5.8348107370626,"Windows only",0,0,0,1,0,1,0,0.138467671971053,-0.0461391003521592,0.0300758282519593
3265060,2147,"Tier4",1,0,6.99,331,5.80211837537706,"Windows only",1,1,0,1,1,0,0,0.0647926208600656,-0.0196821001690604,0.012133851804991
3268870,1,"Tier1",0,0,5.99,316,5.75574221358691,"Windows + macOS + Linux",0,0,0,1,1,0,1,-0.0168287319568234,0.00432550733585602,-0.00254065785494112
3270580,15,"Tier2",0,0,2.99,283,5.64544689764324,"Windows only",1,0,1,1,0,0,1,-0.200102891281294,-0.0515775081764219,0.0272910343386091
3271880,5,"Tier1",0,0,2.99,340,5.82894561761021,"Windows only",0,1,0,1,0,0,0,-0.200102891281294,-0.0515775081764219,0.0272910343386091
3272170,139,"Tier3",1,0,6.99,389,5.96357934361845,"Windows only",0,1,1,1,0,0,1,0.0647926208600656,-0.0196821001690604,0.012133851804991
3273550,3,"Tier1",0,0,19.99,324,5.78074351579233,"Windows only",1,1,0,0,0,0,0,0.443367319783897,-0.198158365479033,0.23384151956249
3273740,13,"Tier2",0,0,6.66,303,5.71373280550937,"Windows only",1,0,0,1,0,0,0,0.0384638294166861,-0.0111849925632497,0.00677953361199773
3275460,18,"Tier2",0,0,3.99,284,5.64897423816121,"Windows only",0,0,0,1,0,1,1,-0.163294420304253,0.0039253576640299,-0.00263922125326072
3276960,13,"Tier2",0,0,9.99,338,5.82304589548302,"Windows only",0,0,1,1,0,0,1,0.251218860272004,-0.0918672356966252,0.068024739758569
3277640,2,"Tier1",0,0,2.99,351,5.86078622346587,"Windows only",0,0,0,1,0,0,1,-0.200102891281294,-0.0515775081764219,0.0272910343386091
3279410,63,"Tier2",0,0,12.99,282,5.64190707093811,"Windows + macOS + Linux",0,0,1,1,0,0,0,0.352184179054766,-0.138692384061404,0.122585476016817
3281330,3,"Tier1",0,0,11.99,362,5.89164421182577,"Windows only",1,0,1,1,0,0,0,0.325096773641836,-0.125268847109111,0.10484064365824
3281380,17,"Tier2",0,0,4.99,429,6.06145691892802,"Windows only",1,0,1,1,1,0,0,-0.097980093369211,0.0172174383899374,-0.00980705605692289
3282260,12,"Tier2",0,0,4.99,263,5.57215403217776,"Windows only",1,1,1,0,0,0,0,-0.097980093369211,0.0172174383899374,-0.00980705605692289
3282690,3,"Tier1",0,0,4.99,338,5.82304589548302,"Windows only",1,0,1,1,0,0,0,-0.097980093369211,0.0172174383899374,-0.00980705605692289
3282980,16,"Tier2",0,0,3.99,324,5.78074351579233,"Windows only",1,1,0,1,0,0,0,-0.163294420304253,0.0039253576640299,-0.00263922125326072
3290390,94,"Tier2",0,0,18.99,326,5.78689738136671,"Windows only",1,0,0,0,0,0,0,0.43720965676205,-0.192182946818671,0.219257388142993
3290600,39,"Tier2",0,0,10.99,424,6.04973345523196,"Windows only",0,0,1,1,1,1,0,0.291956005597191,-0.109818110275501,0.0866397974300799
3291040,4,"Tier1",0,0,8.99,264,5.57594910314632,"Windows only",1,0,0,0,0,0,1,0.200788076739357,-0.0707802778736949,0.0490770781566566
3291090,10,"Tier2",0,0,7.99,270,5.59842195899838,"Windows only",1,1,0,1,0,0,0,0.138467671971053,-0.0461391003521592,0.0300758282519593
3292750,4,"Tier1",0,0,7.99,410,6.01615715969835,"Windows only",1,0,1,1,0,0,1,0.138467671971053,-0.0461391003521592,0.0300758282519593
3293010,9479,"Tier4",1,0,12.99,360,5.88610403145016,"Windows only",0,0,1,1,0,1,0,0.352184179054766,-0.138692384061404,0.122585476016817
3294020,22,"Tier2",0,0,9.99,395,5.97888576490112,"Windows + Linux",0,1,0,1,0,0,0,0.251218860272004,-0.0918672356966252,0.068024739758569
3294570,2,"Tier1",0,0,7.99,388,5.96100533962327,"Windows only",1,1,0,0,0,0,0,0.138467671971053,-0.0461391003521592,0.0300758282519593
3295350,8,"Tier1",0,0,9.99,296,5.69035945432406,"Windows only",0,0,0,0,0,0,1,0.251218860272004,-0.0918672356966252,0.068024739758569
3297940,22,"Tier2",0,0,2.99,382,5.94542060860658,"Windows only",1,1,0,1,0,1,0,-0.200102891281294,-0.0515775081764219,0.0272910343386091
3299340,23,"Tier2",0,0,9.99,393,5.97380961186926,"Windows only",0,0,1,1,1,0,0,0.251218860272004,-0.0918672356966252,0.068024739758569
3300760,13,"Tier2",0,0,9.99,367,5.90536184805457,"Windows only",1,1,0,1,0,0,0,0.251218860272004,-0.0918672356966252,0.068024739758569
3305120,10,"Tier2",0,0,0.71,321,5.77144112313002,"Windows only",1,1,0,1,1,0,0,-0.0592479361871856,-0.516608280542562,0.278061686704799
3305920,1,"Tier1",0,0,0.99,340,5.82894561761021,"Windows only",0,0,1,1,0,0,0,-0.10419428022306,-0.415443396766967,0.223507912183871
3308220,13,"Tier2",0,0,7.99,299,5.70044357339069,"Windows only",1,0,0,1,0,0,0,0.138467671971053,-0.0461391003521592,0.0300758282519593
3308330,1,"Tier1",0,0,4.49,282,5.64190707093811,"Windows only",1,1,0,1,0,0,0,-0.133453755302326,0.0147876202368631,-0.00849676194396054
3308870,2674,"Tier4",1,0,3.49,417,6.0330862217988,"Windows + macOS",0,1,1,1,0,1,0,-0.186116890076566,-0.0173289811302235,0.00882230929863664
3309750,486,"Tier3",1,0,9.99,320,5.76832099579377,"Windows + macOS",0,1,0,1,0,0,0,0.251218860272004,-0.0918672356966252,0.068024739758569
3313200,2,"Tier1",0,0,4.99,257,5.54907608489522,"Windows only",0,0,1,1,0,0,0,-0.097980093369211,0.0172174383899374,-0.00980705605692289
3314790,24603,"Tier4",1,0,9.99,352,5.8636311755981,"Windows only",1,1,0,1,0,1,1,0.251218860272004,-0.0918672356966252,0.068024739758569
3316690,16,"Tier2",0,0,4.99,267,5.58724865840025,"Windows only",0,1,1,1,0,0,0,-0.097980093369211,0.0172174383899374,-0.00980705605692289
3317620,2,"Tier1",0,0,9.99,409,6.0137151560428,"Windows only",0,0,0,1,1,0,0,0.251218860272004,-0.0918672356966252,0.068024739758569
3318080,6,"Tier1",0,0,2.99,429,6.06145691892802,"Windows only",1,0,1,0,0,0,0,-0.200102891281294,-0.0515775081764219,0.0272910343386091
3318490,9,"Tier1",0,0,14.99,271,5.6021188208797,"Windows only",0,0,0,1,0,1,0,0.392571032510476,-0.160815293725573,0.156651314964725
3321850,4,"Tier1",0,0,5.99,389,5.96357934361845,"Windows + Linux",0,0,0,0,0,0,1,-0.0168287319568234,0.00432550733585602,-0.00254065785494112
3323040,2,"Tier1",0,0,4.99,410,6.01615715969835,"Windows + Linux",1,0,0,1,0,0,0,-0.097980093369211,0.0172174383899374,-0.00980705605692289
3323260,8,"Tier1",0,0,6.99,389,5.96357934361845,"Windows only",0,1,1,1,0,0,0,0.0647926208600656,-0.0196821001690604,0.012133851804991
3323850,394,"Tier3",1,0,14.99,355,5.87211778947542,"Windows + macOS",0,0,1,1,0,0,0,0.392571032510476,-0.160815293725573,0.156651314964725
3324980,3,"Tier1",0,0,16.99,325,5.78382518232974,"Windows only",1,1,0,0,0,0,0,0.419575949297417,-0.178216261844633,0.188841310784716
3325500,557,"Tier3",1,0,19.99,389,5.96357934361845,"Windows only",0,0,1,1,0,1,1,0.443367319783897,-0.198158365479033,0.23384151956249
3326580,1,"Tier1",0,0,4.99,368,5.90808293816893,"Windows only",0,0,1,1,0,0,1,-0.097980093369211,0.0172174383899374,-0.00980705605692289
3327640,153,"Tier3",1,0,24.99,410,6.01615715969835,"Windows only",0,1,1,0,0,0,0,0.456151751806107,-0.220841737810706,0.30120429943399
3328180,62,"Tier2",0,0,17.99,338,5.82304589548302,"Windows only",0,1,0,0,0,0,0,0.429376064752116,-0.185567587009545,0.204263061086857
3330410,6,"Tier1",0,0,3.99,299,5.70044357339069,"Windows only",1,0,0,1,0,0,1,-0.163294420304253,0.0039253576640299,-0.00263922125326072
3330420,10,"Tier2",0,0,9.99,363,5.89440283426485,"Windows only",0,0,0,0,1,0,0,0.251218860272004,-0.0918672356966252,0.068024739758569
3330510,3,"Tier1",0,0,4.99,283,5.64544689764324,"Windows only",0,0,1,1,0,1,1,-0.097980093369211,0.0172174383899374,-0.00980705605692289
3332140,3,"Tier1",0,0,4.99,381,5.9427993751267,"Windows only",0,1,0,1,0,0,0,-0.097980093369211,0.0172174383899374,-0.00980705605692289
3333310,4,"Tier1",0,0,4.99,327,5.78996017089725,"Windows only",0,1,0,0,0,0,0,-0.097980093369211,0.0172174383899374,-0.00980705605692289
3334770,4,"Tier1",0,0,10,310,5.73657229747919,"Windows + macOS + Linux",0,0,0,1,0,1,1,0.25167014707467,-0.092061040438315,0.0682127165226653
3337710,4,"Tier1",0,0,1.99,434,6.07304453410041,"Windows only",0,0,1,1,0,1,1,-0.191000956662677,-0.174609008555128,0.0936365139174693
3339810,89,"Tier2",0,0,5.99,325,5.78382518232974,"Windows only",1,0,0,1,0,0,0,-0.0168287319568234,0.00432550733585602,-0.00254065785494112
3341510,109,"Tier3",1,0,29.99,383,5.94803498918065,"Windows only",1,0,0,0,1,0,0,0.450508679108406,-0.235558822620563,0.360701542701817
3342150,1,"Tier1",0,0,7.99,311,5.73979291217923,"Windows only",1,0,1,1,0,0,0,0.138467671971053,-0.0461391003521592,0.0300758282519593
3342800,137,"Tier3",1,0,10.99,291,5.67332326717149,"Windows only",0,1,0,1,0,0,0,0.291956005597191,-0.109818110275501,0.0866397974300799
3342900,1,"Tier1",0,0,7.99,423,6.04737217904628,"Windows + Linux",1,0,1,1,0,0,1,0.138467671971053,-0.0461391003521592,0.0300758282519593
3343940,33,"Tier2",0,0,3.99,425,6.05208916892442,"Windows only",1,1,1,1,1,0,0,-0.163294420304253,0.0039253576640299,-0.00263922125326072
3344770,1,"Tier1",0,0,9.99,367,5.90536184805457,"Windows only",1,0,0,1,0,0,0,0.251218860272004,-0.0918672356966252,0.068024739758569
3348510,3,"Tier1",0,0,4.99,427,6.05678401322862,"Windows only",0,0,0,1,0,0,1,-0.097980093369211,0.0172174383899374,-0.00980705605692289
3348910,27,"Tier2",0,0,12.49,405,6.00388706710654,"Windows only",0,1,1,0,0,1,0,0.339317170696906,-0.132209328152562,0.113771598301579
3351040,6,"Tier1",0,0,3.99,376,5.92958914338989,"Windows only",0,0,1,0,0,1,0,-0.163294420304253,0.0039253576640299,-0.00263922125326072
3352160,3,"Tier1",0,0,3.99,312,5.74300318780948,"Windows only",0,0,0,1,0,0,0,-0.163294420304253,0.0039253576640299,-0.00263922125326072
3353000,4,"Tier1",0,0,2.54,353,5.8664680569333,"Windows only",1,1,0,0,0,0,0,-0.203146439440563,-0.096408543793139,0.0514664410340707
3354220,173,"Tier3",1,0,11.99,290,5.66988092298052,"Windows only",0,0,1,1,0,1,0,0.325096773641836,-0.125268847109111,0.10484064365824
3354750,286,"Tier3",1,1,0,362,5.89164421182577,"Windows only",1,0,0,0,0,0,0,0,0,0
3355080,8,"Tier1",0,0,7.99,361,5.88887795833288,"Windows only",1,1,0,0,0,0,0,0.138467671971053,-0.0461391003521592,0.0300758282519593
3355830,16,"Tier2",0,0,8.99,408,6.01126717440416,"Windows only",1,0,1,1,0,1,0,0.200788076739357,-0.0707802778736949,0.0490770781566566
3355900,3,"Tier1",0,0,1.99,307,5.7268477475872,"Windows only",1,0,0,0,0,0,0,-0.191000956662677,-0.174609008555128,0.0936365139174693
3356250,1,"Tier1",0,0,8.99,417,6.0330862217988,"Windows only",0,1,0,1,0,0,0,0.200788076739357,-0.0707802778736949,0.0490770781566566
3356350,31,"Tier2",0,0,3.99,313,5.74620319054015,"Windows only",1,0,1,1,0,1,0,-0.163294420304253,0.0039253576640299,-0.00263922125326072
3356360,20,"Tier2",0,0,4.99,265,5.57972982598622,"Windows only",1,0,1,1,0,1,0,-0.097980093369211,0.0172174383899374,-0.00980705605692289
3359900,84,"Tier2",0,0,19.99,351,5.86078622346587,"Windows only",1,0,0,0,0,0,0,0.443367319783897,-0.198158365479033,0.23384151956249
3359910,38,"Tier2",0,0,19.99,337,5.82008293035236,"Windows only",1,0,0,0,0,0,0,0.443367319783897,-0.198158365479033,0.23384151956249
3360320,7,"Tier1",0,0,4.99,403,5.99893656194668,"Windows only",0,0,1,1,0,1,0,-0.097980093369211,0.0172174383899374,-0.00980705605692289
3360820,1,"Tier1",0,0,4.99,272,5.605802066296,"Windows only",0,0,1,1,0,0,0,-0.097980093369211,0.0172174383899374,-0.00980705605692289
3360890,79,"Tier2",0,0,19.99,297,5.6937321388027,"Windows only",0,0,0,0,1,1,1,0.443367319783897,-0.198158365479033,0.23384151956249
3362660,167,"Tier3",1,0,19.99,397,5.98393628068719,"Windows only",1,1,0,0,0,0,0,0.443367319783897,-0.198158365479033,0.23384151956249
3362960,259,"Tier3",1,0,16.99,355,5.87211778947542,"Windows + macOS + Linux",0,0,1,1,0,1,0,0.419575949297417,-0.178216261844633,0.188841310784716
3363570,12,"Tier2",0,0,5.99,439,6.08449941307517,"Windows only",1,0,0,1,0,0,1,-0.0168287319568234,0.00432550733585602,-0.00254065785494112
3363580,7,"Tier1",0,0,2.99,346,5.84643877505772,"Windows + Linux",1,0,0,1,0,0,0,-0.200102891281294,-0.0515775081764219,0.0272910343386091
3364070,417,"Tier3",1,0,29.99,326,5.78689738136671,"Windows + macOS + Linux",0,1,1,1,1,1,1,0.450508679108406,-0.235558822620563,0.360701542701817
3365030,250,"Tier3",1,0,39.99,305,5.72031177660741,"Windows only",1,1,1,0,1,1,0,0.414741112884119,-0.252383810537472,0.461936938410595
3369990,3,"Tier1",0,0,1.49,378,5.93489419561959,"Windows only",0,0,1,0,0,0,0,-0.160133911506303,-0.275447494805641,0.14801427660185
3370050,7,"Tier1",0,1,0,398,5.98645200528444,"Windows only",1,0,1,1,0,1,0,0,0,0
3370100,215,"Tier3",1,0,8.99,408,6.01126717440416,"Windows only",0,0,0,0,1,0,0,0.200788076739357,-0.0707802778736949,0.0490770781566566
3371110,37,"Tier2",0,0,19.99,325,5.78382518232974,"Windows only",0,1,0,0,1,1,1,0.443367319783897,-0.198158365479033,0.23384151956249
3371480,356,"Tier3",1,0,3.99,365,5.89989735358249,"Windows only",0,0,1,1,1,0,0,-0.163294420304253,0.0039253576640299,-0.00263922125326072
3373830,60,"Tier2",0,0,9.99,384,5.95064255258773,"Windows only",0,0,1,1,0,1,0,0.251218860272004,-0.0918672356966252,0.068024739758569
3374840,8,"Tier1",0,0,20,338,5.82304589548302,"Windows only",1,0,1,1,0,0,0,0.44342128098525,-0.198215170564446,0.233985348263895
3374920,8,"Tier1",0,0,5.99,395,5.97888576490112,"Windows + macOS + Linux",0,0,0,0,1,0,0,-0.0168287319568234,0.00432550733585602,-0.00254065785494112
3375780,4593,"Tier4",1,0,59.99,359,5.88332238848828,"Windows only",1,1,0,0,1,0,0,0.316101042402829,-0.2645737658743,0.617684848935362
3377290,3,"Tier1",0,0,4.99,347,5.84932477994686,"Windows only",0,0,1,0,0,1,0,-0.097980093369211,0.0172174383899374,-0.00980705605692289
3384840,6,"Tier1",0,0,5.99,289,5.66642668811243,"Windows only",0,1,1,1,0,1,0,-0.0168287319568234,0.00432550733585602,-0.00254065785494112
3385250,2,"Tier1",0,0,3.99,334,5.8111409929767,"Windows only",0,0,1,0,0,0,0,-0.163294420304253,0.0039253576640299,-0.00263922125326072
3385370,315,"Tier3",1,0,9.99,429,6.06145691892802,"Windows + macOS + Linux",1,0,0,1,0,0,0,0.251218860272004,-0.0918672356966252,0.068024739758569
3385960,208,"Tier3",1,0,24.99,310,5.73657229747919,"Windows only",1,0,0,0,0,0,1,0.456151751806107,-0.220841737810706,0.30120429943399
3386100,26,"Tier2",0,0,3.99,382,5.94542060860658,"Windows only",1,0,0,1,0,0,0,-0.163294420304253,0.0039253576640299,-0.00263922125326072
3386150,3,"Tier1",0,0,3.99,274,5.61312810638807,"Windows + Linux",1,0,0,1,0,0,0,-0.163294420304253,0.0039253576640299,-0.00263922125326072
3387100,3,"Tier1",0,0,5.99,325,5.78382518232974,"Windows only",1,0,1,1,0,1,0,-0.0168287319568234,0.00432550733585602,-0.00254065785494112
3387320,21,"Tier2",0,0,4.99,283,5.64544689764324,"Windows only",0,1,0,1,1,0,0,-0.097980093369211,0.0172174383899374,-0.00980705605692289
3387410,5,"Tier1",0,0,5.99,429,6.06145691892802,"Windows only",1,1,0,0,0,0,0,-0.0168287319568234,0.00432550733585602,-0.00254065785494112
3387420,1,"Tier1",0,0,9.99,408,6.01126717440416,"Windows only",1,1,0,0,0,0,0,0.251218860272004,-0.0918672356966252,0.068024739758569
3390310,41,"Tier2",0,0,14.99,299,5.70044357339069,"Windows + Linux",0,1,1,1,0,0,0,0.392571032510476,-0.160815293725573,0.156651314964725
3391200,15,"Tier2",0,0,9.99,286,5.65599181081985,"Windows + macOS",0,1,1,1,0,0,0,0.251218860272004,-0.0918672356966252,0.068024739758569
3391420,96,"Tier2",0,0,6.99,327,5.78996017089725,"Windows only",0,0,1,1,1,0,0,0.0647926208600656,-0.0196821001690604,0.012133851804991
3395720,9,"Tier1",0,0,2.99,302,5.71042701737487,"Windows only",1,0,0,1,0,0,0,-0.200102891281294,-0.0515775081764219,0.0272910343386091
3395760,152,"Tier3",1,0,8.99,276,5.62040086571715,"Windows + macOS",0,0,1,1,0,1,0,0.200788076739357,-0.0707802778736949,0.0490770781566566
3396670,46,"Tier2",0,0,12.99,303,5.71373280550937,"Windows only",0,1,1,1,0,0,0,0.352184179054766,-0.138692384061404,0.122585476016817
3396740,63,"Tier2",0,0,5.99,391,5.96870755998537,"Windows only",1,1,1,1,0,0,0,-0.0168287319568234,0.00432550733585602,-0.00254065785494112
3398960,1,"Tier1",0,0,4.99,317,5.75890177387728,"Windows + macOS",1,1,1,1,1,0,1,-0.097980093369211,0.0172174383899374,-0.00980705605692289
3400380,60,"Tier2",0,0,7.49,416,6.03068526026126,"Windows + macOS + Linux",1,0,0,1,1,0,0,0.102912293593665,-0.032940102490682,0.0208654570016885
3400530,39,"Tier2",0,0,10.99,276,5.62040086571715,"Windows only",0,0,1,1,0,1,0,0.291956005597191,-0.109818110275501,0.0866397974300799
3404590,27,"Tier2",0,0,9.99,278,5.62762111369064,"Windows + macOS + Linux",0,0,1,1,0,0,0,0.251218860272004,-0.0918672356966252,0.068024739758569
3405340,99706,"Tier4",1,0,9.99,360,5.88610403145016,"Windows + Linux",1,0,1,1,0,0,0,0.251218860272004,-0.0918672356966252,0.068024739758569
3405420,1,"Tier1",0,0,4.99,388,5.96100533962327,"Windows + macOS + Linux",1,1,0,1,0,0,0,-0.097980093369211,0.0172174383899374,-0.00980705605692289
3406090,8,"Tier1",0,0,2.99,406,6.00635315960173,"Windows only",0,0,0,1,0,1,0,-0.200102891281294,-0.0515775081764219,0.0272910343386091
3406620,121,"Tier3",1,0,59.99,382,5.94542060860658,"Windows only",0,0,0,0,1,0,0,0.316101042402829,-0.2645737658743,0.617684848935362
3406740,3,"Tier1",0,0,4.99,348,5.85220247977447,"Windows + macOS + Linux",1,0,0,1,0,0,0,-0.097980093369211,0.0172174383899374,-0.00980705605692289
3406910,734,"Tier3",1,0,16.79,263,5.57215403217776,"Windows + macOS",0,1,0,0,1,1,0,0.417350001700594,-0.176647870865973,0.185704197417694
3410630,296,"Tier3",1,0,14.99,370,5.91350300563827,"Windows only",0,1,0,0,0,0,0,0.392571032510476,-0.160815293725573,0.156651314964725
3412620,270,"Tier3",1,0,6.99,412,6.02102334934953,"Windows + macOS + Linux",0,0,1,1,0,0,0,0.0647926208600656,-0.0196821001690604,0.012133851804991
3413260,1,"Tier1",0,0,12.99,276,5.62040086571715,"Windows only",1,0,0,0,0,0,0,0.352184179054766,-0.138692384061404,0.122585476016817
3415230,860,"Tier3",1,0,7.49,356,5.87493073085203,"Windows + macOS + Linux",0,0,1,1,1,1,1,0.102912293593665,-0.032940102490682,0.0208654570016885
3415240,647,"Tier3",1,0,3.99,365,5.89989735358249,"Windows + macOS + Linux",0,0,1,1,0,1,1,-0.163294420304253,0.0039253576640299,-0.00263922125326072
3415340,20,"Tier2",0,0,8.99,408,6.01126717440416,"Windows only",1,1,0,1,0,0,0,0.200788076739357,-0.0707802778736949,0.0490770781566566
3415460,4,"Tier1",0,0,4.99,366,5.90263333340137,"Windows only",0,1,0,1,0,0,0,-0.097980093369211,0.0172174383899374,-0.00980705605692289
3415530,13,"Tier2",0,0,2.96,409,6.0137151560428,"Windows only",0,0,1,1,0,1,1,-0.20061189804252,-0.0541168412247968,0.0286603850202337
3415580,163,"Tier3",1,0,19.99,429,6.06145691892802,"Windows only",0,0,0,0,0,0,1,0.443367319783897,-0.198158365479033,0.23384151956249
3417470,8,"Tier1",0,0,12.99,353,5.8664680569333,"Windows only",0,1,0,1,0,0,0,0.352184179054766,-0.138692384061404,0.122585476016817
3418150,231,"Tier3",1,0,9.99,380,5.94017125272043,"Windows + Linux",0,0,1,1,0,0,1,0.251218860272004,-0.0918672356966252,0.068024739758569
3419690,27,"Tier2",0,0,29.99,324,5.78074351579233,"Windows only",1,1,1,0,0,1,0,0.450508679108406,-0.235558822620563,0.360701542701817
3420690,15,"Tier2",0,0,9.99,395,5.97888576490112,"Windows only",1,0,0,1,0,0,0,0.251218860272004,-0.0918672356966252,0.068024739758569
3421330,11,"Tier2",0,0,3.99,423,6.04737217904628,"Windows + macOS + Linux",0,0,1,0,0,0,0,-0.163294420304253,0.0039253576640299,-0.00263922125326072
3422180,23,"Tier2",0,0,9.99,359,5.88332238848828,"Windows + macOS + Linux",0,1,0,1,0,0,0,0.251218860272004,-0.0918672356966252,0.068024739758569
3424920,51,"Tier2",0,0,6.99,423,6.04737217904628,"Windows + macOS",0,1,1,1,1,0,1,0.0647926208600656,-0.0196821001690604,0.012133851804991
3424980,5,"Tier1",0,0,11.99,297,5.6937321388027,"Windows only",0,1,0,1,0,0,0,0.325096773641836,-0.125268847109111,0.10484064365824
3425460,513,"Tier3",1,0,15.99,420,6.04025471127741,"Windows only",0,0,1,1,0,1,0,0.407453927750679,-0.170012810338467,0.172975657991158
3427500,1,"Tier1",0,0,0.99,340,5.82894561761021,"Windows only",0,0,1,0,0,0,0,-0.10419428022306,-0.415443396766967,0.223507912183871
3427550,14,"Tier2",0,0,5.99,377,5.93224518744801,"Windows only",0,0,1,1,0,1,0,-0.0168287319568234,0.00432550733585602,-0.00254065785494112
3428430,2,"Tier1",0,0,5.99,287,5.65948221575962,"Windows only",1,0,0,1,0,0,0,-0.0168287319568234,0.00432550733585602,-0.00254065785494112
3428730,19,"Tier2",0,0,1.99,359,5.88332238848828,"Windows only",0,0,1,1,0,1,0,-0.191000956662677,-0.174609008555128,0.0936365139174693
3431340,34,"Tier2",0,0,0.99,294,5.68357976733868,"Windows only",1,0,1,1,0,0,0,-0.10419428022306,-0.415443396766967,0.223507912183871
3431770,3,"Tier1",0,0,11.99,276,5.62040086571715,"Windows + Linux",0,0,0,0,0,0,1,0.325096773641836,-0.125268847109111,0.10484064365824
3432750,396,"Tier3",1,0,12.99,313,5.74620319054015,"Windows only",0,0,1,1,0,1,0,0.352184179054766,-0.138692384061404,0.122585476016817
3432800,28,"Tier2",0,0,5.99,328,5.79301360838414,"Windows only",1,0,0,1,0,0,0,-0.0168287319568234,0.00432550733585602,-0.00254065785494112
3433230,120,"Tier3",1,0,9.99,341,5.83188247728352,"Windows only",0,1,0,1,0,0,0,0.251218860272004,-0.0918672356966252,0.068024739758569
3433600,5,"Tier1",0,0,15.99,298,5.6970934865054,"Windows only",0,0,0,0,0,1,0,0.407453927750679,-0.170012810338467,0.172975657991158
3435810,6,"Tier1",0,0,1.99,434,6.07304453410041,"Windows only",1,0,1,1,0,0,0,-0.191000956662677,-0.174609008555128,0.0936365139174693
3435920,25,"Tier2",0,0,4.99,401,5.99396142730657,"Windows only",1,1,0,1,1,0,0,-0.097980093369211,0.0172174383899374,-0.00980705605692289
3435950,15,"Tier2",0,0,0.99,408,6.01126717440416,"Windows only",0,1,1,1,0,0,0,-0.10419428022306,-0.415443396766967,0.223507912183871
3436650,4,"Tier1",0,0,5.99,256,5.54517744447956,"Windows + macOS",0,0,0,0,0,1,1,-0.0168287319568234,0.00432550733585602,-0.00254065785494112
3437170,388,"Tier3",1,0,3.74,417,6.0330862217988,"Windows only",0,1,1,1,0,1,1,-0.175684697866556,-0.00525801786596702,0.00231296946062137
3437610,1,"Tier1",0,0,6.99,328,5.79301360838414,"Windows only",1,1,1,1,1,0,1,0.0647926208600656,-0.0196821001690604,0.012133851804991
3440430,7,"Tier1",0,0,14.99,282,5.64190707093811,"Windows only",1,1,0,1,1,1,0,0.392571032510476,-0.160815293725573,0.156651314964725
3441000,8,"Tier1",0,0,6.99,324,5.78074351579233,"Windows only",1,1,0,1,0,0,0,0.0647926208600656,-0.0196821001690604,0.012133851804991
3441200,1,"Tier1",0,0,4.99,319,5.76519110278484,"Windows only",0,0,1,1,1,1,0,-0.097980093369211,0.0172174383899374,-0.00980705605692289
3442880,66,"Tier2",0,0,11.99,373,5.92157841964382,"Windows only",0,0,1,0,0,0,0,0.325096773641836,-0.125268847109111,0.10484064365824
3443080,170,"Tier3",1,0,9.99,356,5.87493073085203,"Windows + macOS",1,1,0,0,0,0,0,0.251218860272004,-0.0918672356966252,0.068024739758569
3444080,379,"Tier3",1,0,11.99,432,6.06842558824411,"Windows only",0,0,1,0,0,1,0,0.325096773641836,-0.125268847109111,0.10484064365824
3444220,263,"Tier3",1,0,5.99,396,5.98141421125448,"Windows only",1,0,1,1,0,0,0,-0.0168287319568234,0.00432550733585602,-0.00254065785494112
3445800,69,"Tier2",0,0,8.99,402,5.99645208861902,"Windows only",0,0,1,1,0,1,0,0.200788076739357,-0.0707802778736949,0.0490770781566566
3445830,132,"Tier3",1,0,5.99,430,6.06378520868761,"Windows + macOS + Linux",0,1,0,0,0,0,0,-0.0168287319568234,0.00432550733585602,-0.00254065785494112
3445890,16,"Tier2",0,0,2.99,349,5.85507192220243,"Windows + macOS + Linux",0,0,1,0,0,0,0,-0.200102891281294,-0.0515775081764219,0.0272910343386091
3446230,9,"Tier1",0,0,4.99,383,5.94803498918065,"Windows only",0,1,1,1,0,0,0,-0.097980093369211,0.0172174383899374,-0.00980705605692289
3446250,1,"Tier1",0,0,7.99,407,6.00881318544259,"Windows only",0,0,1,1,0,0,1,0.138467671971053,-0.0461391003521592,0.0300758282519593
3446680,1767,"Tier4",1,0,7.99,360,5.88610403145016,"Windows + macOS",0,1,1,0,1,1,0,0.138467671971053,-0.0461391003521592,0.0300758282519593
3447040,5170,"Tier4",1,0,59.99,359,5.88332238848828,"Windows only",0,0,0,0,1,0,0,0.316101042402829,-0.2645737658743,0.617684848935362
3447300,1,"Tier1",0,0,2.99,419,6.03787091992214,"Windows only",0,0,0,1,0,0,1,-0.200102891281294,-0.0515775081764219,0.0272910343386091
3447510,267,"Tier3",1,0,5.99,413,6.02344759296103,"Windows only",0,0,1,1,0,1,1,-0.0168287319568234,0.00432550733585602,-0.00254065785494112
3447910,1,"Tier1",0,0,5.99,420,6.04025471127741,"Windows only",1,0,0,1,0,0,0,-0.0168287319568234,0.00432550733585602,-0.00254065785494112
3448870,29,"Tier2",0,0,9.99,348,5.85220247977447,"Windows + macOS + Linux",0,1,0,1,0,0,0,0.251218860272004,-0.0918672356966252,0.068024739758569
3449030,131,"Tier3",1,0,7.99,439,6.08449941307517,"Windows + macOS + Linux",0,1,1,1,0,0,0,0.138467671971053,-0.0461391003521592,0.0300758282519593
3449040,604,"Tier3",1,0,4.89,368,5.90808293816893,"Windows only",1,0,0,1,1,0,0,-0.105470262967563,0.0173284081374556,-0.00986689716342953
3449610,9,"Tier1",0,0,9.99,380,5.94017125272043,"Windows only",1,1,0,1,0,0,0,0.251218860272004,-0.0918672356966252,0.068024739758569
3451200,2,"Tier1",0,0,2.99,372,5.91889385427315,"Windows + Linux",1,1,1,1,0,0,0,-0.200102891281294,-0.0515775081764219,0.0272910343386091
3451500,9,"Tier1",0,0,5.99,339,5.82600010738045,"Windows + macOS",1,0,0,1,0,0,0,-0.0168287319568234,0.00432550733585602,-0.00254065785494112
3453330,16,"Tier2",0,0,17.99,408,6.01126717440416,"Windows only",0,0,1,1,0,0,1,0.429376064752116,-0.185567587009545,0.204263061086857
3453680,3,"Tier1",0,0,1,318,5.76205138278018,"Windows only",0,0,1,1,0,0,0,-0.105604931441873,-0.412167584046224,0.221741410391247
3454570,67,"Tier2",0,0,2.99,362,5.89164421182577,"Windows only",1,1,0,1,0,1,0,-0.200102891281294,-0.0515775081764219,0.0272910343386091
3454830,13,"Tier2",0,1,0,434,6.07304453410041,"Windows + macOS + Linux",1,0,1,1,0,0,0,0,0,0
3454980,1207,"Tier4",1,0,49.99,319,5.76519110278484,"Windows only",1,0,0,0,0,0,0,0.366757544550316,-0.260600662025219,0.545952946944552
3456230,5,"Tier1",0,0,5.99,290,5.66988092298052,"Windows only",0,0,1,1,0,0,1,-0.0168287319568234,0.00432550733585602,-0.00254065785494112
3456810,5,"Tier1",0,0,3.99,401,5.99396142730657,"Windows only",1,0,0,0,0,0,0,-0.163294420304253,0.0039253576640299,-0.00263922125326072
3456830,38,"Tier2",0,0,9.99,430,6.06378520868761,"Windows only",0,1,0,1,0,0,0,0.251218860272004,-0.0918672356966252,0.068024739758569
3458220,19,"Tier2",0,0,11.99,395,5.97888576490112,"Windows only",0,0,0,1,1,1,0,0.325096773641836,-0.125268847109111,0.10484064365824
3458600,11,"Tier2",0,0,9.99,328,5.79301360838414,"Windows only",0,0,0,1,1,0,1,0.251218860272004,-0.0918672356966252,0.068024739758569
3461520,34,"Tier2",0,0,2.99,398,5.98645200528444,"Windows only",0,0,1,1,0,0,0,-0.200102891281294,-0.0515775081764219,0.0272910343386091
3463700,1,"Tier1",0,0,12.99,285,5.65248918026865,"Windows only",0,0,0,1,0,1,0,0.352184179054766,-0.138692384061404,0.122585476016817
3463910,44,"Tier2",0,0,4.99,388,5.96100533962327,"Windows only",1,0,0,1,0,0,0,-0.097980093369211,0.0172174383899374,-0.00980705605692289
3465310,13,"Tier2",0,0,14.99,306,5.72358510195238,"Windows only",1,1,1,1,0,0,0,0.392571032510476,-0.160815293725573,0.156651314964725
3466450,28,"Tier2",0,0,1.99,385,5.95324333428778,"Windows only",0,0,1,1,0,0,0,-0.191000956662677,-0.174609008555128,0.0936365139174693
3467310,3,"Tier1",0,0,4.99,400,5.99146454710798,"Windows only",0,0,1,1,0,1,0,-0.097980093369211,0.0172174383899374,-0.00980705605692289
3467710,1738,"Tier4",1,0,11.99,306,5.72358510195238,"Windows + macOS",1,1,0,1,0,0,1,0.325096773641836,-0.125268847109111,0.10484064365824
3468180,2,"Tier1",0,0,9.99,429,6.06145691892802,"Windows only",0,0,1,1,0,1,0,0.251218860272004,-0.0918672356966252,0.068024739758569
3468400,93,"Tier2",0,0,9.99,283,5.64544689764324,"Windows only",0,0,1,1,0,1,0,0.251218860272004,-0.0918672356966252,0.068024739758569
3468660,501,"Tier3",1,0,59.99,424,6.04973345523196,"Windows only",0,0,0,0,0,1,0,0.316101042402829,-0.2645737658743,0.617684848935362
3469230,137,"Tier3",1,0,29.99,367,5.90536184805457,"Windows only",1,0,0,0,0,0,0,0.450508679108406,-0.235558822620563,0.360701542701817
3470170,311,"Tier3",1,0,9.99,401,5.99396142730657,"Windows only",0,1,1,1,1,0,1,0.251218860272004,-0.0918672356966252,0.068024739758569
3470940,2,"Tier1",0,0,4.99,299,5.70044357339069,"Windows only",1,1,1,1,0,0,0,-0.097980093369211,0.0172174383899374,-0.00980705605692289
3472300,13,"Tier2",0,0,8.99,424,6.04973345523196,"Windows only",1,1,1,1,0,1,0,0.200788076739357,-0.0707802778736949,0.0490770781566566
3473580,19,"Tier2",0,0,19.99,384,5.95064255258773,"Windows only",0,0,0,0,0,0,1,0.443367319783897,-0.198158365479033,0.23384151956249
3473610,30,"Tier2",0,0,11.99,423,6.04737217904628,"Windows + macOS + Linux",0,0,1,1,0,1,1,0.325096773641836,-0.125268847109111,0.10484064365824
3474140,15,"Tier2",0,0,7.99,366,5.90263333340137,"Windows + Linux",0,1,0,1,1,0,1,0.138467671971053,-0.0461391003521592,0.0300758282519593
3474400,4,"Tier1",0,0,4.99,373,5.92157841964382,"Windows + macOS + Linux",0,0,0,1,0,0,0,-0.097980093369211,0.0172174383899374,-0.00980705605692289
3475490,4,"Tier1",0,0,11.99,398,5.98645200528444,"Windows + macOS",0,0,1,1,0,0,1,0.325096773641836,-0.125268847109111,0.10484064365824
3475580,14,"Tier2",0,0,0.99,425,6.05208916892442,"Windows + Linux",1,0,1,1,0,1,0,-0.10419428022306,-0.415443396766967,0.223507912183871
3476730,28,"Tier2",0,1,0,289,5.66642668811243,"Windows + macOS + Linux",0,0,1,1,1,1,0,0,0,0
3477080,14,"Tier2",0,0,5.99,410,6.01615715969835,"Windows only",0,0,0,0,0,0,1,-0.0168287319568234,0.00432550733585602,-0.00254065785494112
3479790,16,"Tier2",0,0,4.99,427,6.05678401322862,"Windows only",0,1,0,1,0,0,0,-0.097980093369211,0.0172174383899374,-0.00980705605692289
3480790,48,"Tier2",0,0,9.99,308,5.73009978297357,"Windows only",1,0,0,1,0,0,0,0.251218860272004,-0.0918672356966252,0.068024739758569
3481710,105,"Tier3",1,0,3.99,331,5.80211837537706,"Windows only",0,1,0,1,0,0,0,-0.163294420304253,0.0039253576640299,-0.00263922125326072
3481800,10,"Tier2",0,0,4.99,275,5.61677109766657,"Windows only",1,0,1,1,1,0,0,-0.097980093369211,0.0172174383899374,-0.00980705605692289
3481920,1,"Tier1",0,0,4.99,408,6.01126717440416,"Windows only",0,0,0,0,0,0,1,-0.097980093369211,0.0172174383899374,-0.00980705605692289
3483190,15,"Tier2",0,0,3.24,388,5.96100533962327,"Windows only",1,1,0,1,0,0,0,-0.194349305769459,-0.0326342082078781,0.0170757454300722
3484190,3,"Tier1",0,0,11.99,339,5.82600010738045,"Windows only",0,0,0,1,0,1,0,0.325096773641836,-0.125268847109111,0.10484064365824
3484640,391,"Tier3",1,0,13.99,422,6.04500531403601,"Windows only",1,0,0,1,0,1,0,0.374378963846971,-0.15044831662319,0.139856650607732
3485910,7,"Tier1",0,0,7.99,416,6.03068526026126,"Windows only",0,1,1,1,0,0,1,0.138467671971053,-0.0461391003521592,0.0300758282519593
3488580,25,"Tier2",0,0,7.99,419,6.03787091992214,"Windows + macOS + Linux",0,0,1,1,0,0,1,0.138467671971053,-0.0461391003521592,0.0300758282519593
3488970,1859,"Tier4",1,0,9.99,396,5.98141421125448,"Windows only",0,0,0,0,1,0,1,0.251218860272004,-0.0918672356966252,0.068024739758569
3489240,26,"Tier2",0,0,24.99,318,5.76205138278018,"Windows only",1,1,0,0,0,0,0,0.456151751806107,-0.220841737810706,0.30120429943399
3489460,40,"Tier2",0,0,2.99,321,5.77144112313002,"Windows only",0,1,0,1,1,0,0,-0.200102891281294,-0.0515775081764219,0.0272910343386091
3490140,5,"Tier1",0,0,2.99,436,6.07764224334903,"Windows only",1,1,0,0,0,0,0,-0.200102891281294,-0.0515775081764219,0.0272910343386091
3491160,17,"Tier2",0,0,2.99,423,6.04737217904628,"Windows only",0,1,0,0,0,0,0,-0.200102891281294,-0.0515775081764219,0.0272910343386091
3491430,6,"Tier1",0,0,14.99,439,6.08449941307517,"Windows only",1,0,1,1,0,0,1,0.392571032510476,-0.160815293725573,0.156651314964725
3494210,41,"Tier2",0,0,5.99,321,5.77144112313002,"Windows + macOS",1,0,0,0,0,0,0,-0.0168287319568234,0.00432550733585602,-0.00254065785494112
3494660,4,"Tier1",0,0,11.99,304,5.71702770140622,"Windows only",0,1,0,1,0,0,0,0.325096773641836,-0.125268847109111,0.10484064365824
3494790,2,"Tier1",0,0,4.99,409,6.0137151560428,"Windows only",0,1,0,0,0,0,0,-0.097980093369211,0.0172174383899374,-0.00980705605692289
3495040,32,"Tier2",0,0,1.99,329,5.79605775076537,"Windows only",0,0,1,1,0,0,0,-0.191000956662677,-0.174609008555128,0.0936365139174693
3495050,40,"Tier2",0,0,1.99,416,6.03068526026126,"Windows only",0,0,1,1,0,0,0,-0.191000956662677,-0.174609008555128,0.0936365139174693
3498560,18,"Tier2",0,0,0.99,359,5.88332238848828,"Windows only",1,1,1,0,0,1,0,-0.10419428022306,-0.415443396766967,0.223507912183871
3499160,10,"Tier2",0,0,3.99,437,6.07993319509559,"Windows + macOS",1,1,1,1,0,0,0,-0.163294420304253,0.0039253576640299,-0.00263922125326072
3499270,9,"Tier1",0,0,7.99,291,5.67332326717149,"Windows + macOS + Linux",0,1,0,1,1,0,0,0.138467671971053,-0.0461391003521592,0.0300758282519593
3499820,2,"Tier1",0,0,6.99,377,5.93224518744801,"Windows only",0,0,1,1,0,1,0,0.0647926208600656,-0.0196821001690604,0.012133851804991
3500750,220,"Tier3",1,0,3.99,437,6.07993319509559,"Windows only",0,1,0,1,0,0,0,-0.163294420304253,0.0039253576640299,-0.00263922125326072
3500830,14,"Tier2",0,0,4.99,424,6.04973345523196,"Windows only",0,0,1,1,1,1,0,-0.097980093369211,0.0172174383899374,-0.00980705605692289
3502020,3,"Tier1",0,0,4.99,394,5.97635090929793,"Windows only",0,0,1,1,0,1,0,-0.097980093369211,0.0172174383899374,-0.00980705605692289
3502340,5,"Tier1",0,0,4.99,411,6.01859321449623,"Windows only",0,1,0,1,0,0,0,-0.097980093369211,0.0172174383899374,-0.00980705605692289
3502370,1,"Tier1",0,0,4.99,425,6.05208916892442,"Windows + macOS + Linux",1,0,1,1,0,0,0,-0.097980093369211,0.0172174383899374,-0.00980705605692289
3502860,1,"Tier1",0,0,0.79,269,5.59471137960184,"Windows only",1,0,0,0,0,0,0,-0.0731917273982221,-0.48574942123485,0.261420860463351
3502910,13,"Tier2",0,0,9.99,375,5.92692602597041,"Windows only",1,0,0,1,0,1,0,0.251218860272004,-0.0918672356966252,0.068024739758569
3504570,94,"Tier2",0,0,9.99,380,5.94017125272043,"Windows only",1,1,0,0,0,0,0,0.251218860272004,-0.0918672356966252,0.068024739758569
3504870,11,"Tier2",0,0,1.99,416,6.03068526026126,"Windows only",0,0,1,1,0,0,1,-0.191000956662677,-0.174609008555128,0.0936365139174693
3505240,2,"Tier1",0,0,0.99,367,5.90536184805457,"Windows only",1,0,1,1,0,0,0,-0.10419428022306,-0.415443396766967,0.223507912183871
3505350,20,"Tier2",0,0,5.99,439,6.08449941307517,"Windows only",0,0,0,1,0,0,0,-0.0168287319568234,0.00432550733585602,-0.00254065785494112
3505600,39,"Tier2",0,0,6.99,259,5.55682806169954,"Windows only",0,1,0,1,0,1,0,0.0647926208600656,-0.0196821001690604,0.012133851804991
3505650,14,"Tier2",0,0,6.99,297,5.6937321388027,"Windows only",1,0,1,1,1,0,1,0.0647926208600656,-0.0196821001690604,0.012133851804991
3509730,1,"Tier1",0,0,8.99,324,5.78074351579233,"Windows + macOS + Linux",0,1,1,0,0,0,0,0.200788076739357,-0.0707802778736949,0.0490770781566566
3511130,36,"Tier2",0,0,12.99,417,6.0330862217988,"Windows + macOS",1,0,1,1,0,0,0,0.352184179054766,-0.138692384061404,0.122585476016817
3513000,67,"Tier2",0,0,2.99,340,5.82894561761021,"Windows only",0,0,1,1,0,1,0,-0.200102891281294,-0.0515775081764219,0.0272910343386091
3513340,1,"Tier1",0,0,4.99,385,5.95324333428778,"Windows only",0,0,1,1,0,0,1,-0.097980093369211,0.0172174383899374,-0.00980705605692289
3514440,33,"Tier2",0,0,7.99,325,5.78382518232974,"Windows only",1,0,0,0,0,0,0,0.138467671971053,-0.0461391003521592,0.0300758282519593
3515710,1,"Tier1",0,0,9.99,274,5.61312810638807,"Windows only",0,1,0,1,0,0,0,0.251218860272004,-0.0918672356966252,0.068024739758569
3516180,366,"Tier3",1,0,9.99,433,6.07073772800249,"Windows + macOS + Linux",0,1,0,0,1,1,0,0.251218860272004,-0.0918672356966252,0.068024739758569
3516890,26,"Tier2",0,0,10.99,319,5.76519110278484,"Windows only",1,1,0,1,1,0,0,0.291956005597191,-0.109818110275501,0.0866397974300799
3518030,1,"Tier1",0,0,11.99,272,5.605802066296,"Windows only",1,0,0,1,0,0,0,0.325096773641836,-0.125268847109111,0.10484064365824
3519780,12,"Tier2",0,0,5.99,355,5.87211778947542,"Windows only",0,0,1,1,0,0,1,-0.0168287319568234,0.00432550733585602,-0.00254065785494112
3520030,183,"Tier3",1,0,3.99,367,5.90536184805457,"Windows only",0,1,1,1,0,0,0,-0.163294420304253,0.0039253576640299,-0.00263922125326072
3520580,4,"Tier1",0,0,2.99,403,5.99893656194668,"Windows only",0,0,1,0,0,0,0,-0.200102891281294,-0.0515775081764219,0.0272910343386091
3520970,16,"Tier2",0,0,14.99,312,5.74300318780948,"Windows + Linux",0,0,0,0,1,0,0,0.392571032510476,-0.160815293725573,0.156651314964725
3521270,53,"Tier2",0,0,6.79,313,5.74620319054015,"Windows only",1,1,0,1,0,0,0,0.0489315125816412,-0.0144908335076314,0.00884129336882816
3521410,1034,"Tier4",1,0,4.99,316,5.75574221358691,"Windows + macOS + Linux",0,0,1,1,0,1,1,-0.097980093369211,0.0172174383899374,-0.00980705605692289
3527080,10,"Tier2",0,0,2.99,330,5.79909265446053,"Windows only",0,1,0,1,0,0,0,-0.200102891281294,-0.0515775081764219,0.0272910343386091
3527810,39,"Tier2",0,0,29.99,352,5.8636311755981,"Windows only",0,1,0,0,0,0,0,0.450508679108406,-0.235558822620563,0.360701542701817
3527920,49,"Tier2",0,0,6.99,296,5.69035945432406,"Windows only",0,1,0,1,0,0,0,0.0647926208600656,-0.0196821001690604,0.012133851804991
3528450,9839,"Tier4",1,0,5.59,391,5.96870755998537,"Windows + macOS",0,0,1,1,1,1,0,-0.0500919622511082,0.0115359529220682,-0.00666897039202696
3528970,255,"Tier3",1,0,24.99,300,5.7037824746562,"Windows only",1,1,0,1,0,1,0,0.456151751806107,-0.220841737810706,0.30120429943399
3529380,1,"Tier1",0,0,4.99,289,5.66642668811243,"Windows + macOS + Linux",0,1,1,1,0,0,0,-0.097980093369211,0.0172174383899374,-0.00980705605692289
3530490,34,"Tier2",0,0,5.99,394,5.97635090929793,"Windows only",0,0,0,1,1,0,1,-0.0168287319568234,0.00432550733585602,-0.00254065785494112
3531960,40,"Tier2",0,0,14.99,408,6.01126717440416,"Windows only",0,1,0,0,0,0,0,0.392571032510476,-0.160815293725573,0.156651314964725
3531980,48,"Tier2",0,0,14.99,373,5.92157841964382,"Windows only",0,1,0,0,1,0,0,0.392571032510476,-0.160815293725573,0.156651314964725
3531990,58,"Tier2",0,0,14.99,352,5.8636311755981,"Windows only",0,0,0,0,1,0,0,0.392571032510476,-0.160815293725573,0.156651314964725
3532890,80,"Tier2",0,0,4.99,360,5.88610403145016,"Windows + macOS",0,1,1,1,0,0,1,-0.097980093369211,0.0172174383899374,-0.00980705605692289
3533360,7,"Tier1",0,0,12.99,256,5.54517744447956,"Windows only",1,1,0,1,1,0,0,0.352184179054766,-0.138692384061404,0.122585476016817
3535090,12,"Tier2",0,0,8.99,298,5.6970934865054,"Windows only",1,0,0,1,1,0,0,0.200788076739357,-0.0707802778736949,0.0490770781566566
3535110,20,"Tier2",0,0,2.99,405,6.00388706710654,"Windows only",0,0,1,1,0,0,1,-0.200102891281294,-0.0515775081764219,0.0272910343386091
3535330,5,"Tier1",0,0,7.99,256,5.54517744447956,"Windows only",0,1,1,0,0,0,0,0.138467671971053,-0.0461391003521592,0.0300758282519593
3536480,373,"Tier3",1,0,1.63,430,6.06378520868761,"Windows only",1,1,1,1,1,0,0,-0.171014388940198,-0.243801290705369,0.130948869926159
3538140,17,"Tier2",0,0,4.99,425,6.05208916892442,"Windows only",1,1,0,1,0,0,0,-0.097980093369211,0.0172174383899374,-0.00980705605692289
3540550,102,"Tier3",1,0,1.25,366,5.90263333340137,"Windows only",0,1,0,1,0,0,0,-0.136843449947405,-0.336928136776574,0.181168084072475
3540880,13,"Tier2",0,0,4.99,271,5.6021188208797,"Windows + macOS",0,0,1,1,0,0,0,-0.097980093369211,0.0172174383899374,-0.00980705605692289
3541750,67,"Tier2",0,0,3.99,300,5.7037824746562,"Windows only",0,1,0,0,1,0,0,-0.163294420304253,0.0039253576640299,-0.00263922125326072
3544100,3,"Tier1",0,0,3.99,395,5.97888576490112,"Windows only",0,0,1,1,1,1,0,-0.163294420304253,0.0039253576640299,-0.00263922125326072
3545290,10,"Tier2",0,0,2.49,357,5.87773578177964,"Windows + macOS + Linux",1,0,1,0,0,0,0,-0.202826498232658,-0.102357375195921,0.0546743842936141
3545810,8,"Tier1",0,0,7.99,328,5.79301360838414,"Windows + macOS",0,0,0,1,1,0,1,0.138467671971053,-0.0461391003521592,0.0300758282519593
3548370,3,"Tier1",0,0,8.99,353,5.8664680569333,"Windows only",1,1,0,1,0,0,1,0.200788076739357,-0.0707802778736949,0.0490770781566566
3549690,14,"Tier2",0,0,10.99,391,5.96870755998537,"Windows + macOS",0,0,0,1,0,1,0,0.291956005597191,-0.109818110275501,0.0866397974300799
3550490,170,"Tier3",1,0,3.17,328,5.79301360838414,"Windows only",0,1,1,1,0,0,0,-0.196223201149626,-0.0375526604567118,0.0197280505082852
3551100,60,"Tier2",0,0,3.99,375,5.92692602597041,"Windows only",1,1,0,1,0,1,0,-0.163294420304253,0.0039253576640299,-0.00263922125326072
3552200,11,"Tier2",0,0,3.99,345,5.84354441703136,"Windows + macOS",0,1,0,1,0,0,0,-0.163294420304253,0.0039253576640299,-0.00263922125326072
3552220,6,"Tier1",0,0,2.99,354,5.86929691313377,"Windows + macOS + Linux",1,0,0,0,0,0,0,-0.200102891281294,-0.0515775081764219,0.0272910343386091
3552820,269,"Tier3",1,0,9.99,321,5.77144112313002,"Windows only",1,0,1,1,0,0,0,0.251218860272004,-0.0918672356966252,0.068024739758569
3552970,1,"Tier1",0,0,11.99,403,5.99893656194668,"Windows only",1,0,0,1,0,0,1,0.325096773641836,-0.125268847109111,0.10484064365824
3553190,18,"Tier2",0,0,12.99,415,6.0282785202307,"Windows only",1,0,0,1,0,0,0,0.352184179054766,-0.138692384061404,0.122585476016817
3553260,2,"Tier1",0,0,0.99,396,5.98141421125448,"Windows only",0,0,1,1,0,0,0,-0.10419428022306,-0.415443396766967,0.223507912183871
3554010,1,"Tier1",0,0,2.99,437,6.07993319509559,"Windows only",0,0,1,0,0,0,1,-0.200102891281294,-0.0515775081764219,0.0272910343386091
3554100,5,"Tier1",0,0,0.99,422,6.04500531403601,"Windows only",0,0,1,1,1,0,1,-0.10419428022306,-0.415443396766967,0.223507912183871
3555840,21,"Tier2",0,0,9.99,291,5.67332326717149,"Windows + macOS",0,0,1,1,0,1,0,0.251218860272004,-0.0918672356966252,0.068024739758569
3555980,352,"Tier3",1,0,7.19,382,5.94542060860658,"Windows only",0,1,0,0,0,0,0,0.0803211613798314,-0.0249582918428222,0.015551344245569
3556730,144,"Tier3",1,0,14.99,387,5.95842469302978,"Windows only",0,1,0,0,1,0,0,0.392571032510476,-0.160815293725573,0.156651314964725
3556750,12237,"Tier4",1,0,20.99,395,5.97888576490112,"Windows only",0,0,0,0,0,0,1,0.448088805807229,-0.203573941603978,0.248032825413671
3560030,279,"Tier3",1,0,6.99,429,6.06145691892802,"Windows + macOS + Linux",0,1,0,0,1,1,0,0.0647926208600656,-0.0196821001690604,0.012133851804991
3560370,253,"Tier3",1,0,9.99,346,5.84643877505772,"Windows + macOS",0,1,1,1,0,0,0,0.251218860272004,-0.0918672356966252,0.068024739758569
3561170,14,"Tier2",0,0,14.99,294,5.68357976733868,"Windows + Linux",0,0,0,0,0,1,0,0.392571032510476,-0.160815293725573,0.156651314964725
3561190,17,"Tier2",0,0,3.99,373,5.92157841964382,"Windows only",0,1,1,1,0,0,0,-0.163294420304253,0.0039253576640299,-0.00263922125326072
3561230,16,"Tier2",0,0,34.99,339,5.82600010738045,"Windows only",1,1,0,1,1,0,0,0.435228922861523,-0.245501068980568,0.413888556241668
3561830,43,"Tier2",0,0,0.99,310,5.73657229747919,"Windows only",0,0,1,1,0,0,0,-0.10419428022306,-0.415443396766967,0.223507912183871
3561970,15,"Tier2",0,0,4.99,436,6.07764224334903,"Windows + Linux",1,1,0,1,1,0,0,-0.097980093369211,0.0172174383899374,-0.00980705605692289
3562220,4,"Tier1",0,0,5.99,429,6.06145691892802,"Windows + macOS + Linux",0,0,0,0,1,0,1,-0.0168287319568234,0.00432550733585602,-0.00254065785494112
3563380,3,"Tier1",0,0,4.99,279,5.63121178182137,"Windows only",0,0,1,1,0,0,0,-0.097980093369211,0.0172174383899374,-0.00980705605692289
3563480,15,"Tier2",0,0,11.99,300,5.7037824746562,"Windows only",0,0,0,1,0,1,1,0.325096773641836,-0.125268847109111,0.10484064365824
3563700,8,"Tier1",0,0,11.99,361,5.88887795833288,"Windows + macOS + Linux",1,0,1,0,0,1,0,0.325096773641836,-0.125268847109111,0.10484064365824
3565250,5,"Tier1",0,0,6.99,275,5.61677109766657,"Windows + macOS + Linux",0,0,1,1,0,0,0,0.0647926208600656,-0.0196821001690604,0.012133851804991
3565330,5,"Tier1",0,0,4.99,267,5.58724865840025,"Windows + macOS + Linux",0,1,0,1,0,0,1,-0.097980093369211,0.0172174383899374,-0.00980705605692289
3565680,6,"Tier1",0,0,5.99,298,5.6970934865054,"Windows only",0,0,0,1,0,1,0,-0.0168287319568234,0.00432550733585602,-0.00254065785494112
3565700,1,"Tier1",0,0,9.99,318,5.76205138278018,"Windows only",1,1,0,0,1,0,0,0.251218860272004,-0.0918672356966252,0.068024739758569
3566100,16,"Tier2",0,0,4.99,314,5.74939298590825,"Windows only",0,0,0,0,0,1,0,-0.097980093369211,0.0172174383899374,-0.00980705605692289
3568030,3,"Tier1",0,0,0.99,347,5.84932477994686,"Windows only",0,1,0,1,1,0,0,-0.10419428022306,-0.415443396766967,0.223507912183871
3568460,304,"Tier3",1,0,6.99,410,6.01615715969835,"Windows only",1,0,1,1,0,0,0,0.0647926208600656,-0.0196821001690604,0.012133851804991
3568550,3,"Tier1",0,0,3.99,426,6.05443934626937,"Windows only",1,0,0,1,0,0,0,-0.163294420304253,0.0039253576640299,-0.00263922125326072
3570370,2728,"Tier4",1,0,4.99,342,5.8348107370626,"Windows + macOS",0,1,1,1,0,0,0,-0.097980093369211,0.0172174383899374,-0.00980705605692289
3571640,2,"Tier1",0,0,2.99,324,5.78074351579233,"Windows + Linux",0,0,1,1,0,0,0,-0.200102891281294,-0.0515775081764219,0.0272910343386091
3571710,214,"Tier3",1,0,19.99,300,5.7037824746562,"Windows only",0,0,1,1,0,1,0,0.443367319783897,-0.198158365479033,0.23384151956249
3571780,1,"Tier1",0,0,29.99,306,5.72358510195238,"Windows + Linux",1,0,1,1,0,0,0,0.450508679108406,-0.235558822620563,0.360701542701817
3572030,1,"Tier1",0,1,0,435,6.07534603108868,"Windows + macOS + Linux",0,0,1,1,0,0,0,0,0,0
3572530,5,"Tier1",0,0,9.99,357,5.87773578177964,"Windows only",0,1,1,1,0,0,1,0.251218860272004,-0.0918672356966252,0.068024739758569
3575020,2,"Tier1",0,0,4.99,430,6.06378520868761,"Windows only",0,0,1,1,0,0,1,-0.097980093369211,0.0172174383899374,-0.00980705605692289
3575380,3,"Tier1",0,0,2.99,359,5.88332238848828,"Windows only",0,1,0,0,0,0,1,-0.200102891281294,-0.0515775081764219,0.0272910343386091
3575810,2,"Tier1",0,0,1.99,414,6.02586597382531,"Windows + macOS + Linux",0,0,1,1,0,0,1,-0.191000956662677,-0.174609008555128,0.0936365139174693
3575980,574,"Tier3",1,0,34.99,328,5.79301360838414,"Windows only",0,0,0,1,1,1,0,0.435228922861523,-0.245501068980568,0.413888556241668
3575990,8,"Tier1",0,0,7.99,430,6.06378520868761,"Windows only",1,0,0,0,1,0,0,0.138467671971053,-0.0461391003521592,0.0300758282519593
3576000,1,"Tier1",0,0,3.99,328,5.79301360838414,"Windows only",0,0,0,1,0,0,0,-0.163294420304253,0.0039253576640299,-0.00263922125326072
3577080,12,"Tier2",0,1,0,410,6.01615715969835,"Windows only",1,1,0,1,0,0,0,0,0,0
3577140,2,"Tier1",0,0,9.99,300,5.7037824746562,"Windows + macOS",0,1,1,0,0,0,0,0.251218860272004,-0.0918672356966252,0.068024739758569
3578500,1,"Tier1",0,0,4.99,298,5.6970934865054,"Windows only",0,0,1,1,0,0,0,-0.097980093369211,0.0172174383899374,-0.00980705605692289
3578960,2,"Tier1",0,0,9.99,290,5.66988092298052,"Windows only",1,0,0,1,0,0,0,0.251218860272004,-0.0918672356966252,0.068024739758569
3579010,8,"Tier1",0,0,6.99,383,5.94803498918065,"Windows only",1,0,1,1,0,0,1,0.0647926208600656,-0.0196821001690604,0.012133851804991
3579320,3,"Tier1",0,0,9.99,385,5.95324333428778,"Windows only",0,1,1,0,0,0,0,0.251218860272004,-0.0918672356966252,0.068024739758569
3580760,6,"Tier1",0,0,4.99,439,6.08449941307517,"Windows only",0,0,0,1,0,0,0,-0.097980093369211,0.0172174383899374,-0.00980705605692289
3582170,5,"Tier1",0,0,1.99,436,6.07764224334903,"Windows only",0,0,1,1,0,0,0,-0.191000956662677,-0.174609008555128,0.0936365139174693
3582270,5,"Tier1",0,0,2.99,256,5.54517744447956,"Windows only",1,0,0,1,0,0,0,-0.200102891281294,-0.0515775081764219,0.0272910343386091
3582390,36,"Tier2",0,0,6.99,325,5.78382518232974,"Windows + macOS",0,1,0,1,0,1,1,0.0647926208600656,-0.0196821001690604,0.012133851804991
3583330,15,"Tier2",0,0,3.19,424,6.04973345523196,"Windows + macOS + Linux",0,1,0,1,0,1,0,-0.195707991956027,-0.0361177648130317,0.0189542743669511
3583530,72,"Tier2",0,0,7.99,342,5.8348107370626,"Windows only",1,1,0,1,0,0,0,0.138467671971053,-0.0461391003521592,0.0300758282519593
3583790,95,"Tier2",0,0,19.99,388,5.96100533962327,"Windows only",1,0,1,1,0,1,0,0.443367319783897,-0.198158365479033,0.23384151956249
3584360,17,"Tier2",0,0,1.99,432,6.06842558824411,"Windows only",0,0,0,1,0,0,1,-0.191000956662677,-0.174609008555128,0.0936365139174693
3584910,33,"Tier2",0,0,4.99,372,5.91889385427315,"Windows only",1,1,0,1,0,0,1,-0.097980093369211,0.0172174383899374,-0.00980705605692289
3585600,3,"Tier1",0,0,0.99,387,5.95842469302978,"Windows only",0,0,1,1,1,1,0,-0.10419428022306,-0.415443396766967,0.223507912183871
3585640,3,"Tier1",0,0,4.99,349,5.85507192220243,"Windows + macOS + Linux",0,1,0,1,0,0,0,-0.097980093369211,0.0172174383899374,-0.00980705605692289
3586670,2,"Tier1",0,0,4.99,370,5.91350300563827,"Windows only",0,0,1,1,0,0,1,-0.097980093369211,0.0172174383899374,-0.00980705605692289
3587090,23,"Tier2",0,0,5.99,429,6.06145691892802,"Windows only",1,0,1,0,1,0,0,-0.0168287319568234,0.00432550733585602,-0.00254065785494112
3589720,21,"Tier2",0,0,2.69,296,5.69035945432406,"Windows only",0,1,1,1,0,0,0,-0.203276004042514,-0.0797840768397264,0.0425015968326099
3590020,2,"Tier1",0,0,5.99,363,5.89440283426485,"Windows only",0,0,1,1,0,1,0,-0.0168287319568234,0.00432550733585602,-0.00254065785494112
3590590,2,"Tier1",0,0,4.99,310,5.73657229747919,"Windows + Linux",0,0,1,1,0,0,0,-0.097980093369211,0.0172174383899374,-0.00980705605692289
3591360,383,"Tier3",1,0,2.99,322,5.77455154554441,"Windows only",0,1,0,1,1,0,1,-0.200102891281294,-0.0515775081764219,0.0272910343386091
3592140,50,"Tier2",0,0,24.99,310,5.73657229747919,"Windows only",1,1,0,1,1,0,0,0.456151751806107,-0.220841737810706,0.30120429943399
3593000,1,"Tier1",0,0,0.99,436,6.07764224334903,"Windows only",1,1,1,1,0,1,1,-0.10419428022306,-0.415443396766967,0.223507912183871
3594000,229,"Tier3",1,0,1.99,417,6.0330862217988,"Windows only",0,1,0,0,0,0,0,-0.191000956662677,-0.174609008555128,0.0936365139174693
3594280,10,"Tier2",0,0,4.99,333,5.80814248998044,"Windows only",1,1,0,1,0,0,0,-0.097980093369211,0.0172174383899374,-0.00980705605692289
3597530,6,"Tier1",0,0,14.99,313,5.74620319054015,"Windows + macOS",0,0,1,1,0,0,1,0.392571032510476,-0.160815293725573,0.156651314964725
3597710,2,"Tier1",0,0,2.99,325,5.78382518232974,"Windows + macOS + Linux",1,0,0,1,0,0,0,-0.200102891281294,-0.0515775081764219,0.0272910343386091
3600280,10,"Tier2",0,0,199.99,314,5.74939298590825,"Windows only",0,0,0,1,0,1,1,-0.18147332673234,-0.251766554288245,1.13524418641626
3601300,2,"Tier1",0,0,4.99,432,6.06842558824411,"Windows only",0,0,1,0,0,0,0,-0.097980093369211,0.0172174383899374,-0.00980705605692289
3603110,45,"Tier2",0,0,0.99,425,6.05208916892442,"Windows only",0,0,1,0,0,1,0,-0.10419428022306,-0.415443396766967,0.223507912183871
3603580,199,"Tier3",1,0,6.99,399,5.98896141688986,"Windows + macOS",0,1,1,1,0,0,0,0.0647926208600656,-0.0196821001690604,0.012133851804991
3603870,8,"Tier1",0,0,5.99,333,5.80814248998044,"Windows + macOS",0,0,1,1,0,1,0,-0.0168287319568234,0.00432550733585602,-0.00254065785494112
3604260,107,"Tier3",1,0,11.99,279,5.63121178182137,"Windows only",0,1,0,1,0,1,0,0.325096773641836,-0.125268847109111,0.10484064365824
3604520,10,"Tier2",0,0,8.99,327,5.78996017089725,"Windows only",1,1,0,0,0,0,0,0.200788076739357,-0.0707802778736949,0.0490770781566566
3605340,3,"Tier1",0,0,29.99,426,6.05443934626937,"Windows only",1,0,0,0,1,0,0,0.450508679108406,-0.235558822620563,0.360701542701817
3605550,15,"Tier2",0,0,6.99,405,6.00388706710654,"Windows only",1,0,0,1,0,0,0,0.0647926208600656,-0.0196821001690604,0.012133851804991
3606340,1,"Tier1",0,0,4.99,256,5.54517744447956,"Windows only",1,0,0,0,0,0,0,-0.097980093369211,0.0172174383899374,-0.00980705605692289
3606360,38,"Tier2",0,0,14.99,345,5.84354441703136,"Windows only",0,0,0,1,1,1,0,0.392571032510476,-0.160815293725573,0.156651314964725
3606830,167,"Tier3",1,0,10.26,402,5.99645208861902,"Windows only",0,0,1,1,0,1,0,0.263073491587461,-0.0969929247122737,0.0730879155840473
3607380,9,"Tier1",0,0,6.99,417,6.0330862217988,"Windows + Linux",0,1,0,0,0,0,0,0.0647926208600656,-0.0196821001690604,0.012133851804991
3609980,49,"Tier2",0,0,12.99,307,5.7268477475872,"Windows + macOS",0,1,0,1,0,0,1,0.352184179054766,-0.138692384061404,0.122585476016817
3610700,7,"Tier1",0,0,10.99,350,5.85793315448346,"Windows only",0,1,1,1,0,1,1,0.291956005597191,-0.109818110275501,0.0866397974300799
3612060,239,"Tier3",1,0,4.99,395,5.97888576490112,"Windows only",0,0,0,1,1,0,0,-0.097980093369211,0.0172174383899374,-0.00980705605692289
3612120,33,"Tier2",0,0,4.99,388,5.96100533962327,"Windows only",0,1,0,1,1,0,0,-0.097980093369211,0.0172174383899374,-0.00980705605692289
3612250,67,"Tier2",0,0,14.99,326,5.78689738136671,"Windows only",0,0,1,1,0,1,1,0.392571032510476,-0.160815293725573,0.156651314964725
3612480,112,"Tier3",1,0,9.99,419,6.03787091992214,"Windows only",0,1,1,1,0,0,1,0.251218860272004,-0.0918672356966252,0.068024739758569
3612610,1,"Tier1",0,0,2.99,335,5.81413053182507,"Windows only",0,0,1,1,0,0,1,-0.200102891281294,-0.0515775081764219,0.0272910343386091
3612720,9,"Tier1",0,0,9.99,281,5.63835466933375,"Windows only",0,1,0,1,0,0,0,0.251218860272004,-0.0918672356966252,0.068024739758569
3612850,1074,"Tier4",1,0,7.99,371,5.91620206260743,"Windows only",0,1,0,1,0,0,0,0.138467671971053,-0.0461391003521592,0.0300758282519593
3612960,4,"Tier1",0,0,3.99,349,5.85507192220243,"Windows only",1,0,0,1,0,0,0,-0.163294420304253,0.0039253576640299,-0.00263922125326072
3614460,421,"Tier3",1,0,14.99,389,5.96357934361845,"Windows only",0,0,1,1,0,1,0,0.392571032510476,-0.160815293725573,0.156651314964725
3614630,3,"Tier1",0,0,0.99,285,5.65248918026865,"Windows only",1,0,0,1,0,0,1,-0.10419428022306,-0.415443396766967,0.223507912183871
3614690,5,"Tier1",0,0,4.99,307,5.7268477475872,"Windows only",1,1,0,1,0,1,1,-0.097980093369211,0.0172174383899374,-0.00980705605692289
3614720,54,"Tier2",0,0,1.99,389,5.96357934361845,"Windows only",1,1,0,1,1,0,0,-0.191000956662677,-0.174609008555128,0.0936365139174693
3615850,2,"Tier1",0,0,3.99,380,5.94017125272043,"Windows only",0,1,0,1,0,0,0,-0.163294420304253,0.0039253576640299,-0.00263922125326072
3617620,1177,"Tier4",1,0,14.99,342,5.8348107370626,"Windows only",0,0,1,1,0,0,1,0.392571032510476,-0.160815293725573,0.156651314964725
3618060,11,"Tier2",0,0,9.99,282,5.64190707093811,"Windows only",1,0,0,1,0,0,0,0.251218860272004,-0.0918672356966252,0.068024739758569
3618090,6,"Tier1",0,0,1.99,265,5.57972982598622,"Windows + macOS",0,1,0,1,0,0,0,-0.191000956662677,-0.174609008555128,0.0936365139174693
3618400,7,"Tier1",0,0,1.43,325,5.78382518232974,"Windows only",1,0,1,1,1,0,0,-0.154880732542118,-0.289923588366748,0.155820597477267
3620070,7,"Tier1",0,0,8.99,390,5.96614673912369,"Windows only",0,1,1,0,0,0,0,0.200788076739357,-0.0707802778736949,0.0490770781566566
3620120,7,"Tier1",0,0,1.99,394,5.97635090929793,"Windows only",0,1,1,1,0,0,0,-0.191000956662677,-0.174609008555128,0.0936365139174693
3620210,2,"Tier1",0,0,8.99,355,5.87211778947542,"Windows + Linux",0,0,1,1,0,0,0,0.200788076739357,-0.0707802778736949,0.0490770781566566
3620740,137,"Tier3",1,0,9.99,344,5.8406416573734,"Windows only",0,0,1,1,1,0,0,0.251218860272004,-0.0918672356966252,0.068024739758569
3621210,3,"Tier1",0,0,11.99,291,5.67332326717149,"Windows only",0,0,1,1,0,1,1,0.325096773641836,-0.125268847109111,0.10484064365824
3621320,10,"Tier2",0,0,4.99,299,5.70044357339069,"Windows only",1,0,1,1,0,0,0,-0.097980093369211,0.0172174383899374,-0.00980705605692289
3621490,3,"Tier1",0,0,0.99,311,5.73979291217923,"Windows only",1,1,1,1,0,0,0,-0.10419428022306,-0.415443396766967,0.223507912183871
3621680,2,"Tier1",0,0,4.99,299,5.70044357339069,"Windows + macOS + Linux",1,0,1,1,1,0,0,-0.097980093369211,0.0172174383899374,-0.00980705605692289
3622180,15,"Tier2",0,0,3.99,408,6.01126717440416,"Windows only",0,0,1,1,0,1,0,-0.163294420304253,0.0039253576640299,-0.00263922125326072
3623480,6,"Tier1",0,0,10.99,412,6.02102334934953,"Windows + macOS + Linux",0,0,0,1,0,0,1,0.291956005597191,-0.109818110275501,0.0866397974300799
3623640,10,"Tier2",0,0,2.99,331,5.80211837537706,"Windows only",0,1,0,1,0,0,0,-0.200102891281294,-0.0515775081764219,0.0272910343386091
3624520,15,"Tier2",0,0,6.99,380,5.94017125272043,"Windows only",0,1,1,1,1,0,1,0.0647926208600656,-0.0196821001690604,0.012133851804991
3624920,47,"Tier2",0,0,5.99,373,5.92157841964382,"Windows only",0,0,0,0,1,1,1,-0.0168287319568234,0.00432550733585602,-0.00254065785494112
3625210,526,"Tier3",1,0,5.59,311,5.73979291217923,"Windows only",0,0,1,1,0,1,0,-0.0500919622511082,0.0115359529220682,-0.00666897039202696
3625280,4,"Tier1",0,0,3,338,5.82304589548302,"Windows only",0,1,1,1,0,0,0,-0.199924239101678,-0.0507442418316123,0.026841690429991
3625340,20,"Tier2",0,0,3.99,373,5.92157841964382,"Windows + Linux",1,0,0,1,0,0,0,-0.163294420304253,0.0039253576640299,-0.00263922125326072
3626560,18,"Tier2",0,0,5.99,304,5.71702770140622,"Windows only",1,0,0,1,0,0,0,-0.0168287319568234,0.00432550733585602,-0.00254065785494112
3626860,1,"Tier1",0,0,8.99,283,5.64544689764324,"Windows only",1,0,0,1,0,0,1,0.200788076739357,-0.0707802778736949,0.0490770781566566
3628580,54,"Tier2",0,0,4.99,367,5.90536184805457,"Windows only",0,1,1,1,0,1,0,-0.097980093369211,0.0172174383899374,-0.00980705605692289
3628600,1,"Tier1",0,0,8.99,285,5.65248918026865,"Windows only",1,1,0,1,0,1,1,0.200788076739357,-0.0707802778736949,0.0490770781566566
3628730,7,"Tier1",0,0,4.99,310,5.73657229747919,"Windows only",1,1,0,1,0,0,0,-0.097980093369211,0.0172174383899374,-0.00980705605692289
3629080,265,"Tier3",1,0,9.99,404,6.00141487796115,"Windows + macOS",0,0,1,1,0,1,1,0.251218860272004,-0.0918672356966252,0.068024739758569
3629360,64,"Tier2",0,0,3.99,362,5.89164421182577,"Windows only",0,1,1,1,0,0,0,-0.163294420304253,0.0039253576640299,-0.00263922125326072
3629400,154,"Tier3",1,0,9.99,426,6.05443934626937,"Windows + macOS",0,0,0,1,0,0,0,0.251218860272004,-0.0918672356966252,0.068024739758569
3629780,1217,"Tier4",1,0,6.99,286,5.65599181081985,"Windows + macOS",0,0,1,1,0,1,1,0.0647926208600656,-0.0196821001690604,0.012133851804991
3629840,13,"Tier2",0,0,9.99,388,5.96100533962327,"Windows only",1,0,1,1,0,0,0,0.251218860272004,-0.0918672356966252,0.068024739758569
3630410,542,"Tier3",1,0,4.99,388,5.96100533962327,"Windows only",1,1,1,0,1,0,1,-0.097980093369211,0.0172174383899374,-0.00980705605692289
3630930,1,"Tier1",0,0,0.99,425,6.05208916892442,"Windows only",0,0,1,0,0,0,0,-0.10419428022306,-0.415443396766967,0.223507912183871
3631260,45,"Tier2",0,0,3.99,360,5.88610403145016,"Windows only",1,1,0,0,1,0,0,-0.163294420304253,0.0039253576640299,-0.00263922125326072
3632280,1,"Tier1",0,0,8.99,430,6.06378520868761,"Windows only",1,1,0,1,1,0,0,0.200788076739357,-0.0707802778736949,0.0490770781566566
3635710,15,"Tier2",0,0,1.49,394,5.97635090929793,"Windows + Linux",0,0,1,1,0,0,1,-0.160133911506303,-0.275447494805641,0.14801427660185
3636110,1,"Tier1",0,0,7.99,433,6.07073772800249,"Windows only",1,1,1,1,0,0,0,0.138467671971053,-0.0461391003521592,0.0300758282519593
3636390,2,"Tier1",0,0,4.99,417,6.0330862217988,"Windows only",0,0,1,1,0,0,0,-0.097980093369211,0.0172174383899374,-0.00980705605692289
3636470,47,"Tier2",0,0,9.99,346,5.84643877505772,"Windows only",1,0,1,1,1,0,0,0.251218860272004,-0.0918672356966252,0.068024739758569
3636530,6,"Tier1",0,0,8.99,381,5.9427993751267,"Windows only",1,1,1,1,1,0,1,0.200788076739357,-0.0707802778736949,0.0490770781566566
3636960,205,"Tier3",1,0,5.99,299,5.70044357339069,"Windows only",0,0,0,1,0,0,0,-0.0168287319568234,0.00432550733585602,-0.00254065785494112
3637770,23,"Tier2",0,0,7.99,325,5.78382518232974,"Windows only",0,0,0,1,0,1,0,0.138467671971053,-0.0461391003521592,0.0300758282519593
3637820,5,"Tier1",0,0,4.99,311,5.73979291217923,"Windows + macOS + Linux",0,0,0,1,0,1,0,-0.097980093369211,0.0172174383899374,-0.00980705605692289
3638500,2,"Tier1",0,0,14.99,325,5.78382518232974,"Windows + macOS + Linux",0,0,0,1,0,0,0,0.392571032510476,-0.160815293725573,0.156651314964725
3639500,39,"Tier2",0,0,0.99,401,5.99396142730657,"Windows only",0,1,1,1,0,0,0,-0.10419428022306,-0.415443396766967,0.223507912183871
3642990,4,"Tier1",0,0,5.99,345,5.84354441703136,"Windows only",0,1,1,1,0,0,0,-0.0168287319568234,0.00432550733585602,-0.00254065785494112
3643350,1,"Tier1",0,0,0.99,312,5.74300318780948,"Windows only",0,0,1,1,0,0,0,-0.10419428022306,-0.415443396766967,0.223507912183871
3643900,5,"Tier1",0,1,0,423,6.04737217904628,"Windows only",1,0,0,1,0,0,0,0,0,0
3644260,28,"Tier2",0,0,1.79,306,5.72358510195238,"Windows + macOS + Linux",0,0,1,1,0,1,0,-0.181240127540821,-0.211017273023111,0.113269890405011
3644520,3,"Tier1",0,0,6.99,431,6.06610809010375,"Windows only",0,1,0,1,1,0,0,0.0647926208600656,-0.0196821001690604,0.012133851804991
3645520,3,"Tier1",0,0,2.99,277,5.62401750618734,"Windows only",0,0,1,1,0,0,0,-0.200102891281294,-0.0515775081764219,0.0272910343386091
3646320,15,"Tier2",0,0,3.99,361,5.88887795833288,"Windows only",0,0,1,0,0,1,0,-0.163294420304253,0.0039253576640299,-0.00263922125326072
3648340,2,"Tier1",0,0,1.99,300,5.7037824746562,"Windows only",1,0,1,1,0,0,0,-0.191000956662677,-0.174609008555128,0.0936365139174693
3648620,6,"Tier1",0,0,0.99,313,5.74620319054015,"Windows + macOS",1,1,0,1,0,0,0,-0.10419428022306,-0.415443396766967,0.223507912183871
3650320,12,"Tier2",0,0,3.99,429,6.06145691892802,"Windows only",0,0,1,1,0,1,0,-0.163294420304253,0.0039253576640299,-0.00263922125326072
3652630,1,"Tier1",0,0,2.99,401,5.99396142730657,"Windows only",0,0,0,0,0,1,0,-0.200102891281294,-0.0515775081764219,0.0272910343386091
3653300,2,"Tier1",0,0,4.99,397,5.98393628068719,"Windows only",1,1,1,1,0,1,0,-0.097980093369211,0.0172174383899374,-0.00980705605692289
3653390,1,"Tier1",0,0,5.99,430,6.06378520868761,"Windows only",0,1,0,0,1,0,0,-0.0168287319568234,0.00432550733585602,-0.00254065785494112
3653590,31,"Tier2",0,0,16.99,311,5.73979291217923,"Windows only",0,0,0,1,0,0,0,0.419575949297417,-0.178216261844633,0.188841310784716
3653600,121,"Tier3",1,0,6.99,325,5.78382518232974,"Windows only",0,0,1,0,0,0,1,0.0647926208600656,-0.0196821001690604,0.012133851804991
3653810,8,"Tier1",0,0,19.99,305,5.72031177660741,"Windows only",0,0,1,0,0,1,0,0.443367319783897,-0.198158365479033,0.23384151956249
3653870,1,"Tier1",0,0,6.99,404,6.00141487796115,"Windows only",1,1,0,1,1,0,0,0.0647926208600656,-0.0196821001690604,0.012133851804991
3654060,12,"Tier2",0,0,11.99,300,5.7037824746562,"Windows only",0,0,0,0,1,0,0,0.325096773641836,-0.125268847109111,0.10484064365824
3654560,6841,"Tier4",1,0,19.99,325,5.78382518232974,"Windows only",0,0,0,0,0,0,1,0.443367319783897,-0.198158365479033,0.23384151956249
3654810,3,"Tier1",0,0,3.49,415,6.0282785202307,"Windows only",1,1,0,0,0,0,0,-0.186116890076566,-0.0173289811302235,0.00882230929863664
3656690,1,"Tier1",0,0,9.99,388,5.96100533962327,"Windows only",1,0,0,1,0,0,0,0.251218860272004,-0.0918672356966252,0.068024739758569
3656990,11,"Tier2",0,0,4.99,423,6.04737217904628,"Windows only",0,1,0,1,0,0,0,-0.097980093369211,0.0172174383899374,-0.00980705605692289
3658230,11,"Tier2",0,0,7.99,274,5.61312810638807,"Windows only",1,0,0,1,0,0,0,0.138467671971053,-0.0461391003521592,0.0300758282519593
3659410,1089,"Tier4",1,0,7.99,307,5.7268477475872,"Windows only",0,0,1,1,0,1,1,0.138467671971053,-0.0461391003521592,0.0300758282519593
3659560,1,"Tier1",0,0,2.99,377,5.93224518744801,"Windows only",1,1,0,1,0,0,1,-0.200102891281294,-0.0515775081764219,0.0272910343386091
3660220,722,"Tier3",1,0,29.99,311,5.73979291217923,"Windows only",0,1,0,0,0,0,0,0.450508679108406,-0.235558822620563,0.360701542701817
3660270,1,"Tier1",0,0,11.99,382,5.94542060860658,"Windows only",1,0,0,1,0,0,0,0.325096773641836,-0.125268847109111,0.10484064365824
3660520,1,"Tier1",0,0,3.99,429,6.06145691892802,"Windows only",0,0,1,1,0,0,0,-0.163294420304253,0.0039253576640299,-0.00263922125326072
3664230,12,"Tier2",0,0,8.99,387,5.95842469302978,"Windows only",0,1,0,1,0,0,0,0.200788076739357,-0.0707802778736949,0.0490770781566566
3664250,39,"Tier2",0,0,3.99,404,6.00141487796115,"Windows only",0,1,0,1,0,1,1,-0.163294420304253,0.0039253576640299,-0.00263922125326072
3666180,1,"Tier1",0,0,9.99,408,6.01126717440416,"Windows only",0,0,1,1,0,0,1,0.251218860272004,-0.0918672356966252,0.068024739758569
3666940,1,"Tier1",0,0,11.89,269,5.59471137960184,"Windows only",0,1,1,0,0,0,0,0.322077113613511,-0.123821782646064,0.103040618297411
3667850,24,"Tier2",0,0,9.99,408,6.01126717440416,"Windows + macOS + Linux",0,0,0,0,0,1,0,0.251218860272004,-0.0918672356966252,0.068024739758569
3668800,44,"Tier2",0,0,5.99,315,5.75257263882563,"Windows only",0,0,1,1,1,1,0,-0.0168287319568234,0.00432550733585602,-0.00254065785494112
3668840,1,"Tier1",0,0,2.99,437,6.07993319509559,"Windows only",0,0,1,1,0,0,0,-0.200102891281294,-0.0515775081764219,0.0272910343386091
3669050,31,"Tier2",0,0,2.49,392,5.97126183979046,"Windows + macOS",1,0,1,1,0,0,0,-0.202826498232658,-0.102357375195921,0.0546743842936141
3669190,7,"Tier1",0,0,9.99,275,5.61677109766657,"Windows only",1,1,0,1,0,0,0,0.251218860272004,-0.0918672356966252,0.068024739758569
3669400,5,"Tier1",0,0,3.99,394,5.97635090929793,"Windows only",0,1,1,1,0,1,0,-0.163294420304253,0.0039253576640299,-0.00263922125326072
3669740,99,"Tier2",0,0,9.99,282,5.64190707093811,"Windows only",0,0,1,1,0,0,1,0.251218860272004,-0.0918672356966252,0.068024739758569
3669750,32,"Tier2",0,0,2.99,308,5.73009978297357,"Windows only",0,0,1,1,0,0,0,-0.200102891281294,-0.0515775081764219,0.0272910343386091
3670200,2,"Tier1",0,0,9.99,269,5.59471137960184,"Windows only",1,0,0,1,0,0,0,0.251218860272004,-0.0918672356966252,0.068024739758569
3670290,7,"Tier1",0,0,3.99,328,5.79301360838414,"Windows only",0,0,1,1,0,1,0,-0.163294420304253,0.0039253576640299,-0.00263922125326072
3671880,13,"Tier2",0,0,14.99,270,5.59842195899838,"Windows only",0,0,1,0,0,0,0,0.392571032510476,-0.160815293725573,0.156651314964725
3671980,5,"Tier1",0,0,5.99,301,5.70711026474888,"Windows only",1,0,1,1,0,1,1,-0.0168287319568234,0.00432550733585602,-0.00254065785494112
3672100,57,"Tier2",0,0,13.99,356,5.87493073085203,"Windows + macOS + Linux",0,0,0,1,1,1,0,0.374378963846971,-0.15044831662319,0.139856650607732
3672300,21,"Tier2",0,0,11.99,314,5.74939298590825,"Windows only",0,1,1,1,0,1,0,0.325096773641836,-0.125268847109111,0.10484064365824
3672410,2,"Tier1",0,0,5.19,422,6.04500531403601,"Windows only",1,0,1,1,0,0,1,-0.0824873268097207,0.016195509364883,-0.00925294834728274
3673060,1845,"Tier4",1,0,2.79,321,5.77144112313002,"Windows only",0,0,1,1,0,1,0,-0.202705303070133,-0.0696669636929533,0.0370458824699456
3675130,5,"Tier1",0,0,2.39,429,6.06145691892802,"Windows only",0,1,0,1,0,0,0,-0.201749253266163,-0.114899865805521,0.0614379981002069
3675150,1,"Tier1",0,0,4.99,415,6.0282785202307,"Windows only",1,0,0,1,0,0,0,-0.097980093369211,0.0172174383899374,-0.00980705605692289
3675290,17,"Tier2",0,0,11.99,402,5.99645208861902,"Windows + macOS",1,1,0,1,0,0,0,0.325096773641836,-0.125268847109111,0.10484064365824
3676260,40,"Tier2",0,0,4.99,391,5.96870755998537,"Windows only",1,0,0,1,0,0,0,-0.097980093369211,0.0172174383899374,-0.00980705605692289
3676270,3,"Tier1",0,0,9.99,306,5.72358510195238,"Windows + macOS",1,0,0,1,0,0,0,0.251218860272004,-0.0918672356966252,0.068024739758569
3676850,823,"Tier3",1,0,5.99,383,5.94803498918065,"Windows only",0,0,0,0,0,1,0,-0.0168287319568234,0.00432550733585602,-0.00254065785494112
3677120,3,"Tier1",0,0,1.99,438,6.08221891037645,"Windows only",1,1,0,1,0,0,0,-0.191000956662677,-0.174609008555128,0.0936365139174693
3678130,4,"Tier1",0,0,3.99,385,5.95324333428778,"Windows only",1,0,1,1,0,0,1,-0.163294420304253,0.0039253576640299,-0.00263922125326072
3678420,14,"Tier2",0,0,9.99,352,5.8636311755981,"Windows + macOS + Linux",0,0,0,1,1,0,0,0.251218860272004,-0.0918672356966252,0.068024739758569
3678950,182,"Tier3",1,0,4.99,353,5.8664680569333,"Windows only",0,0,1,1,1,1,0,-0.097980093369211,0.0172174383899374,-0.00980705605692289
3679100,18,"Tier2",0,0,7.99,330,5.79909265446053,"Windows only",0,0,1,1,1,1,1,0.138467671971053,-0.0461391003521592,0.0300758282519593
3679380,3,"Tier1",0,0,3.99,419,6.03787091992214,"Windows only",1,0,1,1,1,1,0,-0.163294420304253,0.0039253576640299,-0.00263922125326072
3679570,11,"Tier2",0,0,2.99,289,5.66642668811243,"Windows only",0,0,1,1,0,1,0,-0.200102891281294,-0.0515775081764219,0.0272910343386091
3679920,4,"Tier1",0,0,4.99,422,6.04500531403601,"Windows only",0,0,0,0,0,0,1,-0.097980093369211,0.0172174383899374,-0.00980705605692289
3680420,32,"Tier2",0,0,16.99,299,5.70044357339069,"Windows + macOS",0,1,0,0,0,0,0,0.419575949297417,-0.178216261844633,0.188841310784716
3680900,144,"Tier3",1,0,9.99,423,6.04737217904628,"Windows only",0,1,0,1,1,1,1,0.251218860272004,-0.0918672356966252,0.068024739758569
3681060,1,"Tier1",0,0,9.99,410,6.01615715969835,"Windows only",1,1,1,1,0,0,0,0.251218860272004,-0.0918672356966252,0.068024739758569
3681580,10,"Tier2",0,0,15.99,346,5.84643877505772,"Windows only",0,0,0,1,0,1,0,0.407453927750679,-0.170012810338467,0.172975657991158
3682080,2,"Tier1",0,0,1.99,416,6.03068526026126,"Windows only",0,0,1,1,0,0,1,-0.191000956662677,-0.174609008555128,0.0936365139174693
3682530,86,"Tier2",0,0,3.99,370,5.91350300563827,"Windows only",0,0,1,1,1,1,0,-0.163294420304253,0.0039253576640299,-0.00263922125326072
3684010,1,"Tier1",0,0,3.99,340,5.82894561761021,"Windows only",1,0,0,1,0,0,0,-0.163294420304253,0.0039253576640299,-0.00263922125326072
3684320,6,"Tier1",0,0,13.99,363,5.89440283426485,"Windows only",0,0,1,1,0,0,0,0.374378963846971,-0.15044831662319,0.139856650607732
3684910,12,"Tier2",0,0,4.99,284,5.64897423816121,"Windows + macOS",0,0,1,1,0,0,0,-0.097980093369211,0.0172174383899374,-0.00980705605692289
3685030,13,"Tier2",0,0,1.99,324,5.78074351579233,"Windows + macOS + Linux",0,0,1,1,0,0,0,-0.191000956662677,-0.174609008555128,0.0936365139174693
3685170,35,"Tier2",0,0,6.99,388,5.96100533962327,"Windows + macOS",0,0,1,1,0,0,0,0.0647926208600656,-0.0196821001690604,0.012133851804991
3685280,2,"Tier1",0,0,4.99,300,5.7037824746562,"Windows only",1,1,0,1,1,0,0,-0.097980093369211,0.0172174383899374,-0.00980705605692289
3686450,9,"Tier1",0,0,2.99,374,5.92425579741453,"Windows only",1,0,0,1,0,0,0,-0.200102891281294,-0.0515775081764219,0.0272910343386091
3686580,347,"Tier3",1,0,12.99,293,5.68017260901707,"Windows + Linux",0,0,0,1,0,0,1,0.352184179054766,-0.138692384061404,0.122585476016817
3686840,1,"Tier1",0,0,5.99,396,5.98141421125448,"Windows only",0,0,0,1,0,1,1,-0.0168287319568234,0.00432550733585602,-0.00254065785494112
3686930,461,"Tier3",1,0,4.99,396,5.98141421125448,"Windows only",0,1,0,1,1,0,0,-0.097980093369211,0.0172174383899374,-0.00980705605692289
3686940,323,"Tier3",1,0,4.99,368,5.90808293816893,"Windows only",0,1,1,1,0,0,0,-0.097980093369211,0.0172174383899374,-0.00980705605692289
3687470,101,"Tier3",1,0,4.99,304,5.71702770140622,"Windows only",1,1,0,1,0,1,0,-0.097980093369211,0.0172174383899374,-0.00980705605692289
3687580,22,"Tier2",0,0,4.99,305,5.72031177660741,"Windows only",0,0,1,0,0,0,1,-0.097980093369211,0.0172174383899374,-0.00980705605692289
3687940,4,"Tier1",0,0,11.99,320,5.76832099579377,"Windows + macOS",0,1,1,0,0,0,0,0.325096773641836,-0.125268847109111,0.10484064365824
3688930,3,"Tier1",0,0,1.99,338,5.82304589548302,"Windows only",1,0,1,1,1,0,0,-0.191000956662677,-0.174609008555128,0.0936365139174693
3688970,71,"Tier2",0,0,6.49,307,5.7268477475872,"Windows only",0,0,1,1,0,0,0,0.0246142007994218,-0.00697247060533523,0.00419086329222457
3690060,2,"Tier1",0,0,3.99,339,5.82600010738045,"Windows only",0,0,1,1,0,0,0,-0.163294420304253,0.0039253576640299,-0.00263922125326072
3690390,49,"Tier2",0,0,1.99,277,5.62401750618734,"Windows + Linux",0,0,1,1,0,0,0,-0.191000956662677,-0.174609008555128,0.0936365139174693
3690420,13,"Tier2",0,0,24.99,409,6.0137151560428,"Windows only",0,1,0,0,0,1,0,0.456151751806107,-0.220841737810706,0.30120429943399
3690570,17,"Tier2",0,0,4.99,310,5.73657229747919,"Windows only",0,0,0,0,1,0,0,-0.097980093369211,0.0172174383899374,-0.00980705605692289
3693590,137,"Tier3",1,0,5.12,296,5.69035945432406,"Windows only",0,0,0,1,0,0,1,-0.0879793996767079,0.0166670416060787,-0.00950940580151505
3693720,59,"Tier2",0,0,8.99,262,5.5683445037611,"Windows only",1,1,0,1,0,1,0,0.200788076739357,-0.0707802778736949,0.0490770781566566
3694020,8,"Tier1",0,0,6.99,326,5.78689738136671,"Windows only",0,0,1,1,0,0,1,0.0647926208600656,-0.0196821001690604,0.012133851804991
3694470,9,"Tier1",0,0,5.99,415,6.0282785202307,"Windows only",0,0,1,1,0,0,0,-0.0168287319568234,0.00432550733585602,-0.00254065785494112
3696020,6,"Tier1",0,0,4.99,300,5.7037824746562,"Windows only",0,0,1,1,0,1,1,-0.097980093369211,0.0172174383899374,-0.00980705605692289
3696180,2,"Tier1",0,0,3.99,422,6.04500531403601,"Windows only",1,1,0,1,0,0,0,-0.163294420304253,0.0039253576640299,-0.00263922125326072
3696700,61,"Tier2",0,0,3.99,310,5.73657229747919,"Windows only",1,0,1,1,0,0,0,-0.163294420304253,0.0039253576640299,-0.00263922125326072
3697290,10,"Tier2",0,0,15.99,389,5.96357934361845,"Windows only",1,0,0,1,0,0,0,0.407453927750679,-0.170012810338467,0.172975657991158
3698050,13,"Tier2",0,0,3.99,396,5.98141421125448,"Windows + macOS + Linux",0,0,1,1,0,0,0,-0.163294420304253,0.0039253576640299,-0.00263922125326072
3698680,45,"Tier2",0,0,29.99,423,6.04737217904628,"Windows only",0,0,1,0,0,1,0,0.450508679108406,-0.235558822620563,0.360701542701817
3699600,3,"Tier1",0,0,4.99,389,5.96357934361845,"Windows only",1,1,1,1,0,0,0,-0.097980093369211,0.0172174383899374,-0.00980705605692289
3701370,12,"Tier2",0,0,6.99,313,5.74620319054015,"Windows only",0,1,1,1,0,1,0,0.0647926208600656,-0.0196821001690604,0.012133851804991
3702020,4,"Tier1",0,0,9.99,377,5.93224518744801,"Windows only",0,0,0,1,0,1,0,0.251218860272004,-0.0918672356966252,0.068024739758569
3702810,1,"Tier1",0,0,0.99,425,6.05208916892442,"Windows only",0,0,0,1,0,0,0,-0.10419428022306,-0.415443396766967,0.223507912183871
3703030,5,"Tier1",0,0,4.99,324,5.78074351579233,"Windows only",0,0,0,1,0,1,1,-0.097980093369211,0.0172174383899374,-0.00980705605692289
3703790,3,"Tier1",0,0,4.99,278,5.62762111369064,"Windows only",1,1,0,1,0,0,0,-0.097980093369211,0.0172174383899374,-0.00980705605692289
3704300,191,"Tier3",1,0,1.47,335,5.81413053182507,"Windows + macOS + Linux",0,1,1,1,0,0,0,-0.158423359974241,-0.28020982229167,0.150582390458867
3704520,8,"Tier1",0,0,1.99,298,5.6970934865054,"Windows only",0,0,1,1,0,0,0,-0.191000956662677,-0.174609008555128,0.0936365139174693
3705340,2,"Tier1",0,0,7.99,285,5.65248918026865,"Windows + macOS",0,0,0,1,0,0,0,0.138467671971053,-0.0461391003521592,0.0300758282519593
3706460,4,"Tier1",0,0,1.99,430,6.06378520868761,"Windows only",1,1,1,1,0,0,0,-0.191000956662677,-0.174609008555128,0.0936365139174693
3706640,2,"Tier1",0,0,3.99,328,5.79301360838414,"Windows only",0,1,1,1,1,0,0,-0.163294420304253,0.0039253576640299,-0.00263922125326072
3708530,14,"Tier2",0,0,9.99,357,5.87773578177964,"Windows only",0,0,1,0,0,0,1,0.251218860272004,-0.0918672356966252,0.068024739758569
3709000,5,"Tier1",0,0,4.99,439,6.08449941307517,"Windows only",0,0,0,0,0,0,1,-0.097980093369211,0.0172174383899374,-0.00980705605692289
3711530,6,"Tier1",0,0,5.99,353,5.8664680569333,"Windows only",0,0,0,1,0,0,0,-0.0168287319568234,0.00432550733585602,-0.00254065785494112
3713090,6,"Tier1",0,0,9.99,285,5.65248918026865,"Windows only",0,0,0,0,0,1,0,0.251218860272004,-0.0918672356966252,0.068024739758569
3713410,6,"Tier1",0,0,15.99,380,5.94017125272043,"Windows only",0,0,0,0,1,0,0,0.407453927750679,-0.170012810338467,0.172975657991158
3713820,10,"Tier2",0,0,4.99,314,5.74939298590825,"Windows only",0,0,0,1,1,1,0,-0.097980093369211,0.0172174383899374,-0.00980705605692289
3713940,10,"Tier2",0,0,39.99,381,5.9427993751267,"Windows only",1,0,0,0,0,0,0,0.414741112884119,-0.252383810537472,0.461936938410595
3714210,6,"Tier1",0,0,4.99,304,5.71702770140622,"Windows + macOS",0,0,1,1,1,0,0,-0.097980093369211,0.0172174383899374,-0.00980705605692289
3715440,10,"Tier2",0,0,5.99,430,6.06378520868761,"Windows only",1,1,1,1,0,0,0,-0.0168287319568234,0.00432550733585602,-0.00254065785494112
3715720,2,"Tier1",0,0,1.99,388,5.96100533962327,"Windows only",0,0,1,0,0,1,1,-0.191000956662677,-0.174609008555128,0.0936365139174693
3715980,1,"Tier1",0,0,3.99,424,6.04973345523196,"Windows only",1,0,0,1,0,0,0,-0.163294420304253,0.0039253576640299,-0.00263922125326072
3716360,17,"Tier2",0,0,2.99,311,5.73979291217923,"Windows only",1,1,1,0,0,0,0,-0.200102891281294,-0.0515775081764219,0.0272910343386091
3716650,311,"Tier3",1,0,4.99,361,5.88887795833288,"Windows only",1,0,1,1,0,1,1,-0.097980093369211,0.0172174383899374,-0.00980705605692289
3717150,7,"Tier1",0,0,2.99,328,5.79301360838414,"Windows only",1,1,0,0,1,0,0,-0.200102891281294,-0.0515775081764219,0.0272910343386091
3717700,2,"Tier1",0,0,14.99,285,5.65248918026865,"Windows only",1,1,0,0,0,1,0,0.392571032510476,-0.160815293725573,0.156651314964725
3718290,6,"Tier1",0,0,3.99,300,5.7037824746562,"Windows only",0,1,0,1,0,1,1,-0.163294420304253,0.0039253576640299,-0.00263922125326072
3719500,1,"Tier1",0,0,6.99,319,5.76519110278484,"Windows only",0,0,1,1,0,0,1,0.0647926208600656,-0.0196821001690604,0.012133851804991
3720170,5,"Tier1",0,0,9.99,422,6.04500531403601,"Windows only",1,0,1,0,0,0,0,0.251218860272004,-0.0918672356966252,0.068024739758569
3720260,3,"Tier1",0,0,3.99,334,5.8111409929767,"Windows only",0,0,1,1,0,0,1,-0.163294420304253,0.0039253576640299,-0.00263922125326072
3720630,13,"Tier2",0,0,7.99,304,5.71702770140622,"Windows + Linux",0,0,0,1,0,0,1,0.138467671971053,-0.0461391003521592,0.0300758282519593
3720760,101,"Tier3",1,0,3.99,268,5.59098698051086,"Windows only",1,1,0,1,0,1,0,-0.163294420304253,0.0039253576640299,-0.00263922125326072
3720920,2,"Tier1",0,0,2.99,434,6.07304453410041,"Windows only",1,1,0,0,1,0,0,-0.200102891281294,-0.0515775081764219,0.0272910343386091
3721490,117,"Tier3",1,0,3.99,391,5.96870755998537,"Windows only",1,1,1,1,1,0,0,-0.163294420304253,0.0039253576640299,-0.00263922125326072
3721940,71,"Tier2",0,0,12.99,282,5.64190707093811,"Windows only",0,1,0,0,1,0,0,0.352184179054766,-0.138692384061404,0.122585476016817
3722760,38,"Tier2",0,0,3.49,419,6.03787091992214,"Windows only",0,1,0,1,0,1,1,-0.186116890076566,-0.0173289811302235,0.00882230929863664
3724650,21,"Tier2",0,0,4.99,351,5.86078622346587,"Windows only",0,1,0,0,0,0,0,-0.097980093369211,0.0172174383899374,-0.00980705605692289
3724750,6,"Tier1",0,0,9.99,328,5.79301360838414,"Windows + Linux",1,1,0,1,0,0,0,0.251218860272004,-0.0918672356966252,0.068024739758569
3725070,27,"Tier2",0,0,5.99,430,6.06378520868761,"Windows only",0,0,0,1,0,0,0,-0.0168287319568234,0.00432550733585602,-0.00254065785494112
3725130,1,"Tier1",0,0,1.29,425,6.05208916892442,"Windows only",0,0,0,0,0,0,1,-0.141157822892268,-0.325998004391442,0.17527394417562
3726630,4,"Tier1",0,0,9.99,258,5.55295958492162,"Windows only",1,1,1,1,0,0,0,0.251218860272004,-0.0918672356966252,0.068024739758569
3727130,12,"Tier2",0,0,4.99,347,5.84932477994686,"Windows only",1,0,0,1,1,0,0,-0.097980093369211,0.0172174383899374,-0.00980705605692289
3727240,2,"Tier1",0,0,3.99,426,6.05443934626937,"Windows only",0,0,1,1,0,0,1,-0.163294420304253,0.0039253576640299,-0.00263922125326072
3727830,48,"Tier2",0,0,4.99,433,6.07073772800249,"Windows only",0,1,0,0,0,0,0,-0.097980093369211,0.0172174383899374,-0.00980705605692289
3728030,2,"Tier1",0,0,2.79,422,6.04500531403601,"Windows only",0,0,1,1,0,0,0,-0.202705303070133,-0.0696669636929533,0.0370458824699456
3728040,1,"Tier1",0,0,3.99,303,5.71373280550937,"Windows only",0,0,1,1,0,0,0,-0.163294420304253,0.0039253576640299,-0.00263922125326072
3728120,73,"Tier2",0,0,9.99,389,5.96357934361845,"Windows + macOS",0,0,0,1,0,1,1,0.251218860272004,-0.0918672356966252,0.068024739758569
3728910,4,"Tier1",0,0,2.35,317,5.75890177387728,"Windows only",0,1,0,1,0,0,0,-0.201149528413632,-0.120166097050308,0.0642778451022601
3729610,3,"Tier1",0,0,3.99,297,5.6937321388027,"Windows only",1,0,1,1,0,0,0,-0.163294420304253,0.0039253576640299,-0.00263922125326072
3730170,2,"Tier1",0,0,5.99,364,5.89715386763674,"Windows only",1,1,0,1,0,0,0,-0.0168287319568234,0.00432550733585602,-0.00254065785494112
3732620,28,"Tier2",0,0,4.99,270,5.59842195899838,"Windows only",1,1,1,1,0,0,0,-0.097980093369211,0.0172174383899374,-0.00980705605692289
3733620,8,"Tier1",0,0,4.99,398,5.98645200528444,"Windows only",0,0,1,0,0,1,1,-0.097980093369211,0.0172174383899374,-0.00980705605692289
3734000,6,"Tier1",0,0,4.99,298,5.6970934865054,"Windows only",1,0,1,1,0,0,1,-0.097980093369211,0.0172174383899374,-0.00980705605692289
3734310,39,"Tier2",0,0,5.99,264,5.57594910314632,"Windows only",0,0,0,1,1,1,1,-0.0168287319568234,0.00432550733585602,-0.00254065785494112
3734930,2,"Tier1",0,0,4.99,327,5.78996017089725,"Windows only",1,0,0,1,1,0,0,-0.097980093369211,0.0172174383899374,-0.00980705605692289
3734990,28,"Tier2",0,0,24.99,363,5.89440283426485,"Windows + macOS",0,0,0,1,0,1,1,0.456151751806107,-0.220841737810706,0.30120429943399
3736190,2,"Tier1",0,1,0,284,5.64897423816121,"Windows only",0,0,1,1,0,0,0,0,0,0
3736540,35,"Tier2",0,0,4.99,375,5.92692602597041,"Windows only",0,1,0,1,0,0,0,-0.097980093369211,0.0172174383899374,-0.00980705605692289
3736550,33,"Tier2",0,0,8.99,312,5.74300318780948,"Windows + macOS",0,1,0,1,1,0,0,0.200788076739357,-0.0707802778736949,0.0490770781566566
3737620,699,"Tier3",1,0,5.99,296,5.69035945432406,"Windows only",0,0,1,1,0,0,0,-0.0168287319568234,0.00432550733585602,-0.00254065785494112
3738330,47,"Tier2",0,0,4.99,307,5.7268477475872,"Windows only",0,1,1,0,0,1,0,-0.097980093369211,0.0172174383899374,-0.00980705605692289
3738820,1,"Tier1",0,0,3.99,362,5.89164421182577,"Windows + Linux",0,0,1,0,0,0,0,-0.163294420304253,0.0039253576640299,-0.00263922125326072
3738910,34,"Tier2",0,0,39.99,375,5.92692602597041,"Windows only",0,0,0,0,0,1,0,0.414741112884119,-0.252383810537472,0.461936938410595
3739960,10,"Tier2",0,0,11.99,320,5.76832099579377,"Windows only",0,0,0,1,0,0,0,0.325096773641836,-0.125268847109111,0.10484064365824
3740360,91,"Tier2",0,0,14.99,304,5.71702770140622,"Windows only",1,0,0,1,1,0,0,0.392571032510476,-0.160815293725573,0.156651314964725
3741530,30,"Tier2",0,0,9.99,349,5.85507192220243,"Windows only",1,1,0,1,0,0,0,0.251218860272004,-0.0918672356966252,0.068024739758569
3741750,2,"Tier1",0,0,4.99,343,5.83773044716594,"Windows only",0,0,0,1,0,1,0,-0.097980093369211,0.0172174383899374,-0.00980705605692289
3742040,3,"Tier1",0,0,4.99,417,6.0330862217988,"Windows + Linux",0,0,0,1,0,0,1,-0.097980093369211,0.0172174383899374,-0.00980705605692289
3742110,1,"Tier1",0,0,5.99,408,6.01126717440416,"Windows + macOS + Linux",0,0,1,1,0,0,1,-0.0168287319568234,0.00432550733585602,-0.00254065785494112
3742820,34,"Tier2",0,0,17.49,300,5.7037824746562,"Windows only",0,1,0,0,0,1,0,0.424742323019891,-0.181990650300696,0.196606670379872
3743220,277,"Tier3",1,0,9.99,431,6.06610809010375,"Windows + macOS + Linux",0,0,0,1,0,0,0,0.251218860272004,-0.0918672356966252,0.068024739758569
3743850,20,"Tier2",0,0,6.99,256,5.54517744447956,"Windows only",0,1,1,1,0,1,0,0.0647926208600656,-0.0196821001690604,0.012133851804991
3744300,12,"Tier2",0,0,2,417,6.0330862217988,"Windows only",0,0,0,1,1,0,0,-0.191406731631632,-0.172912161928339,0.0927214791265452
3744780,5,"Tier1",0,0,1.99,429,6.06145691892802,"Windows only",0,0,1,1,0,1,0,-0.191000956662677,-0.174609008555128,0.0936365139174693
3744900,19,"Tier2",0,0,6.99,420,6.04025471127741,"Windows only",1,1,0,1,0,0,0,0.0647926208600656,-0.0196821001690604,0.012133851804991
3745290,20,"Tier2",0,0,4.99,331,5.80211837537706,"Windows only",0,1,1,1,0,0,0,-0.097980093369211,0.0172174383899374,-0.00980705605692289
3745850,12,"Tier2",0,0,3.59,293,5.68017260901707,"Windows only",1,1,0,1,0,0,1,-0.182193683098922,-0.0121330611589316,0.0060203780754326
3746510,10,"Tier2",0,0,199.99,333,5.80814248998044,"Windows only",1,1,1,1,1,1,1,-0.18147332673234,-0.251766554288245,1.13524418641626
3748360,2,"Tier1",0,0,0.99,365,5.89989735358249,"Windows only",0,0,1,1,0,0,0,-0.10419428022306,-0.415443396766967,0.223507912183871
3748700,1,"Tier1",0,0,0.99,438,6.08221891037645,"Windows only",0,0,0,0,1,0,0,-0.10419428022306,-0.415443396766967,0.223507912183871
3749110,50,"Tier2",0,0,9.99,277,5.62401750618734,"Windows only",0,1,1,1,0,1,0,0.251218860272004,-0.0918672356966252,0.068024739758569
3749260,3,"Tier1",0,0,3.99,310,5.73657229747919,"Windows only",1,0,0,0,0,0,0,-0.163294420304253,0.0039253576640299,-0.00263922125326072
3749460,6,"Tier1",0,1,0,431,6.06610809010375,"Windows only",0,1,0,1,0,0,0,0,0,0
3749540,5,"Tier1",0,0,4.99,395,5.97888576490112,"Windows + macOS + Linux",0,0,0,1,0,1,0,-0.097980093369211,0.0172174383899374,-0.00980705605692289
3749880,8,"Tier1",0,0,2.99,422,6.04500531403601,"Windows only",0,1,0,1,1,0,0,-0.200102891281294,-0.0515775081764219,0.0272910343386091
3751210,213,"Tier3",1,0,14.99,290,5.66988092298052,"Windows only",1,1,0,1,0,0,0,0.392571032510476,-0.160815293725573,0.156651314964725
3752210,4,"Tier1",0,0,9.99,314,5.74939298590825,"Windows only",1,0,0,1,0,0,0,0.251218860272004,-0.0918672356966252,0.068024739758569
3753370,5,"Tier1",0,0,4.99,429,6.06145691892802,"Windows only",0,0,0,1,0,0,1,-0.097980093369211,0.0172174383899374,-0.00980705605692289
3754320,4,"Tier1",0,0,2.5,438,6.08221891037645,"Windows only",0,0,1,1,0,0,1,-0.202901925565326,-0.101150755470328,0.0540237073196894
3754500,1,"Tier1",0,0,5.99,436,6.07764224334903,"Windows only",1,0,0,1,0,0,0,-0.0168287319568234,0.00432550733585602,-0.00254065785494112
3754800,1,"Tier1",0,0,2.99,310,5.73657229747919,"Windows only",0,0,1,1,0,1,0,-0.200102891281294,-0.0515775081764219,0.0272910343386091
3755860,7297,"Tier4",1,0,13.99,394,5.97635090929793,"Windows only",0,1,0,1,1,0,0,0.374378963846971,-0.15044831662319,0.139856650607732
3757210,1144,"Tier4",1,0,4.99,283,5.64544689764324,"Windows only",1,0,0,1,0,0,0,-0.097980093369211,0.0172174383899374,-0.00980705605692289
3757240,26,"Tier2",0,0,3.99,340,5.82894561761021,"Windows only",1,1,0,0,0,0,0,-0.163294420304253,0.0039253576640299,-0.00263922125326072
3758560,16,"Tier2",0,0,3.99,322,5.77455154554441,"Windows only",0,1,1,1,0,0,0,-0.163294420304253,0.0039253576640299,-0.00263922125326072
3758650,1,"Tier1",0,0,6.99,430,6.06378520868761,"Windows only",0,0,1,1,0,0,0,0.0647926208600656,-0.0196821001690604,0.012133851804991
3759140,144,"Tier3",1,0,4.99,308,5.73009978297357,"Windows only",0,0,0,1,0,0,0,-0.097980093369211,0.0172174383899374,-0.00980705605692289
3760620,8,"Tier1",0,0,9.99,383,5.94803498918065,"Windows only",0,0,1,1,0,1,0,0.251218860272004,-0.0918672356966252,0.068024739758569
3761560,9,"Tier1",0,0,5.99,313,5.74620319054015,"Windows only",0,1,0,1,0,0,0,-0.0168287319568234,0.00432550733585602,-0.00254065785494112
3762110,3,"Tier1",0,0,1.99,311,5.73979291217923,"Windows only",1,1,0,1,0,0,0,-0.191000956662677,-0.174609008555128,0.0936365139174693
3762650,88,"Tier2",0,0,2.99,387,5.95842469302978,"Windows + macOS + Linux",0,0,1,1,0,0,0,-0.200102891281294,-0.0515775081764219,0.0272910343386091
3763000,1,"Tier1",0,0,2.99,412,6.02102334934953,"Windows only",1,0,0,0,0,0,1,-0.200102891281294,-0.0515775081764219,0.0272910343386091
3764120,33,"Tier2",0,0,0.69,359,5.88332238848828,"Windows only",0,0,0,1,1,1,0,-0.0556199771708262,-0.524585021413738,0.282363192391924
3766170,2,"Tier1",0,1,0,437,6.07993319509559,"Windows only",0,0,1,1,0,0,0,0,0,0
3768490,3,"Tier1",0,0,23.99,423,6.04737217904628,"Windows only",1,0,0,1,1,0,0,0.455474756915512,-0.217085698098563,0.288418503969787
3769130,8273,"Tier4",1,0,4.99,410,6.01615715969835,"Windows only",0,0,1,1,0,0,0,-0.097980093369211,0.0172174383899374,-0.00980705605692289
3770260,1,"Tier1",0,0,3.99,285,5.65248918026865,"Windows only",1,0,0,0,0,0,1,-0.163294420304253,0.0039253576640299,-0.00263922125326072
3771390,152,"Tier3",1,0,2.49,302,5.71042701737487,"Windows + macOS + Linux",0,0,1,1,0,1,1,-0.202826498232658,-0.102357375195921,0.0546743842936141
3771610,16,"Tier2",0,0,4.99,286,5.65599181081985,"Windows + macOS",1,1,0,1,0,0,0,-0.097980093369211,0.0172174383899374,-0.00980705605692289
3771660,34,"Tier2",0,0,6.99,257,5.54907608489522,"Windows only",0,0,0,0,1,0,1,0.0647926208600656,-0.0196821001690604,0.012133851804991
3772060,1,"Tier1",0,0,9.99,322,5.77455154554441,"Windows only",0,0,1,1,0,1,0,0.251218860272004,-0.0918672356966252,0.068024739758569
3773590,177,"Tier3",1,0,7.99,320,5.76832099579377,"Windows + macOS + Linux",1,0,0,0,0,0,0,0.138467671971053,-0.0461391003521592,0.0300758282519593
3775190,2,"Tier1",0,0,2.99,387,5.95842469302978,"Windows only",0,1,1,1,1,0,0,-0.200102891281294,-0.0515775081764219,0.0272910343386091
3775390,7,"Tier1",0,0,1.99,409,6.0137151560428,"Windows only",0,1,0,0,0,0,0,-0.191000956662677,-0.174609008555128,0.0936365139174693
3776630,3,"Tier1",0,0,2.99,436,6.07764224334903,"Windows + macOS + Linux",1,0,1,1,0,0,0,-0.200102891281294,-0.0515775081764219,0.0272910343386091
3777690,5,"Tier1",0,0,5.99,418,6.03548143252476,"Windows only",1,0,0,1,0,0,0,-0.0168287319568234,0.00432550733585602,-0.00254065785494112
3778040,117,"Tier3",1,0,2.99,311,5.73979291217923,"Windows only",1,0,1,1,0,1,0,-0.200102891281294,-0.0515775081764219,0.0272910343386091
3778380,20,"Tier2",0,0,4.99,415,6.0282785202307,"Windows only",1,0,0,1,0,0,0,-0.097980093369211,0.0172174383899374,-0.00980705605692289
3779170,3,"Tier1",0,0,1.99,412,6.02102334934953,"Windows only",0,1,1,1,0,1,0,-0.191000956662677,-0.174609008555128,0.0936365139174693
3779280,2,"Tier1",0,0,7.99,306,5.72358510195238,"Windows only",0,0,0,1,1,0,1,0.138467671971053,-0.0461391003521592,0.0300758282519593
3779910,1,"Tier1",0,0,6.99,326,5.78689738136671,"Windows only",0,1,0,1,0,0,0,0.0647926208600656,-0.0196821001690604,0.012133851804991
3782410,11,"Tier2",0,0,3.99,439,6.08449941307517,"Windows only",0,1,1,1,0,0,0,-0.163294420304253,0.0039253576640299,-0.00263922125326072
3783190,1,"Tier1",0,0,9.99,263,5.57215403217776,"Windows only",1,0,0,1,0,0,0,0.251218860272004,-0.0918672356966252,0.068024739758569
3783850,2,"Tier1",0,0,5.99,275,5.61677109766657,"Windows only",1,1,0,0,0,0,1,-0.0168287319568234,0.00432550733585602,-0.00254065785494112
3784110,3,"Tier1",0,0,14.99,418,6.03548143252476,"Windows only",0,1,1,1,0,0,1,0.392571032510476,-0.160815293725573,0.156651314964725
3784130,1,"Tier1",0,0,14.99,408,6.01126717440416,"Windows only",0,1,1,0,0,1,1,0.392571032510476,-0.160815293725573,0.156651314964725
3785720,267,"Tier3",1,0,6.99,415,6.0282785202307,"Windows + macOS",0,0,1,1,1,1,0,0.0647926208600656,-0.0196821001690604,0.012133851804991
3786040,16,"Tier2",0,0,4.99,378,5.93489419561959,"Windows only",0,1,0,1,0,1,0,-0.097980093369211,0.0172174383899374,-0.00980705605692289
3788190,9,"Tier1",0,0,5.99,381,5.9427993751267,"Windows only",1,1,1,1,0,0,0,-0.0168287319568234,0.00432550733585602,-0.00254065785494112
3788370,4,"Tier1",0,0,2.99,324,5.78074351579233,"Windows only",0,0,1,1,0,1,1,-0.200102891281294,-0.0515775081764219,0.0272910343386091
3788740,1,"Tier1",0,0,2.99,398,5.98645200528444,"Windows only",0,0,0,0,1,0,0,-0.200102891281294,-0.0515775081764219,0.0272910343386091
3788860,5,"Tier1",0,0,1.99,408,6.01126717440416,"Windows only",0,1,0,0,0,0,0,-0.191000956662677,-0.174609008555128,0.0936365139174693
3789090,2,"Tier1",0,1,0,417,6.0330862217988,"Windows only",0,0,1,1,0,0,0,0,0,0
3789290,5,"Tier1",0,1,0,348,5.85220247977447,"Windows only",1,0,1,1,0,0,0,0,0,0
3789440,2,"Tier1",0,0,9.99,361,5.88887795833288,"Windows only",0,0,0,1,0,0,0,0.251218860272004,-0.0918672356966252,0.068024739758569
3790080,1,"Tier1",0,0,0.99,385,5.95324333428778,"Windows only",0,0,1,1,0,0,0,-0.10419428022306,-0.415443396766967,0.223507912183871
3792500,1,"Tier1",0,0,2.99,439,6.08449941307517,"Windows only",1,1,1,1,0,0,1,-0.200102891281294,-0.0515775081764219,0.0272910343386091
3792540,1,"Tier1",0,0,0.99,381,5.9427993751267,"Windows only",0,0,1,1,0,0,1,-0.10419428022306,-0.415443396766967,0.223507912183871
3792560,1,"Tier1",0,0,4.99,276,5.62040086571715,"Windows only",1,0,1,1,0,0,0,-0.097980093369211,0.0172174383899374,-0.00980705605692289
3792570,2,"Tier1",0,0,2.99,412,6.02102334934953,"Windows only",0,0,1,1,0,1,0,-0.200102891281294,-0.0515775081764219,0.0272910343386091
3792610,2,"Tier1",0,0,9.95,321,5.77144112313002,"Windows only",0,0,1,1,0,0,0,0.249404062274061,-0.0910888929177495,0.0672724958241703
3792960,5,"Tier1",0,0,14.99,348,5.85220247977447,"Windows only",1,0,0,1,0,1,0,0.392571032510476,-0.160815293725573,0.156651314964725
3793430,1,"Tier1",0,0,1.99,326,5.78689738136671,"Windows + macOS",0,0,0,0,1,0,0,-0.191000956662677,-0.174609008555128,0.0936365139174693
3793510,2,"Tier1",0,0,7.99,390,5.96614673912369,"Windows only",0,0,0,1,0,1,0,0.138467671971053,-0.0461391003521592,0.0300758282519593
3793730,3,"Tier1",0,0,3.99,421,6.04263283368238,"Windows only",1,0,1,1,0,0,0,-0.163294420304253,0.0039253576640299,-0.00263922125326072
3794290,3,"Tier1",0,0,2.99,391,5.96870755998537,"Windows only",0,0,0,1,0,0,1,-0.200102891281294,-0.0515775081764219,0.0272910343386091
3795140,3,"Tier1",0,0,0.99,322,5.77455154554441,"Windows only",0,0,1,1,0,1,0,-0.10419428022306,-0.415443396766967,0.223507912183871
3795850,9,"Tier1",0,0,1.99,303,5.71373280550937,"Windows only",0,0,1,1,0,0,0,-0.191000956662677,-0.174609008555128,0.0936365139174693
3796060,5,"Tier1",0,0,4.99,425,6.05208916892442,"Windows only",1,0,1,1,0,0,0,-0.097980093369211,0.0172174383899374,-0.00980705605692289
3797700,3,"Tier1",0,0,1.99,429,6.06145691892802,"Windows only",0,0,0,1,0,0,0,-0.191000956662677,-0.174609008555128,0.0936365139174693
3797830,14,"Tier2",0,0,2.99,327,5.78996017089725,"Windows only",0,1,1,0,0,0,0,-0.200102891281294,-0.0515775081764219,0.0272910343386091
3798420,7,"Tier1",0,0,4.99,314,5.74939298590825,"Windows only",0,0,1,0,0,0,0,-0.097980093369211,0.0172174383899374,-0.00980705605692289
3798730,6,"Tier1",0,0,11.99,389,5.96357934361845,"Windows only",0,1,1,1,1,0,0,0.325096773641836,-0.125268847109111,0.10484064365824
3799100,851,"Tier3",1,0,4.99,296,5.69035945432406,"Windows only",0,0,0,1,0,0,1,-0.097980093369211,0.0172174383899374,-0.00980705605692289
3800670,11,"Tier2",0,0,4.99,426,6.05443934626937,"Windows only",1,1,0,1,0,0,0,-0.097980093369211,0.0172174383899374,-0.00980705605692289
3801500,3,"Tier1",0,0,14.99,333,5.80814248998044,"Windows + Linux",1,0,0,1,0,0,0,0.392571032510476,-0.160815293725573,0.156651314964725
3801520,19,"Tier2",0,0,8.99,380,5.94017125272043,"Windows only",0,0,1,1,0,1,0,0.200788076739357,-0.0707802778736949,0.0490770781566566
3802110,8,"Tier1",0,0,1.99,422,6.04500531403601,"Windows + macOS + Linux",0,0,0,1,1,0,0,-0.191000956662677,-0.174609008555128,0.0936365139174693
3803040,4,"Tier1",0,0,3.99,305,5.72031177660741,"Windows + macOS + Linux",0,0,1,0,0,0,0,-0.163294420304253,0.0039253576640299,-0.00263922125326072
3803860,2,"Tier1",0,0,9.99,431,6.06610809010375,"Windows only",1,0,0,1,1,0,0,0.251218860272004,-0.0918672356966252,0.068024739758569
3803930,250,"Tier3",1,0,2.99,355,5.87211778947542,"Windows + macOS + Linux",0,0,1,1,0,1,1,-0.200102891281294,-0.0515775081764219,0.0272910343386091
3805690,2,"Tier1",0,0,1.99,415,6.0282785202307,"Windows only",0,1,0,1,0,1,0,-0.191000956662677,-0.174609008555128,0.0936365139174693
3805710,85,"Tier2",0,0,4.99,424,6.04973345523196,"Windows only",0,0,0,1,0,1,0,-0.097980093369211,0.0172174383899374,-0.00980705605692289
3806110,5,"Tier1",0,0,4.99,345,5.84354441703136,"Windows only",1,0,0,0,0,0,0,-0.097980093369211,0.0172174383899374,-0.00980705605692289
3806520,2,"Tier1",0,0,3.99,382,5.94542060860658,"Windows only",0,0,0,0,0,1,0,-0.163294420304253,0.0039253576640299,-0.00263922125326072
3807000,2,"Tier1",0,0,3.99,314,5.74939298590825,"Windows + macOS + Linux",1,1,1,1,0,0,0,-0.163294420304253,0.0039253576640299,-0.00263922125326072
3807080,2,"Tier1",0,0,0.69,430,6.06378520868761,"Windows + macOS",0,0,1,0,0,1,0,-0.0556199771708262,-0.524585021413738,0.282363192391924
3807440,3,"Tier1",0,0,9.99,276,5.62040086571715,"Windows only",0,0,1,1,1,0,0,0.251218860272004,-0.0918672356966252,0.068024739758569
3807550,230,"Tier3",1,0,4.99,402,5.99645208861902,"Windows only",0,0,0,1,1,0,0,-0.097980093369211,0.0172174383899374,-0.00980705605692289
3807790,1,"Tier1",0,0,0.99,395,5.97888576490112,"Windows only",1,0,1,1,0,0,1,-0.10419428022306,-0.415443396766967,0.223507912183871
3808410,2,"Tier1",0,0,5.99,428,6.0591231955818,"Windows only",1,0,0,0,0,0,0,-0.0168287319568234,0.00432550733585602,-0.00254065785494112
3808890,2,"Tier1",0,0,1.99,395,5.97888576490112,"Windows only",0,0,1,1,0,1,0,-0.191000956662677,-0.174609008555128,0.0936365139174693
3809220,7,"Tier1",0,0,6.99,401,5.99396142730657,"Windows only",0,0,1,1,0,1,0,0.0647926208600656,-0.0196821001690604,0.012133851804991
3809740,21,"Tier2",0,0,4.99,296,5.69035945432406,"Windows + Linux",1,0,1,1,0,0,0,-0.097980093369211,0.0172174383899374,-0.00980705605692289
3809950,3,"Tier1",0,0,4.71,310,5.73657229747919,"Windows only",0,0,0,1,0,1,0,-0.118469796998205,0.0167977489361086,-0.00958073598439874
3810010,37,"Tier2",0,0,2.99,435,6.07534603108868,"Windows + macOS",0,0,0,0,0,0,1,-0.200102891281294,-0.0515775081764219,0.0272910343386091
3810990,1,"Tier1",0,0,5.99,374,5.92425579741453,"Windows only",1,1,1,1,0,0,0,-0.0168287319568234,0.00432550733585602,-0.00254065785494112
3812120,1,"Tier1",0,0,4.99,363,5.89440283426485,"Windows only",0,0,1,1,0,1,1,-0.097980093369211,0.0172174383899374,-0.00980705605692289
3812200,20,"Tier2",0,0,5.99,285,5.65248918026865,"Windows + macOS + Linux",0,0,0,0,0,1,1,-0.0168287319568234,0.00432550733585602,-0.00254065785494112
3812230,6,"Tier1",0,0,8.99,439,6.08449941307517,"Windows only",0,1,1,0,0,0,0,0.200788076739357,-0.0707802778736949,0.0490770781566566
3812580,24,"Tier2",0,0,6,355,5.87211778947542,"Windows + Linux",0,0,1,1,1,1,0,-0.0159944987500933,0.0041205985146846,-0.00242134619143458
3813150,1,"Tier1",0,0,4.99,397,5.98393628068719,"Windows only",0,1,0,1,1,0,0,-0.097980093369211,0.0172174383899374,-0.00980705605692289
3813260,13,"Tier2",0,0,2.99,410,6.01615715969835,"Windows only",0,0,0,1,0,0,1,-0.200102891281294,-0.0515775081764219,0.0272910343386091
3813350,209,"Tier3",1,0,27.99,417,6.0330862217988,"Windows only",1,1,0,0,0,0,0,0.454277454569008,-0.23037795728559,0.337737338755611
3814230,5,"Tier1",0,0,2.99,423,6.04737217904628,"Windows only",0,1,0,1,0,0,0,-0.200102891281294,-0.0515775081764219,0.0272910343386091
3814340,230,"Tier3",1,0,17.99,304,5.71702770140622,"Windows only",1,0,0,1,1,0,0,0.429376064752116,-0.185567587009545,0.204263061086857
3814610,1,"Tier1",0,0,2.99,433,6.07073772800249,"Windows only",1,0,0,1,0,0,0,-0.200102891281294,-0.0515775081764219,0.0272910343386091
3814660,1,"Tier1",0,0,3.99,439,6.08449941307517,"Windows only",0,0,1,1,0,0,0,-0.163294420304253,0.0039253576640299,-0.00263922125326072
3814680,193,"Tier3",1,0,12.99,290,5.66988092298052,"Windows only",1,1,0,0,0,0,0,0.352184179054766,-0.138692384061404,0.122585476016817
3815000,28,"Tier2",0,0,6.25,321,5.77144112313002,"Windows + Linux",0,1,0,1,0,1,0,0.004816222258683,-0.0013076797803786,0.000777079265500635
3815050,59,"Tier2",0,0,4.99,401,5.99396142730657,"Windows only",0,1,0,1,0,1,0,-0.097980093369211,0.0172174383899374,-0.00980705605692289
3815120,2,"Tier1",0,0,0.99,430,6.06378520868761,"Windows only",0,1,0,1,0,1,0,-0.10419428022306,-0.415443396766967,0.223507912183871
3815170,12,"Tier2",0,0,17.99,304,5.71702770140622,"Windows only",0,0,0,1,0,1,0,0.429376064752116,-0.185567587009545,0.204263061086857
3815750,455,"Tier3",1,0,9.99,317,5.75890177387728,"Windows only",1,1,1,1,0,0,1,0.251218860272004,-0.0918672356966252,0.068024739758569
3816450,141,"Tier3",1,0,13.99,262,5.5683445037611,"Windows only",0,1,0,0,0,0,0,0.374378963846971,-0.15044831662319,0.139856650607732
3816550,54,"Tier2",0,0,5.99,385,5.95324333428778,"Windows only",0,1,1,1,0,0,0,-0.0168287319568234,0.00432550733585602,-0.00254065785494112
3816700,554,"Tier3",1,0,4.99,419,6.03787091992214,"Windows only",0,0,0,1,0,0,0,-0.097980093369211,0.0172174383899374,-0.00980705605692289
3816720,28,"Tier2",0,0,18.99,268,5.59098698051086,"Windows only",0,1,1,1,0,0,0,0.43720965676205,-0.192182946818671,0.219257388142993
3817040,23,"Tier2",0,0,14.99,286,5.65599181081985,"Windows + Linux",1,1,1,1,0,0,0,0.392571032510476,-0.160815293725573,0.156651314964725
3817720,13,"Tier2",0,0,4.99,410,6.01615715969835,"Windows only",1,0,0,1,0,0,0,-0.097980093369211,0.0172174383899374,-0.00980705605692289
3817790,1,"Tier1",0,0,4.99,413,6.02344759296103,"Windows only",1,1,0,1,0,0,0,-0.097980093369211,0.0172174383899374,-0.00980705605692289
3817910,26,"Tier2",0,0,1.99,430,6.06378520868761,"Windows only",1,0,1,1,0,0,0,-0.191000956662677,-0.174609008555128,0.0936365139174693
3817930,1,"Tier1",0,0,2.99,424,6.04973345523196,"Windows + macOS + Linux",0,1,1,1,0,0,0,-0.200102891281294,-0.0515775081764219,0.0272910343386091
3819120,27,"Tier2",0,0,6.99,415,6.0282785202307,"Windows only",0,1,1,1,0,1,0,0.0647926208600656,-0.0196821001690604,0.012133851804991
3819850,1,"Tier1",0,0,1.99,324,5.78074351579233,"Windows only",0,0,0,1,0,0,0,-0.191000956662677,-0.174609008555128,0.0936365139174693
3820130,366,"Tier3",1,0,2.99,318,5.76205138278018,"Windows only",0,0,1,1,0,1,0,-0.200102891281294,-0.0515775081764219,0.0272910343386091
3820330,10,"Tier2",0,0,3.33,434,6.07304453410041,"Windows + macOS",1,0,1,1,0,0,0,-0.191655749767377,-0.0267276600192237,0.0138906036490999
3820830,2,"Tier1",0,0,1.99,435,6.07534603108868,"Windows only",0,0,1,1,0,0,0,-0.191000956662677,-0.174609008555128,0.0936365139174693
3821190,1,"Tier1",0,0,1.99,397,5.98393628068719,"Windows only",1,0,0,1,0,0,0,-0.191000956662677,-0.174609008555128,0.0936365139174693
3821900,4,"Tier1",0,0,3.99,362,5.89164421182577,"Windows only",1,0,1,1,0,0,0,-0.163294420304253,0.0039253576640299,-0.00263922125326072
3822100,2,"Tier1",0,0,1.99,291,5.67332326717149,"Windows only",1,0,0,1,0,0,0,-0.191000956662677,-0.174609008555128,0.0936365139174693
3822580,2,"Tier1",0,0,4.99,389,5.96357934361845,"Windows only",0,1,1,1,1,0,0,-0.097980093369211,0.0172174383899374,-0.00980705605692289
3822620,16,"Tier2",0,0,4.99,436,6.07764224334903,"Windows only",0,1,0,1,1,0,0,-0.097980093369211,0.0172174383899374,-0.00980705605692289
3822720,11,"Tier2",0,0,4.99,289,5.66642668811243,"Windows only",1,0,1,1,0,0,0,-0.097980093369211,0.0172174383899374,-0.00980705605692289
3822840,4,"Tier1",0,0,7.99,415,6.0282785202307,"Windows only",0,0,1,1,0,1,1,0.138467671971053,-0.0461391003521592,0.0300758282519593
3823130,185,"Tier3",1,0,4.99,388,5.96100533962327,"Windows only",0,0,0,1,0,1,0,-0.097980093369211,0.0172174383899374,-0.00980705605692289
3823150,1,"Tier1",0,0,2.99,395,5.97888576490112,"Windows only",1,1,1,1,0,0,1,-0.200102891281294,-0.0515775081764219,0.0272910343386091
3823430,25,"Tier2",0,0,9.99,304,5.71702770140622,"Windows only",0,0,1,1,1,0,1,0.251218860272004,-0.0918672356966252,0.068024739758569
3823490,105,"Tier3",1,0,11.99,405,6.00388706710654,"Windows only",0,0,0,0,0,0,0,0.325096773641836,-0.125268847109111,0.10484064365824
3824770,1,"Tier1",0,0,4.99,424,6.04973345523196,"Windows only",0,1,0,1,0,0,0,-0.097980093369211,0.0172174383899374,-0.00980705605692289
3825510,6,"Tier1",0,0,8,278,5.62762111369064,"Windows only",1,1,0,0,1,0,0,0.139150244516929,-0.0463993005113971,0.0302632367011776
3826460,1,"Tier1",0,0,1.99,398,5.98645200528444,"Windows only",0,1,1,1,0,0,0,-0.191000956662677,-0.174609008555128,0.0936365139174693
3826650,1,"Tier1",0,0,1.99,424,6.04973345523196,"Windows only",0,0,1,1,0,0,0,-0.191000956662677,-0.174609008555128,0.0936365139174693
3827560,9,"Tier1",0,0,8.99,430,6.06378520868761,"Windows only",0,0,0,0,1,0,0,0.200788076739357,-0.0707802778736949,0.0490770781566566
3828290,1,"Tier1",0,0,1.99,429,6.06145691892802,"Windows only",0,0,0,0,0,0,1,-0.191000956662677,-0.174609008555128,0.0936365139174693
3828490,1,"Tier1",0,0,3.99,425,6.05208916892442,"Windows only",0,0,1,1,0,0,1,-0.163294420304253,0.0039253576640299,-0.00263922125326072
3828730,2,"Tier1",0,0,5.99,430,6.06378520868761,"Windows only",1,1,0,1,0,1,0,-0.0168287319568234,0.00432550733585602,-0.00254065785494112
3828830,1,"Tier1",0,0,3.99,312,5.74300318780948,"Windows only",0,1,0,1,0,1,0,-0.163294420304253,0.0039253576640299,-0.00263922125326072
3829040,2,"Tier1",0,0,2.99,382,5.94542060860658,"Windows only",0,1,0,1,0,1,1,-0.200102891281294,-0.0515775081764219,0.0272910343386091
3829350,12,"Tier2",0,0,1.99,320,5.76832099579377,"Windows only",0,0,0,1,0,0,1,-0.191000956662677,-0.174609008555128,0.0936365139174693
3829440,3,"Tier1",0,0,9.99,306,5.72358510195238,"Windows only",1,0,0,1,0,0,0,0.251218860272004,-0.0918672356966252,0.068024739758569
3829570,74,"Tier2",0,0,2.99,389,5.96357934361845,"Windows only",1,1,0,1,0,0,0,-0.200102891281294,-0.0515775081764219,0.0272910343386091
3829880,47,"Tier2",0,0,14.99,373,5.92157841964382,"Windows only",1,1,0,1,0,0,0,0.392571032510476,-0.160815293725573,0.156651314964725
3830150,31,"Tier2",0,0,4.99,355,5.87211778947542,"Windows only",0,1,0,1,0,0,0,-0.097980093369211,0.0172174383899374,-0.00980705605692289
3830430,1,"Tier1",0,0,4.99,423,6.04737217904628,"Windows only",1,0,0,1,0,0,0,-0.097980093369211,0.0172174383899374,-0.00980705605692289
3830530,1,"Tier1",0,0,0.99,428,6.0591231955818,"Windows only",0,0,1,0,0,0,0,-0.10419428022306,-0.415443396766967,0.223507912183871
3830610,3,"Tier1",0,0,9.99,260,5.56068163101553,"Windows only",0,1,0,1,1,0,0,0.251218860272004,-0.0918672356966252,0.068024739758569
3831090,2,"Tier1",0,0,6.99,427,6.05678401322862,"Windows only",0,0,1,1,0,1,0,0.0647926208600656,-0.0196821001690604,0.012133851804991
3831120,5390,"Tier4",1,0,14.99,298,5.6970934865054,"Windows + macOS + Linux",0,0,0,0,1,1,1,0.392571032510476,-0.160815293725573,0.156651314964725
3831510,12,"Tier2",0,0,0.99,408,6.01126717440416,"Windows + macOS + Linux",0,0,0,1,0,0,0,-0.10419428022306,-0.415443396766967,0.223507912183871
3831660,148,"Tier3",1,0,2.99,389,5.96357934361845,"Windows only",0,1,0,1,0,0,0,-0.200102891281294,-0.0515775081764219,0.0272910343386091
3832000,17,"Tier2",0,0,0.99,422,6.04500531403601,"Windows only",0,0,1,0,0,0,0,-0.10419428022306,-0.415443396766967,0.223507912183871
3832240,3,"Tier1",0,0,0.99,410,6.01615715969835,"Windows only",1,0,0,1,0,0,0,-0.10419428022306,-0.415443396766967,0.223507912183871
3832360,4,"Tier1",0,0,1.99,339,5.82600010738045,"Windows + macOS",0,0,1,0,0,1,0,-0.191000956662677,-0.174609008555128,0.0936365139174693
3832470,6,"Tier1",0,0,4.99,310,5.73657229747919,"Windows only",0,0,0,0,0,0,1,-0.097980093369211,0.0172174383899374,-0.00980705605692289
3832630,1,"Tier1",0,1,0,410,6.01615715969835,"Windows + macOS",1,0,1,1,0,0,0,0,0,0
3833100,33,"Tier2",0,0,2.99,426,6.05443934626937,"Windows only",0,0,0,1,0,1,0,-0.200102891281294,-0.0515775081764219,0.0272910343386091
3834740,35,"Tier2",0,0,1.99,314,5.74939298590825,"Windows only",0,0,1,0,0,0,0,-0.191000956662677,-0.174609008555128,0.0936365139174693
3835960,4,"Tier1",0,0,3.99,415,6.0282785202307,"Windows + macOS",0,0,0,1,0,1,1,-0.163294420304253,0.0039253576640299,-0.00263922125326072
3836440,16,"Tier2",0,0,4.99,352,5.8636311755981,"Windows only",1,1,0,0,0,0,0,-0.097980093369211,0.0172174383899374,-0.00980705605692289
3837030,4,"Tier1",0,0,0.99,328,5.79301360838414,"Windows only",1,1,0,1,0,0,0,-0.10419428022306,-0.415443396766967,0.223507912183871
3837080,3,"Tier1",0,0,5.99,401,5.99396142730657,"Windows only",0,1,0,1,1,0,1,-0.0168287319568234,0.00432550733585602,-0.00254065785494112
3837210,9,"Tier1",0,0,9.99,280,5.63478960316925,"Windows only",0,0,0,1,0,0,1,0.251218860272004,-0.0918672356966252,0.068024739758569
3837230,9,"Tier1",0,0,9.99,342,5.8348107370626,"Windows + Linux",1,1,0,1,1,0,0,0.251218860272004,-0.0918672356966252,0.068024739758569
3837300,6,"Tier1",0,0,2.99,403,5.99893656194668,"Windows only",1,0,1,1,0,0,0,-0.200102891281294,-0.0515775081764219,0.0272910343386091
3837380,152,"Tier3",1,0,16.24,311,5.73979291217923,"Windows only",1,1,0,0,0,0,0,0.410724476901355,-0.172150818245816,0.176984536140182
3838140,5,"Tier1",0,0,0.99,367,5.90536184805457,"Windows only",1,0,1,1,0,1,0,-0.10419428022306,-0.415443396766967,0.223507912183871
3838270,2,"Tier1",0,0,2.99,317,5.75890177387728,"Windows only",1,1,0,1,0,0,0,-0.200102891281294,-0.0515775081764219,0.0272910343386091
3838660,4,"Tier1",0,0,9.99,343,5.83773044716594,"Windows only",0,1,0,0,0,0,0,0.251218860272004,-0.0918672356966252,0.068024739758569
3838900,2,"Tier1",0,0,4.99,409,6.0137151560428,"Windows only",0,0,1,1,0,0,1,-0.097980093369211,0.0172174383899374,-0.00980705605692289
3839590,7,"Tier1",0,0,1.99,419,6.03787091992214,"Windows only",1,1,0,0,1,1,0,-0.191000956662677,-0.174609008555128,0.0936365139174693
3840250,6,"Tier1",0,0,2.99,267,5.58724865840025,"Windows + macOS",0,1,0,1,1,1,0,-0.200102891281294,-0.0515775081764219,0.0272910343386091
3840600,3,"Tier1",0,0,2.99,394,5.97635090929793,"Windows only",0,0,1,1,0,0,0,-0.200102891281294,-0.0515775081764219,0.0272910343386091
3841040,73,"Tier2",0,0,12.99,338,5.82304589548302,"Windows only",0,1,0,0,1,0,1,0.352184179054766,-0.138692384061404,0.122585476016817
3841160,5,"Tier1",0,0,0.99,384,5.95064255258773,"Windows only",0,0,0,1,1,1,1,-0.10419428022306,-0.415443396766967,0.223507912183871
3841220,82,"Tier2",0,0,7.99,320,5.76832099579377,"Windows only",0,1,1,1,0,1,0,0.138467671971053,-0.0461391003521592,0.0300758282519593
3841340,4,"Tier1",0,0,9.99,304,5.71702770140622,"Windows + macOS + Linux",0,0,0,0,1,0,0,0.251218860272004,-0.0918672356966252,0.068024739758569
3842370,1,"Tier1",0,0,4.99,307,5.7268477475872,"Windows only",0,1,1,0,0,0,0,-0.097980093369211,0.0172174383899374,-0.00980705605692289
3842380,8,"Tier1",0,0,2.99,409,6.0137151560428,"Windows only",0,0,0,1,0,0,0,-0.200102891281294,-0.0515775081764219,0.0272910343386091
3842700,5,"Tier1",0,0,7.99,368,5.90808293816893,"Windows only",0,0,0,1,0,0,0,0.138467671971053,-0.0461391003521592,0.0300758282519593
3842770,1,"Tier1",0,0,2.99,319,5.76519110278484,"Windows only",1,1,1,1,1,1,1,-0.200102891281294,-0.0515775081764219,0.0272910343386091
3843520,356,"Tier3",1,0,6.69,277,5.62401750618734,"Windows only",0,0,0,0,1,0,0,0.0408895952426628,-0.0119420996711584,0.00724935384997766
3843530,127,"Tier3",1,0,6.69,397,5.98393628068719,"Windows only",1,0,0,0,1,0,0,0.0408895952426628,-0.0119420996711584,0.00724935384997766
3843570,15,"Tier2",0,0,5.99,362,5.89164421182577,"Windows only",0,0,0,0,0,1,1,-0.0168287319568234,0.00432550733585602,-0.00254065785494112
3843730,2,"Tier1",0,0,1.99,422,6.04500531403601,"Windows only",0,0,0,0,0,0,0,-0.191000956662677,-0.174609008555128,0.0936365139174693
3844180,11,"Tier2",0,0,23.99,343,5.83773044716594,"Windows only",1,0,0,0,0,0,0,0.455474756915512,-0.217085698098563,0.288418503969787
3844490,3,"Tier1",0,0,3.99,262,5.5683445037611,"Windows only",1,1,0,1,0,0,0,-0.163294420304253,0.0039253576640299,-0.00263922125326072
3844910,1,"Tier1",0,0,6.99,338,5.82304589548302,"Windows only",1,1,1,1,0,0,0,0.0647926208600656,-0.0196821001690604,0.012133851804991
3845440,48,"Tier2",0,0,9.99,363,5.89440283426485,"Windows only",1,1,0,0,0,0,0,0.251218860272004,-0.0918672356966252,0.068024739758569
3845600,309,"Tier3",1,0,5.99,324,5.78074351579233,"Windows only",0,0,0,0,0,1,0,-0.0168287319568234,0.00432550733585602,-0.00254065785494112
3845720,1,"Tier1",0,0,1.99,412,6.02102334934953,"Windows only",0,0,0,1,1,0,0,-0.191000956662677,-0.174609008555128,0.0936365139174693
3846020,6,"Tier1",0,0,1.99,404,6.00141487796115,"Windows only",0,1,1,1,1,0,0,-0.191000956662677,-0.174609008555128,0.0936365139174693
3846030,47,"Tier2",0,0,10.99,381,5.9427993751267,"Windows only",1,1,0,0,0,0,0,0.291956005597191,-0.109818110275501,0.0866397974300799
3846450,3,"Tier1",0,0,1.99,347,5.84932477994686,"Windows only",0,0,1,1,0,0,0,-0.191000956662677,-0.174609008555128,0.0936365139174693
3846730,1,"Tier1",0,0,0.99,368,5.90808293816893,"Windows only",0,0,1,0,0,0,0,-0.10419428022306,-0.415443396766967,0.223507912183871
3846760,1,"Tier1",0,0,2.99,409,6.0137151560428,"Windows + macOS",1,0,1,1,0,1,0,-0.200102891281294,-0.0515775081764219,0.0272910343386091
3847210,2,"Tier1",0,0,1.99,415,6.0282785202307,"Windows only",1,1,0,1,0,0,0,-0.191000956662677,-0.174609008555128,0.0936365139174693
3848270,2,"Tier1",0,0,1.99,418,6.03548143252476,"Windows only",0,0,1,1,0,1,0,-0.191000956662677,-0.174609008555128,0.0936365139174693
3848510,32,"Tier2",0,0,1.99,406,6.00635315960173,"Windows only",0,0,1,0,0,0,0,-0.191000956662677,-0.174609008555128,0.0936365139174693
3848580,7,"Tier1",0,0,4.99,418,6.03548143252476,"Windows only",0,0,1,1,0,1,0,-0.097980093369211,0.0172174383899374,-0.00980705605692289
3848660,12,"Tier2",0,0,4.99,381,5.9427993751267,"Windows + macOS + Linux",1,1,0,1,1,0,0,-0.097980093369211,0.0172174383899374,-0.00980705605692289
3849010,1,"Tier1",0,0,4.99,309,5.73334127689775,"Windows + macOS",1,0,1,0,0,0,1,-0.097980093369211,0.0172174383899374,-0.00980705605692289
3850520,102,"Tier3",1,0,1.99,423,6.04737217904628,"Windows only",0,1,1,0,0,0,0,-0.191000956662677,-0.174609008555128,0.0936365139174693
3851370,4,"Tier1",0,0,8.99,418,6.03548143252476,"Windows only",0,1,1,0,0,0,0,0.200788076739357,-0.0707802778736949,0.0490770781566566
3851630,1,"Tier1",0,0,4.99,322,5.77455154554441,"Windows only",0,0,1,1,0,0,0,-0.097980093369211,0.0172174383899374,-0.00980705605692289
3851750,1,"Tier1",0,0,9.99,325,5.78382518232974,"Windows only",0,1,0,0,0,0,0,0.251218860272004,-0.0918672356966252,0.068024739758569
3852000,9,"Tier1",0,0,4.99,349,5.85507192220243,"Windows only",1,1,0,0,0,1,0,-0.097980093369211,0.0172174383899374,-0.00980705605692289
3852180,2,"Tier1",0,0,14.99,334,5.8111409929767,"Windows only",0,1,0,1,0,0,1,0.392571032510476,-0.160815293725573,0.156651314964725
3852230,12,"Tier2",0,0,5.99,289,5.66642668811243,"Windows only",0,1,1,0,1,0,0,-0.0168287319568234,0.00432550733585602,-0.00254065785494112
3852930,3,"Tier1",0,0,8.99,409,6.0137151560428,"Windows only",0,0,0,1,0,1,0,0.200788076739357,-0.0707802778736949,0.0490770781566566
3853070,10,"Tier2",0,0,5.99,320,5.76832099579377,"Windows only",1,0,0,1,0,0,0,-0.0168287319568234,0.00432550733585602,-0.00254065785494112
3853330,33,"Tier2",0,0,6.99,300,5.7037824746562,"Windows + macOS",0,0,1,1,0,0,0,0.0647926208600656,-0.0196821001690604,0.012133851804991
3853500,5,"Tier1",0,0,1.5,418,6.03548143252476,"Windows + Linux",0,1,0,1,1,0,0,-0.160974191123708,-0.273089609042784,0.146742772464719
3853780,3,"Tier1",0,0,9.99,381,5.9427993751267,"Windows only",0,1,1,0,0,0,0,0.251218860272004,-0.0918672356966252,0.068024739758569
3853960,2,"Tier1",0,0,59.99,414,6.02586597382531,"Windows + macOS",0,0,1,1,0,1,1,0.316101042402829,-0.2645737658743,0.617684848935362
3854020,73,"Tier2",0,0,4.99,362,5.89164421182577,"Windows only",0,1,1,1,0,1,0,-0.097980093369211,0.0172174383899374,-0.00980705605692289
3854060,76,"Tier2",0,0,9.99,257,5.54907608489522,"Windows + Linux",1,1,0,1,0,0,0,0.251218860272004,-0.0918672356966252,0.068024739758569
3854270,12,"Tier2",0,0,6.99,347,5.84932477994686,"Windows only",1,0,0,0,0,0,0,0.0647926208600656,-0.0196821001690604,0.012133851804991
3854330,387,"Tier3",1,0,4.99,310,5.73657229747919,"Windows only",0,1,1,1,0,1,0,-0.097980093369211,0.0172174383899374,-0.00980705605692289
3854340,1,"Tier1",0,0,0.99,417,6.0330862217988,"Windows only",1,0,0,1,0,0,0,-0.10419428022306,-0.415443396766967,0.223507912183871
3854410,54,"Tier2",0,0,4.99,373,5.92157841964382,"Windows only",0,1,0,1,0,0,0,-0.097980093369211,0.0172174383899374,-0.00980705605692289
3854760,3,"Tier1",0,0,4.99,380,5.94017125272043,"Windows only",0,1,0,1,0,0,0,-0.097980093369211,0.0172174383899374,-0.00980705605692289
3854990,2,"Tier1",0,0,1.99,289,5.66642668811243,"Windows only",1,0,1,1,0,0,0,-0.191000956662677,-0.174609008555128,0.0936365139174693
3855620,10,"Tier2",0,0,2.99,379,5.93753620508243,"Windows only",1,0,0,0,0,1,0,-0.200102891281294,-0.0515775081764219,0.0272910343386091
3856010,1,"Tier1",0,0,6.99,412,6.02102334934953,"Windows only",0,1,0,1,1,0,0,0.0647926208600656,-0.0196821001690604,0.012133851804991
3857170,1,"Tier1",0,0,1.99,418,6.03548143252476,"Windows only",0,0,0,1,0,1,0,-0.191000956662677,-0.174609008555128,0.0936365139174693
3857770,136,"Tier3",1,0,1.99,419,6.03787091992214,"Windows only",1,1,1,1,0,0,0,-0.191000956662677,-0.174609008555128,0.0936365139174693
3857980,22,"Tier2",0,0,3.99,306,5.72358510195238,"Windows only",0,1,0,1,0,1,0,-0.163294420304253,0.0039253576640299,-0.00263922125326072
3858850,83,"Tier2",0,0,3.24,363,5.89440283426485,"Windows only",1,0,1,1,0,1,1,-0.194349305769459,-0.0326342082078781,0.0170757454300722
3860020,1,"Tier1",0,0,0.99,416,6.03068526026126,"Windows only",0,1,1,1,0,0,0,-0.10419428022306,-0.415443396766967,0.223507912183871
3860040,4,"Tier1",0,0,14.99,392,5.97126183979046,"Windows only",0,1,1,0,0,1,0,0.392571032510476,-0.160815293725573,0.156651314964725
3860080,27,"Tier2",0,0,0.99,419,6.03787091992214,"Windows only",0,1,1,1,0,0,0,-0.10419428022306,-0.415443396766967,0.223507912183871
3860440,19,"Tier2",0,0,6.79,314,5.74939298590825,"Windows only",0,0,1,1,0,1,0,0.0489315125816412,-0.0144908335076314,0.00884129336882816
3861060,3,"Tier1",0,0,2.99,417,6.0330862217988,"Windows only",0,0,1,1,0,0,0,-0.200102891281294,-0.0515775081764219,0.0272910343386091
3861140,7,"Tier1",0,0,5.99,297,5.6937321388027,"Windows only",1,0,1,1,1,1,0,-0.0168287319568234,0.00432550733585602,-0.00254065785494112
3861560,3,"Tier1",0,0,3.99,381,5.9427993751267,"Windows only",0,0,1,1,0,0,0,-0.163294420304253,0.0039253576640299,-0.00263922125326072
3861720,1,"Tier1",0,0,6.99,353,5.8664680569333,"Windows + macOS",1,1,1,1,0,0,0,0.0647926208600656,-0.0196821001690604,0.012133851804991
3861930,1,"Tier1",0,0,6.99,397,5.98393628068719,"Windows only",0,0,0,1,0,0,0,0.0647926208600656,-0.0196821001690604,0.012133851804991
3862060,2,"Tier1",0,0,0.99,359,5.88332238848828,"Windows only",0,0,1,1,0,0,0,-0.10419428022306,-0.415443396766967,0.223507912183871
3862620,1,"Tier1",0,0,2.99,411,6.01859321449623,"Windows only",0,1,1,0,1,0,0,-0.200102891281294,-0.0515775081764219,0.0272910343386091
3862710,1,"Tier1",0,0,6.99,327,5.78996017089725,"Windows only",0,0,0,0,1,0,0,0.0647926208600656,-0.0196821001690604,0.012133851804991
3863120,2,"Tier1",0,0,6.99,261,5.56452040732269,"Windows only",1,1,0,0,1,0,0,0.0647926208600656,-0.0196821001690604,0.012133851804991
3863220,5,"Tier1",0,0,4.99,403,5.99893656194668,"Windows + macOS",1,1,1,1,0,0,0,-0.097980093369211,0.0172174383899374,-0.00980705605692289
3863340,47,"Tier2",0,0,9.99,317,5.75890177387728,"Windows only",1,1,0,1,0,1,1,0.251218860272004,-0.0918672356966252,0.068024739758569
3863590,43,"Tier2",0,0,5.99,429,6.06145691892802,"Windows only",1,1,0,0,1,0,0,-0.0168287319568234,0.00432550733585602,-0.00254065785494112
3863990,1,"Tier1",0,0,0.99,401,5.99396142730657,"Windows only",1,0,0,1,0,0,0,-0.10419428022306,-0.415443396766967,0.223507912183871
3864010,50,"Tier2",0,0,6.49,353,5.8664680569333,"Windows only",1,0,0,0,0,0,0,0.0246142007994218,-0.00697247060533523,0.00419086329222457
3864070,4,"Tier1",0,0,4.99,402,5.99645208861902,"Windows only",0,0,1,1,0,0,0,-0.097980093369211,0.0172174383899374,-0.00980705605692289
3865340,61,"Tier2",0,0,7.99,312,5.74300318780948,"Windows only",1,1,0,1,0,0,0,0.138467671971053,-0.0461391003521592,0.0300758282519593
3865990,1,"Tier1",0,0,4.99,332,5.80513496891649,"Windows only",0,1,1,1,0,0,0,-0.097980093369211,0.0172174383899374,-0.00980705605692289
3866620,5,"Tier1",0,0,4.99,324,5.78074351579233,"Windows only",1,1,1,1,1,0,0,-0.097980093369211,0.0172174383899374,-0.00980705605692289
3867530,3,"Tier1",0,0,1.99,394,5.97635090929793,"Windows only",0,1,1,1,0,0,0,-0.191000956662677,-0.174609008555128,0.0936365139174693
3868390,2,"Tier1",0,0,0.99,410,6.01615715969835,"Windows only",0,0,1,0,0,0,0,-0.10419428022306,-0.415443396766967,0.223507912183871
3868480,6,"Tier1",0,0,4.99,409,6.0137151560428,"Windows only",0,0,0,1,0,0,0,-0.097980093369211,0.0172174383899374,-0.00980705605692289
3868490,30,"Tier2",0,0,4.99,326,5.78689738136671,"Windows only",0,0,0,1,1,0,1,-0.097980093369211,0.0172174383899374,-0.00980705605692289
3868610,29,"Tier2",0,0,1.85,318,5.76205138278018,"Windows only",0,0,0,1,0,0,0,-0.184506626017977,-0.199585376057647,0.107105170928006
3868630,85,"Tier2",0,0,4.99,303,5.71373280550937,"Windows + Linux",1,1,1,1,0,1,0,-0.097980093369211,0.0172174383899374,-0.00980705605692289
3869100,2,"Tier1",0,0,5.99,263,5.57215403217776,"Windows + macOS + Linux",1,1,0,1,0,1,0,-0.0168287319568234,0.00432550733585602,-0.00254065785494112
3869160,2,"Tier1",0,0,1.99,398,5.98645200528444,"Windows only",1,0,0,1,0,0,0,-0.191000956662677,-0.174609008555128,0.0936365139174693
3869380,19,"Tier2",0,0,2.99,405,6.00388706710654,"Windows only",1,1,1,1,0,0,0,-0.200102891281294,-0.0515775081764219,0.0272910343386091
3869460,14,"Tier2",0,0,4.99,314,5.74939298590825,"Windows only",0,0,1,1,0,0,0,-0.097980093369211,0.0172174383899374,-0.00980705605692289
3869480,3,"Tier1",0,0,5.99,272,5.605802066296,"Windows only",1,0,0,1,1,0,1,-0.0168287319568234,0.00432550733585602,-0.00254065785494112
3869490,3,"Tier1",0,0,0.99,377,5.93224518744801,"Windows only",1,1,0,1,0,0,0,-0.10419428022306,-0.415443396766967,0.223507912183871
3870020,38,"Tier2",0,0,9.99,289,5.66642668811243,"Windows only",1,1,0,1,0,1,0,0.251218860272004,-0.0918672356966252,0.068024739758569
3870210,6,"Tier1",0,0,1.99,414,6.02586597382531,"Windows only",1,0,1,1,0,0,0,-0.191000956662677,-0.174609008555128,0.0936365139174693
3870780,4,"Tier1",0,0,14.99,286,5.65599181081985,"Windows only",1,0,0,0,0,0,0,0.392571032510476,-0.160815293725573,0.156651314964725
3870960,14,"Tier2",0,0,9.99,313,5.74620319054015,"Windows + Linux",0,0,1,1,0,0,0,0.251218860272004,-0.0918672356966252,0.068024739758569
3871150,13,"Tier2",0,0,4.99,326,5.78689738136671,"Windows only",1,1,1,0,0,0,0,-0.097980093369211,0.0172174383899374,-0.00980705605692289
3871180,7,"Tier1",0,0,15.99,267,5.58724865840025,"Windows + macOS + Linux",1,0,1,0,0,0,1,0.407453927750679,-0.170012810338467,0.172975657991158
3871250,26,"Tier2",0,0,7.99,268,5.59098698051086,"Windows only",0,1,1,1,0,1,0,0.138467671971053,-0.0461391003521592,0.0300758282519593
3871740,13,"Tier2",0,1,0,408,6.01126717440416,"Windows only",1,0,0,1,0,0,0,0,0,0
3873550,3,"Tier1",0,0,6.99,345,5.84354441703136,"Windows only",1,0,0,1,0,0,0,0.0647926208600656,-0.0196821001690604,0.012133851804991
3874050,63,"Tier2",0,0,4.99,361,5.88887795833288,"Windows + macOS",0,0,1,1,0,0,0,-0.097980093369211,0.0172174383899374,-0.00980705605692289
3874490,40,"Tier2",0,0,9.99,307,5.7268477475872,"Windows only",1,0,1,1,0,0,0,0.251218860272004,-0.0918672356966252,0.068024739758569
3874510,7,"Tier1",0,0,3.99,387,5.95842469302978,"Windows only",0,0,1,1,0,0,1,-0.163294420304253,0.0039253576640299,-0.00263922125326072
3874950,440,"Tier3",1,0,1.99,299,5.70044357339069,"Windows only",0,0,1,0,0,0,0,-0.191000956662677,-0.174609008555128,0.0936365139174693
3875320,1,"Tier1",0,0,1.99,353,5.8664680569333,"Windows + macOS + Linux",1,0,0,1,0,0,0,-0.191000956662677,-0.174609008555128,0.0936365139174693
3876030,5,"Tier1",0,0,2.99,308,5.73009978297357,"Windows only",1,1,0,0,0,0,0,-0.200102891281294,-0.0515775081764219,0.0272910343386091
3876670,21,"Tier2",0,0,0.99,387,5.95842469302978,"Windows only",0,0,1,1,0,0,0,-0.10419428022306,-0.415443396766967,0.223507912183871
3876700,3,"Tier1",0,0,4.99,409,6.0137151560428,"Windows only",0,0,1,1,0,0,0,-0.097980093369211,0.0172174383899374,-0.00980705605692289
3876870,3,"Tier1",0,0,7.99,407,6.00881318544259,"Windows only",1,0,0,1,0,0,0,0.138467671971053,-0.0461391003521592,0.0300758282519593
3877150,1,"Tier1",0,0,0.99,405,6.00388706710654,"Windows only",0,0,1,1,0,0,0,-0.10419428022306,-0.415443396766967,0.223507912183871
3877280,1,"Tier1",0,0,0.99,405,6.00388706710654,"Windows only",0,0,1,1,0,0,0,-0.10419428022306,-0.415443396766967,0.223507912183871
3877400,1,"Tier1",0,0,0.99,381,5.9427993751267,"Windows + macOS",0,1,1,1,0,1,0,-0.10419428022306,-0.415443396766967,0.223507912183871
3877580,9,"Tier1",0,0,0.99,406,6.00635315960173,"Windows only",1,1,0,1,0,0,0,-0.10419428022306,-0.415443396766967,0.223507912183871
3877790,204,"Tier3",1,0,19.99,293,5.68017260901707,"Windows only",0,1,0,0,1,0,1,0.443367319783897,-0.198158365479033,0.23384151956249
3878240,1,"Tier1",0,0,0.99,311,5.73979291217923,"Windows only",1,1,0,1,1,0,0,-0.10419428022306,-0.415443396766967,0.223507912183871
3878510,2,"Tier1",0,0,1.99,374,5.92425579741453,"Windows only",0,0,0,0,1,0,0,-0.191000956662677,-0.174609008555128,0.0936365139174693
3879000,3,"Tier1",0,0,4.99,298,5.6970934865054,"Windows only",1,0,0,1,0,0,0,-0.097980093369211,0.0172174383899374,-0.00980705605692289
3879060,48,"Tier2",0,0,5.99,393,5.97380961186926,"Windows only",1,0,0,1,0,0,0,-0.0168287319568234,0.00432550733585602,-0.00254065785494112
3879250,7,"Tier1",0,0,0.99,394,5.97635090929793,"Windows only",0,0,1,1,0,0,0,-0.10419428022306,-0.415443396766967,0.223507912183871
3879670,26,"Tier2",0,0,1.99,359,5.88332238848828,"Windows only",0,0,1,1,0,0,0,-0.191000956662677,-0.174609008555128,0.0936365139174693
3879810,4,"Tier1",0,0,29.99,320,5.76832099579377,"Windows only",0,0,1,1,0,1,0,0.450508679108406,-0.235558822620563,0.360701542701817
3880060,1,"Tier1",0,0,3.99,319,5.76519110278484,"Windows only",1,0,0,1,0,0,0,-0.163294420304253,0.0039253576640299,-0.00263922125326072
3880170,2,"Tier1",0,0,5.81,397,5.98393628068719,"Windows only",0,1,0,1,0,0,0,-0.0318395403191891,0.00782443176197445,-0.0045614167642497
3880210,3,"Tier1",0,0,3.99,391,5.96870755998537,"Windows only",1,0,0,1,0,1,0,-0.163294420304253,0.0039253576640299,-0.00263922125326072
3880220,19,"Tier2",0,0,1.79,375,5.92692602597041,"Windows only",1,1,0,1,0,0,0,-0.181240127540821,-0.211017273023111,0.113269890405011
3880670,2,"Tier1",0,0,0.99,404,6.00141487796115,"Windows only",0,0,0,0,0,0,1,-0.10419428022306,-0.415443396766967,0.223507912183871
3882020,132,"Tier3",1,0,19.99,326,5.78689738136671,"Windows + macOS",0,1,0,1,1,0,1,0.443367319783897,-0.198158365479033,0.23384151956249
3882340,1,"Tier1",0,0,2.99,360,5.88610403145016,"Windows only",1,0,0,1,0,0,0,-0.200102891281294,-0.0515775081764219,0.0272910343386091
3882570,7,"Tier1",0,0,0.99,405,6.00388706710654,"Windows only",1,1,0,1,0,0,0,-0.10419428022306,-0.415443396766967,0.223507912183871
3882730,20,"Tier2",0,1,0,290,5.66988092298052,"Windows only",0,0,0,1,1,1,1,0,0,0
3882780,12,"Tier2",0,0,4.99,272,5.605802066296,"Windows + macOS + Linux",1,0,0,0,0,0,0,-0.097980093369211,0.0172174383899374,-0.00980705605692289
3882860,1,"Tier1",0,0,4.99,348,5.85220247977447,"Windows only",1,1,0,1,0,1,0,-0.097980093369211,0.0172174383899374,-0.00980705605692289
3883520,15,"Tier2",0,0,0.99,394,5.97635090929793,"Windows only",0,0,1,1,0,1,0,-0.10419428022306,-0.415443396766967,0.223507912183871
3883560,8,"Tier1",0,0,1.99,361,5.88887795833288,"Windows only",0,1,0,1,0,0,0,-0.191000956662677,-0.174609008555128,0.0936365139174693
3883760,114,"Tier3",1,0,4.99,402,5.99645208861902,"Windows only",1,0,0,1,0,1,0,-0.097980093369211,0.0172174383899374,-0.00980705605692289
3883840,7,"Tier1",0,0,3.99,401,5.99396142730657,"Windows only",1,1,0,0,0,0,0,-0.163294420304253,0.0039253576640299,-0.00263922125326072
3884360,1,"Tier1",0,0,4.99,384,5.95064255258773,"Windows only",0,0,1,1,0,1,0,-0.097980093369211,0.0172174383899374,-0.00980705605692289
3884400,3,"Tier1",0,0,0.89,277,5.62401750618734,"Windows only",1,1,1,1,1,1,0,-0.0893671730535477,-0.449426167052471,0.241833326285707
3884520,716,"Tier3",1,0,29.99,283,5.64544689764324,"Windows only",1,0,0,0,0,0,0,0.450508679108406,-0.235558822620563,0.360701542701817
3884540,5,"Tier1",0,0,7.99,348,5.85220247977447,"Windows only",0,1,1,1,0,0,0,0.138467671971053,-0.0461391003521592,0.0300758282519593
3884580,1,"Tier1",0,0,19.99,408,6.01126717440416,"Windows + macOS",0,1,1,0,0,0,0,0.443367319783897,-0.198158365479033,0.23384151956249
3885080,1,"Tier1",0,0,2.99,307,5.7268477475872,"Windows only",0,0,1,1,1,0,1,-0.200102891281294,-0.0515775081764219,0.0272910343386091
3885160,1,"Tier1",0,0,12.99,398,5.98645200528444,"Windows + macOS",0,0,1,1,0,0,0,0.352184179054766,-0.138692384061404,0.122585476016817
3885290,14,"Tier2",0,0,0.99,337,5.82008293035236,"Windows only",1,0,0,1,0,0,0,-0.10419428022306,-0.415443396766967,0.223507912183871
3885360,3,"Tier1",0,0,2.99,333,5.80814248998044,"Windows only",1,1,0,0,0,0,1,-0.200102891281294,-0.0515775081764219,0.0272910343386091
3885750,1,"Tier1",0,0,0.99,402,5.99645208861902,"Windows only",0,0,1,1,0,0,0,-0.10419428022306,-0.415443396766967,0.223507912183871
3885800,1,"Tier1",0,0,0.99,402,5.99645208861902,"Windows only",0,0,1,1,0,0,0,-0.10419428022306,-0.415443396766967,0.223507912183871
3886310,1,"Tier1",0,0,6.99,327,5.78996017089725,"Windows only",1,0,1,1,0,0,0,0.0647926208600656,-0.0196821001690604,0.012133851804991
3886860,6,"Tier1",0,0,1.99,401,5.99396142730657,"Windows only",0,0,1,0,0,0,0,-0.191000956662677,-0.174609008555128,0.0936365139174693
3888790,7,"Tier1",0,0,0.99,394,5.97635090929793,"Windows only",0,1,0,1,0,1,0,-0.10419428022306,-0.415443396766967,0.223507912183871
3890550,4,"Tier1",0,1,0,324,5.78074351579233,"Windows + macOS",0,0,1,1,0,0,0,0,0,0
3890660,4,"Tier1",0,0,1.99,404,6.00141487796115,"Windows + macOS + Linux",0,0,0,1,0,0,0,-0.191000956662677,-0.174609008555128,0.0936365139174693
3891810,1,"Tier1",0,0,7.99,404,6.00141487796115,"Windows only",1,0,1,1,0,0,1,0.138467671971053,-0.0461391003521592,0.0300758282519593
3892140,1,"Tier1",0,0,0.69,402,5.99645208861902,"Windows only",0,0,1,1,0,0,0,-0.0556199771708262,-0.524585021413738,0.282363192391924
3892250,21,"Tier2",0,0,4.99,275,5.61677109766657,"Windows only",1,0,0,1,0,0,0,-0.097980093369211,0.0172174383899374,-0.00980705605692289
3893080,2,"Tier1",0,0,11.99,394,5.97635090929793,"Windows only",1,1,0,1,0,0,0,0.325096773641836,-0.125268847109111,0.10484064365824
3893670,12,"Tier2",0,0,4.99,328,5.79301360838414,"Windows + Linux",0,1,0,0,0,0,0,-0.097980093369211,0.0172174383899374,-0.00980705605692289
3893770,35,"Tier2",0,0,0.99,353,5.8664680569333,"Windows only",0,0,0,1,0,0,0,-0.10419428022306,-0.415443396766967,0.223507912183871
3894070,3,"Tier1",0,0,3.99,287,5.65948221575962,"Windows only",0,1,1,1,0,0,0,-0.163294420304253,0.0039253576640299,-0.00263922125326072
3894150,45,"Tier2",0,0,1.99,401,5.99396142730657,"Windows only",0,1,1,1,0,0,0,-0.191000956662677,-0.174609008555128,0.0936365139174693
3894170,712,"Tier3",1,0,2.99,376,5.92958914338989,"Windows only",1,1,0,1,1,0,1,-0.200102891281294,-0.0515775081764219,0.0272910343386091
3894530,1,"Tier1",0,0,5.99,350,5.85793315448346,"Windows only",1,1,1,1,0,0,1,-0.0168287319568234,0.00432550733585602,-0.00254065785494112
3894950,110,"Tier3",1,0,6.99,347,5.84932477994686,"Windows + macOS + Linux",0,1,0,0,1,0,0,0.0647926208600656,-0.0196821001690604,0.012133851804991
3895030,1,"Tier1",0,0,8.99,338,5.82304589548302,"Windows only",0,1,0,0,0,0,0,0.200788076739357,-0.0707802778736949,0.0490770781566566
3895060,7,"Tier1",0,0,1.49,377,5.93224518744801,"Windows only",0,0,0,0,0,1,0,-0.160133911506303,-0.275447494805641,0.14801427660185
3895170,53,"Tier2",0,0,9.99,377,5.93224518744801,"Windows only",0,0,0,1,0,0,0,0.251218860272004,-0.0918672356966252,0.068024739758569
3895180,72,"Tier2",0,0,1.99,404,6.00141487796115,"Windows + Linux",1,1,0,1,0,0,0,-0.191000956662677,-0.174609008555128,0.0936365139174693
3895980,4,"Tier1",0,0,1.99,290,5.66988092298052,"Windows + macOS + Linux",0,1,0,1,1,0,0,-0.191000956662677,-0.174609008555128,0.0936365139174693
3896030,3,"Tier1",0,0,9.99,312,5.74300318780948,"Windows only",1,0,0,1,0,1,0,0.251218860272004,-0.0918672356966252,0.068024739758569
3896380,28,"Tier2",0,0,14.99,296,5.69035945432406,"Windows + Linux",0,0,1,1,0,1,1,0.392571032510476,-0.160815293725573,0.156651314964725
3897310,9,"Tier1",0,0,19.99,285,5.65248918026865,"Windows only",1,0,0,1,0,1,1,0.443367319783897,-0.198158365479033,0.23384151956249
3897330,34,"Tier2",0,0,24.99,398,5.98645200528444,"Windows only",0,0,0,0,0,1,1,0.456151751806107,-0.220841737810706,0.30120429943399
3897990,14,"Tier2",0,0,9.99,360,5.88610403145016,"Windows only",0,0,1,1,1,0,1,0.251218860272004,-0.0918672356966252,0.068024739758569
3898040,140,"Tier3",1,0,14.99,392,5.97126183979046,"Windows only",0,0,0,1,0,0,1,0.392571032510476,-0.160815293725573,0.156651314964725
3898080,1,"Tier1",0,0,1.99,380,5.94017125272043,"Windows only",0,0,1,0,0,0,0,-0.191000956662677,-0.174609008555128,0.0936365139174693
3898680,14,"Tier2",0,0,4.99,291,5.67332326717149,"Windows only",1,0,0,0,0,0,0,-0.097980093369211,0.0172174383899374,-0.00980705605692289
3898700,3,"Tier1",0,0,0.99,353,5.8664680569333,"Windows only",0,0,1,1,0,0,0,-0.10419428022306,-0.415443396766967,0.223507912183871
3899180,2,"Tier1",0,0,2.99,315,5.75257263882563,"Windows only",0,1,0,1,0,0,0,-0.200102891281294,-0.0515775081764219,0.0272910343386091
3899660,4,"Tier1",0,0,7.99,381,5.9427993751267,"Windows only",0,0,0,0,0,1,0,0.138467671971053,-0.0461391003521592,0.0300758282519593
3900070,2,"Tier1",0,0,5.99,382,5.94542060860658,"Windows only",0,0,1,1,0,0,0,-0.0168287319568234,0.00432550733585602,-0.00254065785494112
3900250,2,"Tier1",0,0,4.99,313,5.74620319054015,"Windows only",0,0,1,1,0,1,0,-0.097980093369211,0.0172174383899374,-0.00980705605692289
3900500,4,"Tier1",0,0,9.99,376,5.92958914338989,"Windows only",1,1,0,1,0,0,0,0.251218860272004,-0.0918672356966252,0.068024739758569
3900640,4,"Tier1",0,0,9.99,394,5.97635090929793,"Windows + macOS",0,0,1,0,0,0,0,0.251218860272004,-0.0918672356966252,0.068024739758569
3901780,6,"Tier1",0,0,5.99,327,5.78996017089725,"Windows only",1,0,0,0,1,0,0,-0.0168287319568234,0.00432550733585602,-0.00254065785494112
3902220,12,"Tier2",0,0,4.99,325,5.78382518232974,"Windows only",1,0,0,1,0,0,0,-0.097980093369211,0.0172174383899374,-0.00980705605692289
3902230,1,"Tier1",0,0,0.99,382,5.94542060860658,"Windows only",0,0,1,1,0,1,0,-0.10419428022306,-0.415443396766967,0.223507912183871
3902710,10,"Tier2",0,0,6.99,289,5.66642668811243,"Windows only",1,0,1,1,0,0,0,0.0647926208600656,-0.0196821001690604,0.012133851804991
3902830,298,"Tier3",1,0,0.99,290,5.66988092298052,"Windows only",0,0,1,1,1,0,0,-0.10419428022306,-0.415443396766967,0.223507912183871
3903490,21,"Tier2",0,0,7.99,353,5.8664680569333,"Windows only",0,0,1,1,0,1,0,0.138467671971053,-0.0461391003521592,0.0300758282519593
3903620,14,"Tier2",0,0,3.99,398,5.98645200528444,"Windows only",1,0,0,0,0,0,0,-0.163294420304253,0.0039253576640299,-0.00263922125326072
3903980,1,"Tier1",0,0,15,269,5.59471137960184,"Windows only",1,0,1,1,0,0,0,0.392735221761258,-0.160912733015043,0.156816870678821
3904800,11,"Tier2",0,0,2.99,398,5.98645200528444,"Windows only",0,1,0,1,0,0,0,-0.200102891281294,-0.0515775081764219,0.0272910343386091
3905080,9,"Tier1",0,0,2.99,382,5.94542060860658,"Windows + macOS",0,0,1,1,0,0,0,-0.200102891281294,-0.0515775081764219,0.0272910343386091
3905340,8,"Tier1",0,0,3.99,386,5.95583736946483,"Windows only",0,1,0,1,0,0,0,-0.163294420304253,0.0039253576640299,-0.00263922125326072
3906110,39,"Tier2",0,0,9.99,289,5.66642668811243,"Windows only",1,1,0,1,0,0,0,0.251218860272004,-0.0918672356966252,0.068024739758569
3906170,3,"Tier1",0,0,2.99,374,5.92425579741453,"Windows only",0,0,1,1,0,0,0,-0.200102891281294,-0.0515775081764219,0.0272910343386091
3906690,4,"Tier1",0,0,7.99,374,5.92425579741453,"Windows only",0,0,1,0,0,0,0,0.138467671971053,-0.0461391003521592,0.0300758282519593
3906770,140,"Tier3",1,0,4.99,390,5.96614673912369,"Windows only",0,0,0,1,0,0,0,-0.097980093369211,0.0172174383899374,-0.00980705605692289
3907270,14,"Tier2",0,0,8.99,298,5.6970934865054,"Windows only",0,0,0,1,1,0,0,0.200788076739357,-0.0707802778736949,0.0490770781566566
3908770,4,"Tier1",0,0,4.99,265,5.57972982598622,"Windows + macOS + Linux",0,1,1,1,0,0,0,-0.097980093369211,0.0172174383899374,-0.00980705605692289
3908780,1,"Tier1",0,0,9.99,296,5.69035945432406,"Windows + macOS",0,1,0,0,1,0,0,0.251218860272004,-0.0918672356966252,0.068024739758569
3910440,2,"Tier1",0,0,6.99,319,5.76519110278484,"Windows only",0,1,0,1,1,0,0,0.0647926208600656,-0.0196821001690604,0.012133851804991
3911080,20,"Tier2",0,0,5.99,389,5.96357934361845,"Windows only",0,0,1,1,0,0,0,-0.0168287319568234,0.00432550733585602,-0.00254065785494112
3911950,5,"Tier1",0,0,4.99,364,5.89715386763674,"Windows only",1,1,0,1,0,0,0,-0.097980093369211,0.0172174383899374,-0.00980705605692289
3913290,6,"Tier1",0,0,2.99,353,5.8664680569333,"Windows only",0,0,0,0,0,1,0,-0.200102891281294,-0.0515775081764219,0.0272910343386091
3914000,16,"Tier2",0,0,1.99,390,5.96614673912369,"Windows only",0,0,1,1,1,0,0,-0.191000956662677,-0.174609008555128,0.0936365139174693
3914070,6,"Tier1",0,0,19.99,390,5.96614673912369,"Windows only",0,0,0,1,0,1,1,0.443367319783897,-0.198158365479033,0.23384151956249
3914200,33,"Tier2",0,0,5.24,293,5.68017260901707,"Windows + macOS",0,1,0,1,1,0,0,-0.0785246078497893,0.0157891216015972,-0.0090309881720369
3914710,92,"Tier2",0,0,9.99,373,5.92157841964382,"Windows + macOS",0,0,0,0,0,1,1,0.251218860272004,-0.0918672356966252,0.068024739758569
3915140,430,"Tier3",1,0,8.99,374,5.92425579741453,"Windows only",0,0,0,1,0,1,0,0.200788076739357,-0.0707802778736949,0.0490770781566566
3915220,40,"Tier2",0,0,11.99,285,5.65248918026865,"Windows only",0,1,0,0,1,1,0,0.325096773641836,-0.125268847109111,0.10484064365824
3915550,2,"Tier1",0,0,6.99,308,5.73009978297357,"Windows only",1,1,0,0,0,0,0,0.0647926208600656,-0.0196821001690604,0.012133851804991
3915970,5,"Tier1",0,0,2.99,394,5.97635090929793,"Windows only",1,1,0,1,0,0,0,-0.200102891281294,-0.0515775081764219,0.0272910343386091
3916180,76,"Tier2",0,0,8.99,315,5.75257263882563,"Windows + Linux",0,0,0,0,0,0,1,0.200788076739357,-0.0707802778736949,0.0490770781566566
3917000,22,"Tier2",0,0,0.99,277,5.62401750618734,"Windows only",0,0,1,1,0,0,0,-0.10419428022306,-0.415443396766967,0.223507912183871
3917250,4,"Tier1",0,0,2.99,326,5.78689738136671,"Windows only",1,0,0,0,0,0,0,-0.200102891281294,-0.0515775081764219,0.0272910343386091
3917580,2,"Tier1",0,0,3.99,381,5.9427993751267,"Windows only",1,1,1,1,0,0,0,-0.163294420304253,0.0039253576640299,-0.00263922125326072
3918230,44,"Tier2",0,0,1.99,394,5.97635090929793,"Windows only",0,0,1,0,1,0,0,-0.191000956662677,-0.174609008555128,0.0936365139174693
3918500,3,"Tier1",0,0,3.99,362,5.89164421182577,"Windows + macOS",0,1,1,1,0,1,0,-0.163294420304253,0.0039253576640299,-0.00263922125326072
3918570,7,"Tier1",0,0,0.99,263,5.57215403217776,"Windows only",1,0,0,0,0,0,0,-0.10419428022306,-0.415443396766967,0.223507912183871
3918860,5,"Tier1",0,1,0,359,5.88332238848828,"Windows only",0,1,1,0,0,1,0,0,0,0
3918960,119,"Tier3",1,0,1.99,348,5.85220247977447,"Windows + macOS",0,1,1,1,0,0,0,-0.191000956662677,-0.174609008555128,0.0936365139174693
3919230,70,"Tier2",0,0,3.99,324,5.78074351579233,"Windows only",0,1,0,1,0,0,0,-0.163294420304253,0.0039253576640299,-0.00263922125326072
3919280,1,"Tier1",0,0,8.99,382,5.94542060860658,"Windows only",0,0,1,0,0,0,0,0.200788076739357,-0.0707802778736949,0.0490770781566566
3919530,872,"Tier3",1,0,5.99,311,5.73979291217923,"Windows only",1,1,0,1,0,0,0,-0.0168287319568234,0.00432550733585602,-0.00254065785494112
3919680,1,"Tier1",0,0,6.99,307,5.7268477475872,"Windows only",1,1,0,1,0,0,0,0.0647926208600656,-0.0196821001690604,0.012133851804991
3919720,9,"Tier1",0,0,1.99,348,5.85220247977447,"Windows only",0,1,0,0,0,0,0,-0.191000956662677,-0.174609008555128,0.0936365139174693
3919840,3,"Tier1",0,0,1.99,272,5.605802066296,"Windows + Linux",0,1,0,1,0,0,0,-0.191000956662677,-0.174609008555128,0.0936365139174693
3920370,1,"Tier1",0,0,1.99,387,5.95842469302978,"Windows only",1,0,0,0,0,1,1,-0.191000956662677,-0.174609008555128,0.0936365139174693
3920630,7,"Tier1",0,0,4.99,305,5.72031177660741,"Windows only",0,0,1,1,0,1,0,-0.097980093369211,0.0172174383899374,-0.00980705605692289
3920870,3,"Tier1",0,0,0.99,391,5.96870755998537,"Windows only",0,0,0,1,0,0,0,-0.10419428022306,-0.415443396766967,0.223507912183871
3921270,3,"Tier1",0,0,4.01,317,5.75890177387728,"Windows + Linux",1,0,0,1,1,0,0,-0.162225099814824,0.00454454178056751,-0.00297312002741901
3921530,44,"Tier2",0,0,0.99,393,5.97380961186926,"Windows only",0,0,0,1,0,0,0,-0.10419428022306,-0.415443396766967,0.223507912183871
3921950,22,"Tier2",0,0,11.99,387,5.95842469302978,"Windows only",0,0,0,1,0,0,0,0.325096773641836,-0.125268847109111,0.10484064365824
3922100,249,"Tier3",1,0,13.99,380,5.94017125272043,"Windows only",0,1,0,1,0,1,0,0.374378963846971,-0.15044831662319,0.139856650607732
3922110,1,"Tier1",0,0,3.99,394,5.97635090929793,"Windows + Linux",0,1,1,1,0,0,0,-0.163294420304253,0.0039253576640299,-0.00263922125326072
3922120,5,"Tier1",0,0,4.99,306,5.72358510195238,"Windows only",1,1,0,1,1,0,0,-0.097980093369211,0.0172174383899374,-0.00980705605692289
3922760,2,"Tier1",0,0,0.99,405,6.00388706710654,"Windows + macOS + Linux",0,0,0,1,0,1,0,-0.10419428022306,-0.415443396766967,0.223507912183871
3923290,7,"Tier1",0,0,2.99,345,5.84354441703136,"Windows only",0,0,1,1,0,1,1,-0.200102891281294,-0.0515775081764219,0.0272910343386091
3923980,63,"Tier2",0,0,16.99,284,5.64897423816121,"Windows only",0,1,1,1,0,0,0,0.419575949297417,-0.178216261844633,0.188841310784716
3924300,20,"Tier2",0,0,1.2,389,5.96357934361845,"Windows + Linux",0,0,1,1,0,0,0,-0.131194284298963,-0.351000986143154,0.18875695308076
3924530,5,"Tier1",0,0,3.99,384,5.95064255258773,"Windows only",0,0,0,1,0,1,1,-0.163294420304253,0.0039253576640299,-0.00263922125326072
3924850,1,"Tier1",0,0,1.99,391,5.96870755998537,"Windows only",0,0,1,1,0,0,0,-0.191000956662677,-0.174609008555128,0.0936365139174693
3925410,15,"Tier2",0,0,4.99,356,5.87493073085203,"Windows only",0,1,0,1,0,0,0,-0.097980093369211,0.0172174383899374,-0.00980705605692289
3926040,9,"Tier1",0,0,0.99,382,5.94542060860658,"Windows only",0,0,1,1,0,0,0,-0.10419428022306,-0.415443396766967,0.223507912183871
3926230,3,"Tier1",0,0,4.99,325,5.78382518232974,"Windows only",0,1,0,1,0,0,0,-0.097980093369211,0.0172174383899374,-0.00980705605692289
3926240,2,"Tier1",0,0,4.99,290,5.66988092298052,"Windows only",1,1,1,1,0,0,0,-0.097980093369211,0.0172174383899374,-0.00980705605692289
3926370,1,"Tier1",0,0,1.99,378,5.93489419561959,"Windows only",0,0,0,0,0,1,0,-0.191000956662677,-0.174609008555128,0.0936365139174693
3926610,1,"Tier1",0,0,2.49,377,5.93224518744801,"Windows only",0,0,0,0,1,0,0,-0.202826498232658,-0.102357375195921,0.0546743842936141
3926660,2,"Tier1",0,0,4.99,306,5.72358510195238,"Windows only",0,0,0,1,0,1,0,-0.097980093369211,0.0172174383899374,-0.00980705605692289
3927520,3,"Tier1",0,0,0.99,381,5.9427993751267,"Windows only",1,0,0,1,0,0,0,-0.10419428022306,-0.415443396766967,0.223507912183871
3927680,9,"Tier1",0,0,0.99,328,5.79301360838414,"Windows only",1,0,1,1,1,0,0,-0.10419428022306,-0.415443396766967,0.223507912183871
3928150,8,"Tier1",0,0,4.99,369,5.91079664404053,"Windows only",0,0,1,1,0,0,0,-0.097980093369211,0.0172174383899374,-0.00980705605692289
3928200,2,"Tier1",0,0,29.99,388,5.96100533962327,"Windows only",1,0,0,0,0,0,0,0.450508679108406,-0.235558822620563,0.360701542701817
3928270,1,"Tier1",0,0,1.99,367,5.90536184805457,"Windows only",0,0,1,1,0,1,0,-0.191000956662677,-0.174609008555128,0.0936365139174693
3928890,2,"Tier1",0,0,1.99,384,5.95064255258773,"Windows only",0,0,1,0,0,0,1,-0.191000956662677,-0.174609008555128,0.0936365139174693
3928970,71,"Tier2",0,0,2.99,327,5.78996017089725,"Windows only",0,0,1,1,0,0,0,-0.200102891281294,-0.0515775081764219,0.0272910343386091
3929030,2,"Tier1",0,0,4.99,373,5.92157841964382,"Windows only",0,1,0,1,0,0,0,-0.097980093369211,0.0172174383899374,-0.00980705605692289
3929410,81,"Tier2",0,0,7.99,278,5.62762111369064,"Windows + macOS",0,1,0,1,0,0,0,0.138467671971053,-0.0461391003521592,0.0300758282519593
3929610,5,"Tier1",0,0,4.99,359,5.88332238848828,"Windows only",0,0,0,0,1,0,0,-0.097980093369211,0.0172174383899374,-0.00980705605692289
3929740,608,"Tier3",1,0,9.99,334,5.8111409929767,"Windows only",1,0,0,0,0,0,0,0.251218860272004,-0.0918672356966252,0.068024739758569
3931080,1,"Tier1",0,0,2.99,275,5.61677109766657,"Windows only",0,0,1,1,0,0,0,-0.200102891281294,-0.0515775081764219,0.0272910343386091
3931220,2,"Tier1",0,0,9.99,279,5.63121178182137,"Windows only",0,0,0,1,0,0,0,0.251218860272004,-0.0918672356966252,0.068024739758569
3931290,3,"Tier1",0,0,3.99,357,5.87773578177964,"Windows only",0,0,1,0,0,1,0,-0.163294420304253,0.0039253576640299,-0.00263922125326072
3931940,2,"Tier1",0,0,2.99,314,5.74939298590825,"Windows only",0,0,1,1,0,0,1,-0.200102891281294,-0.0515775081764219,0.0272910343386091
3931960,3,"Tier1",0,0,0.99,352,5.8636311755981,"Windows only",0,0,1,1,0,0,0,-0.10419428022306,-0.415443396766967,0.223507912183871
3932880,1,"Tier1",0,1,0,368,5.90808293816893,"Windows only",0,0,1,1,0,0,0,0,0,0
3932980,7,"Tier1",0,0,2.99,307,5.7268477475872,"Windows only",0,1,0,1,0,0,0,-0.200102891281294,-0.0515775081764219,0.0272910343386091
3933400,19,"Tier2",0,0,2.99,325,5.78382518232974,"Windows only",0,0,1,0,0,1,0,-0.200102891281294,-0.0515775081764219,0.0272910343386091
3933710,168,"Tier3",1,0,1.99,275,5.61677109766657,"Windows + macOS + Linux",1,0,0,0,0,1,0,-0.191000956662677,-0.174609008555128,0.0936365139174693
3933980,1,"Tier1",0,0,1.99,384,5.95064255258773,"Windows only",1,0,0,1,0,0,0,-0.191000956662677,-0.174609008555128,0.0936365139174693
3934260,2,"Tier1",0,0,5.99,277,5.62401750618734,"Windows only",1,0,1,0,1,1,1,-0.0168287319568234,0.00432550733585602,-0.00254065785494112
3935420,11,"Tier2",0,0,17.99,377,5.93224518744801,"Windows only",0,0,0,0,0,0,0,0.429376064752116,-0.185567587009545,0.204263061086857
3936410,6,"Tier1",0,0,1.99,383,5.94803498918065,"Windows only",0,0,0,0,0,1,1,-0.191000956662677,-0.174609008555128,0.0936365139174693
3936890,11,"Tier2",0,0,14.99,312,5.74300318780948,"Windows only",1,0,0,0,0,0,0,0.392571032510476,-0.160815293725573,0.156651314964725
3937150,11,"Tier2",0,0,7.99,325,5.78382518232974,"Windows + Linux",0,1,0,1,0,0,0,0.138467671971053,-0.0461391003521592,0.0300758282519593
3937360,137,"Tier3",1,0,5.99,284,5.64897423816121,"Windows only",1,1,0,1,0,0,0,-0.0168287319568234,0.00432550733585602,-0.00254065785494112
3937540,1,"Tier1",0,0,5.99,366,5.90263333340137,"Windows only",0,0,1,1,0,0,0,-0.0168287319568234,0.00432550733585602,-0.00254065785494112
3937580,2,"Tier1",0,0,5.99,286,5.65599181081985,"Windows + macOS + Linux",0,1,0,1,1,0,1,-0.0168287319568234,0.00432550733585602,-0.00254065785494112
3937900,1,"Tier1",0,0,1.99,324,5.78074351579233,"Windows only",0,1,1,0,0,0,0,-0.191000956662677,-0.174609008555128,0.0936365139174693
3938040,23,"Tier2",0,0,3.99,296,5.69035945432406,"Windows only",1,1,0,1,0,1,0,-0.163294420304253,0.0039253576640299,-0.00263922125326072
3938610,1,"Tier1",0,0,7.99,362,5.89164421182577,"Windows only",1,1,1,1,0,0,0,0.138467671971053,-0.0461391003521592,0.0300758282519593
3938690,1,"Tier1",0,0,5,303,5.71373280550937,"Windows only",0,1,1,1,0,1,1,-0.0972209610746357,0.0171909885730187,-0.00979279243696385
3939000,2,"Tier1",0,0,0.49,382,5.94542060860658,"Windows + macOS",0,0,0,1,0,1,0,-0.0161736615828488,-0.610533416531905,0.328711383510424
3939010,14,"Tier2",0,0,4.99,345,5.84354441703136,"Windows + Linux",0,1,0,1,0,0,0,-0.097980093369211,0.0172174383899374,-0.00980705605692289
3939080,1,"Tier1",0,0,4.99,286,5.65599181081985,"Windows only",0,0,0,0,0,0,1,-0.097980093369211,0.0172174383899374,-0.00980705605692289
3939090,5,"Tier1",0,0,2.99,347,5.84932477994686,"Windows only",1,1,0,1,0,0,0,-0.200102891281294,-0.0515775081764219,0.0272910343386091
3939630,6,"Tier1",0,0,3.99,325,5.78382518232974,"Windows only",0,0,0,1,0,0,0,-0.163294420304253,0.0039253576640299,-0.00263922125326072
3940250,1,"Tier1",0,0,1.99,341,5.83188247728352,"Windows + macOS",0,0,1,1,0,0,1,-0.191000956662677,-0.174609008555128,0.0936365139174693
3940500,4,"Tier1",0,0,2.99,288,5.66296048013595,"Windows only",1,1,0,1,0,0,0,-0.200102891281294,-0.0515775081764219,0.0272910343386091
3940820,2,"Tier1",0,0,14.99,331,5.80211837537706,"Windows only",0,0,1,1,0,1,0,0.392571032510476,-0.160815293725573,0.156651314964725
3940900,3,"Tier1",0,0,5.99,383,5.94803498918065,"Windows only",0,0,1,1,0,0,0,-0.0168287319568234,0.00432550733585602,-0.00254065785494112
3940990,4,"Tier1",0,0,29.99,374,5.92425579741453,"Windows only",0,1,1,1,0,0,0,0.450508679108406,-0.235558822620563,0.360701542701817
3942530,1,"Tier1",0,0,1.99,376,5.92958914338989,"Windows only",0,0,1,1,0,0,1,-0.191000956662677,-0.174609008555128,0.0936365139174693
3942650,4,"Tier1",0,0,2.99,381,5.9427993751267,"Windows only",0,1,1,1,0,0,1,-0.200102891281294,-0.0515775081764219,0.0272910343386091
3942700,45,"Tier2",0,0,0.99,341,5.83188247728352,"Windows + Linux",1,0,1,1,0,0,0,-0.10419428022306,-0.415443396766967,0.223507912183871
3942780,2,"Tier1",0,0,6.99,341,5.83188247728352,"Windows only",1,1,0,1,1,0,0,0.0647926208600656,-0.0196821001690604,0.012133851804991
3943440,37,"Tier2",0,0,19.99,272,5.605802066296,"Windows only",0,0,1,0,1,0,0,0.443367319783897,-0.198158365479033,0.23384151956249
3943720,37,"Tier2",0,0,6.99,326,5.78689738136671,"Windows only",0,0,1,1,0,1,0,0.0647926208600656,-0.0196821001690604,0.012133851804991
3943880,132,"Tier3",1,0,1.99,319,5.76519110278484,"Windows only",0,1,1,1,0,0,0,-0.191000956662677,-0.174609008555128,0.0936365139174693
3944010,14,"Tier2",0,0,4.99,320,5.76832099579377,"Windows only",1,1,0,1,0,0,0,-0.097980093369211,0.0172174383899374,-0.00980705605692289
3944070,26,"Tier2",0,0,9.99,325,5.78382518232974,"Windows only",0,0,1,1,0,0,1,0.251218860272004,-0.0918672356966252,0.068024739758569
3944410,12,"Tier2",0,0,9.99,347,5.84932477994686,"Windows only",0,0,1,1,0,1,0,0.251218860272004,-0.0918672356966252,0.068024739758569
3944530,1,"Tier1",0,0,2.99,303,5.71373280550937,"Windows only",1,0,1,1,0,0,0,-0.200102891281294,-0.0515775081764219,0.0272910343386091
3944850,3,"Tier1",0,0,2.99,373,5.92157841964382,"Windows only",0,0,1,1,0,1,1,-0.200102891281294,-0.0515775081764219,0.0272910343386091
3946470,1,"Tier1",0,0,0.99,382,5.94542060860658,"Windows only",0,1,1,1,0,0,0,-0.10419428022306,-0.415443396766967,0.223507912183871
3946860,1,"Tier1",0,0,0.99,363,5.89440283426485,"Windows + Linux",1,0,0,0,0,0,0,-0.10419428022306,-0.415443396766967,0.223507912183871
3947220,1,"Tier1",0,0,12.99,314,5.74939298590825,"Windows only",1,0,1,1,0,1,1,0.352184179054766,-0.138692384061404,0.122585476016817
3947310,13,"Tier2",0,0,7.99,367,5.90536184805457,"Windows only",0,0,1,1,0,1,0,0.138467671971053,-0.0461391003521592,0.0300758282519593
3947690,9,"Tier1",0,0,3.99,264,5.57594910314632,"Windows only",0,1,0,1,0,0,0,-0.163294420304253,0.0039253576640299,-0.00263922125326072
3947730,1,"Tier1",0,0,2.99,372,5.91889385427315,"Windows only",1,1,1,0,1,0,0,-0.200102891281294,-0.0515775081764219,0.0272910343386091
3948200,19,"Tier2",0,0,4.99,306,5.72358510195238,"Windows only",1,1,0,1,0,1,0,-0.097980093369211,0.0172174383899374,-0.00980705605692289
3948350,3,"Tier1",0,0,9.99,324,5.78074351579233,"Windows + Linux",0,0,1,1,0,0,0,0.251218860272004,-0.0918672356966252,0.068024739758569
3948550,514,"Tier3",1,0,2,303,5.71373280550937,"Windows only",0,0,1,0,1,1,0,-0.191406731631632,-0.172912161928339,0.0927214791265452
3948620,3,"Tier1",0,1,0,376,5.92958914338989,"Windows only",0,1,0,1,0,0,0,0,0,0
3948650,4,"Tier1",0,0,9.99,285,5.65248918026865,"Windows only",0,1,0,0,1,0,0,0.251218860272004,-0.0918672356966252,0.068024739758569
3948840,2,"Tier1",0,0,18.99,311,5.73979291217923,"Windows only",0,0,0,1,1,0,0,0.43720965676205,-0.192182946818671,0.219257388142993
3948890,18,"Tier2",0,0,4.99,353,5.8664680569333,"Windows only",0,1,0,1,0,0,0,-0.097980093369211,0.0172174383899374,-0.00980705605692289
3948980,6,"Tier1",0,0,6.99,321,5.77144112313002,"Windows only",0,0,0,1,0,0,1,0.0647926208600656,-0.0196821001690604,0.012133851804991
3949080,1,"Tier1",0,0,0.99,375,5.92692602597041,"Windows only",1,1,1,1,0,0,1,-0.10419428022306,-0.415443396766967,0.223507912183871
3952050,18,"Tier2",0,0,2.99,333,5.80814248998044,"Windows + macOS",0,0,1,1,0,0,0,-0.200102891281294,-0.0515775081764219,0.0272910343386091
3952230,5,"Tier1",0,0,7.99,324,5.78074351579233,"Windows only",1,1,0,1,0,0,0,0.138467671971053,-0.0461391003521592,0.0300758282519593
3952640,137,"Tier3",1,0,14.99,268,5.59098698051086,"Windows only",1,0,0,0,0,1,0,0.392571032510476,-0.160815293725573,0.156651314964725
3952680,2,"Tier1",0,0,1.99,377,5.93224518744801,"Windows only",0,1,1,1,0,0,0,-0.191000956662677,-0.174609008555128,0.0936365139174693
3952930,148,"Tier3",1,0,3.99,311,5.73979291217923,"Windows only",0,0,0,1,1,0,1,-0.163294420304253,0.0039253576640299,-0.00263922125326072
3953060,111,"Tier3",1,0,7.72,272,5.605802066296,"Windows only",0,0,1,1,0,0,1,0.119608659882924,-0.0390482965767419,0.0250581871346274
3953080,6,"Tier1",0,0,0.99,368,5.90808293816893,"Windows only",0,0,1,1,0,0,0,-0.10419428022306,-0.415443396766967,0.223507912183871
3953840,4,"Tier1",0,0,10.99,376,5.92958914338989,"Windows only",0,0,0,0,0,1,1,0.291956005597191,-0.109818110275501,0.0866397974300799
3954070,64,"Tier2",0,0,2.24,310,5.73657229747919,"Windows only",1,1,0,1,0,1,0,-0.198980306413085,-0.135417407304069,0.0725022062608017
3955050,12,"Tier2",0,0,5.99,351,5.86078622346587,"Windows only",0,0,0,0,1,1,1,-0.0168287319568234,0.00432550733585602,-0.00254065785494112
3955170,3,"Tier1",0,0,0.99,347,5.84932477994686,"Windows only",1,0,0,0,0,1,0,-0.10419428022306,-0.415443396766967,0.223507912183871
3955280,2,"Tier1",0,0,0.99,340,5.82894561761021,"Windows only",0,0,0,1,0,0,1,-0.10419428022306,-0.415443396766967,0.223507912183871
3956340,143,"Tier3",1,0,5.99,304,5.71702770140622,"Windows only",1,0,1,1,0,1,0,-0.0168287319568234,0.00432550733585602,-0.00254065785494112
3957480,21,"Tier2",0,0,2.02,364,5.89715386763674,"Windows only",0,0,1,1,0,1,0,-0.192195756927582,-0.169552169126501,0.0909095827168184
3958510,6,"Tier1",0,0,3,303,5.71373280550937,"Windows only",0,1,0,1,0,0,0,-0.199924239101678,-0.0507442418316123,0.026841690429991
3959110,14,"Tier2",0,0,0.99,317,5.75890177387728,"Windows only",1,1,1,1,1,0,0,-0.10419428022306,-0.415443396766967,0.223507912183871
3960120,2,"Tier1",0,0,3.99,363,5.89440283426485,"Windows + Linux",0,0,1,1,0,0,0,-0.163294420304253,0.0039253576640299,-0.00263922125326072
3960240,5,"Tier1",0,0,0.99,306,5.72358510195238,"Windows only",0,0,1,1,0,0,1,-0.10419428022306,-0.415443396766967,0.223507912183871
3960750,13,"Tier2",0,0,4.99,326,5.78689738136671,"Windows only",0,1,0,1,0,0,0,-0.097980093369211,0.0172174383899374,-0.00980705605692289
3961220,2,"Tier1",0,0,7.99,297,5.6937321388027,"Windows only",0,0,0,0,1,0,0,0.138467671971053,-0.0461391003521592,0.0300758282519593
3961740,2,"Tier1",0,0,0.99,287,5.65948221575962,"Windows + macOS",0,0,1,0,0,0,0,-0.10419428022306,-0.415443396766967,0.223507912183871
3962200,4,"Tier1",0,0,4.95,271,5.6021188208797,"Windows + Linux",0,0,1,1,0,1,0,-0.100998390962542,0.0172955424954561,-0.00984917416750242
3962470,29,"Tier2",0,0,2.99,277,5.62401750618734,"Windows only",0,0,0,0,0,1,0,-0.200102891281294,-0.0515775081764219,0.0272910343386091
3962740,8,"Tier1",0,0,0.99,319,5.76519110278484,"Windows only",0,0,0,1,0,1,0,-0.10419428022306,-0.415443396766967,0.223507912183871
3963200,1,"Tier1",0,0,7.99,324,5.78074351579233,"Windows only",0,0,1,1,0,0,1,0.138467671971053,-0.0461391003521592,0.0300758282519593
3963830,1,"Tier1",0,0,3.99,346,5.84643877505772,"Windows only",0,0,1,1,0,0,1,-0.163294420304253,0.0039253576640299,-0.00263922125326072
3964050,31,"Tier2",0,0,0.59,358,5.8805329864007,"Windows only",1,1,0,0,1,1,1,-0.0366176773947401,-0.566115850026346,0.304758942530136
3964640,10,"Tier2",0,0,1.49,353,5.8664680569333,"Windows only",0,1,0,1,0,0,0,-0.160133911506303,-0.275447494805641,0.14801427660185
3965520,9,"Tier1",0,0,6.99,327,5.78996017089725,"Windows only",0,0,1,1,1,0,1,0.0647926208600656,-0.0196821001690604,0.012133851804991
3965930,29,"Tier2",0,0,14.99,284,5.64897423816121,"Windows only",1,1,0,1,0,0,0,0.392571032510476,-0.160815293725573,0.156651314964725
3966010,17,"Tier2",0,0,11.99,276,5.62040086571715,"Windows only",1,0,0,1,1,0,1,0.325096773641836,-0.125268847109111,0.10484064365824
3966170,3,"Tier1",0,0,5.99,285,5.65248918026865,"Windows only",0,0,1,1,0,0,0,-0.0168287319568234,0.00432550733585602,-0.00254065785494112
3966360,160,"Tier3",1,0,3.99,314,5.74939298590825,"Windows only",0,0,1,1,0,0,0,-0.163294420304253,0.0039253576640299,-0.00263922125326072
3966870,8,"Tier1",0,0,4.99,289,5.66642668811243,"Windows only",0,0,1,1,0,0,0,-0.097980093369211,0.0172174383899374,-0.00980705605692289
3967160,22,"Tier2",0,0,2,363,5.89440283426485,"Windows only",0,0,0,0,0,0,1,-0.191406731631632,-0.172912161928339,0.0927214791265452
3967240,14,"Tier2",0,0,4.99,305,5.72031177660741,"Windows only",1,1,0,0,0,0,0,-0.097980093369211,0.0172174383899374,-0.00980705605692289
3967430,2,"Tier1",0,0,0.99,307,5.7268477475872,"Windows only",0,0,1,1,1,1,1,-0.10419428022306,-0.415443396766967,0.223507912183871
3967950,24,"Tier2",0,0,3.99,338,5.82304589548302,"Windows only",0,0,0,1,0,0,1,-0.163294420304253,0.0039253576640299,-0.00263922125326072
3968450,2,"Tier1",0,0,7.99,303,5.71373280550937,"Windows only",1,0,0,1,0,0,0,0.138467671971053,-0.0461391003521592,0.0300758282519593
3968810,2,"Tier1",0,0,2.99,359,5.88332238848828,"Windows only",1,1,0,1,0,0,0,-0.200102891281294,-0.0515775081764219,0.0272910343386091
3969950,1,"Tier1",0,0,1.99,345,5.84354441703136,"Windows only",0,1,0,1,0,0,0,-0.191000956662677,-0.174609008555128,0.0936365139174693
3971630,5,"Tier1",0,0,7.99,311,5.73979291217923,"Windows only",1,1,0,0,1,0,0,0.138467671971053,-0.0461391003521592,0.0300758282519593
3973790,4,"Tier1",0,0,2.99,295,5.68697535633982,"Windows only",1,0,1,1,0,0,0,-0.200102891281294,-0.0515775081764219,0.0272910343386091
3973880,2,"Tier1",0,0,4.99,358,5.8805329864007,"Windows only",0,0,0,1,0,1,0,-0.097980093369211,0.0172174383899374,-0.00980705605692289
3975330,4,"Tier1",0,0,4.99,360,5.88610403145016,"Windows + macOS",0,1,0,1,0,1,0,-0.097980093369211,0.0172174383899374,-0.00980705605692289
3975930,12,"Tier2",0,0,2.99,342,5.8348107370626,"Windows only",0,1,0,0,0,0,0,-0.200102891281294,-0.0515775081764219,0.0272910343386091
3976540,1,"Tier1",0,0,99.99,368,5.90808293816893,"Windows only",0,0,0,0,0,1,1,0.130622662565067,-0.26526891595321,0.830347470143793
3977490,1,"Tier1",0,0,3.99,334,5.8111409929767,"Windows only",1,0,1,1,0,0,0,-0.163294420304253,0.0039253576640299,-0.00263922125326072
3977750,6,"Tier1",0,0,7.99,362,5.89164421182577,"Windows only",0,0,0,1,0,1,1,0.138467671971053,-0.0461391003521592,0.0300758282519593
3977940,2,"Tier1",0,0,14.99,315,5.75257263882563,"Windows only",1,1,0,1,0,0,0,0.392571032510476,-0.160815293725573,0.156651314964725
3978700,4,"Tier1",0,0,3.99,325,5.78382518232974,"Windows only",0,0,0,1,1,0,1,-0.163294420304253,0.0039253576640299,-0.00263922125326072
3978710,25,"Tier2",0,0,2.99,321,5.77144112313002,"Windows only",0,1,0,1,0,0,0,-0.200102891281294,-0.0515775081764219,0.0272910343386091
3979100,7,"Tier1",0,0,2.99,299,5.70044357339069,"Windows + Linux",0,0,1,1,0,1,1,-0.200102891281294,-0.0515775081764219,0.0272910343386091
3979220,1,"Tier1",0,0,4.99,366,5.90263333340137,"Windows + macOS",1,1,0,1,1,0,0,-0.097980093369211,0.0172174383899374,-0.00980705605692289
3979310,6,"Tier1",0,1,0,312,5.74300318780948,"Windows + macOS + Linux",0,1,1,1,0,0,0,0,0,0
3979880,1,"Tier1",0,0,4.99,291,5.67332326717149,"Windows only",1,0,0,1,0,0,1,-0.097980093369211,0.0172174383899374,-0.00980705605692289
3980000,7,"Tier1",0,0,2.5,358,5.8805329864007,"Windows only",0,0,1,1,1,1,1,-0.202901925565326,-0.101150755470328,0.0540237073196894
3981060,42,"Tier2",0,0,2.99,290,5.66988092298052,"Windows only",0,0,0,1,0,0,0,-0.200102891281294,-0.0515775081764219,0.0272910343386091
3981100,6170,"Tier4",1,0,5.99,318,5.76205138278018,"Windows only",0,0,1,1,0,1,0,-0.0168287319568234,0.00432550733585602,-0.00254065785494112
3981230,38,"Tier2",0,0,1.99,352,5.8636311755981,"Windows only",0,1,1,1,1,0,0,-0.191000956662677,-0.174609008555128,0.0936365139174693
3981780,4,"Tier1",0,0,1.99,324,5.78074351579233,"Windows only",0,0,0,1,0,0,0,-0.191000956662677,-0.174609008555128,0.0936365139174693
3982040,10,"Tier2",0,0,0.99,296,5.69035945432406,"Windows only",0,1,1,1,0,0,0,-0.10419428022306,-0.415443396766967,0.223507912183871
3982060,5,"Tier1",0,0,0.99,289,5.66642668811243,"Windows only",0,1,1,1,0,0,0,-0.10419428022306,-0.415443396766967,0.223507912183871
3982130,72,"Tier2",0,0,4.99,324,5.78074351579233,"Windows only",1,0,0,1,0,1,0,-0.097980093369211,0.0172174383899374,-0.00980705605692289
3982420,1,"Tier1",0,0,0.99,359,5.88332238848828,"Windows only",0,0,0,1,0,0,0,-0.10419428022306,-0.415443396766967,0.223507912183871
3983420,2,"Tier1",0,0,4.99,365,5.89989735358249,"Windows only",0,0,0,1,0,0,0,-0.097980093369211,0.0172174383899374,-0.00980705605692289
3983700,1,"Tier1",0,0,0.69,349,5.85507192220243,"Windows only",1,0,0,0,0,1,0,-0.0556199771708262,-0.524585021413738,0.282363192391924
3984440,10,"Tier2",0,0,4.99,319,5.76519110278484,"Windows only",0,0,1,1,0,1,1,-0.097980093369211,0.0172174383899374,-0.00980705605692289
3984670,6,"Tier1",0,0,1.99,338,5.82304589548302,"Windows only",0,0,1,0,0,0,0,-0.191000956662677,-0.174609008555128,0.0936365139174693
3984970,3,"Tier1",0,0,9.99,325,5.78382518232974,"Windows only",0,0,0,0,0,0,1,0.251218860272004,-0.0918672356966252,0.068024739758569
3985480,1,"Tier1",0,0,4.99,326,5.78689738136671,"Windows only",1,1,0,1,0,0,0,-0.097980093369211,0.0172174383899374,-0.00980705605692289
3985730,10,"Tier2",0,0,7.99,279,5.63121178182137,"Windows only",1,1,0,1,0,0,0,0.138467671971053,-0.0461391003521592,0.0300758282519593
3985770,53,"Tier2",0,0,2.09,256,5.54517744447956,"Windows + macOS + Linux",0,0,1,1,0,0,0,-0.194725107447223,-0.158139149497813,0.0847550429576715
3986020,1,"Tier1",0,0,4.99,282,5.64190707093811,"Windows + macOS",0,1,1,1,0,0,0,-0.097980093369211,0.0172174383899374,-0.00980705605692289
3986350,1,"Tier1",0,0,5.99,304,5.71702770140622,"Windows only",0,0,1,1,0,0,0,-0.0168287319568234,0.00432550733585602,-0.00254065785494112
3987810,230,"Tier3",1,0,3.89,300,5.7037824746562,"Windows only",0,0,0,0,1,0,0,-0.168471404203837,0.000578396707910378,-0.000834352345038425
3988370,32,"Tier2",0,0,3.99,321,5.77144112313002,"Windows only",1,0,1,1,0,1,0,-0.163294420304253,0.0039253576640299,-0.00263922125326072
3988390,11,"Tier2",0,0,6.99,361,5.88887795833288,"Windows only",0,1,1,1,0,0,1,0.0647926208600656,-0.0196821001690604,0.012133851804991
3988540,2,"Tier1",0,0,9.99,310,5.73657229747919,"Windows only",1,0,0,1,0,0,1,0.251218860272004,-0.0918672356966252,0.068024739758569
3988830,3,"Tier1",0,0,5.99,324,5.78074351579233,"Windows only",0,0,0,0,0,1,0,-0.0168287319568234,0.00432550733585602,-0.00254065785494112
3989410,6,"Tier1",0,0,4.99,356,5.87493073085203,"Windows + macOS",0,0,1,1,0,0,0,-0.097980093369211,0.0172174383899374,-0.00980705605692289
3990040,3,"Tier1",0,0,1.99,327,5.78996017089725,"Windows only",0,0,1,1,0,0,1,-0.191000956662677,-0.174609008555128,0.0936365139174693
3990400,1,"Tier1",0,0,0.49,366,5.90263333340137,"Windows only",0,0,1,0,0,0,0,-0.0161736615828488,-0.610533416531905,0.328711383510424
3990520,2,"Tier1",0,0,2.99,280,5.63478960316925,"Windows only",0,0,1,0,0,0,0,-0.200102891281294,-0.0515775081764219,0.0272910343386091
3991720,73,"Tier2",0,0,15.99,277,5.62401750618734,"Windows only",0,0,0,1,1,1,0,0.407453927750679,-0.170012810338467,0.172975657991158
3992910,2,"Tier1",0,0,0.99,353,5.8664680569333,"Windows only",1,0,1,1,0,0,0,-0.10419428022306,-0.415443396766967,0.223507912183871
3993060,2,"Tier1",0,0,3.99,296,5.69035945432406,"Windows only",0,0,0,1,0,0,1,-0.163294420304253,0.0039253576640299,-0.00263922125326072
3993620,16,"Tier2",0,0,3.99,346,5.84643877505772,"Windows only",0,1,0,1,0,0,0,-0.163294420304253,0.0039253576640299,-0.00263922125326072
3994200,1,"Tier1",0,0,3.99,305,5.72031177660741,"Windows only",0,0,1,1,0,0,0,-0.163294420304253,0.0039253576640299,-0.00263922125326072
3994250,1,"Tier1",0,0,4.99,326,5.78689738136671,"Windows only",1,0,0,0,0,0,0,-0.097980093369211,0.0172174383899374,-0.00980705605692289
3994690,1,"Tier1",0,0,9.99,331,5.80211837537706,"Windows only",0,1,0,0,0,1,0,0.251218860272004,-0.0918672356966252,0.068024739758569
3995320,2,"Tier1",0,0,3.99,310,5.73657229747919,"Windows only",1,1,1,1,0,1,0,-0.163294420304253,0.0039253576640299,-0.00263922125326072
3995560,3,"Tier1",0,0,3.99,313,5.74620319054015,"Windows only",0,0,1,0,0,0,0,-0.163294420304253,0.0039253576640299,-0.00263922125326072
3996120,1,"Tier1",0,0,9.99,307,5.7268477475872,"Windows only",1,1,1,1,0,0,0,0.251218860272004,-0.0918672356966252,0.068024739758569
3997110,2,"Tier1",0,0,7.99,300,5.7037824746562,"Windows only",1,1,0,0,0,1,0,0.138467671971053,-0.0461391003521592,0.0300758282519593
3997950,1,"Tier1",0,0,9.99,308,5.73009978297357,"Windows only",1,0,1,1,0,0,0,0.251218860272004,-0.0918672356966252,0.068024739758569
3998090,1,"Tier1",0,0,1.98,356,5.87493073085203,"Windows + macOS + Linux",0,1,0,0,1,0,1,-0.190587618316725,-0.176317178183899,0.0945576547055925
3998630,3,"Tier1",0,0,0.99,357,5.87773578177964,"Windows only",0,0,1,1,0,0,0,-0.10419428022306,-0.415443396766967,0.223507912183871
3998890,83,"Tier2",0,0,3.99,268,5.59098698051086,"Windows only",1,1,0,1,0,0,0,-0.163294420304253,0.0039253576640299,-0.00263922125326072
3998910,32,"Tier2",0,0,1.99,352,5.8636311755981,"Windows only",0,0,0,1,1,0,0,-0.191000956662677,-0.174609008555128,0.0936365139174693
3999150,9,"Tier1",0,0,2.99,311,5.73979291217923,"Windows only",1,0,0,1,0,1,0,-0.200102891281294,-0.0515775081764219,0.0272910343386091
3999290,2,"Tier1",0,0,2.99,344,5.8406416573734,"Windows only",0,1,1,1,0,0,0,-0.200102891281294,-0.0515775081764219,0.0272910343386091
3999430,2,"Tier1",0,0,4.99,306,5.72358510195238,"Windows only",1,0,0,1,1,0,0,-0.097980093369211,0.0172174383899374,-0.00980705605692289
4000060,4,"Tier1",0,0,3.99,353,5.8664680569333,"Windows only",1,1,1,1,0,0,0,-0.163294420304253,0.0039253576640299,-0.00263922125326072
4000360,14,"Tier2",0,0,9.99,295,5.68697535633982,"Windows only",0,0,1,1,1,1,0,0.251218860272004,-0.0918672356966252,0.068024739758569
4000480,2,"Tier1",0,0,1.99,260,5.56068163101553,"Windows only",0,0,1,1,0,0,0,-0.191000956662677,-0.174609008555128,0.0936365139174693
4000510,4,"Tier1",0,0,0.99,322,5.77455154554441,"Windows only",0,0,1,1,0,0,0,-0.10419428022306,-0.415443396766967,0.223507912183871
4001120,3,"Tier1",0,0,4.99,276,5.62040086571715,"Windows only",1,1,0,0,0,0,0,-0.097980093369211,0.0172174383899374,-0.00980705605692289
4001620,10,"Tier2",0,0,3.99,303,5.71373280550937,"Windows + Linux",1,1,0,1,0,0,0,-0.163294420304253,0.0039253576640299,-0.00263922125326072
4001950,1,"Tier1",0,0,3.99,350,5.85793315448346,"Windows only",0,0,1,1,0,1,1,-0.163294420304253,0.0039253576640299,-0.00263922125326072
4002520,24,"Tier2",0,0,10.99,340,5.82894561761021,"Windows only",0,1,0,0,0,0,0,0.291956005597191,-0.109818110275501,0.0866397974300799
4002530,2,"Tier1",0,0,2.99,302,5.71042701737487,"Windows only",1,1,0,1,0,0,0,-0.200102891281294,-0.0515775081764219,0.0272910343386091
4003220,98,"Tier2",0,0,1.49,279,5.63121178182137,"Windows only",1,0,0,1,0,0,0,-0.160133911506303,-0.275447494805641,0.14801427660185
4003500,44,"Tier2",0,0,4.99,347,5.84932477994686,"Windows only",0,0,1,1,0,0,0,-0.097980093369211,0.0172174383899374,-0.00980705605692289
4003520,14,"Tier2",0,0,4.99,352,5.8636311755981,"Windows only",1,0,0,1,0,0,0,-0.097980093369211,0.0172174383899374,-0.00980705605692289
4003700,7,"Tier1",0,0,4.99,356,5.87493073085203,"Windows only",0,0,0,1,0,0,0,-0.097980093369211,0.0172174383899374,-0.00980705605692289
4004380,12,"Tier2",0,0,0.99,346,5.84643877505772,"Windows + macOS + Linux",0,0,1,0,0,0,1,-0.10419428022306,-0.415443396766967,0.223507912183871
4004650,3,"Tier1",0,0,49.99,321,5.77144112313002,"Windows only",0,0,0,0,0,1,1,0.366757544550316,-0.260600662025219,0.545952946944552
4005240,1,"Tier1",0,0,0.99,326,5.78689738136671,"Windows only",0,0,1,0,0,0,0,-0.10419428022306,-0.415443396766967,0.223507912183871
4005510,2,"Tier1",0,0,1.5,345,5.84354441703136,"Windows only",0,0,0,1,0,0,0,-0.160974191123708,-0.273089609042784,0.146742772464719
4006240,3,"Tier1",0,0,17.99,311,5.73979291217923,"Windows only",0,0,0,0,1,0,1,0.429376064752116,-0.185567587009545,0.204263061086857
4007780,2,"Tier1",0,0,5.99,333,5.80814248998044,"Windows + macOS",0,1,0,1,0,0,0,-0.0168287319568234,0.00432550733585602,-0.00254065785494112
4010330,1,"Tier1",0,0,5.99,324,5.78074351579233,"Windows + macOS",0,1,0,1,1,0,0,-0.0168287319568234,0.00432550733585602,-0.00254065785494112
4010780,8,"Tier1",0,0,5.99,298,5.6970934865054,"Windows only",0,1,0,0,0,0,0,-0.0168287319568234,0.00432550733585602,-0.00254065785494112
4011240,12,"Tier2",0,0,3.99,354,5.86929691313377,"Windows only",0,1,0,1,0,0,0,-0.163294420304253,0.0039253576640299,-0.00263922125326072
4013030,2,"Tier1",0,0,2.99,318,5.76205138278018,"Windows only",0,1,1,1,0,0,1,-0.200102891281294,-0.0515775081764219,0.0272910343386091
4014630,11,"Tier2",0,0,4.99,339,5.82600010738045,"Windows only",1,0,0,0,0,0,0,-0.097980093369211,0.0172174383899374,-0.00980705605692289
4015300,111,"Tier3",1,0,9.49,335,5.81413053182507,"Windows only",0,1,0,1,0,1,0,0.227374443376236,-0.081763761649207,0.0585852027767333
4015530,3334,"Tier4",1,0,2.99,352,5.8636311755981,"Windows only",0,0,1,1,0,1,0,-0.200102891281294,-0.0515775081764219,0.0272910343386091
4016120,6,"Tier1",0,0,4.99,352,5.8636311755981,"Windows only",0,0,0,1,0,0,0,-0.097980093369211,0.0172174383899374,-0.00980705605692289
4016750,3,"Tier1",0,0,2.99,282,5.64190707093811,"Windows only",0,0,0,1,0,0,0,-0.200102891281294,-0.0515775081764219,0.0272910343386091
4017180,23,"Tier2",0,0,0.99,326,5.78689738136671,"Windows only",0,0,1,1,0,0,0,-0.10419428022306,-0.415443396766967,0.223507912183871
4017210,23,"Tier2",0,0,0.99,326,5.78689738136671,"Windows only",0,0,1,1,0,0,0,-0.10419428022306,-0.415443396766967,0.223507912183871
4017450,87,"Tier2",0,0,7.99,272,5.605802066296,"Windows only",1,0,0,0,0,0,0,0.138467671971053,-0.0461391003521592,0.0300758282519593
4018050,6,"Tier1",0,0,4.99,336,5.8171111599632,"Windows only",0,1,1,0,0,1,0,-0.097980093369211,0.0172174383899374,-0.00980705605692289
4018910,3,"Tier1",0,0,9.99,338,5.82304589548302,"Windows only",1,1,0,0,0,0,0,0.251218860272004,-0.0918672356966252,0.068024739758569
4018920,1,"Tier1",0,0,1.99,332,5.80513496891649,"Windows + Linux",0,0,1,1,1,0,0,-0.191000956662677,-0.174609008555128,0.0936365139174693
4019450,28,"Tier2",0,0,1.99,296,5.69035945432406,"Windows + macOS + Linux",1,1,1,1,0,0,0,-0.191000956662677,-0.174609008555128,0.0936365139174693
4020720,1,"Tier1",0,0,1.99,319,5.76519110278484,"Windows only",1,1,0,1,0,0,0,-0.191000956662677,-0.174609008555128,0.0936365139174693
4021380,71,"Tier2",0,0,3.49,325,5.78382518232974,"Windows only",0,0,0,1,0,1,0,-0.186116890076566,-0.0173289811302235,0.00882230929863664
4021770,121,"Tier3",1,0,8.99,301,5.70711026474888,"Windows only",0,0,0,0,1,0,0,0.200788076739357,-0.0707802778736949,0.0490770781566566
4021980,3,"Tier1",0,0,14.99,356,5.87493073085203,"Windows only",0,1,1,0,0,1,1,0.392571032510476,-0.160815293725573,0.156651314964725
4022550,10,"Tier2",0,0,0.99,314,5.74939298590825,"Windows only",0,0,1,0,0,0,0,-0.10419428022306,-0.415443396766967,0.223507912183871
4022650,1,"Tier1",0,0,0.99,349,5.85507192220243,"Windows only",0,0,1,1,0,1,0,-0.10419428022306,-0.415443396766967,0.223507912183871
4022710,6,"Tier1",0,0,9.99,314,5.74939298590825,"Windows only",1,0,0,1,1,0,0,0.251218860272004,-0.0918672356966252,0.068024739758569
4022780,1,"Tier1",0,0,0.99,345,5.84354441703136,"Windows + Linux",0,0,1,0,0,0,1,-0.10419428022306,-0.415443396766967,0.223507912183871
4022880,4,"Tier1",0,0,3.99,330,5.79909265446053,"Windows only",0,0,1,1,0,1,1,-0.163294420304253,0.0039253576640299,-0.00263922125326072
4023200,4,"Tier1",0,0,4.99,321,5.77144112313002,"Windows only",1,1,0,1,0,0,0,-0.097980093369211,0.0172174383899374,-0.00980705605692289
4023900,4,"Tier1",0,0,1.99,317,5.75890177387728,"Windows only",0,0,1,1,0,0,0,-0.191000956662677,-0.174609008555128,0.0936365139174693
4024130,1,"Tier1",0,0,4.49,362,5.89164421182577,"Windows only",0,0,1,0,0,1,0,-0.133453755302326,0.0147876202368631,-0.00849676194396054
4025330,133,"Tier3",1,0,6.99,323,5.77765232322266,"Windows + macOS",0,1,1,1,1,1,0,0.0647926208600656,-0.0196821001690604,0.012133851804991
4025420,21,"Tier2",0,0,2.99,268,5.59098698051086,"Windows only",0,1,0,1,0,0,0,-0.200102891281294,-0.0515775081764219,0.0272910343386091
4025760,3,"Tier1",0,0,4.99,346,5.84643877505772,"Windows + macOS",0,0,1,1,1,0,0,-0.097980093369211,0.0172174383899374,-0.00980705605692289
4027120,7,"Tier1",0,0,2.99,321,5.77144112313002,"Windows only",0,0,0,1,0,0,0,-0.200102891281294,-0.0515775081764219,0.0272910343386091
4027680,14,"Tier2",0,0,1.99,306,5.72358510195238,"Windows only",0,0,1,1,0,0,0,-0.191000956662677,-0.174609008555128,0.0936365139174693
4028620,3,"Tier1",0,0,0.99,296,5.69035945432406,"Windows only",0,0,1,0,1,0,0,-0.10419428022306,-0.415443396766967,0.223507912183871
4028870,22,"Tier2",0,0,9.99,326,5.78689738136671,"Windows + Linux",0,0,0,1,0,0,0,0.251218860272004,-0.0918672356966252,0.068024739758569
4029000,1,"Tier1",0,0,3.99,287,5.65948221575962,"Windows only",1,1,0,1,0,0,0,-0.163294420304253,0.0039253576640299,-0.00263922125326072
4029480,12,"Tier2",0,0,6.99,345,5.84354441703136,"Windows only",0,0,0,1,1,0,0,0.0647926208600656,-0.0196821001690604,0.012133851804991
4030060,8,"Tier1",0,0,4.99,337,5.82008293035236,"Windows only",0,0,1,0,0,0,0,-0.097980093369211,0.0172174383899374,-0.00980705605692289
4030450,2,"Tier1",0,0,9.99,325,5.78382518232974,"Windows + macOS + Linux",0,0,1,0,0,0,0,0.251218860272004,-0.0918672356966252,0.068024739758569
4031390,2,"Tier1",0,0,3.48,297,5.6937321388027,"Windows only",0,0,1,0,0,0,0,-0.186490149361295,-0.0178766056130731,0.00911761910817283
4032270,3,"Tier1",0,0,3.99,275,5.61677109766657,"Windows only",0,0,0,1,0,0,1,-0.163294420304253,0.0039253576640299,-0.00263922125326072
4032670,1,"Tier1",0,0,2.99,298,5.6970934865054,"Windows only",1,0,0,0,0,0,1,-0.200102891281294,-0.0515775081764219,0.0272910343386091
4032820,1,"Tier1",0,0,0.99,269,5.59471137960184,"Windows only",0,1,1,0,0,0,0,-0.10419428022306,-0.415443396766967,0.223507912183871
4033140,1,"Tier1",0,0,3.99,345,5.84354441703136,"Windows + macOS",0,1,0,1,1,0,0,-0.163294420304253,0.0039253576640299,-0.00263922125326072
4033260,7,"Tier1",0,0,9.99,325,5.78382518232974,"Windows only",0,0,1,1,1,0,1,0.251218860272004,-0.0918672356966252,0.068024739758569
4033410,3,"Tier1",0,0,4.99,327,5.78996017089725,"Windows only",0,1,0,0,0,0,0,-0.097980093369211,0.0172174383899374,-0.00980705605692289
4033430,45,"Tier2",0,0,5.99,325,5.78382518232974,"Windows only",0,0,0,1,0,1,0,-0.0168287319568234,0.00432550733585602,-0.00254065785494112
4033820,3,"Tier1",0,0,0.99,331,5.80211837537706,"Windows only",0,0,1,1,0,0,1,-0.10419428022306,-0.415443396766967,0.223507912183871
4034000,178,"Tier3",1,0,4.99,306,5.72358510195238,"Windows only",1,1,0,1,0,1,0,-0.097980093369211,0.0172174383899374,-0.00980705605692289
4034390,2,"Tier1",0,0,3.99,275,5.61677109766657,"Windows only",0,0,1,1,0,0,1,-0.163294420304253,0.0039253576640299,-0.00263922125326072
4035130,18,"Tier2",0,0,2.99,328,5.79301360838414,"Windows only",0,1,1,1,0,0,0,-0.200102891281294,-0.0515775081764219,0.0272910343386091
4035270,4621,"Tier4",1,0,2.99,268,5.59098698051086,"Windows only",0,0,1,0,0,0,0,-0.200102891281294,-0.0515775081764219,0.0272910343386091
4035390,1,"Tier1",0,0,2.99,337,5.82008293035236,"Windows only",1,0,0,1,0,0,0,-0.200102891281294,-0.0515775081764219,0.0272910343386091
4036810,2,"Tier1",0,0,0.99,339,5.82600010738045,"Windows only",0,1,1,1,0,1,1,-0.10419428022306,-0.415443396766967,0.223507912183871
4037070,2,"Tier1",0,0,1.99,271,5.6021188208797,"Windows only",0,0,1,1,0,0,0,-0.191000956662677,-0.174609008555128,0.0936365139174693
4037590,3,"Tier1",0,0,0.99,335,5.81413053182507,"Windows + macOS",1,0,0,1,0,0,0,-0.10419428022306,-0.415443396766967,0.223507912183871
4037960,5,"Tier1",0,0,1.99,290,5.66988092298052,"Windows + macOS + Linux",0,0,1,1,0,1,0,-0.191000956662677,-0.174609008555128,0.0936365139174693
4038000,5,"Tier1",0,0,2.99,340,5.82894561761021,"Windows + macOS + Linux",0,0,0,1,0,0,0,-0.200102891281294,-0.0515775081764219,0.0272910343386091
4038570,2,"Tier1",0,0,2.99,338,5.82304589548302,"Windows + macOS",0,0,1,1,0,1,0,-0.200102891281294,-0.0515775081764219,0.0272910343386091
4038680,14,"Tier2",0,0,19.99,272,5.605802066296,"Windows only",1,0,0,0,0,0,0,0.443367319783897,-0.198158365479033,0.23384151956249
4038910,5,"Tier1",0,0,7.99,320,5.76832099579377,"Windows + macOS",1,0,0,1,0,0,0,0.138467671971053,-0.0461391003521592,0.0300758282519593
4039840,16,"Tier2",0,0,2.99,317,5.75890177387728,"Windows only",0,0,1,0,0,0,0,-0.200102891281294,-0.0515775081764219,0.0272910343386091
4040220,1,"Tier1",0,0,2.5,339,5.82600010738045,"Windows only",0,0,0,0,0,0,1,-0.202901925565326,-0.101150755470328,0.0540237073196894
4041280,8,"Tier1",0,0,4.99,289,5.66642668811243,"Windows only",1,1,0,1,0,0,0,-0.097980093369211,0.0172174383899374,-0.00980705605692289
4041800,1,"Tier1",0,0,4.99,334,5.8111409929767,"Windows only",0,1,1,1,1,0,0,-0.097980093369211,0.0172174383899374,-0.00980705605692289
4041870,4,"Tier1",0,0,4.99,324,5.78074351579233,"Windows only",1,0,0,1,0,0,0,-0.097980093369211,0.0172174383899374,-0.00980705605692289
4042100,1,"Tier1",0,0,3.99,291,5.67332326717149,"Windows only",1,0,1,0,0,0,0,-0.163294420304253,0.0039253576640299,-0.00263922125326072
4042190,15,"Tier2",0,0,5.99,337,5.82008293035236,"Windows only",1,1,0,1,0,0,0,-0.0168287319568234,0.00432550733585602,-0.00254065785494112
4042220,14,"Tier2",0,0,3.99,343,5.83773044716594,"Windows only",1,1,0,1,0,0,0,-0.163294420304253,0.0039253576640299,-0.00263922125326072
4043270,12,"Tier2",0,0,1.49,338,5.82304589548302,"Windows only",1,1,1,0,0,1,1,-0.160133911506303,-0.275447494805641,0.14801427660185
4043620,4,"Tier1",0,0,1.99,314,5.74939298590825,"Windows only",0,1,1,1,0,0,0,-0.191000956662677,-0.174609008555128,0.0936365139174693
4043890,2,"Tier1",0,0,5.99,265,5.57972982598622,"Windows only",0,0,0,1,1,0,1,-0.0168287319568234,0.00432550733585602,-0.00254065785494112
4045150,48,"Tier2",0,0,0.99,334,5.8111409929767,"Windows only",0,0,1,1,1,0,0,-0.10419428022306,-0.415443396766967,0.223507912183871
4045300,3,"Tier1",0,0,1.99,269,5.59471137960184,"Windows only",0,1,1,0,0,0,0,-0.191000956662677,-0.174609008555128,0.0936365139174693
4045890,16,"Tier2",0,1,0,342,5.8348107370626,"Windows + macOS + Linux",0,0,0,1,0,0,1,0,0,0
4045970,4,"Tier1",0,0,3,335,5.81413053182507,"Windows + macOS + Linux",0,0,1,1,0,1,0,-0.199924239101678,-0.0507442418316123,0.026841690429991
4047260,1,"Tier1",0,0,4.99,305,5.72031177660741,"Windows only",1,0,0,0,0,0,0,-0.097980093369211,0.0172174383899374,-0.00980705605692289
4047290,2,"Tier1",0,0,0.99,338,5.82304589548302,"Windows only",1,0,0,1,0,0,0,-0.10419428022306,-0.415443396766967,0.223507912183871
4048080,64,"Tier2",0,0,0.99,326,5.78689738136671,"Windows only",1,1,1,1,1,1,0,-0.10419428022306,-0.415443396766967,0.223507912183871
4048550,67,"Tier2",0,0,14.99,274,5.61312810638807,"Windows only",1,1,0,0,0,1,0,0.392571032510476,-0.160815293725573,0.156651314964725
4048960,2,"Tier1",0,0,5.99,290,5.66988092298052,"Windows only",0,0,0,0,1,0,0,-0.0168287319568234,0.00432550733585602,-0.00254065785494112
4049780,1,"Tier1",0,0,4.99,299,5.70044357339069,"Windows only",1,0,1,1,0,0,0,-0.097980093369211,0.0172174383899374,-0.00980705605692289
4050410,1,"Tier1",0,0,0.99,325,5.78382518232974,"Windows only",1,0,0,1,0,0,0,-0.10419428022306,-0.415443396766967,0.223507912183871
4050690,1,"Tier1",0,0,9.99,286,5.65599181081985,"Windows only",0,1,0,1,0,0,0,0.251218860272004,-0.0918672356966252,0.068024739758569
4050900,2,"Tier1",0,0,2.99,312,5.74300318780948,"Windows only",0,0,1,0,0,0,0,-0.200102891281294,-0.0515775081764219,0.0272910343386091
4050920,35,"Tier2",0,0,7.99,304,5.71702770140622,"Windows only",0,1,0,1,0,0,1,0.138467671971053,-0.0461391003521592,0.0300758282519593
4051060,1,"Tier1",0,0,1.99,326,5.78689738136671,"Windows only",1,0,0,0,0,0,0,-0.191000956662677,-0.174609008555128,0.0936365139174693
4051880,1,"Tier1",0,0,2.99,328,5.79301360838414,"Windows only",0,0,0,0,0,0,0,-0.200102891281294,-0.0515775081764219,0.0272910343386091
4052020,3,"Tier1",0,0,3.99,289,5.66642668811243,"Windows only",0,1,0,1,0,0,0,-0.163294420304253,0.0039253576640299,-0.00263922125326072
4052630,4,"Tier1",0,0,0.99,335,5.81413053182507,"Windows only",1,0,1,1,0,0,0,-0.10419428022306,-0.415443396766967,0.223507912183871
4052780,4,"Tier1",0,0,0.99,338,5.82304589548302,"Windows only",1,1,1,1,0,0,0,-0.10419428022306,-0.415443396766967,0.223507912183871
4053140,3,"Tier1",0,0,4.99,278,5.62762111369064,"Windows only",0,0,1,1,0,0,0,-0.097980093369211,0.0172174383899374,-0.00980705605692289
4053490,1,"Tier1",0,0,8.99,284,5.64897423816121,"Windows only",1,1,0,1,0,0,0,0.200788076739357,-0.0707802778736949,0.0490770781566566
4055130,4,"Tier1",0,0,2.99,301,5.70711026474888,"Windows only",1,1,1,1,0,0,0,-0.200102891281294,-0.0515775081764219,0.0272910343386091
4055950,2,"Tier1",0,0,3.99,293,5.68017260901707,"Windows only",0,1,0,1,0,0,0,-0.163294420304253,0.0039253576640299,-0.00263922125326072
4056480,16,"Tier2",0,0,2.99,325,5.78382518232974,"Windows only",1,0,1,1,0,0,0,-0.200102891281294,-0.0515775081764219,0.0272910343386091
4056580,1,"Tier1",0,0,9.99,324,5.78074351579233,"Windows only",0,0,1,0,0,0,0,0.251218860272004,-0.0918672356966252,0.068024739758569
4056630,1,"Tier1",0,0,9.99,261,5.56452040732269,"Windows + macOS + Linux",0,0,1,0,0,0,0,0.251218860272004,-0.0918672356966252,0.068024739758569
4056910,22,"Tier2",0,0,5.99,282,5.64190707093811,"Windows only",0,1,0,1,0,1,0,-0.0168287319568234,0.00432550733585602,-0.00254065785494112
4056960,1,"Tier1",0,0,2.99,307,5.7268477475872,"Windows + Linux",0,0,1,1,0,0,0,-0.200102891281294,-0.0515775081764219,0.0272910343386091
4059360,713,"Tier3",1,0,4.99,304,5.71702770140622,"Windows + macOS + Linux",0,1,0,1,0,1,0,-0.097980093369211,0.0172174383899374,-0.00980705605692289
4059600,1,"Tier1",0,0,16.99,265,5.57972982598622,"Windows only",0,1,1,1,0,1,0,0.419575949297417,-0.178216261844633,0.188841310784716
4062210,2,"Tier1",0,0,7.99,303,5.71373280550937,"Windows only",0,0,0,0,0,1,0,0.138467671971053,-0.0461391003521592,0.0300758282519593
4062770,4,"Tier1",0,0,1.99,288,5.66296048013595,"Windows only",1,1,0,1,0,0,0,-0.191000956662677,-0.174609008555128,0.0936365139174693
4062800,1,"Tier1",0,0,1.99,266,5.5834963087817,"Windows only",0,1,1,1,0,1,0,-0.191000956662677,-0.174609008555128,0.0936365139174693
4065010,5,"Tier1",0,0,7.99,332,5.80513496891649,"Windows only",0,0,0,1,0,1,0,0.138467671971053,-0.0461391003521592,0.0300758282519593
4067310,1,"Tier1",0,0,3.49,304,5.71702770140622,"Windows only",0,0,1,0,0,0,0,-0.186116890076566,-0.0173289811302235,0.00882230929863664
4067390,6,"Tier1",0,0,13.99,334,5.8111409929767,"Windows only",1,0,0,0,0,0,0,0.374378963846971,-0.15044831662319,0.139856650607732
4067490,2,"Tier1",0,0,1.99,311,5.73979291217923,"Windows only",0,0,1,1,0,0,0,-0.191000956662677,-0.174609008555128,0.0936365139174693
4068510,1,"Tier1",0,0,4.99,307,5.7268477475872,"Windows + Linux",0,1,0,1,0,0,0,-0.097980093369211,0.0172174383899374,-0.00980705605692289
4068630,1,"Tier1",0,0,4.99,326,5.78689738136671,"Windows + macOS",0,0,1,1,0,1,0,-0.097980093369211,0.0172174383899374,-0.00980705605692289
4068860,1,"Tier1",0,0,1.2,331,5.80211837537706,"Windows only",0,0,1,1,0,0,0,-0.131194284298963,-0.351000986143154,0.18875695308076
4069860,18,"Tier2",0,0,3.99,276,5.62040086571715,"Windows + macOS + Linux",0,0,1,1,0,0,0,-0.163294420304253,0.0039253576640299,-0.00263922125326072
4072280,4,"Tier1",0,0,0.99,307,5.7268477475872,"Windows only",0,0,1,1,0,0,0,-0.10419428022306,-0.415443396766967,0.223507912183871
4072790,29,"Tier2",0,0,3.99,313,5.74620319054015,"Windows only",0,1,1,0,0,1,1,-0.163294420304253,0.0039253576640299,-0.00263922125326072
4073470,2,"Tier1",0,0,4.99,317,5.75890177387728,"Windows only",0,0,0,0,0,0,1,-0.097980093369211,0.0172174383899374,-0.00980705605692289
4073530,2,"Tier1",0,0,0.99,265,5.57972982598622,"Windows only",1,0,0,0,0,0,0,-0.10419428022306,-0.415443396766967,0.223507912183871
4076360,2,"Tier1",0,0,2.99,314,5.74939298590825,"Windows only",0,0,0,1,1,0,0,-0.200102891281294,-0.0515775081764219,0.0272910343386091
4076470,18,"Tier2",0,0,4.99,289,5.66642668811243,"Windows only",0,0,0,1,0,0,0,-0.097980093369211,0.0172174383899374,-0.00980705605692289
4076810,1,"Tier1",0,0,2.99,307,5.7268477475872,"Windows only",1,1,0,1,0,0,0,-0.200102891281294,-0.0515775081764219,0.0272910343386091
4078030,41,"Tier2",0,0,0.59,316,5.75574221358691,"Windows only",0,1,1,1,1,1,0,-0.0366176773947401,-0.566115850026346,0.304758942530136
4078150,42,"Tier2",0,0,3.99,276,5.62040086571715,"Windows only",0,0,1,1,0,1,0,-0.163294420304253,0.0039253576640299,-0.00263922125326072
4079330,2,"Tier1",0,0,5.99,280,5.63478960316925,"Windows only",1,1,1,1,0,0,0,-0.0168287319568234,0.00432550733585602,-0.00254065785494112
4080150,1,"Tier1",0,0,4.99,289,5.66642668811243,"Windows only",1,0,0,0,0,0,0,-0.097980093369211,0.0172174383899374,-0.00980705605692289
4080230,1,"Tier1",0,0,14.99,313,5.74620319054015,"Windows only",0,0,0,1,0,1,1,0.392571032510476,-0.160815293725573,0.156651314964725
4083540,1,"Tier1",0,0,0.99,319,5.76519110278484,"Windows only",0,0,1,1,0,1,0,-0.10419428022306,-0.415443396766967,0.223507912183871
4084730,1,"Tier1",0,0,1.99,277,5.62401750618734,"Windows only",0,1,0,0,0,0,0,-0.191000956662677,-0.174609008555128,0.0936365139174693
4085510,5,"Tier1",0,0,0.99,313,5.74620319054015,"Windows only",1,1,1,1,0,0,1,-0.10419428022306,-0.415443396766967,0.223507912183871
4086240,3,"Tier1",0,0,12.99,282,5.64190707093811,"Windows + Linux",1,1,0,1,0,0,0,0.352184179054766,-0.138692384061404,0.122585476016817
4086260,2,"Tier1",0,0,2.99,314,5.74939298590825,"Windows + Linux",0,0,1,1,0,0,1,-0.200102891281294,-0.0515775081764219,0.0272910343386091
4086350,9,"Tier1",0,0,8.99,305,5.72031177660741,"Windows only",1,0,0,1,0,0,0,0.200788076739357,-0.0707802778736949,0.0490770781566566
4089540,4,"Tier1",0,0,3.99,310,5.73657229747919,"Windows only",0,1,1,1,0,0,0,-0.163294420304253,0.0039253576640299,-0.00263922125326072
4091700,2,"Tier1",0,0,5.99,296,5.69035945432406,"Windows + macOS",1,1,1,1,1,0,0,-0.0168287319568234,0.00432550733585602,-0.00254065785494112
4092400,7,"Tier1",0,0,2.99,294,5.68357976733868,"Windows only",0,1,0,0,1,0,0,-0.200102891281294,-0.0515775081764219,0.0272910343386091
4093400,68,"Tier2",0,0,24.99,284,5.64897423816121,"Windows + macOS + Linux",0,1,0,1,0,0,0,0.456151751806107,-0.220841737810706,0.30120429943399
4093550,10,"Tier2",0,0,0.99,285,5.65248918026865,"Windows only",0,0,1,1,0,0,1,-0.10419428022306,-0.415443396766967,0.223507912183871
4094260,2,"Tier1",0,0,1.99,270,5.59842195899838,"Windows only",0,1,0,1,0,0,0,-0.191000956662677,-0.174609008555128,0.0936365139174693
4094490,9,"Tier1",0,0,4.99,303,5.71373280550937,"Windows only",0,0,1,0,0,0,0,-0.097980093369211,0.0172174383899374,-0.00980705605692289
4096000,5,"Tier1",0,0,19.99,313,5.74620319054015,"Windows + macOS",0,1,1,0,0,0,0,0.443367319783897,-0.198158365479033,0.23384151956249
4097370,7,"Tier1",0,0,0.74,300,5.7037824746562,"Windows only",0,0,0,1,0,0,0,-0.064582942161785,-0.504841987531628,0.271716642140822
4097410,2,"Tier1",0,0,2.99,309,5.73334127689775,"Windows only",1,0,1,1,0,0,0,-0.200102891281294,-0.0515775081764219,0.0272910343386091
4097500,6,"Tier1",0,0,3.99,289,5.66642668811243,"Windows + macOS",0,0,0,1,0,0,0,-0.163294420304253,0.0039253576640299,-0.00263922125326072
4097890,1,"Tier1",0,0,1.99,319,5.76519110278484,"Windows only",0,0,1,1,0,0,0,-0.191000956662677,-0.174609008555128,0.0936365139174693
4101050,7,"Tier1",0,0,6.99,313,5.74620319054015,"Windows only",1,0,0,1,0,0,0,0.0647926208600656,-0.0196821001690604,0.012133851804991
4101990,2,"Tier1",0,0,1.99,297,5.6937321388027,"Windows only",0,0,1,1,0,1,0,-0.191000956662677,-0.174609008555128,0.0936365139174693
4103080,1,"Tier1",0,0,4.99,317,5.75890177387728,"Windows only",0,0,1,1,1,0,0,-0.097980093369211,0.0172174383899374,-0.00980705605692289
4103510,2,"Tier1",0,0,19.99,324,5.78074351579233,"Windows + macOS",0,1,1,0,0,0,0,0.443367319783897,-0.198158365479033,0.23384151956249
4103720,5,"Tier1",0,0,4.99,310,5.73657229747919,"Windows + Linux",1,0,1,1,0,0,0,-0.097980093369211,0.0172174383899374,-0.00980705605692289
4104030,3,"Tier1",0,0,2.99,306,5.72358510195238,"Windows only",0,1,0,1,0,0,0,-0.200102891281294,-0.0515775081764219,0.0272910343386091
4104220,2,"Tier1",0,0,2.99,278,5.62762111369064,"Windows only",1,1,0,0,0,0,0,-0.200102891281294,-0.0515775081764219,0.0272910343386091
4104260,2,"Tier1",0,0,1.99,296,5.69035945432406,"Windows only",0,0,1,1,0,0,0,-0.191000956662677,-0.174609008555128,0.0936365139174693
4104830,2,"Tier1",0,0,4.99,287,5.65948221575962,"Windows only",0,1,1,1,1,0,0,-0.097980093369211,0.0172174383899374,-0.00980705605692289
4105120,20,"Tier2",0,0,4.99,286,5.65599181081985,"Windows only",0,1,0,1,0,0,0,-0.097980093369211,0.0172174383899374,-0.00980705605692289
4105170,1,"Tier1",0,0,3.99,283,5.64544689764324,"Windows only",0,1,0,0,0,0,0,-0.163294420304253,0.0039253576640299,-0.00263922125326072
4105390,2,"Tier1",0,0,0.99,305,5.72031177660741,"Windows only",0,0,1,1,0,0,0,-0.10419428022306,-0.415443396766967,0.223507912183871
4105570,6,"Tier1",0,0,1.99,293,5.68017260901707,"Windows only",0,1,1,1,1,0,0,-0.191000956662677,-0.174609008555128,0.0936365139174693
4108010,2,"Tier1",0,0,7.99,305,5.72031177660741,"Windows only",0,0,0,0,1,0,0,0.138467671971053,-0.0461391003521592,0.0300758282519593
4108710,3,"Tier1",0,0,2.99,282,5.64190707093811,"Windows only",1,1,1,0,1,0,0,-0.200102891281294,-0.0515775081764219,0.0272910343386091
4109200,1,"Tier1",0,0,3.99,313,5.74620319054015,"Windows only",0,0,1,1,0,1,0,-0.163294420304253,0.0039253576640299,-0.00263922125326072
4109440,10,"Tier2",0,0,1.99,286,5.65599181081985,"Windows only",0,0,1,1,0,1,0,-0.191000956662677,-0.174609008555128,0.0936365139174693
4109760,3,"Tier1",0,0,3.99,301,5.70711026474888,"Windows only",1,0,1,1,0,0,1,-0.163294420304253,0.0039253576640299,-0.00263922125326072
4111100,1,"Tier1",0,0,9.99,283,5.64544689764324,"Windows only",0,0,0,1,1,0,0,0.251218860272004,-0.0918672356966252,0.068024739758569
4111190,24,"Tier2",0,0,2.99,300,5.7037824746562,"Windows only",0,1,1,1,0,0,0,-0.200102891281294,-0.0515775081764219,0.0272910343386091
4111920,3,"Tier1",0,0,5.99,310,5.73657229747919,"Windows only",1,1,0,1,0,0,0,-0.0168287319568234,0.00432550733585602,-0.00254065785494112
4112630,3,"Tier1",0,0,4.99,258,5.55295958492162,"Windows + Linux",0,0,0,1,0,0,0,-0.097980093369211,0.0172174383899374,-0.00980705605692289
4113200,42,"Tier2",0,0,4.99,270,5.59842195899838,"Windows only",0,0,1,1,0,0,0,-0.097980093369211,0.0172174383899374,-0.00980705605692289
4113410,14,"Tier2",0,0,0.99,313,5.74620319054015,"Windows only",0,1,1,1,0,0,0,-0.10419428022306,-0.415443396766967,0.223507912183871
4113470,97,"Tier2",0,0,6.99,290,5.66988092298052,"Windows only",1,1,1,1,0,0,0,0.0647926208600656,-0.0196821001690604,0.012133851804991
4113500,4,"Tier1",0,0,9.99,313,5.74620319054015,"Windows only",0,0,0,1,1,1,1,0.251218860272004,-0.0918672356966252,0.068024739758569
4115350,3,"Tier1",0,0,2.99,308,5.73009978297357,"Windows only",1,1,0,0,0,0,0,-0.200102891281294,-0.0515775081764219,0.0272910343386091
4116900,1,"Tier1",0,0,1.99,276,5.62040086571715,"Windows + macOS",0,0,1,1,0,0,0,-0.191000956662677,-0.174609008555128,0.0936365139174693
4117360,1,"Tier1",0,0,14.99,298,5.6970934865054,"Windows only",0,1,0,1,0,0,0,0.392571032510476,-0.160815293725573,0.156651314964725
4117500,1,"Tier1",0,0,0.99,312,5.74300318780948,"Windows only",0,0,0,1,0,0,0,-0.10419428022306,-0.415443396766967,0.223507912183871
4117930,1,"Tier1",0,0,1.99,304,5.71702770140622,"Windows + Linux",0,1,0,0,0,0,0,-0.191000956662677,-0.174609008555128,0.0936365139174693
4121010,8,"Tier1",0,0,2.99,269,5.59471137960184,"Windows + Linux",1,0,0,0,0,0,0,-0.200102891281294,-0.0515775081764219,0.0272910343386091
4121040,1,"Tier1",0,0,4.99,277,5.62401750618734,"Windows only",1,0,1,1,0,0,0,-0.097980093369211,0.0172174383899374,-0.00980705605692289
4122210,9,"Tier1",0,0,0.99,308,5.73009978297357,"Windows + macOS",1,0,1,1,0,0,0,-0.10419428022306,-0.415443396766967,0.223507912183871
4122860,24,"Tier2",0,1,0,307,5.7268477475872,"Windows + macOS + Linux",0,1,0,1,0,0,0,0,0,0
4123050,10,"Tier2",0,0,3.99,305,5.72031177660741,"Windows only",1,0,0,0,0,0,0,-0.163294420304253,0.0039253576640299,-0.00263922125326072
4123500,5,"Tier1",0,0,9.99,257,5.54907608489522,"Windows only",1,0,0,0,0,0,0,0.251218860272004,-0.0918672356966252,0.068024739758569
4123890,56,"Tier2",0,0,0.59,273,5.60947179518496,"Windows only",1,0,1,0,0,1,0,-0.0366176773947401,-0.566115850026346,0.304758942530136
4125150,4,"Tier1",0,0,0.99,272,5.605802066296,"Windows only",1,1,1,1,0,1,0,-0.10419428022306,-0.415443396766967,0.223507912183871
4125970,2,"Tier1",0,0,8.99,291,5.67332326717149,"Windows only",1,1,1,1,0,0,0,0.200788076739357,-0.0707802778736949,0.0490770781566566
4126270,1,"Tier1",0,0,2.99,304,5.71702770140622,"Windows + macOS",0,0,0,1,0,0,0,-0.200102891281294,-0.0515775081764219,0.0272910343386091
4127400,3,"Tier1",0,0,1.99,299,5.70044357339069,"Windows only",0,0,1,1,1,0,1,-0.191000956662677,-0.174609008555128,0.0936365139174693
4127870,1,"Tier1",0,0,6.99,280,5.63478960316925,"Windows only",0,1,0,1,1,0,1,0.0647926208600656,-0.0196821001690604,0.012133851804991
4128150,21,"Tier2",0,0,14.99,287,5.65948221575962,"Windows only",1,1,0,1,0,0,0,0.392571032510476,-0.160815293725573,0.156651314964725
4129410,6,"Tier1",0,0,9.99,286,5.65599181081985,"Windows + macOS",0,0,1,0,0,0,0,0.251218860272004,-0.0918672356966252,0.068024739758569
4129570,1,"Tier1",0,0,3.99,304,5.71702770140622,"Windows only",1,1,0,0,0,0,1,-0.163294420304253,0.0039253576640299,-0.00263922125326072
4129690,1,"Tier1",0,0,1.07,290,5.66988092298052,"Windows only",1,1,0,0,0,0,0,-0.11512239285368,-0.389834443036995,0.209698129229928
4131140,6,"Tier1",0,0,3.99,293,5.68017260901707,"Windows only",0,0,0,0,0,1,0,-0.163294420304253,0.0039253576640299,-0.00263922125326072
4132780,3,"Tier1",0,0,18.99,292,5.67675380226828,"Windows only",1,0,1,1,0,1,0,0.43720965676205,-0.192182946818671,0.219257388142993
4132800,13,"Tier2",0,0,4.99,292,5.67675380226828,"Windows only",1,0,0,1,0,0,0,-0.097980093369211,0.0172174383899374,-0.00980705605692289
4133370,4,"Tier1",0,0,4.99,279,5.63121178182137,"Windows only",0,0,1,1,0,1,0,-0.097980093369211,0.0172174383899374,-0.00980705605692289
4133950,1,"Tier1",0,0,2.99,265,5.57972982598622,"Windows only",0,0,0,1,0,0,0,-0.200102891281294,-0.0515775081764219,0.0272910343386091
4133980,2,"Tier1",0,0,13.99,285,5.65248918026865,"Windows only",0,1,0,1,0,0,0,0.374378963846971,-0.15044831662319,0.139856650607732
4135730,1,"Tier1",0,0,4.99,261,5.56452040732269,"Windows + macOS + Linux",0,0,1,1,0,0,1,-0.097980093369211,0.0172174383899374,-0.00980705605692289
4137880,128,"Tier3",1,0,2.99,278,5.62762111369064,"Windows only",0,0,0,1,0,0,0,-0.200102891281294,-0.0515775081764219,0.0272910343386091
4139030,7,"Tier1",0,0,3.99,296,5.69035945432406,"Windows + macOS",0,0,1,1,1,1,1,-0.163294420304253,0.0039253576640299,-0.00263922125326072
4140080,2,"Tier1",0,0,4.99,262,5.5683445037611,"Windows only",1,1,0,0,0,0,0,-0.097980093369211,0.0172174383899374,-0.00980705605692289
4140370,1,"Tier1",0,0,5.7,263,5.57215403217776,"Windows only",0,1,1,1,1,0,0,-0.0409870026673484,0.00976583298958056,-0.00566867241352492
4141140,34,"Tier2",0,0,7.2,275,5.61677109766657,"Windows + macOS",0,0,0,1,0,0,0,0.0810881758662916,-0.0252235409466942,0.015725101316525
4143570,1,"Tier1",0,0,4.99,296,5.69035945432406,"Windows + macOS",1,0,0,0,1,0,1,-0.097980093369211,0.0172174383899374,-0.00980705605692289
4144840,1,"Tier1",0,0,5.99,291,5.67332326717149,"Windows + macOS",0,1,1,0,0,0,0,-0.0168287319568234,0.00432550733585602,-0.00254065785494112
4147730,4,"Tier1",0,0,7.99,290,5.66988092298052,"Windows only",1,0,0,1,1,0,0,0.138467671971053,-0.0461391003521592,0.0300758282519593
4148020,1,"Tier1",0,0,2.99,290,5.66988092298052,"Windows only",0,0,1,1,0,1,0,-0.200102891281294,-0.0515775081764219,0.0272910343386091
4148290,2,"Tier1",0,0,3.99,297,5.6937321388027,"Windows only",0,1,0,1,0,1,0,-0.163294420304253,0.0039253576640299,-0.00263922125326072
4148960,1,"Tier1",0,0,8.99,286,5.65599181081985,"Windows only",0,1,0,0,0,0,0,0.200788076739357,-0.0707802778736949,0.0490770781566566
4149960,51,"Tier2",0,0,2.99,289,5.66642668811243,"Windows only",0,0,0,0,0,1,0,-0.200102891281294,-0.0515775081764219,0.0272910343386091
4150260,1,"Tier1",0,0,1.99,299,5.70044357339069,"Windows only",0,0,1,0,0,0,0,-0.191000956662677,-0.174609008555128,0.0936365139174693
4150680,3,"Tier1",0,0,3.99,285,5.65248918026865,"Windows only",0,0,1,0,0,0,0,-0.163294420304253,0.0039253576640299,-0.00263922125326072
4152310,94,"Tier2",0,0,6.15,269,5.59471137960184,"Windows + Linux",0,0,0,1,0,1,0,-0.00349333657237544,0.000929848591328386,-0.000550034211368511
4153370,4,"Tier1",0,0,0.99,298,5.6970934865054,"Windows only",1,0,0,1,0,0,0,-0.10419428022306,-0.415443396766967,0.223507912183871
4153890,28,"Tier2",0,0,2.99,297,5.6937321388027,"Windows only",0,1,0,1,0,1,0,-0.200102891281294,-0.0515775081764219,0.0272910343386091
4154110,2,"Tier1",0,0,1.25,271,5.6021188208797,"Windows only",1,1,0,0,0,0,1,-0.136843449947405,-0.336928136776574,0.181168084072475
4154430,3,"Tier1",0,1,0,273,5.60947179518496,"Windows only",1,1,0,1,0,0,0,0,0,0
4154760,1,"Tier1",0,0,5.99,297,5.6937321388027,"Windows only",0,0,1,1,0,1,1,-0.0168287319568234,0.00432550733585602,-0.00254065785494112
4155130,1,"Tier1",0,0,4.99,270,5.59842195899838,"Windows + Linux",1,0,1,1,0,0,0,-0.097980093369211,0.0172174383899374,-0.00980705605692289
4155500,1,"Tier1",0,0,0.99,282,5.64190707093811,"Windows + macOS + Linux",0,1,1,1,0,0,0,-0.10419428022306,-0.415443396766967,0.223507912183871
4157640,1,"Tier1",0,0,4.99,282,5.64190707093811,"Windows only",1,1,0,1,0,0,0,-0.097980093369211,0.0172174383899374,-0.00980705605692289
4158430,1,"Tier1",0,0,4.99,286,5.65599181081985,"Windows only",0,0,1,1,0,0,0,-0.097980093369211,0.0172174383899374,-0.00980705605692289
4160960,7,"Tier1",0,0,8.99,291,5.67332326717149,"Windows only",0,0,0,1,0,1,0,0.200788076739357,-0.0707802778736949,0.0490770781566566
4161290,1,"Tier1",0,0,4.99,283,5.64544689764324,"Windows only",0,0,0,1,1,0,0,-0.097980093369211,0.0172174383899374,-0.00980705605692289
4161370,1,"Tier1",0,0,2.99,267,5.58724865840025,"Windows only",1,1,0,0,0,0,0,-0.200102891281294,-0.0515775081764219,0.0272910343386091
4161490,1,"Tier1",0,0,3.99,289,5.66642668811243,"Windows only",1,1,0,1,1,0,0,-0.163294420304253,0.0039253576640299,-0.00263922125326072
4161930,90,"Tier2",0,0,2.99,283,5.64544689764324,"Windows only",1,1,0,1,0,1,0,-0.200102891281294,-0.0515775081764219,0.0272910343386091
4162240,1,"Tier1",0,0,0.99,287,5.65948221575962,"Windows only",0,0,1,1,0,1,1,-0.10419428022306,-0.415443396766967,0.223507912183871
4162270,6,"Tier1",0,0,0.99,290,5.66988092298052,"Windows only",0,0,1,1,0,0,0,-0.10419428022306,-0.415443396766967,0.223507912183871
4162280,8,"Tier1",0,0,0.99,296,5.69035945432406,"Windows only",0,0,0,1,0,1,0,-0.10419428022306,-0.415443396766967,0.223507912183871
4162300,77,"Tier2",0,0,4.99,265,5.57972982598622,"Windows only",0,1,0,1,0,0,0,-0.097980093369211,0.0172174383899374,-0.00980705605692289
4163080,17,"Tier2",0,0,1.24,293,5.68017260901707,"Windows only",0,0,1,1,0,1,1,-0.135736590296985,-0.339705829504591,0.182665971650825
4163440,1,"Tier1",0,0,1.99,279,5.63121178182137,"Windows only",0,1,0,1,0,0,0,-0.191000956662677,-0.174609008555128,0.0936365139174693
4164440,1,"Tier1",0,0,5.99,257,5.54907608489522,"Windows only",0,0,1,0,0,0,0,-0.0168287319568234,0.00432550733585602,-0.00254065785494112
4168670,3,"Tier1",0,0,0.99,257,5.54907608489522,"Windows only",1,0,0,1,0,0,0,-0.10419428022306,-0.415443396766967,0.223507912183871
4168750,150,"Tier3",1,0,1.99,285,5.65248918026865,"Windows + macOS",0,0,1,1,0,1,0,-0.191000956662677,-0.174609008555128,0.0936365139174693
4169210,18,"Tier2",0,0,0.99,278,5.62762111369064,"Windows only",0,0,1,1,0,0,0,-0.10419428022306,-0.415443396766967,0.223507912183871
4170730,2,"Tier1",0,0,2.99,266,5.5834963087817,"Windows only",0,1,1,0,0,0,0,-0.200102891281294,-0.0515775081764219,0.0272910343386091
4171330,1,"Tier1",0,0,10.99,286,5.65599181081985,"Windows only",0,0,0,1,0,1,0,0.291956005597191,-0.109818110275501,0.0866397974300799
4171420,11,"Tier2",0,0,2.99,284,5.64897423816121,"Windows only",1,0,1,1,0,0,0,-0.200102891281294,-0.0515775081764219,0.0272910343386091
4172330,1,"Tier1",0,0,0.99,284,5.64897423816121,"Windows only",0,0,1,1,1,0,1,-0.10419428022306,-0.415443396766967,0.223507912183871
4172680,57,"Tier2",0,0,3.99,288,5.66296048013595,"Windows only",0,1,0,1,1,0,0,-0.163294420304253,0.0039253576640299,-0.00263922125326072
4172720,21,"Tier2",0,0,6.99,272,5.605802066296,"Windows only",0,0,1,0,0,1,0,0.0647926208600656,-0.0196821001690604,0.012133851804991
4174060,64,"Tier2",0,0,1.99,282,5.64190707093811,"Windows only",1,1,1,1,0,0,0,-0.191000956662677,-0.174609008555128,0.0936365139174693
4174530,15,"Tier2",0,0,2.99,290,5.66988092298052,"Windows only",0,1,1,1,0,0,0,-0.200102891281294,-0.0515775081764219,0.0272910343386091
4175070,4,"Tier1",0,0,4.99,270,5.59842195899838,"Windows + Linux",1,0,0,1,0,0,0,-0.097980093369211,0.0172174383899374,-0.00980705605692289
4178660,1,"Tier1",0,0,4.99,275,5.61677109766657,"Windows only",0,0,1,1,0,0,0,-0.097980093369211,0.0172174383899374,-0.00980705605692289
4178780,1,"Tier1",0,0,2.99,265,5.57972982598622,"Windows only",0,1,0,1,0,0,0,-0.200102891281294,-0.0515775081764219,0.0272910343386091
4181930,8,"Tier1",0,0,2.99,276,5.62040086571715,"Windows only",0,0,1,1,0,1,0,-0.200102891281294,-0.0515775081764219,0.0272910343386091
4182160,2,"Tier1",0,0,0.99,264,5.57594910314632,"Windows only",0,0,1,1,1,0,1,-0.10419428022306,-0.415443396766967,0.223507912183871
4182310,2,"Tier1",0,0,4.99,273,5.60947179518496,"Windows only",1,0,0,1,0,0,0,-0.097980093369211,0.0172174383899374,-0.00980705605692289
4182560,9,"Tier1",0,0,10.99,282,5.64190707093811,"Windows only",0,0,1,1,0,1,0,0.291956005597191,-0.109818110275501,0.0866397974300799
4186410,3,"Tier1",0,0,3.99,276,5.62040086571715,"Windows + macOS",1,0,0,0,0,0,0,-0.163294420304253,0.0039253576640299,-0.00263922125326072
4186480,26,"Tier2",0,0,2.49,273,5.60947179518496,"Windows + macOS + Linux",0,0,1,1,0,0,0,-0.202826498232658,-0.102357375195921,0.0546743842936141
4186500,1,"Tier1",0,0,3.99,279,5.63121178182137,"Windows only",0,0,0,1,0,0,0,-0.163294420304253,0.0039253576640299,-0.00263922125326072
4188280,5,"Tier1",0,0,4.99,262,5.5683445037611,"Windows + Linux",0,0,1,1,0,0,0,-0.097980093369211,0.0172174383899374,-0.00980705605692289
4191720,2,"Tier1",0,0,0.99,284,5.64897423816121,"Windows only",1,1,0,1,0,1,0,-0.10419428022306,-0.415443396766967,0.223507912183871
4192310,1,"Tier1",0,0,6.99,278,5.62762111369064,"Windows only",0,0,1,1,0,0,0,0.0647926208600656,-0.0196821001690604,0.012133851804991
4192900,2,"Tier1",0,0,4.89,283,5.64544689764324,"Windows + macOS",0,0,0,1,0,1,1,-0.105470262967563,0.0173284081374556,-0.00986689716342953
4193830,7,"Tier1",0,0,4.99,279,5.63121178182137,"Windows only",1,0,1,0,0,0,0,-0.097980093369211,0.0172174383899374,-0.00980705605692289
4194710,18,"Tier2",0,0,3.99,277,5.62401750618734,"Windows only",0,0,1,0,0,1,0,-0.163294420304253,0.0039253576640299,-0.00263922125326072
4194980,6,"Tier1",0,0,3.99,268,5.59098698051086,"Windows + macOS + Linux",1,1,1,1,1,0,0,-0.163294420304253,0.0039253576640299,-0.00263922125326072
4196660,4,"Tier1",0,0,9.99,275,5.61677109766657,"Windows only",0,1,1,1,0,0,0,0.251218860272004,-0.0918672356966252,0.068024739758569
4198310,2,"Tier1",0,0,19.99,278,5.62762111369064,"Windows + macOS",0,1,1,0,0,0,0,0.443367319783897,-0.198158365479033,0.23384151956249
4199400,2,"Tier1",0,0,2.99,264,5.57594910314632,"Windows only",0,0,0,1,0,0,0,-0.200102891281294,-0.0515775081764219,0.0272910343386091
4199750,4,"Tier1",0,0,12.99,268,5.59098698051086,"Windows only",0,1,0,1,0,0,0,0.352184179054766,-0.138692384061404,0.122585476016817
4201160,3,"Tier1",0,0,0.99,277,5.62401750618734,"Windows only",0,0,1,1,0,0,0,-0.10419428022306,-0.415443396766967,0.223507912183871
4201500,42,"Tier2",0,0,4.99,275,5.61677109766657,"Windows + Linux",0,0,0,1,0,1,1,-0.097980093369211,0.0172174383899374,-0.00980705605692289
4201780,20,"Tier2",0,0,0.99,276,5.62040086571715,"Windows only",1,1,0,1,0,1,0,-0.10419428022306,-0.415443396766967,0.223507912183871
4202920,2,"Tier1",0,0,4.99,269,5.59471137960184,"Windows only",0,0,0,1,0,0,0,-0.097980093369211,0.0172174383899374,-0.00980705605692289
4203490,3,"Tier1",0,0,7.99,264,5.57594910314632,"Windows only",0,0,1,1,0,0,0,0.138467671971053,-0.0461391003521592,0.0300758282519593
4203610,1,"Tier1",0,0,4.99,262,5.5683445037611,"Windows only",1,1,0,1,1,0,0,-0.097980093369211,0.0172174383899374,-0.00980705605692289
4203690,23,"Tier2",0,0,6.99,275,5.61677109766657,"Windows only",0,0,1,0,0,0,0,0.0647926208600656,-0.0196821001690604,0.012133851804991
4204190,15,"Tier2",0,0,3.99,269,5.59471137960184,"Windows only",0,0,0,0,0,0,1,-0.163294420304253,0.0039253576640299,-0.00263922125326072
4204950,1,"Tier1",0,0,4.99,276,5.62040086571715,"Windows only",0,1,0,1,0,0,0,-0.097980093369211,0.0172174383899374,-0.00980705605692289
4205860,1,"Tier1",0,0,14.99,259,5.55682806169954,"Windows only",1,1,0,0,0,0,0,0.392571032510476,-0.160815293725573,0.156651314964725
4211070,17,"Tier2",0,0,2.99,276,5.62040086571715,"Windows + macOS",0,0,1,1,0,0,0,-0.200102891281294,-0.0515775081764219,0.0272910343386091
4212070,59,"Tier2",0,0,0.99,270,5.59842195899838,"Windows + Linux",0,0,1,1,0,0,0,-0.10419428022306,-0.415443396766967,0.223507912183871
4213000,1,"Tier1",0,0,14.99,280,5.63478960316925,"Windows only",0,0,1,0,0,0,1,0.392571032510476,-0.160815293725573,0.156651314964725
4213300,2,"Tier1",0,0,1.99,276,5.62040086571715,"Windows only",0,0,1,1,0,0,0,-0.191000956662677,-0.174609008555128,0.0936365139174693
4213650,1,"Tier1",0,0,4.99,262,5.5683445037611,"Windows only",0,0,0,0,1,0,0,-0.097980093369211,0.0172174383899374,-0.00980705605692289
4214010,1,"Tier1",0,0,0.99,274,5.61312810638807,"Windows only",0,1,1,1,0,0,0,-0.10419428022306,-0.415443396766967,0.223507912183871
4214660,4,"Tier1",0,0,6.99,269,5.59471137960184,"Windows only",0,1,1,0,0,0,0,0.0647926208600656,-0.0196821001690604,0.012133851804991
4216090,9,"Tier1",0,0,1.99,271,5.6021188208797,"Windows only",1,0,1,0,1,1,0,-0.191000956662677,-0.174609008555128,0.0936365139174693
4217330,4,"Tier1",0,0,0.79,258,5.55295958492162,"Windows only",0,1,1,1,0,0,0,-0.0731917273982221,-0.48574942123485,0.261420860463351
4217660,78,"Tier2",0,0,0.99,270,5.59842195899838,"Windows only",0,0,1,1,1,0,0,-0.10419428022306,-0.415443396766967,0.223507912183871
4217800,7,"Tier1",0,0,4.99,256,5.54517744447956,"Windows only",0,0,0,1,0,0,1,-0.097980093369211,0.0172174383899374,-0.00980705605692289
4217990,2,"Tier1",0,0,11.99,263,5.57215403217776,"Windows only",0,0,1,1,0,0,0,0.325096773641836,-0.125268847109111,0.10484064365824
4220940,101,"Tier3",1,0,0.99,260,5.56068163101553,"Windows only",1,1,1,1,1,1,0,-0.10419428022306,-0.415443396766967,0.223507912183871
4220960,18,"Tier2",0,0,4.99,269,5.59471137960184,"Windows only",0,1,0,1,0,0,0,-0.097980093369211,0.0172174383899374,-0.00980705605692289
4221760,2,"Tier1",0,0,5.99,259,5.55682806169954,"Windows only",0,0,0,0,0,0,1,-0.0168287319568234,0.00432550733585602,-0.00254065785494112
4222270,3,"Tier1",0,0,5.99,258,5.55295958492162,"Windows only",0,1,0,1,0,0,0,-0.0168287319568234,0.00432550733585602,-0.00254065785494112
4223750,1,"Tier1",0,0,0.99,269,5.59471137960184,"Windows only",0,0,1,1,0,0,0,-0.10419428022306,-0.415443396766967,0.223507912183871
4224640,7,"Tier1",0,0,4.99,268,5.59098698051086,"Windows only",0,0,0,1,0,1,0,-0.097980093369211,0.0172174383899374,-0.00980705605692289
4227580,11,"Tier2",0,0,0.59,269,5.59471137960184,"Windows only",1,0,1,1,1,1,0,-0.0366176773947401,-0.566115850026346,0.304758942530136
4229050,13,"Tier2",0,0,0.99,265,5.57972982598622,"Windows + macOS + Linux",0,0,1,1,0,0,0,-0.10419428022306,-0.415443396766967,0.223507912183871
4230400,5,"Tier1",0,0,0.99,264,5.57594910314632,"Windows only",0,0,1,1,0,0,0,-0.10419428022306,-0.415443396766967,0.223507912183871
4232360,51,"Tier2",0,0,1.99,256,5.54517744447956,"Windows + macOS + Linux",0,0,1,1,0,0,1,-0.191000956662677,-0.174609008555128,0.0936365139174693
4232770,2,"Tier1",0,0,1.19,262,5.5683445037611,"Windows only",0,0,1,0,0,0,0,-0.13002968930021,-0.353871509486004,0.190304900128772
4233260,1,"Tier1",0,1,0,262,5.5683445037611,"Windows only",1,0,1,1,1,1,1,0,0,0
4236590,1,"Tier1",0,0,9.99,262,5.5683445037611,"Windows only",0,0,0,0,1,0,0,0.251218860272004,-0.0918672356966252,0.068024739758569
4236610,4,"Tier1",0,0,0.99,263,5.57215403217776,"Windows only",1,1,0,0,1,0,0,-0.10419428022306,-0.415443396766967,0.223507912183871
4240940,4,"Tier1",0,0,2.99,261,5.56452040732269,"Windows only",0,1,0,0,0,0,0,-0.200102891281294,-0.0515775081764219,0.0272910343386091
4241940,11,"Tier2",0,0,7.99,256,5.54517744447956,"Windows only",1,0,0,1,1,0,0,0.138467671971053,-0.0461391003521592,0.0300758282519593
4249550,1,"Tier1",0,1,0,258,5.55295958492162,"Windows + Linux",0,0,0,1,0,0,1,0,0,0
