"fitted_probability","false_positive_rate","true_positive_rate"
Inf,0,0
0.966261050083209,0,0.000446428571428571
0.965345171645244,0,0.000892857142857143
0.963757789334628,0,0.00133928571428571
0.963749209748393,0,0.00178571428571429
0.963561527217969,0,0.00223214285714286
0.962688981471531,0,0.00267857142857143
0.960479201501583,0,0.003125
0.959984742326225,0,0.00357142857142857
0.959971026774111,0,0.00401785714285714
0.959928576365602,0,0.00446428571428571
0.959496384796282,0,0.00491071428571429
0.957235268964727,0,0.00535714285714286
0.956816204044609,0,0.00580357142857143
0.95674725476125,0,0.00625
0.956551304615589,0,0.00669642857142857
0.954479559193985,0,0.00714285714285714
0.954347668897952,0,0.00758928571428571
0.954051351476598,0,0.00803571428571428
0.953477481937674,0,0.00848214285714286
0.953138088671288,0,0.00892857142857143
0.952703553957055,0,0.009375
0.952351632221362,0,0.00982142857142857
0.951662839912444,0,0.0102678571428571
0.951323722125784,0,0.0107142857142857
0.951084485900817,0,0.0111607142857143
0.950460434639642,0,0.0116071428571429
0.95027886621149,0,0.0120535714285714
0.950250043736521,0,0.0125
0.950235320534329,0,0.0129464285714286
0.950177446072575,0,0.0133928571428571
0.950176219529741,0,0.0138392857142857
0.949974552212613,0,0.0142857142857143
0.949808117155932,0,0.0147321428571429
0.949733018142666,0,0.0151785714285714
0.949031511487541,0,0.015625
0.948876261855345,0,0.0160714285714286
0.948764276727834,0,0.0165178571428571
0.947710012419582,0,0.0169642857142857
0.947659144472729,0,0.0174107142857143
0.947150456233755,0.00131926121372032,0.0174107142857143
0.947004103056099,0.00131926121372032,0.0178571428571429
0.946994268182098,0.00131926121372032,0.0183035714285714
0.94643077374373,0.00263852242744063,0.0183035714285714
0.946151336723229,0.00263852242744063,0.01875
0.946147350946687,0.00263852242744063,0.0191964285714286
0.945985619150778,0.00263852242744063,0.0196428571428571
0.945966404840275,0.00263852242744063,0.0200892857142857
0.945726656155429,0.00263852242744063,0.0205357142857143
0.945585169015304,0.00263852242744063,0.0209821428571429
0.945555119219087,0.00263852242744063,0.0214285714285714
0.945123245571774,0.00263852242744063,0.021875
0.94499708925145,0.00263852242744063,0.0223214285714286
0.944315081367699,0.00263852242744063,0.0227678571428571
0.943756076880403,0.00263852242744063,0.0232142857142857
0.943216926924765,0.00263852242744063,0.0236607142857143
0.942857893082564,0.00395778364116095,0.0236607142857143
0.942770293200811,0.00395778364116095,0.0241071428571429
0.942767694319221,0.00395778364116095,0.0245535714285714
0.942670333584767,0.00395778364116095,0.025
0.942268902631971,0.00395778364116095,0.0254464285714286
0.942040961155628,0.00395778364116095,0.0258928571428571
0.941888084238977,0.00395778364116095,0.0263392857142857
0.941680995269621,0.00527704485488127,0.0263392857142857
0.941261492091324,0.00527704485488127,0.0267857142857143
0.941161728993027,0.00527704485488127,0.0272321428571429
0.940806467030061,0.00527704485488127,0.0276785714285714
0.940583543291518,0.00527704485488127,0.028125
0.940255429172226,0.00527704485488127,0.0285714285714286
0.939679145429661,0.00659630606860158,0.0285714285714286
0.939491299342653,0.00659630606860158,0.0290178571428571
0.939179400641046,0.00659630606860158,0.0294642857142857
0.938611270441734,0.00659630606860158,0.0299107142857143
0.938403165423191,0.00659630606860158,0.0303571428571429
0.938273611391038,0.00659630606860158,0.0308035714285714
0.937512815884645,0.00659630606860158,0.03125
0.937362117144875,0.00659630606860158,0.0316964285714286
0.937239831183153,0.00659630606860158,0.0321428571428571
0.937034702564723,0.00659630606860158,0.0325892857142857
0.937015860502228,0.00659630606860158,0.0330357142857143
0.936866111676541,0.00659630606860158,0.0334821428571429
0.936759648731638,0.00659630606860158,0.0339285714285714
0.936631044826208,0.00659630606860158,0.034375
0.936572355594652,0.00659630606860158,0.0348214285714286
0.936569528568159,0.00659630606860158,0.0352678571428571
0.936520135977773,0.00659630606860158,0.0357142857142857
0.936311637751369,0.00659630606860158,0.0361607142857143
0.936199019751845,0.00659630606860158,0.0366071428571429
0.936031977827766,0.00659630606860158,0.0370535714285714
0.935987777413413,0.00659630606860158,0.0375
0.935913301322492,0.00659630606860158,0.0379464285714286
0.935701616095627,0.00659630606860158,0.0383928571428571
0.935518397208465,0.00659630606860158,0.0388392857142857
0.934706096023051,0.00659630606860158,0.0392857142857143
0.934500743051551,0.00659630606860158,0.0397321428571429
0.934077700032003,0.00659630606860158,0.0401785714285714
0.934057409699675,0.00659630606860158,0.040625
0.934037202557151,0.00659630606860158,0.0410714285714286
0.933983393855145,0.00659630606860158,0.0415178571428571
0.933720834150985,0.00659630606860158,0.0419642857142857
0.933715366738782,0.00659630606860158,0.0424107142857143
0.933690513743846,0.00659630606860158,0.0428571428571429
0.933672242554946,0.00659630606860158,0.0433035714285714
0.933611964304102,0.00659630606860158,0.04375
0.93356637560478,0.00659630606860158,0.0441964285714286
0.933547882912027,0.00659630606860158,0.0446428571428571
0.933399107203674,0.00659630606860158,0.0450892857142857
0.933284491641343,0.00659630606860158,0.0455357142857143
0.93320687692786,0.00659630606860158,0.0459821428571429
0.933046626240915,0.00659630606860158,0.0464285714285714
0.932630447882701,0.00659630606860158,0.046875
0.932540644393218,0.00659630606860158,0.0473214285714286
0.932517076560197,0.00659630606860158,0.0477678571428571
0.932394955389928,0.00659630606860158,0.0482142857142857
0.932028130212933,0.00659630606860158,0.0486607142857143
0.93151176055215,0.00659630606860158,0.0491071428571429
0.931279109439718,0.0079155672823219,0.0491071428571429
0.930950371388626,0.0079155672823219,0.0495535714285714
0.930828154590308,0.0079155672823219,0.05
0.930762621493735,0.0079155672823219,0.0504464285714286
0.930436071607401,0.00923482849604222,0.0504464285714286
0.930410403708315,0.0105540897097625,0.0504464285714286
0.930286463309623,0.0105540897097625,0.0508928571428571
0.930217320587072,0.0105540897097625,0.0513392857142857
0.93014213306274,0.0105540897097625,0.0517857142857143
0.930133019952845,0.0105540897097625,0.0522321428571429
0.930097892548064,0.0105540897097625,0.0526785714285714
0.929913494486807,0.0105540897097625,0.053125
0.929870752189128,0.0105540897097625,0.0535714285714286
0.929844768569858,0.0105540897097625,0.0540178571428571
0.929741791505537,0.0105540897097625,0.0544642857142857
0.929568850289727,0.0105540897097625,0.0549107142857143
0.92942222730231,0.0105540897097625,0.0553571428571429
0.929290775230362,0.0105540897097625,0.05625
0.929269231677924,0.0105540897097625,0.0566964285714286
0.929265591157983,0.0105540897097625,0.0571428571428571
0.928744986787164,0.0105540897097625,0.0575892857142857
0.928591087646107,0.0105540897097625,0.0580357142857143
0.928162656351858,0.0105540897097625,0.0584821428571429
0.928006088388491,0.0105540897097625,0.0589285714285714
0.927745286291496,0.0118733509234828,0.0589285714285714
0.927576976614573,0.0118733509234828,0.059375
0.927447104629321,0.0118733509234828,0.0598214285714286
0.927439497485725,0.0118733509234828,0.0602678571428571
0.92743332237624,0.0118733509234828,0.0607142857142857
0.92733227636892,0.0118733509234828,0.0611607142857143
0.92702452799873,0.0118733509234828,0.0616071428571429
0.92701465726538,0.0118733509234828,0.0620535714285714
0.926855676733985,0.0118733509234828,0.0625
0.926630041208148,0.0131926121372032,0.0625
0.926186153064046,0.0131926121372032,0.0629464285714286
0.926143690724958,0.0131926121372032,0.0633928571428571
0.92582915357597,0.0131926121372032,0.0638392857142857
0.925629175830859,0.0131926121372032,0.0642857142857143
0.925594503211051,0.0131926121372032,0.0647321428571429
0.925518628091253,0.0131926121372032,0.0651785714285714
0.925513366885017,0.0131926121372032,0.065625
0.925315683730407,0.0131926121372032,0.0660714285714286
0.925218779505106,0.0131926121372032,0.0665178571428571
0.925187106480473,0.0131926121372032,0.0669642857142857
0.925049898884147,0.0131926121372032,0.0674107142857143
0.925036780932478,0.0131926121372032,0.0678571428571429
0.924869152776024,0.0131926121372032,0.0683035714285714
0.924573037644361,0.0131926121372032,0.06875
0.924522638926626,0.0131926121372032,0.0691964285714286
0.92452112397863,0.0131926121372032,0.0696428571428571
0.924378153461476,0.0131926121372032,0.0700892857142857
0.924320191030866,0.0131926121372032,0.0705357142857143
0.92413402741927,0.0131926121372032,0.0709821428571429
0.924115523739599,0.0131926121372032,0.0714285714285714
0.924056985528768,0.0131926121372032,0.071875
0.923914661815034,0.0131926121372032,0.0723214285714286
0.923671819965044,0.0131926121372032,0.0727678571428571
0.923580472972835,0.0131926121372032,0.0732142857142857
0.923492503772221,0.0131926121372032,0.0736607142857143
0.923388212084495,0.0131926121372032,0.0741071428571429
0.923365018455837,0.0131926121372032,0.0745535714285714
0.923349666111517,0.0131926121372032,0.075
0.923314435630637,0.0145118733509235,0.075
0.923310857360399,0.0158311345646438,0.075
0.923263701850186,0.0158311345646438,0.0754464285714286
0.923258267603079,0.0158311345646438,0.0758928571428571
0.923220849408309,0.0158311345646438,0.0763392857142857
0.923211313948422,0.0158311345646438,0.0767857142857143
0.923153427232717,0.0158311345646438,0.0772321428571429
0.923073304804928,0.0158311345646438,0.0776785714285714
0.923064346108567,0.0158311345646438,0.078125
0.923031129690267,0.0158311345646438,0.0785714285714286
0.923005121593079,0.0171503957783641,0.0785714285714286
0.92296012493827,0.0171503957783641,0.0790178571428571
0.922946430721114,0.0184696569920844,0.0790178571428571
0.922934378689071,0.0184696569920844,0.0794642857142857
0.922740314824335,0.0184696569920844,0.0799107142857143
0.922653991382473,0.0184696569920844,0.0803571428571429
0.92235037533263,0.0184696569920844,0.0808035714285714
0.922263181358936,0.0184696569920844,0.08125
0.922258678624885,0.0184696569920844,0.0816964285714286
0.922244143250968,0.0184696569920844,0.0821428571428571
0.922189325371897,0.0184696569920844,0.0825892857142857
0.922167958911593,0.0184696569920844,0.0830357142857143
0.922114648396528,0.0184696569920844,0.0834821428571429
0.922106140993754,0.0184696569920844,0.0839285714285714
0.922009824297741,0.0197889182058048,0.0839285714285714
0.921973375645881,0.0197889182058048,0.084375
0.921949824866342,0.0197889182058048,0.0848214285714286
0.921845582143921,0.0197889182058048,0.0852678571428571
0.92164912420743,0.0197889182058048,0.0857142857142857
0.921432854098514,0.0197889182058048,0.0861607142857143
0.921419729034116,0.0197889182058048,0.0866071428571429
0.921400719138262,0.0197889182058048,0.0870535714285714
0.921334771485773,0.0197889182058048,0.0875
0.921267329871271,0.0197889182058048,0.0879464285714286
0.92110036757572,0.0197889182058048,0.0883928571428571
0.921073564603734,0.0197889182058048,0.0888392857142857
0.921014012913796,0.0197889182058048,0.0892857142857143
0.921012596618934,0.0197889182058048,0.0897321428571429
0.920915775254923,0.0197889182058048,0.0901785714285714
0.920774916431127,0.0197889182058048,0.090625
0.920719667044824,0.0197889182058048,0.0910714285714286
0.920709841121834,0.0197889182058048,0.0915178571428571
0.920645401690956,0.0197889182058048,0.0919642857142857
0.920523161371139,0.0197889182058048,0.0924107142857143
0.920315552766939,0.0197889182058048,0.0928571428571429
0.920291334643383,0.0197889182058048,0.0933035714285714
0.920230267679172,0.0197889182058048,0.09375
0.920200684802857,0.0197889182058048,0.0941964285714286
0.919986908468319,0.0197889182058048,0.0946428571428571
0.919939156815781,0.0197889182058048,0.0950892857142857
0.9199051786407,0.0211081794195251,0.0950892857142857
0.919760872020602,0.0224274406332454,0.0950892857142857
0.919667312605147,0.0237467018469657,0.0950892857142857
0.91964553462979,0.0237467018469657,0.0955357142857143
0.919348627830699,0.0237467018469657,0.0959821428571429
0.919325095264475,0.0237467018469657,0.0964285714285714
0.919156697031612,0.0237467018469657,0.096875
0.918844508404403,0.025065963060686,0.096875
0.918829534653978,0.025065963060686,0.0973214285714286
0.918713657159299,0.025065963060686,0.0977678571428571
0.918652717129121,0.025065963060686,0.0982142857142857
0.918652683809839,0.025065963060686,0.0986607142857143
0.918646730725386,0.025065963060686,0.0991071428571429
0.918627434401985,0.025065963060686,0.0995535714285714
0.918511739156602,0.025065963060686,0.1
0.918390918206162,0.025065963060686,0.100446428571429
0.918176198303446,0.025065963060686,0.100892857142857
0.918171463554193,0.025065963060686,0.101339285714286
0.918115067252837,0.025065963060686,0.101785714285714
0.918065062521883,0.025065963060686,0.102232142857143
0.917997568994041,0.025065963060686,0.102678571428571
0.917943741960362,0.025065963060686,0.103125
0.917942887662194,0.025065963060686,0.103571428571429
0.917839639566847,0.025065963060686,0.104017857142857
0.917765447518443,0.025065963060686,0.104464285714286
0.917720550349194,0.025065963060686,0.104910714285714
0.917654045080095,0.025065963060686,0.105357142857143
0.917395206075344,0.025065963060686,0.105803571428571
0.917391428398959,0.025065963060686,0.10625
0.917229398387006,0.025065963060686,0.106696428571429
0.91698877402581,0.025065963060686,0.107142857142857
0.916947453930589,0.025065963060686,0.107589285714286
0.916897657946093,0.025065963060686,0.108035714285714
0.916496258115931,0.025065963060686,0.108482142857143
0.916435893537973,0.025065963060686,0.108928571428571
0.916430022954704,0.025065963060686,0.109375
0.916402751640511,0.025065963060686,0.109821428571429
0.916328461803291,0.025065963060686,0.110267857142857
0.916050436465559,0.025065963060686,0.110714285714286
0.916044218155064,0.025065963060686,0.111160714285714
0.915942623931084,0.025065963060686,0.111607142857143
0.915829767013655,0.025065963060686,0.112053571428571
0.915781268014947,0.025065963060686,0.1125
0.915770067336951,0.025065963060686,0.112946428571429
0.9157068306095,0.025065963060686,0.113392857142857
0.915435707872472,0.025065963060686,0.113839285714286
0.915426727190293,0.025065963060686,0.114285714285714
0.91541538614973,0.025065963060686,0.114732142857143
0.915134404024872,0.025065963060686,0.115178571428571
0.91505745748166,0.025065963060686,0.115625
0.915001950850596,0.025065963060686,0.116071428571429
0.914916524438833,0.025065963060686,0.116517857142857
0.914716833875072,0.025065963060686,0.116964285714286
0.914714272292221,0.025065963060686,0.117410714285714
0.914555648547764,0.025065963060686,0.117857142857143
0.914546379821265,0.025065963060686,0.118303571428571
0.914438740294316,0.025065963060686,0.11875
0.914220476980916,0.0263852242744063,0.11875
0.914194353448138,0.0263852242744063,0.119196428571429
0.913990117047103,0.0263852242744063,0.119642857142857
0.913936872983424,0.0263852242744063,0.120089285714286
0.913907832993714,0.0277044854881266,0.120089285714286
0.913831462946943,0.0277044854881266,0.120535714285714
0.913756606107745,0.0277044854881266,0.120982142857143
0.913704924897569,0.0277044854881266,0.121428571428571
0.913661199671437,0.029023746701847,0.121428571428571
0.913584878629015,0.0303430079155673,0.121428571428571
0.913570648544672,0.0303430079155673,0.121875
0.913538065594642,0.0303430079155673,0.122321428571429
0.913490692386234,0.0303430079155673,0.122767857142857
0.913364643511946,0.0303430079155673,0.123214285714286
0.913320598738194,0.0303430079155673,0.123660714285714
0.913215233154404,0.0303430079155673,0.124107142857143
0.913184929548952,0.0303430079155673,0.124553571428571
0.913098965920847,0.0303430079155673,0.125
0.913069550617116,0.0303430079155673,0.125446428571429
0.913037302257295,0.0303430079155673,0.125892857142857
0.912876777125139,0.0303430079155673,0.126339285714286
0.912848127437442,0.0303430079155673,0.126785714285714
0.912691521702336,0.0303430079155673,0.127232142857143
0.912480308308801,0.0303430079155673,0.127678571428571
0.912459557533535,0.0303430079155673,0.128125
0.912457448951921,0.0303430079155673,0.128571428571429
0.912449474454559,0.0303430079155673,0.129017857142857
0.912424888093135,0.0303430079155673,0.129464285714286
0.912346386703078,0.0303430079155673,0.129910714285714
0.912293899488393,0.0303430079155673,0.130357142857143
0.912264401101444,0.0316622691292876,0.130357142857143
0.912196631898328,0.0316622691292876,0.130803571428571
0.911950630058891,0.0316622691292876,0.13125
0.911906727564014,0.0316622691292876,0.131696428571429
0.911878777085005,0.0316622691292876,0.132142857142857
0.911807363786767,0.0316622691292876,0.132589285714286
0.911660981056981,0.0316622691292876,0.133035714285714
0.911598108831265,0.0316622691292876,0.133482142857143
0.911391186518662,0.0316622691292876,0.133928571428571
0.911248852036563,0.0316622691292876,0.134375
0.91113121088965,0.0316622691292876,0.134821428571429
0.911025310212573,0.0316622691292876,0.135267857142857
0.910892360312895,0.0316622691292876,0.135714285714286
0.91079918877026,0.0316622691292876,0.136160714285714
0.910702816235595,0.0316622691292876,0.136607142857143
0.910640386687816,0.0316622691292876,0.137053571428571
0.910629751266482,0.0329815303430079,0.137053571428571
0.910602885442489,0.0329815303430079,0.1375
0.910578448683461,0.0329815303430079,0.137946428571429
0.910443832905773,0.0329815303430079,0.138392857142857
0.910335256391284,0.0343007915567282,0.138392857142857
0.910269378379877,0.0343007915567282,0.138839285714286
0.910251708820914,0.0343007915567282,0.139285714285714
0.910233017033001,0.0343007915567282,0.139732142857143
0.910198208359482,0.0356200527704486,0.139732142857143
0.910104652128587,0.0356200527704486,0.140178571428571
0.910086244706305,0.0369393139841689,0.140178571428571
0.910059236298936,0.0369393139841689,0.140625
0.909962587437878,0.0369393139841689,0.141071428571429
0.909772834913796,0.0369393139841689,0.141517857142857
0.909745654070361,0.0369393139841689,0.141964285714286
0.909684368962543,0.0369393139841689,0.142410714285714
0.909642229401764,0.0369393139841689,0.142857142857143
0.909480766816948,0.0369393139841689,0.143303571428571
0.909408903017735,0.0369393139841689,0.14375
0.909166775393009,0.0369393139841689,0.144196428571429
0.909143016180706,0.0369393139841689,0.144642857142857
0.909060159699889,0.0369393139841689,0.145089285714286
0.909044183827693,0.0369393139841689,0.145535714285714
0.909035886954067,0.0382585751978892,0.145535714285714
0.909022332602763,0.0382585751978892,0.145982142857143
0.908968892873273,0.0382585751978892,0.146428571428571
0.908812010476009,0.0382585751978892,0.146875
0.908790380959568,0.0382585751978892,0.147321428571429
0.908681631865362,0.0382585751978892,0.147767857142857
0.908627867998045,0.0382585751978892,0.148214285714286
0.908599101515664,0.0382585751978892,0.148660714285714
0.908598066035534,0.0382585751978892,0.149107142857143
0.908583719715675,0.0382585751978892,0.149553571428571
0.908530330192341,0.0382585751978892,0.15
0.908479465915056,0.0382585751978892,0.150446428571429
0.908468411596012,0.0382585751978892,0.150892857142857
0.908466657414714,0.0382585751978892,0.151339285714286
0.908440446947252,0.0382585751978892,0.151785714285714
0.908393987186171,0.0382585751978892,0.152232142857143
0.908254205200574,0.0382585751978892,0.152678571428571
0.908187532042929,0.0382585751978892,0.153125
0.908117774028591,0.0395778364116095,0.153125
0.907948697335919,0.0395778364116095,0.153571428571429
0.907942669998837,0.0395778364116095,0.154017857142857
0.907859062863919,0.0395778364116095,0.154464285714286
0.907823216228732,0.0395778364116095,0.154910714285714
0.907799274201185,0.0395778364116095,0.155357142857143
0.907685966453014,0.0395778364116095,0.155803571428571
0.907680069092919,0.0395778364116095,0.15625
0.907638856011356,0.0408970976253298,0.15625
0.907592067717251,0.0408970976253298,0.156696428571429
0.907469378394916,0.0408970976253298,0.157142857142857
0.907383370589546,0.0408970976253298,0.157589285714286
0.907342038577943,0.0408970976253298,0.158482142857143
0.907324569808547,0.0408970976253298,0.158928571428571
0.907300690005495,0.0408970976253298,0.159375
0.907259324867247,0.0408970976253298,0.159821428571429
0.907183538045224,0.0408970976253298,0.160267857142857
0.907047211956307,0.0408970976253298,0.160714285714286
0.906886898486871,0.0408970976253298,0.161160714285714
0.906600797350369,0.0408970976253298,0.161607142857143
0.906528190696018,0.0422163588390501,0.161607142857143
0.906507021898514,0.0435356200527705,0.161607142857143
0.906506849149276,0.0435356200527705,0.162053571428571
0.906278136944004,0.0435356200527705,0.1625
0.906241674067782,0.0435356200527705,0.162946428571429
0.906176440029343,0.0435356200527705,0.163392857142857
0.906173615094014,0.0435356200527705,0.163839285714286
0.906064009733664,0.0435356200527705,0.164285714285714
0.906015925443914,0.0435356200527705,0.164732142857143
0.905908698767794,0.0435356200527705,0.165178571428571
0.905693142233996,0.0448548812664908,0.165178571428571
0.90567257426211,0.0448548812664908,0.165625
0.905670844116214,0.0448548812664908,0.166071428571429
0.90559750347562,0.0448548812664908,0.166517857142857
0.905568352907149,0.0448548812664908,0.166964285714286
0.905357896762363,0.0448548812664908,0.167410714285714
0.905218484895982,0.0448548812664908,0.167857142857143
0.905038005846751,0.0448548812664908,0.168303571428571
0.905004780522959,0.0461741424802111,0.168303571428571
0.904911847146977,0.0461741424802111,0.16875
0.904716552308611,0.0461741424802111,0.169196428571429
0.904614798665115,0.0461741424802111,0.169642857142857
0.904589615020391,0.0461741424802111,0.170089285714286
0.904565473938823,0.0461741424802111,0.170535714285714
0.90449618704294,0.0461741424802111,0.170982142857143
0.904401871229462,0.0461741424802111,0.171428571428571
0.904391982389447,0.0461741424802111,0.171875
0.904366263736509,0.0461741424802111,0.172321428571429
0.904346151290537,0.0461741424802111,0.172767857142857
0.904331571086492,0.0461741424802111,0.173214285714286
0.904319821468917,0.0461741424802111,0.173660714285714
0.904253728381611,0.0461741424802111,0.174107142857143
0.904235970085059,0.0461741424802111,0.174553571428571
0.904116019519891,0.0461741424802111,0.175
0.903998593435319,0.0461741424802111,0.175446428571429
0.903963689874839,0.0461741424802111,0.175892857142857
0.903937496253941,0.0474934036939314,0.175892857142857
0.903928495670156,0.0474934036939314,0.176339285714286
0.90385354523181,0.0474934036939314,0.176785714285714
0.903808540453728,0.0474934036939314,0.177232142857143
0.903805159874603,0.0474934036939314,0.177678571428571
0.903734325517829,0.0474934036939314,0.178125
0.903694480969948,0.0474934036939314,0.178571428571429
0.903679032817353,0.0474934036939314,0.179017857142857
0.903619603777815,0.0474934036939314,0.179464285714286
0.903600027090312,0.0474934036939314,0.179910714285714
0.903598412481661,0.0474934036939314,0.180357142857143
0.903596058948769,0.0474934036939314,0.180803571428571
0.903551609518429,0.0474934036939314,0.18125
0.903482591191779,0.0474934036939314,0.181696428571429
0.90345961651723,0.0474934036939314,0.182142857142857
0.903318589217857,0.0474934036939314,0.182589285714286
0.90329385842357,0.0474934036939314,0.183035714285714
0.903288626549926,0.0474934036939314,0.183482142857143
0.903219751526877,0.0474934036939314,0.183928571428571
0.903179716813478,0.0474934036939314,0.184375
0.903130682414634,0.0474934036939314,0.184821428571429
0.902961136950729,0.0474934036939314,0.185267857142857
0.90295083615728,0.0488126649076517,0.185267857142857
0.902937224737902,0.0488126649076517,0.185714285714286
0.902830677639115,0.0488126649076517,0.186160714285714
0.902763873434892,0.0488126649076517,0.186607142857143
0.902757618409361,0.0488126649076517,0.187053571428571
0.902748871613398,0.0488126649076517,0.1875
0.902729301478105,0.050131926121372,0.1875
0.902722410534337,0.0514511873350923,0.1875
0.902662497545959,0.0527704485488127,0.1875
0.902609558766297,0.0527704485488127,0.187946428571429
0.90255515579732,0.0527704485488127,0.188392857142857
0.902550461835939,0.0527704485488127,0.188839285714286
0.902532808117417,0.0527704485488127,0.189285714285714
0.902304312648183,0.0527704485488127,0.189732142857143
0.902221431034478,0.0527704485488127,0.190178571428571
0.902037861031957,0.054089709762533,0.190178571428571
0.901998019893206,0.054089709762533,0.190625
0.901973865624987,0.054089709762533,0.191071428571429
0.901962346762709,0.054089709762533,0.191517857142857
0.901904527309181,0.054089709762533,0.191964285714286
0.90180495927733,0.054089709762533,0.192410714285714
0.901567334747738,0.0554089709762533,0.192410714285714
0.901509136454665,0.0554089709762533,0.192857142857143
0.901468581779596,0.0567282321899736,0.192857142857143
0.901465467622455,0.0567282321899736,0.193303571428571
0.901461954651487,0.0567282321899736,0.19375
0.901446056986783,0.0567282321899736,0.194196428571429
0.901309677468724,0.0567282321899736,0.194642857142857
0.901288994145943,0.0567282321899736,0.195089285714286
0.901217906533444,0.0567282321899736,0.195535714285714
0.901204932101849,0.0567282321899736,0.195982142857143
0.901136620073969,0.0567282321899736,0.196428571428571
0.901088119865609,0.0567282321899736,0.196875
0.901057059617532,0.0567282321899736,0.197321428571429
0.901002006753382,0.0567282321899736,0.197767857142857
0.900959213049963,0.0567282321899736,0.198214285714286
0.900913837406313,0.0567282321899736,0.198660714285714
0.900852291035823,0.0567282321899736,0.199107142857143
0.900837650286399,0.0580474934036939,0.199107142857143
0.900834378375333,0.0580474934036939,0.199553571428571
0.900759074277732,0.0593667546174142,0.199553571428571
0.900671122734704,0.0593667546174142,0.2
0.90055098549319,0.0593667546174142,0.200446428571429
0.900539338703493,0.0593667546174142,0.200892857142857
0.900524699762974,0.0593667546174142,0.201339285714286
0.900515066722025,0.0606860158311346,0.201339285714286
0.900492252608133,0.0606860158311346,0.201785714285714
0.900419328766325,0.0606860158311346,0.202232142857143
0.900399382086745,0.0606860158311346,0.202678571428571
0.900359990797732,0.0606860158311346,0.203125
0.900293565271449,0.0606860158311346,0.203571428571429
0.900255432284893,0.0606860158311346,0.204017857142857
0.900226369981529,0.0606860158311346,0.204464285714286
0.900141984076295,0.0606860158311346,0.204910714285714
0.900094998086038,0.0606860158311346,0.205357142857143
0.900080257913606,0.0606860158311346,0.205803571428571
0.899932749825897,0.0606860158311346,0.206696428571429
0.899891440412402,0.0606860158311346,0.207142857142857
0.899725913356064,0.0606860158311346,0.207589285714286
0.899624189504113,0.0620052770448549,0.207589285714286
0.899477575033692,0.0620052770448549,0.208035714285714
0.899450336019738,0.0620052770448549,0.208482142857143
0.899434085609138,0.0633245382585752,0.208482142857143
0.899428742631439,0.0646437994722955,0.208482142857143
0.899271982399986,0.0646437994722955,0.208928571428571
0.899251717324846,0.0646437994722955,0.209375
0.899207159503674,0.0646437994722955,0.209821428571429
0.899112834185025,0.0646437994722955,0.210267857142857
0.899048754350557,0.0646437994722955,0.210714285714286
0.898998991579579,0.0646437994722955,0.211160714285714
0.898984107848325,0.0659630606860158,0.211160714285714
0.898829993418319,0.0659630606860158,0.211607142857143
0.898716213028619,0.0659630606860158,0.212053571428571
0.898705707625966,0.0659630606860158,0.2125
0.898660476492639,0.0659630606860158,0.212946428571429
0.898597686102856,0.0659630606860158,0.213392857142857
0.89849081182591,0.0659630606860158,0.213839285714286
0.898422154742,0.0659630606860158,0.214285714285714
0.898419766273438,0.0659630606860158,0.214732142857143
0.8983112809576,0.0659630606860158,0.215178571428571
0.898304585565929,0.0659630606860158,0.215625
0.898291223885674,0.0659630606860158,0.216071428571429
0.89824163706618,0.0659630606860158,0.216517857142857
0.898220843320955,0.0672823218997362,0.216517857142857
0.898173428329116,0.0672823218997362,0.216964285714286
0.898033740919826,0.0672823218997362,0.217410714285714
0.897989710569457,0.0672823218997362,0.217857142857143
0.897912447153936,0.0672823218997362,0.218303571428571
0.897602286790778,0.0672823218997362,0.21875
0.897445739406339,0.0672823218997362,0.219196428571429
0.897430652899205,0.0672823218997362,0.219642857142857
0.897206298532045,0.0672823218997362,0.220089285714286
0.897130801506519,0.0686015831134565,0.220089285714286
0.897053092454844,0.0686015831134565,0.220535714285714
0.897037713238839,0.0686015831134565,0.220982142857143
0.897031651592133,0.0686015831134565,0.221428571428571
0.896966751703577,0.0686015831134565,0.221875
0.896931694346826,0.0686015831134565,0.222321428571429
0.896868588055448,0.0686015831134565,0.222767857142857
0.896821333818088,0.0686015831134565,0.223214285714286
0.896784664985518,0.0686015831134565,0.223660714285714
0.89673784542872,0.0699208443271768,0.223660714285714
0.896637108398974,0.0712401055408971,0.223660714285714
0.896495208080251,0.0712401055408971,0.224107142857143
0.896493187971983,0.0712401055408971,0.224553571428571
0.896304747116183,0.0712401055408971,0.225
0.896261316305992,0.0712401055408971,0.225446428571429
0.896087855123172,0.0712401055408971,0.225892857142857
0.895985809957059,0.0712401055408971,0.226339285714286
0.895984975416264,0.0712401055408971,0.226785714285714
0.895786049841448,0.0712401055408971,0.227232142857143
0.895761726702268,0.0712401055408971,0.227678571428571
0.895640644631231,0.0712401055408971,0.228125
0.895631008383157,0.0712401055408971,0.228571428571429
0.895586482616724,0.0712401055408971,0.229017857142857
0.895472098144336,0.0712401055408971,0.229464285714286
0.895465156520822,0.0712401055408971,0.229910714285714
0.895421609419506,0.0712401055408971,0.230357142857143
0.895417763151217,0.0712401055408971,0.230803571428571
0.895404048624858,0.0712401055408971,0.23125
0.895349547467382,0.0712401055408971,0.231696428571429
0.895348682983397,0.0712401055408971,0.232142857142857
0.895155471460671,0.0712401055408971,0.232589285714286
0.895141157356285,0.0712401055408971,0.233035714285714
0.895066229689249,0.0712401055408971,0.233482142857143
0.895033414119097,0.0725593667546174,0.233482142857143
0.895001157801433,0.0725593667546174,0.233928571428571
0.894956394843992,0.0725593667546174,0.234375
0.894788728510029,0.0725593667546174,0.234821428571429
0.894788244875516,0.0725593667546174,0.235267857142857
0.894755911254872,0.0725593667546174,0.235714285714286
0.894708139715853,0.0725593667546174,0.236160714285714
0.894692150643855,0.0725593667546174,0.236607142857143
0.89459216556411,0.0725593667546174,0.237053571428571
0.894494491733736,0.0725593667546174,0.2375
0.894446815693884,0.0725593667546174,0.237946428571429
0.894350586380681,0.0725593667546174,0.238392857142857
0.894307461650676,0.0725593667546174,0.238839285714286
0.894282645912582,0.0725593667546174,0.239285714285714
0.894163002459147,0.0725593667546174,0.239732142857143
0.894143395159419,0.0725593667546174,0.240178571428571
0.894092404591693,0.0725593667546174,0.240625
0.894090964460255,0.0725593667546174,0.241071428571429
0.894050259187438,0.0725593667546174,0.241517857142857
0.893949516725703,0.0725593667546174,0.241964285714286
0.893945645501556,0.0738786279683377,0.241964285714286
0.893937098482246,0.0738786279683377,0.242410714285714
0.893866313288409,0.0738786279683377,0.242857142857143
0.893799006895985,0.0751978891820581,0.242857142857143
0.893772434109115,0.0751978891820581,0.243303571428571
0.893742264581724,0.0751978891820581,0.24375
0.893640294827707,0.0751978891820581,0.244196428571429
0.893511112612663,0.0751978891820581,0.244642857142857
0.893469410623835,0.0751978891820581,0.245089285714286
0.893396705933276,0.0751978891820581,0.245535714285714
0.893240190023327,0.0751978891820581,0.245982142857143
0.893172647156653,0.0751978891820581,0.246428571428571
0.893125741132314,0.0751978891820581,0.246875
0.893075376058961,0.0751978891820581,0.247321428571429
0.893073645856808,0.0751978891820581,0.247767857142857
0.893057113457458,0.0751978891820581,0.248214285714286
0.893052478170969,0.0765171503957784,0.248214285714286
0.893011779693551,0.0765171503957784,0.248660714285714
0.892893870157685,0.0765171503957784,0.249107142857143
0.8927480481992,0.0765171503957784,0.249553571428571
0.892553030569986,0.0778364116094987,0.249553571428571
0.89241221697791,0.0778364116094987,0.25
0.892379998438604,0.079155672823219,0.25
0.892364256099779,0.079155672823219,0.250446428571429
0.892284725611372,0.079155672823219,0.250892857142857
0.89227456404758,0.079155672823219,0.251339285714286
0.892186464315686,0.0804749340369393,0.251339285714286
0.892182159509443,0.0804749340369393,0.251785714285714
0.892164230196201,0.0804749340369393,0.252232142857143
0.892096326375622,0.0804749340369393,0.252678571428571
0.892026124530297,0.0804749340369393,0.253125
0.892004149578375,0.0804749340369393,0.253571428571429
0.891813614020317,0.0804749340369393,0.254017857142857
0.891772509753138,0.0804749340369393,0.254464285714286
0.891725301937754,0.0817941952506596,0.254464285714286
0.891676177768656,0.08311345646438,0.254464285714286
0.8915847620153,0.08311345646438,0.254910714285714
0.891483789368025,0.08311345646438,0.255357142857143
0.891383475036554,0.0844327176781003,0.255357142857143
0.891308220617885,0.0844327176781003,0.255803571428571
0.891276458546412,0.0844327176781003,0.25625
0.891275512664767,0.0844327176781003,0.256696428571429
0.891228042181811,0.0844327176781003,0.257142857142857
0.891136721272864,0.0844327176781003,0.257589285714286
0.891074747613782,0.0844327176781003,0.258035714285714
0.890896665386375,0.0844327176781003,0.258482142857143
0.890875415561981,0.0844327176781003,0.258928571428571
0.890836809289653,0.0844327176781003,0.259375
0.890554478602125,0.0857519788918206,0.259375
0.890508381958697,0.0857519788918206,0.259821428571429
0.890480295447796,0.0857519788918206,0.260267857142857
0.890415797599559,0.0857519788918206,0.260714285714286
0.890375260753564,0.0857519788918206,0.261160714285714
0.890339069428111,0.0857519788918206,0.261607142857143
0.890303794024281,0.0857519788918206,0.262053571428571
0.890257723137149,0.0857519788918206,0.2625
0.890227047069388,0.0857519788918206,0.262946428571429
0.890226560769967,0.0857519788918206,0.263392857142857
0.89018813170599,0.0870712401055409,0.263392857142857
0.890156082658336,0.0870712401055409,0.263839285714286
0.890141849851899,0.0870712401055409,0.264285714285714
0.889882696001562,0.0870712401055409,0.264732142857143
0.889881697497759,0.0870712401055409,0.265178571428571
0.889865156025639,0.0870712401055409,0.265625
0.889852894525453,0.0870712401055409,0.266071428571429
0.889838709402119,0.0870712401055409,0.266517857142857
0.889782145613508,0.0870712401055409,0.266964285714286
0.889773657325057,0.0870712401055409,0.267410714285714
0.889741583456199,0.0870712401055409,0.267857142857143
0.8897339132399,0.0870712401055409,0.268303571428571
0.889679905631698,0.0883905013192612,0.268303571428571
0.889548374624774,0.0883905013192612,0.26875
0.889502819434093,0.0883905013192612,0.269196428571429
0.889422312184241,0.0883905013192612,0.269642857142857
0.889414867524241,0.0883905013192612,0.270089285714286
0.889407734606216,0.0883905013192612,0.270535714285714
0.889347388203671,0.0883905013192612,0.270982142857143
0.889315124291105,0.0883905013192612,0.271428571428571
0.889184863068734,0.0883905013192612,0.271875
0.889154212714554,0.0883905013192612,0.272321428571429
0.88902754219857,0.0883905013192612,0.272767857142857
0.889000243012623,0.0897097625329815,0.272767857142857
0.888927314502925,0.0897097625329815,0.273214285714286
0.888922082639848,0.0897097625329815,0.273660714285714
0.888911129987098,0.0897097625329815,0.274107142857143
0.888878754764741,0.0910290237467019,0.274107142857143
0.888876862978584,0.0910290237467019,0.274553571428571
0.888827199216428,0.0910290237467019,0.275
0.888824380642531,0.0910290237467019,0.275446428571429
0.888730539691828,0.0910290237467019,0.275892857142857
0.888489607765989,0.0910290237467019,0.276339285714286
0.888433127771962,0.0910290237467019,0.276785714285714
0.888413210348765,0.0910290237467019,0.277232142857143
0.888237424460107,0.0910290237467019,0.277678571428571
0.888228383117755,0.0910290237467019,0.278571428571429
0.888183198261458,0.0910290237467019,0.279017857142857
0.888142300150108,0.0910290237467019,0.279464285714286
0.888114821359656,0.0910290237467019,0.279910714285714
0.887995664992525,0.0923482849604222,0.279910714285714
0.887930439908589,0.0923482849604222,0.280357142857143
0.88785370880075,0.0923482849604222,0.280803571428571
0.887848861883184,0.0923482849604222,0.28125
0.887734565489838,0.0923482849604222,0.281696428571429
0.887712561961832,0.0923482849604222,0.282142857142857
0.887605399367431,0.0923482849604222,0.282589285714286
0.887589783852707,0.0936675461741425,0.282589285714286
0.887587429725576,0.0936675461741425,0.283035714285714
0.887543507085705,0.0949868073878628,0.283035714285714
0.887521155773418,0.0949868073878628,0.283482142857143
0.887520077578794,0.0963060686015831,0.283482142857143
0.887518190595414,0.0963060686015831,0.283928571428571
0.887497580577139,0.0963060686015831,0.284375
0.887485606449365,0.0963060686015831,0.284821428571429
0.887300676029443,0.0963060686015831,0.285267857142857
0.887221483170285,0.0963060686015831,0.286160714285714
0.887211578014873,0.0963060686015831,0.286607142857143
0.887075535232502,0.0963060686015831,0.287053571428571
0.887073748137246,0.0963060686015831,0.2875
0.887047928719486,0.0963060686015831,0.287946428571429
0.887045959352533,0.0963060686015831,0.288392857142857
0.887037871071829,0.0963060686015831,0.288839285714286
0.887013411674556,0.0963060686015831,0.289285714285714
0.886993414102725,0.0963060686015831,0.289732142857143
0.886991699165115,0.0963060686015831,0.290178571428571
0.886976983624652,0.0963060686015831,0.290625
0.886882398937856,0.0963060686015831,0.291071428571429
0.886779655250418,0.0963060686015831,0.291517857142857
0.886744946350082,0.0976253298153034,0.291517857142857
0.88669551832714,0.0976253298153034,0.291964285714286
0.886673080890068,0.0976253298153034,0.292410714285714
0.886657621468167,0.0976253298153034,0.292857142857143
0.886558183669481,0.0976253298153034,0.293303571428571
0.886459238347794,0.0976253298153034,0.29375
0.886393233002826,0.0976253298153034,0.294196428571429
0.886302660438938,0.0976253298153034,0.294642857142857
0.886284521227589,0.0976253298153034,0.295089285714286
0.886091260192598,0.0976253298153034,0.295535714285714
0.886036995356392,0.0976253298153034,0.295982142857143
0.885970776121601,0.0976253298153034,0.296428571428571
0.885962936025522,0.0976253298153034,0.296875
0.885933579470509,0.0976253298153034,0.297321428571429
0.885899953049817,0.0976253298153034,0.297767857142857
0.885893549553674,0.0976253298153034,0.298214285714286
0.885834159516063,0.0976253298153034,0.298660714285714
0.885830835859492,0.0976253298153034,0.299107142857143
0.885773079438865,0.0976253298153034,0.299553571428571
0.885746563945673,0.0976253298153034,0.3
0.885728914965339,0.0976253298153034,0.300446428571429
0.885667324994124,0.0976253298153034,0.300892857142857
0.885462052611949,0.0976253298153034,0.301339285714286
0.885456439573221,0.0976253298153034,0.301785714285714
0.885445428238311,0.0976253298153034,0.302232142857143
0.885389926636258,0.0976253298153034,0.302678571428571
0.885371767283107,0.0976253298153034,0.303125
0.885356657560773,0.0976253298153034,0.303571428571429
0.885340019870668,0.0976253298153034,0.304017857142857
0.885285502449199,0.0989445910290237,0.304017857142857
0.885278605479995,0.0989445910290237,0.304464285714286
0.885256799889523,0.0989445910290237,0.304910714285714
0.885240149585948,0.0989445910290237,0.305357142857143
0.885235931606861,0.0989445910290237,0.305803571428571
0.885114238956045,0.0989445910290237,0.30625
0.885073530864277,0.0989445910290237,0.306696428571429
0.88491365190802,0.0989445910290237,0.307142857142857
0.88487214932756,0.0989445910290237,0.307589285714286
0.884869203032959,0.0989445910290237,0.308035714285714
0.88483016272572,0.0989445910290237,0.308482142857143
0.88472975733038,0.0989445910290237,0.308928571428571
0.884722946292437,0.0989445910290237,0.309375
0.884630595952997,0.0989445910290237,0.309821428571429
0.884605878238236,0.0989445910290237,0.310267857142857
0.884538935802429,0.0989445910290237,0.310714285714286
0.884488255430731,0.0989445910290237,0.311160714285714
0.884425338522373,0.0989445910290237,0.311607142857143
0.88437098018891,0.0989445910290237,0.312053571428571
0.884309566581286,0.0989445910290237,0.3125
0.884202549839021,0.0989445910290237,0.312946428571429
0.884188486549415,0.0989445910290237,0.313392857142857
0.88416753563953,0.0989445910290237,0.313839285714286
0.884165249435545,0.0989445910290237,0.314285714285714
0.884136119192325,0.0989445910290237,0.314732142857143
0.884116153541689,0.100263852242744,0.314732142857143
0.884108189619196,0.100263852242744,0.315178571428571
0.884077311263228,0.100263852242744,0.315625
0.884004913083166,0.100263852242744,0.316071428571429
0.883958748393832,0.100263852242744,0.316517857142857
0.883958295206044,0.100263852242744,0.316964285714286
0.883949911040051,0.100263852242744,0.317410714285714
0.883906508147367,0.100263852242744,0.317857142857143
0.883891896796423,0.100263852242744,0.318303571428571
0.883887211540239,0.100263852242744,0.31875
0.883826263513463,0.100263852242744,0.319196428571429
0.88369775778578,0.100263852242744,0.319642857142857
0.883689096913487,0.100263852242744,0.320089285714286
0.883649777622227,0.100263852242744,0.320535714285714
0.883571909336846,0.100263852242744,0.320982142857143
0.883498931503856,0.100263852242744,0.321428571428571
0.883489429658334,0.100263852242744,0.321875
0.883483790611086,0.100263852242744,0.322321428571429
0.883381667975683,0.100263852242744,0.322767857142857
0.883367934944736,0.101583113456464,0.322767857142857
0.883128079379104,0.101583113456464,0.323214285714286
0.883060392972669,0.101583113456464,0.323660714285714
0.883056584605053,0.102902374670185,0.323660714285714
0.882937254096946,0.104221635883905,0.323660714285714
0.882926628421876,0.104221635883905,0.324107142857143
0.882917250265159,0.104221635883905,0.324553571428571
0.882879524274446,0.104221635883905,0.325
0.882866409222935,0.104221635883905,0.325446428571429
0.882718233831251,0.104221635883905,0.325892857142857
0.88253244828777,0.104221635883905,0.326339285714286
0.882530049715538,0.104221635883905,0.326785714285714
0.882472526784562,0.104221635883905,0.327232142857143
0.882397704059491,0.104221635883905,0.327678571428571
0.882390968909231,0.104221635883905,0.328125
0.882380892096639,0.104221635883905,0.328571428571429
0.882343004333277,0.104221635883905,0.329017857142857
0.882304578907084,0.104221635883905,0.329464285714286
0.882272346470594,0.104221635883905,0.329910714285714
0.882202340315326,0.104221635883905,0.330357142857143
0.882178471884427,0.104221635883905,0.330803571428571
0.882118038036664,0.104221635883905,0.33125
0.882101493378571,0.104221635883905,0.331696428571429
0.882061325355797,0.104221635883905,0.332142857142857
0.881994590781289,0.104221635883905,0.332589285714286
0.881945754830086,0.104221635883905,0.333035714285714
0.881746141980288,0.104221635883905,0.333482142857143
0.881674672863401,0.104221635883905,0.333928571428571
0.881631511845312,0.104221635883905,0.334375
0.88154191932932,0.104221635883905,0.334821428571429
0.881484610010202,0.104221635883905,0.335267857142857
0.881420927653107,0.104221635883905,0.335714285714286
0.881244673588723,0.104221635883905,0.336160714285714
0.881141307841165,0.104221635883905,0.336607142857143
0.880987650745418,0.105540897097625,0.336607142857143
0.880953275596576,0.105540897097625,0.337053571428571
0.880901178270366,0.105540897097625,0.3375
0.880766094759825,0.105540897097625,0.337946428571429
0.880747769343589,0.105540897097625,0.338392857142857
0.880741617085701,0.105540897097625,0.338839285714286
0.880685136325675,0.105540897097625,0.339285714285714
0.880659541994896,0.105540897097625,0.339732142857143
0.880644916330605,0.105540897097625,0.340178571428571
0.880626283224732,0.105540897097625,0.340625
0.880616226348983,0.105540897097625,0.341071428571429
0.880545576037865,0.105540897097625,0.341517857142857
0.880510010696724,0.105540897097625,0.341964285714286
0.880505616768698,0.105540897097625,0.342410714285714
0.880272568782707,0.106860158311346,0.342410714285714
0.880242959329079,0.108179419525066,0.342410714285714
0.88023660606316,0.108179419525066,0.342857142857143
0.880034357815907,0.109498680738786,0.342857142857143
0.879991690597948,0.109498680738786,0.343303571428571
0.879987280207913,0.109498680738786,0.34375
0.879900702233284,0.110817941952507,0.34375
0.879848729564613,0.110817941952507,0.344196428571429
0.879657996941475,0.110817941952507,0.344642857142857
0.879646152616216,0.110817941952507,0.345089285714286
0.879638869626366,0.110817941952507,0.345535714285714
0.879613405583392,0.110817941952507,0.345982142857143
0.879578442295738,0.110817941952507,0.346428571428571
0.879553850845831,0.110817941952507,0.346875
0.879430987330137,0.110817941952507,0.347321428571429
0.879406140774418,0.110817941952507,0.347767857142857
0.8792264412864,0.110817941952507,0.348214285714286
0.879161984145092,0.110817941952507,0.348660714285714
0.879117859807034,0.110817941952507,0.349107142857143
0.879016988035089,0.110817941952507,0.349553571428571
0.878992389243014,0.110817941952507,0.35
0.878830003538896,0.110817941952507,0.350446428571429
0.878800544336249,0.110817941952507,0.350892857142857
0.8786274634396,0.110817941952507,0.351339285714286
0.878556386723258,0.110817941952507,0.351785714285714
0.878429323734578,0.112137203166227,0.351785714285714
0.878413414553554,0.112137203166227,0.352232142857143
0.878410479513715,0.112137203166227,0.352678571428571
0.878319126216855,0.113456464379947,0.352678571428571
0.878165091148103,0.113456464379947,0.353125
0.87814628825715,0.114775725593668,0.353125
0.878135838971501,0.114775725593668,0.353571428571429
0.878099959462437,0.114775725593668,0.354017857142857
0.878073667649329,0.114775725593668,0.354464285714286
0.877992644453617,0.114775725593668,0.354910714285714
0.877922394990125,0.114775725593668,0.355357142857143
0.877892830208867,0.114775725593668,0.355803571428571
0.877790396940626,0.114775725593668,0.35625
0.877787223039513,0.114775725593668,0.356696428571429
0.877759904425463,0.114775725593668,0.357142857142857
0.877731040692383,0.114775725593668,0.357589285714286
0.877593673182313,0.114775725593668,0.358035714285714
0.877554966138561,0.114775725593668,0.358482142857143
0.877533329123354,0.114775725593668,0.358928571428571
0.877446885787426,0.114775725593668,0.359375
0.877445697078521,0.114775725593668,0.359821428571429
0.877394448267409,0.114775725593668,0.360267857142857
0.877372466504228,0.114775725593668,0.360714285714286
0.87734777882667,0.114775725593668,0.361160714285714
0.877331454586154,0.114775725593668,0.361607142857143
0.877263123455351,0.114775725593668,0.362053571428571
0.877248969457915,0.114775725593668,0.3625
0.877005390595157,0.114775725593668,0.362946428571429
0.877002318703629,0.114775725593668,0.363392857142857
0.876968754114148,0.114775725593668,0.363839285714286
0.876955966640714,0.114775725593668,0.364285714285714
0.87687783636174,0.114775725593668,0.364732142857143
0.876876224997611,0.114775725593668,0.365178571428571
0.876840618711342,0.114775725593668,0.365625
0.876835870377269,0.117414248021108,0.365625
0.876796701457308,0.117414248021108,0.366071428571429
0.876785822622558,0.117414248021108,0.366517857142857
0.876759715174878,0.117414248021108,0.366964285714286
0.876746829666364,0.117414248021108,0.367410714285714
0.876582656125857,0.117414248021108,0.367857142857143
0.876528268029379,0.117414248021108,0.368303571428571
0.876526739733821,0.117414248021108,0.36875
0.876476620926158,0.117414248021108,0.369196428571429
0.876469832550935,0.117414248021108,0.369642857142857
0.876444605035224,0.117414248021108,0.370089285714286
0.876440126440244,0.117414248021108,0.370535714285714
0.876420264488509,0.117414248021108,0.370982142857143
0.87632210060739,0.117414248021108,0.371428571428571
0.876315822807911,0.117414248021108,0.371875
0.876282307974646,0.117414248021108,0.372321428571429
0.876203810321983,0.117414248021108,0.372767857142857
0.876202191381921,0.117414248021108,0.373214285714286
0.876142547889643,0.118733509234828,0.373214285714286
0.876132676191719,0.118733509234828,0.374107142857143
0.87612290325123,0.118733509234828,0.374553571428571
0.876078766237625,0.118733509234828,0.375
0.876048513257191,0.118733509234828,0.375446428571429
0.875997715857925,0.118733509234828,0.375892857142857
0.875979910204064,0.118733509234828,0.376339285714286
0.875961080112498,0.118733509234828,0.376785714285714
0.875941683988078,0.118733509234828,0.377232142857143
0.875936876355554,0.118733509234828,0.377678571428571
0.875923871428115,0.118733509234828,0.378125
0.875834775696413,0.118733509234828,0.378571428571429
0.875829964508169,0.120052770448549,0.379017857142857
0.875810325396845,0.120052770448549,0.379464285714286
0.875794309658565,0.120052770448549,0.379910714285714
0.875776202942387,0.120052770448549,0.380357142857143
0.875769349249591,0.120052770448549,0.380803571428571
0.875750709409405,0.121372031662269,0.38125
0.875732873318969,0.121372031662269,0.381696428571429
0.875594019544227,0.121372031662269,0.382142857142857
0.875590105488774,0.121372031662269,0.382589285714286
0.875562338923062,0.122691292875989,0.382589285714286
0.875514161427704,0.122691292875989,0.383035714285714
0.875508754461555,0.122691292875989,0.383482142857143
0.875489928817781,0.12401055408971,0.383482142857143
0.875417585339372,0.12401055408971,0.383928571428571
0.875365765791317,0.12401055408971,0.384375
0.875337443692991,0.12401055408971,0.384821428571429
0.875299047642143,0.12401055408971,0.385267857142857
0.87527969905601,0.12401055408971,0.385714285714286
0.875258431875013,0.12401055408971,0.386160714285714
0.875218594501455,0.12401055408971,0.386607142857143
0.875133108805061,0.12401055408971,0.387053571428571
0.875084202005891,0.12401055408971,0.3875
0.875047117209976,0.12401055408971,0.387946428571429
0.875025603131935,0.12401055408971,0.388392857142857
0.8750165221499,0.12401055408971,0.388839285714286
0.874979285959025,0.12401055408971,0.389285714285714
0.874889608826523,0.12401055408971,0.389732142857143
0.87486757811274,0.12401055408971,0.390178571428571
0.874742244315537,0.12401055408971,0.390625
0.874731529243859,0.12532981530343,0.390625
0.874690737776999,0.12532981530343,0.391071428571429
0.874612789463096,0.12532981530343,0.391517857142857
0.874587067073056,0.12532981530343,0.391964285714286
0.874558854694453,0.12532981530343,0.392410714285714
0.874545699372657,0.12532981530343,0.392857142857143
0.874540872022692,0.12532981530343,0.393303571428571
0.87445429070218,0.12664907651715,0.393303571428571
0.874424893805528,0.12664907651715,0.39375
0.874365757114427,0.12664907651715,0.394196428571429
0.874338559405748,0.12664907651715,0.394642857142857
0.87433544249559,0.12664907651715,0.395089285714286
0.874324907686584,0.12664907651715,0.395535714285714
0.874298853579319,0.127968337730871,0.395535714285714
0.87429053685477,0.127968337730871,0.395982142857143
0.874275703133595,0.127968337730871,0.396428571428571
0.874239666069068,0.129287598944591,0.396875
0.874188233833443,0.129287598944591,0.397321428571429
0.874184340167298,0.129287598944591,0.397767857142857
0.874069428547573,0.129287598944591,0.398214285714286
0.874023257927922,0.129287598944591,0.398660714285714
0.874007272630295,0.130606860158311,0.398660714285714
0.873934346362326,0.130606860158311,0.399107142857143
0.873806531145951,0.130606860158311,0.399553571428571
0.873783603906145,0.130606860158311,0.4
0.873765526139473,0.130606860158311,0.400446428571429
0.873758683191218,0.130606860158311,0.400892857142857
0.873730593603153,0.130606860158311,0.401339285714286
0.873703204223694,0.130606860158311,0.401785714285714
0.87370003551461,0.130606860158311,0.402232142857143
0.873675104075884,0.130606860158311,0.402678571428571
0.87364841303276,0.131926121372032,0.402678571428571
0.873640150135905,0.131926121372032,0.403125
0.873638919739944,0.131926121372032,0.404017857142857
0.873575246569053,0.131926121372032,0.404464285714286
0.873542112821833,0.131926121372032,0.404910714285714
0.873512204742753,0.131926121372032,0.405357142857143
0.873474745344998,0.131926121372032,0.405803571428571
0.873463627887311,0.131926121372032,0.40625
0.873431940028053,0.131926121372032,0.406696428571429
0.87333222778249,0.131926121372032,0.407589285714286
0.873330994822941,0.131926121372032,0.408035714285714
0.873321598687953,0.131926121372032,0.408482142857143
0.873312861628799,0.131926121372032,0.408928571428571
0.87327658858266,0.131926121372032,0.409375
0.873275450466905,0.131926121372032,0.409821428571429
0.873231210890221,0.131926121372032,0.410267857142857
0.873179544373247,0.131926121372032,0.410714285714286
0.873027683785056,0.131926121372032,0.411160714285714
0.873026042299803,0.131926121372032,0.411607142857143
0.873004820403401,0.133245382585752,0.411607142857143
0.872861975542071,0.133245382585752,0.412053571428571
0.87285192350021,0.133245382585752,0.4125
0.872849567611651,0.133245382585752,0.412946428571429
0.872807849596396,0.133245382585752,0.413392857142857
0.872786032969197,0.133245382585752,0.413839285714286
0.87276783312699,0.133245382585752,0.414285714285714
0.87270367270613,0.133245382585752,0.414732142857143
0.872664737352452,0.134564643799472,0.414732142857143
0.872629046465579,0.134564643799472,0.415178571428571
0.872586715099882,0.134564643799472,0.415625
0.872439855482195,0.135883905013193,0.415625
0.872349580224727,0.135883905013193,0.416071428571429
0.872330369298563,0.135883905013193,0.416517857142857
0.87227727290876,0.135883905013193,0.416964285714286
0.872202534039123,0.135883905013193,0.417410714285714
0.872167222794595,0.135883905013193,0.417857142857143
0.872138243006456,0.135883905013193,0.418303571428571
0.872130669757423,0.135883905013193,0.41875
0.872056302845479,0.135883905013193,0.419196428571429
0.8719947258703,0.135883905013193,0.419642857142857
0.871873313100143,0.135883905013193,0.420089285714286
0.871829746715985,0.135883905013193,0.420535714285714
0.87177484092076,0.135883905013193,0.420982142857143
0.871763412122195,0.135883905013193,0.421428571428571
0.871745087477704,0.135883905013193,0.421875
0.871701483909383,0.135883905013193,0.422321428571429
0.871673450105047,0.135883905013193,0.422767857142857
0.8716717665657,0.135883905013193,0.423214285714286
0.871664088157444,0.135883905013193,0.423660714285714
0.871583257757157,0.135883905013193,0.424107142857143
0.871523148595977,0.135883905013193,0.424553571428571
0.871509694536632,0.135883905013193,0.425
0.871404924518586,0.135883905013193,0.425446428571429
0.871258255825304,0.135883905013193,0.425892857142857
0.871140369867354,0.135883905013193,0.426339285714286
0.871076935281075,0.135883905013193,0.426785714285714
0.87099551395996,0.135883905013193,0.427232142857143
0.870991880894973,0.135883905013193,0.427678571428571
0.870877882348795,0.135883905013193,0.428125
0.870742714313512,0.135883905013193,0.428571428571429
0.870679787859904,0.135883905013193,0.429017857142857
0.870674109654609,0.135883905013193,0.429464285714286
0.870562941530702,0.135883905013193,0.429910714285714
0.87055043433891,0.137203166226913,0.429910714285714
0.870415112981383,0.138522427440633,0.429910714285714
0.870373688286361,0.138522427440633,0.430357142857143
0.870324652305839,0.138522427440633,0.430803571428571
0.870286931954953,0.138522427440633,0.43125
0.870284970034016,0.138522427440633,0.431696428571429
0.870256581030897,0.138522427440633,0.432142857142857
0.870217590687587,0.138522427440633,0.432589285714286
0.870169755989316,0.138522427440633,0.433035714285714
0.870143526613825,0.138522427440633,0.433482142857143
0.869910293090886,0.138522427440633,0.433928571428571
0.869897871182813,0.138522427440633,0.434375
0.869877388100183,0.138522427440633,0.434821428571429
0.869789505424164,0.138522427440633,0.435267857142857
0.8697460297521,0.138522427440633,0.435714285714286
0.86972239977307,0.138522427440633,0.436160714285714
0.869679811117941,0.138522427440633,0.436607142857143
0.869670535535539,0.138522427440633,0.437053571428571
0.869590842650212,0.138522427440633,0.4375
0.869545672532683,0.138522427440633,0.437946428571429
0.869534771175666,0.138522427440633,0.438392857142857
0.869514372554886,0.138522427440633,0.438839285714286
0.869475707616227,0.138522427440633,0.439285714285714
0.869439893269825,0.138522427440633,0.439732142857143
0.869410224681875,0.138522427440633,0.440178571428571
0.869133205887529,0.138522427440633,0.440625
0.868889717533406,0.138522427440633,0.441071428571429
0.868872253204451,0.138522427440633,0.441517857142857
0.868861304263679,0.138522427440633,0.441964285714286
0.868837443901,0.139841688654354,0.441964285714286
0.868796327354168,0.139841688654354,0.442410714285714
0.868796094582276,0.139841688654354,0.442857142857143
0.868760465812724,0.139841688654354,0.443303571428571
0.868727274750424,0.139841688654354,0.44375
0.868723431146265,0.141160949868074,0.44375
0.8687129952163,0.141160949868074,0.444196428571429
0.868683951656202,0.141160949868074,0.444642857142857
0.868655401571249,0.141160949868074,0.445089285714286
0.868620697431385,0.141160949868074,0.445535714285714
0.868535746192614,0.141160949868074,0.445982142857143
0.868529480545501,0.141160949868074,0.446428571428571
0.868455785392872,0.141160949868074,0.446875
0.868451320849332,0.141160949868074,0.447321428571429
0.868421968404233,0.142480211081794,0.447321428571429
0.868405514881164,0.142480211081794,0.447767857142857
0.868394504721787,0.142480211081794,0.448214285714286
0.868330043555558,0.142480211081794,0.448660714285714
0.868269271083917,0.143799472295515,0.448660714285714
0.868197058480409,0.143799472295515,0.449107142857143
0.868178301275394,0.143799472295515,0.449553571428571
0.868151993887953,0.145118733509235,0.449553571428571
0.868046937438771,0.145118733509235,0.45
0.868041792712803,0.145118733509235,0.450446428571429
0.867988753460223,0.145118733509235,0.450892857142857
0.867972261495618,0.145118733509235,0.451339285714286
0.86796109346118,0.145118733509235,0.451785714285714
0.867897851087906,0.145118733509235,0.452232142857143
0.86780268152018,0.146437994722955,0.452232142857143
0.867791690985707,0.146437994722955,0.452678571428571
0.867767172068526,0.147757255936675,0.452678571428571
0.867765069687552,0.147757255936675,0.453125
0.867671234886034,0.147757255936675,0.453571428571429
0.867633356839082,0.147757255936675,0.454017857142857
0.867623777702833,0.147757255936675,0.454464285714286
0.867608284921037,0.147757255936675,0.454910714285714
0.867538764167863,0.147757255936675,0.455357142857143
0.867471928972428,0.147757255936675,0.455803571428571
0.867469829645177,0.147757255936675,0.45625
0.867401580802328,0.147757255936675,0.456696428571429
0.867307850911985,0.147757255936675,0.457142857142857
0.867269561278611,0.149076517150396,0.457142857142857
0.86718268660368,0.150395778364116,0.457142857142857
0.867177129866106,0.150395778364116,0.457589285714286
0.867071645337131,0.150395778364116,0.458035714285714
0.867067848834278,0.150395778364116,0.458482142857143
0.867048720139908,0.150395778364116,0.458928571428571
0.867020557919608,0.150395778364116,0.459375
0.867019030620505,0.150395778364116,0.459821428571429
0.866973124103203,0.150395778364116,0.460267857142857
0.866784276589561,0.151715039577836,0.460267857142857
0.866750881895198,0.151715039577836,0.460714285714286
0.866747124029308,0.151715039577836,0.461160714285714
0.866640919519671,0.151715039577836,0.461607142857143
0.866576097476301,0.151715039577836,0.462053571428571
0.86652055179012,0.151715039577836,0.4625
0.86651901963244,0.151715039577836,0.462946428571429
0.866499824122202,0.151715039577836,0.463392857142857
0.866490526252552,0.153034300791557,0.463392857142857
0.866368815147177,0.153034300791557,0.463839285714286
0.866357732516179,0.153034300791557,0.464285714285714
0.866251203175688,0.153034300791557,0.464732142857143
0.86619866474815,0.153034300791557,0.465178571428571
0.866137220221533,0.153034300791557,0.465625
0.866123466643228,0.153034300791557,0.466071428571429
0.866121931975056,0.153034300791557,0.466517857142857
0.866058003529486,0.153034300791557,0.466964285714286
0.866052270479766,0.153034300791557,0.467410714285714
0.865971348421983,0.153034300791557,0.467857142857143
0.86593175953593,0.153034300791557,0.468303571428571
0.865778173429796,0.153034300791557,0.46875
0.865667050732481,0.153034300791557,0.469196428571429
0.865645549919926,0.153034300791557,0.469642857142857
0.865622022448368,0.153034300791557,0.470089285714286
0.865593617273752,0.153034300791557,0.470535714285714
0.865590413416016,0.154353562005277,0.470535714285714
0.865562341382015,0.154353562005277,0.470982142857143
0.865562017695276,0.154353562005277,0.471428571428571
0.865560823403819,0.154353562005277,0.471875
0.865399573813123,0.154353562005277,0.472321428571429
0.865361413831246,0.154353562005277,0.472767857142857
0.865333841490248,0.154353562005277,0.473214285714286
0.865316765373938,0.154353562005277,0.473660714285714
0.865256881566824,0.154353562005277,0.474107142857143
0.865218657916895,0.154353562005277,0.474553571428571
0.865189448010606,0.154353562005277,0.475
0.865112837120114,0.154353562005277,0.475446428571429
0.865106412559549,0.154353562005277,0.475892857142857
0.865102581646912,0.154353562005277,0.476339285714286
0.865091901254591,0.154353562005277,0.476785714285714
0.865066212753699,0.154353562005277,0.477232142857143
0.865039120360732,0.154353562005277,0.477678571428571
0.864940725629333,0.154353562005277,0.478125
0.864902426296209,0.155672823218997,0.478125
0.864873425705204,0.155672823218997,0.478571428571429
0.864844837770612,0.155672823218997,0.479017857142857
0.864771568746988,0.156992084432718,0.479017857142857
0.864768306456808,0.156992084432718,0.479464285714286
0.864740089552639,0.156992084432718,0.479910714285714
0.864691616127062,0.156992084432718,0.480357142857143
0.864602141589182,0.156992084432718,0.480803571428571
0.864592570156512,0.156992084432718,0.48125
0.864588314969614,0.156992084432718,0.481696428571429
0.864566423415143,0.156992084432718,0.482142857142857
0.864532821618741,0.156992084432718,0.482589285714286
0.864416424827669,0.156992084432718,0.483035714285714
0.864385828971875,0.156992084432718,0.483482142857143
0.864384487885063,0.156992084432718,0.483928571428571
0.864263850681911,0.158311345646438,0.483928571428571
0.864237158066857,0.158311345646438,0.484375
0.864120362842517,0.158311345646438,0.484821428571429
0.864094951366407,0.158311345646438,0.485267857142857
0.864002410200088,0.158311345646438,0.485714285714286
0.863999215056959,0.159630606860158,0.485714285714286
0.863918314180344,0.159630606860158,0.486160714285714
0.863899244197225,0.159630606860158,0.486607142857143
0.863877673009626,0.159630606860158,0.487053571428571
0.863868465525761,0.160949868073879,0.487053571428571
0.863858367642126,0.160949868073879,0.4875
0.863793299435284,0.160949868073879,0.487946428571429
0.863767395768027,0.162269129287599,0.487946428571429
0.863758783748261,0.162269129287599,0.488392857142857
0.863735421992373,0.162269129287599,0.488839285714286
0.863733172142506,0.162269129287599,0.489285714285714
0.863731407065105,0.162269129287599,0.489732142857143
0.863724558300602,0.162269129287599,0.490178571428571
0.863655987338737,0.163588390501319,0.490178571428571
0.863588268869913,0.163588390501319,0.490625
0.863489100954247,0.163588390501319,0.491071428571429
0.863431128515982,0.163588390501319,0.491517857142857
0.863424212003695,0.163588390501319,0.491964285714286
0.863334461730451,0.163588390501319,0.492410714285714
0.863297316316993,0.163588390501319,0.492857142857143
0.863177972859467,0.163588390501319,0.493303571428571
0.863170976672588,0.163588390501319,0.49375
0.863149016724869,0.163588390501319,0.494196428571429
0.863061784871616,0.163588390501319,0.494642857142857
0.863024740950078,0.163588390501319,0.495089285714286
0.862995447149712,0.16490765171504,0.495089285714286
0.862898080647242,0.16490765171504,0.495535714285714
0.862877734020049,0.16490765171504,0.495982142857143
0.862827932188948,0.16622691292876,0.495982142857143
0.86276966731799,0.16622691292876,0.496428571428571
0.86269501581967,0.16622691292876,0.496875
0.862621016232845,0.16622691292876,0.497321428571429
0.862576774484788,0.16622691292876,0.497767857142857
0.862524593687131,0.16622691292876,0.498214285714286
0.862448426810889,0.16622691292876,0.498660714285714
0.862401817542107,0.16622691292876,0.499107142857143
0.86238407687944,0.16754617414248,0.499107142857143
0.862234166723241,0.16754617414248,0.499553571428571
0.862190540162201,0.168865435356201,0.499553571428571
0.862119632346849,0.168865435356201,0.5
0.86210154903389,0.168865435356201,0.500446428571429
0.862068313663553,0.168865435356201,0.500892857142857
0.862048822848326,0.168865435356201,0.501339285714286
0.862002689307634,0.168865435356201,0.501785714285714
0.861959437621188,0.168865435356201,0.502232142857143
0.861942319977615,0.168865435356201,0.502678571428571
0.861883563666693,0.168865435356201,0.503125
0.861878675246564,0.168865435356201,0.503571428571429
0.86183152563775,0.168865435356201,0.504017857142857
0.861734798924243,0.168865435356201,0.504464285714286
0.861635042739157,0.170184696569921,0.504464285714286
0.861445987866792,0.170184696569921,0.504910714285714
0.861337553035338,0.170184696569921,0.505357142857143
0.861336490041575,0.170184696569921,0.505803571428571
0.861269822830799,0.170184696569921,0.50625
0.861250237343079,0.170184696569921,0.506696428571429
0.861221546745674,0.170184696569921,0.507142857142857
0.861209819581336,0.170184696569921,0.507589285714286
0.861133513446831,0.170184696569921,0.508035714285714
0.861120811426837,0.170184696569921,0.508482142857143
0.861103610476357,0.170184696569921,0.508928571428571
0.861073863557666,0.170184696569921,0.509375
0.86105301386574,0.171503957783641,0.509375
0.861045820354666,0.171503957783641,0.509821428571429
0.861041854713973,0.171503957783641,0.510267857142857
0.860977952566738,0.171503957783641,0.510714285714286
0.860956176602421,0.171503957783641,0.511160714285714
0.860914084941695,0.171503957783641,0.511607142857143
0.860881058101789,0.171503957783641,0.512053571428571
0.860879591429494,0.171503957783641,0.5125
0.860877571429206,0.171503957783641,0.512946428571429
0.860871768732381,0.171503957783641,0.513392857142857
0.860848012135295,0.171503957783641,0.513839285714286
0.860799130638924,0.171503957783641,0.514285714285714
0.860794954417548,0.171503957783641,0.514732142857143
0.860789098921962,0.171503957783641,0.515178571428571
0.860788070991782,0.171503957783641,0.515625
0.860779489441857,0.171503957783641,0.516071428571429
0.86074103980818,0.171503957783641,0.516517857142857
0.860631894796587,0.171503957783641,0.517857142857143
0.860570852046873,0.171503957783641,0.518303571428571
0.860533566686809,0.171503957783641,0.51875
0.860399473159448,0.171503957783641,0.519196428571429
0.860398086193991,0.171503957783641,0.519642857142857
0.860327942256336,0.171503957783641,0.520089285714286
0.860277641538249,0.172823218997361,0.520089285714286
0.860166613422632,0.172823218997361,0.520535714285714
0.860159389627963,0.172823218997361,0.520982142857143
0.860121918074394,0.172823218997361,0.521428571428571
0.860117097490322,0.172823218997361,0.521875
0.860100232250356,0.172823218997361,0.522321428571429
0.860074260607572,0.172823218997361,0.522767857142857
0.86005197398651,0.174142480211082,0.522767857142857
0.860031401199123,0.174142480211082,0.523214285714286
0.860027274621221,0.174142480211082,0.523660714285714
0.85997945551329,0.175461741424802,0.523660714285714
0.859972198492192,0.175461741424802,0.524107142857143
0.859941781790098,0.175461741424802,0.524553571428571
0.859712546478432,0.175461741424802,0.525
0.859687588464028,0.175461741424802,0.525446428571429
0.859675091757249,0.175461741424802,0.525892857142857
0.859501266410675,0.176781002638522,0.525892857142857
0.859488800905703,0.176781002638522,0.526339285714286
0.859388708201416,0.176781002638522,0.526785714285714
0.859377147832757,0.176781002638522,0.527232142857143
0.859362656399645,0.176781002638522,0.527678571428571
0.859332171442221,0.176781002638522,0.528125
0.859269229635829,0.176781002638522,0.528571428571429
0.859216797556761,0.176781002638522,0.529017857142857
0.859167992907428,0.176781002638522,0.529464285714286
0.85907976688266,0.176781002638522,0.529910714285714
0.859028388846147,0.176781002638522,0.530357142857143
0.859020227643385,0.176781002638522,0.530803571428571
0.85890108608407,0.176781002638522,0.53125
0.85885308092824,0.176781002638522,0.531696428571429
0.858833210175099,0.176781002638522,0.532142857142857
0.858711828134213,0.176781002638522,0.532589285714286
0.858710540620024,0.176781002638522,0.533035714285714
0.85870232983877,0.176781002638522,0.533482142857143
0.858666271672345,0.176781002638522,0.533928571428571
0.858594578766871,0.178100263852243,0.533928571428571
0.858465982255294,0.178100263852243,0.534375
0.85845275030531,0.178100263852243,0.534821428571429
0.858435304033323,0.179419525065963,0.534821428571429
0.858425774642551,0.179419525065963,0.535267857142857
0.858375537394721,0.180738786279683,0.535267857142857
0.858344181237471,0.180738786279683,0.535714285714286
0.858334524062877,0.180738786279683,0.536160714285714
0.858315749688112,0.180738786279683,0.536607142857143
0.858196111055232,0.180738786279683,0.537053571428571
0.858140682378099,0.180738786279683,0.5375
0.858064294596186,0.180738786279683,0.537946428571429
0.85802873562001,0.180738786279683,0.538392857142857
0.858016494998181,0.180738786279683,0.538839285714286
0.857856676926596,0.180738786279683,0.539285714285714
0.857816698965121,0.180738786279683,0.539732142857143
0.857776711623908,0.180738786279683,0.540178571428571
0.857695751051625,0.182058047493404,0.540178571428571
0.857670862880079,0.182058047493404,0.540625
0.857582836347017,0.182058047493404,0.541071428571429
0.857440785138669,0.182058047493404,0.541517857142857
0.857364623715829,0.183377308707124,0.541517857142857
0.85728966177703,0.183377308707124,0.541964285714286
0.857284427651193,0.183377308707124,0.542410714285714
0.857143994105569,0.186015831134565,0.542410714285714
0.857123922772603,0.186015831134565,0.542857142857143
0.856985242040903,0.186015831134565,0.543303571428571
0.8568024617618,0.186015831134565,0.54375
0.856733102822687,0.187335092348285,0.54375
0.856704238423512,0.187335092348285,0.544196428571429
0.856601242883388,0.187335092348285,0.544642857142857
0.856599946726302,0.187335092348285,0.545089285714286
0.856482896005001,0.187335092348285,0.545535714285714
0.856212431304358,0.187335092348285,0.545982142857143
0.856168869436448,0.187335092348285,0.546428571428571
0.856148684091149,0.187335092348285,0.546875
0.856139670664211,0.187335092348285,0.547321428571429
0.856062707787254,0.187335092348285,0.547767857142857
0.85606266924337,0.187335092348285,0.548214285714286
0.856052324438683,0.187335092348285,0.548660714285714
0.855998637681231,0.187335092348285,0.549107142857143
0.855995570766657,0.187335092348285,0.549553571428571
0.855936785002061,0.187335092348285,0.55
0.85583124778012,0.187335092348285,0.550446428571429
0.855760291338977,0.187335092348285,0.550892857142857
0.855749092560809,0.187335092348285,0.551339285714286
0.855727412323288,0.188654353562005,0.551339285714286
0.855724541967608,0.188654353562005,0.551785714285714
0.855611261487881,0.189973614775726,0.551785714285714
0.855582537048411,0.189973614775726,0.552232142857143
0.855560416276635,0.189973614775726,0.552678571428571
0.855409758551174,0.189973614775726,0.553125
0.855332537001695,0.189973614775726,0.553571428571429
0.855291968875922,0.189973614775726,0.554017857142857
0.855250779722393,0.189973614775726,0.554464285714286
0.855241065604089,0.191292875989446,0.554464285714286
0.855222934320547,0.191292875989446,0.554910714285714
0.855210804270146,0.191292875989446,0.555357142857143
0.855208546324631,0.191292875989446,0.555803571428571
0.855161338429045,0.191292875989446,0.55625
0.854998849681722,0.191292875989446,0.556696428571429
0.85492615849971,0.191292875989446,0.557142857142857
0.854870835937,0.192612137203166,0.557142857142857
0.854852155266811,0.192612137203166,0.557589285714286
0.854815868931686,0.192612137203166,0.558035714285714
0.854790890112816,0.192612137203166,0.558482142857143
0.854755304155657,0.192612137203166,0.558928571428571
0.854743091876211,0.192612137203166,0.559375
0.854742760342272,0.192612137203166,0.559821428571429
0.854635023605809,0.192612137203166,0.560267857142857
0.854632696532569,0.193931398416887,0.560267857142857
0.854617354177258,0.193931398416887,0.560714285714286
0.854587324328931,0.193931398416887,0.561160714285714
0.854565315788504,0.193931398416887,0.561607142857143
0.854561698265011,0.193931398416887,0.562053571428571
0.854558101004974,0.193931398416887,0.5625
0.854538283910238,0.195250659630607,0.5625
0.854529434251452,0.196569920844327,0.5625
0.854437853321134,0.196569920844327,0.562946428571429
0.854419040497432,0.196569920844327,0.563392857142857
0.854415580311669,0.196569920844327,0.563839285714286
0.8543249000857,0.196569920844327,0.564285714285714
0.854150331255595,0.196569920844327,0.564732142857143
0.854082028425407,0.196569920844327,0.565178571428571
0.854038170978938,0.196569920844327,0.565625
0.854029663715837,0.197889182058047,0.565625
0.853938980575849,0.197889182058047,0.566517857142857
0.853896417897307,0.197889182058047,0.566964285714286
0.853791161673508,0.199208443271768,0.566964285714286
0.853763831877211,0.199208443271768,0.567410714285714
0.853750470871757,0.200527704485488,0.567410714285714
0.853686443657705,0.200527704485488,0.567857142857143
0.853652536143875,0.200527704485488,0.568303571428571
0.853608571734359,0.200527704485488,0.56875
0.853579559522647,0.200527704485488,0.569196428571429
0.853558455194902,0.200527704485488,0.569642857142857
0.853526624633997,0.201846965699208,0.569642857142857
0.853509292823813,0.201846965699208,0.570089285714286
0.853260950274219,0.203166226912929,0.570089285714286
0.853148842575866,0.203166226912929,0.570535714285714
0.853114660520621,0.203166226912929,0.570982142857143
0.853015139674583,0.204485488126649,0.570982142857143
0.852842134072238,0.204485488126649,0.571428571428571
0.852811543713954,0.204485488126649,0.571875
0.852809504374645,0.204485488126649,0.572321428571429
0.852785728269313,0.204485488126649,0.572767857142857
0.852776810589511,0.205804749340369,0.572767857142857
0.852766437466121,0.205804749340369,0.573214285714286
0.852646313979501,0.205804749340369,0.573660714285714
0.852615742079917,0.205804749340369,0.574107142857143
0.852530228185703,0.205804749340369,0.574553571428571
0.852423902885625,0.205804749340369,0.575
0.852357827766268,0.205804749340369,0.575446428571429
0.852325527963576,0.20712401055409,0.575446428571429
0.85224744998815,0.20712401055409,0.575892857142857
0.852229511053601,0.20712401055409,0.576785714285714
0.852120729241332,0.20712401055409,0.577232142857143
0.852071586020029,0.20712401055409,0.577678571428571
0.852068919177094,0.20712401055409,0.578125
0.851993223139798,0.20712401055409,0.578571428571429
0.851976091903728,0.20712401055409,0.579017857142857
0.851962400378614,0.20712401055409,0.579464285714286
0.851931205866796,0.20712401055409,0.579910714285714
0.851924564229169,0.20712401055409,0.580357142857143
0.851857576503759,0.20712401055409,0.580803571428571
0.851687314492841,0.20844327176781,0.580803571428571
0.851652695578593,0.20844327176781,0.58125
0.851652045926084,0.20844327176781,0.581696428571429
0.851609190735661,0.20844327176781,0.582142857142857
0.851422437055033,0.20844327176781,0.582589285714286
0.851381201774672,0.20844327176781,0.583035714285714
0.8513479212122,0.20844327176781,0.583482142857143
0.851269117418739,0.20844327176781,0.583928571428571
0.851235728398402,0.20844327176781,0.584375
0.851143685306479,0.20844327176781,0.584821428571429
0.851082249792853,0.20844327176781,0.585267857142857
0.85107448445774,0.20844327176781,0.585714285714286
0.851072842671907,0.20844327176781,0.586160714285714
0.851031911832755,0.20844327176781,0.586607142857143
0.85091877516028,0.20844327176781,0.587053571428571
0.850884207535833,0.20844327176781,0.5875
0.850632223042142,0.20976253298153,0.5875
0.850613649385015,0.20976253298153,0.587946428571429
0.850533516955713,0.20976253298153,0.588392857142857
0.850497552549805,0.211081794195251,0.588839285714286
0.850467796422127,0.211081794195251,0.589285714285714
0.850457079972456,0.211081794195251,0.589732142857143
0.850419062707367,0.211081794195251,0.590625
0.850384504595305,0.211081794195251,0.591071428571429
0.850338512327332,0.211081794195251,0.591517857142857
0.850286468977671,0.211081794195251,0.591964285714286
0.850040567113162,0.212401055408971,0.591964285714286
0.84997134794954,0.212401055408971,0.592410714285714
0.84989425361524,0.213720316622691,0.592410714285714
0.849780420366367,0.215039577836412,0.592410714285714
0.849475567321249,0.215039577836412,0.592857142857143
0.849398931812587,0.215039577836412,0.593303571428571
0.849340146044627,0.216358839050132,0.593303571428571
0.849289695312511,0.216358839050132,0.59375
0.84901390307168,0.216358839050132,0.594196428571429
0.848997581661179,0.217678100263852,0.594196428571429
0.84895085873952,0.217678100263852,0.594642857142857
0.848815404637779,0.217678100263852,0.595089285714286
0.848540058516677,0.217678100263852,0.595535714285714
0.848481291180598,0.217678100263852,0.595982142857143
0.848480912937893,0.217678100263852,0.596428571428571
0.848403774978293,0.217678100263852,0.596875
0.848340314068692,0.217678100263852,0.597321428571429
0.848150423053944,0.217678100263852,0.597767857142857
0.848125388803808,0.217678100263852,0.598214285714286
0.848037867738591,0.217678100263852,0.598660714285714
0.847981467215325,0.217678100263852,0.599107142857143
0.847922333905389,0.217678100263852,0.599553571428571
0.847851077002376,0.217678100263852,0.6
0.847740356636249,0.217678100263852,0.600446428571429
0.847561027781827,0.217678100263852,0.600892857142857
0.847557445491222,0.217678100263852,0.601339285714286
0.847541497697163,0.217678100263852,0.601785714285714
0.847409144151394,0.217678100263852,0.602232142857143
0.847401481006866,0.217678100263852,0.602678571428571
0.847343337167193,0.218997361477573,0.602678571428571
0.847233464558214,0.218997361477573,0.603125
0.847166567925022,0.218997361477573,0.603571428571429
0.847019041493294,0.218997361477573,0.604017857142857
0.846985943077238,0.218997361477573,0.604464285714286
0.846949804579881,0.218997361477573,0.604910714285714
0.846936226879126,0.218997361477573,0.605357142857143
0.846798744177718,0.218997361477573,0.605803571428571
0.846734193533579,0.220316622691293,0.605803571428571
0.846626094006394,0.220316622691293,0.60625
0.846583522308291,0.221635883905013,0.60625
0.846568228018368,0.221635883905013,0.606696428571429
0.846565312748944,0.221635883905013,0.607142857142857
0.846532075224694,0.222955145118734,0.607142857142857
0.846446879422046,0.222955145118734,0.607589285714286
0.846420438335192,0.222955145118734,0.608035714285714
0.846355923593416,0.222955145118734,0.608482142857143
0.846352615188879,0.222955145118734,0.608928571428571
0.846349172368639,0.224274406332454,0.608928571428571
0.846334608265567,0.225593667546174,0.608928571428571
0.846215016780673,0.225593667546174,0.609375
0.846193472160611,0.225593667546174,0.609821428571429
0.846160354955867,0.225593667546174,0.610267857142857
0.846135902501323,0.225593667546174,0.610714285714286
0.846129463590686,0.225593667546174,0.611160714285714
0.846118910241945,0.225593667546174,0.611607142857143
0.846101154330664,0.226912928759894,0.611607142857143
0.845991511589666,0.226912928759894,0.612053571428571
0.845955608285066,0.226912928759894,0.6125
0.845929157066007,0.226912928759894,0.612946428571429
0.845891486035473,0.226912928759894,0.613392857142857
0.845779559903939,0.226912928759894,0.613839285714286
0.845715410485951,0.226912928759894,0.614285714285714
0.845699763967534,0.226912928759894,0.614732142857143
0.845634483488712,0.226912928759894,0.615178571428571
0.845567857256855,0.226912928759894,0.615625
0.845417724958505,0.226912928759894,0.616071428571429
0.84534473049347,0.226912928759894,0.616517857142857
0.8453086241306,0.226912928759894,0.616964285714286
0.845134476023356,0.226912928759894,0.617410714285714
0.845090465365833,0.226912928759894,0.617857142857143
0.845087410650634,0.226912928759894,0.618303571428571
0.845020208039269,0.226912928759894,0.61875
0.844919757676501,0.226912928759894,0.619196428571429
0.844875184659477,0.226912928759894,0.619642857142857
0.844854540767795,0.226912928759894,0.620089285714286
0.844835820362428,0.226912928759894,0.620535714285714
0.844772044413702,0.226912928759894,0.620982142857143
0.844713324291457,0.226912928759894,0.621428571428571
0.844704633232022,0.226912928759894,0.621875
0.844686050813779,0.228232189973615,0.621875
0.844621530102191,0.228232189973615,0.622321428571429
0.84461474959758,0.228232189973615,0.622767857142857
0.844586643443248,0.228232189973615,0.623214285714286
0.84457850414422,0.228232189973615,0.623660714285714
0.844492423063266,0.228232189973615,0.624107142857143
0.844442581304473,0.228232189973615,0.624553571428571
0.844430063621711,0.228232189973615,0.625
0.844385952127767,0.228232189973615,0.625446428571429
0.844378055546814,0.228232189973615,0.625892857142857
0.844335690953351,0.229551451187335,0.625892857142857
0.84432984284696,0.229551451187335,0.626339285714286
0.844319244838295,0.229551451187335,0.626785714285714
0.844313352981441,0.230870712401055,0.626785714285714
0.844278118611899,0.230870712401055,0.627232142857143
0.844166344673759,0.230870712401055,0.627678571428571
0.844164186232548,0.230870712401055,0.628125
0.844155867425293,0.232189973614776,0.628125
0.844011479723804,0.232189973614776,0.628571428571429
0.843989899100568,0.232189973614776,0.629017857142857
0.843954722609506,0.232189973614776,0.629464285714286
0.84390963360195,0.232189973614776,0.629910714285714
0.843713007380595,0.232189973614776,0.630357142857143
0.843709129489768,0.232189973614776,0.630803571428571
0.843669020233736,0.232189973614776,0.63125
0.843615759470706,0.232189973614776,0.631696428571429
0.843542962499168,0.232189973614776,0.632142857142857
0.84353788536446,0.232189973614776,0.632589285714286
0.843532975052602,0.232189973614776,0.633035714285714
0.843363001884751,0.233509234828496,0.633035714285714
0.843243773284607,0.234828496042216,0.633035714285714
0.843131510713658,0.234828496042216,0.633482142857143
0.843128566959535,0.234828496042216,0.633928571428571
0.843044777142891,0.236147757255937,0.633928571428571
0.842998701482341,0.236147757255937,0.634375
0.84299736457501,0.236147757255937,0.634821428571429
0.842892171174991,0.236147757255937,0.635267857142857
0.842798277622301,0.236147757255937,0.635714285714286
0.842697452549888,0.236147757255937,0.636160714285714
0.842601871439863,0.236147757255937,0.636607142857143
0.842562580308868,0.236147757255937,0.637053571428571
0.842557006639384,0.236147757255937,0.6375
0.842415475545271,0.236147757255937,0.637946428571429
0.842306755325602,0.237467018469657,0.637946428571429
0.842190981424688,0.237467018469657,0.638392857142857
0.842167061585164,0.237467018469657,0.638839285714286
0.842104465053612,0.237467018469657,0.639285714285714
0.841958793537853,0.237467018469657,0.639732142857143
0.841908975448188,0.238786279683377,0.639732142857143
0.841832513017157,0.238786279683377,0.640178571428571
0.841796316177629,0.238786279683377,0.640625
0.841788504743192,0.238786279683377,0.641071428571429
0.841773010690132,0.238786279683377,0.641517857142857
0.841750475193645,0.238786279683377,0.641964285714286
0.841723005878769,0.238786279683377,0.642410714285714
0.841678277674643,0.240105540897098,0.642410714285714
0.841586306054117,0.240105540897098,0.642857142857143
0.841524257702646,0.241424802110818,0.642857142857143
0.841516127411424,0.241424802110818,0.643303571428571
0.841273889761885,0.241424802110818,0.64375
0.841269910964032,0.241424802110818,0.644196428571429
0.840919739562879,0.241424802110818,0.644642857142857
0.840801875928406,0.241424802110818,0.645089285714286
0.840700352004708,0.241424802110818,0.645535714285714
0.84065573788151,0.242744063324538,0.645535714285714
0.840546634848677,0.242744063324538,0.645982142857143
0.84051680311859,0.242744063324538,0.646428571428571
0.8405039123861,0.242744063324538,0.646875
0.840472210003625,0.242744063324538,0.647321428571429
0.84036229692114,0.242744063324538,0.647767857142857
0.840339369831255,0.242744063324538,0.648214285714286
0.840317377296901,0.242744063324538,0.648660714285714
0.840092752533271,0.242744063324538,0.649107142857143
0.840011571064772,0.242744063324538,0.649553571428571
0.839933289719198,0.242744063324538,0.65
0.839892224316519,0.242744063324538,0.650446428571429
0.83983292056481,0.242744063324538,0.650892857142857
0.839688687645611,0.242744063324538,0.651339285714286
0.839607744393623,0.242744063324538,0.651785714285714
0.839603593776097,0.244063324538259,0.651785714285714
0.839580389938831,0.244063324538259,0.652232142857143
0.839571251873166,0.244063324538259,0.652678571428571
0.839534442241381,0.244063324538259,0.653125
0.839336615016852,0.244063324538259,0.653571428571429
0.839277774384742,0.245382585751979,0.654017857142857
0.839039966845105,0.245382585751979,0.654464285714286
0.839035366531155,0.245382585751979,0.654910714285714
0.839031617517314,0.245382585751979,0.655357142857143
0.838886772259197,0.245382585751979,0.655803571428571
0.838772740586309,0.245382585751979,0.65625
0.838735446927667,0.246701846965699,0.65625
0.838618938585677,0.246701846965699,0.656696428571429
0.838553468728456,0.246701846965699,0.657142857142857
0.838492522183924,0.246701846965699,0.657589285714286
0.838484378551515,0.246701846965699,0.658035714285714
0.838470775507983,0.246701846965699,0.658482142857143
0.838439434653491,0.246701846965699,0.658928571428571
0.838275854394948,0.24802110817942,0.658928571428571
0.838274711941308,0.24802110817942,0.659375
0.838252489750066,0.24802110817942,0.659821428571429
0.838241475624616,0.24802110817942,0.660267857142857
0.838106790204807,0.24802110817942,0.660714285714286
0.837963376978923,0.24802110817942,0.661160714285714
0.837916784721854,0.24802110817942,0.661607142857143
0.837849991737102,0.24802110817942,0.662053571428571
0.837751166669793,0.24802110817942,0.6625
0.837560298943291,0.24802110817942,0.662946428571429
0.837550556015726,0.24802110817942,0.663392857142857
0.837482448370453,0.24802110817942,0.663839285714286
0.837478822955095,0.24802110817942,0.664285714285714
0.837236903202125,0.24802110817942,0.664732142857143
0.83723185983134,0.24802110817942,0.665178571428571
0.83682305141403,0.24802110817942,0.665625
0.836757983886032,0.24802110817942,0.666071428571429
0.836722524927101,0.24802110817942,0.666517857142857
0.83662460854257,0.24934036939314,0.666517857142857
0.836488595589118,0.25065963060686,0.666517857142857
0.836366291213369,0.25065963060686,0.666964285714286
0.836327270812052,0.25065963060686,0.667410714285714
0.836297288533296,0.25065963060686,0.667857142857143
0.836251733277217,0.25197889182058,0.667857142857143
0.836191723835644,0.25197889182058,0.668303571428571
0.836169271364914,0.25197889182058,0.66875
0.836111050719474,0.25197889182058,0.669196428571429
0.836106616861638,0.25197889182058,0.669642857142857
0.836094560321455,0.25197889182058,0.670089285714286
0.836045421769432,0.25197889182058,0.670535714285714
0.835914785597142,0.25197889182058,0.670982142857143
0.835885769993108,0.25197889182058,0.671428571428571
0.835882940975418,0.25197889182058,0.671875
0.835742423691322,0.253298153034301,0.671875
0.835702979753334,0.253298153034301,0.672321428571429
0.835685627233384,0.253298153034301,0.672767857142857
0.835663678674518,0.253298153034301,0.673214285714286
0.835421262022853,0.253298153034301,0.673660714285714
0.83512342066197,0.253298153034301,0.674107142857143
0.835098513585785,0.253298153034301,0.674553571428571
0.835077035987961,0.253298153034301,0.675
0.834930571896691,0.253298153034301,0.675446428571429
0.834794987472127,0.253298153034301,0.675892857142857
0.834769984421271,0.254617414248021,0.675892857142857
0.834713963807879,0.255936675461741,0.675892857142857
0.834675812298704,0.255936675461741,0.676339285714286
0.834576288081858,0.255936675461741,0.676785714285714
0.834516155193964,0.255936675461741,0.677232142857143
0.834500914797801,0.255936675461741,0.677678571428571
0.834339379560918,0.257255936675462,0.677678571428571
0.834327220655061,0.258575197889182,0.677678571428571
0.834267015208453,0.258575197889182,0.678125
0.834192364300292,0.259894459102902,0.678125
0.834189025554182,0.259894459102902,0.678571428571429
0.834104065462639,0.259894459102902,0.679017857142857
0.83405869930012,0.261213720316623,0.679017857142857
0.834024988059415,0.261213720316623,0.679464285714286
0.834011241551188,0.261213720316623,0.679910714285714
0.833931488619085,0.261213720316623,0.680357142857143
0.833896185144203,0.261213720316623,0.680803571428571
0.833888304146212,0.261213720316623,0.68125
0.833863378956003,0.262532981530343,0.68125
0.83385895475919,0.263852242744063,0.68125
0.833767833650793,0.263852242744063,0.681696428571429
0.833747301404944,0.263852242744063,0.682142857142857
0.833726712065145,0.263852242744063,0.682589285714286
0.833707094939806,0.263852242744063,0.683035714285714
0.833670902634278,0.263852242744063,0.683482142857143
0.833661641869551,0.263852242744063,0.683928571428571
0.833649956567667,0.263852242744063,0.684375
0.833604490996764,0.265171503957784,0.684375
0.833544857286191,0.265171503957784,0.684821428571429
0.833534187830848,0.265171503957784,0.685267857142857
0.833466452435116,0.265171503957784,0.686160714285714
0.833445283173515,0.265171503957784,0.686607142857143
0.833376782009953,0.265171503957784,0.687053571428571
0.833370998960853,0.265171503957784,0.6875
0.833078831177359,0.265171503957784,0.687946428571429
0.832989732054122,0.265171503957784,0.688392857142857
0.832910229887866,0.265171503957784,0.688839285714286
0.832667062668797,0.265171503957784,0.689285714285714
0.832393150027471,0.265171503957784,0.689732142857143
0.832354549925681,0.265171503957784,0.690178571428571
0.832334500949856,0.265171503957784,0.690625
0.832105226360702,0.265171503957784,0.691071428571429
0.832072100649396,0.265171503957784,0.691517857142857
0.83157547082812,0.265171503957784,0.691964285714286
0.831465335075174,0.265171503957784,0.692410714285714
0.831230842682615,0.266490765171504,0.692410714285714
0.831197699226138,0.266490765171504,0.692857142857143
0.830863446940985,0.266490765171504,0.693303571428571
0.830790322191294,0.266490765171504,0.69375
0.830655778792253,0.266490765171504,0.694196428571429
0.830423615603744,0.266490765171504,0.694642857142857
0.830419988558788,0.266490765171504,0.695089285714286
0.830282512230611,0.266490765171504,0.695535714285714
0.830169568095457,0.267810026385224,0.695535714285714
0.83014202720864,0.267810026385224,0.695982142857143
0.83012266562533,0.267810026385224,0.696428571428571
0.830080462372169,0.267810026385224,0.696875
0.829987967856148,0.269129287598945,0.696875
0.829892080190848,0.269129287598945,0.697321428571429
0.829849151022071,0.270448548812665,0.697321428571429
0.82982265191864,0.270448548812665,0.697767857142857
0.829667267565011,0.270448548812665,0.698214285714286
0.829388978014548,0.270448548812665,0.698660714285714
0.829362582507219,0.270448548812665,0.699107142857143
0.829283813853552,0.270448548812665,0.699553571428571
0.82925551991357,0.270448548812665,0.7
0.829250995842403,0.270448548812665,0.700446428571429
0.829184848910481,0.270448548812665,0.700892857142857
0.82917693259912,0.270448548812665,0.701339285714286
0.829167547854413,0.270448548812665,0.701785714285714
0.829084047522202,0.270448548812665,0.702232142857143
0.829065249552177,0.270448548812665,0.702678571428571
0.829042019991255,0.270448548812665,0.703125
0.828781894120426,0.270448548812665,0.703571428571429
0.828758634005854,0.270448548812665,0.704017857142857
0.828634345173947,0.270448548812665,0.704464285714286
0.828626957492374,0.271767810026385,0.704464285714286
0.82857878230601,0.273087071240106,0.704464285714286
0.828533835206982,0.273087071240106,0.704910714285714
0.828513161673568,0.274406332453826,0.704910714285714
0.828482495428151,0.274406332453826,0.705357142857143
0.827776058130836,0.274406332453826,0.705803571428571
0.827762419621179,0.274406332453826,0.70625
0.827659191224696,0.274406332453826,0.706696428571429
0.827643657409397,0.274406332453826,0.707142857142857
0.827633562237846,0.274406332453826,0.707589285714286
0.827559514264857,0.274406332453826,0.708035714285714
0.82741160856079,0.274406332453826,0.708482142857143
0.827366419188017,0.274406332453826,0.708928571428571
0.827317963493648,0.274406332453826,0.709375
0.827284795180299,0.275725593667546,0.709375
0.827179050048366,0.277044854881267,0.709375
0.826987430445245,0.277044854881267,0.709821428571429
0.826814865997844,0.277044854881267,0.710267857142857
0.826620787397002,0.277044854881267,0.710714285714286
0.826573800328955,0.277044854881267,0.711160714285714
0.826419088121812,0.277044854881267,0.711607142857143
0.826398767357632,0.277044854881267,0.712053571428571
0.82638575143426,0.277044854881267,0.7125
0.826317841526044,0.278364116094987,0.7125
0.826237191624262,0.278364116094987,0.712946428571429
0.826229842253979,0.278364116094987,0.713392857142857
0.826218884542525,0.278364116094987,0.713839285714286
0.825977248069338,0.278364116094987,0.714285714285714
0.825945955442073,0.278364116094987,0.714732142857143
0.825835275612232,0.278364116094987,0.715178571428571
0.825577306913371,0.278364116094987,0.715625
0.825436612383671,0.278364116094987,0.716071428571429
0.82515950651979,0.278364116094987,0.716517857142857
0.82508574944954,0.278364116094987,0.716964285714286
0.825081097418708,0.278364116094987,0.717410714285714
0.82479993370772,0.278364116094987,0.717857142857143
0.824609875264256,0.278364116094987,0.718303571428571
0.824571595358988,0.278364116094987,0.71875
0.824565444086201,0.278364116094987,0.719196428571429
0.824539257951929,0.278364116094987,0.719642857142857
0.824512833275927,0.278364116094987,0.720089285714286
0.824493586689914,0.278364116094987,0.720535714285714
0.824487405923075,0.278364116094987,0.720982142857143
0.824446860579233,0.279683377308707,0.720982142857143
0.82441378342692,0.279683377308707,0.721428571428571
0.824399409515033,0.279683377308707,0.721875
0.824324132503871,0.279683377308707,0.722321428571429
0.824246896597733,0.279683377308707,0.722767857142857
0.824185754812601,0.279683377308707,0.723214285714286
0.824175158573974,0.279683377308707,0.723660714285714
0.824141498171724,0.279683377308707,0.724107142857143
0.824058226976913,0.279683377308707,0.724553571428571
0.823928997659914,0.281002638522427,0.724553571428571
0.823757832000073,0.282321899736148,0.724553571428571
0.823755912565598,0.282321899736148,0.725
0.823710234518637,0.282321899736148,0.725446428571429
0.823505839854178,0.283641160949868,0.725446428571429
0.823474202105184,0.283641160949868,0.725892857142857
0.823402373530357,0.283641160949868,0.726339285714286
0.823372670372473,0.283641160949868,0.726785714285714
0.823286836252507,0.283641160949868,0.727232142857143
0.823286069852284,0.284960422163588,0.727232142857143
0.8231403862075,0.284960422163588,0.727678571428571
0.822793100996581,0.284960422163588,0.728125
0.822745498546533,0.284960422163588,0.728571428571429
0.822684443953644,0.284960422163588,0.729017857142857
0.822660532741306,0.284960422163588,0.729464285714286
0.822621120969591,0.284960422163588,0.729910714285714
0.822519127840171,0.284960422163588,0.730357142857143
0.822489203756234,0.284960422163588,0.730803571428571
0.822431247897836,0.284960422163588,0.73125
0.822387388648966,0.284960422163588,0.731696428571429
0.822373400885636,0.284960422163588,0.732142857142857
0.822349465480805,0.284960422163588,0.732589285714286
0.822325510156588,0.286279683377309,0.732589285714286
0.822273490445032,0.286279683377309,0.733035714285714
0.82214382506519,0.286279683377309,0.733482142857143
0.822116324170106,0.286279683377309,0.733928571428571
0.822113155949611,0.287598944591029,0.733928571428571
0.8217619824151,0.287598944591029,0.734375
0.82172602182632,0.287598944591029,0.734821428571429
0.821683466800412,0.287598944591029,0.735267857142857
0.821371049095948,0.288918205804749,0.735714285714286
0.821351532593956,0.288918205804749,0.736160714285714
0.821346999232339,0.288918205804749,0.736607142857143
0.821245577453977,0.288918205804749,0.737053571428571
0.821229698467861,0.288918205804749,0.7375
0.821136934224384,0.29023746701847,0.7375
0.821071567739113,0.29023746701847,0.737946428571429
0.820747894102937,0.29155672823219,0.737946428571429
0.820739434103981,0.29155672823219,0.738392857142857
0.820701241222641,0.29155672823219,0.738839285714286
0.820673937193581,0.29155672823219,0.739285714285714
0.820628872548836,0.29155672823219,0.739732142857143
0.820601863400859,0.29155672823219,0.740178571428571
0.820596456965628,0.29287598944591,0.740178571428571
0.820256634226957,0.294195250659631,0.740178571428571
0.820111872212032,0.294195250659631,0.740625
0.820039039293989,0.295514511873351,0.740625
0.819975140860822,0.295514511873351,0.741071428571429
0.819896877632089,0.295514511873351,0.741517857142857
0.819885193234838,0.295514511873351,0.741964285714286
0.81982123880616,0.295514511873351,0.742857142857143
0.8197794557933,0.295514511873351,0.743303571428571
0.819751610673593,0.295514511873351,0.74375
0.819743324938684,0.295514511873351,0.744196428571429
0.81967592425707,0.295514511873351,0.744642857142857
0.819440184998004,0.295514511873351,0.745089285714286
0.819416470350861,0.295514511873351,0.745535714285714
0.819251505321025,0.295514511873351,0.745982142857143
0.819173499123541,0.295514511873351,0.746428571428571
0.818953545113649,0.296833773087071,0.746428571428571
0.818857419780222,0.298153034300792,0.746428571428571
0.818851028237334,0.298153034300792,0.746875
0.818783366591599,0.298153034300792,0.747321428571429
0.818661734260928,0.298153034300792,0.747767857142857
0.818651249631237,0.298153034300792,0.748214285714286
0.818613063536172,0.298153034300792,0.748660714285714
0.818602196517986,0.298153034300792,0.749107142857143
0.81847183383372,0.298153034300792,0.749553571428571
0.818322473030803,0.298153034300792,0.75
0.818296455954985,0.298153034300792,0.750446428571429
0.818249356863112,0.298153034300792,0.750892857142857
0.818223957381404,0.298153034300792,0.751339285714286
0.818019721893827,0.299472295514512,0.751339285714286
0.81794449692397,0.299472295514512,0.751785714285714
0.817911408380763,0.299472295514512,0.752232142857143
0.817820541337264,0.299472295514512,0.752678571428571
0.817661951377625,0.299472295514512,0.753125
0.817548128294932,0.299472295514512,0.753571428571429
0.81751134707969,0.299472295514512,0.754017857142857
0.81745583483992,0.300791556728232,0.754017857142857
0.817417453169374,0.300791556728232,0.754464285714286
0.817392989349826,0.300791556728232,0.754910714285714
0.817283857335542,0.300791556728232,0.755357142857143
0.817269096207799,0.300791556728232,0.755803571428571
0.817221709248641,0.300791556728232,0.75625
0.817196527150577,0.302110817941952,0.75625
0.817176418384608,0.302110817941952,0.756696428571429
0.817169278505629,0.302110817941952,0.757142857142857
0.817153654100907,0.302110817941952,0.757589285714286
0.817074067688143,0.303430079155673,0.757589285714286
0.816806748925478,0.303430079155673,0.758035714285714
0.81679263217986,0.303430079155673,0.758482142857143
0.816706968681043,0.304749340369393,0.758482142857143
0.81659958466219,0.304749340369393,0.758928571428571
0.816589710852151,0.304749340369393,0.759375
0.816583593157078,0.306068601583113,0.759375
0.816423977676436,0.307387862796834,0.759375
0.816391779716172,0.307387862796834,0.759821428571429
0.816276992968147,0.307387862796834,0.760267857142857
0.816166314752764,0.307387862796834,0.760714285714286
0.816158761826261,0.308707124010554,0.760714285714286
0.815944452642791,0.310026385224274,0.760714285714286
0.815895216617858,0.311345646437995,0.760714285714286
0.815822007303604,0.311345646437995,0.761160714285714
0.814922377652683,0.312664907651715,0.761160714285714
0.814797302534547,0.313984168865435,0.761160714285714
0.814487700790844,0.315303430079156,0.761160714285714
0.814423390377508,0.315303430079156,0.761607142857143
0.814159005182221,0.315303430079156,0.762053571428571
0.814093460698055,0.316622691292876,0.762053571428571
0.814019029371032,0.316622691292876,0.7625
0.813961382634071,0.316622691292876,0.762946428571429
0.813930046655036,0.317941952506596,0.762946428571429
0.813891701938222,0.317941952506596,0.763392857142857
0.813693583947375,0.317941952506596,0.763839285714286
0.813237739470416,0.317941952506596,0.764285714285714
0.813150372026452,0.317941952506596,0.764732142857143
0.813065338105126,0.319261213720317,0.765178571428571
0.812965668459844,0.319261213720317,0.765625
0.812963744204678,0.319261213720317,0.766071428571429
0.812931228477826,0.320580474934037,0.766071428571429
0.812803026854618,0.320580474934037,0.766517857142857
0.812790908574104,0.321899736147757,0.766517857142857
0.812714389124434,0.321899736147757,0.766964285714286
0.81268943955107,0.321899736147757,0.767410714285714
0.812308791595564,0.323218997361478,0.767410714285714
0.812040164448732,0.323218997361478,0.767857142857143
0.811940358597325,0.324538258575198,0.767857142857143
0.811814904771766,0.324538258575198,0.768303571428571
0.811725922005764,0.324538258575198,0.76875
0.811666641428344,0.324538258575198,0.769196428571429
0.811600102767964,0.324538258575198,0.769642857142857
0.811589125515989,0.324538258575198,0.770089285714286
0.811450565500931,0.324538258575198,0.770535714285714
0.811438698789648,0.324538258575198,0.770982142857143
0.811390875802657,0.324538258575198,0.771428571428571
0.811313272773868,0.324538258575198,0.771875
0.81122476348566,0.325857519788918,0.772321428571429
0.811037423146014,0.325857519788918,0.772767857142857
0.810977000684105,0.327176781002639,0.772767857142857
0.810804148206177,0.327176781002639,0.773214285714286
0.810747389102963,0.327176781002639,0.773660714285714
0.81067192966727,0.327176781002639,0.774107142857143
0.810605912826936,0.328496042216359,0.774107142857143
0.810307559468875,0.328496042216359,0.774553571428571
0.810275569334642,0.328496042216359,0.775
0.810121619680018,0.328496042216359,0.775446428571429
0.810005046030531,0.328496042216359,0.775892857142857
0.809954905566901,0.328496042216359,0.776339285714286
0.809739366926076,0.328496042216359,0.776785714285714
0.809735707579802,0.329815303430079,0.776785714285714
0.809569039278891,0.329815303430079,0.777232142857143
0.80954121217335,0.329815303430079,0.777678571428571
0.809424196740886,0.329815303430079,0.778125
0.809369485660407,0.329815303430079,0.778571428571429
0.809313109748613,0.329815303430079,0.779017857142857
0.809285643028967,0.331134564643799,0.779017857142857
0.809171545762605,0.331134564643799,0.779464285714286
0.809152289897589,0.331134564643799,0.779910714285714
0.80913422833895,0.331134564643799,0.780357142857143
0.809126977240832,0.331134564643799,0.780803571428571
0.809063144135755,0.33245382585752,0.780803571428571
0.808994316955591,0.33245382585752,0.78125
0.808848368700845,0.33245382585752,0.781696428571429
0.808832040373131,0.33245382585752,0.782142857142857
0.808714017568167,0.33377308707124,0.782142857142857
0.808697936465888,0.33377308707124,0.782589285714286
0.808534191439975,0.33377308707124,0.783035714285714
0.808415364970098,0.33377308707124,0.783482142857143
0.807980605827547,0.33377308707124,0.783928571428571
0.807950819240917,0.33377308707124,0.784375
0.807930359261749,0.33377308707124,0.784821428571429
0.807796614260851,0.33377308707124,0.785267857142857
0.807497593802953,0.33377308707124,0.785714285714286
0.807411137701208,0.33509234828496,0.785714285714286
0.807269286234331,0.33509234828496,0.786160714285714
0.80726756222229,0.33509234828496,0.786607142857143
0.807013625224385,0.33509234828496,0.787053571428571
0.806701523969684,0.33509234828496,0.7875
0.806597699594221,0.33509234828496,0.787946428571429
0.806568694766388,0.33509234828496,0.788392857142857
0.806364035614869,0.336411609498681,0.788392857142857
0.806286725518272,0.336411609498681,0.788839285714286
0.806247411618699,0.336411609498681,0.789285714285714
0.806241231236418,0.336411609498681,0.789732142857143
0.806195433832199,0.336411609498681,0.790178571428571
0.806144209485477,0.336411609498681,0.790625
0.805816436180538,0.336411609498681,0.791071428571429
0.805808294070935,0.336411609498681,0.791517857142857
0.805735360215605,0.336411609498681,0.791964285714286
0.805631400416918,0.336411609498681,0.792410714285714
0.80540615440558,0.336411609498681,0.792857142857143
0.805323221268362,0.337730870712401,0.793303571428571
0.805261173806771,0.339050131926121,0.793303571428571
0.805168992810458,0.339050131926121,0.79375
0.804981738339566,0.339050131926121,0.794196428571429
0.804957584733432,0.339050131926121,0.794642857142857
0.804822897548884,0.339050131926121,0.795089285714286
0.804622830520616,0.339050131926121,0.795535714285714
0.804138436207913,0.339050131926121,0.795982142857143
0.804112619539847,0.339050131926121,0.796428571428571
0.803998626631272,0.340369393139842,0.796428571428571
0.80381659017899,0.340369393139842,0.796875
0.803722332137016,0.340369393139842,0.797321428571429
0.803705095109474,0.340369393139842,0.797767857142857
0.803599789512625,0.340369393139842,0.798214285714286
0.803562392795066,0.340369393139842,0.798660714285714
0.803524876281237,0.340369393139842,0.799107142857143
0.803485052603692,0.341688654353562,0.799107142857143
0.803479913879492,0.343007915567282,0.799107142857143
0.803360084083188,0.343007915567282,0.799553571428571
0.802701659819692,0.343007915567282,0.8
0.802685998653815,0.343007915567282,0.800446428571429
0.80264426243326,0.343007915567282,0.800892857142857
0.802642623946271,0.343007915567282,0.801339285714286
0.802519888673053,0.344327176781003,0.801339285714286
0.802207987313022,0.344327176781003,0.801785714285714
0.802150436467557,0.344327176781003,0.802232142857143
0.802065275415706,0.344327176781003,0.802678571428571
0.802039719882352,0.344327176781003,0.803125
0.801791541689172,0.344327176781003,0.803571428571429
0.801709116263904,0.344327176781003,0.804017857142857
0.801282825687033,0.344327176781003,0.804464285714286
0.801256725646226,0.344327176781003,0.804910714285714
0.801061174325155,0.344327176781003,0.805357142857143
0.800824329695997,0.344327176781003,0.805803571428571
0.800799839071634,0.344327176781003,0.80625
0.800781176606342,0.344327176781003,0.806696428571429
0.800768832212026,0.344327176781003,0.807142857142857
0.800729672697043,0.344327176781003,0.807589285714286
0.800669074763901,0.345646437994723,0.807589285714286
0.800598873797995,0.345646437994723,0.808035714285714
0.800567210676918,0.346965699208443,0.808035714285714
0.800498616402159,0.346965699208443,0.808482142857143
0.800479793998785,0.346965699208443,0.808928571428571
0.800337384206189,0.346965699208443,0.809375
0.800194633979882,0.346965699208443,0.809821428571429
0.800067849266346,0.346965699208443,0.810267857142857
0.799975490244878,0.346965699208443,0.810714285714286
0.799891445764831,0.348284960422164,0.810714285714286
0.799805535239104,0.348284960422164,0.811160714285714
0.799774989083303,0.348284960422164,0.811607142857143
0.799664193327412,0.348284960422164,0.812053571428571
0.799615759231952,0.348284960422164,0.8125
0.799497608233521,0.348284960422164,0.812946428571429
0.799439544627634,0.348284960422164,0.813392857142857
0.799423315549927,0.348284960422164,0.813839285714286
0.799397032420408,0.349604221635884,0.813839285714286
0.799387060978827,0.349604221635884,0.814285714285714
0.799239279468021,0.350923482849604,0.814285714285714
0.799214425599901,0.350923482849604,0.814732142857143
0.799212978279829,0.352242744063325,0.814732142857143
0.799202999987462,0.353562005277045,0.814732142857143
0.799002475895118,0.353562005277045,0.815178571428571
0.798828627961115,0.353562005277045,0.815625
0.798765463332188,0.354881266490765,0.815625
0.798641865666704,0.356200527704486,0.815625
0.798498879296326,0.356200527704486,0.816071428571429
0.798383739990637,0.357519788918206,0.816071428571429
0.798253082838375,0.357519788918206,0.816517857142857
0.797973911848163,0.357519788918206,0.817410714285714
0.797856044422722,0.358839050131926,0.817410714285714
0.797848196712226,0.358839050131926,0.817857142857143
0.79780396973179,0.358839050131926,0.818303571428571
0.79779532122166,0.358839050131926,0.81875
0.797793630823833,0.360158311345646,0.81875
0.797788882275672,0.360158311345646,0.819196428571429
0.79773599345271,0.360158311345646,0.819642857142857
0.797709545169311,0.360158311345646,0.820089285714286
0.797699511074549,0.360158311345646,0.820535714285714
0.79765207801659,0.360158311345646,0.820982142857143
0.797433551758159,0.360158311345646,0.821428571428571
0.797391964420046,0.360158311345646,0.821875
0.797388356256063,0.361477572559367,0.821875
0.797365482577894,0.361477572559367,0.822321428571429
0.797334734949185,0.361477572559367,0.822767857142857
0.797122458076912,0.362796833773087,0.822767857142857
0.79709197270209,0.362796833773087,0.823214285714286
0.796930032327126,0.362796833773087,0.823660714285714
0.796611539822339,0.362796833773087,0.824107142857143
0.796287984179343,0.362796833773087,0.824553571428571
0.795984019618655,0.362796833773087,0.825
0.795953522114386,0.364116094986807,0.825
0.795803583444176,0.365435356200528,0.825
0.79578704640839,0.366754617414248,0.825
0.795733768059244,0.368073878627968,0.825
0.795438194481262,0.368073878627968,0.825446428571429
0.795341672065219,0.368073878627968,0.825892857142857
0.795225800407419,0.368073878627968,0.826339285714286
0.795153017943507,0.368073878627968,0.826785714285714
0.795150747491865,0.368073878627968,0.827232142857143
0.795013499119733,0.369393139841689,0.827678571428571
0.794826455332714,0.369393139841689,0.828125
0.794744954344088,0.369393139841689,0.828571428571429
0.79436469665728,0.370712401055409,0.828571428571429
0.794337932624434,0.372031662269129,0.828571428571429
0.794223460400337,0.372031662269129,0.829017857142857
0.794204005095433,0.372031662269129,0.829464285714286
0.794185237341919,0.372031662269129,0.829910714285714
0.794184201302205,0.372031662269129,0.830357142857143
0.794156413570262,0.372031662269129,0.830803571428571
0.794112603431287,0.372031662269129,0.83125
0.794091845583813,0.372031662269129,0.831696428571429
0.793930996116635,0.372031662269129,0.832142857142857
0.793905851395628,0.372031662269129,0.832589285714286
0.793871019736899,0.372031662269129,0.833035714285714
0.793864185743574,0.372031662269129,0.833482142857143
0.793678437734806,0.372031662269129,0.833928571428571
0.793617532675475,0.372031662269129,0.834375
0.793468402426315,0.372031662269129,0.834821428571429
0.793351113379023,0.372031662269129,0.835267857142857
0.793282477893111,0.372031662269129,0.835714285714286
0.793041167766901,0.372031662269129,0.836160714285714
0.793000501199925,0.372031662269129,0.836607142857143
0.792930674914175,0.37335092348285,0.836607142857143
0.79287902071816,0.37467018469657,0.836607142857143
0.792555818727791,0.37467018469657,0.837053571428571
0.792277164542389,0.37467018469657,0.8375
0.792230083726329,0.37467018469657,0.837946428571429
0.792151314904391,0.37467018469657,0.838392857142857
0.79207034240001,0.37467018469657,0.838839285714286
0.791962342876288,0.37467018469657,0.839732142857143
0.791835180653244,0.37598944591029,0.839732142857143
0.791761178231384,0.37598944591029,0.840178571428571
0.791734463848292,0.37598944591029,0.840625
0.791629022514785,0.377308707124011,0.840625
0.791597910595186,0.377308707124011,0.841071428571429
0.791543825609526,0.377308707124011,0.841517857142857
0.791520854101084,0.377308707124011,0.841964285714286
0.791502883535757,0.377308707124011,0.842410714285714
0.791477662035837,0.378627968337731,0.842410714285714
0.791328458633418,0.379947229551451,0.842410714285714
0.791021593499493,0.381266490765171,0.842410714285714
0.790986591772239,0.382585751978892,0.842410714285714
0.790870975121575,0.382585751978892,0.842857142857143
0.790744498553496,0.383905013192612,0.842857142857143
0.790733427666924,0.383905013192612,0.843303571428571
0.790518335672914,0.383905013192612,0.84375
0.790120023397123,0.383905013192612,0.844196428571429
0.78998440010423,0.383905013192612,0.844642857142857
0.789929694312992,0.383905013192612,0.845089285714286
0.789895505468701,0.383905013192612,0.845535714285714
0.789793667415066,0.383905013192612,0.845982142857143
0.789764254848688,0.383905013192612,0.846428571428571
0.789094797685261,0.383905013192612,0.846875
0.788996161040954,0.385224274406332,0.846875
0.788738274450033,0.385224274406332,0.847321428571429
0.788531899986448,0.385224274406332,0.847767857142857
0.788340516517681,0.386543535620053,0.847767857142857
0.788148665415521,0.386543535620053,0.848214285714286
0.787981342682339,0.386543535620053,0.848660714285714
0.787886417548779,0.386543535620053,0.849107142857143
0.78780541064277,0.387862796833773,0.849107142857143
0.787638901648577,0.387862796833773,0.849553571428571
0.787635112935952,0.387862796833773,0.85
0.787341070398097,0.387862796833773,0.850446428571429
0.787268498636598,0.387862796833773,0.850892857142857
0.787174525137482,0.387862796833773,0.851339285714286
0.7871037479973,0.387862796833773,0.851785714285714
0.787076280509784,0.387862796833773,0.852232142857143
0.787057292426502,0.389182058047493,0.852232142857143
0.786970075166956,0.389182058047493,0.852678571428571
0.786869421035856,0.389182058047493,0.853125
0.786636449148734,0.389182058047493,0.853571428571429
0.786357099748701,0.390501319261214,0.853571428571429
0.786213208764254,0.390501319261214,0.854017857142857
0.78617214644306,0.390501319261214,0.854464285714286
0.784925852444464,0.390501319261214,0.854910714285714
0.784750639684429,0.391820580474934,0.854910714285714
0.784704406587779,0.391820580474934,0.855357142857143
0.784408207067735,0.391820580474934,0.855803571428571
0.784399648464486,0.391820580474934,0.85625
0.784140905669935,0.391820580474934,0.856696428571429
0.783900551836744,0.391820580474934,0.857142857142857
0.783676812246548,0.391820580474934,0.857589285714286
0.78307473257391,0.391820580474934,0.858035714285714
0.782927159594381,0.391820580474934,0.858482142857143
0.782883881398106,0.391820580474934,0.858928571428571
0.782834101994921,0.393139841688654,0.858928571428571
0.782633032833192,0.393139841688654,0.859375
0.78234160504373,0.393139841688654,0.859821428571429
0.781969044036399,0.393139841688654,0.860267857142857
0.781961542561274,0.394459102902375,0.860267857142857
0.78185127689653,0.394459102902375,0.860714285714286
0.781793821092309,0.394459102902375,0.861160714285714
0.781761025181881,0.395778364116095,0.861160714285714
0.781570047821919,0.395778364116095,0.861607142857143
0.781521591244381,0.395778364116095,0.862053571428571
0.781425266937032,0.395778364116095,0.8625
0.781389608380969,0.395778364116095,0.862946428571429
0.781374110612159,0.395778364116095,0.863392857142857
0.78135362597961,0.395778364116095,0.863839285714286
0.781346109251297,0.395778364116095,0.864285714285714
0.781150027411621,0.395778364116095,0.864732142857143
0.78112952766428,0.395778364116095,0.865178571428571
0.781001011881052,0.395778364116095,0.865625
0.780821122609451,0.395778364116095,0.866071428571429
0.780757484106519,0.397097625329815,0.866071428571429
0.780674846119118,0.397097625329815,0.866517857142857
0.780309789580162,0.397097625329815,0.866964285714286
0.78022393723787,0.397097625329815,0.867410714285714
0.779859890224055,0.398416886543536,0.867410714285714
0.779802057645751,0.399736147757256,0.867410714285714
0.77961413277253,0.399736147757256,0.867857142857143
0.779604981721083,0.399736147757256,0.868303571428571
0.779115163328468,0.399736147757256,0.86875
0.779099186511256,0.399736147757256,0.869196428571429
0.77904221791986,0.399736147757256,0.869642857142857
0.778986329635963,0.399736147757256,0.870089285714286
0.778900106647056,0.399736147757256,0.870535714285714
0.778886228157194,0.399736147757256,0.870982142857143
0.778721619953382,0.399736147757256,0.871428571428571
0.77867420594585,0.399736147757256,0.871875
0.778561193661324,0.401055408970976,0.871875
0.778221909092073,0.401055408970976,0.872321428571429
0.778152318667874,0.401055408970976,0.872767857142857
0.77796720184102,0.401055408970976,0.873214285714286
0.7778970244045,0.401055408970976,0.873660714285714
0.777882252985229,0.401055408970976,0.874107142857143
0.777834811394613,0.401055408970976,0.874553571428571
0.777806485628478,0.401055408970976,0.875
0.777768951727197,0.401055408970976,0.875446428571429
0.777683948696923,0.401055408970976,0.875892857142857
0.777678682732966,0.401055408970976,0.876339285714286
0.777655609194268,0.401055408970976,0.876785714285714
0.777598922450283,0.401055408970976,0.877232142857143
0.777570575209011,0.401055408970976,0.877678571428571
0.777485518008417,0.401055408970976,0.878125
0.777428800310996,0.401055408970976,0.878571428571429
0.777230207122435,0.402374670184697,0.878571428571429
0.777145057068344,0.403693931398417,0.878571428571429
0.77705988380287,0.403693931398417,0.879017857142857
0.775652324295686,0.405013192612137,0.879017857142857
0.775550419405276,0.405013192612137,0.879464285714286
0.775521886437077,0.406332453825858,0.879464285714286
0.775464812769056,0.406332453825858,0.879910714285714
0.775281119217544,0.406332453825858,0.880357142857143
0.775236415013746,0.406332453825858,0.880803571428571
0.775146326194078,0.407651715039578,0.880803571428571
0.775036431691427,0.407651715039578,0.88125
0.774928338448849,0.407651715039578,0.881696428571429
0.774738228741026,0.407651715039578,0.882142857142857
0.774492983425142,0.407651715039578,0.882589285714286
0.774485541916102,0.408970976253298,0.882589285714286
0.774368854106037,0.408970976253298,0.883035714285714
0.774082343513835,0.408970976253298,0.883482142857143
0.774010421556234,0.408970976253298,0.883928571428571
0.773944191450354,0.408970976253298,0.884375
0.773881632860516,0.410290237467018,0.884375
0.773076197326982,0.410290237467018,0.884821428571429
0.773020015311741,0.411609498680739,0.884821428571429
0.772703508394663,0.411609498680739,0.885267857142857
0.772677405033477,0.411609498680739,0.885714285714286
0.772606963106798,0.411609498680739,0.886160714285714
0.772562225067918,0.411609498680739,0.886607142857143
0.772511589525698,0.411609498680739,0.887053571428571
0.772417729254389,0.412928759894459,0.8875
0.772367534051662,0.414248021108179,0.8875
0.772331741621582,0.4155672823219,0.8875
0.772101093506362,0.4155672823219,0.887946428571429
0.772021538477699,0.4155672823219,0.888392857142857
0.771927999369196,0.41688654353562,0.888392857142857
0.771819536650935,0.41688654353562,0.888839285714286
0.771621911649239,0.41688654353562,0.889285714285714
0.771492163627146,0.41688654353562,0.889732142857143
0.771386251202879,0.41688654353562,0.890178571428571
0.77076897108753,0.41688654353562,0.890625
0.770597402939266,0.41820580474934,0.890625
0.770537210129669,0.419525065963061,0.890625
0.770508228443727,0.419525065963061,0.891071428571429
0.770450257361559,0.419525065963061,0.891517857142857
0.7702762824362,0.419525065963061,0.891964285714286
0.770170318950912,0.419525065963061,0.892410714285714
0.769961426069845,0.419525065963061,0.892857142857143
0.769920225381762,0.419525065963061,0.893303571428571
0.7698409404134,0.419525065963061,0.89375
0.769666641748112,0.420844327176781,0.89375
0.769463176430098,0.422163588390501,0.89375
0.769248601436931,0.422163588390501,0.894196428571429
0.768796479104756,0.422163588390501,0.894642857142857
0.768783968792153,0.422163588390501,0.895089285714286
0.768774903403914,0.422163588390501,0.895535714285714
0.768750080264713,0.422163588390501,0.895982142857143
0.768475846690748,0.422163588390501,0.896428571428571
0.768467707308209,0.422163588390501,0.896875
0.768395752238573,0.422163588390501,0.897321428571429
0.768156542598497,0.422163588390501,0.897767857142857
0.767563062736057,0.422163588390501,0.898214285714286
0.767290562123604,0.422163588390501,0.898660714285714
0.767003457209159,0.422163588390501,0.899107142857143
0.766792659318487,0.422163588390501,0.899553571428571
0.7664861510612,0.422163588390501,0.9
0.766425916237259,0.422163588390501,0.900446428571429
0.766280729390455,0.422163588390501,0.900892857142857
0.766251530753795,0.422163588390501,0.901339285714286
0.766008946035347,0.422163588390501,0.901785714285714
0.765406083811644,0.422163588390501,0.902232142857143
0.765362649179661,0.422163588390501,0.902678571428571
0.76519284381136,0.423482849604222,0.902678571428571
0.765018374449302,0.423482849604222,0.903125
0.764471890849282,0.423482849604222,0.903571428571429
0.763969812408741,0.424802110817942,0.903571428571429
0.763881133595285,0.424802110817942,0.904017857142857
0.763614959064569,0.426121372031662,0.904017857142857
0.7633189666951,0.426121372031662,0.904464285714286
0.763200498172652,0.426121372031662,0.904910714285714
0.763059848217539,0.426121372031662,0.905357142857143
0.76299307986124,0.427440633245383,0.905357142857143
0.76290414796738,0.427440633245383,0.905803571428571
0.762607542246016,0.427440633245383,0.90625
0.762518510714163,0.428759894459103,0.90625
0.762239883475379,0.428759894459103,0.906696428571429
0.761721875314886,0.428759894459103,0.907142857142857
0.761363311099842,0.428759894459103,0.907589285714286
0.761210074784092,0.428759894459103,0.908035714285714
0.761150483024205,0.430079155672823,0.908035714285714
0.761061076251956,0.431398416886544,0.908035714285714
0.760941831511504,0.432717678100264,0.908035714285714
0.760643541135491,0.432717678100264,0.908482142857143
0.760374861790041,0.434036939313984,0.908482142857143
0.760141561256078,0.434036939313984,0.908928571428571
0.759717220926381,0.434036939313984,0.909375
0.759657374242804,0.434036939313984,0.909821428571429
0.759603225006589,0.435356200527704,0.909821428571429
0.759422211119306,0.435356200527704,0.910267857142857
0.758561978372629,0.435356200527704,0.910714285714286
0.758402579155695,0.435356200527704,0.911160714285714
0.757958432402941,0.435356200527704,0.911607142857143
0.757491749321999,0.435356200527704,0.912053571428571
0.757343085221201,0.435356200527704,0.9125
0.757170505756196,0.435356200527704,0.912946428571429
0.756745906554245,0.435356200527704,0.913392857142857
0.756696917224473,0.435356200527704,0.913839285714286
0.756646453825289,0.436675461741425,0.913839285714286
0.756608169613567,0.436675461741425,0.914285714285714
0.756003983673863,0.437994722955145,0.914285714285714
0.755973747728953,0.437994722955145,0.914732142857143
0.75596828720781,0.439313984168865,0.914732142857143
0.75550915477843,0.439313984168865,0.915178571428571
0.755376626297124,0.439313984168865,0.915625
0.755247324072653,0.439313984168865,0.916071428571429
0.755120269101322,0.439313984168865,0.916517857142857
0.754792567677043,0.440633245382586,0.916964285714286
0.754731890409486,0.440633245382586,0.917410714285714
0.754077908824459,0.440633245382586,0.917857142857143
0.753242133362946,0.441952506596306,0.917857142857143
0.752840364383937,0.441952506596306,0.918303571428571
0.752768565154745,0.441952506596306,0.91875
0.752599108315279,0.443271767810026,0.91875
0.752483305388657,0.443271767810026,0.919196428571429
0.752415951713231,0.443271767810026,0.919642857142857
0.752199337951519,0.444591029023747,0.919642857142857
0.751988232630452,0.444591029023747,0.920089285714286
0.751607570730208,0.444591029023747,0.920535714285714
0.751590621737929,0.445910290237467,0.920535714285714
0.751437580884608,0.445910290237467,0.920982142857143
0.751407328805701,0.445910290237467,0.921428571428571
0.751315113899955,0.445910290237467,0.921875
0.751284488067026,0.445910290237467,0.922321428571429
0.751100680092051,0.447229551451187,0.922321428571429
0.751100668965899,0.448548812664908,0.922321428571429
0.751039390587592,0.448548812664908,0.922767857142857
0.750947437415408,0.448548812664908,0.923214285714286
0.750702118004524,0.448548812664908,0.923660714285714
0.750518022561933,0.449868073878628,0.923660714285714
0.750272409683403,0.451187335092348,0.923660714285714
0.750245509901747,0.452506596306069,0.923660714285714
0.750180267457159,0.452506596306069,0.924107142857143
0.750037160805379,0.452506596306069,0.924553571428571
0.749965191920084,0.453825857519789,0.925
0.749934455175018,0.453825857519789,0.925446428571429
0.749872962966935,0.455145118733509,0.925446428571429
0.749749981821164,0.455145118733509,0.925892857142857
0.749626938057599,0.45646437994723,0.925892857142857
0.74958296278567,0.45646437994723,0.926339285714286
0.748949550168378,0.45646437994723,0.926785714285714
0.748795426028385,0.45646437994723,0.927232142857143
0.748703276466604,0.45646437994723,0.927678571428571
0.748610394081452,0.45646437994723,0.928125
0.748579546624327,0.45646437994723,0.928571428571429
0.748232125939996,0.45646437994723,0.929017857142857
0.748046133407459,0.45646437994723,0.929464285714286
0.748023862640212,0.45646437994723,0.929910714285714
0.748015240017302,0.45646437994723,0.930357142857143
0.747931169502237,0.45778364116095,0.930357142857143
0.747923230279619,0.45778364116095,0.930803571428571
0.747714797615061,0.45778364116095,0.93125
0.747652954477309,0.45778364116095,0.931696428571429
0.747582468862624,0.45910290237467,0.931696428571429
0.74746736481438,0.45910290237467,0.932142857142857
0.747397531325238,0.45910290237467,0.932589285714286
0.747368288172914,0.45910290237467,0.933035714285714
0.747312637738962,0.45910290237467,0.933482142857143
0.747219771380772,0.45910290237467,0.933928571428571
0.747064943938487,0.45910290237467,0.934375
0.747002995401643,0.46042216358839,0.934821428571429
0.74683943092651,0.46042216358839,0.935267857142857
0.746693102241634,0.461741424802111,0.935267857142857
0.746654133480428,0.463060686015831,0.935267857142857
0.746538061638054,0.464379947229551,0.935267857142857
0.746413984036687,0.465699208443272,0.935267857142857
0.746382958370827,0.465699208443272,0.935714285714286
0.746227792454074,0.465699208443272,0.936160714285714
0.745886206980811,0.465699208443272,0.936607142857143
0.745566733881838,0.465699208443272,0.937053571428571
0.745318602095188,0.465699208443272,0.9375
0.745287488145099,0.465699208443272,0.937946428571429
0.74519413128367,0.467018469656992,0.937946428571429
0.745193440887189,0.467018469656992,0.938392857142857
0.744978424926856,0.468337730870712,0.938392857142857
0.744902233483081,0.468337730870712,0.938839285714286
0.744571176994409,0.468337730870712,0.939285714285714
0.74422812595439,0.468337730870712,0.939732142857143
0.744199142818346,0.469656992084433,0.939732142857143
0.743964092604064,0.469656992084433,0.940178571428571
0.74335284795637,0.469656992084433,0.940625
0.74275895969729,0.470976253298153,0.940625
0.741941854461578,0.470976253298153,0.941071428571429
0.741875261514527,0.472295514511873,0.941071428571429
0.7405133788715,0.472295514511873,0.941517857142857
0.739002962915393,0.473614775725594,0.941517857142857
0.737671691841504,0.474934036939314,0.941517857142857
0.736782617612217,0.474934036939314,0.941964285714286
0.736641251527174,0.474934036939314,0.942410714285714
0.736497734141662,0.474934036939314,0.942857142857143
0.736381144241552,0.474934036939314,0.943303571428571
0.736211350476512,0.476253298153034,0.943303571428571
0.735829195039403,0.476253298153034,0.94375
0.735704703869341,0.477572559366755,0.94375
0.734936120097233,0.477572559366755,0.944196428571429
0.734551475831429,0.477572559366755,0.944642857142857
0.734327698579634,0.478891820580475,0.944642857142857
0.733879783045858,0.478891820580475,0.945089285714286
0.733801368093509,0.480211081794195,0.945089285714286
0.7334774199334,0.480211081794195,0.945535714285714
0.733352887404434,0.480211081794195,0.945982142857143
0.731703686304715,0.480211081794195,0.946428571428571
0.731496119933764,0.480211081794195,0.946875
0.731121304385671,0.480211081794195,0.947321428571429
0.730977356042241,0.480211081794195,0.948214285714286
0.730880648167856,0.480211081794195,0.949107142857143
0.730751670174806,0.481530343007916,0.949107142857143
0.730687166540862,0.481530343007916,0.949553571428571
0.730622653150309,0.481530343007916,0.95
0.730417595266713,0.481530343007916,0.950446428571429
0.730396779468175,0.481530343007916,0.950892857142857
0.730332222188407,0.481530343007916,0.951339285714286
0.730285525205249,0.481530343007916,0.951785714285714
0.730235367988463,0.481530343007916,0.952232142857143
0.730082660574868,0.481530343007916,0.952678571428571
0.729783091793825,0.481530343007916,0.953125
0.729686113365861,0.481530343007916,0.953571428571429
0.729671678015507,0.482849604221636,0.953571428571429
0.729639345917296,0.482849604221636,0.954017857142857
0.72949209078934,0.482849604221636,0.954464285714286
0.729427397129079,0.482849604221636,0.954910714285714
0.729297980614105,0.482849604221636,0.955357142857143
0.729265620404118,0.482849604221636,0.955803571428571
0.728877108220494,0.482849604221636,0.95625
0.728423401721719,0.482849604221636,0.957142857142857
0.728409920431541,0.482849604221636,0.957589285714286
0.728293683866975,0.482849604221636,0.958035714285714
0.728131481935056,0.484168865435356,0.958035714285714
0.728034517135198,0.484168865435356,0.958482142857143
0.727969219340549,0.484168865435356,0.958928571428571
0.727904297321808,0.484168865435356,0.959375
0.727839751253149,0.484168865435356,0.959821428571429
0.727806896103939,0.484168865435356,0.960267857142857
0.727741949834105,0.485488126649077,0.960714285714286
0.727254543773542,0.485488126649077,0.961160714285714
0.726994371010215,0.485488126649077,0.961607142857143
0.726896766277491,0.486807387862797,0.961607142857143
0.726864226525919,0.486807387862797,0.962053571428571
0.726831684354295,0.486807387862797,0.962946428571429
0.726571259879469,0.486807387862797,0.963392857142857
0.726408415974539,0.486807387862797,0.963839285714286
0.725782996323114,0.486807387862797,0.964285714285714
0.725038531082098,0.486807387862797,0.964732142857143
0.72487511999754,0.486807387862797,0.965178571428571
0.724083823562686,0.488126649076517,0.965178571428571
0.72382786344271,0.488126649076517,0.965625
0.723434507239353,0.488126649076517,0.966071428571429
0.723067150055335,0.488126649076517,0.966517857142857
0.723034327870454,0.488126649076517,0.967410714285714
0.722935834996699,0.489445910290237,0.967410714285714
0.722835493292495,0.489445910290237,0.967857142857143
0.722551452760294,0.489445910290237,0.968303571428571
0.72226407526475,0.489445910290237,0.96875
0.721719474504693,0.489445910290237,0.969196428571429
0.720961699594979,0.490765171503958,0.969196428571429
0.720103563143241,0.490765171503958,0.969642857142857
0.720071621744115,0.490765171503958,0.970089285714286
0.71940927643966,0.492084432717678,0.970089285714286
0.718879591596299,0.493403693931398,0.970089285714286
0.717109186611719,0.494722955145119,0.970089285714286
0.716262315679125,0.494722955145119,0.970535714285714
0.716180181731918,0.494722955145119,0.970982142857143
0.71353785178947,0.494722955145119,0.971428571428571
0.713370307838378,0.494722955145119,0.971875
0.713102115628161,0.496042216358839,0.971875
0.712665983571594,0.496042216358839,0.972321428571429
0.711590743953311,0.497361477572559,0.972321428571429
0.711422521762949,0.49868073878628,0.972321428571429
0.711254241267255,0.49868073878628,0.972767857142857
0.710546827083973,0.5,0.972767857142857
0.710445684106838,0.5,0.973214285714286
0.710209602423352,0.50131926121372,0.973214285714286
0.709939655312771,0.50131926121372,0.974107142857143
0.709331730921453,0.502638522427441,0.974107142857143
0.709230337105831,0.503957783641161,0.974107142857143
0.708993670402174,0.505277044854881,0.974107142857143
0.706084652847168,0.505277044854881,0.974553571428571
0.705766372331343,0.505277044854881,0.975
0.703215673221123,0.505277044854881,0.975446428571429
0.701165878730711,0.505277044854881,0.975892857142857
0.701047499225314,0.505277044854881,0.976339285714286
0.700409434927569,0.506596306068602,0.976339285714286
0.700360012896348,0.506596306068602,0.976785714285714
0.699825156035481,0.506596306068602,0.977232142857143
0.699445858276681,0.506596306068602,0.977678571428571
0.698583734143044,0.506596306068602,0.978125
0.697858464532575,0.506596306068602,0.978571428571429
0.693230205010285,0.506596306068602,0.979017857142857
0.693125624419978,0.506596306068602,0.979464285714286
0.693051034222119,0.507915567282322,0.979464285714286
0.693021023964972,0.507915567282322,0.979910714285714
0.692602423637855,0.507915567282322,0.980357142857143
0.692494242106712,0.507915567282322,0.980803571428571
0.691888450553384,0.507915567282322,0.98125
0.691134826914924,0.507915567282322,0.981696428571429
0.690854845627421,0.509234828496042,0.981696428571429
0.690154279455887,0.509234828496042,0.982142857142857
0.689663363011428,0.509234828496042,0.982589285714286
0.689242237204383,0.509234828496042,0.983035714285714
0.688609960605186,0.510554089709763,0.983035714285714
0.687871414820983,0.511873350923483,0.983035714285714
0.687690524230652,0.513192612137203,0.983035714285714
0.682703896363944,0.513192612137203,0.983482142857143
0.679928021266875,0.513192612137203,0.983928571428571
0.675538062055952,0.513192612137203,0.984375
0.666657154813712,0.513192612137203,0.984821428571429
0.662238726975997,0.514511873350924,0.984821428571429
0.250021957460786,0.515831134564644,0.984821428571429
0.197929764121314,0.517150395778364,0.984821428571429
0.195970368672738,0.518469656992084,0.984821428571429
0.183530023885946,0.518469656992084,0.985267857142857
0.181655461104273,0.519788918205805,0.985267857142857
0.180319178442696,0.519788918205805,0.985714285714286
0.179067040098027,0.519788918205805,0.986160714285714
0.164048982290544,0.521108179419525,0.986160714285714
0.163477803444926,0.521108179419525,0.986607142857143
0.161014855691962,0.522427440633245,0.986607142857143
0.157768340280669,0.523746701846966,0.986607142857143
0.156184377700272,0.525065963060686,0.986607142857143
0.155347087203885,0.526385224274406,0.986607142857143
0.154721099086513,0.527704485488127,0.986607142857143
0.154678231512025,0.529023746701847,0.986607142857143
0.153908273634494,0.530343007915567,0.986607142857143
0.153265086957058,0.531662269129288,0.986607142857143
0.151886219719895,0.532981530343008,0.986607142857143
0.147189536516978,0.534300791556728,0.986607142857143
0.145506633174444,0.535620052770449,0.986607142857143
0.143179726149968,0.536939313984169,0.986607142857143
0.14139926126698,0.536939313984169,0.987053571428571
0.141279907815201,0.538258575197889,0.987053571428571
0.141142637331096,0.53957783641161,0.987053571428571
0.140099961038797,0.54089709762533,0.987053571428571
0.139666107203552,0.54221635883905,0.987053571428571
0.138782038863767,0.54353562005277,0.987053571428571
0.137344475183806,0.544854881266491,0.987053571428571
0.136525112797514,0.546174142480211,0.987053571428571
0.136293409885601,0.547493403693931,0.987053571428571
0.134228148938306,0.548812664907652,0.987053571428571
0.131854577092014,0.548812664907652,0.9875
0.131325747898734,0.548812664907652,0.987946428571429
0.129028305770009,0.550131926121372,0.987946428571429
0.128005645264682,0.551451187335092,0.987946428571429
0.127862893003869,0.552770448548813,0.987946428571429
0.127260933357617,0.554089709762533,0.987946428571429
0.126849351422872,0.555408970976253,0.987946428571429
0.12670576049913,0.556728232189974,0.987946428571429
0.1257000692597,0.558047493403694,0.987946428571429
0.125513572034738,0.558047493403694,0.988392857142857
0.124616806281107,0.559366754617414,0.988392857142857
0.124154625736399,0.560686015831135,0.988392857142857
0.123379903418577,0.562005277044855,0.988392857142857
0.123061157786995,0.563324538258575,0.988392857142857
0.122337768104929,0.564643799472295,0.988392857142857
0.117525255045963,0.565963060686016,0.988392857142857
0.115329024771671,0.567282321899736,0.988392857142857
0.114978302684561,0.568601583113456,0.988392857142857
0.114956224455237,0.568601583113456,0.988839285714286
0.114290860594619,0.569920844327177,0.988839285714286
0.11362885340834,0.571240105540897,0.988839285714286
0.113059185126717,0.572559366754617,0.988839285714286
0.112314371844996,0.572559366754617,0.989285714285714
0.112060454698185,0.573878627968338,0.989285714285714
0.111897465763642,0.575197889182058,0.989285714285714
0.111717377412997,0.576517150395778,0.989285714285714
0.109873528317545,0.577836411609499,0.989285714285714
0.109865959601382,0.579155672823219,0.989285714285714
0.109544669603406,0.580474934036939,0.989285714285714
0.109504961666859,0.58311345646438,0.989285714285714
0.109441045222668,0.5844327176781,0.989285714285714
0.1093540676796,0.585751978891821,0.989285714285714
0.109329270182431,0.587071240105541,0.989285714285714
0.109185706579447,0.587071240105541,0.989732142857143
0.109153826028036,0.588390501319261,0.989732142857143
0.108930890802138,0.589709762532982,0.989732142857143
0.108883170994259,0.591029023746702,0.989732142857143
0.108851367984577,0.592348284960422,0.989732142857143
0.108733029193262,0.593667546174143,0.989732142857143
0.108533786165545,0.594986807387863,0.989732142857143
0.10848621913944,0.596306068601583,0.989732142857143
0.107224504699155,0.597625329815303,0.989732142857143
0.107099045901686,0.598944591029024,0.989732142857143
0.107083372638606,0.600263852242744,0.989732142857143
0.107020699770958,0.600263852242744,0.990178571428571
0.106926751003761,0.601583113456464,0.990178571428571
0.106320446672078,0.602902374670185,0.990178571428571
0.106246489537484,0.604221635883905,0.990178571428571
0.106176689641663,0.605540897097625,0.990178571428571
0.105569290928862,0.606860158311346,0.990178571428571
0.10395999659161,0.608179419525066,0.990178571428571
0.103483683669166,0.608179419525066,0.990625
0.102816509499127,0.609498680738786,0.990625
0.102153146579378,0.610817941952507,0.990625
0.101598981544186,0.612137203166227,0.990625
0.101135409902322,0.613456464379947,0.990625
0.0986696263266648,0.614775725593668,0.990625
0.0985158954184956,0.614775725593668,0.991071428571429
0.0984285897064077,0.616094986807388,0.991071428571429
0.0982396637486998,0.617414248021108,0.991071428571429
0.0982251443744331,0.620052770448549,0.991071428571429
0.0980156035581904,0.621372031662269,0.991071428571429
0.0979496393707008,0.622691292875989,0.991071428571429
0.0977181696483922,0.622691292875989,0.991517857142857
0.0974871878082067,0.62401055408971,0.991517857142857
0.097480749026287,0.62532981530343,0.991517857142857
0.0970123253897965,0.62664907651715,0.991517857142857
0.0969287056575519,0.62664907651715,0.991964285714286
0.0968401606355819,0.627968337730871,0.991964285714286
0.0967594474919698,0.629287598944591,0.991964285714286
0.0967288897170813,0.630606860158311,0.991964285714286
0.0963222208234722,0.631926121372032,0.991964285714286
0.0963110354092574,0.633245382585752,0.991964285714286
0.0962967706384781,0.634564643799472,0.991964285714286
0.0962254750960157,0.635883905013193,0.991964285714286
0.0961257405752537,0.637203166226913,0.991964285714286
0.0960830254950081,0.638522427440633,0.991964285714286
0.0958089160437529,0.639841688654354,0.991964285714286
0.095744279309455,0.641160949868074,0.991964285714286
0.0956034247802747,0.642480211081794,0.991964285714286
0.0954115171229778,0.643799472295514,0.991964285714286
0.0952206154013149,0.646437994722955,0.991964285714286
0.0950321252069516,0.647757255936675,0.991964285714286
0.0949747755699457,0.649076517150396,0.991964285714286
0.0949334976318825,0.650395778364116,0.991964285714286
0.0947011553826081,0.651715039577836,0.991964285714286
0.094539903027525,0.653034300791557,0.991964285714286
0.0939094317419092,0.654353562005277,0.991964285714286
0.0934957208435475,0.655672823218997,0.991964285714286
0.0928644000574643,0.656992084432718,0.991964285714286
0.0928451996988889,0.658311345646438,0.991964285714286
0.0923964179780819,0.659630606860158,0.991964285714286
0.0923689313285635,0.660949868073879,0.991964285714286
0.0923277151256307,0.662269129287599,0.991964285714286
0.0920259674660009,0.663588390501319,0.991964285714286
0.0918613394916639,0.66490765171504,0.991964285714286
0.0917463222384731,0.66622691292876,0.991964285714286
0.0914856268895895,0.66754617414248,0.991964285714286
0.0912075194540471,0.668865435356201,0.991964285714286
0.0911803509535639,0.670184696569921,0.991964285714286
0.0911260357944662,0.671503957783641,0.991964285714286
0.0906949198087594,0.672823218997362,0.991964285714286
0.0906520186973376,0.674142480211082,0.991964285714286
0.0905901054682644,0.674142480211082,0.992410714285714
0.0903821495068099,0.675461741424802,0.992410714285714
0.0895878471315913,0.676781002638522,0.992410714285714
0.0893256620599703,0.678100263852243,0.992410714285714
0.0884242532781308,0.679419525065963,0.992410714285714
0.0884110423488398,0.680738786279683,0.992410714285714
0.0883978332019125,0.682058047493404,0.992410714285714
0.0882922241695866,0.683377308707124,0.992410714285714
0.0882833030113336,0.684696569920844,0.992410714285714
0.0882658397223111,0.684696569920844,0.992857142857143
0.0882394623964257,0.686015831134565,0.992857142857143
0.0882130921904643,0.687335092348285,0.992857142857143
0.088199909756997,0.688654353562005,0.992857142857143
0.0881603731324494,0.689973614775726,0.992857142857143
0.0880681832608057,0.689973614775726,0.993303571428571
0.0880418592986166,0.691292875989446,0.993303571428571
0.0879497814041529,0.692612137203166,0.993303571428571
0.0873599272287529,0.693931398416887,0.993303571428571
0.0873468600772269,0.695250659630607,0.993303571428571
0.0873392343227667,0.696569920844327,0.993303571428571
0.0872946091445269,0.697889182058048,0.993303571428571
0.0872554394969486,0.699208443271768,0.993303571428571
0.0872293352300766,0.700527704485488,0.993303571428571
0.0871956236130963,0.701846965699208,0.993303571428571
0.087164105462512,0.703166226912929,0.993303571428571
0.0870858879830967,0.704485488126649,0.993303571428571
0.0870077340026885,0.705804749340369,0.993303571428571
0.0869947145100249,0.70712401055409,0.993303571428571
0.0869813044526959,0.70844327176781,0.993303571428571
0.0869556666067802,0.70976253298153,0.993303571428571
0.0868700296831324,0.711081794195251,0.993303571428571
0.0866957522802488,0.713720316622691,0.993303571428571
0.0866881779709208,0.715039577836412,0.993303571428571
0.0866568258308035,0.716358839050132,0.993303571428571
0.0866179152017431,0.717678100263852,0.993303571428571
0.086586416874256,0.718997361477573,0.993303571428571
0.0864122646032395,0.720316622691293,0.993303571428571
0.0861006161269255,0.721635883905013,0.993303571428571
0.0860801933784463,0.722955145118733,0.993303571428571
0.0855754270962213,0.722955145118733,0.99375
0.0855626018424878,0.724274406332454,0.99375
0.0855529808939821,0.725593667546174,0.99375
0.0855145195065705,0.726912928759894,0.99375
0.0854760737937243,0.728232189973615,0.99375
0.0854140072915886,0.729551451187335,0.99375
0.0853864280593386,0.732189973614776,0.99375
0.0853224475892964,0.733509234828496,0.99375
0.0851461207698785,0.734828496042216,0.99375
0.084588111591487,0.734828496042216,0.994196428571429
0.0843394627103772,0.736147757255937,0.994196428571429
0.0841762987580668,0.737467018469657,0.994196428571429
0.084137869653529,0.737467018469657,0.994642857142857
0.0839995673042692,0.738786279683377,0.994642857142857
0.083949458074339,0.740105540897098,0.994642857142857
0.0838357613721415,0.741424802110818,0.994642857142857
0.0838093472478692,0.742744063324538,0.994642857142857
0.0837841793141711,0.744063324538259,0.994642857142857
0.0834463178089558,0.745382585751979,0.994642857142857
0.0831518431258226,0.746701846965699,0.994642857142857
0.0830890644090481,0.74934036939314,0.994642857142857
0.0828985564147499,0.75065963060686,0.994642857142857
0.0828521130143738,0.75197889182058,0.994642857142857
0.0827989206382737,0.753298153034301,0.994642857142857
0.0826847916889248,0.754617414248021,0.994642857142857
0.0824420264531247,0.755936675461741,0.994642857142857
0.0820776594188581,0.757255936675462,0.994642857142857
0.0818242026735727,0.758575197889182,0.994642857142857
0.0812228299614181,0.758575197889182,0.995089285714286
0.0811393811185792,0.759894459102902,0.995089285714286
0.0811194360136202,0.761213720316623,0.995089285714286
0.0806178068539373,0.762532981530343,0.995089285714286
0.0803079894243143,0.763852242744063,0.995089285714286
0.0797889700288336,0.765171503957784,0.995089285714286
0.0796446750885514,0.766490765171504,0.995089285714286
0.0790501385658062,0.767810026385224,0.995089285714286
0.078686578285017,0.769129287598945,0.995089285714286
0.0784804547740789,0.770448548812665,0.995089285714286
0.0783146593513352,0.771767810026385,0.995089285714286
0.077619466225974,0.773087071240106,0.995089285714286
0.0775959996813389,0.774406332453826,0.995089285714286
0.0774648731230131,0.775725593667546,0.995089285714286
0.0773382962377918,0.777044854881267,0.995089285714286
0.0772564642625492,0.778364116094987,0.995089285714286
0.0766025052277072,0.779683377308707,0.995089285714286
0.0757759485306196,0.779683377308707,0.995535714285714
0.0754787626643774,0.781002638522427,0.995535714285714
0.075185088147555,0.782321899736148,0.995535714285714
0.0749656733375377,0.783641160949868,0.995535714285714
0.0748610817042727,0.784960422163588,0.995535714285714
0.0743681727015352,0.786279683377309,0.995535714285714
0.0742666896015574,0.787598944591029,0.995535714285714
0.0742278610017929,0.788918205804749,0.995535714285714
0.0741882899970983,0.79023746701847,0.995535714285714
0.0740590867424967,0.79155672823219,0.995535714285714
0.0740083649761978,0.79287598944591,0.995535714285714
0.0738674780473988,0.794195250659631,0.995535714285714
0.0737232294569705,0.795514511873351,0.995535714285714
0.0736492782484288,0.796833773087071,0.995535714285714
0.073571038392705,0.796833773087071,0.995982142857143
0.0734593998981682,0.798153034300792,0.995982142857143
0.073403639158564,0.799472295514512,0.995982142857143
0.0733813457771195,0.800791556728232,0.995982142857143
0.0733256395970921,0.802110817941952,0.995982142857143
0.0732811026942017,0.803430079155673,0.995982142857143
0.0732197483091742,0.804749340369393,0.995982142857143
0.0731476414191554,0.806068601583113,0.995982142857143
0.0730698924323166,0.807387862796834,0.995982142857143
0.0729478692466693,0.808707124010554,0.995982142857143
0.0725662214851889,0.810026385224274,0.995982142857143
0.0725167529452867,0.811345646437995,0.995982142857143
0.0707966034892112,0.812664907651715,0.995982142857143
0.0704516465870082,0.813984168865435,0.995982142857143
0.0698642433656712,0.813984168865435,0.996428571428571
0.0697434065126795,0.815303430079156,0.996428571428571
0.0694403738773741,0.815303430079156,0.996875
0.0693874353907862,0.816622691292876,0.996875
0.0688916363608654,0.817941952506596,0.996875
0.0687970711147563,0.819261213720317,0.996875
0.0685036364270586,0.820580474934037,0.996875
0.0684304591359494,0.821899736147757,0.996875
0.0681027069131249,0.823218997361478,0.996875
0.0678476434173364,0.824538258575198,0.996875
0.067374496209962,0.825857519788918,0.996875
0.0672868611598704,0.827176781002638,0.996875
0.0670144896535795,0.828496042216359,0.996875
0.0668916174859256,0.829815303430079,0.996875
0.0665545352737952,0.831134564643799,0.996875
0.0665140770630672,0.83245382585752,0.996875
0.0664783487417647,0.83377308707124,0.996875
0.0664428734731504,0.83509234828496,0.996875
0.0664380732074558,0.836411609498681,0.996875
0.0664324463911727,0.837730870712401,0.996875
0.066417343209986,0.839050131926121,0.996875
0.0664121184793674,0.840369393139842,0.996875
0.0663868599478635,0.841688654353562,0.996875
0.0663714799879516,0.843007915567282,0.996875
0.0663410162796598,0.844327176781003,0.996875
0.0662098419938316,0.845646437994723,0.996875
0.0662091569171065,0.848284960422164,0.996875
0.0661794472165426,0.849604221635884,0.996875
0.0661686338182723,0.850923482849604,0.996875
0.0661539853725872,0.852242744063325,0.996875
0.0660269843847831,0.853562005277045,0.996875
0.0657396389061648,0.854881266490765,0.996875
0.0657042718315227,0.856200527704486,0.996875
0.0656993829558187,0.857519788918206,0.996875
0.0656137734613291,0.858839050131926,0.996875
0.0654531735802852,0.860158311345646,0.996875
0.0652829368067394,0.861477572559367,0.996875
0.0651730031526848,0.862796833773087,0.996875
0.0650484281494317,0.864116094986807,0.996875
0.065043303602182,0.865435356200528,0.996875
0.0649786843278564,0.866754617414248,0.996875
0.0649337454472087,0.868073878627968,0.996875
0.0648276209933545,0.868073878627968,0.997321428571429
0.0647978167169572,0.869393139841689,0.997321428571429
0.0646148353612381,0.870712401055409,0.997321428571429
0.0645435343578922,0.872031662269129,0.997321428571429
0.064248594242653,0.87335092348285,0.997321428571429
0.0639326694366193,0.87467018469657,0.997321428571429
0.062082497287707,0.87598944591029,0.997321428571429
0.0609299062720951,0.877308707124011,0.997321428571429
0.0593192069083311,0.878627968337731,0.997321428571429
0.0592917745425355,0.881266490765171,0.997321428571429
0.059246080346119,0.882585751978892,0.997321428571429
0.059127429819119,0.883905013192612,0.997321428571429
0.0591091956683392,0.885224274406332,0.997321428571429
0.0590727431755361,0.886543535620053,0.997321428571429
0.0590454176334562,0.887862796833773,0.997321428571429
0.0590363117523733,0.889182058047493,0.997321428571429
0.0589412658687215,0.890501319261214,0.997321428571429
0.0589191829583545,0.891820580474934,0.997321428571429
0.0588000203536475,0.893139841688654,0.997321428571429
0.0587184339568332,0.895778364116095,0.997321428571429
0.0586822074160602,0.895778364116095,0.997767857142857
0.0585375107247213,0.897097625329815,0.997767857142857
0.0584122945083861,0.898416886543536,0.997767857142857
0.0583352327742996,0.899736147757256,0.997767857142857
0.0581054259254877,0.901055408970976,0.997767857142857
0.0580657047183641,0.902374670184697,0.997767857142857
0.0579005570530406,0.903693931398417,0.997767857142857
0.0578062720570821,0.905013192612137,0.997767857142857
0.0576323126173087,0.906332453825857,0.997767857142857
0.0575216944118275,0.907651715039578,0.997767857142857
0.0573481104253391,0.908970976253298,0.997767857142857
0.0572022080985325,0.911609498680739,0.997767857142857
0.057087402392821,0.912928759894459,0.997767857142857
0.056805725337591,0.914248021108179,0.997767857142857
0.0563917142712936,0.9155672823219,0.997767857142857
0.0553066074943072,0.91688654353562,0.997767857142857
0.0547695591242757,0.91820580474934,0.997767857142857
0.054761074282379,0.919525065963061,0.997767857142857
0.0543973954542779,0.920844327176781,0.997767857142857
0.054363680825367,0.922163588390501,0.997767857142857
0.0543398771935528,0.923482849604222,0.997767857142857
0.0537670174403523,0.924802110817942,0.997767857142857
0.0534344327613704,0.926121372031662,0.997767857142857
0.0532147235333036,0.926121372031662,0.998214285714286
0.0531734479900708,0.927440633245383,0.998214285714286
0.0531569462350085,0.928759894459103,0.998214285714286
0.0530708320128191,0.930079155672823,0.998214285714286
0.0530498025933399,0.930079155672823,0.998660714285714
0.053029661826606,0.931398416886544,0.998660714285714
0.052975745681616,0.932717678100264,0.998660714285714
0.0529017863769717,0.934036939313984,0.998660714285714
0.0527869323138193,0.935356200527705,0.998660714285714
0.0527705438240164,0.936675461741425,0.998660714285714
0.0526968550599811,0.937994722955145,0.998660714285714
0.0526477832144487,0.937994722955145,0.999107142857143
0.0526396087704316,0.939313984168865,0.999107142857143
0.0525497689669413,0.940633245382586,0.999107142857143
0.0524926736076574,0.943271767810026,0.999107142857143
0.052427493521646,0.944591029023747,0.999107142857143
0.0523623898969822,0.945910290237467,0.999107142857143
0.0523054868858149,0.947229551451187,0.999107142857143
0.0522973626550732,0.948548812664908,0.999107142857143
0.0521837485415342,0.949868073878628,0.999107142857143
0.0520946439703647,0.951187335092348,0.999107142857143
0.0520784585947205,0.952506596306069,0.999107142857143
0.0520056831984803,0.953825857519789,0.999107142857143
0.0519895239462833,0.953825857519789,0.999553571428571
0.0519652939658723,0.953825857519789,1
0.0516176774621674,0.955145118733509,1
0.0515535247426924,0.95646437994723,1
0.0510430109616093,0.95778364116095,1
0.0510033291461584,0.95910290237467,1
0.050821168504224,0.96042216358839,1
0.0494140342302553,0.961741424802111,1
0.0493063581477777,0.963060686015831,1
0.049198904554074,0.964379947229551,1
0.0491422740750228,0.965699208443272,1
0.0490610762011929,0.967018469656992,1
0.048847404205435,0.968337730870712,1
0.0485361195596962,0.969656992084433,1
0.0472523500883035,0.970976253298153,1
0.0460758685623537,0.972295514511873,1
0.0459855150048686,0.973614775725594,1
0.0453284762287179,0.974934036939314,1
0.0452576001044382,0.976253298153034,1
0.044454638142534,0.977572559366755,1
0.0443750096888411,0.978891820580475,1
0.0443225376446965,0.980211081794195,1
0.0442947747521724,0.981530343007916,1
0.0442254400594334,0.982849604221636,1
0.0442115855471732,0.984168865435356,1
0.0441977351744153,0.985488126649076,1
0.0440042639817392,0.986807387862797,1
0.0438596910566103,0.988126649076517,1
0.043736132216316,0.989445910290237,1
0.0436881713163518,0.990765171503958,1
0.0433606462435276,0.992084432717678,1
0.0391646148825927,0.993403693931398,1
0.0387073527496715,0.994722955145119,1
0.0381501455341247,0.996042216358839,1
0.03808404072376,0.997361477572559,1
0.0379761064463595,0.99868073878628,1
0.0378207199683904,1,1
-Inf,1,1
