"appid","name","release_date","release_month","is_free","platform_windows","platform_mac","platform_linux","list_price_usd","current_price_usd","discount_percent","price_currency","total_reviews","positive_reviews","negative_reviews","positive_rate","review_score","review_score_desc","metadata_collected_at","review_collected_at","review_collection_date","metadata_collection_date","days_since_release","platform_segment","price_band","log1p_current_price","genre_action","genre_adventure","genre_casual","genre_early_access","genre_free_to_play","genre_game_development","genre_indie","genre_massively_multiplayer","genre_rpg","genre_racing","genre_simulation","genre_sports","genre_strategy","has_review","log1p_current_price_paid","z_log1p_paid_price_component","z_days_since_release"
267390,"Revolution Editions - Shadow & Steel",2025-08-15,"2025-08",0,1,0,0,17.99,17.99,0,"USD",14,12,2,0.857142857142857,7,"Positive",2026-09-12 12:51:25.865935,2026-09-13 18:40:37.268199,2026-09-13,2026-09-12,394,"Windows only","$10.00-$19.99",2.94391252482419,0,1,0,0,0,0,0,0,0,0,0,0,0,1,2.94391252482419,1.36137251577438,0.940715036609189
427410,"Abiotic Factor",2025-07-22,"2025-07",0,1,0,0,34.99,34.99,0,"USD",41961,40249,1712,0.959200209718548,9,"Overwhelmingly Positive",2026-09-12 12:51:36.430126,2026-09-13 18:40:39.520996,2026-09-13,2026-09-12,418,"Windows only","$30.00+",3.58324112209094,1,1,0,0,0,0,0,0,1,0,1,0,0,1,3.58324112209094,2.23348073223332,1.40304913196726
444930,"Zaccaria Pinball",2025-10-16,"2025-10",1,1,1,1,,,,,214,170,44,0.794392523364486,6,"Mostly Positive",2026-09-12 12:51:42.741808,2026-09-13 18:40:41.692266,2026-09-13,2026-09-12,332,"Windows + macOS + Linux","Free",,1,0,1,0,1,0,1,0,0,1,1,1,0,1,,0,-0.253648043065819
496170,"Desert Race Adventures",2025-11-18,"2025-11",0,1,0,0,5.99,5.99,0,"USD",9,7,2,0.777777777777778,0,"9 user reviews",2026-09-12 12:51:44.89595,2026-09-13 18:40:43.812962,2026-09-13,2026-09-12,299,"Windows only","$5.00-$9.99",1.94448055624572,0,1,1,0,0,0,1,0,0,0,0,0,0,1,1.94448055624572,-0.00195275282042951,-0.889357424183163
497880,"Doodle WHAT?!",2025-12-09,"2025-12",0,1,0,0,9.99,9.99,0,"USD",12,5,7,0.416666666666667,5,"Mixed",2026-09-12 12:51:46.984899,2026-09-13 18:40:45.990494,2026-09-13,2026-09-12,278,"Windows only","$5.00-$9.99",2.39698576841553,0,0,1,0,0,0,1,0,0,0,0,0,1,1,2.39698576841553,0.615309661548216,-1.29389975762147
523630,"Rabidja's Revenge",2025-10-23,"2025-10",0,1,0,0,6.99,6.99,0,"USD",0,0,0,,0,"No user reviews",2026-09-12 12:51:48.992672,2026-09-13 18:40:48.175571,2026-09-13,2026-09-12,325,"Windows only","$5.00-$9.99",2.07819075977818,1,1,0,0,0,0,1,0,0,0,0,0,0,0,2.07819075977818,0.18044135190692,-0.388495487545256
533610,"Jet Gunner: Refueled",2025-10-13,"2025-10",0,1,0,0,5.99,5.99,0,"USD",10,9,1,0.9,7,"Positive",2026-09-12 12:51:55.450961,2026-09-13 18:40:50.344439,2026-09-13,2026-09-12,335,"Windows only","$5.00-$9.99",1.94448055624572,1,1,0,0,0,0,1,0,0,0,0,0,0,1,1.94448055624572,-0.00195275282042951,-0.195856281146061
541300,"Survive the Nights",2025-12-05,"2025-12",0,1,0,0,19.99,19.99,0,"USD",4715,3225,1490,0.683987274655355,5,"Mixed",2026-09-12 12:51:57.578262,2026-09-13 18:40:52.522939,2026-09-13,2026-09-12,282,"Windows only","$10.00-$19.99",3.04404613383254,1,1,0,0,0,0,1,1,0,0,1,0,0,1,3.04404613383254,1.49796478387127,-1.21684407506179
606160,"ROUTINE",2025-12-04,"2025-12",0,1,0,0,24.99,17.49,30,"USD",7248,6649,599,0.91735651214128,8,"Very Positive",2026-09-12 12:52:03.884435,2026-09-13 18:40:54.606101,2026-09-13,2026-09-12,283,"Windows only","$10.00-$19.99",2.91723004539903,1,1,0,0,0,0,1,0,0,0,0,0,0,1,2.91723004539903,1.32497494237994,-1.19758015442187
633080,"Relic Hunters Legend",2025-08-14,"2025-08",0,1,0,0,19.99,19.99,0,"USD",1101,726,375,0.659400544959128,5,"Mixed",2026-09-12 12:52:10.45351,2026-09-13 18:40:56.647108,2026-09-13,2026-09-12,395,"Windows only","$10.00-$19.99",3.04404613383254,1,1,0,0,0,0,1,0,1,0,0,0,0,1,3.04404613383254,1.49796478387127,0.959978957249108
660200,"Transistor Defense",2025-07-04,"2025-07",0,1,1,0,9.99,9.99,0,"USD",1,1,0,1,0,"1 user reviews",2026-09-12 12:52:21.093594,2026-09-13 18:40:58.905989,2026-09-13,2026-09-12,436,"Windows + macOS","$5.00-$9.99",2.39698576841553,1,0,1,1,0,0,1,0,0,0,0,0,1,1,2.39698576841553,0.615309661548216,1.74979970348581
662000,"Startron",2025-09-21,"2025-09",1,1,0,1,,,,,0,0,0,,0,"No user reviews",2026-09-12 12:52:25.321413,2026-09-13 18:41:00.938131,2026-09-13,2026-09-12,357,"Windows + Linux","Free",,0,0,0,0,1,0,1,0,0,0,1,0,1,0,,0,0.227949972932168
690320,"Snake-A-Roid",2025-11-18,"2025-11",0,1,0,1,4.99,4.99,0,"USD",5,5,0,1,0,"5 user reviews",2026-09-12 12:52:29.669694,2026-09-13 18:41:03.133496,2026-09-13,2026-09-12,299,"Windows + Linux","$0.01-$4.99",1.79009141212736,1,0,0,0,0,0,1,0,0,0,0,0,0,1,1.79009141212736,-0.212555002889199,-0.889357424183163
766500,"The Hordes of the Dead",2025-10-30,"2025-10",0,1,1,0,3.99,3.99,0,"USD",19,12,7,0.631578947368421,5,"Mixed",2026-09-12 12:52:42.650282,2026-09-13 18:41:05.206151,2026-09-13,2026-09-12,318,"Windows + macOS","$0.01-$4.99",1.60743590976343,1,1,0,0,0,0,1,0,0,0,0,0,0,1,1.60743590976343,-0.461715395641907,-0.523342932024692
832360,"Hotel Magnate",2025-09-23,"2025-09",0,1,1,1,19.99,19.99,0,"USD",419,246,173,0.587112171837709,5,"Mixed",2026-09-12 12:52:53.386847,2026-09-13 18:41:07.440934,2026-09-13,2026-09-12,355,"Windows + macOS + Linux","$10.00-$19.99",3.04404613383254,0,0,1,0,0,0,1,0,0,0,1,0,1,1,3.04404613383254,1.49796478387127,0.189422131652329
863970,"Survive the Rift",2025-11-17,"2025-11",0,1,0,0,14.99,14.99,0,"USD",7,6,1,0.857142857142857,0,"7 user reviews",2026-09-12 12:52:57.700565,2026-09-13 18:41:09.573143,2026-09-13,2026-09-12,300,"Windows only","$10.00-$19.99",2.77196352684586,1,0,0,0,0,0,1,0,0,0,0,0,0,1,2.77196352684586,1.12681686694233,-0.870093503543243
887330,"Glassbreakers: Champions of Moss",2025-11-13,"2025-11",0,1,0,0,19.99,19.99,0,"USD",22,14,8,0.636363636363636,5,"Mixed",2026-09-12 12:53:10.470465,2026-09-13 18:41:11.656327,2026-09-13,2026-09-12,304,"Windows only","$10.00-$19.99",3.04404613383254,1,0,0,0,0,0,0,0,0,0,0,0,1,1,3.04404613383254,1.49796478387127,-0.793037820983565
990380,"METAL EDEN",2025-09-02,"2025-09",0,1,0,0,19.99,19.99,0,"USD",1910,1605,305,0.840314136125654,8,"Very Positive",2026-09-12 12:53:31.777732,2026-09-13 18:41:13.880142,2026-09-13,2026-09-12,376,"Windows only","$10.00-$19.99",3.04404613383254,1,1,0,0,0,0,0,0,0,0,0,0,0,1,3.04404613383254,1.49796478387127,0.593964465090638
993770,"LazerGrrl",2025-09-26,"2025-09",1,1,0,0,,,,,0,0,0,,0,"No user reviews",2026-09-12 12:53:33.984243,2026-09-13 18:41:16.022757,2026-09-13,2026-09-12,352,"Windows only","Free",,1,0,0,0,1,0,1,0,0,0,0,0,1,0,,0,0.13163036973257
1004640,"FINAL FANTASY TACTICS - The Ivalice Chronicles",2025-09-30,"2025-09",0,1,0,0,49.99,49.99,0,"USD",5650,5059,591,0.895398230088496,8,"Very Positive",2026-09-12 12:53:38.318156,2026-09-13 18:41:18.192514,2026-09-13,2026-09-12,348,"Windows only","$30.00+",3.93162953506706,0,0,0,0,0,0,0,0,1,0,0,0,1,1,3.93162953506706,2.70871740829398,0.0545746871728924
1024820,"Hockey Club",2025-11-21,"2025-11",0,1,0,0,24.99,24.99,0,"USD",9,6,3,0.666666666666667,0,"9 user reviews",2026-09-12 12:53:40.439528,2026-09-13 18:41:20.32125,2026-09-13,2026-09-12,296,"Windows only","$20.00-$29.99",3.2577118486534,1,0,0,1,0,0,1,0,0,0,1,1,0,1,3.2577118486534,1.78942621116778,-0.947149186102921
1033380,"Skate & Date",2025-10-04,"2025-10",0,1,1,0,9.99,9.99,0,"USD",8,8,0,1,0,"8 user reviews",2026-09-12 12:53:46.751598,2026-09-13 18:41:22.54668,2026-09-13,2026-09-12,344,"Windows + macOS","$5.00-$9.99",2.39698576841553,0,0,0,0,0,0,1,0,0,0,0,0,0,1,2.39698576841553,0.615309661548216,-0.0224809953867855
1056170,"SUPERVERSE",2025-12-11,"2025-12",0,1,0,0,9.99,9.99,0,"USD",37,26,11,0.702702702702703,6,"Mostly Positive",2026-09-12 12:53:55.075845,2026-09-13 18:41:24.699111,2026-09-13,2026-09-12,276,"Windows only","$5.00-$9.99",2.39698576841553,1,0,0,0,0,0,1,0,0,0,0,0,0,1,2.39698576841553,0.615309661548216,-1.33242759890131
1057580,"Shopkeeper: My First Supermarket",2025-07-22,"2025-07",0,1,0,0,9.99,9.99,0,"USD",36,19,17,0.527777777777778,5,"Mixed",2026-09-12 12:53:57.246886,2026-09-13 18:41:26.818117,2026-09-13,2026-09-12,418,"Windows only","$5.00-$9.99",2.39698576841553,1,0,1,0,0,0,1,0,0,0,1,0,0,1,2.39698576841553,0.615309661548216,1.40304913196726
1058230,"Cozy Jigsaw Puzzles",2025-12-05,"2025-12",0,1,0,0,4.99,4.99,0,"USD",2,0,2,0,0,"2 user reviews",2026-09-12 12:54:01.634282,2026-09-13 18:41:28.951254,2026-09-13,2026-09-12,282,"Windows only","$0.01-$4.99",1.79009141212736,0,0,1,0,0,0,1,0,0,0,0,0,0,1,1.79009141212736,-0.212555002889199,-1.21684407506179
1058710,"Monarch : Medieval Remastered",2025-08-11,"2025-08",0,1,0,0,11.99,11.99,0,"USD",365,293,72,0.802739726027397,8,"Very Positive",2026-09-12 12:54:03.802165,2026-09-13 18:41:31.186513,2026-09-13,2026-09-12,398,"Windows only","$10.00-$19.99",2.56417983068251,0,0,0,0,0,0,1,0,1,0,1,0,1,1,2.56417983068251,0.843379102004269,1.01777071916887
1101650,"OutSpaceX_EP1",2025-12-17,"2025-12",0,1,0,0,2.99,2.99,0,"USD",2,1,1,0.5,0,"2 user reviews",2026-09-12 12:54:20.831576,2026-09-13 18:41:33.256661,2026-09-13,2026-09-12,270,"Windows only","$0.01-$4.99",1.38379123090177,1,0,0,1,0,0,1,0,1,1,1,1,0,1,1.38379123090177,-0.766789128987195,-1.44801112274083
1126340,"Raid on Area 51",2025-09-20,"2025-09",0,1,0,0,4.99,4.99,0,"USD",8,7,1,0.875,0,"8 user reviews",2026-09-12 12:54:40.133402,2026-09-13 18:41:49.932872,2026-09-13,2026-09-12,358,"Windows only","$0.01-$4.99",1.79009141212736,0,0,0,0,0,0,1,0,0,0,0,0,0,1,1.79009141212736,-0.212555002889199,0.247213893572087
1141550,"CUCKOLD SIMULATOR: Life as a Beta Male Cuck",2025-11-16,"2025-11",0,1,0,0,4.99,4.99,0,"USD",1682,1568,114,0.932223543400713,8,"Very Positive",2026-09-12 12:54:55.288335,2026-09-13 18:41:52.106182,2026-09-13,2026-09-12,301,"Windows only","$0.01-$4.99",1.79009141212736,1,1,1,0,0,0,1,0,0,0,1,0,0,1,1.79009141212736,-0.212555002889199,-0.850829582903324
1151990,"Slip 'n Slime",2025-08-28,"2025-08",0,1,1,1,9.99,9.99,0,"USD",76,72,4,0.947368421052632,8,"Very Positive",2026-09-12 12:55:01.623675,2026-09-13 18:41:54.164273,2026-09-13,2026-09-12,381,"Windows + macOS + Linux","$5.00-$9.99",2.39698576841553,0,1,1,0,0,0,1,0,0,0,0,0,1,1,2.39698576841553,0.615309661548216,0.690284068290236
1154140,"Pity Please!",2025-09-12,"2025-09",0,1,0,0,12.99,12.99,0,"USD",1,1,0,1,0,"1 user reviews",2026-09-12 12:55:05.729408,2026-09-13 18:41:56.341209,2026-09-13,2026-09-12,366,"Windows only","$10.00-$19.99",2.63834278867739,0,1,1,0,0,0,1,0,1,0,1,0,1,1,2.63834278867739,0.944544801928764,0.401325258691443
1156820,"Strike & Resist",2025-11-20,"2025-11",0,1,0,0,7.99,7.99,0,"USD",36,28,8,0.777777777777778,6,"Mostly Positive",2026-09-12 12:55:09.827172,2026-09-13 18:41:58.379238,2026-09-13,2026-09-12,297,"Windows only","$5.00-$9.99",2.19611284848353,1,0,0,0,0,0,1,0,1,0,0,0,0,1,2.19611284848353,0.341298887298887,-0.927885265463002
1166940,"Dead Static Drive",2025-11-04,"2025-11",0,1,0,0,29.99,29.99,0,"USD",43,16,27,0.372093023255814,4,"Mostly Negative",2026-09-12 13:02:46.938965,2026-09-13 18:42:00.525697,2026-09-13,2026-09-12,313,"Windows only","$20.00-$29.99",3.43366457179966,1,1,0,0,0,0,1,0,0,0,0,0,0,1,3.43366457179966,2.02944334198315,-0.61966253522429
1170570,"The Drifter",2025-07-17,"2025-07",0,1,1,1,19.99,19.99,0,"USD",4712,4596,116,0.975382003395586,9,"Overwhelmingly Positive",2026-09-12 13:02:51.238642,2026-09-13 18:42:02.686365,2026-09-13,2026-09-12,423,"Windows + macOS + Linux","$10.00-$19.99",3.04404613383254,0,1,0,0,0,0,1,0,0,0,0,0,0,1,3.04404613383254,1.49796478387127,1.49936873516685
1191050,"MotoTrials",2025-10-10,"2025-10",0,1,0,0,9.99,9.99,0,"USD",5,5,0,1,0,"5 user reviews",2026-09-12 13:02:59.690405,2026-09-13 18:42:04.895831,2026-09-13,2026-09-12,338,"Windows only","$5.00-$9.99",2.39698576841553,1,1,0,0,0,0,1,0,0,1,0,0,0,1,2.39698576841553,0.615309661548216,-0.138064519226302
1194040,"東１局５３本場",2025-07-25,"2025-07",0,1,0,0,6.99,6.99,0,"USD",4,4,0,1,0,"4 user reviews",2026-09-12 13:03:01.68647,2026-09-13 18:42:07.010519,2026-09-13,2026-09-12,415,"Windows only","$5.00-$9.99",2.07819075977818,0,0,1,0,0,0,1,0,0,0,0,0,0,1,2.07819075977818,0.18044135190692,1.3452573700475
1201700,"Warnament",2025-08-07,"2025-08",0,1,1,1,12.99,9.35,28,"USD",477,403,74,0.844863731656184,8,"Very Positive",2026-09-12 13:03:10.282551,2026-09-13 18:42:09.105497,2026-09-13,2026-09-12,402,"Windows + macOS + Linux","$5.00-$9.99",2.33698651971138,0,0,0,0,0,0,1,0,0,0,1,0,1,1,2.33698651971138,0.533464679171457,1.09482640172854
1239360,"Genokids",2025-10-02,"2025-10",0,1,1,1,19.99,16.99,15,"USD",218,215,3,0.986238532110092,8,"Very Positive",2026-09-12 13:03:25.355242,2026-09-13 18:42:11.305561,2026-09-13,2026-09-12,346,"Windows + macOS + Linux","$10.00-$19.99",2.88981604796244,1,1,0,1,0,0,1,0,0,0,0,0,0,1,2.88981604796244,1.28757950517809,0.0160468458930535
1264970,"The Conquest of Go",2025-12-10,"2025-12",0,1,1,0,14.99,10.49,30,"USD",576,546,30,0.947916666666667,8,"Very Positive",2026-09-12 13:03:31.693539,2026-09-13 18:42:13.325609,2026-09-13,2026-09-12,277,"Windows + macOS","$10.00-$19.99",2.44147709186066,0,0,0,0,0,0,1,0,0,0,0,0,1,1,2.44147709186066,0.676000281213153,-1.31316367826139
1273640,"Bring You Home",2025-07-17,"2025-07",0,1,1,0,6.99,6.99,0,"USD",206,198,8,0.961165048543689,8,"Very Positive",2026-09-12 13:03:42.449771,2026-09-13 18:42:15.358847,2026-09-13,2026-09-12,423,"Windows + macOS","$5.00-$9.99",2.07819075977818,0,1,1,0,0,0,1,0,0,0,0,0,0,1,2.07819075977818,0.18044135190692,1.49936873516685
1274700,"You Alone Can Defeat Evil",2025-09-25,"2025-09",0,1,1,0,2.99,1.49,50,"USD",5,5,0,1,0,"5 user reviews",2026-09-12 13:03:44.481112,2026-09-13 18:42:17.391908,2026-09-13,2026-09-12,353,"Windows + macOS","$0.01-$4.99",0.912282710476616,1,0,0,1,0,0,1,0,0,0,0,0,0,1,0.912282710476616,-1.40997395843353,0.15089429037249
1275550,"Arctic Awakening",2025-09-18,"2025-09",0,1,1,0,24.99,24.99,0,"USD",326,274,52,0.840490797546012,8,"Very Positive",2026-09-12 13:03:46.499484,2026-09-13 18:42:19.410762,2026-09-13,2026-09-12,360,"Windows + macOS","$20.00-$29.99",3.2577118486534,0,1,0,0,0,0,1,0,0,0,0,0,0,1,3.2577118486534,1.78942621116778,0.285741734851926
1283360,"Geki Yaba Runner",2025-12-04,"2025-12",0,1,0,0,4.99,1.99,60,"USD",6,4,2,0.666666666666667,0,"6 user reviews",2026-09-12 13:03:55.158337,2026-09-13 18:42:21.53963,2026-09-13,2026-09-12,283,"Windows only","$0.01-$4.99",1.0952733874026,1,0,0,0,0,0,1,0,0,0,0,0,0,1,1.0952733874026,-1.16035635402041,-1.19758015442187
1292460,"Adventure of Samsara",2025-09-04,"2025-09",0,1,1,1,19.99,19.99,0,"USD",66,59,7,0.893939393939394,8,"Very Positive",2026-09-12 13:04:03.58032,2026-09-13 18:42:23.579616,2026-09-13,2026-09-12,374,"Windows + macOS + Linux","$10.00-$19.99",3.04404613383254,1,1,0,0,0,0,1,0,1,0,0,0,0,1,3.04404613383254,1.49796478387127,0.555436623810799
1295870,"Next Run",2025-11-06,"2025-11",0,1,1,1,9.99,9.99,0,"USD",63,47,16,0.746031746031746,6,"Mostly Positive",2026-09-12 13:04:07.891584,2026-09-13 18:42:25.759494,2026-09-13,2026-09-12,311,"Windows + macOS + Linux","$5.00-$9.99",2.39698576841553,0,0,0,0,0,0,0,0,1,0,0,0,1,1,2.39698576841553,0.615309661548216,-0.658190376504129
1296660,"Wartorn",2025-11-11,"2025-11",0,1,0,0,34.99,34.99,0,"USD",130,95,35,0.730769230769231,6,"Mostly Positive",2026-09-12 13:04:10.048978,2026-09-13 18:42:27.95037,2026-09-13,2026-09-12,306,"Windows only","$30.00+",3.58324112209094,1,1,0,0,0,0,1,0,0,0,0,0,1,1,3.58324112209094,2.23348073223332,-0.754509979703726
1298430,"Warsong",2025-10-23,"2025-10",0,1,1,0,14.99,14.99,0,"USD",10,7,3,0.7,6,"Mostly Positive",2026-09-12 13:04:12.169418,2026-09-13 18:42:30.143342,2026-09-13,2026-09-12,325,"Windows + macOS","$10.00-$19.99",2.77196352684586,0,0,0,1,0,0,1,0,1,0,0,0,1,1,2.77196352684586,1.12681686694233,-0.388495487545256
1308940,"Misc. A Tiny Tale",2025-07-31,"2025-07",0,1,0,0,19.99,19.99,0,"USD",112,111,1,0.991071428571429,8,"Very Positive",2026-09-12 13:04:20.526186,2026-09-13 18:42:32.176607,2026-09-13,2026-09-12,409,"Windows only","$10.00-$19.99",3.04404613383254,0,1,1,0,0,0,1,0,0,0,0,0,0,1,3.04404613383254,1.49796478387127,1.22967384620798
1329030,"Puzzle - LINES AND KNOTS 3",2025-11-11,"2025-11",0,1,1,1,9.99,9.99,0,"USD",13,12,1,0.923076923076923,7,"Positive",2026-09-12 13:04:33.350453,2026-09-13 18:42:34.29175,2026-09-13,2026-09-12,306,"Windows + macOS + Linux","$5.00-$9.99",2.39698576841553,0,0,1,0,0,0,1,0,0,0,0,0,0,1,2.39698576841553,0.615309661548216,-0.754509979703726
1330360,"Fata Deum - The God Sim",2025-09-15,"2025-09",0,1,0,0,29.99,29.99,0,"USD",409,242,167,0.591687041564792,5,"Mixed",2026-09-12 13:04:35.572122,2026-09-13 18:42:36.546062,2026-09-13,2026-09-12,363,"Windows only","$20.00-$29.99",3.43366457179966,0,0,0,1,0,0,0,0,1,0,1,0,1,1,3.43366457179966,2.02944334198315,0.343533496771685
1342490,"Daemon X Machina: Titanic Scion",2025-09-05,"2025-09",0,1,0,0,69.99,27.99,60,"USD",1831,1158,673,0.632441288913162,5,"Mixed",2026-09-12 13:04:48.348727,2026-09-13 18:42:38.785361,2026-09-13,2026-09-12,373,"Windows only","$20.00-$29.99",3.36695094293356,1,0,0,0,0,0,0,0,0,0,0,0,0,1,3.36695094293356,1.93843927281958,0.53617270317088
1342690,"Radiolight",2025-10-23,"2025-10",0,1,0,0,14.99,14.99,0,"USD",413,374,39,0.905569007263923,8,"Very Positive",2026-09-12 13:04:50.476522,2026-09-13 18:42:40.918563,2026-09-13,2026-09-12,325,"Windows only","$10.00-$19.99",2.77196352684586,0,1,0,0,0,0,1,0,0,0,0,0,0,1,2.77196352684586,1.12681686694233,-0.388495487545256
1344550,"Warspace 2",2025-07-14,"2025-07",0,1,1,1,17.99,17.99,0,"USD",83,49,34,0.590361445783133,5,"Mixed",2026-09-12 13:04:54.645485,2026-09-13 18:42:43.106642,2026-09-13,2026-09-12,426,"Windows + macOS + Linux","$10.00-$19.99",2.94391252482419,1,0,0,0,0,0,1,0,1,0,0,0,0,1,2.94391252482419,1.36137251577438,1.55716049708661
1380990,"Hyper Team Recon",2025-09-23,"2025-09",0,1,0,0,19.99,19.99,0,"USD",74,74,0,1,8,"Very Positive",2026-09-12 13:05:13.841954,2026-09-13 18:42:45.127632,2026-09-13,2026-09-12,355,"Windows only","$10.00-$19.99",3.04404613383254,1,1,0,0,0,0,1,0,0,0,0,0,0,1,3.04404613383254,1.49796478387127,0.189422131652329
1386750,"Spindle",2025-10-13,"2025-10",0,1,1,1,19.99,19.99,0,"USD",311,296,15,0.951768488745981,8,"Very Positive",2026-09-12 13:05:18.076872,2026-09-13 18:42:47.305959,2026-09-13,2026-09-12,335,"Windows + macOS + Linux","$10.00-$19.99",3.04404613383254,1,1,0,0,0,0,1,0,1,0,0,0,0,1,3.04404613383254,1.49796478387127,-0.195856281146061
1395520,"The Séance of Blake Manor",2025-10-27,"2025-10",0,1,0,1,19.99,19.99,0,"USD",3644,3466,178,0.951152579582876,9,"Overwhelmingly Positive",2026-09-12 13:05:24.631734,2026-09-13 18:42:49.420531,2026-09-13,2026-09-12,321,"Windows + Linux","$10.00-$19.99",3.04404613383254,0,1,0,0,0,0,0,0,0,0,0,0,0,1,3.04404613383254,1.49796478387127,-0.465551170104934
1408090,"The Office Type",2025-07-24,"2025-07",0,1,1,0,19.99,19.99,0,"USD",11,3,8,0.272727272727273,4,"Mostly Negative",2026-09-12 13:05:33.179262,2026-09-13 18:42:51.546231,2026-09-13,2026-09-12,416,"Windows + macOS","$10.00-$19.99",3.04404613383254,0,0,1,0,0,0,1,0,0,0,1,0,0,1,3.04404613383254,1.49796478387127,1.36452129068742
1408730,"KindFolx",2025-07-15,"2025-07",0,1,1,0,14.99,14.99,0,"USD",5,4,1,0.8,0,"5 user reviews",2026-09-12 13:05:35.277112,2026-09-13 18:42:53.741406,2026-09-13,2026-09-12,425,"Windows + macOS","$10.00-$19.99",2.77196352684586,1,1,0,0,0,0,1,0,0,0,0,0,0,1,2.77196352684586,1.12681686694233,1.53789657644669
1410450,"Ten Deadly Games: Jamsepticeye",2025-11-20,"2025-11",1,1,0,0,,,,,0,0,0,,0,"No user reviews",2026-09-12 13:05:39.638208,2026-09-13 18:42:55.778757,2026-09-13,2026-09-12,297,"Windows only","Free",,1,1,0,0,1,0,0,0,0,0,0,0,0,0,,0,-0.927885265463002
1421250,"Tiny Bunny",2025-12-05,"2025-12",0,1,1,0,10.99,10.99,0,"USD",27145,22663,4482,0.834886719469516,8,"Very Positive",2026-09-12 13:05:52.733139,2026-09-13 18:42:58.029838,2026-09-13,2026-09-12,282,"Windows + macOS","$10.00-$19.99",2.48407296903942,0,1,0,0,0,0,1,0,0,0,0,0,0,1,2.48407296903942,0.734105322398058,-1.21684407506179
1423630,"Holiday Harry",2025-12-23,"2025-12",0,1,1,0,7.99,7.99,0,"USD",4,3,1,0.75,0,"4 user reviews",2026-09-12 13:05:57.215743,2026-09-13 18:43:00.091744,2026-09-13,2026-09-12,264,"Windows + macOS","$5.00-$9.99",2.19611284848353,1,1,1,0,0,0,1,0,1,0,1,1,1,1,2.19611284848353,0.341298887298887,-1.56359464658034
1425980,"Stone Simulator – Just Be a Rock",2025-08-19,"2025-08",0,1,0,0,3.99,3.99,0,"USD",1524,1447,77,0.949475065616798,8,"Very Positive",2026-09-12 13:05:59.242643,2026-09-13 18:43:02.205414,2026-09-13,2026-09-12,390,"Windows only","$0.01-$4.99",1.60743590976343,0,1,1,0,0,0,1,1,0,0,1,0,0,1,1.60743590976343,-0.461715395641907,0.863659354049511
1427070,"Mascot Mayhem",2025-07-16,"2025-07",0,1,0,0,7.99,7.99,0,"USD",3,3,0,1,0,"3 user reviews",2026-09-12 13:06:01.312634,2026-09-13 18:43:04.282373,2026-09-13,2026-09-12,424,"Windows only","$5.00-$9.99",2.19611284848353,1,0,1,1,0,0,1,0,0,0,0,0,0,1,2.19611284848353,0.341298887298887,1.51863265580677
1447820,"The Girl from Arkanya",2025-08-21,"2025-08",0,1,0,1,19.99,19.99,0,"USD",152,141,11,0.927631578947368,8,"Very Positive",2026-09-12 13:06:37.250236,2026-09-13 18:43:06.302181,2026-09-13,2026-09-12,388,"Windows + Linux","$10.00-$19.99",3.04404613383254,1,1,0,0,0,0,1,0,1,0,0,0,0,1,3.04404613383254,1.49796478387127,0.825131512769672
1449110,"The Outer Worlds 2",2025-10-29,"2025-10",0,1,0,0,69.99,69.99,0,"USD",8398,6147,2251,0.731959990473922,6,"Mostly Positive",2026-09-12 13:06:39.439199,2026-09-13 18:43:08.470076,2026-09-13,2026-09-12,319,"Windows only","$30.00+",4.26253902205129,1,1,0,0,0,0,0,0,1,0,0,0,0,1,4.26253902205129,3.16011107930594,-0.504079011384773
1456570,"PixelJunk<U+2122> Eden 2",2025-10-09,"2025-10",0,1,0,0,14.99,14.99,0,"USD",23,18,5,0.782608695652174,6,"Mostly Positive",2026-09-12 13:06:45.596443,2026-09-13 18:43:10.706948,2026-09-13,2026-09-12,339,"Windows only","$10.00-$19.99",2.77196352684586,0,1,1,0,0,0,1,0,0,0,0,0,0,1,2.77196352684586,1.12681686694233,-0.118800598586383
1471650,"The Knightling",2025-08-28,"2025-08",0,1,0,0,29.99,29.99,0,"USD",489,426,63,0.871165644171779,8,"Very Positive",2026-09-12 13:06:49.847148,2026-09-13 18:43:12.960742,2026-09-13,2026-09-12,381,"Windows only","$20.00-$29.99",3.43366457179966,1,1,0,0,0,0,1,0,0,0,0,0,0,1,3.43366457179966,2.02944334198315,0.690284068290236
1476400,"Northwind",2025-09-22,"2025-09",0,1,0,0,19.99,19.99,0,"USD",60,48,12,0.8,8,"Very Positive",2026-09-12 13:06:54.076073,2026-09-13 18:43:15.066023,2026-09-13,2026-09-12,356,"Windows only","$10.00-$19.99",3.04404613383254,0,0,0,1,0,0,1,0,0,0,0,0,1,1,3.04404613383254,1.49796478387127,0.208686052292248
1509970,"Celestial Empire: Prologue",2025-09-10,"2025-09",1,1,0,0,,,,,0,0,0,,0,"No user reviews",2026-09-12 13:07:21.420622,2026-09-13 18:43:17.068672,2026-09-13,2026-09-12,368,"Windows only","Free",,0,0,0,0,0,0,1,0,0,0,1,0,1,0,,0,0.439853099971282
1517560,"Droplet: States of Matter",2025-09-30,"2025-09",0,1,0,0,9.99,9.99,0,"USD",15,15,0,1,7,"Positive",2026-09-12 13:07:25.636538,2026-09-13 18:43:19.123413,2026-09-13,2026-09-12,348,"Windows only","$5.00-$9.99",2.39698576841553,1,1,0,0,0,0,1,0,0,0,0,0,0,1,2.39698576841553,0.615309661548216,0.0545746871728924
1533140,"Prison Miner",2025-10-01,"2025-10",0,1,0,0,4.99,4.99,0,"USD",5,4,1,0.8,0,"5 user reviews",2026-09-12 13:07:38.498344,2026-09-13 18:43:21.34296,2026-09-13,2026-09-12,347,"Windows only","$0.01-$4.99",1.79009141212736,0,0,1,0,0,0,0,0,0,0,1,0,0,1,1.79009141212736,-0.212555002889199,0.0353107665329729
1538550,"LEGO<U+00AE> Voyagers",2025-09-15,"2025-09",0,1,0,0,24.99,24.99,0,"USD",1848,1637,211,0.885822510822511,8,"Very Positive",2026-09-12 13:07:42.698672,2026-09-13 18:43:23.509372,2026-09-13,2026-09-12,363,"Windows only","$20.00-$29.99",3.2577118486534,0,1,1,0,0,0,0,0,0,0,0,0,0,1,3.2577118486534,1.78942621116778,0.343533496771685
1541370,"Ultimate Theater Simulator",2025-10-29,"2025-10",0,1,1,0,12.99,12.99,0,"USD",627,553,74,0.881977671451356,8,"Very Positive",2026-09-12 13:07:44.952874,2026-09-13 18:43:25.68573,2026-09-13,2026-09-12,319,"Windows + macOS","$10.00-$19.99",2.63834278867739,0,0,0,0,0,0,0,0,0,0,1,0,0,1,2.63834278867739,0.944544801928764,-0.504079011384773
1548180,"Worship",2025-07-16,"2025-07",0,1,0,0,19.99,19.99,0,"USD",197,153,44,0.776649746192893,6,"Mostly Positive",2026-09-12 13:07:57.461322,2026-09-13 18:43:27.898313,2026-09-13,2026-09-12,424,"Windows only","$10.00-$19.99",3.04404613383254,1,1,0,1,0,0,1,0,0,0,0,0,1,1,3.04404613383254,1.49796478387127,1.51863265580677
1556010,"DriveCrazy",2025-12-10,"2025-12",0,1,0,0,10.99,10.99,0,"USD",73,69,4,0.945205479452055,8,"Very Positive",2026-09-12 13:08:01.787315,2026-09-13 18:43:29.939784,2026-09-13,2026-09-12,277,"Windows only","$10.00-$19.99",2.48407296903942,1,0,0,0,0,0,0,0,0,1,0,1,0,1,2.48407296903942,0.734105322398058,-1.31316367826139
1558800,"Forgot",2025-12-05,"2025-12",0,1,0,0,3.99,3.99,0,"USD",102,94,8,0.92156862745098,8,"Very Positive",2026-09-12 13:08:05.996522,2026-09-13 18:43:31.975018,2026-09-13,2026-09-12,282,"Windows only","$0.01-$4.99",1.60743590976343,0,0,1,0,0,0,1,0,0,0,0,0,0,1,1.60743590976343,-0.461715395641907,-1.21684407506179
1560160,"ILA: A Frosty Glide",2025-10-20,"2025-10",0,1,0,0,14.99,14.99,0,"USD",75,72,3,0.96,8,"Very Positive",2026-09-12 13:08:10.135717,2026-09-13 18:43:34.119674,2026-09-13,2026-09-12,328,"Windows only","$10.00-$19.99",2.77196352684586,1,1,1,0,0,0,1,0,1,0,0,0,0,1,2.77196352684586,1.12681686694233,-0.330703725625497
1567530,"Vlad Circus: Curse of Asmodeus",2025-08-25,"2025-08",0,1,0,0,19.99,19.99,0,"USD",19,17,2,0.894736842105263,7,"Positive",2026-09-12 13:08:14.427232,2026-09-13 18:43:36.362069,2026-09-13,2026-09-12,384,"Windows only","$10.00-$19.99",3.04404613383254,0,1,0,0,0,0,1,0,0,0,0,0,0,1,3.04404613383254,1.49796478387127,0.748075830209994
1574570,"Choice of Life: Samosbor",2025-11-06,"2025-11",0,1,1,1,4.99,4.99,0,"USD",236,207,29,0.877118644067797,8,"Very Positive",2026-09-12 13:08:22.716514,2026-09-13 18:43:38.362159,2026-09-13,2026-09-12,311,"Windows + macOS + Linux","$0.01-$4.99",1.79009141212736,0,1,1,0,0,0,1,0,1,0,1,0,0,1,1.79009141212736,-0.212555002889199,-0.658190376504129
1575810,"Wander Stars",2025-09-19,"2025-09",0,1,0,0,24.99,24.99,0,"USD",147,136,11,0.925170068027211,8,"Very Positive",2026-09-12 13:08:26.946226,2026-09-13 18:43:40.39432,2026-09-13,2026-09-12,359,"Windows only","$20.00-$29.99",3.2577118486534,0,1,0,0,0,0,1,0,1,0,0,0,0,1,3.2577118486534,1.78942621116778,0.266477814212007
1581370,"Into the Evernight",2025-09-16,"2025-09",1,1,0,0,,,,,0,0,0,,0,"No user reviews",2026-09-12 13:08:35.284867,2026-09-13 18:43:42.445471,2026-09-13,2026-09-12,362,"Windows only","Free",,0,0,0,0,1,0,1,0,1,0,0,0,1,0,,0,0.324269576131765
1583540,"Meco Rocket Simulator",2025-07-14,"2025-07",0,1,1,0,49.69,49.69,0,"USD",15,12,3,0.8,7,"Positive",2026-09-12 13:08:41.783533,2026-09-13 18:43:44.617065,2026-09-13,2026-09-12,426,"Windows + macOS","$30.00+",3.92572865248426,0,0,0,1,0,0,1,0,0,0,1,0,0,1,3.92572865248426,2.70066801365275,1.55716049708661
1594040,"Wreckreation",2025-10-28,"2025-10",0,1,0,0,39.99,39.99,0,"USD",359,229,130,0.637883008356546,5,"Mixed",2026-09-12 13:08:52.470933,2026-09-13 18:43:46.73242,2026-09-13,2026-09-12,320,"Windows only","$30.00+",3.71332813451625,1,0,0,0,0,0,0,0,0,1,0,0,0,1,3.71332813451625,2.41093244153544,-0.484815090744853
1599420,"Rusty Rangers",2025-07-31,"2025-07",0,1,0,0,14.99,14.99,0,"USD",27,24,3,0.888888888888889,7,"Positive",2026-09-12 13:09:02.991863,2026-09-13 18:43:48.781392,2026-09-13,2026-09-12,409,"Windows only","$10.00-$19.99",2.77196352684586,1,1,0,0,0,0,1,0,0,0,0,0,0,1,2.77196352684586,1.12681686694233,1.22967384620798
1605250,"Moros Protocol",2025-09-18,"2025-09",0,1,0,0,24.99,24.99,0,"USD",725,588,137,0.811034482758621,8,"Very Positive",2026-09-12 13:09:07.149975,2026-09-13 18:43:50.910511,2026-09-13,2026-09-12,360,"Windows only","$20.00-$29.99",3.2577118486534,1,0,0,0,0,0,1,0,0,0,0,0,1,1,3.2577118486534,1.78942621116778,0.285741734851926
1620730,"Hell is Us",2025-09-04,"2025-09",0,1,0,0,49.99,49.99,0,"USD",4254,3564,690,0.837799717912553,8,"Very Positive",2026-09-12 13:09:20.308061,2026-09-13 18:43:53.104656,2026-09-13,2026-09-12,374,"Windows only","$30.00+",3.93162953506706,1,1,0,0,0,0,0,0,0,0,0,0,0,1,3.93162953506706,2.70871740829398,0.555436623810799
1622630,"Otherskin",2025-09-02,"2025-09",0,1,0,0,29.99,29.99,0,"USD",63,44,19,0.698412698412698,5,"Mixed",2026-09-12 13:09:22.44881,2026-09-13 18:43:55.137363,2026-09-13,2026-09-12,376,"Windows only","$20.00-$29.99",3.43366457179966,1,1,0,0,0,0,0,0,0,0,0,0,0,1,3.43366457179966,2.02944334198315,0.593964465090638
1623120,"Chaos on Wheels",2025-08-09,"2025-08",0,1,0,0,9.99,4.99,50,"USD",34,23,11,0.676470588235294,5,"Mixed",2026-09-12 13:09:24.605739,2026-09-13 18:43:57.268512,2026-09-13,2026-09-12,400,"Windows only","$0.01-$4.99",1.79009141212736,1,0,0,0,0,0,0,0,0,1,0,0,0,1,1.79009141212736,-0.212555002889199,1.05629856044871
1633070,"Pulsar 174",2025-09-21,"2025-09",0,1,0,0,3.99,3.99,0,"USD",0,0,0,,0,"No user reviews",2026-09-12 13:09:35.326314,2026-09-13 18:43:59.284718,2026-09-13,2026-09-12,357,"Windows only","$0.01-$4.99",1.60743590976343,1,1,1,1,0,0,1,0,0,0,0,0,0,0,1.60743590976343,-0.461715395641907,0.227949972932168
1639710,"SquareMan-Boy",2025-08-01,"2025-08",0,1,1,1,4.99,4.99,0,"USD",6,6,0,1,0,"6 user reviews",2026-09-12 13:09:43.678053,2026-09-13 18:44:01.291076,2026-09-13,2026-09-12,408,"Windows + macOS + Linux","$0.01-$4.99",1.79009141212736,1,0,0,0,0,0,1,0,0,0,0,0,0,1,1.79009141212736,-0.212555002889199,1.21040992556806
1644700,"Magic Boy",2025-11-27,"2025-11",0,1,0,0,2.99,2.99,0,"USD",5,4,1,0.8,0,"5 user reviews",2026-09-12 13:09:48.000283,2026-09-13 18:44:03.421862,2026-09-13,2026-09-12,290,"Windows only","$0.01-$4.99",1.38379123090177,1,1,0,0,0,0,0,0,0,0,0,0,0,1,1.38379123090177,-0.766789128987195,-1.06273270994244
1645630,"FEROCIOUS",2025-12-04,"2025-12",0,1,0,0,24.99,24.99,0,"USD",737,465,272,0.630936227951153,5,"Mixed",2026-09-12 13:09:52.223874,2026-09-13 18:44:05.64061,2026-09-13,2026-09-12,283,"Windows only","$20.00-$29.99",3.2577118486534,1,1,0,0,0,0,1,0,0,0,0,0,0,1,3.2577118486534,1.78942621116778,-1.19758015442187
1652400,"Developer Daily",2025-12-17,"2025-12",0,1,0,0,9.99,9.99,0,"USD",6,5,1,0.833333333333333,0,"6 user reviews",2026-09-12 13:10:03.101749,2026-09-13 18:44:07.889377,2026-09-13,2026-09-12,270,"Windows only","$5.00-$9.99",2.39698576841553,0,1,1,0,0,0,1,0,0,0,1,0,1,1,2.39698576841553,0.615309661548216,-1.44801112274083
1657630,"Slime Rancher 2",2025-09-23,"2025-09",0,1,0,0,29.99,17.99,40,"USD",43483,41078,2405,0.944691028677874,8,"Very Positive",2026-09-12 13:10:07.248064,2026-09-13 18:44:09.978578,2026-09-13,2026-09-12,355,"Windows only","$10.00-$19.99",2.94391252482419,1,1,1,0,0,0,1,0,0,0,1,0,0,1,2.94391252482419,1.36137251577438,0.189422131652329
1660960,"Windswept",2025-11-11,"2025-11",0,1,0,0,19.99,19.99,0,"USD",466,432,34,0.927038626609442,8,"Very Positive",2026-09-12 13:10:09.418224,2026-09-13 18:44:12.046806,2026-09-13,2026-09-12,306,"Windows only","$10.00-$19.99",3.04404613383254,1,1,0,0,0,0,1,0,0,0,0,0,0,1,3.04404613383254,1.49796478387127,-0.754509979703726
1665260,"Beyond Sunset",2025-09-12,"2025-09",0,1,1,1,9.99,9.99,0,"USD",295,228,67,0.772881355932203,6,"Mostly Positive",2026-09-12 13:10:11.435757,2026-09-13 18:44:14.270311,2026-09-13,2026-09-12,366,"Windows + macOS + Linux","$5.00-$9.99",2.39698576841553,1,1,0,0,0,0,1,0,0,0,0,0,0,1,2.39698576841553,0.615309661548216,0.401325258691443
1670690,"Eternity Egg",2025-12-10,"2025-12",0,1,0,0,19.99,19.99,0,"USD",572,471,101,0.823426573426573,8,"Very Positive",2026-09-12 13:10:15.732543,2026-09-13 18:44:16.387873,2026-09-13,2026-09-12,277,"Windows only","$10.00-$19.99",3.04404613383254,1,1,0,1,0,0,1,0,0,0,0,0,0,1,3.04404613383254,1.49796478387127,-1.31316367826139
1674150,"Gromopoli",2025-10-19,"2025-10",1,1,0,0,,,,,0,0,0,,0,"No user reviews",2026-09-12 13:10:24.286244,2026-09-13 18:44:18.580814,2026-09-13,2026-09-12,329,"Windows only","Free",,0,0,1,0,0,0,0,0,0,0,0,0,1,0,,0,-0.311439804985578
1689390,"Mythrealm",2025-10-27,"2025-10",0,1,0,0,14.99,14.99,0,"USD",32,28,4,0.875,7,"Positive",2026-09-12 13:10:34.940827,2026-09-13 18:44:20.754039,2026-09-13,2026-09-12,321,"Windows only","$10.00-$19.99",2.77196352684586,1,1,0,1,0,0,1,0,1,0,0,0,0,1,2.77196352684586,1.12681686694233,-0.465551170104934
1693040,"Synthwave Burnout",2025-09-19,"2025-09",0,1,0,0,12.99,12.99,0,"USD",1056,787,269,0.745265151515151,6,"Mostly Positive",2026-09-12 13:10:36.968954,2026-09-13 18:44:22.887322,2026-09-13,2026-09-12,359,"Windows only","$10.00-$19.99",2.63834278867739,1,0,0,0,0,0,1,0,0,1,0,1,0,1,2.63834278867739,0.944544801928764,0.266477814212007
1699230,"Hail to the Rainbow",2025-11-27,"2025-11",0,1,0,0,14.99,14.99,0,"USD",2520,2289,231,0.908333333333333,8,"Very Positive",2026-09-12 13:10:38.995351,2026-09-13 18:44:24.897567,2026-09-13,2026-09-12,290,"Windows only","$10.00-$19.99",2.77196352684586,1,1,0,0,0,0,1,0,0,0,0,0,0,1,2.77196352684586,1.12681686694233,-1.06273270994244
1710260,"Catsploration",2025-11-03,"2025-11",0,1,0,1,7.99,7.99,0,"USD",5,5,0,1,0,"5 user reviews",2026-09-12 13:10:43.206928,2026-09-13 18:44:27.016099,2026-09-13,2026-09-12,314,"Windows + Linux","$5.00-$9.99",2.19611284848353,0,1,1,0,0,0,1,0,0,0,0,0,0,1,2.19611284848353,0.341298887298887,-0.60039861458437
1711790,"Knight of the Lions",2025-11-27,"2025-11",0,1,0,0,5.99,5.99,0,"USD",12,10,2,0.833333333333333,7,"Positive",2026-09-12 13:10:47.274114,2026-09-13 18:44:29.155724,2026-09-13,2026-09-12,290,"Windows only","$5.00-$9.99",1.94448055624572,0,0,0,0,0,0,1,0,0,0,0,0,0,1,1.94448055624572,-0.00195275282042951,-1.06273270994244
1714530,"Blood of Mehran",2025-10-06,"2025-10",0,1,0,0,24.99,24.99,0,"USD",60,36,24,0.6,5,"Mixed",2026-09-12 13:10:53.810984,2026-09-13 18:44:31.240196,2026-09-13,2026-09-12,342,"Windows only","$20.00-$29.99",3.2577118486534,1,1,0,0,0,0,0,0,1,0,0,0,0,1,3.2577118486534,1.78942621116778,-0.0610088366666245
1715860,"Fight.EXE",2025-07-31,"2025-07",0,1,0,0,7.99,7.99,0,"USD",10,10,0,1,7,"Positive",2026-09-12 13:10:56.044399,2026-09-13 18:44:33.408462,2026-09-13,2026-09-12,409,"Windows only","$5.00-$9.99",2.19611284848353,1,0,0,0,0,0,1,0,0,0,0,0,0,1,2.19611284848353,0.341298887298887,1.22967384620798
1717400,"Bulb Boy 2: Jar of Despair",2025-10-23,"2025-10",0,1,1,0,14.99,14.99,0,"USD",50,42,8,0.84,8,"Very Positive",2026-09-12 13:11:02.605258,2026-09-13 18:44:35.524954,2026-09-13,2026-09-12,325,"Windows + macOS","$10.00-$19.99",2.77196352684586,0,1,0,0,0,0,1,0,0,0,0,0,0,1,2.77196352684586,1.12681686694233,-0.388495487545256
1718460,"Terminator 2D: NO FATE",2025-12-12,"2025-12",0,1,1,1,29.99,29.99,0,"USD",1441,1214,227,0.842470506592644,8,"Very Positive",2026-09-12 13:11:07.049325,2026-09-13 18:44:37.74535,2026-09-13,2026-09-12,275,"Windows + macOS + Linux","$20.00-$29.99",3.43366457179966,1,0,0,0,0,0,0,0,0,0,0,0,0,1,3.43366457179966,2.02944334198315,-1.35169151954123
1724030,"Eyes of Hellfire",2025-08-27,"2025-08",0,1,1,0,9.99,9.99,0,"USD",153,108,45,0.705882352941177,6,"Mostly Positive",2026-09-12 13:11:17.6726,2026-09-13 18:44:39.798913,2026-09-13,2026-09-12,382,"Windows + macOS","$5.00-$9.99",2.39698576841553,0,0,0,1,0,0,0,0,1,0,0,0,1,1,2.39698576841553,0.615309661548216,0.709547988930155
1727750,"Old Salt",2025-12-05,"2025-12",0,1,0,1,14.99,14.99,0,"USD",2,1,1,0.5,0,"2 user reviews",2026-09-12 13:11:21.820614,2026-09-13 18:44:42.037858,2026-09-13,2026-09-12,282,"Windows + Linux","$10.00-$19.99",2.77196352684586,0,0,0,0,0,0,1,0,0,0,0,0,1,1,2.77196352684586,1.12681686694233,-1.21684407506179
1731000,"Skulker",2025-12-24,"2025-12",0,1,0,0,9.99,9.99,0,"USD",21,17,4,0.80952380952381,7,"Positive",2026-09-12 13:11:30.255702,2026-09-13 18:44:44.096026,2026-09-13,2026-09-12,263,"Windows only","$5.00-$9.99",2.39698576841553,0,0,1,0,0,0,1,0,1,0,0,0,0,1,2.39698576841553,0.615309661548216,-1.58285856722026
1735700,"Back to the Dawn",2025-07-17,"2025-07",0,1,0,0,23.99,23.99,0,"USD",8544,8050,494,0.942181647940075,8,"Very Positive",2026-09-12 13:11:34.394419,2026-09-13 18:44:46.162725,2026-09-13,2026-09-12,423,"Windows only","$20.00-$29.99",3.21847574484686,0,1,0,0,0,0,1,0,1,0,1,0,1,1,3.21847574484686,1.73590423724419,1.49936873516685
1748160,"Warlordocracy",2025-09-03,"2025-09",0,1,0,0,4.99,4.99,0,"USD",27,26,1,0.962962962962963,7,"Positive",2026-09-12 13:11:49.100525,2026-09-13 18:44:48.25057,2026-09-13,2026-09-12,375,"Windows only","$0.01-$4.99",1.79009141212736,1,1,0,0,0,0,1,0,1,0,1,0,1,1,1.79009141212736,-0.212555002889199,0.574700544450719
1752780,"City of Springs",2025-08-18,"2025-08",0,1,1,1,6.99,6.99,0,"USD",38,33,5,0.868421052631579,7,"Positive",2026-09-12 13:11:55.462531,2026-09-13 18:44:50.39617,2026-09-13,2026-09-12,391,"Windows + macOS + Linux","$5.00-$9.99",2.07819075977818,1,1,0,0,0,0,0,0,0,0,0,0,0,1,2.07819075977818,0.18044135190692,0.88292327468943
1757300,"Jump Space",2025-09-19,"2025-09",0,1,0,0,19.99,19.99,0,"USD",10663,9095,1568,0.85294945137391,8,"Very Positive",2026-09-12 13:12:08.574423,2026-09-13 18:44:52.620252,2026-09-13,2026-09-12,359,"Windows only","$10.00-$19.99",3.04404613383254,1,1,0,1,0,0,1,0,0,0,0,0,0,1,3.04404613383254,1.49796478387127,0.266477814212007
1803850,"Lock & Key: A Magical Girl Mystery",2025-09-30,"2025-09",0,1,1,1,14.99,11.24,25,"USD",31,31,0,1,7,"Positive",2026-09-12 13:13:01.555574,2026-09-13 18:44:54.766559,2026-09-13,2026-09-12,348,"Windows + macOS + Linux","$10.00-$19.99",2.50470927708418,0,0,1,0,0,0,0,0,0,0,0,0,0,1,2.50470927708418,0.76225531268498,0.0545746871728924
1805570,"DEMONS",2025-07-21,"2025-07",0,1,0,0,4.99,4.99,0,"USD",42,30,12,0.714285714285714,6,"Mostly Positive",2026-09-12 13:13:03.608695,2026-09-13 18:44:56.850972,2026-09-13,2026-09-12,419,"Windows only","$0.01-$4.99",1.79009141212736,0,0,0,0,0,0,1,0,0,0,0,0,1,1,1.79009141212736,-0.212555002889199,1.42231305260718
1817500,"Abandoned Archive",2025-11-24,"2025-11",0,1,1,1,5.99,5.99,0,"USD",746,698,48,0.935656836461126,8,"Very Positive",2026-09-12 13:13:22.736633,2026-09-13 18:44:59.109404,2026-09-13,2026-09-12,293,"Windows + macOS + Linux","$5.00-$9.99",1.94448055624572,1,0,0,0,0,0,1,0,0,0,0,0,0,1,1.94448055624572,-0.00195275282042951,-1.00494094802268
1820100,"DREAMOUT",2025-10-20,"2025-10",0,1,0,0,9.99,9.99,0,"USD",66,62,4,0.939393939393939,8,"Very Positive",2026-09-12 13:13:24.750261,2026-09-13 18:45:01.247088,2026-09-13,2026-09-12,328,"Windows only","$5.00-$9.99",2.39698576841553,1,1,1,0,0,0,1,0,0,0,0,0,0,1,2.39698576841553,0.615309661548216,-0.330703725625497
1821550,"Snapshot Aquarium",2025-12-15,"2025-12",0,1,0,0,5.99,5.99,0,"USD",7,7,0,1,0,"7 user reviews",2026-09-12 13:13:29.098499,2026-09-13 18:45:03.302283,2026-09-13,2026-09-12,272,"Windows only","$5.00-$9.99",1.94448055624572,1,0,0,1,0,0,0,0,0,0,1,0,0,1,1.94448055624572,-0.00195275282042951,-1.40948328146099
1829920,"Aluna Rift",2025-11-27,"2025-11",0,1,0,0,4.99,4.99,0,"USD",3,3,0,1,0,"3 user reviews",2026-09-12 13:13:37.49705,2026-09-13 18:45:05.376359,2026-09-13,2026-09-12,290,"Windows only","$0.01-$4.99",1.79009141212736,1,0,1,0,0,0,1,0,0,0,0,0,0,1,1.79009141212736,-0.212555002889199,-1.06273270994244
1844460,"Termina",2025-09-17,"2025-09",0,1,0,0,5.99,5.99,0,"USD",6,6,0,1,0,"6 user reviews",2026-09-12 13:13:50.14391,2026-09-13 18:45:07.525711,2026-09-13,2026-09-12,361,"Windows only","$5.00-$9.99",1.94448055624572,1,1,0,0,0,0,1,0,0,0,0,0,0,1,1.94448055624572,-0.00195275282042951,0.305005655491846
1856490,"Arhaekon",2025-07-04,"2025-07",0,1,0,0,14.99,14.99,0,"USD",26,24,2,0.923076923076923,7,"Positive",2026-09-12 13:14:03.001644,2026-09-13 18:45:09.548166,2026-09-13,2026-09-12,436,"Windows only","$10.00-$19.99",2.77196352684586,0,0,0,0,0,0,1,0,1,0,0,0,1,1,2.77196352684586,1.12681686694233,1.74979970348581
1858790,"Bony Odyssey",2025-11-16,"2025-11",0,1,0,0,4.99,4.99,0,"USD",1,1,0,1,0,"1 user reviews",2026-09-12 13:14:09.48647,2026-09-13 18:45:11.767137,2026-09-13,2026-09-12,301,"Windows only","$0.01-$4.99",1.79009141212736,0,1,0,0,0,0,1,0,0,0,0,0,0,1,1.79009141212736,-0.212555002889199,-0.850829582903324
1860290,"Moondrills",2025-07-25,"2025-07",0,1,0,0,4.99,4.99,0,"USD",1,1,0,1,0,"1 user reviews",2026-09-12 13:14:15.636577,2026-09-13 18:45:14.020874,2026-09-13,2026-09-12,415,"Windows only","$0.01-$4.99",1.79009141212736,1,0,0,0,0,0,1,1,0,0,0,0,0,1,1.79009141212736,-0.212555002889199,1.3452573700475
1861410,"IRON GUARD: Salvation",2025-11-20,"2025-11",0,1,0,0,17.99,17.99,0,"USD",43,40,3,0.930232558139535,7,"Positive",2026-09-12 13:14:19.868717,2026-09-13 18:45:16.163261,2026-09-13,2026-09-12,297,"Windows only","$10.00-$19.99",2.94391252482419,1,0,0,0,0,0,0,0,0,0,0,0,1,1,2.94391252482419,1.36137251577438,-0.927885265463002
1864000,"Artis Impact",2025-08-07,"2025-08",0,1,0,0,18.99,18.99,0,"USD",2301,1952,349,0.848326814428509,8,"Very Positive",2026-09-12 13:14:24.213325,2026-09-13 18:45:18.359078,2026-09-13,2026-09-12,402,"Windows only","$10.00-$19.99",2.99523214851231,0,1,1,0,0,0,1,0,1,0,0,0,0,1,2.99523214851231,1.43137762062238,1.09482640172854
1866640,"Kronos",2025-10-18,"2025-10",0,1,0,0,1.99,1.99,0,"USD",1,1,0,1,0,"1 user reviews",2026-09-12 13:14:32.759115,2026-09-13 18:45:20.401747,2026-09-13,2026-09-12,330,"Windows only","$0.01-$4.99",1.0952733874026,1,0,0,0,0,0,1,0,0,0,0,0,0,1,1.0952733874026,-1.16035635402041,-0.292175884345658
1867750,"Balloon Ride",2025-12-10,"2025-12",0,1,0,0,1.99,1.99,0,"USD",0,0,0,,0,"No user reviews",2026-09-12 13:14:37.103224,2026-09-13 18:45:22.638664,2026-09-13,2026-09-12,277,"Windows only","$0.01-$4.99",1.0952733874026,0,0,1,0,0,0,1,0,0,0,0,0,0,0,1.0952733874026,-1.16035635402041,-1.31316367826139
1869290,"Supraworld",2025-08-15,"2025-08",0,1,0,0,29.99,25.49,15,"USD",1466,1345,121,0.917462482946794,8,"Very Positive",2026-09-12 13:14:43.413307,2026-09-13 18:45:24.659962,2026-09-13,2026-09-12,394,"Windows only","$20.00-$29.99",3.27676730328398,1,1,0,1,0,0,1,0,0,0,0,0,0,1,3.27676730328398,1.81541975912221,0.940715036609189
1869780,"UnderMine 2",2025-07-22,"2025-07",0,1,0,0,19.99,19.99,0,"USD",826,623,203,0.754237288135593,6,"Mostly Positive",2026-09-12 13:14:47.741164,2026-09-13 18:45:26.695068,2026-09-13,2026-09-12,418,"Windows only","$10.00-$19.99",3.04404613383254,1,1,0,1,0,0,1,0,1,0,0,0,0,1,3.04404613383254,1.49796478387127,1.40304913196726
1876360,"Hand Cannon: Janky Reality",2025-11-20,"2025-11",0,1,0,0,14.99,14.99,0,"USD",0,0,0,,0,"No user reviews",2026-09-12 13:14:56.211206,2026-09-13 18:45:28.74829,2026-09-13,2026-09-12,297,"Windows only","$10.00-$19.99",2.77196352684586,1,0,0,0,0,0,0,0,0,0,0,0,0,0,2.77196352684586,1.12681686694233,-0.927885265463002
1880620,"Once Upon A KATAMARI",2025-10-23,"2025-10",0,1,0,0,39.99,23.99,40,"USD",1344,1226,118,0.912202380952381,8,"Very Positive",2026-09-12 13:15:00.447433,2026-09-13 18:45:30.845528,2026-09-13,2026-09-12,325,"Windows only","$20.00-$29.99",3.21847574484686,1,0,1,0,0,0,0,0,0,0,0,0,0,1,3.21847574484686,1.73590423724419,-0.388495487545256
1891030,"Dummy Dungeon",2025-12-03,"2025-12",0,1,0,0,6.99,6.99,0,"USD",4,3,1,0.75,0,"4 user reviews",2026-09-12 13:15:11.037208,2026-09-13 18:45:33.022679,2026-09-13,2026-09-12,284,"Windows only","$5.00-$9.99",2.07819075977818,1,0,0,0,0,0,1,0,0,0,0,0,0,1,2.07819075977818,0.18044135190692,-1.17831623378195
1893440,"INTO EVIL",2025-11-07,"2025-11",0,1,1,1,14.99,14.99,0,"USD",104,96,8,0.923076923076923,8,"Very Positive",2026-09-12 13:15:13.079121,2026-09-13 18:45:35.27593,2026-09-13,2026-09-12,310,"Windows + macOS + Linux","$10.00-$19.99",2.77196352684586,1,1,0,1,0,0,1,0,1,0,0,0,0,1,2.77196352684586,1.12681686694233,-0.677454297144048
1909840,"JIANGHU CHRONICLES",2025-11-05,"2025-11",0,1,0,0,17.99,17.99,0,"USD",2047,1441,606,0.703957010258915,6,"Mostly Positive",2026-09-12 13:15:25.726465,2026-09-13 18:45:37.441336,2026-09-13,2026-09-12,312,"Windows only","$10.00-$19.99",2.94391252482419,1,1,0,0,0,0,1,0,0,0,1,0,0,1,2.94391252482419,1.36137251577438,-0.638926455864209
1911200,"Sultan Of Egypt",2025-11-04,"2025-11",0,1,0,0,9.99,9.99,0,"USD",1,0,1,0,0,"1 user reviews",2026-09-12 13:15:32.037323,2026-09-13 18:45:39.468802,2026-09-13,2026-09-12,313,"Windows only","$5.00-$9.99",2.39698576841553,1,1,0,1,0,0,1,0,0,0,1,1,1,1,2.39698576841553,0.615309661548216,-0.61966253522429
1925940,"THE OFFICE ROOMS",2025-10-26,"2025-10",1,1,0,0,,,,,21,21,0,1,7,"Positive",2026-09-12 13:15:48.979797,2026-09-13 18:45:41.554507,2026-09-13,2026-09-12,322,"Windows only","Free",,0,1,0,0,1,0,0,0,0,0,1,0,0,1,,0,-0.446287249465014
1926610,"Nature Game System",2025-11-05,"2025-11",0,1,1,0,19.99,19.99,0,"USD",47,35,12,0.74468085106383,6,"Mostly Positive",2026-09-12 13:15:51.021481,2026-09-13 18:45:43.672858,2026-09-13,2026-09-12,312,"Windows + macOS","$10.00-$19.99",3.04404613383254,0,0,1,0,0,0,1,0,0,0,1,0,1,1,3.04404613383254,1.49796478387127,-0.638926455864209
1929290,"Bits & Bops",2025-12-09,"2025-12",0,1,1,1,15.99,12.79,20,"USD",1787,1638,149,0.916620033575825,8,"Very Positive",2026-09-12 13:15:59.483699,2026-09-13 18:45:45.772062,2026-09-13,2026-09-12,278,"Windows + macOS + Linux","$10.00-$19.99",2.62394369180521,1,0,1,0,0,0,1,0,0,0,0,0,0,1,2.62394369180521,0.92490299215285,-1.29389975762147
1932190,"Outbreak: Shades of Horror",2025-10-24,"2025-10",0,1,0,0,29.99,10.19,66,"USD",9,2,7,0.222222222222222,0,"9 user reviews",2026-09-12 13:16:05.882689,2026-09-13 18:45:47.978861,2026-09-13,2026-09-12,324,"Windows only","$10.00-$19.99",2.41502052232383,1,1,0,1,0,0,0,0,1,0,0,0,0,1,2.41502052232383,0.639910871524569,-0.407759408185175
1935330,"SOPA - Tale of the Stolen Potato",2025-10-06,"2025-10",0,1,0,0,19.99,19.99,0,"USD",13,13,0,1,7,"Positive",2026-09-12 13:16:14.534434,2026-09-13 18:45:50.234726,2026-09-13,2026-09-12,342,"Windows only","$10.00-$19.99",3.04404613383254,0,1,0,0,0,0,1,0,0,0,0,0,0,1,3.04404613383254,1.49796478387127,-0.0610088366666245
1936360,"Escape From Mandrillia: Local Asymmetric VR+PC",2025-09-15,"2025-09",0,1,0,0,12.99,12.99,0,"USD",181,173,8,0.955801104972376,8,"Very Positive",2026-09-12 13:16:16.598184,2026-09-13 18:45:52.408205,2026-09-13,2026-09-12,363,"Windows only","$10.00-$19.99",2.63834278867739,1,0,0,0,0,0,1,0,0,0,0,0,0,1,2.63834278867739,0.944544801928764,0.343533496771685
1940870,"The Creator",2025-10-28,"2025-10",0,1,0,0,6.99,6.99,0,"USD",43,35,8,0.813953488372093,7,"Positive",2026-09-12 13:16:27.13862,2026-09-13 18:45:54.414564,2026-09-13,2026-09-12,320,"Windows only","$5.00-$9.99",2.07819075977818,0,0,1,0,0,0,0,0,0,0,1,0,0,1,2.07819075977818,0.18044135190692,-0.484815090744853
1941370,"Dancin' Divas",2025-11-27,"2025-11",0,1,0,0,14.99,14.99,0,"USD",56,52,4,0.928571428571429,8,"Very Positive",2026-09-12 13:16:29.256459,2026-09-13 18:45:56.519605,2026-09-13,2026-09-12,290,"Windows only","$10.00-$19.99",2.77196352684586,1,0,0,0,0,0,0,0,0,0,0,0,0,1,2.77196352684586,1.12681686694233,-1.06273270994244
1942500,"Retro Golf Mania",2025-12-18,"2025-12",0,1,0,1,6.99,6.99,0,"USD",2,2,0,1,0,"2 user reviews",2026-09-12 13:16:33.523421,2026-09-13 18:45:58.683686,2026-09-13,2026-09-12,269,"Windows + Linux","$5.00-$9.99",2.07819075977818,0,0,1,0,0,0,1,0,0,0,0,1,0,1,2.07819075977818,0.18044135190692,-1.46727504338075
1943950,"Escape the Backrooms",2025-10-23,"2025-10",0,1,0,0,9.99,9.99,0,"USD",136842,123368,13474,0.901536078104676,8,"Very Positive",2026-09-12 13:16:35.660979,2026-09-13 18:46:00.695991,2026-09-13,2026-09-12,325,"Windows only","$5.00-$9.99",2.39698576841553,1,0,0,0,0,0,1,0,0,0,0,0,0,1,2.39698576841553,0.615309661548216,-0.388495487545256
1946930,"公考刷题模拟器-我要上岸",2025-09-28,"2025-09",0,1,0,0,3.99,3.99,0,"USD",18,11,7,0.611111111111111,5,"Mixed",2026-09-12 13:16:40.013569,2026-09-13 18:46:02.715662,2026-09-13,2026-09-12,350,"Windows only","$0.01-$4.99",1.60743590976343,0,1,1,0,0,0,1,0,0,0,0,0,1,1,1.60743590976343,-0.461715395641907,0.0931025284527314
1947160,"CYCLE",2025-10-06,"2025-10",0,1,0,0,12,12,0,"USD",17,17,0,1,7,"Positive",2026-09-12 13:16:42.162464,2026-09-13 18:46:04.746898,2026-09-13,2026-09-12,342,"Windows only","$10.00-$19.99",2.56494935746154,1,1,0,0,0,0,1,0,0,0,0,0,0,1,2.56494935746154,0.844428813576136,-0.0610088366666245
1951060,"Fantasy Zoo",2025-08-12,"2025-08",0,1,0,0,8.99,8.99,0,"USD",17,14,3,0.823529411764706,7,"Positive",2026-09-12 13:16:48.664664,2026-09-13 18:46:06.974431,2026-09-13,2026-09-12,397,"Windows only","$5.00-$9.99",2.30158459266046,0,0,1,0,0,0,1,0,0,0,1,0,0,1,2.30158459266046,0.485172906221557,0.998506798528947
1961590,"Endure: The Middle Age",2025-10-10,"2025-10",1,1,0,0,,,,,0,0,0,,0,"No user reviews",2026-09-12 13:17:09.702066,2026-09-13 18:46:09.211587,2026-09-13,2026-09-12,338,"Windows only","Free",,1,1,0,0,1,0,1,0,0,0,0,0,1,0,,0,-0.138064519226302
1961850,"Toroban",2025-12-01,"2025-12",0,1,1,1,20,20,0,"USD",60,52,8,0.866666666666667,8,"Very Positive",2026-09-12 13:20:11.528016,2026-09-13 18:46:11.454503,2026-09-13,2026-09-12,286,"Windows + macOS + Linux","$20.00-$29.99",3.04452243772342,0,1,0,0,0,0,1,0,0,0,0,0,0,1,3.04452243772342,1.49861451006613,-1.13978839250212
1962020,"Space Tournament",2025-11-14,"2025-11",0,1,0,1,9.99,9.99,0,"USD",5,5,0,1,0,"5 user reviews",2026-09-12 13:20:18.515446,2026-09-13 18:46:13.65232,2026-09-13,2026-09-12,303,"Windows + Linux","$5.00-$9.99",2.39698576841553,1,0,1,0,0,0,1,0,0,1,1,0,0,1,2.39698576841553,0.615309661548216,-0.812301741623485
1963370,"No One Survived",2025-12-27,"2025-12",0,1,0,0,16.99,16.99,0,"USD",6960,4518,2442,0.649137931034483,5,"Mixed",2026-09-12 13:20:22.614424,2026-09-13 18:46:15.846301,2026-09-13,2026-09-12,260,"Windows only","$10.00-$19.99",2.88981604796244,0,1,0,0,0,0,1,0,1,0,0,0,0,1,2.88981604796244,1.28757950517809,-1.64065032914002
1968180,"DIGGERGUN",2025-11-06,"2025-11",0,1,1,1,9.99,4.49,55,"USD",21,20,1,0.952380952380952,7,"Positive",2026-09-12 13:20:29.226581,2026-09-13 18:46:17.94952,2026-09-13,2026-09-12,311,"Windows + macOS + Linux","$0.01-$4.99",1.70292825552144,1,1,0,0,0,0,1,0,0,0,1,0,0,1,1.70292825552144,-0.331454275303262,-0.658190376504129
1968440,"Strange Hunting Grounds",2025-11-15,"2025-11",0,1,0,0,9.99,9.99,0,"USD",1,1,0,1,0,"1 user reviews",2026-09-12 13:20:31.370395,2026-09-13 18:46:20.034213,2026-09-13,2026-09-12,302,"Windows only","$5.00-$9.99",2.39698576841553,1,1,1,1,0,0,1,0,1,0,1,0,0,1,2.39698576841553,0.615309661548216,-0.831565662263404
1976860,"MORSE",2025-11-11,"2025-11",0,1,0,0,13.99,13.99,0,"USD",123,115,8,0.934959349593496,8,"Very Positive",2026-09-12 13:20:40.048024,2026-09-13 18:46:22.278611,2026-09-13,2026-09-12,306,"Windows only","$10.00-$19.99",2.70738331211451,1,0,0,0,1,0,1,0,0,0,0,0,1,1,2.70738331211451,1.03872298825665,-0.754509979703726
1983950,"Pet Desktop Adventure",2025-10-31,"2025-10",0,1,0,0,2.99,2.99,0,"USD",2,2,0,1,0,"2 user reviews",2026-09-12 13:20:52.8267,2026-09-13 18:46:24.498848,2026-09-13,2026-09-12,317,"Windows only","$0.01-$4.99",1.38379123090177,0,1,1,0,0,0,1,0,0,0,0,0,1,1,1.38379123090177,-0.766789128987195,-0.542606852664612
1985300,"SIR ABANDON",2025-10-27,"2025-10",0,1,0,0,9.99,9.99,0,"USD",7,7,0,1,0,"7 user reviews",2026-09-12 13:20:57.118886,2026-09-13 18:46:26.739443,2026-09-13,2026-09-12,321,"Windows only","$5.00-$9.99",2.39698576841553,1,1,0,1,0,0,1,0,1,0,0,0,0,1,2.39698576841553,0.615309661548216,-0.465551170104934
1989960,"AirShooShoo",2025-11-13,"2025-11",0,1,0,1,2.99,2.99,0,"USD",4,4,0,1,0,"4 user reviews",2026-09-12 13:21:05.827976,2026-09-13 18:46:28.751439,2026-09-13,2026-09-12,304,"Windows + Linux","$0.01-$4.99",1.38379123090177,1,0,1,0,1,0,1,0,0,1,0,0,0,1,1.38379123090177,-0.766789128987195,-0.793037820983565
1990780,"FakeGod",2025-07-30,"2025-07",1,1,0,0,,,,,0,0,0,,0,"No user reviews",2026-09-12 13:21:07.838552,2026-09-13 18:46:30.791132,2026-09-13,2026-09-12,410,"Windows only","Free",,0,0,1,0,1,0,1,0,1,0,0,0,0,0,,0,1.2489377668479
1995980,"Desktop Pachinko Idle",2025-09-24,"2025-09",0,1,0,0,1.99,1.99,0,"USD",7,4,3,0.571428571428571,0,"7 user reviews",2026-09-12 13:21:12.088804,2026-09-13 18:46:33.049992,2026-09-13,2026-09-12,354,"Windows only","$0.01-$4.99",1.0952733874026,0,0,1,0,0,0,1,0,0,0,0,0,0,1,1.0952733874026,-1.16035635402041,0.170158211012409
2000780,"Mole Maiden",2025-09-04,"2025-09",0,1,1,0,9.99,9.99,0,"USD",14,13,1,0.928571428571429,7,"Positive",2026-09-12 13:21:18.551737,2026-09-13 18:46:35.152614,2026-09-13,2026-09-12,374,"Windows + macOS","$5.00-$9.99",2.39698576841553,1,1,0,0,0,0,1,0,0,0,0,0,0,1,2.39698576841553,0.615309661548216,0.555436623810799
2000970,"Beacon of Neyda",2025-10-09,"2025-10",0,1,0,1,14.99,11.99,20,"USD",40,35,5,0.875,7,"Positive",2026-09-12 13:21:20.702743,2026-09-13 18:46:37.328344,2026-09-13,2026-09-12,339,"Windows + Linux","$10.00-$19.99",2.56417983068251,1,1,0,0,0,0,1,0,0,0,0,0,1,1,2.56417983068251,0.843379102004269,-0.118800598586383
2012510,"Stormgate",2025-08-05,"2025-08",1,1,0,0,,,,,2103,1161,942,0.55206847360913,5,"Mixed",2026-09-12 13:21:37.694745,2026-09-13 18:46:39.384177,2026-09-13,2026-09-12,404,"Windows only","Free",,1,0,0,0,1,0,0,0,0,0,0,0,1,1,,0,1.13335424300838
2016460,"Tales of the Shire: A The Lord of The Rings<U+2122> Game",2025-07-29,"2025-07",0,1,0,0,34.99,34.99,0,"USD",3235,2633,602,0.813910355486862,8,"Very Positive",2026-09-12 13:21:39.818673,2026-09-13 18:46:41.4996,2026-09-13,2026-09-12,411,"Windows only","$30.00+",3.58324112209094,0,0,1,0,0,0,1,0,1,0,1,0,0,1,3.58324112209094,2.23348073223332,1.26820168748782
2018960,"Neolithic Dawn",2025-12-11,"2025-12",0,1,0,0,19.99,19.99,0,"USD",30,18,12,0.6,5,"Mixed",2026-09-12 13:21:46.162828,2026-09-13 18:46:43.59979,2026-09-13,2026-09-12,276,"Windows only","$10.00-$19.99",3.04404613383254,1,1,0,0,0,0,1,0,1,0,1,0,0,1,3.04404613383254,1.49796478387127,-1.33242759890131
2021390,"Bat to Bed",2025-12-04,"2025-12",0,1,1,0,3.99,3.99,0,"USD",64,53,11,0.828125,8,"Very Positive",2026-09-12 13:21:50.288318,2026-09-13 18:46:45.663707,2026-09-13,2026-09-12,283,"Windows + macOS","$0.01-$4.99",1.60743590976343,1,0,0,1,0,0,1,0,0,0,0,0,0,1,1.60743590976343,-0.461715395641907,-1.19758015442187
2022230,"Yomi 2",2025-08-04,"2025-08",0,1,1,1,19.99,19.99,0,"USD",104,96,8,0.923076923076923,8,"Very Positive",2026-09-12 13:21:52.413344,2026-09-13 18:46:47.888856,2026-09-13,2026-09-12,405,"Windows + macOS + Linux","$10.00-$19.99",3.04404613383254,0,0,0,0,0,0,1,0,0,0,0,0,1,1,3.04404613383254,1.49796478387127,1.1526181636483
2025870,"The Drain",2025-09-19,"2025-09",0,1,1,0,12.99,12.99,0,"USD",17,16,1,0.941176470588235,7,"Positive",2026-09-12 13:21:54.617859,2026-09-13 18:46:50.051349,2026-09-13,2026-09-12,359,"Windows + macOS","$10.00-$19.99",2.63834278867739,1,0,0,1,0,0,1,0,0,0,0,0,0,1,2.63834278867739,0.944544801928764,0.266477814212007
2055400,"Knights Together",2025-11-11,"2025-11",0,1,0,0,1.99,1.99,0,"USD",1,1,0,1,0,"1 user reviews",2026-09-12 13:22:07.501869,2026-09-13 18:46:52.124463,2026-09-13,2026-09-12,306,"Windows only","$0.01-$4.99",1.0952733874026,0,0,1,0,0,0,0,0,0,0,0,0,1,1,1.0952733874026,-1.16035635402041,-0.754509979703726
2058140,"Henry Halfhead",2025-09-16,"2025-09",0,1,0,0,12.99,12.99,0,"USD",177,173,4,0.977401129943503,8,"Very Positive",2026-09-12 13:22:11.878071,2026-09-13 18:46:54.258412,2026-09-13,2026-09-12,362,"Windows only","$10.00-$19.99",2.63834278867739,1,1,1,0,0,0,1,0,0,0,0,0,0,1,2.63834278867739,0.944544801928764,0.324269576131765
2060160,"The Farmer Was Replaced",2025-10-10,"2025-10",0,1,1,0,9.99,7.99,20,"USD",8990,8581,409,0.954505005561735,9,"Overwhelmingly Positive",2026-09-12 13:22:15.962889,2026-09-13 18:46:56.342907,2026-09-13,2026-09-12,338,"Windows + macOS","$5.00-$9.99",2.19611284848353,0,0,1,0,0,0,1,0,0,0,1,0,1,1,2.19611284848353,0.341298887298887,-0.138064519226302
2068630,"Midnight at Grimmi's",2025-08-26,"2025-08",1,1,0,0,,,,,0,0,0,,0,"No user reviews",2026-09-12 13:22:30.747488,2026-09-13 18:46:58.367289,2026-09-13,2026-09-12,383,"Windows only","Free",,1,0,1,1,1,0,1,0,0,0,0,0,1,0,,0,0.728811909570075
2070860,"Esophaguys",2025-08-29,"2025-08",0,1,0,1,9.99,9.99,0,"USD",11,11,0,1,7,"Positive",2026-09-12 13:22:34.967386,2026-09-13 18:47:00.576901,2026-09-13,2026-09-12,380,"Windows + Linux","$5.00-$9.99",2.39698576841553,0,1,1,0,0,0,1,0,0,0,0,0,0,1,2.39698576841553,0.615309661548216,0.671020147650316
2072560,"DRAGON BALL GEKISHIN SQUADRA",2025-09-09,"2025-09",1,1,0,0,,,,,0,0,0,,0,"No user reviews",2026-09-12 13:22:37.150491,2026-09-13 18:47:02.798237,2026-09-13,2026-09-12,369,"Windows only","Free",,1,0,0,0,1,0,0,0,0,0,0,0,0,0,,0,0.459117020611202
2074740,"Particle Hearts",2025-08-25,"2025-08",0,1,1,0,14.99,14.99,0,"USD",20,18,2,0.9,7,"Positive",2026-09-12 13:22:49.874299,2026-09-13 18:47:05.012761,2026-09-13,2026-09-12,384,"Windows + macOS","$10.00-$19.99",2.77196352684586,0,1,1,0,0,0,1,0,1,0,0,0,0,1,2.77196352684586,1.12681686694233,0.748075830209994
2076520,"Death In Abyss",2025-11-28,"2025-11",0,1,0,0,19.99,19.99,0,"USD",146,120,26,0.821917808219178,8,"Very Positive",2026-09-12 13:22:58.291032,2026-09-13 18:47:07.080136,2026-09-13,2026-09-12,289,"Windows only","$10.00-$19.99",3.04404613383254,1,1,0,0,0,0,1,0,0,0,0,0,0,1,3.04404613383254,1.49796478387127,-1.08199663058236
2077750,"RENNSPORT",2025-11-10,"2025-11",0,1,0,0,24.99,24.99,0,"USD",86,44,42,0.511627906976744,5,"Mixed",2026-09-12 13:23:00.534665,2026-09-13 18:47:09.144756,2026-09-13,2026-09-12,307,"Windows only","$20.00-$29.99",3.2577118486534,0,0,0,0,0,0,0,0,0,1,1,1,0,1,3.2577118486534,1.78942621116778,-0.735246059063807
2081880,"Kathana",2025-08-08,"2025-08",1,1,1,1,,,,,0,0,0,,0,"No user reviews",2026-09-12 13:23:02.677305,2026-09-13 18:47:11.154398,2026-09-13,2026-09-12,401,"Windows + macOS + Linux","Free",,0,0,0,1,0,0,0,1,1,0,0,0,0,0,,0,1.07556248108863
2085620,"Second Sun",2025-11-05,"2025-11",0,1,0,0,19.99,11.99,40,"USD",115,80,35,0.695652173913043,5,"Mixed",2026-09-12 13:23:09.079226,2026-09-13 18:47:13.25068,2026-09-13,2026-09-12,312,"Windows only","$10.00-$19.99",2.56417983068251,1,1,0,0,0,0,1,0,1,0,0,0,0,1,2.56417983068251,0.843379102004269,-0.638926455864209
2092170,"By Grit Alone",2025-10-24,"2025-10",0,1,0,0,11.99,11.99,0,"USD",6,6,0,1,0,"6 user reviews",2026-09-13 05:48:54.481564,2026-09-13 18:47:15.341668,2026-09-13,2026-09-13,324,"Windows only","$10.00-$19.99",2.56417983068251,1,0,0,0,0,0,1,0,0,0,0,0,0,1,2.56417983068251,0.843379102004269,-0.407759408185175
2094910,"Pile Up!",2025-07-23,"2025-07",0,1,0,0,9.99,9.99,0,"USD",959,711,248,0.741397288842544,6,"Mostly Positive",2026-09-12 13:29:30.867943,2026-09-13 18:47:17.519564,2026-09-13,2026-09-12,417,"Windows only","$5.00-$9.99",2.39698576841553,0,0,1,0,0,0,1,0,0,0,0,0,1,1,2.39698576841553,0.615309661548216,1.38378521132734
2099220,"Mobmania",2025-07-11,"2025-07",0,1,0,0,4.99,4.99,0,"USD",369,319,50,0.86449864498645,8,"Very Positive",2026-09-12 13:29:40.030808,2026-09-13 18:47:19.761575,2026-09-13,2026-09-12,429,"Windows only","$0.01-$4.99",1.79009141212736,1,0,1,0,0,0,1,0,0,0,0,0,1,1,1.79009141212736,-0.212555002889199,1.61495225900637
2105620,"Sektori",2025-11-18,"2025-11",0,1,0,0,14.99,14.99,0,"USD",894,860,34,0.961968680089485,9,"Overwhelmingly Positive",2026-09-12 13:29:55.008324,2026-09-13 18:47:21.971329,2026-09-13,2026-09-12,299,"Windows only","$10.00-$19.99",2.77196352684586,1,0,0,0,0,0,0,0,0,0,0,0,0,1,2.77196352684586,1.12681686694233,-0.889357424183163
2112750,"Toziuha Night: Order of the Alchemists",2025-10-27,"2025-10",0,1,0,1,18.99,18.99,0,"USD",137,109,28,0.795620437956204,6,"Mostly Positive",2026-09-12 13:30:03.491782,2026-09-13 18:47:24.05893,2026-09-13,2026-09-12,321,"Windows + Linux","$10.00-$19.99",2.99523214851231,1,1,0,0,0,0,1,0,0,0,0,0,0,1,2.99523214851231,1.43137762062238,-0.465551170104934
2115390,"Project Unknown",2025-10-10,"2025-10",0,1,0,0,9.99,9.99,0,"USD",775,634,141,0.818064516129032,8,"Very Positive",2026-09-12 13:30:14.142339,2026-09-13 18:47:26.243681,2026-09-13,2026-09-12,338,"Windows only","$5.00-$9.99",2.39698576841553,1,1,0,0,0,0,1,0,0,0,0,0,0,1,2.39698576841553,0.615309661548216,-0.138064519226302
2115490,"High School Dirty Secrets",2025-11-06,"2025-11",0,1,0,0,12.99,9.09,30,"USD",37,36,1,0.972972972972973,7,"Positive",2026-09-12 13:30:16.325118,2026-09-13 18:47:28.450484,2026-09-13,2026-09-12,311,"Windows only","$5.00-$9.99",2.31154483436552,1,1,0,0,0,0,1,0,0,0,0,0,0,1,2.31154483436552,0.498759673129892,-0.658190376504129
2117370,"Mad World Survivors",2025-12-02,"2025-12",0,1,0,0,1.99,1.99,0,"USD",17,11,6,0.647058823529412,5,"Mixed",2026-09-12 13:30:20.637833,2026-09-13 18:47:30.68551,2026-09-13,2026-09-12,285,"Windows only","$0.01-$4.99",1.0952733874026,1,0,1,0,0,0,1,0,1,0,0,0,1,1,1.0952733874026,-1.16035635402041,-1.15905231314204
2122880,"All Hands on Deck",2025-11-11,"2025-11",0,1,0,0,12.99,12.99,0,"USD",88,63,25,0.715909090909091,6,"Mostly Positive",2026-09-12 13:30:30.880164,2026-09-13 18:47:32.721091,2026-09-13,2026-09-12,306,"Windows only","$10.00-$19.99",2.63834278867739,0,1,1,0,0,0,1,0,0,0,0,0,0,1,2.63834278867739,0.944544801928764,-0.754509979703726
2124150,"Skirmish Mayhem",2025-11-27,"2025-11",0,1,0,0,4.99,4.99,0,"USD",0,0,0,,0,"No user reviews",2026-09-12 13:30:35.291825,2026-09-13 18:47:34.804479,2026-09-13,2026-09-12,290,"Windows only","$0.01-$4.99",1.79009141212736,1,0,0,0,0,0,0,0,0,0,0,0,1,0,1.79009141212736,-0.212555002889199,-1.06273270994244
2126190,"Rue Valley",2025-11-11,"2025-11",0,1,0,0,14.99,14.99,0,"USD",1899,1327,572,0.698788836229595,5,"Mixed",2026-09-12 13:30:39.56288,2026-09-13 18:47:36.85642,2026-09-13,2026-09-12,306,"Windows only","$10.00-$19.99",2.77196352684586,0,1,1,0,0,0,1,0,0,0,0,0,0,1,2.77196352684586,1.12681686694233,-0.754509979703726
2128430,"Seven Seas: Adventures",2025-11-25,"2025-11",0,1,0,0,24.99,24.99,0,"USD",8,2,6,0.25,0,"8 user reviews",2026-09-12 13:30:41.690747,2026-09-13 18:47:38.950975,2026-09-13,2026-09-12,292,"Windows only","$20.00-$29.99",3.2577118486534,1,1,0,1,0,0,1,0,1,0,1,0,1,1,3.2577118486534,1.78942621116778,-1.0242048686626
2131550,"Fishing Online",2025-07-30,"2025-07",1,1,0,0,,,,,0,0,0,,0,"No user reviews",2026-09-12 13:30:45.985464,2026-09-13 18:47:40.990482,2026-09-13,2026-09-12,410,"Windows only","Free",,1,0,1,0,1,0,1,1,0,0,0,1,0,0,,0,1.2489377668479
2135960,"Rhythm Storm",2025-07-25,"2025-07",0,1,0,0,9.99,9.99,0,"USD",86,79,7,0.918604651162791,8,"Very Positive",2026-09-12 13:30:58.666043,2026-09-13 18:47:43.029809,2026-09-13,2026-09-12,415,"Windows only","$5.00-$9.99",2.39698576841553,1,0,0,0,0,0,0,0,0,0,0,0,0,1,2.39698576841553,0.615309661548216,1.3452573700475
2140810,"Trinity Building Editor",2025-09-11,"2025-09",0,1,0,0,29.99,29.99,0,"USD",3,1,2,0.333333333333333,0,"3 user reviews",2026-09-12 13:31:02.813083,2026-09-13 18:47:45.161382,2026-09-13,2026-09-12,367,"Windows only","$20.00-$29.99",3.43366457179966,0,0,1,0,0,0,1,0,0,0,1,0,0,1,3.43366457179966,2.02944334198315,0.420589179331363
2143760,"Her Name",2025-11-23,"2025-11",0,1,0,0,4.99,4.99,0,"USD",1,1,0,1,0,"1 user reviews",2026-09-12 13:31:13.483843,2026-09-13 18:47:47.214267,2026-09-13,2026-09-12,294,"Windows only","$0.01-$4.99",1.79009141212736,0,1,0,0,0,0,1,0,0,0,0,0,0,1,1.79009141212736,-0.212555002889199,-0.98567702738276
2151380,"Chaosborn",2025-10-26,"2025-10",0,1,0,0,2.99,2.99,0,"USD",0,0,0,,0,"No user reviews",2026-09-12 13:31:32.581927,2026-09-13 18:47:49.331388,2026-09-13,2026-09-12,322,"Windows only","$0.01-$4.99",1.38379123090177,1,1,0,0,0,0,1,0,1,0,0,0,1,0,1.38379123090177,-0.766789128987195,-0.446287249465014
2158690,"Star Rift Saga",2025-07-15,"2025-07",0,1,0,0,14.99,14.99,0,"USD",31,30,1,0.967741935483871,7,"Positive",2026-09-12 13:31:43.18627,2026-09-13 18:47:51.336548,2026-09-13,2026-09-12,425,"Windows only","$10.00-$19.99",2.77196352684586,1,1,0,0,0,0,1,0,1,0,0,0,0,1,2.77196352684586,1.12681686694233,1.53789657644669
2165140,"Kentum",2025-11-06,"2025-11",0,1,0,0,17.99,17.99,0,"USD",172,129,43,0.75,6,"Mostly Positive",2026-09-12 13:31:53.499853,2026-09-13 18:47:53.525526,2026-09-13,2026-09-12,311,"Windows only","$10.00-$19.99",2.94391252482419,1,1,0,0,0,0,0,0,0,0,1,0,0,1,2.94391252482419,1.36137251577438,-0.658190376504129
2167530,"V's Rage",2025-09-02,"2025-09",0,1,1,1,3.49,3.49,0,"USD",10,8,2,0.8,7,"Positive",2026-09-12 13:31:57.684211,2026-09-13 18:47:55.737364,2026-09-13,2026-09-12,376,"Windows + macOS + Linux","$0.01-$4.99",1.50185270175416,1,1,1,0,0,0,1,0,0,0,0,0,0,1,1.50185270175416,-0.605741462391672,0.593964465090638
2171630,"Return from Core",2025-07-17,"2025-07",0,1,0,0,16.99,16.99,0,"USD",1617,1218,399,0.753246753246753,6,"Mostly Positive",2026-09-12 13:32:03.881776,2026-09-13 18:47:57.960002,2026-09-13,2026-09-12,423,"Windows only","$10.00-$19.99",2.88981604796244,1,1,0,0,0,0,1,0,1,0,1,0,0,1,2.88981604796244,1.28757950517809,1.49936873516685
2174300,"Piczle World of Puzzles",2025-11-30,"2025-11",1,1,0,0,,,,,2,2,0,1,0,"2 user reviews",2026-09-12 13:32:12.410735,2026-09-13 18:48:00.082364,2026-09-13,2026-09-12,287,"Windows only","Free",,0,0,1,1,0,0,1,0,0,0,0,0,0,1,,0,-1.1205244718622
2176710,"MEAT 2",2025-12-17,"2025-12",0,1,0,0,14.99,14.99,0,"USD",17,15,2,0.882352941176471,7,"Positive",2026-09-12 13:32:16.639497,2026-09-13 18:48:02.235603,2026-09-13,2026-09-12,270,"Windows only","$10.00-$19.99",2.77196352684586,1,0,0,1,0,0,0,0,0,0,0,0,0,1,2.77196352684586,1.12681686694233,-1.44801112274083
2177940,"Odania Sports Arena",2025-09-11,"2025-09",0,1,0,0,9.99,9.99,0,"USD",1,0,1,0,0,"1 user reviews",2026-09-12 13:32:18.668068,2026-09-13 18:48:04.382816,2026-09-13,2026-09-12,367,"Windows only","$5.00-$9.99",2.39698576841553,1,0,1,0,0,0,0,0,0,0,0,1,0,1,2.39698576841553,0.615309661548216,0.420589179331363
2179390,"Dyer Expedition",2025-09-19,"2025-09",0,1,0,0,7.99,7.99,0,"USD",33,28,5,0.848484848484849,7,"Positive",2026-09-12 13:32:27.330544,2026-09-13 18:48:06.439038,2026-09-13,2026-09-12,359,"Windows only","$5.00-$9.99",2.19611284848353,0,1,0,0,0,0,1,0,0,0,0,0,0,1,2.19611284848353,0.341298887298887,0.266477814212007
2182990,"Autumn with the Shiba Inu",2025-08-14,"2025-08",0,1,0,1,7.99,7.99,0,"USD",3,3,0,1,0,"3 user reviews",2026-09-12 13:32:35.690265,2026-09-13 18:48:08.576174,2026-09-13,2026-09-12,395,"Windows + Linux","$5.00-$9.99",2.19611284848353,0,1,1,0,0,0,1,0,0,0,0,0,0,1,2.19611284848353,0.341298887298887,0.959978957249108
2183670,"Hotel Galactic",2025-07-24,"2025-07",0,1,0,0,34.99,34.99,0,"USD",590,433,157,0.733898305084746,6,"Mostly Positive",2026-09-12 13:32:37.736569,2026-09-13 18:48:10.815803,2026-09-13,2026-09-12,416,"Windows only","$30.00+",3.58324112209094,0,0,1,1,0,0,1,0,0,0,1,0,0,1,3.58324112209094,2.23348073223332,1.36452129068742
2185030,"Dealer's Life Legend",2025-07-22,"2025-07",0,1,0,0,14.99,10.49,30,"USD",271,221,50,0.81549815498155,8,"Very Positive",2026-09-12 13:32:39.908885,2026-09-13 18:48:12.96161,2026-09-13,2026-09-12,418,"Windows only","$10.00-$19.99",2.44147709186066,0,0,1,0,0,0,1,0,0,0,1,0,0,1,2.44147709186066,0.676000281213153,1.40304913196726
2186270,"她毕业了 So Long, My Youth",2025-09-26,"2025-09",0,1,0,0,1.99,1.99,0,"USD",27,16,11,0.592592592592593,5,"Mixed",2026-09-12 13:32:41.970432,2026-09-13 18:48:15.196382,2026-09-13,2026-09-12,352,"Windows only","$0.01-$4.99",1.0952733874026,0,0,1,0,0,0,1,0,1,0,0,0,0,1,1.0952733874026,-1.16035635402041,0.13163036973257
2192780,"Grimdark Survivors",2025-12-02,"2025-12",0,1,0,0,4.99,4.99,0,"USD",18,1,17,0.0555555555555556,3,"Negative",2026-09-12 13:32:52.826176,2026-09-13 18:48:17.362885,2026-09-13,2026-09-12,285,"Windows only","$0.01-$4.99",1.79009141212736,1,0,1,0,0,0,1,0,1,0,0,0,0,1,1.79009141212736,-0.212555002889199,-1.15905231314204
2201910,"Winds Of Arcana: Ruination",2025-11-14,"2025-11",0,1,0,0,12.99,12.99,0,"USD",112,88,24,0.785714285714286,6,"Mostly Positive",2026-09-12 13:33:12.837372,2026-09-13 18:48:19.449451,2026-09-13,2026-09-12,303,"Windows only","$10.00-$19.99",2.63834278867739,1,1,0,0,0,0,0,0,1,0,0,0,0,1,2.63834278867739,0.944544801928764,-0.812301741623485
2204560,"Mineral Madness",2025-11-10,"2025-11",0,1,0,0,7.99,7.99,0,"USD",11,10,1,0.909090909090909,7,"Positive",2026-09-12 13:33:17.044633,2026-09-13 18:48:21.522165,2026-09-13,2026-09-12,307,"Windows only","$5.00-$9.99",2.19611284848353,1,0,0,0,0,0,0,0,0,0,0,0,0,1,2.19611284848353,0.341298887298887,-0.735246059063807
2208840,"Amazing Space",2025-10-10,"2025-10",0,1,0,0,1.99,1.99,0,"USD",1,0,1,0,0,"1 user reviews",2026-09-12 13:33:27.791884,2026-09-13 18:48:23.650579,2026-09-13,2026-09-12,338,"Windows only","$0.01-$4.99",1.0952733874026,0,0,0,0,0,0,1,0,0,0,1,0,1,1,1.0952733874026,-1.16035635402041,-0.138064519226302
2212790,"Asbury Pines",2025-11-19,"2025-11",0,1,0,0,12.99,12.99,0,"USD",552,499,53,0.903985507246377,8,"Very Positive",2026-09-12 13:33:40.224934,2026-09-13 18:48:25.71887,2026-09-13,2026-09-12,298,"Windows only","$10.00-$19.99",2.63834278867739,0,1,1,1,0,0,0,0,0,0,0,0,0,1,2.63834278867739,0.944544801928764,-0.908621344823082
2212830,"Soul Taker",2025-07-08,"2025-07",0,1,0,1,10,10,0,"USD",15,14,1,0.933333333333333,7,"Positive",2026-09-12 13:33:42.285727,2026-09-13 18:48:27.78616,2026-09-13,2026-09-12,432,"Windows + Linux","$10.00-$19.99",2.39789527279837,0,0,1,0,0,0,1,0,0,0,0,0,1,1,2.39789527279837,0.616550316586285,1.67274402092613
2217720,"Oxide Room 208",2025-07-25,"2025-07",0,1,0,0,29.99,29.99,0,"USD",22,7,15,0.318181818181818,4,"Mostly Negative",2026-09-12 13:33:50.699573,2026-09-13 18:48:30.019379,2026-09-13,2026-09-12,415,"Windows only","$20.00-$29.99",3.43366457179966,1,1,0,0,0,0,0,0,0,0,0,0,0,1,3.43366457179966,2.02944334198315,1.3452573700475
2218400,"Greedland",2025-09-15,"2025-09",0,1,0,0,12.99,12.99,0,"USD",2920,2437,483,0.83458904109589,8,"Very Positive",2026-09-12 13:33:52.774229,2026-09-13 18:48:32.119211,2026-09-13,2026-09-12,363,"Windows only","$10.00-$19.99",2.63834278867739,1,1,1,0,0,0,1,0,0,0,0,0,0,1,2.63834278867739,0.944544801928764,0.343533496771685
2221390,"Damned 2",2025-08-07,"2025-08",0,1,0,0,13.99,9.79,30,"USD",90,76,14,0.844444444444444,8,"Very Positive",2026-09-12 13:33:54.92979,2026-09-13 18:48:34.231544,2026-09-13,2026-09-12,402,"Windows only","$5.00-$9.99",2.37861977927004,1,0,0,1,0,0,1,0,0,0,0,0,0,1,2.37861977927004,0.590256613544965,1.09482640172854
2221780,"Metavoidal",2025-08-13,"2025-08",0,1,1,0,14.99,14.99,0,"USD",46,43,3,0.934782608695652,7,"Positive",2026-09-12 13:33:57.025172,2026-09-13 18:48:36.395364,2026-09-13,2026-09-12,396,"Windows + macOS","$10.00-$19.99",2.77196352684586,1,0,0,0,0,0,1,0,0,0,0,0,0,1,2.77196352684586,1.12681686694233,0.979242877889028
2228490,"Atomic Owl",2025-07-31,"2025-07",0,1,0,1,12.99,12.99,0,"USD",30,27,3,0.9,7,"Positive",2026-09-12 13:34:11.846317,2026-09-13 18:48:38.492911,2026-09-13,2026-09-12,409,"Windows + Linux","$10.00-$19.99",2.63834278867739,1,1,0,0,0,0,1,0,0,0,0,0,0,1,2.63834278867739,0.944544801928764,1.22967384620798
2234150,"BACKROOMS: APPREHENSION",2025-08-14,"2025-08",0,1,0,0,2.99,2.99,0,"USD",1366,1136,230,0.831625183016105,8,"Very Positive",2026-09-12 13:34:18.246383,2026-09-13 18:48:40.521372,2026-09-13,2026-09-12,395,"Windows only","$0.01-$4.99",1.38379123090177,1,1,0,0,0,0,1,0,0,0,0,0,0,1,1.38379123090177,-0.766789128987195,0.959978957249108
2235200,"Neon Abyss 2",2025-07-17,"2025-07",0,1,0,0,19.99,19.99,0,"USD",1956,1343,613,0.686605316973415,5,"Mixed",2026-09-12 13:34:24.399371,2026-09-13 18:48:42.544881,2026-09-13,2026-09-12,423,"Windows only","$10.00-$19.99",3.04404613383254,1,1,0,1,0,0,1,0,1,0,0,0,0,1,3.04404613383254,1.49796478387127,1.49936873516685
2238440,"The Last Craftsman",2025-09-03,"2025-09",0,1,1,1,9.99,9.99,0,"USD",74,70,4,0.945945945945946,8,"Very Positive",2026-09-12 13:34:26.517482,2026-09-13 18:48:44.672224,2026-09-13,2026-09-12,375,"Windows + macOS + Linux","$5.00-$9.99",2.39698576841553,0,1,0,0,0,0,1,0,1,0,1,0,0,1,2.39698576841553,0.615309661548216,0.574700544450719
2243700,"Isle of Leil",2025-10-09,"2025-10",0,1,0,0,11.99,11.99,0,"USD",3,2,1,0.666666666666667,0,"3 user reviews",2026-09-12 13:34:37.469081,2026-09-13 18:48:46.752258,2026-09-13,2026-09-12,339,"Windows only","$10.00-$19.99",2.56417983068251,1,1,0,0,0,0,1,0,0,0,0,0,0,1,2.56417983068251,0.843379102004269,-0.118800598586383
2248170,"DRINK HUMAN BEANS",2025-12-17,"2025-12",0,1,0,0,4.99,4.99,0,"USD",11,11,0,1,7,"Positive",2026-09-12 13:34:56.932378,2026-09-13 18:48:48.780639,2026-09-13,2026-09-12,270,"Windows only","$0.01-$4.99",1.79009141212736,0,1,0,0,0,0,1,0,0,0,0,0,0,1,1.79009141212736,-0.212555002889199,-1.44801112274083
2262890,"Whispers in the Dark",2025-07-15,"2025-07",0,1,0,0,0.99,0.99,0,"USD",7,2,5,0.285714285714286,0,"7 user reviews",2026-09-12 13:35:13.781393,2026-09-13 18:48:51.032728,2026-09-13,2026-09-12,425,"Windows only","$0.01-$4.99",0.688134638736401,1,1,0,0,0,0,1,0,1,0,0,0,0,1,0.688134638736401,-1.71573437006504,1.53789657644669
2263360,"HYPERBEAT",2025-10-22,"2025-10",0,1,0,0,14.99,14.99,0,"USD",379,378,1,0.997361477572559,8,"Very Positive",2026-09-12 13:35:16.018212,2026-09-13 18:48:53.055727,2026-09-13,2026-09-12,326,"Windows only","$10.00-$19.99",2.77196352684586,1,0,0,0,0,0,1,0,0,0,0,0,0,1,2.77196352684586,1.12681686694233,-0.369231566905336
2268550,"Trans Theft Horso",2025-07-15,"2025-07",0,1,1,0,11,11,0,"USD",18,18,0,1,7,"Positive",2026-09-12 13:35:20.464453,2026-09-13 18:48:55.269921,2026-09-13,2026-09-12,425,"Windows + macOS","$10.00-$19.99",2.484906649788,0,1,0,0,0,0,0,0,1,0,0,0,0,1,2.484906649788,0.735242546407505,1.53789657644669
2271110,"RogueViz Collection",2025-08-26,"2025-08",0,1,0,1,6.99,6.99,0,"USD",11,10,1,0.909090909090909,7,"Positive",2026-09-12 13:35:31.185606,2026-09-13 18:48:57.514138,2026-09-13,2026-09-12,383,"Windows + Linux","$5.00-$9.99",2.07819075977818,1,0,1,0,0,0,1,0,0,1,0,0,1,1,2.07819075977818,0.18044135190692,0.728811909570075
2279180,"Death Nomad",2025-10-19,"2025-10",0,1,0,0,9.99,9.99,0,"USD",6,3,3,0.5,0,"6 user reviews",2026-09-12 13:35:52.834438,2026-09-13 18:48:59.633436,2026-09-13,2026-09-12,329,"Windows only","$5.00-$9.99",2.39698576841553,1,0,0,0,0,0,1,0,0,0,0,0,0,1,2.39698576841553,0.615309661548216,-0.311439804985578
2279440,"Soul Mates",2025-10-10,"2025-10",0,1,1,1,12.99,12.99,0,"USD",95,93,2,0.978947368421053,8,"Very Positive",2026-09-12 13:35:54.917639,2026-09-13 18:49:01.874633,2026-09-13,2026-09-12,338,"Windows + macOS + Linux","$10.00-$19.99",2.63834278867739,0,1,0,1,0,0,1,0,0,0,1,0,1,1,2.63834278867739,0.944544801928764,-0.138064519226302
2282770,"Jack the Ripper: Hunter Clan",2025-10-30,"2025-10",0,1,1,0,4.99,4.99,0,"USD",3,2,1,0.666666666666667,0,"3 user reviews",2026-09-12 13:35:59.189435,2026-09-13 18:49:03.945252,2026-09-13,2026-09-12,318,"Windows + macOS","$0.01-$4.99",1.79009141212736,1,0,0,1,0,0,0,0,0,0,0,0,0,1,1.79009141212736,-0.212555002889199,-0.523342932024692
2285150,"The Front",2025-10-30,"2025-10",0,1,0,0,19.99,19.99,0,"USD",9557,6381,3176,0.667678141676258,5,"Mixed",2026-09-12 13:36:03.596071,2026-09-13 18:49:06.214108,2026-09-13,2026-09-12,318,"Windows only","$10.00-$19.99",3.04404613383254,1,0,0,0,0,0,1,1,0,0,1,0,0,1,3.04404613383254,1.49796478387127,-0.523342932024692
2288470,"Aethermancer",2025-09-23,"2025-09",0,1,0,1,25.99,25.99,0,"USD",2574,2349,225,0.912587412587413,8,"Very Positive",2026-09-12 13:36:14.468299,2026-09-13 18:49:08.431957,2026-09-13,2026-09-12,355,"Windows + Linux","$20.00-$29.99",3.29546642702991,0,1,0,1,0,0,1,0,1,0,0,0,1,1,3.29546642702991,1.84092723607401,0.189422131652329
2292540,"Cosmic Waves",2025-07-28,"2025-07",0,1,0,0,9.8,9.8,0,"USD",3,2,1,0.666666666666667,0,"3 user reviews",2026-09-12 13:36:25.354997,2026-09-13 18:49:10.506905,2026-09-13,2026-09-12,412,"Windows only","$5.00-$9.99",2.37954613413017,0,0,0,0,0,0,1,0,0,0,0,0,0,1,2.37954613413017,0.591520254321133,1.28746560812774
2292870,"Eternal Rising",2025-09-10,"2025-09",0,1,0,0,4.99,4.99,0,"USD",24,18,6,0.75,6,"Mostly Positive",2026-09-12 13:36:29.5838,2026-09-13 18:49:12.64611,2026-09-13,2026-09-12,368,"Windows only","$0.01-$4.99",1.79009141212736,1,1,0,0,0,0,1,0,0,0,0,0,0,1,1.79009141212736,-0.212555002889199,0.439853099971282
2296120,"Dreadstone Keep",2025-11-27,"2025-11",0,1,0,0,7.99,7.99,0,"USD",9,9,0,1,0,"9 user reviews",2026-09-12 13:36:38.351116,2026-09-13 18:49:14.803685,2026-09-13,2026-09-12,290,"Windows only","$5.00-$9.99",2.19611284848353,0,0,0,0,0,0,1,0,1,0,0,0,1,1,2.19611284848353,0.341298887298887,-1.06273270994244
2297590,"Glory Hunters",2025-11-25,"2025-11",0,1,1,1,9.99,9.99,0,"USD",17,14,3,0.823529411764706,7,"Positive",2026-09-12 13:36:44.686213,2026-09-13 18:49:16.870863,2026-09-13,2026-09-12,292,"Windows + macOS + Linux","$5.00-$9.99",2.39698576841553,1,1,0,0,0,0,1,0,1,0,0,0,0,1,2.39698576841553,0.615309661548216,-1.0242048686626
2299690,"香恋Ready！",2025-09-18,"2025-09",0,1,0,0,9.99,9.99,0,"USD",62,54,8,0.870967741935484,8,"Very Positive",2026-09-12 13:36:51.176135,2026-09-13 18:49:19.048944,2026-09-13,2026-09-12,360,"Windows only","$5.00-$9.99",2.39698576841553,0,0,0,0,0,0,0,0,1,0,0,0,0,1,2.39698576841553,0.615309661548216,0.285741734851926
2300120,"Painkiller",2025-10-21,"2025-10",0,1,0,0,39.99,39.99,0,"USD",1083,587,496,0.542012927054478,5,"Mixed",2026-09-12 13:36:53.27169,2026-09-13 18:49:21.317932,2026-09-13,2026-09-12,327,"Windows only","$30.00+",3.71332813451625,1,0,0,0,0,0,0,0,0,0,0,0,0,1,3.71332813451625,2.41093244153544,-0.349967646265417
2308690,"Ground of Aces",2025-07-10,"2025-07",0,1,1,0,29.99,19.49,35,"USD",1403,1187,216,0.846044191019244,8,"Very Positive",2026-09-12 13:37:05.990428,2026-09-13 18:49:23.498017,2026-09-13,2026-09-12,430,"Windows + macOS","$10.00-$19.99",3.01993696225081,0,0,0,1,0,0,0,0,0,0,1,0,1,1,3.01993696225081,1.46507746001568,1.63421617964629
2310230,"Finding Fern",2025-10-31,"2025-10",0,1,0,0,14.99,14.99,0,"USD",0,0,0,,0,"No user reviews",2026-09-12 13:37:10.210863,2026-09-13 18:49:25.627419,2026-09-13,2026-09-12,317,"Windows only","$10.00-$19.99",2.77196352684586,1,1,0,0,0,0,0,0,1,0,0,0,0,0,2.77196352684586,1.12681686694233,-0.542606852664612
2316640,"Light On",2025-08-29,"2025-08",0,1,1,1,8.99,8.99,0,"USD",12,12,0,1,7,"Positive",2026-09-12 13:37:24.822159,2026-09-13 18:49:27.750097,2026-09-13,2026-09-12,380,"Windows + macOS + Linux","$5.00-$9.99",2.30158459266046,0,1,1,0,0,0,1,0,0,0,0,0,1,1,2.30158459266046,0.485172906221557,0.671020147650316
2319790,"Captain Wayne - Vacation Desperation",2025-11-25,"2025-11",0,1,0,0,9.99,9.99,0,"USD",1009,983,26,0.974231912784936,9,"Overwhelmingly Positive",2026-09-12 13:37:27.051593,2026-09-13 18:49:29.7684,2026-09-13,2026-09-12,292,"Windows only","$5.00-$9.99",2.39698576841553,1,1,0,0,0,0,1,0,0,0,0,0,0,1,2.39698576841553,0.615309661548216,-1.0242048686626
2321250,"A Corgi's Cozy Hike",2025-08-30,"2025-08",0,1,0,0,19.99,19.99,0,"USD",63,63,0,1,8,"Very Positive",2026-09-12 13:37:29.127519,2026-09-13 18:49:31.885429,2026-09-13,2026-09-12,379,"Windows only","$10.00-$19.99",3.04404613383254,0,1,1,0,0,0,0,0,0,0,0,0,0,1,3.04404613383254,1.49796478387127,0.651756227010397
2321470,"Deep Rock Galactic: Survivor",2025-09-17,"2025-09",0,1,0,0,12.99,12.99,0,"USD",46306,39900,6406,0.861659396190558,8,"Very Positive",2026-09-12 13:37:31.150208,2026-09-13 18:49:34.013709,2026-09-13,2026-09-12,361,"Windows only","$10.00-$19.99",2.63834278867739,1,0,0,0,0,0,0,0,0,0,0,0,0,1,2.63834278867739,0.944544801928764,0.305005655491846
2324760,"Florida Interstate '86",2025-07-15,"2025-07",0,1,0,0,4.99,4.99,0,"USD",22,20,2,0.909090909090909,7,"Positive",2026-09-12 13:37:39.651096,2026-09-13 18:49:36.177705,2026-09-13,2026-09-12,425,"Windows only","$0.01-$4.99",1.79009141212736,0,0,1,0,0,0,1,0,0,1,0,0,0,1,1.79009141212736,-0.212555002889199,1.53789657644669
2327050,"Pyrite Tycoon",2025-07-03,"2025-07",1,1,1,0,,,,,2,1,1,0.5,0,"2 user reviews",2026-09-12 13:37:48.062787,2026-09-13 18:49:38.354464,2026-09-13,2026-09-12,437,"Windows + macOS","Free",,0,1,1,0,1,0,1,0,0,0,0,0,1,1,,0,1.76906362412573
2327950,"Citadel Anew",2025-09-15,"2025-09",0,1,0,0,11.99,11.99,0,"USD",10,5,5,0.5,5,"Mixed",2026-09-12 13:37:52.289118,2026-09-13 18:49:40.564598,2026-09-13,2026-09-12,363,"Windows only","$10.00-$19.99",2.56417983068251,1,0,0,0,0,0,0,0,0,0,0,0,0,1,2.56417983068251,0.843379102004269,0.343533496771685
2334690,"Detective Malinowski The Truth Will Be Revealed",2025-11-18,"2025-11",0,1,0,0,9.99,9.99,0,"USD",8,8,0,1,0,"8 user reviews",2026-09-12 13:38:15.893912,2026-09-13 18:49:42.782213,2026-09-13,2026-09-12,299,"Windows only","$5.00-$9.99",2.39698576841553,0,1,0,0,0,0,1,0,0,0,0,0,0,1,2.39698576841553,0.615309661548216,-0.889357424183163
2336210,"Monochrome Heights",2025-10-07,"2025-10",0,1,0,1,14.99,14.99,0,"USD",7,7,0,1,0,"7 user reviews",2026-09-12 13:38:20.205602,2026-09-13 18:49:44.981879,2026-09-13,2026-09-12,341,"Windows + Linux","$10.00-$19.99",2.77196352684586,0,0,0,0,0,0,1,0,0,0,0,0,0,1,2.77196352684586,1.12681686694233,-0.080272757306544
2336430,"PoligonVR",2025-12-19,"2025-12",1,1,0,0,,,,,0,0,0,,0,"No user reviews",2026-09-12 13:38:22.334975,2026-09-13 18:49:47.117252,2026-09-13,2026-09-12,268,"Windows only","Free",,0,0,1,1,1,0,1,1,0,0,1,0,0,0,,0,-1.48653896402067
2345740,"Rogue Tactics",2025-08-20,"2025-08",0,1,0,0,4.99,4.99,0,"USD",31,29,2,0.935483870967742,7,"Positive",2026-09-12 13:38:37.162205,2026-09-13 18:49:49.378627,2026-09-13,2026-09-12,389,"Windows only","$0.01-$4.99",1.79009141212736,0,0,0,0,0,0,0,0,0,0,0,0,1,1,1.79009141212736,-0.212555002889199,0.844395433409591
2347080,"Frosthaven",2025-07-31,"2025-07",0,1,0,0,39.99,39.99,0,"USD",810,588,222,0.725925925925926,6,"Mostly Positive",2026-09-12 13:38:41.378144,2026-09-13 18:49:51.622015,2026-09-13,2026-09-12,409,"Windows only","$30.00+",3.71332813451625,0,0,0,1,0,0,0,0,1,0,0,0,1,1,3.71332813451625,2.41093244153544,1.22967384620798
2350270,"Primal Planet",2025-07-28,"2025-07",0,1,0,0,19.99,19.99,0,"USD",621,552,69,0.888888888888889,8,"Very Positive",2026-09-12 13:38:52.311675,2026-09-13 18:49:53.832095,2026-09-13,2026-09-12,412,"Windows only","$10.00-$19.99",3.04404613383254,1,1,0,0,0,0,1,0,0,0,0,0,0,1,3.04404613383254,1.49796478387127,1.28746560812774
2352140,"Tamamoji",2025-11-13,"2025-11",0,1,0,0,2.99,2.99,0,"USD",0,0,0,,0,"No user reviews",2026-09-12 13:38:58.648422,2026-09-13 18:49:55.887196,2026-09-13,2026-09-12,304,"Windows only","$0.01-$4.99",1.38379123090177,0,0,1,0,0,0,1,0,0,0,1,0,0,0,1.38379123090177,-0.766789128987195,-0.793037820983565
2352620,"Fellowship",2025-10-16,"2025-10",0,1,0,0,24.99,24.99,0,"USD",15273,11436,3837,0.748772343351012,6,"Mostly Positive",2026-09-12 13:39:00.847724,2026-09-13 18:49:58.077368,2026-09-13,2026-09-12,332,"Windows only","$20.00-$29.99",3.2577118486534,0,0,0,1,0,0,0,0,1,0,0,0,0,1,3.2577118486534,1.78942621116778,-0.253648043065819
2353100,"Ember the Werefox",2025-10-23,"2025-10",0,1,0,0,14.99,14.99,0,"USD",3,3,0,1,0,"3 user reviews",2026-09-12 13:39:03.050838,2026-09-13 18:50:00.097492,2026-09-13,2026-09-12,325,"Windows only","$10.00-$19.99",2.77196352684586,1,1,0,0,0,0,1,0,0,0,0,0,0,1,2.77196352684586,1.12681686694233,-0.388495487545256
2357350,"Primal Fray",2025-11-24,"2025-11",0,1,0,0,11.99,4.19,65,"USD",22,18,4,0.818181818181818,7,"Positive",2026-09-12 13:39:15.732979,2026-09-13 18:50:02.322146,2026-09-13,2026-09-12,293,"Windows only","$0.01-$4.99",1.6467336971778,1,0,0,0,0,0,1,0,0,0,0,0,1,1,1.6467336971778,-0.408109279101449,-1.00494094802268
2359270,"Bravest Chicken",2025-11-25,"2025-11",0,1,1,1,4.99,4.99,0,"USD",14,14,0,1,7,"Positive",2026-09-12 13:39:24.078569,2026-09-13 18:50:04.344948,2026-09-13,2026-09-12,292,"Windows + macOS + Linux","$0.01-$4.99",1.79009141212736,0,0,1,0,0,0,1,0,0,0,0,0,0,1,1.79009141212736,-0.212555002889199,-1.0242048686626
2359390,"Just Climb",2025-11-14,"2025-11",0,1,0,0,3.99,3.99,0,"USD",14,14,0,1,7,"Positive",2026-09-12 13:39:26.284041,2026-09-13 18:50:06.399381,2026-09-13,2026-09-12,303,"Windows only","$0.01-$4.99",1.60743590976343,1,1,1,0,0,0,1,0,0,0,0,0,0,1,1.60743590976343,-0.461715395641907,-0.812301741623485
2361770,"SHINOBI: Art of Vengeance",2025-08-28,"2025-08",0,1,0,0,29.99,29.99,0,"USD",3550,2972,578,0.837183098591549,8,"Very Positive",2026-09-12 13:39:32.565469,2026-09-13 18:50:08.42138,2026-09-13,2026-09-12,381,"Windows only","$20.00-$29.99",3.43366457179966,1,0,0,0,0,0,0,0,0,0,0,0,0,1,3.43366457179966,2.02944334198315,0.690284068290236
2365410,"A Call From Under the House",2025-10-24,"2025-10",0,1,1,0,2.99,2.99,0,"USD",10,9,1,0.9,7,"Positive",2026-09-12 13:39:41.290264,2026-09-13 18:50:10.570226,2026-09-13,2026-09-12,324,"Windows + macOS","$0.01-$4.99",1.38379123090177,0,1,1,0,0,0,1,0,0,0,0,0,0,1,1.38379123090177,-0.766789128987195,-0.407759408185175
2367120,"Blood Lily Ghoststories",2025-09-15,"2025-09",0,1,0,0,2.99,2.99,0,"USD",108,98,10,0.907407407407407,8,"Very Positive",2026-09-12 13:39:45.418022,2026-09-13 18:50:12.808178,2026-09-13,2026-09-12,363,"Windows only","$0.01-$4.99",1.38379123090177,0,1,1,0,0,0,1,0,0,0,0,0,0,1,1.38379123090177,-0.766789128987195,0.343533496771685
2372450,"Rootin' Tootin' Lootin' & Shootin'",2025-08-28,"2025-08",0,1,1,0,8.99,6.29,30,"USD",6,6,0,1,0,"6 user reviews",2026-09-12 13:39:56.145761,2026-09-13 18:50:14.957999,2026-09-13,2026-09-12,381,"Windows + macOS","$5.00-$9.99",1.98650354602057,0,0,0,0,0,0,1,0,1,0,0,0,1,1,1.98650354602057,0.0553708125878675,0.690284068290236
2376990,"Meduziak",2025-12-03,"2025-12",0,1,0,0,9.99,9.99,0,"USD",6,5,1,0.833333333333333,0,"6 user reviews",2026-09-12 13:40:15.114418,2026-09-13 18:50:17.137238,2026-09-13,2026-09-12,284,"Windows only","$5.00-$9.99",2.39698576841553,0,1,1,0,0,0,1,0,0,0,0,0,0,1,2.39698576841553,0.615309661548216,-1.17831623378195
2377620,"Lord O' Pirates",2025-07-16,"2025-07",0,1,0,0,4.99,4.99,0,"USD",21,18,3,0.857142857142857,7,"Positive",2026-09-12 13:40:21.575486,2026-09-13 18:50:19.212927,2026-09-13,2026-09-12,424,"Windows only","$0.01-$4.99",1.79009141212736,1,0,1,0,0,0,1,0,0,0,0,0,0,1,1.79009141212736,-0.212555002889199,1.51863265580677
2377720,"Super Power Racing",2025-11-29,"2025-11",0,1,0,0,6.5,6.5,0,"USD",15,15,0,1,7,"Positive",2026-09-12 13:40:23.760158,2026-09-13 18:50:21.429829,2026-09-13,2026-09-12,288,"Windows only","$5.00-$9.99",2.01490302054226,0,0,0,1,0,0,0,0,0,1,0,0,0,1,2.01490302054226,0.0941105392000895,-1.10126055122228
2393100,"GoKaDu",2025-09-21,"2025-09",0,1,0,1,7.99,7.99,0,"USD",0,0,0,,0,"No user reviews",2026-09-12 13:40:58.310048,2026-09-13 18:50:23.533302,2026-09-13,2026-09-12,357,"Windows + Linux","$5.00-$9.99",2.19611284848353,0,0,1,0,0,0,1,0,1,0,1,0,0,0,2.19611284848353,0.341298887298887,0.227949972932168
2393510,"Master of Luna",2025-09-12,"2025-09",0,1,1,1,14.99,14.99,0,"USD",21,20,1,0.952380952380952,7,"Positive",2026-09-12 13:41:02.720843,2026-09-13 18:50:25.644328,2026-09-13,2026-09-12,366,"Windows + macOS + Linux","$10.00-$19.99",2.77196352684586,0,0,0,1,0,0,1,0,0,0,0,0,1,1,2.77196352684586,1.12681686694233,0.401325258691443
2398290,"King of the Arcade",2025-11-07,"2025-11",0,1,0,0,7.99,7.99,0,"USD",3,1,2,0.333333333333333,0,"3 user reviews",2026-09-12 13:41:19.965059,2026-09-13 18:50:27.650233,2026-09-13,2026-09-12,310,"Windows only","$5.00-$9.99",2.19611284848353,1,1,1,0,0,0,1,0,1,1,1,1,0,1,2.19611284848353,0.341298887298887,-0.677454297144048
2402620,"World Guesser",2025-07-18,"2025-07",0,1,0,0,4.99,4.99,0,"USD",1,0,1,0,0,"1 user reviews",2026-09-12 13:41:26.396207,2026-09-13 18:50:29.888324,2026-09-13,2026-09-12,422,"Windows only","$0.01-$4.99",1.79009141212736,0,0,1,1,0,0,0,0,0,0,0,0,0,1,1.79009141212736,-0.212555002889199,1.48010481452693
2403600,"Jamboy, a Jelly-cious Hero",2025-09-25,"2025-09",0,1,0,0,7.99,7.99,0,"USD",44,43,1,0.977272727272727,7,"Positive",2026-09-12 13:41:28.553117,2026-09-13 18:50:31.95766,2026-09-13,2026-09-12,353,"Windows only","$5.00-$9.99",2.19611284848353,1,1,0,0,0,0,1,0,0,0,0,0,0,1,2.19611284848353,0.341298887298887,0.15089429037249
2411100,"Mind Control: Bloody Renaissance",2025-08-25,"2025-08",0,1,0,0,9.99,9.99,0,"USD",29,29,0,1,7,"Positive",2026-09-12 13:41:38.922883,2026-09-13 18:50:34.207949,2026-09-13,2026-09-12,384,"Windows only","$5.00-$9.99",2.39698576841553,1,1,0,0,0,0,1,0,1,0,0,0,0,1,2.39698576841553,0.615309661548216,0.748075830209994
2416100,"Goodnight Universe",2025-11-11,"2025-11",0,1,0,0,19.99,19.99,0,"USD",1338,1296,42,0.968609865470852,9,"Overwhelmingly Positive",2026-09-12 13:41:51.686687,2026-09-13 18:50:36.381913,2026-09-13,2026-09-12,306,"Windows only","$10.00-$19.99",3.04404613383254,0,1,0,0,0,0,1,0,0,0,0,0,0,1,3.04404613383254,1.49796478387127,-0.754509979703726
2418530,"Kofoin - Swarm Defense",2025-11-16,"2025-11",0,1,0,1,4.99,4.99,0,"USD",0,0,0,,0,"No user reviews",2026-09-12 13:41:58.23002,2026-09-13 18:50:38.638436,2026-09-13,2026-09-12,301,"Windows + Linux","$0.01-$4.99",1.79009141212736,0,0,0,1,0,0,1,0,0,0,0,0,1,0,1.79009141212736,-0.212555002889199,-0.850829582903324
2421540,"白猫骑士物语/ White Cat Knight",2025-09-22,"2025-09",0,1,1,0,1.99,1.57,21,"USD",86,86,0,1,8,"Very Positive",2026-09-12 13:42:11.431307,2026-09-13 18:50:40.661708,2026-09-13,2026-09-12,356,"Windows + macOS","$0.01-$4.99",0.943905898907129,1,1,1,0,0,0,1,0,1,0,0,0,0,1,0.943905898907129,-1.3668367632904,0.208686052292248
2424300,"Grey Heritage: Noble Duty",2025-09-15,"2025-09",0,1,0,0,19.99,19.99,0,"USD",12,11,1,0.916666666666667,7,"Positive",2026-09-12 13:42:18.06393,2026-09-13 18:50:42.730485,2026-09-13,2026-09-12,363,"Windows only","$10.00-$19.99",3.04404613383254,0,0,0,0,0,0,1,0,1,0,0,0,1,1,3.04404613383254,1.49796478387127,0.343533496771685
2424480,"No Heroes Here 2",2025-07-01,"2025-07",0,1,0,0,19.99,19.99,0,"USD",13,8,5,0.615384615384615,5,"Mixed",2026-09-12 13:42:20.128554,2026-09-13 18:50:44.893361,2026-09-13,2026-09-12,439,"Windows only","$10.00-$19.99",3.04404613383254,1,0,1,0,0,0,1,0,0,0,1,0,1,1,3.04404613383254,1.49796478387127,1.80759146540557
2430170,"Hidden Pass",2025-08-14,"2025-08",0,1,0,0,9.99,9.99,0,"USD",16,11,5,0.6875,5,"Mixed",2026-09-12 13:42:45.998013,2026-09-13 18:50:46.911344,2026-09-13,2026-09-12,395,"Windows only","$5.00-$9.99",2.39698576841553,0,0,0,0,0,0,1,0,1,0,0,0,1,1,2.39698576841553,0.615309661548216,0.959978957249108
2430540,"Radix Chronicle",2025-08-29,"2025-08",0,1,1,1,6.99,6.99,0,"USD",31,31,0,1,7,"Positive",2026-09-12 13:42:48.356225,2026-09-13 18:50:48.952297,2026-09-13,2026-09-12,380,"Windows + macOS + Linux","$5.00-$9.99",2.07819075977818,0,0,0,0,0,0,1,0,1,0,0,0,0,1,2.07819075977818,0.18044135190692,0.671020147650316
2431200,"POPOLOGIST<U+00AE> Camera Slinger",2025-11-20,"2025-11",0,1,1,0,14.99,14.99,0,"USD",0,0,0,,0,"No user reviews",2026-09-12 13:42:50.478443,2026-09-13 18:50:51.07232,2026-09-13,2026-09-12,297,"Windows + macOS","$10.00-$19.99",2.77196352684586,1,1,0,0,0,0,1,0,0,0,0,0,1,0,2.77196352684586,1.12681686694233,-0.927885265463002
2436660,"Splatterbot",2025-09-03,"2025-09",0,1,0,1,9.99,9.99,0,"USD",10,10,0,1,7,"Positive",2026-09-12 13:43:05.097328,2026-09-13 18:50:53.185291,2026-09-13,2026-09-12,375,"Windows + Linux","$5.00-$9.99",2.39698576841553,1,0,1,0,0,0,0,0,0,0,0,0,0,1,2.39698576841553,0.615309661548216,0.574700544450719
2440940,"JUMPING JUMP NINJA",2025-08-08,"2025-08",0,1,0,0,6.99,6.99,0,"USD",1,0,1,0,0,"1 user reviews",2026-09-12 13:43:13.410785,2026-09-13 18:50:55.410031,2026-09-13,2026-09-12,401,"Windows only","$5.00-$9.99",2.07819075977818,1,0,1,1,0,0,1,0,0,0,0,0,0,1,2.07819075977818,0.18044135190692,1.07556248108863
2441260,"Event Race",2025-09-04,"2025-09",1,1,0,1,,,,,0,0,0,,0,"No user reviews",2026-09-12 13:43:15.649707,2026-09-13 18:50:57.510418,2026-09-13,2026-09-12,374,"Windows + Linux","Free",,0,0,0,0,1,0,1,0,0,1,0,1,0,0,,0,0.555436623810799
2444530,"Wreckage",2025-11-05,"2025-11",0,1,0,1,12.99,12.99,0,"USD",5,4,1,0.8,0,"5 user reviews",2026-09-12 13:43:19.895963,2026-09-13 18:50:59.654261,2026-09-13,2026-09-12,312,"Windows + Linux","$10.00-$19.99",2.63834278867739,1,0,0,1,0,0,1,0,0,1,0,1,0,1,2.63834278867739,0.944544801928764,-0.638926455864209
2446540,"SLEEP AWAKE",2025-12-02,"2025-12",0,1,0,0,29.99,29.99,0,"USD",163,117,46,0.717791411042945,6,"Mostly Positive",2026-09-12 13:43:24.249791,2026-09-13 18:51:01.796777,2026-09-13,2026-09-12,285,"Windows only","$20.00-$29.99",3.43366457179966,1,1,0,0,0,0,1,0,0,0,1,0,0,1,3.43366457179966,2.02944334198315,-1.15905231314204
2449060,"15 Minutes Dungeon",2025-10-18,"2025-10",0,1,0,0,5.99,5.99,0,"USD",4,4,0,1,0,"4 user reviews",2026-09-12 13:43:39.026369,2026-09-13 18:51:03.969,2026-09-13,2026-09-12,330,"Windows only","$5.00-$9.99",1.94448055624572,0,0,1,0,0,0,0,0,1,0,0,0,0,1,1.94448055624572,-0.00195275282042951,-0.292175884345658
2451310,"Monster Mop Up",2025-08-14,"2025-08",0,1,0,0,14.99,14.99,0,"USD",189,108,81,0.571428571428571,5,"Mixed",2026-09-12 13:43:52.0562,2026-09-13 18:51:06.132397,2026-09-13,2026-09-12,395,"Windows only","$10.00-$19.99",2.77196352684586,0,0,1,0,0,0,1,0,0,0,1,0,0,1,2.77196352684586,1.12681686694233,0.959978957249108
2453160,"Sword of the Sea",2025-08-19,"2025-08",0,1,0,0,29.99,29.99,0,"USD",1628,1455,173,0.893734643734644,8,"Very Positive",2026-09-12 13:44:00.784874,2026-09-13 18:51:08.216164,2026-09-13,2026-09-12,390,"Windows only","$20.00-$29.99",3.43366457179966,0,1,0,0,0,0,1,0,0,0,0,0,0,1,3.43366457179966,2.02944334198315,0.863659354049511
2460920,"ACRES",2025-10-08,"2025-10",0,1,0,0,14.99,14.99,0,"USD",209,168,41,0.803827751196172,8,"Very Positive",2026-09-12 13:44:24.284667,2026-09-13 18:51:10.345953,2026-09-13,2026-09-12,340,"Windows only","$10.00-$19.99",2.77196352684586,0,0,1,0,0,0,1,0,0,0,1,0,1,1,2.77196352684586,1.12681686694233,-0.0995366779464635
2461360,"Click Cluck",2025-12-23,"2025-12",0,1,0,0,1.99,1.99,0,"USD",3,2,1,0.666666666666667,0,"3 user reviews",2026-09-12 13:44:28.326263,2026-09-13 18:51:12.381302,2026-09-13,2026-09-12,264,"Windows only","$0.01-$4.99",1.0952733874026,0,0,1,0,0,0,1,0,0,0,1,0,0,1,1.0952733874026,-1.16035635402041,-1.56359464658034
2462430,"Rogue Slots",2025-12-25,"2025-12",1,1,0,0,,,,,0,0,0,,0,"No user reviews",2026-09-12 13:44:30.442714,2026-09-13 18:51:14.475202,2026-09-13,2026-09-12,262,"Windows only","Free",,1,1,1,0,1,0,1,0,0,0,1,0,0,0,,0,-1.60212248786018
2467850,"Wild Growth",2025-12-01,"2025-12",0,1,1,0,4.99,4.99,0,"USD",513,436,77,0.84990253411306,8,"Very Positive",2026-09-12 13:44:45.361219,2026-09-13 18:51:16.711533,2026-09-13,2026-09-12,286,"Windows + macOS","$0.01-$4.99",1.79009141212736,0,0,1,0,0,0,1,0,0,0,1,0,1,1,1.79009141212736,-0.212555002889199,-1.13978839250212
2471390,"BloodRush: Undying Wish",2025-07-01,"2025-07",0,1,0,1,9.99,7.99,20,"USD",45,44,1,0.977777777777778,7,"Positive",2026-09-12 13:44:57.872188,2026-09-13 18:51:18.800328,2026-09-13,2026-09-12,439,"Windows + Linux","$5.00-$9.99",2.19611284848353,1,0,0,1,0,0,1,0,0,0,0,0,0,1,2.19611284848353,0.341298887298887,1.80759146540557
2475550,"免费游戏 THE GAME FOR FREE",2025-10-22,"2025-10",1,1,0,0,,,,,0,0,0,,0,"No user reviews",2026-09-12 13:45:10.667058,2026-09-13 18:51:20.980198,2026-09-13,2026-09-12,326,"Windows only","Free",,0,0,1,0,1,0,1,0,1,0,0,0,0,0,,0,-0.369231566905336
2479770,"Troublemaker 2: Beyond Dream",2025-09-15,"2025-09",0,1,0,0,24.99,24.99,0,"USD",142,135,7,0.950704225352113,8,"Very Positive",2026-09-12 13:45:19.164529,2026-09-13 18:51:23.139541,2026-09-13,2026-09-12,363,"Windows only","$20.00-$29.99",3.2577118486534,1,1,0,0,0,0,0,0,0,0,0,0,0,1,3.2577118486534,1.78942621116778,0.343533496771685
2481640,"Mage and Monsters II",2025-09-08,"2025-09",0,1,0,0,8.99,5.84,35,"USD",368,306,62,0.831521739130435,8,"Very Positive",2026-09-12 13:45:23.202629,2026-09-13 18:51:25.158096,2026-09-13,2026-09-12,370,"Windows only","$5.00-$9.99",1.92278773163446,0,0,0,0,0,0,0,0,0,0,0,0,1,1,1.92278773163446,-0.031543937482844,0.478380941251121
2483440,"Shroomtopia",2025-10-23,"2025-10",0,1,0,1,9.99,9.99,0,"USD",18,17,1,0.944444444444444,7,"Positive",2026-09-12 13:45:38.026534,2026-09-13 18:51:27.402966,2026-09-13,2026-09-12,325,"Windows + Linux","$5.00-$9.99",2.39698576841553,0,0,1,0,0,0,1,0,0,0,0,0,0,1,2.39698576841553,0.615309661548216,-0.388495487545256
2484630,"无尽的冒险",2025-08-01,"2025-08",0,1,0,0,0.99,0.99,0,"USD",89,83,6,0.932584269662921,8,"Very Positive",2026-09-12 13:45:42.186575,2026-09-13 18:51:29.522643,2026-09-13,2026-09-12,408,"Windows only","$0.01-$4.99",0.688134638736401,0,1,1,0,0,0,1,0,1,0,0,0,0,1,0.688134638736401,-1.71573437006504,1.21040992556806
2484680,"Snavenger",2025-12-16,"2025-12",1,1,1,0,,,,,0,0,0,,0,"No user reviews",2026-09-12 13:45:44.312317,2026-09-13 18:51:31.598795,2026-09-13,2026-09-12,271,"Windows + macOS","Free",,1,0,1,0,0,0,0,0,0,0,0,0,0,0,,0,-1.42874720210091
2486820,"Sonic Racing: CrossWorlds",2025-09-25,"2025-09",0,1,0,0,69.99,69.99,0,"USD",11445,10698,747,0.934731323722149,8,"Very Positive",2026-09-12 13:45:46.50904,2026-09-13 18:51:33.746744,2026-09-13,2026-09-12,353,"Windows only","$30.00+",4.26253902205129,1,1,0,0,0,0,0,0,0,1,0,0,0,1,4.26253902205129,3.16011107930594,0.15089429037249
2488250,"Ploko",2025-08-22,"2025-08",0,1,0,0,9.99,9.99,0,"USD",15,15,0,1,7,"Positive",2026-09-12 13:45:50.784658,2026-09-13 18:51:35.907562,2026-09-13,2026-09-12,387,"Windows only","$5.00-$9.99",2.39698576841553,0,0,1,0,0,0,1,0,0,0,0,0,0,1,2.39698576841553,0.615309661548216,0.805867592129753
2488470,"Politon",2025-12-15,"2025-12",0,1,1,0,4.99,4.99,0,"USD",81,73,8,0.901234567901235,8,"Very Positive",2026-09-12 13:45:55.092084,2026-09-13 18:51:37.988071,2026-09-13,2026-09-12,272,"Windows + macOS","$0.01-$4.99",1.79009141212736,0,0,1,0,0,0,1,0,0,0,0,0,1,1,1.79009141212736,-0.212555002889199,-1.40948328146099
2495610,"Elven Rivers 6: Guardians of Hope Collector's Edition",2025-08-05,"2025-08",0,1,0,0,14.99,14.99,0,"USD",2,2,0,1,0,"2 user reviews",2026-09-12 13:46:07.944971,2026-09-13 18:51:40.161814,2026-09-13,2026-09-12,404,"Windows only","$10.00-$19.99",2.77196352684586,0,1,1,0,0,0,1,0,0,0,1,0,1,1,2.77196352684586,1.12681686694233,1.13335424300838
2495630,"Myth Finders",2025-08-05,"2025-08",0,1,0,0,14.99,1.49,90,"USD",3,2,1,0.666666666666667,0,"3 user reviews",2026-09-12 13:46:09.958017,2026-09-13 18:51:42.274557,2026-09-13,2026-09-12,404,"Windows only","$0.01-$4.99",0.912282710476616,0,1,1,0,0,0,0,0,0,0,1,0,1,1,0.912282710476616,-1.40997395843353,1.13335424300838
2495640,"World Wonders Hidden Histories 3",2025-08-08,"2025-08",0,1,0,0,14.99,14.99,0,"USD",2,2,0,1,0,"2 user reviews",2026-09-12 13:46:11.999684,2026-09-13 18:51:44.341825,2026-09-13,2026-09-12,401,"Windows only","$10.00-$19.99",2.77196352684586,0,1,1,0,0,0,0,0,0,0,1,0,1,1,2.77196352684586,1.12681686694233,1.07556248108863
2500460,"Inventorix",2025-09-01,"2025-09",0,1,0,0,4.99,4.99,0,"USD",129,129,0,1,8,"Very Positive",2026-09-12 13:46:22.84905,2026-09-13 18:51:46.525835,2026-09-13,2026-09-12,377,"Windows only","$0.01-$4.99",1.79009141212736,0,0,0,0,0,0,0,0,0,0,0,0,1,1,1.79009141212736,-0.212555002889199,0.613228385730558
2503550,"Operation Octo",2025-09-10,"2025-09",0,1,1,1,6.99,4.89,30,"USD",107,105,2,0.981308411214953,8,"Very Positive",2026-09-12 13:46:29.372763,2026-09-13 18:51:48.757525,2026-09-13,2026-09-12,368,"Windows + macOS + Linux","$0.01-$4.99",1.7732559976635,1,1,1,0,0,0,1,0,0,0,0,0,1,1,1.7732559976635,-0.23552019378508,0.439853099971282
2505200,"Shadows Labyrinth",2025-07-10,"2025-07",0,1,0,0,6.99,6.99,0,"USD",5,1,4,0.2,0,"5 user reviews",2026-09-12 13:46:31.426184,2026-09-13 18:51:50.811091,2026-09-13,2026-09-12,430,"Windows only","$5.00-$9.99",2.07819075977818,1,0,0,0,0,0,1,0,1,0,0,0,0,1,2.07819075977818,0.18044135190692,1.63421617964629
2507560,"Type-NOISE: Shonen Shojo",2025-09-16,"2025-09",0,1,0,0,19.99,13.99,30,"USD",118,92,26,0.779661016949153,6,"Mostly Positive",2026-09-12 13:46:39.740073,2026-09-13 18:51:53.018547,2026-09-13,2026-09-12,362,"Windows only","$10.00-$19.99",2.70738331211451,0,1,0,0,0,0,0,0,0,0,0,0,0,1,2.70738331211451,1.03872298825665,0.324269576131765
2508780,"STORY OF SEASONS: Grand Bazaar",2025-08-27,"2025-08",0,1,0,0,49.99,34.99,30,"USD",3118,2922,196,0.937139191789609,8,"Very Positive",2026-09-12 13:46:43.944805,2026-09-13 18:51:55.06996,2026-09-13,2026-09-12,382,"Windows only","$30.00+",3.58324112209094,0,0,1,0,0,0,0,0,0,0,1,0,0,1,3.58324112209094,2.23348073223332,0.709547988930155
2515280,"Slap Fighter",2025-10-15,"2025-10",0,1,0,0,14.99,14.99,0,"USD",0,0,0,,0,"No user reviews",2026-09-12 13:46:56.74288,2026-09-13 18:51:57.208146,2026-09-13,2026-09-12,333,"Windows only","$10.00-$19.99",2.77196352684586,1,0,0,0,0,0,0,0,0,0,0,1,0,0,2.77196352684586,1.12681686694233,-0.2343841224259
2521400,"愚人船 NARRENSCHIFF",2025-10-28,"2025-10",0,1,0,0,12,12,0,"USD",308,294,14,0.954545454545455,8,"Very Positive",2026-09-12 13:47:03.225351,2026-09-13 18:51:59.312617,2026-09-13,2026-09-12,320,"Windows only","$10.00-$19.99",2.56494935746154,0,1,1,1,0,0,1,0,1,0,0,0,0,1,2.56494935746154,0.844428813576136,-0.484815090744853
2522040,"Epic Trains 4",2025-09-17,"2025-09",0,1,0,1,11.99,11.99,0,"USD",4,2,2,0.5,0,"4 user reviews",2026-09-12 13:47:05.35883,2026-09-13 18:52:01.33561,2026-09-13,2026-09-12,361,"Windows + Linux","$10.00-$19.99",2.56417983068251,0,0,0,0,0,0,1,0,0,0,1,0,0,1,2.56417983068251,0.843379102004269,0.305005655491846
2522290,"Bridge Hunter",2025-11-20,"2025-11",0,1,0,0,9.99,9.99,0,"USD",12,12,0,1,7,"Positive",2026-09-12 13:47:07.576013,2026-09-13 18:52:03.4682,2026-09-13,2026-09-12,297,"Windows only","$5.00-$9.99",2.39698576841553,1,0,0,1,0,0,1,0,0,0,1,0,1,1,2.39698576841553,0.615309661548216,-0.927885265463002
2523450,"Survivors Last Stand",2025-09-05,"2025-09",0,1,0,0,2.99,2.99,0,"USD",9,8,1,0.888888888888889,0,"9 user reviews",2026-09-12 13:47:11.834238,2026-09-13 18:52:05.621606,2026-09-13,2026-09-12,373,"Windows only","$0.01-$4.99",1.38379123090177,1,0,0,0,0,0,0,0,0,0,0,0,0,1,1.38379123090177,-0.766789128987195,0.53617270317088
2523720,"Gears of War: Reloaded",2025-08-26,"2025-08",0,1,0,0,39.99,39.99,0,"USD",3923,2407,1516,0.613561050216671,5,"Mixed",2026-09-12 13:47:14.043683,2026-09-13 18:52:07.847121,2026-09-13,2026-09-12,383,"Windows only","$30.00+",3.71332813451625,1,0,0,0,0,0,0,0,0,0,0,0,0,1,3.71332813451625,2.41093244153544,0.728811909570075
2528800,"Talents",2025-07-13,"2025-07",0,1,0,1,19.99,19.99,0,"USD",13,10,3,0.769230769230769,6,"Mostly Positive",2026-09-12 13:47:28.710429,2026-09-13 18:52:09.947823,2026-09-13,2026-09-12,427,"Windows + Linux","$10.00-$19.99",3.04404613383254,0,0,1,0,0,0,1,0,0,0,1,0,0,1,3.04404613383254,1.49796478387127,1.57642441772653
2529050,"A Doctor's Term",2025-07-24,"2025-07",0,1,0,1,1.99,1.99,0,"USD",21,18,3,0.857142857142857,7,"Positive",2026-09-12 13:47:30.73918,2026-09-13 18:52:12.149854,2026-09-13,2026-09-12,416,"Windows + Linux","$0.01-$4.99",1.0952733874026,0,1,0,0,0,0,1,0,0,0,0,0,0,1,1.0952733874026,-1.16035635402041,1.36452129068742
2538520,"Double Date - Yuri Visual Novel",2025-08-07,"2025-08",0,1,0,1,4.99,4.99,0,"USD",20,20,0,1,7,"Positive",2026-09-12 13:47:50.211803,2026-09-13 18:52:14.3588,2026-09-13,2026-09-12,402,"Windows + Linux","$0.01-$4.99",1.79009141212736,0,1,1,0,0,0,1,0,0,0,0,0,0,1,1.79009141212736,-0.212555002889199,1.09482640172854
2545710,"Tony Hawk's<U+2122> Pro Skater<U+2122> 3 + 4",2025-07-10,"2025-07",0,1,0,0,49.99,27.49,45,"USD",1549,1062,487,0.685603615235636,5,"Mixed",2026-09-12 13:48:03.013083,2026-09-13 18:52:16.443059,2026-09-13,2026-09-12,430,"Windows only","$20.00-$29.99",3.34955314850982,0,0,0,0,0,0,0,0,0,0,0,1,0,1,3.34955314850982,1.91470693935275,1.63421617964629
2548500,"Evil Doll",2025-12-11,"2025-12",0,1,0,0,2.99,2.99,0,"USD",7,6,1,0.857142857142857,0,"7 user reviews",2026-09-12 13:48:09.30953,2026-09-13 18:52:18.66982,2026-09-13,2026-09-12,276,"Windows only","$0.01-$4.99",1.38379123090177,1,1,0,0,0,0,1,0,0,0,0,0,0,1,1.38379123090177,-0.766789128987195,-1.33242759890131
2549190,"The Final Breath",2025-07-20,"2025-07",0,1,0,0,14.99,14.99,0,"USD",2,2,0,1,0,"2 user reviews",2026-09-12 13:48:13.51758,2026-09-13 18:52:20.905805,2026-09-13,2026-09-12,420,"Windows only","$10.00-$19.99",2.77196352684586,0,1,0,0,0,0,1,0,1,0,0,0,0,1,2.77196352684586,1.12681686694233,1.4415769732471
2549240,"Toree Saturn",2025-08-08,"2025-08",0,1,0,0,4.99,4.99,0,"USD",412,384,28,0.932038834951456,8,"Very Positive",2026-09-12 13:48:15.73096,2026-09-13 18:52:23.032628,2026-09-13,2026-09-12,401,"Windows only","$0.01-$4.99",1.79009141212736,1,0,0,0,0,0,0,0,0,0,0,0,0,1,1.79009141212736,-0.212555002889199,1.07556248108863
2549930,"Ostrich Farm",2025-07-02,"2025-07",0,1,0,0,9.99,9.99,0,"USD",16,12,4,0.75,6,"Mostly Positive",2026-09-12 13:48:19.746234,2026-09-13 18:52:25.287398,2026-09-13,2026-09-12,438,"Windows only","$5.00-$9.99",2.39698576841553,0,0,1,0,0,0,1,0,0,0,1,0,0,1,2.39698576841553,0.615309661548216,1.78832754476565
2550790,"Live Hard, Die Hard",2025-11-19,"2025-11",0,1,1,0,4.99,4.99,0,"USD",83,74,9,0.891566265060241,8,"Very Positive",2026-09-12 13:48:21.865738,2026-09-13 18:52:27.518468,2026-09-13,2026-09-12,298,"Windows + macOS","$0.01-$4.99",1.79009141212736,0,0,0,0,0,0,1,0,1,0,1,0,1,1,1.79009141212736,-0.212555002889199,-0.908621344823082
2552750,"Dark Ride: The Feline Fix",2025-12-02,"2025-12",0,1,0,0,1.99,1.99,0,"USD",4,2,2,0.5,0,"4 user reviews",2026-09-12 13:48:28.229293,2026-09-13 18:52:29.53896,2026-09-13,2026-09-12,285,"Windows only","$0.01-$4.99",1.0952733874026,0,1,1,0,0,0,1,0,0,0,1,0,0,1,1.0952733874026,-1.16035635402041,-1.15905231314204
2554740,"Operation Noogy",2025-11-09,"2025-11",0,1,0,0,9.99,9.99,0,"USD",0,0,0,,0,"No user reviews",2026-09-12 13:48:30.303532,2026-09-13 18:52:31.749141,2026-09-13,2026-09-12,308,"Windows only","$5.00-$9.99",2.39698576841553,1,0,1,0,0,0,1,0,0,0,0,0,0,0,2.39698576841553,0.615309661548216,-0.715982138423887
2555950,"Million Depth",2025-11-11,"2025-11",0,1,0,0,16.99,11.89,30,"USD",667,621,46,0.931034482758621,8,"Very Positive",2026-09-12 13:48:32.375436,2026-09-13 18:52:34.004358,2026-09-13,2026-09-12,306,"Windows only","$10.00-$19.99",2.5564518169511,1,0,0,0,0,0,1,0,0,0,0,0,1,1,2.5564518169511,0.832837317543375,-0.754509979703726
2559960,"RED DAWN",2025-12-18,"2025-12",0,1,0,0,12.99,12.99,0,"USD",83,76,7,0.91566265060241,8,"Very Positive",2026-09-12 13:48:36.6868,2026-09-13 18:52:36.037029,2026-09-13,2026-09-12,269,"Windows only","$10.00-$19.99",2.63834278867739,0,0,0,1,0,0,1,0,1,0,1,0,1,1,2.63834278867739,0.944544801928764,-1.46727504338075
2560340,"Bonaparte - A Mechanized Revolution",2025-11-09,"2025-11",0,1,0,0,24.99,24.99,0,"USD",72,49,23,0.680555555555556,5,"Mixed",2026-09-12 13:48:41.006778,2026-09-13 18:52:38.229819,2026-09-13,2026-09-12,308,"Windows only","$20.00-$29.99",3.2577118486534,0,0,0,0,0,0,0,0,0,0,1,0,1,1,3.2577118486534,1.78942621116778,-0.715982138423887
2560730,"SauceLore",2025-08-28,"2025-08",0,1,1,0,9.99,9.99,0,"USD",10,10,0,1,7,"Positive",2026-09-12 13:48:43.242846,2026-09-13 18:52:40.30243,2026-09-13,2026-09-12,381,"Windows + macOS","$5.00-$9.99",2.39698576841553,0,1,0,0,0,0,1,0,1,0,0,0,0,1,2.39698576841553,0.615309661548216,0.690284068290236
2561810,"HamSumo",2025-08-29,"2025-08",0,1,0,0,10.99,10.99,0,"USD",5,5,0,1,0,"5 user reviews",2026-09-12 13:48:45.478324,2026-09-13 18:52:42.50512,2026-09-13,2026-09-12,380,"Windows only","$10.00-$19.99",2.48407296903942,1,0,1,0,0,0,1,0,0,0,0,0,0,1,2.48407296903942,0.734105322398058,0.671020147650316
2567380,"Luctus",2025-09-29,"2025-09",0,1,0,0,9.99,9.99,0,"USD",62,59,3,0.951612903225806,8,"Very Positive",2026-09-12 13:48:58.181603,2026-09-13 18:52:44.63998,2026-09-13,2026-09-12,349,"Windows only","$5.00-$9.99",2.39698576841553,1,1,0,0,0,0,1,0,1,0,0,0,0,1,2.39698576841553,0.615309661548216,0.0738386078128119
2568650,"Carnival Survivors The Parade",2025-09-24,"2025-09",0,1,0,0,4.99,4.99,0,"USD",7,7,0,1,0,"7 user reviews",2026-09-12 13:49:04.51522,2026-09-13 18:52:46.867311,2026-09-13,2026-09-12,354,"Windows only","$0.01-$4.99",1.79009141212736,1,0,1,0,0,0,0,0,0,0,0,0,0,1,1.79009141212736,-0.212555002889199,0.170158211012409
2568800,"Astral Outcast",2025-11-14,"2025-11",0,1,0,0,12.99,12.99,0,"USD",4,4,0,1,0,"4 user reviews",2026-09-12 13:49:06.748835,2026-09-13 18:52:49.094149,2026-09-13,2026-09-12,303,"Windows only","$10.00-$19.99",2.63834278867739,1,1,0,1,0,0,1,0,1,0,0,0,0,1,2.63834278867739,0.944544801928764,-0.812301741623485
2571730,"Halchemist",2025-12-11,"2025-12",0,1,0,0,12.99,12.99,0,"USD",3,3,0,1,0,"3 user reviews",2026-09-12 13:49:08.963939,2026-09-13 18:52:51.25427,2026-09-13,2026-09-12,276,"Windows only","$10.00-$19.99",2.63834278867739,1,1,0,1,0,0,1,0,0,0,0,0,0,1,2.63834278867739,0.944544801928764,-1.33242759890131
2576200,"Into The Grid",2025-11-10,"2025-11",0,1,1,1,14.99,11.99,20,"USD",195,162,33,0.830769230769231,8,"Very Positive",2026-09-12 13:49:19.742188,2026-09-13 18:52:53.369158,2026-09-13,2026-09-12,307,"Windows + macOS + Linux","$10.00-$19.99",2.56417983068251,0,0,0,1,0,0,1,0,1,0,0,0,1,1,2.56417983068251,0.843379102004269,-0.735246059063807
2582140,"Seafarer: The Ship Sim",2025-10-07,"2025-10",0,1,0,0,34.99,20.99,40,"USD",1905,1234,671,0.647769028871391,5,"Mixed",2026-09-12 13:49:39.037276,2026-09-13 18:52:55.532383,2026-09-13,2026-09-12,341,"Windows only","$20.00-$29.99",3.09058780456667,0,0,1,1,0,0,0,0,0,0,1,0,0,1,3.09058780456667,1.56145228251983,-0.080272757306544
2583940,"Battlesmiths: Blade and Forge",2025-09-22,"2025-09",1,1,1,1,,,,,0,0,0,,0,"No user reviews",2026-09-12 13:49:47.260759,2026-09-13 18:52:57.648347,2026-09-13,2026-09-12,356,"Windows + macOS + Linux","Free",,0,1,0,0,0,0,1,1,1,0,1,0,1,0,,0,0.208686052292248
2588400,"Robokid",2025-10-10,"2025-10",0,1,0,0,0.99,0.99,0,"USD",1,1,0,1,0,"1 user reviews",2026-09-12 13:49:55.66219,2026-09-13 18:52:59.796605,2026-09-13,2026-09-12,338,"Windows only","$0.01-$4.99",0.688134638736401,1,1,0,1,0,0,1,0,0,0,0,0,0,1,0.688134638736401,-1.71573437006504,-0.138064519226302
2597810,"Afallon",2025-11-27,"2025-11",0,1,0,0,11.99,11.99,0,"USD",256,203,53,0.79296875,6,"Mostly Positive",2026-09-12 13:50:21.049286,2026-09-13 18:53:01.910024,2026-09-13,2026-09-12,290,"Windows only","$10.00-$19.99",2.56417983068251,1,1,0,1,0,0,1,0,1,0,0,0,0,1,2.56417983068251,0.843379102004269,-1.06273270994244
2602230,"MotionRec",2025-10-27,"2025-10",0,1,0,0,9.99,9.99,0,"USD",425,423,2,0.995294117647059,8,"Very Positive",2026-09-12 13:50:33.93434,2026-09-13 18:53:03.931283,2026-09-13,2026-09-12,321,"Windows only","$5.00-$9.99",2.39698576841553,1,1,1,0,0,0,1,0,0,0,0,0,0,1,2.39698576841553,0.615309661548216,-0.465551170104934
2604780,"World of blind",2025-07-28,"2025-07",0,1,0,0,0.99,0.99,0,"USD",5,3,2,0.6,0,"5 user reviews",2026-09-12 13:50:36.120117,2026-09-13 18:53:06.033461,2026-09-13,2026-09-12,412,"Windows only","$0.01-$4.99",0.688134638736401,0,0,1,0,0,0,1,0,1,0,1,0,0,1,0.688134638736401,-1.71573437006504,1.28746560812774
2607180,"Mecha Blitz",2025-11-07,"2025-11",0,1,0,0,9.99,9.99,0,"USD",3,3,0,1,0,"3 user reviews",2026-09-12 13:50:42.47804,2026-09-13 18:53:08.135922,2026-09-13,2026-09-12,310,"Windows only","$5.00-$9.99",2.39698576841553,1,0,0,0,0,0,1,0,0,0,1,0,0,1,2.39698576841553,0.615309661548216,-0.677454297144048
2610880,"Duskpunk",2025-11-19,"2025-11",0,1,1,1,19.99,19.99,0,"USD",170,155,15,0.911764705882353,8,"Very Positive",2026-09-12 13:50:50.906931,2026-09-13 18:53:10.314823,2026-09-13,2026-09-12,298,"Windows + macOS + Linux","$10.00-$19.99",3.04404613383254,0,1,0,0,0,0,1,0,1,0,0,0,0,1,3.04404613383254,1.49796478387127,-0.908621344823082
2615540,"VOID/BREAKER",2025-08-19,"2025-08",0,1,0,0,29.99,29.99,0,"USD",2499,2291,208,0.916766706682673,8,"Very Positive",2026-09-12 13:50:59.299735,2026-09-13 18:53:12.367571,2026-09-13,2026-09-12,390,"Windows only","$20.00-$29.99",3.43366457179966,1,1,0,1,0,0,1,0,1,0,1,1,0,1,3.43366457179966,2.02944334198315,0.863659354049511
2617360,"Paddle Protectors",2025-12-31,"2025-12",0,1,0,0,5.99,5.99,0,"USD",5,3,2,0.6,0,"5 user reviews",2026-09-12 13:51:03.605,2026-09-13 18:53:14.420035,2026-09-13,2026-09-12,256,"Windows only","$5.00-$9.99",1.94448055624572,0,0,1,0,0,0,1,0,0,0,0,0,1,1,1.94448055624572,-0.00195275282042951,-1.7177060116997
2621760,"Checkout Blitz: The Shopping Dead",2025-08-18,"2025-08",0,1,0,1,4.99,4.99,0,"USD",9,9,0,1,0,"9 user reviews",2026-09-12 13:51:09.743011,2026-09-13 18:53:16.472992,2026-09-13,2026-09-12,391,"Windows + Linux","$0.01-$4.99",1.79009141212736,1,0,1,0,0,0,1,0,0,0,0,0,0,1,1.79009141212736,-0.212555002889199,0.88292327468943
2622330,"Alternate Tales of Ryukyu:Bonds of the Red Sakura Trees",2025-11-17,"2025-11",0,1,0,0,8.99,8.99,0,"USD",2,2,0,1,0,"2 user reviews",2026-09-12 13:51:11.874207,2026-09-13 18:53:18.543103,2026-09-13,2026-09-12,300,"Windows only","$5.00-$9.99",2.30158459266046,0,1,0,0,0,0,0,0,0,0,0,0,0,1,2.30158459266046,0.485172906221557,-0.870093503543243
2632690,"FoMO",2025-07-21,"2025-07",0,1,0,1,9.49,9.49,0,"USD",6,5,1,0.833333333333333,0,"6 user reviews",2026-09-12 13:51:33.190479,2026-09-13 18:53:20.688888,2026-09-13,2026-09-12,419,"Windows + Linux","$5.00-$9.99",2.35042242240821,0,0,0,0,0,0,1,0,0,0,0,0,0,1,2.35042242240821,0.551792595656878,1.42231305260718
2635670,"Cycle Idle RPG",2025-11-22,"2025-11",1,1,0,0,,,,,0,0,0,,0,"No user reviews",2026-09-12 13:51:43.760802,2026-09-13 18:53:22.906638,2026-09-13,2026-09-12,295,"Windows only","Free",,0,0,0,0,0,0,0,0,1,0,0,0,0,0,,0,-0.966413106742841
2642760,"Back to Hearth",2025-09-25,"2025-09",0,1,1,1,3.99,3.99,0,"USD",339,333,6,0.982300884955752,8,"Very Positive",2026-09-12 13:52:00.789051,2026-09-13 18:53:24.958887,2026-09-13,2026-09-12,353,"Windows + macOS + Linux","$0.01-$4.99",1.60743590976343,0,0,1,0,0,0,0,0,0,0,0,0,0,1,1.60743590976343,-0.461715395641907,0.15089429037249
2643010,"Becoming Saint",2025-07-15,"2025-07",0,1,1,1,14.99,5.99,60,"USD",135,87,48,0.644444444444444,5,"Mixed",2026-09-12 13:52:05.029943,2026-09-13 18:53:26.999037,2026-09-13,2026-09-12,425,"Windows + macOS + Linux","$5.00-$9.99",1.94448055624572,0,0,0,0,0,0,1,0,0,0,1,0,1,1,1.94448055624572,-0.00195275282042951,1.53789657644669
2643880,"Build For Sale Simulator",2025-08-29,"2025-08",0,1,0,0,8.99,8.99,0,"USD",32,15,17,0.46875,5,"Mixed",2026-09-12 13:52:07.24784,2026-09-13 18:53:29.159152,2026-09-13,2026-09-12,380,"Windows only","$5.00-$9.99",2.30158459266046,0,0,1,1,0,0,1,0,0,0,1,0,0,1,2.30158459266046,0.485172906221557,0.671020147650316
2644020,"The End Grows",2025-12-06,"2025-12",0,1,0,0,9.99,9.99,0,"USD",26,24,2,0.923076923076923,7,"Positive",2026-09-12 13:52:09.399416,2026-09-13 18:53:31.379297,2026-09-13,2026-09-12,281,"Windows only","$5.00-$9.99",2.39698576841553,1,1,0,0,0,0,0,0,1,0,0,0,1,1,2.39698576841553,0.615309661548216,-1.23610799570171
2644280,"Core Miners",2025-09-30,"2025-09",0,1,0,0,1.99,1.99,0,"USD",8,1,7,0.125,0,"8 user reviews",2026-09-12 13:52:13.699878,2026-09-13 18:53:33.506289,2026-09-13,2026-09-12,348,"Windows only","$0.01-$4.99",1.0952733874026,0,0,1,1,0,0,1,0,0,0,0,0,0,1,1.0952733874026,-1.16035635402041,0.0545746871728924
2651090,"Super Stream-Bara",2025-09-15,"2025-09",0,1,0,0,6.99,6.99,0,"USD",23,22,1,0.956521739130435,7,"Positive",2026-09-12 13:52:28.497907,2026-09-13 18:53:35.558134,2026-09-13,2026-09-12,363,"Windows only","$5.00-$9.99",2.07819075977818,1,1,1,0,0,0,1,0,0,0,0,0,0,1,2.07819075977818,0.18044135190692,0.343533496771685
2653120,"Donna: The Canine Quest",2025-11-10,"2025-11",0,1,0,0,9.99,9.99,0,"USD",15,15,0,1,7,"Positive",2026-09-12 13:52:36.961067,2026-09-13 18:53:37.605939,2026-09-13,2026-09-12,307,"Windows only","$5.00-$9.99",2.39698576841553,1,1,0,0,0,0,1,0,1,0,0,0,0,1,2.39698576841553,0.615309661548216,-0.735246059063807
2653470,"Little Problems: A Cozy Detective Game",2025-09-09,"2025-09",0,1,0,0,9.99,6.99,30,"USD",447,406,41,0.9082774049217,8,"Very Positive",2026-09-12 13:52:41.29863,2026-09-13 18:53:39.695486,2026-09-13,2026-09-12,369,"Windows only","$5.00-$9.99",2.07819075977818,0,0,1,0,0,0,1,0,0,0,0,0,0,1,2.07819075977818,0.18044135190692,0.459117020611202
2653490,"非凡：out of the ordinary",2025-07-15,"2025-07",0,1,0,0,3.99,3.99,0,"USD",0,0,0,,0,"No user reviews",2026-09-12 13:52:43.516916,2026-09-13 18:53:41.963025,2026-09-13,2026-09-12,425,"Windows only","$0.01-$4.99",1.60743590976343,1,1,1,0,0,0,1,0,1,1,1,1,1,0,1.60743590976343,-0.461715395641907,1.53789657644669
2656440,"Knight Case Files",2025-11-26,"2025-11",0,1,0,0,14.99,14.99,0,"USD",5,4,1,0.8,0,"5 user reviews",2026-09-12 13:52:52.116316,2026-09-13 18:53:43.972294,2026-09-13,2026-09-12,291,"Windows only","$10.00-$19.99",2.77196352684586,0,1,0,0,0,0,1,0,0,0,0,0,0,1,2.77196352684586,1.12681686694233,-1.04346878930252
2659470,"Dune Raider",2025-12-13,"2025-12",0,1,0,0,5,5,0,"USD",0,0,0,,0,"No user reviews",2026-09-12 13:53:05.298535,2026-09-13 18:53:46.161996,2026-09-13,2026-09-12,274,"Windows only","$5.00-$9.99",1.79175946922805,1,1,0,0,0,0,0,0,0,0,0,0,0,0,1.79175946922805,-0.210279605997429,-1.37095544018115
2659530,"Stop The Slimes",2025-07-22,"2025-07",0,1,0,1,9.99,9.99,0,"USD",5,5,0,1,0,"5 user reviews",2026-09-12 13:53:07.422839,2026-09-13 18:53:48.260137,2026-09-13,2026-09-12,418,"Windows + Linux","$5.00-$9.99",2.39698576841553,1,0,0,1,0,0,1,0,0,0,0,0,1,1,2.39698576841553,0.615309661548216,1.40304913196726
2659840,"A-RED Walking Robot",2025-07-16,"2025-07",0,1,0,1,14.99,14.99,0,"USD",5,4,1,0.8,0,"5 user reviews",2026-09-12 13:53:09.515316,2026-09-13 18:53:50.454179,2026-09-13,2026-09-12,424,"Windows + Linux","$10.00-$19.99",2.77196352684586,1,1,1,0,0,0,1,0,0,0,1,0,0,1,2.77196352684586,1.12681686694233,1.51863265580677
2673560,"Wolf Knight Memoir",2025-09-12,"2025-09",0,1,1,0,4.99,4.99,0,"USD",8,7,1,0.875,0,"8 user reviews",2026-09-12 13:53:41.569847,2026-09-13 18:53:52.54529,2026-09-13,2026-09-12,366,"Windows + macOS","$0.01-$4.99",1.79009141212736,1,1,0,0,0,0,1,0,0,0,0,0,0,1,1.79009141212736,-0.212555002889199,0.401325258691443
2673790,"Endless Asphalt",2025-10-07,"2025-10",0,1,0,0,2.99,2.99,0,"USD",1,1,0,1,0,"1 user reviews",2026-09-12 13:53:43.742317,2026-09-13 18:53:54.551376,2026-09-13,2026-09-12,341,"Windows only","$0.01-$4.99",1.38379123090177,1,0,1,0,0,0,0,0,0,1,0,0,0,1,1.38379123090177,-0.766789128987195,-0.080272757306544
2676040,"Statera: Aurum",2025-09-25,"2025-09",0,1,0,0,9.5,9.5,0,"USD",3,3,0,1,0,"3 user reviews",2026-09-12 13:53:45.968008,2026-09-13 18:53:56.604663,2026-09-13,2026-09-12,353,"Windows only","$5.00-$9.99",2.35137525716348,0,1,0,1,0,0,1,0,1,0,0,0,0,1,2.35137525716348,0.553092357661195,0.15089429037249
2676220,"Pigeon's Mission",2025-12-18,"2025-12",0,1,1,0,9.99,9.99,0,"USD",13,12,1,0.923076923076923,7,"Positive",2026-09-12 13:53:48.067775,2026-09-13 18:53:58.753189,2026-09-13,2026-09-12,269,"Windows + macOS","$5.00-$9.99",2.39698576841553,1,1,1,0,0,0,1,0,0,0,0,0,0,1,2.39698576841553,0.615309661548216,-1.46727504338075
2679310,"GuildMestar",2025-12-19,"2025-12",0,1,0,0,9.99,9.99,0,"USD",2,2,0,1,0,"2 user reviews",2026-09-12 13:53:54.438671,2026-09-13 18:54:00.755707,2026-09-13,2026-09-12,268,"Windows only","$5.00-$9.99",2.39698576841553,0,1,0,0,0,0,1,0,0,0,0,0,1,1,2.39698576841553,0.615309661548216,-1.48653896402067
2685840,"Pastel☆Parade",2025-08-26,"2025-08",0,1,1,1,15.99,15.99,0,"USD",214,196,18,0.91588785046729,8,"Very Positive",2026-09-12 13:54:11.467618,2026-09-13 18:54:02.820564,2026-09-13,2026-09-12,383,"Windows + macOS + Linux","$10.00-$19.99",2.83262493568384,1,0,1,0,0,0,1,0,0,0,0,0,0,1,2.83262493568384,1.20956510203731,0.728811909570075
2687280,"Red's Ascent",2025-10-29,"2025-10",0,1,0,0,4.99,4.99,0,"USD",10,4,6,0.4,5,"Mixed",2026-09-12 13:54:20.056438,2026-09-13 18:54:04.964975,2026-09-13,2026-09-12,319,"Windows only","$0.01-$4.99",1.79009141212736,1,1,1,0,0,0,1,0,0,0,0,0,0,1,1.79009141212736,-0.212555002889199,-0.504079011384773
2687400,"GODBREAKERS",2025-10-23,"2025-10",0,1,0,0,19.99,8.99,55,"USD",809,567,242,0.700865265760198,6,"Mostly Positive",2026-09-12 13:54:24.27838,2026-09-13 18:54:07.173664,2026-09-13,2026-09-12,325,"Windows only","$5.00-$9.99",2.30158459266046,1,0,0,0,0,0,1,0,0,0,0,0,0,1,2.30158459266046,0.485172906221557,-0.388495487545256
2689930,"Detective Instinct: Farewell, My Beloved",2025-11-26,"2025-11",0,1,0,0,19.99,13.99,30,"USD",431,405,26,0.939675174013921,8,"Very Positive",2026-09-12 13:54:30.696669,2026-09-13 18:54:09.259557,2026-09-13,2026-09-12,291,"Windows only","$10.00-$19.99",2.70738331211451,0,1,0,0,0,0,0,0,0,0,0,0,0,1,2.70738331211451,1.03872298825665,-1.04346878930252
2691210,"Idle Life - An Idle Game",2025-07-14,"2025-07",0,1,0,0,4.49,4.49,0,"USD",14,12,2,0.857142857142857,7,"Positive",2026-09-12 13:54:32.767076,2026-09-13 18:54:11.497187,2026-09-13,2026-09-12,426,"Windows only","$0.01-$4.99",1.70292825552144,0,0,1,1,0,0,1,0,0,0,0,0,1,1,1.70292825552144,-0.331454275303262,1.55716049708661
2691340,"The Christopher Redemption - I",2025-10-29,"2025-10",0,1,0,0,4.99,4.99,0,"USD",1,1,0,1,0,"1 user reviews",2026-09-12 13:54:34.91631,2026-09-13 18:54:13.540911,2026-09-13,2026-09-12,319,"Windows only","$0.01-$4.99",1.79009141212736,1,1,0,0,0,0,1,0,0,0,0,0,1,1,1.79009141212736,-0.212555002889199,-0.504079011384773
2692990,"DON'T SCREAM TOGETHER",2025-12-03,"2025-12",0,1,0,0,7.99,7.99,0,"USD",2303,1141,1162,0.495440729483283,5,"Mixed",2026-09-12 13:54:39.203716,2026-09-13 18:54:15.638259,2026-09-13,2026-09-12,284,"Windows only","$5.00-$9.99",2.19611284848353,0,0,1,0,0,0,0,0,0,0,1,0,0,1,2.19611284848353,0.341298887298887,-1.17831623378195
2695430,"A.I.L.A",2025-11-25,"2025-11",0,1,0,0,29.99,29.99,0,"USD",879,716,163,0.814562002275313,8,"Very Positive",2026-09-12 13:54:47.780005,2026-09-13 18:54:17.816985,2026-09-13,2026-09-12,292,"Windows only","$20.00-$29.99",3.43366457179966,0,1,0,0,0,0,0,0,0,0,0,0,0,1,3.43366457179966,2.02944334198315,-1.0242048686626
2699550,"Fightland",2025-12-16,"2025-12",1,1,1,0,,,,,0,0,0,,0,"No user reviews",2026-09-12 13:54:58.747621,2026-09-13 18:54:19.961271,2026-09-13,2026-09-12,271,"Windows + macOS","Free",,1,0,0,0,1,0,0,0,1,0,0,0,1,0,,0,-1.42874720210091
2701070,"Major\Minor 2.0: (Re)Vision",2025-08-21,"2025-08",0,1,0,0,9.99,9.99,0,"USD",17,11,6,0.647058823529412,5,"Mixed",2026-09-12 13:55:07.094023,2026-09-13 18:54:22.0186,2026-09-13,2026-09-12,388,"Windows only","$5.00-$9.99",2.39698576841553,0,1,1,0,0,0,1,0,1,0,0,0,0,1,2.39698576841553,0.615309661548216,0.825131512769672
2701720,"Wagotabi: A Japanese Journey",2025-08-13,"2025-08",0,1,1,1,9.99,9.99,0,"USD",1534,1512,22,0.985658409387223,9,"Overwhelmingly Positive",2026-09-12 13:55:09.168217,2026-09-13 18:54:24.190887,2026-09-13,2026-09-12,396,"Windows + macOS + Linux","$5.00-$9.99",2.39698576841553,0,0,1,0,0,0,1,0,1,0,1,0,0,1,2.39698576841553,0.615309661548216,0.979242877889028
2701800,"No Players Online",2025-11-06,"2025-11",0,1,0,0,14.99,14.99,0,"USD",624,520,104,0.833333333333333,8,"Very Positive",2026-09-12 13:55:11.2547,2026-09-13 18:54:26.325484,2026-09-13,2026-09-12,311,"Windows only","$10.00-$19.99",2.77196352684586,1,1,0,0,0,0,1,0,0,0,1,0,0,1,2.77196352684586,1.12681686694233,-0.658190376504129
2705860,"Sound of Horses",2025-11-28,"2025-11",0,1,0,0,14.99,14.99,0,"USD",277,265,12,0.956678700361011,8,"Very Positive",2026-09-12 13:55:21.961308,2026-09-13 18:54:28.437996,2026-09-13,2026-09-12,289,"Windows only","$10.00-$19.99",2.77196352684586,0,1,0,1,0,0,0,0,0,0,0,0,0,1,2.77196352684586,1.12681686694233,-1.08199663058236
2707080,"Inflatum",2025-09-12,"2025-09",0,1,1,0,8.99,8.99,0,"USD",6,6,0,1,0,"6 user reviews",2026-09-12 13:55:28.174092,2026-09-13 18:54:30.600844,2026-09-13,2026-09-12,366,"Windows + macOS","$5.00-$9.99",2.30158459266046,0,1,1,0,0,0,1,0,0,0,0,0,0,1,2.30158459266046,0.485172906221557,0.401325258691443
2714970,"Backrooms Media",2025-12-16,"2025-12",0,1,0,0,7.99,7.99,0,"USD",547,218,329,0.39853747714808,4,"Mostly Negative",2026-09-12 13:55:38.622453,2026-09-13 18:54:32.776503,2026-09-13,2026-09-12,271,"Windows only","$5.00-$9.99",2.19611284848353,1,1,1,0,0,0,1,0,1,0,0,0,1,1,2.19611284848353,0.341298887298887,-1.42874720210091
2715940,"Marble Champions",2025-07-24,"2025-07",0,1,1,0,14.99,14.99,0,"USD",9,6,3,0.666666666666667,0,"9 user reviews",2026-09-12 13:55:42.786704,2026-09-13 18:54:34.98706,2026-09-13,2026-09-12,416,"Windows + macOS","$10.00-$19.99",2.77196352684586,1,0,1,0,0,0,1,0,0,1,1,1,0,1,2.77196352684586,1.12681686694233,1.36452129068742
2717150,"Releaseburg",2025-10-31,"2025-10",0,1,0,0,9.99,1.99,80,"USD",7,7,0,1,0,"7 user reviews",2026-09-12 13:55:46.930217,2026-09-13 18:54:37.089343,2026-09-13,2026-09-12,317,"Windows only","$0.01-$4.99",1.0952733874026,1,0,0,0,0,0,1,0,1,0,0,0,0,1,1.0952733874026,-1.16035635402041,-0.542606852664612
2719740,"Zero Caliber 2 Remastered",2025-10-30,"2025-10",0,1,0,0,24.99,12.49,50,"USD",432,345,87,0.798611111111111,6,"Mostly Positive",2026-09-12 13:55:53.272431,2026-09-13 18:54:39.245919,2026-09-13,2026-09-12,318,"Windows only","$10.00-$19.99",2.60194867021966,1,1,1,0,0,0,1,0,0,0,1,0,0,1,2.60194867021966,0.894899580561449,-0.523342932024692
2722610,"Grand Emprise 2: Portals Apart",2025-08-05,"2025-08",0,1,0,0,11.99,1.79,85,"USD",78,39,39,0.5,5,"Mixed",2026-09-12 13:56:02.706878,2026-09-13 18:54:41.31149,2026-09-13,2026-09-12,404,"Windows only","$0.01-$4.99",1.02604159583327,1,1,0,0,0,0,1,0,1,0,1,0,0,1,1.02604159583327,-1.25479544923045,1.13335424300838
2722680,"The Winter Mind",2025-09-07,"2025-09",0,1,0,0,0.99,0.99,0,"USD",76,50,26,0.657894736842105,5,"Mixed",2026-09-12 13:56:04.849701,2026-09-13 18:54:43.425949,2026-09-13,2026-09-12,371,"Windows only","$0.01-$4.99",0.688134638736401,0,0,0,0,0,0,1,0,0,0,0,0,0,1,0.688134638736401,-1.71573437006504,0.497644861891041
2725250,"Nientum - Op.ZERO",2025-11-24,"2025-11",0,1,0,0,19.99,19.99,0,"USD",158,155,3,0.981012658227848,8,"Very Positive",2026-09-12 13:56:22.510114,2026-09-13 18:54:45.522123,2026-09-13,2026-09-12,293,"Windows only","$10.00-$19.99",3.04404613383254,1,1,1,1,0,0,1,0,1,0,1,1,0,1,3.04404613383254,1.49796478387127,-1.00494094802268
2726960,"搜查一刻",2025-07-25,"2025-07",0,1,0,0,9.99,9.99,0,"USD",29,20,9,0.689655172413793,5,"Mixed",2026-09-12 13:56:30.903777,2026-09-13 18:54:47.567946,2026-09-13,2026-09-12,415,"Windows only","$5.00-$9.99",2.39698576841553,0,0,0,0,0,0,1,0,1,0,0,0,0,1,2.39698576841553,0.615309661548216,1.3452573700475
2727660,"GlitchSPANKR",2025-10-15,"2025-10",0,1,0,0,19.99,6.99,65,"USD",273,262,11,0.95970695970696,8,"Very Positive",2026-09-12 13:56:33.093966,2026-09-13 18:54:49.772714,2026-09-13,2026-09-12,333,"Windows only","$5.00-$9.99",2.07819075977818,0,1,1,0,0,0,0,0,0,0,0,0,0,1,2.07819075977818,0.18044135190692,-0.2343841224259
2730810,"EVERYBODY'S GOLF HOT SHOTS",2025-09-04,"2025-09",0,1,0,0,39.99,39.99,0,"USD",1048,636,412,0.606870229007634,5,"Mixed",2026-09-12 13:56:35.176171,2026-09-13 18:54:51.793594,2026-09-13,2026-09-12,374,"Windows only","$30.00+",3.71332813451625,0,0,0,0,0,0,0,0,0,0,0,1,0,1,3.71332813451625,2.41093244153544,0.555436623810799
2730970,"Westland Survival",2025-09-24,"2025-09",1,1,1,0,,,,,1,0,1,0,0,"1 user reviews",2026-09-12 13:56:37.352503,2026-09-13 18:54:53.910937,2026-09-13,2026-09-12,354,"Windows + macOS","Free",,1,1,0,0,0,0,0,0,1,0,1,0,1,1,,0,0.170158211012409
2731330,"TROLEU",2025-09-15,"2025-09",0,1,0,0,9.99,7.99,20,"USD",604,558,46,0.923841059602649,8,"Very Positive",2026-09-12 13:56:39.383127,2026-09-13 18:54:56.120341,2026-09-13,2026-09-12,363,"Windows only","$5.00-$9.99",2.19611284848353,1,0,1,0,0,0,1,0,0,0,1,0,0,1,2.19611284848353,0.341298887298887,0.343533496771685
2738630,"Dungeons & Dragons Neverwinter Nights 2: Enhanced Edition",2025-07-15,"2025-07",0,1,0,0,29.99,29.99,0,"USD",1366,650,716,0.475841874084919,5,"Mixed",2026-09-12 13:56:58.450151,2026-09-13 18:54:58.369148,2026-09-13,2026-09-12,425,"Windows only","$20.00-$29.99",3.43366457179966,1,1,0,0,0,0,0,0,1,0,0,0,0,1,3.43366457179966,2.02944334198315,1.53789657644669
2739150,"I Want to Believe",2025-09-15,"2025-09",0,1,0,0,16.99,16.99,0,"USD",47,38,9,0.808510638297872,7,"Positive",2026-09-12 13:57:00.580234,2026-09-13 18:55:00.499371,2026-09-13,2026-09-12,363,"Windows only","$10.00-$19.99",2.88981604796244,1,1,0,0,0,0,1,0,0,0,1,0,0,1,2.88981604796244,1.28757950517809,0.343533496771685
2740170,"Horse Racing Manager",2025-10-24,"2025-10",0,1,1,0,24.99,24.99,0,"USD",199,176,23,0.884422110552764,8,"Very Positive",2026-09-12 13:57:04.896475,2026-09-13 18:55:02.732995,2026-09-13,2026-09-12,324,"Windows + macOS","$20.00-$29.99",3.2577118486534,0,0,0,1,0,0,1,0,1,1,1,1,1,1,3.2577118486534,1.78942621116778,-0.407759408185175
2746540,"Warfront",2025-09-02,"2025-09",0,1,0,0,4.99,4.99,0,"USD",0,0,0,,0,"No user reviews",2026-09-12 13:57:24.030547,2026-09-13 18:55:04.832701,2026-09-13,2026-09-12,376,"Windows only","$0.01-$4.99",1.79009141212736,1,1,1,0,0,0,1,1,1,0,1,0,1,0,1.79009141212736,-0.212555002889199,0.593964465090638
2747330,"Species: Unknown",2025-10-23,"2025-10",0,1,0,0,9.99,9.99,0,"USD",9353,8853,500,0.946541216721907,8,"Very Positive",2026-09-12 13:57:30.540458,2026-09-13 18:55:06.945128,2026-09-13,2026-09-12,325,"Windows only","$5.00-$9.99",2.39698576841553,1,0,0,1,0,0,1,0,0,0,0,0,0,1,2.39698576841553,0.615309661548216,-0.388495487545256
2749000,"Inn Tycoon",2025-11-07,"2025-11",0,1,0,0,11.99,5.99,50,"USD",726,556,170,0.765840220385675,6,"Mostly Positive",2026-09-12 13:57:38.938866,2026-09-13 18:55:09.167089,2026-09-13,2026-09-12,310,"Windows only","$5.00-$9.99",1.94448055624572,0,0,1,0,0,0,0,0,0,0,1,0,1,1,1.94448055624572,-0.00195275282042951,-0.677454297144048
2749260,"Nanny's Journey",2025-10-27,"2025-10",0,1,1,0,7.99,7.99,0,"USD",0,0,0,,0,"No user reviews",2026-09-12 13:57:41.185979,2026-09-13 18:55:11.253691,2026-09-13,2026-09-12,321,"Windows + macOS","$5.00-$9.99",2.19611284848353,1,0,0,0,0,0,1,0,0,0,0,0,0,0,2.19611284848353,0.341298887298887,-0.465551170104934
2749690,"Imaginytes",2025-07-17,"2025-07",0,1,1,0,14.99,14.99,0,"USD",29,29,0,1,7,"Positive",2026-09-12 13:57:45.440758,2026-09-13 18:55:13.28695,2026-09-13,2026-09-12,423,"Windows + macOS","$10.00-$19.99",2.77196352684586,0,1,1,1,0,0,1,0,1,0,0,0,1,1,2.77196352684586,1.12681686694233,1.49936873516685
2750780,"月华辉映之刻",2025-12-05,"2025-12",0,1,0,0,11.99,11.99,0,"USD",4205,3763,442,0.894887039239001,8,"Very Positive",2026-09-12 13:57:47.632889,2026-09-13 18:55:15.325698,2026-09-13,2026-09-12,282,"Windows only","$10.00-$19.99",2.56417983068251,0,1,0,0,0,0,1,0,1,0,0,0,0,1,2.56417983068251,0.843379102004269,-1.21684407506179
2751920,"Redacted:Genome",2025-07-05,"2025-07",0,1,0,0,4.99,4.99,0,"USD",1,1,0,1,0,"1 user reviews",2026-09-12 13:57:51.920535,2026-09-13 18:55:17.576831,2026-09-13,2026-09-12,435,"Windows only","$0.01-$4.99",1.79009141212736,1,0,0,0,0,0,0,0,1,0,0,0,0,1,1.79009141212736,-0.212555002889199,1.73053578284589
2760580,"Mars Attracts",2025-09-15,"2025-09",0,1,0,0,24.99,24.99,0,"USD",208,192,16,0.923076923076923,8,"Very Positive",2026-09-12 13:58:15.27706,2026-09-13 18:55:19.665111,2026-09-13,2026-09-12,363,"Windows only","$20.00-$29.99",3.2577118486534,1,1,0,1,0,0,0,0,0,0,1,0,1,1,3.2577118486534,1.78942621116778,0.343533496771685
2764590,"Monster: Titan's Playground",2025-07-24,"2025-07",0,1,0,0,29.99,29.99,0,"USD",271,248,23,0.915129151291513,8,"Very Positive",2026-09-12 13:58:32.415325,2026-09-13 18:55:21.744013,2026-09-13,2026-09-12,416,"Windows only","$20.00-$29.99",3.43366457179966,1,0,0,1,0,0,1,0,0,0,0,0,0,1,3.43366457179966,2.02944334198315,1.36452129068742
2767430,"Wisps of the Elements",2025-10-24,"2025-10",0,1,1,1,5.99,5.99,0,"USD",0,0,0,,0,"No user reviews",2026-09-12 13:58:38.700281,2026-09-13 18:55:23.989693,2026-09-13,2026-09-12,324,"Windows + macOS + Linux","$5.00-$9.99",1.94448055624572,0,0,0,0,0,0,0,0,1,0,0,0,1,0,1.94448055624572,-0.00195275282042951,-0.407759408185175
2771910,"PANZERKAMPF<U+00AE>",2025-08-08,"2025-08",1,1,0,0,,,,,0,0,0,,0,"No user reviews",2026-09-12 13:58:47.111951,2026-09-13 18:55:26.223991,2026-09-13,2026-09-12,401,"Windows only","Free",,1,0,0,0,1,0,0,1,0,0,0,0,1,0,,0,1.07556248108863
2774180,"Finding Cats In Old City Block",2025-11-20,"2025-11",0,1,0,0,3.99,3.99,0,"USD",31,27,4,0.870967741935484,7,"Positive",2026-09-12 13:58:57.63391,2026-09-13 18:55:28.426537,2026-09-13,2026-09-12,297,"Windows only","$0.01-$4.99",1.60743590976343,0,0,1,0,0,0,1,0,0,0,0,0,0,1,1.60743590976343,-0.461715395641907,-0.927885265463002
2776450,"Multiverse Loot Hunter",2025-08-15,"2025-08",0,1,0,0,11.99,10.79,10,"USD",2583,2086,497,0.807588075880759,8,"Very Positive",2026-09-12 13:58:59.842001,2026-09-13 18:55:30.430034,2026-09-13,2026-09-12,394,"Windows only","$10.00-$19.99",2.46725171454928,0,1,1,0,0,0,1,0,1,0,1,0,1,1,2.46725171454928,0.711159447124031,0.940715036609189
2779730,"Shoomer Booter",2025-08-26,"2025-08",0,1,0,0,8.99,8.99,0,"USD",10,7,3,0.7,6,"Mostly Positive",2026-09-12 13:59:08.560014,2026-09-13 18:55:32.652892,2026-09-13,2026-09-12,383,"Windows only","$5.00-$9.99",2.30158459266046,1,1,1,0,0,0,1,0,0,0,0,0,0,1,2.30158459266046,0.485172906221557,0.728811909570075
2780980,"LOCKDOWN Protocol",2025-11-18,"2025-11",0,1,0,0,9.99,9.99,0,"USD",16566,14256,2310,0.860557768924303,8,"Very Positive",2026-09-12 13:59:12.678474,2026-09-13 18:55:34.779997,2026-09-13,2026-09-12,299,"Windows only","$5.00-$9.99",2.39698576841553,1,0,1,0,0,0,1,0,0,0,0,0,1,1,2.39698576841553,0.615309661548216,-0.889357424183163
2780990,"Paradigm Island",2025-07-31,"2025-07",0,1,0,1,14.99,14.99,0,"USD",23,19,4,0.826086956521739,7,"Positive",2026-09-12 13:59:14.899367,2026-09-13 18:55:36.957291,2026-09-13,2026-09-12,409,"Windows + Linux","$10.00-$19.99",2.77196352684586,0,1,0,0,0,0,1,0,1,0,0,0,0,1,2.77196352684586,1.12681686694233,1.22967384620798
2782500,"SWORD OF JUSTICE",2025-11-05,"2025-11",1,1,0,0,,,,,0,0,0,,0,"No user reviews",2026-09-12 13:59:19.092358,2026-09-13 18:55:39.192017,2026-09-13,2026-09-12,312,"Windows only","Free",,1,0,0,0,1,0,0,1,1,0,0,0,0,0,,0,-0.638926455864209
2783460,"Grid Warriors: Battles",2025-11-17,"2025-11",0,1,0,0,9.99,9.99,0,"USD",2,1,1,0.5,0,"2 user reviews",2026-09-12 13:59:21.106449,2026-09-13 18:55:41.223877,2026-09-13,2026-09-12,300,"Windows only","$5.00-$9.99",2.39698576841553,0,0,0,0,0,0,1,0,0,0,0,0,1,1,2.39698576841553,0.615309661548216,-0.870093503543243
2784120,"Red Riddles",2025-11-04,"2025-11",0,1,0,0,0.99,0.99,0,"USD",3,0,3,0,0,"3 user reviews",2026-09-12 13:59:23.121547,2026-09-13 18:55:43.272139,2026-09-13,2026-09-12,313,"Windows only","$0.01-$4.99",0.688134638736401,0,0,0,0,0,0,1,0,0,0,0,0,0,1,0.688134638736401,-1.71573437006504,-0.61966253522429
2784440,"Storage Looter",2025-08-11,"2025-08",0,1,0,0,7.99,7.99,0,"USD",20,20,0,1,7,"Positive",2026-09-12 13:59:25.176092,2026-09-13 18:55:45.447645,2026-09-13,2026-09-12,398,"Windows only","$5.00-$9.99",2.19611284848353,0,0,1,0,0,0,1,0,0,0,1,0,0,1,2.19611284848353,0.341298887298887,1.01777071916887
2784500,"FourKnightVariant",2025-10-20,"2025-10",0,1,0,0,2.99,2.99,0,"USD",0,0,0,,0,"No user reviews",2026-09-12 13:59:27.391422,2026-09-13 18:55:47.588046,2026-09-13,2026-09-12,328,"Windows only","$0.01-$4.99",1.38379123090177,0,0,1,0,0,0,1,0,0,0,0,0,1,0,1.38379123090177,-0.766789128987195,-0.330703725625497
2786550,"CURE - A Hospital Simulator",2025-11-20,"2025-11",0,1,0,0,9.99,9.99,0,"USD",822,713,109,0.867396593673966,8,"Very Positive",2026-09-12 13:59:35.828147,2026-09-13 18:55:49.706877,2026-09-13,2026-09-12,297,"Windows only","$5.00-$9.99",2.39698576841553,0,0,0,1,0,0,0,0,0,0,1,0,0,1,2.39698576841553,0.615309661548216,-0.927885265463002
2786660,"Barbie<U+2122> Horse Trails",2025-10-10,"2025-10",0,1,0,0,39.99,39.99,0,"USD",27,18,9,0.666666666666667,5,"Mixed",2026-09-12 13:59:42.291095,2026-09-13 18:55:51.912237,2026-09-13,2026-09-12,338,"Windows only","$30.00+",3.71332813451625,1,1,1,0,0,0,0,0,0,0,0,0,0,1,3.71332813451625,2.41093244153544,-0.138064519226302
2787680,"Candy Rangers",2025-10-02,"2025-10",0,1,0,0,14.99,7.49,50,"USD",30,26,4,0.866666666666667,7,"Positive",2026-09-12 13:59:46.35918,2026-09-13 18:55:54.042678,2026-09-13,2026-09-12,346,"Windows only","$5.00-$9.99",2.13888900032326,1,1,0,0,0,0,1,0,0,0,0,0,0,1,2.13888900032326,0.263239829137985,0.0160468458930535
2788430,"Alchemy of the Earth",2025-08-13,"2025-08",0,1,0,0,7.99,7.99,0,"USD",21,13,8,0.619047619047619,5,"Mixed",2026-09-12 13:59:48.530446,2026-09-13 18:55:56.080657,2026-09-13,2026-09-12,396,"Windows only","$5.00-$9.99",2.19611284848353,1,1,1,0,0,0,1,0,1,0,1,0,1,1,2.19611284848353,0.341298887298887,0.979242877889028
2790160,"Missile Command Delta",2025-07-08,"2025-07",0,1,0,0,19.99,19.99,0,"USD",31,26,5,0.838709677419355,7,"Positive",2026-09-12 13:59:52.698243,2026-09-13 18:55:58.106601,2026-09-13,2026-09-12,432,"Windows only","$10.00-$19.99",3.04404613383254,0,1,0,0,0,0,1,0,0,0,0,0,1,1,3.04404613383254,1.49796478387127,1.67274402092613
2791540,"Astro Felix",2025-09-29,"2025-09",1,1,0,0,,,,,0,0,0,,0,"No user reviews",2026-09-12 13:59:56.947155,2026-09-13 18:56:00.161645,2026-09-13,2026-09-12,349,"Windows only","Free",,0,0,1,0,1,0,1,0,0,0,0,0,0,0,,0,0.0738386078128119
2794390,"Pinono and the magic fiddle",2025-11-27,"2025-11",0,1,0,0,8.99,8.99,0,"USD",0,0,0,,0,"No user reviews",2026-09-12 14:00:05.616604,2026-09-13 18:56:02.212018,2026-09-13,2026-09-12,290,"Windows only","$5.00-$9.99",2.30158459266046,0,0,0,0,0,0,1,0,1,0,0,0,0,0,2.30158459266046,0.485172906221557,-1.06273270994244
2797650,"Pip My Dice",2025-07-25,"2025-07",0,1,0,1,10.99,7.69,30,"USD",133,116,17,0.87218045112782,8,"Very Positive",2026-09-12 14:00:11.877879,2026-09-13 18:56:04.363048,2026-09-13,2026-09-12,415,"Windows + Linux","$5.00-$9.99",2.1621729392773,0,0,1,0,0,0,1,0,0,0,0,0,1,1,2.1621729392773,0.295001453066843,1.3452573700475
2804440,"草地清理工",2025-07-18,"2025-07",1,1,0,0,,,,,0,0,0,,0,"No user reviews",2026-09-12 14:00:27.083216,2026-09-13 18:56:06.588388,2026-09-13,2026-09-12,422,"Windows only","Free",,1,1,1,1,1,0,1,0,1,0,0,0,0,0,,0,1.48010481452693
2806120,"Bio Goddess : Doomsday Begins",2025-11-02,"2025-11",0,1,0,0,23.99,23.99,0,"USD",308,261,47,0.847402597402597,8,"Very Positive",2026-09-12 14:00:29.200032,2026-09-13 18:56:08.855838,2026-09-13,2026-09-12,315,"Windows only","$20.00-$29.99",3.21847574484686,1,1,0,1,0,0,1,0,1,0,0,0,0,1,3.21847574484686,1.73590423724419,-0.581134693944451
2807240,"Swamp Up",2025-09-16,"2025-09",0,1,0,0,4.99,4.99,0,"USD",18,18,0,1,7,"Positive",2026-09-12 14:00:31.379942,2026-09-13 18:56:10.941551,2026-09-13,2026-09-12,362,"Windows only","$0.01-$4.99",1.79009141212736,1,1,1,0,0,0,1,0,0,0,0,0,0,1,1.79009141212736,-0.212555002889199,0.324269576131765
2808530,"KILLBEAT",2025-07-21,"2025-07",0,1,0,1,9.99,9.99,0,"USD",24,24,0,1,7,"Positive",2026-09-12 14:00:37.841315,2026-09-13 18:56:13.067278,2026-09-13,2026-09-12,419,"Windows + Linux","$5.00-$9.99",2.39698576841553,1,0,0,0,0,0,1,0,0,0,0,0,0,1,2.39698576841553,0.615309661548216,1.42231305260718
2810550,"PAGER",2025-08-06,"2025-08",0,1,0,0,9.99,9.99,0,"USD",139,123,16,0.884892086330935,8,"Very Positive",2026-09-12 14:00:42.130379,2026-09-13 18:56:15.270866,2026-09-13,2026-09-12,403,"Windows only","$5.00-$9.99",2.39698576841553,0,1,0,0,0,0,1,0,0,0,1,0,0,1,2.39698576841553,0.615309661548216,1.11409032236846
2812670,"The Maze Survivor: The 9th Entrants",2025-07-13,"2025-07",0,1,0,0,8.99,8.99,0,"USD",62,51,11,0.82258064516129,8,"Very Positive",2026-09-12 14:00:55.162886,2026-09-13 18:56:17.333784,2026-09-13,2026-09-12,427,"Windows only","$5.00-$9.99",2.30158459266046,1,1,0,0,0,0,1,0,0,0,0,0,0,1,2.30158459266046,0.485172906221557,1.57642441772653
2813900,"The Office Killer",2025-10-27,"2025-10",0,1,0,0,9.99,9.99,0,"USD",13,12,1,0.923076923076923,7,"Positive",2026-09-12 14:00:57.317287,2026-09-13 18:56:19.354799,2026-09-13,2026-09-12,321,"Windows only","$5.00-$9.99",2.39698576841553,1,0,0,0,0,0,1,0,0,0,1,0,0,1,2.39698576841553,0.615309661548216,-0.465551170104934
2815080,"Forgotten 23",2025-07-18,"2025-07",0,1,1,0,12.99,12.99,0,"USD",14,13,1,0.928571428571429,7,"Positive",2026-09-12 14:01:01.520248,2026-09-13 18:56:21.531939,2026-09-13,2026-09-12,422,"Windows + macOS","$10.00-$19.99",2.63834278867739,0,1,0,0,0,0,1,0,0,0,0,0,0,1,2.63834278867739,0.944544801928764,1.48010481452693
2815570,"Fur and Void",2025-12-18,"2025-12",0,1,0,1,9.99,9.99,0,"USD",2,0,2,0,0,"2 user reviews",2026-09-12 14:01:03.645427,2026-09-13 18:56:23.569238,2026-09-13,2026-09-12,269,"Windows + Linux","$5.00-$9.99",2.39698576841553,0,0,0,0,0,0,0,0,1,0,0,0,1,1,2.39698576841553,0.615309661548216,-1.46727504338075
2819920,"OOLO",2025-08-19,"2025-08",0,1,0,0,14.99,14.99,0,"USD",21,21,0,1,7,"Positive",2026-09-12 14:01:23.331127,2026-09-13 18:56:25.648939,2026-09-13,2026-09-12,390,"Windows only","$10.00-$19.99",2.77196352684586,0,1,0,0,0,0,1,0,0,0,0,0,0,1,2.77196352684586,1.12681686694233,0.863659354049511
2820450,"WuKong Up",2025-08-19,"2025-08",0,1,0,0,4.99,4.99,0,"USD",3,2,1,0.666666666666667,0,"3 user reviews",2026-09-12 14:01:25.494176,2026-09-13 18:56:27.735504,2026-09-13,2026-09-12,390,"Windows only","$0.01-$4.99",1.79009141212736,1,1,1,0,0,0,1,0,1,0,1,0,0,1,1.79009141212736,-0.212555002889199,0.863659354049511
2821700,"Warranted Humanity",2025-07-09,"2025-07",0,1,0,0,11.99,11.99,0,"USD",6,5,1,0.833333333333333,0,"6 user reviews",2026-09-12 14:01:36.308825,2026-09-13 18:56:29.757942,2026-09-13,2026-09-12,431,"Windows only","$10.00-$19.99",2.56417983068251,1,0,0,0,0,0,1,0,0,0,1,0,1,1,2.56417983068251,0.843379102004269,1.65348010028621
2823790,"Casino Management Simulator",2025-11-25,"2025-11",0,1,0,0,12.99,12.99,0,"USD",20,12,8,0.6,5,"Mixed",2026-09-12 14:01:44.882017,2026-09-13 18:56:31.950849,2026-09-13,2026-09-12,292,"Windows only","$10.00-$19.99",2.63834278867739,0,1,1,1,0,0,1,0,0,0,1,0,0,1,2.63834278867739,0.944544801928764,-1.0242048686626
2824490,"He is Coming",2025-07-17,"2025-07",0,1,0,0,19.99,19.99,0,"USD",3818,3236,582,0.847564169722368,8,"Very Positive",2026-09-12 14:01:51.481692,2026-09-13 18:56:34.066705,2026-09-13,2026-09-12,423,"Windows only","$10.00-$19.99",3.04404613383254,0,0,0,1,0,0,0,0,1,0,0,0,1,1,3.04404613383254,1.49796478387127,1.49936873516685
2824780,"TORSO TENNIS",2025-09-24,"2025-09",0,1,0,0,4.99,4.99,0,"USD",62,62,0,1,8,"Very Positive",2026-09-12 14:01:55.639326,2026-09-13 18:56:36.305697,2026-09-13,2026-09-12,354,"Windows only","$0.01-$4.99",1.79009141212736,1,0,1,0,0,0,1,0,0,0,0,1,0,1,1.79009141212736,-0.212555002889199,0.170158211012409
2825390,"My Adventure Book",2025-08-07,"2025-08",1,1,0,0,,,,,0,0,0,,0,"No user reviews",2026-09-12 14:02:04.336868,2026-09-13 18:56:38.437667,2026-09-13,2026-09-12,402,"Windows only","Free",,0,1,1,0,1,0,1,0,0,0,0,0,0,0,,0,1.09482640172854
2825880,"Death Howl",2025-12-09,"2025-12",0,1,0,0,19.99,19.99,0,"USD",1288,1196,92,0.928571428571429,8,"Very Positive",2026-09-12 14:02:06.465513,2026-09-13 18:56:40.498952,2026-09-13,2026-09-12,278,"Windows only","$10.00-$19.99",3.04404613383254,0,1,0,0,0,0,1,0,0,0,0,0,1,1,3.04404613383254,1.49796478387127,-1.29389975762147
2826670,"Melting Encyclopedia",2025-08-07,"2025-08",0,1,0,0,4.99,4.99,0,"USD",10,9,1,0.9,7,"Positive",2026-09-12 14:02:08.586051,2026-09-13 18:56:42.552702,2026-09-13,2026-09-12,402,"Windows only","$0.01-$4.99",1.79009141212736,0,1,0,0,0,0,0,0,0,0,0,0,0,1,1.79009141212736,-0.212555002889199,1.09482640172854
2827080,"Yunashi no Yume",2025-09-22,"2025-09",0,1,0,0,14.99,14.99,0,"USD",58,51,7,0.879310344827586,8,"Very Positive",2026-09-12 14:02:10.725338,2026-09-13 18:56:44.692454,2026-09-13,2026-09-12,356,"Windows only","$10.00-$19.99",2.77196352684586,0,1,0,0,0,0,1,0,0,0,0,0,0,1,2.77196352684586,1.12681686694233,0.208686052292248
2827200,"MIMESIS",2025-10-27,"2025-10",0,1,0,0,9.99,9.99,0,"USD",8339,7025,1314,0.842427149538314,8,"Very Positive",2026-09-12 14:02:12.737891,2026-09-13 18:56:46.792267,2026-09-13,2026-09-12,321,"Windows only","$5.00-$9.99",2.39698576841553,1,1,1,1,0,0,1,0,0,0,0,0,0,1,2.39698576841553,0.615309661548216,-0.465551170104934
2829750,"Deck Dash",2025-08-21,"2025-08",1,1,1,0,,,,,0,0,0,,0,"No user reviews",2026-09-12 14:02:27.689438,2026-09-13 18:56:48.925443,2026-09-13,2026-09-12,388,"Windows + macOS","Free",,0,0,1,0,1,0,1,0,0,0,0,0,1,0,,0,0.825131512769672
2831070,"Dimachaerus",2025-11-03,"2025-11",0,1,0,0,5.99,5.99,0,"USD",1,1,0,1,0,"1 user reviews",2026-09-12 14:02:31.733624,2026-09-13 18:56:50.930583,2026-09-13,2026-09-12,314,"Windows only","$5.00-$9.99",1.94448055624572,1,1,0,0,0,0,1,0,1,0,0,0,0,1,1.94448055624572,-0.00195275282042951,-0.60039861458437
2834520,"Typing Tales",2025-12-03,"2025-12",1,1,0,0,,,,,0,0,0,,0,"No user reviews",2026-09-12 14:02:42.198828,2026-09-13 18:56:53.045622,2026-09-13,2026-09-12,284,"Windows only","Free",,1,0,1,0,1,0,1,0,0,0,0,0,0,0,,0,-1.17831623378195
2835040,"Horizon Valley",2025-07-17,"2025-07",1,1,0,0,,,,,0,0,0,,0,"No user reviews",2026-09-12 14:02:44.387836,2026-09-13 18:56:55.097029,2026-09-13,2026-09-12,423,"Windows only","Free",,1,1,0,0,1,0,0,0,0,0,0,0,0,0,,0,1.49936873516685
2835650,"Randomice",2025-11-25,"2025-11",0,1,0,0,12.99,12.99,0,"USD",97,92,5,0.948453608247423,8,"Very Positive",2026-09-12 14:02:48.586491,2026-09-13 18:56:57.153725,2026-09-13,2026-09-12,292,"Windows only","$10.00-$19.99",2.63834278867739,0,1,1,0,0,0,0,0,0,0,0,0,0,1,2.63834278867739,0.944544801928764,-1.0242048686626
2836300,"3D Skills Start Here",2025-07-31,"2025-07",0,1,0,0,5.99,5.99,0,"USD",45,15,30,0.333333333333333,4,"Mostly Negative",2026-09-12 14:03:01.512829,2026-09-13 18:56:59.173666,2026-09-13,2026-09-12,409,"Windows only","$5.00-$9.99",1.94448055624572,0,1,0,1,0,0,1,0,0,0,1,0,0,1,1.94448055624572,-0.00195275282042951,1.22967384620798
2842430,"ARC TCG",2025-07-18,"2025-07",1,1,0,0,,,,,0,0,0,,0,"No user reviews",2026-09-12 14:03:20.933569,2026-09-13 18:57:01.321974,2026-09-13,2026-09-12,422,"Windows only","Free",,0,0,0,0,1,0,1,0,0,0,0,0,1,0,,0,1.48010481452693
2845770,"The Giant Crab in Space",2025-08-15,"2025-08",0,1,0,0,7.99,7.99,0,"USD",5,3,2,0.6,0,"5 user reviews",2026-09-12 14:03:27.430296,2026-09-13 18:57:03.559827,2026-09-13,2026-09-12,394,"Windows only","$5.00-$9.99",2.19611284848353,1,0,0,0,0,0,1,0,0,0,1,0,0,1,2.19611284848353,0.341298887298887,0.940715036609189
2848680,"Landmaster",2025-10-25,"2025-10",0,1,0,0,4.99,4.99,0,"USD",6,2,4,0.333333333333333,0,"6 user reviews",2026-09-12 14:03:40.757953,2026-09-13 18:57:05.734651,2026-09-13,2026-09-12,323,"Windows only","$0.01-$4.99",1.79009141212736,0,1,0,1,0,0,1,0,1,0,0,0,0,1,1.79009141212736,-0.212555002889199,-0.427023328825095
2851640,"Speed Demons 2",2025-11-21,"2025-11",0,1,0,0,14.99,14.99,0,"USD",26,24,2,0.923076923076923,7,"Positive",2026-09-12 14:03:57.740312,2026-09-13 18:57:07.772963,2026-09-13,2026-09-12,296,"Windows only","$10.00-$19.99",2.77196352684586,0,0,0,0,0,0,0,0,0,1,0,0,0,1,2.77196352684586,1.12681686694233,-0.947149186102921
2854980,"MADNESS",2025-07-16,"2025-07",0,1,0,0,3.99,3.99,0,"USD",7,7,0,1,0,"7 user reviews",2026-09-12 14:04:07.976934,2026-09-13 18:57:09.991931,2026-09-13,2026-09-12,424,"Windows only","$0.01-$4.99",1.60743590976343,1,0,0,0,0,0,0,0,0,1,0,0,0,1,1.60743590976343,-0.461715395641907,1.51863265580677
2857670,"Pot",2025-11-19,"2025-11",0,1,0,0,1.99,1.99,0,"USD",2,2,0,1,0,"2 user reviews",2026-09-12 14:04:18.678892,2026-09-13 18:57:12.014606,2026-09-13,2026-09-12,298,"Windows only","$0.01-$4.99",1.0952733874026,1,1,0,0,0,0,1,0,0,0,0,0,0,1,1.0952733874026,-1.16035635402041,-0.908621344823082
2860040,"SIS and BRO: The Cyborg Siblings",2025-09-04,"2025-09",0,1,1,1,4.99,4.99,0,"USD",1,1,0,1,0,"1 user reviews",2026-09-12 14:04:20.797958,2026-09-13 18:57:14.033879,2026-09-13,2026-09-12,374,"Windows + macOS + Linux","$0.01-$4.99",1.79009141212736,0,0,0,1,0,0,1,0,1,0,0,0,0,1,1.79009141212736,-0.212555002889199,0.555436623810799
2860870,"MonoRace",2025-12-01,"2025-12",0,1,0,0,14.99,14.99,0,"USD",0,0,0,,0,"No user reviews",2026-09-12 14:04:25.073635,2026-09-13 18:57:16.123798,2026-09-13,2026-09-12,286,"Windows only","$10.00-$19.99",2.77196352684586,0,0,0,0,0,0,1,0,0,1,0,1,0,0,2.77196352684586,1.12681686694233,-1.13978839250212
2863790,"FolkOrigin",2025-07-23,"2025-07",0,1,0,0,7.99,7.99,0,"USD",36,32,4,0.888888888888889,7,"Positive",2026-09-12 14:04:40.078887,2026-09-13 18:57:18.363268,2026-09-13,2026-09-12,417,"Windows only","$5.00-$9.99",2.19611284848353,0,0,0,0,0,0,1,0,0,0,0,0,1,1,2.19611284848353,0.341298887298887,1.38378521132734
2865190,"The Time Game",2025-11-04,"2025-11",1,1,1,1,,,,,0,0,0,,0,"No user reviews",2026-09-12 14:04:42.264759,2026-09-13 18:57:20.433228,2026-09-13,2026-09-12,313,"Windows + macOS + Linux","Free",,0,0,1,1,1,0,1,0,0,0,0,0,1,0,,0,-0.61966253522429
2865380,"Scott Whiskers: the Search for the Golden Cat",2025-12-17,"2025-12",0,1,1,1,19.99,19.99,0,"USD",9,9,0,1,0,"9 user reviews",2026-09-12 14:04:44.329111,2026-09-13 18:57:22.485102,2026-09-13,2026-09-12,270,"Windows + macOS + Linux","$10.00-$19.99",3.04404613383254,0,1,1,0,0,0,1,0,0,0,0,0,0,1,3.04404613383254,1.49796478387127,-1.44801112274083
2870530,"Battle Suit Aces",2025-10-07,"2025-10",0,1,1,0,19.99,19.99,0,"USD",346,313,33,0.904624277456647,8,"Very Positive",2026-09-12 14:05:05.841763,2026-09-13 18:57:24.544991,2026-09-13,2026-09-12,341,"Windows + macOS","$10.00-$19.99",3.04404613383254,0,1,0,0,0,0,1,0,1,0,1,0,1,1,3.04404613383254,1.49796478387127,-0.080272757306544
2870920,"Restaurats",2025-11-07,"2025-11",0,1,0,0,19.9,19.9,0,"USD",1630,1461,169,0.896319018404908,8,"Very Positive",2026-09-12 14:05:08.020736,2026-09-13 18:57:26.675597,2026-09-13,2026-09-12,310,"Windows only","$10.00-$19.99",3.03974915897077,1,0,1,0,0,0,1,0,1,0,1,0,1,1,3.03974915897077,1.49210327994528,-0.677454297144048
2871820,"祟り坂 | TATARI Curse road",2025-11-15,"2025-11",0,1,0,0,1.29,1.29,0,"USD",45,39,6,0.866666666666667,7,"Positive",2026-09-12 14:05:12.199158,2026-09-13 18:57:28.783334,2026-09-13,2026-09-12,302,"Windows only","$0.01-$4.99",0.828551817566148,1,1,0,0,0,0,1,0,0,0,0,0,0,1,0.828551817566148,-1.52419127952764,-0.831565662263404
2873860,"Sudoku Acres",2025-07-31,"2025-07",0,1,0,0,2.99,2.99,0,"USD",36,34,2,0.944444444444444,7,"Positive",2026-09-12 14:05:16.290413,2026-09-13 18:57:30.830272,2026-09-13,2026-09-12,409,"Windows only","$0.01-$4.99",1.38379123090177,0,0,1,0,0,0,0,0,0,0,0,0,0,1,1.38379123090177,-0.766789128987195,1.22967384620798
2875000,"Psycho-Kin",2025-12-04,"2025-12",0,1,0,0,7.99,7.99,0,"USD",2,2,0,1,0,"2 user reviews",2026-09-12 14:05:20.666789,2026-09-13 18:57:33.038443,2026-09-13,2026-09-12,283,"Windows only","$5.00-$9.99",2.19611284848353,1,0,0,0,0,0,1,0,0,0,0,0,1,1,2.19611284848353,0.341298887298887,-1.19758015442187
2875240,"iRboth Original intention and first sin",2025-11-30,"2025-11",0,1,0,0,3.99,3.99,0,"USD",0,0,0,,0,"No user reviews",2026-09-12 14:05:22.920455,2026-09-13 18:57:35.069641,2026-09-13,2026-09-12,287,"Windows only","$0.01-$4.99",1.60743590976343,0,0,0,0,0,0,1,0,1,0,0,0,1,0,1.60743590976343,-0.461715395641907,-1.1205244718622
2875340,"Tamako",2025-08-18,"2025-08",1,1,0,0,,,,,0,0,0,,0,"No user reviews",2026-09-12 14:05:25.061434,2026-09-13 18:57:37.178861,2026-09-13,2026-09-12,391,"Windows only","Free",,1,0,1,1,1,0,1,0,0,0,0,0,1,0,,0,0.88292327468943
2876200,"eXoSpace Combat Engineer",2025-09-14,"2025-09",0,1,0,0,14.99,14.99,0,"USD",43,35,8,0.813953488372093,7,"Positive",2026-09-12 14:05:31.490352,2026-09-13 18:57:39.248483,2026-09-13,2026-09-12,364,"Windows only","$10.00-$19.99",2.77196352684586,1,1,0,1,0,0,1,0,0,0,1,0,1,1,2.77196352684586,1.12681686694233,0.362797417411604
2877170,"TouHou Makuka Sai ~ Fantastic Danmaku Festival Part III",2025-09-24,"2025-09",0,1,0,0,13.99,13.99,0,"USD",1241,1128,113,0.908944399677679,8,"Very Positive",2026-09-12 14:05:37.786058,2026-09-13 18:57:41.364131,2026-09-13,2026-09-12,354,"Windows only","$10.00-$19.99",2.70738331211451,1,1,1,0,0,0,1,0,0,0,0,0,0,1,2.70738331211451,1.03872298825665,0.170158211012409
2877660,"Jitter",2025-11-06,"2025-11",0,1,0,0,9.99,9.99,0,"USD",164,138,26,0.841463414634146,8,"Very Positive",2026-09-12 14:05:39.874627,2026-09-13 18:57:43.488057,2026-09-13,2026-09-12,311,"Windows only","$5.00-$9.99",2.39698576841553,1,1,0,1,0,0,1,0,0,0,1,0,0,1,2.39698576841553,0.615309661548216,-0.658190376504129
2878450,"Master of Command",2025-10-27,"2025-10",0,1,0,0,29.99,22.49,25,"USD",3807,3508,299,0.921460467559758,8,"Very Positive",2026-09-12 14:05:43.992703,2026-09-13 18:57:45.539568,2026-09-13,2026-09-12,321,"Windows only","$20.00-$29.99",3.15657479867082,0,0,0,0,0,0,0,0,0,0,0,0,1,1,3.15657479867082,1.6514651491172,-0.465551170104934
2879980,"ZAKO NO AHIRU",2025-11-21,"2025-11",0,1,0,0,6.99,6.99,0,"USD",277,243,34,0.877256317689531,8,"Very Positive",2026-09-12 14:05:54.659127,2026-09-13 18:57:47.606642,2026-09-13,2026-09-12,296,"Windows only","$5.00-$9.99",2.07819075977818,1,0,1,0,0,0,1,0,0,0,0,0,0,1,2.07819075977818,0.18044135190692,-0.947149186102921
2881170,"My fair damnation",2025-12-08,"2025-12",0,1,0,0,3.99,3.99,0,"USD",1,1,0,1,0,"1 user reviews",2026-09-12 14:05:56.831726,2026-09-13 18:57:49.665306,2026-09-13,2026-09-12,279,"Windows only","$0.01-$4.99",1.60743590976343,1,1,0,0,0,0,1,0,0,0,0,0,0,1,1.60743590976343,-0.461715395641907,-1.27463583698155
2886690,"Human Sacrifice",2025-10-30,"2025-10",0,1,0,0,1.99,1.99,0,"USD",2,2,0,1,0,"2 user reviews",2026-09-12 14:06:09.972311,2026-09-13 18:57:51.902109,2026-09-13,2026-09-12,318,"Windows only","$0.01-$4.99",1.0952733874026,0,0,0,0,0,0,1,0,0,0,0,0,0,1,1.0952733874026,-1.16035635402041,-0.523342932024692
2886700,"Star Scum",2025-08-07,"2025-08",0,1,1,1,14.99,14.99,0,"USD",6,5,1,0.833333333333333,0,"6 user reviews",2026-09-12 14:06:12.061169,2026-09-13 18:57:54.037856,2026-09-13,2026-09-12,402,"Windows + macOS + Linux","$10.00-$19.99",2.77196352684586,0,0,0,1,0,0,1,0,0,0,0,0,1,1,2.77196352684586,1.12681686694233,1.09482640172854
2887400,"Chicklet",2025-08-22,"2025-08",0,1,1,1,4.99,4.99,0,"USD",0,0,0,,0,"No user reviews",2026-09-12 14:06:18.344334,2026-09-13 18:57:56.214601,2026-09-13,2026-09-12,387,"Windows + macOS + Linux","$0.01-$4.99",1.79009141212736,0,1,1,0,0,0,1,0,0,0,0,0,0,0,1.79009141212736,-0.212555002889199,0.805867592129753
2891580,"Puzzled Hive",2025-12-05,"2025-12",0,1,0,0,5.99,5.99,0,"USD",16,16,0,1,7,"Positive",2026-09-12 14:06:28.80681,2026-09-13 18:57:58.445979,2026-09-13,2026-09-12,282,"Windows only","$5.00-$9.99",1.94448055624572,0,0,0,0,0,0,1,0,0,0,0,0,0,1,1.94448055624572,-0.00195275282042951,-1.21684407506179
2892040,"The Shadowed Rune",2025-12-04,"2025-12",0,1,0,0,9.95,9.95,0,"USD",41,41,0,1,7,"Positive",2026-09-12 14:06:31.032951,2026-09-13 18:58:00.587345,2026-09-13,2026-09-12,283,"Windows only","$5.00-$9.99",2.39333945626251,1,1,0,1,0,0,1,0,1,0,0,0,0,1,2.39333945626251,0.610335726701537,-1.19758015442187
2892560,"AO: Containment Breach",2025-11-30,"2025-11",0,1,0,0,9.99,9.99,0,"USD",2,2,0,1,0,"2 user reviews",2026-09-12 14:06:33.169041,2026-09-13 18:58:02.741447,2026-09-13,2026-09-12,287,"Windows only","$5.00-$9.99",2.39698576841553,1,0,0,1,0,0,1,0,1,0,0,0,1,1,2.39698576841553,0.615309661548216,-1.1205244718622
2893530,"Pillaged Village: Humbled by Savages",2025-10-15,"2025-10",0,1,0,0,14.99,10.49,30,"USD",25,17,8,0.68,5,"Mixed",2026-09-12 14:06:37.785265,2026-09-13 18:58:04.80092,2026-09-13,2026-09-12,333,"Windows only","$10.00-$19.99",2.44147709186066,0,1,0,0,0,0,0,0,1,0,0,0,0,1,2.44147709186066,0.676000281213153,-0.2343841224259
2893820,"Of Ash and Steel",2025-11-24,"2025-11",0,1,0,0,29.99,29.99,0,"USD",6044,3999,2045,0.661647915287889,5,"Mixed",2026-09-12 14:06:42.113374,2026-09-13 18:58:06.848939,2026-09-13,2026-09-12,293,"Windows only","$20.00-$29.99",3.43366457179966,1,1,0,0,0,0,1,0,1,0,0,0,0,1,3.43366457179966,2.02944334198315,-1.00494094802268
2896350,"Thule",2025-07-29,"2025-07",0,1,0,0,18.99,18.99,0,"USD",6,3,3,0.5,0,"6 user reviews",2026-09-12 14:06:50.189053,2026-09-13 18:58:08.915953,2026-09-13,2026-09-12,411,"Windows only","$10.00-$19.99",2.99523214851231,0,0,0,0,0,0,1,0,0,0,0,0,1,1,2.99523214851231,1.43137762062238,1.26820168748782
2896570,"Empire Builder",2025-11-20,"2025-11",0,1,0,0,19.99,19.99,0,"USD",42,39,3,0.928571428571429,7,"Positive",2026-09-12 14:06:54.568732,2026-09-13 18:58:11.103667,2026-09-13,2026-09-12,297,"Windows only","$10.00-$19.99",3.04404613383254,0,0,1,0,0,0,0,0,0,0,0,0,1,1,3.04404613383254,1.49796478387127,-0.927885265463002
2897520,"Furball Blitz!",2025-07-23,"2025-07",0,1,0,0,9.99,9.99,0,"USD",3,3,0,1,0,"3 user reviews",2026-09-12 14:06:58.667634,2026-09-13 18:58:13.245274,2026-09-13,2026-09-12,417,"Windows only","$5.00-$9.99",2.39698576841553,1,0,0,1,0,0,1,0,0,0,0,0,0,1,2.39698576841553,0.615309661548216,1.38378521132734
2899300,"UKNON Jones & Guynelk 2",2025-07-24,"2025-07",0,1,0,1,7,4.9,30,"USD",1,1,0,1,0,"1 user reviews",2026-09-12 14:07:07.11561,2026-09-13 18:58:15.269995,2026-09-13,2026-09-12,416,"Windows + Linux","$0.01-$4.99",1.77495235091167,1,1,0,0,0,0,1,0,0,0,0,0,0,1,1.77495235091167,-0.233206198115126,1.36452129068742
2902440,"Steve's Warehouse: Physics. Roguelike. Chaos.",2025-07-22,"2025-07",0,1,0,0,7.99,7.99,0,"USD",130,114,16,0.876923076923077,8,"Very Positive",2026-09-12 14:07:13.803499,2026-09-13 18:58:17.299824,2026-09-13,2026-09-12,418,"Windows only","$5.00-$9.99",2.19611284848353,0,0,0,0,0,0,1,0,0,0,0,0,1,1,2.19611284848353,0.341298887298887,1.40304913196726
2903160,"Midori no Kaori",2025-10-21,"2025-10",0,1,0,0,9.99,9.99,0,"USD",463,439,24,0.948164146868251,8,"Very Positive",2026-09-12 14:07:15.995109,2026-09-13 18:58:19.478839,2026-09-13,2026-09-12,327,"Windows only","$5.00-$9.99",2.39698576841553,0,0,1,0,0,0,1,0,0,0,1,0,0,1,2.39698576841553,0.615309661548216,-0.349967646265417
2903240,"DODORI",2025-11-21,"2025-11",0,1,0,0,14.99,14.99,0,"USD",16,16,0,1,7,"Positive",2026-09-12 14:07:18.090546,2026-09-13 18:58:21.702149,2026-09-13,2026-09-12,296,"Windows only","$10.00-$19.99",2.77196352684586,1,1,1,1,0,0,1,0,0,0,1,0,0,1,2.77196352684586,1.12681686694233,-0.947149186102921
2904360,"Dissimilar",2025-12-09,"2025-12",0,1,0,0,18.99,18.99,0,"USD",29,26,3,0.896551724137931,7,"Positive",2026-09-12 14:07:28.724117,2026-09-13 18:58:23.776785,2026-09-13,2026-09-12,278,"Windows only","$10.00-$19.99",2.99523214851231,0,1,0,0,0,0,1,0,1,0,0,0,1,1,2.99523214851231,1.43137762062238,-1.29389975762147
2904420,"MagicCar of Delicious",2025-09-08,"2025-09",0,1,0,0,9.99,9.99,0,"USD",26,20,6,0.769230769230769,6,"Mostly Positive",2026-09-12 14:07:30.766709,2026-09-13 18:58:25.80051,2026-09-13,2026-09-12,370,"Windows only","$5.00-$9.99",2.39698576841553,0,1,1,0,0,0,1,0,0,0,1,0,1,1,2.39698576841553,0.615309661548216,0.478380941251121
2904690,"Scurri",2025-09-03,"2025-09",1,1,0,0,,,,,0,0,0,,0,"No user reviews",2026-09-12 14:07:32.794896,2026-09-13 18:58:27.951063,2026-09-13,2026-09-12,375,"Windows only","Free",,0,0,0,0,1,0,1,0,0,0,0,0,1,0,,0,0.574700544450719
2905160,"Risky Rocket",2025-07-20,"2025-07",0,1,0,0,3.99,3.99,0,"USD",2,2,0,1,0,"2 user reviews",2026-09-12 14:07:34.807185,2026-09-13 18:58:30.062752,2026-09-13,2026-09-12,420,"Windows only","$0.01-$4.99",1.60743590976343,1,0,0,0,0,0,1,0,0,0,0,0,0,1,1.60743590976343,-0.461715395641907,1.4415769732471
2905650,"Chaos Pieces",2025-11-26,"2025-11",0,1,1,0,11.99,11.99,0,"USD",5,5,0,1,0,"5 user reviews",2026-09-12 14:07:36.850799,2026-09-13 18:58:32.256026,2026-09-13,2026-09-12,291,"Windows + macOS","$10.00-$19.99",2.56417983068251,0,0,0,0,0,0,1,0,1,0,1,0,1,1,2.56417983068251,0.843379102004269,-1.04346878930252
2906270,"Hidden Cats in Istanbul",2025-09-05,"2025-09",0,1,1,0,3.99,3.99,0,"USD",54,54,0,1,8,"Very Positive",2026-09-12 14:07:43.186716,2026-09-13 18:58:34.275099,2026-09-13,2026-09-12,373,"Windows + macOS","$0.01-$4.99",1.60743590976343,0,0,1,0,0,0,1,0,0,0,0,0,0,1,1.60743590976343,-0.461715395641907,0.53617270317088
2908050,"Catto's Post Office",2025-08-04,"2025-08",0,1,0,0,4.99,4.99,0,"USD",1195,1163,32,0.973221757322176,9,"Overwhelmingly Positive",2026-09-12 14:07:57.654494,2026-09-13 18:58:36.453966,2026-09-13,2026-09-12,405,"Windows only","$0.01-$4.99",1.79009141212736,0,0,1,0,0,0,0,0,0,0,0,0,0,1,1.79009141212736,-0.212555002889199,1.1526181636483
2908500,"Buggos 2",2025-09-25,"2025-09",0,1,0,0,19.99,19.99,0,"USD",686,573,113,0.835276967930029,8,"Very Positive",2026-09-12 14:08:01.922118,2026-09-13 18:58:38.646662,2026-09-13,2026-09-12,353,"Windows only","$10.00-$19.99",3.04404613383254,0,0,0,0,0,0,0,0,0,0,1,0,1,1,3.04404613383254,1.49796478387127,0.15089429037249
2908830,"Toni Island Adventure",2025-07-24,"2025-07",0,1,0,1,9.99,9.99,0,"USD",10,10,0,1,7,"Positive",2026-09-12 14:08:04.097649,2026-09-13 18:58:40.769742,2026-09-13,2026-09-12,416,"Windows + Linux","$5.00-$9.99",2.39698576841553,1,1,1,0,0,0,1,0,1,0,0,0,0,1,2.39698576841553,0.615309661548216,1.36452129068742
2909870,"The Legacy",2025-10-08,"2025-10",0,1,0,0,14.99,8.99,40,"USD",46,24,22,0.521739130434783,5,"Mixed",2026-09-12 14:08:06.276172,2026-09-13 18:58:42.850667,2026-09-13,2026-09-12,340,"Windows only","$5.00-$9.99",2.30158459266046,1,1,0,0,0,0,1,0,0,0,1,0,0,1,2.30158459266046,0.485172906221557,-0.0995366779464635
2912770,"Silver Daze",2025-09-25,"2025-09",0,1,0,0,14.99,14.99,0,"USD",14,14,0,1,7,"Positive",2026-09-12 14:08:21.289268,2026-09-13 18:58:45.057791,2026-09-13,2026-09-12,353,"Windows only","$10.00-$19.99",2.77196352684586,0,1,0,0,0,0,0,0,1,0,0,0,0,1,2.77196352684586,1.12681686694233,0.15089429037249
2914490,"Death end re;Quest: Code Z",2025-08-27,"2025-08",0,1,0,0,39.99,39.99,0,"USD",57,41,16,0.719298245614035,6,"Mostly Positive",2026-09-12 14:08:29.661928,2026-09-13 18:58:47.222126,2026-09-13,2026-09-12,382,"Windows only","$30.00+",3.71332813451625,0,0,0,0,0,0,0,0,1,0,0,0,1,1,3.71332813451625,2.41093244153544,0.709547988930155
2915660,"Pennon and Battle",2025-08-07,"2025-08",0,1,0,0,18.99,18.99,0,"USD",175,121,54,0.691428571428571,5,"Mixed",2026-09-12 14:08:36.039932,2026-09-13 18:58:49.46133,2026-09-13,2026-09-12,402,"Windows only","$10.00-$19.99",2.99523214851231,0,1,0,0,0,0,1,0,1,0,1,0,1,1,2.99523214851231,1.43137762062238,1.09482640172854
2917040,"Garten of Banban 8: Anti Devil",2025-08-28,"2025-08",0,1,0,0,9.99,9.99,0,"USD",1573,1393,180,0.885568976478067,8,"Very Positive",2026-09-12 14:08:38.203551,2026-09-13 18:58:51.547176,2026-09-13,2026-09-12,381,"Windows only","$5.00-$9.99",2.39698576841553,1,1,1,0,0,0,1,0,0,0,0,0,0,1,2.39698576841553,0.615309661548216,0.690284068290236
2920010,"Comet Angel",2025-10-28,"2025-10",0,1,1,1,7.99,7.99,0,"USD",13,13,0,1,7,"Positive",2026-09-12 14:08:51.094443,2026-09-13 18:58:53.718479,2026-09-13,2026-09-12,320,"Windows + macOS + Linux","$5.00-$9.99",2.19611284848353,0,1,0,0,0,0,1,0,0,0,1,0,0,1,2.19611284848353,0.341298887298887,-0.484815090744853
2920510,"Werewolf Party",2025-07-11,"2025-07",0,1,0,0,7.99,7.99,0,"USD",56,50,6,0.892857142857143,8,"Very Positive",2026-09-12 14:08:53.296139,2026-09-13 18:58:55.78642,2026-09-13,2026-09-12,429,"Windows only","$5.00-$9.99",2.19611284848353,1,0,1,0,0,0,1,0,1,0,0,0,1,1,2.19611284848353,0.341298887298887,1.61495225900637
2923120,"Star's Peaces: Memorial Edition",2025-07-31,"2025-07",0,1,0,0,9.99,9.99,0,"USD",4,4,0,1,0,"4 user reviews",2026-09-12 14:09:04.232198,2026-09-13 18:58:57.871044,2026-09-13,2026-09-12,409,"Windows only","$5.00-$9.99",2.39698576841553,0,1,1,0,0,0,1,0,0,0,0,0,0,1,2.39698576841553,0.615309661548216,1.22967384620798
2924080,"The Mnemograph",2025-12-05,"2025-12",0,1,0,0,4.99,4.99,0,"USD",9,9,0,1,0,"9 user reviews",2026-09-12 14:09:19.136325,2026-09-13 18:58:59.909831,2026-09-13,2026-09-12,282,"Windows only","$0.01-$4.99",1.79009141212736,0,0,0,1,0,0,1,0,0,0,0,0,1,1,1.79009141212736,-0.212555002889199,-1.21684407506179
2925970,"The Unholy Priest",2025-08-09,"2025-08",0,1,0,0,9.99,9.99,0,"USD",371,271,100,0.730458221024259,6,"Mostly Positive",2026-09-12 14:09:27.605743,2026-09-13 18:59:02.164102,2026-09-13,2026-09-12,400,"Windows only","$5.00-$9.99",2.39698576841553,0,0,1,0,0,0,1,0,0,0,1,0,0,1,2.39698576841553,0.615309661548216,1.05629856044871
2928690,"Wandness: WandCraft Survivor",2025-09-11,"2025-09",0,1,0,0,6.99,6.99,0,"USD",107,80,27,0.747663551401869,6,"Mostly Positive",2026-09-12 14:10:01.062305,2026-09-13 18:59:04.294063,2026-09-13,2026-09-12,367,"Windows only","$5.00-$9.99",2.07819075977818,1,1,0,0,0,0,0,0,0,0,0,0,0,1,2.07819075977818,0.18044135190692,0.420589179331363
2929880,"Z-Factor",2025-10-30,"2025-10",0,1,0,0,6.99,6.99,0,"USD",3,1,2,0.333333333333333,0,"3 user reviews",2026-09-12 14:10:13.549383,2026-09-13 18:59:06.364005,2026-09-13,2026-09-12,318,"Windows only","$5.00-$9.99",2.07819075977818,0,1,0,0,0,0,1,0,1,0,1,0,0,1,2.07819075977818,0.18044135190692,-0.523342932024692
2930290,"Love at The Milky Way Diner",2025-12-10,"2025-12",0,1,1,1,13.99,13.99,0,"USD",25,25,0,1,7,"Positive",2026-09-12 14:10:15.615775,2026-09-13 18:59:08.544951,2026-09-13,2026-09-12,277,"Windows + macOS + Linux","$10.00-$19.99",2.70738331211451,0,0,0,1,0,0,1,0,1,0,1,0,0,1,2.70738331211451,1.03872298825665,-1.31316367826139
2931620,"My Furry Protogen 3 <U+0001F43E>",2025-07-26,"2025-07",0,1,0,0,4.99,4.99,0,"USD",219,210,9,0.958904109589041,8,"Very Positive",2026-09-12 14:10:19.84354,2026-09-13 18:59:10.593365,2026-09-13,2026-09-12,414,"Windows only","$0.01-$4.99",1.79009141212736,0,1,1,0,0,0,0,0,0,0,0,0,0,1,1.79009141212736,-0.212555002889199,1.32599344940758
2932990,"The Zombie Slayers",2025-10-31,"2025-10",0,1,0,0,6.99,6.99,0,"USD",21,17,4,0.80952380952381,7,"Positive",2026-09-12 14:10:23.996114,2026-09-13 18:59:12.59562,2026-09-13,2026-09-12,317,"Windows only","$5.00-$9.99",2.07819075977818,1,1,1,0,0,0,1,0,0,0,0,0,0,1,2.07819075977818,0.18044135190692,-0.542606852664612
2933210,"The Herd",2025-08-06,"2025-08",0,1,0,0,4.99,4.99,0,"USD",0,0,0,,0,"No user reviews",2026-09-12 14:10:26.082603,2026-09-13 18:59:14.754865,2026-09-13,2026-09-12,403,"Windows only","$0.01-$4.99",1.79009141212736,0,0,0,0,0,0,0,0,0,0,1,0,1,0,1.79009141212736,-0.212555002889199,1.11409032236846
2934220,"Monsters are Coming!",2025-11-20,"2025-11",0,1,0,0,8.99,5.39,40,"USD",2698,2145,553,0.795033358042995,6,"Mostly Positive",2026-09-12 14:10:30.536873,2026-09-13 18:59:16.789769,2026-09-13,2026-09-12,297,"Windows only","$5.00-$9.99",1.85473426838944,1,0,0,0,0,0,1,0,0,0,0,0,1,1,1.85473426838944,-0.12437567488392,-0.927885265463002
2936470,"A Fistful Of Yankees",2025-08-14,"2025-08",0,1,0,1,6.99,6.99,0,"USD",10,9,1,0.9,7,"Positive",2026-09-12 14:10:36.941112,2026-09-13 18:59:18.913892,2026-09-13,2026-09-12,395,"Windows + Linux","$5.00-$9.99",2.07819075977818,0,0,0,0,0,0,1,0,0,0,0,0,1,1,2.07819075977818,0.18044135190692,0.959978957249108
2937090,"Hunters Inc",2025-12-19,"2025-12",0,1,0,0,14.99,6.74,55,"USD",155,88,67,0.567741935483871,5,"Mixed",2026-09-12 14:10:41.249508,2026-09-13 18:59:21.106701,2026-09-13,2026-09-12,268,"Windows only","$5.00-$9.99",2.04640168760164,1,0,0,0,0,0,0,0,0,0,0,0,0,1,2.04640168760164,0.137077874725863,-1.48653896402067
2937770,"Bubble Bobble Sugar Dungeons Boosted",2025-11-26,"2025-11",0,1,0,0,39.99,39.99,0,"USD",17,10,7,0.588235294117647,5,"Mixed",2026-09-12 14:10:51.823787,2026-09-13 18:59:23.173892,2026-09-13,2026-09-12,291,"Windows only","$30.00+",3.71332813451625,1,0,0,0,0,0,0,0,0,0,0,0,0,1,3.71332813451625,2.41093244153544,-1.04346878930252
2943250,"Impawlse",2025-10-24,"2025-10",0,1,0,0,5.99,5.99,0,"USD",2,2,0,1,0,"2 user reviews",2026-09-12 14:11:06.436774,2026-09-13 18:59:25.323843,2026-09-13,2026-09-12,324,"Windows only","$5.00-$9.99",1.94448055624572,0,0,1,0,0,0,1,0,0,0,1,0,0,1,1.94448055624572,-0.00195275282042951,-0.407759408185175
2943420,"Amelie falls over and over again ~ An endless week in Magic Academy",2025-09-25,"2025-09",0,1,0,0,13.99,13.99,0,"USD",256,206,50,0.8046875,8,"Very Positive",2026-09-12 14:11:08.491036,2026-09-13 18:59:27.3431,2026-09-13,2026-09-12,353,"Windows only","$10.00-$19.99",2.70738331211451,0,1,1,0,0,0,1,0,1,0,0,0,0,1,2.70738331211451,1.03872298825665,0.15089429037249
2943670,"Night Club Simulator",2025-07-30,"2025-07",0,1,0,0,14.99,14.99,0,"USD",288,172,116,0.597222222222222,5,"Mixed",2026-09-12 14:11:10.631285,2026-09-13 18:59:29.537134,2026-09-13,2026-09-12,410,"Windows only","$10.00-$19.99",2.77196352684586,0,0,0,1,0,0,1,0,0,0,1,0,0,1,2.77196352684586,1.12681686694233,1.2489377668479
2948190,"World of Sea Battle",2025-10-21,"2025-10",1,1,0,0,,,,,0,0,0,,0,"No user reviews",2026-09-12 14:11:25.49533,2026-09-13 18:59:31.634148,2026-09-13,2026-09-12,327,"Windows only","Free",,1,0,0,1,1,0,0,1,1,0,0,0,0,0,,0,-0.349967646265417
2948470,"Mordfield Command",2025-10-23,"2025-10",0,1,1,1,12.99,12.99,0,"USD",5,5,0,1,0,"5 user reviews",2026-09-12 14:11:29.658799,2026-09-13 18:59:33.830014,2026-09-13,2026-09-12,325,"Windows + macOS + Linux","$10.00-$19.99",2.63834278867739,0,0,0,0,0,0,0,0,0,0,0,0,1,1,2.63834278867739,0.944544801928764,-0.388495487545256
2949560,"NO LIFE BABY OF THE END",2025-09-25,"2025-09",0,1,0,0,3.99,3.99,0,"USD",2,1,1,0.5,0,"2 user reviews",2026-09-12 14:11:38.33574,2026-09-13 18:59:36.05377,2026-09-13,2026-09-12,353,"Windows only","$0.01-$4.99",1.60743590976343,0,1,0,0,0,0,1,0,0,0,0,0,0,1,1.60743590976343,-0.461715395641907,0.15089429037249
2952970,"The Rule Of SHE",2025-09-07,"2025-09",0,1,0,0,5.99,5.99,0,"USD",34,26,8,0.764705882352941,6,"Mostly Positive",2026-09-12 14:11:50.686764,2026-09-13 18:59:38.153997,2026-09-13,2026-09-12,371,"Windows only","$5.00-$9.99",1.94448055624572,0,1,0,0,0,0,1,0,1,0,0,0,0,1,1.94448055624572,-0.00195275282042951,0.497644861891041
2955840,"Kitchen Wars",2025-08-04,"2025-08",0,1,0,0,4.99,4.99,0,"USD",49,40,9,0.816326530612245,7,"Positive",2026-09-12 14:12:05.527638,2026-09-13 18:59:40.39691,2026-09-13,2026-09-12,405,"Windows only","$0.01-$4.99",1.79009141212736,1,1,1,0,0,0,1,0,0,0,0,0,0,1,1.79009141212736,-0.212555002889199,1.1526181636483
2957700,"Sensei! I Like You So Much!",2025-08-05,"2025-08",0,1,0,0,16.99,11.89,30,"USD",1300,1130,170,0.869230769230769,8,"Very Positive",2026-09-12 14:12:07.74124,2026-09-13 18:59:42.436249,2026-09-13,2026-09-12,404,"Windows only","$10.00-$19.99",2.5564518169511,0,0,1,0,0,0,1,0,1,0,1,0,0,1,2.5564518169511,0.832837317543375,1.13335424300838
2958130,"Jurassic World Evolution 3",2025-10-21,"2025-10",0,1,0,0,59.99,59.99,0,"USD",11304,10572,732,0.935244161358811,8,"Very Positive",2026-09-12 14:12:12.143293,2026-09-13 18:59:44.492903,2026-09-13,2026-09-12,327,"Windows only","$30.00+",4.11070991630837,0,0,0,0,0,0,0,0,0,0,1,0,1,1,4.11070991630837,2.95300097789313,-0.349967646265417
2959130,"Ghost Shooter",2025-12-24,"2025-12",0,1,0,0,4.99,4.99,0,"USD",0,0,0,,0,"No user reviews",2026-09-12 14:12:18.511663,2026-09-13 18:59:46.569457,2026-09-13,2026-09-12,263,"Windows only","$0.01-$4.99",1.79009141212736,0,0,1,0,0,0,1,0,0,0,0,0,0,0,1.79009141212736,-0.212555002889199,-1.58285856722026
2963220,"Ruins of Endoth",2025-09-26,"2025-09",0,1,0,0,9.99,9.99,0,"USD",5,4,1,0.8,0,"5 user reviews",2026-09-12 14:12:22.603929,2026-09-13 18:59:48.715496,2026-09-13,2026-09-12,352,"Windows only","$5.00-$9.99",2.39698576841553,1,1,0,1,0,0,1,0,1,0,0,0,0,1,2.39698576841553,0.615309661548216,0.13163036973257
2964580,"Dungeon World",2025-12-18,"2025-12",0,1,0,1,6.99,6.99,0,"USD",6,5,1,0.833333333333333,0,"6 user reviews",2026-09-12 14:12:24.736018,2026-09-13 18:59:50.736867,2026-09-13,2026-09-12,269,"Windows + Linux","$5.00-$9.99",2.07819075977818,0,1,0,0,0,0,1,0,0,0,0,0,1,1,2.07819075977818,0.18044135190692,-1.46727504338075
2967630,"The Biggleboss Incident",2025-07-22,"2025-07",0,1,1,0,7.99,7.99,0,"USD",188,173,15,0.920212765957447,8,"Very Positive",2026-09-12 14:12:35.518191,2026-09-13 18:59:52.976364,2026-09-13,2026-09-12,418,"Windows + macOS","$5.00-$9.99",2.19611284848353,0,1,0,0,0,0,0,0,0,0,0,0,0,1,2.19611284848353,0.341298887298887,1.40304913196726
2968420,"PowerWash Simulator 2",2025-10-23,"2025-10",0,1,0,0,24.99,24.99,0,"USD",10838,9924,914,0.915667097250415,8,"Very Positive",2026-09-12 14:12:41.871481,2026-09-13 18:59:55.07661,2026-09-13,2026-09-12,325,"Windows only","$20.00-$29.99",3.2577118486534,0,0,1,0,0,0,1,0,0,0,1,0,0,1,3.2577118486534,1.78942621116778,-0.388495487545256
2973830,"Crime Shop Simulator: A Prison Boss Game",2025-07-10,"2025-07",0,1,0,0,19.99,19.99,0,"USD",157,135,22,0.859872611464968,8,"Very Positive",2026-09-12 14:12:52.631885,2026-09-13 18:59:57.312658,2026-09-13,2026-09-12,430,"Windows only","$10.00-$19.99",3.04404613383254,0,0,1,0,0,0,1,0,0,0,1,0,0,1,3.04404613383254,1.49796478387127,1.63421617964629
2977680,"ScanIt!",2025-10-31,"2025-10",0,1,0,0,4.99,1.24,75,"USD",4,4,0,1,0,"4 user reviews",2026-09-12 14:13:05.410341,2026-09-13 18:59:59.516888,2026-09-13,2026-09-12,317,"Windows only","$0.01-$4.99",0.806475865866949,0,0,0,0,0,0,1,0,0,0,1,0,0,1,0.806475865866949,-1.55430508789682,-0.542606852664612
2978460,"HARD VOID",2025-10-29,"2025-10",0,1,0,1,19.99,19.99,0,"USD",8,8,0,1,0,"8 user reviews",2026-09-12 14:13:11.914226,2026-09-13 19:00:01.6792,2026-09-13,2026-09-12,319,"Windows + Linux","$10.00-$19.99",3.04404613383254,0,0,0,1,0,0,1,0,0,0,1,0,1,1,3.04404613383254,1.49796478387127,-0.504079011384773
2979020,"Clayers: Prologue",2025-07-28,"2025-07",0,1,0,0,2.99,2.99,0,"USD",6,6,0,1,0,"6 user reviews",2026-09-12 14:13:13.975877,2026-09-13 19:00:03.935642,2026-09-13,2026-09-12,412,"Windows only","$0.01-$4.99",1.38379123090177,1,0,0,0,0,0,1,0,0,0,0,0,0,1,1.38379123090177,-0.766789128987195,1.28746560812774
2981070,"Arcane Trigger",2025-11-12,"2025-11",0,1,1,0,8.99,7.19,20,"USD",360,307,53,0.852777777777778,8,"Very Positive",2026-09-12 14:13:28.740153,2026-09-13 19:00:06.144552,2026-09-13,2026-09-12,305,"Windows + macOS","$5.00-$9.99",2.10291389786498,0,0,1,0,0,0,1,0,1,0,0,0,1,1,2.10291389786498,0.214166187545934,-0.773773900343646
2981450,"Mystery Lover:Nonexistent Memories",2025-08-26,"2025-08",0,1,0,0,13.99,13.99,0,"USD",351,332,19,0.945868945868946,8,"Very Positive",2026-09-12 14:13:30.902787,2026-09-13 19:00:08.211952,2026-09-13,2026-09-12,383,"Windows only","$10.00-$19.99",2.70738331211451,0,1,0,0,0,0,0,0,0,0,0,0,0,1,2.70738331211451,1.03872298825665,0.728811909570075
2983410,"Xenopurge",2025-11-20,"2025-11",0,1,0,0,12.49,6.24,50,"USD",416,354,62,0.850961538461538,8,"Very Positive",2026-09-12 14:13:35.174145,2026-09-13 19:00:10.361497,2026-09-13,2026-09-12,297,"Windows only","$5.00-$9.99",1.97962120639763,0,0,0,0,0,0,1,0,0,0,1,0,1,1,1.97962120639763,0.0459826122800933,-0.927885265463002
2985450,"Umigame",2025-11-24,"2025-11",0,1,0,0,14.99,14.99,0,"USD",43,33,10,0.767441860465116,6,"Mostly Positive",2026-09-12 14:13:45.63621,2026-09-13 19:00:12.485341,2026-09-13,2026-09-12,293,"Windows only","$10.00-$19.99",2.77196352684586,1,1,0,1,0,0,1,0,0,0,0,0,0,1,2.77196352684586,1.12681686694233,-1.00494094802268
2986340,"Flood",2025-09-08,"2025-09",0,1,0,0,6.99,6.99,0,"USD",9,9,0,1,0,"9 user reviews",2026-09-12 14:13:49.973972,2026-09-13 19:00:14.675932,2026-09-13,2026-09-12,370,"Windows only","$5.00-$9.99",2.07819075977818,1,0,1,0,0,0,1,0,0,0,0,0,0,1,2.07819075977818,0.18044135190692,0.478380941251121
2987110,"Necromancer For A Week",2025-08-14,"2025-08",0,1,0,0,7.99,7.99,0,"USD",27,26,1,0.962962962962963,7,"Positive",2026-09-12 14:13:54.204209,2026-09-13 19:00:16.819457,2026-09-13,2026-09-12,395,"Windows only","$5.00-$9.99",2.19611284848353,0,0,0,0,0,0,1,0,0,0,0,0,1,1,2.19611284848353,0.341298887298887,0.959978957249108
2992980,"The Heavens",2025-08-18,"2025-08",1,1,1,1,,,,,0,0,0,,0,"No user reviews",2026-09-12 14:14:17.973471,2026-09-13 19:00:18.918925,2026-09-13,2026-09-12,391,"Windows + macOS + Linux","Free",,0,0,1,0,1,0,1,0,0,0,0,0,0,0,,0,0.88292327468943
2995560,"Wildkeepers Rising",2025-10-23,"2025-10",0,1,0,0,9.99,9.99,0,"USD",110,87,23,0.790909090909091,6,"Mostly Positive",2026-09-12 14:14:32.631548,2026-09-13 19:00:21.09416,2026-09-13,2026-09-12,325,"Windows only","$5.00-$9.99",2.39698576841553,1,0,0,0,0,0,1,0,1,0,0,0,0,1,2.39698576841553,0.615309661548216,-0.388495487545256
2996290,"Jigsaw Industry",2025-08-23,"2025-08",0,1,0,0,9.99,9.99,0,"USD",5,4,1,0.8,0,"5 user reviews",2026-09-12 14:14:40.844026,2026-09-13 19:00:23.34683,2026-09-13,2026-09-12,386,"Windows only","$5.00-$9.99",2.39698576841553,0,0,1,0,0,0,1,0,0,0,1,0,1,1,2.39698576841553,0.615309661548216,0.786603671489833
2998130,"Spiritual Clinic Simulator",2025-09-24,"2025-09",0,1,0,0,9.99,9.99,0,"USD",2,0,2,0,0,"2 user reviews",2026-09-12 14:14:53.485445,2026-09-13 19:00:25.523069,2026-09-13,2026-09-12,354,"Windows only","$5.00-$9.99",2.39698576841553,0,0,0,0,0,0,1,0,0,0,1,0,0,1,2.39698576841553,0.615309661548216,0.170158211012409
2999220,"Cupig's Key Collectathon",2025-07-12,"2025-07",0,1,0,0,3.99,3.99,0,"USD",2,2,0,1,0,"2 user reviews",2026-09-12 14:15:01.922693,2026-09-13 19:00:27.740706,2026-09-13,2026-09-12,428,"Windows only","$0.01-$4.99",1.60743590976343,0,1,1,0,0,0,1,0,0,0,0,0,0,1,1.60743590976343,-0.461715395641907,1.59568833836645
3001330,"Forest Heroes",2025-07-17,"2025-07",0,1,1,0,9.99,9.99,0,"USD",278,232,46,0.834532374100719,8,"Very Positive",2026-09-12 14:15:08.400841,2026-09-13 19:00:29.900806,2026-09-13,2026-09-12,423,"Windows + macOS","$5.00-$9.99",2.39698576841553,1,0,1,0,0,0,0,0,0,0,0,0,1,1,2.39698576841553,0.615309661548216,1.49936873516685
3002400,"Black Annis",2025-10-17,"2025-10",0,1,0,0,5.99,5.99,0,"USD",20,15,5,0.75,6,"Mostly Positive",2026-09-12 14:15:12.694513,2026-09-13 19:00:32.069099,2026-09-13,2026-09-12,331,"Windows only","$5.00-$9.99",1.94448055624572,0,0,0,0,0,0,1,0,0,0,0,0,0,1,1.94448055624572,-0.00195275282042951,-0.272911963705739
3002630,"Dionysus",2025-07-05,"2025-07",0,1,0,0,4.99,4.99,0,"USD",1,1,0,1,0,"1 user reviews",2026-09-12 14:15:17.003281,2026-09-13 19:00:34.182294,2026-09-13,2026-09-12,435,"Windows only","$0.01-$4.99",1.79009141212736,1,1,1,0,0,0,0,0,0,0,0,0,0,1,1.79009141212736,-0.212555002889199,1.73053578284589
3003730,"Fantasy Clicker",2025-08-10,"2025-08",0,1,0,0,4.99,4.99,0,"USD",36,22,14,0.611111111111111,5,"Mixed",2026-09-12 14:15:23.248673,2026-09-13 19:00:36.386648,2026-09-13,2026-09-12,399,"Windows only","$0.01-$4.99",1.79009141212736,0,0,1,1,0,0,1,0,1,0,0,0,0,1,1.79009141212736,-0.212555002889199,1.03703463980879
3004860,"Sunchaser",2025-09-05,"2025-09",0,1,0,0,9.99,9.99,0,"USD",2,2,0,1,0,"2 user reviews",2026-09-12 14:15:29.567169,2026-09-13 19:00:38.58874,2026-09-13,2026-09-12,373,"Windows only","$5.00-$9.99",2.39698576841553,1,1,1,0,0,0,1,0,0,0,0,0,0,1,2.39698576841553,0.615309661548216,0.53617270317088
3006080,"Aris Arcanum",2025-10-27,"2025-10",0,1,0,0,14.99,14.99,0,"USD",19,14,5,0.736842105263158,6,"Mostly Positive",2026-09-12 14:15:36.192773,2026-09-13 19:00:40.81413,2026-09-13,2026-09-12,321,"Windows only","$10.00-$19.99",2.77196352684586,1,0,0,0,0,0,0,0,0,0,0,0,0,1,2.77196352684586,1.12681686694233,-0.465551170104934
3006280,"Sheepherds!",2025-11-17,"2025-11",0,1,0,0,14.99,10.49,30,"USD",306,301,5,0.983660130718954,8,"Very Positive",2026-09-12 14:15:38.330838,2026-09-13 19:00:42.868791,2026-09-13,2026-09-12,300,"Windows only","$10.00-$19.99",2.44147709186066,1,0,1,0,0,0,1,0,0,0,0,0,0,1,2.44147709186066,0.676000281213153,-0.870093503543243
3008340,"Day of the Shell",2025-07-29,"2025-07",0,1,0,0,14.99,14.99,0,"USD",381,262,119,0.687664041994751,5,"Mixed",2026-09-12 14:15:46.741026,2026-09-13 19:00:45.069246,2026-09-13,2026-09-12,411,"Windows only","$10.00-$19.99",2.77196352684586,0,0,0,0,0,0,0,0,0,0,0,0,1,1,2.77196352684586,1.12681686694233,1.26820168748782
3008800,"Seconds Till Destruction",2025-07-14,"2025-07",0,1,0,0,4.99,4.99,0,"USD",24,24,0,1,7,"Positive",2026-09-12 14:15:51.082721,2026-09-13 19:00:47.165224,2026-09-13,2026-09-12,426,"Windows only","$0.01-$4.99",1.79009141212736,1,0,0,0,0,0,1,0,0,0,0,0,0,1,1.79009141212736,-0.212555002889199,1.55716049708661
3008950,"Twisted Screens",2025-07-28,"2025-07",0,1,0,0,4.99,4.99,0,"USD",4,3,1,0.75,0,"4 user reviews",2026-09-12 14:15:53.310662,2026-09-13 19:00:49.40596,2026-09-13,2026-09-12,412,"Windows only","$0.01-$4.99",1.79009141212736,0,0,0,0,0,0,1,0,0,0,0,0,0,1,1.79009141212736,-0.212555002889199,1.28746560812774
3012220,"Double Dragon Revive",2025-10-22,"2025-10",0,1,0,0,34.99,34.99,0,"USD",157,99,58,0.630573248407643,5,"Mixed",2026-09-12 14:16:08.230058,2026-09-13 19:00:51.55004,2026-09-13,2026-09-12,326,"Windows only","$30.00+",3.58324112209094,1,0,0,0,0,0,0,0,0,0,0,0,0,1,3.58324112209094,2.23348073223332,-0.369231566905336
3013500,"Bunny Space Odyssey: FlopHop",2025-09-30,"2025-09",0,1,0,1,4.99,4.99,0,"USD",51,50,1,0.980392156862745,8,"Very Positive",2026-09-12 14:16:12.464772,2026-09-13 19:00:53.766287,2026-09-13,2026-09-12,348,"Windows + Linux","$0.01-$4.99",1.79009141212736,0,1,0,0,0,0,1,0,0,0,1,0,0,1,1.79009141212736,-0.212555002889199,0.0545746871728924
3014460,"Azrael's Tear",2025-07-11,"2025-07",0,1,0,0,9.99,9.99,0,"USD",7,7,0,1,0,"7 user reviews",2026-09-12 14:16:18.699984,2026-09-13 19:00:55.788918,2026-09-13,2026-09-12,429,"Windows only","$5.00-$9.99",2.39698576841553,0,1,1,0,0,0,0,0,0,0,0,0,0,1,2.39698576841553,0.615309661548216,1.61495225900637
3015920,"Tides of The Endless",2025-12-10,"2025-12",0,1,1,0,7.99,7.99,0,"USD",25,21,4,0.84,7,"Positive",2026-09-12 14:16:22.779396,2026-09-13 19:00:57.85477,2026-09-13,2026-09-12,277,"Windows + macOS","$5.00-$9.99",2.19611284848353,1,1,0,1,0,0,1,0,1,0,0,0,1,1,2.19611284848353,0.341298887298887,-1.31316367826139
3017040,"Kando Realm",2025-12-21,"2025-12",1,1,0,0,,,,,0,0,0,,0,"No user reviews",2026-09-12 14:16:24.85529,2026-09-13 19:01:00.020923,2026-09-13,2026-09-12,266,"Windows only","Free",,0,1,0,1,1,0,1,1,1,0,0,0,0,0,,0,-1.52506680530051
3019770,"Hedgehog and Cat: Explore the World Action",2025-07-25,"2025-07",0,1,0,0,11.99,11.99,0,"USD",0,0,0,,0,"No user reviews",2026-09-12 14:16:39.831819,2026-09-13 19:01:02.095561,2026-09-13,2026-09-12,415,"Windows only","$10.00-$19.99",2.56417983068251,0,0,0,1,0,0,0,0,0,0,0,0,0,0,2.56417983068251,0.843379102004269,1.3452573700475
3019870,"San Geng",2025-12-05,"2025-12",0,1,0,0,0.99,0.99,0,"USD",55,53,2,0.963636363636364,8,"Very Positive",2026-09-12 14:16:41.831355,2026-09-13 19:01:04.253952,2026-09-13,2026-09-12,282,"Windows only","$0.01-$4.99",0.688134638736401,0,0,1,0,0,0,1,0,0,0,0,0,0,1,0.688134638736401,-1.71573437006504,-1.21684407506179
3022300,"Uncanny Stories",2025-09-24,"2025-09",0,1,0,0,1.99,1.99,0,"USD",0,0,0,,0,"No user reviews",2026-09-12 14:17:03.258886,2026-09-13 19:01:06.413889,2026-09-13,2026-09-12,354,"Windows only","$0.01-$4.99",1.0952733874026,1,1,0,0,0,0,1,0,0,0,0,0,0,0,1.0952733874026,-1.16035635402041,0.170158211012409
3022560,"The Banker Tycoon",2025-11-28,"2025-11",0,1,0,0,4.99,4.99,0,"USD",2,0,2,0,0,"2 user reviews",2026-09-12 14:17:05.492646,2026-09-13 19:01:08.570755,2026-09-13,2026-09-12,289,"Windows only","$0.01-$4.99",1.79009141212736,0,0,1,0,0,0,1,0,0,0,1,0,0,1,1.79009141212736,-0.212555002889199,-1.08199663058236
3024040,"Stronghold Crusader: Definitive Edition",2025-07-15,"2025-07",0,1,0,0,19.99,19.99,0,"USD",10580,9813,767,0.927504725897921,8,"Very Positive",2026-09-12 14:17:09.66223,2026-09-13 19:01:10.591225,2026-09-13,2026-09-12,425,"Windows only","$10.00-$19.99",3.04404613383254,0,0,0,0,0,0,0,0,0,0,1,0,1,1,3.04404613383254,1.49796478387127,1.53789657644669
3024370,"NebuLeet",2025-12-03,"2025-12",0,1,1,1,15.99,1.59,90,"USD",53,48,5,0.905660377358491,8,"Very Positive",2026-09-12 14:17:11.774934,2026-09-13 19:01:12.608046,2026-09-13,2026-09-12,284,"Windows + macOS + Linux","$0.01-$4.99",0.951657875711446,0,1,0,0,0,0,1,0,1,0,0,0,1,1,0.951657875711446,-1.35626229079888,-1.17831623378195
3024960,"Delve Diver",2025-11-16,"2025-11",0,1,0,0,4.99,4.99,0,"USD",0,0,0,,0,"No user reviews",2026-09-12 14:17:16.093356,2026-09-13 19:01:14.6252,2026-09-13,2026-09-12,301,"Windows only","$0.01-$4.99",1.79009141212736,1,0,0,0,0,0,1,0,0,0,0,0,0,0,1.79009141212736,-0.212555002889199,-0.850829582903324
3025280,"swingmania",2025-08-13,"2025-08",1,1,0,1,,,,,0,0,0,,0,"No user reviews",2026-09-12 14:17:22.518701,2026-09-13 19:01:16.770868,2026-09-13,2026-09-12,396,"Windows + Linux","Free",,1,0,0,1,1,0,1,0,0,0,0,1,0,0,,0,0.979242877889028
3026650,"Master Bobber",2025-09-24,"2025-09",0,1,0,0,4.99,4.99,0,"USD",1,1,0,1,0,"1 user reviews",2026-09-12 14:17:35.328496,2026-09-13 19:01:18.987036,2026-09-13,2026-09-12,354,"Windows only","$0.01-$4.99",1.79009141212736,0,0,0,0,0,0,0,0,0,0,1,0,0,1,1.79009141212736,-0.212555002889199,0.170158211012409
3027310,"Zombi Efem",2025-12-22,"2025-12",0,1,0,0,1.99,1.99,0,"USD",2,1,1,0.5,0,"2 user reviews",2026-09-12 14:17:37.44541,2026-09-13 19:01:21.218859,2026-09-13,2026-09-12,265,"Windows only","$0.01-$4.99",1.0952733874026,1,1,1,0,0,0,1,0,0,0,0,0,0,1,1.0952733874026,-1.16035635402041,-1.54433072594043
3029500,"Wind Story",2025-09-22,"2025-09",0,1,0,0,4.99,4.99,0,"USD",5,2,3,0.4,0,"5 user reviews",2026-09-12 14:17:48.097714,2026-09-13 19:01:23.363038,2026-09-13,2026-09-12,356,"Windows only","$0.01-$4.99",1.79009141212736,0,1,1,0,0,0,1,0,1,0,1,0,0,1,1.79009141212736,-0.212555002889199,0.208686052292248
3030130,"Known as Puca",2025-08-21,"2025-08",0,1,0,0,2.99,2.99,0,"USD",2,2,0,1,0,"2 user reviews",2026-09-12 14:17:52.377406,2026-09-13 19:01:25.518751,2026-09-13,2026-09-12,388,"Windows only","$0.01-$4.99",1.38379123090177,0,0,0,0,0,0,1,0,0,0,0,0,1,1,1.38379123090177,-0.766789128987195,0.825131512769672
3032010,"The Supper: New Blood",2025-08-26,"2025-08",0,1,0,0,9.99,9.99,0,"USD",120,106,14,0.883333333333333,8,"Very Positive",2026-09-12 14:18:01.060733,2026-09-13 19:01:27.740689,2026-09-13,2026-09-12,383,"Windows only","$5.00-$9.99",2.39698576841553,0,1,0,0,0,0,1,0,0,0,0,0,0,1,2.39698576841553,0.615309661548216,0.728811909570075
3032520,"BLUMA",2025-11-17,"2025-11",0,1,1,1,7.99,7.99,0,"USD",22,22,0,1,7,"Positive",2026-09-12 14:18:05.41835,2026-09-13 19:01:29.791107,2026-09-13,2026-09-12,300,"Windows + macOS + Linux","$5.00-$9.99",2.19611284848353,0,1,1,0,0,0,1,0,0,0,0,0,0,1,2.19611284848353,0.341298887298887,-0.870093503543243
3033080,"Wukong Survivors ：Begin",2025-12-13,"2025-12",0,1,0,0,2.99,2.99,0,"USD",17,17,0,1,7,"Positive",2026-09-12 14:18:11.735217,2026-09-13 19:01:31.960503,2026-09-13,2026-09-12,274,"Windows only","$0.01-$4.99",1.38379123090177,1,0,0,0,0,0,0,0,0,0,0,0,0,1,1.38379123090177,-0.766789128987195,-1.37095544018115
3034050,"Astra Moment:DIMENSION",2025-08-22,"2025-08",1,1,0,0,,,,,0,0,0,,0,"No user reviews",2026-09-12 14:18:20.432004,2026-09-13 19:01:34.16633,2026-09-13,2026-09-12,387,"Windows only","Free",,1,0,1,1,1,0,0,0,0,0,0,0,0,0,,0,0.805867592129753
3034350,"Niraya of ■■",2025-11-27,"2025-11",0,1,0,0,15.99,15.99,0,"USD",21,11,10,0.523809523809524,5,"Mixed",2026-09-12 14:18:26.662682,2026-09-13 19:01:36.17326,2026-09-13,2026-09-12,290,"Windows only","$10.00-$19.99",2.83262493568384,1,1,0,0,0,0,1,0,0,0,0,0,0,1,2.83262493568384,1.20956510203731,-1.06273270994244
3034530,"Zilar: Empire Of The Underground",2025-12-08,"2025-12",0,1,0,0,4.99,1.49,70,"USD",18,18,0,1,7,"Positive",2026-09-12 14:18:28.853483,2026-09-13 19:01:38.334657,2026-09-13,2026-09-12,279,"Windows only","$0.01-$4.99",0.912282710476616,1,1,0,0,0,0,1,0,0,0,0,0,0,1,0.912282710476616,-1.40997395843353,-1.27463583698155
3035320,"Zombie God",2025-10-27,"2025-10",0,1,0,0,11.79,11.79,0,"USD",14,13,1,0.928571428571429,7,"Positive",2026-09-12 14:18:35.132588,2026-09-13 19:01:40.447263,2026-09-13,2026-09-12,321,"Windows only","$10.00-$19.99",2.54866361559075,0,0,0,1,0,0,0,0,0,0,1,0,1,1,2.54866361559075,0.822213431130611,-0.465551170104934
3035880,"Devil's Drizzle",2025-08-11,"2025-08",0,1,0,1,9.99,9.99,0,"USD",63,59,4,0.936507936507937,8,"Very Positive",2026-09-12 14:18:39.349047,2026-09-13 19:01:42.626586,2026-09-13,2026-09-12,398,"Windows + Linux","$5.00-$9.99",2.39698576841553,1,1,1,0,0,0,1,0,0,0,0,0,0,1,2.39698576841553,0.615309661548216,1.01777071916887
3036320,"My Last Stand: Survivors",2025-10-19,"2025-10",0,1,0,0,3.99,3.99,0,"USD",2,0,2,0,0,"2 user reviews",2026-09-12 14:18:43.603724,2026-09-13 19:01:44.736754,2026-09-13,2026-09-12,329,"Windows only","$0.01-$4.99",1.60743590976343,1,0,1,0,0,0,1,0,1,0,0,0,0,1,1.60743590976343,-0.461715395641907,-0.311439804985578
3036800,"PRITTO PRISONER",2025-12-24,"2025-12",0,1,1,0,9.99,9.99,0,"USD",76,71,5,0.934210526315789,8,"Very Positive",2026-09-12 14:18:49.887182,2026-09-13 19:01:46.966017,2026-09-13,2026-09-12,263,"Windows + macOS","$5.00-$9.99",2.39698576841553,1,0,1,0,0,0,1,0,0,0,0,0,0,1,2.39698576841553,0.615309661548216,-1.58285856722026
3037480,"Paplion",2025-11-11,"2025-11",0,1,0,0,11.99,11.99,0,"USD",2,2,0,1,0,"2 user reviews",2026-09-12 14:18:52.119962,2026-09-13 19:01:49.206045,2026-09-13,2026-09-12,306,"Windows only","$10.00-$19.99",2.56417983068251,0,1,0,0,0,0,1,0,1,0,0,0,1,1,2.56417983068251,0.843379102004269,-0.754509979703726
3038530,"NikNaks",2025-10-10,"2025-10",0,1,0,0,9.99,9.99,0,"USD",12,11,1,0.916666666666667,7,"Positive",2026-09-12 14:18:56.37334,2026-09-13 19:01:51.384581,2026-09-13,2026-09-12,338,"Windows only","$5.00-$9.99",2.39698576841553,0,0,0,1,0,0,0,0,1,0,0,0,1,1,2.39698576841553,0.615309661548216,-0.138064519226302
3039910,"Demon Hunt",2025-07-30,"2025-07",0,1,0,0,6.99,6.99,0,"USD",459,355,104,0.773420479302832,6,"Mostly Positive",2026-09-12 14:19:09.28788,2026-09-13 19:01:53.489398,2026-09-13,2026-09-12,410,"Windows only","$5.00-$9.99",2.07819075977818,1,0,0,1,0,0,1,0,0,0,0,0,0,1,2.07819075977818,0.18044135190692,1.2489377668479
3040110,"Outsider",2025-11-04,"2025-11",0,1,0,0,12.99,12.99,0,"USD",5,5,0,1,0,"5 user reviews",2026-09-12 14:19:11.506359,2026-09-13 19:01:55.587124,2026-09-13,2026-09-12,313,"Windows only","$10.00-$19.99",2.63834278867739,0,0,0,0,0,0,1,0,0,0,0,0,0,1,2.63834278867739,0.944544801928764,-0.61966253522429
3040180,"Holy Shot",2025-09-26,"2025-09",0,1,1,1,5.99,5.99,0,"USD",53,45,8,0.849056603773585,8,"Very Positive",2026-09-12 14:19:15.960582,2026-09-13 19:01:57.651079,2026-09-13,2026-09-12,352,"Windows + macOS + Linux","$5.00-$9.99",1.94448055624572,1,0,1,0,0,0,1,0,0,0,0,0,0,1,1.94448055624572,-0.00195275282042951,0.13163036973257
3040670,"Catalina's Horror Adventure",2025-10-24,"2025-10",0,1,0,0,9.99,9.99,0,"USD",5,5,0,1,0,"5 user reviews",2026-09-12 14:19:20.257722,2026-09-13 19:01:59.806766,2026-09-13,2026-09-12,324,"Windows only","$5.00-$9.99",2.39698576841553,1,1,0,0,0,0,1,0,0,0,0,0,0,1,2.39698576841553,0.615309661548216,-0.407759408185175
3042280,"Drop It! Jelly Man",2025-07-22,"2025-07",0,1,0,0,3.99,3.99,0,"USD",5,5,0,1,0,"5 user reviews",2026-09-12 14:19:28.622835,2026-09-13 19:02:01.893776,2026-09-13,2026-09-12,418,"Windows only","$0.01-$4.99",1.60743590976343,0,1,1,0,0,0,1,0,0,0,0,0,0,1,1.60743590976343,-0.461715395641907,1.40304913196726
3042560,"Void: Icarus",2025-08-21,"2025-08",0,1,0,0,4.99,4.99,0,"USD",4,4,0,1,0,"4 user reviews",2026-09-12 14:19:30.773072,2026-09-13 19:02:03.91354,2026-09-13,2026-09-12,388,"Windows only","$0.01-$4.99",1.79009141212736,0,1,1,0,0,0,1,0,0,0,0,0,0,1,1.79009141212736,-0.212555002889199,0.825131512769672
3043580,"Keeper",2025-10-17,"2025-10",0,1,0,0,19.99,19.99,0,"USD",1021,930,91,0.910871694417238,8,"Very Positive",2026-09-12 14:19:34.970393,2026-09-13 19:02:06.07294,2026-09-13,2026-09-12,331,"Windows only","$10.00-$19.99",3.04404613383254,0,1,0,0,0,0,0,0,0,0,0,0,0,1,3.04404613383254,1.49796478387127,-0.272911963705739
3044220,"Liminal Exit",2025-08-07,"2025-08",0,1,0,0,4.99,2.99,40,"USD",90,62,28,0.688888888888889,5,"Mixed",2026-09-12 14:19:41.072411,2026-09-13 19:02:08.10391,2026-09-13,2026-09-12,402,"Windows only","$0.01-$4.99",1.38379123090177,0,1,0,0,0,0,1,0,0,0,1,0,0,1,1.38379123090177,-0.766789128987195,1.09482640172854
3045660,"东方醉游稽传~Touhou Drunken Rebellion",2025-11-19,"2025-11",0,1,0,0,8.99,8.99,0,"USD",104,92,12,0.884615384615385,8,"Very Positive",2026-09-12 14:19:49.506725,2026-09-13 19:02:10.264658,2026-09-13,2026-09-12,298,"Windows only","$5.00-$9.99",2.30158459266046,1,1,1,0,0,0,1,0,1,0,0,0,0,1,2.30158459266046,0.485172906221557,-0.908621344823082
3047090,"Drive Out",2025-09-20,"2025-09",0,1,0,0,15.99,6.39,60,"USD",5,5,0,1,0,"5 user reviews",2026-09-12 14:19:51.572407,2026-09-13 19:02:12.487865,2026-09-13,2026-09-12,358,"Windows only","$5.00-$9.99",2.00012773496011,0,1,0,0,0,0,1,0,0,0,0,0,0,1,2.00012773496011,0.0739555703596331,0.247213893572087
3047310,"Aim Assault",2025-11-21,"2025-11",0,1,0,0,17.99,17.99,0,"USD",42,33,9,0.785714285714286,6,"Mostly Positive",2026-09-12 14:19:53.829247,2026-09-13 19:02:14.522356,2026-09-13,2026-09-12,296,"Windows only","$10.00-$19.99",2.94391252482419,1,0,0,0,0,0,0,0,0,0,0,0,0,1,2.94391252482419,1.36137251577438,-0.947149186102921
3047510,"Myths are 100% True",2025-11-18,"2025-11",0,1,0,0,14.99,14.99,0,"USD",182,182,0,1,8,"Very Positive",2026-09-12 14:19:55.995776,2026-09-13 19:02:16.724091,2026-09-13,2026-09-12,299,"Windows only","$10.00-$19.99",2.77196352684586,1,0,0,0,0,0,1,0,0,0,0,0,0,1,2.77196352684586,1.12681686694233,-0.889357424183163
3051240,"Hungry Meem",2025-07-30,"2025-07",0,1,0,0,29.99,29.99,0,"USD",9,6,3,0.666666666666667,0,"9 user reviews",2026-09-12 14:20:06.656868,2026-09-13 19:02:18.789921,2026-09-13,2026-09-12,410,"Windows only","$20.00-$29.99",3.43366457179966,0,0,0,0,0,0,0,0,0,0,1,0,0,1,3.43366457179966,2.02944334198315,1.2489377668479
3051490,"Nicktoons & The Dice of Destiny",2025-09-30,"2025-09",0,1,0,0,49.99,49.99,0,"USD",39,36,3,0.923076923076923,7,"Positive",2026-09-12 14:20:08.905739,2026-09-13 19:02:20.940058,2026-09-13,2026-09-12,348,"Windows only","$30.00+",3.93162953506706,0,1,0,0,0,0,0,0,1,0,0,0,0,1,3.93162953506706,2.70871740829398,0.0545746871728924
3051950,"Puddle",2025-11-06,"2025-11",1,1,0,0,,,,,0,0,0,,0,"No user reviews",2026-09-12 14:20:11.061525,2026-09-13 19:02:23.080479,2026-09-13,2026-09-12,311,"Windows only","Free",,0,0,1,0,1,0,1,0,0,0,0,0,0,0,,0,-0.658190376504129
3052320,"Ground Mine Girl ",2025-10-10,"2025-10",0,1,0,0,4.99,4.99,0,"USD",1,0,1,0,0,"1 user reviews",2026-09-12 14:20:13.065335,2026-09-13 19:02:25.195537,2026-09-13,2026-09-12,338,"Windows only","$0.01-$4.99",1.79009141212736,0,0,1,0,0,0,0,0,0,0,0,0,0,1,1.79009141212736,-0.212555002889199,-0.138064519226302
3054820,"DevilConnection",2025-10-30,"2025-10",0,1,1,0,16.66,16.66,0,"USD",1941,1917,24,0.987635239567233,9,"Overwhelmingly Positive",2026-09-12 14:20:26.092116,2026-09-13 19:02:27.234478,2026-09-13,2026-09-12,318,"Windows + macOS","$10.00-$19.99",2.87130219517581,0,1,0,0,0,0,1,0,0,0,0,0,0,1,2.87130219517581,1.26232475636417,-0.523342932024692
3055230,"Sex any cost but free",2025-09-18,"2025-09",0,1,0,0,5.99,5.99,0,"USD",432,314,118,0.726851851851852,6,"Mostly Positive",2026-09-12 14:20:32.562834,2026-09-13 19:02:29.473708,2026-09-13,2026-09-12,360,"Windows only","$5.00-$9.99",1.94448055624572,0,1,0,0,0,0,0,0,0,0,1,0,0,1,1.94448055624572,-0.00195275282042951,0.285741734851926
3055530,"Dare to Lucid Dream",2025-07-07,"2025-07",0,1,0,1,9.99,9.99,0,"USD",20,20,0,1,7,"Positive",2026-09-12 14:20:36.84763,2026-09-13 19:02:31.485311,2026-09-13,2026-09-12,433,"Windows + Linux","$5.00-$9.99",2.39698576841553,0,1,1,0,0,0,1,0,0,0,0,0,0,1,2.39698576841553,0.615309661548216,1.69200794156605
3058360,"Parisian Bistro Simulator",2025-08-24,"2025-08",0,1,0,0,19.99,19.99,0,"USD",425,399,26,0.938823529411765,8,"Very Positive",2026-09-12 14:20:51.326996,2026-09-13 19:02:33.622991,2026-09-13,2026-09-12,385,"Windows only","$10.00-$19.99",3.04404613383254,0,0,1,1,0,0,1,0,0,0,1,0,1,1,3.04404613383254,1.49796478387127,0.767339750849914
3059160,"Wizard Duel",2025-09-11,"2025-09",0,1,0,0,4.99,4.99,0,"USD",3,3,0,1,0,"3 user reviews",2026-09-12 14:20:55.576026,2026-09-13 19:02:35.7514,2026-09-13,2026-09-12,367,"Windows only","$0.01-$4.99",1.79009141212736,0,0,0,1,0,0,1,0,0,0,0,0,1,1,1.79009141212736,-0.212555002889199,0.420589179331363
3059230,"Ragdoll Rumble",2025-09-05,"2025-09",1,1,0,0,,,,,0,0,0,,0,"No user reviews",2026-09-12 14:20:57.65387,2026-09-13 19:02:37.825753,2026-09-13,2026-09-12,373,"Windows only","Free",,1,0,1,0,1,0,0,0,0,0,0,0,0,0,,0,0.53617270317088
3059670,"Duel Legends",2025-09-18,"2025-09",1,1,1,0,,,,,0,0,0,,0,"No user reviews",2026-09-12 14:21:02.054681,2026-09-13 19:02:39.877155,2026-09-13,2026-09-12,360,"Windows + macOS","Free",,1,0,0,0,1,0,1,0,0,0,0,0,1,0,,0,0.285741734851926
3061100,"栖云：遗忘之境 Oriental Dreams : The Forgotten Realm",2025-12-22,"2025-12",0,1,0,0,8.99,8.99,0,"USD",1,1,0,1,0,"1 user reviews",2026-09-12 14:21:06.187135,2026-09-13 19:02:41.898002,2026-09-13,2026-09-12,265,"Windows only","$5.00-$9.99",2.30158459266046,0,0,0,0,0,0,1,0,0,0,0,0,0,1,2.30158459266046,0.485172906221557,-1.54433072594043
3061370,"Manga Ninja 漫画忍者",2025-10-22,"2025-10",0,1,0,0,1.99,1.99,0,"USD",8,8,0,1,0,"8 user reviews",2026-09-12 14:21:08.431198,2026-09-13 19:02:44.07003,2026-09-13,2026-09-12,326,"Windows only","$0.01-$4.99",1.0952733874026,0,1,1,0,0,0,1,0,0,0,0,0,0,1,1.0952733874026,-1.16035635402041,-0.369231566905336
3062040,"Hot Rod Mayhem",2025-07-24,"2025-07",0,1,0,0,19.99,19.99,0,"USD",4,4,0,1,0,"4 user reviews",2026-09-12 14:21:12.758363,2026-09-13 19:02:46.262129,2026-09-13,2026-09-12,416,"Windows only","$10.00-$19.99",3.04404613383254,0,1,0,0,0,0,0,0,0,1,0,0,0,1,3.04404613383254,1.49796478387127,1.36452129068742
3062450,"The Whittled Horse",2025-12-25,"2025-12",1,1,0,0,,,,,0,0,0,,0,"No user reviews",2026-09-12 14:21:17.031509,2026-09-13 19:02:48.361076,2026-09-13,2026-09-12,262,"Windows only","Free",,0,1,0,0,1,0,1,0,0,0,0,0,0,0,,0,-1.60212248786018
3064720,"Balloon Warfare",2025-08-21,"2025-08",1,1,0,0,,,,,0,0,0,,0,"No user reviews",2026-09-12 14:21:34.015632,2026-09-13 19:02:50.410299,2026-09-13,2026-09-12,388,"Windows only","Free",,1,0,1,0,1,0,1,0,0,0,0,0,0,0,,0,0.825131512769672
3064730,"Twisted Jam",2025-07-07,"2025-07",0,1,0,0,4.99,4.99,0,"USD",1,0,1,0,0,"1 user reviews",2026-09-12 14:21:36.019866,2026-09-13 19:02:52.530508,2026-09-13,2026-09-12,433,"Windows only","$0.01-$4.99",1.79009141212736,1,0,0,0,0,0,1,0,0,0,0,1,1,1,1.79009141212736,-0.212555002889199,1.69200794156605
3065870,"Varthos - Heir to the Throne",2025-12-16,"2025-12",0,1,0,0,19.99,12.99,35,"USD",79,53,26,0.670886075949367,5,"Mixed",2026-09-12 14:21:40.457242,2026-09-13 19:02:54.600264,2026-09-13,2026-09-12,271,"Windows only","$10.00-$19.99",2.63834278867739,1,1,0,1,0,0,1,0,1,0,0,0,0,1,2.63834278867739,0.944544801928764,-1.42874720210091
3067620,"CROW",2025-08-12,"2025-08",0,1,0,0,9.99,9.99,0,"USD",27,23,4,0.851851851851852,7,"Positive",2026-09-12 14:21:44.719786,2026-09-13 19:02:56.625338,2026-09-13,2026-09-12,397,"Windows only","$5.00-$9.99",2.39698576841553,0,1,0,0,0,0,0,0,0,0,0,0,0,1,2.39698576841553,0.615309661548216,0.998506798528947
3067970,"Broken Aperture",2025-10-06,"2025-10",0,1,0,0,4.99,4.99,0,"USD",7,6,1,0.857142857142857,0,"7 user reviews",2026-09-12 14:21:51.14577,2026-09-13 19:02:58.742945,2026-09-13,2026-09-12,342,"Windows only","$0.01-$4.99",1.79009141212736,0,1,1,0,0,0,1,0,0,0,0,0,0,1,1.79009141212736,-0.212555002889199,-0.0610088366666245
3068670,"Anode Heart: Layer Null",2025-11-19,"2025-11",0,1,1,0,15.99,15.99,0,"USD",224,205,19,0.915178571428571,8,"Very Positive",2026-09-12 14:21:53.179997,2026-09-13 19:03:00.889056,2026-09-13,2026-09-12,298,"Windows + macOS","$10.00-$19.99",2.83262493568384,0,0,0,0,0,0,1,0,1,0,0,0,0,1,2.83262493568384,1.20956510203731,-0.908621344823082
3069300,"Piggly Pagly Boom",2025-10-03,"2025-10",0,1,0,0,5.99,5.99,0,"USD",0,0,0,,0,"No user reviews",2026-09-12 14:21:59.601607,2026-09-13 19:03:02.970346,2026-09-13,2026-09-12,345,"Windows only","$5.00-$9.99",1.94448055624572,1,0,1,0,0,0,1,0,0,0,0,0,0,0,1.94448055624572,-0.00195275282042951,-0.00321707474686604
3069360,"RIP Party",2025-10-30,"2025-10",0,1,0,0,1,1,0,"USD",1,1,0,1,0,"1 user reviews",2026-09-12 14:22:01.779302,2026-09-13 19:03:05.130905,2026-09-13,2026-09-12,318,"Windows only","$0.01-$4.99",0.693147180559945,1,0,0,0,0,0,1,0,0,0,0,0,0,1,0.693147180559945,-1.7088967611604,-0.523342932024692
3070390,"Master Lemon: The Quest for Iceland",2025-11-04,"2025-11",0,1,0,0,9.99,9.99,0,"USD",108,108,0,1,8,"Very Positive",2026-09-12 14:22:07.918169,2026-09-13 19:03:07.165667,2026-09-13,2026-09-12,313,"Windows only","$5.00-$9.99",2.39698576841553,0,1,0,0,0,0,1,0,1,0,0,0,0,1,2.39698576841553,0.615309661548216,-0.61966253522429
3070650,"群島物語 - 實習鍊金術士的 90 天之旅",2025-08-04,"2025-08",0,1,0,0,10.99,10.99,0,"USD",27,25,2,0.925925925925926,7,"Positive",2026-09-12 14:22:12.126675,2026-09-13 19:03:09.384766,2026-09-13,2026-09-12,405,"Windows only","$10.00-$19.99",2.48407296903942,0,1,0,0,0,0,1,0,1,0,1,0,0,1,2.48407296903942,0.734105322398058,1.1526181636483
3070880,"Farming & Supermarket Simulator",2025-08-31,"2025-08",0,1,0,0,11.99,9.59,20,"USD",830,656,174,0.790361445783132,6,"Mostly Positive",2026-09-12 14:22:14.258552,2026-09-13 19:03:11.568106,2026-09-13,2026-09-12,378,"Windows only","$5.00-$9.99",2.35991015961332,0,1,1,0,0,0,1,0,0,0,1,0,0,1,2.35991015961332,0.564734819119982,0.632492306370477
3075800,"Subterranauts",2025-10-19,"2025-10",0,1,0,0,4.99,4.99,0,"USD",190,146,44,0.768421052631579,6,"Mostly Positive",2026-09-12 14:22:39.916258,2026-09-13 19:03:13.699559,2026-09-13,2026-09-12,329,"Windows only","$0.01-$4.99",1.79009141212736,1,1,0,0,0,0,1,0,0,0,0,0,0,1,1.79009141212736,-0.212555002889199,-0.311439804985578
3076240,"True Nightmare - Roadside Сafe",2025-07-21,"2025-07",0,1,0,0,7.99,7.99,0,"USD",134,107,27,0.798507462686567,6,"Mostly Positive",2026-09-12 14:22:42.140907,2026-09-13 19:03:15.952913,2026-09-13,2026-09-12,419,"Windows only","$5.00-$9.99",2.19611284848353,0,1,1,0,0,0,0,0,0,0,0,0,0,1,2.19611284848353,0.341298887298887,1.42231305260718
3077570,"MOMO Crash",2025-09-18,"2025-09",0,1,1,0,12,12,0,"USD",701,626,75,0.893009985734665,8,"Very Positive",2026-09-12 14:22:46.636889,2026-09-13 19:03:18.160305,2026-09-13,2026-09-12,360,"Windows + macOS","$10.00-$19.99",2.56494935746154,0,0,1,0,0,0,1,0,0,0,0,0,0,1,2.56494935746154,0.844428813576136,0.285741734851926
3078010,"Terminal",2025-10-31,"2025-10",0,1,0,0,4.99,4.99,0,"USD",0,0,0,,0,"No user reviews",2026-09-12 14:22:48.788724,2026-09-13 19:03:20.198973,2026-09-13,2026-09-12,317,"Windows only","$0.01-$4.99",1.79009141212736,0,0,1,0,0,0,1,0,0,0,1,0,0,0,1.79009141212736,-0.212555002889199,-0.542606852664612
3078670,"Tiny Pixels Vol. 2 - Stormy Knights",2025-07-09,"2025-07",0,1,0,0,4.99,4.99,0,"USD",5,5,0,1,0,"5 user reviews",2026-09-12 14:22:52.989411,2026-09-13 19:03:22.437624,2026-09-13,2026-09-12,431,"Windows only","$0.01-$4.99",1.79009141212736,1,1,0,0,0,0,1,0,0,0,0,0,0,1,1.79009141212736,-0.212555002889199,1.65348010028621
3080530,"Project X: Light Years",2025-08-15,"2025-08",0,1,0,1,17.99,17.99,0,"USD",141,132,9,0.936170212765957,8,"Very Positive",2026-09-12 14:23:01.430847,2026-09-13 19:03:24.640732,2026-09-13,2026-09-12,394,"Windows + Linux","$10.00-$19.99",2.94391252482419,1,0,0,0,0,0,1,0,0,0,0,0,0,1,2.94391252482419,1.36137251577438,0.940715036609189
3082100,"Day of the Shell: Prologue",2025-07-01,"2025-07",1,1,0,0,,,,,0,0,0,,0,"No user reviews",2026-09-12 14:23:09.755144,2026-09-13 19:03:26.723193,2026-09-13,2026-09-12,439,"Windows only","Free",,0,0,0,0,1,0,0,0,0,0,0,0,1,0,,0,1.80759146540557
3083990,"Imaginary Friend Institution",2025-11-18,"2025-11",0,1,0,0,4.99,4.99,0,"USD",50,48,2,0.96,8,"Very Positive",2026-09-12 14:23:18.406232,2026-09-13 19:03:28.758788,2026-09-13,2026-09-12,299,"Windows only","$0.01-$4.99",1.79009141212736,1,1,0,0,0,0,1,0,1,0,1,0,0,1,1.79009141212736,-0.212555002889199,-0.889357424183163
3084740,"Command Deck",2025-09-24,"2025-09",0,1,1,0,14.99,14.99,0,"USD",74,73,1,0.986486486486487,8,"Very Positive",2026-09-12 14:23:22.596777,2026-09-13 19:03:30.948607,2026-09-13,2026-09-12,354,"Windows + macOS","$10.00-$19.99",2.77196352684586,0,0,0,1,0,0,1,0,0,0,0,0,1,1,2.77196352684586,1.12681686694233,0.170158211012409
3085200,"MOTTAINAI GHOST",2025-07-31,"2025-07",0,1,1,0,8.15,8.15,0,"USD",12,9,3,0.75,6,"Mostly Positive",2026-09-12 14:23:31.016012,2026-09-13 19:03:33.01795,2026-09-13,2026-09-12,409,"Windows + macOS","$5.00-$9.99",2.21375387928743,1,0,0,0,0,0,1,0,0,0,0,0,0,1,2.21375387928743,0.36536301954115,1.22967384620798
3086120,"Harpoon Classic '97",2025-08-24,"2025-08",0,1,0,0,8.99,8.99,0,"USD",61,51,10,0.836065573770492,8,"Very Positive",2026-09-12 14:23:35.315677,2026-09-13 19:03:35.072349,2026-09-13,2026-09-12,385,"Windows only","$5.00-$9.99",2.30158459266046,0,0,0,0,0,0,0,0,0,0,0,0,1,1,2.30158459266046,0.485172906221557,0.767339750849914
3086580,"LOST EMBER: Rekindled Edition",2025-11-27,"2025-11",0,1,0,0,29.99,29.99,0,"USD",100,77,23,0.77,6,"Mostly Positive",2026-09-12 14:23:37.365006,2026-09-13 19:03:37.2356,2026-09-13,2026-09-12,290,"Windows only","$20.00-$29.99",3.43366457179966,0,1,0,0,0,0,1,0,0,0,0,0,0,1,3.43366457179966,2.02944334198315,-1.06273270994244
3092000,"Treasure Protector",2025-10-31,"2025-10",0,1,0,0,4.99,4.99,0,"USD",0,0,0,,0,"No user reviews",2026-09-12 14:23:54.559886,2026-09-13 19:03:39.379282,2026-09-13,2026-09-12,317,"Windows only","$0.01-$4.99",1.79009141212736,0,0,0,0,0,0,0,0,0,0,0,0,1,0,1.79009141212736,-0.212555002889199,-0.542606852664612
3094140,"Resurrection of Santiago",2025-08-10,"2025-08",1,1,0,0,,,,,0,0,0,,0,"No user reviews",2026-09-12 14:24:13.540777,2026-09-13 19:03:41.473349,2026-09-13,2026-09-12,399,"Windows only","Free",,1,1,1,0,1,0,1,0,0,0,0,0,0,0,,0,1.03703463980879
3094480,"Bad Cheese",2025-09-01,"2025-09",0,1,0,0,12.99,12.99,0,"USD",604,434,170,0.718543046357616,6,"Mostly Positive",2026-09-12 14:24:17.900189,2026-09-13 19:03:43.693124,2026-09-13,2026-09-12,377,"Windows only","$10.00-$19.99",2.63834278867739,1,1,0,0,0,0,0,0,0,0,0,0,0,1,2.63834278867739,0.944544801928764,0.613228385730558
3095180,"Delta Directive",2025-10-25,"2025-10",0,1,0,0,0.99,0.99,0,"USD",0,0,0,,0,"No user reviews",2026-09-12 14:24:22.144697,2026-09-13 19:03:45.789828,2026-09-13,2026-09-12,323,"Windows only","$0.01-$4.99",0.688134638736401,1,0,0,0,0,0,1,0,0,0,0,0,0,0,0.688134638736401,-1.71573437006504,-0.427023328825095
3096410,"Mini Dungeons",2025-07-04,"2025-07",0,1,0,0,2.99,2.99,0,"USD",3,2,1,0.666666666666667,0,"3 user reviews",2026-09-12 14:24:24.158212,2026-09-13 19:03:47.83753,2026-09-13,2026-09-12,436,"Windows only","$0.01-$4.99",1.38379123090177,0,1,0,1,0,0,1,0,1,0,0,0,0,1,1.38379123090177,-0.766789128987195,1.74979970348581
3098140,"Crown and Adventure",2025-10-22,"2025-10",0,1,0,0,19.99,19.99,0,"USD",1672,1034,638,0.618421052631579,5,"Mixed",2026-09-12 14:24:30.656114,2026-09-13 19:03:50.048807,2026-09-13,2026-09-12,326,"Windows only","$10.00-$19.99",3.04404613383254,0,1,0,0,0,0,0,0,1,0,0,0,1,1,3.04404613383254,1.49796478387127,-0.369231566905336
3098170,"Titans of the Past",2025-12-03,"2025-12",0,1,0,0,24.99,24.99,0,"USD",108,90,18,0.833333333333333,8,"Very Positive",2026-09-12 14:24:32.800056,2026-09-13 19:03:52.284404,2026-09-13,2026-09-12,284,"Windows only","$20.00-$29.99",3.2577118486534,1,0,0,0,0,0,1,0,1,0,0,0,0,1,3.2577118486534,1.78942621116778,-1.17831623378195
3098380,"Locked In",2025-10-20,"2025-10",0,1,0,0,5.99,5.99,0,"USD",5,2,3,0.4,0,"5 user reviews",2026-09-12 14:24:34.973811,2026-09-13 19:03:54.480777,2026-09-13,2026-09-12,328,"Windows only","$5.00-$9.99",1.94448055624572,0,0,0,0,0,0,1,0,0,0,0,0,0,1,1.94448055624572,-0.00195275282042951,-0.330703725625497
3099630,"Academy Love Saga: Tennis Angels",2025-11-07,"2025-11",0,1,0,0,8.99,8.99,0,"USD",169,156,13,0.923076923076923,8,"Very Positive",2026-09-12 14:24:49.482857,2026-09-13 19:03:56.697955,2026-09-13,2026-09-12,310,"Windows only","$5.00-$9.99",2.30158459266046,0,0,1,0,0,0,1,0,1,0,1,1,0,1,2.30158459266046,0.485172906221557,-0.677454297144048
3100580,"白影酒馆 Tavern Revisited",2025-10-23,"2025-10",0,1,0,0,9.99,9.99,0,"USD",11,7,4,0.636363636363636,5,"Mixed",2026-09-12 14:24:57.992535,2026-09-13 19:03:58.737911,2026-09-13,2026-09-12,325,"Windows only","$5.00-$9.99",2.39698576841553,0,0,0,0,0,0,0,0,1,0,1,0,0,1,2.39698576841553,0.615309661548216,-0.388495487545256
3101040,"Magical Girl Witch Trials",2025-07-18,"2025-07",0,1,1,0,29.99,29.99,0,"USD",29730,28728,1002,0.966296670030272,9,"Overwhelmingly Positive",2026-09-12 14:25:02.401364,2026-09-13 19:04:00.75534,2026-09-13,2026-09-12,422,"Windows + macOS","$20.00-$29.99",3.43366457179966,0,1,0,0,0,0,1,0,0,0,1,0,0,1,3.43366457179966,2.02944334198315,1.48010481452693
3102740,"Signs Of Life",2025-07-08,"2025-07",1,1,1,0,,,,,0,0,0,,0,"No user reviews",2026-09-12 14:25:06.591328,2026-09-13 19:04:02.802075,2026-09-13,2026-09-12,432,"Windows + macOS","Free",,0,1,1,0,1,0,1,0,0,0,0,0,0,0,,0,1.67274402092613
3102750,"The happiness of maggots",2025-12-22,"2025-12",0,1,0,0,4.99,4.99,0,"USD",47,42,5,0.893617021276596,7,"Positive",2026-09-12 14:25:08.732782,2026-09-13 19:04:04.945123,2026-09-13,2026-09-12,265,"Windows only","$0.01-$4.99",1.79009141212736,0,0,0,0,0,0,0,0,1,0,0,0,0,1,1.79009141212736,-0.212555002889199,-1.54433072594043
3104410,"Terminull Brigade<U+2122>",2025-07-29,"2025-07",1,1,0,0,,,,,0,0,0,,0,"No user reviews",2026-09-12 14:25:17.275235,2026-09-13 19:04:06.979762,2026-09-13,2026-09-12,411,"Windows only","Free",,1,1,0,0,1,0,0,0,1,0,0,0,0,0,,0,1.26820168748782
3107140,"Lost quest",2025-12-10,"2025-12",1,1,0,0,,,,,0,0,0,,0,"No user reviews",2026-09-12 14:25:53.422914,2026-09-13 19:04:09.011287,2026-09-13,2026-09-12,277,"Windows only","Free",,1,1,0,0,1,0,1,0,0,0,0,0,0,0,,0,-1.31316367826139
3108990,"Butterfly Dream",2025-08-20,"2025-08",0,1,0,0,10.99,5.49,50,"USD",27,17,10,0.62962962962963,5,"Mixed",2026-09-12 14:26:08.319151,2026-09-13 19:04:11.15777,2026-09-13,2026-09-12,389,"Windows only","$5.00-$9.99",1.870262530716,1,1,0,0,0,0,1,0,1,0,0,0,0,1,1.870262530716,-0.103193570375824,0.844395433409591
3109070,"Despondent",2025-08-22,"2025-08",0,1,0,0,8.99,8.99,0,"USD",9,5,4,0.555555555555556,0,"9 user reviews",2026-09-12 14:26:10.460866,2026-09-13 19:04:13.410161,2026-09-13,2026-09-12,387,"Windows only","$5.00-$9.99",2.30158459266046,0,1,0,0,0,0,1,0,0,0,0,0,0,1,2.30158459266046,0.485172906221557,0.805867592129753
3109280,"Super Loco World - Cozy Train Automation",2025-07-14,"2025-07",0,1,0,0,9.99,9.99,0,"USD",327,249,78,0.761467889908257,6,"Mostly Positive",2026-09-12 14:26:12.572556,2026-09-13 19:04:15.611266,2026-09-13,2026-09-12,426,"Windows only","$5.00-$9.99",2.39698576841553,0,0,0,0,0,0,1,0,0,0,1,0,1,1,2.39698576841553,0.615309661548216,1.55716049708661
3109830,"Peacequarium",2025-12-15,"2025-12",0,1,1,0,6.99,6.99,0,"USD",10,8,2,0.8,7,"Positive",2026-09-12 14:26:14.742437,2026-09-13 19:04:17.6157,2026-09-13,2026-09-12,272,"Windows + macOS","$5.00-$9.99",2.07819075977818,0,0,1,0,0,0,0,0,0,0,1,0,0,1,2.07819075977818,0.18044135190692,-1.40948328146099
3110450,"Randal's Tuesday",2025-12-04,"2025-12",0,1,1,1,19.99,19.99,0,"USD",89,74,15,0.831460674157303,8,"Very Positive",2026-09-12 14:26:21.163685,2026-09-13 19:04:19.650747,2026-09-13,2026-09-12,283,"Windows + macOS + Linux","$10.00-$19.99",3.04404613383254,0,1,0,0,0,0,1,0,0,0,0,0,0,1,3.04404613383254,1.49796478387127,-1.19758015442187
3110580,"Anxiety Bot in Space!",2025-09-22,"2025-09",0,1,0,0,1.99,1.99,0,"USD",0,0,0,,0,"No user reviews",2026-09-12 14:26:23.264052,2026-09-13 19:04:21.718981,2026-09-13,2026-09-12,356,"Windows only","$0.01-$4.99",1.0952733874026,1,0,1,0,0,0,1,0,0,0,0,0,1,0,1.0952733874026,-1.16035635402041,0.208686052292248
3111670,"programming-factory-2",2025-12-24,"2025-12",0,1,0,0,3.99,3.99,0,"USD",2,2,0,1,0,"2 user reviews",2026-09-12 14:26:33.92808,2026-09-13 19:04:23.940726,2026-09-13,2026-09-12,263,"Windows only","$0.01-$4.99",1.60743590976343,0,0,1,0,0,0,1,0,0,0,1,0,0,1,1.60743590976343,-0.461715395641907,-1.58285856722026
3113650,"Sheep Seeker",2025-08-01,"2025-08",0,1,0,0,9.99,0.99,90,"USD",22,22,0,1,7,"Positive",2026-09-12 14:26:49.134996,2026-09-13 19:04:26.115589,2026-09-13,2026-09-12,408,"Windows only","$0.01-$4.99",0.688134638736401,1,0,0,0,0,0,0,0,0,1,0,0,0,1,0.688134638736401,-1.71573437006504,1.21040992556806
3114280,"Eternal ONE",2025-10-11,"2025-10",0,1,0,0,4.99,4.99,0,"USD",7,7,0,1,0,"7 user reviews",2026-09-12 14:26:53.370098,2026-09-13 19:04:28.294104,2026-09-13,2026-09-12,337,"Windows only","$0.01-$4.99",1.79009141212736,1,0,1,0,0,0,1,0,0,0,1,0,0,1,1.79009141212736,-0.212555002889199,-0.157328439866222
3114900,"Dread Flats",2025-07-10,"2025-07",0,1,0,0,5.99,4.79,20,"USD",1452,1212,240,0.834710743801653,8,"Very Positive",2026-09-12 14:26:57.61828,2026-09-13 19:04:30.526428,2026-09-13,2026-09-12,430,"Windows only","$0.01-$4.99",1.7561322915849,0,1,1,0,0,0,1,0,1,0,1,0,0,1,1.7561322915849,-0.258878643307301,1.63421617964629
3115890,"CROAK CAFE : FROM POND TO PLATE",2025-08-26,"2025-08",1,1,0,0,,,,,0,0,0,,0,"No user reviews",2026-09-12 14:27:04.096434,2026-09-13 19:04:32.770816,2026-09-13,2026-09-12,383,"Windows only","Free",,0,0,1,0,1,0,1,0,0,0,0,0,0,0,,0,0.728811909570075
3119050,"Obfuscation",2025-12-01,"2025-12",0,1,0,0,5.99,1.49,75,"USD",49,36,13,0.73469387755102,6,"Mostly Positive",2026-09-12 14:27:15.340588,2026-09-13 19:04:34.932383,2026-09-13,2026-09-12,286,"Windows only","$0.01-$4.99",0.912282710476616,1,1,0,0,0,0,1,0,0,0,1,0,0,1,0.912282710476616,-1.40997395843353,-1.13978839250212
3120410,"Little Droid 2: Escape",2025-11-07,"2025-11",0,1,0,0,6.99,2.44,65,"USD",10,9,1,0.9,7,"Positive",2026-09-12 14:27:23.850288,2026-09-13 19:04:37.049551,2026-09-13,2026-09-12,310,"Windows only","$0.01-$4.99",1.23547147138531,1,1,0,0,0,0,1,0,0,0,0,0,0,1,1.23547147138531,-0.969112130790218,-0.677454297144048
3120890,"CatCat",2025-09-16,"2025-09",0,1,1,0,5.99,5.99,0,"USD",23,21,2,0.91304347826087,7,"Positive",2026-09-12 14:27:28.138329,2026-09-13 19:04:39.286833,2026-09-13,2026-09-12,362,"Windows + macOS","$5.00-$9.99",1.94448055624572,0,0,1,0,0,0,0,0,0,0,1,0,0,1,1.94448055624572,-0.00195275282042951,0.324269576131765
3121630,"Nightwatch at the Hopkins' Cliffside",2025-10-02,"2025-10",0,1,0,0,9.99,9.99,0,"USD",1,1,0,1,0,"1 user reviews",2026-09-12 14:27:30.334886,2026-09-13 19:04:41.423057,2026-09-13,2026-09-12,346,"Windows only","$5.00-$9.99",2.39698576841553,1,0,0,0,0,0,1,0,0,0,1,0,1,1,2.39698576841553,0.615309661548216,0.0160468458930535
3121720,"A Snail's Pace",2025-09-02,"2025-09",0,1,1,1,4.99,4.99,0,"USD",1,1,0,1,0,"1 user reviews",2026-09-12 14:27:32.522508,2026-09-13 19:04:43.633609,2026-09-13,2026-09-12,376,"Windows + macOS + Linux","$0.01-$4.99",1.79009141212736,1,1,1,0,0,0,1,0,0,0,0,0,0,1,1.79009141212736,-0.212555002889199,0.593964465090638
3121860,"Nocturnal Whispers",2025-08-11,"2025-08",0,1,0,0,14.99,14.99,0,"USD",5,3,2,0.6,0,"5 user reviews",2026-09-12 14:27:36.856974,2026-09-13 19:04:45.853268,2026-09-13,2026-09-12,398,"Windows only","$10.00-$19.99",2.77196352684586,0,0,0,0,0,0,1,0,0,0,0,0,0,1,2.77196352684586,1.12681686694233,1.01777071916887
3125370,"There Is No Escape",2025-12-02,"2025-12",1,1,0,0,,,,,2,2,0,1,0,"2 user reviews",2026-09-12 14:28:02.266676,2026-09-13 19:04:47.982361,2026-09-13,2026-09-12,285,"Windows only","Free",,0,1,0,0,1,0,0,0,0,0,0,0,0,1,,0,-1.15905231314204
3126880,"Beneath The Six",2025-08-14,"2025-08",0,1,1,0,7.99,7.99,0,"USD",26,19,7,0.730769230769231,6,"Mostly Positive",2026-09-12 14:28:08.752304,2026-09-13 19:04:50.005143,2026-09-13,2026-09-12,395,"Windows + macOS","$5.00-$9.99",2.19611284848353,1,1,0,1,0,0,0,0,1,0,0,0,1,1,2.19611284848353,0.341298887298887,0.959978957249108
3127000,"Splintered",2025-10-23,"2025-10",0,1,0,0,9.99,9.99,0,"USD",307,273,34,0.889250814332248,8,"Very Positive",2026-09-12 14:28:10.878655,2026-09-13 19:04:52.194853,2026-09-13,2026-09-12,325,"Windows only","$5.00-$9.99",2.39698576841553,0,0,0,0,0,0,1,0,1,0,0,0,0,1,2.39698576841553,0.615309661548216,-0.388495487545256
3130800,"Find My Frogs",2025-07-23,"2025-07",0,1,0,0,3.99,3.99,0,"USD",208,208,0,1,8,"Very Positive",2026-09-12 14:28:29.800997,2026-09-13 19:04:54.234674,2026-09-13,2026-09-12,417,"Windows only","$0.01-$4.99",1.60743590976343,0,1,1,0,0,0,1,0,0,0,0,0,0,1,1.60743590976343,-0.461715395641907,1.38378521132734
3131880,"The Lubs: True Alliance",2025-12-22,"2025-12",0,1,0,0,0.99,0.99,0,"USD",4,4,0,1,0,"4 user reviews",2026-09-12 14:28:31.974272,2026-09-13 19:04:56.317381,2026-09-13,2026-09-12,265,"Windows only","$0.01-$4.99",0.688134638736401,1,1,0,0,0,0,1,0,1,0,0,0,0,1,0.688134638736401,-1.71573437006504,-1.54433072594043
3134570,"Sorcerer's Servant",2025-12-01,"2025-12",0,1,1,0,14.99,14.99,0,"USD",29,25,4,0.862068965517241,7,"Positive",2026-09-12 14:28:48.90029,2026-09-13 19:04:58.437889,2026-09-13,2026-09-12,286,"Windows + macOS","$10.00-$19.99",2.77196352684586,0,0,1,0,0,0,1,0,1,0,0,0,1,1,2.77196352684586,1.12681686694233,-1.13978839250212
3135270,"Slasher",2025-10-21,"2025-10",0,1,0,0,4.99,4.99,0,"USD",26,19,7,0.730769230769231,6,"Mostly Positive",2026-09-12 14:28:55.10133,2026-09-13 19:05:00.625211,2026-09-13,2026-09-12,327,"Windows only","$0.01-$4.99",1.79009141212736,1,1,0,0,0,0,1,0,0,0,0,0,0,1,1.79009141212736,-0.212555002889199,-0.349967646265417
3136490,"Echoes of the Architects",2025-07-25,"2025-07",0,1,0,0,9.99,9.99,0,"USD",46,37,9,0.804347826086957,7,"Positive",2026-09-12 14:29:05.515089,2026-09-13 19:05:02.69805,2026-09-13,2026-09-12,415,"Windows only","$5.00-$9.99",2.39698576841553,0,0,0,0,0,0,1,0,0,0,1,0,1,1,2.39698576841553,0.615309661548216,1.3452573700475
3137000,"Planet Strike",2025-08-05,"2025-08",0,1,0,0,3.99,3.99,0,"USD",0,0,0,,0,"No user reviews",2026-09-12 14:29:11.931878,2026-09-13 19:05:04.845077,2026-09-13,2026-09-12,404,"Windows only","$0.01-$4.99",1.60743590976343,0,0,1,0,0,0,1,0,0,0,1,1,0,0,1.60743590976343,-0.461715395641907,1.13335424300838
3141140,"100 Sea Cats",2025-08-17,"2025-08",0,1,0,0,1.99,1.99,0,"USD",41,37,4,0.902439024390244,7,"Positive",2026-09-12 14:29:39.23526,2026-09-13 19:05:06.974375,2026-09-13,2026-09-12,392,"Windows only","$0.01-$4.99",1.0952733874026,0,0,1,0,0,0,1,0,0,0,0,0,0,1,1.0952733874026,-1.16035635402041,0.90218719532935
3141310,"Inkshade",2025-08-14,"2025-08",0,1,0,0,19.99,19.99,0,"USD",616,540,76,0.876623376623377,8,"Very Positive",2026-09-12 14:29:41.358992,2026-09-13 19:05:09.110095,2026-09-13,2026-09-12,395,"Windows only","$10.00-$19.99",3.04404613383254,0,1,0,0,0,0,1,0,1,0,0,0,1,1,3.04404613383254,1.49796478387127,0.959978957249108
3141330,"Of Lies and Rain",2025-11-04,"2025-11",0,1,0,0,39.99,39.99,0,"USD",168,134,34,0.797619047619048,6,"Mostly Positive",2026-09-12 14:29:43.589984,2026-09-13 19:05:11.224626,2026-09-13,2026-09-12,313,"Windows only","$30.00+",3.71332813451625,1,1,0,0,0,0,0,0,0,0,0,0,0,1,3.71332813451625,2.41093244153544,-0.61966253522429
3143300,"Amairo Chocolate 3",2025-11-10,"2025-11",0,1,0,0,29.99,29.99,0,"USD",81,80,1,0.987654320987654,8,"Very Positive",2026-09-12 14:29:51.99786,2026-09-13 19:05:13.450457,2026-09-13,2026-09-12,307,"Windows only","$20.00-$29.99",3.43366457179966,0,1,1,0,0,0,0,0,0,0,0,0,0,1,3.43366457179966,2.02944334198315,-0.735246059063807
3143520,"Bizzy Bouncy Boo",2025-10-20,"2025-10",0,1,0,0,1.99,1.99,0,"USD",0,0,0,,0,"No user reviews",2026-09-12 14:29:56.156506,2026-09-13 19:05:15.627641,2026-09-13,2026-09-12,328,"Windows only","$0.01-$4.99",1.0952733874026,0,1,0,0,0,0,1,0,1,0,1,0,1,0,1.0952733874026,-1.16035635402041,-0.330703725625497
3143570,"Holy Valkyrie EXS-TiA: Concerto 1",2025-11-25,"2025-11",0,1,0,0,19.99,13.99,30,"USD",17,15,2,0.882352941176471,7,"Positive",2026-09-12 14:29:58.274554,2026-09-13 19:05:17.870097,2026-09-13,2026-09-12,292,"Windows only","$10.00-$19.99",2.70738331211451,1,1,1,0,0,0,0,0,0,0,0,0,0,1,2.70738331211451,1.03872298825665,-1.0242048686626
3144520,"Robes & Wrinkles",2025-09-05,"2025-09",0,1,0,0,4.99,4.99,0,"USD",2,1,1,0.5,0,"2 user reviews",2026-09-12 14:30:02.593505,2026-09-13 19:05:20.048771,2026-09-13,2026-09-12,373,"Windows only","$0.01-$4.99",1.79009141212736,1,1,1,0,0,0,0,0,0,0,0,0,0,1,1.79009141212736,-0.212555002889199,0.53617270317088
3146630,"ShoPaDen - Cyber World Rampage",2025-12-16,"2025-12",0,1,0,0,4.99,4.99,0,"USD",1,0,1,0,0,"1 user reviews",2026-09-12 14:30:11.887955,2026-09-13 19:05:22.133886,2026-09-13,2026-09-12,271,"Windows only","$0.01-$4.99",1.79009141212736,1,0,0,0,0,0,1,0,0,0,0,0,0,1,1.79009141212736,-0.212555002889199,-1.42874720210091
3148060,"Penelope Pendrick and the Art of Deceit",2025-11-19,"2025-11",0,1,1,0,24.99,24.99,0,"USD",572,556,16,0.972027972027972,9,"Overwhelmingly Positive",2026-09-12 14:30:18.530279,2026-09-13 19:05:24.161595,2026-09-13,2026-09-12,298,"Windows + macOS","$20.00-$29.99",3.2577118486534,0,1,0,0,0,0,1,0,0,0,0,0,0,1,3.2577118486534,1.78942621116778,-0.908621344823082
3151420,"Mystic Explorer",2025-07-23,"2025-07",0,1,0,0,4.99,1.99,60,"USD",45,34,11,0.755555555555556,6,"Mostly Positive",2026-09-12 14:30:33.363237,2026-09-13 19:05:26.199616,2026-09-13,2026-09-12,417,"Windows only","$0.01-$4.99",1.0952733874026,0,0,1,0,0,0,1,0,0,0,0,0,1,1,1.0952733874026,-1.16035635402041,1.38378521132734
3154800,"Football Pitch Simulator",2025-10-10,"2025-10",0,1,1,0,9.99,9.99,0,"USD",174,164,10,0.942528735632184,8,"Very Positive",2026-09-12 14:30:41.612694,2026-09-13 19:05:28.241766,2026-09-13,2026-09-12,338,"Windows + macOS","$5.00-$9.99",2.39698576841553,0,0,1,1,0,0,1,0,0,0,1,1,0,1,2.39698576841553,0.615309661548216,-0.138064519226302
3154910,"SERK: Chaos City Delivery ",2025-07-22,"2025-07",0,1,0,0,3.99,3.99,0,"USD",1,0,1,0,0,"1 user reviews",2026-09-12 14:30:43.778835,2026-09-13 19:05:30.491922,2026-09-13,2026-09-12,418,"Windows only","$0.01-$4.99",1.60743590976343,1,0,0,0,0,0,1,0,0,0,1,0,0,1,1.60743590976343,-0.461715395641907,1.40304913196726
3158600,"Stunt Dog Adventure",2025-09-14,"2025-09",0,1,0,0,9.99,9.99,0,"USD",2,2,0,1,0,"2 user reviews",2026-09-12 14:30:54.397036,2026-09-13 19:05:32.654743,2026-09-13,2026-09-12,364,"Windows only","$5.00-$9.99",2.39698576841553,1,1,1,0,0,0,1,0,0,0,0,0,0,1,2.39698576841553,0.615309661548216,0.362797417411604
3159040,"Sapling Wars",2025-08-31,"2025-08",0,1,0,0,4.99,4.99,0,"USD",0,0,0,,0,"No user reviews",2026-09-12 14:30:58.815851,2026-09-13 19:05:34.677799,2026-09-13,2026-09-12,378,"Windows only","$0.01-$4.99",1.79009141212736,1,0,1,0,0,0,0,0,0,0,0,0,1,0,1.79009141212736,-0.212555002889199,0.632492306370477
3160110,"Starbug Troopers : The 4 horseflies of the apocalypse",2025-09-15,"2025-09",0,1,0,0,8.99,8.99,0,"USD",13,11,2,0.846153846153846,7,"Positive",2026-09-12 14:31:05.104713,2026-09-13 19:05:36.861059,2026-09-13,2026-09-12,363,"Windows only","$5.00-$9.99",2.30158459266046,1,0,0,0,0,0,1,0,0,0,0,0,1,1,2.30158459266046,0.485172906221557,0.343533496771685
3160500,"Kingdom of Cards",2025-09-22,"2025-09",0,1,0,0,11.99,11.99,0,"USD",74,54,20,0.72972972972973,6,"Mostly Positive",2026-09-12 14:31:07.339015,2026-09-13 19:05:39.011253,2026-09-13,2026-09-12,356,"Windows only","$10.00-$19.99",2.56417983068251,0,0,1,0,0,0,1,0,1,0,0,0,1,1,2.56417983068251,0.843379102004269,0.208686052292248
3160560,"Tale Smiths",2025-10-30,"2025-10",1,1,0,0,,,,,0,0,0,,0,"No user reviews",2026-09-12 14:31:09.421599,2026-09-13 19:05:41.063802,2026-09-13,2026-09-12,318,"Windows only","Free",,0,1,1,0,1,0,0,0,0,0,0,0,0,0,,0,-0.523342932024692
3164400,"Cats go! : Tactical Defense Braw",2025-08-09,"2025-08",0,1,1,1,4.99,4.99,0,"USD",39,38,1,0.974358974358974,7,"Positive",2026-09-12 14:31:23.933239,2026-09-13 19:05:43.293411,2026-09-13,2026-09-12,400,"Windows + macOS + Linux","$0.01-$4.99",1.79009141212736,1,0,1,0,0,0,1,0,0,0,0,0,1,1,1.79009141212736,-0.212555002889199,1.05629856044871
3166730,"Forest Time",2025-12-19,"2025-12",0,1,1,0,5.99,5.99,0,"USD",1,1,0,1,0,"1 user reviews",2026-09-12 14:31:40.959083,2026-09-13 19:05:45.484969,2026-09-13,2026-09-12,268,"Windows + macOS","$5.00-$9.99",1.94448055624572,0,0,1,0,0,0,1,0,0,0,0,0,0,1,1.94448055624572,-0.00195275282042951,-1.48653896402067
3167020,"Escape From Duckov",2025-10-16,"2025-10",0,1,1,0,17.99,17.99,0,"USD",83387,71481,11906,0.857219950351973,8,"Very Positive",2026-09-12 14:31:45.24364,2026-09-13 19:05:47.55456,2026-09-13,2026-09-12,332,"Windows + macOS","$10.00-$19.99",2.94391252482419,1,1,0,0,0,0,1,0,1,0,0,0,0,1,2.94391252482419,1.36137251577438,-0.253648043065819
3167260,"WAR RATS: The Rat em Up",2025-11-20,"2025-11",0,1,0,0,11.99,7.19,40,"USD",381,364,17,0.955380577427822,8,"Very Positive",2026-09-12 14:31:47.49142,2026-09-13 19:05:49.810925,2026-09-13,2026-09-12,297,"Windows only","$5.00-$9.99",2.10291389786498,1,0,0,0,0,0,0,0,0,0,0,0,1,1,2.10291389786498,0.214166187545934,-0.927885265463002
3167280,"Ikarus Parkour",2025-08-01,"2025-08",0,1,0,0,12.99,12.99,0,"USD",195,158,37,0.81025641025641,8,"Very Positive",2026-09-12 14:31:49.707528,2026-09-13 19:05:52.072281,2026-09-13,2026-09-12,408,"Windows only","$10.00-$19.99",2.63834278867739,1,0,0,0,0,0,1,0,0,0,0,0,0,1,2.63834278867739,0.944544801928764,1.21040992556806
3168400,"Awaken Infinity",2025-10-01,"2025-10",0,1,0,0,5.99,5.99,0,"USD",23,22,1,0.956521739130435,7,"Positive",2026-09-12 14:31:51.851479,2026-09-13 19:05:54.204405,2026-09-13,2026-09-12,347,"Windows only","$5.00-$9.99",1.94448055624572,0,1,0,0,0,0,1,0,0,0,0,0,0,1,1.94448055624572,-0.00195275282042951,0.0353107665329729
3168690,"Toony's Daycare",2025-10-08,"2025-10",0,1,0,0,4.99,4.99,0,"USD",10,8,2,0.8,7,"Positive",2026-09-12 14:31:56.244095,2026-09-13 19:05:56.330784,2026-09-13,2026-09-12,340,"Windows only","$0.01-$4.99",1.79009141212736,1,1,0,0,0,0,1,0,0,0,0,0,1,1,1.79009141212736,-0.212555002889199,-0.0995366779464635
3168930,"Infect Cam",2025-11-17,"2025-11",0,1,0,0,2.99,2.99,0,"USD",34,20,14,0.588235294117647,5,"Mixed",2026-09-12 14:31:58.468188,2026-09-13 19:05:58.351824,2026-09-13,2026-09-12,300,"Windows only","$0.01-$4.99",1.38379123090177,1,1,0,0,0,0,1,0,0,0,0,0,0,1,1.38379123090177,-0.766789128987195,-0.870093503543243
3169180,"Chosen War",2025-07-03,"2025-07",0,1,0,0,1.99,1.99,0,"USD",11,8,3,0.727272727272727,6,"Mostly Positive",2026-09-12 14:32:00.721061,2026-09-13 19:06:00.379187,2026-09-13,2026-09-12,437,"Windows only","$0.01-$4.99",1.0952733874026,0,0,0,0,0,0,1,0,0,0,0,0,1,1,1.0952733874026,-1.16035635402041,1.76906362412573
3172770,"Terrorbytes",2025-11-18,"2025-11",0,1,0,0,7.99,7.99,0,"USD",51,43,8,0.843137254901961,8,"Very Positive",2026-09-12 14:32:24.241491,2026-09-13 19:06:02.422736,2026-09-13,2026-09-12,299,"Windows only","$5.00-$9.99",2.19611284848353,1,1,0,0,0,0,1,0,0,0,0,0,0,1,2.19611284848353,0.341298887298887,-0.889357424183163
3177210,"酒馆战争",2025-07-13,"2025-07",1,1,0,0,,,,,44,40,4,0.909090909090909,7,"Positive",2026-09-12 14:32:47.555424,2026-09-13 19:06:04.443243,2026-09-13,2026-09-12,427,"Windows only","Free",,0,0,0,0,1,0,1,0,0,0,0,0,1,1,,0,1.57642441772653
3180070,"No, I'm not a Human",2025-09-15,"2025-09",0,1,0,0,14.99,14.99,0,"USD",27097,25246,1851,0.931689854965494,8,"Very Positive",2026-09-12 14:32:58.21009,2026-09-13 19:06:06.666931,2026-09-13,2026-09-12,363,"Windows only","$10.00-$19.99",2.77196352684586,0,0,0,0,0,0,1,0,0,0,1,0,0,1,2.77196352684586,1.12681686694233,0.343533496771685
3181260,"Catolonizer",2025-08-11,"2025-08",0,1,0,0,5.99,5.99,0,"USD",12,12,0,1,7,"Positive",2026-09-12 14:33:13.094041,2026-09-13 19:06:08.89372,2026-09-13,2026-09-12,398,"Windows only","$5.00-$9.99",1.94448055624572,0,0,1,1,0,0,1,0,1,0,0,0,1,1,1.94448055624572,-0.00195275282042951,1.01777071916887
3181830,"Trapped",2025-07-18,"2025-07",1,1,1,0,,,,,0,0,0,,0,"No user reviews",2026-09-12 14:33:15.273203,2026-09-13 19:06:11.148076,2026-09-13,2026-09-12,422,"Windows + macOS","Free",,1,1,1,0,1,0,1,0,0,0,0,0,0,0,,0,1.48010481452693
3183220,"Aurora Defense",2025-07-10,"2025-07",0,1,0,0,12.99,12.99,0,"USD",98,59,39,0.602040816326531,5,"Mixed",2026-09-12 14:33:21.663778,2026-09-13 19:06:13.372926,2026-09-13,2026-09-12,430,"Windows only","$10.00-$19.99",2.63834278867739,0,0,0,1,0,0,1,0,0,0,0,0,1,1,2.63834278867739,0.944544801928764,1.63421617964629
3183410,"The Bench",2025-10-24,"2025-10",0,1,0,0,14.99,14.99,0,"USD",87,80,7,0.919540229885057,8,"Very Positive",2026-09-12 14:33:23.650997,2026-09-13 19:06:15.435205,2026-09-13,2026-09-12,324,"Windows only","$10.00-$19.99",2.77196352684586,0,1,0,0,0,0,1,0,0,0,0,0,0,1,2.77196352684586,1.12681686694233,-0.407759408185175
3184250,"Deep Snake",2025-08-22,"2025-08",1,1,0,0,,,,,0,0,0,,0,"No user reviews",2026-09-12 14:33:29.907354,2026-09-13 19:06:17.445448,2026-09-13,2026-09-12,387,"Windows only","Free",,1,0,1,0,1,0,1,0,0,0,0,0,0,0,,0,0.805867592129753
3184990,"The Occult Detective",2025-11-26,"2025-11",0,1,0,0,13.49,13.49,0,"USD",272,197,75,0.724264705882353,6,"Mostly Positive",2026-09-12 14:33:34.125156,2026-09-13 19:06:19.57575,2026-09-13,2026-09-12,291,"Windows only","$10.00-$19.99",2.67345875633259,0,1,0,0,0,0,1,0,1,0,0,0,0,1,2.67345875633259,0.992446497632562,-1.04346878930252
3185010,"Hounimal",2025-12-26,"2025-12",0,1,0,0,8.99,8.99,0,"USD",15,15,0,1,7,"Positive",2026-09-12 14:33:36.299317,2026-09-13 19:06:21.749799,2026-09-13,2026-09-12,261,"Windows only","$5.00-$9.99",2.30158459266046,0,0,1,0,0,0,1,0,1,0,0,0,0,1,2.30158459266046,0.485172906221557,-1.6213864085001
3185230,"Quest of the Hero",2025-07-17,"2025-07",0,1,0,1,6.99,6.99,0,"USD",8,8,0,1,0,"8 user reviews",2026-09-12 14:33:40.470526,2026-09-13 19:06:23.875669,2026-09-13,2026-09-12,423,"Windows + Linux","$5.00-$9.99",2.07819075977818,0,1,1,0,0,0,1,0,1,0,0,0,1,1,2.07819075977818,0.18044135190692,1.49936873516685
3185890,"我打不过漂亮的她们",2025-09-25,"2025-09",0,1,0,0,10.99,10.99,0,"USD",1132,1082,50,0.95583038869258,9,"Overwhelmingly Positive",2026-09-12 14:33:44.854366,2026-09-13 19:06:26.054831,2026-09-13,2026-09-12,353,"Windows only","$10.00-$19.99",2.48407296903942,0,0,0,0,0,0,1,0,1,0,0,0,1,1,2.48407296903942,0.734105322398058,0.15089429037249
3186120,"NIDANA",2025-07-27,"2025-07",0,1,0,0,9.99,6.99,30,"USD",184,154,30,0.83695652173913,8,"Very Positive",2026-09-12 14:33:49.264507,2026-09-13 19:06:28.26268,2026-09-13,2026-09-12,413,"Windows only","$5.00-$9.99",2.07819075977818,0,1,0,0,0,0,0,0,0,0,0,0,0,1,2.07819075977818,0.18044135190692,1.30672952876766
3186250,"Zombie Murder 3",2025-07-07,"2025-07",1,1,0,0,,,,,0,0,0,,0,"No user reviews",2026-09-12 14:33:51.468518,2026-09-13 19:06:30.361701,2026-09-13,2026-09-12,433,"Windows only","Free",,1,0,0,0,1,0,1,0,0,0,0,0,0,0,,0,1.69200794156605
3187010,"Dinocop",2025-11-06,"2025-11",0,1,1,1,14.99,10.49,30,"USD",721,693,28,0.961165048543689,9,"Overwhelmingly Positive",2026-09-12 14:33:55.519034,2026-09-13 19:06:32.60166,2026-09-13,2026-09-12,311,"Windows + macOS + Linux","$10.00-$19.99",2.44147709186066,0,1,1,0,0,0,1,0,0,0,0,0,0,1,2.44147709186066,0.676000281213153,-0.658190376504129
3188460,"Orcs Will Never Be Slaves",2025-11-21,"2025-11",0,1,0,0,4.99,4.99,0,"USD",1,1,0,1,0,"1 user reviews",2026-09-12 14:34:04.041836,2026-09-13 19:06:34.807844,2026-09-13,2026-09-12,296,"Windows only","$0.01-$4.99",1.79009141212736,1,1,0,0,0,0,1,0,1,0,0,0,0,1,1.79009141212736,-0.212555002889199,-0.947149186102921
3192970,"Star Freight",2025-12-04,"2025-12",0,1,1,1,3.99,2.79,30,"USD",19,19,0,1,7,"Positive",2026-09-12 14:34:44.984547,2026-09-13 19:06:37.018259,2026-09-13,2026-09-12,283,"Windows + macOS + Linux","$0.01-$4.99",1.33236601909433,0,0,1,0,0,0,1,0,0,0,1,0,0,1,1.33236601909433,-0.836938266601472,-1.19758015442187
3194360,"Formula Legends",2025-09-18,"2025-09",0,1,0,0,19.99,19.99,0,"USD",853,704,149,0.825322391559203,8,"Very Positive",2026-09-12 14:34:49.012355,2026-09-13 19:06:39.023173,2026-09-13,2026-09-12,360,"Windows only","$10.00-$19.99",3.04404613383254,1,0,1,0,0,0,1,0,0,1,0,1,0,1,3.04404613383254,1.49796478387127,0.285741734851926
3196520,"Island Robot Farm",2025-07-14,"2025-07",0,1,0,0,5.99,5.99,0,"USD",79,63,16,0.79746835443038,6,"Mostly Positive",2026-09-12 14:34:55.464904,2026-09-13 19:06:41.14976,2026-09-13,2026-09-12,426,"Windows only","$5.00-$9.99",1.94448055624572,0,0,1,0,0,0,1,0,0,0,1,0,0,1,1.94448055624572,-0.00195275282042951,1.55716049708661
3198760,"THE BEST INVESTOR",2025-07-29,"2025-07",0,1,0,0,4.99,4.99,0,"USD",1,1,0,1,0,"1 user reviews",2026-09-12 14:35:08.365363,2026-09-13 19:06:43.246628,2026-09-13,2026-09-12,411,"Windows only","$0.01-$4.99",1.79009141212736,0,0,0,0,0,0,0,0,0,0,1,0,1,1,1.79009141212736,-0.212555002889199,1.26820168748782
3198820,"Passer",2025-07-18,"2025-07",0,1,0,0,14.99,14.99,0,"USD",0,0,0,,0,"No user reviews",2026-09-12 14:35:10.597458,2026-09-13 19:06:45.375999,2026-09-13,2026-09-12,422,"Windows only","$10.00-$19.99",2.77196352684586,1,1,1,0,0,0,1,0,1,0,0,0,0,0,2.77196352684586,1.12681686694233,1.48010481452693
3199430,"EYES ON THE EXAM",2025-07-08,"2025-07",0,1,0,0,4.99,4.99,0,"USD",66,61,5,0.924242424242424,8,"Very Positive",2026-09-12 14:35:12.783429,2026-09-13 19:06:47.414271,2026-09-13,2026-09-12,432,"Windows only","$0.01-$4.99",1.79009141212736,0,0,0,0,0,0,1,0,0,0,1,0,0,1,1.79009141212736,-0.212555002889199,1.67274402092613
3200060,"SANAE's Sylphid Breeze",2025-07-10,"2025-07",0,1,0,0,19.99,19.99,0,"USD",175,148,27,0.845714285714286,8,"Very Positive",2026-09-12 14:35:17.22779,2026-09-13 19:06:49.555032,2026-09-13,2026-09-12,430,"Windows only","$10.00-$19.99",3.04404613383254,1,0,0,0,0,0,1,0,0,0,0,0,0,1,3.04404613383254,1.49796478387127,1.63421617964629
3200220,"Red Rogue Sea",2025-11-25,"2025-11",0,1,0,1,16.99,16.99,0,"USD",52,33,19,0.634615384615385,5,"Mixed",2026-09-12 14:35:21.272009,2026-09-13 19:06:51.679124,2026-09-13,2026-09-12,292,"Windows + Linux","$10.00-$19.99",2.88981604796244,0,1,0,0,0,0,0,0,0,0,0,0,1,1,2.88981604796244,1.28757950517809,-1.0242048686626
3200260,"Little Renters",2025-09-17,"2025-09",0,1,0,0,6.99,6.99,0,"USD",0,0,0,,0,"No user reviews",2026-09-12 14:35:23.497542,2026-09-13 19:06:53.912476,2026-09-13,2026-09-12,361,"Windows only","$5.00-$9.99",2.07819075977818,0,0,1,1,0,0,1,0,0,0,1,0,1,0,2.07819075977818,0.18044135190692,0.305005655491846
3202370,"Necropolis Nights",2025-09-09,"2025-09",0,1,0,0,5.99,5.99,0,"USD",0,0,0,,0,"No user reviews",2026-09-12 14:35:36.197823,2026-09-13 19:06:56.118914,2026-09-13,2026-09-12,369,"Windows only","$5.00-$9.99",1.94448055624572,1,1,0,0,0,0,0,0,0,0,0,0,1,0,1.94448055624572,-0.00195275282042951,0.459117020611202
3202400,"Ball Race Party",2025-08-25,"2025-08",0,1,0,0,2.99,2.99,0,"USD",17,16,1,0.941176470588235,7,"Positive",2026-09-12 14:35:38.235527,2026-09-13 19:06:58.381875,2026-09-13,2026-09-12,384,"Windows only","$0.01-$4.99",1.38379123090177,0,0,1,0,0,0,1,0,0,1,0,0,0,1,1.38379123090177,-0.766789128987195,0.748075830209994
3202430,"Tiny Devils",2025-11-25,"2025-11",0,1,0,0,4.99,4.99,0,"USD",1,1,0,1,0,"1 user reviews",2026-09-12 14:35:42.520107,2026-09-13 19:07:00.413431,2026-09-13,2026-09-12,292,"Windows only","$0.01-$4.99",1.79009141212736,1,0,1,0,0,0,1,0,0,0,0,0,0,1,1.79009141212736,-0.212555002889199,-1.0242048686626
3202950,"Fresh Tracks",2025-08-26,"2025-08",0,1,0,1,24.99,13.74,45,"USD",53,50,3,0.943396226415094,8,"Very Positive",2026-09-12 14:35:44.541655,2026-09-13 19:07:02.586639,2026-09-13,2026-09-12,383,"Windows + Linux","$10.00-$19.99",2.69056488676119,1,0,0,0,0,0,1,0,0,0,0,1,0,1,2.69056488676119,1.01578097220851,0.728811909570075
3203160,"Talk to Me Human",2025-10-27,"2025-10",0,1,0,0,9.99,9.99,0,"USD",1,1,0,1,0,"1 user reviews",2026-09-12 14:35:46.572904,2026-09-13 19:07:04.813555,2026-09-13,2026-09-12,321,"Windows only","$5.00-$9.99",2.39698576841553,0,0,1,0,0,0,1,0,0,0,0,0,0,1,2.39698576841553,0.615309661548216,-0.465551170104934
3204140,"Novel Rogue",2025-07-03,"2025-07",0,1,0,0,19.99,19.99,0,"USD",5,5,0,1,0,"5 user reviews",2026-09-12 14:35:52.933747,2026-09-13 19:07:06.908961,2026-09-13,2026-09-12,437,"Windows only","$10.00-$19.99",3.04404613383254,0,1,0,0,0,0,0,0,1,0,0,0,1,1,3.04404613383254,1.49796478387127,1.76906362412573
3205360,"City Lights, Old Flames",2025-07-29,"2025-07",0,1,1,1,5.99,5.99,0,"USD",1,1,0,1,0,"1 user reviews",2026-09-12 14:36:07.977009,2026-09-13 19:07:09.142235,2026-09-13,2026-09-12,411,"Windows + macOS + Linux","$5.00-$9.99",1.94448055624572,0,0,0,0,0,0,1,0,0,0,1,0,0,1,1.94448055624572,-0.00195275282042951,1.26820168748782
3205410,"Line Clipper: Tennis Tactics",2025-11-06,"2025-11",0,1,0,0,14.99,9.89,34,"USD",2,2,0,1,0,"2 user reviews",2026-09-12 14:36:10.114358,2026-09-13 19:07:11.172828,2026-09-13,2026-09-12,311,"Windows only","$5.00-$9.99",2.38784493694487,0,0,0,0,0,0,1,0,0,0,1,1,1,1,2.38784493694487,0.602840652239214,-0.658190376504129
3206550,"The Greys: Human Abductions",2025-10-01,"2025-10",0,1,0,0,7.99,7.99,0,"USD",11,8,3,0.727272727272727,6,"Mostly Positive",2026-09-12 14:36:16.409842,2026-09-13 19:07:13.334879,2026-09-13,2026-09-12,347,"Windows only","$5.00-$9.99",2.19611284848353,0,1,0,0,0,0,1,0,0,0,0,0,0,1,2.19611284848353,0.341298887298887,0.0353107665329729
3208730,"Akizora Memories - Horizon of Fate -",2025-07-24,"2025-07",0,1,0,0,12.99,12.99,0,"USD",12,11,1,0.916666666666667,7,"Positive",2026-09-12 14:36:39.621626,2026-09-13 19:07:15.414581,2026-09-13,2026-09-12,416,"Windows only","$10.00-$19.99",2.63834278867739,0,1,0,0,0,0,0,0,0,0,0,0,0,1,2.63834278867739,0.944544801928764,1.36452129068742
3209480,"Last Report",2025-07-11,"2025-07",0,1,0,0,4.99,2.99,40,"USD",2409,2150,259,0.892486508924865,8,"Very Positive",2026-09-12 14:36:43.845619,2026-09-13 19:07:17.511486,2026-09-13,2026-09-12,429,"Windows only","$0.01-$4.99",1.38379123090177,0,1,0,0,0,0,1,0,0,0,0,0,0,1,1.38379123090177,-0.766789128987195,1.61495225900637
3210590,"Massi vs. José",2025-09-01,"2025-09",0,1,1,1,4.99,4.99,0,"USD",5,5,0,1,0,"5 user reviews",2026-09-12 14:36:52.728604,2026-09-13 19:07:19.637912,2026-09-13,2026-09-12,377,"Windows + macOS + Linux","$0.01-$4.99",1.79009141212736,1,1,0,0,0,0,1,0,0,0,0,0,0,1,1.79009141212736,-0.212555002889199,0.613228385730558
3210750,"Unprotected",2025-10-31,"2025-10",0,1,0,0,3.99,3.99,0,"USD",11,6,5,0.545454545454545,5,"Mixed",2026-09-12 14:36:54.853315,2026-09-13 19:07:21.871988,2026-09-13,2026-09-12,317,"Windows only","$0.01-$4.99",1.60743590976343,1,1,0,0,0,0,1,0,0,0,0,0,0,1,1.60743590976343,-0.461715395641907,-0.542606852664612
3213600,"Store Wars: Multiplayer Shop Simulator",2025-11-10,"2025-11",0,1,0,0,12.99,12.99,0,"USD",99,94,5,0.94949494949495,8,"Very Positive",2026-09-12 14:37:07.635331,2026-09-13 19:07:23.998432,2026-09-13,2026-09-12,307,"Windows only","$10.00-$19.99",2.63834278867739,0,0,0,0,0,0,0,0,0,0,1,0,0,1,2.63834278867739,0.944544801928764,-0.735246059063807
3213790,"Red Pistol",2025-07-15,"2025-07",0,1,0,0,9.99,9.99,0,"USD",14,13,1,0.928571428571429,7,"Positive",2026-09-12 14:37:09.848802,2026-09-13 19:07:26.191296,2026-09-13,2026-09-12,425,"Windows only","$5.00-$9.99",2.39698576841553,1,1,1,0,0,0,1,0,0,0,0,0,0,1,2.39698576841553,0.615309661548216,1.53789657644669
3214220,"Steel Knight's ARMIS",2025-10-07,"2025-10",0,1,0,0,9.99,9.99,0,"USD",40,23,17,0.575,5,"Mixed",2026-09-12 14:37:11.920877,2026-09-13 19:07:28.289717,2026-09-13,2026-09-12,341,"Windows only","$5.00-$9.99",2.39698576841553,1,0,0,0,0,0,0,0,0,0,0,0,0,1,2.39698576841553,0.615309661548216,-0.080272757306544
3214790,"Shards of the Realm",2025-08-07,"2025-08",0,1,0,0,19.99,19.99,0,"USD",32,23,9,0.71875,6,"Mostly Positive",2026-09-12 14:37:20.606559,2026-09-13 19:07:30.353953,2026-09-13,2026-09-12,402,"Windows only","$10.00-$19.99",3.04404613383254,0,0,0,0,0,0,1,0,1,0,0,0,1,1,3.04404613383254,1.49796478387127,1.09482640172854
3216500,"SHUTEN ORDER",2025-09-05,"2025-09",0,1,0,0,49.99,24.99,50,"USD",700,562,138,0.802857142857143,8,"Very Positive",2026-09-12 14:37:33.46118,2026-09-13 19:07:32.399957,2026-09-13,2026-09-12,373,"Windows only","$20.00-$29.99",3.2577118486534,0,1,0,0,0,0,0,0,0,0,0,0,0,1,3.2577118486534,1.78942621116778,0.53617270317088
3217820,"Relictus: Blackout",2025-08-14,"2025-08",1,1,0,0,,,,,0,0,0,,0,"No user reviews",2026-09-12 14:37:37.690109,2026-09-13 19:07:34.646885,2026-09-13,2026-09-12,395,"Windows only","Free",,1,1,0,0,1,0,1,1,0,0,1,0,1,0,,0,0.959978957249108
3220170,"Arcane Afterfall",2025-07-17,"2025-07",1,1,1,0,,,,,1,1,0,1,0,"1 user reviews",2026-09-12 14:38:02.224343,2026-09-13 19:07:36.726625,2026-09-13,2026-09-12,423,"Windows + macOS","Free",,0,1,0,0,1,0,1,1,1,0,0,0,0,1,,0,1.49936873516685
3220180,"Vestigia: Joust",2025-08-02,"2025-08",0,1,0,0,4.99,4.99,0,"USD",21,19,2,0.904761904761905,7,"Positive",2026-09-12 14:38:04.365926,2026-09-13 19:07:38.837355,2026-09-13,2026-09-12,407,"Windows only","$0.01-$4.99",1.79009141212736,1,0,1,1,0,0,1,0,0,0,1,0,0,1,1.79009141212736,-0.212555002889199,1.19114600492814
3220260,"Hexachess",2025-11-22,"2025-11",0,1,0,0,4.51,4.51,0,"USD",0,0,0,,0,"No user reviews",2026-09-12 14:38:06.473259,2026-09-13 19:07:40.859399,2026-09-13,2026-09-12,295,"Windows only","$0.01-$4.99",1.70656462316482,0,0,0,0,0,0,0,0,0,0,0,0,1,0,1.70656462316482,-0.326493905763376,-0.966413106742841
3220430,"Mind Hole",2025-12-31,"2025-12",0,1,0,0,7.99,7.99,0,"USD",0,0,0,,0,"No user reviews",2026-09-12 14:38:08.711245,2026-09-13 19:07:42.949295,2026-09-13,2026-09-12,256,"Windows only","$5.00-$9.99",2.19611284848353,0,1,1,0,0,0,1,0,0,0,1,0,0,0,2.19611284848353,0.341298887298887,-1.7177060116997
3220620,"Benny Bash",2025-07-11,"2025-07",0,1,0,0,7.99,7.99,0,"USD",49,38,11,0.775510204081633,6,"Mostly Positive",2026-09-12 14:38:12.947936,2026-09-13 19:07:45.022522,2026-09-13,2026-09-12,429,"Windows only","$5.00-$9.99",2.19611284848353,0,1,0,0,0,0,1,0,0,0,0,0,0,1,2.19611284848353,0.341298887298887,1.61495225900637
3222920,"Interior Tales",2025-10-01,"2025-10",0,1,1,1,8.99,8.99,0,"USD",12,12,0,1,7,"Positive",2026-09-12 14:38:25.757969,2026-09-13 19:07:47.228943,2026-09-13,2026-09-12,347,"Windows + macOS + Linux","$5.00-$9.99",2.30158459266046,0,0,1,0,0,0,1,0,0,0,1,0,0,1,2.30158459266046,0.485172906221557,0.0353107665329729
3223370,"There's Nothing Underground",2025-12-12,"2025-12",0,1,0,1,7.99,7.99,0,"USD",7,7,0,1,0,"7 user reviews",2026-09-12 14:38:27.777012,2026-09-13 19:07:49.245541,2026-09-13,2026-09-12,275,"Windows + Linux","$5.00-$9.99",2.19611284848353,1,1,0,0,0,0,1,0,0,0,1,0,0,1,2.19611284848353,0.341298887298887,-1.35169151954123
3223470,"Conquero : Rise or Kneel",2025-08-01,"2025-08",0,1,0,0,8.99,8.99,0,"USD",4,4,0,1,0,"4 user reviews",2026-09-12 14:38:29.906912,2026-09-13 19:07:51.282415,2026-09-13,2026-09-12,408,"Windows only","$5.00-$9.99",2.30158459266046,0,0,0,0,0,0,0,0,0,0,0,0,1,1,2.30158459266046,0.485172906221557,1.21040992556806
3224330,"Thunderman - Adventures in another realm",2025-07-01,"2025-07",0,1,0,0,0.99,0.99,0,"USD",6,6,0,1,0,"6 user reviews",2026-09-12 14:38:32.1127,2026-09-13 19:07:53.351593,2026-09-13,2026-09-12,439,"Windows only","$0.01-$4.99",0.688134638736401,1,1,1,0,0,0,1,0,0,0,0,0,0,1,0.688134638736401,-1.71573437006504,1.80759146540557
3224410,"Tone",2025-07-13,"2025-07",0,1,0,0,1.99,1.99,0,"USD",1,0,1,0,0,"1 user reviews",2026-09-12 14:38:34.284663,2026-09-13 19:07:55.562786,2026-09-13,2026-09-12,427,"Windows only","$0.01-$4.99",1.0952733874026,0,0,1,0,0,0,1,0,0,0,0,0,0,1,1.0952733874026,-1.16035635402041,1.57642441772653
3226580,"Monsters & Magics: Digital Card Game",2025-12-01,"2025-12",0,1,0,1,4.99,4.99,0,"USD",2,2,0,1,0,"2 user reviews",2026-09-12 14:38:47.403698,2026-09-13 19:07:57.707448,2026-09-13,2026-09-12,286,"Windows + Linux","$0.01-$4.99",1.79009141212736,0,0,1,0,0,0,1,0,0,0,0,0,1,1,1.79009141212736,-0.212555002889199,-1.13978839250212
3226740,"Beastly Tactics: Rock Paper Scissors",2025-08-05,"2025-08",0,1,0,0,4.99,4.99,0,"USD",1,1,0,1,0,"1 user reviews",2026-09-12 14:38:51.470576,2026-09-13 19:07:59.841164,2026-09-13,2026-09-12,404,"Windows only","$0.01-$4.99",1.79009141212736,0,0,1,0,0,0,0,0,1,0,0,0,1,1,1.79009141212736,-0.212555002889199,1.13335424300838
3227670,"My Daughter In Family Ai",2025-11-30,"2025-11",0,1,0,0,2.99,2.99,0,"USD",21,12,9,0.571428571428571,5,"Mixed",2026-09-12 14:38:57.631783,2026-09-13 19:08:01.922005,2026-09-13,2026-09-12,287,"Windows only","$0.01-$4.99",1.38379123090177,0,0,1,0,0,0,1,0,1,0,1,0,0,1,1.38379123090177,-0.766789128987195,-1.1205244718622
3227790,"The Uncultured",2025-07-12,"2025-07",0,1,0,0,7.99,7.99,0,"USD",3,3,0,1,0,"3 user reviews",2026-09-12 14:38:59.681486,2026-09-13 19:08:04.143522,2026-09-13,2026-09-12,428,"Windows only","$5.00-$9.99",2.19611284848353,0,0,1,0,0,0,1,0,0,0,1,0,1,1,2.19611284848353,0.341298887298887,1.59568833836645
3228800,"Neon Highways",2025-11-12,"2025-11",0,1,0,1,5.99,5.99,0,"USD",13,12,1,0.923076923076923,7,"Positive",2026-09-12 14:39:05.887984,2026-09-13 19:08:06.191233,2026-09-13,2026-09-12,305,"Windows + Linux","$5.00-$9.99",1.94448055624572,0,0,1,0,0,0,1,0,0,1,1,0,0,1,1.94448055624572,-0.00195275282042951,-0.773773900343646
3230030,"Chaos of Destiny Remake",2025-10-20,"2025-10",0,1,0,0,19.99,19.99,0,"USD",0,0,0,,0,"No user reviews",2026-09-12 14:39:14.326041,2026-09-13 19:08:08.389498,2026-09-13,2026-09-12,328,"Windows only","$10.00-$19.99",3.04404613383254,1,1,0,1,0,0,1,0,1,0,0,0,1,0,3.04404613383254,1.49796478387127,-0.330703725625497
3230860,"Kitty Loves Birds",2025-07-12,"2025-07",0,1,0,1,4.99,4.99,0,"USD",9,8,1,0.888888888888889,0,"9 user reviews",2026-09-12 14:39:18.595952,2026-09-13 19:08:10.489718,2026-09-13,2026-09-12,428,"Windows + Linux","$0.01-$4.99",1.79009141212736,1,1,1,0,0,0,0,0,0,0,0,0,0,1,1.79009141212736,-0.212555002889199,1.59568833836645
3232760,"Cappi: Starbound Saga",2025-07-20,"2025-07",0,1,0,0,9.99,9.99,0,"USD",2,2,0,1,0,"2 user reviews",2026-09-12 14:39:29.424972,2026-09-13 19:08:12.726498,2026-09-13,2026-09-12,420,"Windows only","$5.00-$9.99",2.39698576841553,1,1,0,0,0,0,1,0,0,0,0,0,0,1,2.39698576841553,0.615309661548216,1.4415769732471
3233130,"Claire",2025-07-11,"2025-07",0,1,0,0,14.99,14.99,0,"USD",115,105,10,0.91304347826087,8,"Very Positive",2026-09-12 14:39:31.491373,2026-09-13 19:08:14.985539,2026-09-13,2026-09-12,429,"Windows only","$10.00-$19.99",2.77196352684586,0,1,0,0,0,0,1,0,0,0,1,0,0,1,2.77196352684586,1.12681686694233,1.61495225900637
3234170,"CyCall",2025-11-25,"2025-11",0,1,0,0,12.99,12.99,0,"USD",8,6,2,0.75,0,"8 user reviews",2026-09-12 14:39:35.767782,2026-09-13 19:08:16.993972,2026-09-13,2026-09-12,292,"Windows only","$10.00-$19.99",2.63834278867739,0,0,0,1,0,0,1,0,0,0,0,0,1,1,2.63834278867739,0.944544801928764,-1.0242048686626
3234660,"Tokiros",2025-10-24,"2025-10",0,1,0,0,0.99,0.5,49,"USD",4,4,0,1,0,"4 user reviews",2026-09-12 14:39:44.349269,2026-09-13 19:08:19.233674,2026-09-13,2026-09-12,324,"Windows only","$0.01-$4.99",0.405465108108164,0,0,0,0,0,0,1,0,0,0,0,0,1,1,0.405465108108164,-2.1013239108073,-0.407759408185175
3235740,"Fruit vs. Aliens",2025-11-06,"2025-11",0,1,1,0,3.99,3.99,0,"USD",2,2,0,1,0,"2 user reviews",2026-09-12 14:39:48.675764,2026-09-13 19:08:21.404306,2026-09-13,2026-09-12,311,"Windows + macOS","$0.01-$4.99",1.60743590976343,0,0,0,0,0,0,0,0,0,0,0,0,1,1,1.60743590976343,-0.461715395641907,-0.658190376504129
3236710,"Puzzle Quest: Immortal Edition",2025-09-18,"2025-09",0,1,0,0,14.99,11.99,20,"USD",520,405,115,0.778846153846154,6,"Mostly Positive",2026-09-12 14:39:57.118725,2026-09-13 19:08:23.410509,2026-09-13,2026-09-12,360,"Windows only","$10.00-$19.99",2.56417983068251,1,0,1,0,0,0,0,0,1,0,0,0,0,1,2.56417983068251,0.843379102004269,0.285741734851926
3237360,"Lone Soul",2025-10-20,"2025-10",0,1,0,0,16.99,16.99,0,"USD",15,12,3,0.8,7,"Positive",2026-09-12 14:39:59.279892,2026-09-13 19:08:25.634502,2026-09-13,2026-09-12,328,"Windows only","$10.00-$19.99",2.88981604796244,1,0,0,0,0,0,0,0,0,0,0,0,0,1,2.88981604796244,1.28757950517809,-0.330703725625497
3237570,"delivery pals",2025-07-29,"2025-07",0,1,0,0,9.99,9.99,0,"USD",142,69,73,0.485915492957746,5,"Mixed",2026-09-12 14:40:01.479014,2026-09-13 19:08:27.764662,2026-09-13,2026-09-12,411,"Windows only","$5.00-$9.99",2.39698576841553,1,1,0,0,0,0,0,1,0,0,0,0,0,1,2.39698576841553,0.615309661548216,1.26820168748782
3238190,"Success In Progress",2025-12-11,"2025-12",0,1,0,0,4.99,4.99,0,"USD",1,1,0,1,0,"1 user reviews",2026-09-12 14:40:05.532086,2026-09-13 19:08:29.95934,2026-09-13,2026-09-12,276,"Windows only","$0.01-$4.99",1.79009141212736,0,0,1,0,0,0,1,0,0,0,0,0,0,1,1.79009141212736,-0.212555002889199,-1.33242759890131
3239220,"Bubbles in the Air",2025-07-23,"2025-07",0,1,1,0,5.99,5.99,0,"USD",0,0,0,,0,"No user reviews",2026-09-12 14:40:16.122956,2026-09-13 19:08:31.966106,2026-09-13,2026-09-12,417,"Windows + macOS","$5.00-$9.99",1.94448055624572,0,0,1,0,0,0,1,0,0,0,0,0,0,0,1.94448055624572,-0.00195275282042951,1.38378521132734
3239500,"Cloud Cats` Land",2025-08-28,"2025-08",0,1,0,0,4.99,4.99,0,"USD",46,45,1,0.978260869565217,7,"Positive",2026-09-12 14:40:20.452896,2026-09-13 19:08:34.096678,2026-09-13,2026-09-12,381,"Windows only","$0.01-$4.99",1.79009141212736,0,1,1,0,0,0,1,0,0,0,0,0,0,1,1.79009141212736,-0.212555002889199,0.690284068290236
3239650,"Garfield Kart 2 - All You Can Drift",2025-09-10,"2025-09",0,1,0,0,24.99,12.49,50,"USD",216,99,117,0.458333333333333,5,"Mixed",2026-09-12 14:40:22.647882,2026-09-13 19:08:36.3523,2026-09-13,2026-09-12,368,"Windows only","$10.00-$19.99",2.60194867021966,0,0,0,0,0,0,0,0,0,1,0,1,0,1,2.60194867021966,0.894899580561449,0.439853099971282
3243410,"The Forbidden Flask",2025-10-22,"2025-10",0,1,0,0,5.99,5.99,0,"USD",10,10,0,1,7,"Positive",2026-09-12 14:40:35.190964,2026-09-13 19:08:38.467155,2026-09-13,2026-09-12,326,"Windows only","$5.00-$9.99",1.94448055624572,0,0,0,0,0,0,1,0,0,0,0,0,1,1,1.94448055624572,-0.00195275282042951,-0.369231566905336
3244900,"Curvelicious",2025-11-01,"2025-11",0,1,0,1,0.99,0.99,0,"USD",12,11,1,0.916666666666667,7,"Positive",2026-09-12 14:40:41.688547,2026-09-13 19:08:40.654329,2026-09-13,2026-09-12,316,"Windows + Linux","$0.01-$4.99",0.688134638736401,0,0,1,0,0,0,1,0,0,0,0,0,1,1,0.688134638736401,-1.71573437006504,-0.561870773304531
3247750,"Mycopunk",2025-07-10,"2025-07",0,1,0,0,14.99,14.99,0,"USD",4069,3602,467,0.885229786188253,8,"Very Positive",2026-09-12 14:40:50.209084,2026-09-13 19:08:42.828701,2026-09-13,2026-09-12,430,"Windows only","$10.00-$19.99",2.77196352684586,1,0,0,1,0,0,1,0,0,0,0,0,0,1,2.77196352684586,1.12681686694233,1.63421617964629
3249650,"Little Fighter 2 Remastered",2025-07-18,"2025-07",0,1,1,0,15.88,15.88,0,"USD",1768,1354,414,0.765837104072398,6,"Mostly Positive",2026-09-12 14:40:59.358788,2026-09-13 19:08:45.051073,2026-09-13,2026-09-12,422,"Windows + macOS","$10.00-$19.99",2.82612948916781,1,0,0,0,0,0,1,0,0,0,0,0,0,1,2.82612948916781,1.20070466266323,1.48010481452693
3252250,"Unfoldink",2025-08-28,"2025-08",0,1,1,1,6.99,6.99,0,"USD",0,0,0,,0,"No user reviews",2026-09-12 14:41:07.497445,2026-09-13 19:08:47.102576,2026-09-13,2026-09-12,381,"Windows + macOS + Linux","$5.00-$9.99",2.07819075977818,0,0,0,0,0,0,1,0,0,0,0,0,0,0,2.07819075977818,0.18044135190692,0.690284068290236
3252440,"Geon",2025-12-28,"2025-12",0,1,0,0,5.99,5.99,0,"USD",1,1,0,1,0,"1 user reviews",2026-09-12 14:41:09.679076,2026-09-13 19:08:49.201026,2026-09-13,2026-09-12,259,"Windows only","$5.00-$9.99",1.94448055624572,0,1,0,0,0,0,1,0,1,0,0,0,0,1,1.94448055624572,-0.00195275282042951,-1.65991424977994
3253190,"RazePact",2025-10-31,"2025-10",0,1,0,0,9.99,9.99,0,"USD",7,7,0,1,0,"7 user reviews",2026-09-12 14:41:13.800612,2026-09-13 19:08:51.35997,2026-09-13,2026-09-12,317,"Windows only","$5.00-$9.99",2.39698576841553,1,1,1,0,0,0,1,0,1,0,0,0,0,1,2.39698576841553,0.615309661548216,-0.542606852664612
3256840,"Odyssey to the Frozen Legion",2025-08-08,"2025-08",0,1,0,0,2.99,2.99,0,"USD",21,21,0,1,7,"Positive",2026-09-12 14:41:35.186408,2026-09-13 19:08:53.465271,2026-09-13,2026-09-12,401,"Windows only","$0.01-$4.99",1.38379123090177,1,1,0,0,0,0,1,0,0,0,0,0,0,1,1.38379123090177,-0.766789128987195,1.07556248108863
3257040,"Crop Crusaders",2025-07-12,"2025-07",0,1,0,0,2.99,2.99,0,"USD",3,2,1,0.666666666666667,0,"3 user reviews",2026-09-12 14:41:41.725817,2026-09-13 19:08:55.576512,2026-09-13,2026-09-12,428,"Windows only","$0.01-$4.99",1.38379123090177,1,1,0,0,0,0,1,0,0,0,0,0,0,1,1.38379123090177,-0.766789128987195,1.59568833836645
3262080,"Word Rave",2025-08-29,"2025-08",0,1,0,0,9.99,9.99,0,"USD",1,1,0,1,0,"1 user reviews",2026-09-12 14:42:02.95723,2026-09-13 19:08:57.708675,2026-09-13,2026-09-12,380,"Windows only","$5.00-$9.99",2.39698576841553,0,0,1,1,0,0,1,0,0,0,0,0,1,1,2.39698576841553,0.615309661548216,0.671020147650316
3262560,"Weeks Till Winter",2025-11-07,"2025-11",0,1,0,0,7.99,7.99,0,"USD",1,1,0,1,0,"1 user reviews",2026-09-12 14:42:07.533975,2026-09-13 19:08:59.913434,2026-09-13,2026-09-12,310,"Windows only","$5.00-$9.99",2.19611284848353,0,0,1,0,0,0,1,0,0,0,1,0,1,1,2.19611284848353,0.341298887298887,-0.677454297144048
3262810,"Mushroom Hunter World",2025-10-06,"2025-10",0,1,0,0,7.99,7.99,0,"USD",8,5,3,0.625,0,"8 user reviews",2026-09-12 14:42:11.754873,2026-09-13 19:09:02.098306,2026-09-13,2026-09-12,342,"Windows only","$5.00-$9.99",2.19611284848353,0,0,0,0,0,0,1,0,0,0,1,0,0,1,2.19611284848353,0.341298887298887,-0.0610088366666245
3265060,"Touhou Dystopian",2025-10-17,"2025-10",0,1,0,0,9.99,6.99,30,"USD",2147,2097,50,0.976711690731253,9,"Overwhelmingly Positive",2026-09-12 14:42:26.870951,2026-09-13 19:09:04.112674,2026-09-13,2026-09-12,331,"Windows only","$5.00-$9.99",2.07819075977818,1,1,0,0,0,0,1,0,1,0,0,0,0,1,2.07819075977818,0.18044135190692,-0.272911963705739
3267940,"IAI",2025-07-22,"2025-07",0,1,0,0,14.99,14.99,0,"USD",0,0,0,,0,"No user reviews",2026-09-12 14:42:39.949344,2026-09-13 19:09:06.335304,2026-09-13,2026-09-12,418,"Windows only","$10.00-$19.99",2.77196352684586,0,1,1,0,0,0,1,0,0,0,0,0,0,0,2.77196352684586,1.12681686694233,1.40304913196726
3268870,"Mercator",2025-11-01,"2025-11",0,1,1,1,5.99,5.99,0,"USD",1,1,0,1,0,"1 user reviews",2026-09-12 14:42:46.396093,2026-09-13 19:09:08.43423,2026-09-13,2026-09-12,316,"Windows + macOS + Linux","$5.00-$9.99",1.94448055624572,0,0,0,0,0,0,1,0,1,0,0,0,1,1,1.94448055624572,-0.00195275282042951,-0.561870773304531
3270580,"Contract of Swarm Hunter",2025-12-04,"2025-12",0,1,0,0,2.99,2.99,0,"USD",15,14,1,0.933333333333333,7,"Positive",2026-09-12 14:42:57.10321,2026-09-13 19:09:10.483331,2026-09-13,2026-09-12,283,"Windows only","$0.01-$4.99",1.38379123090177,1,0,1,0,0,0,1,0,0,0,0,0,1,1,1.38379123090177,-0.766789128987195,-1.19758015442187
3271880,"Kano. Stone islands.",2025-10-08,"2025-10",0,1,0,0,2.99,2.99,0,"USD",5,5,0,1,0,"5 user reviews",2026-09-12 14:43:03.505134,2026-09-13 19:09:12.72189,2026-09-13,2026-09-12,340,"Windows only","$0.01-$4.99",1.38379123090177,0,1,0,0,0,0,1,0,0,0,0,0,0,1,1.38379123090177,-0.766789128987195,-0.0995366779464635
3272170,"Face of Another",2025-08-20,"2025-08",0,1,0,0,6.99,6.99,0,"USD",139,134,5,0.964028776978417,8,"Very Positive",2026-09-12 14:43:07.641747,2026-09-13 19:09:14.925779,2026-09-13,2026-09-12,389,"Windows only","$5.00-$9.99",2.07819075977818,0,1,1,0,0,0,1,0,0,0,0,0,1,1,2.07819075977818,0.18044135190692,0.844395433409591
3273550,"Dora<U+2122>: Rainforest Rescue",2025-10-24,"2025-10",0,1,0,0,39.99,19.99,50,"USD",3,3,0,1,0,"3 user reviews",2026-09-12 14:43:18.463798,2026-09-13 19:09:17.005312,2026-09-13,2026-09-12,324,"Windows only","$10.00-$19.99",3.04404613383254,1,1,0,0,0,0,0,0,0,0,0,0,0,1,3.04404613383254,1.49796478387127,-0.407759408185175
3273650,"Motorbike Evolution 2025",2025-12-09,"2025-12",1,1,0,0,,,,,0,0,0,,0,"No user reviews",2026-09-12 14:43:20.64698,2026-09-13 19:09:19.070825,2026-09-13,2026-09-12,278,"Windows only","Free",,1,0,1,1,1,0,1,1,0,1,1,1,0,0,,0,-1.29389975762147
3273660,"Formula Evolution 2025",2025-12-09,"2025-12",1,1,0,0,,,,,0,0,0,,0,"No user reviews",2026-09-12 14:43:22.799377,2026-09-13 19:09:21.313567,2026-09-13,2026-09-12,278,"Windows only","Free",,1,0,1,1,1,0,1,1,0,1,1,1,0,0,,0,-1.29389975762147
3273740,"Abyss Chaser",2025-11-14,"2025-11",0,1,0,0,6.66,6.66,0,"USD",13,13,0,1,7,"Positive",2026-09-12 14:43:37.761079,2026-09-13 19:09:23.410118,2026-09-13,2026-09-12,303,"Windows only","$5.00-$9.99",2.0360119837525,1,0,0,0,0,0,1,0,0,0,0,0,0,1,2.0360119837525,0.122905278455113,-0.812301741623485
3275460,"Five Mysterious Murders",2025-12-03,"2025-12",0,1,0,0,3.99,3.99,0,"USD",18,18,0,1,7,"Positive",2026-09-12 14:43:48.27188,2026-09-13 19:09:25.510883,2026-09-13,2026-09-12,284,"Windows only","$0.01-$4.99",1.60743590976343,0,0,0,1,0,0,1,0,0,0,1,0,1,1,1.60743590976343,-0.461715395641907,-1.17831623378195
3276950,"Cardcaster",2025-07-01,"2025-07",0,1,0,0,3.99,3.99,0,"USD",0,0,0,,0,"No user reviews",2026-09-12 14:43:52.501558,2026-09-13 19:09:27.626597,2026-09-13,2026-09-12,439,"Windows only","$0.01-$4.99",1.60743590976343,1,0,0,0,0,0,0,0,0,0,0,0,1,0,1.60743590976343,-0.461715395641907,1.80759146540557
3276960,"Sorcery Slam",2025-10-10,"2025-10",0,1,0,0,9.99,9.99,0,"USD",13,13,0,1,7,"Positive",2026-09-12 14:43:54.688261,2026-09-13 19:09:29.860601,2026-09-13,2026-09-12,338,"Windows only","$5.00-$9.99",2.39698576841553,0,0,1,0,0,0,1,0,0,0,0,0,1,1,2.39698576841553,0.615309661548216,-0.138064519226302
3277640,"Bug.Splash TD : Debugged",2025-09-27,"2025-09",0,1,0,0,2.99,2.99,0,"USD",2,2,0,1,0,"2 user reviews",2026-09-12 14:43:56.712452,2026-09-13 19:09:31.931556,2026-09-13,2026-09-12,351,"Windows only","$0.01-$4.99",1.38379123090177,0,0,0,0,0,0,1,0,0,0,0,0,1,1,1.38379123090177,-0.766789128987195,0.112366449092651
3279170,"Moon Carrier",2025-07-31,"2025-07",0,1,1,0,4.99,4.99,0,"USD",0,0,0,,0,"No user reviews",2026-09-12 14:44:03.220315,2026-09-13 19:09:33.963539,2026-09-13,2026-09-12,409,"Windows + macOS","$0.01-$4.99",1.79009141212736,0,0,1,0,0,0,1,0,0,0,0,0,0,0,1.79009141212736,-0.212555002889199,1.22967384620798
3279410,"The Case of the Worst Day Ever",2025-12-05,"2025-12",0,1,1,1,12.99,12.99,0,"USD",63,58,5,0.920634920634921,8,"Very Positive",2026-09-13 05:49:22.596549,2026-09-13 19:09:36.217382,2026-09-13,2026-09-13,282,"Windows + macOS + Linux","$10.00-$19.99",2.63834278867739,0,0,1,0,0,0,1,0,0,0,0,0,0,1,2.63834278867739,0.944544801928764,-1.21684407506179
3281330,"A Simple Ball Game",2025-09-16,"2025-09",0,1,0,0,11.99,11.99,0,"USD",3,3,0,1,0,"3 user reviews",2026-09-12 14:50:43.274724,2026-09-13 19:09:38.283377,2026-09-13,2026-09-12,362,"Windows only","$10.00-$19.99",2.56417983068251,1,0,1,0,0,0,1,0,0,1,0,0,0,1,2.56417983068251,0.843379102004269,0.324269576131765
3281380,"Nelumbra",2025-07-11,"2025-07",0,1,0,0,4.99,4.99,0,"USD",17,17,0,1,7,"Positive",2026-09-12 14:50:45.394014,2026-09-13 19:09:40.319352,2026-09-13,2026-09-12,429,"Windows only","$0.01-$4.99",1.79009141212736,1,0,1,0,0,0,1,0,1,0,0,0,0,1,1.79009141212736,-0.212555002889199,1.61495225900637
3282260,"Marble Quest",2025-12-24,"2025-12",0,1,0,0,4.99,4.99,0,"USD",12,12,0,1,7,"Positive",2026-09-12 14:51:00.500497,2026-09-13 19:09:42.341339,2026-09-13,2026-09-12,263,"Windows only","$0.01-$4.99",1.79009141212736,1,1,1,1,0,0,0,0,0,1,0,0,0,1,1.79009141212736,-0.212555002889199,-1.58285856722026
3282690,"RoundZ",2025-10-10,"2025-10",0,1,0,0,4.99,4.99,0,"USD",3,3,0,1,0,"3 user reviews",2026-09-12 14:51:04.915495,2026-09-13 19:09:44.474598,2026-09-13,2026-09-12,338,"Windows only","$0.01-$4.99",1.79009141212736,1,0,1,0,0,0,1,0,0,0,0,0,0,1,1.79009141212736,-0.212555002889199,-0.138064519226302
3282980,"Urbex Murder",2025-10-24,"2025-10",0,1,0,0,3.99,3.99,0,"USD",16,12,4,0.75,6,"Mostly Positive",2026-09-12 14:51:07.127851,2026-09-13 19:09:46.560595,2026-09-13,2026-09-12,324,"Windows only","$0.01-$4.99",1.60743590976343,1,1,0,1,0,0,1,0,0,0,0,0,0,1,1.60743590976343,-0.461715395641907,-0.407759408185175
3290390,"NIGHT STRIKER GEAR",2025-10-22,"2025-10",0,1,0,0,18.99,18.99,0,"USD",94,83,11,0.882978723404255,8,"Very Positive",2026-09-12 14:51:59.751839,2026-09-13 19:09:48.78657,2026-09-13,2026-09-12,326,"Windows only","$10.00-$19.99",2.99523214851231,1,0,0,0,0,0,0,0,0,0,0,0,0,1,2.99523214851231,1.43137762062238,-0.369231566905336
3290600,"Cottonville",2025-07-16,"2025-07",0,1,0,0,10.99,10.99,0,"USD",39,28,11,0.717948717948718,6,"Mostly Positive",2026-09-12 14:52:01.860155,2026-09-13 19:09:50.988281,2026-09-13,2026-09-12,424,"Windows only","$10.00-$19.99",2.48407296903942,0,0,1,0,0,0,1,0,1,0,1,0,0,1,2.48407296903942,0.734105322398058,1.51863265580677
3291040,"Ordinary Heroes",2025-12-23,"2025-12",0,1,0,0,8.99,8.99,0,"USD",4,4,0,1,0,"4 user reviews",2026-09-12 14:52:08.133878,2026-09-13 19:09:52.999844,2026-09-13,2026-09-12,264,"Windows only","$5.00-$9.99",2.30158459266046,1,0,0,0,0,0,0,0,0,0,0,0,1,1,2.30158459266046,0.485172906221557,-1.56359464658034
3291090,"Planet Hoarders",2025-12-17,"2025-12",0,1,0,0,7.99,7.99,0,"USD",10,6,4,0.6,5,"Mixed",2026-09-12 14:52:10.241719,2026-09-13 19:09:55.240682,2026-09-13,2026-09-12,270,"Windows only","$5.00-$9.99",2.19611284848353,1,1,0,1,0,0,1,0,0,0,0,0,0,1,2.19611284848353,0.341298887298887,-1.44801112274083
3292750,"Distractor",2025-07-30,"2025-07",0,1,0,0,7.99,7.99,0,"USD",4,4,0,1,0,"4 user reviews",2026-09-12 14:52:25.93342,2026-09-13 19:09:57.279886,2026-09-13,2026-09-12,410,"Windows only","$5.00-$9.99",2.19611284848353,1,0,1,0,0,0,1,0,0,0,0,0,1,1,2.19611284848353,0.341298887298887,1.2489377668479
3293010,"Easy Delivery Co.",2025-09-18,"2025-09",0,1,0,0,12.99,12.99,0,"USD",9479,9016,463,0.951155185146112,9,"Overwhelmingly Positive",2026-09-12 14:52:30.159452,2026-09-13 19:09:59.472404,2026-09-13,2026-09-12,360,"Windows only","$10.00-$19.99",2.63834278867739,0,0,1,0,0,0,1,0,0,1,1,0,0,1,2.63834278867739,0.944544801928764,0.285741734851926
3293180,"Slingshot Pilot",2025-11-27,"2025-11",0,1,0,1,2.99,2.99,0,"USD",0,0,0,,0,"No user reviews",2026-09-12 14:52:32.287817,2026-09-13 19:10:01.494995,2026-09-13,2026-09-12,290,"Windows + Linux","$0.01-$4.99",1.38379123090177,1,0,0,0,0,0,0,0,0,0,1,0,0,0,1.38379123090177,-0.766789128987195,-1.06273270994244
3294020,"Contra Spem Spero",2025-08-14,"2025-08",0,1,0,1,9.99,9.99,0,"USD",22,21,1,0.954545454545455,7,"Positive",2026-09-12 14:52:36.589522,2026-09-13 19:10:03.499649,2026-09-13,2026-09-12,395,"Windows + Linux","$5.00-$9.99",2.39698576841553,0,1,0,0,0,0,1,0,0,0,0,0,0,1,2.39698576841553,0.615309661548216,0.959978957249108
3294570,"Killer Depths",2025-08-21,"2025-08",0,1,0,0,7.99,7.99,0,"USD",2,2,0,1,0,"2 user reviews",2026-09-12 14:52:45.251461,2026-09-13 19:10:05.61053,2026-09-13,2026-09-12,388,"Windows only","$5.00-$9.99",2.19611284848353,1,1,0,0,0,0,0,0,0,0,0,0,0,1,2.19611284848353,0.341298887298887,0.825131512769672
3295350,"StarSim: BattleZone",2025-11-21,"2025-11",0,1,0,0,9.99,9.99,0,"USD",8,7,1,0.875,0,"8 user reviews",2026-09-12 14:52:51.699584,2026-09-13 19:10:07.705274,2026-09-13,2026-09-12,296,"Windows only","$5.00-$9.99",2.39698576841553,0,0,0,0,0,0,0,0,0,0,0,0,1,1,2.39698576841553,0.615309661548216,-0.947149186102921
3295680,"Stellar Archipelago",2025-12-16,"2025-12",0,1,0,0,12.99,12.99,0,"USD",0,0,0,,0,"No user reviews",2026-09-12 14:52:55.756125,2026-09-13 19:10:09.840549,2026-09-13,2026-09-12,271,"Windows only","$10.00-$19.99",2.63834278867739,0,1,0,0,0,0,0,0,0,0,0,0,1,0,2.63834278867739,0.944544801928764,-1.42874720210091
3297940,"Fear Academy",2025-08-27,"2025-08",0,1,0,0,2.99,2.99,0,"USD",22,13,9,0.590909090909091,5,"Mixed",2026-09-12 14:53:02.046018,2026-09-13 19:10:12.048068,2026-09-13,2026-09-12,382,"Windows only","$0.01-$4.99",1.38379123090177,1,1,0,0,0,0,1,0,0,0,1,0,0,1,1.38379123090177,-0.766789128987195,0.709547988930155
3299340,"游郭惊梦",2025-08-16,"2025-08",0,1,0,0,9.99,9.99,0,"USD",23,19,4,0.826086956521739,7,"Positive",2026-09-12 14:53:19.234604,2026-09-13 19:10:14.245476,2026-09-13,2026-09-12,393,"Windows only","$5.00-$9.99",2.39698576841553,0,0,1,0,0,0,1,0,1,0,0,0,0,1,2.39698576841553,0.615309661548216,0.921451115969269
3299830,"Hollywood Story<U+00AE>: Fashion Star",2025-10-21,"2025-10",1,1,0,0,,,,,0,0,0,,0,"No user reviews",2026-09-12 14:53:22.381979,2026-09-13 19:10:16.388416,2026-09-13,2026-09-12,327,"Windows only","Free",,0,0,1,0,1,0,0,0,0,0,0,0,0,0,,0,-0.349967646265417
3300300,"Witches' Hand",2025-07-30,"2025-07",0,1,0,0,4.99,4.99,0,"USD",0,0,0,,0,"No user reviews",2026-09-12 14:53:26.52623,2026-09-13 19:10:18.578643,2026-09-13,2026-09-12,410,"Windows only","$0.01-$4.99",1.79009141212736,0,0,1,0,0,0,1,0,0,0,0,0,1,0,1.79009141212736,-0.212555002889199,1.2489377668479
3300760,"LootMage",2025-09-11,"2025-09",0,1,0,0,9.99,9.99,0,"USD",13,11,2,0.846153846153846,7,"Positive",2026-09-12 14:53:28.714504,2026-09-13 19:10:20.832489,2026-09-13,2026-09-12,367,"Windows only","$5.00-$9.99",2.39698576841553,1,1,0,1,0,0,1,0,0,0,0,0,0,1,2.39698576841553,0.615309661548216,0.420589179331363
3302620,"Live Well",2025-12-27,"2025-12",0,1,0,0,2.99,2.99,0,"USD",0,0,0,,0,"No user reviews",2026-09-12 14:53:35.126326,2026-09-13 19:10:22.917172,2026-09-13,2026-09-12,260,"Windows only","$0.01-$4.99",1.38379123090177,0,0,1,0,0,0,1,0,0,0,1,0,0,0,1.38379123090177,-0.766789128987195,-1.64065032914002
3304050,"日進月歩",2025-08-15,"2025-08",0,1,0,0,9.99,9.99,0,"USD",0,0,0,,0,"No user reviews",2026-09-12 14:53:41.61797,2026-09-13 19:10:25.01352,2026-09-13,2026-09-12,394,"Windows only","$5.00-$9.99",2.39698576841553,0,1,0,0,0,0,1,0,0,0,0,0,0,0,2.39698576841553,0.615309661548216,0.940715036609189
3305120,"Dead Exhale",2025-10-27,"2025-10",0,1,0,0,2.99,0.71,76,"USD",10,4,6,0.4,5,"Mixed",2026-09-12 14:53:56.197561,2026-09-13 19:10:27.252131,2026-09-13,2026-09-12,321,"Windows only","$0.01-$4.99",0.536493370514568,1,1,0,0,0,0,1,0,1,0,0,0,0,1,0.536493370514568,-1.92258824229271,-0.465551170104934
3305920,"CubeyCollect",2025-10-08,"2025-10",0,1,0,0,0.99,0.99,0,"USD",1,1,0,1,0,"1 user reviews",2026-09-12 14:53:58.453105,2026-09-13 19:10:29.381412,2026-09-13,2026-09-12,340,"Windows only","$0.01-$4.99",0.688134638736401,0,0,1,1,0,0,1,0,0,0,0,0,0,1,0.688134638736401,-1.71573437006504,-0.0995366779464635
3308220,"Galatico",2025-11-18,"2025-11",0,1,0,0,7.99,7.99,0,"USD",13,13,0,1,7,"Positive",2026-09-12 14:54:04.836315,2026-09-13 19:10:31.590601,2026-09-13,2026-09-12,299,"Windows only","$5.00-$9.99",2.19611284848353,1,0,0,1,0,0,1,0,0,0,0,0,0,1,2.19611284848353,0.341298887298887,-0.889357424183163
3308330,"Hardcore Circus",2025-12-05,"2025-12",0,1,0,0,4.49,4.49,0,"USD",1,1,0,1,0,"1 user reviews",2026-09-12 14:54:09.135251,2026-09-13 19:10:33.610967,2026-09-13,2026-09-12,282,"Windows only","$0.01-$4.99",1.70292825552144,1,1,0,0,0,0,1,0,0,0,0,0,0,1,1.70292825552144,-0.331454275303262,-1.21684407506179
3308870,"and Roger",2025-07-23,"2025-07",0,1,1,0,4.99,3.49,30,"USD",2674,2541,133,0.950261780104712,9,"Overwhelmingly Positive",2026-09-12 14:54:11.665458,2026-09-13 19:10:35.729795,2026-09-13,2026-09-12,417,"Windows + macOS","$0.01-$4.99",1.50185270175416,0,1,1,0,0,0,1,0,0,0,1,0,0,1,1.50185270175416,-0.605741462391672,1.38378521132734
3309750,"As Long As You're Here",2025-10-28,"2025-10",0,1,1,0,9.99,9.99,0,"USD",486,485,1,0.997942386831276,8,"Very Positive",2026-09-12 14:54:18.08544,2026-09-13 19:10:37.820518,2026-09-13,2026-09-12,320,"Windows + macOS","$5.00-$9.99",2.39698576841553,0,1,0,0,0,0,1,0,0,0,0,0,0,1,2.39698576841553,0.615309661548216,-0.484815090744853
3312430,"Second Odium",2025-12-31,"2025-12",0,1,0,0,12.99,12.99,0,"USD",0,0,0,,0,"No user reviews",2026-09-12 14:54:31.138805,2026-09-13 19:10:39.838518,2026-09-13,2026-09-12,256,"Windows only","$10.00-$19.99",2.63834278867739,0,0,0,1,0,0,0,0,1,0,0,0,0,0,2.63834278867739,0.944544801928764,-1.7177060116997
3313200,"Cat Snap",2025-12-30,"2025-12",0,1,0,0,4.99,4.99,0,"USD",2,2,0,1,0,"2 user reviews",2026-09-12 14:54:35.251253,2026-09-13 19:10:42.039481,2026-09-13,2026-09-12,257,"Windows only","$0.01-$4.99",1.79009141212736,0,0,1,0,0,0,1,0,0,0,0,0,0,1,1.79009141212736,-0.212555002889199,-1.69844209105978
3314790,"CloverPit",2025-09-26,"2025-09",0,1,0,0,9.99,9.99,0,"USD",24603,22176,2427,0.901353493476405,8,"Very Positive",2026-09-12 14:54:39.638186,2026-09-13 19:10:44.23067,2026-09-13,2026-09-12,352,"Windows only","$5.00-$9.99",2.39698576841553,1,1,0,0,0,0,1,0,0,0,1,1,1,1,2.39698576841553,0.615309661548216,0.13163036973257
3316690,"the travelers",2025-12-20,"2025-12",0,1,0,0,4.99,4.99,0,"USD",16,16,0,1,7,"Positive",2026-09-12 14:54:43.825237,2026-09-13 19:10:46.298267,2026-09-13,2026-09-12,267,"Windows only","$0.01-$4.99",1.79009141212736,0,1,1,0,0,0,1,1,0,0,0,0,0,1,1.79009141212736,-0.212555002889199,-1.50580288466059
3317620,"Clan Duramont",2025-07-31,"2025-07",0,1,0,0,9.99,9.99,0,"USD",2,2,0,1,0,"2 user reviews",2026-09-12 14:54:49.999534,2026-09-13 19:10:48.410572,2026-09-13,2026-09-12,409,"Windows only","$5.00-$9.99",2.39698576841553,0,0,0,0,0,0,1,0,1,0,0,0,0,1,2.39698576841553,0.615309661548216,1.22967384620798
3318080,"Grorb: Grow the Orb",2025-07-11,"2025-07",0,1,0,0,2.99,2.99,0,"USD",6,5,1,0.833333333333333,0,"6 user reviews",2026-09-12 14:54:56.660711,2026-09-13 19:10:50.460782,2026-09-13,2026-09-12,429,"Windows only","$0.01-$4.99",1.38379123090177,1,0,1,0,0,0,0,0,0,0,0,0,0,1,1.38379123090177,-0.766789128987195,1.61495225900637
3318490,"Bunker Constructor Simulator",2025-12-16,"2025-12",0,1,0,0,14.99,14.99,0,"USD",9,3,6,0.333333333333333,0,"9 user reviews",2026-09-12 14:54:58.813743,2026-09-13 19:10:52.511193,2026-09-13,2026-09-12,271,"Windows only","$10.00-$19.99",2.77196352684586,0,0,0,1,0,0,1,0,0,0,1,0,0,1,2.77196352684586,1.12681686694233,-1.42874720210091
3321850,"HyperCoven",2025-08-20,"2025-08",0,1,0,1,5.99,5.99,0,"USD",4,4,0,1,0,"4 user reviews",2026-09-12 14:55:24.692627,2026-09-13 19:10:54.581888,2026-09-13,2026-09-12,389,"Windows + Linux","$5.00-$9.99",1.94448055624572,0,0,0,0,0,0,0,0,0,0,0,0,1,1,1.94448055624572,-0.00195275282042951,0.844395433409591
3323040,"Shapefighter",2025-07-30,"2025-07",0,1,0,1,4.99,4.99,0,"USD",2,2,0,1,0,"2 user reviews",2026-09-12 14:55:28.87765,2026-09-13 19:10:56.710446,2026-09-13,2026-09-12,410,"Windows + Linux","$0.01-$4.99",1.79009141212736,1,0,0,0,0,0,1,0,0,0,0,0,0,1,1.79009141212736,-0.212555002889199,1.2489377668479
3323260,"Planeturem",2025-08-20,"2025-08",0,1,0,0,6.99,6.99,0,"USD",8,5,3,0.625,0,"8 user reviews",2026-09-12 14:55:30.950631,2026-09-13 19:10:58.946606,2026-09-13,2026-09-12,389,"Windows only","$5.00-$9.99",2.07819075977818,0,1,1,0,0,0,1,0,0,0,0,0,0,1,2.07819075977818,0.18044135190692,0.844395433409591
3323850,"Blippo+",2025-09-23,"2025-09",0,1,1,0,14.99,14.99,0,"USD",394,375,19,0.951776649746193,8,"Very Positive",2026-09-12 14:55:37.368091,2026-09-13 19:11:01.075709,2026-09-13,2026-09-12,355,"Windows + macOS","$10.00-$19.99",2.77196352684586,0,0,1,0,0,0,1,0,0,0,0,0,0,1,2.77196352684586,1.12681686694233,0.189422131652329
3324980,"EVERDARK: Undead Apocalypse",2025-10-23,"2025-10",0,1,0,0,16.99,16.99,0,"USD",3,3,0,1,0,"3 user reviews",2026-09-12 14:55:47.801516,2026-09-13 19:11:03.157832,2026-09-13,2026-09-12,325,"Windows only","$10.00-$19.99",2.88981604796244,1,1,0,0,0,0,0,0,0,0,0,0,0,1,2.88981604796244,1.28757950517809,-0.388495487545256
3325500,"Worldwide Rush",2025-08-20,"2025-08",0,1,0,0,19.99,19.99,0,"USD",557,436,121,0.782764811490126,6,"Mostly Positive",2026-09-12 14:55:49.971734,2026-09-13 19:11:05.242358,2026-09-13,2026-09-12,389,"Windows only","$10.00-$19.99",3.04404613383254,0,0,1,0,0,0,1,0,0,0,1,0,1,1,3.04404613383254,1.49796478387127,0.844395433409591
3326580,"Raybounder",2025-09-10,"2025-09",0,1,0,0,4.99,4.99,0,"USD",1,1,0,1,0,"1 user reviews",2026-09-12 14:55:56.505058,2026-09-13 19:11:07.314019,2026-09-13,2026-09-12,368,"Windows only","$0.01-$4.99",1.79009141212736,0,0,1,0,0,0,1,0,0,0,0,0,1,1,1.79009141212736,-0.212555002889199,0.439853099971282
3327640,"hololive Holo's Hanafuda",2025-07-30,"2025-07",0,1,0,0,24.99,24.99,0,"USD",153,124,29,0.810457516339869,8,"Very Positive",2026-09-12 14:56:05.122287,2026-09-13 19:11:09.489825,2026-09-13,2026-09-12,410,"Windows only","$20.00-$29.99",3.2577118486534,0,1,1,0,0,0,0,0,0,0,0,0,0,1,3.2577118486534,1.78942621116778,1.2489377668479
3328180,"Snoopy & The Great Mystery Club",2025-10-10,"2025-10",0,1,0,0,39.99,17.99,55,"USD",62,56,6,0.903225806451613,8,"Very Positive",2026-09-12 14:56:09.489247,2026-09-13 19:11:11.726714,2026-09-13,2026-09-12,338,"Windows only","$10.00-$19.99",2.94391252482419,0,1,0,0,0,0,0,0,0,0,0,0,0,1,2.94391252482419,1.36137251577438,-0.138064519226302
3329260,"Chemical Plant Worker Simulator",2025-07-31,"2025-07",0,1,0,0,5.99,5.99,0,"USD",0,0,0,,0,"No user reviews",2026-09-12 14:56:11.716627,2026-09-13 19:11:13.858215,2026-09-13,2026-09-12,409,"Windows only","$5.00-$9.99",1.94448055624572,0,0,1,0,0,0,1,0,0,0,1,0,0,0,1.94448055624572,-0.00195275282042951,1.22967384620798
3330410,"Spell Slide",2025-11-18,"2025-11",0,1,0,0,3.99,3.99,0,"USD",6,6,0,1,0,"6 user reviews",2026-09-12 14:56:20.263238,2026-09-13 19:11:15.939809,2026-09-13,2026-09-12,299,"Windows only","$0.01-$4.99",1.60743590976343,1,0,0,0,0,0,1,0,0,0,0,0,1,1,1.60743590976343,-0.461715395641907,-0.889357424183163
3330420,"Elohim Eternal II: Son of Man",2025-09-15,"2025-09",0,1,0,0,9.99,9.99,0,"USD",10,10,0,1,7,"Positive",2026-09-12 14:56:22.4452,2026-09-13 19:11:17.973354,2026-09-13,2026-09-12,363,"Windows only","$5.00-$9.99",2.39698576841553,0,0,0,0,0,0,0,0,1,0,0,0,0,1,2.39698576841553,0.615309661548216,0.343533496771685
3330510,"Cosmo's Industry",2025-12-04,"2025-12",0,1,0,0,4.99,4.99,0,"USD",3,2,1,0.666666666666667,0,"3 user reviews",2026-09-12 14:56:24.545837,2026-09-13 19:11:19.98994,2026-09-13,2026-09-12,283,"Windows only","$0.01-$4.99",1.79009141212736,0,0,1,0,0,0,1,0,0,0,1,0,1,1,1.79009141212736,-0.212555002889199,-1.19758015442187
3332140,"Smells Like Fear Blossoms",2025-08-28,"2025-08",0,1,0,0,4.99,4.99,0,"USD",3,0,3,0,0,"3 user reviews",2026-09-12 14:56:33.096594,2026-09-13 19:11:22.164949,2026-09-13,2026-09-12,381,"Windows only","$0.01-$4.99",1.79009141212736,0,1,0,0,0,0,1,0,0,0,0,0,0,1,1.79009141212736,-0.212555002889199,0.690284068290236
3333310,"HOLES",2025-10-21,"2025-10",0,1,0,0,4.99,4.99,0,"USD",4,2,2,0.5,0,"4 user reviews",2026-09-12 14:56:35.314836,2026-09-13 19:11:24.324497,2026-09-13,2026-09-12,327,"Windows only","$0.01-$4.99",1.79009141212736,0,1,0,0,0,0,0,0,0,0,0,0,0,1,1.79009141212736,-0.212555002889199,-0.349967646265417
3334770,"99Managers Futsal Edition",2025-11-07,"2025-11",0,1,1,1,10,10,0,"USD",4,4,0,1,0,"4 user reviews",2026-09-12 14:56:43.468499,2026-09-13 19:11:26.529614,2026-09-13,2026-09-12,310,"Windows + macOS + Linux","$10.00-$19.99",2.39789527279837,0,0,0,1,0,0,1,0,0,0,1,1,1,1,2.39789527279837,0.616550316586285,-0.677454297144048
3337710,"Ghost Pub",2025-07-06,"2025-07",0,1,0,0,1.99,1.99,0,"USD",4,3,1,0.75,0,"4 user reviews",2026-09-12 14:56:54.827679,2026-09-13 19:11:28.616686,2026-09-13,2026-09-12,434,"Windows only","$0.01-$4.99",1.0952733874026,0,0,1,1,0,0,1,0,0,0,1,0,1,1,1.0952733874026,-1.16035635402041,1.71127186220597
3339810,"Ballest of Them All",2025-10-23,"2025-10",0,1,0,0,5.99,5.99,0,"USD",89,86,3,0.966292134831461,8,"Very Positive",2026-09-12 14:57:07.79649,2026-09-13 19:11:30.69844,2026-09-13,2026-09-12,325,"Windows only","$5.00-$9.99",1.94448055624572,1,0,0,1,0,0,1,0,0,1,0,0,0,1,1.94448055624572,-0.00195275282042951,-0.388495487545256
3341510,"Neptunia Game Maker R:Evolution",2025-08-26,"2025-08",0,1,0,0,29.99,29.99,0,"USD",109,83,26,0.761467889908257,6,"Mostly Positive",2026-09-12 14:57:22.607419,2026-09-13 19:11:32.768852,2026-09-13,2026-09-12,383,"Windows only","$20.00-$29.99",3.43366457179966,1,0,0,0,0,0,0,0,1,0,0,0,0,1,3.43366457179966,2.02944334198315,0.728811909570075
3342150,"10MIN HEROES",2025-11-06,"2025-11",0,1,0,0,7.99,7.99,0,"USD",1,1,0,1,0,"1 user reviews",2026-09-12 14:57:31.151782,2026-09-13 19:11:34.825397,2026-09-13,2026-09-12,311,"Windows only","$5.00-$9.99",2.19611284848353,1,0,1,0,0,0,1,0,0,0,0,0,0,1,2.19611284848353,0.341298887298887,-0.658190376504129
3342800,"Ghostwriter Workshop",2025-11-26,"2025-11",0,1,0,0,10.99,10.99,0,"USD",137,130,7,0.948905109489051,8,"Very Positive",2026-09-12 14:57:46.124992,2026-09-13 19:11:37.030414,2026-09-13,2026-09-12,291,"Windows only","$10.00-$19.99",2.48407296903942,0,1,0,0,0,0,1,0,0,0,0,0,0,1,2.48407296903942,0.734105322398058,-1.04346878930252
3342900,"Elemental Rush",2025-07-17,"2025-07",0,1,0,1,7.99,7.99,0,"USD",1,0,1,0,0,"1 user reviews",2026-09-12 14:57:48.271138,2026-09-13 19:11:39.268455,2026-09-13,2026-09-12,423,"Windows + Linux","$5.00-$9.99",2.19611284848353,1,0,1,0,0,0,1,0,0,0,0,0,1,1,2.19611284848353,0.341298887298887,1.49936873516685
3343940,"Spin Forward",2025-07-15,"2025-07",0,1,0,0,3.99,3.99,0,"USD",33,26,7,0.787878787878788,6,"Mostly Positive",2026-09-12 14:57:58.07167,2026-09-13 19:11:41.495798,2026-09-13,2026-09-12,425,"Windows only","$0.01-$4.99",1.60743590976343,1,1,1,0,0,0,1,0,1,0,0,0,0,1,1.60743590976343,-0.461715395641907,1.53789657644669
3344770,"Axe & Bow Land",2025-09-11,"2025-09",0,1,0,0,9.99,9.99,0,"USD",1,1,0,1,0,"1 user reviews",2026-09-12 14:58:06.940834,2026-09-13 19:11:43.676664,2026-09-13,2026-09-12,367,"Windows only","$5.00-$9.99",2.39698576841553,1,0,0,0,0,0,1,0,0,0,0,0,0,1,2.39698576841553,0.615309661548216,0.420589179331363
3348510,"Tower Arena Survive",2025-07-13,"2025-07",0,1,0,0,4.99,4.99,0,"USD",3,2,1,0.666666666666667,0,"3 user reviews",2026-09-12 14:58:32.768626,2026-09-13 19:11:45.808389,2026-09-13,2026-09-12,427,"Windows only","$0.01-$4.99",1.79009141212736,0,0,0,0,0,0,1,0,0,0,0,0,1,1,1.79009141212736,-0.212555002889199,1.57642441772653
3348910,"Bee Simulator: The Hive",2025-08-04,"2025-08",0,1,0,0,24.99,12.49,50,"USD",27,15,12,0.555555555555556,5,"Mixed",2026-09-12 14:58:34.918956,2026-09-13 19:11:48.055879,2026-09-13,2026-09-12,405,"Windows only","$10.00-$19.99",2.60194867021966,0,1,1,0,0,0,0,0,0,0,1,0,0,1,2.60194867021966,0.894899580561449,1.1526181636483
3350870,"GST Wars",2025-07-16,"2025-07",1,1,0,0,,,,,0,0,0,,0,"No user reviews",2026-09-12 14:58:55.213846,2026-09-13 19:11:50.097765,2026-09-13,2026-09-12,424,"Windows only","Free",,1,0,0,0,1,0,0,0,0,0,0,0,0,0,,0,1.51863265580677
3351040,"Happy Puppy",2025-09-02,"2025-09",0,1,0,0,3.99,3.99,0,"USD",6,3,3,0.5,0,"6 user reviews",2026-09-12 14:58:57.413796,2026-09-13 19:11:52.171306,2026-09-13,2026-09-12,376,"Windows only","$0.01-$4.99",1.60743590976343,0,0,1,0,0,0,0,0,0,0,1,0,0,1,1.60743590976343,-0.461715395641907,0.593964465090638
3352160,"Willow’s Descent: Into The Under",2025-11-05,"2025-11",0,1,0,0,3.99,3.99,0,"USD",3,3,0,1,0,"3 user reviews",2026-09-12 14:59:07.959234,2026-09-13 19:11:54.375464,2026-09-13,2026-09-12,312,"Windows only","$0.01-$4.99",1.60743590976343,0,0,0,0,0,0,1,0,0,0,0,0,0,1,1.60743590976343,-0.461715395641907,-0.638926455864209
3353000,"Potatogeddon",2025-09-25,"2025-09",0,1,0,0,2.99,2.54,15,"USD",4,3,1,0.75,0,"4 user reviews",2026-09-12 14:59:18.569834,2026-09-13 19:11:56.474221,2026-09-13,2026-09-12,353,"Windows only","$0.01-$4.99",1.26412672714568,1,1,0,1,0,0,0,0,0,0,0,0,0,1,1.26412672714568,-0.930023492959538,0.15089429037249
3354220,"Comic Book Store Simulator",2025-11-27,"2025-11",0,1,0,0,11.99,11.99,0,"USD",173,143,30,0.826589595375723,8,"Very Positive",2026-09-12 14:59:33.370336,2026-09-13 19:11:58.70224,2026-09-13,2026-09-12,290,"Windows only","$10.00-$19.99",2.56417983068251,0,0,1,0,0,0,1,0,0,0,1,0,0,1,2.56417983068251,0.843379102004269,-1.06273270994244
3354320,"Game for Aliens",2025-10-16,"2025-10",1,1,0,0,,,,,0,0,0,,0,"No user reviews",2026-09-12 14:59:35.55433,2026-09-13 19:12:00.893216,2026-09-13,2026-09-12,332,"Windows only","Free",,1,0,1,0,1,0,1,0,0,0,0,0,0,0,,0,-0.253648043065819
3354750,"skate.",2025-09-16,"2025-09",1,1,0,0,,,,,286,200,86,0.699300699300699,5,"Mixed",2026-09-12 14:59:37.947541,2026-09-13 19:12:03.145093,2026-09-13,2026-09-12,362,"Windows only","Free",,1,0,0,1,1,0,0,0,0,0,0,1,0,1,,0,0.324269576131765
3355080,"Vicious Cycle",2025-09-17,"2025-09",0,1,0,0,7.99,7.99,0,"USD",8,7,1,0.875,0,"8 user reviews",2026-09-12 14:59:42.365974,2026-09-13 19:12:05.384957,2026-09-13,2026-09-12,361,"Windows only","$5.00-$9.99",2.19611284848353,1,1,0,0,0,0,0,0,0,0,0,0,0,1,2.19611284848353,0.341298887298887,0.305005655491846
3355830,"Hydro",2025-08-01,"2025-08",0,1,0,0,8.99,8.99,0,"USD",16,16,0,1,7,"Positive",2026-09-12 14:59:53.121146,2026-09-13 19:12:07.59363,2026-09-13,2026-09-12,408,"Windows only","$5.00-$9.99",2.30158459266046,1,0,1,0,0,0,1,0,0,0,1,0,0,1,2.30158459266046,0.485172906221557,1.21040992556806
3355900,"FIREBALL",2025-11-10,"2025-11",0,1,0,0,1.99,1.99,0,"USD",3,3,0,1,0,"3 user reviews",2026-09-12 14:59:55.348173,2026-09-13 19:12:09.809438,2026-09-13,2026-09-12,307,"Windows only","$0.01-$4.99",1.0952733874026,1,0,0,0,0,0,0,0,0,0,0,0,0,1,1.0952733874026,-1.16035635402041,-0.735246059063807
3356250,"Low_Signal",2025-07-23,"2025-07",0,1,0,0,8.99,8.99,0,"USD",1,1,0,1,0,"1 user reviews",2026-09-12 14:59:57.534553,2026-09-13 19:12:12.0057,2026-09-13,2026-09-12,417,"Windows only","$5.00-$9.99",2.30158459266046,0,1,0,0,0,0,1,0,0,0,0,0,0,1,2.30158459266046,0.485172906221557,1.38378521132734
3356350,"Moorhuhn 2",2025-11-04,"2025-11",0,1,0,0,4.99,3.99,20,"USD",31,30,1,0.967741935483871,7,"Positive",2026-09-12 14:59:59.581124,2026-09-13 19:12:14.107006,2026-09-13,2026-09-12,313,"Windows only","$0.01-$4.99",1.60743590976343,1,0,1,0,0,0,1,0,0,0,1,1,0,1,1.60743590976343,-0.461715395641907,-0.61966253522429
3356360,"Moorhuhn Winter Edition",2025-12-22,"2025-12",0,1,0,0,4.99,4.99,0,"USD",20,18,2,0.9,7,"Positive",2026-09-12 15:00:01.578141,2026-09-13 19:12:16.305702,2026-09-13,2026-09-12,265,"Windows only","$0.01-$4.99",1.79009141212736,1,0,1,0,0,0,1,0,0,0,1,1,0,1,1.79009141212736,-0.212555002889199,-1.54433072594043
3359450,"Gravity Matters",2025-09-30,"2025-09",0,1,0,0,5.99,5.99,0,"USD",0,0,0,,0,"No user reviews",2026-09-12 15:00:18.612562,2026-09-13 19:12:18.559447,2026-09-13,2026-09-12,348,"Windows only","$5.00-$9.99",1.94448055624572,0,0,1,1,0,0,0,0,0,0,1,0,0,0,1.94448055624572,-0.00195275282042951,0.0545746871728924
3359900,"REAL BOUT FATAL FURY 2: THE NEWCOMERS",2025-09-27,"2025-09",0,1,0,0,19.99,19.99,0,"USD",84,68,16,0.80952380952381,8,"Very Positive",2026-09-12 15:00:20.770654,2026-09-13 19:12:20.622013,2026-09-13,2026-09-12,351,"Windows only","$10.00-$19.99",3.04404613383254,1,0,0,0,0,0,0,0,0,0,0,0,0,1,3.04404613383254,1.49796478387127,0.112366449092651
3359910,"KIZUNA ENCOUNTER: SUPER TAG BATTLE",2025-10-11,"2025-10",0,1,0,0,19.99,19.99,0,"USD",38,32,6,0.842105263157895,7,"Positive",2026-09-12 15:00:22.975708,2026-09-13 19:12:22.663445,2026-09-13,2026-09-12,337,"Windows only","$10.00-$19.99",3.04404613383254,1,0,0,0,0,0,0,0,0,0,0,0,0,1,3.04404613383254,1.49796478387127,-0.157328439866222
3360320,"Silent Signals",2025-08-06,"2025-08",0,1,0,0,4.99,4.99,0,"USD",7,0,7,0,0,"7 user reviews",2026-09-12 15:00:25.189721,2026-09-13 19:12:24.731829,2026-09-13,2026-09-12,403,"Windows only","$0.01-$4.99",1.79009141212736,0,0,1,0,0,0,1,0,0,0,1,0,0,1,1.79009141212736,-0.212555002889199,1.11409032236846
3360820,"Great Hoax: The Moon Landing",2025-12-15,"2025-12",0,1,0,0,4.99,4.99,0,"USD",1,1,0,1,0,"1 user reviews",2026-09-12 15:00:31.326845,2026-09-13 19:12:26.938916,2026-09-13,2026-09-12,272,"Windows only","$0.01-$4.99",1.79009141212736,0,0,1,0,0,0,1,0,0,0,0,0,0,1,1.79009141212736,-0.212555002889199,-1.40948328146099
3360890,"Project Afterfall",2025-11-20,"2025-11",0,1,0,0,19.99,19.99,0,"USD",79,60,19,0.759493670886076,6,"Mostly Positive",2026-09-12 15:00:35.571786,2026-09-13 19:12:29.069484,2026-09-13,2026-09-12,297,"Windows only","$10.00-$19.99",3.04404613383254,0,0,0,1,0,0,0,0,1,0,1,0,1,1,3.04404613383254,1.49796478387127,-0.927885265463002
3361760,"Metabrawl",2025-08-11,"2025-08",1,1,0,0,,,,,0,0,0,,0,"No user reviews",2026-09-12 15:00:48.78794,2026-09-13 19:12:31.206931,2026-09-13,2026-09-12,398,"Windows only","Free",,1,1,0,0,1,0,0,0,0,0,0,0,0,0,,0,1.01777071916887
3362660,"World War Z VR",2025-08-12,"2025-08",0,1,0,0,19.99,19.99,0,"USD",167,67,100,0.401197604790419,5,"Mixed",2026-09-12 15:00:57.266943,2026-09-13 19:12:33.407056,2026-09-13,2026-09-12,397,"Windows only","$10.00-$19.99",3.04404613383254,1,1,0,0,0,0,0,0,0,0,0,0,0,1,3.04404613383254,1.49796478387127,0.998506798528947
3362960,"Twinkleby",2025-09-23,"2025-09",0,1,1,1,16.99,16.99,0,"USD",259,240,19,0.926640926640927,8,"Very Positive",2026-09-12 15:01:01.280045,2026-09-13 19:12:35.650114,2026-09-13,2026-09-12,355,"Windows + macOS + Linux","$10.00-$19.99",2.88981604796244,0,0,1,0,0,0,1,0,0,0,1,0,0,1,2.88981604796244,1.28757950517809,0.189422131652329
3363570,"Symphorix",2025-07-01,"2025-07",0,1,0,0,5.99,5.99,0,"USD",12,12,0,1,7,"Positive",2026-09-12 15:01:12.048995,2026-09-13 19:12:37.874588,2026-09-13,2026-09-12,439,"Windows only","$5.00-$9.99",1.94448055624572,1,0,0,1,0,0,1,0,0,0,0,0,1,1,1.94448055624572,-0.00195275282042951,1.80759146540557
3363580,"Domain of Hallucination",2025-10-02,"2025-10",0,1,0,1,2.99,2.99,0,"USD",7,7,0,1,0,"7 user reviews",2026-09-12 15:01:14.049389,2026-09-13 19:12:39.926893,2026-09-13,2026-09-12,346,"Windows + Linux","$0.01-$4.99",1.38379123090177,1,0,0,1,0,0,1,0,0,0,0,0,0,1,1.38379123090177,-0.766789128987195,0.0160468458930535
3364070,"The Jackbox Party Pack 11",2025-10-22,"2025-10",0,1,1,1,29.99,29.99,0,"USD",417,388,29,0.930455635491607,8,"Very Positive",2026-09-12 15:01:21.049968,2026-09-13 19:12:42.086201,2026-09-13,2026-09-12,326,"Windows + macOS + Linux","$20.00-$29.99",3.43366457179966,0,1,1,0,0,0,1,0,1,0,1,0,1,1,3.43366457179966,2.02944334198315,-0.369231566905336
3365030,"Atelier Ryza: Ever Darkness & the Secret Hideout DX",2025-11-12,"2025-11",0,1,0,0,39.99,39.99,0,"USD",250,191,59,0.764,6,"Mostly Positive",2026-09-12 15:01:36.881597,2026-09-13 19:12:44.14075,2026-09-13,2026-09-12,305,"Windows only","$30.00+",3.71332813451625,1,1,1,0,0,0,0,0,1,0,1,0,0,1,3.71332813451625,2.41093244153544,-0.773773900343646
3369700,"The Tower of Eden",2025-11-24,"2025-11",0,1,0,0,9.99,9.99,0,"USD",0,0,0,,0,"No user reviews",2026-09-12 15:02:17.208219,2026-09-13 19:12:46.345512,2026-09-13,2026-09-12,293,"Windows only","$5.00-$9.99",2.39698576841553,0,1,0,0,0,0,1,0,1,0,0,0,1,0,2.39698576841553,0.615309661548216,-1.00494094802268
3369990,"Hampy's Great Adventure",2025-08-31,"2025-08",0,1,0,0,1.49,1.49,0,"USD",3,3,0,1,0,"3 user reviews",2026-09-12 15:02:19.252753,2026-09-13 19:12:48.602484,2026-09-13,2026-09-12,378,"Windows only","$0.01-$4.99",0.912282710476616,0,0,1,0,0,0,0,0,0,0,0,0,0,1,0.912282710476616,-1.40997395843353,0.632492306370477
3370050,"Bam Bam Boom",2025-08-11,"2025-08",1,1,0,0,,,,,7,5,2,0.714285714285714,0,"7 user reviews",2026-09-12 15:02:21.389438,2026-09-13 19:12:50.726223,2026-09-13,2026-09-12,398,"Windows only","Free",,1,0,1,0,1,0,1,0,0,0,1,1,0,1,,0,1.01777071916887
3370100,"我的同事不对劲",2025-08-01,"2025-08",0,1,0,0,8.99,8.99,0,"USD",215,192,23,0.893023255813953,8,"Very Positive",2026-09-12 15:02:23.551386,2026-09-13 19:12:52.944122,2026-09-13,2026-09-12,408,"Windows only","$5.00-$9.99",2.30158459266046,0,0,0,0,0,0,0,0,1,0,0,0,0,1,2.30158459266046,0.485172906221557,1.21040992556806
3371110,"UltraGirl Alters",2025-10-23,"2025-10",0,1,0,0,19.99,19.99,0,"USD",37,24,13,0.648648648648649,5,"Mixed",2026-09-12 15:02:32.018561,2026-09-13 19:12:54.978291,2026-09-13,2026-09-12,325,"Windows only","$10.00-$19.99",3.04404613383254,0,1,0,0,0,0,0,0,1,0,1,0,1,1,3.04404613383254,1.49796478387127,-0.388495487545256
3371140,"Warmongers",2025-10-16,"2025-10",0,1,0,0,0.99,0.99,0,"USD",0,0,0,,0,"No user reviews",2026-09-12 15:02:35.548803,2026-09-13 19:12:57.011293,2026-09-13,2026-09-12,332,"Windows only","$0.01-$4.99",0.688134638736401,0,0,0,1,0,0,0,0,1,0,0,0,1,0,0.688134638736401,-1.71573437006504,-0.253648043065819
3371480,"蜀汉再临：源起 Restart ShuHan Dynasty:Origin",2025-09-13,"2025-09",0,1,0,0,3.99,3.99,0,"USD",356,272,84,0.764044943820225,6,"Mostly Positive",2026-09-12 15:02:37.740622,2026-09-13 19:12:59.217251,2026-09-13,2026-09-12,365,"Windows only","$0.01-$4.99",1.60743590976343,0,0,1,0,0,0,1,0,1,0,0,0,0,1,1.60743590976343,-0.461715395641907,0.382061338051524
3373830,"The Way of the Tray: Japanese Restaurant Simulator <U+0001F359>",2025-08-25,"2025-08",0,1,0,0,9.99,9.99,0,"USD",60,46,14,0.766666666666667,6,"Mostly Positive",2026-09-12 15:02:54.870772,2026-09-13 19:13:01.330841,2026-09-13,2026-09-12,384,"Windows only","$5.00-$9.99",2.39698576841553,0,0,1,0,0,0,1,0,0,0,1,0,0,1,2.39698576841553,0.615309661548216,0.748075830209994
3374340,"OPA: Super Janken",2025-12-12,"2025-12",1,1,0,0,,,,,0,0,0,,0,"No user reviews",2026-09-12 15:02:56.987205,2026-09-13 19:13:03.5366,2026-09-13,2026-09-12,275,"Windows only","Free",,0,0,0,0,1,0,1,0,0,0,0,0,1,0,,0,-1.35169151954123
3374840,"Piss Off",2025-10-10,"2025-10",0,1,0,0,20,20,0,"USD",8,8,0,1,0,"8 user reviews",2026-09-12 15:02:59.131744,2026-09-13 19:13:05.790291,2026-09-13,2026-09-12,338,"Windows only","$20.00-$29.99",3.04452243772342,1,0,1,1,0,0,1,0,0,0,0,0,0,1,3.04452243772342,1.49861451006613,-0.138064519226302
3374920,"Games of the Monarch's Eye",2025-08-14,"2025-08",0,1,1,1,5.99,5.99,0,"USD",8,2,6,0.25,0,"8 user reviews",2026-09-12 15:03:01.139122,2026-09-13 19:13:08.057632,2026-09-13,2026-09-12,395,"Windows + macOS + Linux","$5.00-$9.99",1.94448055624572,0,0,0,0,0,0,0,0,1,0,0,0,0,1,1.94448055624572,-0.00195275282042951,0.959978957249108
3375780,"Trails in the Sky 1st Chapter",2025-09-19,"2025-09",0,1,0,0,59.99,59.99,0,"USD",4593,4380,213,0.953625081645983,9,"Overwhelmingly Positive",2026-09-12 15:03:05.584944,2026-09-13 19:13:10.072433,2026-09-13,2026-09-12,359,"Windows only","$30.00+",4.11070991630837,1,1,0,0,0,0,0,0,1,0,0,0,0,1,4.11070991630837,2.95300097789313,0.266477814212007
3377290,"Life Choices",2025-10-01,"2025-10",0,1,0,0,4.99,4.99,0,"USD",3,3,0,1,0,"3 user reviews",2026-09-12 15:03:20.748454,2026-09-13 19:13:12.202782,2026-09-13,2026-09-12,347,"Windows only","$0.01-$4.99",1.79009141212736,0,0,1,0,0,0,0,0,0,0,1,0,0,1,1.79009141212736,-0.212555002889199,0.0353107665329729
3381290,"LIBRA: There Are Two",2025-11-29,"2025-11",0,1,1,1,8.99,8.99,0,"USD",0,0,0,,0,"No user reviews",2026-09-12 15:03:50.271899,2026-09-13 19:13:14.392497,2026-09-13,2026-09-12,288,"Windows + macOS + Linux","$5.00-$9.99",2.30158459266046,0,1,0,1,0,0,1,0,1,0,0,0,0,0,2.30158459266046,0.485172906221557,-1.10126055122228
3382270,"Knortex",2025-12-15,"2025-12",1,1,0,0,,,,,0,0,0,,0,"No user reviews",2026-09-12 15:03:56.587451,2026-09-13 19:13:16.606116,2026-09-13,2026-09-12,272,"Windows only","Free",,0,1,0,0,1,0,1,0,0,0,0,0,0,0,,0,-1.40948328146099
3382670,"Polterparty",2025-11-02,"2025-11",0,1,0,0,5.99,5.99,0,"USD",0,0,0,,0,"No user reviews",2026-09-12 15:04:06.236755,2026-09-13 19:13:18.661306,2026-09-13,2026-09-12,315,"Windows only","$5.00-$9.99",1.94448055624572,0,1,0,1,0,0,1,0,1,0,0,0,0,0,1.94448055624572,-0.00195275282042951,-0.581134693944451
3384840,"Blacksmith Simulator",2025-11-28,"2025-11",0,1,0,0,5.99,5.99,0,"USD",6,1,5,0.166666666666667,0,"6 user reviews",2026-09-12 15:04:27.767886,2026-09-13 19:13:20.694482,2026-09-13,2026-09-12,289,"Windows only","$5.00-$9.99",1.94448055624572,0,1,1,0,0,0,1,0,0,0,1,0,0,1,1.94448055624572,-0.00195275282042951,-1.08199663058236
3385250,"ラビィとパネルでしりとり",2025-10-14,"2025-10",0,1,0,0,3.99,3.99,0,"USD",2,1,1,0.5,0,"2 user reviews",2026-09-12 15:04:29.831326,2026-09-13 19:13:22.947592,2026-09-13,2026-09-12,334,"Windows only","$0.01-$4.99",1.60743590976343,0,0,1,0,0,0,0,0,0,0,0,0,0,1,1.60743590976343,-0.461715395641907,-0.21512020178598
3385370,"Maze Mice",2025-07-11,"2025-07",0,1,1,1,9.99,9.99,0,"USD",315,280,35,0.888888888888889,8,"Very Positive",2026-09-12 15:04:32.066943,2026-09-13 19:13:25.140703,2026-09-13,2026-09-12,429,"Windows + macOS + Linux","$5.00-$9.99",2.39698576841553,1,0,0,0,0,0,1,0,0,0,0,0,0,1,2.39698576841553,0.615309661548216,1.61495225900637
3385960,"BattleGroupVR2",2025-11-07,"2025-11",0,1,0,0,24.99,24.99,0,"USD",208,177,31,0.850961538461538,8,"Very Positive",2026-09-12 15:04:36.359442,2026-09-13 19:13:27.366299,2026-09-13,2026-09-12,310,"Windows only","$20.00-$29.99",3.2577118486534,1,0,0,1,0,0,0,0,0,0,0,0,1,1,3.2577118486534,1.78942621116778,-0.677454297144048
3386100,"Drift Survivor 2",2025-08-27,"2025-08",0,1,0,0,3.99,3.99,0,"USD",26,24,2,0.923076923076923,7,"Positive",2026-09-12 15:04:38.749967,2026-09-13 19:13:29.530125,2026-09-13,2026-09-12,382,"Windows only","$0.01-$4.99",1.60743590976343,1,0,0,0,0,0,1,0,0,1,0,0,0,1,1.60743590976343,-0.461715395641907,0.709547988930155
3386150,"You're here again",2025-12-13,"2025-12",0,1,0,1,3.99,3.99,0,"USD",3,3,0,1,0,"3 user reviews",2026-09-12 15:04:40.769408,2026-09-13 19:13:31.657942,2026-09-13,2026-09-12,274,"Windows + Linux","$0.01-$4.99",1.60743590976343,1,0,0,1,0,0,1,0,0,0,0,0,0,1,1.60743590976343,-0.461715395641907,-1.37095544018115
3387100,"15 Minutes",2025-10-23,"2025-10",0,1,0,0,5.99,5.99,0,"USD",3,0,3,0,0,"3 user reviews",2026-09-12 15:04:47.112785,2026-09-13 19:13:33.676434,2026-09-13,2026-09-12,325,"Windows only","$5.00-$9.99",1.94448055624572,1,0,1,0,0,0,1,0,0,0,1,0,0,1,1.94448055624572,-0.00195275282042951,-0.388495487545256
3387320,"Tale of android after the Apocalypse",2025-12-04,"2025-12",0,1,0,0,4.99,4.99,0,"USD",21,17,4,0.80952380952381,7,"Positive",2026-09-12 15:04:49.214403,2026-09-13 19:13:35.876252,2026-09-13,2026-09-12,283,"Windows only","$0.01-$4.99",1.79009141212736,0,1,0,0,0,0,1,0,1,0,0,0,0,1,1.79009141212736,-0.212555002889199,-1.19758015442187
3387410,"Griffin 「グリフォン」",2025-07-11,"2025-07",0,1,0,0,5.99,5.99,0,"USD",5,4,1,0.8,0,"5 user reviews",2026-09-12 15:04:51.328294,2026-09-13 19:13:38.069536,2026-09-13,2026-09-12,429,"Windows only","$5.00-$9.99",1.94448055624572,1,1,0,0,0,0,0,0,0,0,0,0,0,1,1.94448055624572,-0.00195275282042951,1.61495225900637
3387420,"Pokettohiro",2025-08-01,"2025-08",0,1,0,0,9.99,9.99,0,"USD",1,0,1,0,0,"1 user reviews",2026-09-12 15:04:53.524395,2026-09-13 19:13:40.319424,2026-09-13,2026-09-12,408,"Windows only","$5.00-$9.99",2.39698576841553,1,1,0,0,0,0,0,0,0,0,0,0,0,1,2.39698576841553,0.615309661548216,1.21040992556806
3390310,"Once Glorious Artahk",2025-11-18,"2025-11",0,1,0,1,14.99,14.99,0,"USD",41,39,2,0.951219512195122,7,"Positive",2026-09-12 15:05:12.718089,2026-09-13 19:13:42.402323,2026-09-13,2026-09-12,299,"Windows + Linux","$10.00-$19.99",2.77196352684586,0,1,1,0,0,0,1,0,0,0,0,0,0,1,2.77196352684586,1.12681686694233,-0.889357424183163
3391200,"Snowman Mo",2025-12-01,"2025-12",0,1,1,0,9.99,9.99,0,"USD",15,15,0,1,7,"Positive",2026-09-12 15:05:21.095818,2026-09-13 19:13:44.610892,2026-09-13,2026-09-12,286,"Windows + macOS","$5.00-$9.99",2.39698576841553,0,1,1,0,0,0,1,0,0,0,0,0,0,1,2.39698576841553,0.615309661548216,-1.13978839250212
3391420,"修仙实操手册",2025-10-21,"2025-10",0,1,0,0,6.99,6.99,0,"USD",96,53,43,0.552083333333333,5,"Mixed",2026-09-12 15:05:23.117995,2026-09-13 19:13:46.802072,2026-09-13,2026-09-12,327,"Windows only","$5.00-$9.99",2.07819075977818,0,0,1,0,0,0,1,0,1,0,0,0,0,1,2.07819075977818,0.18044135190692,-0.349967646265417
3395720,"Village of the Curse",2025-11-15,"2025-11",0,1,0,0,2.99,2.99,0,"USD",9,4,5,0.444444444444444,0,"9 user reviews",2026-09-12 15:05:58.130137,2026-09-13 19:13:48.885692,2026-09-13,2026-09-12,302,"Windows only","$0.01-$4.99",1.38379123090177,1,0,0,0,0,0,1,0,0,0,0,0,0,1,1.38379123090177,-0.766789128987195,-0.831565662263404
3395760,"With Me: Aquatic Time",2025-12-11,"2025-12",0,1,1,0,9.99,8.99,10,"USD",152,134,18,0.881578947368421,8,"Very Positive",2026-09-12 15:06:02.345663,2026-09-13 19:13:51.045168,2026-09-13,2026-09-12,276,"Windows + macOS","$5.00-$9.99",2.30158459266046,0,0,1,1,0,0,1,0,0,0,1,0,0,1,2.30158459266046,0.485172906221557,-1.33242759890131
3396670,"I Write Games Not Tragedies",2025-11-14,"2025-11",0,1,0,0,12.99,12.99,0,"USD",46,46,0,1,7,"Positive",2026-09-12 15:06:16.75709,2026-09-13 19:13:53.071405,2026-09-13,2026-09-12,303,"Windows only","$10.00-$19.99",2.63834278867739,0,1,1,0,0,0,1,0,0,0,0,0,0,1,2.63834278867739,0.944544801928764,-0.812301741623485
3396740,"Backrooms: Hide Together",2025-08-18,"2025-08",0,1,0,0,5.99,5.99,0,"USD",63,28,35,0.444444444444444,5,"Mixed",2026-09-12 15:06:18.851151,2026-09-13 19:13:55.215441,2026-09-13,2026-09-12,391,"Windows only","$5.00-$9.99",1.94448055624572,1,1,1,0,0,0,1,0,0,0,0,0,0,1,1.94448055624572,-0.00195275282042951,0.88292327468943
3398960,"MAiZE",2025-10-31,"2025-10",0,1,1,0,4.99,4.99,0,"USD",1,1,0,1,0,"1 user reviews",2026-09-12 15:06:29.515366,2026-09-13 19:13:57.333782,2026-09-13,2026-09-12,317,"Windows + macOS","$0.01-$4.99",1.79009141212736,1,1,1,0,0,0,1,0,1,0,0,0,1,1,1.79009141212736,-0.212555002889199,-0.542606852664612
3399200,"Billie Beetleneck -A detective tale-",2025-11-18,"2025-11",1,1,0,0,,,,,0,0,0,,0,"No user reviews",2026-09-12 15:06:35.859504,2026-09-13 19:13:59.477317,2026-09-13,2026-09-12,299,"Windows only","Free",,0,1,1,0,1,0,1,0,0,0,0,0,0,0,,0,-0.889357424183163
3400380,"Look Mum No Computer",2025-07-24,"2025-07",0,1,1,1,14.99,7.49,50,"USD",60,59,1,0.983333333333333,8,"Very Positive",2026-09-12 15:06:48.516059,2026-09-13 19:14:01.588866,2026-09-13,2026-09-12,416,"Windows + macOS + Linux","$5.00-$9.99",2.13888900032326,1,0,0,0,0,0,1,0,1,0,0,0,0,1,2.13888900032326,0.263239829137985,1.36452129068742
3400530,"Therapy Simulator",2025-12-11,"2025-12",0,1,0,0,10.99,10.99,0,"USD",39,26,13,0.666666666666667,5,"Mixed",2026-09-12 15:06:50.576129,2026-09-13 19:14:03.760923,2026-09-13,2026-09-12,276,"Windows only","$10.00-$19.99",2.48407296903942,0,0,1,1,0,0,1,0,0,0,1,0,0,1,2.48407296903942,0.734105322398058,-1.33242759890131
3403250,"Pau e Pedra",2025-08-18,"2025-08",1,1,0,0,,,,,0,0,0,,0,"No user reviews",2026-09-12 15:07:09.861333,2026-09-13 19:14:05.953164,2026-09-13,2026-09-12,391,"Windows only","Free",,1,0,1,0,1,0,1,0,0,0,0,0,0,0,,0,0.88292327468943
3404590,"Woodworm",2025-12-09,"2025-12",0,1,1,1,9.99,9.99,0,"USD",27,26,1,0.962962962962963,7,"Positive",2026-09-12 15:07:27.786712,2026-09-13 19:14:08.144275,2026-09-13,2026-09-12,278,"Windows + macOS + Linux","$5.00-$9.99",2.39698576841553,0,0,1,0,0,0,1,0,0,0,0,0,0,1,2.39698576841553,0.615309661548216,-1.29389975762147
3405340,"Megabonk",2025-09-18,"2025-09",0,1,0,1,9.99,9.99,0,"USD",99706,94028,5678,0.943052574569234,8,"Very Positive",2026-09-12 15:07:29.988866,2026-09-13 19:14:10.274273,2026-09-13,2026-09-12,360,"Windows + Linux","$5.00-$9.99",2.39698576841553,1,0,1,0,0,0,1,0,0,0,0,0,0,1,2.39698576841553,0.615309661548216,0.285741734851926
3405420,"Just Cube",2025-08-21,"2025-08",0,1,1,1,4.99,4.99,0,"USD",1,1,0,1,0,"1 user reviews",2026-09-12 15:07:32.21825,2026-09-13 19:14:12.515341,2026-09-13,2026-09-12,388,"Windows + macOS + Linux","$0.01-$4.99",1.79009141212736,1,1,0,0,0,0,1,0,0,0,0,0,0,1,1.79009141212736,-0.212555002889199,0.825131512769672
3406090,"a Difficult game about Wheelchair",2025-08-03,"2025-08",0,1,0,0,2.99,2.99,0,"USD",8,5,3,0.625,0,"8 user reviews",2026-09-12 15:07:40.801806,2026-09-13 19:14:14.631335,2026-09-13,2026-09-12,406,"Windows only","$0.01-$4.99",1.38379123090177,0,0,0,0,0,0,1,0,0,0,1,0,0,1,1.38379123090177,-0.766789128987195,1.17188208428822
3406620,"VARLET",2025-08-27,"2025-08",0,1,0,0,59.99,59.99,0,"USD",121,57,64,0.471074380165289,5,"Mixed",2026-09-12 15:07:45.034261,2026-09-13 19:14:16.865617,2026-09-13,2026-09-12,382,"Windows only","$30.00+",4.11070991630837,0,0,0,0,0,0,0,0,1,0,0,0,0,1,4.11070991630837,2.95300097789313,0.709547988930155
3406740,"Dino Space Station",2025-09-30,"2025-09",0,1,1,1,4.99,4.99,0,"USD",3,3,0,1,0,"3 user reviews",2026-09-12 15:07:47.208314,2026-09-13 19:14:19.087485,2026-09-13,2026-09-12,348,"Windows + macOS + Linux","$0.01-$4.99",1.79009141212736,1,0,0,0,0,0,1,0,0,0,0,0,0,1,1.79009141212736,-0.212555002889199,0.0545746871728924
3406910,"Game Of Fate 3：Clash Of Crowns",2025-12-24,"2025-12",0,1,1,0,16.79,16.79,0,"USD",734,630,104,0.858310626702997,8,"Very Positive",2026-09-12 15:07:49.375491,2026-09-13 19:14:21.266751,2026-09-13,2026-09-12,263,"Windows + macOS","$10.00-$19.99",2.87863650167774,0,1,0,0,0,0,0,0,1,0,1,0,0,1,2.87863650167774,1.27232948474595,-1.58285856722026
3410630,"Waning Flowers of a World Eternal - The Rainbow Appears After Flowering Rain",2025-09-08,"2025-09",0,1,0,0,19.99,14.99,25,"USD",296,287,9,0.969594594594595,8,"Very Positive",2026-09-12 15:08:23.088278,2026-09-13 19:14:23.380735,2026-09-13,2026-09-12,370,"Windows only","$10.00-$19.99",2.77196352684586,0,1,0,0,0,0,0,0,0,0,0,0,0,1,2.77196352684586,1.12681686694233,0.478380941251121
3412620,"Her Love, Like Poison",2025-07-28,"2025-07",0,1,1,1,6.99,6.99,0,"USD",270,261,9,0.966666666666667,8,"Very Positive",2026-09-12 15:08:33.620891,2026-09-13 19:14:25.632162,2026-09-13,2026-09-12,412,"Windows + macOS + Linux","$5.00-$9.99",2.07819075977818,0,0,1,0,0,0,1,0,0,0,0,0,0,1,2.07819075977818,0.18044135190692,1.28746560812774
3413090,"PhantomRider",2025-07-15,"2025-07",0,1,0,0,5.99,5.99,0,"USD",0,0,0,,0,"No user reviews",2026-09-12 15:08:37.893702,2026-09-13 19:14:27.687361,2026-09-13,2026-09-12,425,"Windows only","$5.00-$9.99",1.94448055624572,1,1,1,0,0,0,1,0,1,0,0,0,1,0,1.94448055624572,-0.00195275282042951,1.53789657644669
3413260,"OMEXYAN",2025-12-11,"2025-12",0,1,0,0,12.99,12.99,0,"USD",1,1,0,1,0,"1 user reviews",2026-09-12 15:08:42.11528,2026-09-13 19:14:29.957436,2026-09-13,2026-09-12,276,"Windows only","$10.00-$19.99",2.63834278867739,1,0,0,0,0,0,0,0,0,0,0,1,0,1,2.63834278867739,0.944544801928764,-1.33242759890131
3415230,"Witchy Business",2025-09-22,"2025-09",0,1,1,1,14.99,7.49,50,"USD",860,745,115,0.866279069767442,8,"Very Positive",2026-09-12 15:08:55.595266,2026-09-13 19:14:32.097896,2026-09-13,2026-09-12,356,"Windows + macOS + Linux","$5.00-$9.99",2.13888900032326,0,0,1,0,0,0,1,0,1,0,1,0,1,1,2.13888900032326,0.263239829137985,0.208686052292248
3415240,"Cozy Organizer",2025-09-13,"2025-09",0,1,1,1,7.99,3.99,50,"USD",647,439,208,0.678516228748068,5,"Mixed",2026-09-12 15:08:57.703828,2026-09-13 19:14:34.25843,2026-09-13,2026-09-12,365,"Windows + macOS + Linux","$0.01-$4.99",1.60743590976343,0,0,1,0,0,0,1,0,0,0,1,0,1,1,1.60743590976343,-0.461715395641907,0.382061338051524
3415340,"Ox & Horse Work in Hell",2025-08-01,"2025-08",0,1,0,0,8.99,8.99,0,"USD",20,20,0,1,7,"Positive",2026-09-12 15:08:59.744897,2026-09-13 19:14:36.419684,2026-09-13,2026-09-12,408,"Windows only","$5.00-$9.99",2.30158459266046,1,1,0,0,0,0,1,0,0,0,0,0,0,1,2.30158459266046,0.485172906221557,1.21040992556806
3415460,"恋愛花道",2025-09-12,"2025-09",0,1,0,0,4.99,4.99,0,"USD",4,4,0,1,0,"4 user reviews",2026-09-12 15:09:03.788724,2026-09-13 19:14:38.658212,2026-09-13,2026-09-12,366,"Windows only","$0.01-$4.99",1.79009141212736,0,1,0,0,0,0,1,0,0,0,0,0,0,1,1.79009141212736,-0.212555002889199,0.401325258691443
3415530,"Ballardo: Roguelike Billiards",2025-07-31,"2025-07",0,1,0,0,8.99,2.96,67,"USD",13,7,6,0.538461538461538,5,"Mixed",2026-09-12 15:09:05.924009,2026-09-13 19:14:40.69125,2026-09-13,2026-09-12,409,"Windows only","$0.01-$4.99",1.37624402526639,0,0,1,1,0,0,1,0,0,0,1,1,1,1,1.37624402526639,-0.77708427310254,1.22967384620798
3415580,"Death Ring: Second Impact",2025-07-11,"2025-07",0,1,0,0,19.99,19.99,0,"USD",163,128,35,0.785276073619632,6,"Mostly Positive",2026-09-12 15:09:10.277458,2026-09-13 19:14:42.900101,2026-09-13,2026-09-12,429,"Windows only","$10.00-$19.99",3.04404613383254,0,0,0,1,0,0,0,0,0,0,0,0,1,1,3.04404613383254,1.49796478387127,1.61495225900637
3417470,"Jurnal Risa: Dark Destiny",2025-09-25,"2025-09",0,1,0,0,12.99,12.99,0,"USD",8,7,1,0.875,0,"8 user reviews",2026-09-12 15:09:20.835227,2026-09-13 19:14:45.026745,2026-09-13,2026-09-12,353,"Windows only","$10.00-$19.99",2.63834278867739,0,1,0,0,0,0,1,0,0,0,0,0,0,1,2.63834278867739,0.944544801928764,0.15089429037249
3418150,"LORED",2025-08-29,"2025-08",0,1,0,1,9.99,9.99,0,"USD",231,186,45,0.805194805194805,8,"Very Positive",2026-09-12 15:09:25.103365,2026-09-13 19:14:47.275193,2026-09-13,2026-09-12,380,"Windows + Linux","$5.00-$9.99",2.39698576841553,0,0,1,1,0,0,1,0,0,0,0,0,1,1,2.39698576841553,0.615309661548216,0.671020147650316
3419690,"Chicken Run: Eggstraction",2025-10-24,"2025-10",0,1,0,0,29.99,29.99,0,"USD",27,24,3,0.888888888888889,7,"Positive",2026-09-12 15:09:37.887216,2026-09-13 19:14:49.37012,2026-09-13,2026-09-12,324,"Windows only","$20.00-$29.99",3.43366457179966,1,1,1,0,0,0,0,0,0,0,1,0,0,1,3.43366457179966,2.02944334198315,-0.407759408185175
3420690,"BLOODKILL: Goreblast Overkill",2025-08-14,"2025-08",0,1,0,0,9.99,9.99,0,"USD",15,11,4,0.733333333333333,6,"Mostly Positive",2026-09-12 15:09:48.608984,2026-09-13 19:14:51.532909,2026-09-13,2026-09-12,395,"Windows only","$5.00-$9.99",2.39698576841553,1,0,0,0,0,0,1,0,0,0,0,0,0,1,2.39698576841553,0.615309661548216,0.959978957249108
3421330,"There's No Cake",2025-07-17,"2025-07",0,1,1,1,3.99,3.99,0,"USD",11,11,0,1,7,"Positive",2026-09-12 15:09:59.255063,2026-09-13 19:14:53.66234,2026-09-13,2026-09-12,423,"Windows + macOS + Linux","$0.01-$4.99",1.60743590976343,0,0,1,0,0,0,0,0,0,0,0,0,0,1,1.60743590976343,-0.461715395641907,1.49936873516685
3421560,"逃离感化院 The Reformatory",2025-11-09,"2025-11",0,1,0,0,9.99,9.99,0,"USD",0,0,0,,0,"No user reviews",2026-09-12 15:10:01.418322,2026-09-13 19:14:55.757111,2026-09-13,2026-09-12,308,"Windows only","$5.00-$9.99",2.39698576841553,1,0,0,0,0,0,1,0,0,0,0,0,0,0,2.39698576841553,0.615309661548216,-0.715982138423887
3422180,"Sokobos 2",2025-09-19,"2025-09",0,1,1,1,9.99,9.99,0,"USD",23,23,0,1,7,"Positive",2026-09-12 15:10:07.962141,2026-09-13 19:14:58.006878,2026-09-13,2026-09-12,359,"Windows + macOS + Linux","$5.00-$9.99",2.39698576841553,0,1,0,0,0,0,1,0,0,0,0,0,0,1,2.39698576841553,0.615309661548216,0.266477814212007
3424920,"DarkRanger",2025-07-17,"2025-07",0,1,1,0,6.99,6.99,0,"USD",51,34,17,0.666666666666667,5,"Mixed",2026-09-12 15:10:29.128709,2026-09-13 19:15:00.246981,2026-09-13,2026-09-12,423,"Windows + macOS","$5.00-$9.99",2.07819075977818,0,1,1,0,0,0,1,0,1,0,0,0,1,1,2.07819075977818,0.18044135190692,1.49936873516685
3424980,"Alice in the Manor",2025-11-20,"2025-11",0,1,0,0,11.99,11.99,0,"USD",5,5,0,1,0,"5 user reviews",2026-09-12 15:10:31.185254,2026-09-13 19:15:02.370269,2026-09-13,2026-09-12,297,"Windows only","$10.00-$19.99",2.56417983068251,0,1,0,0,0,0,1,0,0,0,0,0,0,1,2.56417983068251,0.843379102004269,-0.927885265463002
3425460,"Console Shop Simulator",2025-07-20,"2025-07",0,1,0,0,15.99,15.99,0,"USD",513,474,39,0.923976608187134,8,"Very Positive",2026-09-12 15:10:33.393448,2026-09-13 19:15:04.450664,2026-09-13,2026-09-12,420,"Windows only","$10.00-$19.99",2.83262493568384,0,0,1,1,0,0,1,0,0,0,1,0,0,1,2.83262493568384,1.20956510203731,1.4415769732471
3427500,"Bat-Rush",2025-10-08,"2025-10",0,1,0,0,0.99,0.99,0,"USD",1,1,0,1,0,"1 user reviews",2026-09-12 15:10:46.174605,2026-09-13 19:15:06.674444,2026-09-13,2026-09-12,340,"Windows only","$0.01-$4.99",0.688134638736401,0,0,1,0,0,0,0,0,0,0,0,0,0,1,0.688134638736401,-1.71573437006504,-0.0995366779464635
3427550,"Dating App Simulator",2025-09-01,"2025-09",0,1,0,0,5.99,5.99,0,"USD",14,12,2,0.857142857142857,7,"Positive",2026-09-12 15:10:48.209254,2026-09-13 19:15:08.848714,2026-09-13,2026-09-12,377,"Windows only","$5.00-$9.99",1.94448055624572,0,0,1,0,0,0,1,0,0,0,1,0,0,1,1.94448055624572,-0.00195275282042951,0.613228385730558
3427870,"I Will Never Fall For My Tsundere Classmate, So I Will Just Date A Background Character Instead!",2025-11-27,"2025-11",1,1,1,1,,,,,0,0,0,,0,"No user reviews",2026-09-12 15:10:52.46104,2026-09-13 19:15:10.941909,2026-09-13,2026-09-12,290,"Windows + macOS + Linux","Free",,0,0,1,0,1,0,0,0,0,0,0,0,0,0,,0,-1.06273270994244
3428300,"フィアリウム",2025-07-17,"2025-07",0,1,0,0,2.99,2.99,0,"USD",0,0,0,,0,"No user reviews",2026-09-12 15:10:54.520632,2026-09-13 19:15:13.05401,2026-09-13,2026-09-12,423,"Windows only","$0.01-$4.99",1.38379123090177,0,1,0,0,0,0,0,0,0,0,0,0,0,0,1.38379123090177,-0.766789128987195,1.49936873516685
3428430,"Deep Sea Heroes",2025-11-30,"2025-11",0,1,0,0,5.99,5.99,0,"USD",2,2,0,1,0,"2 user reviews",2026-09-12 15:10:58.763238,2026-09-13 19:15:15.255838,2026-09-13,2026-09-12,287,"Windows only","$5.00-$9.99",1.94448055624572,1,0,0,0,0,0,1,0,0,0,0,0,0,1,1.94448055624572,-0.00195275282042951,-1.1205244718622
3428520,"Escape If You Can",2025-11-25,"2025-11",0,1,0,0,4.99,4.99,0,"USD",0,0,0,,0,"No user reviews",2026-09-12 15:11:02.964643,2026-09-13 19:15:17.435656,2026-09-13,2026-09-12,292,"Windows only","$0.01-$4.99",1.79009141212736,0,1,1,0,0,0,1,0,0,0,1,0,1,0,1.79009141212736,-0.212555002889199,-1.0242048686626
3428730,"Firefighter Frankie <U+0001F692>",2025-09-19,"2025-09",0,1,0,0,1.99,1.99,0,"USD",19,16,3,0.842105263157895,7,"Positive",2026-09-12 15:11:05.175802,2026-09-13 19:15:19.61248,2026-09-13,2026-09-12,359,"Windows only","$0.01-$4.99",1.0952733874026,0,0,1,0,0,0,1,0,0,0,1,0,0,1,1.0952733874026,-1.16035635402041,0.266477814212007
3431340,"Call of Ponchy : Mahjong Warfare",2025-11-23,"2025-11",0,1,0,0,0.99,0.99,0,"USD",34,34,0,1,7,"Positive",2026-09-12 15:11:26.879204,2026-09-13 19:15:21.769234,2026-09-13,2026-09-12,294,"Windows only","$0.01-$4.99",0.688134638736401,1,0,1,0,0,0,1,0,0,0,0,0,0,1,0.688134638736401,-1.71573437006504,-0.98567702738276
3431720,"Bookey Manor",2025-10-04,"2025-10",0,1,0,0,15.99,15.99,0,"USD",0,0,0,,0,"No user reviews",2026-09-12 15:11:33.340484,2026-09-13 19:15:23.965272,2026-09-13,2026-09-12,344,"Windows only","$10.00-$19.99",2.83262493568384,0,0,1,0,0,0,1,0,0,0,0,0,0,0,2.83262493568384,1.20956510203731,-0.0224809953867855
3431770,"Lords of the Void",2025-12-11,"2025-12",0,1,0,1,11.99,11.99,0,"USD",3,3,0,1,0,"3 user reviews",2026-09-12 15:11:35.412396,2026-09-13 19:15:26.112454,2026-09-13,2026-09-12,276,"Windows + Linux","$10.00-$19.99",2.56417983068251,0,0,0,1,0,0,0,0,0,0,0,0,1,1,2.56417983068251,0.843379102004269,-1.33242759890131
3432750,"Laundering Simulator - Clean Cash and Laundry",2025-11-04,"2025-11",0,1,0,0,12.99,12.99,0,"USD",396,321,75,0.810606060606061,8,"Very Positive",2026-09-12 15:11:51.045372,2026-09-13 19:15:28.253388,2026-09-13,2026-09-12,313,"Windows only","$10.00-$19.99",2.63834278867739,0,0,1,0,0,0,1,0,0,0,1,0,0,1,2.63834278867739,0.944544801928764,-0.61966253522429
3432800,"Slingbot Survivors",2025-10-20,"2025-10",0,1,0,0,5.99,5.99,0,"USD",28,27,1,0.964285714285714,7,"Positive",2026-09-12 15:11:53.209757,2026-09-13 19:15:30.353081,2026-09-13,2026-09-12,328,"Windows only","$5.00-$9.99",1.94448055624572,1,0,0,0,0,0,1,0,0,0,0,0,0,1,1.94448055624572,-0.00195275282042951,-0.330703725625497
3433230,"The Gretlow Tapes",2025-10-07,"2025-10",0,1,0,0,9.99,9.99,0,"USD",120,110,10,0.916666666666667,8,"Very Positive",2026-09-12 15:11:57.469865,2026-09-13 19:15:32.471665,2026-09-13,2026-09-12,341,"Windows only","$5.00-$9.99",2.39698576841553,0,1,0,0,0,0,1,0,0,0,0,0,0,1,2.39698576841553,0.615309661548216,-0.080272757306544
3433600,"Space Sim Tycoon",2025-11-19,"2025-11",0,1,0,0,15.99,15.99,0,"USD",5,3,2,0.6,0,"5 user reviews",2026-09-12 15:11:59.529958,2026-09-13 19:15:34.6288,2026-09-13,2026-09-12,298,"Windows only","$10.00-$19.99",2.83262493568384,0,0,0,0,0,0,0,0,0,0,1,0,0,1,2.83262493568384,1.20956510203731,-0.908621344823082
3433920,"创造世界",2025-07-08,"2025-07",1,1,0,0,,,,,0,0,0,,0,"No user reviews",2026-09-12 15:12:05.923905,2026-09-13 19:15:36.789461,2026-09-13,2026-09-12,432,"Windows only","Free",,0,1,1,0,1,0,0,1,1,0,1,0,0,0,,0,1.67274402092613
3434460,"Asteroidia",2025-09-19,"2025-09",1,1,0,0,,,,,0,0,0,,0,"No user reviews",2026-09-12 15:12:21.175098,2026-09-13 19:15:38.976933,2026-09-13,2026-09-12,359,"Windows only","Free",,1,0,1,0,1,0,0,0,0,0,0,0,0,0,,0,0.266477814212007
3435810,"GoodMan",2025-07-06,"2025-07",0,1,0,0,1.99,1.99,0,"USD",6,6,0,1,0,"6 user reviews",2026-09-12 15:12:29.679943,2026-09-13 19:15:40.997835,2026-09-13,2026-09-12,434,"Windows only","$0.01-$4.99",1.0952733874026,1,0,1,0,0,0,1,0,0,0,0,0,0,1,1.0952733874026,-1.16035635402041,1.71127186220597
3435920,"Echoes of Forgotten Dreams",2025-08-08,"2025-08",0,1,0,0,4.99,4.99,0,"USD",25,25,0,1,7,"Positive",2026-09-12 15:12:31.795524,2026-09-13 19:15:43.172798,2026-09-13,2026-09-12,401,"Windows only","$0.01-$4.99",1.79009141212736,1,1,0,0,0,0,1,0,1,0,0,0,0,1,1.79009141212736,-0.212555002889199,1.07556248108863
3435950,"Dead Cat Bounce",2025-08-01,"2025-08",0,1,0,0,0.99,0.99,0,"USD",15,13,2,0.866666666666667,7,"Positive",2026-09-12 15:12:35.439181,2026-09-13 19:15:45.377164,2026-09-13,2026-09-12,408,"Windows only","$0.01-$4.99",0.688134638736401,0,1,1,0,0,0,1,0,0,0,0,0,0,1,0.688134638736401,-1.71573437006504,1.21040992556806
3436650,"No Other Alchemists Here",2025-12-31,"2025-12",0,1,1,0,5.99,5.99,0,"USD",4,2,2,0.5,0,"4 user reviews",2026-09-12 15:12:41.755776,2026-09-13 19:15:47.629334,2026-09-13,2026-09-12,256,"Windows + macOS","$5.00-$9.99",1.94448055624572,0,0,0,0,0,0,0,0,0,0,1,0,1,1,1.94448055624572,-0.00195275282042951,-1.7177060116997
3436870,"Broken Pact",2025-07-24,"2025-07",0,1,0,0,3.99,3.99,0,"USD",0,0,0,,0,"No user reviews",2026-09-12 15:12:45.908826,2026-09-13 19:15:49.752525,2026-09-13,2026-09-12,416,"Windows only","$0.01-$4.99",1.60743590976343,1,1,0,1,0,0,0,0,0,0,0,0,1,0,1.60743590976343,-0.461715395641907,1.36452129068742
3436960,"Erika America",2025-07-04,"2025-07",0,1,1,0,4.99,4.99,0,"USD",0,0,0,,0,"No user reviews",2026-09-12 15:12:47.91456,2026-09-13 19:15:51.845662,2026-09-13,2026-09-12,436,"Windows + macOS","$0.01-$4.99",1.79009141212736,1,0,0,0,0,0,1,0,0,0,0,0,0,0,1.79009141212736,-0.212555002889199,1.74979970348581
3437170,"壶中日月 Timeless Teapot",2025-07-23,"2025-07",0,1,0,0,4.99,3.74,25,"USD",388,301,87,0.775773195876289,6,"Mostly Positive",2026-09-12 15:12:52.112884,2026-09-13 19:15:53.927229,2026-09-13,2026-09-12,417,"Windows only","$0.01-$4.99",1.55603713570699,0,1,1,0,0,0,1,0,0,0,1,0,1,1,1.55603713570699,-0.531828469516871,1.38378521132734
3437610,"Dragon Fall",2025-10-20,"2025-10",0,1,0,0,6.99,6.99,0,"USD",1,1,0,1,0,"1 user reviews",2026-09-12 15:12:58.513112,2026-09-13 19:15:55.995161,2026-09-13,2026-09-12,328,"Windows only","$5.00-$9.99",2.07819075977818,1,1,1,0,0,0,1,0,1,0,0,0,1,1,2.07819075977818,0.18044135190692,-0.330703725625497
3440430,"ZeroFactory",2025-12-05,"2025-12",0,1,0,0,14.99,14.99,0,"USD",7,6,1,0.857142857142857,0,"7 user reviews",2026-09-12 15:13:20.19653,2026-09-13 19:15:58.015331,2026-09-13,2026-09-12,282,"Windows only","$10.00-$19.99",2.77196352684586,1,1,0,1,0,0,1,0,1,0,1,0,0,1,2.77196352684586,1.12681686694233,-1.21684407506179
3441000,"Ardena",2025-10-24,"2025-10",0,1,0,0,6.99,6.99,0,"USD",8,8,0,1,0,"8 user reviews",2026-09-12 15:13:24.447533,2026-09-13 19:16:00.192168,2026-09-13,2026-09-12,324,"Windows only","$5.00-$9.99",2.07819075977818,1,1,0,1,0,0,1,0,0,0,0,0,0,1,2.07819075977818,0.18044135190692,-0.407759408185175
3441200,"Ruby Journey",2025-10-29,"2025-10",0,1,0,0,4.99,4.99,0,"USD",1,1,0,1,0,"1 user reviews",2026-09-12 15:13:26.563796,2026-09-13 19:16:02.27785,2026-09-13,2026-09-12,319,"Windows only","$0.01-$4.99",1.79009141212736,0,0,1,0,0,0,1,0,1,0,1,0,0,1,1.79009141212736,-0.212555002889199,-0.504079011384773
3442720,"Tilebound",2025-07-30,"2025-07",0,1,0,0,2.99,2.99,0,"USD",0,0,0,,0,"No user reviews",2026-09-12 15:13:35.180803,2026-09-13 19:16:04.447876,2026-09-13,2026-09-12,410,"Windows only","$0.01-$4.99",1.38379123090177,0,0,0,0,0,0,1,0,0,0,0,0,1,0,1.38379123090177,-0.766789128987195,1.2489377668479
3442880,"Touhou Farming ~ Minoriko's Homestead Harvest",2025-09-05,"2025-09",0,1,0,0,11.99,11.99,0,"USD",66,63,3,0.954545454545455,8,"Very Positive",2026-09-12 15:13:37.388118,2026-09-13 19:16:06.691361,2026-09-13,2026-09-12,373,"Windows only","$10.00-$19.99",2.56417983068251,0,0,1,1,0,0,0,0,0,0,0,0,0,1,2.56417983068251,0.843379102004269,0.53617270317088
3443080,"Auridia",2025-09-22,"2025-09",0,1,1,0,9.99,9.99,0,"USD",170,166,4,0.976470588235294,8,"Very Positive",2026-09-12 15:13:42.147326,2026-09-13 19:16:08.706236,2026-09-13,2026-09-12,356,"Windows + macOS","$5.00-$9.99",2.39698576841553,1,1,0,0,0,0,0,0,0,0,0,0,0,1,2.39698576841553,0.615309661548216,0.208686052292248
3444080,"Bakery Cafe Simulator",2025-07-08,"2025-07",0,1,0,0,11.99,11.99,0,"USD",379,266,113,0.701846965699208,6,"Mostly Positive",2026-09-12 15:13:54.803674,2026-09-13 19:16:10.786447,2026-09-13,2026-09-12,432,"Windows only","$10.00-$19.99",2.56417983068251,0,0,1,1,0,0,0,0,0,0,1,0,0,1,2.56417983068251,0.843379102004269,1.67274402092613
3444220,"NiuMa",2025-08-13,"2025-08",0,1,0,0,5.99,5.99,0,"USD",263,241,22,0.916349809885932,8,"Very Positive",2026-09-12 15:13:56.842951,2026-09-13 19:16:12.947867,2026-09-13,2026-09-12,396,"Windows only","$5.00-$9.99",1.94448055624572,1,0,1,0,0,0,1,0,0,0,0,0,0,1,1.94448055624572,-0.00195275282042951,0.979242877889028
3445800,"FISHTOPIA",2025-08-07,"2025-08",0,1,0,0,8.99,8.99,0,"USD",69,60,9,0.869565217391304,8,"Very Positive",2026-09-12 15:14:21.519808,2026-09-13 19:16:15.075861,2026-09-13,2026-09-12,402,"Windows only","$5.00-$9.99",2.30158459266046,0,0,1,0,0,0,1,0,0,0,1,0,0,1,2.30158459266046,0.485172906221557,1.09482640172854
3445830,"Return to Ash",2025-07-10,"2025-07",0,1,1,1,5.99,5.99,0,"USD",132,130,2,0.984848484848485,8,"Very Positive",2026-09-12 15:14:23.655113,2026-09-13 19:16:17.175896,2026-09-13,2026-09-12,430,"Windows + macOS + Linux","$5.00-$9.99",1.94448055624572,0,1,0,0,0,0,0,0,0,0,0,0,0,1,1.94448055624572,-0.00195275282042951,1.63421617964629
3445890,"Light 'Em",2025-09-29,"2025-09",0,1,1,1,2.99,2.99,0,"USD",16,13,3,0.8125,7,"Positive",2026-09-12 15:14:27.792449,2026-09-13 19:16:19.181867,2026-09-13,2026-09-12,349,"Windows + macOS + Linux","$0.01-$4.99",1.38379123090177,0,0,1,0,0,0,0,0,0,0,0,0,0,1,1.38379123090177,-0.766789128987195,0.0738386078128119
3446230,"Battery Farm",2025-08-26,"2025-08",0,1,0,0,4.99,4.99,0,"USD",9,8,1,0.888888888888889,0,"9 user reviews",2026-09-12 15:14:36.212973,2026-09-13 19:16:21.335514,2026-09-13,2026-09-12,383,"Windows only","$0.01-$4.99",1.79009141212736,0,1,1,0,0,0,1,0,0,0,0,0,0,1,1.79009141212736,-0.212555002889199,0.728811909570075
3446250,"Aslimelate",2025-08-02,"2025-08",0,1,0,0,7.99,7.99,0,"USD",1,1,0,1,0,"1 user reviews",2026-09-12 15:14:38.379978,2026-09-13 19:16:23.496096,2026-09-13,2026-09-12,407,"Windows only","$5.00-$9.99",2.19611284848353,0,0,1,0,0,0,1,0,0,0,0,0,1,1,2.19611284848353,0.341298887298887,1.19114600492814
3446680,"Heartbeat in Thailand",2025-09-18,"2025-09",0,1,1,0,9.99,7.99,20,"USD",1767,1722,45,0.974533106960951,9,"Overwhelmingly Positive",2026-09-12 15:14:44.861102,2026-09-13 19:16:25.57027,2026-09-13,2026-09-12,360,"Windows + macOS","$5.00-$9.99",2.19611284848353,0,1,1,0,0,0,0,0,1,0,1,0,0,1,2.19611284848353,0.341298887298887,0.285741734851926
3446920,"Mecharashi",2025-07-30,"2025-07",1,1,0,0,,,,,0,0,0,,0,"No user reviews",2026-09-12 15:14:46.896753,2026-09-13 19:16:27.591838,2026-09-13,2026-09-12,410,"Windows only","Free",,0,0,0,0,1,0,0,0,1,0,0,0,1,0,,0,1.2489377668479
3447040,"Sora no Kiseki the 1st",2025-09-19,"2025-09",0,1,0,0,59.99,59.99,0,"USD",5170,5030,140,0.972920696324952,9,"Overwhelmingly Positive",2026-09-12 15:14:51.53577,2026-09-13 19:16:29.67271,2026-09-13,2026-09-12,359,"Windows only","$30.00+",4.11070991630837,0,0,0,0,0,0,0,0,1,0,0,0,0,1,4.11070991630837,2.95300097789313,0.266477814212007
3447300,"Cardrunners",2025-07-21,"2025-07",0,1,0,0,2.99,2.99,0,"USD",1,1,0,1,0,"1 user reviews",2026-09-12 15:14:55.966143,2026-09-13 19:16:31.799308,2026-09-13,2026-09-12,419,"Windows only","$0.01-$4.99",1.38379123090177,0,0,0,0,0,0,1,0,0,0,0,0,1,1,1.38379123090177,-0.766789128987195,1.42231305260718
3447510,"Village Tale",2025-07-27,"2025-07",0,1,0,0,5.99,5.99,0,"USD",267,218,49,0.816479400749064,8,"Very Positive",2026-09-12 15:14:57.972059,2026-09-13 19:16:33.988132,2026-09-13,2026-09-12,413,"Windows only","$5.00-$9.99",1.94448055624572,0,0,1,0,0,0,1,0,0,0,1,0,1,1,1.94448055624572,-0.00195275282042951,1.30672952876766
3447910,"Forged Into History: Speedway Odyssey",2025-07-20,"2025-07",0,1,0,0,5.99,5.99,0,"USD",1,1,0,1,0,"1 user reviews",2026-09-12 15:15:02.558253,2026-09-13 19:16:36.193857,2026-09-13,2026-09-12,420,"Windows only","$5.00-$9.99",1.94448055624572,1,0,0,0,0,0,1,0,0,1,0,1,0,1,1.94448055624572,-0.00195275282042951,1.4415769732471
3448870,"Necrologium",2025-09-30,"2025-09",0,1,1,1,9.99,9.99,0,"USD",29,26,3,0.896551724137931,7,"Positive",2026-09-12 15:15:11.369411,2026-09-13 19:16:38.418138,2026-09-13,2026-09-12,348,"Windows + macOS + Linux","$5.00-$9.99",2.39698576841553,0,1,0,0,0,0,1,0,0,0,0,0,0,1,2.39698576841553,0.615309661548216,0.0545746871728924
3449030,"Upwards, Rain! The Post Office of Farewells",2025-07-01,"2025-07",0,1,1,1,7.99,7.99,0,"USD",131,128,3,0.977099236641221,8,"Very Positive",2026-09-12 15:15:13.480318,2026-09-13 19:16:40.626047,2026-09-13,2026-09-12,439,"Windows + macOS + Linux","$5.00-$9.99",2.19611284848353,0,1,1,0,0,0,1,0,0,0,0,0,0,1,2.19611284848353,0.341298887298887,1.80759146540557
3449040,"Machick 2",2025-09-10,"2025-09",0,1,0,0,6.99,4.89,30,"USD",604,535,69,0.885761589403974,8,"Very Positive",2026-09-12 15:15:15.516309,2026-09-13 19:16:42.64802,2026-09-13,2026-09-12,368,"Windows only","$0.01-$4.99",1.7732559976635,1,0,0,0,0,0,1,0,1,0,0,0,0,1,1.7732559976635,-0.23552019378508,0.439853099971282
3449610,"GCS: Salvage Rat",2025-08-29,"2025-08",0,1,0,0,9.99,9.99,0,"USD",9,2,7,0.222222222222222,0,"9 user reviews",2026-09-12 15:15:21.902012,2026-09-13 19:16:44.815747,2026-09-13,2026-09-12,380,"Windows only","$5.00-$9.99",2.39698576841553,1,1,0,0,0,0,1,0,0,0,0,0,0,1,2.39698576841553,0.615309661548216,0.671020147650316
3451200,"Spider Canyon",2025-09-06,"2025-09",0,1,0,1,2.99,2.99,0,"USD",2,2,0,1,0,"2 user reviews",2026-09-12 15:15:28.476828,2026-09-13 19:16:46.957366,2026-09-13,2026-09-12,372,"Windows + Linux","$0.01-$4.99",1.38379123090177,1,1,1,0,0,0,1,0,0,0,0,0,0,1,1.38379123090177,-0.766789128987195,0.51690878253096
3451500,"Car Guys",2025-10-09,"2025-10",0,1,1,0,5.99,5.99,0,"USD",9,3,6,0.333333333333333,0,"9 user reviews",2026-09-12 15:15:32.689324,2026-09-13 19:16:49.199428,2026-09-13,2026-09-12,339,"Windows + macOS","$5.00-$9.99",1.94448055624572,1,0,0,0,0,0,1,1,0,1,0,0,0,1,1.94448055624572,-0.00195275282042951,-0.118800598586383
3453330,"Cult Leader Simulator",2025-08-01,"2025-08",0,1,0,0,17.99,17.99,0,"USD",16,8,8,0.5,5,"Mixed",2026-09-12 15:15:43.407678,2026-09-13 19:16:51.308119,2026-09-13,2026-09-12,408,"Windows only","$10.00-$19.99",2.94391252482419,0,0,1,0,0,0,1,0,0,0,0,0,1,1,2.94391252482419,1.36137251577438,1.21040992556806
3453680,"Where is my hat?",2025-10-30,"2025-10",0,1,0,0,1,1,0,"USD",3,3,0,1,0,"3 user reviews",2026-09-12 15:15:49.722429,2026-09-13 19:16:53.42266,2026-09-13,2026-09-12,318,"Windows only","$0.01-$4.99",0.693147180559945,0,0,1,0,0,0,1,0,0,0,0,0,0,1,0.693147180559945,-1.7088967611604,-0.523342932024692
3454570,"Schoolboy Escape 2: Village",2025-09-16,"2025-09",0,1,0,0,2.99,2.99,0,"USD",67,55,12,0.82089552238806,8,"Very Positive",2026-09-12 15:15:58.380771,2026-09-13 19:16:55.472588,2026-09-13,2026-09-12,362,"Windows only","$0.01-$4.99",1.38379123090177,1,1,0,0,0,0,1,0,0,0,1,0,0,1,1.38379123090177,-0.766789128987195,0.324269576131765
3454830,"SurfsUp",2025-07-06,"2025-07",1,1,1,1,,,,,13,12,1,0.923076923076923,7,"Positive",2026-09-12 15:16:02.623354,2026-09-13 19:16:57.682252,2026-09-13,2026-09-12,434,"Windows + macOS + Linux","Free",,1,0,1,0,1,0,1,0,0,1,0,1,0,1,,0,1.71127186220597
3454980,"Mortal Kombat: Legacy Kollection",2025-10-29,"2025-10",0,1,0,0,49.99,49.99,0,"USD",1207,767,440,0.635459817729909,5,"Mixed",2026-09-12 15:16:06.918273,2026-09-13 19:16:59.891434,2026-09-13,2026-09-12,319,"Windows only","$30.00+",3.93162953506706,1,0,0,0,0,0,0,0,0,0,0,0,0,1,3.93162953506706,2.70871740829398,-0.504079011384773
3456230,"Dotu",2025-11-27,"2025-11",0,1,0,0,5.99,5.99,0,"USD",5,4,1,0.8,0,"5 user reviews",2026-09-12 15:16:13.376374,2026-09-13 19:17:02.086695,2026-09-13,2026-09-12,290,"Windows only","$5.00-$9.99",1.94448055624572,0,0,1,0,0,0,1,0,0,0,0,0,1,1,1.94448055624572,-0.00195275282042951,-1.06273270994244
3456810,"Frame Machina - OcularZero",2025-08-08,"2025-08",0,1,0,0,3.99,3.99,0,"USD",5,5,0,1,0,"5 user reviews",2026-09-12 15:16:17.739417,2026-09-13 19:17:04.334387,2026-09-13,2026-09-12,401,"Windows only","$0.01-$4.99",1.60743590976343,1,0,0,0,0,0,0,0,0,0,0,0,0,1,1.60743590976343,-0.461715395641907,1.07556248108863
3456830,"超探偵シャーロックちゃん　～掟破りのミスディレクション～",2025-07-10,"2025-07",0,1,0,0,9.99,9.99,0,"USD",38,28,10,0.736842105263158,6,"Mostly Positive",2026-09-12 15:16:19.90209,2026-09-13 19:17:06.512109,2026-09-13,2026-09-12,430,"Windows only","$5.00-$9.99",2.39698576841553,0,1,0,0,0,0,1,0,0,0,0,0,0,1,2.39698576841553,0.615309661548216,1.63421617964629
3458220,"Station Master RPG",2025-08-14,"2025-08",0,1,0,0,11.99,11.99,0,"USD",19,15,4,0.789473684210526,6,"Mostly Positive",2026-09-12 15:16:32.797219,2026-09-13 19:17:08.706596,2026-09-13,2026-09-12,395,"Windows only","$10.00-$19.99",2.56417983068251,0,0,0,1,0,0,1,0,1,0,1,0,0,1,2.56417983068251,0.843379102004269,0.959978957249108
3458490,"The Fable of Fairy Glen",2025-07-28,"2025-07",1,1,0,0,,,,,0,0,0,,0,"No user reviews",2026-09-12 15:16:37.158053,2026-09-13 19:17:10.741112,2026-09-13,2026-09-12,412,"Windows only","Free",,0,0,0,0,1,0,0,0,0,0,0,0,0,0,,0,1.28746560812774
3458600,"NINDO Guardian of the Starlit Shadow",2025-10-20,"2025-10",0,1,0,0,9.99,9.99,0,"USD",11,11,0,1,7,"Positive",2026-09-12 15:16:39.229645,2026-09-13 19:17:12.981708,2026-09-13,2026-09-12,328,"Windows only","$5.00-$9.99",2.39698576841553,0,0,0,1,0,0,1,0,1,0,0,0,1,1,2.39698576841553,0.615309661548216,-0.330703725625497
3458720,"Cannoneer",2025-12-24,"2025-12",0,1,0,0,11.99,11.99,0,"USD",0,0,0,,0,"No user reviews",2026-09-12 15:16:43.606297,2026-09-13 19:17:15.067028,2026-09-13,2026-09-12,263,"Windows only","$10.00-$19.99",2.56417983068251,1,0,1,0,0,0,1,0,0,0,0,0,0,0,2.56417983068251,0.843379102004269,-1.58285856722026
3461090,"Run, Veggies!",2025-07-23,"2025-07",1,1,0,0,,,,,0,0,0,,0,"No user reviews",2026-09-12 15:16:58.406356,2026-09-13 19:17:17.104103,2026-09-13,2026-09-12,417,"Windows only","Free",,0,1,0,0,1,0,0,0,0,0,0,0,0,0,,0,1.38378521132734
3461520,"Egg Chicken Farm",2025-08-11,"2025-08",0,1,0,0,2.99,2.99,0,"USD",34,34,0,1,7,"Positive",2026-09-12 15:17:04.743692,2026-09-13 19:17:19.141562,2026-09-13,2026-09-12,398,"Windows only","$0.01-$4.99",1.38379123090177,0,0,1,0,0,0,1,0,0,0,0,0,0,1,1.38379123090177,-0.766789128987195,1.01777071916887
3461560,"Heist Royale",2025-12-22,"2025-12",1,1,0,0,,,,,0,0,0,,0,"No user reviews",2026-09-12 15:17:06.937686,2026-09-13 19:17:21.209556,2026-09-13,2026-09-12,265,"Windows only","Free",,0,0,0,1,1,0,1,0,0,0,0,0,0,0,,0,-1.54433072594043
3462600,"Differences Online",2025-12-12,"2025-12",1,1,0,0,,,,,0,0,0,,0,"No user reviews",2026-09-12 15:17:16.921708,2026-09-13 19:17:23.454621,2026-09-13,2026-09-12,275,"Windows only","Free",,0,0,1,0,1,0,1,0,0,0,1,0,0,0,,0,-1.35169151954123
3463700,"GameOn!",2025-12-02,"2025-12",0,1,0,0,12.99,12.99,0,"USD",1,0,1,0,0,"1 user reviews",2026-09-12 15:17:29.822222,2026-09-13 19:17:25.565917,2026-09-13,2026-09-12,285,"Windows only","$10.00-$19.99",2.63834278867739,0,0,0,0,0,0,1,0,0,0,1,0,0,1,2.63834278867739,0.944544801928764,-1.15905231314204
3463910,"Snow <U+2022> Fall",2025-08-21,"2025-08",0,1,0,0,4.99,4.99,0,"USD",44,43,1,0.977272727272727,7,"Positive",2026-09-12 15:17:35.398627,2026-09-13 19:17:27.682674,2026-09-13,2026-09-12,388,"Windows only","$0.01-$4.99",1.79009141212736,1,0,0,1,0,0,1,0,0,0,0,0,0,1,1.79009141212736,-0.212555002889199,0.825131512769672
3465310,"Retronika",2025-11-11,"2025-11",0,1,0,0,14.99,14.99,0,"USD",13,11,2,0.846153846153846,7,"Positive",2026-09-12 15:17:43.975542,2026-09-13 19:17:29.919814,2026-09-13,2026-09-12,306,"Windows only","$10.00-$19.99",2.77196352684586,1,1,1,0,0,0,1,0,0,1,0,0,0,1,2.77196352684586,1.12681686694233,-0.754509979703726
3465850,"ManHunter",2025-07-19,"2025-07",0,1,0,0,199.99,199.99,0,"USD",0,0,0,,0,"No user reviews",2026-09-12 15:17:48.212393,2026-09-13 19:17:32.066339,2026-09-13,2026-09-12,421,"Windows only","$30.00+",5.30325515557766,1,1,0,0,0,0,1,0,1,0,0,0,1,0,5.30325515557766,4.57975208227369,1.46084089388702
3466320,"Vinyls",2025-11-17,"2025-11",1,1,0,0,,,,,0,0,0,,0,"No user reviews",2026-09-12 15:17:50.277788,2026-09-13 19:17:34.12703,2026-09-13,2026-09-12,300,"Windows only","Free",,0,0,1,0,1,0,1,0,0,0,0,0,0,0,,0,-0.870093503543243
3466450,"100 India Cats",2025-08-24,"2025-08",0,1,0,0,1.99,1.99,0,"USD",28,27,1,0.964285714285714,7,"Positive",2026-09-12 15:18:01.281261,2026-09-13 19:17:36.309127,2026-09-13,2026-09-12,385,"Windows only","$0.01-$4.99",1.0952733874026,0,0,1,0,0,0,1,0,0,0,0,0,0,1,1.0952733874026,-1.16035635402041,0.767339750849914
3467310,"BBQ Master",2025-08-09,"2025-08",0,1,0,0,4.99,4.99,0,"USD",3,3,0,1,0,"3 user reviews",2026-09-12 15:18:16.288513,2026-09-13 19:17:38.378032,2026-09-13,2026-09-12,400,"Windows only","$0.01-$4.99",1.79009141212736,0,0,1,0,0,0,1,0,0,0,1,0,0,1,1.79009141212736,-0.212555002889199,1.05629856044871
3467710,"Wall World 2",2025-11-11,"2025-11",0,1,1,0,11.99,11.99,0,"USD",1738,1275,463,0.733601841196778,6,"Mostly Positive",2026-09-12 15:18:20.506854,2026-09-13 19:17:40.540833,2026-09-13,2026-09-12,306,"Windows + macOS","$10.00-$19.99",2.56417983068251,1,1,0,0,0,0,1,0,0,0,0,0,1,1,2.56417983068251,0.843379102004269,-0.754509979703726
3468180,"App Empire Tycoon",2025-07-11,"2025-07",0,1,0,0,9.99,9.99,0,"USD",2,2,0,1,0,"2 user reviews",2026-09-12 15:18:22.66829,2026-09-13 19:17:42.669165,2026-09-13,2026-09-12,429,"Windows only","$5.00-$9.99",2.39698576841553,0,0,1,0,0,0,1,0,0,0,1,0,0,1,2.39698576841553,0.615309661548216,1.61495225900637
3468400,"Log Away",2025-12-04,"2025-12",0,1,0,0,9.99,9.99,0,"USD",93,72,21,0.774193548387097,6,"Mostly Positive",2026-09-12 15:18:27.130133,2026-09-13 19:17:44.8426,2026-09-13,2026-09-12,283,"Windows only","$5.00-$9.99",2.39698576841553,0,0,1,0,0,0,1,0,0,0,1,0,0,1,2.39698576841553,0.615309661548216,-1.19758015442187
3468660,"Rugby League 26",2025-07-16,"2025-07",0,1,0,0,59.99,59.99,0,"USD",501,179,322,0.357285429141717,4,"Mostly Negative",2026-09-12 15:18:33.479305,2026-09-13 19:17:47.090964,2026-09-13,2026-09-12,424,"Windows only","$30.00+",4.11070991630837,0,0,0,0,0,0,0,0,0,0,1,1,0,1,4.11070991630837,2.95300097789313,1.51863265580677
3469230,"Baki Hanma: Blood Arena",2025-09-11,"2025-09",0,1,0,0,29.99,29.99,0,"USD",137,104,33,0.759124087591241,6,"Mostly Positive",2026-09-12 15:18:42.09702,2026-09-13 19:17:49.302241,2026-09-13,2026-09-12,367,"Windows only","$20.00-$29.99",3.43366457179966,1,0,0,0,0,0,0,0,0,0,0,1,0,1,3.43366457179966,2.02944334198315,0.420589179331363
3470170,"Queens Casino",2025-08-08,"2025-08",0,1,0,0,9.99,9.99,0,"USD",311,305,6,0.980707395498392,8,"Very Positive",2026-09-12 15:18:48.3342,2026-09-13 19:17:51.541913,2026-09-13,2026-09-12,401,"Windows only","$5.00-$9.99",2.39698576841553,0,1,1,0,0,0,1,0,1,0,0,0,1,1,2.39698576841553,0.615309661548216,1.07556248108863
3470940,"Little Betty: Gold Rush",2025-11-18,"2025-11",0,1,0,0,4.99,4.99,0,"USD",2,1,1,0.5,0,"2 user reviews",2026-09-12 15:18:54.6154,2026-09-13 19:17:53.760032,2026-09-13,2026-09-12,299,"Windows only","$0.01-$4.99",1.79009141212736,1,1,1,0,0,0,1,0,0,0,0,0,0,1,1.79009141212736,-0.212555002889199,-0.889357424183163
3472300,"Medievaly: Battle Simulator",2025-07-16,"2025-07",0,1,0,0,8.99,8.99,0,"USD",13,10,3,0.769230769230769,6,"Mostly Positive",2026-09-12 15:19:03.259836,2026-09-13 19:17:55.800186,2026-09-13,2026-09-12,424,"Windows only","$5.00-$9.99",2.30158459266046,1,1,1,0,0,0,1,0,0,0,1,0,0,1,2.30158459266046,0.485172906221557,1.51863265580677
3473580,"Super World War",2025-08-25,"2025-08",0,1,0,0,19.99,19.99,0,"USD",19,19,0,1,7,"Positive",2026-09-12 15:19:10.072442,2026-09-13 19:17:57.965327,2026-09-13,2026-09-12,384,"Windows only","$10.00-$19.99",3.04404613383254,0,0,0,0,0,0,0,0,0,0,0,0,1,1,3.04404613383254,1.49796478387127,0.748075830209994
3473610,"Bridge Constructor Studio",2025-07-17,"2025-07",0,1,1,1,11.99,11.99,0,"USD",30,27,3,0.9,7,"Positive",2026-09-12 15:19:12.230275,2026-09-13 19:18:00.142531,2026-09-13,2026-09-12,423,"Windows + macOS + Linux","$10.00-$19.99",2.56417983068251,0,0,1,0,0,0,1,0,0,0,1,0,1,1,2.56417983068251,0.843379102004269,1.49936873516685
3473840,"The Light and the Shadow",2025-08-11,"2025-08",0,1,0,0,5.99,5.99,0,"USD",0,0,0,,0,"No user reviews",2026-09-12 15:19:14.473749,2026-09-13 19:18:02.394853,2026-09-13,2026-09-12,398,"Windows only","$5.00-$9.99",1.94448055624572,1,1,1,0,0,0,1,0,1,0,0,0,1,0,1.94448055624572,-0.00195275282042951,1.01777071916887
3474140,"Azmar Quest - Text Based RPG",2025-09-12,"2025-09",0,1,0,1,9.99,7.99,20,"USD",15,15,0,1,7,"Positive",2026-09-12 15:19:18.898174,2026-09-13 19:18:04.525286,2026-09-13,2026-09-12,366,"Windows + Linux","$5.00-$9.99",2.19611284848353,0,1,0,0,0,0,1,0,1,0,0,0,1,1,2.19611284848353,0.341298887298887,0.401325258691443
3474400,"Shadows of the Past",2025-09-05,"2025-09",0,1,1,1,4.99,4.99,0,"USD",4,0,4,0,0,"4 user reviews",2026-09-12 15:19:23.266408,2026-09-13 19:18:06.588944,2026-09-13,2026-09-12,373,"Windows + macOS + Linux","$0.01-$4.99",1.79009141212736,0,0,0,0,0,0,1,0,0,0,0,0,0,1,1.79009141212736,-0.212555002889199,0.53617270317088
3474500,"Bubbles!",2025-11-21,"2025-11",0,1,0,0,1.99,1.99,0,"USD",0,0,0,,0,"No user reviews",2026-09-12 15:19:27.631269,2026-09-13 19:18:08.68411,2026-09-13,2026-09-12,296,"Windows only","$0.01-$4.99",1.0952733874026,0,0,1,0,0,0,1,0,0,0,0,0,0,0,1.0952733874026,-1.16035635402041,-0.947149186102921
3475490,"Sinoda",2025-08-11,"2025-08",0,1,1,0,11.99,11.99,0,"USD",4,3,1,0.75,0,"4 user reviews",2026-09-12 15:19:36.143557,2026-09-13 19:18:10.848742,2026-09-13,2026-09-12,398,"Windows + macOS","$10.00-$19.99",2.56417983068251,0,0,1,0,0,0,1,0,0,0,0,0,1,1,2.56417983068251,0.843379102004269,1.01777071916887
3475580,"Opollo",2025-07-15,"2025-07",0,1,0,1,0.99,0.99,0,"USD",14,12,2,0.857142857142857,7,"Positive",2026-09-12 15:19:38.271283,2026-09-13 19:18:12.989887,2026-09-13,2026-09-12,425,"Windows + Linux","$0.01-$4.99",0.688134638736401,1,0,1,0,0,0,1,0,0,0,1,0,0,1,0.688134638736401,-1.71573437006504,1.53789657644669
3476730,"Killer Chat! - Original Edition",2025-11-28,"2025-11",1,1,1,1,,,,,28,28,0,1,7,"Positive",2026-09-12 15:19:48.842182,2026-09-13 19:18:14.996688,2026-09-13,2026-09-12,289,"Windows + macOS + Linux","Free",,0,0,1,0,1,0,1,0,1,0,1,0,0,1,,0,-1.08199663058236
3477080,"Tree Kingdoms",2025-07-30,"2025-07",0,1,0,0,5.99,5.99,0,"USD",14,14,0,1,7,"Positive",2026-09-12 15:19:53.173193,2026-09-13 19:18:17.224101,2026-09-13,2026-09-12,410,"Windows only","$5.00-$9.99",1.94448055624572,0,0,0,0,0,0,0,0,0,0,0,0,1,1,1.94448055624572,-0.00195275282042951,1.2489377668479
3479160,"Holy Hoop",2025-09-15,"2025-09",1,1,0,1,,,,,0,0,0,,0,"No user reviews",2026-09-12 15:20:16.41983,2026-09-13 19:18:19.339308,2026-09-13,2026-09-12,363,"Windows + Linux","Free",,0,0,1,0,1,0,1,0,0,0,0,1,0,0,,0,0.343533496771685
3479790,"My Splitting Image",2025-07-13,"2025-07",0,1,0,0,4.99,4.99,0,"USD",16,15,1,0.9375,7,"Positive",2026-09-12 15:20:20.67759,2026-09-13 19:18:21.451915,2026-09-13,2026-09-12,427,"Windows only","$0.01-$4.99",1.79009141212736,0,1,0,0,0,0,1,0,0,0,0,0,0,1,1.79009141212736,-0.212555002889199,1.57642441772653
3480790,"Reverie in the Moonlight",2025-11-09,"2025-11",0,1,0,0,9.99,9.99,0,"USD",48,46,2,0.958333333333333,7,"Positive",2026-09-12 15:20:31.429972,2026-09-13 19:18:23.598283,2026-09-13,2026-09-12,308,"Windows only","$5.00-$9.99",2.39698576841553,1,0,0,0,0,0,1,0,0,0,0,0,0,1,2.39698576841553,0.615309661548216,-0.715982138423887
3481710,"My Sleeping Girlfriend",2025-10-17,"2025-10",0,1,0,0,3.99,3.99,0,"USD",105,99,6,0.942857142857143,8,"Very Positive",2026-09-12 15:20:45.780534,2026-09-13 19:18:25.604579,2026-09-13,2026-09-12,331,"Windows only","$0.01-$4.99",1.60743590976343,0,1,0,0,0,0,1,0,0,0,0,0,0,1,1.60743590976343,-0.461715395641907,-0.272911963705739
3481800,"SUPER SHAPESHOOTER",2025-12-12,"2025-12",0,1,0,0,4.99,4.99,0,"USD",10,10,0,1,7,"Positive",2026-09-12 15:20:47.860377,2026-09-13 19:18:27.810616,2026-09-13,2026-09-12,275,"Windows only","$0.01-$4.99",1.79009141212736,1,0,1,1,0,0,1,0,1,0,0,0,0,1,1.79009141212736,-0.212555002889199,-1.35169151954123
3481920,"One Hard Game Please!",2025-08-01,"2025-08",0,1,0,0,4.99,4.99,0,"USD",1,1,0,1,0,"1 user reviews",2026-09-12 15:20:51.513896,2026-09-13 19:18:30.020399,2026-09-13,2026-09-12,408,"Windows only","$0.01-$4.99",1.79009141212736,0,0,0,0,0,0,0,0,0,0,0,0,1,1,1.79009141212736,-0.212555002889199,1.21040992556806
3482550,"A Day's Work",2025-10-30,"2025-10",0,1,0,0,2.99,2.99,0,"USD",0,0,0,,0,"No user reviews",2026-09-12 15:20:55.743844,2026-09-13 19:18:32.041106,2026-09-13,2026-09-12,318,"Windows only","$0.01-$4.99",1.38379123090177,0,0,1,0,0,0,1,0,0,0,0,0,0,0,1.38379123090177,-0.766789128987195,-0.523342932024692
3483190,"Blood Storm: Alien Purge",2025-08-21,"2025-08",0,1,0,0,4.99,3.24,35,"USD",15,11,4,0.733333333333333,6,"Mostly Positive",2026-09-12 15:21:02.03634,2026-09-13 19:18:34.150935,2026-09-13,2026-09-12,388,"Windows only","$0.01-$4.99",1.44456326924387,1,1,0,0,0,0,1,0,0,0,0,0,0,1,1.44456326924387,-0.683889984172333,0.825131512769672
3484190,"Bits and Boards - Game Store Simulator",2025-10-09,"2025-10",0,1,0,0,11.99,11.99,0,"USD",3,3,0,1,0,"3 user reviews",2026-09-12 15:21:04.151885,2026-09-13 19:18:36.410771,2026-09-13,2026-09-12,339,"Windows only","$10.00-$19.99",2.56417983068251,0,0,0,1,0,0,1,0,0,0,1,0,0,1,2.56417983068251,0.843379102004269,-0.118800598586383
3484640,"ReCharge RC: High Voltage",2025-07-18,"2025-07",0,1,0,0,13.99,13.99,0,"USD",391,374,17,0.956521739130435,8,"Very Positive",2026-09-12 15:21:10.214865,2026-09-13 19:18:38.597038,2026-09-13,2026-09-12,422,"Windows only","$10.00-$19.99",2.70738331211451,1,0,0,1,0,0,1,0,0,1,1,1,0,1,2.70738331211451,1.03872298825665,1.48010481452693
3485910,"The Squirrel & Sea",2025-07-24,"2025-07",0,1,0,0,7.99,7.99,0,"USD",7,6,1,0.857142857142857,0,"7 user reviews",2026-09-12 15:21:21.159249,2026-09-13 19:18:40.85149,2026-09-13,2026-09-12,416,"Windows only","$5.00-$9.99",2.19611284848353,0,1,1,0,0,0,1,0,0,0,0,0,1,1,2.19611284848353,0.341298887298887,1.36452129068742
3486280,"Long Knives",2025-12-31,"2025-12",1,1,1,0,,,,,0,0,0,,0,"No user reviews",2026-09-12 15:21:25.291262,2026-09-13 19:18:43.013315,2026-09-13,2026-09-12,256,"Windows + macOS","Free",,0,1,0,0,1,0,1,0,0,0,0,0,0,0,,0,-1.7177060116997
3488580,"CrafTAE",2025-07-21,"2025-07",0,1,1,1,7.99,7.99,0,"USD",25,22,3,0.88,7,"Positive",2026-09-12 15:21:36.194293,2026-09-13 19:18:45.028203,2026-09-13,2026-09-12,419,"Windows + macOS + Linux","$5.00-$9.99",2.19611284848353,0,0,1,0,0,0,1,0,0,0,0,0,1,1,2.19611284848353,0.341298887298887,1.42231305260718
3488970,"极速营救",2025-08-13,"2025-08",0,1,0,0,9.99,9.99,0,"USD",1859,1614,245,0.868208714362561,8,"Very Positive",2026-09-12 15:21:46.172315,2026-09-13 19:18:47.215643,2026-09-13,2026-09-12,396,"Windows only","$5.00-$9.99",2.39698576841553,0,0,0,0,0,0,0,0,1,0,0,0,1,1,2.39698576841553,0.615309661548216,0.979242877889028
3489240,"Asterix & Obelix - Mission Babylon",2025-10-30,"2025-10",0,1,0,0,24.99,24.99,0,"USD",26,20,6,0.769230769230769,6,"Mostly Positive",2026-09-12 15:21:48.253163,2026-09-13 19:18:49.273459,2026-09-13,2026-09-12,318,"Windows only","$20.00-$29.99",3.2577118486534,1,1,0,0,0,0,0,0,0,0,0,0,0,1,3.2577118486534,1.78942621116778,-0.523342932024692
3489460,"Loop//Error",2025-10-27,"2025-10",0,1,0,0,2.99,2.99,0,"USD",40,38,2,0.95,7,"Positive",2026-09-12 15:21:50.321346,2026-09-13 19:18:51.533023,2026-09-13,2026-09-12,321,"Windows only","$0.01-$4.99",1.38379123090177,0,1,0,0,0,0,1,0,1,0,0,0,0,1,1.38379123090177,-0.766789128987195,-0.465551170104934
3490140,"The Dead House",2025-07-04,"2025-07",0,1,0,0,2.99,2.99,0,"USD",5,2,3,0.4,0,"5 user reviews",2026-09-12 15:21:54.640262,2026-09-13 19:18:53.693251,2026-09-13,2026-09-12,436,"Windows only","$0.01-$4.99",1.38379123090177,1,1,0,0,0,0,0,0,0,0,0,0,0,1,1.38379123090177,-0.766789128987195,1.74979970348581
3491160,"イワクツギ -IWAKUTSUGI-",2025-07-17,"2025-07",0,1,0,0,2.99,2.99,0,"USD",17,13,4,0.764705882352941,6,"Mostly Positive",2026-09-12 15:22:05.046662,2026-09-13 19:18:55.883934,2026-09-13,2026-09-12,423,"Windows only","$0.01-$4.99",1.38379123090177,0,1,0,0,0,0,0,0,0,0,0,0,0,1,1.38379123090177,-0.766789128987195,1.49936873516685
3491430,"Mini Star Quest",2025-07-01,"2025-07",0,1,0,0,14.99,14.99,0,"USD",6,6,0,1,0,"6 user reviews",2026-09-12 15:22:07.235475,2026-09-13 19:18:57.937132,2026-09-13,2026-09-12,439,"Windows only","$10.00-$19.99",2.77196352684586,1,0,1,0,0,0,1,0,0,0,0,0,1,1,2.77196352684586,1.12681686694233,1.80759146540557
3494210,"Choo Choo Survivor 2",2025-10-27,"2025-10",0,1,1,0,5.99,5.99,0,"USD",41,35,6,0.853658536585366,7,"Positive",2026-09-12 15:22:22.068421,2026-09-13 19:18:59.964585,2026-09-13,2026-09-12,321,"Windows + macOS","$5.00-$9.99",1.94448055624572,1,0,0,0,0,0,0,0,0,0,0,0,0,1,1.94448055624572,-0.00195275282042951,-0.465551170104934
3494660,"Okinawa Journal",2025-11-13,"2025-11",0,1,0,0,11.99,11.99,0,"USD",4,2,2,0.5,0,"4 user reviews",2026-09-12 15:22:26.212273,2026-09-13 19:19:01.991722,2026-09-13,2026-09-12,304,"Windows only","$10.00-$19.99",2.56417983068251,0,1,0,0,0,0,1,0,0,0,0,0,0,1,2.56417983068251,0.843379102004269,-0.793037820983565
3494790,"Radio Ghosts",2025-07-31,"2025-07",0,1,0,0,4.99,4.99,0,"USD",2,2,0,1,0,"2 user reviews",2026-09-12 15:22:28.222957,2026-09-13 19:19:04.087026,2026-09-13,2026-09-12,409,"Windows only","$0.01-$4.99",1.79009141212736,0,1,0,0,0,0,0,0,0,0,0,0,0,1,1.79009141212736,-0.212555002889199,1.22967384620798
3495040,"100 Dubai Cats",2025-10-19,"2025-10",0,1,0,0,1.99,1.99,0,"USD",32,28,4,0.875,7,"Positive",2026-09-12 15:22:34.699924,2026-09-13 19:19:06.229157,2026-09-13,2026-09-12,329,"Windows only","$0.01-$4.99",1.0952733874026,0,0,1,0,0,0,1,0,0,0,0,0,0,1,1.0952733874026,-1.16035635402041,-0.311439804985578
3495050,"100 Zombie Cats",2025-07-24,"2025-07",0,1,0,0,1.99,1.99,0,"USD",40,39,1,0.975,7,"Positive",2026-09-12 15:22:36.795403,2026-09-13 19:19:08.455156,2026-09-13,2026-09-12,416,"Windows only","$0.01-$4.99",1.0952733874026,0,0,1,0,0,0,1,0,0,0,0,0,0,1,1.0952733874026,-1.16035635402041,1.36452129068742
3498560,"Cactus Simulator Remake",2025-09-19,"2025-09",0,1,0,0,0.99,0.99,0,"USD",18,15,3,0.833333333333333,7,"Positive",2026-09-12 15:22:53.587844,2026-09-13 19:19:10.658063,2026-09-13,2026-09-12,359,"Windows only","$0.01-$4.99",0.688134638736401,1,1,1,0,0,0,0,0,0,0,1,0,0,1,0.688134638736401,-1.71573437006504,0.266477814212007
3499160,"Hemera",2025-07-03,"2025-07",0,1,1,0,3.99,3.99,0,"USD",10,7,3,0.7,6,"Mostly Positive",2026-09-12 15:22:57.849518,2026-09-13 19:19:12.844047,2026-09-13,2026-09-12,437,"Windows + macOS","$0.01-$4.99",1.60743590976343,1,1,1,0,0,0,1,0,0,0,0,0,0,1,1.60743590976343,-0.461715395641907,1.76906362412573
3499270,"An Imp and an Impostor",2025-11-26,"2025-11",0,1,1,1,7.99,7.99,0,"USD",9,9,0,1,0,"9 user reviews",2026-09-12 15:22:59.981074,2026-09-13 19:19:15.072602,2026-09-13,2026-09-12,291,"Windows + macOS + Linux","$5.00-$9.99",2.19611284848353,0,1,0,0,0,0,1,0,1,0,0,0,0,1,2.19611284848353,0.341298887298887,-1.04346878930252
3499820,"Basketball Simulator",2025-09-01,"2025-09",0,1,0,0,6.99,6.99,0,"USD",2,1,1,0.5,0,"2 user reviews",2026-09-12 15:23:04.17835,2026-09-13 19:19:17.126418,2026-09-13,2026-09-12,377,"Windows only","$5.00-$9.99",2.07819075977818,0,0,1,1,0,0,1,0,0,0,1,1,0,1,2.07819075977818,0.18044135190692,0.613228385730558
3500450,"Ice 'Em: Race to the Grave",2025-08-29,"2025-08",0,1,0,0,9.99,9.99,0,"USD",0,0,0,,0,"No user reviews",2026-09-12 15:23:08.425435,2026-09-13 19:19:19.177176,2026-09-13,2026-09-12,380,"Windows only","$5.00-$9.99",2.39698576841553,0,0,0,0,0,0,1,0,0,0,0,0,1,0,2.39698576841553,0.615309661548216,0.671020147650316
3500750,"Score the Fear",2025-07-03,"2025-07",0,1,0,0,3.99,3.99,0,"USD",220,214,6,0.972727272727273,8,"Very Positive",2026-09-12 15:23:12.726069,2026-09-13 19:19:21.261206,2026-09-13,2026-09-12,437,"Windows only","$0.01-$4.99",1.60743590976343,0,1,0,0,0,0,1,0,0,0,0,0,0,1,1.60743590976343,-0.461715395641907,1.76906362412573
3500830,"Store Keeper",2025-07-16,"2025-07",0,1,0,0,4.99,4.99,0,"USD",14,11,3,0.785714285714286,6,"Mostly Positive",2026-09-12 15:23:14.930375,2026-09-13 19:19:23.51993,2026-09-13,2026-09-12,424,"Windows only","$0.01-$4.99",1.79009141212736,0,0,1,0,0,0,1,0,1,0,1,0,0,1,1.79009141212736,-0.212555002889199,1.51863265580677
3501840,"One Button Defense",2025-08-22,"2025-08",0,1,0,0,2.99,2.99,0,"USD",0,0,0,,0,"No user reviews",2026-09-12 15:23:21.460252,2026-09-13 19:19:25.75783,2026-09-13,2026-09-12,387,"Windows only","$0.01-$4.99",1.38379123090177,0,0,1,0,0,0,1,0,0,0,0,0,0,0,1.38379123090177,-0.766789128987195,0.805867592129753
3502020,"Sometimes Toast is O.K.",2025-08-15,"2025-08",0,1,0,0,4.99,4.99,0,"USD",3,3,0,1,0,"3 user reviews",2026-09-12 15:23:23.512886,2026-09-13 19:19:27.832979,2026-09-13,2026-09-12,394,"Windows only","$0.01-$4.99",1.79009141212736,0,0,1,0,0,0,1,0,0,0,1,0,0,1,1.79009141212736,-0.212555002889199,0.940715036609189
3502340,"Torn Veil",2025-07-29,"2025-07",0,1,0,0,4.99,4.99,0,"USD",5,5,0,1,0,"5 user reviews",2026-09-12 15:23:27.647967,2026-09-13 19:19:29.887212,2026-09-13,2026-09-12,411,"Windows only","$0.01-$4.99",1.79009141212736,0,1,0,0,0,0,1,0,0,0,0,0,0,1,1.79009141212736,-0.212555002889199,1.26820168748782
3502370,"Speed Rally",2025-07-15,"2025-07",0,1,1,1,4.99,4.99,0,"USD",1,1,0,1,0,"1 user reviews",2026-09-12 15:23:29.649141,2026-09-13 19:19:31.937717,2026-09-13,2026-09-12,425,"Windows + macOS + Linux","$0.01-$4.99",1.79009141212736,1,0,1,0,0,0,1,0,0,1,0,0,0,1,1.79009141212736,-0.212555002889199,1.53789657644669
3502860,"Caller of the Crows",2025-12-18,"2025-12",0,1,0,0,3.99,0.79,80,"USD",1,1,0,1,0,"1 user reviews",2026-09-12 15:23:40.119367,2026-09-13 19:19:34.010733,2026-09-13,2026-09-12,269,"Windows only","$0.01-$4.99",0.582215619852664,1,0,0,0,0,0,0,0,0,0,0,0,0,1,0.582215619852664,-1.86021851646908,-1.46727504338075
3502910,"66 Confessions of St.Pinel Castle",2025-09-03,"2025-09",0,1,0,0,9.99,9.99,0,"USD",13,6,7,0.461538461538462,5,"Mixed",2026-09-12 15:23:42.37086,2026-09-13 19:19:36.130608,2026-09-13,2026-09-12,375,"Windows only","$5.00-$9.99",2.39698576841553,1,0,0,0,0,0,1,0,0,0,1,0,0,1,2.39698576841553,0.615309661548216,0.574700544450719
3504570,"Fear Effect",2025-08-29,"2025-08",0,1,0,0,9.99,9.99,0,"USD",94,73,21,0.776595744680851,6,"Mostly Positive",2026-09-12 15:24:05.980468,2026-09-13 19:19:38.293478,2026-09-13,2026-09-12,380,"Windows only","$5.00-$9.99",2.39698576841553,1,1,0,0,0,0,0,0,0,0,0,0,0,1,2.39698576841553,0.615309661548216,0.671020147650316
3504870,"Match-3 Juice Bar",2025-07-24,"2025-07",0,1,0,0,1.99,1.99,0,"USD",11,10,1,0.909090909090909,7,"Positive",2026-09-12 15:24:12.368129,2026-09-13 19:19:40.425694,2026-09-13,2026-09-12,416,"Windows only","$0.01-$4.99",1.0952733874026,0,0,1,0,0,0,1,0,0,0,0,0,1,1,1.0952733874026,-1.16035635402041,1.36452129068742
3505240,"Deaded The Runner",2025-09-11,"2025-09",0,1,0,0,0.99,0.99,0,"USD",2,2,0,1,0,"2 user reviews",2026-09-12 15:24:14.600422,2026-09-13 19:19:42.598745,2026-09-13,2026-09-12,367,"Windows only","$0.01-$4.99",0.688134638736401,1,0,1,0,0,0,1,0,0,0,0,0,0,1,0.688134638736401,-1.71573437006504,0.420589179331363
3505350,"Brainkilled",2025-07-01,"2025-07",0,1,0,0,5.99,5.99,0,"USD",20,20,0,1,7,"Positive",2026-09-12 15:24:21.009938,2026-09-13 19:19:44.666021,2026-09-13,2026-09-12,439,"Windows only","$5.00-$9.99",1.94448055624572,0,0,0,0,0,0,1,0,0,0,0,0,0,1,1.94448055624572,-0.00195275282042951,1.80759146540557
3505600,"Panopticon",2025-12-28,"2025-12",0,1,0,0,6.99,6.99,0,"USD",39,32,7,0.82051282051282,7,"Positive",2026-09-12 15:24:23.075108,2026-09-13 19:19:46.780146,2026-09-13,2026-09-12,259,"Windows only","$5.00-$9.99",2.07819075977818,0,1,0,0,0,0,1,0,0,0,1,0,0,1,2.07819075977818,0.18044135190692,-1.65991424977994
3505650,"Vampire Cat",2025-11-20,"2025-11",0,1,0,0,6.99,6.99,0,"USD",14,11,3,0.785714285714286,6,"Mostly Positive",2026-09-12 15:24:25.224406,2026-09-13 19:19:48.81814,2026-09-13,2026-09-12,297,"Windows only","$5.00-$9.99",2.07819075977818,1,0,1,0,0,0,1,0,1,0,0,0,1,1,2.07819075977818,0.18044135190692,-0.927885265463002
3506210,"Apple Rabble Dazzle",2025-09-26,"2025-09",1,1,0,0,,,,,0,0,0,,0,"No user reviews",2026-09-12 15:24:37.821344,2026-09-13 19:19:50.918884,2026-09-13,2026-09-12,352,"Windows only","Free",,1,0,1,0,1,0,1,0,0,0,0,0,0,0,,0,0.13163036973257
3509730,"Jackie Hart: Headhunter",2025-10-24,"2025-10",0,1,1,1,8.99,8.99,0,"USD",1,1,0,1,0,"1 user reviews",2026-09-12 15:25:01.827574,2026-09-13 19:19:53.029263,2026-09-13,2026-09-12,324,"Windows + macOS + Linux","$5.00-$9.99",2.30158459266046,0,1,1,0,0,0,0,0,0,0,0,0,0,1,2.30158459266046,0.485172906221557,-0.407759408185175
3511130,"hololive GoroGoro Mountain",2025-07-23,"2025-07",0,1,1,0,12.99,12.99,0,"USD",36,28,8,0.777777777777778,6,"Mostly Positive",2026-09-12 15:25:14.907397,2026-09-13 19:19:55.099299,2026-09-13,2026-09-12,417,"Windows + macOS","$10.00-$19.99",2.63834278867739,1,0,1,0,0,0,1,0,0,0,0,0,0,1,2.63834278867739,0.944544801928764,1.38378521132734
3513000,"Comfy Girl",2025-10-08,"2025-10",0,1,0,0,2.99,2.99,0,"USD",67,60,7,0.895522388059702,8,"Very Positive",2026-09-12 15:25:25.766644,2026-09-13 19:19:57.123421,2026-09-13,2026-09-12,340,"Windows only","$0.01-$4.99",1.38379123090177,0,0,1,0,0,0,1,0,0,0,1,0,0,1,1.38379123090177,-0.766789128987195,-0.0995366779464635
3513340,"Why Do Boys Play Games?",2025-08-24,"2025-08",0,1,0,0,4.99,4.99,0,"USD",1,1,0,1,0,"1 user reviews",2026-09-12 15:25:32.10742,2026-09-13 19:19:59.28461,2026-09-13,2026-09-12,385,"Windows only","$0.01-$4.99",1.79009141212736,0,0,1,0,0,0,1,0,0,0,0,0,1,1,1.79009141212736,-0.212555002889199,0.767339750849914
3513430,"DashFire",2025-08-10,"2025-08",1,1,0,0,,,,,0,0,0,,0,"No user reviews",2026-09-12 15:25:36.470938,2026-09-13 19:20:01.293612,2026-09-13,2026-09-12,399,"Windows only","Free",,1,0,0,0,1,0,1,0,0,0,0,0,0,0,,0,1.03703463980879
3514440,"No Time For Pants",2025-10-23,"2025-10",0,1,0,0,7.99,7.99,0,"USD",33,28,5,0.848484848484849,7,"Positive",2026-09-12 15:25:42.743292,2026-09-13 19:20:03.476997,2026-09-13,2026-09-12,325,"Windows only","$5.00-$9.99",2.19611284848353,1,0,0,0,0,0,0,0,0,0,0,0,0,1,2.19611284848353,0.341298887298887,-0.388495487545256
3515710,"Ashen Reverie",2025-12-13,"2025-12",0,1,0,0,9.99,9.99,0,"USD",1,1,0,1,0,"1 user reviews",2026-09-12 15:26:00.130596,2026-09-13 19:20:05.561965,2026-09-13,2026-09-12,274,"Windows only","$5.00-$9.99",2.39698576841553,0,1,0,1,0,0,1,0,0,0,0,0,0,1,2.39698576841553,0.615309661548216,-1.37095544018115
3516180,"Don't FOOL ME, Beauties!",2025-07-07,"2025-07",0,1,1,1,9.99,9.99,0,"USD",366,318,48,0.868852459016393,8,"Very Positive",2026-09-12 15:26:02.294376,2026-09-13 19:20:07.706814,2026-09-13,2026-09-12,433,"Windows + macOS + Linux","$5.00-$9.99",2.39698576841553,0,1,0,0,0,0,0,0,1,0,1,0,0,1,2.39698576841553,0.615309661548216,1.69200794156605
3516800,"Hyper Mice Rescue",2025-09-10,"2025-09",0,1,1,1,4.99,4.99,0,"USD",0,0,0,,0,"No user reviews",2026-09-12 15:26:14.995097,2026-09-13 19:20:09.790782,2026-09-13,2026-09-12,368,"Windows + macOS + Linux","$0.01-$4.99",1.79009141212736,1,0,1,0,0,0,1,0,0,0,0,0,0,0,1.79009141212736,-0.212555002889199,0.439853099971282
3516890,"Drop Dead: The Cabin",2025-10-29,"2025-10",0,1,0,0,10.99,10.99,0,"USD",26,14,12,0.538461538461538,5,"Mixed",2026-09-12 15:26:17.203664,2026-09-13 19:20:11.816029,2026-09-13,2026-09-12,319,"Windows only","$10.00-$19.99",2.48407296903942,1,1,0,0,0,0,1,0,1,0,0,0,0,1,2.48407296903942,0.734105322398058,-0.504079011384773
3518030,"Synthetic Paradox",2025-12-15,"2025-12",0,1,0,0,11.99,11.99,0,"USD",1,1,0,1,0,"1 user reviews",2026-09-12 15:26:27.997067,2026-09-13 19:20:13.967569,2026-09-13,2026-09-12,272,"Windows only","$10.00-$19.99",2.56417983068251,1,0,0,0,0,0,1,0,0,0,0,0,0,1,2.56417983068251,0.843379102004269,-1.40948328146099
3519780,"Queen's Cards",2025-09-23,"2025-09",0,1,0,0,5.99,5.99,0,"USD",12,11,1,0.916666666666667,7,"Positive",2026-09-12 15:26:44.918135,2026-09-13 19:20:16.019671,2026-09-13,2026-09-12,355,"Windows only","$5.00-$9.99",1.94448055624572,0,0,1,0,0,0,1,0,0,0,0,0,1,1,1.94448055624572,-0.00195275282042951,0.189422131652329
3519810,"JungleBoys",2025-07-15,"2025-07",1,1,0,0,,,,,0,0,0,,0,"No user reviews",2026-09-12 15:26:47.06632,2026-09-13 19:20:18.213049,2026-09-13,2026-09-12,425,"Windows only","Free",,1,0,0,0,1,0,1,0,0,0,0,0,0,0,,0,1.53789657644669
3520030,"Knock On The Window",2025-09-11,"2025-09",0,1,0,0,3.99,3.99,0,"USD",183,167,16,0.912568306010929,8,"Very Positive",2026-09-12 15:26:49.118558,2026-09-13 19:20:20.312296,2026-09-13,2026-09-12,367,"Windows only","$0.01-$4.99",1.60743590976343,0,1,1,0,0,0,1,0,0,0,0,0,0,1,1.60743590976343,-0.461715395641907,0.420589179331363
3520520,"Day Train",2025-07-09,"2025-07",0,1,0,0,9.99,9.99,0,"USD",0,0,0,,0,"No user reviews",2026-09-12 15:26:51.319315,2026-09-13 19:20:22.334768,2026-09-13,2026-09-12,431,"Windows only","$5.00-$9.99",2.39698576841553,0,0,0,0,0,0,1,0,0,0,0,0,0,0,2.39698576841553,0.615309661548216,1.65348010028621
3520580,"Sheep for the Stars",2025-08-06,"2025-08",0,1,0,0,2.99,2.99,0,"USD",4,4,0,1,0,"4 user reviews",2026-09-12 15:26:53.355134,2026-09-13 19:20:24.450157,2026-09-13,2026-09-12,403,"Windows only","$0.01-$4.99",1.38379123090177,0,0,1,0,0,0,0,0,0,0,0,0,0,1,1.38379123090177,-0.766789128987195,1.11409032236846
3520970,"Minerva Labyrinth",2025-11-05,"2025-11",0,1,0,1,14.99,14.99,0,"USD",16,16,0,1,7,"Positive",2026-09-12 15:26:57.75029,2026-09-13 19:20:26.515586,2026-09-13,2026-09-12,312,"Windows + Linux","$10.00-$19.99",2.77196352684586,0,0,0,0,0,0,0,0,1,0,0,0,0,1,2.77196352684586,1.12681686694233,-0.638926455864209
3521270,"Phoenix's Faye",2025-11-04,"2025-11",0,1,0,0,9.99,6.79,32,"USD",53,41,12,0.773584905660377,6,"Mostly Positive",2026-09-12 15:27:02.043101,2026-09-13 19:20:28.737961,2026-09-13,2026-09-12,313,"Windows only","$5.00-$9.99",2.05284085988266,1,1,0,0,0,0,1,0,0,0,0,0,0,1,2.05284085988266,0.145861550409199,-0.61966253522429
3521410,"Cats & Cups",2025-11-01,"2025-11",0,1,1,1,9.99,4.99,50,"USD",1034,928,106,0.897485493230174,8,"Very Positive",2026-09-12 15:27:04.1572,2026-09-13 19:20:30.978025,2026-09-13,2026-09-12,316,"Windows + macOS + Linux","$0.01-$4.99",1.79009141212736,0,0,1,0,0,0,1,0,0,0,1,0,1,1,1.79009141212736,-0.212555002889199,-0.561870773304531
3524070,"Teaparty in Candyworld",2025-07-29,"2025-07",0,1,0,1,2.99,2.99,0,"USD",0,0,0,,0,"No user reviews",2026-09-12 15:27:21.34403,2026-09-13 19:20:33.13036,2026-09-13,2026-09-12,411,"Windows + Linux","$0.01-$4.99",1.38379123090177,0,1,1,1,0,0,1,0,0,0,0,0,0,0,1.38379123090177,-0.766789128987195,1.26820168748782
3527080,"Phantom Incident",2025-10-18,"2025-10",0,1,0,0,2.99,2.99,0,"USD",10,9,1,0.9,7,"Positive",2026-09-12 15:27:42.675306,2026-09-13 19:20:35.182899,2026-09-13,2026-09-12,330,"Windows only","$0.01-$4.99",1.38379123090177,0,1,0,0,0,0,1,0,0,0,0,0,0,1,1.38379123090177,-0.766789128987195,-0.292175884345658
3527810,"Rudolph the Red-Nosed Reindeer",2025-09-26,"2025-09",0,1,0,0,29.99,29.99,0,"USD",39,27,12,0.692307692307692,5,"Mixed",2026-09-12 15:27:46.895304,2026-09-13 19:20:37.385187,2026-09-13,2026-09-12,352,"Windows only","$20.00-$29.99",3.43366457179966,0,1,0,0,0,0,0,0,0,0,0,0,0,1,3.43366457179966,2.02944334198315,0.13163036973257
3527920,"CoRoT",2025-11-21,"2025-11",0,1,0,0,6.99,6.99,0,"USD",49,34,15,0.693877551020408,5,"Mixed",2026-09-12 15:27:51.209202,2026-09-13 19:20:39.594155,2026-09-13,2026-09-12,296,"Windows only","$5.00-$9.99",2.07819075977818,0,1,0,0,0,0,1,0,0,0,0,0,0,1,2.07819075977818,0.18044135190692,-0.947149186102921
3528450,"Sweet Home",2025-08-18,"2025-08",0,1,1,0,7.99,5.59,30,"USD",9839,9335,504,0.948775282040858,8,"Very Positive",2026-09-12 15:27:59.0488,2026-09-13 19:20:41.680562,2026-09-13,2026-09-12,391,"Windows + macOS","$5.00-$9.99",1.88555334851442,0,0,1,0,0,0,1,0,1,0,1,0,0,1,1.88555334851442,-0.0823353639771317,0.88292327468943
3528970,"Unmourned",2025-11-17,"2025-11",0,1,0,0,24.99,24.99,0,"USD",255,204,51,0.8,8,"Very Positive",2026-09-12 15:28:05.386557,2026-09-13 19:20:43.766794,2026-09-13,2026-09-12,300,"Windows only","$20.00-$29.99",3.2577118486534,1,1,0,0,0,0,1,0,0,0,1,0,0,1,3.2577118486534,1.78942621116778,-0.870093503543243
3529380,"Carrotour",2025-11-28,"2025-11",0,1,1,1,4.99,4.99,0,"USD",1,1,0,1,0,"1 user reviews",2026-09-12 15:28:07.594735,2026-09-13 19:20:45.78683,2026-09-13,2026-09-12,289,"Windows + macOS + Linux","$0.01-$4.99",1.79009141212736,0,1,1,0,0,0,1,0,0,0,0,0,0,1,1.79009141212736,-0.212555002889199,-1.08199663058236
3530490,"Fadedlands: The Reckless Squad",2025-08-15,"2025-08",0,1,0,0,5.99,5.99,0,"USD",34,33,1,0.970588235294118,7,"Positive",2026-09-12 15:28:16.145684,2026-09-13 19:20:47.896714,2026-09-13,2026-09-12,394,"Windows only","$5.00-$9.99",1.94448055624572,0,0,0,0,0,0,1,0,1,0,0,0,1,1,1.94448055624572,-0.00195275282042951,0.940715036609189
3531960,"Liese in the City of Trials",2025-08-01,"2025-08",0,1,0,0,14.99,14.99,0,"USD",40,24,16,0.6,5,"Mixed",2026-09-12 15:28:32.962019,2026-09-13 19:20:50.019585,2026-09-13,2026-09-12,408,"Windows only","$10.00-$19.99",2.77196352684586,0,1,0,0,0,0,0,0,0,0,0,0,0,1,2.77196352684586,1.12681686694233,1.21040992556806
3531980,"Obscurite Magie 3: The Divine Stones",2025-09-05,"2025-09",0,1,0,0,14.99,14.99,0,"USD",48,30,18,0.625,5,"Mixed",2026-09-12 15:28:35.114786,2026-09-13 19:20:52.240938,2026-09-13,2026-09-12,373,"Windows only","$10.00-$19.99",2.77196352684586,0,1,0,0,0,0,0,0,1,0,0,0,0,1,2.77196352684586,1.12681686694233,0.53617270317088
3531990,"Tentacaliens: Making Ends Meet in a New World",2025-09-26,"2025-09",0,1,0,0,14.99,14.99,0,"USD",58,45,13,0.775862068965517,6,"Mostly Positive",2026-09-12 15:28:37.180514,2026-09-13 19:20:54.277388,2026-09-13,2026-09-12,352,"Windows only","$10.00-$19.99",2.77196352684586,0,0,0,0,0,0,0,0,1,0,0,0,0,1,2.77196352684586,1.12681686694233,0.13163036973257
3532890,"Dad's Monster House 2: MEDAL",2025-09-18,"2025-09",0,1,1,0,4.99,4.99,0,"USD",80,63,17,0.7875,6,"Mostly Positive",2026-09-12 15:28:43.661356,2026-09-13 19:20:56.443169,2026-09-13,2026-09-12,360,"Windows + macOS","$0.01-$4.99",1.79009141212736,0,1,1,0,0,0,1,0,0,0,0,0,1,1,1.79009141212736,-0.212555002889199,0.285741734851926
3533360,"Filiy Eclipse",2025-12-31,"2025-12",0,1,0,0,12.99,12.99,0,"USD",7,7,0,1,0,"7 user reviews",2026-09-12 15:28:50.199814,2026-09-13 19:20:58.559194,2026-09-13,2026-09-12,256,"Windows only","$10.00-$19.99",2.63834278867739,1,1,0,0,0,0,1,0,1,0,0,0,0,1,2.63834278867739,0.944544801928764,-1.7177060116997
3533400,"Paint Rumble",2025-07-18,"2025-07",0,1,0,0,1.99,1.99,0,"USD",0,0,0,,0,"No user reviews",2026-09-12 15:28:52.38611,2026-09-13 19:21:00.691089,2026-09-13,2026-09-12,422,"Windows only","$0.01-$4.99",1.0952733874026,1,0,1,0,0,0,1,0,0,0,0,0,0,0,1.0952733874026,-1.16035635402041,1.48010481452693
3535090,"LUNA : War of the Moonlight",2025-11-19,"2025-11",0,1,0,0,8.99,8.99,0,"USD",12,9,3,0.75,6,"Mostly Positive",2026-09-12 15:29:07.5489,2026-09-13 19:21:02.727453,2026-09-13,2026-09-12,298,"Windows only","$5.00-$9.99",2.30158459266046,1,0,0,1,0,0,1,1,1,0,0,0,0,1,2.30158459266046,0.485172906221557,-0.908621344823082
3535110,"HEXA-WORLD-3D",2025-08-04,"2025-08",0,1,0,0,2.99,2.99,0,"USD",20,18,2,0.9,7,"Positive",2026-09-12 15:29:09.620449,2026-09-13 19:21:04.764198,2026-09-13,2026-09-12,405,"Windows only","$0.01-$4.99",1.38379123090177,0,0,1,0,0,0,1,0,0,0,0,0,1,1,1.38379123090177,-0.766789128987195,1.1526181636483
3535330,"Terraspace",2025-12-31,"2025-12",0,1,0,0,7.99,7.99,0,"USD",5,1,4,0.2,0,"5 user reviews",2026-09-12 15:29:14.049483,2026-09-13 19:21:06.814474,2026-09-13,2026-09-12,256,"Windows only","$5.00-$9.99",2.19611284848353,0,1,1,0,0,0,0,0,0,0,0,0,0,1,2.19611284848353,0.341298887298887,-1.7177060116997
3536480,"The AC130 slays the zombies.",2025-07-10,"2025-07",0,1,0,0,3.99,1.63,59,"USD",373,239,134,0.640750670241287,5,"Mixed",2026-09-12 15:29:24.904276,2026-09-13 19:21:09.036786,2026-09-13,2026-09-12,430,"Windows only","$0.01-$4.99",0.966983846189673,1,1,1,0,0,0,1,0,1,0,0,0,0,1,0.966983846189673,-1.33535613262543,1.63421617964629
3537890,"Drill Beat",2025-10-23,"2025-10",0,1,0,0,2.99,2.99,0,"USD",0,0,0,,0,"No user reviews",2026-09-12 15:29:33.462167,2026-09-13 19:21:11.278405,2026-09-13,2026-09-12,325,"Windows only","$0.01-$4.99",1.38379123090177,0,0,1,0,0,0,1,0,0,0,0,0,0,0,1.38379123090177,-0.766789128987195,-0.388495487545256
3538140,"Heading Over It with The Twins",2025-07-15,"2025-07",0,1,0,0,4.99,4.99,0,"USD",17,17,0,1,7,"Positive",2026-09-12 15:29:37.698078,2026-09-13 19:21:13.412349,2026-09-13,2026-09-12,425,"Windows only","$0.01-$4.99",1.79009141212736,1,1,0,0,0,0,1,0,0,0,0,0,0,1,1.79009141212736,-0.212555002889199,1.53789657644669
3538320,"Air Dash: Sky Racing Simulator",2025-08-25,"2025-08",0,1,0,0,1.99,1.99,0,"USD",0,0,0,,0,"No user reviews",2026-09-12 15:29:39.807985,2026-09-13 19:21:15.63954,2026-09-13,2026-09-12,384,"Windows only","$0.01-$4.99",1.0952733874026,0,1,1,0,0,0,1,0,0,1,1,0,0,0,1.0952733874026,-1.16035635402041,0.748075830209994
3538680,"Hiroshi",2025-11-27,"2025-11",0,1,0,0,9.99,9.99,0,"USD",0,0,0,,0,"No user reviews",2026-09-12 15:29:43.90803,2026-09-13 19:21:17.678347,2026-09-13,2026-09-12,290,"Windows only","$5.00-$9.99",2.39698576841553,0,1,0,0,0,1,1,0,0,0,0,0,0,0,2.39698576841553,0.615309661548216,-1.06273270994244
3539580,"PropWiz",2025-09-22,"2025-09",1,1,0,0,,,,,0,0,0,,0,"No user reviews",2026-09-12 15:29:52.688979,2026-09-13 19:21:19.904302,2026-09-13,2026-09-12,356,"Windows only","Free",,1,1,1,0,1,0,1,0,0,0,0,0,1,0,,0,0.208686052292248
3540430,"Dungeon Weiqi",2025-07-17,"2025-07",0,1,0,0,6.99,6.99,0,"USD",0,0,0,,0,"No user reviews",2026-09-12 15:29:59.17082,2026-09-13 19:21:21.958647,2026-09-13,2026-09-12,423,"Windows only","$5.00-$9.99",2.07819075977818,0,0,0,0,0,0,1,0,0,0,0,0,1,0,2.07819075977818,0.18044135190692,1.49936873516685
3540550,"Purgatory’s Flower",2025-09-12,"2025-09",0,1,0,0,2.5,1.25,50,"USD",102,96,6,0.941176470588235,8,"Very Positive",2026-09-12 15:30:03.572127,2026-09-13 19:21:23.971152,2026-09-13,2026-09-12,366,"Windows only","$0.01-$4.99",0.810930216216329,0,1,0,0,0,0,1,0,0,0,0,0,0,1,0.810930216216329,-1.54822890804926,0.401325258691443
3540680,"Fake Dream",2025-12-16,"2025-12",0,1,0,0,5.99,5.99,0,"USD",0,0,0,,0,"No user reviews",2026-09-12 15:30:07.761027,2026-09-13 19:21:25.998377,2026-09-13,2026-09-12,271,"Windows only","$5.00-$9.99",1.94448055624572,1,0,0,0,0,0,1,0,0,0,0,0,0,0,1.94448055624572,-0.00195275282042951,-1.42874720210091
3540830,"Novice in the world",2025-08-07,"2025-08",1,1,0,0,,,,,0,0,0,,0,"No user reviews",2026-09-12 15:30:12.134534,2026-09-13 19:21:28.155055,2026-09-13,2026-09-12,402,"Windows only","Free",,0,1,1,0,1,0,1,0,1,0,1,0,1,0,,0,1.09482640172854
3540880,"Balloon Hater",2025-12-16,"2025-12",0,1,1,0,4.99,4.99,0,"USD",13,8,5,0.615384615384615,5,"Mixed",2026-09-12 15:30:14.310931,2026-09-13 19:21:30.193923,2026-09-13,2026-09-12,271,"Windows + macOS","$0.01-$4.99",1.79009141212736,0,0,1,0,0,0,1,0,0,0,0,0,0,1,1.79009141212736,-0.212555002889199,-1.42874720210091
3541240,"Capsule Hero",2025-07-18,"2025-07",0,1,0,0,3.99,3.99,0,"USD",0,0,0,,0,"No user reviews",2026-09-12 15:30:18.468625,2026-09-13 19:21:32.313402,2026-09-13,2026-09-12,422,"Windows only","$0.01-$4.99",1.60743590976343,0,0,1,0,0,0,1,0,0,0,0,0,0,0,1.60743590976343,-0.461715395641907,1.48010481452693
3541750,"古咒迷途 (lost curse)",2025-11-17,"2025-11",0,1,0,0,3.99,3.99,0,"USD",67,64,3,0.955223880597015,8,"Very Positive",2026-09-12 15:30:20.707669,2026-09-13 19:21:34.508892,2026-09-13,2026-09-12,300,"Windows only","$0.01-$4.99",1.60743590976343,0,1,0,0,0,0,0,0,1,0,0,0,0,1,1.60743590976343,-0.461715395641907,-0.870093503543243
3544100,"重返大学时代",2025-08-14,"2025-08",0,1,0,0,3.99,3.99,0,"USD",3,2,1,0.666666666666667,0,"3 user reviews",2026-09-12 15:30:48.502317,2026-09-13 19:21:36.544794,2026-09-13,2026-09-12,395,"Windows only","$0.01-$4.99",1.60743590976343,0,0,1,0,0,0,1,0,1,0,1,0,0,1,1.60743590976343,-0.461715395641907,0.959978957249108
3545290,"Bearzerk",2025-09-21,"2025-09",0,1,1,1,4.99,2.49,50,"USD",10,7,3,0.7,6,"Mostly Positive",2026-09-12 15:30:50.587512,2026-09-13 19:21:38.725287,2026-09-13,2026-09-12,357,"Windows + macOS + Linux","$0.01-$4.99",1.24990173621434,1,0,1,0,0,0,0,0,0,0,0,0,0,1,1.24990173621434,-0.949427804800615,0.227949972932168
3545810,"GalanWarSong",2025-10-20,"2025-10",0,1,1,0,7.99,7.99,0,"USD",8,7,1,0.875,0,"8 user reviews",2026-09-12 15:30:52.726446,2026-09-13 19:21:40.924426,2026-09-13,2026-09-12,328,"Windows + macOS","$5.00-$9.99",2.19611284848353,0,0,0,0,0,0,1,0,1,0,0,0,1,1,2.19611284848353,0.341298887298887,-0.330703725625497
3546540,"Aker Fern 2",2025-09-30,"2025-09",1,1,0,0,,,,,0,0,0,,0,"No user reviews",2026-09-12 15:30:54.725613,2026-09-13 19:21:43.052455,2026-09-13,2026-09-12,348,"Windows only","Free",,0,1,0,0,1,0,1,0,1,0,0,0,0,0,,0,0.0545746871728924
3548050,"The Lost Song",2025-09-06,"2025-09",0,1,1,1,2.99,2.99,0,"USD",0,0,0,,0,"No user reviews",2026-09-12 15:31:03.458765,2026-09-13 19:21:45.158621,2026-09-13,2026-09-12,372,"Windows + macOS + Linux","$0.01-$4.99",1.38379123090177,0,1,0,0,0,0,1,0,0,0,0,0,0,0,1.38379123090177,-0.766789128987195,0.51690878253096
3548370,"Arcane Coven",2025-09-25,"2025-09",0,1,0,0,8.99,8.99,0,"USD",3,3,0,1,0,"3 user reviews",2026-09-12 15:31:07.78107,2026-09-13 19:21:47.272489,2026-09-13,2026-09-12,353,"Windows only","$5.00-$9.99",2.30158459266046,1,1,0,0,0,0,1,0,0,0,0,0,1,1,2.30158459266046,0.485172906221557,0.15089429037249
3549690,"Moondusk Masquerade",2025-08-18,"2025-08",0,1,1,0,10.99,10.99,0,"USD",14,10,4,0.714285714285714,6,"Mostly Positive",2026-09-12 15:31:29.277578,2026-09-13 19:21:49.379346,2026-09-13,2026-09-12,391,"Windows + macOS","$10.00-$19.99",2.48407296903942,0,0,0,0,0,0,1,0,0,0,1,0,0,1,2.48407296903942,0.734105322398058,0.88292327468943
3550490,"Overcome Your Fears - Caretaker",2025-10-20,"2025-10",0,1,0,0,5.99,3.17,47,"USD",170,127,43,0.747058823529412,6,"Mostly Positive",2026-09-12 15:31:35.803705,2026-09-13 19:21:51.495262,2026-09-13,2026-09-12,328,"Windows only","$0.01-$4.99",1.42791603581071,0,1,1,0,0,0,1,0,0,0,0,0,0,1,1.42791603581071,-0.706598477301584,-0.330703725625497
3551100,"They See Us",2025-09-03,"2025-09",0,1,0,0,3.99,3.99,0,"USD",60,51,9,0.85,8,"Very Positive",2026-09-12 15:31:42.156852,2026-09-13 19:21:53.593713,2026-09-13,2026-09-12,375,"Windows only","$0.01-$4.99",1.60743590976343,1,1,0,0,0,0,1,0,0,0,1,0,0,1,1.60743590976343,-0.461715395641907,0.574700544450719
3552200,"It's John's House",2025-10-03,"2025-10",0,1,1,0,3.99,3.99,0,"USD",11,7,4,0.636363636363636,5,"Mixed",2026-09-12 15:31:57.160381,2026-09-13 19:21:55.658122,2026-09-13,2026-09-12,345,"Windows + macOS","$0.01-$4.99",1.60743590976343,0,1,0,0,0,0,1,0,0,0,0,0,0,1,1.60743590976343,-0.461715395641907,-0.00321707474686604
3552220,"Match Shot Chimera",2025-09-24,"2025-09",0,1,1,1,2.99,2.99,0,"USD",6,6,0,1,0,"6 user reviews",2026-09-12 15:31:59.504606,2026-09-13 19:21:57.909249,2026-09-13,2026-09-12,354,"Windows + macOS + Linux","$0.01-$4.99",1.38379123090177,1,0,0,1,0,0,0,0,0,0,0,0,0,1,1.38379123090177,-0.766789128987195,0.170158211012409
3552820,"The Horde Wants You Dead",2025-10-27,"2025-10",0,1,0,0,9.99,9.99,0,"USD",269,172,97,0.639405204460966,5,"Mixed",2026-09-12 15:32:08.122247,2026-09-13 19:22:00.061767,2026-09-13,2026-09-12,321,"Windows only","$5.00-$9.99",2.39698576841553,1,0,1,0,0,0,1,0,0,0,0,0,0,1,2.39698576841553,0.615309661548216,-0.465551170104934
3552920,"Bomb Bowling X",2025-07-02,"2025-07",0,1,0,0,4.99,4.99,0,"USD",0,0,0,,0,"No user reviews",2026-09-12 15:32:14.406168,2026-09-13 19:22:02.223478,2026-09-13,2026-09-12,438,"Windows only","$0.01-$4.99",1.79009141212736,0,0,0,0,0,0,1,0,0,0,0,1,0,0,1.79009141212736,-0.212555002889199,1.78832754476565
3552970,"We Don't Cry: Zombie Survival",2025-08-06,"2025-08",0,1,0,0,11.99,11.99,0,"USD",1,0,1,0,0,"1 user reviews",2026-09-12 15:32:16.446183,2026-09-13 19:22:04.273698,2026-09-13,2026-09-12,403,"Windows only","$10.00-$19.99",2.56417983068251,1,0,0,0,0,0,1,0,0,0,0,0,1,1,2.56417983068251,0.843379102004269,1.11409032236846
3553190,"Anime FPS: Guns vs Magic",2025-07-25,"2025-07",0,1,0,0,12.99,12.99,0,"USD",18,11,7,0.611111111111111,5,"Mixed",2026-09-12 15:32:18.679642,2026-09-13 19:22:06.437143,2026-09-13,2026-09-12,415,"Windows only","$10.00-$19.99",2.63834278867739,1,0,0,1,0,0,1,0,0,0,0,0,0,1,2.63834278867739,0.944544801928764,1.3452573700475
3553260,"QuickMaze",2025-08-13,"2025-08",0,1,0,0,0.99,0.99,0,"USD",2,2,0,1,0,"2 user reviews",2026-09-12 15:32:20.673128,2026-09-13 19:22:08.64597,2026-09-13,2026-09-12,396,"Windows only","$0.01-$4.99",0.688134638736401,0,0,1,0,0,0,1,0,0,0,0,0,0,1,0.688134638736401,-1.71573437006504,0.979242877889028
3553930,"MeCatVR",2025-11-27,"2025-11",1,1,0,0,,,,,0,0,0,,0,"No user reviews",2026-09-12 15:32:33.607141,2026-09-13 19:22:10.88331,2026-09-13,2026-09-12,290,"Windows only","Free",,0,1,1,1,1,0,1,0,0,0,1,0,0,0,,0,-1.06273270994244
3554010,"Lixing's Picross World",2025-07-03,"2025-07",0,1,0,0,2.99,2.99,0,"USD",1,1,0,1,0,"1 user reviews",2026-09-12 15:32:35.812534,2026-09-13 19:22:13.12437,2026-09-13,2026-09-12,437,"Windows only","$0.01-$4.99",1.38379123090177,0,0,1,0,0,0,0,0,0,0,0,0,1,1,1.38379123090177,-0.766789128987195,1.76906362412573
3554100,"Warrior's Dilemma",2025-07-18,"2025-07",0,1,0,0,0.99,0.99,0,"USD",5,4,1,0.8,0,"5 user reviews",2026-09-12 15:32:41.541967,2026-09-13 19:22:15.211819,2026-09-13,2026-09-12,422,"Windows only","$0.01-$4.99",0.688134638736401,0,0,1,0,0,0,1,0,1,0,0,0,1,1,0.688134638736401,-1.71573437006504,1.48010481452693
3555840,"Space Crash Simulator",2025-11-26,"2025-11",0,1,1,0,9.99,9.99,0,"USD",21,18,3,0.857142857142857,7,"Positive",2026-09-12 15:32:56.000559,2026-09-13 19:22:17.263279,2026-09-13,2026-09-12,291,"Windows + macOS","$5.00-$9.99",2.39698576841553,0,0,1,0,0,0,1,0,0,0,1,0,0,1,2.39698576841553,0.615309661548216,-1.04346878930252
3555980,"Caput Mortum",2025-08-27,"2025-08",0,1,0,0,11.99,7.19,40,"USD",352,334,18,0.948863636363636,8,"Very Positive",2026-09-12 15:33:00.339944,2026-09-13 19:22:19.435175,2026-09-13,2026-09-12,382,"Windows only","$5.00-$9.99",2.10291389786498,0,1,0,0,0,0,0,0,0,0,0,0,0,1,2.10291389786498,0.214166187545934,0.709547988930155
3556730,"Hypnosis Knight-Princess",2025-08-22,"2025-08",0,1,0,0,14.99,14.99,0,"USD",144,122,22,0.847222222222222,8,"Very Positive",2026-09-12 15:33:11.110798,2026-09-13 19:22:21.505706,2026-09-13,2026-09-12,387,"Windows only","$10.00-$19.99",2.77196352684586,0,1,0,0,0,0,0,0,1,0,0,0,0,1,2.77196352684586,1.12681686694233,0.805867592129753
3556750,"Warhammer 40,000: Dawn of War - Definitive Edition",2025-08-14,"2025-08",0,1,0,0,29.99,20.99,30,"USD",12237,10490,1747,0.857236250715045,8,"Very Positive",2026-09-12 15:33:13.200207,2026-09-13 19:22:23.588882,2026-09-13,2026-09-12,395,"Windows only","$20.00-$29.99",3.09058780456667,0,0,0,0,0,0,0,0,0,0,0,0,1,1,3.09058780456667,1.56145228251983,0.959978957249108
3556780,"The Last Shores",2025-10-05,"2025-10",1,1,0,0,,,,,0,0,0,,0,"No user reviews",2026-09-12 15:33:17.449059,2026-09-13 19:22:25.655217,2026-09-13,2026-09-12,343,"Windows only","Free",,0,1,1,0,1,0,1,0,0,0,0,0,0,0,,0,-0.041744916026705
3560030,"Cataclysm: The Last Generation",2025-07-11,"2025-07",0,1,1,1,6.99,6.99,0,"USD",279,251,28,0.899641577060932,8,"Very Positive",2026-09-12 15:33:40.72636,2026-09-13 19:22:27.800215,2026-09-13,2026-09-12,429,"Windows + macOS + Linux","$5.00-$9.99",2.07819075977818,0,1,0,0,0,0,0,0,1,0,1,0,0,1,2.07819075977818,0.18044135190692,1.61495225900637
3560370,"éalú",2025-10-02,"2025-10",0,1,1,0,9.99,9.99,0,"USD",253,235,18,0.928853754940711,8,"Very Positive",2026-09-12 15:33:42.944386,2026-09-13 19:22:30.004598,2026-09-13,2026-09-12,346,"Windows + macOS","$5.00-$9.99",2.39698576841553,0,1,1,0,0,0,1,0,0,0,0,0,0,1,2.39698576841553,0.615309661548216,0.0160468458930535
3561170,"Leaks In Space",2025-11-23,"2025-11",0,1,0,1,14.99,14.99,0,"USD",14,10,4,0.714285714285714,6,"Mostly Positive",2026-09-12 15:33:53.660469,2026-09-13 19:22:32.017163,2026-09-13,2026-09-12,294,"Windows + Linux","$10.00-$19.99",2.77196352684586,0,0,0,1,0,0,0,0,0,0,1,0,0,1,2.77196352684586,1.12681686694233,-0.98567702738276
3561190,"Bad Midwife",2025-09-05,"2025-09",0,1,0,0,3.99,3.99,0,"USD",17,4,13,0.235294117647059,4,"Mostly Negative",2026-09-12 15:33:55.796209,2026-09-13 19:22:34.257029,2026-09-13,2026-09-12,373,"Windows only","$0.01-$4.99",1.60743590976343,0,1,1,0,0,0,1,0,0,0,0,0,0,1,1.60743590976343,-0.461715395641907,0.53617270317088
3561230,"Dreams of Another",2025-10-09,"2025-10",0,1,0,0,34.99,34.99,0,"USD",16,12,4,0.75,6,"Mostly Positive",2026-09-12 15:33:58.025607,2026-09-13 19:22:36.297739,2026-09-13,2026-09-12,339,"Windows only","$30.00+",3.58324112209094,1,1,0,0,0,0,1,0,1,0,0,0,0,1,3.58324112209094,2.23348073223332,-0.118800598586383
3561830,"100 Cats Istanbul",2025-11-07,"2025-11",0,1,0,0,0.99,0.99,0,"USD",43,40,3,0.930232558139535,7,"Positive",2026-09-12 15:34:06.673076,2026-09-13 19:22:38.337545,2026-09-13,2026-09-12,310,"Windows only","$0.01-$4.99",0.688134638736401,0,0,1,0,0,0,1,0,0,0,0,0,0,1,0.688134638736401,-1.71573437006504,-0.677454297144048
3561970,"Friend of a Slime",2025-07-04,"2025-07",0,1,0,1,4.99,4.99,0,"USD",15,12,3,0.8,7,"Positive",2026-09-12 15:34:08.699787,2026-09-13 19:22:40.406206,2026-09-13,2026-09-12,436,"Windows + Linux","$0.01-$4.99",1.79009141212736,1,1,0,0,0,0,1,0,1,0,0,0,0,1,1.79009141212736,-0.212555002889199,1.74979970348581
3562220,"Questy Chess",2025-07-11,"2025-07",0,1,1,1,5.99,5.99,0,"USD",4,4,0,1,0,"4 user reviews",2026-09-12 15:34:10.915423,2026-09-13 19:22:42.46169,2026-09-13,2026-09-12,429,"Windows + macOS + Linux","$5.00-$9.99",1.94448055624572,0,0,0,0,0,0,0,0,1,0,0,0,1,1,1.94448055624572,-0.00195275282042951,1.61495225900637
3563380,"Mari's Magical Deliveries",2025-12-08,"2025-12",0,1,0,0,4.99,4.99,0,"USD",3,3,0,1,0,"3 user reviews",2026-09-12 15:34:17.100118,2026-09-13 19:22:44.530118,2026-09-13,2026-09-12,279,"Windows only","$0.01-$4.99",1.79009141212736,0,0,1,0,0,0,1,0,0,0,0,0,0,1,1.79009141212736,-0.212555002889199,-1.27463583698155
3563480,"Interstellar Espionage Inc.",2025-11-17,"2025-11",0,1,0,0,11.99,11.99,0,"USD",15,14,1,0.933333333333333,7,"Positive",2026-09-12 15:34:19.184036,2026-09-13 19:22:46.746331,2026-09-13,2026-09-12,300,"Windows only","$10.00-$19.99",2.56417983068251,0,0,0,0,0,0,1,0,0,0,1,0,1,1,2.56417983068251,0.843379102004269,-0.870093503543243
3563700,"Car Driving School Simulator",2025-09-17,"2025-09",0,1,1,1,11.99,11.99,0,"USD",8,5,3,0.625,0,"8 user reviews",2026-09-12 15:34:23.343166,2026-09-13 19:22:48.816613,2026-09-13,2026-09-12,361,"Windows + macOS + Linux","$10.00-$19.99",2.56417983068251,1,0,1,0,0,0,0,0,0,1,1,0,0,1,2.56417983068251,0.843379102004269,0.305005655491846
3564740,"Where Winds Meet",2025-11-14,"2025-11",1,1,0,0,,,,,0,0,0,,0,"No user reviews",2026-09-12 15:34:35.941772,2026-09-13 19:22:50.973803,2026-09-13,2026-09-12,303,"Windows only","Free",,1,1,1,0,1,0,1,1,1,1,1,0,1,0,,0,-0.812301741623485
3565250,"Crossing Chains",2025-12-12,"2025-12",0,1,1,1,6.99,6.99,0,"USD",5,5,0,1,0,"5 user reviews",2026-09-12 15:34:48.706043,2026-09-13 19:22:53.155252,2026-09-13,2026-09-12,275,"Windows + macOS + Linux","$5.00-$9.99",2.07819075977818,0,0,1,0,0,0,1,0,0,0,0,0,0,1,2.07819075977818,0.18044135190692,-1.35169151954123
3565330,"Squinky",2025-12-20,"2025-12",0,1,1,1,4.99,4.99,0,"USD",5,5,0,1,0,"5 user reviews",2026-09-12 15:34:50.723274,2026-09-13 19:22:55.206229,2026-09-13,2026-09-12,267,"Windows + macOS + Linux","$0.01-$4.99",1.79009141212736,0,1,0,0,0,0,1,0,0,0,0,0,1,1,1.79009141212736,-0.212555002889199,-1.50580288466059
3565680,"DECRYPTO Project",2025-11-19,"2025-11",0,1,0,0,5.99,5.99,0,"USD",6,6,0,1,0,"6 user reviews",2026-09-12 15:34:57.059719,2026-09-13 19:22:57.22421,2026-09-13,2026-09-12,298,"Windows only","$5.00-$9.99",1.94448055624572,0,0,0,0,0,0,1,0,0,0,1,0,0,1,1.94448055624572,-0.00195275282042951,-0.908621344823082
3565700,"Forgedale",2025-10-30,"2025-10",0,1,0,0,9.99,9.99,0,"USD",1,1,0,1,0,"1 user reviews",2026-09-12 15:34:59.254853,2026-09-13 19:22:59.383821,2026-09-13,2026-09-12,318,"Windows only","$5.00-$9.99",2.39698576841553,1,1,0,0,0,0,0,0,1,0,0,0,0,1,2.39698576841553,0.615309661548216,-0.523342932024692
3566100,"Bottomless Pit Supervisor",2025-11-03,"2025-11",0,1,0,0,4.99,4.99,0,"USD",16,9,7,0.5625,5,"Mixed",2026-09-12 15:35:01.386492,2026-09-13 19:23:01.651415,2026-09-13,2026-09-12,314,"Windows only","$0.01-$4.99",1.79009141212736,0,0,0,0,0,0,0,0,0,0,1,0,0,1,1.79009141212736,-0.212555002889199,-0.60039861458437
3568030,"Beast and Cleaver",2025-10-01,"2025-10",0,1,0,0,0.99,0.99,0,"USD",3,3,0,1,0,"3 user reviews",2026-09-12 15:35:20.504982,2026-09-13 19:23:03.664868,2026-09-13,2026-09-12,347,"Windows only","$0.01-$4.99",0.688134638736401,0,1,0,0,0,0,1,0,1,0,0,0,0,1,0.688134638736401,-1.71573437006504,0.0353107665329729
3568460,"MustScream",2025-07-30,"2025-07",0,1,0,0,6.99,6.99,0,"USD",304,151,153,0.496710526315789,5,"Mixed",2026-09-12 15:35:24.741444,2026-09-13 19:23:05.700119,2026-09-13,2026-09-12,410,"Windows only","$5.00-$9.99",2.07819075977818,1,0,1,0,0,0,1,0,0,0,0,0,0,1,2.07819075977818,0.18044135190692,1.2489377668479
3568550,"Tainted Pools",2025-07-14,"2025-07",0,1,0,0,3.99,3.99,0,"USD",3,1,2,0.333333333333333,0,"3 user reviews",2026-09-12 15:35:29.099328,2026-09-13 19:23:07.778358,2026-09-13,2026-09-12,426,"Windows only","$0.01-$4.99",1.60743590976343,1,0,0,0,0,0,1,0,0,0,0,0,0,1,1.60743590976343,-0.461715395641907,1.55716049708661
3569570,"Project Dreamscape",2025-07-04,"2025-07",1,1,0,0,,,,,0,0,0,,0,"No user reviews",2026-09-12 15:35:33.275669,2026-09-13 19:23:09.887873,2026-09-13,2026-09-12,436,"Windows only","Free",,1,0,0,1,1,0,1,0,1,0,0,0,1,0,,0,1.74979970348581
3570370,"CARIMARA: Beneath the forlorn limbs",2025-10-06,"2025-10",0,1,1,0,4.99,4.99,0,"USD",2728,2625,103,0.962243401759531,9,"Overwhelmingly Positive",2026-09-12 15:35:50.369197,2026-09-13 19:23:12.099088,2026-09-13,2026-09-12,342,"Windows + macOS","$0.01-$4.99",1.79009141212736,0,1,1,0,0,0,1,0,0,0,0,0,0,1,1.79009141212736,-0.212555002889199,-0.0610088366666245
3571640,"Mystic Jumper",2025-10-24,"2025-10",0,1,0,1,2.99,2.99,0,"USD",2,2,0,1,0,"2 user reviews",2026-09-12 15:35:54.766717,2026-09-13 19:23:14.335113,2026-09-13,2026-09-12,324,"Windows + Linux","$0.01-$4.99",1.38379123090177,0,0,1,0,0,0,1,0,0,0,0,0,0,1,1.38379123090177,-0.766789128987195,-0.407759408185175
3571710,"Leaf Blower Co.",2025-11-17,"2025-11",0,1,0,0,19.99,19.99,0,"USD",214,164,50,0.766355140186916,6,"Mostly Positive",2026-09-12 15:35:58.935547,2026-09-13 19:23:16.508262,2026-09-13,2026-09-12,300,"Windows only","$10.00-$19.99",3.04404613383254,0,0,1,0,0,0,1,0,0,0,1,0,0,1,3.04404613383254,1.49796478387127,-0.870093503543243
3571780,"Mosh Pit Mayhem",2025-11-11,"2025-11",0,1,0,1,29.99,29.99,0,"USD",1,1,0,1,0,"1 user reviews",2026-09-12 15:36:00.971565,2026-09-13 19:23:18.530878,2026-09-13,2026-09-12,306,"Windows + Linux","$20.00-$29.99",3.43366457179966,1,0,1,0,0,0,1,0,0,0,0,0,0,1,3.43366457179966,2.02944334198315,-0.754509979703726
3572030,"Motamo",2025-07-05,"2025-07",1,1,1,1,,,,,1,1,0,1,0,"1 user reviews",2026-09-12 15:36:03.109954,2026-09-13 19:23:20.564601,2026-09-13,2026-09-12,435,"Windows + macOS + Linux","Free",,0,0,1,0,1,0,1,0,0,0,0,0,0,1,,0,1.73053578284589
3572530,"LHEA and the Word Spirit",2025-09-21,"2025-09",0,1,0,0,9.99,9.99,0,"USD",5,5,0,1,0,"5 user reviews",2026-09-12 15:36:09.934636,2026-09-13 19:23:22.771446,2026-09-13,2026-09-12,357,"Windows only","$5.00-$9.99",2.39698576841553,0,1,1,0,0,0,1,0,0,0,0,0,1,1,2.39698576841553,0.615309661548216,0.227949972932168
3572930,"PiQuests",2025-09-22,"2025-09",0,1,0,0,9.99,9.99,0,"USD",0,0,0,,0,"No user reviews",2026-09-12 15:36:18.478591,2026-09-13 19:23:24.992899,2026-09-13,2026-09-12,356,"Windows only","$5.00-$9.99",2.39698576841553,1,1,0,1,0,0,1,0,1,0,0,0,0,0,2.39698576841553,0.615309661548216,0.208686052292248
3572960,"The Last hope",2025-09-09,"2025-09",1,1,0,0,,,,,0,0,0,,0,"No user reviews",2026-09-12 15:36:20.67025,2026-09-13 19:23:27.203489,2026-09-13,2026-09-12,369,"Windows only","Free",,1,1,0,0,1,0,1,0,0,0,0,0,0,0,,0,0.459117020611202
3575020,"Couch Racers",2025-07-10,"2025-07",0,1,0,0,4.99,4.99,0,"USD",2,2,0,1,0,"2 user reviews",2026-09-12 15:36:39.894546,2026-09-13 19:23:29.283714,2026-09-13,2026-09-12,430,"Windows only","$0.01-$4.99",1.79009141212736,0,0,1,0,0,0,1,0,0,1,0,1,1,1,1.79009141212736,-0.212555002889199,1.63421617964629
3575380,"Dungeon Escape",2025-09-19,"2025-09",0,1,0,0,2.99,2.99,0,"USD",3,2,1,0.666666666666667,0,"3 user reviews",2026-09-12 15:36:46.218893,2026-09-13 19:23:31.507156,2026-09-13,2026-09-12,359,"Windows only","$0.01-$4.99",1.38379123090177,0,1,0,0,0,0,0,0,0,0,0,0,1,1,1.38379123090177,-0.766789128987195,0.266477814212007
3575810,"Pick Your Poison",2025-07-26,"2025-07",0,1,1,1,1.99,1.99,0,"USD",2,1,1,0.5,0,"2 user reviews",2026-09-12 15:36:52.407557,2026-09-13 19:23:33.555141,2026-09-13,2026-09-12,414,"Windows + macOS + Linux","$0.01-$4.99",1.0952733874026,0,0,1,0,0,0,1,0,0,0,0,0,1,1,1.0952733874026,-1.16035635402041,1.32599344940758
3575980,"Fantasy Maiden Wars - DREAM OF THE STRAY DREAMER -",2025-10-20,"2025-10",0,1,0,0,34.99,34.99,0,"USD",574,565,9,0.984320557491289,9,"Overwhelmingly Positive",2026-09-12 15:36:56.472354,2026-09-13 19:23:35.732221,2026-09-13,2026-09-12,328,"Windows only","$30.00+",3.58324112209094,0,0,0,0,0,0,1,0,1,0,1,0,0,1,3.58324112209094,2.23348073223332,-0.330703725625497
3575990,"Gun Paradise",2025-07-10,"2025-07",0,1,0,0,7.99,7.99,0,"USD",8,7,1,0.875,0,"8 user reviews",2026-09-12 15:36:58.686145,2026-09-13 19:23:37.927901,2026-09-13,2026-09-12,430,"Windows only","$5.00-$9.99",2.19611284848353,1,0,0,0,0,0,0,0,1,0,0,0,0,1,2.19611284848353,0.341298887298887,1.63421617964629
3576000,"Behind The Curtain",2025-10-20,"2025-10",0,1,0,0,3.99,3.99,0,"USD",1,1,0,1,0,"1 user reviews",2026-09-12 15:37:00.829671,2026-09-13 19:23:40.058035,2026-09-13,2026-09-12,328,"Windows only","$0.01-$4.99",1.60743590976343,0,0,0,0,0,0,1,0,0,0,0,0,0,1,1.60743590976343,-0.461715395641907,-0.330703725625497
3576060,"Project Origin",2025-08-12,"2025-08",1,1,1,0,,,,,0,0,0,,0,"No user reviews",2026-09-12 15:37:03.00845,2026-09-13 19:23:42.094287,2026-09-13,2026-09-12,397,"Windows + macOS","Free",,0,0,0,1,1,0,0,0,1,0,0,0,0,0,,0,0.998506798528947
3577080,"Aokigahara :The death forest",2025-07-30,"2025-07",1,1,0,0,,,,,12,8,4,0.666666666666667,5,"Mixed",2026-09-12 15:37:13.953526,2026-09-13 19:23:44.2971,2026-09-13,2026-09-12,410,"Windows only","Free",,1,1,0,0,1,0,1,0,0,0,0,0,0,1,,0,1.2489377668479
3577140,"Escape from Mental Hospital",2025-11-17,"2025-11",0,1,1,0,9.99,9.99,0,"USD",2,2,0,1,0,"2 user reviews",2026-09-12 15:37:16.152988,2026-09-13 19:23:46.309616,2026-09-13,2026-09-12,300,"Windows + macOS","$5.00-$9.99",2.39698576841553,0,1,1,0,0,0,0,0,0,0,0,0,0,1,2.39698576841553,0.615309661548216,-0.870093503543243
3578450,"Ex vs Ex",2025-11-17,"2025-11",1,1,0,0,,,,,0,0,0,,0,"No user reviews",2026-09-12 15:37:24.541344,2026-09-13 19:23:48.562815,2026-09-13,2026-09-12,300,"Windows only","Free",,0,0,1,1,1,0,0,0,0,0,0,0,1,0,,0,-0.870093503543243
3578500,"Rusty Foodies",2025-11-19,"2025-11",0,1,0,0,4.99,4.99,0,"USD",1,1,0,1,0,"1 user reviews",2026-09-12 15:37:26.607335,2026-09-13 19:23:50.724562,2026-09-13,2026-09-12,298,"Windows only","$0.01-$4.99",1.79009141212736,0,0,1,0,0,0,1,0,0,0,0,0,0,1,1.79009141212736,-0.212555002889199,-0.908621344823082
3578960,"Wave Leads You...",2025-11-27,"2025-11",0,1,0,0,9.99,9.99,0,"USD",2,2,0,1,0,"2 user reviews",2026-09-12 15:37:30.64912,2026-09-13 19:23:52.743449,2026-09-13,2026-09-12,290,"Windows only","$5.00-$9.99",2.39698576841553,1,0,0,0,0,0,1,0,0,0,0,0,0,1,2.39698576841553,0.615309661548216,-1.06273270994244
3579010,"JAIL DICE: Roll to Break",2025-08-26,"2025-08",0,1,0,0,6.99,6.99,0,"USD",8,8,0,1,0,"8 user reviews",2026-09-12 15:37:32.671638,2026-09-13 19:23:54.811068,2026-09-13,2026-09-12,383,"Windows only","$5.00-$9.99",2.07819075977818,1,0,1,0,0,0,1,0,0,0,0,0,1,1,2.07819075977818,0.18044135190692,0.728811909570075
3579320,"Arthur's Pet Chase",2025-08-24,"2025-08",0,1,0,0,9.99,9.99,0,"USD",3,3,0,1,0,"3 user reviews",2026-09-12 15:37:34.762165,2026-09-13 19:23:56.877834,2026-09-13,2026-09-12,385,"Windows only","$5.00-$9.99",2.39698576841553,0,1,1,0,0,0,0,0,0,0,0,0,0,1,2.39698576841553,0.615309661548216,0.767339750849914
3579330,"Arthur's Sand Castle Contest",2025-08-24,"2025-08",0,1,0,0,9.99,9.99,0,"USD",0,0,0,,0,"No user reviews",2026-09-12 15:37:36.81244,2026-09-13 19:23:59.036217,2026-09-13,2026-09-12,385,"Windows only","$5.00-$9.99",2.39698576841553,0,1,1,0,0,0,0,0,0,0,0,0,0,0,2.39698576841553,0.615309661548216,0.767339750849914
3579360,"Caveman Jump Jump",2025-08-15,"2025-08",0,1,1,0,1.99,1.99,0,"USD",0,0,0,,0,"No user reviews",2026-09-12 15:37:38.855253,2026-09-13 19:24:01.121119,2026-09-13,2026-09-12,394,"Windows + macOS","$0.01-$4.99",1.0952733874026,0,1,1,0,0,0,1,0,0,0,0,0,0,0,1.0952733874026,-1.16035635402041,0.940715036609189
3580440,"TimeNot",2025-08-20,"2025-08",0,1,0,0,5,5,0,"USD",0,0,0,,0,"No user reviews",2026-09-12 15:37:54.193801,2026-09-13 19:24:03.3685,2026-09-13,2026-09-12,389,"Windows only","$5.00-$9.99",1.79175946922805,1,1,1,0,0,0,1,0,0,1,0,0,0,0,1.79175946922805,-0.210279605997429,0.844395433409591
3580760,"Concrete Spaces",2025-07-01,"2025-07",0,1,0,0,4.99,4.99,0,"USD",6,6,0,1,0,"6 user reviews",2026-09-12 15:37:58.562504,2026-09-13 19:24:05.499068,2026-09-13,2026-09-12,439,"Windows only","$0.01-$4.99",1.79009141212736,0,0,0,0,0,0,1,0,0,0,0,0,0,1,1.79009141212736,-0.212555002889199,1.80759146540557
3582170,"Cart Capers",2025-07-04,"2025-07",0,1,0,0,1.99,1.99,0,"USD",5,5,0,1,0,"5 user reviews",2026-09-12 15:38:04.961279,2026-09-13 19:24:07.679438,2026-09-13,2026-09-12,436,"Windows only","$0.01-$4.99",1.0952733874026,0,0,1,0,0,0,1,0,0,1,0,0,0,1,1.0952733874026,-1.16035635402041,1.74979970348581
3582270,"RYZY NYIL",2025-12-31,"2025-12",0,1,0,0,9.99,2.99,70,"USD",5,5,0,1,0,"5 user reviews",2026-09-12 15:38:09.397917,2026-09-13 19:24:09.699741,2026-09-13,2026-09-12,256,"Windows only","$0.01-$4.99",1.38379123090177,1,0,0,0,0,0,1,0,0,0,0,0,0,1,1.38379123090177,-0.766789128987195,-1.7177060116997
3582390,"Sinisomnia",2025-10-23,"2025-10",0,1,1,0,6.99,6.99,0,"USD",36,32,4,0.888888888888889,7,"Positive",2026-09-12 15:38:15.657021,2026-09-13 19:24:11.810496,2026-09-13,2026-09-12,325,"Windows + macOS","$5.00-$9.99",2.07819075977818,0,1,0,0,0,0,1,0,0,0,1,0,1,1,2.07819075977818,0.18044135190692,-0.388495487545256
3582640,"<U+2022> Dread Chess <U+2723>",2025-09-07,"2025-09",1,1,0,0,,,,,0,0,0,,0,"No user reviews",2026-09-12 15:38:24.052802,2026-09-13 19:24:14.019787,2026-09-13,2026-09-12,371,"Windows only","Free",,0,1,1,0,1,0,1,0,0,0,0,0,1,0,,0,0.497644861891041
3583330,"Robot Anomaly",2025-07-16,"2025-07",0,1,1,1,3.99,3.19,20,"USD",15,10,5,0.666666666666667,5,"Mixed",2026-09-12 15:38:36.849943,2026-09-13 19:24:16.169441,2026-09-13,2026-09-12,424,"Windows + macOS + Linux","$0.01-$4.99",1.43270073393405,0,1,0,0,0,0,1,0,0,0,1,0,0,1,1.43270073393405,-0.700071670015821,1.51863265580677
3583530,"Vampire's Best Friend",2025-10-06,"2025-10",0,1,0,0,9.99,7.99,20,"USD",72,71,1,0.986111111111111,8,"Very Positive",2026-09-12 15:38:39.091706,2026-09-13 19:24:18.31508,2026-09-13,2026-09-12,342,"Windows only","$5.00-$9.99",2.19611284848353,1,1,0,0,0,0,1,0,0,0,0,0,0,1,2.19611284848353,0.341298887298887,-0.0610088366666245
3583760,"Earth Space Defenders",2025-10-21,"2025-10",0,1,0,0,6.99,6.99,0,"USD",0,0,0,,0,"No user reviews",2026-09-12 15:38:41.148081,2026-09-13 19:24:20.435523,2026-09-13,2026-09-12,327,"Windows only","$5.00-$9.99",2.07819075977818,1,0,0,0,0,0,0,0,0,0,0,0,0,0,2.07819075977818,0.18044135190692,-0.349967646265417
3583790,"Virtual Skate",2025-08-21,"2025-08",0,1,0,0,19.99,19.99,0,"USD",95,94,1,0.989473684210526,8,"Very Positive",2026-09-12 15:38:43.269598,2026-09-13 19:24:22.627396,2026-09-13,2026-09-12,388,"Windows only","$10.00-$19.99",3.04404613383254,1,0,1,1,0,0,1,0,0,0,1,1,0,1,3.04404613383254,1.49796478387127,0.825131512769672
3584360,"War Untold",2025-07-08,"2025-07",0,1,0,0,1.99,1.99,0,"USD",17,14,3,0.823529411764706,7,"Positive",2026-09-12 15:38:45.517115,2026-09-13 19:24:24.67983,2026-09-13,2026-09-12,432,"Windows only","$0.01-$4.99",1.0952733874026,0,0,0,1,0,0,1,0,0,0,0,0,1,1,1.0952733874026,-1.16035635402041,1.67274402092613
3584910,"Terror Call",2025-09-06,"2025-09",0,1,0,0,4.99,4.99,0,"USD",33,23,10,0.696969696969697,5,"Mixed",2026-09-12 15:38:47.727145,2026-09-13 19:24:26.900337,2026-09-13,2026-09-12,372,"Windows only","$0.01-$4.99",1.79009141212736,1,1,0,0,0,0,1,0,0,0,0,0,1,1,1.79009141212736,-0.212555002889199,0.51690878253096
3585480,"Soul Gather",2025-10-27,"2025-10",0,1,0,0,7.99,7.99,0,"USD",0,0,0,,0,"No user reviews",2026-09-12 15:39:02.948662,2026-09-13 19:24:28.987369,2026-09-13,2026-09-12,321,"Windows only","$5.00-$9.99",2.19611284848353,1,0,0,1,0,0,1,0,0,0,0,0,0,0,2.19611284848353,0.341298887298887,-0.465551170104934
3585600,"Your husband",2025-08-22,"2025-08",0,1,0,0,0.99,0.99,0,"USD",3,3,0,1,0,"3 user reviews",2026-09-12 15:39:07.194581,2026-09-13 19:24:31.159661,2026-09-13,2026-09-12,387,"Windows only","$0.01-$4.99",0.688134638736401,0,0,1,0,0,0,1,0,1,0,1,0,0,1,0.688134638736401,-1.71573437006504,0.805867592129753
3585640,"Lavender Field",2025-09-29,"2025-09",0,1,1,1,4.99,4.99,0,"USD",3,3,0,1,0,"3 user reviews",2026-09-12 15:39:11.312597,2026-09-13 19:24:33.210461,2026-09-13,2026-09-12,349,"Windows + macOS + Linux","$0.01-$4.99",1.79009141212736,0,1,0,0,0,0,1,0,0,0,0,0,0,1,1.79009141212736,-0.212555002889199,0.0738386078128119
3586670,"Mahjong Solitaire Pro",2025-09-08,"2025-09",0,1,0,0,4.99,4.99,0,"USD",2,0,2,0,0,"2 user reviews",2026-09-12 15:39:27.024601,2026-09-13 19:24:35.280385,2026-09-13,2026-09-12,370,"Windows only","$0.01-$4.99",1.79009141212736,0,0,1,1,0,0,1,0,0,0,0,0,1,1,1.79009141212736,-0.212555002889199,0.478380941251121
3586880,"Sudoku Pro",2025-09-08,"2025-09",0,1,0,0,4.99,4.99,0,"USD",0,0,0,,0,"No user reviews",2026-09-12 15:39:29.066281,2026-09-13 19:24:37.343302,2026-09-13,2026-09-12,370,"Windows only","$0.01-$4.99",1.79009141212736,0,0,1,1,0,0,1,0,0,0,0,0,1,0,1.79009141212736,-0.212555002889199,0.478380941251121
3587090,"Double It",2025-07-11,"2025-07",0,1,0,0,5.99,5.99,0,"USD",23,21,2,0.91304347826087,7,"Positive",2026-09-12 15:39:37.362926,2026-09-13 19:24:39.582333,2026-09-13,2026-09-12,429,"Windows only","$5.00-$9.99",1.94448055624572,1,0,1,0,0,0,0,0,1,0,0,0,0,1,1.94448055624572,-0.00195275282042951,1.61495225900637
3589720,"Ball & Roll",2025-11-21,"2025-11",0,1,0,0,2.99,2.69,10,"USD",21,13,8,0.619047619047619,5,"Mixed",2026-09-12 15:40:07.355115,2026-09-13 19:24:41.820833,2026-09-13,2026-09-12,296,"Windows only","$0.01-$4.99",1.30562645805244,0,1,1,0,0,0,1,0,0,0,0,0,0,1,1.30562645805244,-0.873413705036171,-0.947149186102921
3590020,"Roulette Pro Simulator",2025-09-15,"2025-09",0,1,0,0,5.99,5.99,0,"USD",2,0,2,0,0,"2 user reviews",2026-09-12 15:40:11.512533,2026-09-13 19:24:43.872023,2026-09-13,2026-09-12,363,"Windows only","$5.00-$9.99",1.94448055624572,0,0,1,1,0,0,1,0,0,0,1,0,0,1,1.94448055624572,-0.00195275282042951,0.343533496771685
3590590,"AnimaCircus",2025-11-07,"2025-11",0,1,0,1,4.99,4.99,0,"USD",2,2,0,1,0,"2 user reviews",2026-09-12 15:40:20.88742,2026-09-13 19:24:46.01914,2026-09-13,2026-09-12,310,"Windows + Linux","$0.01-$4.99",1.79009141212736,0,0,1,0,0,0,1,0,0,0,0,1,0,1,1.79009141212736,-0.212555002889199,-0.677454297144048
3590970,"Astrohaulers",2025-09-02,"2025-09",1,1,1,0,,,,,0,0,0,,0,"No user reviews",2026-09-12 15:40:36.310576,2026-09-13 19:24:48.2119,2026-09-13,2026-09-12,376,"Windows + macOS","Free",,0,0,1,0,1,0,1,0,0,0,0,0,1,0,,0,0.593964465090638
3591360,"Bad Bitch Blasters",2025-10-26,"2025-10",0,1,0,0,2.99,2.99,0,"USD",383,379,4,0.989556135770235,8,"Very Positive",2026-09-12 15:40:40.70462,2026-09-13 19:24:50.40405,2026-09-13,2026-09-12,322,"Windows only","$0.01-$4.99",1.38379123090177,0,1,0,0,0,0,1,0,1,0,0,0,1,1,1.38379123090177,-0.766789128987195,-0.446287249465014
3591770,"Helping Hand",2025-09-05,"2025-09",0,1,0,0,5.99,5.99,0,"USD",0,0,0,,0,"No user reviews",2026-09-12 15:40:47.189114,2026-09-13 19:24:52.470769,2026-09-13,2026-09-12,373,"Windows only","$5.00-$9.99",1.94448055624572,0,0,0,0,0,0,1,0,0,0,0,0,0,0,1.94448055624572,-0.00195275282042951,0.53617270317088
3592140,"Anima Gate of Memories: I&II Remaster",2025-11-07,"2025-11",0,1,0,0,24.99,24.99,0,"USD",50,45,5,0.9,8,"Very Positive",2026-09-12 15:40:51.341538,2026-09-13 19:24:54.604225,2026-09-13,2026-09-12,310,"Windows only","$20.00-$29.99",3.2577118486534,1,1,0,0,0,0,1,0,1,0,0,0,0,1,3.2577118486534,1.78942621116778,-0.677454297144048
3593000,"Abrez",2025-07-04,"2025-07",0,1,0,0,0.99,0.99,0,"USD",1,1,0,1,0,"1 user reviews",2026-09-12 15:41:01.795065,2026-09-13 19:24:56.664483,2026-09-13,2026-09-12,436,"Windows only","$0.01-$4.99",0.688134638736401,1,1,1,0,0,0,1,0,0,1,1,0,1,1,0.688134638736401,-1.71573437006504,1.74979970348581
3593490,"Days Without Incident",2025-10-22,"2025-10",1,1,0,0,,,,,0,0,0,,0,"No user reviews",2026-09-12 15:41:10.646024,2026-09-13 19:24:58.721171,2026-09-13,2026-09-12,326,"Windows only","Free",,1,0,0,0,1,0,1,0,0,0,0,0,0,0,,0,-0.369231566905336
3594000,"性感史莱姆派对（Slime Sexy Party）",2025-07-23,"2025-07",0,1,0,0,1.99,1.99,0,"USD",229,227,2,0.991266375545852,8,"Very Positive",2026-09-12 15:41:12.692707,2026-09-13 19:25:00.79969,2026-09-13,2026-09-12,417,"Windows only","$0.01-$4.99",1.0952733874026,0,1,0,1,0,0,0,0,0,0,0,0,0,1,1.0952733874026,-1.16035635402041,1.38378521132734
3594280,"AVTale",2025-10-15,"2025-10",0,1,0,0,4.99,4.99,0,"USD",10,6,4,0.6,5,"Mixed",2026-09-12 15:41:18.455023,2026-09-13 19:25:03.020104,2026-09-13,2026-09-12,333,"Windows only","$0.01-$4.99",1.79009141212736,1,1,0,0,0,0,1,0,0,0,0,0,0,1,1.79009141212736,-0.212555002889199,-0.2343841224259
3597530,"Royal's Gambit",2025-11-04,"2025-11",0,1,1,0,14.99,14.99,0,"USD",6,6,0,1,0,"6 user reviews",2026-09-12 15:41:42.777179,2026-09-13 19:25:05.256584,2026-09-13,2026-09-12,313,"Windows + macOS","$10.00-$19.99",2.77196352684586,0,0,1,0,0,0,1,0,0,0,0,0,1,1,2.77196352684586,1.12681686694233,-0.61966253522429
3597710,"Rise of the Penguins 2: Penguin's Dark Ascent",2025-10-23,"2025-10",0,1,1,1,2.99,2.99,0,"USD",2,2,0,1,0,"2 user reviews",2026-09-12 15:41:51.394446,2026-09-13 19:25:07.278119,2026-09-13,2026-09-12,325,"Windows + macOS + Linux","$0.01-$4.99",1.38379123090177,1,0,0,0,0,0,1,0,0,0,0,0,0,1,1.38379123090177,-0.766789128987195,-0.388495487545256
3600280,"Processor Dev Tycoon",2025-11-03,"2025-11",0,1,0,0,199.99,199.99,0,"USD",10,3,7,0.3,4,"Mostly Negative",2026-09-12 15:42:19.008201,2026-09-13 19:25:09.347503,2026-09-13,2026-09-12,314,"Windows only","$30.00+",5.30325515557766,0,0,0,0,0,0,1,0,0,0,1,0,1,1,5.30325515557766,4.57975208227369,-0.60039861458437
3600680,"Puppet Show VR",2025-10-01,"2025-10",0,1,0,0,6.99,6.99,0,"USD",0,0,0,,0,"No user reviews",2026-09-12 15:42:23.175886,2026-09-13 19:25:11.354906,2026-09-13,2026-09-12,347,"Windows only","$5.00-$9.99",2.07819075977818,0,1,1,0,0,0,1,0,0,0,1,0,0,0,2.07819075977818,0.18044135190692,0.0353107665329729
3601300,"Critter Cart",2025-07-08,"2025-07",0,1,0,0,4.99,4.99,0,"USD",2,2,0,1,0,"2 user reviews",2026-09-12 15:42:31.234949,2026-09-13 19:25:13.515526,2026-09-13,2026-09-12,432,"Windows only","$0.01-$4.99",1.79009141212736,0,0,1,0,0,0,0,0,0,1,0,0,0,1,1.79009141212736,-0.212555002889199,1.67274402092613
3603110,"Favela Kick: The Final Goal",2025-07-15,"2025-07",0,1,0,0,0.99,0.99,0,"USD",45,40,5,0.888888888888889,7,"Positive",2026-09-12 15:42:54.457709,2026-09-13 19:25:15.614381,2026-09-13,2026-09-12,425,"Windows only","$0.01-$4.99",0.688134638736401,0,0,1,0,0,0,0,0,0,0,1,1,0,1,0.688134638736401,-1.71573437006504,1.53789657644669
3603580,"Whisker Wanderlust: The Wondrous Journey",2025-08-10,"2025-08",0,1,1,0,6.99,6.99,0,"USD",199,186,13,0.934673366834171,8,"Very Positive",2026-09-12 15:42:58.643195,2026-09-13 19:25:17.664206,2026-09-13,2026-09-12,399,"Windows + macOS","$5.00-$9.99",2.07819075977818,0,1,1,0,0,0,1,0,0,0,0,0,0,1,2.07819075977818,0.18044135190692,1.03703463980879
3603870,"Raccateer",2025-10-15,"2025-10",0,1,1,0,5.99,5.99,0,"USD",8,7,1,0.875,0,"8 user reviews",2026-09-12 15:43:00.843181,2026-09-13 19:25:19.757869,2026-09-13,2026-09-12,333,"Windows + macOS","$5.00-$9.99",1.94448055624572,0,0,1,0,0,0,1,0,0,0,1,0,0,1,1.94448055624572,-0.00195275282042951,-0.2343841224259
3604260,"Liminal City",2025-12-08,"2025-12",0,1,0,0,11.99,11.99,0,"USD",107,79,28,0.738317757009346,6,"Mostly Positive",2026-09-12 15:43:12.311065,2026-09-13 19:25:21.957619,2026-09-13,2026-09-12,279,"Windows only","$10.00-$19.99",2.56417983068251,0,1,0,0,0,0,1,0,0,0,1,0,0,1,2.56417983068251,0.843379102004269,-1.27463583698155
3604520,"The Mare Show",2025-10-21,"2025-10",0,1,0,0,8.99,8.99,0,"USD",10,10,0,1,7,"Positive",2026-09-12 15:43:18.640416,2026-09-13 19:25:24.066574,2026-09-13,2026-09-12,327,"Windows only","$5.00-$9.99",2.30158459266046,1,1,0,0,0,0,0,0,0,0,0,0,0,1,2.30158459266046,0.485172906221557,-0.349967646265417
3604800,"Whimsical Artefacts",2025-07-31,"2025-07",1,1,0,0,,,,,0,0,0,,0,"No user reviews",2026-09-12 15:43:20.715146,2026-09-13 19:25:26.242855,2026-09-13,2026-09-12,409,"Windows only","Free",,1,1,1,0,1,0,0,0,0,0,0,0,0,0,,0,1.22967384620798
3605340,"The Eternal Hunt",2025-07-14,"2025-07",0,1,0,0,29.99,29.99,0,"USD",3,1,2,0.333333333333333,0,"3 user reviews",2026-09-12 15:43:24.768235,2026-09-13 19:25:28.431533,2026-09-13,2026-09-12,426,"Windows only","$20.00-$29.99",3.43366457179966,1,0,0,1,0,0,0,0,1,0,0,0,0,1,3.43366457179966,2.02944334198315,1.55716049708661
3605550,"Potato Cop",2025-08-04,"2025-08",0,1,0,0,6.99,6.99,0,"USD",15,15,0,1,7,"Positive",2026-09-12 15:43:29.111474,2026-09-13 19:25:30.685414,2026-09-13,2026-09-12,405,"Windows only","$5.00-$9.99",2.07819075977818,1,0,0,0,0,0,1,0,0,0,0,0,0,1,2.07819075977818,0.18044135190692,1.1526181636483
3606340,"Harvest Reaper",2025-12-31,"2025-12",0,1,0,0,4.99,4.99,0,"USD",1,1,0,1,0,"1 user reviews",2026-09-12 15:43:34.528889,2026-09-13 19:25:32.816814,2026-09-13,2026-09-12,256,"Windows only","$0.01-$4.99",1.79009141212736,1,0,0,0,0,0,0,0,0,0,0,0,0,1,1.79009141212736,-0.212555002889199,-1.7177060116997
3606360,"Everybody Wants My Girl",2025-10-03,"2025-10",0,1,0,0,14.99,14.99,0,"USD",38,24,14,0.631578947368421,5,"Mixed",2026-09-12 15:43:36.699685,2026-09-13 19:25:34.91783,2026-09-13,2026-09-12,345,"Windows only","$10.00-$19.99",2.77196352684586,0,0,0,0,0,0,1,0,1,0,1,0,0,1,2.77196352684586,1.12681686694233,-0.00321707474686604
3606680,"探偵は月を見る",2025-10-06,"2025-10",0,1,0,0,10.99,10.99,0,"USD",0,0,0,,0,"No user reviews",2026-09-12 15:43:47.225067,2026-09-13 19:25:36.925601,2026-09-13,2026-09-12,342,"Windows only","$10.00-$19.99",2.48407296903942,0,1,0,0,0,0,0,0,1,0,0,0,0,0,2.48407296903942,0.734105322398058,-0.0610088366666245
3606830,"Life in The Janitor's Room with A JK Girl",2025-08-07,"2025-08",0,1,0,0,12.99,10.26,21,"USD",167,122,45,0.730538922155689,6,"Mostly Positive",2026-09-12 15:43:49.389471,2026-09-13 19:25:39.085161,2026-09-13,2026-09-12,402,"Windows only","$10.00-$19.99",2.42125662271154,0,0,1,0,0,0,1,0,0,0,1,0,0,1,2.42125662271154,0.648417536813806,1.09482640172854
3607380,"A Bottled Up Island",2025-07-23,"2025-07",0,1,0,1,6.99,6.99,0,"USD",9,9,0,1,0,"9 user reviews",2026-09-12 15:44:00.540028,2026-09-13 19:25:41.245229,2026-09-13,2026-09-12,417,"Windows + Linux","$5.00-$9.99",2.07819075977818,0,1,0,0,0,0,0,0,0,0,0,0,0,1,2.07819075977818,0.18044135190692,1.38378521132734
3609080,"StarSavior",2025-12-10,"2025-12",1,1,0,0,,,,,0,0,0,,0,"No user reviews",2026-09-12 15:44:19.653965,2026-09-13 19:25:43.3436,2026-09-13,2026-09-12,277,"Windows only","Free",,0,0,0,0,1,0,0,0,1,0,1,0,1,0,,0,-1.31316367826139
3609980,"Yes, My Queen",2025-11-10,"2025-11",0,1,1,0,12.99,12.99,0,"USD",49,41,8,0.836734693877551,7,"Positive",2026-09-12 15:44:30.176391,2026-09-13 19:25:45.50672,2026-09-13,2026-09-12,307,"Windows + macOS","$10.00-$19.99",2.63834278867739,0,1,0,0,0,0,1,0,0,0,0,0,1,1,2.63834278867739,0.944544801928764,-0.735246059063807
3610700,"Rose Of Wind",2025-09-28,"2025-09",0,1,0,0,10.99,10.99,0,"USD",7,4,3,0.571428571428571,0,"7 user reviews",2026-09-12 15:44:43.130265,2026-09-13 19:25:47.684098,2026-09-13,2026-09-12,350,"Windows only","$10.00-$19.99",2.48407296903942,0,1,1,0,0,0,1,0,0,0,1,0,1,1,2.48407296903942,0.734105322398058,0.0931025284527314
3612060,"Idle Land of Exile",2025-08-14,"2025-08",0,1,0,0,4.99,4.99,0,"USD",239,163,76,0.682008368200837,5,"Mixed",2026-09-12 15:44:47.339725,2026-09-13 19:25:49.911361,2026-09-13,2026-09-12,395,"Windows only","$0.01-$4.99",1.79009141212736,0,0,0,0,0,0,1,0,1,0,0,0,0,1,1.79009141212736,-0.212555002889199,0.959978957249108
3612120,"Hui-Shuo",2025-08-21,"2025-08",0,1,0,0,4.99,4.99,0,"USD",33,30,3,0.909090909090909,7,"Positive",2026-09-12 15:44:51.647046,2026-09-13 19:25:52.030435,2026-09-13,2026-09-12,388,"Windows only","$0.01-$4.99",1.79009141212736,0,1,0,0,0,0,1,0,1,0,0,0,0,1,1.79009141212736,-0.212555002889199,0.825131512769672
3612250,"Arcana Academy",2025-10-22,"2025-10",0,1,0,0,14.99,14.99,0,"USD",67,48,19,0.716417910447761,6,"Mostly Positive",2026-09-12 15:44:53.658374,2026-09-13 19:25:54.266901,2026-09-13,2026-09-12,326,"Windows only","$10.00-$19.99",2.77196352684586,0,0,1,0,0,0,1,0,0,0,1,0,1,1,2.77196352684586,1.12681686694233,-0.369231566905336
3612480,"3D Escape Room: Mystic Manor",2025-07-21,"2025-07",0,1,0,0,9.99,9.99,0,"USD",112,88,24,0.785714285714286,6,"Mostly Positive",2026-09-12 15:44:55.714147,2026-09-13 19:25:56.381801,2026-09-13,2026-09-12,419,"Windows only","$5.00-$9.99",2.39698576841553,0,1,1,0,0,0,1,0,0,0,0,0,1,1,2.39698576841553,0.615309661548216,1.42231305260718
3612610,"Stackmancy",2025-10-13,"2025-10",0,1,0,0,2.99,2.99,0,"USD",1,1,0,1,0,"1 user reviews",2026-09-12 15:44:57.890477,2026-09-13 19:25:58.62142,2026-09-13,2026-09-12,335,"Windows only","$0.01-$4.99",1.38379123090177,0,0,1,0,0,0,1,0,0,0,0,0,1,1,1.38379123090177,-0.766789128987195,-0.195856281146061
3612720,"The Seven Enchantments",2025-12-06,"2025-12",0,1,0,0,9.99,9.99,0,"USD",9,3,6,0.333333333333333,0,"9 user reviews",2026-09-12 15:45:00.057743,2026-09-13 19:26:00.665827,2026-09-13,2026-09-12,281,"Windows only","$5.00-$9.99",2.39698576841553,0,1,0,0,0,0,1,0,0,0,0,0,0,1,2.39698576841553,0.615309661548216,-1.23610799570171
3612800,"GORE RAPTURE",2025-12-18,"2025-12",0,1,0,0,13.99,13.99,0,"USD",0,0,0,,0,"No user reviews",2026-09-12 15:45:02.266362,2026-09-13 19:26:02.79611,2026-09-13,2026-09-12,269,"Windows only","$10.00-$19.99",2.70738331211451,1,1,0,0,0,0,1,0,0,0,0,0,0,0,2.70738331211451,1.03872298825665,-1.46727504338075
3612850,"The Lightkeeper",2025-09-07,"2025-09",0,1,0,0,7.99,7.99,0,"USD",1074,880,194,0.819366852886406,8,"Very Positive",2026-09-12 15:45:04.310142,2026-09-13 19:26:04.944131,2026-09-13,2026-09-12,371,"Windows only","$5.00-$9.99",2.19611284848353,0,1,0,0,0,0,1,0,0,0,0,0,0,1,2.19611284848353,0.341298887298887,0.497644861891041
3612960,"Shuttered",2025-09-29,"2025-09",0,1,0,0,3.99,3.99,0,"USD",4,3,1,0.75,0,"4 user reviews",2026-09-12 15:45:06.324843,2026-09-13 19:26:07.150247,2026-09-13,2026-09-12,349,"Windows only","$0.01-$4.99",1.60743590976343,1,0,0,0,0,0,1,0,0,0,0,0,0,1,1.60743590976343,-0.461715395641907,0.0738386078128119
3614460,"Hypermarket Simulator",2025-08-20,"2025-08",0,1,0,0,14.99,14.99,0,"USD",421,341,80,0.809976247030879,8,"Very Positive",2026-09-12 15:45:23.236304,2026-09-13 19:26:09.184279,2026-09-13,2026-09-12,389,"Windows only","$10.00-$19.99",2.77196352684586,0,0,1,1,0,0,1,0,0,0,1,0,0,1,2.77196352684586,1.12681686694233,0.844395433409591
3614630,"Santa's Last Stand",2025-12-02,"2025-12",0,1,0,0,0.99,0.99,0,"USD",3,2,1,0.666666666666667,0,"3 user reviews",2026-09-12 15:45:34.023882,2026-09-13 19:26:11.243348,2026-09-13,2026-09-12,285,"Windows only","$0.01-$4.99",0.688134638736401,1,0,0,0,0,0,1,0,0,0,0,0,1,1,0.688134638736401,-1.71573437006504,-1.15905231314204
3614690,"Lunhowl: Co-op Horror",2025-11-10,"2025-11",0,1,0,0,4.99,4.99,0,"USD",5,1,4,0.2,0,"5 user reviews",2026-09-12 15:45:36.261567,2026-09-13 19:26:13.300249,2026-09-13,2026-09-12,307,"Windows only","$0.01-$4.99",1.79009141212736,1,1,0,1,0,0,1,0,0,0,1,0,1,1,1.79009141212736,-0.212555002889199,-0.735246059063807
3614720,"鬼灵的冒险GUILING's Adventure",2025-08-20,"2025-08",0,1,0,0,1.99,1.99,0,"USD",54,51,3,0.944444444444444,8,"Very Positive",2026-09-12 15:45:38.372953,2026-09-13 19:26:15.460578,2026-09-13,2026-09-12,389,"Windows only","$0.01-$4.99",1.0952733874026,1,1,0,0,0,0,1,0,1,0,0,0,0,1,1.0952733874026,-1.16035635402041,0.844395433409591
3615850,"Blighted Deep",2025-08-29,"2025-08",0,1,0,0,3.99,3.99,0,"USD",2,2,0,1,0,"2 user reviews",2026-09-12 15:45:46.588724,2026-09-13 19:26:17.680891,2026-09-13,2026-09-12,380,"Windows only","$0.01-$4.99",1.60743590976343,0,1,0,0,0,0,1,0,0,0,0,0,0,1,1.60743590976343,-0.461715395641907,0.671020147650316
3617620,"My Card Is Better Than Your Card!",2025-10-06,"2025-10",0,1,0,0,14.99,14.99,0,"USD",1177,1112,65,0.944774851316907,8,"Very Positive",2026-09-12 15:46:05.840562,2026-09-13 19:26:19.935624,2026-09-13,2026-09-12,342,"Windows only","$10.00-$19.99",2.77196352684586,0,0,1,1,0,0,1,0,0,0,0,0,1,1,2.77196352684586,1.12681686694233,-0.0610088366666245
3618060,"Astro Busters",2025-12-05,"2025-12",0,1,0,0,9.99,9.99,0,"USD",11,11,0,1,7,"Positive",2026-09-12 15:46:10.000596,2026-09-13 19:26:22.066001,2026-09-13,2026-09-12,282,"Windows only","$5.00-$9.99",2.39698576841553,1,0,0,1,0,0,1,0,0,0,0,0,0,1,2.39698576841553,0.615309661548216,-1.21684407506179
3618090,"Noosphere",2025-12-22,"2025-12",0,1,1,0,1.99,1.99,0,"USD",6,5,1,0.833333333333333,0,"6 user reviews",2026-09-12 15:46:14.191163,2026-09-13 19:26:24.171127,2026-09-13,2026-09-12,265,"Windows + macOS","$0.01-$4.99",1.0952733874026,0,1,0,0,0,0,1,0,0,0,0,0,0,1,1.0952733874026,-1.16035635402041,-1.54433072594043
3618400,"Eternal Survival",2025-10-23,"2025-10",0,1,0,0,1.43,1.43,0,"USD",7,6,1,0.857142857142857,0,"7 user reviews",2026-09-12 15:46:18.488197,2026-09-13 19:26:26.422841,2026-09-13,2026-09-12,325,"Windows only","$0.01-$4.99",0.887891257352457,1,0,1,0,0,0,1,0,1,0,0,0,0,1,0.887891257352457,-1.44324634257511,-0.388495487545256
3618780,"Weird Island VR",2025-11-07,"2025-11",0,1,1,1,9.99,9.99,0,"USD",0,0,0,,0,"No user reviews",2026-09-12 15:46:27.797998,2026-09-13 19:26:28.510907,2026-09-13,2026-09-12,310,"Windows + macOS + Linux","$5.00-$9.99",2.39698576841553,0,1,1,0,0,0,0,0,1,0,0,0,0,0,2.39698576841553,0.615309661548216,-0.677454297144048
3620070,"Hidden Portals: Eternal Balance Collector's Edition",2025-08-19,"2025-08",0,1,0,0,8.99,8.99,0,"USD",7,5,2,0.714285714285714,0,"7 user reviews",2026-09-12 15:46:42.573477,2026-09-13 19:26:30.74719,2026-09-13,2026-09-12,390,"Windows only","$5.00-$9.99",2.30158459266046,0,1,1,0,0,0,0,0,0,0,0,0,0,1,2.30158459266046,0.485172906221557,0.863659354049511
3620120,"Find Cats 4 女神与猫",2025-08-15,"2025-08",0,1,0,0,1.99,1.99,0,"USD",7,5,2,0.714285714285714,0,"7 user reviews",2026-09-12 15:46:44.832101,2026-09-13 19:26:32.95431,2026-09-13,2026-09-12,394,"Windows only","$0.01-$4.99",1.0952733874026,0,1,1,0,0,0,1,0,0,0,0,0,0,1,1.0952733874026,-1.16035635402041,0.940715036609189
3620210,"Untapped",2025-09-23,"2025-09",0,1,0,1,8.99,8.99,0,"USD",2,2,0,1,0,"2 user reviews",2026-09-12 15:46:49.118064,2026-09-13 19:26:35.158313,2026-09-13,2026-09-12,355,"Windows + Linux","$5.00-$9.99",2.30158459266046,0,0,1,0,0,0,1,0,0,0,0,0,0,1,2.30158459266046,0.485172906221557,0.189422131652329
3620740,"Paper Kite: Threads of Longing",2025-10-04,"2025-10",0,1,0,0,9.99,9.99,0,"USD",137,130,7,0.948905109489051,8,"Very Positive",2026-09-12 15:46:57.559619,2026-09-13 19:26:37.327275,2026-09-13,2026-09-12,344,"Windows only","$5.00-$9.99",2.39698576841553,0,0,1,0,0,0,1,0,1,0,0,0,0,1,2.39698576841553,0.615309661548216,-0.0224809953867855
3620750,"Super Hard Game",2025-07-20,"2025-07",0,1,0,0,2.99,2.99,0,"USD",0,0,0,,0,"No user reviews",2026-09-12 15:46:59.618009,2026-09-13 19:26:39.360091,2026-09-13,2026-09-12,420,"Windows only","$0.01-$4.99",1.38379123090177,0,0,1,0,0,0,1,0,0,0,0,0,0,0,1.38379123090177,-0.766789128987195,1.4415769732471
3621210,"Museum Magnate",2025-11-26,"2025-11",0,1,0,0,11.99,11.99,0,"USD",3,2,1,0.666666666666667,0,"3 user reviews",2026-09-12 15:47:07.922025,2026-09-13 19:26:41.508718,2026-09-13,2026-09-12,291,"Windows only","$10.00-$19.99",2.56417983068251,0,0,1,1,0,0,1,0,0,0,1,0,1,1,2.56417983068251,0.843379102004269,-1.04346878930252
3621320,"Oreflux",2025-11-18,"2025-11",0,1,0,0,4.99,4.99,0,"USD",10,8,2,0.8,7,"Positive",2026-09-12 15:47:10.128449,2026-09-13 19:26:43.602816,2026-09-13,2026-09-12,299,"Windows only","$0.01-$4.99",1.79009141212736,1,0,1,0,0,0,1,0,0,0,0,0,0,1,1.79009141212736,-0.212555002889199,-0.889357424183163
3621490,"CrowHallow",2025-11-06,"2025-11",0,1,0,0,0.99,0.99,0,"USD",3,1,2,0.333333333333333,0,"3 user reviews",2026-09-12 15:47:12.247749,2026-09-13 19:26:45.823099,2026-09-13,2026-09-12,311,"Windows only","$0.01-$4.99",0.688134638736401,1,1,1,1,0,0,1,0,0,0,0,0,0,1,0.688134638736401,-1.71573437006504,-0.658190376504129
3621680,"Cosmic Tails",2025-11-18,"2025-11",0,1,1,1,4.99,4.99,0,"USD",2,2,0,1,0,"2 user reviews",2026-09-12 15:47:14.273168,2026-09-13 19:26:48.02936,2026-09-13,2026-09-12,299,"Windows + macOS + Linux","$0.01-$4.99",1.79009141212736,1,0,1,0,0,0,1,0,1,0,0,0,0,1,1.79009141212736,-0.212555002889199,-0.889357424183163
3622180,"Coincremental",2025-08-01,"2025-08",0,1,0,0,3.99,3.99,0,"USD",15,13,2,0.866666666666667,7,"Positive",2026-09-12 15:47:22.689994,2026-09-13 19:26:50.063893,2026-09-13,2026-09-12,408,"Windows only","$0.01-$4.99",1.60743590976343,0,0,1,0,0,0,1,0,0,0,1,0,0,1,1.60743590976343,-0.461715395641907,1.21040992556806
3623480,"Flipto",2025-07-28,"2025-07",0,1,1,1,10.99,10.99,0,"USD",6,6,0,1,0,"6 user reviews",2026-09-12 15:47:41.591336,2026-09-13 19:26:52.10559,2026-09-13,2026-09-12,412,"Windows + macOS + Linux","$10.00-$19.99",2.48407296903942,0,0,0,0,0,0,1,0,0,0,0,0,1,1,2.48407296903942,0.734105322398058,1.28746560812774
3623640,"Unfound Footage",2025-10-17,"2025-10",0,1,0,0,2.99,2.99,0,"USD",10,8,2,0.8,7,"Positive",2026-09-12 15:47:50.571225,2026-09-13 19:26:54.141168,2026-09-13,2026-09-12,331,"Windows only","$0.01-$4.99",1.38379123090177,0,1,0,0,0,0,1,0,0,0,0,0,0,1,1.38379123090177,-0.766789128987195,-0.272911963705739
3624520,"Dark Erosion: Endless Siege",2025-08-29,"2025-08",0,1,0,0,6.99,6.99,0,"USD",15,12,3,0.8,7,"Positive",2026-09-12 15:48:09.668013,2026-09-13 19:26:56.217477,2026-09-13,2026-09-12,380,"Windows only","$5.00-$9.99",2.07819075977818,0,1,1,0,0,0,1,0,1,0,0,0,1,1,2.07819075977818,0.18044135190692,0.671020147650316
3624580,"The Adventures of Candle Boy",2025-07-21,"2025-07",1,1,0,0,,,,,0,0,0,,0,"No user reviews",2026-09-12 15:48:11.72668,2026-09-13 19:26:58.270313,2026-09-13,2026-09-12,419,"Windows only","Free",,1,1,0,0,1,0,1,0,0,0,0,0,0,0,,0,1.42231305260718
3624920,"The Minister",2025-09-05,"2025-09",0,1,0,0,5.99,5.99,0,"USD",47,28,19,0.595744680851064,5,"Mixed",2026-09-12 15:48:13.799211,2026-09-13 19:27:00.277167,2026-09-13,2026-09-12,373,"Windows only","$5.00-$9.99",1.94448055624572,0,0,0,0,0,0,0,0,1,0,1,0,1,1,1.94448055624572,-0.00195275282042951,0.53617270317088
3625210,"Loafing Town",2025-11-06,"2025-11",0,1,0,0,6.99,5.59,20,"USD",526,450,76,0.855513307984791,8,"Very Positive",2026-09-12 15:48:15.895793,2026-09-13 19:27:02.390186,2026-09-13,2026-09-12,311,"Windows only","$5.00-$9.99",1.88555334851442,0,0,1,0,0,0,1,0,0,0,1,0,0,1,1.88555334851442,-0.0823353639771317,-0.658190376504129
3625280,"Alive",2025-10-10,"2025-10",0,1,0,0,3,3,0,"USD",4,4,0,1,0,"4 user reviews",2026-09-12 15:48:18.127586,2026-09-13 19:27:04.627769,2026-09-13,2026-09-12,338,"Windows only","$0.01-$4.99",1.38629436111989,0,1,1,0,0,0,1,0,0,0,0,0,0,1,1.38629436111989,-0.76337460875547,-0.138064519226302
3625340,"Buckshot Battlemage",2025-09-05,"2025-09",0,1,0,1,3.99,3.99,0,"USD",20,20,0,1,7,"Positive",2026-09-12 15:48:20.299409,2026-09-13 19:27:06.634119,2026-09-13,2026-09-12,373,"Windows + Linux","$0.01-$4.99",1.60743590976343,1,0,0,0,0,0,1,0,0,0,0,0,0,1,1.60743590976343,-0.461715395641907,0.53617270317088
3626560,"Robbing Time",2025-11-13,"2025-11",0,1,0,0,5.99,5.99,0,"USD",18,16,2,0.888888888888889,7,"Positive",2026-09-12 15:48:43.357747,2026-09-13 19:27:08.742808,2026-09-13,2026-09-12,304,"Windows only","$5.00-$9.99",1.94448055624572,1,0,0,1,0,0,1,0,0,0,0,0,0,1,1.94448055624572,-0.00195275282042951,-0.793037820983565
3626860,"PROTECT GLOOBI",2025-12-04,"2025-12",0,1,0,0,8.99,8.99,0,"USD",1,1,0,1,0,"1 user reviews",2026-09-12 15:48:49.877227,2026-09-13 19:27:10.874333,2026-09-13,2026-09-12,283,"Windows only","$5.00-$9.99",2.30158459266046,1,0,0,0,0,0,1,0,0,0,0,0,1,1,2.30158459266046,0.485172906221557,-1.19758015442187
3628580,"Digging the Forgotten Cave",2025-09-11,"2025-09",0,1,0,0,4.99,4.99,0,"USD",54,41,13,0.759259259259259,6,"Mostly Positive",2026-09-12 15:49:02.403178,2026-09-13 19:27:13.02025,2026-09-13,2026-09-12,367,"Windows only","$0.01-$4.99",1.79009141212736,0,1,1,0,0,0,1,0,0,0,1,0,0,1,1.79009141212736,-0.212555002889199,0.420589179331363
3628600,"Luft Gears",2025-12-02,"2025-12",0,1,0,0,8.99,8.99,0,"USD",1,1,0,1,0,"1 user reviews",2026-09-12 15:49:04.541071,2026-09-13 19:27:15.088991,2026-09-13,2026-09-12,285,"Windows only","$5.00-$9.99",2.30158459266046,1,1,0,0,0,0,1,0,0,0,1,0,1,1,2.30158459266046,0.485172906221557,-1.15905231314204
3628730,"Tankiro",2025-11-07,"2025-11",0,1,0,0,4.99,4.99,0,"USD",7,7,0,1,0,"7 user reviews",2026-09-12 15:49:06.703893,2026-09-13 19:27:17.342249,2026-09-13,2026-09-12,310,"Windows only","$0.01-$4.99",1.79009141212736,1,1,0,0,0,0,1,0,0,0,0,0,0,1,1.79009141212736,-0.212555002889199,-0.677454297144048
3629080,"Sizzle & Stack",2025-08-05,"2025-08",0,1,1,0,9.99,9.99,0,"USD",265,193,72,0.728301886792453,6,"Mostly Positive",2026-09-12 15:49:15.370187,2026-09-13 19:27:19.351854,2026-09-13,2026-09-12,404,"Windows + macOS","$5.00-$9.99",2.39698576841553,0,0,1,0,0,0,1,0,0,0,1,0,1,1,2.39698576841553,0.615309661548216,1.13335424300838
3629360,"Sanity Loops",2025-09-16,"2025-09",0,1,0,0,3.99,3.99,0,"USD",64,50,14,0.78125,6,"Mostly Positive",2026-09-12 15:49:19.729902,2026-09-13 19:27:21.509486,2026-09-13,2026-09-12,362,"Windows only","$0.01-$4.99",1.60743590976343,0,1,1,0,0,0,1,0,0,0,0,0,0,1,1.60743590976343,-0.461715395641907,0.324269576131765
3629400,"Loophole",2025-07-14,"2025-07",0,1,1,0,9.99,9.99,0,"USD",154,153,1,0.993506493506494,8,"Very Positive",2026-09-12 15:49:21.766953,2026-09-13 19:27:23.578226,2026-09-13,2026-09-12,426,"Windows + macOS","$5.00-$9.99",2.39698576841553,0,0,0,0,0,0,1,0,0,0,0,0,0,1,2.39698576841553,0.615309661548216,1.55716049708661
3629780,"Tingus Goose",2025-12-01,"2025-12",0,1,1,0,6.99,6.99,0,"USD",1217,1092,125,0.897288414133114,8,"Very Positive",2026-09-12 15:49:28.125212,2026-09-13 19:27:25.742501,2026-09-13,2026-09-12,286,"Windows + macOS","$5.00-$9.99",2.07819075977818,0,0,1,0,0,0,1,0,0,0,1,0,1,1,2.07819075977818,0.18044135190692,-1.13978839250212
3629840,"Blast Rush LS",2025-08-21,"2025-08",0,1,0,0,9.99,9.99,0,"USD",13,13,0,1,7,"Positive",2026-09-12 15:49:30.303734,2026-09-13 19:27:27.820121,2026-09-13,2026-09-12,388,"Windows only","$5.00-$9.99",2.39698576841553,1,0,1,0,0,0,1,0,0,0,0,0,0,1,2.39698576841553,0.615309661548216,0.825131512769672
3630110,"ElfMiner",2025-07-20,"2025-07",1,1,0,0,,,,,0,0,0,,0,"No user reviews",2026-09-12 15:49:32.372451,2026-09-13 19:27:29.982658,2026-09-13,2026-09-12,420,"Windows only","Free",,1,1,0,0,1,0,0,0,0,0,0,0,0,0,,0,1.4415769732471
3630410,"Little Witch Survivors",2025-08-21,"2025-08",0,1,0,0,4.99,4.99,0,"USD",542,475,67,0.876383763837638,8,"Very Positive",2026-09-12 15:49:36.475212,2026-09-13 19:27:32.170446,2026-09-13,2026-09-12,388,"Windows only","$0.01-$4.99",1.79009141212736,1,1,1,0,0,0,0,0,1,0,0,0,1,1,1.79009141212736,-0.212555002889199,0.825131512769672
3630930,"Art Together",2025-07-15,"2025-07",0,1,0,0,0.99,0.99,0,"USD",1,1,0,1,0,"1 user reviews",2026-09-12 15:49:42.92933,2026-09-13 19:27:34.245528,2026-09-13,2026-09-12,425,"Windows only","$0.01-$4.99",0.688134638736401,0,0,1,0,0,0,0,0,0,0,0,0,0,1,0.688134638736401,-1.71573437006504,1.53789657644669
3631250,"Nightlings",2025-07-11,"2025-07",1,1,0,0,,,,,0,0,0,,0,"No user reviews",2026-09-12 15:49:49.424353,2026-09-13 19:27:36.377128,2026-09-13,2026-09-12,429,"Windows only","Free",,0,0,0,0,1,0,1,0,0,0,1,0,1,0,,0,1.61495225900637
3631260,"Hollowdeep",2025-09-18,"2025-09",0,1,0,0,3.99,3.99,0,"USD",45,42,3,0.933333333333333,7,"Positive",2026-09-12 15:49:51.441411,2026-09-13 19:27:38.625785,2026-09-13,2026-09-12,360,"Windows only","$0.01-$4.99",1.60743590976343,1,1,0,0,0,0,0,0,1,0,0,0,0,1,1.60743590976343,-0.461715395641907,0.285741734851926
3632280,"The Dance of Maple Leaves",2025-07-10,"2025-07",0,1,0,0,8.99,8.99,0,"USD",1,1,0,1,0,"1 user reviews",2026-09-12 15:50:02.356076,2026-09-13 19:27:40.71929,2026-09-13,2026-09-12,430,"Windows only","$5.00-$9.99",2.30158459266046,1,1,0,0,0,0,1,0,1,0,0,0,0,1,2.30158459266046,0.485172906221557,1.63421617964629
3633830,"Iceburg",2025-12-13,"2025-12",0,1,0,0,9.99,9.99,0,"USD",0,0,0,,0,"No user reviews",2026-09-12 15:50:23.678083,2026-09-13 19:27:42.816444,2026-09-13,2026-09-12,274,"Windows only","$5.00-$9.99",2.39698576841553,1,1,0,0,0,0,1,0,0,0,0,0,0,0,2.39698576841553,0.615309661548216,-1.37095544018115
3633840,"浊令",2025-07-19,"2025-07",1,1,0,0,,,,,0,0,0,,0,"No user reviews",2026-09-12 15:50:25.778015,2026-09-13 19:27:44.921774,2026-09-13,2026-09-12,421,"Windows only","Free",,0,0,0,0,1,0,1,0,1,0,0,0,0,0,,0,1.46084089388702
3633890,"NYIP (Demo)",2025-07-11,"2025-07",1,1,0,0,,,,,0,0,0,,0,"No user reviews",2026-09-12 15:50:27.928252,2026-09-13 19:27:47.113907,2026-09-13,2026-09-12,429,"Windows only","Free",,1,0,0,0,1,0,1,0,1,0,0,0,0,0,,0,1.61495225900637
3633940,"microFISHER",2025-08-14,"2025-08",0,1,0,0,6.99,6.99,0,"USD",0,0,0,,0,"No user reviews",2026-09-12 15:50:31.085882,2026-09-13 19:27:49.291334,2026-09-13,2026-09-12,395,"Windows only","$5.00-$9.99",2.07819075977818,0,0,1,0,0,0,1,0,0,0,0,0,0,0,2.07819075977818,0.18044135190692,0.959978957249108
3635710,"Ancient TD",2025-08-15,"2025-08",0,1,0,1,4.99,1.49,70,"USD",15,9,6,0.6,5,"Mixed",2026-09-12 15:50:58.99338,2026-09-13 19:27:51.420673,2026-09-13,2026-09-12,394,"Windows + Linux","$0.01-$4.99",0.912282710476616,0,0,1,0,0,0,1,0,0,0,0,0,1,1,0.912282710476616,-1.40997395843353,0.940715036609189
3636110,"不思議な世界の観光日記Ⅱ～パクルワールドとセジカの逆襲～",2025-07-07,"2025-07",0,1,0,0,7.99,7.99,0,"USD",1,1,0,1,0,"1 user reviews",2026-09-12 15:51:03.164045,2026-09-13 19:27:53.615712,2026-09-13,2026-09-12,433,"Windows only","$5.00-$9.99",2.19611284848353,1,1,1,0,0,0,1,0,0,0,0,0,0,1,2.19611284848353,0.341298887298887,1.69200794156605
3636390,"AQK",2025-07-23,"2025-07",0,1,0,0,4.99,4.99,0,"USD",2,2,0,1,0,"2 user reviews",2026-09-12 15:51:07.443885,2026-09-13 19:27:55.872836,2026-09-13,2026-09-12,417,"Windows only","$0.01-$4.99",1.79009141212736,0,0,1,0,0,0,1,0,0,0,0,0,0,1,1.79009141212736,-0.212555002889199,1.38378521132734
3636470,"Dream Abyss: Survivors",2025-10-02,"2025-10",0,1,0,0,9.99,9.99,0,"USD",47,33,14,0.702127659574468,6,"Mostly Positive",2026-09-12 15:51:09.468536,2026-09-13 19:27:58.064733,2026-09-13,2026-09-12,346,"Windows only","$5.00-$9.99",2.39698576841553,1,0,1,0,0,0,1,0,1,0,0,0,0,1,2.39698576841553,0.615309661548216,0.0160468458930535
3636530,"Dungeon Maiden: Survivor",2025-08-28,"2025-08",0,1,0,0,8.99,8.99,0,"USD",6,3,3,0.5,0,"6 user reviews",2026-09-12 15:51:15.778741,2026-09-13 19:28:00.144379,2026-09-13,2026-09-12,381,"Windows only","$5.00-$9.99",2.30158459266046,1,1,1,0,0,0,1,0,1,0,0,0,1,1,2.30158459266046,0.485172906221557,0.690284068290236
3636960,"Violent Horror Stories 2",2025-11-18,"2025-11",0,1,0,0,5.99,5.99,0,"USD",205,168,37,0.819512195121951,8,"Very Positive",2026-09-12 15:51:24.225202,2026-09-13 19:28:02.287914,2026-09-13,2026-09-12,299,"Windows only","$5.00-$9.99",1.94448055624572,0,0,0,0,0,0,1,0,0,0,0,0,0,1,1.94448055624572,-0.00195275282042951,-0.889357424183163
3637720,"PLOY",2025-11-05,"2025-11",1,1,0,0,,,,,0,0,0,,0,"No user reviews",2026-09-12 15:51:41.638726,2026-09-13 19:28:04.337493,2026-09-13,2026-09-12,312,"Windows only","Free",,0,0,0,0,1,0,0,0,0,0,0,0,1,0,,0,-0.638926455864209
3637770,"Hate You",2025-10-23,"2025-10",0,1,0,0,7.99,7.99,0,"USD",23,22,1,0.956521739130435,7,"Positive",2026-09-12 15:51:45.680379,2026-09-13 19:28:06.468574,2026-09-13,2026-09-12,325,"Windows only","$5.00-$9.99",2.19611284848353,0,0,0,0,0,0,1,0,0,0,1,0,0,1,2.19611284848353,0.341298887298887,-0.388495487545256
3637820,"Addy",2025-11-06,"2025-11",0,1,1,1,4.99,4.99,0,"USD",5,5,0,1,0,"5 user reviews",2026-09-12 15:51:47.947827,2026-09-13 19:28:08.491691,2026-09-13,2026-09-12,311,"Windows + macOS + Linux","$0.01-$4.99",1.79009141212736,0,0,0,0,0,0,1,0,0,0,1,0,0,1,1.79009141212736,-0.212555002889199,-0.658190376504129
3638500,"Juiced Fruit Racing",2025-10-23,"2025-10",0,1,1,1,14.99,14.99,0,"USD",2,2,0,1,0,"2 user reviews",2026-09-12 15:51:54.278282,2026-09-13 19:28:10.509409,2026-09-13,2026-09-12,325,"Windows + macOS + Linux","$10.00-$19.99",2.77196352684586,0,0,0,0,0,0,1,0,0,1,0,0,0,1,2.77196352684586,1.12681686694233,-0.388495487545256
3639500,"Dead by Backrooms Anomaly",2025-08-08,"2025-08",0,1,0,0,1.99,0.99,50,"USD",39,24,15,0.615384615384615,5,"Mixed",2026-09-12 15:52:09.46563,2026-09-13 19:28:12.610151,2026-09-13,2026-09-12,401,"Windows only","$0.01-$4.99",0.688134638736401,0,1,1,0,0,0,1,0,0,0,0,0,0,1,0.688134638736401,-1.71573437006504,1.07556248108863
3641420,"Magecraft: Spellbuilding",2025-09-12,"2025-09",1,1,0,0,,,,,0,0,0,,0,"No user reviews",2026-09-12 15:52:24.134327,2026-09-13 19:28:14.667035,2026-09-13,2026-09-12,366,"Windows only","Free",,0,0,0,0,1,0,1,0,0,0,0,0,1,0,,0,0.401325258691443
3642750,"Entropia Universe",2025-07-22,"2025-07",1,1,0,0,,,,,0,0,0,,0,"No user reviews",2026-09-12 15:52:47.260661,2026-09-13 19:28:16.782672,2026-09-13,2026-09-12,418,"Windows only","Free",,0,0,0,0,1,0,0,1,0,0,0,0,0,0,,0,1.40304913196726
3642900,"jUMp!",2025-08-01,"2025-08",0,1,0,0,0.99,0.99,0,"USD",0,0,0,,0,"No user reviews",2026-09-12 15:52:49.465958,2026-09-13 19:28:18.86406,2026-09-13,2026-09-12,408,"Windows only","$0.01-$4.99",0.688134638736401,1,0,1,0,0,0,0,0,0,0,0,0,0,0,0.688134638736401,-1.71573437006504,1.21040992556806
3642990,"Totally Spaced",2025-10-03,"2025-10",0,1,0,0,5.99,5.99,0,"USD",4,3,1,0.75,0,"4 user reviews",2026-09-12 15:52:51.657865,2026-09-13 19:28:20.934388,2026-09-13,2026-09-12,345,"Windows only","$5.00-$9.99",1.94448055624572,0,1,1,1,0,0,1,0,0,0,0,0,0,1,1.94448055624572,-0.00195275282042951,-0.00321707474686604
3643350,"Destroy All Letters - Space Adventure",2025-11-05,"2025-11",0,1,0,0,0.99,0.99,0,"USD",1,1,0,1,0,"1 user reviews",2026-09-12 15:52:53.656777,2026-09-13 19:28:23.063248,2026-09-13,2026-09-12,312,"Windows only","$0.01-$4.99",0.688134638736401,0,0,1,0,0,0,1,0,0,0,0,0,0,1,0.688134638736401,-1.71573437006504,-0.638926455864209
3643900,"Ragdoll Boxing Multiplayer",2025-07-17,"2025-07",1,1,0,0,,,,,5,4,1,0.8,0,"5 user reviews",2026-09-12 15:52:55.899695,2026-09-13 19:28:25.305789,2026-09-13,2026-09-12,423,"Windows only","Free",,1,0,0,0,1,0,1,0,0,0,0,1,0,1,,0,1.49936873516685
3644260,"Cyber Shard Clicker",2025-11-11,"2025-11",0,1,1,1,2.99,1.79,40,"USD",28,19,9,0.678571428571429,5,"Mixed",2026-09-12 15:53:06.771248,2026-09-13 19:28:27.525613,2026-09-13,2026-09-12,306,"Windows + macOS + Linux","$0.01-$4.99",1.02604159583327,0,0,1,0,0,0,1,0,0,0,1,0,0,1,1.02604159583327,-1.25479544923045,-0.754509979703726
3644520,"Yogoe Hunter",2025-07-09,"2025-07",0,1,0,0,6.99,6.99,0,"USD",3,1,2,0.333333333333333,0,"3 user reviews",2026-09-12 15:53:11.177583,2026-09-13 19:28:29.565027,2026-09-13,2026-09-12,431,"Windows only","$5.00-$9.99",2.07819075977818,0,1,0,0,0,0,1,0,1,0,0,0,0,1,2.07819075977818,0.18044135190692,1.65348010028621
3645520,"Faith Requiem",2025-12-10,"2025-12",0,1,0,0,2.99,2.99,0,"USD",3,3,0,1,0,"3 user reviews",2026-09-12 15:53:27.853519,2026-09-13 19:28:31.632125,2026-09-13,2026-09-12,277,"Windows only","$0.01-$4.99",1.38379123090177,0,0,1,0,0,0,1,0,0,0,0,0,0,1,1.38379123090177,-0.766789128987195,-1.31316367826139
3645710,"My Silly Science Summer in the Past",2025-09-30,"2025-09",1,1,1,1,,,,,0,0,0,,0,"No user reviews",2026-09-12 15:53:36.30036,2026-09-13 19:28:33.868308,2026-09-13,2026-09-12,348,"Windows + macOS + Linux","Free",,0,1,1,0,1,0,1,0,1,0,0,0,0,0,,0,0.0545746871728924
3646320,"Persona Shell",2025-09-17,"2025-09",0,1,0,0,3.99,3.99,0,"USD",15,12,3,0.8,7,"Positive",2026-09-12 15:53:49.817818,2026-09-13 19:28:35.937285,2026-09-13,2026-09-12,361,"Windows only","$0.01-$4.99",1.60743590976343,0,0,1,0,0,0,0,0,0,0,1,0,0,1,1.60743590976343,-0.461715395641907,0.305005655491846
3646890,"すぽっとスポット！",2025-11-14,"2025-11",1,1,0,0,,,,,0,0,0,,0,"No user reviews",2026-09-12 15:53:58.590795,2026-09-13 19:28:38.033837,2026-09-13,2026-09-12,303,"Windows only","Free",,1,0,0,0,1,0,1,0,0,0,0,0,0,0,,0,-0.812301741623485
3648340,"Field of Enemies",2025-11-17,"2025-11",0,1,0,0,1.99,1.99,0,"USD",2,2,0,1,0,"2 user reviews",2026-09-12 15:54:19.596668,2026-09-13 19:28:40.148921,2026-09-13,2026-09-12,300,"Windows only","$0.01-$4.99",1.0952733874026,1,0,1,1,0,0,1,1,0,0,0,0,0,1,1.0952733874026,-1.16035635402041,-0.870093503543243
3648430,"Think and Choice",2025-12-05,"2025-12",0,1,0,0,6.99,6.99,0,"USD",0,0,0,,0,"No user reviews",2026-09-12 15:54:23.865205,2026-09-13 19:28:42.187146,2026-09-13,2026-09-12,282,"Windows only","$5.00-$9.99",2.07819075977818,0,0,1,0,0,0,1,0,0,0,0,0,1,0,2.07819075977818,0.18044135190692,-1.21684407506179
3648550,"Your Magic Hook",2025-07-25,"2025-07",0,1,0,0,1.99,1.99,0,"USD",0,0,0,,0,"No user reviews",2026-09-12 15:54:30.464503,2026-09-13 19:28:44.351216,2026-09-13,2026-09-12,415,"Windows only","$0.01-$4.99",1.0952733874026,0,1,1,0,0,0,1,0,1,0,1,0,1,0,1.0952733874026,-1.16035635402041,1.3452573700475
3648620,"Knight of the Dungeon",2025-11-04,"2025-11",0,1,1,0,0.99,0.99,0,"USD",6,4,2,0.666666666666667,0,"6 user reviews",2026-09-12 15:54:32.613832,2026-09-13 19:28:46.420634,2026-09-13,2026-09-12,313,"Windows + macOS","$0.01-$4.99",0.688134638736401,1,1,0,1,0,0,1,0,0,0,0,0,0,1,0.688134638736401,-1.71573437006504,-0.61966253522429
3650320,"Another Game About Clicking",2025-07-11,"2025-07",0,1,0,0,3.99,3.99,0,"USD",12,4,8,0.333333333333333,4,"Mostly Negative",2026-09-12 15:54:51.934129,2026-09-13 19:28:48.551106,2026-09-13,2026-09-12,429,"Windows only","$0.01-$4.99",1.60743590976343,0,0,1,0,0,0,1,0,0,0,1,0,0,1,1.60743590976343,-0.461715395641907,1.61495225900637
3652330,"The Attack on Egg Harbor",2025-08-07,"2025-08",0,1,0,0,7.99,7.99,0,"USD",0,0,0,,0,"No user reviews",2026-09-12 15:55:30.368091,2026-09-13 19:28:50.660192,2026-09-13,2026-09-12,402,"Windows only","$5.00-$9.99",2.19611284848353,1,0,0,0,0,0,1,0,0,0,0,0,1,0,2.19611284848353,0.341298887298887,1.09482640172854
3652630,"Bobbies Evolution",2025-08-08,"2025-08",0,1,0,0,2.99,2.99,0,"USD",1,0,1,0,0,"1 user reviews",2026-09-12 15:55:32.431107,2026-09-13 19:28:52.75356,2026-09-13,2026-09-12,401,"Windows only","$0.01-$4.99",1.38379123090177,0,0,0,1,0,0,0,0,0,0,1,0,0,1,1.38379123090177,-0.766789128987195,1.07556248108863
3653300,"Up To Divine",2025-08-12,"2025-08",0,1,0,0,4.99,4.99,0,"USD",2,1,1,0.5,0,"2 user reviews",2026-09-12 15:55:41.015453,2026-09-13 19:28:54.929305,2026-09-13,2026-09-12,397,"Windows only","$0.01-$4.99",1.79009141212736,1,1,1,0,0,0,1,0,0,1,1,0,0,1,1.79009141212736,-0.212555002889199,0.998506798528947
3653390,"Final Echo",2025-07-10,"2025-07",0,1,0,0,5.99,5.99,0,"USD",1,1,0,1,0,"1 user reviews",2026-09-12 15:55:43.23312,2026-09-13 19:28:57.008897,2026-09-13,2026-09-12,430,"Windows only","$5.00-$9.99",1.94448055624572,0,1,0,0,0,0,0,0,1,0,0,0,0,1,1.94448055624572,-0.00195275282042951,1.63421617964629
3653590,"N.O.X.",2025-11-06,"2025-11",0,1,0,0,16.99,16.99,0,"USD",31,16,15,0.516129032258065,5,"Mixed",2026-09-12 15:55:47.65984,2026-09-13 19:28:59.227367,2026-09-13,2026-09-12,311,"Windows only","$10.00-$19.99",2.88981604796244,0,0,0,1,0,0,1,0,0,0,0,0,0,1,2.88981604796244,1.28757950517809,-0.658190376504129
3653600,"This Isn't Just Tower Defense",2025-10-23,"2025-10",0,1,0,0,6.99,6.99,0,"USD",121,74,47,0.611570247933884,5,"Mixed",2026-09-12 15:55:49.797855,2026-09-13 19:29:01.304088,2026-09-13,2026-09-12,325,"Windows only","$5.00-$9.99",2.07819075977818,0,0,1,0,0,0,0,0,0,0,0,0,1,1,2.07819075977818,0.18044135190692,-0.388495487545256
3653810,"Cat Home",2025-11-12,"2025-11",0,1,0,0,19.99,19.99,0,"USD",8,4,4,0.5,0,"8 user reviews",2026-09-12 15:55:54.184206,2026-09-13 19:29:03.554372,2026-09-13,2026-09-12,305,"Windows only","$10.00-$19.99",3.04404613383254,0,0,1,0,0,0,0,0,0,0,1,0,0,1,3.04404613383254,1.49796478387127,-0.773773900343646
3653870,"ANTYAVAN",2025-08-05,"2025-08",0,1,0,0,6.99,6.99,0,"USD",1,0,1,0,0,"1 user reviews",2026-09-12 15:55:56.329953,2026-09-13 19:29:05.798779,2026-09-13,2026-09-12,404,"Windows only","$5.00-$9.99",2.07819075977818,1,1,0,0,0,0,1,0,1,0,0,0,0,1,2.07819075977818,0.18044135190692,1.13335424300838
3654060,"The Hundred Youkai Master",2025-11-17,"2025-11",0,1,0,0,11.99,11.99,0,"USD",12,9,3,0.75,6,"Mostly Positive",2026-09-12 15:56:00.597843,2026-09-13 19:29:08.042275,2026-09-13,2026-09-12,300,"Windows only","$10.00-$19.99",2.56417983068251,0,0,0,0,0,0,0,0,1,0,0,0,0,1,2.56417983068251,0.843379102004269,-0.870093503543243
3654560,"Plants vs. Zombies<U+2122>: Replanted",2025-10-23,"2025-10",0,1,0,0,19.99,19.99,0,"USD",6841,4524,2317,0.661306826487356,5,"Mixed",2026-09-12 15:56:05.226067,2026-09-13 19:29:10.277008,2026-09-13,2026-09-12,325,"Windows only","$10.00-$19.99",3.04404613383254,0,0,0,0,0,0,0,0,0,0,0,0,1,1,3.04404613383254,1.49796478387127,-0.388495487545256
3654800,"Changelog",2025-07-21,"2025-07",1,1,0,0,,,,,0,0,0,,0,"No user reviews",2026-09-12 15:56:11.541983,2026-09-13 19:29:12.436114,2026-09-13,2026-09-12,419,"Windows only","Free",,0,0,0,0,1,0,1,0,0,0,1,0,0,0,,0,1.42231305260718
3654810,"CLOWNCORE",2025-07-25,"2025-07",0,1,0,0,6.99,3.49,50,"USD",3,1,2,0.333333333333333,0,"3 user reviews",2026-09-12 15:56:13.76524,2026-09-13 19:29:14.595836,2026-09-13,2026-09-12,415,"Windows only","$0.01-$4.99",1.50185270175416,1,1,0,0,0,0,0,0,0,0,0,0,0,1,1.50185270175416,-0.605741462391672,1.3452573700475
3656690,"Arc’s Glitch Defender",2025-08-21,"2025-08",0,1,0,0,9.99,9.99,0,"USD",1,1,0,1,0,"1 user reviews",2026-09-12 15:56:41.529892,2026-09-13 19:29:16.738949,2026-09-13,2026-09-12,388,"Windows only","$5.00-$9.99",2.39698576841553,1,0,0,0,0,0,1,0,0,0,0,0,0,1,2.39698576841553,0.615309661548216,0.825131512769672
3656990,"工廈 Warehouse",2025-07-17,"2025-07",0,1,0,0,4.99,4.99,0,"USD",11,5,6,0.454545454545455,5,"Mixed",2026-09-12 15:56:50.178708,2026-09-13 19:29:18.803892,2026-09-13,2026-09-12,423,"Windows only","$0.01-$4.99",1.79009141212736,0,1,0,0,0,0,1,0,0,0,0,0,0,1,1.79009141212736,-0.212555002889199,1.49936873516685
3658230,"MAGEYE",2025-12-13,"2025-12",0,1,0,0,7.99,7.99,0,"USD",11,11,0,1,7,"Positive",2026-09-12 15:56:56.380357,2026-09-13 19:29:20.933563,2026-09-13,2026-09-12,274,"Windows only","$5.00-$9.99",2.19611284848353,1,0,0,0,0,0,1,0,0,0,0,0,0,1,2.19611284848353,0.341298887298887,-1.37095544018115
3659410,"Your Big, Cute Monster Farm",2025-11-10,"2025-11",0,1,0,0,7.99,7.99,0,"USD",1089,853,236,0.783287419651056,6,"Mostly Positive",2026-09-12 15:57:13.60985,2026-09-13 19:29:23.079375,2026-09-13,2026-09-12,307,"Windows only","$5.00-$9.99",2.19611284848353,0,0,1,0,0,0,1,0,0,0,1,0,1,1,2.19611284848353,0.341298887298887,-0.735246059063807
3659560,"Bob's Crystals",2025-09-01,"2025-09",0,1,0,0,2.99,2.99,0,"USD",1,1,0,1,0,"1 user reviews",2026-09-12 15:57:15.831181,2026-09-13 19:29:25.173407,2026-09-13,2026-09-12,377,"Windows only","$0.01-$4.99",1.38379123090177,1,1,0,0,0,0,1,0,0,0,0,0,1,1,1.38379123090177,-0.766789128987195,0.613228385730558
3660220,"Syberia - Remastered",2025-11-06,"2025-11",0,1,0,0,29.99,29.99,0,"USD",722,513,209,0.710526315789474,6,"Mostly Positive",2026-09-12 15:57:28.4805,2026-09-13 19:29:27.239284,2026-09-13,2026-09-12,311,"Windows only","$20.00-$29.99",3.43366457179966,0,1,0,0,0,0,0,0,0,0,0,0,0,1,3.43366457179966,2.02944334198315,-0.658190376504129
3660270,"Corrupted World",2025-08-27,"2025-08",0,1,0,0,11.99,11.99,0,"USD",1,1,0,1,0,"1 user reviews",2026-09-12 15:57:30.517868,2026-09-13 19:29:29.257828,2026-09-13,2026-09-12,382,"Windows only","$10.00-$19.99",2.56417983068251,1,0,0,0,0,0,1,0,0,0,0,0,0,1,2.56417983068251,0.843379102004269,0.709547988930155
3660520,"五行乱斗",2025-07-11,"2025-07",0,1,0,0,3.99,3.99,0,"USD",1,0,1,0,0,"1 user reviews",2026-09-12 15:57:32.76023,2026-09-13 19:29:31.413071,2026-09-13,2026-09-12,429,"Windows only","$0.01-$4.99",1.60743590976343,0,0,1,1,0,0,1,0,0,0,0,0,0,1,1.60743590976343,-0.461715395641907,1.61495225900637
3664230,"Bounce Cat",2025-08-22,"2025-08",0,1,0,0,8.99,8.99,0,"USD",12,10,2,0.833333333333333,7,"Positive",2026-09-12 15:57:52.416658,2026-09-13 19:29:33.636384,2026-09-13,2026-09-12,387,"Windows only","$5.00-$9.99",2.30158459266046,0,1,0,0,0,0,1,0,0,0,0,0,0,1,2.30158459266046,0.485172906221557,0.805867592129753
3664250,"AstroPlanet",2025-08-05,"2025-08",0,1,0,0,3.99,3.99,0,"USD",39,25,14,0.641025641025641,5,"Mixed",2026-09-12 15:57:54.617565,2026-09-13 19:29:35.83219,2026-09-13,2026-09-12,404,"Windows only","$0.01-$4.99",1.60743590976343,0,1,0,0,0,0,1,0,0,0,1,0,1,1,1.60743590976343,-0.461715395641907,1.13335424300838
3664490,"ESA SHIELD",2025-08-19,"2025-08",1,1,0,0,,,,,0,0,0,,0,"No user reviews",2026-09-12 15:57:58.860191,2026-09-13 19:29:37.901225,2026-09-13,2026-09-12,390,"Windows only","Free",,0,0,0,1,1,0,0,0,0,0,1,0,1,0,,0,0.863659354049511
3666180,"Solitaire of Stygian Shadows",2025-08-01,"2025-08",0,1,0,0,9.99,9.99,0,"USD",1,0,1,0,0,"1 user reviews",2026-09-12 15:58:17.934469,2026-09-13 19:29:40.00851,2026-09-13,2026-09-12,408,"Windows only","$5.00-$9.99",2.39698576841553,0,0,1,0,0,0,1,0,0,0,0,0,1,1,2.39698576841553,0.615309661548216,1.21040992556806
3666920,"The Journey East and West",2025-07-17,"2025-07",1,1,0,1,,,,,0,0,0,,0,"No user reviews",2026-09-12 15:58:26.618618,2026-09-13 19:29:42.061356,2026-09-13,2026-09-12,423,"Windows + Linux","Free",,0,0,0,0,1,0,1,0,1,0,0,0,0,0,,0,1.49936873516685
3666940,"Rebels - Under the Spell of Magic (Chapter 5)",2025-12-18,"2025-12",0,1,0,0,13.99,11.89,15,"USD",1,1,0,1,0,"1 user reviews",2026-09-12 15:58:28.823097,2026-09-13 19:29:44.28637,2026-09-13,2026-09-12,269,"Windows only","$10.00-$19.99",2.5564518169511,0,1,1,0,0,0,0,0,0,0,0,0,0,1,2.5564518169511,0.832837317543375,-1.46727504338075
3667850,"Silk Roads II: Paths of Fortune",2025-08-01,"2025-08",0,1,1,1,9.99,9.99,0,"USD",24,18,6,0.75,6,"Mostly Positive",2026-09-12 15:58:48.140764,2026-09-13 19:29:46.325277,2026-09-13,2026-09-12,408,"Windows + macOS + Linux","$5.00-$9.99",2.39698576841553,0,0,0,0,0,0,0,0,0,0,1,0,0,1,2.39698576841553,0.615309661548216,1.21040992556806
3668800,"I Antasized Again",2025-11-02,"2025-11",0,1,0,0,7.99,5.99,25,"USD",44,38,6,0.863636363636364,7,"Positive",2026-09-12 15:58:58.310088,2026-09-13 19:29:48.499288,2026-09-13,2026-09-12,315,"Windows only","$5.00-$9.99",1.94448055624572,0,0,1,0,0,0,1,0,1,0,1,0,0,1,1.94448055624572,-0.00195275282042951,-0.581134693944451
3668840,"CAGELING",2025-07-03,"2025-07",0,1,0,0,2.99,2.99,0,"USD",1,1,0,1,0,"1 user reviews",2026-09-12 15:59:01.183576,2026-09-13 19:29:50.679828,2026-09-13,2026-09-12,437,"Windows only","$0.01-$4.99",1.38379123090177,0,0,1,0,0,0,1,0,0,0,0,0,0,1,1.38379123090177,-0.766789128987195,1.76906362412573
3668910,"ddz Online",2025-11-27,"2025-11",1,1,0,0,,,,,0,0,0,,0,"No user reviews",2026-09-12 15:59:03.241249,2026-09-13 19:29:52.761312,2026-09-13,2026-09-12,290,"Windows only","Free",,0,0,1,0,1,0,1,0,1,0,0,0,1,0,,0,-1.06273270994244
3669050,"Void Resurgence",2025-08-17,"2025-08",0,1,1,0,4.99,2.49,50,"USD",31,28,3,0.903225806451613,7,"Positive",2026-09-12 15:59:05.417965,2026-09-13 19:29:54.9828,2026-09-13,2026-09-12,392,"Windows + macOS","$0.01-$4.99",1.24990173621434,1,0,1,0,0,0,1,0,0,0,0,0,0,1,1.24990173621434,-0.949427804800615,0.90218719532935
3669190,"Outbreak Zero",2025-12-12,"2025-12",0,1,0,0,9.99,9.99,0,"USD",7,2,5,0.285714285714286,0,"7 user reviews",2026-09-12 15:59:09.729159,2026-09-13 19:29:57.098698,2026-09-13,2026-09-12,275,"Windows only","$5.00-$9.99",2.39698576841553,1,1,0,0,0,0,1,0,0,0,0,0,0,1,2.39698576841553,0.615309661548216,-1.35169151954123
3669400,"A Spooky Item Game",2025-08-15,"2025-08",0,1,0,0,3.99,3.99,0,"USD",5,5,0,1,0,"5 user reviews",2026-09-12 15:59:19.594299,2026-09-13 19:29:59.241982,2026-09-13,2026-09-12,394,"Windows only","$0.01-$4.99",1.60743590976343,0,1,1,0,0,0,1,0,0,0,1,0,0,1,1.60743590976343,-0.461715395641907,0.940715036609189
3669640,"Bound by Bones",2025-09-22,"2025-09",0,1,0,0,2.99,2.99,0,"USD",0,0,0,,0,"No user reviews",2026-09-12 15:59:32.203863,2026-09-13 19:30:01.493909,2026-09-13,2026-09-12,356,"Windows only","$0.01-$4.99",1.38379123090177,0,1,1,1,0,0,1,0,0,0,0,0,0,0,1.38379123090177,-0.766789128987195,0.208686052292248
3669740,"The You Quiz",2025-12-05,"2025-12",0,1,0,0,9.99,9.99,0,"USD",99,93,6,0.939393939393939,8,"Very Positive",2026-09-12 15:59:36.369448,2026-09-13 19:30:03.5241,2026-09-13,2026-09-12,282,"Windows only","$5.00-$9.99",2.39698576841553,0,0,1,0,0,0,1,0,0,0,0,0,1,1,2.39698576841553,0.615309661548216,-1.21684407506179
3669750,"Aquanima",2025-11-09,"2025-11",0,1,0,0,2.99,2.99,0,"USD",32,29,3,0.90625,7,"Positive",2026-09-12 15:59:38.688228,2026-09-13 19:30:05.732996,2026-09-13,2026-09-12,308,"Windows only","$0.01-$4.99",1.38379123090177,0,0,1,0,0,0,1,0,0,0,0,0,0,1,1.38379123090177,-0.766789128987195,-0.715982138423887
3670140,"Godzilla x Kong: Titan Chasers",2025-09-30,"2025-09",1,1,1,0,,,,,0,0,0,,0,"No user reviews",2026-09-12 15:59:47.406417,2026-09-13 19:30:07.999771,2026-09-13,2026-09-12,348,"Windows + macOS","Free",,0,0,0,0,1,0,0,1,0,0,0,0,1,0,,0,0.0545746871728924
3670200,"Colossal Kickoff",2025-12-18,"2025-12",0,1,0,0,9.99,9.99,0,"USD",2,2,0,1,0,"2 user reviews",2026-09-12 15:59:49.634901,2026-09-13 19:30:10.126975,2026-09-13,2026-09-12,269,"Windows only","$5.00-$9.99",2.39698576841553,1,0,0,0,0,0,1,0,0,0,0,1,0,1,2.39698576841553,0.615309661548216,-1.46727504338075
3670290,"Dragons Frolic!",2025-10-20,"2025-10",0,1,0,0,3.99,3.99,0,"USD",7,6,1,0.857142857142857,0,"7 user reviews",2026-09-12 15:59:51.784486,2026-09-13 19:30:12.365126,2026-09-13,2026-09-12,328,"Windows only","$0.01-$4.99",1.60743590976343,0,0,1,0,0,0,1,0,0,1,1,0,0,1,1.60743590976343,-0.461715395641907,-0.330703725625497
3671880,"BAROQUE SHOOTING: REVERSED",2025-12-17,"2025-12",0,1,0,0,14.99,14.99,0,"USD",13,12,1,0.923076923076923,7,"Positive",2026-09-12 16:00:09.768745,2026-09-13 19:30:14.496275,2026-09-13,2026-09-12,270,"Windows only","$10.00-$19.99",2.77196352684586,0,0,1,0,0,0,0,0,0,0,0,0,0,1,2.77196352684586,1.12681686694233,-1.44801112274083
3671980,"Job Battle Simulator",2025-11-16,"2025-11",0,1,0,0,5.99,5.99,0,"USD",5,5,0,1,0,"5 user reviews",2026-09-12 16:00:11.7824,2026-09-13 19:30:16.7197,2026-09-13,2026-09-12,301,"Windows only","$5.00-$9.99",1.94448055624572,1,0,1,0,0,0,1,0,0,0,1,0,1,1,1.94448055624572,-0.00195275282042951,-0.850829582903324
3672100,"The Home County",2025-09-22,"2025-09",0,1,1,1,13.99,13.99,0,"USD",57,52,5,0.912280701754386,8,"Very Positive",2026-09-12 16:00:14.002171,2026-09-13 19:30:18.959738,2026-09-13,2026-09-12,356,"Windows + macOS + Linux","$10.00-$19.99",2.70738331211451,0,0,0,1,0,0,1,0,1,0,1,0,0,1,2.70738331211451,1.03872298825665,0.208686052292248
3672250,"FloorBreaker",2025-08-01,"2025-08",0,1,0,0,1.99,1.99,0,"USD",0,0,0,,0,"No user reviews",2026-09-12 16:00:18.251959,2026-09-13 19:30:21.147304,2026-09-13,2026-09-12,408,"Windows only","$0.01-$4.99",1.0952733874026,1,0,1,0,0,0,1,0,0,0,0,1,0,0,1.0952733874026,-1.16035635402041,1.21040992556806
3672300,"Babbling Brook",2025-11-03,"2025-11",0,1,0,0,11.99,11.99,0,"USD",21,19,2,0.904761904761905,7,"Positive",2026-09-12 16:00:20.312308,2026-09-13 19:30:23.28076,2026-09-13,2026-09-12,314,"Windows only","$10.00-$19.99",2.56417983068251,0,1,1,0,0,0,1,0,0,0,1,0,0,1,2.56417983068251,0.843379102004269,-0.60039861458437
3672410,"POGO Stadium",2025-07-18,"2025-07",0,1,0,0,12.99,5.19,60,"USD",2,2,0,1,0,"2 user reviews",2026-09-12 16:00:24.447817,2026-09-13 19:30:25.492237,2026-09-13,2026-09-12,422,"Windows only","$5.00-$9.99",1.8229350866965,1,0,1,1,0,0,1,0,0,0,0,0,1,1,1.8229350866965,-0.167752942457502,1.48010481452693
3673060,"How to Train Your Cock",2025-10-27,"2025-10",0,1,0,0,3.99,2.79,30,"USD",1845,1754,91,0.950677506775068,9,"Overwhelmingly Positive",2026-09-12 16:00:37.611895,2026-09-13 19:30:27.680035,2026-09-13,2026-09-12,321,"Windows only","$0.01-$4.99",1.33236601909433,0,0,1,0,0,0,1,0,0,0,1,0,0,1,1.33236601909433,-0.836938266601472,-0.465551170104934
3674970,"Colony 19",2025-11-25,"2025-11",1,1,0,0,,,,,0,0,0,,0,"No user reviews",2026-09-12 16:00:54.637309,2026-09-13 19:30:29.915181,2026-09-13,2026-09-12,292,"Windows only","Free",,0,0,0,0,1,0,1,0,0,0,1,0,0,0,,0,-1.0242048686626
3675130,"Paradise Sea",2025-07-11,"2025-07",0,1,0,0,2.99,2.39,20,"USD",5,4,1,0.8,0,"5 user reviews",2026-09-12 16:00:58.903964,2026-09-13 19:30:32.064868,2026-09-13,2026-09-12,429,"Windows only","$0.01-$4.99",1.22082992139236,0,1,0,0,0,0,1,0,0,0,0,0,0,1,1.22082992139236,-0.989084670897347,1.61495225900637
3675150,"Donut Riders",2025-07-25,"2025-07",0,1,0,0,4.99,4.99,0,"USD",1,1,0,1,0,"1 user reviews",2026-09-12 16:01:00.970496,2026-09-13 19:30:34.175996,2026-09-13,2026-09-12,415,"Windows only","$0.01-$4.99",1.79009141212736,1,0,0,1,0,0,1,0,0,1,0,0,0,1,1.79009141212736,-0.212555002889199,1.3452573700475
3675290,"Crystal Gaiden Origins",2025-08-07,"2025-08",0,1,1,0,11.99,11.99,0,"USD",17,16,1,0.941176470588235,7,"Positive",2026-09-12 16:01:05.323465,2026-09-13 19:30:36.335464,2026-09-13,2026-09-12,402,"Windows + macOS","$10.00-$19.99",2.56417983068251,1,1,0,0,0,0,1,0,0,0,0,0,0,1,2.56417983068251,0.843379102004269,1.09482640172854
3676260,"Hordelord",2025-08-18,"2025-08",0,1,0,0,4.99,4.99,0,"USD",40,38,2,0.95,7,"Positive",2026-09-12 16:01:13.536511,2026-09-13 19:30:38.525242,2026-09-13,2026-09-12,391,"Windows only","$0.01-$4.99",1.79009141212736,1,0,0,0,0,0,1,0,0,0,0,0,0,1,1.79009141212736,-0.212555002889199,0.88292327468943
3676270,"Poly Frenzy",2025-11-11,"2025-11",0,1,1,0,9.99,9.99,0,"USD",3,3,0,1,0,"3 user reviews",2026-09-12 16:01:15.756444,2026-09-13 19:30:40.670299,2026-09-13,2026-09-12,306,"Windows + macOS","$5.00-$9.99",2.39698576841553,1,0,0,0,0,0,1,0,0,0,0,0,0,1,2.39698576841553,0.615309661548216,-0.754509979703726
3676850,"心动恋旅：樱花篇",2025-08-26,"2025-08",0,1,0,0,5.99,5.99,0,"USD",823,751,72,0.912515188335358,8,"Very Positive",2026-09-12 16:01:20.127196,2026-09-13 19:30:42.719459,2026-09-13,2026-09-12,383,"Windows only","$5.00-$9.99",1.94448055624572,0,0,0,0,0,0,0,0,0,0,1,0,0,1,1.94448055624572,-0.00195275282042951,0.728811909570075
3677120,"3Tower",2025-07-02,"2025-07",0,1,0,0,1.99,1.99,0,"USD",3,1,2,0.333333333333333,0,"3 user reviews",2026-09-12 16:01:24.41035,2026-09-13 19:30:44.914368,2026-09-13,2026-09-12,438,"Windows only","$0.01-$4.99",1.0952733874026,1,1,0,1,0,0,1,0,0,0,0,0,0,1,1.0952733874026,-1.16035635402041,1.78832754476565
3677870,"Crayation: The First Sketch",2025-12-11,"2025-12",0,1,1,1,5.99,5.99,0,"USD",0,0,0,,0,"No user reviews",2026-09-12 16:01:33.062637,2026-09-13 19:30:47.144282,2026-09-13,2026-09-12,276,"Windows + macOS + Linux","$5.00-$9.99",1.94448055624572,0,0,0,0,0,0,1,0,0,0,0,0,0,0,1.94448055624572,-0.00195275282042951,-1.33242759890131
3678130,"Gutfarm",2025-08-24,"2025-08",0,1,0,0,3.99,3.99,0,"USD",4,4,0,1,0,"4 user reviews",2026-09-12 16:01:37.466021,2026-09-13 19:30:49.286671,2026-09-13,2026-09-12,385,"Windows only","$0.01-$4.99",1.60743590976343,1,0,1,0,0,0,1,0,0,0,0,0,1,1,1.60743590976343,-0.461715395641907,0.767339750849914
3678420,"Videonauts",2025-09-26,"2025-09",0,1,1,1,9.99,9.99,0,"USD",14,12,2,0.857142857142857,7,"Positive",2026-09-12 16:01:39.649211,2026-09-13 19:30:51.508627,2026-09-13,2026-09-12,352,"Windows + macOS + Linux","$5.00-$9.99",2.39698576841553,0,0,0,0,0,0,1,0,1,0,0,0,0,1,2.39698576841553,0.615309661548216,0.13163036973257
3678950,"Idle Awakening: Mages Path",2025-09-25,"2025-09",0,1,0,0,4.99,4.99,0,"USD",182,141,41,0.774725274725275,6,"Mostly Positive",2026-09-12 16:01:52.20112,2026-09-13 19:30:53.761802,2026-09-13,2026-09-12,353,"Windows only","$0.01-$4.99",1.79009141212736,0,0,1,1,0,0,1,0,1,0,1,0,0,1,1.79009141212736,-0.212555002889199,0.15089429037249
3679100,"Keine’s Terakoya: A Schoolhouse in Gensokyo",2025-10-18,"2025-10",0,1,0,0,7.99,7.99,0,"USD",18,18,0,1,7,"Positive",2026-09-12 16:01:58.533959,2026-09-13 19:30:55.778135,2026-09-13,2026-09-12,330,"Windows only","$5.00-$9.99",2.19611284848353,0,0,1,1,0,0,1,0,1,0,1,0,1,1,2.19611284848353,0.341298887298887,-0.292175884345658
3679380,"Keyboard Simulator",2025-07-21,"2025-07",0,1,0,0,3.99,3.99,0,"USD",3,2,1,0.666666666666667,0,"3 user reviews",2026-09-12 16:02:00.657529,2026-09-13 19:30:57.997142,2026-09-13,2026-09-12,419,"Windows only","$0.01-$4.99",1.60743590976343,1,0,1,0,0,0,1,0,1,0,1,0,0,1,1.60743590976343,-0.461715395641907,1.42231305260718
3679570,"Screen Greens",2025-11-28,"2025-11",0,1,0,0,2.99,2.99,0,"USD",11,11,0,1,7,"Positive",2026-09-12 16:02:13.664559,2026-09-13 19:31:00.223848,2026-09-13,2026-09-12,289,"Windows only","$0.01-$4.99",1.38379123090177,0,0,1,0,0,0,1,0,0,0,1,1,0,1,1.38379123090177,-0.766789128987195,-1.08199663058236
3679920,"Favela Defender",2025-07-18,"2025-07",0,1,0,0,4.99,4.99,0,"USD",4,4,0,1,0,"4 user reviews",2026-09-12 16:02:15.906052,2026-09-13 19:31:02.353134,2026-09-13,2026-09-12,422,"Windows only","$0.01-$4.99",1.79009141212736,0,0,0,0,0,0,0,0,0,0,0,0,1,1,1.79009141212736,-0.212555002889199,1.48010481452693
3680420,"Green Ember: Helmer in the Dragon Tomb",2025-11-18,"2025-11",0,1,1,0,16.99,16.99,0,"USD",32,31,1,0.96875,7,"Positive",2026-09-12 16:02:24.270231,2026-09-13 19:31:04.403409,2026-09-13,2026-09-12,299,"Windows + macOS","$10.00-$19.99",2.88981604796244,0,1,0,0,0,0,0,0,0,0,0,0,0,1,2.88981604796244,1.28757950517809,-0.889357424183163
3680900,"Future War Tactics: SOF vs Alien Invasion – Turn-Based Strategy",2025-07-17,"2025-07",0,1,0,0,9.99,9.99,0,"USD",144,90,54,0.625,5,"Mixed",2026-09-12 16:02:30.809405,2026-09-13 19:31:06.4963,2026-09-13,2026-09-12,423,"Windows only","$5.00-$9.99",2.39698576841553,0,1,0,0,0,0,1,0,1,0,1,0,1,1,2.39698576841553,0.615309661548216,1.49936873516685
3681060,"Fireside Friends",2025-07-30,"2025-07",0,1,0,0,9.99,9.99,0,"USD",1,0,1,0,0,"1 user reviews",2026-09-12 16:02:35.041608,2026-09-13 19:31:08.589746,2026-09-13,2026-09-12,410,"Windows only","$5.00-$9.99",2.39698576841553,1,1,1,0,0,0,1,0,0,0,0,0,0,1,2.39698576841553,0.615309661548216,1.2489377668479
3681580,"Bowlers : The bowling experience",2025-10-02,"2025-10",0,1,0,0,15.99,15.99,0,"USD",10,8,2,0.8,7,"Positive",2026-09-12 16:02:37.188724,2026-09-13 19:31:10.77482,2026-09-13,2026-09-12,346,"Windows only","$10.00-$19.99",2.83262493568384,0,0,0,0,0,0,1,0,0,0,1,1,0,1,2.83262493568384,1.20956510203731,0.0160468458930535
3681760,"Astral Takers",2025-07-31,"2025-07",0,1,0,0,19.99,19.99,0,"USD",0,0,0,,0,"No user reviews",2026-09-12 16:02:39.343936,2026-09-13 19:31:12.966258,2026-09-13,2026-09-12,409,"Windows only","$10.00-$19.99",3.04404613383254,0,1,0,0,0,0,0,0,1,0,1,0,1,0,3.04404613383254,1.49796478387127,1.22967384620798
3682080,"Gambler’s Loop",2025-07-24,"2025-07",0,1,0,0,1.99,1.99,0,"USD",2,0,2,0,0,"2 user reviews",2026-09-12 16:02:48.147871,2026-09-13 19:31:15.112578,2026-09-13,2026-09-12,416,"Windows only","$0.01-$4.99",1.0952733874026,0,0,1,0,0,0,1,0,0,0,0,0,1,1,1.0952733874026,-1.16035635402041,1.36452129068742
3682530,"尸来运转-Lucky Zombie Survival",2025-09-08,"2025-09",0,1,0,0,3.99,3.99,0,"USD",86,74,12,0.86046511627907,8,"Very Positive",2026-09-12 16:02:52.418684,2026-09-13 19:31:17.288381,2026-09-13,2026-09-12,370,"Windows only","$0.01-$4.99",1.60743590976343,0,0,1,0,0,0,1,0,1,0,1,0,0,1,1.60743590976343,-0.461715395641907,0.478380941251121
3683710,"限界シェフ",2025-08-07,"2025-08",0,1,0,0,3.99,1.59,60,"USD",0,0,0,,0,"No user reviews",2026-09-12 16:03:00.818033,2026-09-13 19:31:19.405728,2026-09-13,2026-09-12,402,"Windows only","$0.01-$4.99",0.951657875711446,0,0,0,0,0,0,1,0,0,0,0,0,0,0,0.951657875711446,-1.35626229079888,1.09482640172854
3684010,"3 Hell",2025-10-08,"2025-10",0,1,0,0,3.99,3.99,0,"USD",1,1,0,1,0,"1 user reviews",2026-09-12 16:04:44.439167,2026-09-13 19:31:21.535613,2026-09-13,2026-09-12,340,"Windows only","$0.01-$4.99",1.60743590976343,1,0,0,0,0,0,1,0,0,0,0,0,0,1,1.60743590976343,-0.461715395641907,-0.0995366779464635
3684320,"Clutter 18: Joe's Ultimate Challenge - Collector's Edition",2025-09-15,"2025-09",0,1,0,0,13.99,13.99,0,"USD",6,5,1,0.833333333333333,0,"6 user reviews",2026-09-12 16:04:52.846412,2026-09-13 19:31:23.655775,2026-09-13,2026-09-12,363,"Windows only","$10.00-$19.99",2.70738331211451,0,0,1,0,0,0,1,0,0,0,0,0,0,1,2.70738331211451,1.03872298825665,0.343533496771685
3684910,"Super Pinball Adventure",2025-12-03,"2025-12",0,1,1,0,4.99,4.99,0,"USD",12,11,1,0.916666666666667,7,"Positive",2026-09-12 16:05:05.608684,2026-09-13 19:31:25.825205,2026-09-13,2026-09-12,284,"Windows + macOS","$0.01-$4.99",1.79009141212736,0,0,1,0,0,0,1,0,0,0,0,0,0,1,1.79009141212736,-0.212555002889199,-1.17831623378195
3685030,"Neon Strike",2025-10-24,"2025-10",0,1,1,1,1.99,1.99,0,"USD",13,13,0,1,7,"Positive",2026-09-12 16:05:07.655463,2026-09-13 19:31:27.86096,2026-09-13,2026-09-12,324,"Windows + macOS + Linux","$0.01-$4.99",1.0952733874026,0,0,1,0,0,0,1,0,0,0,0,0,0,1,1.0952733874026,-1.16035635402041,-0.407759408185175
3685170,"Earth Ten Days : 981Hz",2025-08-21,"2025-08",0,1,1,0,6.99,6.99,0,"USD",35,29,6,0.828571428571429,7,"Positive",2026-09-12 16:05:11.960965,2026-09-13 19:31:30.101543,2026-09-13,2026-09-12,388,"Windows + macOS","$5.00-$9.99",2.07819075977818,0,0,1,0,0,0,1,0,0,0,0,0,0,1,2.07819075977818,0.18044135190692,0.825131512769672
3685280,"Dungeons of Uhr",2025-11-17,"2025-11",0,1,0,0,4.99,4.99,0,"USD",2,0,2,0,0,"2 user reviews",2026-09-12 16:05:14.115129,2026-09-13 19:31:32.235143,2026-09-13,2026-09-12,300,"Windows only","$0.01-$4.99",1.79009141212736,1,1,0,0,0,0,1,0,1,0,0,0,0,1,1.79009141212736,-0.212555002889199,-0.870093503543243
3685920,"Quetzal - Card Battle TCG",2025-10-10,"2025-10",1,1,0,0,,,,,0,0,0,,0,"No user reviews",2026-09-12 16:05:18.216237,2026-09-13 19:31:34.318439,2026-09-13,2026-09-12,338,"Windows only","Free",,0,0,0,0,1,0,1,0,0,0,0,0,1,0,,0,-0.138064519226302
3686450,"John Parkour",2025-09-04,"2025-09",0,1,0,0,2.99,2.99,0,"USD",9,9,0,1,0,"9 user reviews",2026-09-12 16:05:20.268604,2026-09-13 19:31:36.501152,2026-09-13,2026-09-12,374,"Windows only","$0.01-$4.99",1.38379123090177,1,0,0,0,0,0,1,0,0,0,0,0,0,1,1.38379123090177,-0.766789128987195,0.555436623810799
3686580,"Repel The Rifts",2025-11-24,"2025-11",0,1,0,1,12.99,12.99,0,"USD",347,296,51,0.853025936599424,8,"Very Positive",2026-09-12 16:05:22.329486,2026-09-13 19:31:38.675976,2026-09-13,2026-09-12,293,"Windows + Linux","$10.00-$19.99",2.63834278867739,0,0,0,1,0,0,1,0,0,0,0,0,1,1,2.63834278867739,0.944544801928764,-1.00494094802268
3686840,"Under the Ruin",2025-08-13,"2025-08",0,1,0,0,5.99,5.99,0,"USD",1,1,0,1,0,"1 user reviews",2026-09-12 16:05:26.595138,2026-09-13 19:31:40.91416,2026-09-13,2026-09-12,396,"Windows only","$5.00-$9.99",1.94448055624572,0,0,0,0,0,0,1,0,0,0,1,0,1,1,1.94448055624572,-0.00195275282042951,0.979242877889028
3686930,"TOUQI",2025-08-13,"2025-08",0,1,0,0,4.99,4.99,0,"USD",461,414,47,0.898047722342733,8,"Very Positive",2026-09-12 16:05:30.830682,2026-09-13 19:31:43.116829,2026-09-13,2026-09-12,396,"Windows only","$0.01-$4.99",1.79009141212736,0,1,0,0,0,0,1,0,1,0,0,0,0,1,1.79009141212736,-0.212555002889199,0.979242877889028
3686940,"Uncanny Tales: 1992",2025-09-10,"2025-09",0,1,0,0,4.99,4.99,0,"USD",323,273,50,0.845201238390093,8,"Very Positive",2026-09-12 16:05:33.038594,2026-09-13 19:31:45.276589,2026-09-13,2026-09-12,368,"Windows only","$0.01-$4.99",1.79009141212736,0,1,1,0,0,0,1,0,0,0,0,0,0,1,1.79009141212736,-0.212555002889199,0.439853099971282
3687470,"The Sushi House",2025-11-13,"2025-11",0,1,0,0,4.99,4.99,0,"USD",101,82,19,0.811881188118812,8,"Very Positive",2026-09-12 16:05:39.435779,2026-09-13 19:31:47.391217,2026-09-13,2026-09-12,304,"Windows only","$0.01-$4.99",1.79009141212736,1,1,0,0,0,0,1,0,0,0,1,0,0,1,1.79009141212736,-0.212555002889199,-0.793037820983565
3687580,"Strength In Numbers",2025-11-12,"2025-11",0,1,0,0,4.99,4.99,0,"USD",22,21,1,0.954545454545455,7,"Positive",2026-09-12 16:05:43.568621,2026-09-13 19:31:49.628006,2026-09-13,2026-09-12,305,"Windows only","$0.01-$4.99",1.79009141212736,0,0,1,0,0,0,0,0,0,0,0,0,1,1,1.79009141212736,-0.212555002889199,-0.773773900343646
3687940,"Missing Hearts: Сrimson Cruise Collector's Edition",2025-10-28,"2025-10",0,1,1,0,11.99,11.99,0,"USD",4,2,2,0.5,0,"4 user reviews",2026-09-12 16:05:51.859005,2026-09-13 19:31:51.667641,2026-09-13,2026-09-12,320,"Windows + macOS","$10.00-$19.99",2.56417983068251,0,1,1,0,0,0,0,0,0,0,0,0,0,1,2.56417983068251,0.843379102004269,-0.484815090744853
3688080,"Tribute Clicker",2025-11-18,"2025-11",0,1,0,0,2.99,2.99,0,"USD",0,0,0,,0,"No user reviews",2026-09-12 16:05:56.234594,2026-09-13 19:31:53.798675,2026-09-13,2026-09-12,299,"Windows only","$0.01-$4.99",1.38379123090177,0,0,1,0,0,0,1,0,0,0,0,0,0,0,1.38379123090177,-0.766789128987195,-0.889357424183163
3688320,"Alphabet Hero(<U+C54C><U+D30C><U+BCB3> <U+C6A9><U+C0AC>)",2025-10-14,"2025-10",1,1,0,0,,,,,0,0,0,,0,"No user reviews",2026-09-12 16:06:02.72246,2026-09-13 19:31:55.819127,2026-09-13,2026-09-12,334,"Windows only","Free",,0,1,0,0,1,0,0,0,0,0,0,0,0,0,,0,-0.21512020178598
3688590,"Asphyxiation",2025-09-16,"2025-09",1,1,0,0,,,,,0,0,0,,0,"No user reviews",2026-09-12 16:06:09.202797,2026-09-13 19:31:58.026165,2026-09-13,2026-09-12,362,"Windows only","Free",,0,0,0,0,1,0,1,0,0,0,0,0,0,0,,0,0.324269576131765
3688740,"Deserter: Prologue",2025-08-26,"2025-08",1,1,0,0,,,,,0,0,0,,0,"No user reviews",2026-09-12 16:06:15.761475,2026-09-13 19:32:00.073398,2026-09-13,2026-09-12,383,"Windows only","Free",,1,0,0,0,1,0,0,0,1,0,0,0,0,0,,0,0.728811909570075
3688790,"Stocks",2025-08-26,"2025-08",1,1,0,0,,,,,0,0,0,,0,"No user reviews",2026-09-12 16:06:17.811432,2026-09-13 19:32:02.208069,2026-09-13,2026-09-12,383,"Windows only","Free",,0,0,1,0,1,0,1,0,0,0,1,0,0,0,,0,0.728811909570075
3688930,"Myrath's Curse",2025-10-10,"2025-10",0,1,0,0,1.99,1.99,0,"USD",3,3,0,1,0,"3 user reviews",2026-09-12 16:06:22.036284,2026-09-13 19:32:04.416469,2026-09-13,2026-09-12,338,"Windows only","$0.01-$4.99",1.0952733874026,1,0,1,0,0,0,1,0,1,0,0,0,0,1,1.0952733874026,-1.16035635402041,-0.138064519226302
3688970,"Woolly",2025-11-10,"2025-11",0,1,0,0,6.49,6.49,0,"USD",71,64,7,0.901408450704225,8,"Very Positive",2026-09-12 16:06:24.148473,2026-09-13 19:32:06.517853,2026-09-13,2026-09-12,307,"Windows only","$5.00-$9.99",2.01356879752913,0,0,1,0,0,0,1,0,0,0,0,0,0,1,2.01356879752913,0.0922905254273295,-0.735246059063807
3689420,"Velocity Arena",2025-07-11,"2025-07",0,1,0,0,1.99,1.99,0,"USD",0,0,0,,0,"No user reviews",2026-09-12 16:06:34.731953,2026-09-13 19:32:08.560686,2026-09-13,2026-09-12,429,"Windows only","$0.01-$4.99",1.0952733874026,0,0,1,0,0,0,1,0,0,0,0,1,0,0,1.0952733874026,-1.16035635402041,1.61495225900637
3690060,"ジャンクノーツ / JUNK NOTES",2025-10-09,"2025-10",0,1,0,0,3.99,3.99,0,"USD",2,0,2,0,0,"2 user reviews",2026-09-12 16:06:51.974141,2026-09-13 19:32:10.675758,2026-09-13,2026-09-12,339,"Windows only","$0.01-$4.99",1.60743590976343,0,0,1,0,0,0,1,0,0,0,0,0,0,1,1.60743590976343,-0.461715395641907,-0.118800598586383
3690390,"<U+0001F4F7><U+0001F50D> Pictective",2025-12-10,"2025-12",0,1,0,1,1.99,1.99,0,"USD",49,46,3,0.938775510204082,7,"Positive",2026-09-12 16:06:56.107073,2026-09-13 19:32:12.921692,2026-09-13,2026-09-12,277,"Windows + Linux","$0.01-$4.99",1.0952733874026,0,0,1,0,0,0,1,0,0,0,0,0,0,1,1.0952733874026,-1.16035635402041,-1.31316367826139
3690420,"Dreaming in Cherry Blossoms, I Fall in Love with You",2025-07-31,"2025-07",0,1,0,0,24.99,24.99,0,"USD",13,13,0,1,7,"Positive",2026-09-12 16:06:58.113446,2026-09-13 19:32:15.006947,2026-09-13,2026-09-12,409,"Windows only","$20.00-$29.99",3.2577118486534,0,1,0,0,0,0,0,0,0,0,1,0,0,1,3.2577118486534,1.78942621116778,1.22967384620798
3690570,"Ms Vampire Love to Date with Me",2025-11-07,"2025-11",0,1,0,0,4.99,4.99,0,"USD",17,13,4,0.764705882352941,6,"Mostly Positive",2026-09-12 16:07:02.520933,2026-09-13 19:32:17.243049,2026-09-13,2026-09-12,310,"Windows only","$0.01-$4.99",1.79009141212736,0,0,0,0,0,0,0,0,1,0,0,0,0,1,1.79009141212736,-0.212555002889199,-0.677454297144048
3692260,"Booster",2025-08-13,"2025-08",1,1,0,0,,,,,0,0,0,,0,"No user reviews",2026-09-12 16:07:32.35459,2026-09-13 19:32:19.344029,2026-09-13,2026-09-12,396,"Windows only","Free",,0,0,1,0,1,0,0,0,0,0,0,0,0,0,,0,0.979242877889028
3693590,"Legends of Gems",2025-11-21,"2025-11",0,1,0,0,8.99,5.12,43,"USD",137,111,26,0.81021897810219,8,"Very Positive",2026-09-12 16:07:45.08738,2026-09-13 19:32:21.537747,2026-09-13,2026-09-12,296,"Windows only","$5.00-$9.99",1.81156209652423,0,0,0,0,0,0,1,0,0,0,0,0,1,1,1.81156209652423,-0.183266839719954,-0.947149186102921
3693600,"Cube Cube 2",2025-08-24,"2025-08",0,1,1,0,1.99,1.99,0,"USD",0,0,0,,0,"No user reviews",2026-09-12 16:07:47.183947,2026-09-13 19:32:23.607832,2026-09-13,2026-09-12,385,"Windows + macOS","$0.01-$4.99",1.0952733874026,0,0,1,0,0,0,0,0,0,1,1,0,0,0,1.0952733874026,-1.16035635402041,0.767339750849914
3693720,"Concerto on White: Cajon Story",2025-12-25,"2025-12",0,1,0,0,8.99,8.99,0,"USD",59,56,3,0.949152542372881,8,"Very Positive",2026-09-12 16:07:49.343251,2026-09-13 19:32:25.787597,2026-09-13,2026-09-12,262,"Windows only","$5.00-$9.99",2.30158459266046,1,1,0,0,0,0,1,0,0,0,1,0,0,1,2.30158459266046,0.485172906221557,-1.60212248786018
3694020,"Blackjack Wars",2025-10-22,"2025-10",0,1,0,0,6.99,6.99,0,"USD",8,5,3,0.625,0,"8 user reviews",2026-09-12 16:07:53.733651,2026-09-13 19:32:27.838905,2026-09-13,2026-09-12,326,"Windows only","$5.00-$9.99",2.07819075977818,0,0,1,0,0,0,1,0,0,0,0,0,1,1,2.07819075977818,0.18044135190692,-0.369231566905336
3694470,"Coupling",2025-07-25,"2025-07",0,1,0,0,5.99,5.99,0,"USD",9,8,1,0.888888888888889,0,"9 user reviews",2026-09-12 16:08:02.167607,2026-09-13 19:32:29.87915,2026-09-13,2026-09-12,415,"Windows only","$5.00-$9.99",1.94448055624572,0,0,1,0,0,0,1,0,0,0,0,0,0,1,1.94448055624572,-0.00195275282042951,1.3452573700475
3694660,"Ollsgar'd",2025-10-06,"2025-10",0,1,0,0,1.99,1.99,0,"USD",0,0,0,,0,"No user reviews",2026-09-12 16:08:08.650677,2026-09-13 19:32:31.876044,2026-09-13,2026-09-12,342,"Windows only","$0.01-$4.99",1.0952733874026,0,0,0,0,0,0,1,0,0,0,0,0,0,0,1.0952733874026,-1.16035635402041,-0.0610088366666245
3696020,"Raidbound",2025-11-17,"2025-11",0,1,0,0,4.99,4.99,0,"USD",6,2,4,0.333333333333333,0,"6 user reviews",2026-09-12 16:08:24.635334,2026-09-13 19:32:33.931204,2026-09-13,2026-09-12,300,"Windows only","$0.01-$4.99",1.79009141212736,0,0,1,0,0,0,1,0,0,0,1,0,1,1,1.79009141212736,-0.212555002889199,-0.870093503543243
3696180,"Lost World Survivor",2025-07-18,"2025-07",0,1,0,0,3.99,3.99,0,"USD",2,1,1,0.5,0,"2 user reviews",2026-09-12 16:08:29.027695,2026-09-13 19:32:36.130176,2026-09-13,2026-09-12,422,"Windows only","$0.01-$4.99",1.60743590976343,1,1,0,0,0,0,1,0,0,0,0,0,0,1,1.60743590976343,-0.461715395641907,1.48010481452693
3696700,"Kickback Clicker",2025-11-07,"2025-11",0,1,0,0,3.99,3.99,0,"USD",61,51,10,0.836065573770492,8,"Very Positive",2026-09-12 16:08:35.325747,2026-09-13 19:32:38.21384,2026-09-13,2026-09-12,310,"Windows only","$0.01-$4.99",1.60743590976343,1,0,1,0,0,0,1,0,0,0,0,0,0,1,1.60743590976343,-0.461715395641907,-0.677454297144048
3697220,"Project: Mortuus Astrum Playable Teaser ",2025-10-08,"2025-10",1,1,0,0,,,,,0,0,0,,0,"No user reviews",2026-09-12 16:08:39.438837,2026-09-13 19:32:40.278049,2026-09-13,2026-09-12,340,"Windows only","Free",,1,0,0,0,1,0,0,0,0,0,0,0,0,0,,0,-0.0995366779464635
3697290,"ETERNAL EXILE: BENEATH THE DARKNESS",2025-08-20,"2025-08",0,1,0,0,15.99,15.99,0,"USD",10,6,4,0.6,5,"Mixed",2026-09-12 16:08:41.509099,2026-09-13 19:32:42.467078,2026-09-13,2026-09-12,389,"Windows only","$10.00-$19.99",2.83262493568384,1,0,0,0,0,0,1,0,0,0,0,0,0,1,2.83262493568384,1.20956510203731,0.844395433409591
3698050,"Remembering Emily - Mystery visual novel",2025-08-13,"2025-08",0,1,1,1,3.99,3.99,0,"USD",13,10,3,0.769230769230769,6,"Mostly Positive",2026-09-12 16:08:54.179882,2026-09-13 19:32:44.617247,2026-09-13,2026-09-12,396,"Windows + macOS + Linux","$0.01-$4.99",1.60743590976343,0,0,1,0,0,0,1,0,0,0,0,0,0,1,1.60743590976343,-0.461715395641907,0.979242877889028
3698680,"Golden Tee Arcade Classics",2025-07-17,"2025-07",0,1,0,0,29.99,29.99,0,"USD",45,39,6,0.866666666666667,7,"Positive",2026-09-12 16:08:58.590957,2026-09-13 19:32:46.826738,2026-09-13,2026-09-12,423,"Windows only","$20.00-$29.99",3.43366457179966,0,0,1,0,0,0,0,0,0,0,1,1,0,1,3.43366457179966,2.02944334198315,1.49936873516685
3699600,"Aeon Tempus",2025-08-20,"2025-08",0,1,0,0,4.99,4.99,0,"USD",3,2,1,0.666666666666667,0,"3 user reviews",2026-09-12 16:09:00.668744,2026-09-13 19:32:48.905599,2026-09-13,2026-09-12,389,"Windows only","$0.01-$4.99",1.79009141212736,1,1,1,0,0,0,1,0,0,0,0,0,0,1,1.79009141212736,-0.212555002889199,0.844395433409591
3701370,"Cook for Me Grandpa!",2025-11-04,"2025-11",0,1,0,0,6.99,6.99,0,"USD",12,12,0,1,7,"Positive",2026-09-12 16:09:38.844904,2026-09-13 19:32:51.021859,2026-09-13,2026-09-12,313,"Windows only","$5.00-$9.99",2.07819075977818,0,1,1,0,0,0,1,0,0,0,1,0,0,1,2.07819075977818,0.18044135190692,-0.61966253522429
3702020,"Figurine Shop Simulator",2025-09-01,"2025-09",0,1,0,0,9.99,9.99,0,"USD",4,1,3,0.25,0,"4 user reviews",2026-09-12 16:09:43.242098,2026-09-13 19:32:53.096402,2026-09-13,2026-09-12,377,"Windows only","$5.00-$9.99",2.39698576841553,0,0,0,0,0,0,1,0,0,0,1,0,0,1,2.39698576841553,0.615309661548216,0.613228385730558
3702810,"Hellbound: Reign of El Diablo",2025-07-15,"2025-07",0,1,0,0,0.99,0.99,0,"USD",1,1,0,1,0,"1 user reviews",2026-09-12 16:09:53.992897,2026-09-13 19:32:55.260847,2026-09-13,2026-09-12,425,"Windows only","$0.01-$4.99",0.688134638736401,0,0,0,0,0,0,1,0,0,0,0,0,0,1,0.688134638736401,-1.71573437006504,1.53789657644669
3703030,"Nourish",2025-10-24,"2025-10",0,1,0,0,4.99,4.99,0,"USD",5,3,2,0.6,0,"5 user reviews",2026-09-12 16:09:58.286717,2026-09-13 19:32:57.49058,2026-09-13,2026-09-12,324,"Windows only","$0.01-$4.99",1.79009141212736,0,0,0,0,0,0,1,0,0,0,1,0,1,1,1.79009141212736,-0.212555002889199,-0.407759408185175
3703520,"Slap 'em UP!",2025-11-03,"2025-11",1,1,0,0,,,,,0,0,0,,0,"No user reviews",2026-09-12 16:10:09.092209,2026-09-13 19:32:59.735,2026-09-13,2026-09-12,314,"Windows only","Free",,1,0,1,0,1,0,1,0,0,0,0,0,1,0,,0,-0.60039861458437
3703790,"Skyfire Legends",2025-12-09,"2025-12",0,1,0,0,4.99,4.99,0,"USD",3,3,0,1,0,"3 user reviews",2026-09-12 16:10:13.368635,2026-09-13 19:33:01.977241,2026-09-13,2026-09-12,278,"Windows only","$0.01-$4.99",1.79009141212736,1,1,0,0,0,0,1,0,0,0,0,0,0,1,1.79009141212736,-0.212555002889199,-1.29389975762147
3704130,"My Favorite Coworker",2025-09-24,"2025-09",0,1,0,0,4.99,4.99,0,"USD",0,0,0,,0,"No user reviews",2026-09-12 16:10:22.098223,2026-09-13 19:33:04.106819,2026-09-13,2026-09-12,354,"Windows only","$0.01-$4.99",1.79009141212736,0,0,1,0,0,0,1,0,0,0,0,0,0,0,1.79009141212736,-0.212555002889199,0.170158211012409
3704300,"FIND ALL 9: Fantasy",2025-10-13,"2025-10",0,1,1,1,1.99,1.47,26,"USD",191,173,18,0.905759162303665,8,"Very Positive",2026-09-12 16:10:26.417069,2026-09-13 19:33:06.215081,2026-09-13,2026-09-12,335,"Windows + macOS + Linux","$0.01-$4.99",0.904218150639886,0,1,1,0,0,0,1,0,0,0,0,0,0,1,0.904218150639886,-1.42097482547719,-0.195856281146061
3704520,"Now Loading",2025-11-19,"2025-11",0,1,0,0,1.99,1.99,0,"USD",8,8,0,1,0,"8 user reviews",2026-09-12 16:10:28.590044,2026-09-13 19:33:08.356073,2026-09-13,2026-09-12,298,"Windows only","$0.01-$4.99",1.0952733874026,0,0,1,0,0,0,1,0,0,0,0,0,0,1,1.0952733874026,-1.16035635402041,-0.908621344823082
3705340,"Claviator",2025-12-02,"2025-12",0,1,1,0,7.99,7.99,0,"USD",2,2,0,1,0,"2 user reviews",2026-09-12 16:10:36.881841,2026-09-13 19:33:10.515379,2026-09-13,2026-09-12,285,"Windows + macOS","$5.00-$9.99",2.19611284848353,0,0,0,0,0,0,1,0,0,0,0,0,0,1,2.19611284848353,0.341298887298887,-1.15905231314204
3706460,"Dungeon Survivor",2025-07-10,"2025-07",0,1,0,0,1.99,1.99,0,"USD",4,2,2,0.5,0,"4 user reviews",2026-09-12 16:12:39.037095,2026-09-13 19:33:12.740175,2026-09-13,2026-09-12,430,"Windows only","$0.01-$4.99",1.0952733874026,1,1,1,0,0,0,1,0,0,0,0,0,0,1,1.0952733874026,-1.16035635402041,1.63421617964629
3706640,"The Fantastic Adventures of Mr. Don and Friends",2025-10-20,"2025-10",0,1,0,0,3.99,3.99,0,"USD",2,2,0,1,0,"2 user reviews",2026-09-12 16:12:43.348515,2026-09-13 19:33:14.927941,2026-09-13,2026-09-12,328,"Windows only","$0.01-$4.99",1.60743590976343,0,1,1,0,0,0,1,0,1,0,0,0,0,1,1.60743590976343,-0.461715395641907,-0.330703725625497
3708530,"Flowerdrops",2025-09-21,"2025-09",0,1,0,0,9.99,9.99,0,"USD",14,14,0,1,7,"Positive",2026-09-12 16:13:04.495437,2026-09-13 19:33:16.933947,2026-09-13,2026-09-12,357,"Windows only","$5.00-$9.99",2.39698576841553,0,0,1,0,0,0,0,0,0,0,0,0,1,1,2.39698576841553,0.615309661548216,0.227949972932168
3709000,"The Drawstring Dungeon",2025-07-01,"2025-07",0,1,0,0,4.99,4.99,0,"USD",5,5,0,1,0,"5 user reviews",2026-09-12 16:13:17.325129,2026-09-13 19:33:19.068921,2026-09-13,2026-09-12,439,"Windows only","$0.01-$4.99",1.79009141212736,0,0,0,0,0,0,0,0,0,0,0,0,1,1,1.79009141212736,-0.212555002889199,1.80759146540557
3709230,"Island Getaway - DEMO",2025-07-10,"2025-07",1,1,0,0,,,,,0,0,0,,0,"No user reviews",2026-09-12 16:13:25.830907,2026-09-13 19:33:21.229954,2026-09-13,2026-09-12,430,"Windows only","Free",,1,1,0,0,1,0,1,0,0,0,0,0,0,0,,0,1.63421617964629
3709790,"Zerowake GATES",2025-11-25,"2025-11",1,1,0,0,,,,,0,0,0,,0,"No user reviews",2026-09-12 16:13:40.480603,2026-09-13 19:33:23.345283,2026-09-13,2026-09-12,292,"Windows only","Free",,1,1,0,0,1,0,0,0,1,0,0,0,1,0,,0,-1.0242048686626
3709950,"光芒世界·暗影中的少女",2025-12-26,"2025-12",1,1,0,0,,,,,0,0,0,,0,"No user reviews",2026-09-12 16:13:46.87969,2026-09-13 19:33:25.548532,2026-09-13,2026-09-12,261,"Windows only","Free",,0,1,0,0,1,0,0,0,1,0,0,0,0,0,,0,-1.6213864085001
3710070,"COLONY 13 - Into The Void",2025-07-15,"2025-07",0,1,0,0,9.99,9.99,0,"USD",0,0,0,,0,"No user reviews",2026-09-12 16:13:48.941568,2026-09-13 19:33:27.66911,2026-09-13,2026-09-12,425,"Windows only","$5.00-$9.99",2.39698576841553,1,1,0,0,0,0,1,0,0,0,1,0,0,0,2.39698576841553,0.615309661548216,1.53789657644669
3711530,"A Flame in the Dark",2025-09-25,"2025-09",0,1,0,0,5.99,5.99,0,"USD",6,6,0,1,0,"6 user reviews",2026-09-12 16:14:05.853839,2026-09-13 19:33:29.865892,2026-09-13,2026-09-12,353,"Windows only","$5.00-$9.99",1.94448055624572,0,0,0,0,0,0,1,0,0,0,0,0,0,1,1.94448055624572,-0.00195275282042951,0.15089429037249
3712090,"Overgrown",2025-09-26,"2025-09",1,1,0,0,,,,,0,0,0,,0,"No user reviews",2026-09-12 16:14:16.445477,2026-09-13 19:33:32.113113,2026-09-13,2026-09-12,352,"Windows only","Free",,0,1,1,0,1,0,1,0,0,0,0,0,0,0,,0,0.13163036973257
3713090,"Animal Run Relay",2025-12-02,"2025-12",0,1,0,0,9.99,9.99,0,"USD",6,6,0,1,0,"6 user reviews",2026-09-12 16:14:29.081248,2026-09-13 19:33:34.214481,2026-09-13,2026-09-12,285,"Windows only","$5.00-$9.99",2.39698576841553,0,0,0,0,0,0,0,0,0,1,1,0,0,1,2.39698576841553,0.615309661548216,-1.15905231314204
3713410,"G-MODEアーカイブス+ 真<U+30FB>女神転生 東京鎮魂歌",2025-08-29,"2025-08",0,1,0,0,15.99,15.99,0,"USD",6,3,3,0.5,0,"6 user reviews",2026-09-12 16:14:35.451205,2026-09-13 19:33:36.355978,2026-09-13,2026-09-12,380,"Windows only","$10.00-$19.99",2.83262493568384,0,0,0,0,0,0,0,0,1,0,0,0,0,1,2.83262493568384,1.20956510203731,0.671020147650316
3713820,"FOOD TRUCK<U+00A0>SHOP<U+00A0>SIMULATOR",2025-11-03,"2025-11",0,1,0,0,4.99,4.99,0,"USD",10,4,6,0.4,5,"Mixed",2026-09-12 16:14:44.044818,2026-09-13 19:33:38.37968,2026-09-13,2026-09-12,314,"Windows only","$0.01-$4.99",1.79009141212736,0,0,0,0,0,0,1,0,1,0,1,0,0,1,1.79009141212736,-0.212555002889199,-0.60039861458437
3713940,"TriggerHeart EXELICA ENHANCED",2025-08-28,"2025-08",0,1,0,0,39.99,39.99,0,"USD",10,8,2,0.8,7,"Positive",2026-09-12 16:14:46.096905,2026-09-13 19:33:40.44136,2026-09-13,2026-09-12,381,"Windows only","$30.00+",3.71332813451625,1,0,0,0,0,0,0,0,0,0,0,0,0,1,3.71332813451625,2.41093244153544,0.690284068290236
3714210,"Ayrton Idle",2025-11-13,"2025-11",0,1,1,0,4.99,4.99,0,"USD",6,5,1,0.833333333333333,0,"6 user reviews",2026-09-12 16:14:50.524628,2026-09-13 19:33:42.481518,2026-09-13,2026-09-12,304,"Windows + macOS","$0.01-$4.99",1.79009141212736,0,0,1,1,0,0,1,0,1,0,0,0,0,1,1.79009141212736,-0.212555002889199,-0.793037820983565
3714810,"Mantle",2025-09-17,"2025-09",1,1,1,0,,,,,0,0,0,,0,"No user reviews",2026-09-12 16:14:57.019043,2026-09-13 19:33:44.733953,2026-09-13,2026-09-12,361,"Windows + macOS","Free",,0,0,0,0,1,0,1,0,0,0,1,0,1,0,,0,0.305005655491846
3715350,"Mycroft Holmes Simulator",2025-07-14,"2025-07",1,1,0,1,,,,,0,0,0,,0,"No user reviews",2026-09-12 16:15:01.253122,2026-09-13 19:33:46.754165,2026-09-13,2026-09-12,426,"Windows + Linux","Free",,0,1,1,0,1,0,0,0,0,0,0,0,0,0,,0,1.55716049708661
3715440,"Joe and the Lost Pixels",2025-07-10,"2025-07",0,1,0,0,5.99,5.99,0,"USD",10,10,0,1,7,"Positive",2026-09-12 16:15:03.356831,2026-09-13 19:33:48.892106,2026-09-13,2026-09-12,430,"Windows only","$5.00-$9.99",1.94448055624572,1,1,1,0,0,0,1,0,0,0,0,0,0,1,1.94448055624572,-0.00195275282042951,1.63421617964629
3715720,"Bat & Ball",2025-08-21,"2025-08",0,1,0,0,1.99,1.99,0,"USD",2,2,0,1,0,"2 user reviews",2026-09-12 16:15:16.109567,2026-09-13 19:33:50.977558,2026-09-13,2026-09-12,388,"Windows only","$0.01-$4.99",1.0952733874026,0,0,1,0,0,0,0,0,0,0,1,1,1,1,1.0952733874026,-1.16035635402041,0.825131512769672
3715980,"WAHM | <U+0648><U+0647><U+0645>",2025-07-16,"2025-07",0,1,0,0,3.99,3.99,0,"USD",1,1,0,1,0,"1 user reviews",2026-09-12 16:15:20.538217,2026-09-13 19:33:53.060645,2026-09-13,2026-09-12,424,"Windows only","$0.01-$4.99",1.60743590976343,1,0,0,0,0,0,1,0,0,0,0,0,0,1,1.60743590976343,-0.461715395641907,1.51863265580677
3716200,"Duck Block",2025-07-09,"2025-07",0,1,0,0,4.99,4.99,0,"USD",0,0,0,,0,"No user reviews",2026-09-12 16:15:24.58637,2026-09-13 19:33:55.078412,2026-09-13,2026-09-12,431,"Windows only","$0.01-$4.99",1.79009141212736,0,0,1,0,0,0,1,0,0,0,0,0,0,0,1.79009141212736,-0.212555002889199,1.65348010028621
3716360,"Upstairs",2025-11-06,"2025-11",0,1,0,0,2.99,2.99,0,"USD",17,11,6,0.647058823529412,5,"Mixed",2026-09-12 16:15:26.726338,2026-09-13 19:33:57.127035,2026-09-13,2026-09-12,311,"Windows only","$0.01-$4.99",1.38379123090177,1,1,1,0,0,0,0,0,0,0,0,0,0,1,1.38379123090177,-0.766789128987195,-0.658190376504129
3716650,"Antivirus PROTOCOL",2025-09-17,"2025-09",0,1,0,0,4.99,4.99,0,"USD",311,273,38,0.877813504823151,8,"Very Positive",2026-09-12 16:15:32.962521,2026-09-13 19:33:59.241949,2026-09-13,2026-09-12,361,"Windows only","$0.01-$4.99",1.79009141212736,1,0,1,0,0,0,1,0,0,0,1,0,1,1,1.79009141212736,-0.212555002889199,0.305005655491846
3716810,"Bound in Time",2025-09-25,"2025-09",1,1,0,0,,,,,0,0,0,,0,"No user reviews",2026-09-12 16:15:39.550673,2026-09-13 19:34:01.366361,2026-09-13,2026-09-12,353,"Windows only","Free",,1,0,0,0,1,0,1,0,0,0,0,0,0,0,,0,0.15089429037249
3717150,"Kegan",2025-10-20,"2025-10",0,1,0,0,2.99,2.99,0,"USD",7,4,3,0.571428571428571,0,"7 user reviews",2026-09-12 16:15:50.342856,2026-09-13 19:34:03.583423,2026-09-13,2026-09-12,328,"Windows only","$0.01-$4.99",1.38379123090177,1,1,0,0,0,0,0,0,1,0,0,0,0,1,1.38379123090177,-0.766789128987195,-0.330703725625497
3717700,"Off World Racing",2025-12-02,"2025-12",0,1,0,0,14.99,14.99,0,"USD",2,1,1,0.5,0,"2 user reviews",2026-09-12 16:16:01.060797,2026-09-13 19:34:05.646721,2026-09-13,2026-09-12,285,"Windows only","$10.00-$19.99",2.77196352684586,1,1,0,1,0,0,0,0,0,1,1,1,0,1,2.77196352684586,1.12681686694233,-1.15905231314204
3718230,"呼~/huuu",2025-10-27,"2025-10",1,1,0,0,,,,,0,0,0,,0,"No user reviews",2026-09-12 16:16:07.482598,2026-09-13 19:34:07.682886,2026-09-13,2026-09-12,321,"Windows only","Free",,0,0,1,0,1,0,1,0,1,0,0,0,0,0,,0,-0.465551170104934
3718290,"CRYPTOBIOSIS",2025-11-17,"2025-11",0,1,0,0,9.99,3.99,60,"USD",6,3,3,0.5,0,"6 user reviews",2026-09-12 16:16:09.528525,2026-09-13 19:34:09.775192,2026-09-13,2026-09-12,300,"Windows only","$0.01-$4.99",1.60743590976343,0,1,0,0,0,0,1,0,0,0,1,0,1,1,1.60743590976343,-0.461715395641907,-0.870093503543243
3719100,"Tiris",2025-07-10,"2025-07",1,1,0,0,,,,,0,0,0,,0,"No user reviews",2026-09-12 16:16:18.046982,2026-09-13 19:34:11.800622,2026-09-13,2026-09-12,430,"Windows only","Free",,1,1,0,1,1,0,1,0,0,0,0,0,0,0,,0,1.63421617964629
3719500,"Muhe space",2025-10-29,"2025-10",0,1,0,0,6.99,6.99,0,"USD",1,0,1,0,0,"1 user reviews",2026-09-12 16:16:24.421532,2026-09-13 19:34:13.911021,2026-09-13,2026-09-12,319,"Windows only","$5.00-$9.99",2.07819075977818,0,0,1,0,0,0,1,0,0,0,0,0,1,1,2.07819075977818,0.18044135190692,-0.504079011384773
3720170,"The Showdown: Gorilla vs 100",2025-07-18,"2025-07",0,1,0,0,9.99,9.99,0,"USD",5,5,0,1,0,"5 user reviews",2026-09-12 16:16:30.693997,2026-09-13 19:34:16.117207,2026-09-13,2026-09-12,422,"Windows only","$5.00-$9.99",2.39698576841553,1,0,1,1,0,0,0,0,0,0,0,0,0,1,2.39698576841553,0.615309661548216,1.48010481452693
3720260,"Frogdoku",2025-10-14,"2025-10",0,1,0,0,3.99,3.99,0,"USD",3,3,0,1,0,"3 user reviews",2026-09-12 16:16:34.936544,2026-09-13 19:34:18.170936,2026-09-13,2026-09-12,334,"Windows only","$0.01-$4.99",1.60743590976343,0,0,1,0,0,0,1,0,0,0,0,0,1,1,1.60743590976343,-0.461715395641907,-0.21512020178598
3720630,"Caemdale",2025-11-13,"2025-11",0,1,0,1,7.99,7.99,0,"USD",13,10,3,0.769230769230769,6,"Mostly Positive",2026-09-12 16:16:45.607636,2026-09-13 19:34:20.417328,2026-09-13,2026-09-12,304,"Windows + Linux","$5.00-$9.99",2.19611284848353,0,0,0,0,0,0,1,0,0,0,0,0,1,1,2.19611284848353,0.341298887298887,-0.793037820983565
3720760,"Dawg Game",2025-12-19,"2025-12",0,1,0,0,3.99,3.99,0,"USD",101,99,2,0.98019801980198,8,"Very Positive",2026-09-12 16:16:51.854795,2026-09-13 19:34:22.578859,2026-09-13,2026-09-12,268,"Windows only","$0.01-$4.99",1.60743590976343,1,1,0,0,0,0,1,0,0,0,1,0,0,1,1.60743590976343,-0.461715395641907,-1.48653896402067
3720920,"The Silent Witness",2025-07-06,"2025-07",0,1,0,0,2.99,2.99,0,"USD",2,0,2,0,0,"2 user reviews",2026-09-12 16:16:55.96615,2026-09-13 19:34:24.784913,2026-09-13,2026-09-12,434,"Windows only","$0.01-$4.99",1.38379123090177,1,1,0,0,0,0,0,0,1,0,0,0,0,1,1.38379123090177,-0.766789128987195,1.71127186220597
3721180,"Dress-Up With Helene: Deluxe!",2025-08-01,"2025-08",1,1,0,0,,,,,0,0,0,,0,"No user reviews",2026-09-12 16:17:00.034659,2026-09-13 19:34:26.907974,2026-09-13,2026-09-12,408,"Windows only","Free",,0,0,1,0,1,0,0,0,0,0,0,0,0,0,,0,1.21040992556806
3721250,"Vasilisa the Beautiful",2025-07-21,"2025-07",0,1,0,0,4.99,4.99,0,"USD",0,0,0,,0,"No user reviews",2026-09-12 16:17:02.149186,2026-09-13 19:34:29.064001,2026-09-13,2026-09-12,419,"Windows only","$0.01-$4.99",1.79009141212736,0,1,0,0,0,0,1,0,1,0,0,0,0,0,1.79009141212736,-0.212555002889199,1.42231305260718
3721290,"BeatBucs",2025-10-28,"2025-10",0,1,1,0,4.99,4.99,0,"USD",0,0,0,,0,"No user reviews",2026-09-12 16:17:04.353287,2026-09-13 19:34:31.305712,2026-09-13,2026-09-12,320,"Windows + macOS","$0.01-$4.99",1.79009141212736,1,1,0,0,0,0,1,0,0,0,0,0,0,0,1.79009141212736,-0.212555002889199,-0.484815090744853
3721490,"Yollen",2025-08-18,"2025-08",0,1,0,0,3.99,3.99,0,"USD",117,79,38,0.675213675213675,5,"Mixed",2026-09-12 16:17:08.509178,2026-09-13 19:34:33.539969,2026-09-13,2026-09-12,391,"Windows only","$0.01-$4.99",1.60743590976343,1,1,1,0,0,0,1,0,1,0,0,0,0,1,1.60743590976343,-0.461715395641907,0.88292327468943
3721940,"Undercity of Sin",2025-12-05,"2025-12",0,1,0,0,12.99,12.99,0,"USD",71,48,23,0.676056338028169,5,"Mixed",2026-09-12 16:17:23.441857,2026-09-13 19:34:35.618515,2026-09-13,2026-09-12,282,"Windows only","$10.00-$19.99",2.63834278867739,0,1,0,0,0,0,0,0,1,0,0,0,0,1,2.63834278867739,0.944544801928764,-1.21684407506179
3722540,"Space Race",2025-09-18,"2025-09",0,1,1,1,1.99,1.99,0,"USD",0,0,0,,0,"No user reviews",2026-09-12 16:17:33.930134,2026-09-13 19:34:37.766095,2026-09-13,2026-09-12,360,"Windows + macOS + Linux","$0.01-$4.99",1.0952733874026,1,0,0,0,0,0,1,0,0,1,0,0,0,0,1.0952733874026,-1.16035635402041,0.285741734851926
3722760,"DOLL INC",2025-07-21,"2025-07",0,1,0,0,6.99,3.49,50,"USD",38,25,13,0.657894736842105,5,"Mixed",2026-09-12 16:17:38.275312,2026-09-13 19:34:39.862917,2026-09-13,2026-09-12,419,"Windows only","$0.01-$4.99",1.50185270175416,0,1,0,1,0,0,1,0,0,0,1,0,1,1,1.50185270175416,-0.605741462391672,1.42231305260718
3724650,"Owl Lights",2025-09-27,"2025-09",0,1,0,0,4.99,4.99,0,"USD",21,14,7,0.666666666666667,5,"Mixed",2026-09-12 16:18:01.645299,2026-09-13 19:34:41.930015,2026-09-13,2026-09-12,351,"Windows only","$0.01-$4.99",1.79009141212736,0,1,0,0,0,0,0,0,0,0,0,0,0,1,1.79009141212736,-0.212555002889199,0.112366449092651
3724750,"Void Raider",2025-10-20,"2025-10",0,1,0,1,9.99,9.99,0,"USD",6,5,1,0.833333333333333,0,"6 user reviews",2026-09-12 16:18:03.763137,2026-09-13 19:34:44.00223,2026-09-13,2026-09-12,328,"Windows + Linux","$5.00-$9.99",2.39698576841553,1,1,0,1,0,0,1,0,0,0,0,0,0,1,2.39698576841553,0.615309661548216,-0.330703725625497
3725070,"Anomaly Rooms",2025-07-10,"2025-07",0,1,0,0,5.99,5.99,0,"USD",27,22,5,0.814814814814815,7,"Positive",2026-09-12 16:18:10.07551,2026-09-13 19:34:46.226627,2026-09-13,2026-09-12,430,"Windows only","$5.00-$9.99",1.94448055624572,0,0,0,0,0,0,1,0,0,0,0,0,0,1,1.94448055624572,-0.00195275282042951,1.63421617964629
3725090,"INSERT GAME HERE",2025-07-23,"2025-07",1,1,1,1,,,,,0,0,0,,0,"No user reviews",2026-09-12 16:18:12.162594,2026-09-13 19:34:48.475342,2026-09-13,2026-09-12,417,"Windows + macOS + Linux","Free",,1,1,1,0,1,0,1,0,0,0,0,0,0,0,,0,1.38378521132734
3725130,"Meow Path 2",2025-07-15,"2025-07",0,1,0,0,1.99,1.29,35,"USD",1,1,0,1,0,"1 user reviews",2026-09-12 16:18:14.248596,2026-09-13 19:34:50.700522,2026-09-13,2026-09-12,425,"Windows only","$0.01-$4.99",0.828551817566148,0,0,0,0,0,0,0,0,0,0,0,0,1,1,0.828551817566148,-1.52419127952764,1.53789657644669
3726010,"Battlement",2025-08-18,"2025-08",0,1,1,1,4.99,4.99,0,"USD",0,0,0,,0,"No user reviews",2026-09-12 16:18:28.918244,2026-09-13 19:34:52.795208,2026-09-13,2026-09-12,391,"Windows + macOS + Linux","$0.01-$4.99",1.79009141212736,1,0,0,0,0,0,0,0,0,0,0,0,1,0,1.79009141212736,-0.212555002889199,0.88292327468943
3726630,"Depths of Insanity 3",2025-12-29,"2025-12",0,1,0,0,9.99,9.99,0,"USD",4,4,0,1,0,"4 user reviews",2026-09-12 16:18:39.406895,2026-09-13 19:34:54.920093,2026-09-13,2026-09-12,258,"Windows only","$5.00-$9.99",2.39698576841553,1,1,1,0,0,0,1,0,0,0,0,0,0,1,2.39698576841553,0.615309661548216,-1.67917817041986
3727130,"MADHOUSE",2025-10-01,"2025-10",0,1,0,0,4.99,4.99,0,"USD",12,12,0,1,7,"Positive",2026-09-12 16:18:41.535117,2026-09-13 19:34:57.17419,2026-09-13,2026-09-12,347,"Windows only","$0.01-$4.99",1.79009141212736,1,0,0,1,0,0,1,0,1,0,0,0,0,1,1.79009141212736,-0.212555002889199,0.0353107665329729
3727240,"Poker Adventurers",2025-07-14,"2025-07",0,1,0,0,3.99,3.99,0,"USD",2,0,2,0,0,"2 user reviews",2026-09-12 16:18:43.677498,2026-09-13 19:34:59.250403,2026-09-13,2026-09-12,426,"Windows only","$0.01-$4.99",1.60743590976343,0,0,1,0,0,0,1,0,0,0,0,0,1,1,1.60743590976343,-0.461715395641907,1.55716049708661
3727700,"Radial Fusion",2025-07-28,"2025-07",0,1,0,0,0.99,0.99,0,"USD",0,0,0,,0,"No user reviews",2026-09-12 16:18:45.892712,2026-09-13 19:35:01.489262,2026-09-13,2026-09-12,412,"Windows only","$0.01-$4.99",0.688134638736401,1,0,0,0,0,0,1,0,0,0,0,0,0,0,0.688134638736401,-1.71573437006504,1.28746560812774
3727830,"Forest Asylum 2",2025-07-07,"2025-07",0,1,0,0,4.99,4.99,0,"USD",48,47,1,0.979166666666667,7,"Positive",2026-09-12 16:18:47.928607,2026-09-13 19:35:03.691698,2026-09-13,2026-09-12,433,"Windows only","$0.01-$4.99",1.79009141212736,0,1,0,0,0,0,0,0,0,0,0,0,0,1,1.79009141212736,-0.212555002889199,1.69200794156605
3728030,"I commissioned some snails 4",2025-07-18,"2025-07",0,1,0,0,3.99,2.79,30,"USD",2,2,0,1,0,"2 user reviews",2026-09-12 16:18:52.110776,2026-09-13 19:35:05.851371,2026-09-13,2026-09-12,422,"Windows only","$0.01-$4.99",1.33236601909433,0,0,1,0,0,0,1,0,0,0,0,0,0,1,1.33236601909433,-0.836938266601472,1.48010481452693
3728040,"I commissioned some snails 5",2025-11-14,"2025-11",0,1,0,0,3.99,3.99,0,"USD",1,1,0,1,0,"1 user reviews",2026-09-12 16:18:54.224493,2026-09-13 19:35:07.955655,2026-09-13,2026-09-12,303,"Windows only","$0.01-$4.99",1.60743590976343,0,0,1,0,0,0,1,0,0,0,0,0,0,1,1.60743590976343,-0.461715395641907,-0.812301741623485
3728120,"SpaceCorp: 2025-2300AD",2025-08-20,"2025-08",0,1,1,0,9.99,9.99,0,"USD",73,61,12,0.835616438356164,8,"Very Positive",2026-09-12 16:18:58.331307,2026-09-13 19:35:10.164603,2026-09-13,2026-09-12,389,"Windows + macOS","$5.00-$9.99",2.39698576841553,0,0,0,0,0,0,1,0,0,0,1,0,1,1,2.39698576841553,0.615309661548216,0.844395433409591
3728910,"Dead Frequency",2025-10-31,"2025-10",0,1,0,0,2.35,2.35,0,"USD",4,3,1,0.75,0,"4 user reviews",2026-09-12 16:19:06.665485,2026-09-13 19:35:12.199031,2026-09-13,2026-09-12,317,"Windows only","$0.01-$4.99",1.20896034583698,0,1,0,0,0,0,1,0,0,0,0,0,0,1,1.20896034583698,-1.00527596034066,-0.542606852664612
3729030,"Sweet Chaos",2025-12-02,"2025-12",0,1,0,0,2.99,2.99,0,"USD",0,0,0,,0,"No user reviews",2026-09-12 16:19:08.781191,2026-09-13 19:35:14.452849,2026-09-13,2026-09-12,285,"Windows only","$0.01-$4.99",1.38379123090177,0,1,1,0,0,0,1,0,0,0,0,0,0,0,1.38379123090177,-0.766789128987195,-1.15905231314204
3729250,"Lowlander II: Lowerlander",2025-07-19,"2025-07",0,1,0,0,5.99,5.99,0,"USD",0,0,0,,0,"No user reviews",2026-09-12 16:19:13.161934,2026-09-13 19:35:16.542931,2026-09-13,2026-09-12,421,"Windows only","$5.00-$9.99",1.94448055624572,0,1,0,0,0,0,1,0,1,0,0,0,0,0,1.94448055624572,-0.00195275282042951,1.46084089388702
3729610,"Can you clear up to 100 stages?",2025-11-20,"2025-11",0,1,0,0,3.99,3.99,0,"USD",3,3,0,1,0,"3 user reviews",2026-09-12 16:19:15.408151,2026-09-13 19:35:18.752569,2026-09-13,2026-09-12,297,"Windows only","$0.01-$4.99",1.60743590976343,1,0,1,0,0,0,1,0,0,0,0,0,0,1,1.60743590976343,-0.461715395641907,-0.927885265463002
3729770,"The Wind and the Wisp",2025-08-11,"2025-08",1,1,1,0,,,,,0,0,0,,0,"No user reviews",2026-09-12 16:19:17.505345,2026-09-13 19:35:20.927821,2026-09-13,2026-09-12,398,"Windows + macOS","Free",,0,0,0,0,1,0,0,0,0,0,0,0,0,0,,0,1.01777071916887
3730170,"HARBINGER - Legacy Edition",2025-09-14,"2025-09",0,1,0,0,5.99,5.99,0,"USD",2,1,1,0.5,0,"2 user reviews",2026-09-12 16:19:23.908646,2026-09-13 19:35:22.963025,2026-09-13,2026-09-12,364,"Windows only","$5.00-$9.99",1.94448055624572,1,1,0,0,0,0,1,0,0,0,0,0,0,1,1.94448055624572,-0.00195275282042951,0.362797417411604
3732620,"Tsugunohi -Supernatural Supermarket-",2025-12-17,"2025-12",0,1,0,0,4.99,4.99,0,"USD",28,24,4,0.857142857142857,7,"Positive",2026-09-12 16:19:53.606869,2026-09-13 19:35:25.205895,2026-09-13,2026-09-12,270,"Windows only","$0.01-$4.99",1.79009141212736,1,1,1,0,0,0,1,0,0,0,0,0,0,1,1.79009141212736,-0.212555002889199,-1.44801112274083
3733300,"Cauldron Chaos",2025-08-24,"2025-08",1,1,0,0,,,,,0,0,0,,0,"No user reviews",2026-09-12 16:19:59.734016,2026-09-13 19:35:27.322191,2026-09-13,2026-09-12,385,"Windows only","Free",,0,0,1,0,1,0,1,0,0,0,0,0,0,0,,0,0.767339750849914
3733620,"Relaxing Farm: Merge Tales",2025-08-11,"2025-08",0,1,0,0,4.99,4.99,0,"USD",8,6,2,0.75,0,"8 user reviews",2026-09-12 16:20:04.123103,2026-09-13 19:35:29.495764,2026-09-13,2026-09-12,398,"Windows only","$0.01-$4.99",1.79009141212736,0,0,1,0,0,0,0,0,0,0,1,0,1,1,1.79009141212736,-0.212555002889199,1.01777071916887
3734000,"Guardian Chicken",2025-11-19,"2025-11",0,1,0,0,4.99,4.99,0,"USD",6,6,0,1,0,"6 user reviews",2026-09-12 16:20:16.632887,2026-09-13 19:35:31.539763,2026-09-13,2026-09-12,298,"Windows only","$0.01-$4.99",1.79009141212736,1,0,1,0,0,0,1,0,0,0,0,0,1,1,1.79009141212736,-0.212555002889199,-0.908621344823082
3734310,"Your Takeout",2025-12-23,"2025-12",0,1,0,0,5.99,5.99,0,"USD",39,26,13,0.666666666666667,5,"Mixed",2026-09-12 16:20:22.943725,2026-09-13 19:35:33.649055,2026-09-13,2026-09-12,264,"Windows only","$5.00-$9.99",1.94448055624572,0,0,0,0,0,0,1,0,1,0,1,0,1,1,1.94448055624572,-0.00195275282042951,-1.56359464658034
3734740,"Nexus: The Zoraidian Oracle",2025-07-09,"2025-07",0,1,0,0,7.99,7.99,0,"USD",0,0,0,,0,"No user reviews",2026-09-12 16:20:31.415662,2026-09-13 19:35:35.892927,2026-09-13,2026-09-12,431,"Windows only","$5.00-$9.99",2.19611284848353,0,0,1,0,0,0,1,0,0,0,0,0,0,0,2.19611284848353,0.341298887298887,1.65348010028621
3734930,"Demonborg Mining Co",2025-10-21,"2025-10",0,1,0,0,4.99,4.99,0,"USD",2,1,1,0.5,0,"2 user reviews",2026-09-12 16:20:35.472774,2026-09-13 19:35:38.054723,2026-09-13,2026-09-12,327,"Windows only","$0.01-$4.99",1.79009141212736,1,0,0,0,0,0,1,0,1,0,0,0,0,1,1.79009141212736,-0.212555002889199,-0.349967646265417
3734990,"Pro Strategy Football 2026",2025-09-15,"2025-09",0,1,1,0,24.99,24.99,0,"USD",28,25,3,0.892857142857143,7,"Positive",2026-09-12 16:20:37.502731,2026-09-13 19:35:40.112622,2026-09-13,2026-09-12,363,"Windows + macOS","$20.00-$29.99",3.2577118486534,0,0,0,0,0,0,1,0,0,0,1,1,1,1,3.2577118486534,1.78942621116778,0.343533496771685
3736190,"TUM TUM TUM: Dance Party",2025-12-03,"2025-12",1,1,0,0,,,,,2,2,0,1,0,"2 user reviews",2026-09-12 16:20:54.569738,2026-09-13 19:35:42.288417,2026-09-13,2026-09-12,284,"Windows only","Free",,0,0,1,0,1,0,1,0,0,0,0,0,0,1,,0,-1.17831623378195
3736540,"UNEXTINCTION",2025-09-03,"2025-09",0,1,0,0,4.99,4.99,0,"USD",35,22,13,0.628571428571429,5,"Mixed",2026-09-12 16:20:56.780317,2026-09-13 19:35:44.449189,2026-09-13,2026-09-12,375,"Windows only","$0.01-$4.99",1.79009141212736,0,1,0,0,0,0,1,0,0,0,0,0,0,1,1.79009141212736,-0.212555002889199,0.574700544450719
3736550,"Work Life Balance",2025-11-05,"2025-11",0,1,1,0,8.99,8.99,0,"USD",33,32,1,0.96969696969697,7,"Positive",2026-09-12 16:20:58.909944,2026-09-13 19:35:46.493607,2026-09-13,2026-09-12,312,"Windows + macOS","$5.00-$9.99",2.30158459266046,0,1,0,0,0,0,1,0,1,0,0,0,0,1,2.30158459266046,0.485172906221557,-0.638926455864209
3737620,"Marisa!ReturnTheBook!",2025-11-21,"2025-11",0,1,0,0,5.99,5.99,0,"USD",699,633,66,0.905579399141631,8,"Very Positive",2026-09-12 16:21:05.130682,2026-09-13 19:35:48.557997,2026-09-13,2026-09-12,296,"Windows only","$5.00-$9.99",1.94448055624572,0,0,1,0,0,0,1,0,0,0,0,0,0,1,1.94448055624572,-0.00195275282042951,-0.947149186102921
3737940,"Rat Race Combat: Zombie Tribute",2025-07-01,"2025-07",0,1,0,0,9.99,9.99,0,"USD",0,0,0,,0,"No user reviews",2026-09-12 16:21:11.439742,2026-09-13 19:35:50.685504,2026-09-13,2026-09-12,439,"Windows only","$5.00-$9.99",2.39698576841553,1,0,0,1,0,0,1,0,0,0,0,0,0,0,2.39698576841553,0.615309661548216,1.80759146540557
3738050,"The Ice Cream Culprit",2025-12-08,"2025-12",1,1,1,1,,,,,0,0,0,,0,"No user reviews",2026-09-12 16:21:17.82698,2026-09-13 19:35:52.834558,2026-09-13,2026-09-12,279,"Windows + macOS + Linux","Free",,0,0,0,0,1,0,1,0,0,0,0,0,0,0,,0,-1.27463583698155
3738330,"Moose Diver",2025-11-10,"2025-11",0,1,0,0,4.99,4.99,0,"USD",47,39,8,0.829787234042553,7,"Positive",2026-09-12 16:21:20.003277,2026-09-13 19:35:54.885921,2026-09-13,2026-09-12,307,"Windows only","$0.01-$4.99",1.79009141212736,0,1,1,0,0,0,0,0,0,0,1,0,0,1,1.79009141212736,-0.212555002889199,-0.735246059063807
3738820,"Nonogram Nonsense",2025-09-16,"2025-09",0,1,0,1,3.99,3.99,0,"USD",1,1,0,1,0,"1 user reviews",2026-09-12 16:21:28.373632,2026-09-13 19:35:57.126083,2026-09-13,2026-09-12,362,"Windows + Linux","$0.01-$4.99",1.60743590976343,0,0,1,0,0,0,0,0,0,0,0,0,0,1,1.60743590976343,-0.461715395641907,0.324269576131765
3738910,"MODEL Debut3 #nicola",2025-09-03,"2025-09",0,1,0,0,39.99,39.99,0,"USD",34,27,7,0.794117647058823,6,"Mostly Positive",2026-09-12 16:21:30.467777,2026-09-13 19:35:59.332831,2026-09-13,2026-09-12,375,"Windows only","$30.00+",3.71332813451625,0,0,0,0,0,0,0,0,0,0,1,0,0,1,3.71332813451625,2.41093244153544,0.574700544450719
3739030,"Street Drive Rush",2025-11-06,"2025-11",0,1,0,0,2.99,2.99,0,"USD",0,0,0,,0,"No user reviews",2026-09-12 16:21:34.542737,2026-09-13 19:36:01.44129,2026-09-13,2026-09-12,311,"Windows only","$0.01-$4.99",1.38379123090177,0,0,0,0,0,0,1,0,0,1,0,0,0,0,1.38379123090177,-0.766789128987195,-0.658190376504129
3739660,"Mega Dimension Ripper 9000",2025-09-29,"2025-09",1,1,0,0,,,,,0,0,0,,0,"No user reviews",2026-09-12 16:21:45.211055,2026-09-13 19:36:03.571496,2026-09-13,2026-09-12,349,"Windows only","Free",,1,0,0,0,1,0,1,0,0,0,0,0,0,0,,0,0.0738386078128119
3739960,"Retro Racing 2",2025-10-28,"2025-10",0,1,0,0,11.99,11.99,0,"USD",10,10,0,1,7,"Positive",2026-09-12 16:21:51.542168,2026-09-13 19:36:05.74264,2026-09-13,2026-09-12,320,"Windows only","$10.00-$19.99",2.56417983068251,0,0,0,0,0,0,1,0,0,1,0,0,0,1,2.56417983068251,0.843379102004269,-0.484815090744853
3740360,"Lia: Hacking Destiny",2025-11-13,"2025-11",0,1,0,0,14.99,14.99,0,"USD",91,88,3,0.967032967032967,8,"Very Positive",2026-09-12 16:21:55.977034,2026-09-13 19:36:07.869516,2026-09-13,2026-09-12,304,"Windows only","$10.00-$19.99",2.77196352684586,1,0,0,0,0,0,1,0,1,0,0,0,0,1,2.77196352684586,1.12681686694233,-0.793037820983565
3741530,"Steve Is Alone",2025-09-29,"2025-09",0,1,0,0,9.99,9.99,0,"USD",30,30,0,1,7,"Positive",2026-09-12 16:22:08.906842,2026-09-13 19:36:10.031055,2026-09-13,2026-09-12,349,"Windows only","$5.00-$9.99",2.39698576841553,1,1,0,0,0,0,1,0,0,0,0,0,0,1,2.39698576841553,0.615309661548216,0.0738386078128119
3741750,"Bleakmoor House",2025-10-05,"2025-10",0,1,0,0,4.99,4.99,0,"USD",2,0,2,0,0,"2 user reviews",2026-09-12 16:22:17.129298,2026-09-13 19:36:12.041565,2026-09-13,2026-09-12,343,"Windows only","$0.01-$4.99",1.79009141212736,0,0,0,0,0,0,1,0,0,0,1,0,0,1,1.79009141212736,-0.212555002889199,-0.041744916026705
3742040,"The Rainbox",2025-07-23,"2025-07",0,1,0,1,4.99,4.99,0,"USD",3,3,0,1,0,"3 user reviews",2026-09-12 16:22:25.548044,2026-09-13 19:36:14.084659,2026-09-13,2026-09-12,417,"Windows + Linux","$0.01-$4.99",1.79009141212736,0,0,0,0,0,0,1,0,0,0,0,0,1,1,1.79009141212736,-0.212555002889199,1.38378521132734
3742110,"Dustoria",2025-08-01,"2025-08",0,1,1,1,5.99,5.99,0,"USD",1,1,0,1,0,"1 user reviews",2026-09-12 16:22:29.752636,2026-09-13 19:36:16.288186,2026-09-13,2026-09-12,408,"Windows + macOS + Linux","$5.00-$9.99",1.94448055624572,0,0,1,0,0,0,1,0,0,0,0,0,1,1,1.94448055624572,-0.00195275282042951,1.21040992556806
3742820,"Home Sweet Homecoming",2025-11-17,"2025-11",0,1,0,0,24.99,17.49,30,"USD",34,34,0,1,7,"Positive",2026-09-12 16:22:34.07875,2026-09-13 19:36:18.393854,2026-09-13,2026-09-12,300,"Windows only","$10.00-$19.99",2.91723004539903,0,1,0,0,0,0,0,0,0,0,1,0,0,1,2.91723004539903,1.32497494237994,-0.870093503543243
3743220,"A Solitaire Mystery",2025-07-09,"2025-07",0,1,1,1,9.99,9.99,0,"USD",277,254,23,0.916967509025271,8,"Very Positive",2026-09-12 16:22:38.332506,2026-09-13 19:36:20.526768,2026-09-13,2026-09-12,431,"Windows + macOS + Linux","$5.00-$9.99",2.39698576841553,0,0,0,0,0,0,1,0,0,0,0,0,0,1,2.39698576841553,0.615309661548216,1.65348010028621
3743850,"Late Hours",2025-12-31,"2025-12",0,1,0,0,6.99,6.99,0,"USD",20,11,9,0.55,5,"Mixed",2026-09-12 16:22:46.806657,2026-09-13 19:36:22.625201,2026-09-13,2026-09-12,256,"Windows only","$5.00-$9.99",2.07819075977818,0,1,1,0,0,0,1,0,0,0,1,0,0,1,2.07819075977818,0.18044135190692,-1.7177060116997
3744300,"SkateRPG",2025-07-23,"2025-07",0,1,0,0,2,2,0,"USD",12,12,0,1,7,"Positive",2026-09-12 16:22:57.795675,2026-09-13 19:36:24.761628,2026-09-13,2026-09-12,417,"Windows only","$0.01-$4.99",1.09861228866811,0,0,0,0,0,0,1,0,1,0,0,0,0,1,1.09861228866811,-1.15580175840236,1.38378521132734
3744780,"Patch of Heaven",2025-07-11,"2025-07",0,1,0,0,1.99,1.99,0,"USD",5,5,0,1,0,"5 user reviews",2026-09-12 16:23:01.888173,2026-09-13 19:36:27.005511,2026-09-13,2026-09-12,429,"Windows only","$0.01-$4.99",1.0952733874026,0,0,1,0,0,0,1,0,0,0,1,0,0,1,1.0952733874026,-1.16035635402041,1.61495225900637
3744900,"Hollow Jump",2025-07-20,"2025-07",0,1,0,0,6.99,6.99,0,"USD",19,18,1,0.947368421052632,7,"Positive",2026-09-12 16:23:06.359089,2026-09-13 19:36:29.088077,2026-09-13,2026-09-12,420,"Windows only","$5.00-$9.99",2.07819075977818,1,1,0,0,0,0,1,0,0,0,0,0,0,1,2.07819075977818,0.18044135190692,1.4415769732471
3745290,"The Payphone",2025-10-17,"2025-10",0,1,0,0,4.99,4.99,0,"USD",20,16,4,0.8,7,"Positive",2026-09-12 16:23:14.905603,2026-09-13 19:36:31.205977,2026-09-13,2026-09-12,331,"Windows only","$0.01-$4.99",1.79009141212736,0,1,1,0,0,0,1,0,0,0,0,0,0,1,1.79009141212736,-0.212555002889199,-0.272911963705739
3745850,"Luna & Sol: Nightmare Ward",2025-11-24,"2025-11",0,1,0,0,7.99,3.59,55,"USD",12,9,3,0.75,6,"Mostly Positive",2026-09-12 16:23:19.229177,2026-09-13 19:36:33.234671,2026-09-13,2026-09-12,293,"Windows only","$0.01-$4.99",1.52388002407245,1,1,0,0,0,0,1,0,0,0,0,0,1,1,1.52388002407245,-0.575693989366848,-1.00494094802268
3745910,"The Ashen Baron",2025-11-06,"2025-11",0,1,0,0,9.99,9.99,0,"USD",0,0,0,,0,"No user reviews",2026-09-12 16:23:21.321158,2026-09-13 19:36:35.329934,2026-09-13,2026-09-12,311,"Windows only","$5.00-$9.99",2.39698576841553,0,0,0,0,0,0,1,0,1,0,0,0,0,0,2.39698576841553,0.615309661548216,-0.658190376504129
3746510,"3D PUZZLE - Mountain Life",2025-10-15,"2025-10",0,1,0,0,199.99,199.99,0,"USD",10,10,0,1,7,"Positive",2026-09-12 16:23:36.518181,2026-09-13 19:36:37.511404,2026-09-13,2026-09-12,333,"Windows only","$30.00+",5.30325515557766,1,1,1,0,0,0,1,0,1,1,1,1,1,1,5.30325515557766,4.57975208227369,-0.2343841224259
3746660,"The BubonicZ",2025-07-07,"2025-07",0,1,0,0,1,1,0,"USD",0,0,0,,0,"No user reviews",2026-09-12 16:23:38.585177,2026-09-13 19:36:39.708471,2026-09-13,2026-09-12,433,"Windows only","$0.01-$4.99",0.693147180559945,0,0,0,0,0,0,1,0,0,0,0,0,0,0,0.693147180559945,-1.7088967611604,1.69200794156605
3746980,"a pig game: A Pee Wee Premiere",2025-07-04,"2025-07",1,1,0,0,,,,,0,0,0,,0,"No user reviews",2026-09-12 16:23:40.695273,2026-09-13 19:36:41.852166,2026-09-13,2026-09-12,436,"Windows only","Free",,0,1,1,0,1,0,1,0,0,0,0,0,0,0,,0,1.74979970348581
3747050,"Silver",2025-07-29,"2025-07",0,1,1,0,14.99,14.99,0,"USD",0,0,0,,0,"No user reviews",2026-09-12 16:23:42.77065,2026-09-13 19:36:44.104655,2026-09-13,2026-09-12,411,"Windows + macOS","$10.00-$19.99",2.77196352684586,0,0,1,1,0,0,1,0,0,0,0,0,1,0,2.77196352684586,1.12681686694233,1.26820168748782
3747790,"Ball Space",2025-09-18,"2025-09",1,1,0,0,,,,,0,0,0,,0,"No user reviews",2026-09-12 16:23:55.409633,2026-09-13 19:36:46.252713,2026-09-13,2026-09-12,360,"Windows only","Free",,0,1,0,0,1,0,1,0,0,0,0,0,0,0,,0,0.285741734851926
3748360,"Rogue Pong",2025-09-13,"2025-09",0,1,0,0,0.99,0.99,0,"USD",2,2,0,1,0,"2 user reviews",2026-09-12 16:24:05.687549,2026-09-13 19:36:48.396338,2026-09-13,2026-09-12,365,"Windows only","$0.01-$4.99",0.688134638736401,0,0,1,1,0,0,1,0,0,0,0,0,0,1,0.688134638736401,-1.71573437006504,0.382061338051524
3748700,"Xiao Jun (English Edition)",2025-07-02,"2025-07",0,1,0,0,0.99,0.99,0,"USD",1,1,0,1,0,"1 user reviews",2026-09-12 16:24:12.071592,2026-09-13 19:36:50.589853,2026-09-13,2026-09-12,438,"Windows only","$0.01-$4.99",0.688134638736401,0,0,0,0,0,0,0,0,1,0,0,0,0,1,0.688134638736401,-1.71573437006504,1.78832754476565
3749110,"Drywall Eating Simulator",2025-12-10,"2025-12",0,1,0,0,9.99,9.99,0,"USD",50,38,12,0.76,6,"Mostly Positive",2026-09-12 16:24:20.703792,2026-09-13 19:36:52.690249,2026-09-13,2026-09-12,277,"Windows only","$5.00-$9.99",2.39698576841553,0,1,1,0,0,0,1,0,0,0,1,0,0,1,2.39698576841553,0.615309661548216,-1.31316367826139
3749260,"The Awakened Avenger",2025-11-07,"2025-11",0,1,0,0,3.99,3.99,0,"USD",3,3,0,1,0,"3 user reviews",2026-09-12 16:24:22.936554,2026-09-13 19:36:54.824164,2026-09-13,2026-09-12,310,"Windows only","$0.01-$4.99",1.60743590976343,1,0,0,0,0,0,0,0,0,0,0,0,0,1,1.60743590976343,-0.461715395641907,-0.677454297144048
3749270,"Free Lottery",2025-09-22,"2025-09",1,1,0,0,,,,,0,0,0,,0,"No user reviews",2026-09-12 16:24:25.042085,2026-09-13 19:36:57.063809,2026-09-13,2026-09-12,356,"Windows only","Free",,0,0,1,0,1,0,1,0,0,0,0,0,0,0,,0,0.208686052292248
3749460,"Rat`s Lair",2025-07-09,"2025-07",1,1,0,0,,,,,6,6,0,1,0,"6 user reviews",2026-09-12 16:24:29.420312,2026-09-13 19:36:59.118934,2026-09-13,2026-09-12,431,"Windows only","Free",,0,1,0,0,1,0,1,0,0,0,0,0,0,1,,0,1.65348010028621
3749540,"Steampunk Idle Spinner",2025-08-14,"2025-08",0,1,1,1,4.99,4.99,0,"USD",5,4,1,0.8,0,"5 user reviews",2026-09-12 16:24:31.548838,2026-09-13 19:37:01.232034,2026-09-13,2026-09-12,395,"Windows + macOS + Linux","$0.01-$4.99",1.79009141212736,0,0,0,0,0,0,1,0,0,0,1,0,0,1,1.79009141212736,-0.212555002889199,0.959978957249108
3749880,"NeverHome Ch.2 - Tower of Vanity",2025-07-18,"2025-07",0,1,0,0,2.99,2.99,0,"USD",8,8,0,1,0,"8 user reviews",2026-09-12 16:24:35.96424,2026-09-13 19:37:03.466199,2026-09-13,2026-09-12,422,"Windows only","$0.01-$4.99",1.38379123090177,0,1,0,0,0,0,1,0,1,0,0,0,0,1,1.38379123090177,-0.766789128987195,1.48010481452693
3750430,"Mystina : Remaster Online",2025-11-19,"2025-11",1,1,0,0,,,,,0,0,0,,0,"No user reviews",2026-09-12 16:24:42.255358,2026-09-13 19:37:05.596728,2026-09-13,2026-09-12,298,"Windows only","Free",,0,0,0,0,1,0,0,1,1,0,0,0,0,0,,0,-0.908621344823082
3751210,"Infinite Lives",2025-11-27,"2025-11",0,1,0,0,14.99,14.99,0,"USD",213,163,50,0.765258215962441,6,"Mostly Positive",2026-09-12 16:24:57.110707,2026-09-13 19:37:07.841735,2026-09-13,2026-09-12,290,"Windows only","$10.00-$19.99",2.77196352684586,1,1,0,0,0,0,1,0,0,0,0,0,0,1,2.77196352684586,1.12681686694233,-1.06273270994244
3752210,"Rubble Eats The World",2025-11-03,"2025-11",0,1,0,0,9.99,9.99,0,"USD",4,4,0,1,0,"4 user reviews",2026-09-12 16:25:09.645874,2026-09-13 19:37:10.034882,2026-09-13,2026-09-12,314,"Windows only","$5.00-$9.99",2.39698576841553,1,0,0,0,0,0,1,0,0,0,0,0,0,1,2.39698576841553,0.615309661548216,-0.60039861458437
3752870,"Everranger",2025-09-07,"2025-09",1,1,0,0,,,,,0,0,0,,0,"No user reviews",2026-09-12 16:25:28.76149,2026-09-13 19:37:12.199495,2026-09-13,2026-09-12,371,"Windows only","Free",,0,0,1,0,1,0,1,0,0,0,0,0,1,0,,0,0.497644861891041
3752950,"Fracctal TCG",2025-12-13,"2025-12",1,1,0,0,,,,,0,0,0,,0,"No user reviews",2026-09-12 16:25:33.109426,2026-09-13 19:37:14.327584,2026-09-13,2026-09-12,274,"Windows only","Free",,0,0,1,1,1,0,0,0,0,0,0,0,1,0,,0,-1.37095544018115
3752990,"Rebound Rush",2025-07-19,"2025-07",1,1,0,0,,,,,0,0,0,,0,"No user reviews",2026-09-12 16:25:35.113538,2026-09-13 19:37:16.332198,2026-09-13,2026-09-12,421,"Windows only","Free",,1,0,0,0,1,0,1,0,0,0,0,1,0,0,,0,1.46084089388702
3753370,"Votica",2025-07-11,"2025-07",0,1,0,0,4.99,4.99,0,"USD",5,2,3,0.4,0,"5 user reviews",2026-09-12 16:25:41.559225,2026-09-13 19:37:18.386252,2026-09-13,2026-09-12,429,"Windows only","$0.01-$4.99",1.79009141212736,0,0,0,1,0,0,1,0,0,0,0,0,1,1,1.79009141212736,-0.212555002889199,1.61495225900637
3754100,"Frog Folding Simulator",2025-07-29,"2025-07",0,1,0,0,3.99,3.99,0,"USD",0,0,0,,0,"No user reviews",2026-09-12 16:26:00.869785,2026-09-13 19:37:20.400186,2026-09-13,2026-09-12,411,"Windows only","$0.01-$4.99",1.60743590976343,0,0,1,0,0,0,0,0,0,0,1,0,0,0,1.60743590976343,-0.461715395641907,1.26820168748782
3754210,"D.E.A.T.H.",2025-09-07,"2025-09",0,1,0,0,2.99,2.99,0,"USD",0,0,0,,0,"No user reviews",2026-09-12 16:26:02.983625,2026-09-13 19:37:22.519559,2026-09-13,2026-09-12,371,"Windows only","$0.01-$4.99",1.38379123090177,0,0,1,0,0,0,1,0,0,0,0,0,0,0,1.38379123090177,-0.766789128987195,0.497644861891041
3754320,"Project DAR",2025-07-02,"2025-07",0,1,0,0,2.5,2.5,0,"USD",4,4,0,1,0,"4 user reviews",2026-09-12 16:26:07.378112,2026-09-13 19:37:24.525634,2026-09-13,2026-09-12,438,"Windows only","$0.01-$4.99",1.25276296849537,0,0,1,1,0,0,1,0,0,0,0,0,1,1,1.25276296849537,-0.94552479750178,1.78832754476565
3754370,"Resist Mutants",2025-07-16,"2025-07",0,1,0,0,6.99,6.99,0,"USD",0,0,0,,0,"No user reviews",2026-09-12 16:26:09.496759,2026-09-13 19:37:26.574037,2026-09-13,2026-09-12,424,"Windows only","$5.00-$9.99",2.07819075977818,1,1,1,0,0,0,1,0,1,0,1,0,0,0,2.07819075977818,0.18044135190692,1.51863265580677
3754500,"Mad Carnival",2025-07-04,"2025-07",0,1,0,0,5.99,5.99,0,"USD",1,1,0,1,0,"1 user reviews",2026-09-12 16:26:13.673983,2026-09-13 19:37:28.67101,2026-09-13,2026-09-12,436,"Windows only","$5.00-$9.99",1.94448055624572,1,0,0,0,0,0,1,0,0,0,0,0,0,1,1.94448055624572,-0.00195275282042951,1.74979970348581
3754800,"City Love Clicker",2025-11-07,"2025-11",0,1,0,0,2.99,2.99,0,"USD",1,1,0,1,0,"1 user reviews",2026-09-12 16:26:18.057861,2026-09-13 19:37:30.928337,2026-09-13,2026-09-12,310,"Windows only","$0.01-$4.99",1.38379123090177,0,0,1,0,0,0,1,0,0,0,1,0,0,1,1.38379123090177,-0.766789128987195,-0.677454297144048
3755360,"Keep 'Em Out!",2025-08-12,"2025-08",1,1,0,0,,,,,0,0,0,,0,"No user reviews",2026-09-12 16:26:28.337806,2026-09-13 19:37:33.03625,2026-09-13,2026-09-12,397,"Windows only","Free",,1,0,1,0,1,0,1,0,0,0,0,0,0,0,,0,0.998506798528947
3755860,"BLACK SOULS",2025-08-15,"2025-08",0,1,0,0,13.99,13.99,0,"USD",7297,6947,350,0.952035082910785,9,"Overwhelmingly Positive",2026-09-12 16:26:41.02145,2026-09-13 19:37:35.135869,2026-09-13,2026-09-12,394,"Windows only","$10.00-$19.99",2.70738331211451,0,1,0,0,0,0,1,0,1,0,0,0,0,1,2.70738331211451,1.03872298825665,0.940715036609189
3757190,"Sudoku Mania",2025-08-28,"2025-08",0,1,0,0,4.99,4.99,0,"USD",0,0,0,,0,"No user reviews",2026-09-12 16:27:08.575158,2026-09-13 19:37:37.312246,2026-09-13,2026-09-12,381,"Windows only","$0.01-$4.99",1.79009141212736,0,0,1,0,0,0,0,0,0,0,0,0,0,0,1.79009141212736,-0.212555002889199,0.690284068290236
3757210,"Agreeee",2025-12-04,"2025-12",0,1,0,0,4.99,4.99,0,"USD",1144,854,290,0.746503496503496,6,"Mostly Positive",2026-09-12 16:27:10.799283,2026-09-13 19:37:39.532588,2026-09-13,2026-09-12,283,"Windows only","$0.01-$4.99",1.79009141212736,1,0,0,0,0,0,1,0,0,0,0,0,0,1,1.79009141212736,-0.212555002889199,-1.19758015442187
3757240,"Zombies Attack",2025-10-08,"2025-10",0,1,0,0,4.99,3.99,20,"USD",26,26,0,1,7,"Positive",2026-09-12 16:27:12.926308,2026-09-13 19:37:41.76295,2026-09-13,2026-09-12,340,"Windows only","$0.01-$4.99",1.60743590976343,1,1,0,0,0,0,0,0,0,0,0,0,0,1,1.60743590976343,-0.461715395641907,-0.0995366779464635
3757740,"Tag! You're Dead",2025-08-01,"2025-08",1,1,0,0,,,,,0,0,0,,0,"No user reviews",2026-09-12 16:27:29.989552,2026-09-13 19:37:43.981842,2026-09-13,2026-09-12,408,"Windows only","Free",,1,1,0,0,1,0,1,0,0,0,0,0,0,0,,0,1.21040992556806
3758560,"Abyssal Drift",2025-10-26,"2025-10",0,1,0,0,3.99,3.99,0,"USD",16,16,0,1,7,"Positive",2026-09-12 16:27:44.557533,2026-09-13 19:37:46.032113,2026-09-13,2026-09-12,322,"Windows only","$0.01-$4.99",1.60743590976343,0,1,1,0,0,0,1,0,0,0,0,0,0,1,1.60743590976343,-0.461715395641907,-0.446287249465014
3758630,"Project:M",2025-07-14,"2025-07",1,1,0,0,,,,,0,0,0,,0,"No user reviews",2026-09-12 16:27:46.697604,2026-09-13 19:37:48.060074,2026-09-13,2026-09-12,426,"Windows only","Free",,1,0,0,0,1,0,1,0,0,0,0,0,1,0,,0,1.55716049708661
3758650,"词力牌：LexiLoong",2025-07-10,"2025-07",0,1,0,0,6.99,6.99,0,"USD",1,1,0,1,0,"1 user reviews",2026-09-12 16:27:48.89512,2026-09-13 19:37:50.094765,2026-09-13,2026-09-12,430,"Windows only","$5.00-$9.99",2.07819075977818,0,0,1,0,0,0,1,0,0,0,0,0,0,1,2.07819075977818,0.18044135190692,1.63421617964629
3759140,"Nitroglycerine!",2025-11-09,"2025-11",0,1,0,0,4.99,4.99,0,"USD",144,125,19,0.868055555555556,8,"Very Positive",2026-09-12 16:27:55.178993,2026-09-13 19:37:52.336452,2026-09-13,2026-09-12,308,"Windows only","$0.01-$4.99",1.79009141212736,0,0,0,0,0,0,1,0,0,1,0,0,0,1,1.79009141212736,-0.212555002889199,-0.715982138423887
3759390,"Waifu Quest",2025-09-29,"2025-09",1,1,0,0,,,,,0,0,0,,0,"No user reviews",2026-09-12 16:28:03.958209,2026-09-13 19:37:54.512397,2026-09-13,2026-09-12,349,"Windows only","Free",,0,0,1,0,1,0,1,0,0,0,0,0,0,0,,0,0.0738386078128119
3759820,"Farm Manager",2025-11-03,"2025-11",1,1,0,0,,,,,0,0,0,,0,"No user reviews",2026-09-12 16:28:10.148213,2026-09-13 19:37:56.661899,2026-09-13,2026-09-12,314,"Windows only","Free",,0,0,0,0,1,0,0,0,0,0,1,0,1,0,,0,-0.60039861458437
3760620,"Revolver Gambit",2025-08-26,"2025-08",0,1,0,0,9.99,9.99,0,"USD",8,8,0,1,0,"8 user reviews",2026-09-12 16:28:22.771562,2026-09-13 19:37:58.702627,2026-09-13,2026-09-12,383,"Windows only","$5.00-$9.99",2.39698576841553,0,0,1,1,0,0,1,0,0,0,1,0,0,1,2.39698576841553,0.615309661548216,0.728811909570075
3761040,"RoboDoc Jr",2025-08-03,"2025-08",0,1,0,0,9.99,9.99,0,"USD",0,0,0,,0,"No user reviews",2026-09-12 16:28:26.940977,2026-09-13 19:38:00.880898,2026-09-13,2026-09-12,406,"Windows only","$5.00-$9.99",2.39698576841553,0,0,1,0,0,0,0,0,0,0,1,0,0,0,2.39698576841553,0.615309661548216,1.17188208428822
3761560,"Rising Odds",2025-11-04,"2025-11",0,1,0,0,5.99,5.99,0,"USD",9,8,1,0.888888888888889,0,"9 user reviews",2026-09-12 16:28:35.30213,2026-09-13 19:38:03.013098,2026-09-13,2026-09-12,313,"Windows only","$5.00-$9.99",1.94448055624572,0,1,0,0,0,0,1,0,0,0,0,0,0,1,1.94448055624572,-0.00195275282042951,-0.61966253522429
3761810,"ミガカミカガミ -reviver-",2025-07-31,"2025-07",1,1,0,0,,,,,0,0,0,,0,"No user reviews",2026-09-12 16:28:43.797391,2026-09-13 19:38:05.140146,2026-09-13,2026-09-12,409,"Windows only","Free",,0,0,0,0,1,0,0,0,0,0,0,0,0,0,,0,1.22967384620798
3762110,"Bloodplague Lockdown",2025-11-06,"2025-11",0,1,0,0,4.99,1.99,60,"USD",3,3,0,1,0,"3 user reviews",2026-09-12 16:28:48.206315,2026-09-13 19:38:07.315202,2026-09-13,2026-09-12,311,"Windows only","$0.01-$4.99",1.0952733874026,1,1,0,0,0,0,1,0,0,0,0,0,0,1,1.0952733874026,-1.16035635402041,-0.658190376504129
3762650,"DEATH TRAIN!!! Samara – Voronezh.",2025-08-22,"2025-08",0,1,1,1,2.99,2.99,0,"USD",88,80,8,0.909090909090909,8,"Very Positive",2026-09-12 16:28:52.459588,2026-09-13 19:38:09.451754,2026-09-13,2026-09-12,387,"Windows + macOS + Linux","$0.01-$4.99",1.38379123090177,0,0,1,0,0,0,1,0,0,0,0,0,0,1,1.38379123090177,-0.766789128987195,0.805867592129753
3762990,"Erzperium",2025-09-19,"2025-09",0,1,0,0,0.99,0.99,0,"USD",0,0,0,,0,"No user reviews",2026-09-12 16:28:58.756739,2026-09-13 19:38:11.540142,2026-09-13,2026-09-12,359,"Windows only","$0.01-$4.99",0.688134638736401,0,0,0,0,0,0,1,0,0,0,0,0,0,0,0.688134638736401,-1.71573437006504,0.266477814212007
3763000,"Starfall Defenders",2025-07-28,"2025-07",0,1,0,0,2.99,2.99,0,"USD",1,1,0,1,0,"1 user reviews",2026-09-12 16:29:00.774862,2026-09-13 19:38:13.71565,2026-09-13,2026-09-12,412,"Windows only","$0.01-$4.99",1.38379123090177,1,0,0,0,0,0,0,0,0,0,0,0,1,1,1.38379123090177,-0.766789128987195,1.28746560812774
3764120,"你的牛子",2025-09-19,"2025-09",0,1,0,0,1.99,0.69,65,"USD",33,29,4,0.878787878787879,7,"Positive",2026-09-12 16:29:17.895306,2026-09-13 19:38:15.84833,2026-09-13,2026-09-12,359,"Windows only","$0.01-$4.99",0.524728528934982,0,0,0,0,0,0,1,0,1,0,1,0,0,1,0.524728528934982,-1.93863666410703,0.266477814212007
3764230,"JustRun",2025-07-27,"2025-07",1,1,0,0,,,,,0,0,0,,0,"No user reviews",2026-09-12 16:29:20.142109,2026-09-13 19:38:17.85655,2026-09-13,2026-09-12,413,"Windows only","Free",,0,1,1,0,1,0,0,0,1,0,0,0,0,0,,0,1.30672952876766
3765890,"勇氣Online",2025-07-25,"2025-07",1,1,0,0,,,,,0,0,0,,0,"No user reviews",2026-09-12 16:29:43.810859,2026-09-13 19:38:20.038171,2026-09-13,2026-09-12,415,"Windows only","Free",,0,1,0,0,1,0,0,1,1,0,0,0,0,0,,0,1.3452573700475
3766170,"100 Cats Lost In Japan Find & Color",2025-07-03,"2025-07",1,1,0,0,,,,,2,1,1,0.5,0,"2 user reviews",2026-09-12 16:29:49.95441,2026-09-13 19:38:22.260494,2026-09-13,2026-09-12,437,"Windows only","Free",,0,0,1,0,1,0,1,0,0,0,0,0,0,1,,0,1.76906362412573
3766740,"Church Crew",2025-07-15,"2025-07",0,1,0,0,2.99,2.99,0,"USD",0,0,0,,0,"No user reviews",2026-09-12 16:29:54.08755,2026-09-13 19:38:24.304216,2026-09-13,2026-09-12,425,"Windows only","$0.01-$4.99",1.38379123090177,1,0,1,1,0,0,1,0,0,0,0,0,0,0,1.38379123090177,-0.766789128987195,1.53789657644669
3766870,"USAID Approvals Department",2025-07-01,"2025-07",0,1,0,0,0.99,0.99,0,"USD",0,0,0,,0,"No user reviews",2026-09-12 16:29:58.313441,2026-09-13 19:38:26.466493,2026-09-13,2026-09-12,439,"Windows only","$0.01-$4.99",0.688134638736401,0,0,1,0,0,0,1,0,0,0,1,0,0,0,0.688134638736401,-1.71573437006504,1.80759146540557
3767280,"Dotakawa☆COOKING BATTLE",2025-12-15,"2025-12",1,1,0,0,,,,,0,0,0,,0,"No user reviews",2026-09-12 16:30:06.731448,2026-09-13 19:38:28.517307,2026-09-13,2026-09-12,272,"Windows only","Free",,1,0,1,0,1,0,0,0,0,0,0,0,0,0,,0,-1.40948328146099
3768490,"Quantum Threshold",2025-07-17,"2025-07",0,1,0,0,23.99,23.99,0,"USD",3,2,1,0.666666666666667,0,"3 user reviews",2026-09-12 16:30:31.976594,2026-09-13 19:38:30.544042,2026-09-13,2026-09-12,423,"Windows only","$20.00-$29.99",3.21847574484686,1,0,0,0,0,0,1,0,1,0,0,0,0,1,3.21847574484686,1.73590423724419,1.49936873516685
3769130,"Keep on Mining!",2025-07-30,"2025-07",0,1,0,0,4.99,4.99,0,"USD",8273,7729,544,0.934243926024417,8,"Very Positive",2026-09-12 16:30:40.646137,2026-09-13 19:38:32.742289,2026-09-13,2026-09-12,410,"Windows only","$0.01-$4.99",1.79009141212736,0,0,1,0,0,0,1,0,0,0,0,0,0,1,1.79009141212736,-0.212555002889199,1.2489377668479
3769330,"Road Trip to the End of the World",2025-08-31,"2025-08",1,1,1,1,,,,,0,0,0,,0,"No user reviews",2026-09-12 16:30:44.837848,2026-09-13 19:38:34.811378,2026-09-13,2026-09-12,378,"Windows + macOS + Linux","Free",,0,1,1,0,1,0,1,0,0,0,0,0,0,0,,0,0.632492306370477
3769520,"Spores of Fortune",2025-08-01,"2025-08",1,1,0,0,,,,,0,0,0,,0,"No user reviews",2026-09-12 16:30:49.006053,2026-09-13 19:38:36.902947,2026-09-13,2026-09-12,408,"Windows only","Free",,0,0,1,0,1,0,1,0,0,0,1,0,0,0,,0,1.21040992556806
3769970,"The King of Tower Defense",2025-08-15,"2025-08",0,1,0,0,9.99,9.99,0,"USD",0,0,0,,0,"No user reviews",2026-09-12 16:30:57.544421,2026-09-13 19:38:39.021488,2026-09-13,2026-09-12,394,"Windows only","$5.00-$9.99",2.39698576841553,0,0,0,1,0,0,1,0,0,0,1,0,1,0,2.39698576841553,0.615309661548216,0.940715036609189
3770260,"Rolling Rumble",2025-12-02,"2025-12",0,1,0,0,3.99,3.99,0,"USD",1,1,0,1,0,"1 user reviews",2026-09-12 16:31:06.138647,2026-09-13 19:38:41.231927,2026-09-13,2026-09-12,285,"Windows only","$0.01-$4.99",1.60743590976343,1,0,0,0,0,0,0,0,0,0,0,0,1,1,1.60743590976343,-0.461715395641907,-1.15905231314204
3770400,"Ultimate Mythic Ski Jumping League",2025-10-31,"2025-10",0,1,0,0,3.99,3.99,0,"USD",0,0,0,,0,"No user reviews",2026-09-12 16:31:08.242996,2026-09-13 19:38:43.362492,2026-09-13,2026-09-12,317,"Windows only","$0.01-$4.99",1.60743590976343,0,0,0,0,0,0,0,0,1,0,0,1,0,0,1.60743590976343,-0.461715395641907,-0.542606852664612
3771390,"Carefully Stamped",2025-11-15,"2025-11",0,1,1,1,4.99,2.49,50,"USD",152,87,65,0.572368421052632,5,"Mixed",2026-09-12 16:31:25.131758,2026-09-13 19:38:45.530934,2026-09-13,2026-09-12,302,"Windows + macOS + Linux","$0.01-$4.99",1.24990173621434,0,0,1,0,0,0,1,0,0,0,1,0,1,1,1.24990173621434,-0.949427804800615,-0.831565662263404
3771610,"Flee the fallen",2025-12-01,"2025-12",0,1,1,0,4.99,4.99,0,"USD",16,13,3,0.8125,7,"Positive",2026-09-12 16:31:27.279301,2026-09-13 19:38:47.629465,2026-09-13,2026-09-12,286,"Windows + macOS","$0.01-$4.99",1.79009141212736,1,1,0,0,0,0,1,0,0,0,0,0,0,1,1.79009141212736,-0.212555002889199,-1.13978839250212
3771660,"Pass Tiger Cage",2025-12-30,"2025-12",0,1,0,0,6.99,6.99,0,"USD",34,21,13,0.617647058823529,5,"Mixed",2026-09-12 16:31:29.530624,2026-09-13 19:38:49.743136,2026-09-13,2026-09-12,257,"Windows only","$5.00-$9.99",2.07819075977818,0,0,0,1,0,0,0,0,1,0,0,0,1,1,2.07819075977818,0.18044135190692,-1.69844209105978
3771890,"Off Road Racing",2025-07-09,"2025-07",1,1,0,0,,,,,0,0,0,,0,"No user reviews",2026-09-12 16:31:31.551931,2026-09-13 19:38:51.938962,2026-09-13,2026-09-12,431,"Windows only","Free",,0,0,1,0,1,0,0,0,0,1,0,0,0,0,,0,1.65348010028621
3772060,"Bunny's Tea Time",2025-10-26,"2025-10",0,1,0,0,9.99,9.99,0,"USD",1,1,0,1,0,"1 user reviews",2026-09-12 16:31:37.685957,2026-09-13 19:38:54.135248,2026-09-13,2026-09-12,322,"Windows only","$5.00-$9.99",2.39698576841553,0,0,1,0,0,0,1,0,0,0,1,0,0,1,2.39698576841553,0.615309661548216,-0.446287249465014
3772460,"Blacktop Hustle",2025-09-05,"2025-09",0,1,0,0,9.99,9.99,0,"USD",0,0,0,,0,"No user reviews",2026-09-12 16:31:46.406269,2026-09-13 19:38:56.19231,2026-09-13,2026-09-12,373,"Windows only","$5.00-$9.99",2.39698576841553,0,0,0,0,0,0,1,0,0,1,0,0,0,0,2.39698576841553,0.615309661548216,0.53617270317088
3773590,"Death by Scrolling",2025-10-28,"2025-10",0,1,1,1,7.99,7.99,0,"USD",177,137,40,0.774011299435028,6,"Mostly Positive",2026-09-12 16:32:03.69058,2026-09-13 19:38:58.328094,2026-09-13,2026-09-12,320,"Windows + macOS + Linux","$5.00-$9.99",2.19611284848353,1,0,0,0,0,0,0,0,0,0,0,0,0,1,2.19611284848353,0.341298887298887,-0.484815090744853
3775190,"Goblin Adventure: Free from Lore",2025-08-22,"2025-08",0,1,0,0,2.99,2.99,0,"USD",2,2,0,1,0,"2 user reviews",2026-09-12 16:32:24.77747,2026-09-13 19:39:00.494883,2026-09-13,2026-09-12,387,"Windows only","$0.01-$4.99",1.38379123090177,0,1,1,0,0,0,1,0,1,0,0,0,0,1,1.38379123090177,-0.766789128987195,0.805867592129753
3775390,"The Ruin Wanderer",2025-07-31,"2025-07",0,1,0,0,1.99,1.99,0,"USD",7,7,0,1,0,"7 user reviews",2026-09-12 16:32:26.924096,2026-09-13 19:39:02.605465,2026-09-13,2026-09-12,409,"Windows only","$0.01-$4.99",1.0952733874026,0,1,0,0,0,0,0,0,0,0,0,0,0,1,1.0952733874026,-1.16035635402041,1.22967384620798
3776630,"Bananaganza",2025-07-04,"2025-07",0,1,1,1,2.99,2.99,0,"USD",3,3,0,1,0,"3 user reviews",2026-09-12 16:32:41.926598,2026-09-13 19:39:04.849345,2026-09-13,2026-09-12,436,"Windows + macOS + Linux","$0.01-$4.99",1.38379123090177,1,0,1,0,0,0,1,0,0,0,0,0,0,1,1.38379123090177,-0.766789128987195,1.74979970348581
3776910,"DDD - Drone Drop Dash",2025-07-21,"2025-07",1,1,1,0,,,,,0,0,0,,0,"No user reviews",2026-09-12 16:32:50.180012,2026-09-13 19:39:07.029804,2026-09-13,2026-09-12,419,"Windows + macOS","Free",,0,0,1,0,1,0,0,0,0,0,0,0,0,0,,0,1.42231305260718
3777690,"Hop Drop",2025-07-22,"2025-07",0,1,0,0,5.99,5.99,0,"USD",5,3,2,0.6,0,"5 user reviews",2026-09-12 16:33:09.517739,2026-09-13 19:39:09.132366,2026-09-13,2026-09-12,418,"Windows only","$5.00-$9.99",1.94448055624572,1,0,0,0,0,0,1,0,0,1,0,0,0,1,1.94448055624572,-0.00195275282042951,1.40304913196726
3778040,"Ramen-ten ‘Heart Abyss’",2025-11-06,"2025-11",0,1,0,0,2.99,2.99,0,"USD",117,83,34,0.709401709401709,6,"Mostly Positive",2026-09-12 16:33:15.816447,2026-09-13 19:39:11.295285,2026-09-13,2026-09-12,311,"Windows only","$0.01-$4.99",1.38379123090177,1,0,1,0,0,0,1,0,0,0,1,0,0,1,1.38379123090177,-0.766789128987195,-0.658190376504129
3778380,"Ward 777 - <U+0627><U+0644><U+062C><U+0646><U+0627><U+062D> 777",2025-07-25,"2025-07",0,1,0,0,4.99,4.99,0,"USD",20,15,5,0.75,6,"Mostly Positive",2026-09-12 16:33:22.269169,2026-09-13 19:39:13.365552,2026-09-13,2026-09-12,415,"Windows only","$0.01-$4.99",1.79009141212736,1,0,0,0,0,0,1,0,0,0,0,0,0,1,1.79009141212736,-0.212555002889199,1.3452573700475
3778770,"Ignis Dei",2025-08-11,"2025-08",1,1,0,0,,,,,0,0,0,,0,"No user reviews",2026-09-12 16:33:30.794575,2026-09-13 19:39:15.532101,2026-09-13,2026-09-12,398,"Windows only","Free",,0,1,1,0,1,0,1,0,0,0,0,0,0,0,,0,1.01777071916887
3778870,"Powwow Bound: A Menominee Homecoming",2025-11-18,"2025-11",1,1,1,0,,,,,0,0,0,,0,"No user reviews",2026-09-12 16:33:32.824716,2026-09-13 19:39:17.730067,2026-09-13,2026-09-12,299,"Windows + macOS","Free",,0,1,1,0,1,0,0,0,0,0,0,0,0,0,,0,-0.889357424183163
3779170,"Wrist Catcher-寸关",2025-07-28,"2025-07",0,1,0,0,1.99,1.99,0,"USD",3,0,3,0,0,"3 user reviews",2026-09-12 16:33:37.013847,2026-09-13 19:39:19.799346,2026-09-13,2026-09-12,412,"Windows only","$0.01-$4.99",1.0952733874026,0,1,1,0,0,0,1,0,0,0,1,0,0,1,1.0952733874026,-1.16035635402041,1.28746560812774
3779280,"<U+200B><U+200B>Azure Defenders<U+200B>",2025-11-11,"2025-11",0,1,0,0,7.99,7.99,0,"USD",2,1,1,0.5,0,"2 user reviews",2026-09-12 16:33:39.180279,2026-09-13 19:39:21.890179,2026-09-13,2026-09-12,306,"Windows only","$5.00-$9.99",2.19611284848353,0,0,0,0,0,0,1,0,1,0,0,0,1,1,2.19611284848353,0.341298887298887,-0.754509979703726
3779680,"VR Boxing: Champion's Forge<U+200B>",2025-10-15,"2025-10",0,1,0,0,15.99,15.99,0,"USD",0,0,0,,0,"No user reviews",2026-09-12 16:33:47.674831,2026-09-13 19:39:23.934725,2026-09-13,2026-09-12,333,"Windows only","$10.00-$19.99",2.83262493568384,1,0,0,0,0,0,1,0,0,0,0,1,0,0,2.83262493568384,1.20956510203731,-0.2343841224259
3779910,"Elegant Sleuth:Mystic Family",2025-10-22,"2025-10",0,1,0,0,6.99,6.99,0,"USD",1,1,0,1,0,"1 user reviews",2026-09-12 16:33:53.820248,2026-09-13 19:39:26.148136,2026-09-13,2026-09-12,326,"Windows only","$5.00-$9.99",2.07819075977818,0,1,0,0,0,0,1,0,0,0,0,0,0,1,2.07819075977818,0.18044135190692,-0.369231566905336
3781840,"Bartholomew.exe",2025-07-22,"2025-07",1,1,0,0,,,,,0,0,0,,0,"No user reviews",2026-09-12 16:34:08.427976,2026-09-13 19:39:28.26221,2026-09-13,2026-09-12,418,"Windows only","Free",,1,0,0,0,1,0,1,0,0,0,0,0,0,0,,0,1.40304913196726
3782410,"Veil: Mirages",2025-07-01,"2025-07",0,1,0,0,3.99,3.99,0,"USD",11,9,2,0.818181818181818,7,"Positive",2026-09-12 16:34:21.060391,2026-09-13 19:39:30.51403,2026-09-13,2026-09-12,439,"Windows only","$0.01-$4.99",1.60743590976343,0,1,1,0,0,0,1,0,0,0,0,0,0,1,1.60743590976343,-0.461715395641907,1.80759146540557
3783190,"Useless Timmy",2025-12-24,"2025-12",0,1,0,0,9.99,9.99,0,"USD",1,1,0,1,0,"1 user reviews",2026-09-12 16:34:40.259462,2026-09-13 19:39:32.722328,2026-09-13,2026-09-12,263,"Windows only","$5.00-$9.99",2.39698576841553,1,0,0,0,0,0,1,0,0,0,0,0,0,1,2.39698576841553,0.615309661548216,-1.58285856722026
3783850,"RELSU",2025-12-12,"2025-12",0,1,0,0,5.99,5.99,0,"USD",2,2,0,1,0,"2 user reviews",2026-09-12 16:34:50.664457,2026-09-13 19:39:34.97108,2026-09-13,2026-09-12,275,"Windows only","$5.00-$9.99",1.94448055624572,1,1,0,0,0,0,0,1,0,0,0,0,1,1,1.94448055624572,-0.00195275282042951,-1.35169151954123
3784100,"Elven Rivers 5: UnderSea",2025-07-25,"2025-07",0,1,0,0,14.99,14.99,0,"USD",0,0,0,,0,"No user reviews",2026-09-12 16:35:07.583823,2026-09-13 19:39:37.080067,2026-09-13,2026-09-12,415,"Windows only","$10.00-$19.99",2.77196352684586,0,1,1,0,0,0,1,0,0,0,0,0,1,0,2.77196352684586,1.12681686694233,1.3452573700475
3784110,"Ghost Hunters",2025-07-22,"2025-07",0,1,0,0,14.99,14.99,0,"USD",3,1,2,0.333333333333333,0,"3 user reviews",2026-09-12 16:35:09.717303,2026-09-13 19:39:39.146077,2026-09-13,2026-09-12,418,"Windows only","$10.00-$19.99",2.77196352684586,0,1,1,0,0,0,1,0,0,0,0,0,1,1,2.77196352684586,1.12681686694233,1.40304913196726
3784130,"New Lands 4: Legends of Tenkai",2025-08-01,"2025-08",0,1,0,0,14.99,14.99,0,"USD",1,1,0,1,0,"1 user reviews",2026-09-12 16:35:14.098766,2026-09-13 19:39:41.171142,2026-09-13,2026-09-12,408,"Windows only","$10.00-$19.99",2.77196352684586,0,1,1,0,0,0,0,0,0,0,1,0,1,1,2.77196352684586,1.12681686694233,1.21040992556806
3785590,"Delfini",2025-07-26,"2025-07",1,1,0,0,,,,,0,0,0,,0,"No user reviews",2026-09-12 16:35:35.3644,2026-09-13 19:39:43.331778,2026-09-13,2026-09-12,414,"Windows only","Free",,0,1,1,0,1,0,1,0,1,0,0,0,0,0,,0,1.32599344940758
3785720,"Pact Between Us",2025-07-25,"2025-07",0,1,1,0,6.99,6.99,0,"USD",267,230,37,0.861423220973783,8,"Very Positive",2026-09-12 16:35:39.629177,2026-09-13 19:39:45.417032,2026-09-13,2026-09-12,415,"Windows + macOS","$5.00-$9.99",2.07819075977818,0,0,1,0,0,0,1,0,1,0,1,0,0,1,2.07819075977818,0.18044135190692,1.3452573700475
3786040,"The Overnight Screening",2025-08-31,"2025-08",0,1,0,0,4.99,4.99,0,"USD",16,8,8,0.5,5,"Mixed",2026-09-12 16:35:45.864808,2026-09-13 19:39:47.644821,2026-09-13,2026-09-12,378,"Windows only","$0.01-$4.99",1.79009141212736,0,1,0,0,0,0,1,0,0,0,1,0,0,1,1.79009141212736,-0.212555002889199,0.632492306370477
3786950,"SWAP",2025-10-31,"2025-10",0,1,0,0,0.99,0.99,0,"USD",0,0,0,,0,"No user reviews",2026-09-12 16:36:00.567383,2026-09-13 19:39:49.874304,2026-09-13,2026-09-12,317,"Windows only","$0.01-$4.99",0.688134638736401,0,0,1,0,0,0,1,0,0,0,0,0,0,0,0.688134638736401,-1.71573437006504,-0.542606852664612
3787000,"Fading Lights",2025-10-12,"2025-10",1,1,0,1,,,,,0,0,0,,0,"No user reviews",2026-09-12 16:36:02.577431,2026-09-13 19:39:51.95413,2026-09-13,2026-09-12,336,"Windows + Linux","Free",,0,0,1,0,1,0,1,0,0,0,0,0,1,0,,0,-0.176592360506141
3787120,"W.I.M.S. - Where is my ship?!",2025-10-22,"2025-10",0,1,0,0,6.99,6.99,0,"USD",0,0,0,,0,"No user reviews",2026-09-12 16:36:04.683088,2026-09-13 19:39:54.085799,2026-09-13,2026-09-12,326,"Windows only","$5.00-$9.99",2.07819075977818,0,1,1,1,0,0,0,0,0,0,0,0,0,0,2.07819075977818,0.18044135190692,-0.369231566905336
3788170,"Narrow One",2025-08-26,"2025-08",1,1,0,1,,,,,0,0,0,,0,"No user reviews",2026-09-12 16:36:19.763878,2026-09-13 19:39:56.216361,2026-09-13,2026-09-12,383,"Windows + Linux","Free",,1,0,1,0,1,0,1,1,0,0,0,0,0,0,,0,0.728811909570075
3788190,"Story 210",2025-08-28,"2025-08",0,1,0,0,5.99,5.99,0,"USD",9,3,6,0.333333333333333,0,"9 user reviews",2026-09-12 16:36:22.01099,2026-09-13 19:39:58.237794,2026-09-13,2026-09-12,381,"Windows only","$5.00-$9.99",1.94448055624572,1,1,1,0,0,0,1,0,0,0,0,0,0,1,1.94448055624572,-0.00195275282042951,0.690284068290236
3788370,"Numachina",2025-10-24,"2025-10",0,1,0,0,2.99,2.99,0,"USD",4,0,4,0,0,"4 user reviews",2026-09-12 16:36:26.2091,2026-09-13 19:40:00.304372,2026-09-13,2026-09-12,324,"Windows only","$0.01-$4.99",1.38379123090177,0,0,1,0,0,0,1,0,0,0,1,0,1,1,1.38379123090177,-0.766789128987195,-0.407759408185175
3788740,"Dino Explore",2025-08-11,"2025-08",0,1,0,0,2.99,2.99,0,"USD",1,1,0,1,0,"1 user reviews",2026-09-12 16:36:36.818533,2026-09-13 19:40:02.402157,2026-09-13,2026-09-12,398,"Windows only","$0.01-$4.99",1.38379123090177,0,0,0,0,0,0,0,0,1,0,0,0,0,1,1.38379123090177,-0.766789128987195,1.01777071916887
3788860,"Cursed Digilens",2025-08-01,"2025-08",0,1,0,0,1.99,1.99,0,"USD",5,4,1,0.8,0,"5 user reviews",2026-09-12 16:36:41.226101,2026-09-13 19:40:04.563418,2026-09-13,2026-09-12,408,"Windows only","$0.01-$4.99",1.0952733874026,0,1,0,0,0,0,0,0,0,0,0,0,0,1,1.0952733874026,-1.16035635402041,1.21040992556806
3789090,"God Fishing",2025-07-23,"2025-07",1,1,0,0,,,,,2,2,0,1,0,"2 user reviews",2026-09-12 16:36:49.735944,2026-09-13 19:40:06.681617,2026-09-13,2026-09-12,417,"Windows only","Free",,0,0,1,0,1,0,1,0,0,0,0,0,0,1,,0,1.38378521132734
3789290,"Bad Golf",2025-09-30,"2025-09",1,1,0,0,,,,,5,5,0,1,0,"5 user reviews",2026-09-12 16:36:58.23413,2026-09-13 19:40:08.75208,2026-09-13,2026-09-12,348,"Windows only","Free",,1,0,1,0,1,0,1,0,0,0,0,1,0,1,,0,0.0545746871728924
3789440,"The Adventure of Sunny the hedgehog",2025-09-17,"2025-09",0,1,0,0,9.99,9.99,0,"USD",2,2,0,1,0,"2 user reviews",2026-09-12 16:37:02.449959,2026-09-13 19:40:11.004467,2026-09-13,2026-09-12,361,"Windows only","$5.00-$9.99",2.39698576841553,0,0,0,0,0,0,1,0,0,0,0,0,0,1,2.39698576841553,0.615309661548216,0.305005655491846
3790060,"Bound Between Desks",2025-12-25,"2025-12",1,1,1,1,,,,,0,0,0,,0,"No user reviews",2026-09-12 16:37:12.947009,2026-09-13 19:40:13.24835,2026-09-13,2026-09-12,262,"Windows + macOS + Linux","Free",,0,1,1,0,1,0,1,0,0,0,0,0,0,0,,0,-1.60212248786018
3790080,"Epimythos: The Forgotten Legends",2025-08-24,"2025-08",0,1,0,0,0.99,0.99,0,"USD",1,1,0,1,0,"1 user reviews",2026-09-12 16:37:14.982126,2026-09-13 19:40:15.457603,2026-09-13,2026-09-12,385,"Windows only","$0.01-$4.99",0.688134638736401,0,0,1,0,0,0,1,0,0,0,0,0,0,1,0.688134638736401,-1.71573437006504,0.767339750849914
3790760,"SCP: Yet Another Day",2025-07-25,"2025-07",1,1,0,1,,,,,0,0,0,,0,"No user reviews",2026-09-12 16:37:29.916948,2026-09-13 19:40:17.48457,2026-09-13,2026-09-12,415,"Windows + Linux","Free",,0,0,0,0,1,0,1,0,1,0,0,0,0,0,,0,1.3452573700475
3790770,"Panzer Kliker",2025-07-19,"2025-07",1,1,0,0,,,,,0,0,0,,0,"No user reviews",2026-09-12 16:37:32.085479,2026-09-13 19:40:19.587951,2026-09-13,2026-09-12,421,"Windows only","Free",,0,0,1,0,1,0,0,0,0,0,0,0,1,0,,0,1.46084089388702
3791610,"Lloyd the Monkey: Remastered",2025-07-22,"2025-07",1,1,0,0,,,,,0,0,0,,0,"No user reviews",2026-09-12 16:37:53.787141,2026-09-13 19:40:21.722915,2026-09-13,2026-09-12,418,"Windows only","Free",,1,0,1,0,1,0,1,0,0,0,0,0,0,0,,0,1.40304913196726
3792500,"The Museum",2025-07-01,"2025-07",0,1,0,0,2.99,2.99,0,"USD",1,1,0,1,0,"1 user reviews",2026-09-12 16:38:02.318637,2026-09-13 19:40:23.760381,2026-09-13,2026-09-12,439,"Windows only","$0.01-$4.99",1.38379123090177,1,1,1,0,0,0,1,0,0,0,0,0,1,1,1.38379123090177,-0.766789128987195,1.80759146540557
3792540,"BederSNAKE",2025-08-28,"2025-08",0,1,0,0,0.99,0.99,0,"USD",1,1,0,1,0,"1 user reviews",2026-09-12 16:38:06.681433,2026-09-13 19:40:25.916185,2026-09-13,2026-09-12,381,"Windows only","$0.01-$4.99",0.688134638736401,0,0,1,0,0,0,1,0,0,0,0,0,1,1,0.688134638736401,-1.71573437006504,0.690284068290236
3792560,"UNI 2",2025-12-11,"2025-12",0,1,0,0,4.99,4.99,0,"USD",1,0,1,0,0,"1 user reviews",2026-09-12 16:38:08.802435,2026-09-13 19:40:28.112727,2026-09-13,2026-09-12,276,"Windows only","$0.01-$4.99",1.79009141212736,1,0,1,0,0,0,1,0,0,1,0,0,0,1,1.79009141212736,-0.212555002889199,-1.33242759890131
3792570,"Numenclature",2025-07-28,"2025-07",0,1,0,0,2.99,2.99,0,"USD",2,1,1,0.5,0,"2 user reviews",2026-09-12 16:38:10.969292,2026-09-13 19:40:30.308952,2026-09-13,2026-09-12,412,"Windows only","$0.01-$4.99",1.38379123090177,0,0,1,0,0,0,1,0,0,0,1,0,0,1,1.38379123090177,-0.766789128987195,1.28746560812774
3792610,"Jigsaw Puzzle",2025-10-27,"2025-10",0,1,0,0,9.95,9.95,0,"USD",2,1,1,0.5,0,"2 user reviews",2026-09-12 16:38:13.0778,2026-09-13 19:40:32.488694,2026-09-13,2026-09-12,321,"Windows only","$5.00-$9.99",2.39333945626251,0,0,1,0,0,0,1,0,0,0,0,0,0,1,2.39333945626251,0.610335726701537,-0.465551170104934
3792960,"Fade Survival",2025-09-30,"2025-09",0,1,0,0,14.99,14.99,0,"USD",5,3,2,0.6,0,"5 user reviews",2026-09-12 16:38:19.485071,2026-09-13 19:40:34.516547,2026-09-13,2026-09-12,348,"Windows only","$10.00-$19.99",2.77196352684586,1,0,0,1,0,0,1,0,0,0,1,0,0,1,2.77196352684586,1.12681686694233,0.0545746871728924
3793120,"Side Hustle City",2025-08-08,"2025-08",0,1,0,0,3.99,3.99,0,"USD",0,0,0,,0,"No user reviews",2026-09-12 16:38:21.571204,2026-09-13 19:40:36.554565,2026-09-13,2026-09-12,401,"Windows only","$0.01-$4.99",1.60743590976343,0,1,0,0,0,0,1,0,0,1,1,0,1,0,1.60743590976343,-0.461715395641907,1.07556248108863
3793430,"X.E.H.A. Rogue",2025-10-22,"2025-10",0,1,1,0,1.99,1.99,0,"USD",1,1,0,1,0,"1 user reviews",2026-09-12 16:38:25.725482,2026-09-13 19:40:38.686313,2026-09-13,2026-09-12,326,"Windows + macOS","$0.01-$4.99",1.0952733874026,0,0,0,0,0,0,0,0,1,0,0,0,0,1,1.0952733874026,-1.16035635402041,-0.369231566905336
3793510,"Anomaly Observer",2025-08-19,"2025-08",0,1,0,0,7.99,7.99,0,"USD",2,1,1,0.5,0,"2 user reviews",2026-09-12 16:38:27.931229,2026-09-13 19:40:40.891629,2026-09-13,2026-09-12,390,"Windows only","$5.00-$9.99",2.19611284848353,0,0,0,1,0,0,1,0,0,0,1,0,0,1,2.19611284848353,0.341298887298887,0.863659354049511
3793730,"Beat Vortex",2025-07-19,"2025-07",0,1,0,0,3.99,3.99,0,"USD",3,3,0,1,0,"3 user reviews",2026-09-12 16:38:34.530841,2026-09-13 19:40:42.974335,2026-09-13,2026-09-12,421,"Windows only","$0.01-$4.99",1.60743590976343,1,0,1,1,0,0,1,0,0,0,0,0,0,1,1.60743590976343,-0.461715395641907,1.46084089388702
3793790,"Catanks",2025-09-24,"2025-09",1,1,1,1,,,,,0,0,0,,0,"No user reviews",2026-09-12 16:38:38.702954,2026-09-13 19:40:44.987616,2026-09-13,2026-09-12,354,"Windows + macOS + Linux","Free",,1,0,1,0,1,0,1,0,0,0,0,0,0,0,,0,0.170158211012409
3794290,"Chess Empire",2025-08-18,"2025-08",0,1,0,0,2.99,2.99,0,"USD",3,3,0,1,0,"3 user reviews",2026-09-12 16:39:00.346751,2026-09-13 19:40:47.106598,2026-09-13,2026-09-12,391,"Windows only","$0.01-$4.99",1.38379123090177,0,0,0,0,0,0,1,0,0,0,0,0,1,1,1.38379123090177,-0.766789128987195,0.88292327468943
3794730,"Zombie Survivor",2025-07-17,"2025-07",0,1,1,1,2.99,2.99,0,"USD",0,0,0,,0,"No user reviews",2026-09-12 16:39:11.308844,2026-09-13 19:40:49.172766,2026-09-13,2026-09-12,423,"Windows + macOS + Linux","$0.01-$4.99",1.38379123090177,1,0,0,1,0,0,1,0,0,0,0,0,0,0,1.38379123090177,-0.766789128987195,1.49936873516685
3795140,"Railroad crossing play",2025-10-26,"2025-10",0,1,0,0,0.99,0.99,0,"USD",3,3,0,1,0,"3 user reviews",2026-09-12 16:39:19.856528,2026-09-13 19:40:51.348522,2026-09-13,2026-09-12,322,"Windows only","$0.01-$4.99",0.688134638736401,0,0,1,0,0,0,1,0,0,0,1,0,0,1,0.688134638736401,-1.71573437006504,-0.446287249465014
3795490,"Don't Get Your Hopes Up",2025-09-16,"2025-09",1,1,1,1,,,,,0,0,0,,0,"No user reviews",2026-09-12 16:39:32.203764,2026-09-13 19:40:53.542109,2026-09-13,2026-09-12,362,"Windows + macOS + Linux","Free",,0,1,0,0,1,0,0,0,0,0,0,0,0,0,,0,0.324269576131765
3795850,"MEAT ROOM",2025-11-14,"2025-11",0,1,0,0,1.99,1.99,0,"USD",9,8,1,0.888888888888889,0,"9 user reviews",2026-09-12 16:39:42.878127,2026-09-13 19:40:55.565762,2026-09-13,2026-09-12,303,"Windows only","$0.01-$4.99",1.0952733874026,0,0,1,0,0,0,1,0,0,0,0,0,0,1,1.0952733874026,-1.16035635402041,-0.812301741623485
3795950,"Purrates",2025-07-22,"2025-07",1,1,0,0,,,,,0,0,0,,0,"No user reviews",2026-09-12 16:39:45.129515,2026-09-13 19:40:57.679832,2026-09-13,2026-09-12,418,"Windows only","Free",,0,1,1,0,1,0,1,0,0,0,0,0,0,0,,0,1.40304913196726
3796060,"Area Zero",2025-07-15,"2025-07",0,1,0,0,4.99,4.99,0,"USD",5,5,0,1,0,"5 user reviews",2026-09-12 16:39:51.418874,2026-09-13 19:40:59.936643,2026-09-13,2026-09-12,425,"Windows only","$0.01-$4.99",1.79009141212736,1,0,1,1,0,0,1,0,0,0,0,0,0,1,1.79009141212736,-0.212555002889199,1.53789657644669
3797390,"IlhaZ",2025-07-13,"2025-07",0,1,0,0,,,,,2,1,1,0.5,0,"2 user reviews",2026-09-12 16:40:08.320455,2026-09-13 19:41:02.171528,2026-09-13,2026-09-12,427,"Windows only","Paid price missing",,1,1,1,0,0,0,1,0,0,0,0,0,0,1,,,1.57642441772653
3797700,"The Nightmare",2025-07-11,"2025-07",0,1,0,0,1.99,1.99,0,"USD",3,3,0,1,0,"3 user reviews",2026-09-12 16:40:14.684587,2026-09-13 19:41:04.213896,2026-09-13,2026-09-12,429,"Windows only","$0.01-$4.99",1.0952733874026,0,0,0,0,0,0,1,0,0,0,0,0,0,1,1.0952733874026,-1.16035635402041,1.61495225900637
3797830,"Egglings",2025-10-21,"2025-10",0,1,0,0,2.99,2.99,0,"USD",14,14,0,1,7,"Positive",2026-09-12 16:40:18.940046,2026-09-13 19:41:06.357778,2026-09-13,2026-09-12,327,"Windows only","$0.01-$4.99",1.38379123090177,0,1,1,0,0,0,0,0,0,0,0,0,0,1,1.38379123090177,-0.766789128987195,-0.349967646265417
3797930,"Curtainfall",2025-09-12,"2025-09",1,1,0,0,,,,,0,0,0,,0,"No user reviews",2026-09-12 16:40:23.248125,2026-09-13 19:41:08.491727,2026-09-13,2026-09-12,366,"Windows only","Free",,1,1,0,0,1,0,1,0,0,0,0,0,0,0,,0,0.401325258691443
3798230,"Idol Party 2 - Love Vibe",2025-10-22,"2025-10",1,1,0,0,,,,,0,0,0,,0,"No user reviews",2026-09-12 16:40:27.400445,2026-09-13 19:41:10.674061,2026-09-13,2026-09-12,326,"Windows only","Free",,0,0,1,0,1,0,0,1,1,0,0,0,0,0,,0,-0.369231566905336
3798300,"Wettop",2025-07-22,"2025-07",0,1,0,0,0.99,0.99,0,"USD",0,0,0,,0,"No user reviews",2026-09-12 16:40:31.486768,2026-09-13 19:41:12.742696,2026-09-13,2026-09-12,418,"Windows only","$0.01-$4.99",0.688134638736401,0,1,1,0,0,0,1,0,0,0,0,0,0,0,0.688134638736401,-1.71573437006504,1.40304913196726
3798420,"Paint by Words",2025-11-03,"2025-11",0,1,0,0,4.99,4.99,0,"USD",7,7,0,1,0,"7 user reviews",2026-09-12 16:40:35.738065,2026-09-13 19:41:14.921245,2026-09-13,2026-09-12,314,"Windows only","$0.01-$4.99",1.79009141212736,0,0,1,0,0,0,0,0,0,0,0,0,0,1,1.79009141212736,-0.212555002889199,-0.60039861458437
3798730,"Crimson Mansion",2025-08-20,"2025-08",0,1,0,0,11.99,11.99,0,"USD",6,3,3,0.5,0,"6 user reviews",2026-09-12 16:40:42.118335,2026-09-13 19:41:16.943245,2026-09-13,2026-09-12,389,"Windows only","$10.00-$19.99",2.56417983068251,0,1,1,0,0,0,1,0,1,0,0,0,0,1,2.56417983068251,0.843379102004269,0.844395433409591
3799100,"SIDE EFFECTS",2025-11-21,"2025-11",0,1,0,0,4.99,4.99,0,"USD",851,708,143,0.831962397179788,8,"Very Positive",2026-09-12 16:40:44.345067,2026-09-13 19:41:19.145129,2026-09-13,2026-09-12,296,"Windows only","$0.01-$4.99",1.79009141212736,0,0,0,0,0,0,1,0,0,0,0,0,1,1,1.79009141212736,-0.212555002889199,-0.947149186102921
3799290,"S.R.A",2025-07-07,"2025-07",1,1,0,0,,,,,0,0,0,,0,"No user reviews",2026-09-12 16:40:48.556386,2026-09-13 19:41:21.350879,2026-09-13,2026-09-12,433,"Windows only","Free",,1,0,0,1,1,0,0,0,0,0,0,0,0,0,,0,1.69200794156605
3800640,"G-MODEアーカイブス+ 探偵<U+30FB>癸生川凌介事件譚 Vol.17「御堂丸邸事件」",2025-08-19,"2025-08",0,1,0,0,7.99,7.99,0,"USD",0,0,0,,0,"No user reviews",2026-09-12 16:41:07.683035,2026-09-13 19:41:23.419453,2026-09-13,2026-09-12,390,"Windows only","$5.00-$9.99",2.19611284848353,0,1,0,0,0,0,0,0,0,0,0,0,0,0,2.19611284848353,0.341298887298887,0.863659354049511
3800670,"Waking Dreams",2025-07-14,"2025-07",0,1,0,0,4.99,4.99,0,"USD",11,10,1,0.909090909090909,7,"Positive",2026-09-12 16:41:09.7793,2026-09-13 19:41:25.458491,2026-09-13,2026-09-12,426,"Windows only","$0.01-$4.99",1.79009141212736,1,1,0,0,0,0,1,0,0,0,0,0,0,1,1.79009141212736,-0.212555002889199,1.55716049708661
3800900,"Simple Zombie Survival",2025-07-06,"2025-07",1,1,0,0,,,,,0,0,0,,0,"No user reviews",2026-09-12 16:41:18.157977,2026-09-13 19:41:27.633331,2026-09-13,2026-09-12,434,"Windows only","Free",,1,0,0,1,1,0,1,0,0,0,0,0,0,0,,0,1.71127186220597
3801180,"Fengshui Chess",2025-08-03,"2025-08",0,1,1,0,8.99,8.99,0,"USD",0,0,0,,0,"No user reviews",2026-09-12 16:41:24.532513,2026-09-13 19:41:29.861671,2026-09-13,2026-09-12,406,"Windows + macOS","$5.00-$9.99",2.30158459266046,0,0,1,0,0,0,0,0,0,0,0,0,1,0,2.30158459266046,0.485172906221557,1.17188208428822
3801380,"Dragon Ace Casino",2025-10-16,"2025-10",1,1,1,0,,,,,0,0,0,,0,"No user reviews",2026-09-12 16:41:39.442617,2026-09-13 19:41:32.116979,2026-09-13,2026-09-12,332,"Windows + macOS","Free",,0,0,1,0,1,0,0,1,0,0,1,1,1,0,,0,-0.253648043065819
3801500,"Neffy -Moonlight Labyrinth X-",2025-10-15,"2025-10",0,1,0,1,14.99,14.99,0,"USD",3,3,0,1,0,"3 user reviews",2026-09-12 16:41:43.654566,2026-09-13 19:41:34.199816,2026-09-13,2026-09-12,333,"Windows + Linux","$10.00-$19.99",2.77196352684586,1,0,0,0,0,0,1,0,0,0,0,0,0,1,2.77196352684586,1.12681686694233,-0.2343841224259
3801520,"Store It!",2025-08-29,"2025-08",0,1,0,0,8.99,8.99,0,"USD",19,12,7,0.631578947368421,5,"Mixed",2026-09-12 16:41:45.765477,2026-09-13 19:41:36.336775,2026-09-13,2026-09-12,380,"Windows only","$5.00-$9.99",2.30158459266046,0,0,1,0,0,0,1,0,0,0,1,0,0,1,2.30158459266046,0.485172906221557,0.671020147650316
3802110,"Reminiscence",2025-07-18,"2025-07",0,1,1,1,1.99,1.99,0,"USD",8,7,1,0.875,0,"8 user reviews",2026-09-12 16:41:58.633735,2026-09-13 19:41:38.479729,2026-09-13,2026-09-12,422,"Windows + macOS + Linux","$0.01-$4.99",1.0952733874026,0,0,0,0,0,0,1,0,1,0,0,0,0,1,1.0952733874026,-1.16035635402041,1.48010481452693
3802720,"Lone Labyrinth",2025-08-12,"2025-08",0,1,0,0,4.99,4.99,0,"USD",0,0,0,,0,"No user reviews",2026-09-12 16:42:13.467922,2026-09-13 19:41:40.716401,2026-09-13,2026-09-12,397,"Windows only","$0.01-$4.99",1.79009141212736,0,1,0,0,0,0,1,0,1,0,0,0,0,0,1.79009141212736,-0.212555002889199,0.998506798528947
3803040,"Binary Boss",2025-11-12,"2025-11",0,1,1,1,3.99,3.99,0,"USD",4,3,1,0.75,0,"4 user reviews",2026-09-12 16:42:21.891147,2026-09-13 19:41:42.729628,2026-09-13,2026-09-12,305,"Windows + macOS + Linux","$0.01-$4.99",1.60743590976343,0,0,1,0,0,0,0,0,0,0,0,0,0,1,1.60743590976343,-0.461715395641907,-0.773773900343646
3803860,"Blood Oath",2025-07-09,"2025-07",0,1,0,0,9.99,9.99,0,"USD",2,2,0,1,0,"2 user reviews",2026-09-12 16:42:32.639299,2026-09-13 19:41:44.855837,2026-09-13,2026-09-12,431,"Windows only","$5.00-$9.99",2.39698576841553,1,0,0,0,0,0,1,0,1,0,0,0,0,1,2.39698576841553,0.615309661548216,1.65348010028621
3803930,"Luckyest",2025-09-23,"2025-09",0,1,1,1,2.99,2.99,0,"USD",250,197,53,0.788,6,"Mostly Positive",2026-09-12 16:42:34.804708,2026-09-13 19:41:47.111792,2026-09-13,2026-09-12,355,"Windows + macOS + Linux","$0.01-$4.99",1.38379123090177,0,0,1,0,0,0,1,0,0,0,1,0,1,1,1.38379123090177,-0.766789128987195,0.189422131652329
3804040,"Iron Ranger",2025-07-12,"2025-07",0,1,0,0,1.99,1.99,0,"USD",0,0,0,,0,"No user reviews",2026-09-12 16:42:38.960466,2026-09-13 19:41:49.243048,2026-09-13,2026-09-12,428,"Windows only","$0.01-$4.99",1.0952733874026,0,1,1,0,0,0,1,0,0,0,0,0,0,0,1.0952733874026,-1.16035635402041,1.59568833836645
3805690,"The Last Chance",2025-07-25,"2025-07",0,1,0,0,1.99,1.99,0,"USD",2,1,1,0.5,0,"2 user reviews",2026-09-12 16:43:15.365399,2026-09-13 19:41:51.387473,2026-09-13,2026-09-12,415,"Windows only","$0.01-$4.99",1.0952733874026,0,1,0,0,0,0,1,0,0,0,1,0,0,1,1.0952733874026,-1.16035635402041,1.3452573700475
3805710,"Treasure Tiger",2025-07-16,"2025-07",0,1,0,0,4.99,4.99,0,"USD",85,81,4,0.952941176470588,8,"Very Positive",2026-09-12 16:43:17.545102,2026-09-13 19:41:53.610256,2026-09-13,2026-09-12,424,"Windows only","$0.01-$4.99",1.79009141212736,0,0,0,0,0,0,1,0,0,0,1,0,0,1,1.79009141212736,-0.212555002889199,1.51863265580677
3806110,"Zaxtron EXPLUS",2025-10-03,"2025-10",0,1,0,0,4.99,4.99,0,"USD",5,4,1,0.8,0,"5 user reviews",2026-09-12 16:43:25.891336,2026-09-13 19:41:55.766999,2026-09-13,2026-09-12,345,"Windows only","$0.01-$4.99",1.79009141212736,1,0,0,0,0,0,0,0,0,0,0,0,0,1,1.79009141212736,-0.212555002889199,-0.00321707474686604
3806300,"Epoch Spire",2025-08-18,"2025-08",1,1,0,0,,,,,0,0,0,,0,"No user reviews",2026-09-12 16:43:36.295473,2026-09-13 19:41:57.950693,2026-09-13,2026-09-12,391,"Windows only","Free",,1,1,0,0,1,0,1,0,0,0,0,0,0,0,,0,0.88292327468943
3806520,"SENKOU",2025-08-27,"2025-08",0,1,0,0,3.99,3.99,0,"USD",2,2,0,1,0,"2 user reviews",2026-09-12 16:43:46.966072,2026-09-13 19:42:00.188981,2026-09-13,2026-09-12,382,"Windows only","$0.01-$4.99",1.60743590976343,0,0,0,0,0,0,0,0,0,0,1,0,0,1,1.60743590976343,-0.461715395641907,0.709547988930155
3807000,"Tosbik Around The World",2025-11-03,"2025-11",0,1,1,1,3.99,3.99,0,"USD",2,2,0,1,0,"2 user reviews",2026-09-12 16:43:57.695128,2026-09-13 19:42:02.321291,2026-09-13,2026-09-12,314,"Windows + macOS + Linux","$0.01-$4.99",1.60743590976343,1,1,1,0,0,0,1,0,0,0,0,0,0,1,1.60743590976343,-0.461715395641907,-0.60039861458437
3807080,"Ballotoro",2025-07-10,"2025-07",0,1,1,0,1.99,0.69,65,"USD",2,2,0,1,0,"2 user reviews",2026-09-12 16:43:59.79732,2026-09-13 19:42:04.375245,2026-09-13,2026-09-12,430,"Windows + macOS","$0.01-$4.99",0.524728528934982,0,0,1,0,0,0,0,0,0,0,1,0,0,1,0.524728528934982,-1.93863666410703,1.63421617964629
3807440,"Taste of the Sea",2025-12-11,"2025-12",0,1,0,0,9.99,9.99,0,"USD",3,3,0,1,0,"3 user reviews",2026-09-12 16:44:03.903126,2026-09-13 19:42:06.583477,2026-09-13,2026-09-12,276,"Windows only","$5.00-$9.99",2.39698576841553,0,0,1,0,0,0,1,0,1,0,0,0,0,1,2.39698576841553,0.615309661548216,-1.33242759890131
3807530,"Chillout",2025-07-07,"2025-07",0,1,0,0,2.99,2.99,0,"USD",0,0,0,,0,"No user reviews",2026-09-12 16:44:12.227504,2026-09-13 19:42:08.76363,2026-09-13,2026-09-12,433,"Windows only","$0.01-$4.99",1.38379123090177,0,0,1,0,0,0,1,0,0,0,0,0,1,0,1.38379123090177,-0.766789128987195,1.69200794156605
3807550,"Mycopsychosys: Remastered",2025-08-07,"2025-08",0,1,0,0,4.99,4.99,0,"USD",230,225,5,0.978260869565217,8,"Very Positive",2026-09-12 16:44:14.442192,2026-09-13 19:42:10.896125,2026-09-13,2026-09-12,402,"Windows only","$0.01-$4.99",1.79009141212736,0,0,0,0,0,0,1,0,1,0,0,0,0,1,1.79009141212736,-0.212555002889199,1.09482640172854
3807570,"Coin Pusher Reloaded",2025-09-04,"2025-09",1,1,0,0,,,,,0,0,0,,0,"No user reviews",2026-09-12 16:44:16.450465,2026-09-13 19:42:13.123742,2026-09-13,2026-09-12,374,"Windows only","Free",,0,0,1,0,1,0,1,0,0,0,0,0,0,0,,0,0.555436623810799
3807670,"Incident X",2025-07-24,"2025-07",0,1,0,0,19.99,19.99,0,"USD",0,0,0,,0,"No user reviews",2026-09-12 16:44:18.695772,2026-09-13 19:42:15.198667,2026-09-13,2026-09-12,416,"Windows only","$10.00-$19.99",3.04404613383254,1,0,0,1,0,0,1,0,0,0,0,0,0,0,3.04404613383254,1.49796478387127,1.36452129068742
3807790,"Vertex",2025-08-14,"2025-08",0,1,0,0,0.99,0.99,0,"USD",1,1,0,1,0,"1 user reviews",2026-09-12 16:44:25.200147,2026-09-13 19:42:17.440571,2026-09-13,2026-09-12,395,"Windows only","$0.01-$4.99",0.688134638736401,1,0,1,0,0,0,1,0,0,0,0,0,1,1,0.688134638736401,-1.71573437006504,0.959978957249108
3807930,"Voxel Verse",2025-07-28,"2025-07",1,1,0,0,,,,,0,0,0,,0,"No user reviews",2026-09-12 16:44:31.786145,2026-09-13 19:42:19.449165,2026-09-13,2026-09-12,412,"Windows only","Free",,0,0,1,0,1,0,0,0,0,0,0,0,0,0,,0,1.28746560812774
3808410,"SkinCrawler Ranch",2025-07-12,"2025-07",0,1,0,0,5.99,5.99,0,"USD",2,1,1,0.5,0,"2 user reviews",2026-09-12 16:44:42.429895,2026-09-13 19:42:21.613817,2026-09-13,2026-09-12,428,"Windows only","$5.00-$9.99",1.94448055624572,1,0,0,0,0,0,0,0,0,0,0,0,0,1,1.94448055624572,-0.00195275282042951,1.59568833836645
3808550,"Skaldsong",2025-09-24,"2025-09",1,1,0,0,,,,,0,0,0,,0,"No user reviews",2026-09-12 16:44:48.969611,2026-09-13 19:42:23.72672,2026-09-13,2026-09-12,354,"Windows only","Free",,0,1,0,0,1,0,0,0,1,0,1,0,0,0,,0,0.170158211012409
3808890,"Holy Carrot Simulator",2025-08-14,"2025-08",0,1,0,0,1.99,1.99,0,"USD",2,1,1,0.5,0,"2 user reviews",2026-09-12 16:44:59.69206,2026-09-13 19:42:25.764375,2026-09-13,2026-09-12,395,"Windows only","$0.01-$4.99",1.0952733874026,0,0,1,0,0,0,1,0,0,0,1,0,0,1,1.0952733874026,-1.16035635402041,0.959978957249108
3809220,"W.A.PU Space Orderty",2025-08-08,"2025-08",0,1,0,0,6.99,6.99,0,"USD",7,7,0,1,0,"7 user reviews",2026-09-12 16:45:08.205386,2026-09-13 19:42:27.987486,2026-09-13,2026-09-12,401,"Windows only","$5.00-$9.99",2.07819075977818,0,0,1,0,0,0,1,0,0,0,1,0,0,1,2.07819075977818,0.18044135190692,1.07556248108863
3809620,"100 Cats Lost in Thailand Find & Color",2025-09-11,"2025-09",1,1,0,0,,,,,0,0,0,,0,"No user reviews",2026-09-12 16:45:27.374527,2026-09-13 19:42:30.123501,2026-09-13,2026-09-12,367,"Windows only","Free",,0,0,1,0,1,0,1,0,0,0,0,0,0,0,,0,0.420589179331363
3809630,"Detecti Meow",2025-08-13,"2025-08",0,1,0,0,1.3,1.3,0,"USD",0,0,0,,0,"No user reviews",2026-09-12 16:45:29.583259,2026-09-13 19:42:32.346396,2026-09-13,2026-09-12,396,"Windows only","$0.01-$4.99",0.832909122935104,0,0,1,0,0,0,1,0,1,0,1,0,1,0,0.832909122935104,-1.51824747874956,0.979242877889028
3809740,"TOJIBO",2025-11-21,"2025-11",0,1,0,1,4.99,4.99,0,"USD",21,19,2,0.904761904761905,7,"Positive",2026-09-12 16:45:31.627318,2026-09-13 19:42:34.38784,2026-09-13,2026-09-12,296,"Windows + Linux","$0.01-$4.99",1.79009141212736,1,0,1,0,0,0,1,0,0,0,0,0,0,1,1.79009141212736,-0.212555002889199,-0.947149186102921
3809890,"ALASKA - An Endless Night",2025-07-04,"2025-07",1,1,0,0,,,,,0,0,0,,0,"No user reviews",2026-09-12 16:45:38.10063,2026-09-13 19:42:36.600324,2026-09-13,2026-09-12,436,"Windows only","Free",,0,1,0,0,1,0,0,0,0,0,0,0,0,0,,0,1.74979970348581
3809950,"Printfarm Simulator",2025-11-07,"2025-11",0,1,0,0,5.89,4.71,20,"USD",3,2,1,0.666666666666667,0,"3 user reviews",2026-09-12 16:45:44.75852,2026-09-13 19:42:38.716542,2026-09-13,2026-09-12,310,"Windows only","$0.01-$4.99",1.74221902366792,0,0,0,0,0,0,1,0,0,0,1,0,0,1,1.74221902366792,-0.277857733746978,-0.677454297144048
3810010,"Overdrawn",2025-07-05,"2025-07",0,1,1,0,2.99,2.99,0,"USD",37,35,2,0.945945945945946,7,"Positive",2026-09-12 16:45:49.044326,2026-09-13 19:42:40.930066,2026-09-13,2026-09-12,435,"Windows + macOS","$0.01-$4.99",1.38379123090177,0,0,0,0,0,0,0,0,0,0,0,0,1,1,1.38379123090177,-0.766789128987195,1.73053578284589
3810250,"Bot Rush",2025-08-28,"2025-08",0,1,0,0,1.99,1.99,0,"USD",0,0,0,,0,"No user reviews",2026-09-12 16:45:53.139522,2026-09-13 19:42:42.966179,2026-09-13,2026-09-12,381,"Windows only","$0.01-$4.99",1.0952733874026,1,0,1,0,0,0,1,0,0,0,0,0,1,0,1.0952733874026,-1.16035635402041,0.690284068290236
3810990,"Row Away",2025-09-04,"2025-09",0,1,0,0,5.99,5.99,0,"USD",1,1,0,1,0,"1 user reviews",2026-09-12 16:46:16.284927,2026-09-13 19:42:45.067252,2026-09-13,2026-09-12,374,"Windows only","$5.00-$9.99",1.94448055624572,1,1,1,0,0,0,1,0,0,0,0,0,0,1,1.94448055624572,-0.00195275282042951,0.555436623810799
3812120,"Breadbulls",2025-09-15,"2025-09",0,1,0,0,4.99,4.99,0,"USD",1,1,0,1,0,"1 user reviews",2026-09-12 16:46:58.275914,2026-09-13 19:42:47.262835,2026-09-13,2026-09-12,363,"Windows only","$0.01-$4.99",1.79009141212736,0,0,1,0,0,0,1,0,0,0,1,0,1,1,1.79009141212736,-0.212555002889199,0.343533496771685
3812170,"FlipCard",2025-07-07,"2025-07",0,1,0,0,0.99,0.99,0,"USD",0,0,0,,0,"No user reviews",2026-09-12 16:47:00.379524,2026-09-13 19:42:49.332346,2026-09-13,2026-09-12,433,"Windows only","$0.01-$4.99",0.688134638736401,0,0,1,0,0,0,0,0,0,0,0,0,1,0,0.688134638736401,-1.71573437006504,1.69200794156605
3812200,"Truck City",2025-12-02,"2025-12",0,1,1,1,5.99,5.99,0,"USD",20,16,4,0.8,7,"Positive",2026-09-12 16:47:02.608909,2026-09-13 19:42:51.461046,2026-09-13,2026-09-12,285,"Windows + macOS + Linux","$5.00-$9.99",1.94448055624572,0,0,0,0,0,0,0,0,0,0,1,0,1,1,1.94448055624572,-0.00195275282042951,-1.15905231314204
3812230,"Mind Echoes: Remnants of the Past Collector's Edition",2025-07-01,"2025-07",0,1,0,0,8.99,8.99,0,"USD",6,1,5,0.166666666666667,0,"6 user reviews",2026-09-12 16:47:04.633581,2026-09-13 19:42:53.669809,2026-09-13,2026-09-12,439,"Windows only","$5.00-$9.99",2.30158459266046,0,1,1,0,0,0,0,0,0,0,0,0,0,1,2.30158459266046,0.485172906221557,1.80759146540557
3812360,"Accordion Solitaire",2025-07-08,"2025-07",1,1,0,0,,,,,0,0,0,,0,"No user reviews",2026-09-12 16:47:15.316342,2026-09-13 19:42:55.723598,2026-09-13,2026-09-12,432,"Windows only","Free",,0,0,1,0,1,0,1,0,0,0,0,0,0,0,,0,1.67274402092613
3812580,"Butter Side Down",2025-09-23,"2025-09",0,1,0,1,6,6,0,"USD",24,24,0,1,7,"Positive",2026-09-12 16:47:19.565126,2026-09-13 19:42:57.85535,2026-09-13,2026-09-12,355,"Windows + Linux","$5.00-$9.99",1.94591014905531,0,0,1,0,0,0,1,0,1,0,1,0,0,1,1.94591014905531,-2.64509684593314e-06,0.189422131652329
3812840,"magical capture",2025-07-03,"2025-07",0,1,0,0,5.99,0.89,85,"USD",0,0,0,,0,"No user reviews",2026-09-12 16:47:30.228586,2026-09-13 19:43:00.084873,2026-09-13,2026-09-12,437,"Windows only","$0.01-$4.99",0.636576829071551,0,0,1,0,0,0,1,0,0,0,0,0,1,0,0.636576829071551,-1.78606438443256,1.76906362412573
3812970,"The Ultimate Box Games",2025-09-02,"2025-09",0,1,0,0,6.99,6.99,0,"USD",0,0,0,,0,"No user reviews",2026-09-12 16:47:32.326103,2026-09-13 19:43:02.299129,2026-09-13,2026-09-12,376,"Windows only","$5.00-$9.99",2.07819075977818,1,0,1,1,0,0,1,0,0,0,0,0,1,0,2.07819075977818,0.18044135190692,0.593964465090638
3813150,"Lone Labyrinth: Burden of the Just",2025-08-12,"2025-08",0,1,0,0,4.99,4.99,0,"USD",1,1,0,1,0,"1 user reviews",2026-09-12 16:47:40.752627,2026-09-13 19:43:04.52554,2026-09-13,2026-09-12,397,"Windows only","$0.01-$4.99",1.79009141212736,0,1,0,0,0,0,1,0,1,0,0,0,0,1,1.79009141212736,-0.212555002889199,0.998506798528947
3813260,"连杀地牢（Dungeon Killing）",2025-07-30,"2025-07",0,1,0,0,2.99,2.99,0,"USD",13,12,1,0.923076923076923,7,"Positive",2026-09-12 16:47:46.888088,2026-09-13 19:43:06.76906,2026-09-13,2026-09-12,410,"Windows only","$0.01-$4.99",1.38379123090177,0,0,0,0,0,0,1,0,0,0,0,0,1,1,1.38379123090177,-0.766789128987195,1.2489377668479
3813350,"Azure Striker Gunvolt Trilogy Enhanced",2025-07-23,"2025-07",0,1,0,0,39.99,27.99,30,"USD",209,163,46,0.779904306220096,6,"Mostly Positive",2026-09-12 16:47:51.098809,2026-09-13 19:43:08.855525,2026-09-13,2026-09-12,417,"Windows only","$20.00-$29.99",3.36695094293356,1,1,0,0,0,0,0,0,0,0,0,0,0,1,3.36695094293356,1.93843927281958,1.38378521132734
3814190,"Last Stop Horror Hospital",2025-12-09,"2025-12",1,1,0,0,,,,,0,0,0,,0,"No user reviews",2026-09-12 16:48:16.855776,2026-09-13 19:43:10.892593,2026-09-13,2026-09-12,278,"Windows only","Free",,1,1,0,0,1,0,1,0,0,0,0,0,0,0,,0,-1.29389975762147
3814230,"迷滅",2025-07-17,"2025-07",0,1,0,0,2.99,2.99,0,"USD",5,3,2,0.6,0,"5 user reviews",2026-09-12 16:48:18.884075,2026-09-13 19:43:13.086738,2026-09-13,2026-09-12,423,"Windows only","$0.01-$4.99",1.38379123090177,0,1,0,0,0,0,1,0,0,0,0,0,0,1,1.38379123090177,-0.766789128987195,1.49936873516685
3814340,"Tankenstein",2025-11-13,"2025-11",0,1,0,0,17.99,17.99,0,"USD",230,206,24,0.895652173913044,8,"Very Positive",2026-09-12 16:48:20.90965,2026-09-13 19:43:15.316128,2026-09-13,2026-09-12,304,"Windows only","$10.00-$19.99",2.94391252482419,1,0,0,1,0,0,1,0,1,0,0,0,0,1,2.94391252482419,1.36137251577438,-0.793037820983565
3814580,"Subway Exit",2025-10-09,"2025-10",0,1,0,0,2.99,2.99,0,"USD",0,0,0,,0,"No user reviews",2026-09-12 16:48:31.386899,2026-09-13 19:43:17.557532,2026-09-13,2026-09-12,339,"Windows only","$0.01-$4.99",1.38379123090177,0,1,0,0,0,0,1,0,0,0,1,0,0,0,1.38379123090177,-0.766789128987195,-0.118800598586383
3814610,"FastFly",2025-07-07,"2025-07",0,1,0,0,2.99,2.99,0,"USD",1,1,0,1,0,"1 user reviews",2026-09-12 16:48:35.65772,2026-09-13 19:43:19.733982,2026-09-13,2026-09-12,433,"Windows only","$0.01-$4.99",1.38379123090177,1,0,0,0,0,0,1,0,0,0,0,0,0,1,1.38379123090177,-0.766789128987195,1.69200794156605
3814630,"CanKendama",2025-10-07,"2025-10",1,1,0,0,,,,,0,0,0,,0,"No user reviews",2026-09-12 16:48:37.828969,2026-09-13 19:43:21.864723,2026-09-13,2026-09-12,341,"Windows only","Free",,0,0,0,0,1,0,0,0,0,0,0,1,0,0,,0,-0.080272757306544
3814660,"Fantasy  Journey",2025-07-01,"2025-07",0,1,0,0,3.99,3.99,0,"USD",1,0,1,0,0,"1 user reviews",2026-09-12 16:48:42.173463,2026-09-13 19:43:23.890289,2026-09-13,2026-09-12,439,"Windows only","$0.01-$4.99",1.60743590976343,0,0,1,0,0,0,1,0,0,1,0,0,0,1,1.60743590976343,-0.461715395641907,1.80759146540557
3814680,"Huntsman",2025-11-27,"2025-11",0,1,0,0,12.99,12.99,0,"USD",193,113,80,0.585492227979275,5,"Mixed",2026-09-12 16:48:44.354032,2026-09-13 19:43:26.086793,2026-09-13,2026-09-12,290,"Windows only","$10.00-$19.99",2.63834278867739,1,1,0,0,0,0,0,0,0,0,0,0,0,1,2.63834278867739,0.944544801928764,-1.06273270994244
3815000,"Geamana Village",2025-10-27,"2025-10",0,1,0,1,6.25,6.25,0,"USD",28,21,7,0.75,6,"Mostly Positive",2026-09-12 16:48:59.102839,2026-09-13 19:43:28.155539,2026-09-13,2026-09-12,321,"Windows + Linux","$5.00-$9.99",1.98100146886658,0,1,0,0,0,0,1,0,0,0,1,0,0,1,1.98100146886658,0.0478654284800797,-0.465551170104934
3815050,"RESTORER",2025-08-08,"2025-08",0,1,0,0,4.99,4.99,0,"USD",59,45,14,0.76271186440678,6,"Mostly Positive",2026-09-12 16:49:03.239882,2026-09-13 19:43:30.196428,2026-09-13,2026-09-12,401,"Windows only","$0.01-$4.99",1.79009141212736,0,1,0,0,0,0,1,0,0,0,1,0,0,1,1.79009141212736,-0.212555002889199,1.07556248108863
3815120,"BIT LOST",2025-07-10,"2025-07",0,1,0,0,0.99,0.99,0,"USD",2,2,0,1,0,"2 user reviews",2026-09-12 16:49:05.478733,2026-09-13 19:43:32.311071,2026-09-13,2026-09-12,430,"Windows only","$0.01-$4.99",0.688134638736401,0,1,0,0,0,0,1,0,0,0,1,0,0,1,0.688134638736401,-1.71573437006504,1.63421617964629
3815170,"Innkeeper VR",2025-11-13,"2025-11",0,1,0,0,17.99,17.99,0,"USD",12,10,2,0.833333333333333,7,"Positive",2026-09-12 16:49:12.03868,2026-09-13 19:43:34.41227,2026-09-13,2026-09-12,304,"Windows only","$10.00-$19.99",2.94391252482419,0,0,0,1,0,0,1,0,0,0,1,0,0,1,2.94391252482419,1.36137251577438,-0.793037820983565
3815750,"SEVERANCE",2025-10-31,"2025-10",0,1,0,0,9.99,9.99,0,"USD",455,323,132,0.70989010989011,6,"Mostly Positive",2026-09-12 16:49:24.830519,2026-09-13 19:43:36.6564,2026-09-13,2026-09-12,317,"Windows only","$5.00-$9.99",2.39698576841553,1,1,1,1,0,0,1,0,0,0,0,0,1,1,2.39698576841553,0.615309661548216,-0.542606852664612
3816450,"Amatsuko",2025-12-25,"2025-12",0,1,0,0,13.99,13.99,0,"USD",141,127,14,0.900709219858156,8,"Very Positive",2026-09-12 16:49:42.129531,2026-09-13 19:43:38.87507,2026-09-13,2026-09-12,262,"Windows only","$10.00-$19.99",2.70738331211451,0,1,0,0,0,0,0,0,0,0,0,0,0,1,2.70738331211451,1.03872298825665,-1.60212248786018
3816550,"BAKU -バク-",2025-08-24,"2025-08",0,1,0,0,5.99,5.99,0,"USD",54,54,0,1,8,"Very Positive",2026-09-12 16:49:44.302158,2026-09-13 19:43:41.128311,2026-09-13,2026-09-12,385,"Windows only","$5.00-$9.99",1.94448055624572,0,1,1,0,0,0,1,0,0,0,0,0,0,1,1.94448055624572,-0.00195275282042951,0.767339750849914
3816700,"Logic Bombs",2025-07-21,"2025-07",0,1,0,0,4.99,4.99,0,"USD",554,528,26,0.953068592057762,9,"Overwhelmingly Positive",2026-09-12 16:49:46.472223,2026-09-13 19:43:43.200473,2026-09-13,2026-09-12,419,"Windows only","$0.01-$4.99",1.79009141212736,0,0,0,0,0,0,1,0,0,0,0,0,0,1,1.79009141212736,-0.212555002889199,1.42231305260718
3816720,"Ghost Deliverer",2025-12-19,"2025-12",0,1,0,0,18.99,18.99,0,"USD",28,27,1,0.964285714285714,7,"Positive",2026-09-12 16:49:48.531898,2026-09-13 19:43:45.237748,2026-09-13,2026-09-12,268,"Windows only","$10.00-$19.99",2.99523214851231,0,1,1,1,0,0,1,0,0,0,0,0,0,1,2.99523214851231,1.43137762062238,-1.48653896402067
3817040,"Simogo Legacy Collection",2025-12-01,"2025-12",0,1,0,1,14.99,14.99,0,"USD",23,23,0,1,7,"Positive",2026-09-12 16:49:59.240911,2026-09-13 19:43:47.428814,2026-09-13,2026-09-12,286,"Windows + Linux","$10.00-$19.99",2.77196352684586,1,1,1,0,0,0,1,0,0,0,0,0,0,1,2.77196352684586,1.12681686694233,-1.13978839250212
3817090,"Vigil",2025-08-15,"2025-08",1,1,0,0,,,,,0,0,0,,0,"No user reviews",2026-09-12 16:50:03.497479,2026-09-13 19:43:49.577331,2026-09-13,2026-09-12,394,"Windows only","Free",,1,1,0,0,1,0,1,0,0,0,0,0,0,0,,0,0.940715036609189
3817110,"CAPTAIN FIRAT",2025-07-15,"2025-07",1,1,0,0,,,,,0,0,0,,0,"No user reviews",2026-09-12 16:50:07.930906,2026-09-13 19:43:51.692475,2026-09-13,2026-09-12,425,"Windows only","Free",,1,1,0,0,1,0,0,0,0,0,0,0,0,0,,0,1.53789657644669
3817720,"Genki Break!",2025-07-30,"2025-07",0,1,0,0,4.99,4.99,0,"USD",13,13,0,1,7,"Positive",2026-09-12 16:50:18.286775,2026-09-13 19:43:53.791765,2026-09-13,2026-09-12,410,"Windows only","$0.01-$4.99",1.79009141212736,1,0,0,0,0,0,1,0,0,0,0,0,0,1,1.79009141212736,-0.212555002889199,1.2489377668479
3817790,"SnaiL TraiL",2025-07-27,"2025-07",0,1,0,0,4.99,4.99,0,"USD",1,1,0,1,0,"1 user reviews",2026-09-12 16:50:26.780658,2026-09-13 19:43:55.941873,2026-09-13,2026-09-12,413,"Windows only","$0.01-$4.99",1.79009141212736,1,1,0,0,0,0,1,0,0,0,0,0,0,1,1.79009141212736,-0.212555002889199,1.30672952876766
3817910,"Tung Sahur Zombie",2025-07-10,"2025-07",0,1,0,0,1.99,1.99,0,"USD",26,19,7,0.730769230769231,6,"Mostly Positive",2026-09-12 16:50:35.174248,2026-09-13 19:43:58.076665,2026-09-13,2026-09-12,430,"Windows only","$0.01-$4.99",1.0952733874026,1,0,1,0,0,0,1,0,0,0,0,0,0,1,1.0952733874026,-1.16035635402041,1.63421617964629
3817930,"Tombs & Trials",2025-07-16,"2025-07",0,1,1,1,2.99,2.99,0,"USD",1,1,0,1,0,"1 user reviews",2026-09-12 16:50:37.208155,2026-09-13 19:44:00.331208,2026-09-13,2026-09-12,424,"Windows + macOS + Linux","$0.01-$4.99",1.38379123090177,0,1,1,0,0,0,1,0,0,0,0,0,0,1,1.38379123090177,-0.766789128987195,1.51863265580677
3818230,"Maru Expedition: We can fly",2025-07-25,"2025-07",1,1,0,0,,,,,0,0,0,,0,"No user reviews",2026-09-12 16:50:43.338486,2026-09-13 19:44:02.514865,2026-09-13,2026-09-12,415,"Windows only","Free",,1,0,1,0,1,0,1,0,0,0,0,0,0,0,,0,1.3452573700475
3819120,"Kind() Station",2025-07-25,"2025-07",0,1,0,0,6.99,6.99,0,"USD",27,24,3,0.888888888888889,7,"Positive",2026-09-12 16:51:01.886079,2026-09-13 19:44:04.661791,2026-09-13,2026-09-12,415,"Windows only","$5.00-$9.99",2.07819075977818,0,1,1,0,0,0,1,0,0,0,1,0,0,1,2.07819075977818,0.18044135190692,1.3452573700475
3819600,"Proxima Divide",2025-08-14,"2025-08",0,1,0,0,19.99,19.99,0,"USD",0,0,0,,0,"No user reviews",2026-09-12 16:51:17.058851,2026-09-13 19:44:06.693111,2026-09-13,2026-09-12,395,"Windows only","$10.00-$19.99",3.04404613383254,1,1,0,1,0,0,1,0,0,0,0,0,0,0,3.04404613383254,1.49796478387127,0.959978957249108
3819850,"Silent Street",2025-10-24,"2025-10",0,1,0,0,1.99,1.99,0,"USD",1,0,1,0,0,"1 user reviews",2026-09-12 16:51:21.207914,2026-09-13 19:44:08.745776,2026-09-13,2026-09-12,324,"Windows only","$0.01-$4.99",1.0952733874026,0,0,0,0,0,0,1,0,0,0,0,0,0,1,1.0952733874026,-1.16035635402041,-0.407759408185175
3820130,"The Dream Globe",2025-10-30,"2025-10",0,1,0,0,2.99,2.99,0,"USD",366,347,19,0.948087431693989,8,"Very Positive",2026-09-12 16:51:23.420353,2026-09-13 19:44:10.987238,2026-09-13,2026-09-12,318,"Windows only","$0.01-$4.99",1.38379123090177,0,0,1,0,0,0,1,0,0,0,1,0,0,1,1.38379123090177,-0.766789128987195,-0.523342932024692
3820330,"hazard versus",2025-07-06,"2025-07",0,1,1,0,3.33,3.33,0,"USD",10,8,2,0.8,7,"Positive",2026-09-12 16:51:29.893664,2026-09-13 19:44:13.214778,2026-09-13,2026-09-12,434,"Windows + macOS","$0.01-$4.99",1.4655675420144,1,0,1,0,0,0,1,0,0,0,0,0,0,1,1.4655675420144,-0.655238053158706,1.71127186220597
3820830,"Anime Dream Match: Primates",2025-07-05,"2025-07",0,1,0,0,1.99,1.99,0,"USD",2,2,0,1,0,"2 user reviews",2026-09-12 16:51:38.290005,2026-09-13 19:44:15.349792,2026-09-13,2026-09-12,435,"Windows only","$0.01-$4.99",1.0952733874026,0,0,1,0,0,0,1,0,0,0,0,0,0,1,1.0952733874026,-1.16035635402041,1.73053578284589
3820900,"The End of the Sun: Prologue",2025-07-18,"2025-07",1,1,0,0,,,,,0,0,0,,0,"No user reviews",2026-09-12 16:51:44.701731,2026-09-13 19:44:17.493251,2026-09-13,2026-09-12,422,"Windows only","Free",,0,1,1,0,1,0,1,0,0,0,0,0,0,0,,0,1.48010481452693
3820950,"Sef Saga",2025-07-04,"2025-07",0,1,0,0,0.99,0.99,0,"USD",0,0,0,,0,"No user reviews",2026-09-12 16:51:48.9553,2026-09-13 19:44:19.611513,2026-09-13,2026-09-12,436,"Windows only","$0.01-$4.99",0.688134638736401,1,1,1,1,0,0,1,0,1,0,0,0,0,0,0.688134638736401,-1.71573437006504,1.74979970348581
3821190,"ささゆめしき",2025-08-12,"2025-08",0,1,0,0,1.99,1.99,0,"USD",1,0,1,0,0,"1 user reviews",2026-09-12 16:52:01.9383,2026-09-13 19:44:21.75443,2026-09-13,2026-09-12,397,"Windows only","$0.01-$4.99",1.0952733874026,1,0,0,0,0,0,1,0,0,0,0,0,0,1,1.0952733874026,-1.16035635402041,0.998506798528947
3821350,"Vengeance",2025-07-05,"2025-07",1,1,0,0,,,,,0,0,0,,0,"No user reviews",2026-09-12 16:52:03.98376,2026-09-13 19:44:23.917278,2026-09-13,2026-09-12,435,"Windows only","Free",,1,0,0,1,1,0,1,0,0,0,0,0,0,0,,0,1.73053578284589
3821520,"Space Pinball",2025-07-02,"2025-07",0,1,0,0,2.99,2.99,0,"USD",0,0,0,,0,"No user reviews",2026-09-12 16:52:08.307693,2026-09-13 19:44:26.022069,2026-09-13,2026-09-12,438,"Windows only","$0.01-$4.99",1.38379123090177,1,0,1,0,0,0,0,0,0,0,0,1,1,0,1.38379123090177,-0.766789128987195,1.78832754476565
3821900,"Hot Pig Jump!",2025-09-16,"2025-09",0,1,0,0,3.99,3.99,0,"USD",4,4,0,1,0,"4 user reviews",2026-09-12 16:52:18.888456,2026-09-13 19:44:28.26423,2026-09-13,2026-09-12,362,"Windows only","$0.01-$4.99",1.60743590976343,1,0,1,0,0,0,1,0,0,0,0,0,0,1,1.60743590976343,-0.461715395641907,0.324269576131765
3822100,"In Arrears",2025-11-26,"2025-11",0,1,0,0,1.99,1.99,0,"USD",2,2,0,1,0,"2 user reviews",2026-09-12 16:52:27.58355,2026-09-13 19:44:30.411078,2026-09-13,2026-09-12,291,"Windows only","$0.01-$4.99",1.0952733874026,1,0,0,0,0,0,1,0,0,0,0,0,0,1,1.0952733874026,-1.16035635402041,-1.04346878930252
3822160,"Spaceship Battler Unlimited",2025-07-29,"2025-07",0,1,0,1,0.99,0.99,0,"USD",0,0,0,,0,"No user reviews",2026-09-12 16:52:31.804949,2026-09-13 19:44:32.531349,2026-09-13,2026-09-12,411,"Windows + Linux","$0.01-$4.99",0.688134638736401,0,0,0,0,0,0,1,0,0,0,0,0,0,0,0.688134638736401,-1.71573437006504,1.26820168748782
3822500,"One/Iro",2025-07-09,"2025-07",1,1,0,1,,,,,0,0,0,,0,"No user reviews",2026-09-12 16:52:44.550868,2026-09-13 19:44:34.739549,2026-09-13,2026-09-12,431,"Windows + Linux","Free",,0,1,0,0,1,0,1,0,0,0,0,0,0,0,,0,1.65348010028621
3822580,"Heart of Ice by Dave Morris",2025-08-20,"2025-08",0,1,0,0,4.99,4.99,0,"USD",2,2,0,1,0,"2 user reviews",2026-09-12 16:52:46.584605,2026-09-13 19:44:36.808307,2026-09-13,2026-09-12,389,"Windows only","$0.01-$4.99",1.79009141212736,0,1,1,0,0,0,1,0,1,0,0,0,0,1,1.79009141212736,-0.212555002889199,0.844395433409591
3822620,"Dungeonborne Settlement",2025-07-04,"2025-07",0,1,0,0,4.99,4.99,0,"USD",16,9,7,0.5625,5,"Mixed",2026-09-12 16:52:50.8352,2026-09-13 19:44:38.926049,2026-09-13,2026-09-12,436,"Windows only","$0.01-$4.99",1.79009141212736,0,1,0,0,0,0,1,0,1,0,0,0,0,1,1.79009141212736,-0.212555002889199,1.74979970348581
3822720,"Deepest Well",2025-11-28,"2025-11",0,1,0,0,4.99,4.99,0,"USD",11,8,3,0.727272727272727,6,"Mostly Positive",2026-09-12 16:52:57.056681,2026-09-13 19:44:41.180237,2026-09-13,2026-09-12,289,"Windows only","$0.01-$4.99",1.79009141212736,1,0,1,0,0,0,1,0,0,0,0,0,0,1,1.79009141212736,-0.212555002889199,-1.08199663058236
3822840,"Capitalist Misadventures",2025-07-25,"2025-07",0,1,0,0,7.99,7.99,0,"USD",4,3,1,0.75,0,"4 user reviews",2026-09-12 16:53:03.334064,2026-09-13 19:44:43.315928,2026-09-13,2026-09-12,415,"Windows only","$5.00-$9.99",2.19611284848353,0,0,1,0,0,0,1,0,0,0,1,0,1,1,2.19611284848353,0.341298887298887,1.3452573700475
3822910,"Red Pearl Pirates",2025-07-27,"2025-07",0,1,0,1,3.99,3.99,0,"USD",0,0,0,,0,"No user reviews",2026-09-12 16:53:07.550973,2026-09-13 19:44:45.510017,2026-09-13,2026-09-12,413,"Windows + Linux","$0.01-$4.99",1.60743590976343,0,1,0,1,0,0,1,0,0,0,1,0,1,0,1.60743590976343,-0.461715395641907,1.30672952876766
3823080,"Cute Warrior Girl (<U+D050><U+D2B8> <U+C5EC><U+C804><U+C0AC>)",2025-07-11,"2025-07",1,1,0,0,,,,,0,0,0,,0,"No user reviews",2026-09-12 16:53:18.209089,2026-09-13 19:44:47.596371,2026-09-13,2026-09-12,429,"Windows only","Free",,0,1,0,0,1,0,0,0,1,0,0,0,0,0,,0,1.61495225900637
3823130,"YetiParty",2025-08-21,"2025-08",0,1,0,0,4.99,4.99,0,"USD",185,161,24,0.87027027027027,8,"Very Positive",2026-09-12 16:53:20.403331,2026-09-13 19:44:49.769661,2026-09-13,2026-09-12,388,"Windows only","$0.01-$4.99",1.79009141212736,0,0,0,0,0,0,1,0,0,0,1,0,0,1,1.79009141212736,-0.212555002889199,0.825131512769672
3823150,"Bird Like",2025-08-14,"2025-08",0,1,0,0,2.99,2.99,0,"USD",1,1,0,1,0,"1 user reviews",2026-09-12 16:53:22.469126,2026-09-13 19:44:51.774839,2026-09-13,2026-09-12,395,"Windows only","$0.01-$4.99",1.38379123090177,1,1,1,0,0,0,1,0,0,1,0,0,1,1,1.38379123090177,-0.766789128987195,0.959978957249108
3823430,"Midnight Study",2025-11-13,"2025-11",0,1,0,0,9.99,9.99,0,"USD",25,22,3,0.88,7,"Positive",2026-09-12 16:53:30.953076,2026-09-13 19:44:53.896352,2026-09-13,2026-09-12,304,"Windows only","$5.00-$9.99",2.39698576841553,0,0,1,1,0,0,1,0,1,0,0,0,1,1,2.39698576841553,0.615309661548216,-0.793037820983565
3823440,"Masquerade",2025-07-04,"2025-07",1,1,0,0,,,,,0,0,0,,0,"No user reviews",2026-09-12 16:53:33.146135,2026-09-13 19:44:55.905454,2026-09-13,2026-09-12,436,"Windows only","Free",,0,1,0,0,1,0,0,0,0,0,0,0,0,0,,0,1.74979970348581
3823490,"Speedway Club Manager 25",2025-08-04,"2025-08",0,1,0,0,11.99,11.99,0,"USD",105,96,9,0.914285714285714,8,"Very Positive",2026-09-12 16:53:39.522858,2026-09-13 19:44:58.023208,2026-09-13,2026-09-12,405,"Windows only","$10.00-$19.99",2.56417983068251,0,0,0,0,0,0,0,0,0,0,0,1,0,1,2.56417983068251,0.843379102004269,1.1526181636483
3823660,"Kaptan Ege",2025-07-06,"2025-07",0,1,0,0,0.99,0.99,0,"USD",0,0,0,,0,"No user reviews",2026-09-12 16:53:41.515712,2026-09-13 19:45:00.261758,2026-09-13,2026-09-12,434,"Windows only","$0.01-$4.99",0.688134638736401,1,1,0,0,0,0,1,0,0,0,0,0,0,0,0.688134638736401,-1.71573437006504,1.71127186220597
3823680,"Maze",2025-07-21,"2025-07",1,1,0,0,,,,,0,0,0,,0,"No user reviews",2026-09-12 16:53:43.742493,2026-09-13 19:45:02.364366,2026-09-13,2026-09-12,419,"Windows only","Free",,1,0,0,0,1,0,1,0,0,0,0,0,0,0,,0,1.42231305260718
3823840,"Kebabstar: Prologue<U+0001F32F>",2025-08-14,"2025-08",1,1,0,0,,,,,0,0,0,,0,"No user reviews",2026-09-12 16:53:50.217271,2026-09-13 19:45:04.437926,2026-09-13,2026-09-12,395,"Windows only","Free",,1,0,0,0,1,0,1,0,1,0,1,0,0,0,,0,0.959978957249108
3824550,"Mirror Match",2025-07-10,"2025-07",0,1,0,0,1.99,0.65,67,"USD",0,0,0,,0,"No user reviews",2026-09-12 16:54:05.298081,2026-09-13 19:45:06.570097,2026-09-13,2026-09-12,430,"Windows only","$0.01-$4.99",0.500775287912489,0,0,1,0,0,0,1,0,0,0,0,0,1,0,0.500775287912489,-1.971311283068,1.63421617964629
3824770,"Chronos Shift",2025-07-16,"2025-07",0,1,0,0,4.99,4.99,0,"USD",1,1,0,1,0,"1 user reviews",2026-09-12 16:54:07.505746,2026-09-13 19:45:08.608751,2026-09-13,2026-09-12,424,"Windows only","$0.01-$4.99",1.79009141212736,0,1,0,0,0,0,1,0,0,0,0,0,0,1,1.79009141212736,-0.212555002889199,1.51863265580677
3825510,"GAYA - The Mystery",2025-12-09,"2025-12",0,1,0,0,8,8,0,"USD",6,6,0,1,0,"6 user reviews",2026-09-12 16:54:26.802281,2026-09-13 19:45:10.64608,2026-09-13,2026-09-12,278,"Windows only","$5.00-$9.99",2.19722457733622,1,1,0,0,0,0,0,0,1,0,0,0,0,1,2.19722457733622,0.342815396760612,-1.29389975762147
3825790,"Boundless",2025-07-18,"2025-07",1,1,0,0,,,,,0,0,0,,0,"No user reviews",2026-09-12 16:54:41.962089,2026-09-13 19:45:12.734263,2026-09-13,2026-09-12,422,"Windows only","Free",,0,1,0,0,1,0,0,0,1,0,0,0,1,0,,0,1.48010481452693
3825890,"MELON PARKER -We are Whatever Club!-",2025-11-27,"2025-11",0,1,0,0,39.99,39.99,0,"USD",0,0,0,,0,"No user reviews",2026-09-12 16:54:46.122279,2026-09-13 19:45:14.952876,2026-09-13,2026-09-12,290,"Windows only","$30.00+",3.71332813451625,0,1,1,0,0,0,0,0,0,0,1,0,0,0,3.71332813451625,2.41093244153544,-1.06273270994244
3826460,"Looking For Waifu",2025-08-11,"2025-08",0,1,0,0,1.99,1.99,0,"USD",1,1,0,1,0,"1 user reviews",2026-09-12 16:55:02.830959,2026-09-13 19:45:17.192204,2026-09-13,2026-09-12,398,"Windows only","$0.01-$4.99",1.0952733874026,0,1,1,0,0,0,1,0,0,0,0,0,0,1,1.0952733874026,-1.16035635402041,1.01777071916887
3826650,"Worm Wars",2025-07-16,"2025-07",0,1,0,0,1.99,1.99,0,"USD",1,1,0,1,0,"1 user reviews",2026-09-12 16:55:09.237667,2026-09-13 19:45:19.301759,2026-09-13,2026-09-12,424,"Windows only","$0.01-$4.99",1.0952733874026,0,0,1,0,0,0,1,0,0,0,0,0,0,1,1.0952733874026,-1.16035635402041,1.51863265580677
3826930,"Santa Elena",2025-07-11,"2025-07",1,1,0,1,,,,,0,0,0,,0,"No user reviews",2026-09-12 16:55:20.155093,2026-09-13 19:45:21.317913,2026-09-13,2026-09-12,429,"Windows + Linux","Free",,1,0,0,0,1,0,1,0,1,0,0,0,1,0,,0,1.61495225900637
3827560,"Cubenen Gardens: Befriend",2025-07-10,"2025-07",0,1,0,0,8.99,8.99,0,"USD",9,8,1,0.888888888888889,0,"9 user reviews",2026-09-12 16:55:33.114766,2026-09-13 19:45:23.480901,2026-09-13,2026-09-12,430,"Windows only","$5.00-$9.99",2.30158459266046,0,0,0,0,0,0,0,0,1,0,0,0,0,1,2.30158459266046,0.485172906221557,1.63421617964629
3827830,"The DeadLine",2025-07-25,"2025-07",1,1,0,0,,,,,0,0,0,,0,"No user reviews",2026-09-12 16:55:37.562364,2026-09-13 19:45:25.616722,2026-09-13,2026-09-12,415,"Windows only","Free",,1,0,0,0,1,0,1,0,0,0,0,0,0,0,,0,1.3452573700475
3827840,"Patch me if you can",2025-07-25,"2025-07",1,1,0,0,,,,,0,0,0,,0,"No user reviews",2026-09-12 16:55:39.629697,2026-09-13 19:45:27.783923,2026-09-13,2026-09-12,415,"Windows only","Free",,0,1,1,0,1,0,1,0,0,0,0,0,0,0,,0,1.3452573700475
3828290,"Kick Yourself On",2025-07-11,"2025-07",0,1,0,0,1.99,1.99,0,"USD",1,1,0,1,0,"1 user reviews",2026-09-12 16:55:48.170867,2026-09-13 19:45:29.930152,2026-09-13,2026-09-12,429,"Windows only","$0.01-$4.99",1.0952733874026,0,0,0,0,0,0,0,0,0,0,0,0,1,1,1.0952733874026,-1.16035635402041,1.61495225900637
3828490,"Monster Destroyer",2025-07-15,"2025-07",0,1,0,0,3.99,3.99,0,"USD",1,1,0,1,0,"1 user reviews",2026-09-12 16:55:54.659482,2026-09-13 19:45:32.139994,2026-09-13,2026-09-12,425,"Windows only","$0.01-$4.99",1.60743590976343,0,0,1,0,0,0,1,0,0,0,0,0,1,1,1.60743590976343,-0.461715395641907,1.53789657644669
3828730,"Cross and Gun",2025-07-10,"2025-07",0,1,0,0,5.99,5.99,0,"USD",2,2,0,1,0,"2 user reviews",2026-09-12 16:56:03.13656,2026-09-13 19:45:34.318705,2026-09-13,2026-09-12,430,"Windows only","$5.00-$9.99",1.94448055624572,1,1,0,0,0,0,1,0,0,0,1,0,0,1,1.94448055624572,-0.00195275282042951,1.63421617964629
3828800,"City-Defence",2025-08-09,"2025-08",0,1,0,0,6.99,6.99,0,"USD",0,0,0,,0,"No user reviews",2026-09-12 16:56:05.235046,2026-09-13 19:45:36.354206,2026-09-13,2026-09-12,400,"Windows only","$5.00-$9.99",2.07819075977818,1,0,1,0,0,0,1,0,0,0,0,0,1,0,2.07819075977818,0.18044135190692,1.05629856044871
3828830,"You Were Sent Alone",2025-11-05,"2025-11",0,1,0,0,3.99,3.99,0,"USD",1,1,0,1,0,"1 user reviews",2026-09-12 16:56:07.396429,2026-09-13 19:45:38.466688,2026-09-13,2026-09-12,312,"Windows only","$0.01-$4.99",1.60743590976343,0,1,0,0,0,0,1,0,0,0,1,0,0,1,1.60743590976343,-0.461715395641907,-0.638926455864209
3829040,"Turtle Turtle",2025-08-27,"2025-08",0,1,0,0,2.99,2.99,0,"USD",2,2,0,1,0,"2 user reviews",2026-09-12 16:56:13.676703,2026-09-13 19:45:40.559157,2026-09-13,2026-09-12,382,"Windows only","$0.01-$4.99",1.38379123090177,0,1,0,0,0,0,1,0,0,0,1,0,1,1,1.38379123090177,-0.766789128987195,0.709547988930155
3829070,"Playing With The Big Boys",2025-07-16,"2025-07",1,1,0,0,,,,,0,0,0,,0,"No user reviews",2026-09-12 16:56:17.986047,2026-09-13 19:45:42.61085,2026-09-13,2026-09-12,424,"Windows only","Free",,0,1,1,0,1,0,1,0,0,0,0,0,0,0,,0,1.51863265580677
3829340,"Hotel Hideaway: Avatar & Chat",2025-10-30,"2025-10",1,1,1,0,,,,,0,0,0,,0,"No user reviews",2026-09-12 16:56:28.744496,2026-09-13 19:45:44.795126,2026-09-13,2026-09-12,318,"Windows + macOS","Free",,0,0,0,0,1,0,0,0,1,0,0,0,0,0,,0,-0.523342932024692
3829350,"Vribyss Refuge<U+2122> Metamorphosis",2025-10-28,"2025-10",0,1,0,0,1.99,1.99,0,"USD",12,12,0,1,7,"Positive",2026-09-12 16:56:30.825088,2026-09-13 19:45:46.927058,2026-09-13,2026-09-12,320,"Windows only","$0.01-$4.99",1.0952733874026,0,0,0,0,0,0,1,0,0,0,0,0,1,1,1.0952733874026,-1.16035635402041,-0.484815090744853
3829440,"Instruments of Peace",2025-11-11,"2025-11",0,1,0,0,9.99,9.99,0,"USD",3,2,1,0.666666666666667,0,"3 user reviews",2026-09-12 16:56:35.21775,2026-09-13 19:45:48.949853,2026-09-13,2026-09-12,306,"Windows only","$5.00-$9.99",2.39698576841553,1,0,0,0,0,0,1,0,0,0,0,0,0,1,2.39698576841553,0.615309661548216,-0.754509979703726
3829570,"Great Tough Bikini 6",2025-08-20,"2025-08",0,1,0,0,2.99,2.99,0,"USD",74,52,22,0.702702702702703,6,"Mostly Positive",2026-09-12 16:56:39.587049,2026-09-13 19:45:51.100447,2026-09-13,2026-09-12,389,"Windows only","$0.01-$4.99",1.38379123090177,1,1,0,0,0,0,1,0,0,0,0,0,0,1,1.38379123090177,-0.766789128987195,0.844395433409591
3829880,"Touhou Kouzougi　～ Flickerframe Shutter Festival",2025-09-05,"2025-09",0,1,0,0,14.99,14.99,0,"USD",47,44,3,0.936170212765957,7,"Positive",2026-09-12 16:56:50.081391,2026-09-13 19:45:53.310523,2026-09-13,2026-09-12,373,"Windows only","$10.00-$19.99",2.77196352684586,1,1,0,0,0,0,1,0,0,0,0,0,0,1,2.77196352684586,1.12681686694233,0.53617270317088
3829920,"The shadow of the cherry trees",2025-07-10,"2025-07",0,1,0,0,0.99,0.99,0,"USD",0,0,0,,0,"No user reviews",2026-09-12 16:56:52.302179,2026-09-13 19:45:55.509854,2026-09-13,2026-09-12,430,"Windows only","$0.01-$4.99",0.688134638736401,0,1,0,0,0,0,0,0,0,0,0,0,0,0,0.688134638736401,-1.71573437006504,1.63421617964629
3830150,"Creepy Redneck Dinosaur Mansion 1 Re-Raptored",2025-09-23,"2025-09",0,1,0,0,4.99,4.99,0,"USD",31,27,4,0.870967741935484,7,"Positive",2026-09-12 16:57:00.967334,2026-09-13 19:45:57.778061,2026-09-13,2026-09-12,355,"Windows only","$0.01-$4.99",1.79009141212736,0,1,0,0,0,0,1,0,0,0,0,0,0,1,1.79009141212736,-0.212555002889199,0.189422131652329
3830430,"Pain 'n Dave: The Maze of Malice",2025-07-17,"2025-07",0,1,0,0,4.99,4.99,0,"USD",1,1,0,1,0,"1 user reviews",2026-09-12 16:57:11.642251,2026-09-13 19:45:59.92436,2026-09-13,2026-09-12,423,"Windows only","$0.01-$4.99",1.79009141212736,1,0,0,0,0,0,1,0,0,0,0,0,0,1,1.79009141212736,-0.212555002889199,1.49936873516685
3830510,"Motorcycle Boy",2025-07-04,"2025-07",0,1,0,0,29.99,29.99,0,"USD",0,0,0,,0,"No user reviews",2026-09-12 16:57:15.754578,2026-09-13 19:46:02.100794,2026-09-13,2026-09-12,436,"Windows only","$20.00-$29.99",3.43366457179966,0,0,1,0,0,0,0,0,0,0,0,0,0,0,3.43366457179966,2.02944334198315,1.74979970348581
3830530,"cube hits corner",2025-07-12,"2025-07",0,1,0,0,0.99,0.99,0,"USD",1,1,0,1,0,"1 user reviews",2026-09-12 16:57:17.900988,2026-09-13 19:46:04.328617,2026-09-13,2026-09-12,428,"Windows only","$0.01-$4.99",0.688134638736401,0,0,1,0,0,0,0,0,0,0,0,0,0,1,0.688134638736401,-1.71573437006504,1.59568833836645
3830610,"RETRYS",2025-12-27,"2025-12",0,1,0,0,9.99,9.99,0,"USD",3,3,0,1,0,"3 user reviews",2026-09-12 16:57:19.965867,2026-09-13 19:46:06.486982,2026-09-13,2026-09-12,260,"Windows only","$5.00-$9.99",2.39698576841553,0,1,0,0,0,0,1,0,1,0,0,0,0,1,2.39698576841553,0.615309661548216,-1.64065032914002
3830650,"Lither to the Light",2025-11-11,"2025-11",0,1,0,0,4.99,4.99,0,"USD",0,0,0,,0,"No user reviews",2026-09-12 16:57:24.074494,2026-09-13 19:46:08.681141,2026-09-13,2026-09-12,306,"Windows only","$0.01-$4.99",1.79009141212736,0,0,1,0,0,0,1,0,0,0,1,0,0,0,1.79009141212736,-0.212555002889199,-0.754509979703726
3831090,"CinemaLandVR",2025-07-13,"2025-07",0,1,0,0,6.99,6.99,0,"USD",2,1,1,0.5,0,"2 user reviews",2026-09-12 16:57:40.962835,2026-09-13 19:46:10.924659,2026-09-13,2026-09-12,427,"Windows only","$5.00-$9.99",2.07819075977818,0,0,1,0,0,0,1,0,0,0,1,0,0,1,2.07819075977818,0.18044135190692,1.57642441772653
3831120,"Mandate Of Heaven",2025-11-19,"2025-11",0,1,1,1,14.99,14.99,0,"USD",5390,4908,482,0.910575139146568,8,"Very Positive",2026-09-12 16:57:43.197884,2026-09-13 19:46:13.059238,2026-09-13,2026-09-12,298,"Windows + macOS + Linux","$10.00-$19.99",2.77196352684586,0,0,0,0,0,0,0,0,1,0,1,0,1,1,2.77196352684586,1.12681686694233,-0.908621344823082
3831510,"Five Nights At Stickman",2025-08-01,"2025-08",0,1,1,1,0.99,0.99,0,"USD",12,8,4,0.666666666666667,5,"Mixed",2026-09-12 16:57:55.822524,2026-09-13 19:46:15.146179,2026-09-13,2026-09-12,408,"Windows + macOS + Linux","$0.01-$4.99",0.688134638736401,0,0,0,0,0,0,1,0,0,0,0,0,0,1,0.688134638736401,-1.71573437006504,1.21040992556806
3831660,"Obsessed : Night Shift",2025-08-20,"2025-08",0,1,0,0,2.99,2.99,0,"USD",148,133,15,0.898648648648649,8,"Very Positive",2026-09-12 16:58:02.046653,2026-09-13 19:46:17.332481,2026-09-13,2026-09-12,389,"Windows only","$0.01-$4.99",1.38379123090177,0,1,0,0,0,0,1,0,0,0,0,0,0,1,1.38379123090177,-0.766789128987195,0.844395433409591
3832000,"Secret Cats - Ice Cream Day",2025-07-18,"2025-07",0,1,0,0,0.99,0.99,0,"USD",17,15,2,0.882352941176471,7,"Positive",2026-09-12 16:58:06.202553,2026-09-13 19:46:19.468449,2026-09-13,2026-09-12,422,"Windows only","$0.01-$4.99",0.688134638736401,0,0,1,0,0,0,0,0,0,0,0,0,0,1,0.688134638736401,-1.71573437006504,1.48010481452693
3832240,"Draugar",2025-07-30,"2025-07",0,1,0,0,0.99,0.99,0,"USD",3,2,1,0.666666666666667,0,"3 user reviews",2026-09-12 16:58:08.213288,2026-09-13 19:46:21.51519,2026-09-13,2026-09-12,410,"Windows only","$0.01-$4.99",0.688134638736401,1,0,0,0,0,0,1,0,0,0,0,0,0,1,0.688134638736401,-1.71573437006504,1.2489377668479
3832360,"鱼自会上钩 EffortlessCatch",2025-10-09,"2025-10",0,1,1,0,1.99,1.99,0,"USD",4,1,3,0.25,0,"4 user reviews",2026-09-12 16:58:16.73429,2026-09-13 19:46:23.620909,2026-09-13,2026-09-12,339,"Windows + macOS","$0.01-$4.99",1.0952733874026,0,0,1,0,0,0,0,0,0,0,1,0,0,1,1.0952733874026,-1.16035635402041,-0.118800598586383
3832470,"FTL Team",2025-11-07,"2025-11",0,1,0,0,4.99,4.99,0,"USD",6,4,2,0.666666666666667,0,"6 user reviews",2026-09-12 16:58:23.182007,2026-09-13 19:46:25.803026,2026-09-13,2026-09-12,310,"Windows only","$0.01-$4.99",1.79009141212736,0,0,0,0,0,0,0,0,0,0,0,0,1,1,1.79009141212736,-0.212555002889199,-0.677454297144048
3832630,"Wheelchair Wizards",2025-07-30,"2025-07",1,1,1,0,,,,,1,1,0,1,0,"1 user reviews",2026-09-12 16:58:33.4411,2026-09-13 19:46:27.917223,2026-09-13,2026-09-12,410,"Windows + macOS","Free",,1,0,1,0,1,0,1,0,0,0,0,0,0,1,,0,1.2489377668479
3832740,"Articrow",2025-07-25,"2025-07",1,1,0,0,,,,,0,0,0,,0,"No user reviews",2026-09-12 16:58:37.78725,2026-09-13 19:46:30.151764,2026-09-13,2026-09-12,415,"Windows only","Free",,1,0,1,0,1,0,1,0,0,0,0,0,0,0,,0,1.3452573700475
3833100,"Kitchen Gore",2025-07-14,"2025-07",0,1,0,0,2.99,2.99,0,"USD",33,29,4,0.878787878787879,7,"Positive",2026-09-12 16:58:46.022165,2026-09-13 19:46:32.201941,2026-09-13,2026-09-12,426,"Windows only","$0.01-$4.99",1.38379123090177,0,0,0,0,0,0,1,0,0,0,1,0,0,1,1.38379123090177,-0.766789128987195,1.55716049708661
3834520,"Suika Puffworks",2025-11-21,"2025-11",0,1,0,0,0.99,0.99,0,"USD",0,0,0,,0,"No user reviews",2026-09-12 16:59:09.393004,2026-09-13 19:46:34.454519,2026-09-13,2026-09-12,296,"Windows only","$0.01-$4.99",0.688134638736401,0,0,1,0,0,0,0,0,0,0,0,0,0,0,0.688134638736401,-1.71573437006504,-0.947149186102921
3834740,"Pooping Cat",2025-11-03,"2025-11",0,1,0,0,1.99,1.99,0,"USD",35,33,2,0.942857142857143,7,"Positive",2026-09-12 16:59:17.860617,2026-09-13 19:46:36.615622,2026-09-13,2026-09-12,314,"Windows only","$0.01-$4.99",1.0952733874026,0,0,1,0,0,0,0,0,0,0,0,0,0,1,1.0952733874026,-1.16035635402041,-0.60039861458437
3834890,"punk girl",2025-07-09,"2025-07",0,1,0,0,29.99,29.99,0,"USD",0,0,0,,0,"No user reviews",2026-09-12 16:59:22.311414,2026-09-13 19:46:38.865383,2026-09-13,2026-09-12,431,"Windows only","$20.00-$29.99",3.43366457179966,0,0,1,0,0,0,0,0,0,0,0,0,0,0,3.43366457179966,2.02944334198315,1.65348010028621
3834930,"Liar Zoo Game",2025-07-27,"2025-07",0,1,0,0,3.99,3.99,0,"USD",0,0,0,,0,"No user reviews",2026-09-13 05:50:00.7667,2026-09-13 19:46:41.03068,2026-09-13,2026-09-13,413,"Windows only","$0.01-$4.99",1.60743590976343,0,0,1,0,0,0,0,0,0,0,0,0,0,0,1.60743590976343,-0.461715395641907,1.30672952876766
3834940,"Tree Party!",2025-07-27,"2025-07",0,1,0,0,3.99,3.99,0,"USD",0,0,0,,0,"No user reviews",2026-09-13 05:50:02.95391,2026-09-13 19:46:43.191451,2026-09-13,2026-09-13,413,"Windows only","$0.01-$4.99",1.60743590976343,1,0,0,0,0,0,0,0,0,0,0,0,0,0,1.60743590976343,-0.461715395641907,1.30672952876766
3835170,"Kimchi: A Stars in the Trash Story",2025-08-07,"2025-08",1,1,0,0,,,,,0,0,0,,0,"No user reviews",2026-09-12 17:05:26.727692,2026-09-13 19:46:45.351786,2026-09-13,2026-09-12,402,"Windows only","Free",,0,1,1,0,1,0,1,0,0,0,0,0,0,0,,0,1.09482640172854
3835500,"Old Thiess: The Werewolf’s Trial",2025-07-14,"2025-07",1,1,0,0,,,,,0,0,0,,0,"No user reviews",2026-09-12 17:05:33.6708,2026-09-13 19:46:47.43528,2026-09-13,2026-09-12,426,"Windows only","Free",,1,1,0,0,1,0,1,0,0,0,0,0,0,0,,0,1.55716049708661
3835530,"Fenrir Banquet",2025-07-30,"2025-07",0,1,0,0,1.99,1.99,0,"USD",0,0,0,,0,"No user reviews",2026-09-12 17:05:35.812495,2026-09-13 19:46:49.677587,2026-09-13,2026-09-12,410,"Windows only","$0.01-$4.99",1.0952733874026,0,0,1,0,0,0,1,0,0,0,0,0,0,0,1.0952733874026,-1.16035635402041,1.2489377668479
3835960,"Stay&Stack: Hotel Operation",2025-07-25,"2025-07",0,1,1,0,3.99,3.99,0,"USD",4,4,0,1,0,"4 user reviews",2026-09-12 17:05:44.285345,2026-09-13 19:46:51.733622,2026-09-13,2026-09-12,415,"Windows + macOS","$0.01-$4.99",1.60743590976343,0,0,0,0,0,0,1,0,0,0,1,0,1,1,1.60743590976343,-0.461715395641907,1.3452573700475
3836440,"HEAVENSHATTER",2025-09-26,"2025-09",0,1,0,0,4.99,4.99,0,"USD",16,15,1,0.9375,7,"Positive",2026-09-12 17:05:59.213798,2026-09-13 19:46:53.85708,2026-09-13,2026-09-12,352,"Windows only","$0.01-$4.99",1.79009141212736,1,1,0,0,0,0,0,0,0,0,0,0,0,1,1.79009141212736,-0.212555002889199,0.13163036973257
3836520,"Digging Dogs",2025-07-10,"2025-07",1,1,0,0,,,,,0,0,0,,0,"No user reviews",2026-09-12 17:06:01.335899,2026-09-13 19:46:56.096766,2026-09-13,2026-09-12,430,"Windows only","Free",,0,0,1,0,1,0,1,0,0,0,0,0,0,0,,0,1.63421617964629
3837030,"Wukong 2088",2025-10-20,"2025-10",0,1,0,0,0.99,0.99,0,"USD",4,2,2,0.5,0,"4 user reviews",2026-09-12 17:06:11.780019,2026-09-13 19:46:58.27472,2026-09-13,2026-09-12,328,"Windows only","$0.01-$4.99",0.688134638736401,1,1,0,0,0,0,1,0,0,0,0,0,0,1,0.688134638736401,-1.71573437006504,-0.330703725625497
3837080,"Lightcore Guardians",2025-08-08,"2025-08",0,1,0,0,5.99,5.99,0,"USD",3,2,1,0.666666666666667,0,"3 user reviews",2026-09-12 17:06:13.940857,2026-09-13 19:47:00.466961,2026-09-13,2026-09-12,401,"Windows only","$5.00-$9.99",1.94448055624572,0,1,0,0,0,0,1,0,1,0,0,0,1,1,1.94448055624572,-0.00195275282042951,1.07556248108863
3837210,"The PipeTuber's Guide to the Solar System",2025-12-07,"2025-12",0,1,0,0,9.99,9.99,0,"USD",9,9,0,1,0,"9 user reviews",2026-09-12 17:06:20.453533,2026-09-13 19:47:02.597103,2026-09-13,2026-09-12,280,"Windows only","$5.00-$9.99",2.39698576841553,0,0,0,1,0,0,1,0,0,0,0,0,1,1,2.39698576841553,0.615309661548216,-1.25537191634163
3837230,"Codename: Black Crow",2025-10-06,"2025-10",0,1,0,1,9.99,9.99,0,"USD",9,9,0,1,0,"9 user reviews",2026-09-12 17:06:22.533724,2026-09-13 19:47:04.683404,2026-09-13,2026-09-12,342,"Windows + Linux","$5.00-$9.99",2.39698576841553,1,1,0,0,0,0,1,0,1,0,0,0,0,1,2.39698576841553,0.615309661548216,-0.0610088366666245
3837300,"Against Tribulation",2025-08-06,"2025-08",0,1,0,0,2.99,2.99,0,"USD",6,3,3,0.5,0,"6 user reviews",2026-09-12 17:06:24.65535,2026-09-13 19:47:06.737197,2026-09-13,2026-09-12,403,"Windows only","$0.01-$4.99",1.38379123090177,1,0,1,0,0,0,1,0,0,0,0,0,0,1,1.38379123090177,-0.766789128987195,1.11409032236846
3837330,"Power Grid Panic",2025-11-08,"2025-11",0,1,0,0,0.99,0.99,0,"USD",0,0,0,,0,"No user reviews",2026-09-12 17:06:26.684383,2026-09-13 19:47:08.757956,2026-09-13,2026-09-12,309,"Windows only","$0.01-$4.99",0.688134638736401,0,0,1,0,0,0,0,0,0,0,1,0,0,0,0.688134638736401,-1.71573437006504,-0.696718217783968
3837380,"Majogami",2025-11-06,"2025-11",0,1,0,0,24.99,16.24,35,"USD",152,137,15,0.901315789473684,8,"Very Positive",2026-09-12 17:06:28.79402,2026-09-13 19:47:10.982456,2026-09-13,2026-09-12,311,"Windows only","$10.00-$19.99",2.84723226523555,1,1,0,0,0,0,0,0,0,0,0,0,0,1,2.84723226523555,1.22949096203643,-0.658190376504129
3837930,"Reincarnation Dungeon",2025-09-23,"2025-09",0,1,0,0,9.99,9.99,0,"USD",0,0,0,,0,"No user reviews",2026-09-12 17:06:45.626281,2026-09-13 19:47:13.081747,2026-09-13,2026-09-12,355,"Windows only","$5.00-$9.99",2.39698576841553,0,1,0,1,0,0,1,0,1,0,0,0,0,0,2.39698576841553,0.615309661548216,0.189422131652329
3837970,"Don't Let Me Fade",2025-07-15,"2025-07",1,1,0,0,,,,,0,0,0,,0,"No user reviews",2026-09-12 17:06:47.690923,2026-09-13 19:47:15.29925,2026-09-13,2026-09-12,425,"Windows only","Free",,0,1,0,0,1,0,1,0,0,0,0,0,0,0,,0,1.53789657644669
3838140,"Unicycle Sheep",2025-09-11,"2025-09",0,1,0,0,0.99,0.99,0,"USD",5,2,3,0.4,0,"5 user reviews",2026-09-12 17:06:54.239161,2026-09-13 19:47:17.449187,2026-09-13,2026-09-12,367,"Windows only","$0.01-$4.99",0.688134638736401,1,0,1,0,0,0,1,0,0,0,1,0,0,1,0.688134638736401,-1.71573437006504,0.420589179331363
3838270,"Awurda First Wave",2025-10-31,"2025-10",0,1,0,0,2.99,2.99,0,"USD",2,2,0,1,0,"2 user reviews",2026-09-12 17:07:02.764159,2026-09-13 19:47:19.67526,2026-09-13,2026-09-12,317,"Windows only","$0.01-$4.99",1.38379123090177,1,1,0,0,0,0,1,0,0,0,0,0,0,1,1.38379123090177,-0.766789128987195,-0.542606852664612
3838470,"The Black Knight Chronicles - The Quest Beyond Destiny",2025-12-04,"2025-12",0,1,0,0,14.99,14.99,0,"USD",0,0,0,,0,"No user reviews",2026-09-12 17:07:11.117655,2026-09-13 19:47:21.829181,2026-09-13,2026-09-12,283,"Windows only","$10.00-$19.99",2.77196352684586,0,1,0,0,0,0,1,0,1,0,0,0,0,0,2.77196352684586,1.12681686694233,-1.19758015442187
3838660,"BPROOF",2025-10-05,"2025-10",0,1,0,0,9.99,9.99,0,"USD",4,3,1,0.75,0,"4 user reviews",2026-09-12 17:07:15.346787,2026-09-13 19:47:23.979137,2026-09-13,2026-09-12,343,"Windows only","$5.00-$9.99",2.39698576841553,0,1,0,0,0,0,0,0,0,0,0,0,0,1,2.39698576841553,0.615309661548216,-0.041744916026705
3838710,"H2My Park Game",2025-10-15,"2025-10",0,1,0,0,8.99,8.99,0,"USD",0,0,0,,0,"No user reviews",2026-09-12 17:07:19.757053,2026-09-13 19:47:26.027056,2026-09-13,2026-09-12,333,"Windows only","$5.00-$9.99",2.30158459266046,0,0,1,0,0,0,1,0,0,0,1,0,1,0,2.30158459266046,0.485172906221557,-0.2343841224259
3838900,"Prism",2025-07-31,"2025-07",0,1,0,0,4.99,4.99,0,"USD",2,2,0,1,0,"2 user reviews",2026-09-12 17:07:26.284808,2026-09-13 19:47:28.140903,2026-09-13,2026-09-12,409,"Windows only","$0.01-$4.99",1.79009141212736,0,0,1,0,0,0,1,0,0,0,0,0,1,1,1.79009141212736,-0.212555002889199,1.22967384620798
3839060,"Children's Sandbox",2025-08-29,"2025-08",0,1,0,1,1.99,1.99,0,"USD",0,0,0,,0,"No user reviews",2026-09-12 17:07:28.305783,2026-09-13 19:47:30.393657,2026-09-13,2026-09-12,380,"Windows + Linux","$0.01-$4.99",1.0952733874026,0,0,1,0,0,0,1,0,0,0,0,0,0,0,1.0952733874026,-1.16035635402041,0.671020147650316
3839590,"逃离狮门外语学校 / Escape the School",2025-07-21,"2025-07",0,1,0,0,1.99,1.99,0,"USD",7,4,3,0.571428571428571,0,"7 user reviews",2026-09-12 17:07:47.63815,2026-09-13 19:47:32.650127,2026-09-13,2026-09-12,419,"Windows only","$0.01-$4.99",1.0952733874026,1,1,0,0,0,0,0,0,1,0,1,0,0,1,1.0952733874026,-1.16035635402041,1.42231305260718
3839930,"三国.群英录",2025-07-17,"2025-07",1,1,1,0,,,,,0,0,0,,0,"No user reviews",2026-09-12 17:08:02.725734,2026-09-13 19:47:34.68885,2026-09-13,2026-09-12,423,"Windows + macOS","Free",,0,0,0,0,1,0,0,0,1,0,1,0,1,0,,0,1.49936873516685
3840180,"You And I",2025-07-28,"2025-07",1,1,0,0,,,,,0,0,0,,0,"No user reviews",2026-09-12 17:08:09.123404,2026-09-13 19:47:36.847444,2026-09-13,2026-09-12,412,"Windows only","Free",,0,1,0,0,1,0,1,0,0,0,0,0,0,0,,0,1.28746560812774
3840250,"Long Black-Haired Schoolgirl Survival Simulation Game",2025-12-20,"2025-12",0,1,1,0,2.99,2.99,0,"USD",6,5,1,0.833333333333333,0,"6 user reviews",2026-09-12 17:08:11.317479,2026-09-13 19:47:38.90507,2026-09-13,2026-09-12,267,"Windows + macOS","$0.01-$4.99",1.38379123090177,0,1,0,1,0,0,1,0,1,0,1,0,0,1,1.38379123090177,-0.766789128987195,-1.50580288466059
3840600,"TileGuesser",2025-08-15,"2025-08",0,1,0,0,2.99,2.99,0,"USD",3,2,1,0.666666666666667,0,"3 user reviews",2026-09-12 17:08:21.92627,2026-09-13 19:47:41.111343,2026-09-13,2026-09-12,394,"Windows only","$0.01-$4.99",1.38379123090177,0,0,1,0,0,0,1,0,0,0,0,0,0,1,1.38379123090177,-0.766789128987195,0.940715036609189
3840970,"Casey Noir and Carved Pumpkin's Latte",2025-10-01,"2025-10",1,1,1,1,,,,,0,0,0,,0,"No user reviews",2026-09-12 17:08:28.328794,2026-09-13 19:47:43.339513,2026-09-13,2026-09-12,347,"Windows + macOS + Linux","Free",,0,0,1,0,1,0,1,0,0,0,0,0,0,0,,0,0.0353107665329729
3841040,"Lilialette's Hustle: Getting My Hands Dirty to Save My Guild",2025-10-10,"2025-10",0,1,0,0,12.99,12.99,0,"USD",73,44,29,0.602739726027397,5,"Mixed",2026-09-12 17:08:30.550227,2026-09-13 19:47:45.546094,2026-09-13,2026-09-12,338,"Windows only","$10.00-$19.99",2.63834278867739,0,1,0,0,0,0,0,0,1,0,0,0,1,1,2.63834278867739,0.944544801928764,-0.138064519226302
3841160,"Not a Dream Job",2025-08-25,"2025-08",0,1,0,0,0.99,0.99,0,"USD",5,5,0,1,0,"5 user reviews",2026-09-12 17:08:34.825095,2026-09-13 19:47:47.581449,2026-09-13,2026-09-12,384,"Windows only","$0.01-$4.99",0.688134638736401,0,0,0,0,0,0,1,0,1,0,1,0,1,1,0.688134638736401,-1.71573437006504,0.748075830209994
3841220,"Midnight Crane",2025-10-28,"2025-10",0,1,0,0,7.99,7.99,0,"USD",82,70,12,0.853658536585366,8,"Very Positive",2026-09-12 17:08:36.994088,2026-09-13 19:47:49.583851,2026-09-13,2026-09-12,320,"Windows only","$5.00-$9.99",2.19611284848353,0,1,1,0,0,0,1,0,0,0,1,0,0,1,2.19611284848353,0.341298887298887,-0.484815090744853
3841340,"Petmancer",2025-11-13,"2025-11",0,1,1,1,9.99,9.99,0,"USD",4,4,0,1,0,"4 user reviews",2026-09-12 17:08:45.518951,2026-09-13 19:47:51.578438,2026-09-13,2026-09-12,304,"Windows + macOS + Linux","$5.00-$9.99",2.39698576841553,0,0,0,0,0,0,0,0,1,0,0,0,0,1,2.39698576841553,0.615309661548216,-0.793037820983565
3841660,"Box Bunny",2025-10-21,"2025-10",1,1,0,0,,,,,0,0,0,,0,"No user reviews",2026-09-12 17:08:55.886399,2026-09-13 19:47:53.777123,2026-09-13,2026-09-12,327,"Windows only","Free",,0,1,0,0,1,0,1,0,0,0,0,0,0,0,,0,-0.349967646265417
3842370,"Zugaran",2025-11-10,"2025-11",0,1,0,0,4.99,4.99,0,"USD",1,0,1,0,0,"1 user reviews",2026-09-12 17:09:15.314225,2026-09-13 19:47:56.004428,2026-09-13,2026-09-12,307,"Windows only","$0.01-$4.99",1.79009141212736,0,1,1,0,0,0,0,0,0,0,0,0,0,1,1.79009141212736,-0.212555002889199,-0.735246059063807
3842380,"漂流、のち、座礁",2025-07-31,"2025-07",0,1,0,0,2.99,2.99,0,"USD",8,8,0,1,0,"8 user reviews",2026-09-12 17:09:17.386218,2026-09-13 19:47:58.061832,2026-09-13,2026-09-12,409,"Windows only","$0.01-$4.99",1.38379123090177,0,0,0,0,0,0,1,0,0,0,0,0,0,1,1.38379123090177,-0.766789128987195,1.22967384620798
3842700,"P1: Anchor Light",2025-09-10,"2025-09",0,1,0,0,7.99,7.99,0,"USD",5,4,1,0.8,0,"5 user reviews",2026-09-12 17:09:32.914223,2026-09-13 19:48:00.176858,2026-09-13,2026-09-12,368,"Windows only","$5.00-$9.99",2.19611284848353,0,0,0,0,0,0,1,0,0,0,0,0,0,1,2.19611284848353,0.341298887298887,0.439853099971282
3842770,"The Last Village",2025-10-29,"2025-10",0,1,0,0,2.99,2.99,0,"USD",1,1,0,1,0,"1 user reviews",2026-09-12 17:09:37.148582,2026-09-13 19:48:02.290839,2026-09-13,2026-09-12,319,"Windows only","$0.01-$4.99",1.38379123090177,1,1,1,1,0,0,1,0,1,0,1,0,1,1,1.38379123090177,-0.766789128987195,-0.504079011384773
3842980,"Tower of Ba*bel",2025-08-19,"2025-08",1,1,0,1,,,,,0,0,0,,0,"No user reviews",2026-09-12 17:09:43.566067,2026-09-13 19:48:04.513555,2026-09-13,2026-09-12,390,"Windows + Linux","Free",,0,1,0,0,1,0,0,0,0,0,0,0,0,0,,0,0.863659354049511
3843120,"Valiants: Arena",2025-10-16,"2025-10",1,1,1,0,,,,,0,0,0,,0,"No user reviews",2026-09-12 17:09:53.147875,2026-09-13 19:48:06.572001,2026-09-13,2026-09-12,332,"Windows + macOS","Free",,0,0,1,1,1,0,1,0,0,0,0,0,1,0,,0,-0.253648043065819
3843520,"The Temple of Elemental Evil",2025-12-10,"2025-12",0,1,0,0,9.99,6.69,33,"USD",356,254,102,0.713483146067416,6,"Mostly Positive",2026-09-12 17:10:08.224002,2026-09-13 19:48:08.672876,2026-09-13,2026-09-12,277,"Windows only","$5.00-$9.99",2.03992078351755,0,0,0,0,0,0,0,0,1,0,0,0,0,1,2.03992078351755,0.128237272684949,-1.31316367826139
3843530,"Forgotten Realms: Demon Stone",2025-08-12,"2025-08",0,1,0,0,9.99,6.69,33,"USD",127,89,38,0.700787401574803,6,"Mostly Positive",2026-09-12 17:10:10.455817,2026-09-13 19:48:10.926597,2026-09-13,2026-09-12,397,"Windows only","$5.00-$9.99",2.03992078351755,1,0,0,0,0,0,0,0,1,0,0,0,0,1,2.03992078351755,0.128237272684949,0.998506798528947
3843570,"Combat Mission 3: Afrika Korps",2025-09-16,"2025-09",0,1,0,0,5.99,5.99,0,"USD",15,15,0,1,7,"Positive",2026-09-12 17:10:18.795881,2026-09-13 19:48:13.093174,2026-09-13,2026-09-12,362,"Windows only","$5.00-$9.99",1.94448055624572,0,0,0,0,0,0,0,0,0,0,1,0,1,1,1.94448055624572,-0.00195275282042951,0.324269576131765
3843730,"Infinite Canyon",2025-07-18,"2025-07",0,1,0,0,1.99,1.99,0,"USD",2,2,0,1,0,"2 user reviews",2026-09-12 17:10:20.89031,2026-09-13 19:48:15.221421,2026-09-13,2026-09-12,422,"Windows only","$0.01-$4.99",1.0952733874026,0,0,0,0,0,0,0,0,0,1,0,0,0,1,1.0952733874026,-1.16035635402041,1.48010481452693
3843850,"The Black Pool: Arena Survivors",2025-10-21,"2025-10",1,1,0,0,,,,,0,0,0,,0,"No user reviews",2026-09-12 17:10:24.989941,2026-09-13 19:48:17.305585,2026-09-13,2026-09-12,327,"Windows only","Free",,1,1,0,0,1,0,1,0,1,0,0,0,0,0,,0,-0.349967646265417
3844040,"Bank",2025-08-03,"2025-08",0,1,0,1,4.99,4.99,0,"USD",0,0,0,,0,"No user reviews",2026-09-12 17:10:31.658836,2026-09-13 19:48:19.407442,2026-09-13,2026-09-12,406,"Windows + Linux","$0.01-$4.99",1.79009141212736,0,0,1,0,0,0,1,0,0,0,0,0,0,0,1.79009141212736,-0.212555002889199,1.17188208428822
3844180,"A Wild Last Boss Appeared! ~Black-Winged Survivor~",2025-10-05,"2025-10",0,1,0,0,23.99,23.99,0,"USD",11,11,0,1,7,"Positive",2026-09-12 17:10:38.055913,2026-09-13 19:48:21.548585,2026-09-13,2026-09-12,343,"Windows only","$20.00-$29.99",3.21847574484686,1,0,0,0,0,0,0,0,0,0,0,0,0,1,3.21847574484686,1.73590423724419,-0.041744916026705
3844490,"Wald-Guard",2025-12-25,"2025-12",0,1,0,0,3.99,3.99,0,"USD",3,3,0,1,0,"3 user reviews",2026-09-12 17:10:46.555413,2026-09-13 19:48:23.630851,2026-09-13,2026-09-12,262,"Windows only","$0.01-$4.99",1.60743590976343,1,1,0,1,0,0,1,0,0,0,0,0,0,1,1.60743590976343,-0.461715395641907,-1.60212248786018
3844910,"Historic Helix",2025-10-10,"2025-10",0,1,0,0,6.99,6.99,0,"USD",1,1,0,1,0,"1 user reviews",2026-09-12 17:11:01.464471,2026-09-13 19:48:25.806324,2026-09-13,2026-09-12,338,"Windows only","$5.00-$9.99",2.07819075977818,1,1,1,0,0,0,1,0,0,0,0,0,0,1,2.07819075977818,0.18044135190692,-0.138064519226302
3845440,"Split Second VR Tactical Shooter",2025-09-15,"2025-09",0,1,0,0,9.99,9.99,0,"USD",48,19,29,0.395833333333333,4,"Mostly Negative",2026-09-12 17:11:05.869237,2026-09-13 19:48:28.001654,2026-09-13,2026-09-12,363,"Windows only","$5.00-$9.99",2.39698576841553,1,1,0,1,0,0,0,0,0,0,0,0,0,1,2.39698576841553,0.615309661548216,0.343533496771685
3845600,"Living with a Little Fox Girl",2025-10-24,"2025-10",0,1,0,0,5.99,5.99,0,"USD",309,262,47,0.84789644012945,8,"Very Positive",2026-09-12 17:11:12.341033,2026-09-13 19:48:30.166097,2026-09-13,2026-09-12,324,"Windows only","$5.00-$9.99",1.94448055624572,0,0,0,0,0,0,0,0,0,0,1,0,0,1,1.94448055624572,-0.00195275282042951,-0.407759408185175
3845720,"Don't Look Behind You",2025-07-28,"2025-07",0,1,0,0,1.99,1.99,0,"USD",1,0,1,0,0,"1 user reviews",2026-09-12 17:11:14.540499,2026-09-13 19:48:32.419251,2026-09-13,2026-09-12,412,"Windows only","$0.01-$4.99",1.0952733874026,0,0,0,0,0,0,1,0,1,0,0,0,0,1,1.0952733874026,-1.16035635402041,1.28746560812774
3846020,"Egg Finder",2025-08-05,"2025-08",0,1,0,0,1.99,1.99,0,"USD",6,6,0,1,0,"6 user reviews",2026-09-12 17:11:22.754166,2026-09-13 19:48:34.497798,2026-09-13,2026-09-12,404,"Windows only","$0.01-$4.99",1.0952733874026,0,1,1,0,0,0,1,0,1,0,0,0,0,1,1.0952733874026,-1.16035635402041,1.13335424300838
3846030,"Forbidden Ground - Lair of Aooni -",2025-08-28,"2025-08",0,1,0,0,10.99,10.99,0,"USD",47,23,24,0.48936170212766,5,"Mixed",2026-09-12 17:11:24.787753,2026-09-13 19:48:36.552918,2026-09-13,2026-09-12,381,"Windows only","$10.00-$19.99",2.48407296903942,1,1,0,0,0,0,0,0,0,0,0,0,0,1,2.48407296903942,0.734105322398058,0.690284068290236
3846410,"Protocol Aegirum",2025-08-04,"2025-08",0,1,0,0,1.99,1.99,0,"USD",0,0,0,,0,"No user reviews",2026-09-12 17:11:39.488233,2026-09-13 19:48:38.764836,2026-09-13,2026-09-12,405,"Windows only","$0.01-$4.99",1.0952733874026,0,0,0,0,0,0,1,0,0,0,0,0,1,0,1.0952733874026,-1.16035635402041,1.1526181636483
3846450,"Pick 100 Bones",2025-10-01,"2025-10",0,1,0,0,1.99,1.99,0,"USD",3,1,2,0.333333333333333,0,"3 user reviews",2026-09-12 17:11:41.642504,2026-09-13 19:48:40.957405,2026-09-13,2026-09-12,347,"Windows only","$0.01-$4.99",1.0952733874026,0,0,1,0,0,0,1,0,0,0,0,0,0,1,1.0952733874026,-1.16035635402041,0.0353107665329729
3846520,"Raptor",2025-11-03,"2025-11",0,1,0,0,8.99,8.99,0,"USD",0,0,0,,0,"No user reviews",2026-09-12 17:11:43.800038,2026-09-13 19:48:43.136509,2026-09-13,2026-09-12,314,"Windows only","$5.00-$9.99",2.30158459266046,1,0,1,0,0,0,1,0,0,0,0,0,0,0,2.30158459266046,0.485172906221557,-0.60039861458437
3846730,"Planetris",2025-09-10,"2025-09",0,1,0,0,0.99,0.99,0,"USD",1,1,0,1,0,"1 user reviews",2026-09-12 17:11:50.16364,2026-09-13 19:48:45.314368,2026-09-13,2026-09-12,368,"Windows only","$0.01-$4.99",0.688134638736401,0,0,1,0,0,0,0,0,0,0,0,0,0,1,0.688134638736401,-1.71573437006504,0.439853099971282
3846760,"Protest Simulator",2025-07-31,"2025-07",0,1,1,0,2.99,2.99,0,"USD",1,0,1,0,0,"1 user reviews",2026-09-12 17:11:52.347287,2026-09-13 19:48:47.431304,2026-09-13,2026-09-12,409,"Windows + macOS","$0.01-$4.99",1.38379123090177,1,0,1,1,0,0,1,0,0,0,1,0,0,1,1.38379123090177,-0.766789128987195,1.22967384620798
3847210,"TANK 2025",2025-07-25,"2025-07",0,1,0,0,1.99,1.99,0,"USD",2,2,0,1,0,"2 user reviews",2026-09-12 17:12:11.601469,2026-09-13 19:48:49.567178,2026-09-13,2026-09-12,415,"Windows only","$0.01-$4.99",1.0952733874026,1,1,0,0,0,0,1,0,0,0,0,0,0,1,1.0952733874026,-1.16035635402041,1.3452573700475
3847960,"Frontier Combat: Beginnings",2025-09-12,"2025-09",1,1,0,0,,,,,0,0,0,,0,"No user reviews",2026-09-12 17:12:21.96588,2026-09-13 19:48:51.645912,2026-09-13,2026-09-12,366,"Windows only","Free",,1,1,0,0,1,0,1,0,1,0,0,0,1,0,,0,0.401325258691443
3848150,"Habanero",2025-08-08,"2025-08",0,1,1,0,0.99,0.99,0,"USD",0,0,0,,0,"No user reviews",2026-09-12 17:12:26.866819,2026-09-13 19:48:53.656253,2026-09-13,2026-09-12,401,"Windows + macOS","$0.01-$4.99",0.688134638736401,0,1,0,0,0,0,0,0,0,0,0,0,0,0,0.688134638736401,-1.71573437006504,1.07556248108863
3848270,"Yacht Dice Family",2025-07-22,"2025-07",0,1,0,0,1.99,1.99,0,"USD",2,2,0,1,0,"2 user reviews",2026-09-12 17:12:33.283231,2026-09-13 19:48:55.767105,2026-09-13,2026-09-12,418,"Windows only","$0.01-$4.99",1.0952733874026,0,0,1,0,0,0,1,0,0,0,1,0,0,1,1.0952733874026,-1.16035635402041,1.40304913196726
3848430,"Square: Trial And Error",2025-09-12,"2025-09",0,1,0,0,3.99,3.99,0,"USD",0,0,0,,0,"No user reviews",2026-09-12 17:12:37.465033,2026-09-13 19:48:57.854924,2026-09-13,2026-09-12,366,"Windows only","$0.01-$4.99",1.60743590976343,0,1,0,0,0,0,1,0,0,0,0,0,0,0,1.60743590976343,-0.461715395641907,0.401325258691443
3848510,"Clean Minesweeper",2025-08-03,"2025-08",0,1,0,0,1.99,1.99,0,"USD",32,30,2,0.9375,7,"Positive",2026-09-12 17:12:39.70084,2026-09-13 19:49:00.116305,2026-09-13,2026-09-12,406,"Windows only","$0.01-$4.99",1.0952733874026,0,0,1,0,0,0,0,0,0,0,0,0,0,1,1.0952733874026,-1.16035635402041,1.17188208428822
3848570,"Supermarket Billionaire",2025-08-01,"2025-08",1,1,1,1,,,,,0,0,0,,0,"No user reviews",2026-09-12 17:12:45.980001,2026-09-13 19:49:02.295457,2026-09-13,2026-09-12,408,"Windows + macOS + Linux","Free",,0,0,1,0,1,0,1,0,0,0,1,0,0,0,,0,1.21040992556806
3848580,"Game Shop Simulator",2025-07-22,"2025-07",0,1,0,0,4.99,4.99,0,"USD",7,0,7,0,0,"7 user reviews",2026-09-12 17:12:48.127956,2026-09-13 19:49:04.46056,2026-09-13,2026-09-12,418,"Windows only","$0.01-$4.99",1.79009141212736,0,0,1,0,0,0,1,0,0,0,1,0,0,1,1.79009141212736,-0.212555002889199,1.40304913196726
3848660,"Perception: Heart and Mind",2025-08-28,"2025-08",0,1,1,1,4.99,4.99,0,"USD",12,12,0,1,7,"Positive",2026-09-12 17:12:54.25487,2026-09-13 19:49:06.654392,2026-09-13,2026-09-12,381,"Windows + macOS + Linux","$0.01-$4.99",1.79009141212736,1,1,0,0,0,0,1,0,1,0,0,0,0,1,1.79009141212736,-0.212555002889199,0.690284068290236
3848860,"Freedom Bomber",2025-08-17,"2025-08",0,1,0,0,1.99,1.99,0,"USD",0,0,0,,0,"No user reviews",2026-09-12 17:12:58.491151,2026-09-13 19:49:08.803288,2026-09-13,2026-09-12,392,"Windows only","$0.01-$4.99",1.0952733874026,1,0,0,0,0,0,0,0,0,0,0,0,0,0,1.0952733874026,-1.16035635402041,0.90218719532935
3849010,"Chess Commanders",2025-11-08,"2025-11",0,1,1,0,4.99,4.99,0,"USD",1,0,1,0,0,"1 user reviews",2026-09-12 17:13:00.52555,2026-09-13 19:49:11.058749,2026-09-13,2026-09-12,309,"Windows + macOS","$0.01-$4.99",1.79009141212736,1,0,1,1,0,0,0,0,0,0,0,0,1,1,1.79009141212736,-0.212555002889199,-0.696718217783968
3849090,"The Mind Snare",2025-08-08,"2025-08",0,1,0,0,5.99,5.99,0,"USD",0,0,0,,0,"No user reviews",2026-09-12 17:13:02.765797,2026-09-13 19:49:13.1755,2026-09-13,2026-09-12,401,"Windows only","$5.00-$9.99",1.94448055624572,0,1,0,0,0,0,1,0,0,0,0,0,1,0,1.94448055624572,-0.00195275282042951,1.07556248108863
3850520,"Master of 4 Swords",2025-07-17,"2025-07",0,1,0,0,39.99,1.99,95,"USD",102,96,6,0.941176470588235,8,"Very Positive",2026-09-12 17:13:43.189043,2026-09-13 19:49:15.188365,2026-09-13,2026-09-12,423,"Windows only","$0.01-$4.99",1.0952733874026,0,1,1,0,0,0,0,0,0,0,0,1,0,1,1.0952733874026,-1.16035635402041,1.49936873516685
3851020,"Where Is My Pocket?",2025-07-27,"2025-07",0,1,1,0,3.99,3.99,0,"USD",0,0,0,,0,"No user reviews",2026-09-12 17:13:51.472217,2026-09-13 19:49:17.305392,2026-09-13,2026-09-12,413,"Windows + macOS","$0.01-$4.99",1.60743590976343,0,1,0,0,0,0,1,0,0,0,0,0,0,0,1.60743590976343,-0.461715395641907,1.30672952876766
3851370,"Home for Friends: Beloved Pets Collector's Edition",2025-07-22,"2025-07",0,1,0,0,8.99,8.99,0,"USD",4,3,1,0.75,0,"4 user reviews",2026-09-12 17:13:59.669657,2026-09-13 19:49:19.335739,2026-09-13,2026-09-12,418,"Windows only","$5.00-$9.99",2.30158459266046,0,1,1,0,0,0,0,0,0,0,0,0,0,1,2.30158459266046,0.485172906221557,1.40304913196726
3851630,"ToneTrek",2025-10-26,"2025-10",0,1,0,0,4.99,4.99,0,"USD",1,1,0,1,0,"1 user reviews",2026-09-12 17:14:05.94982,2026-09-13 19:49:21.482436,2026-09-13,2026-09-12,322,"Windows only","$0.01-$4.99",1.79009141212736,0,0,1,0,0,0,1,0,0,0,0,0,0,1,1.79009141212736,-0.212555002889199,-0.446287249465014
3851640,"Striking Wine",2025-12-23,"2025-12",0,1,0,0,8.99,8.99,0,"USD",0,0,0,,0,"No user reviews",2026-09-12 17:14:08.033453,2026-09-13 19:49:23.690384,2026-09-13,2026-09-12,264,"Windows only","$5.00-$9.99",2.30158459266046,0,0,1,0,0,0,1,0,0,0,0,0,1,0,2.30158459266046,0.485172906221557,-1.56359464658034
3851650,"The Darkest Dusk ",2025-07-29,"2025-07",1,1,0,0,,,,,0,0,0,,0,"No user reviews",2026-09-12 17:14:10.091567,2026-09-13 19:49:25.809507,2026-09-13,2026-09-12,411,"Windows only","Free",,0,1,0,0,1,0,1,0,0,0,0,0,0,0,,0,1.26820168748782
3851750,"US Visual Novel",2025-10-23,"2025-10",0,1,0,0,9.99,9.99,0,"USD",1,1,0,1,0,"1 user reviews",2026-09-12 17:14:12.289541,2026-09-13 19:49:27.997808,2026-09-13,2026-09-12,325,"Windows only","$5.00-$9.99",2.39698576841553,0,1,0,0,0,0,0,0,0,0,0,0,0,1,2.39698576841553,0.615309661548216,-0.388495487545256
3852000,"RedLantern | 赤提灯",2025-09-29,"2025-09",0,1,0,0,4.99,4.99,0,"USD",9,6,3,0.666666666666667,0,"9 user reviews",2026-09-12 17:14:27.465164,2026-09-13 19:49:30.021237,2026-09-13,2026-09-12,349,"Windows only","$0.01-$4.99",1.79009141212736,1,1,0,0,0,0,0,0,0,0,1,0,0,1,1.79009141212736,-0.212555002889199,0.0738386078128119
3852180,"Hexateria",2025-10-14,"2025-10",0,1,0,0,14.99,14.99,0,"USD",2,2,0,1,0,"2 user reviews",2026-09-12 17:14:29.690275,2026-09-13 19:49:32.209228,2026-09-13,2026-09-12,334,"Windows only","$10.00-$19.99",2.77196352684586,0,1,0,0,0,0,1,0,0,0,0,0,1,1,2.77196352684586,1.12681686694233,-0.21512020178598
3852230,"Path of the Bogatyr",2025-11-28,"2025-11",0,1,0,0,5.99,5.99,0,"USD",12,12,0,1,7,"Positive",2026-09-12 17:14:31.715293,2026-09-13 19:49:34.221455,2026-09-13,2026-09-12,289,"Windows only","$5.00-$9.99",1.94448055624572,0,1,1,1,0,0,0,0,1,0,0,0,0,1,1.94448055624572,-0.00195275282042951,-1.08199663058236
3852520,"Spread The Love",2025-09-22,"2025-09",1,1,1,0,,,,,0,0,0,,0,"No user reviews",2026-09-12 17:14:44.617779,2026-09-13 19:49:36.367642,2026-09-13,2026-09-12,356,"Windows + macOS","Free",,0,0,1,0,1,0,1,0,0,0,1,0,0,0,,0,0.208686052292248
3852930,"Fishplay",2025-07-31,"2025-07",0,1,0,0,8.99,8.99,0,"USD",3,1,2,0.333333333333333,0,"3 user reviews",2026-09-12 17:14:57.370094,2026-09-13 19:49:38.478823,2026-09-13,2026-09-12,409,"Windows only","$5.00-$9.99",2.30158459266046,0,0,0,0,0,0,1,0,0,0,1,0,0,1,2.30158459266046,0.485172906221557,1.22967384620798
3853070,"ARONDIGHT  アロンダイト",2025-10-28,"2025-10",0,1,0,0,5.99,5.99,0,"USD",10,8,2,0.8,7,"Positive",2026-09-12 17:15:01.673273,2026-09-13 19:49:40.561205,2026-09-13,2026-09-12,320,"Windows only","$5.00-$9.99",1.94448055624572,1,0,0,0,0,0,1,0,0,0,0,0,0,1,1.94448055624572,-0.00195275282042951,-0.484815090744853
3853330,"LexiRogue",2025-11-17,"2025-11",0,1,1,0,6.99,6.99,0,"USD",33,27,6,0.818181818181818,7,"Positive",2026-09-12 17:15:05.907056,2026-09-13 19:49:42.737181,2026-09-13,2026-09-12,300,"Windows + macOS","$5.00-$9.99",2.07819075977818,0,0,1,0,0,0,1,0,0,0,0,0,0,1,2.07819075977818,0.18044135190692,-0.870093503543243
3853500,"DarkShine",2025-07-22,"2025-07",0,1,0,1,3,1.5,50,"USD",5,5,0,1,0,"5 user reviews",2026-09-12 17:15:12.30785,2026-09-13 19:49:44.868817,2026-09-13,2026-09-12,418,"Windows + Linux","$0.01-$4.99",0.916290731874155,0,1,0,1,0,0,1,0,1,0,0,0,0,1,0.916290731874155,-1.40450661596289,1.40304913196726
3853780,"Just Grandma and Me",2025-08-28,"2025-08",0,1,0,0,9.99,9.99,0,"USD",3,3,0,1,0,"3 user reviews",2026-09-12 17:15:23.134431,2026-09-13 19:49:46.964592,2026-09-13,2026-09-12,381,"Windows only","$5.00-$9.99",2.39698576841553,0,1,1,0,0,0,0,0,0,0,0,0,0,1,2.39698576841553,0.615309661548216,0.690284068290236
3853960,"Rolling Ball: HD Remaster",2025-07-26,"2025-07",0,1,1,0,59.99,59.99,0,"USD",2,1,1,0.5,0,"2 user reviews",2026-09-12 17:15:27.276888,2026-09-13 19:49:49.194038,2026-09-13,2026-09-12,414,"Windows + macOS","$30.00+",4.11070991630837,0,0,1,0,0,0,1,0,0,1,1,0,1,1,4.11070991630837,2.95300097789313,1.32599344940758
3854020,"DACHA",2025-09-16,"2025-09",0,1,0,0,4.99,4.99,0,"USD",73,56,17,0.767123287671233,6,"Mostly Positive",2026-09-12 17:15:29.300152,2026-09-13 19:49:51.405283,2026-09-13,2026-09-12,362,"Windows only","$0.01-$4.99",1.79009141212736,0,1,1,0,0,0,1,0,0,0,1,0,0,1,1.79009141212736,-0.212555002889199,0.324269576131765
3854060,"FlippUp",2025-12-30,"2025-12",0,1,0,1,9.99,9.99,0,"USD",76,64,12,0.842105263157895,8,"Very Positive",2026-09-12 17:15:35.642507,2026-09-13 19:49:53.413923,2026-09-13,2026-09-12,257,"Windows + Linux","$5.00-$9.99",2.39698576841553,1,1,0,0,0,0,1,0,0,0,0,0,0,1,2.39698576841553,0.615309661548216,-1.69844209105978
3854120,"Fawn The Florist",2025-11-20,"2025-11",1,1,1,0,,,,,0,0,0,,0,"No user reviews",2026-09-12 17:15:37.659308,2026-09-13 19:49:55.572485,2026-09-13,2026-09-12,297,"Windows + macOS","Free",,0,0,1,0,1,0,1,0,0,0,1,0,0,0,,0,-0.927885265463002
3854270,"Midnight Murder Maze",2025-10-01,"2025-10",0,1,0,0,6.99,6.99,0,"USD",12,12,0,1,7,"Positive",2026-09-12 17:15:41.961074,2026-09-13 19:49:57.70052,2026-09-13,2026-09-12,347,"Windows only","$5.00-$9.99",2.07819075977818,1,0,0,0,0,0,0,0,0,0,0,0,0,1,2.07819075977818,0.18044135190692,0.0353107665329729
3854330,"My Little Spider",2025-11-07,"2025-11",0,1,0,0,4.99,4.99,0,"USD",387,365,22,0.943152454780362,8,"Very Positive",2026-09-12 17:15:46.18278,2026-09-13 19:49:59.897583,2026-09-13,2026-09-12,310,"Windows only","$0.01-$4.99",1.79009141212736,0,1,1,0,0,0,1,0,0,0,1,0,0,1,1.79009141212736,-0.212555002889199,-0.677454297144048
3854340,"The Abyssal Descent",2025-07-23,"2025-07",0,1,0,0,0.99,0.99,0,"USD",1,1,0,1,0,"1 user reviews",2026-09-12 17:15:48.258081,2026-09-13 19:50:02.123398,2026-09-13,2026-09-12,417,"Windows only","$0.01-$4.99",0.688134638736401,1,0,0,0,0,0,1,0,0,0,0,0,0,1,0.688134638736401,-1.71573437006504,1.38378521132734
3854410,"ZahmahreL - Chapter 1",2025-09-05,"2025-09",0,1,0,0,4.99,4.99,0,"USD",54,34,20,0.62962962962963,5,"Mixed",2026-09-12 17:15:52.641594,2026-09-13 19:50:04.306964,2026-09-13,2026-09-12,373,"Windows only","$0.01-$4.99",1.79009141212736,0,1,0,0,0,0,1,0,0,0,0,0,0,1,1.79009141212736,-0.212555002889199,0.53617270317088
3854760,"Tentaphage",2025-08-29,"2025-08",0,1,0,0,4.99,4.99,0,"USD",3,3,0,1,0,"3 user reviews",2026-09-12 17:16:13.79612,2026-09-13 19:50:06.486068,2026-09-13,2026-09-12,380,"Windows only","$0.01-$4.99",1.79009141212736,0,1,0,0,0,0,1,0,0,0,0,0,0,1,1.79009141212736,-0.212555002889199,0.671020147650316
3854840,"TICKTICKBOOM!",2025-09-26,"2025-09",0,1,0,0,0.99,0.99,0,"USD",0,0,0,,0,"No user reviews",2026-09-12 17:16:18.126271,2026-09-13 19:50:08.660803,2026-09-13,2026-09-12,352,"Windows only","$0.01-$4.99",0.688134638736401,0,0,0,0,0,0,1,0,0,0,0,0,1,0,0.688134638736401,-1.71573437006504,0.13163036973257
3854990,"TryAngle: Shapes Warfare",2025-11-28,"2025-11",0,1,0,0,1.99,1.99,0,"USD",2,2,0,1,0,"2 user reviews",2026-09-12 17:16:26.517905,2026-09-13 19:50:10.908557,2026-09-13,2026-09-12,289,"Windows only","$0.01-$4.99",1.0952733874026,1,0,1,0,0,0,1,0,0,0,0,0,0,1,1.0952733874026,-1.16035635402041,-1.08199663058236
3855000,"Re:Call",2025-08-08,"2025-08",0,1,0,1,18.99,18.99,0,"USD",0,0,0,,0,"No user reviews",2026-09-12 17:16:28.746793,2026-09-13 19:50:13.165585,2026-09-13,2026-09-12,401,"Windows + Linux","$10.00-$19.99",2.99523214851231,0,1,1,0,0,0,0,0,0,0,0,0,0,0,2.99523214851231,1.43137762062238,1.07556248108863
3855280,"space warrior",2025-07-29,"2025-07",0,1,0,0,29.99,29.99,0,"USD",0,0,0,,0,"No user reviews",2026-09-12 17:16:35.142212,2026-09-13 19:50:15.300578,2026-09-13,2026-09-12,411,"Windows only","$20.00-$29.99",3.43366457179966,0,0,1,0,0,0,0,0,0,0,0,0,0,0,3.43366457179966,2.02944334198315,1.26820168748782
3855620,"GHOST OF THE DICED STEAK",2025-08-30,"2025-08",0,1,0,0,2.99,2.99,0,"USD",10,8,2,0.8,7,"Positive",2026-09-12 17:16:43.601281,2026-09-13 19:50:17.53049,2026-09-13,2026-09-12,379,"Windows only","$0.01-$4.99",1.38379123090177,1,0,0,0,0,0,0,0,0,0,1,0,0,1,1.38379123090177,-0.766789128987195,0.651756227010397
3856010,"Space Travel:Chronicles",2025-07-28,"2025-07",0,1,0,0,6.99,6.99,0,"USD",1,1,0,1,0,"1 user reviews",2026-09-12 17:16:56.437046,2026-09-13 19:50:19.692382,2026-09-13,2026-09-12,412,"Windows only","$5.00-$9.99",2.07819075977818,0,1,0,0,0,0,1,0,1,0,0,0,0,1,2.07819075977818,0.18044135190692,1.28746560812774
3857170,"Space Depot",2025-07-22,"2025-07",0,1,0,0,1.99,1.99,0,"USD",1,0,1,0,0,"1 user reviews",2026-09-12 17:17:15.685566,2026-09-13 19:50:21.869966,2026-09-13,2026-09-12,418,"Windows only","$0.01-$4.99",1.0952733874026,0,0,0,0,0,0,1,0,0,0,1,0,0,1,1.0952733874026,-1.16035635402041,1.40304913196726
3857180,"Neo - The Rainbow Sorcerer",2025-07-31,"2025-07",1,1,1,0,,,,,0,0,0,,0,"No user reviews",2026-09-12 17:17:17.695345,2026-09-13 19:50:23.952436,2026-09-13,2026-09-12,409,"Windows + macOS","Free",,1,0,1,0,1,0,1,0,0,0,0,0,0,0,,0,1.22967384620798
3857380,"NIGHTRAVEL",2025-10-24,"2025-10",1,1,0,0,,,,,0,0,0,,0,"No user reviews",2026-09-12 17:17:24.12971,2026-09-13 19:50:26.000585,2026-09-13,2026-09-12,324,"Windows only","Free",,1,0,0,0,1,0,0,0,0,0,0,0,0,0,,0,-0.407759408185175
3857770,"Backmooms",2025-07-21,"2025-07",0,1,0,0,1.99,1.99,0,"USD",136,116,20,0.852941176470588,8,"Very Positive",2026-09-12 17:17:35.107435,2026-09-13 19:50:28.145562,2026-09-13,2026-09-12,419,"Windows only","$0.01-$4.99",1.0952733874026,1,1,1,0,0,0,1,0,0,0,0,0,0,1,1.0952733874026,-1.16035635402041,1.42231305260718
3857830,"Ball Tag",2025-11-30,"2025-11",1,1,0,0,,,,,0,0,0,,0,"No user reviews",2026-09-12 17:17:37.183004,2026-09-13 19:50:30.340635,2026-09-13,2026-09-12,287,"Windows only","Free",,0,0,0,0,1,0,1,0,0,0,0,0,0,0,,0,-1.1205244718622
3857980,"Anyone in the house？",2025-11-11,"2025-11",0,1,0,0,3.99,3.99,0,"USD",22,17,5,0.772727272727273,6,"Mostly Positive",2026-09-13 05:50:14.136533,2026-09-13 19:50:32.539756,2026-09-13,2026-09-13,306,"Windows only","$0.01-$4.99",1.60743590976343,0,1,0,0,0,0,1,0,0,0,1,0,0,1,1.60743590976343,-0.461715395641907,-0.754509979703726
3858120,"Chess of Fortune",2025-07-29,"2025-07",0,1,0,0,3.99,3.99,0,"USD",0,0,0,,0,"No user reviews",2026-09-13 05:50:16.22982,2026-09-13 19:50:34.784963,2026-09-13,2026-09-13,411,"Windows only","$0.01-$4.99",1.60743590976343,0,0,1,0,0,0,1,0,0,0,0,0,1,0,1.60743590976343,-0.461715395641907,1.26820168748782
3858370,"Figure Shop Simulator: Prologue",2025-07-21,"2025-07",1,1,0,0,,,,,0,0,0,,0,"No user reviews",2026-09-12 17:24:58.059549,2026-09-13 19:50:36.834282,2026-09-13,2026-09-12,419,"Windows only","Free",,0,0,1,0,1,0,1,0,0,0,1,0,0,0,,0,1.42231305260718
3858850,"Hydra Heli",2025-09-15,"2025-09",0,1,0,0,4.99,3.24,35,"USD",83,76,7,0.91566265060241,8,"Very Positive",2026-09-12 17:31:23.983977,2026-09-13 19:50:38.905287,2026-09-13,2026-09-12,363,"Windows only","$0.01-$4.99",1.44456326924387,1,0,1,0,0,0,1,0,0,0,1,0,1,1,1.44456326924387,-0.683889984172333,0.343533496771685
3858940,"Meeting Places",2025-12-09,"2025-12",0,1,0,1,3.99,3.99,0,"USD",0,0,0,,0,"No user reviews",2026-09-12 17:31:26.139061,2026-09-13 19:50:40.948665,2026-09-13,2026-09-12,278,"Windows + Linux","$0.01-$4.99",1.60743590976343,0,0,1,0,0,0,1,0,0,0,1,0,1,0,1.60743590976343,-0.461715395641907,-1.29389975762147
3859020,"Orbital Purge",2025-09-16,"2025-09",0,1,0,1,3.99,3.99,0,"USD",0,0,0,,0,"No user reviews",2026-09-12 17:31:30.416429,2026-09-13 19:50:43.072499,2026-09-13,2026-09-12,362,"Windows + Linux","$0.01-$4.99",1.60743590976343,1,0,1,0,0,0,1,0,0,0,0,0,0,0,1.60743590976343,-0.461715395641907,0.324269576131765
3859300,"Dancing with Shadows: Prologue",2025-08-07,"2025-08",1,1,0,0,,,,,0,0,0,,0,"No user reviews",2026-09-12 17:31:41.164498,2026-09-13 19:50:45.268677,2026-09-13,2026-09-12,402,"Windows only","Free",,0,1,0,0,1,0,0,0,1,0,0,0,0,0,,0,1.09482640172854
3859720,"Drow Space Shooter",2025-07-22,"2025-07",0,1,0,1,9.99,9.99,0,"USD",0,0,0,,0,"No user reviews",2026-09-12 17:31:58.227047,2026-09-13 19:50:47.323592,2026-09-13,2026-09-12,418,"Windows + Linux","$5.00-$9.99",2.39698576841553,1,0,1,0,0,0,0,0,0,0,0,0,0,0,2.39698576841553,0.615309661548216,1.40304913196726
3859950,"Tile Tempest",2025-11-11,"2025-11",0,1,1,1,4.99,4.99,0,"USD",0,0,0,,0,"No user reviews",2026-09-12 17:32:11.384967,2026-09-13 19:50:49.390294,2026-09-13,2026-09-12,306,"Windows + macOS + Linux","$0.01-$4.99",1.79009141212736,0,0,1,0,0,0,1,0,0,0,0,0,0,0,1.79009141212736,-0.212555002889199,-0.754509979703726
3860020,"Wise in the Heights",2025-07-24,"2025-07",0,1,0,0,0.99,0.99,0,"USD",1,1,0,1,0,"1 user reviews",2026-09-12 17:32:15.486489,2026-09-13 19:50:51.581226,2026-09-13,2026-09-12,416,"Windows only","$0.01-$4.99",0.688134638736401,0,1,1,0,0,0,1,0,0,0,0,0,0,1,0.688134638736401,-1.71573437006504,1.36452129068742
3860040,"躁のあなた鬱のあたし｜Manic you and depressed me",2025-08-17,"2025-08",0,1,0,0,14.99,14.99,0,"USD",4,3,1,0.75,0,"4 user reviews",2026-09-12 17:32:17.545659,2026-09-13 19:50:53.777857,2026-09-13,2026-09-12,392,"Windows only","$10.00-$19.99",2.77196352684586,0,1,1,0,0,0,0,0,0,0,1,0,0,1,2.77196352684586,1.12681686694233,0.90218719532935
3860080,"МЕМАСИКИ 2 Олдскулы свело",2025-07-21,"2025-07",0,1,0,0,0.99,0.99,0,"USD",27,20,7,0.740740740740741,6,"Mostly Positive",2026-09-12 17:32:21.921286,2026-09-13 19:50:55.946843,2026-09-13,2026-09-12,419,"Windows only","$0.01-$4.99",0.688134638736401,0,1,1,0,0,0,1,0,0,0,0,0,0,1,0.688134638736401,-1.71573437006504,1.42231305260718
3860440,"Parking Simulator",2025-11-03,"2025-11",0,1,0,0,7.99,6.79,15,"USD",19,19,0,1,7,"Positive",2026-09-12 17:32:43.524209,2026-09-13 19:50:58.0667,2026-09-13,2026-09-12,314,"Windows only","$5.00-$9.99",2.05284085988266,0,0,1,0,0,0,1,0,0,0,1,0,0,1,2.05284085988266,0.145861550409199,-0.60039861458437
3861060,"Scooter Slayer",2025-07-23,"2025-07",0,1,0,0,2.99,2.99,0,"USD",3,3,0,1,0,"3 user reviews",2026-09-12 17:33:00.642951,2026-09-13 19:51:00.229195,2026-09-13,2026-09-12,417,"Windows only","$0.01-$4.99",1.38379123090177,0,0,1,0,0,0,1,0,0,1,0,0,0,1,1.38379123090177,-0.766789128987195,1.38378521132734
3861140,"Agent Versus",2025-11-20,"2025-11",0,1,0,0,5.99,5.99,0,"USD",7,7,0,1,0,"7 user reviews",2026-09-12 17:33:05.080125,2026-09-13 19:51:02.304278,2026-09-13,2026-09-12,297,"Windows only","$5.00-$9.99",1.94448055624572,1,0,1,0,0,0,1,0,1,0,1,0,0,1,1.94448055624572,-0.00195275282042951,-0.927885265463002
3861500,"Stranglehold of the Elite",2025-09-21,"2025-09",0,1,1,1,5,5,0,"USD",0,0,0,,0,"No user reviews",2026-09-12 17:33:19.559423,2026-09-13 19:51:04.49148,2026-09-13,2026-09-12,357,"Windows + macOS + Linux","$5.00-$9.99",1.79175946922805,1,1,1,0,0,0,1,0,0,0,0,0,0,0,1.79175946922805,-0.210279605997429,0.227949972932168
3861560,"Planet Drop",2025-08-28,"2025-08",0,1,0,0,3.99,3.99,0,"USD",3,3,0,1,0,"3 user reviews",2026-09-12 17:33:21.743235,2026-09-13 19:51:06.591758,2026-09-13,2026-09-12,381,"Windows only","$0.01-$4.99",1.60743590976343,0,0,1,0,0,0,1,0,0,0,0,0,0,1,1.60743590976343,-0.461715395641907,0.690284068290236
3861720,"Ruby's Realms",2025-09-25,"2025-09",0,1,1,0,6.99,6.99,0,"USD",1,1,0,1,0,"1 user reviews",2026-09-12 17:33:30.435439,2026-09-13 19:51:08.663628,2026-09-13,2026-09-12,353,"Windows + macOS","$5.00-$9.99",2.07819075977818,1,1,1,0,0,0,1,0,0,0,0,0,0,1,2.07819075977818,0.18044135190692,0.15089429037249
3861930,"Pieces To Find",2025-08-12,"2025-08",0,1,0,0,6.99,6.99,0,"USD",1,1,0,1,0,"1 user reviews",2026-09-12 17:33:34.869503,2026-09-13 19:51:10.731523,2026-09-13,2026-09-12,397,"Windows only","$5.00-$9.99",2.07819075977818,0,0,0,1,0,0,1,0,0,0,0,0,0,1,2.07819075977818,0.18044135190692,0.998506798528947
3862060,"My First PC Game",2025-09-19,"2025-09",0,1,0,0,0.99,0.99,0,"USD",2,2,0,1,0,"2 user reviews",2026-09-12 17:33:41.441249,2026-09-13 19:51:12.953993,2026-09-13,2026-09-12,359,"Windows only","$0.01-$4.99",0.688134638736401,0,0,1,1,0,0,1,0,0,0,0,0,0,1,0.688134638736401,-1.71573437006504,0.266477814212007
3862620,"Generic Idler",2025-07-29,"2025-07",0,1,0,0,2.99,2.99,0,"USD",1,0,1,0,0,"1 user reviews",2026-09-12 17:33:54.336483,2026-09-13 19:51:15.163773,2026-09-13,2026-09-12,411,"Windows only","$0.01-$4.99",1.38379123090177,0,1,1,0,0,0,0,0,1,0,0,0,0,1,1.38379123090177,-0.766789128987195,1.26820168748782
3862700,"A Minor Pest Problem",2025-08-12,"2025-08",0,1,0,0,4.99,4.99,0,"USD",0,0,0,,0,"No user reviews",2026-09-12 17:34:05.065606,2026-09-13 19:51:17.311235,2026-09-13,2026-09-12,397,"Windows only","$0.01-$4.99",1.79009141212736,1,0,0,1,0,0,1,0,0,0,0,0,0,0,1.79009141212736,-0.212555002889199,0.998506798528947
3862710,"Vita: The Ember Oracle",2025-10-21,"2025-10",0,1,0,0,6.99,6.99,0,"USD",1,1,0,1,0,"1 user reviews",2026-09-12 17:34:07.264647,2026-09-13 19:51:19.3588,2026-09-13,2026-09-12,327,"Windows only","$5.00-$9.99",2.07819075977818,0,0,0,0,0,0,0,0,1,0,0,0,0,1,2.07819075977818,0.18044135190692,-0.349967646265417
3863120,"Machine TakeOver",2025-12-26,"2025-12",0,1,0,0,6.99,6.99,0,"USD",2,0,2,0,0,"2 user reviews",2026-09-12 17:34:23.907408,2026-09-13 19:51:21.584787,2026-09-13,2026-09-12,261,"Windows only","$5.00-$9.99",2.07819075977818,1,1,0,0,0,0,0,0,1,0,0,0,0,1,2.07819075977818,0.18044135190692,-1.6213864085001
3863130,"Galduen of the Void",2025-10-12,"2025-10",1,1,0,1,,,,,0,0,0,,0,"No user reviews",2026-09-12 17:34:46.192001,2026-09-13 19:51:23.764408,2026-09-13,2026-09-12,336,"Windows + Linux","Free",,0,0,0,0,1,0,1,0,0,0,1,0,1,0,,0,-0.176592360506141
3863220,"Hypercore",2025-08-06,"2025-08",0,1,1,0,4.99,4.99,0,"USD",5,5,0,1,0,"5 user reviews",2026-09-12 17:34:48.390728,2026-09-13 19:51:25.876863,2026-09-13,2026-09-12,403,"Windows + macOS","$0.01-$4.99",1.79009141212736,1,1,1,0,0,0,1,0,0,1,0,0,0,1,1.79009141212736,-0.212555002889199,1.11409032236846
3863300,"Deep Inside: Amore sola mi fa remirare",2025-08-31,"2025-08",1,1,0,0,,,,,0,0,0,,0,"No user reviews",2026-09-12 17:34:50.588754,2026-09-13 19:51:28.086683,2026-09-13,2026-09-12,378,"Windows only","Free",,0,0,0,0,1,0,1,0,1,0,0,0,0,0,,0,0.632492306370477
3863340,"Ramona",2025-10-31,"2025-10",0,1,0,0,9.99,9.99,0,"USD",47,36,11,0.765957446808511,6,"Mostly Positive",2026-09-12 17:34:52.786133,2026-09-13 19:51:30.283822,2026-09-13,2026-09-12,317,"Windows only","$5.00-$9.99",2.39698576841553,1,1,0,0,0,0,1,0,0,0,1,0,1,1,2.39698576841553,0.615309661548216,-0.542606852664612
3863590,"Beltion: Beyond Ritual",2025-07-11,"2025-07",0,1,0,0,5.99,5.99,0,"USD",43,35,8,0.813953488372093,7,"Positive",2026-09-12 17:35:03.505165,2026-09-13 19:51:32.307744,2026-09-13,2026-09-12,429,"Windows only","$5.00-$9.99",1.94448055624572,1,1,0,0,0,0,0,0,1,0,0,0,0,1,1.94448055624572,-0.00195275282042951,1.61495225900637
3863990,"FOREST SURVIVAL",2025-08-08,"2025-08",0,1,0,0,0.99,0.99,0,"USD",1,1,0,1,0,"1 user reviews",2026-09-12 17:35:24.929364,2026-09-13 19:51:34.380546,2026-09-13,2026-09-12,401,"Windows only","$0.01-$4.99",0.688134638736401,1,0,0,0,0,0,1,0,0,0,0,0,0,1,0.688134638736401,-1.71573437006504,1.07556248108863
3864010,"I Am Sakuya FPS: Lunarian Invasion",2025-09-25,"2025-09",0,1,0,0,9.99,6.49,35,"USD",50,34,16,0.68,5,"Mixed",2026-09-12 17:35:27.096038,2026-09-13 19:51:36.381908,2026-09-13,2026-09-12,353,"Windows only","$5.00-$9.99",2.01356879752913,1,0,0,0,0,0,0,0,0,0,0,0,0,1,2.01356879752913,0.0922905254273295,0.15089429037249
3864070,"Sea Hotel : Fish Scales",2025-08-07,"2025-08",0,1,0,0,4.99,4.99,0,"USD",4,2,2,0.5,0,"4 user reviews",2026-09-12 17:35:31.417106,2026-09-13 19:51:38.562537,2026-09-13,2026-09-12,402,"Windows only","$0.01-$4.99",1.79009141212736,0,0,1,0,0,0,1,0,0,0,0,0,0,1,1.79009141212736,-0.212555002889199,1.09482640172854
3865190,"Jump Slash",2025-11-07,"2025-11",1,1,0,0,,,,,0,0,0,,0,"No user reviews",2026-09-12 17:35:48.050636,2026-09-13 19:51:40.672982,2026-09-13,2026-09-12,310,"Windows only","Free",,0,1,1,0,1,0,1,0,0,0,0,0,0,0,,0,-0.677454297144048
3865340,"Deadcam",2025-11-05,"2025-11",0,1,0,0,7.99,7.99,0,"USD",61,44,17,0.721311475409836,6,"Mostly Positive",2026-09-12 17:35:50.09784,2026-09-13 19:51:42.702347,2026-09-13,2026-09-12,312,"Windows only","$5.00-$9.99",2.19611284848353,1,1,0,0,0,0,1,0,0,0,0,0,0,1,2.19611284848353,0.341298887298887,-0.638926455864209
3865970,"Mad Birds",2025-08-01,"2025-08",0,1,0,0,2.99,2.99,0,"USD",0,0,0,,0,"No user reviews",2026-09-12 17:35:58.69684,2026-09-13 19:51:44.948758,2026-09-13,2026-09-12,408,"Windows only","$0.01-$4.99",1.38379123090177,0,0,1,0,0,0,1,0,0,0,0,0,0,0,1.38379123090177,-0.766789128987195,1.21040992556806
3865990,"The Three Cardinals",2025-10-16,"2025-10",0,1,0,0,4.99,4.99,0,"USD",1,1,0,1,0,"1 user reviews",2026-09-12 17:36:00.741937,2026-09-13 19:51:47.169516,2026-09-13,2026-09-12,332,"Windows only","$0.01-$4.99",1.79009141212736,0,1,1,0,0,0,1,0,0,0,0,0,0,1,1.79009141212736,-0.212555002889199,-0.253648043065819
3866030,"Escoba",2025-10-04,"2025-10",0,1,0,0,4.99,4.99,0,"USD",0,0,0,,0,"No user reviews",2026-09-12 17:36:04.916113,2026-09-13 19:51:49.347416,2026-09-13,2026-09-12,344,"Windows only","$0.01-$4.99",1.79009141212736,0,0,0,0,0,0,0,0,0,0,0,0,1,0,1.79009141212736,-0.212555002889199,-0.0224809953867855
3866320,"What Happened Here?",2025-07-23,"2025-07",1,1,1,0,,,,,0,0,0,,0,"No user reviews",2026-09-12 17:36:13.615292,2026-09-13 19:51:51.415147,2026-09-13,2026-09-12,417,"Windows + macOS","Free",,0,1,0,0,1,0,1,0,1,0,0,0,0,0,,0,1.38378521132734
3866620,"From The Dark",2025-10-24,"2025-10",0,1,0,0,4.99,4.99,0,"USD",5,4,1,0.8,0,"5 user reviews",2026-09-12 17:36:15.747839,2026-09-13 19:51:53.464562,2026-09-13,2026-09-12,324,"Windows only","$0.01-$4.99",1.79009141212736,1,1,1,1,0,0,1,0,1,0,0,0,0,1,1.79009141212736,-0.212555002889199,-0.407759408185175
3866660,"Forgotten Beginnings: A New Afterlife",2025-07-28,"2025-07",1,1,0,0,,,,,0,0,0,,0,"No user reviews",2026-09-12 17:36:17.9589,2026-09-13 19:51:55.694627,2026-09-13,2026-09-12,412,"Windows only","Free",,0,0,0,0,1,0,0,0,1,0,0,0,0,0,,0,1.28746560812774
3866730,"試される大地 Challenging Land",2025-08-14,"2025-08",1,1,0,0,,,,,0,0,0,,0,"No user reviews",2026-09-12 17:36:21.988044,2026-09-13 19:51:57.908351,2026-09-13,2026-09-12,395,"Windows only","Free",,0,0,0,0,1,0,0,0,1,0,1,0,0,0,,0,0.959978957249108
3867530,"Way to Town",2025-08-15,"2025-08",0,1,0,0,1.99,1.99,0,"USD",3,3,0,1,0,"3 user reviews",2026-09-12 17:36:37.042053,2026-09-13 19:52:00.139342,2026-09-13,2026-09-12,394,"Windows only","$0.01-$4.99",1.0952733874026,0,1,1,0,0,0,1,0,0,0,0,0,0,1,1.0952733874026,-1.16035635402041,0.940715036609189
3867800,"战略三国",2025-09-24,"2025-09",1,1,0,0,,,,,0,0,0,,0,"No user reviews",2026-09-12 17:36:49.635499,2026-09-13 19:52:02.191305,2026-09-13,2026-09-12,354,"Windows only","Free",,0,0,0,0,1,0,0,1,1,0,0,0,1,0,,0,0.170158211012409
3868390,"Chop It Down",2025-07-30,"2025-07",0,1,0,0,0.99,0.99,0,"USD",2,2,0,1,0,"2 user reviews",2026-09-12 17:37:06.402742,2026-09-13 19:52:04.340425,2026-09-13,2026-09-12,410,"Windows only","$0.01-$4.99",0.688134638736401,0,0,1,0,0,0,0,0,0,0,0,0,0,1,0.688134638736401,-1.71573437006504,1.2489377668479
3868480,"The Inconvenient Platformer",2025-07-31,"2025-07",0,1,0,0,4.99,4.99,0,"USD",6,6,0,1,0,"6 user reviews",2026-09-12 17:37:12.692063,2026-09-13 19:52:06.594155,2026-09-13,2026-09-12,409,"Windows only","$0.01-$4.99",1.79009141212736,0,0,0,0,0,0,1,0,0,0,0,0,0,1,1.79009141212736,-0.212555002889199,1.22967384620798
3868490,"Marshals of Yore",2025-10-22,"2025-10",0,1,0,0,4.99,4.99,0,"USD",30,27,3,0.9,7,"Positive",2026-09-12 17:37:14.79289,2026-09-13 19:52:08.708036,2026-09-13,2026-09-12,326,"Windows only","$0.01-$4.99",1.79009141212736,0,0,0,0,0,0,1,0,1,0,0,0,1,1,1.79009141212736,-0.212555002889199,-0.369231566905336
3868610,"Glitch",2025-10-30,"2025-10",0,1,0,0,1.85,1.85,0,"USD",29,26,3,0.896551724137931,7,"Positive",2026-09-12 17:37:20.995164,2026-09-13 19:52:10.773492,2026-09-13,2026-09-12,318,"Windows only","$0.01-$4.99",1.04731899428056,0,0,0,0,0,0,1,0,0,0,0,0,0,1,1.04731899428056,-1.2257709474483,-0.523342932024692
3868630,"Serra de Deus",2025-11-14,"2025-11",0,1,0,1,4.99,4.99,0,"USD",85,80,5,0.941176470588235,8,"Very Positive",2026-09-12 17:37:23.094137,2026-09-13 19:52:13.024886,2026-09-13,2026-09-12,303,"Windows + Linux","$0.01-$4.99",1.79009141212736,1,1,1,0,0,0,1,0,0,0,1,0,0,1,1.79009141212736,-0.212555002889199,-0.812301741623485
3868850,"MISHA",2025-10-28,"2025-10",1,1,0,0,,,,,0,0,0,,0,"No user reviews",2026-09-12 17:37:31.515599,2026-09-13 19:52:15.261629,2026-09-13,2026-09-12,320,"Windows only","Free",,0,0,1,0,1,0,0,0,0,0,0,0,0,0,,0,-0.484815090744853
3868950,"The Witch's fabulous Cracker Show",2025-11-14,"2025-11",1,1,0,0,,,,,0,0,0,,0,"No user reviews",2026-09-12 17:37:33.544036,2026-09-13 19:52:17.410357,2026-09-13,2026-09-12,303,"Windows only","Free",,0,1,0,0,1,0,1,0,1,0,0,0,0,0,,0,-0.812301741623485
3869100,"TearItUp<U+00AE> Remix",2025-12-24,"2025-12",0,1,1,1,5.99,5.99,0,"USD",2,2,0,1,0,"2 user reviews",2026-09-12 17:37:39.915734,2026-09-13 19:52:19.641912,2026-09-13,2026-09-12,263,"Windows + macOS + Linux","$5.00-$9.99",1.94448055624572,1,1,0,0,0,0,1,0,0,1,1,1,0,1,1.94448055624572,-0.00195275282042951,-1.58285856722026
3869160,"Info Fighter",2025-08-11,"2025-08",0,1,0,0,1.99,1.99,0,"USD",2,2,0,1,0,"2 user reviews",2026-09-12 17:37:42.1553,2026-09-13 19:52:21.900937,2026-09-13,2026-09-12,398,"Windows only","$0.01-$4.99",1.0952733874026,1,0,0,0,0,0,1,0,0,0,0,0,0,1,1.0952733874026,-1.16035635402041,1.01777071916887
3869240,"The Man in the Park",2025-07-29,"2025-07",1,1,0,0,,,,,0,0,0,,0,"No user reviews",2026-09-12 17:37:44.394317,2026-09-13 19:52:24.10528,2026-09-13,2026-09-12,411,"Windows only","Free",,0,1,0,0,1,0,1,0,0,0,0,0,0,0,,0,1.26820168748782
3869380,"Agu",2025-08-04,"2025-08",0,1,0,0,2.99,2.99,0,"USD",19,18,1,0.947368421052632,7,"Positive",2026-09-12 17:37:48.641087,2026-09-13 19:52:26.284909,2026-09-13,2026-09-12,405,"Windows only","$0.01-$4.99",1.38379123090177,1,1,1,1,0,0,1,0,0,0,0,0,0,1,1.38379123090177,-0.766789128987195,1.1526181636483
3869460,"GluMe",2025-11-03,"2025-11",0,1,0,0,4.99,4.99,0,"USD",14,14,0,1,7,"Positive",2026-09-12 17:37:50.678094,2026-09-13 19:52:28.296133,2026-09-13,2026-09-12,314,"Windows only","$0.01-$4.99",1.79009141212736,0,0,1,0,0,0,1,0,0,0,0,0,0,1,1.79009141212736,-0.212555002889199,-0.60039861458437
3869480,"Attrition",2025-12-15,"2025-12",0,1,0,0,5.99,5.99,0,"USD",3,3,0,1,0,"3 user reviews",2026-09-12 17:37:52.777303,2026-09-13 19:52:30.363536,2026-09-13,2026-09-12,272,"Windows only","$5.00-$9.99",1.94448055624572,1,0,0,1,0,0,1,0,1,0,0,0,1,1,1.94448055624572,-0.00195275282042951,-1.40948328146099
3869490,"GeneBreak",2025-09-01,"2025-09",0,1,0,0,0.99,0.99,0,"USD",3,3,0,1,0,"3 user reviews",2026-09-12 17:37:54.948376,2026-09-13 19:52:32.383004,2026-09-13,2026-09-12,377,"Windows only","$0.01-$4.99",0.688134638736401,1,1,0,0,0,0,1,0,0,0,0,0,0,1,0.688134638736401,-1.71573437006504,0.613228385730558
3869860,"Chest！Gotcha！",2025-10-22,"2025-10",0,1,0,0,1.99,1.99,0,"USD",0,0,0,,0,"No user reviews",2026-09-12 17:38:03.400148,2026-09-13 19:52:34.481231,2026-09-13,2026-09-12,326,"Windows only","$0.01-$4.99",1.0952733874026,0,0,1,0,0,0,1,0,0,0,0,1,0,0,1.0952733874026,-1.16035635402041,-0.369231566905336
3870020,"Phil in the Mirror",2025-11-28,"2025-11",0,1,0,0,9.99,9.99,0,"USD",38,36,2,0.947368421052632,7,"Positive",2026-09-12 17:38:07.5847,2026-09-13 19:52:36.595718,2026-09-13,2026-09-12,289,"Windows only","$5.00-$9.99",2.39698576841553,1,1,0,0,0,0,1,0,0,0,1,0,0,1,2.39698576841553,0.615309661548216,-1.08199663058236
3870210,"Gray Goo",2025-07-26,"2025-07",0,1,0,0,1.99,1.99,0,"USD",6,6,0,1,0,"6 user reviews",2026-09-12 17:38:15.938119,2026-09-13 19:52:38.636735,2026-09-13,2026-09-12,414,"Windows only","$0.01-$4.99",1.0952733874026,1,0,1,0,0,0,1,0,0,0,0,0,0,1,1.0952733874026,-1.16035635402041,1.32599344940758
3870780,"Nekurogahara: Ronin Psyche",2025-12-01,"2025-12",0,1,0,0,14.99,14.99,0,"USD",4,3,1,0.75,0,"4 user reviews",2026-09-12 17:38:41.624112,2026-09-13 19:52:40.859014,2026-09-13,2026-09-12,286,"Windows only","$10.00-$19.99",2.77196352684586,1,0,0,0,0,0,0,0,0,0,0,0,0,1,2.77196352684586,1.12681686694233,-1.13978839250212
3870960,"Lost in Loss",2025-11-04,"2025-11",0,1,0,1,9.99,9.99,0,"USD",14,10,4,0.714285714285714,6,"Mostly Positive",2026-09-12 17:38:50.124664,2026-09-13 19:52:42.927305,2026-09-13,2026-09-12,313,"Windows + Linux","$5.00-$9.99",2.39698576841553,0,0,1,0,0,0,1,0,0,0,0,0,0,1,2.39698576841553,0.615309661548216,-0.61966253522429
3871150,"Throne Alone",2025-10-22,"2025-10",0,1,0,0,4.99,4.99,0,"USD",13,12,1,0.923076923076923,7,"Positive",2026-09-12 17:38:54.388503,2026-09-13 19:52:45.000939,2026-09-13,2026-09-12,326,"Windows only","$0.01-$4.99",1.79009141212736,1,1,1,0,0,0,0,0,0,0,0,0,0,1,1.79009141212736,-0.212555002889199,-0.369231566905336
3871180,"One more gem",2025-12-20,"2025-12",0,1,1,1,15.99,15.99,0,"USD",7,7,0,1,0,"7 user reviews",2026-09-12 17:38:58.665852,2026-09-13 19:52:47.083777,2026-09-13,2026-09-12,267,"Windows + macOS + Linux","$10.00-$19.99",2.83262493568384,1,0,1,0,0,0,0,0,0,0,0,0,1,1,2.83262493568384,1.20956510203731,-1.50580288466059
3871250,"Summit Drive a game by Luke Kim",2025-12-19,"2025-12",0,1,0,0,7.99,7.99,0,"USD",26,26,0,1,7,"Positive",2026-09-12 17:39:02.977782,2026-09-13 19:52:49.228712,2026-09-13,2026-09-12,268,"Windows only","$5.00-$9.99",2.19611284848353,0,1,1,0,0,0,1,0,0,0,1,0,0,1,2.19611284848353,0.341298887298887,-1.48653896402067
3871740,"Behind You",2025-08-01,"2025-08",1,1,0,0,,,,,13,13,0,1,7,"Positive",2026-09-12 17:39:13.594998,2026-09-13 19:52:51.427621,2026-09-13,2026-09-12,408,"Windows only","Free",,1,0,0,0,1,0,1,0,0,0,0,0,0,1,,0,1.21040992556806
3872880,"Domino！",2025-07-30,"2025-07",0,1,0,0,2.99,2.99,0,"USD",0,0,0,,0,"No user reviews",2026-09-12 17:39:34.955819,2026-09-13 19:52:53.672186,2026-09-13,2026-09-12,410,"Windows only","$0.01-$4.99",1.38379123090177,0,0,1,0,0,0,1,0,0,0,1,0,0,0,1.38379123090177,-0.766789128987195,1.2489377668479
3872900,"Vintage Pinball",2025-08-07,"2025-08",0,1,0,0,4.99,4.99,0,"USD",0,0,0,,0,"No user reviews",2026-09-12 17:39:37.10247,2026-09-13 19:52:55.896887,2026-09-13,2026-09-12,402,"Windows only","$0.01-$4.99",1.79009141212736,0,0,1,0,0,0,0,0,0,0,1,0,0,0,1.79009141212736,-0.212555002889199,1.09482640172854
3873440,"Wolvenrise",2025-12-22,"2025-12",0,1,1,1,5.99,5.99,0,"USD",0,0,0,,0,"No user reviews",2026-09-12 17:39:51.675718,2026-09-13 19:52:58.108687,2026-09-13,2026-09-12,265,"Windows + macOS + Linux","$5.00-$9.99",1.94448055624572,1,0,0,1,0,0,1,0,1,0,0,0,1,0,1.94448055624572,-0.00195275282042951,-1.54433072594043
3873550,"Cosmic Cat",2025-10-03,"2025-10",0,1,0,0,6.99,6.99,0,"USD",3,3,0,1,0,"3 user reviews",2026-09-12 17:39:56.081712,2026-09-13 19:53:00.348653,2026-09-13,2026-09-12,345,"Windows only","$5.00-$9.99",2.07819075977818,1,0,0,0,0,0,1,0,0,0,0,0,0,1,2.07819075977818,0.18044135190692,-0.00321707474686604
3873700,"Secret Heroes-Survivor Roguelike",2025-08-19,"2025-08",0,1,1,0,3.99,3.99,0,"USD",0,0,0,,0,"No user reviews",2026-09-12 17:40:00.233087,2026-09-13 19:53:02.445969,2026-09-13,2026-09-12,390,"Windows + macOS","$0.01-$4.99",1.60743590976343,1,1,1,0,0,0,1,0,1,0,0,0,0,0,1.60743590976343,-0.461715395641907,0.863659354049511
3874050,"Duck Life 4 Classic",2025-09-17,"2025-09",0,1,1,0,4.99,4.99,0,"USD",63,56,7,0.888888888888889,8,"Very Positive",2026-09-12 17:40:04.575722,2026-09-13 19:53:04.489502,2026-09-13,2026-09-12,361,"Windows + macOS","$0.01-$4.99",1.79009141212736,0,0,1,0,0,0,1,0,0,1,0,1,0,1,1.79009141212736,-0.212555002889199,0.305005655491846
3874490,"Denrei Survivors",2025-11-10,"2025-11",0,1,0,0,9.99,9.99,0,"USD",40,38,2,0.95,7,"Positive",2026-09-12 17:40:14.975772,2026-09-13 19:53:06.593596,2026-09-13,2026-09-12,307,"Windows only","$5.00-$9.99",2.39698576841553,1,0,1,0,0,0,1,0,0,0,0,0,0,1,2.39698576841553,0.615309661548216,-0.735246059063807
3874510,"Nightmare Mines",2025-08-22,"2025-08",0,1,0,0,3.99,3.99,0,"USD",7,7,0,1,0,"7 user reviews",2026-09-12 17:40:17.102774,2026-09-13 19:53:08.677381,2026-09-13,2026-09-12,387,"Windows only","$0.01-$4.99",1.60743590976343,0,0,1,0,0,0,1,0,0,0,0,0,1,1,1.60743590976343,-0.461715395641907,0.805867592129753
3874920,"Keyboard Quest",2025-08-01,"2025-08",1,1,0,0,,,,,0,0,0,,0,"No user reviews",2026-09-12 17:40:27.785172,2026-09-13 19:53:10.932589,2026-09-13,2026-09-12,408,"Windows only","Free",,0,0,1,0,1,0,1,0,0,0,0,0,0,0,,0,1.21040992556806
3874950,"Bit Buddy",2025-11-18,"2025-11",0,1,0,0,1.99,1.99,0,"USD",440,437,3,0.993181818181818,8,"Very Positive",2026-09-12 17:40:29.792565,2026-09-13 19:53:13.057621,2026-09-13,2026-09-12,299,"Windows only","$0.01-$4.99",1.0952733874026,0,0,1,0,0,0,0,0,0,0,0,0,0,1,1.0952733874026,-1.16035635402041,-0.889357424183163
3875320,"Neoteria",2025-09-25,"2025-09",0,1,1,1,3.99,1.99,50,"USD",1,1,0,1,0,"1 user reviews",2026-09-12 17:40:38.244867,2026-09-13 19:53:15.068533,2026-09-13,2026-09-12,353,"Windows + macOS + Linux","$0.01-$4.99",1.0952733874026,1,0,0,0,0,0,1,0,0,0,0,0,0,1,1.0952733874026,-1.16035635402041,0.15089429037249
3876030,"Monkey Jump",2025-11-09,"2025-11",0,1,0,0,2.99,2.99,0,"USD",5,5,0,1,0,"5 user reviews",2026-09-12 17:41:14.247981,2026-09-13 19:53:17.160107,2026-09-13,2026-09-12,308,"Windows only","$0.01-$4.99",1.38379123090177,1,1,0,1,0,0,0,0,0,0,0,0,0,1,1.38379123090177,-0.766789128987195,-0.715982138423887
3876170,"MIR",2025-08-27,"2025-08",0,1,0,0,2.99,2.99,0,"USD",0,0,0,,0,"No user reviews",2026-09-12 17:41:20.800262,2026-09-13 19:53:19.212696,2026-09-13,2026-09-12,382,"Windows only","$0.01-$4.99",1.38379123090177,1,1,0,0,0,0,0,0,0,0,0,0,0,0,1.38379123090177,-0.766789128987195,0.709547988930155
3876460,"Sign Off",2025-08-03,"2025-08",1,1,0,0,,,,,0,0,0,,0,"No user reviews",2026-09-12 17:41:24.989275,2026-09-13 19:53:21.455659,2026-09-13,2026-09-12,406,"Windows only","Free",,1,0,0,0,1,0,1,0,0,0,0,0,0,0,,0,1.17188208428822
3876530,"The Man in the Park 2: The Second Man in the Park",2025-08-17,"2025-08",1,1,0,0,,,,,0,0,0,,0,"No user reviews",2026-09-12 17:41:29.182913,2026-09-13 19:53:23.570872,2026-09-13,2026-09-12,392,"Windows only","Free",,0,1,0,0,1,0,1,0,0,0,0,0,0,0,,0,0.90218719532935
3876670,"Hidden Pets: 101 Cats in Chennai",2025-08-22,"2025-08",0,1,0,0,0.99,0.99,0,"USD",21,19,2,0.904761904761905,7,"Positive",2026-09-12 17:41:33.453765,2026-09-13 19:53:25.732498,2026-09-13,2026-09-12,387,"Windows only","$0.01-$4.99",0.688134638736401,0,0,1,0,0,0,1,0,0,0,0,0,0,1,0.688134638736401,-1.71573437006504,0.805867592129753
3876700,"Quarter Five",2025-07-31,"2025-07",0,1,0,0,4.99,4.99,0,"USD",3,2,1,0.666666666666667,0,"3 user reviews",2026-09-12 17:41:37.687998,2026-09-13 19:53:27.757525,2026-09-13,2026-09-12,409,"Windows only","$0.01-$4.99",1.79009141212736,0,0,1,0,0,0,1,0,0,0,0,0,0,1,1.79009141212736,-0.212555002889199,1.22967384620798
3876840,"Sawmania",2025-10-01,"2025-10",1,1,1,1,,,,,0,0,0,,0,"No user reviews",2026-09-12 17:41:39.867459,2026-09-13 19:53:29.8417,2026-09-13,2026-09-12,347,"Windows + macOS + Linux","Free",,1,0,0,0,1,0,1,0,0,0,0,0,1,0,,0,0.0353107665329729
3876870,"Fear of Energy",2025-08-02,"2025-08",0,1,0,0,7.99,7.99,0,"USD",3,2,1,0.666666666666667,0,"3 user reviews",2026-09-12 17:41:42.07781,2026-09-13 19:53:31.878524,2026-09-13,2026-09-12,407,"Windows only","$5.00-$9.99",2.19611284848353,1,0,0,0,0,0,1,0,0,0,0,0,0,1,2.19611284848353,0.341298887298887,1.19114600492814
3877150,"Pixelo",2025-08-04,"2025-08",0,1,0,0,0.99,0.99,0,"USD",1,1,0,1,0,"1 user reviews",2026-09-12 17:41:55.118917,2026-09-13 19:53:34.02868,2026-09-13,2026-09-12,405,"Windows only","$0.01-$4.99",0.688134638736401,0,0,1,0,0,0,1,0,0,0,0,0,0,1,0.688134638736401,-1.71573437006504,1.1526181636483
3877280,"Moxie",2025-08-04,"2025-08",0,1,0,0,0.99,0.99,0,"USD",1,1,0,1,0,"1 user reviews",2026-09-12 17:41:59.378534,2026-09-13 19:53:36.111719,2026-09-13,2026-09-12,405,"Windows only","$0.01-$4.99",0.688134638736401,0,0,1,0,0,0,1,0,0,0,0,0,0,1,0.688134638736401,-1.71573437006504,1.1526181636483
3877400,"Contingence",2025-08-28,"2025-08",0,1,1,0,0.99,0.99,0,"USD",1,1,0,1,0,"1 user reviews",2026-09-12 17:42:03.653902,2026-09-13 19:53:38.281662,2026-09-13,2026-09-12,381,"Windows + macOS","$0.01-$4.99",0.688134638736401,0,1,1,0,0,0,1,0,0,0,1,0,0,1,0.688134638736401,-1.71573437006504,0.690284068290236
3877570,"Spencer's Spaghetti Quest",2025-09-17,"2025-09",1,1,0,0,,,,,0,0,0,,0,"No user reviews",2026-09-12 17:42:07.904774,2026-09-13 19:53:40.391404,2026-09-13,2026-09-12,361,"Windows only","Free",,1,0,1,1,1,0,1,0,0,0,0,0,0,0,,0,0.305005655491846
3877580,"Lakeside Has No Lake!!",2025-08-03,"2025-08",0,1,0,0,0.99,0.99,0,"USD",9,8,1,0.888888888888889,0,"9 user reviews",2026-09-12 17:42:10.135839,2026-09-13 19:53:42.508823,2026-09-13,2026-09-12,406,"Windows only","$0.01-$4.99",0.688134638736401,1,1,0,0,0,0,1,0,0,0,0,0,0,1,0.688134638736401,-1.71573437006504,1.17188208428822
3877790,"Hunter's Moon: A Sovereign Syndicate Adventure",2025-11-24,"2025-11",0,1,0,0,19.99,19.99,0,"USD",204,171,33,0.838235294117647,8,"Very Positive",2026-09-12 17:42:18.726315,2026-09-13 19:53:44.632347,2026-09-13,2026-09-12,293,"Windows only","$10.00-$19.99",3.04404613383254,0,1,0,0,0,0,0,0,1,0,0,0,1,1,3.04404613383254,1.49796478387127,-1.00494094802268
3878190,"Wordcaster",2025-11-04,"2025-11",1,1,0,0,,,,,0,0,0,,0,"No user reviews",2026-09-12 17:42:26.956925,2026-09-13 19:53:46.737417,2026-09-13,2026-09-12,313,"Windows only","Free",,1,0,1,0,1,0,0,0,0,0,0,0,0,0,,0,-0.61966253522429
3878240,"Ocean of Vengeance",2025-11-06,"2025-11",0,1,0,0,0.99,0.99,0,"USD",1,0,1,0,0,"1 user reviews",2026-09-12 17:42:29.140196,2026-09-13 19:53:48.775384,2026-09-13,2026-09-12,311,"Windows only","$0.01-$4.99",0.688134638736401,1,1,0,0,0,0,1,0,1,0,0,0,0,1,0.688134638736401,-1.71573437006504,-0.658190376504129
3878490,"Santas Little Helper",2025-08-11,"2025-08",0,1,0,0,0.99,0.99,0,"USD",0,0,0,,0,"No user reviews",2026-09-12 17:42:41.831018,2026-09-13 19:53:51.028205,2026-09-13,2026-09-12,398,"Windows only","$0.01-$4.99",0.688134638736401,0,0,1,0,0,0,1,0,0,0,0,0,0,0,0.688134638736401,-1.71573437006504,1.01777071916887
3878510,"Mr Taoist priest",2025-09-04,"2025-09",0,1,0,0,1.99,1.99,0,"USD",2,2,0,1,0,"2 user reviews",2026-09-12 17:42:43.944943,2026-09-13 19:53:53.128073,2026-09-13,2026-09-12,374,"Windows only","$0.01-$4.99",1.0952733874026,0,0,0,0,0,0,0,0,1,0,0,0,0,1,1.0952733874026,-1.16035635402041,0.555436623810799
3879000,"They Watch",2025-11-19,"2025-11",0,1,0,0,4.99,4.99,0,"USD",3,3,0,1,0,"3 user reviews",2026-09-12 17:43:00.891133,2026-09-13 19:53:55.217687,2026-09-13,2026-09-12,298,"Windows only","$0.01-$4.99",1.79009141212736,1,0,0,0,0,0,1,0,0,0,0,0,0,1,1.79009141212736,-0.212555002889199,-0.908621344823082
3879060,"Instant Anastasia",2025-08-16,"2025-08",0,1,0,0,5.99,5.99,0,"USD",48,46,2,0.958333333333333,7,"Positive",2026-09-12 17:43:03.094626,2026-09-13 19:53:57.27439,2026-09-13,2026-09-12,393,"Windows only","$5.00-$9.99",1.94448055624572,1,0,0,0,0,0,1,0,0,0,0,0,0,1,1.94448055624572,-0.00195275282042951,0.921451115969269
3879250,"Your Sister",2025-08-15,"2025-08",0,1,0,0,0.99,0.99,0,"USD",7,6,1,0.857142857142857,0,"7 user reviews",2026-09-12 17:43:11.376737,2026-09-13 19:53:59.440791,2026-09-13,2026-09-12,394,"Windows only","$0.01-$4.99",0.688134638736401,0,0,1,0,0,0,1,0,0,0,0,0,0,1,0.688134638736401,-1.71573437006504,0.940715036609189
3879670,"RADIOACTIVE INC.",2025-09-19,"2025-09",0,1,0,0,1.99,1.99,0,"USD",26,16,10,0.615384615384615,5,"Mixed",2026-09-12 17:43:22.04472,2026-09-13 19:54:01.620943,2026-09-13,2026-09-12,359,"Windows only","$0.01-$4.99",1.0952733874026,0,0,1,0,0,0,1,0,0,0,0,0,0,1,1.0952733874026,-1.16035635402041,0.266477814212007
3879810,"Train Deluxe 2026 Kurakyu",2025-10-28,"2025-10",0,1,0,0,29.99,29.99,0,"USD",4,0,4,0,0,"4 user reviews",2026-09-12 17:43:26.203148,2026-09-13 19:54:03.750124,2026-09-13,2026-09-12,320,"Windows only","$20.00-$29.99",3.43366457179966,0,0,1,0,0,0,1,0,0,0,1,0,0,1,3.43366457179966,2.02944334198315,-0.484815090744853
3880060,"Corrupted Basement",2025-10-29,"2025-10",0,1,0,0,3.99,3.99,0,"USD",1,1,0,1,0,"1 user reviews",2026-09-12 17:43:32.714114,2026-09-13 19:54:05.928731,2026-09-13,2026-09-12,319,"Windows only","$0.01-$4.99",1.60743590976343,1,0,0,0,0,0,1,0,0,0,0,0,0,1,1.60743590976343,-0.461715395641907,-0.504079011384773
3880170,"Hope - The Game",2025-08-12,"2025-08",0,1,0,0,5.81,5.81,0,"USD",2,2,0,1,0,"2 user reviews",2026-09-12 17:43:36.757917,2026-09-13 19:54:07.937578,2026-09-13,2026-09-12,397,"Windows only","$5.00-$9.99",1.91839212016142,0,1,0,0,0,0,1,0,0,0,0,0,0,1,1.91839212016142,-0.0375399916221184,0.998506798528947
3880210,"The Vending Machine",2025-08-18,"2025-08",0,1,0,0,3.99,3.99,0,"USD",3,2,1,0.666666666666667,0,"3 user reviews",2026-09-12 17:43:40.911962,2026-09-13 19:54:10.100253,2026-09-13,2026-09-12,391,"Windows only","$0.01-$4.99",1.60743590976343,1,0,0,0,0,0,1,0,0,0,1,0,0,1,1.60743590976343,-0.461715395641907,0.88292327468943
3880220,"Dimmed Light",2025-09-03,"2025-09",0,1,0,0,8.99,1.79,80,"USD",19,15,4,0.789473684210526,6,"Mostly Positive",2026-09-12 17:43:42.916979,2026-09-13 19:54:12.197232,2026-09-13,2026-09-12,375,"Windows only","$0.01-$4.99",1.02604159583327,1,1,0,0,0,0,1,0,0,0,0,0,0,1,1.02604159583327,-1.25479544923045,0.574700544450719
3880670,"XD CLICKER",2025-08-05,"2025-08",0,1,0,0,0.99,0.99,0,"USD",2,2,0,1,0,"2 user reviews",2026-09-12 17:44:00.201105,2026-09-13 19:54:14.34127,2026-09-13,2026-09-12,404,"Windows only","$0.01-$4.99",0.688134638736401,0,0,0,0,0,0,0,0,0,0,0,0,1,1,0.688134638736401,-1.71573437006504,1.13335424300838
3880880,"Food Facility",2025-12-11,"2025-12",1,1,0,0,,,,,0,0,0,,0,"No user reviews",2026-09-12 17:44:08.532222,2026-09-13 19:54:16.360383,2026-09-13,2026-09-12,276,"Windows only","Free",,0,0,1,0,1,0,1,0,0,0,1,0,1,0,,0,-1.33242759890131
3882020,"Avernum 4: Greed and Glory",2025-10-22,"2025-10",0,1,1,0,19.99,19.99,0,"USD",132,122,10,0.924242424242424,8,"Very Positive",2026-09-12 17:44:19.153705,2026-09-13 19:54:18.519474,2026-09-13,2026-09-12,326,"Windows + macOS","$10.00-$19.99",3.04404613383254,0,1,0,0,0,0,1,0,1,0,0,0,1,1,3.04404613383254,1.49796478387127,-0.369231566905336
3882280,"Rocrasher",2025-10-23,"2025-10",1,1,0,0,,,,,0,0,0,,0,"No user reviews",2026-09-12 17:44:25.42762,2026-09-13 19:54:20.662418,2026-09-13,2026-09-12,325,"Windows only","Free",,0,0,1,0,1,0,1,0,0,0,0,0,0,0,,0,-0.388495487545256
3882340,"W3DGE",2025-09-18,"2025-09",0,1,0,0,2.99,2.99,0,"USD",1,1,0,1,0,"1 user reviews",2026-09-12 17:44:31.855525,2026-09-13 19:54:22.730877,2026-09-13,2026-09-12,360,"Windows only","$0.01-$4.99",1.38379123090177,1,0,0,0,0,0,1,0,0,0,0,0,0,1,1.38379123090177,-0.766789128987195,0.285741734851926
3882560,"ShellPieces",2025-08-07,"2025-08",0,1,0,0,4,4,0,"USD",0,0,0,,0,"No user reviews",2026-09-12 17:44:44.882068,2026-09-13 19:54:24.896767,2026-09-13,2026-09-12,402,"Windows only","$0.01-$4.99",1.6094379124341,0,0,0,0,0,0,1,0,1,0,0,0,0,0,1.6094379124341,-0.458984463557951,1.09482640172854
3882570,"Skeleton Dungeon",2025-08-04,"2025-08",0,1,0,0,0.99,0.99,0,"USD",7,7,0,1,0,"7 user reviews",2026-09-12 17:44:46.933199,2026-09-13 19:54:27.05999,2026-09-13,2026-09-12,405,"Windows only","$0.01-$4.99",0.688134638736401,1,1,0,0,0,0,1,0,0,0,0,0,0,1,0.688134638736401,-1.71573437006504,1.1526181636483
3882730,"PANOPTYCA : Idle RPG Manager",2025-11-27,"2025-11",1,1,0,0,,,,,20,17,3,0.85,7,"Positive",2026-09-12 17:44:51.059992,2026-09-13 19:54:29.208463,2026-09-13,2026-09-12,290,"Windows only","Free",,0,0,0,0,0,0,1,0,1,0,1,0,1,1,,0,-1.06273270994244
3882780,"Dead On Duty",2025-12-15,"2025-12",0,1,1,1,4.99,4.99,0,"USD",12,12,0,1,7,"Positive",2026-09-12 17:44:53.203411,2026-09-13 19:54:31.427625,2026-09-13,2026-09-12,272,"Windows + macOS + Linux","$0.01-$4.99",1.79009141212736,1,0,0,0,0,0,0,0,0,0,0,0,0,1,1.79009141212736,-0.212555002889199,-1.40948328146099
3882860,"I Am A Stick",2025-09-30,"2025-09",0,1,0,0,4.99,4.99,0,"USD",1,1,0,1,0,"1 user reviews",2026-09-12 17:44:55.223482,2026-09-13 19:54:33.664821,2026-09-13,2026-09-12,348,"Windows only","$0.01-$4.99",1.79009141212736,1,1,0,0,0,0,1,0,0,0,1,0,0,1,1.79009141212736,-0.212555002889199,0.0545746871728924
3883240,"Scaredy Cat",2025-08-25,"2025-08",1,1,0,0,,,,,0,0,0,,0,"No user reviews",2026-09-12 17:44:59.423108,2026-09-13 19:54:35.800311,2026-09-13,2026-09-12,384,"Windows only","Free",,0,1,1,0,1,0,1,0,0,0,0,0,0,0,,0,0.748075830209994
3883520,"Just Waiting Cats",2025-08-15,"2025-08",0,1,0,0,0.99,0.99,0,"USD",15,14,1,0.933333333333333,7,"Positive",2026-09-12 17:45:03.650001,2026-09-13 19:54:37.975258,2026-09-13,2026-09-12,394,"Windows only","$0.01-$4.99",0.688134638736401,0,0,1,0,0,0,1,0,0,0,1,0,0,1,0.688134638736401,-1.71573437006504,0.940715036609189
3883560,"Lunavoid",2025-09-17,"2025-09",0,1,0,0,1.99,1.99,0,"USD",8,6,2,0.75,0,"8 user reviews",2026-09-12 17:45:05.666885,2026-09-13 19:54:40.02774,2026-09-13,2026-09-12,361,"Windows only","$0.01-$4.99",1.0952733874026,0,1,0,0,0,0,1,0,0,0,0,0,0,1,1.0952733874026,-1.16035635402041,0.305005655491846
3883760,"Stretcher Together",2025-08-07,"2025-08",0,1,0,0,4.99,4.99,0,"USD",114,55,59,0.482456140350877,5,"Mixed",2026-09-12 17:45:09.857005,2026-09-13 19:54:42.11141,2026-09-13,2026-09-12,402,"Windows only","$0.01-$4.99",1.79009141212736,1,0,0,0,0,0,1,1,0,0,1,0,0,1,1.79009141212736,-0.212555002889199,1.09482640172854
3883840,"Operation Dimera",2025-08-08,"2025-08",0,1,0,0,3.99,3.99,0,"USD",7,3,4,0.428571428571429,0,"7 user reviews",2026-09-12 17:45:12.066001,2026-09-13 19:54:44.209223,2026-09-13,2026-09-12,401,"Windows only","$0.01-$4.99",1.60743590976343,1,1,0,0,0,0,0,0,0,0,0,0,0,1,1.60743590976343,-0.461715395641907,1.07556248108863
3884050,"Night Shift at Nate's",2025-09-17,"2025-09",0,1,0,0,4.99,4.99,0,"USD",0,0,0,,0,"No user reviews",2026-09-12 17:45:18.236567,2026-09-13 19:54:46.348482,2026-09-13,2026-09-12,361,"Windows only","$0.01-$4.99",1.79009141212736,0,0,0,0,0,0,1,0,0,0,0,0,0,0,1.79009141212736,-0.212555002889199,0.305005655491846
3884360,"Trash Sorter Simulator",2025-08-25,"2025-08",0,1,0,0,4.99,4.99,0,"USD",1,0,1,0,0,"1 user reviews",2026-09-12 17:45:24.712201,2026-09-13 19:54:48.592684,2026-09-13,2026-09-12,384,"Windows only","$0.01-$4.99",1.79009141212736,0,0,1,0,0,0,1,0,0,0,1,0,0,1,1.79009141212736,-0.212555002889199,0.748075830209994
3884400,"DinoGORE",2025-12-10,"2025-12",0,1,0,0,9.99,0.89,91,"USD",3,3,0,1,0,"3 user reviews",2026-09-12 17:45:28.868251,2026-09-13 19:54:50.789519,2026-09-13,2026-09-12,277,"Windows only","$0.01-$4.99",0.636576829071551,1,1,1,0,0,0,1,0,1,0,1,0,0,1,0.636576829071551,-1.78606438443256,-1.31316367826139
3884520,"Blood: Refreshed Supply<U+2122>",2025-12-04,"2025-12",0,1,0,0,29.99,29.99,0,"USD",716,514,202,0.717877094972067,6,"Mostly Positive",2026-09-12 17:45:33.253506,2026-09-13 19:54:53.035694,2026-09-13,2026-09-12,283,"Windows only","$20.00-$29.99",3.43366457179966,1,0,0,0,0,0,0,0,0,0,0,0,0,1,3.43366457179966,2.02944334198315,-1.19758015442187
3884540,"Dream:scape Remastered",2025-09-30,"2025-09",0,1,0,0,7.99,7.99,0,"USD",5,4,1,0.8,0,"5 user reviews",2026-09-12 17:45:35.426733,2026-09-13 19:54:55.120195,2026-09-13,2026-09-12,348,"Windows only","$5.00-$9.99",2.19611284848353,0,1,1,0,0,0,1,0,0,0,0,0,0,1,2.19611284848353,0.341298887298887,0.0545746871728924
3884580,"Reflections of Life: In Screams and Sorrow Collector's Edition",2025-08-01,"2025-08",0,1,1,0,19.99,19.99,0,"USD",1,1,0,1,0,"1 user reviews",2026-09-12 17:45:37.491358,2026-09-13 19:54:57.273741,2026-09-13,2026-09-12,408,"Windows + macOS","$10.00-$19.99",3.04404613383254,0,1,1,0,0,0,0,0,0,0,0,0,0,1,3.04404613383254,1.49796478387127,1.21040992556806
3885080,"Mage of Tempest Castle",2025-11-10,"2025-11",0,1,0,0,2.99,2.99,0,"USD",1,1,0,1,0,"1 user reviews",2026-09-12 17:45:54.285953,2026-09-13 19:54:59.502938,2026-09-13,2026-09-12,307,"Windows only","$0.01-$4.99",1.38379123090177,0,0,1,0,0,0,1,0,1,0,0,0,1,1,1.38379123090177,-0.766789128987195,-0.735246059063807
3885160,"Drunk But Not Wasted Knight",2025-08-11,"2025-08",0,1,1,0,12.99,12.99,0,"USD",1,1,0,1,0,"1 user reviews",2026-09-12 17:45:56.519641,2026-09-13 19:55:01.686202,2026-09-13,2026-09-12,398,"Windows + macOS","$10.00-$19.99",2.63834278867739,0,0,1,0,0,0,1,0,0,0,0,0,0,1,2.63834278867739,0.944544801928764,1.01777071916887
3885290,"Go! Sloth",2025-10-11,"2025-10",0,1,0,0,0.99,0.99,0,"USD",14,12,2,0.857142857142857,7,"Positive",2026-09-12 17:46:02.73306,2026-09-13 19:55:03.852466,2026-09-13,2026-09-12,337,"Windows only","$0.01-$4.99",0.688134638736401,1,0,0,0,0,0,1,0,0,0,0,0,0,1,0.688134638736401,-1.71573437006504,-0.157328439866222
3885360,"Valoris",2025-10-15,"2025-10",0,1,0,0,2.99,2.99,0,"USD",3,2,1,0.666666666666667,0,"3 user reviews",2026-09-12 17:46:04.736028,2026-09-13 19:55:06.080126,2026-09-13,2026-09-12,333,"Windows only","$0.01-$4.99",1.38379123090177,1,1,0,0,0,0,0,0,0,0,0,0,1,1,1.38379123090177,-0.766789128987195,-0.2343841224259
3885750,"Sudoku-X",2025-08-07,"2025-08",0,1,0,0,0.99,0.99,0,"USD",1,1,0,1,0,"1 user reviews",2026-09-12 17:46:13.158674,2026-09-13 19:55:08.140445,2026-09-13,2026-09-12,402,"Windows only","$0.01-$4.99",0.688134638736401,0,0,1,0,0,0,1,0,0,0,0,0,0,1,0.688134638736401,-1.71573437006504,1.09482640172854
3885800,"Sudoku-9",2025-08-07,"2025-08",0,1,0,0,0.99,0.99,0,"USD",1,1,0,1,0,"1 user reviews",2026-09-12 17:46:15.276329,2026-09-13 19:55:10.331206,2026-09-13,2026-09-12,402,"Windows only","$0.01-$4.99",0.688134638736401,0,0,1,0,0,0,1,0,0,0,0,0,0,1,0.688134638736401,-1.71573437006504,1.09482640172854
3885860,"Gnomeball",2025-10-24,"2025-10",1,1,1,0,,,,,0,0,0,,0,"No user reviews",2026-09-12 17:46:19.516816,2026-09-13 19:55:12.415727,2026-09-13,2026-09-12,324,"Windows + macOS","Free",,0,0,0,0,1,0,1,0,0,0,0,1,0,0,,0,-0.407759408185175
3886310,"KOALAS DELIV & GUY",2025-10-21,"2025-10",0,1,0,0,6.99,6.99,0,"USD",1,1,0,1,0,"1 user reviews",2026-09-12 17:46:32.248099,2026-09-13 19:55:14.626411,2026-09-13,2026-09-12,327,"Windows only","$5.00-$9.99",2.07819075977818,1,0,1,0,0,0,1,0,0,0,0,0,0,1,2.07819075977818,0.18044135190692,-0.349967646265417
3886520,"Knightica: Prologue",2025-07-31,"2025-07",1,1,0,0,,,,,0,0,0,,0,"No user reviews",2026-09-12 17:46:38.783759,2026-09-13 19:55:16.790027,2026-09-13,2026-09-12,409,"Windows only","Free",,0,0,0,0,1,0,0,0,0,0,0,0,1,0,,0,1.22967384620798
3886860,"Suika Sprunki Edition",2025-08-08,"2025-08",0,1,0,0,1.99,1.99,0,"USD",6,5,1,0.833333333333333,0,"6 user reviews",2026-09-12 17:46:47.052234,2026-09-13 19:55:19.02829,2026-09-13,2026-09-12,401,"Windows only","$0.01-$4.99",1.0952733874026,0,0,1,0,0,0,0,0,0,0,0,0,0,1,1.0952733874026,-1.16035635402041,1.07556248108863
3888790,"ExitApartment",2025-08-15,"2025-08",0,1,0,0,0.99,0.99,0,"USD",7,7,0,1,0,"7 user reviews",2026-09-12 17:47:33.669468,2026-09-13 19:55:21.080287,2026-09-13,2026-09-12,394,"Windows only","$0.01-$4.99",0.688134638736401,0,1,0,0,0,0,1,0,0,0,1,0,0,1,0.688134638736401,-1.71573437006504,0.940715036609189
3890170,"Paw Loot",2025-08-15,"2025-08",1,1,0,0,,,,,0,0,0,,0,"No user reviews",2026-09-12 17:47:57.007453,2026-09-13 19:55:23.320043,2026-09-13,2026-09-12,394,"Windows only","Free",,0,0,1,0,1,0,0,0,0,0,0,0,0,0,,0,0.940715036609189
3890210,"Bandits vs Lords: Epic Clash",2025-08-07,"2025-08",1,1,0,0,,,,,0,0,0,,0,"No user reviews",2026-09-12 17:47:59.231619,2026-09-13 19:55:25.356883,2026-09-13,2026-09-12,402,"Windows only","Free",,0,0,1,0,1,0,0,1,1,0,0,0,1,0,,0,1.09482640172854
3890550,"Jam's Adjustable Mirrors",2025-10-24,"2025-10",1,1,1,0,,,,,4,4,0,1,0,"4 user reviews",2026-09-12 17:48:07.608072,2026-09-13 19:55:27.500725,2026-09-13,2026-09-12,324,"Windows + macOS","Free",,0,0,1,0,1,0,1,0,0,0,0,0,0,1,,0,-0.407759408185175
3890660,"Rachel's Journal",2025-08-05,"2025-08",0,1,1,1,1.99,1.99,0,"USD",4,4,0,1,0,"4 user reviews",2026-09-12 17:48:14.070171,2026-09-13 19:55:29.550671,2026-09-13,2026-09-12,404,"Windows + macOS + Linux","$0.01-$4.99",1.0952733874026,0,0,0,0,0,0,1,0,0,0,0,0,0,1,1.0952733874026,-1.16035635402041,1.13335424300838
3890670,"Antero Sudoku",2025-08-16,"2025-08",0,1,0,0,1.99,1.99,0,"USD",0,0,0,,0,"No user reviews",2026-09-12 17:48:16.096897,2026-09-13 19:55:31.703253,2026-09-13,2026-09-12,393,"Windows only","$0.01-$4.99",1.0952733874026,0,0,1,0,0,0,0,0,0,0,0,0,0,0,1.0952733874026,-1.16035635402041,0.921451115969269
3890760,"Gemspire: Incremental Invasion",2025-10-31,"2025-10",0,1,0,0,2.99,2.99,0,"USD",0,0,0,,0,"No user reviews",2026-09-12 17:48:18.165667,2026-09-13 19:55:33.909108,2026-09-13,2026-09-12,317,"Windows only","$0.01-$4.99",1.38379123090177,0,0,0,0,0,0,1,0,0,0,0,0,0,0,1.38379123090177,-0.766789128987195,-0.542606852664612
3891310,"Space Mantlet",2025-08-23,"2025-08",0,1,0,1,9.99,9.99,0,"USD",0,0,0,,0,"No user reviews",2026-09-12 17:48:35.044159,2026-09-13 19:55:36.045626,2026-09-13,2026-09-12,386,"Windows + Linux","$5.00-$9.99",2.39698576841553,0,0,0,1,0,0,1,0,0,0,0,0,1,0,2.39698576841553,0.615309661548216,0.786603671489833
3891810,"BrainRot Battle",2025-08-05,"2025-08",0,1,0,0,7.99,7.99,0,"USD",1,1,0,1,0,"1 user reviews",2026-09-12 17:48:49.891483,2026-09-13 19:55:38.070753,2026-09-13,2026-09-12,404,"Windows only","$5.00-$9.99",2.19611284848353,1,0,1,0,0,0,1,0,0,0,0,0,1,1,2.19611284848353,0.341298887298887,1.13335424300838
3891850,"Fate of Gun",2025-08-11,"2025-08",1,1,0,0,,,,,0,0,0,,0,"No user reviews",2026-09-12 17:48:54.288028,2026-09-13 19:55:40.129482,2026-09-13,2026-09-12,398,"Windows only","Free",,0,0,1,0,1,0,0,0,0,0,0,0,0,0,,0,1.01777071916887
3892120,"Sudoku-Mini",2025-08-17,"2025-08",0,1,0,0,3.99,3.99,0,"USD",0,0,0,,0,"No user reviews",2026-09-12 17:49:09.294151,2026-09-13 19:55:42.334914,2026-09-13,2026-09-12,392,"Windows only","$0.01-$4.99",1.60743590976343,0,0,1,0,0,0,1,0,0,0,0,0,0,0,1.60743590976343,-0.461715395641907,0.90218719532935
3892130,"Sudoku-Color",2025-08-17,"2025-08",0,1,0,0,1.99,1.99,0,"USD",0,0,0,,0,"No user reviews",2026-09-12 17:49:11.393201,2026-09-13 19:55:44.414166,2026-09-13,2026-09-12,392,"Windows only","$0.01-$4.99",1.0952733874026,0,0,1,0,0,0,1,0,0,0,0,0,0,0,1.0952733874026,-1.16035635402041,0.90218719532935
3892140,"Sudoku-Zen",2025-08-07,"2025-08",0,1,0,0,1.99,0.69,65,"USD",1,1,0,1,0,"1 user reviews",2026-09-12 17:49:13.482906,2026-09-13 19:55:46.63676,2026-09-13,2026-09-12,402,"Windows only","$0.01-$4.99",0.524728528934982,0,0,1,0,0,0,1,0,0,0,0,0,0,1,0.524728528934982,-1.93863666410703,1.09482640172854
3892250,"ULTRA VERTIGO",2025-12-12,"2025-12",0,1,0,0,4.99,4.99,0,"USD",21,21,0,1,7,"Positive",2026-09-12 17:49:24.28591,2026-09-13 19:55:48.838923,2026-09-13,2026-09-12,275,"Windows only","$0.01-$4.99",1.79009141212736,1,0,0,0,0,0,1,0,0,0,0,0,0,1,1.79009141212736,-0.212555002889199,-1.35169151954123
3892750,"interstellar flight",2025-08-04,"2025-08",0,1,0,0,1.99,1.99,0,"USD",0,0,0,,0,"No user reviews",2026-09-12 17:49:33.032593,2026-09-13 19:55:50.888857,2026-09-13,2026-09-12,405,"Windows only","$0.01-$4.99",1.0952733874026,0,1,1,0,0,0,0,0,0,1,0,0,0,0,1.0952733874026,-1.16035635402041,1.1526181636483
3893070,"Girl Werewolf Hamlet Saves Christmas",2025-10-31,"2025-10",0,1,0,1,4.99,4.99,0,"USD",0,0,0,,0,"No user reviews",2026-09-12 17:49:41.622617,2026-09-13 19:55:52.92567,2026-09-13,2026-09-12,317,"Windows + Linux","$0.01-$4.99",1.79009141212736,0,1,1,0,0,0,1,0,0,0,0,0,0,0,1.79009141212736,-0.212555002889199,-0.542606852664612
3893080,"Roxanne The Forgotten Path",2025-08-15,"2025-08",0,1,0,0,11.99,11.99,0,"USD",2,1,1,0.5,0,"2 user reviews",2026-09-12 17:49:43.723181,2026-09-13 19:55:54.949169,2026-09-13,2026-09-12,394,"Windows only","$10.00-$19.99",2.56417983068251,1,1,0,0,0,0,1,0,0,0,0,0,0,1,2.56417983068251,0.843379102004269,0.940715036609189
3893400,"CatFatherJump",2025-11-20,"2025-11",1,1,0,0,,,,,0,0,0,,0,"No user reviews",2026-09-12 17:49:50.124907,2026-09-13 19:55:57.051757,2026-09-13,2026-09-12,297,"Windows only","Free",,1,0,0,0,1,0,1,0,0,0,0,0,0,0,,0,-0.927885265463002
3893670,"The Jester and the Madman",2025-10-20,"2025-10",0,1,0,1,4.99,4.99,0,"USD",12,11,1,0.916666666666667,7,"Positive",2026-09-12 17:49:56.339104,2026-09-13 19:55:59.08595,2026-09-13,2026-09-12,328,"Windows + Linux","$0.01-$4.99",1.79009141212736,0,1,0,0,0,0,0,0,0,0,0,0,0,1,1.79009141212736,-0.212555002889199,-0.330703725625497
3893770,"你的猫",2025-09-25,"2025-09",0,1,0,0,0.99,0.99,0,"USD",35,35,0,1,7,"Positive",2026-09-12 17:50:02.847365,2026-09-13 19:56:01.198116,2026-09-13,2026-09-12,353,"Windows only","$0.01-$4.99",0.688134638736401,0,0,0,0,0,0,1,0,0,0,0,0,0,1,0.688134638736401,-1.71573437006504,0.15089429037249
3894070,"A Pirate Game About Digging For Treasure And Getting Drunk",2025-11-30,"2025-11",0,1,0,0,3.99,3.99,0,"USD",3,3,0,1,0,"3 user reviews",2026-09-12 17:50:13.349196,2026-09-13 19:56:03.442208,2026-09-13,2026-09-12,287,"Windows only","$0.01-$4.99",1.60743590976343,0,1,1,0,0,0,1,0,0,0,0,0,0,1,1.60743590976343,-0.461715395641907,-1.1205244718622
3894150,"VeryVeryHouse",2025-08-08,"2025-08",0,1,0,0,1.99,1.99,0,"USD",45,42,3,0.933333333333333,7,"Positive",2026-09-12 17:50:15.488367,2026-09-13 19:56:05.453684,2026-09-13,2026-09-12,401,"Windows only","$0.01-$4.99",1.0952733874026,0,1,1,0,0,0,1,0,0,0,0,0,0,1,1.0952733874026,-1.16035635402041,1.07556248108863
3894170,"Trench Face",2025-09-02,"2025-09",0,1,0,0,2.99,2.99,0,"USD",712,665,47,0.933988764044944,8,"Very Positive",2026-09-12 17:50:17.637,2026-09-13 19:56:07.52064,2026-09-13,2026-09-12,376,"Windows only","$0.01-$4.99",1.38379123090177,1,1,0,0,0,0,1,0,1,0,0,0,1,1,1.38379123090177,-0.766789128987195,0.593964465090638
3894530,"Rogue Cave",2025-09-28,"2025-09",0,1,0,0,5.99,5.99,0,"USD",1,1,0,1,0,"1 user reviews",2026-09-12 17:50:30.523501,2026-09-13 19:56:09.685612,2026-09-13,2026-09-12,350,"Windows only","$5.00-$9.99",1.94448055624572,1,1,1,0,0,0,1,0,0,0,0,0,1,1,1.94448055624572,-0.00195275282042951,0.0931025284527314
3894860,"How Your Package Gets Delivered",2025-08-10,"2025-08",1,1,0,0,,,,,0,0,0,,0,"No user reviews",2026-09-12 17:50:45.639205,2026-09-13 19:56:11.814106,2026-09-13,2026-09-12,399,"Windows only","Free",,0,0,1,0,1,0,1,0,0,1,0,0,0,0,,0,1.03703463980879
3894950,"Bakahazard 3",2025-10-01,"2025-10",0,1,1,1,6.99,6.99,0,"USD",110,110,0,1,8,"Very Positive",2026-09-12 17:50:53.823245,2026-09-13 19:56:13.980807,2026-09-13,2026-09-12,347,"Windows + macOS + Linux","$5.00-$9.99",2.07819075977818,0,1,0,0,0,0,0,0,1,0,0,0,0,1,2.07819075977818,0.18044135190692,0.0353107665329729
3895030,"Blue Hawaii Aniki's Soft Ore Demand vol.1",2025-10-10,"2025-10",0,1,0,0,8.99,8.99,0,"USD",1,1,0,1,0,"1 user reviews",2026-09-12 17:51:02.69708,2026-09-13 19:56:16.242418,2026-09-13,2026-09-12,338,"Windows only","$5.00-$9.99",2.30158459266046,0,1,0,0,0,0,0,0,0,0,0,0,0,1,2.30158459266046,0.485172906221557,-0.138064519226302
3895060,"FLOW",2025-09-01,"2025-09",0,1,0,0,2.99,1.49,50,"USD",7,7,0,1,0,"7 user reviews",2026-09-12 17:51:04.917524,2026-09-13 19:56:18.323839,2026-09-13,2026-09-12,377,"Windows only","$0.01-$4.99",0.912282710476616,0,0,0,0,0,0,0,0,0,1,1,0,0,1,0.912282710476616,-1.40997395843353,0.613228385730558
3895170,"Intuitive Level Design",2025-09-01,"2025-09",0,1,0,0,9.99,9.99,0,"USD",53,42,11,0.792452830188679,6,"Mostly Positive",2026-09-12 17:51:09.156625,2026-09-13 19:56:20.504145,2026-09-13,2026-09-12,377,"Windows only","$5.00-$9.99",2.39698576841553,0,0,0,0,0,0,1,0,0,0,0,0,0,1,2.39698576841553,0.615309661548216,0.613228385730558
3895180,"Azaran: The Demon Bottle",2025-08-05,"2025-08",0,1,0,1,1.99,1.99,0,"USD",72,67,5,0.930555555555556,8,"Very Positive",2026-09-12 17:51:11.331588,2026-09-13 19:56:22.557795,2026-09-13,2026-09-12,404,"Windows + Linux","$0.01-$4.99",1.0952733874026,1,1,0,0,0,0,1,0,0,0,0,0,0,1,1.0952733874026,-1.16035635402041,1.13335424300838
3895680,"University Is Hell",2025-08-14,"2025-08",0,1,0,0,4.99,4.99,0,"USD",0,0,0,,0,"No user reviews",2026-09-12 17:51:19.796886,2026-09-13 19:56:24.722073,2026-09-13,2026-09-12,395,"Windows only","$0.01-$4.99",1.79009141212736,0,1,1,0,0,0,1,0,0,0,0,0,0,0,1.79009141212736,-0.212555002889199,0.959978957249108
3895980,"The Case of the Catacombs: A Tale from Atruxia",2025-11-27,"2025-11",0,1,1,1,1.99,1.99,0,"USD",4,4,0,1,0,"4 user reviews",2026-09-12 17:51:30.446758,2026-09-13 19:56:26.868848,2026-09-13,2026-09-12,290,"Windows + macOS + Linux","$0.01-$4.99",1.0952733874026,0,1,0,0,0,0,1,0,1,0,0,0,0,1,1.0952733874026,-1.16035635402041,-1.06273270994244
3896030,"Freelancers: Rogue Skies",2025-11-05,"2025-11",0,1,0,0,9.99,9.99,0,"USD",3,0,3,0,0,"3 user reviews",2026-09-12 17:51:32.625024,2026-09-13 19:56:28.908794,2026-09-13,2026-09-12,312,"Windows only","$5.00-$9.99",2.39698576841553,1,0,0,0,0,0,1,0,0,0,1,0,0,1,2.39698576841553,0.615309661548216,-0.638926455864209
3896380,"Pizza Restaurant Together",2025-11-21,"2025-11",0,1,0,1,14.99,14.99,0,"USD",28,22,6,0.785714285714286,6,"Mostly Positive",2026-09-12 17:51:47.686526,2026-09-13 19:56:30.948275,2026-09-13,2026-09-12,296,"Windows + Linux","$10.00-$19.99",2.77196352684586,0,0,1,1,0,0,1,0,0,0,1,0,1,1,2.77196352684586,1.12681686694233,-0.947149186102921
3897310,"みんなで Physical TRAIN ～チャムランド国営鉄道～",2025-12-02,"2025-12",0,1,0,0,19.99,19.99,0,"USD",9,8,1,0.888888888888889,0,"9 user reviews",2026-09-12 17:52:10.723595,2026-09-13 19:56:33.084477,2026-09-13,2026-09-12,285,"Windows only","$10.00-$19.99",3.04404613383254,1,0,0,1,0,0,1,0,0,0,1,0,1,1,3.04404613383254,1.49796478387127,-1.15905231314204
3897330,"College Baseball: Dynasty Builder",2025-08-11,"2025-08",0,1,0,0,24.99,24.99,0,"USD",34,33,1,0.970588235294118,7,"Positive",2026-09-12 17:52:12.763673,2026-09-13 19:56:35.220161,2026-09-13,2026-09-12,398,"Windows only","$20.00-$29.99",3.2577118486534,0,0,0,0,0,0,0,0,0,0,1,1,1,1,3.2577118486534,1.78942621116778,1.01777071916887
3897360,"Office Assistant",2025-09-26,"2025-09",0,1,0,0,4.99,4.99,0,"USD",0,0,0,,0,"No user reviews",2026-09-12 17:52:17.055309,2026-09-13 19:56:37.297505,2026-09-13,2026-09-12,352,"Windows only","$0.01-$4.99",1.79009141212736,0,0,0,0,0,0,1,0,0,0,1,0,0,0,1.79009141212736,-0.212555002889199,0.13163036973257
3897850,"Hyperspace Hub Manager",2025-08-11,"2025-08",0,1,0,0,0.99,0.99,0,"USD",0,0,0,,0,"No user reviews",2026-09-12 17:52:33.617548,2026-09-13 19:56:39.509883,2026-09-13,2026-09-12,398,"Windows only","$0.01-$4.99",0.688134638736401,0,0,0,0,0,0,0,0,0,0,1,0,0,0,0.688134638736401,-1.71573437006504,1.01777071916887
3897890,"Depths Unseen",2025-08-20,"2025-08",1,1,0,0,,,,,0,0,0,,0,"No user reviews",2026-09-12 17:52:35.660244,2026-09-13 19:56:41.73629,2026-09-13,2026-09-12,389,"Windows only","Free",,1,1,0,1,1,0,1,0,0,0,0,0,0,0,,0,0.844395433409591
3897980,"Money at Play",2025-12-09,"2025-12",0,1,0,0,7.99,7.99,0,"USD",0,0,0,,0,"No user reviews",2026-09-12 17:52:40.074339,2026-09-13 19:56:43.892094,2026-09-13,2026-09-12,278,"Windows only","$5.00-$9.99",2.19611284848353,0,0,1,0,0,0,1,0,1,0,1,0,1,0,2.19611284848353,0.341298887298887,-1.29389975762147
3897990,"Haunted ROM: The Lost Cartridge",2025-09-18,"2025-09",0,1,0,0,9.99,9.99,0,"USD",14,12,2,0.857142857142857,7,"Positive",2026-09-12 17:52:42.178157,2026-09-13 19:56:45.945776,2026-09-13,2026-09-12,360,"Windows only","$5.00-$9.99",2.39698576841553,0,0,1,0,0,0,1,0,1,0,0,0,1,1,2.39698576841553,0.615309661548216,0.285741734851926
3898000,"Dobro Goranku",2025-10-09,"2025-10",1,1,1,0,,,,,0,0,0,,0,"No user reviews",2026-09-12 17:52:44.341616,2026-09-13 19:56:48.073427,2026-09-13,2026-09-12,339,"Windows + macOS","Free",,0,0,1,1,1,0,1,0,0,0,0,0,1,0,,0,-0.118800598586383
3898040,"Nations",2025-08-17,"2025-08",0,1,0,0,14.99,14.99,0,"USD",140,125,15,0.892857142857143,8,"Very Positive",2026-09-12 17:52:46.554118,2026-09-13 19:56:50.203695,2026-09-13,2026-09-12,392,"Windows only","$10.00-$19.99",2.77196352684586,0,0,0,1,0,0,1,0,0,0,0,0,1,1,2.77196352684586,1.12681686694233,0.90218719532935
3898080,"Quadcubes",2025-08-29,"2025-08",0,1,0,0,1.99,1.99,0,"USD",1,1,0,1,0,"1 user reviews",2026-09-12 17:52:50.769138,2026-09-13 19:56:52.256899,2026-09-13,2026-09-12,380,"Windows only","$0.01-$4.99",1.0952733874026,0,0,1,0,0,0,0,0,0,0,0,0,0,1,1.0952733874026,-1.16035635402041,0.671020147650316
3898270,"DAVE a nice guy",2025-08-21,"2025-08",0,1,0,0,5.99,5.99,0,"USD",0,0,0,,0,"No user reviews",2026-09-12 17:52:54.899768,2026-09-13 19:56:54.496613,2026-09-13,2026-09-12,388,"Windows only","$5.00-$9.99",1.94448055624572,1,0,1,0,0,0,1,0,0,0,0,0,0,0,1.94448055624572,-0.00195275282042951,0.825131512769672
3898680,"WZRDS",2025-11-26,"2025-11",0,1,0,0,4.99,4.99,0,"USD",14,12,2,0.857142857142857,7,"Positive",2026-09-12 17:53:03.541951,2026-09-13 19:56:56.6461,2026-09-13,2026-09-12,291,"Windows only","$0.01-$4.99",1.79009141212736,1,0,0,0,0,0,0,0,0,0,0,0,0,1,1.79009141212736,-0.212555002889199,-1.04346878930252
3898700,"INFINITE MINEFIELD",2025-09-25,"2025-09",0,1,0,0,0.99,0.99,0,"USD",3,3,0,1,0,"3 user reviews",2026-09-12 17:53:05.557359,2026-09-13 19:56:58.76437,2026-09-13,2026-09-12,353,"Windows only","$0.01-$4.99",0.688134638736401,0,0,1,0,0,0,1,0,0,0,0,0,0,1,0.688134638736401,-1.71573437006504,0.15089429037249
3898800,"Toy Town Mayhem",2025-08-15,"2025-08",1,1,1,1,,,,,0,0,0,,0,"No user reviews",2026-09-12 17:53:09.754207,2026-09-13 19:57:00.885958,2026-09-13,2026-09-12,394,"Windows + macOS + Linux","Free",,1,0,1,1,1,0,1,0,0,0,0,0,0,0,,0,0.940715036609189
3899160,"G-MODEアーカイブス+ ステラデウス 漆黒の精霊",2025-09-17,"2025-09",0,1,0,0,15.99,15.99,0,"USD",0,0,0,,0,"No user reviews",2026-09-12 17:53:22.410676,2026-09-13 19:57:03.133996,2026-09-13,2026-09-12,361,"Windows only","$10.00-$19.99",2.83262493568384,0,0,0,0,0,0,0,0,1,0,0,0,0,0,2.83262493568384,1.20956510203731,0.305005655491846
3899180,"Project X",2025-11-02,"2025-11",0,1,0,0,2.99,2.99,0,"USD",2,2,0,1,0,"2 user reviews",2026-09-12 17:53:24.549882,2026-09-13 19:57:05.284089,2026-09-13,2026-09-12,315,"Windows only","$0.01-$4.99",1.38379123090177,0,1,0,0,0,0,1,0,0,0,0,0,0,1,1.38379123090177,-0.766789128987195,-0.581134693944451
3899510,"ギャルと優等生と夏休み Gal, Geek and Summer",2025-08-27,"2025-08",0,1,0,0,19.99,19.99,0,"USD",0,0,0,,0,"No user reviews",2026-09-12 17:53:37.454631,2026-09-13 19:57:07.419812,2026-09-13,2026-09-12,382,"Windows only","$10.00-$19.99",3.04404613383254,0,1,0,0,0,0,0,0,0,0,1,0,0,0,3.04404613383254,1.49796478387127,0.709547988930155
3899640,"Roman Rumble",2025-10-14,"2025-10",1,1,0,0,,,,,0,0,0,,0,"No user reviews",2026-09-12 17:53:39.549233,2026-09-13 19:57:09.599365,2026-09-13,2026-09-12,334,"Windows only","Free",,1,1,1,0,1,0,1,0,1,0,0,1,0,0,,0,-0.21512020178598
3899660,"Pompiers Simulator",2025-08-28,"2025-08",0,1,0,0,7.99,7.99,0,"USD",4,4,0,1,0,"4 user reviews",2026-09-12 17:53:41.639191,2026-09-13 19:57:11.654095,2026-09-13,2026-09-12,381,"Windows only","$5.00-$9.99",2.19611284848353,0,0,0,1,0,0,0,0,0,0,1,0,0,1,2.19611284848353,0.341298887298887,0.690284068290236
3899970,"Escape The Humans",2025-08-21,"2025-08",0,1,0,0,4.99,4.99,0,"USD",0,0,0,,0,"No user reviews",2026-09-12 17:53:45.709229,2026-09-13 19:57:13.664131,2026-09-13,2026-09-12,388,"Windows only","$0.01-$4.99",1.79009141212736,0,0,1,0,0,0,1,0,0,0,0,0,0,0,1.79009141212736,-0.212555002889199,0.825131512769672
3900070,"Flashmaster",2025-08-27,"2025-08",0,1,0,0,5.99,5.99,0,"USD",2,2,0,1,0,"2 user reviews",2026-09-12 17:53:52.128124,2026-09-13 19:57:15.853296,2026-09-13,2026-09-12,382,"Windows only","$5.00-$9.99",1.94448055624572,0,0,1,0,0,0,1,0,0,0,0,0,0,1,1.94448055624572,-0.00195275282042951,0.709547988930155
3900080,"The Tale of Oath",2025-09-19,"2025-09",1,1,0,0,,,,,0,0,0,,0,"No user reviews",2026-09-12 17:53:54.262552,2026-09-13 19:57:17.953821,2026-09-13,2026-09-12,359,"Windows only","Free",,1,1,0,0,1,0,1,0,1,0,0,0,0,0,,0,0.266477814212007
3900250,"Little Lures",2025-11-04,"2025-11",0,1,0,0,4.99,4.99,0,"USD",2,2,0,1,0,"2 user reviews",2026-09-12 17:53:58.495603,2026-09-13 19:57:20.053418,2026-09-13,2026-09-12,313,"Windows only","$0.01-$4.99",1.79009141212736,0,0,1,0,0,0,1,0,0,0,1,0,0,1,1.79009141212736,-0.212555002889199,-0.61966253522429
3900500,"Empty Space: The Creator",2025-09-02,"2025-09",0,1,0,0,9.99,9.99,0,"USD",4,4,0,1,0,"4 user reviews",2026-09-12 17:54:07.167698,2026-09-13 19:57:22.289146,2026-09-13,2026-09-12,376,"Windows only","$5.00-$9.99",2.39698576841553,1,1,0,0,0,0,1,0,0,0,0,0,0,1,2.39698576841553,0.615309661548216,0.593964465090638
3900640,"Jixo 3: Hidden Horizons Collector's Edition",2025-08-15,"2025-08",0,1,1,0,9.99,9.99,0,"USD",4,4,0,1,0,"4 user reviews",2026-09-12 17:54:11.441461,2026-09-13 19:57:24.420184,2026-09-13,2026-09-12,394,"Windows + macOS","$5.00-$9.99",2.39698576841553,0,0,1,0,0,0,0,0,0,0,0,0,0,1,2.39698576841553,0.615309661548216,0.940715036609189
3901780,"Bone Souls",2025-10-21,"2025-10",0,1,0,0,5.99,5.99,0,"USD",6,5,1,0.833333333333333,0,"6 user reviews",2026-09-12 17:54:24.39925,2026-09-13 19:57:26.58004,2026-09-13,2026-09-12,327,"Windows only","$5.00-$9.99",1.94448055624572,1,0,0,0,0,0,0,0,1,0,0,0,0,1,1.94448055624572,-0.00195275282042951,-0.349967646265417
3901990,"Apoclone",2025-08-11,"2025-08",1,1,0,0,,,,,0,0,0,,0,"No user reviews",2026-09-12 17:54:26.651537,2026-09-13 19:57:28.686487,2026-09-13,2026-09-12,398,"Windows only","Free",,0,1,1,0,1,0,0,0,1,0,0,0,1,0,,0,1.01777071916887
3902220,"黒歴史ファイターズ",2025-10-23,"2025-10",0,1,0,0,4.99,4.99,0,"USD",12,12,0,1,7,"Positive",2026-09-12 17:54:35.28359,2026-09-13 19:57:30.73902,2026-09-13,2026-09-12,325,"Windows only","$0.01-$4.99",1.79009141212736,1,0,0,0,0,0,1,0,0,0,0,0,0,1,1.79009141212736,-0.212555002889199,-0.388495487545256
3902230,"Waiting for Your Food Delivery Simulator 2025",2025-08-27,"2025-08",0,1,0,0,0.99,0.99,0,"USD",1,1,0,1,0,"1 user reviews",2026-09-12 17:54:37.437882,2026-09-13 19:57:32.779696,2026-09-13,2026-09-12,382,"Windows only","$0.01-$4.99",0.688134638736401,0,0,1,0,0,0,1,0,0,0,1,0,0,1,0.688134638736401,-1.71573437006504,0.709547988930155
3902710,"One Rotten Oath",2025-11-28,"2025-11",0,1,0,0,6.99,6.99,0,"USD",10,10,0,1,7,"Positive",2026-09-12 17:54:56.43203,2026-09-13 19:57:35.019578,2026-09-13,2026-09-12,289,"Windows only","$5.00-$9.99",2.07819075977818,1,0,1,0,0,0,1,0,0,0,0,0,0,1,2.07819075977818,0.18044135190692,-1.08199663058236
3902830,"How I Flex with AI",2025-11-27,"2025-11",0,1,0,0,0.99,0.99,0,"USD",298,296,2,0.993288590604027,8,"Very Positive",2026-09-12 17:55:00.747301,2026-09-13 19:57:37.041729,2026-09-13,2026-09-12,290,"Windows only","$0.01-$4.99",0.688134638736401,0,0,1,0,0,0,1,0,1,0,0,0,0,1,0.688134638736401,-1.71573437006504,-1.06273270994244
3903170,"Decktoon",2025-12-18,"2025-12",1,1,0,0,,,,,0,0,0,,0,"No user reviews",2026-09-12 17:55:04.994277,2026-09-13 19:57:39.28102,2026-09-13,2026-09-12,269,"Windows only","Free",,0,0,1,0,1,0,1,0,0,0,0,0,1,0,,0,-1.46727504338075
3903490,"Prune",2025-09-25,"2025-09",0,1,0,0,7.99,7.99,0,"USD",21,21,0,1,7,"Positive",2026-09-12 17:55:09.345647,2026-09-13 19:57:41.459825,2026-09-13,2026-09-12,353,"Windows only","$5.00-$9.99",2.19611284848353,0,0,1,0,0,0,1,0,0,0,1,0,0,1,2.19611284848353,0.341298887298887,0.15089429037249
3903620,"Just Another Night",2025-08-11,"2025-08",0,1,0,0,7.99,3.99,50,"USD",14,8,6,0.571428571428571,5,"Mixed",2026-09-12 17:55:11.463397,2026-09-13 19:57:43.561957,2026-09-13,2026-09-12,398,"Windows only","$0.01-$4.99",1.60743590976343,1,0,0,0,0,0,0,0,0,0,0,0,0,1,1.60743590976343,-0.461715395641907,1.01777071916887
3903980,"Charge!",2025-12-18,"2025-12",0,1,0,0,15,15,0,"USD",1,1,0,1,0,"1 user reviews",2026-09-12 17:55:17.875675,2026-09-13 19:57:45.679542,2026-09-13,2026-09-12,269,"Windows only","$10.00-$19.99",2.77258872223978,1,0,1,0,0,0,1,0,0,0,0,1,0,1,2.77258872223978,1.1276696960544,-1.46727504338075
3904800,"Pirate Guy",2025-08-11,"2025-08",0,1,0,0,2.99,2.99,0,"USD",11,9,2,0.818181818181818,7,"Positive",2026-09-12 17:55:26.558588,2026-09-13 19:57:47.740344,2026-09-13,2026-09-12,398,"Windows only","$0.01-$4.99",1.38379123090177,0,1,0,0,0,0,1,0,0,0,0,0,0,1,1.38379123090177,-0.766789128987195,1.01777071916887
3905080,"金牌健美教练",2025-08-27,"2025-08",0,1,1,0,2.99,2.99,0,"USD",9,8,1,0.888888888888889,0,"9 user reviews",2026-09-12 17:55:30.880365,2026-09-13 19:57:49.848715,2026-09-13,2026-09-12,382,"Windows + macOS","$0.01-$4.99",1.38379123090177,0,0,1,0,0,0,1,0,0,0,0,0,0,1,1.38379123090177,-0.766789128987195,0.709547988930155
3905340,"No forgiveness",2025-08-23,"2025-08",0,1,0,0,3.99,3.99,0,"USD",8,4,4,0.5,0,"8 user reviews",2026-09-12 17:55:33.035604,2026-09-13 19:57:52.036183,2026-09-13,2026-09-12,386,"Windows only","$0.01-$4.99",1.60743590976343,0,1,0,0,0,0,1,0,0,0,0,0,0,1,1.60743590976343,-0.461715395641907,0.786603671489833
3905680,"Méli-Mélo<U+00A0>:<U+00A0>L'odyssée de la crème de marrons",2025-08-14,"2025-08",1,1,0,0,,,,,0,0,0,,0,"No user reviews",2026-09-12 17:55:43.465994,2026-09-13 19:57:54.102633,2026-09-13,2026-09-12,395,"Windows only","Free",,1,0,1,0,1,0,1,0,0,0,0,0,0,0,,0,0.959978957249108
3905890,"The Callers",2025-08-29,"2025-08",0,1,0,0,5.99,5.99,0,"USD",0,0,0,,0,"No user reviews",2026-09-12 17:55:53.896984,2026-09-13 19:57:56.326868,2026-09-13,2026-09-12,380,"Windows only","$5.00-$9.99",1.94448055624572,0,0,0,0,0,0,1,0,0,0,0,0,0,0,1.94448055624572,-0.00195275282042951,0.671020147650316
3906110,"FEED MY MECH",2025-11-28,"2025-11",0,1,0,0,9.99,9.99,0,"USD",39,25,14,0.641025641025641,5,"Mixed",2026-09-12 17:55:58.16545,2026-09-13 19:57:58.383625,2026-09-13,2026-09-12,289,"Windows only","$5.00-$9.99",2.39698576841553,1,1,0,0,0,0,1,0,0,0,0,0,0,1,2.39698576841553,0.615309661548216,-1.08199663058236
3906170,"The Puzzler",2025-09-04,"2025-09",0,1,0,0,2.99,2.99,0,"USD",3,1,2,0.333333333333333,0,"3 user reviews",2026-09-12 17:56:02.389216,2026-09-13 19:58:00.447944,2026-09-13,2026-09-12,374,"Windows only","$0.01-$4.99",1.38379123090177,0,0,1,0,0,0,1,0,0,0,0,0,0,1,1.38379123090177,-0.766789128987195,0.555436623810799
3906690,"Diamond Painting",2025-09-04,"2025-09",0,1,0,0,7.99,7.99,0,"USD",4,3,1,0.75,0,"4 user reviews",2026-09-12 17:56:14.923401,2026-09-13 19:58:02.65602,2026-09-13,2026-09-12,374,"Windows only","$5.00-$9.99",2.19611284848353,0,0,1,0,0,0,0,0,0,0,0,0,0,1,2.19611284848353,0.341298887298887,0.555436623810799
3906770,"HorrorToleranceTest",2025-08-19,"2025-08",0,1,0,0,4.99,4.99,0,"USD",140,106,34,0.757142857142857,6,"Mostly Positive",2026-09-12 17:56:17.135953,2026-09-13 19:58:04.878528,2026-09-13,2026-09-12,390,"Windows only","$0.01-$4.99",1.79009141212736,0,0,0,0,0,0,1,0,0,0,0,0,0,1,1.79009141212736,-0.212555002889199,0.863659354049511
3907270,"勇者モナナナは最初の洞窟が抜けられない",2025-11-19,"2025-11",0,1,0,0,8.99,8.99,0,"USD",14,14,0,1,7,"Positive",2026-09-12 17:56:36.270366,2026-09-13 19:58:07.037538,2026-09-13,2026-09-12,298,"Windows only","$5.00-$9.99",2.30158459266046,0,0,0,0,0,0,1,0,1,0,0,0,0,1,2.30158459266046,0.485172906221557,-0.908621344823082
3907610,"君の心臓とコスモスを見る",2025-08-14,"2025-08",0,1,0,0,0.99,0.99,0,"USD",0,0,0,,0,"No user reviews",2026-09-12 17:56:44.763527,2026-09-13 19:58:09.250923,2026-09-13,2026-09-12,395,"Windows only","$0.01-$4.99",0.688134638736401,0,1,0,0,0,0,0,0,0,0,0,0,0,0,0.688134638736401,-1.71573437006504,0.959978957249108
3907820,"SHUFFLE SHOWDOWN",2025-10-04,"2025-10",1,1,0,0,,,,,0,0,0,,0,"No user reviews",2026-09-12 17:56:46.912576,2026-09-13 19:58:11.275046,2026-09-13,2026-09-12,344,"Windows only","Free",,1,0,0,0,1,0,1,0,0,0,0,0,0,0,,0,-0.0224809953867855
3907900,"Deck of Mandate",2025-09-22,"2025-09",0,1,0,0,4.99,4.99,0,"USD",0,0,0,,0,"No user reviews",2026-09-12 17:56:53.18164,2026-09-13 19:58:13.536033,2026-09-13,2026-09-12,356,"Windows only","$0.01-$4.99",1.79009141212736,0,0,1,0,0,0,1,0,1,0,1,0,1,0,1.79009141212736,-0.212555002889199,0.208686052292248
3908010,"PolyLumina",2025-12-06,"2025-12",1,1,0,0,,,,,0,0,0,,0,"No user reviews",2026-09-12 17:56:55.315882,2026-09-13 19:58:15.731265,2026-09-13,2026-09-12,281,"Windows only","Free",,0,0,1,0,1,0,1,0,0,0,1,0,0,0,,0,-1.23610799570171
3908230,"The Resurrected",2025-08-18,"2025-08",0,1,0,0,1,1,0,"USD",0,0,0,,0,"No user reviews",2026-09-12 17:57:07.989122,2026-09-13 19:58:17.781688,2026-09-13,2026-09-12,391,"Windows only","$0.01-$4.99",0.693147180559945,1,1,0,0,0,0,1,0,0,0,1,0,0,0,0.693147180559945,-1.7088967611604,0.88292327468943
3908260,"Beat of Rebellion",2025-12-20,"2025-12",1,1,0,0,,,,,0,0,0,,0,"No user reviews",2026-09-12 17:57:10.125582,2026-09-13 19:58:19.907927,2026-09-13,2026-09-12,267,"Windows only","Free",,1,1,0,0,1,0,1,0,0,0,0,0,0,0,,0,-1.50580288466059
3908410,"SCRUB",2025-10-02,"2025-10",1,1,0,0,,,,,0,0,0,,0,"No user reviews",2026-09-12 17:57:14.545732,2026-09-13 19:58:21.946276,2026-09-13,2026-09-12,346,"Windows only","Free",,1,0,0,0,1,0,1,0,0,0,0,0,0,0,,0,0.0160468458930535
3908770,"Project Kouvola",2025-12-22,"2025-12",0,1,1,1,4.99,4.99,0,"USD",4,4,0,1,0,"4 user reviews",2026-09-12 17:57:22.885214,2026-09-13 19:58:24.047594,2026-09-13,2026-09-12,265,"Windows + macOS + Linux","$0.01-$4.99",1.79009141212736,0,1,1,0,0,0,1,0,0,0,0,0,0,1,1.79009141212736,-0.212555002889199,-1.54433072594043
3908780,"Mork Folio",2025-11-21,"2025-11",0,1,1,0,9.99,9.99,0,"USD",1,1,0,1,0,"1 user reviews",2026-09-12 17:57:25.011125,2026-09-13 19:58:26.092883,2026-09-13,2026-09-12,296,"Windows + macOS","$5.00-$9.99",2.39698576841553,0,1,0,0,0,0,0,0,1,0,0,0,0,1,2.39698576841553,0.615309661548216,-0.947149186102921
3909700,"Rhythm of Annihilation",2025-11-01,"2025-11",0,1,0,0,4.99,4.99,0,"USD",0,0,0,,0,"No user reviews",2026-09-12 17:57:45.985128,2026-09-13 19:58:28.267608,2026-09-13,2026-09-12,316,"Windows only","$0.01-$4.99",1.79009141212736,0,1,0,0,0,0,1,0,1,0,0,0,0,0,1.79009141212736,-0.212555002889199,-0.561870773304531
3909950,"Spider Maze",2025-08-15,"2025-08",0,1,0,0,1.99,1.99,0,"USD",0,0,0,,0,"No user reviews",2026-09-12 17:57:50.215151,2026-09-13 19:58:30.381502,2026-09-13,2026-09-12,394,"Windows only","$0.01-$4.99",1.0952733874026,0,1,0,0,0,0,1,0,0,0,0,0,0,0,1.0952733874026,-1.16035635402041,0.940715036609189
3910440,"The Remainer",2025-10-29,"2025-10",0,1,0,0,6.99,6.99,0,"USD",2,2,0,1,0,"2 user reviews",2026-09-12 17:58:06.967144,2026-09-13 19:58:32.572694,2026-09-13,2026-09-12,319,"Windows only","$5.00-$9.99",2.07819075977818,0,1,0,0,0,0,1,0,1,0,0,0,0,1,2.07819075977818,0.18044135190692,-0.504079011384773
3911080,"36 Zodiac Cycles",2025-08-20,"2025-08",0,1,0,0,5.99,5.99,0,"USD",20,20,0,1,7,"Positive",2026-09-12 17:58:25.955593,2026-09-13 19:58:34.709195,2026-09-13,2026-09-12,389,"Windows only","$5.00-$9.99",1.94448055624572,0,0,1,0,0,0,1,0,0,0,0,0,0,1,1.94448055624572,-0.00195275282042951,0.844395433409591
3911230,"Keypress Mania",2025-12-17,"2025-12",0,1,0,0,7.99,7.99,0,"USD",0,0,0,,0,"No user reviews",2026-09-12 17:58:30.236465,2026-09-13 19:58:36.918475,2026-09-13,2026-09-12,270,"Windows only","$5.00-$9.99",2.19611284848353,0,0,1,0,0,0,1,0,0,0,0,0,0,0,2.19611284848353,0.341298887298887,-1.44801112274083
3911340,"Galaxy for Dummies",2025-10-29,"2025-10",0,1,0,0,4.99,4.99,0,"USD",0,0,0,,0,"No user reviews",2026-09-12 17:58:32.335045,2026-09-13 19:58:38.964157,2026-09-13,2026-09-12,319,"Windows only","$0.01-$4.99",1.79009141212736,0,0,1,1,0,0,1,0,0,0,0,0,1,0,1.79009141212736,-0.212555002889199,-0.504079011384773
3911880,"ESKAPI",2025-10-12,"2025-10",0,1,0,0,6.99,6.99,0,"USD",0,0,0,,0,"No user reviews",2026-09-12 17:58:34.554926,2026-09-13 19:58:41.096556,2026-09-13,2026-09-12,336,"Windows only","$5.00-$9.99",2.07819075977818,1,1,0,0,0,0,1,0,0,0,0,0,0,0,2.07819075977818,0.18044135190692,-0.176592360506141
3911950,"Dirtzone",2025-09-14,"2025-09",0,1,0,0,4.99,4.99,0,"USD",5,2,3,0.4,0,"5 user reviews",2026-09-12 17:58:38.739487,2026-09-13 19:58:43.182484,2026-09-13,2026-09-12,364,"Windows only","$0.01-$4.99",1.79009141212736,1,1,0,0,0,0,1,0,0,1,0,0,0,1,1.79009141212736,-0.212555002889199,0.362797417411604
3912150,"Cosmic Rescue",2025-10-08,"2025-10",0,1,0,0,99.99,99.99,0,"USD",0,0,0,,0,"No user reviews",2026-09-12 17:58:40.796775,2026-09-13 19:58:45.306852,2026-09-13,2026-09-12,340,"Windows only","$30.00+",4.61502150203847,0,0,1,0,0,0,1,0,0,0,0,0,0,0,4.61502150203847,3.64093247266898,-0.0995366779464635
3912160,"Devil Laugh",2025-10-08,"2025-10",0,1,0,0,99.99,99.99,0,"USD",0,0,0,,0,"No user reviews",2026-09-12 17:58:42.84312,2026-09-13 19:58:47.372608,2026-09-13,2026-09-12,340,"Windows only","$30.00+",4.61502150203847,0,0,1,0,0,0,1,0,0,0,0,0,0,0,4.61502150203847,3.64093247266898,-0.0995366779464635
3913090,"Dawn After Dusk",2025-09-09,"2025-09",1,1,0,0,,,,,0,0,0,,0,"No user reviews",2026-09-12 17:58:57.874082,2026-09-13 19:58:49.572272,2026-09-13,2026-09-12,369,"Windows only","Free",,0,0,1,0,1,0,1,0,0,0,1,0,0,0,,0,0.459117020611202
3913290,"PRIVET. ETO NE BOL'NO.",2025-09-25,"2025-09",0,1,0,0,2.99,2.99,0,"USD",6,4,2,0.666666666666667,0,"6 user reviews",2026-09-12 17:59:02.071851,2026-09-13 19:58:51.596709,2026-09-13,2026-09-12,353,"Windows only","$0.01-$4.99",1.38379123090177,0,0,0,0,0,0,0,0,0,0,1,0,0,1,1.38379123090177,-0.766789128987195,0.15089429037249
3913380,"Googunners!",2025-09-26,"2025-09",1,1,0,0,,,,,0,0,0,,0,"No user reviews",2026-09-12 17:59:04.284855,2026-09-13 19:58:53.635955,2026-09-13,2026-09-12,352,"Windows only","Free",,1,0,1,0,1,0,1,0,0,0,0,0,0,0,,0,0.13163036973257
3913560,"Presidential Social Media Manager",2025-08-18,"2025-08",0,1,1,0,12.99,12.99,0,"USD",0,0,0,,0,"No user reviews",2026-09-12 17:59:08.52057,2026-09-13 19:58:55.675894,2026-09-13,2026-09-12,391,"Windows + macOS","$10.00-$19.99",2.63834278867739,0,0,1,0,0,0,1,0,0,0,0,0,0,0,2.63834278867739,0.944544801928764,0.88292327468943
3914000,"FuSha",2025-08-19,"2025-08",0,1,0,0,1.99,1.99,0,"USD",16,15,1,0.9375,7,"Positive",2026-09-12 17:59:10.565231,2026-09-13 19:58:57.708678,2026-09-13,2026-09-12,390,"Windows only","$0.01-$4.99",1.0952733874026,0,0,1,0,0,0,1,0,1,0,0,0,0,1,1.0952733874026,-1.16035635402041,0.863659354049511
3914070,"Draft Day Sports: College Football 2026",2025-08-19,"2025-08",0,1,0,0,19.99,19.99,0,"USD",6,6,0,1,0,"6 user reviews",2026-09-12 17:59:12.569716,2026-09-13 19:58:59.745379,2026-09-13,2026-09-12,390,"Windows only","$10.00-$19.99",3.04404613383254,0,0,0,0,0,0,1,0,0,0,1,1,1,1,3.04404613383254,1.49796478387127,0.863659354049511
3914200,"Even20: The Interference of Parallels",2025-11-24,"2025-11",0,1,1,0,6.99,5.24,25,"USD",33,30,3,0.909090909090909,7,"Positive",2026-09-12 17:59:18.748,2026-09-13 19:59:01.92064,2026-09-13,2026-09-12,293,"Windows + macOS","$5.00-$9.99",1.83098018238134,0,1,0,0,0,0,1,0,1,0,0,0,0,1,1.83098018238134,-0.156778626465796,-1.00494094802268
3914710,"Hockey Legacy Manager 26",2025-09-05,"2025-09",0,1,1,0,9.99,9.99,0,"USD",92,84,8,0.91304347826087,8,"Very Positive",2026-09-12 17:59:35.708318,2026-09-13 19:59:04.069837,2026-09-13,2026-09-12,373,"Windows + macOS","$5.00-$9.99",2.39698576841553,0,0,0,0,0,0,0,0,0,0,1,1,1,1,2.39698576841553,0.615309661548216,0.53617270317088
3915050,"Catch Sunlight Museum",2025-09-12,"2025-09",1,1,0,0,,,,,0,0,0,,0,"No user reviews",2026-09-12 17:59:46.371908,2026-09-13 19:59:06.124585,2026-09-13,2026-09-12,366,"Windows only","Free",,0,0,1,1,1,0,0,0,0,0,0,0,0,0,,0,0.401325258691443
3915140,"Onigiri Shop Simulator",2025-09-04,"2025-09",0,1,0,0,8.99,8.99,0,"USD",430,417,13,0.969767441860465,8,"Very Positive",2026-09-12 17:59:54.976047,2026-09-13 19:59:08.323897,2026-09-13,2026-09-12,374,"Windows only","$5.00-$9.99",2.30158459266046,0,0,0,0,0,0,1,0,0,0,1,0,0,1,2.30158459266046,0.485172906221557,0.555436623810799
3915170,"冒险与推图",2025-09-19,"2025-09",1,1,0,0,,,,,0,0,0,,0,"No user reviews",2026-09-12 17:59:57.025664,2026-09-13 19:59:10.532143,2026-09-13,2026-09-12,359,"Windows only","Free",,0,1,1,0,1,0,0,0,1,0,1,0,0,0,,0,0.266477814212007
3915220,"Love Too Easily 2: Summer Pocha",2025-12-02,"2025-12",0,1,0,0,19.99,11.99,40,"USD",40,28,12,0.7,6,"Mostly Positive",2026-09-12 18:00:05.670722,2026-09-13 19:59:12.708182,2026-09-13,2026-09-12,285,"Windows only","$10.00-$19.99",2.56417983068251,0,1,0,0,0,0,0,0,1,0,1,0,0,1,2.56417983068251,0.843379102004269,-1.15905231314204
3915550,"Proper Bullet Hell",2025-11-09,"2025-11",0,1,0,0,6.99,6.99,0,"USD",2,2,0,1,0,"2 user reviews",2026-09-12 18:00:07.855956,2026-09-13 19:59:14.736855,2026-09-13,2026-09-12,308,"Windows only","$5.00-$9.99",2.07819075977818,1,1,0,0,0,0,0,0,0,0,0,0,0,1,2.07819075977818,0.18044135190692,-0.715982138423887
3915970,"Big Theft Valkeala 2: San Piritori",2025-08-15,"2025-08",0,1,0,0,2.99,2.99,0,"USD",5,5,0,1,0,"5 user reviews",2026-09-12 18:00:14.051027,2026-09-13 19:59:16.881726,2026-09-13,2026-09-12,394,"Windows only","$0.01-$4.99",1.38379123090177,1,1,0,0,0,0,1,0,0,0,0,0,0,1,1.38379123090177,-0.766789128987195,0.940715036609189
3916180,"Transport Legion",2025-11-02,"2025-11",0,1,0,1,8.99,8.99,0,"USD",76,62,14,0.815789473684211,8,"Very Positive",2026-09-12 18:00:22.306641,2026-09-13 19:59:19.082244,2026-09-13,2026-09-12,315,"Windows + Linux","$5.00-$9.99",2.30158459266046,0,0,0,0,0,0,0,0,0,0,0,0,1,1,2.30158459266046,0.485172906221557,-0.581134693944451
3917000,"Glitchfall",2025-12-10,"2025-12",0,1,0,0,0.99,0.99,0,"USD",22,20,2,0.909090909090909,7,"Positive",2026-09-12 18:00:47.895583,2026-09-13 19:59:21.29541,2026-09-13,2026-09-12,277,"Windows only","$0.01-$4.99",0.688134638736401,0,0,1,0,0,0,1,0,0,0,0,0,0,1,0.688134638736401,-1.71573437006504,-1.31316367826139
3917250,"Gunvolution",2025-10-22,"2025-10",0,1,0,0,2.99,2.99,0,"USD",4,4,0,1,0,"4 user reviews",2026-09-12 18:01:00.918389,2026-09-13 19:59:23.348708,2026-09-13,2026-09-12,326,"Windows only","$0.01-$4.99",1.38379123090177,1,0,0,0,0,0,0,0,0,0,0,0,0,1,1.38379123090177,-0.766789128987195,-0.369231566905336
3917580,"The Almagest<U+00A0>Anomalies",2025-08-28,"2025-08",0,1,0,0,3.99,3.99,0,"USD",2,1,1,0.5,0,"2 user reviews",2026-09-12 18:01:07.417548,2026-09-13 19:59:25.430792,2026-09-13,2026-09-12,381,"Windows only","$0.01-$4.99",1.60743590976343,1,1,1,0,0,0,1,0,0,0,0,0,0,1,1.60743590976343,-0.461715395641907,0.690284068290236
3917620,"MAID MOVING BOXES",2025-12-05,"2025-12",1,1,0,1,,,,,0,0,0,,0,"No user reviews",2026-09-12 18:01:09.603438,2026-09-13 19:59:27.657346,2026-09-13,2026-09-12,282,"Windows + Linux","Free",,0,0,1,0,1,0,1,0,0,0,1,0,0,0,,0,-1.21684407506179
3917910,"Stars of Strife",2025-10-08,"2025-10",0,1,0,0,0.99,0.99,0,"USD",0,0,0,,0,"No user reviews",2026-09-12 18:01:18.389051,2026-09-13 19:59:29.744885,2026-09-13,2026-09-12,340,"Windows only","$0.01-$4.99",0.688134638736401,1,0,1,0,0,0,1,0,0,0,0,0,0,0,0.688134638736401,-1.71573437006504,-0.0995366779464635
3917990,"Real-time Shogi",2025-08-29,"2025-08",1,1,0,0,,,,,0,0,0,,0,"No user reviews",2026-09-12 18:01:22.593475,2026-09-13 19:59:31.934513,2026-09-13,2026-09-12,380,"Windows only","Free",,0,0,0,0,1,0,0,0,0,0,0,0,1,0,,0,0.671020147650316
3918230,"同桌！我喜欢你",2025-08-15,"2025-08",0,1,0,0,1.99,1.99,0,"USD",44,43,1,0.977272727272727,7,"Positive",2026-09-12 18:01:30.883931,2026-09-13 19:59:33.957107,2026-09-13,2026-09-12,394,"Windows only","$0.01-$4.99",1.0952733874026,0,0,1,0,0,0,0,0,1,0,0,0,0,1,1.0952733874026,-1.16035635402041,0.940715036609189
3918500,"Bubble's Travel",2025-09-16,"2025-09",0,1,1,0,3.99,3.99,0,"USD",3,2,1,0.666666666666667,0,"3 user reviews",2026-09-12 18:01:43.535271,2026-09-13 19:59:36.19463,2026-09-13,2026-09-12,362,"Windows + macOS","$0.01-$4.99",1.60743590976343,0,1,1,0,0,0,1,0,0,0,1,0,0,1,1.60743590976343,-0.461715395641907,0.324269576131765
3918570,"Yes",2025-12-24,"2025-12",0,1,0,0,0.99,0.99,0,"USD",7,7,0,1,0,"7 user reviews",2026-09-12 18:01:45.563868,2026-09-13 19:59:38.246675,2026-09-13,2026-09-12,263,"Windows only","$0.01-$4.99",0.688134638736401,1,0,0,0,0,0,0,0,0,0,0,0,0,1,0.688134638736401,-1.71573437006504,-1.58285856722026
3918660,"Spinochet",2025-10-24,"2025-10",0,1,0,0,0.99,0.99,0,"USD",0,0,0,,0,"No user reviews",2026-09-12 18:01:49.723202,2026-09-13 19:59:40.313953,2026-09-13,2026-09-12,324,"Windows only","$0.01-$4.99",0.688134638736401,1,0,1,0,0,0,1,0,0,0,0,0,0,0,0.688134638736401,-1.71573437006504,-0.407759408185175
3918860,"I'm Tripping",2025-09-19,"2025-09",1,1,0,0,,,,,5,5,0,1,0,"5 user reviews",2026-09-12 18:01:54.088709,2026-09-13 19:59:42.507198,2026-09-13,2026-09-12,359,"Windows only","Free",,0,1,1,0,1,0,0,0,0,0,1,0,0,1,,0,0.266477814212007
3918960,"Pursuing My Uncle",2025-09-30,"2025-09",0,1,1,0,1.99,1.99,0,"USD",119,106,13,0.890756302521008,8,"Very Positive",2026-09-12 18:02:00.469825,2026-09-13 19:59:44.712749,2026-09-13,2026-09-12,348,"Windows + macOS","$0.01-$4.99",1.0952733874026,0,1,1,0,0,0,1,0,0,0,0,0,0,1,1.0952733874026,-1.16035635402041,0.0545746871728924
3919000,"SailFront",2025-09-20,"2025-09",1,1,0,0,,,,,0,0,0,,0,"No user reviews",2026-09-12 18:02:02.543929,2026-09-13 19:59:46.743211,2026-09-13,2026-09-12,358,"Windows only","Free",,0,0,0,1,1,0,1,0,0,1,1,0,1,0,,0,0.247213893572087
3919230,"Inferis: Dead Below",2025-10-24,"2025-10",0,1,0,0,3.99,3.99,0,"USD",70,61,9,0.871428571428571,8,"Very Positive",2026-09-12 18:02:11.046134,2026-09-13 19:59:48.991067,2026-09-13,2026-09-12,324,"Windows only","$0.01-$4.99",1.60743590976343,0,1,0,0,0,0,1,0,0,0,0,0,0,1,1.60743590976343,-0.461715395641907,-0.407759408185175
3919270,"RovNav",2025-08-29,"2025-08",0,1,0,0,9.99,6.99,30,"USD",0,0,0,,0,"No user reviews",2026-09-12 18:02:13.275631,2026-09-13 19:59:51.210147,2026-09-13,2026-09-12,380,"Windows only","$5.00-$9.99",2.07819075977818,0,0,0,0,0,0,1,0,0,0,1,0,1,0,2.07819075977818,0.18044135190692,0.671020147650316
3919280,"2 in 1 Experience Hidden Objects",2025-08-27,"2025-08",0,1,0,0,9.99,8.99,10,"USD",1,0,1,0,0,"1 user reviews",2026-09-12 18:02:15.455546,2026-09-13 19:59:53.313431,2026-09-13,2026-09-12,382,"Windows only","$5.00-$9.99",2.30158459266046,0,0,1,0,0,0,0,0,0,0,0,0,0,1,2.30158459266046,0.485172906221557,0.709547988930155
3919530,"It Takes a War",2025-11-06,"2025-11",0,1,0,0,5.99,5.99,0,"USD",872,799,73,0.916284403669725,8,"Very Positive",2026-09-12 18:02:27.94928,2026-09-13 19:59:55.44363,2026-09-13,2026-09-12,311,"Windows only","$5.00-$9.99",1.94448055624572,1,1,0,0,0,0,1,0,0,0,0,0,0,1,1.94448055624572,-0.00195275282042951,-0.658190376504129
3919680,"The Single-Eye Nightmare",2025-11-10,"2025-11",0,1,0,0,6.99,6.99,0,"USD",1,1,0,1,0,"1 user reviews",2026-09-12 18:02:32.202039,2026-09-13 19:59:57.558846,2026-09-13,2026-09-12,307,"Windows only","$5.00-$9.99",2.07819075977818,1,1,0,0,0,0,1,0,0,0,0,0,0,1,2.07819075977818,0.18044135190692,-0.735246059063807
3919720,"Landlord Quest",2025-09-30,"2025-09",0,1,0,0,1.99,1.99,0,"USD",9,8,1,0.888888888888889,0,"9 user reviews",2026-09-12 18:02:34.217091,2026-09-13 19:59:59.586605,2026-09-13,2026-09-12,348,"Windows only","$0.01-$4.99",1.0952733874026,0,1,0,0,0,0,0,0,0,0,0,0,0,1,1.0952733874026,-1.16035635402041,0.0545746871728924
3919840,"Sepan and the Seven Flasks",2025-12-15,"2025-12",0,1,0,1,1.99,1.99,0,"USD",3,3,0,1,0,"3 user reviews",2026-09-12 18:02:40.348119,2026-09-13 20:00:01.82633,2026-09-13,2026-09-12,272,"Windows + Linux","$0.01-$4.99",1.0952733874026,0,1,0,0,0,0,1,0,0,0,0,0,0,1,1.0952733874026,-1.16035635402041,-1.40948328146099
3920370,"BattleBalls",2025-08-22,"2025-08",0,1,0,0,1.99,1.99,0,"USD",1,0,1,0,0,"1 user reviews",2026-09-12 18:02:52.905514,2026-09-13 20:00:03.944717,2026-09-13,2026-09-12,387,"Windows only","$0.01-$4.99",1.0952733874026,1,0,0,0,0,0,0,0,0,0,1,0,1,1,1.0952733874026,-1.16035635402041,0.805867592129753
3920630,"Galleria",2025-11-12,"2025-11",0,1,0,0,4.99,4.99,0,"USD",7,6,1,0.857142857142857,0,"7 user reviews",2026-09-12 18:03:01.475689,2026-09-13 20:00:06.126979,2026-09-13,2026-09-12,305,"Windows only","$0.01-$4.99",1.79009141212736,0,0,1,0,0,0,1,0,0,0,1,0,0,1,1.79009141212736,-0.212555002889199,-0.773773900343646
3920870,"The Gazebo",2025-08-18,"2025-08",0,1,0,0,0.99,0.99,0,"USD",3,0,3,0,0,"3 user reviews",2026-09-12 18:03:09.998616,2026-09-13 20:00:08.370656,2026-09-13,2026-09-12,391,"Windows only","$0.01-$4.99",0.688134638736401,0,0,0,0,0,0,1,0,0,0,0,0,0,1,0.688134638736401,-1.71573437006504,0.88292327468943
3921270,"Blood & Money",2025-10-31,"2025-10",0,1,0,1,5.99,4.01,33,"USD",3,3,0,1,0,"3 user reviews",2026-09-12 18:03:20.489175,2026-09-13 20:00:10.444869,2026-09-13,2026-09-12,317,"Windows + Linux","$0.01-$4.99",1.61143591509677,1,0,0,0,0,0,1,0,1,0,0,0,0,1,1.61143591509677,-0.456258987885388,-0.542606852664612
3921530,"The Night Gym",2025-08-16,"2025-08",0,1,0,0,0.99,0.99,0,"USD",44,24,20,0.545454545454545,5,"Mixed",2026-09-12 18:03:22.638299,2026-09-13 20:00:12.520731,2026-09-13,2026-09-12,393,"Windows only","$0.01-$4.99",0.688134638736401,0,0,0,0,0,0,1,0,0,0,0,0,0,1,0.688134638736401,-1.71573437006504,0.921451115969269
3921950,"Burned One",2025-08-22,"2025-08",0,1,0,0,11.99,11.99,0,"USD",22,22,0,1,7,"Positive",2026-09-12 18:03:35.483605,2026-09-13 20:00:14.732057,2026-09-13,2026-09-12,387,"Windows only","$10.00-$19.99",2.56417983068251,0,0,0,0,0,0,1,0,0,0,0,0,0,1,2.56417983068251,0.843379102004269,0.805867592129753
3922100,"Forest Doesn’t Care",2025-08-29,"2025-08",0,1,0,0,13.99,13.99,0,"USD",249,163,86,0.654618473895582,5,"Mixed",2026-09-12 18:03:41.651947,2026-09-13 20:00:16.880198,2026-09-13,2026-09-12,380,"Windows only","$10.00-$19.99",2.70738331211451,0,1,0,0,0,0,1,0,0,0,1,0,0,1,2.70738331211451,1.03872298825665,0.671020147650316
3922110,"Clara Wraiths",2025-08-15,"2025-08",0,1,0,1,3.99,3.99,0,"USD",1,1,0,1,0,"1 user reviews",2026-09-12 18:03:43.822786,2026-09-13 20:00:18.980639,2026-09-13,2026-09-12,394,"Windows + Linux","$0.01-$4.99",1.60743590976343,0,1,1,0,0,0,1,0,0,0,0,0,0,1,1.60743590976343,-0.461715395641907,0.940715036609189
3922120,"Koshchei The Immortal",2025-11-11,"2025-11",0,1,0,0,4.99,4.99,0,"USD",5,4,1,0.8,0,"5 user reviews",2026-09-12 18:03:45.927281,2026-09-13 20:00:21.127754,2026-09-13,2026-09-12,306,"Windows only","$0.01-$4.99",1.79009141212736,1,1,0,0,0,0,1,0,1,0,0,0,0,1,1.79009141212736,-0.212555002889199,-0.754509979703726
3922760,"Claws of the Forest",2025-08-04,"2025-08",0,1,1,1,1.99,0.99,50,"USD",2,0,2,0,0,"2 user reviews",2026-09-12 18:04:05.317133,2026-09-13 20:00:23.31895,2026-09-13,2026-09-12,405,"Windows + macOS + Linux","$0.01-$4.99",0.688134638736401,0,0,0,0,0,0,1,0,0,0,1,0,0,1,0.688134638736401,-1.71573437006504,1.1526181636483
3923230,"WORLDS: The Great Odyssey",2025-09-12,"2025-09",0,1,0,0,4.99,4.99,0,"USD",0,0,0,,0,"No user reviews",2026-09-13 05:50:30.447593,2026-09-13 20:00:25.545043,2026-09-13,2026-09-13,366,"Windows only","$0.01-$4.99",1.79009141212736,1,1,0,0,0,0,1,0,1,0,0,0,0,0,1.79009141212736,-0.212555002889199,0.401325258691443
3923240,"Exo-Card Collector",2025-09-04,"2025-09",0,1,0,0,1.99,1.99,0,"USD",0,0,0,,0,"No user reviews",2026-09-13 05:50:32.681333,2026-09-13 20:00:27.720796,2026-09-13,2026-09-13,374,"Windows only","$0.01-$4.99",1.0952733874026,0,0,1,1,0,0,1,0,0,0,1,0,0,0,1.0952733874026,-1.16035635402041,0.555436623810799
3923290,"Teapot Spinner",2025-10-03,"2025-10",0,1,0,0,2.99,2.99,0,"USD",7,7,0,1,0,"7 user reviews",2026-09-13 05:50:37.003423,2026-09-13 20:00:29.744111,2026-09-13,2026-09-13,345,"Windows only","$0.01-$4.99",1.38379123090177,0,0,1,0,0,0,1,0,0,0,1,0,1,1,1.38379123090177,-0.766789128987195,-0.00321707474686604
3923690," Doppelganger",2025-10-02,"2025-10",0,1,0,0,4.99,4.99,0,"USD",0,0,0,,0,"No user reviews",2026-09-13 05:50:51.711923,2026-09-13 20:00:31.990314,2026-09-13,2026-09-13,346,"Windows only","$0.01-$4.99",1.79009141212736,1,0,1,0,0,0,1,0,0,0,0,0,0,0,1.79009141212736,-0.212555002889199,0.0160468458930535
3923980,"Holo ADV: SakuraSingularity.exe",2025-12-03,"2025-12",0,1,0,0,16.99,16.99,0,"USD",63,58,5,0.920634920634921,8,"Very Positive",2026-09-13 05:50:55.943667,2026-09-13 20:00:34.009983,2026-09-13,2026-09-13,284,"Windows only","$10.00-$19.99",2.88981604796244,0,1,1,0,0,0,1,0,0,0,0,0,0,1,2.88981604796244,1.28757950517809,-1.17831623378195
3924300,"Find Kitties: Zombie Hunter",2025-08-20,"2025-08",0,1,0,1,1.2,1.2,0,"USD",20,19,1,0.95,7,"Positive",2026-09-13 05:51:08.745497,2026-09-13 20:00:36.205172,2026-09-13,2026-09-13,389,"Windows + Linux","$0.01-$4.99",0.78845736036427,0,0,1,0,0,0,1,0,0,0,0,0,0,1,0.78845736036427,-1.5788841334211,0.844395433409591
3924530,"Train Maze Master",2025-08-25,"2025-08",0,1,0,0,3.99,3.99,0,"USD",5,5,0,1,0,"5 user reviews",2026-09-13 05:51:23.765565,2026-09-13 20:00:38.31494,2026-09-13,2026-09-13,384,"Windows only","$0.01-$4.99",1.60743590976343,0,0,0,0,0,0,1,0,0,0,1,0,1,1,1.60743590976343,-0.461715395641907,0.748075830209994
3924600,"Beyond Your Wall",2025-09-21,"2025-09",1,1,1,0,,,,,0,0,0,,0,"No user reviews",2026-09-13 05:51:25.917477,2026-09-13 20:00:40.341589,2026-09-13,2026-09-13,357,"Windows + macOS","Free",,0,0,1,0,1,0,0,0,0,0,0,0,0,0,,0,0.227949972932168
3924850,"Space Memory: Owls",2025-08-18,"2025-08",0,1,0,0,1.99,1.99,0,"USD",1,1,0,1,0,"1 user reviews",2026-09-13 05:51:32.047711,2026-09-13 20:00:42.586949,2026-09-13,2026-09-13,391,"Windows only","$0.01-$4.99",1.0952733874026,0,0,1,0,0,0,1,0,0,0,0,0,0,1,1.0952733874026,-1.16035635402041,0.88292327468943
3925410,"The Evelyn Game",2025-09-22,"2025-09",0,1,0,0,4.99,4.99,0,"USD",15,8,7,0.533333333333333,5,"Mixed",2026-09-13 05:51:38.16678,2026-09-13 20:00:44.832089,2026-09-13,2026-09-13,356,"Windows only","$0.01-$4.99",1.79009141212736,0,1,0,0,0,0,1,0,0,0,0,0,0,1,1.79009141212736,-0.212555002889199,0.208686052292248
3925540,"Infestation on Epsilon 13",2025-09-05,"2025-09",0,1,0,0,0.99,0.99,0,"USD",0,0,0,,0,"No user reviews",2026-09-13 05:51:40.269455,2026-09-13 20:00:46.840022,2026-09-13,2026-09-13,373,"Windows only","$0.01-$4.99",0.688134638736401,1,0,1,0,0,0,1,0,0,0,0,0,0,0,0.688134638736401,-1.71573437006504,0.53617270317088
3925720,"FISH3: FIRST CATCH",2025-11-06,"2025-11",1,1,0,0,,,,,0,0,0,,0,"No user reviews",2026-09-13 05:51:42.424699,2026-09-13 20:00:48.865538,2026-09-13,2026-09-13,311,"Windows only","Free",,0,1,0,0,1,0,1,0,0,1,1,0,0,0,,0,-0.658190376504129
3926040,"Deskcat",2025-08-27,"2025-08",0,1,0,0,0.99,0.99,0,"USD",9,9,0,1,0,"9 user reviews",2026-09-13 05:51:57.297914,2026-09-13 20:00:50.940671,2026-09-13,2026-09-13,382,"Windows only","$0.01-$4.99",0.688134638736401,0,0,1,0,0,0,1,0,0,0,0,0,0,1,0.688134638736401,-1.71573437006504,0.709547988930155
3926230,"The Kitchen Knife",2025-10-23,"2025-10",0,1,0,0,4.99,4.99,0,"USD",3,1,2,0.333333333333333,0,"3 user reviews",2026-09-13 05:52:05.724261,2026-09-13 20:00:53.116007,2026-09-13,2026-09-13,325,"Windows only","$0.01-$4.99",1.79009141212736,0,1,0,0,0,0,1,0,0,0,0,0,0,1,1.79009141212736,-0.212555002889199,-0.388495487545256
3926240,"Little island",2025-11-27,"2025-11",0,1,0,0,4.99,4.99,0,"USD",2,1,1,0.5,0,"2 user reviews",2026-09-13 05:52:07.740084,2026-09-13 20:00:55.251806,2026-09-13,2026-09-13,290,"Windows only","$0.01-$4.99",1.79009141212736,1,1,1,0,0,0,1,0,0,0,0,0,0,1,1.79009141212736,-0.212555002889199,-1.06273270994244
3926370,"Dig Dig Spud Spud Harvest",2025-08-31,"2025-08",0,1,0,0,1.99,1.99,0,"USD",1,1,0,1,0,"1 user reviews",2026-09-13 05:52:12.137635,2026-09-13 20:00:57.433119,2026-09-13,2026-09-13,378,"Windows only","$0.01-$4.99",1.0952733874026,0,0,0,0,0,0,0,0,0,0,1,0,0,1,1.0952733874026,-1.16035635402041,0.632492306370477
3926610,"White Eternal",2025-09-01,"2025-09",0,1,0,0,4.99,2.49,50,"USD",1,1,0,1,0,"1 user reviews",2026-09-13 05:52:20.594016,2026-09-13 20:00:59.467207,2026-09-13,2026-09-13,377,"Windows only","$0.01-$4.99",1.24990173621434,0,0,0,0,0,0,0,0,1,0,0,0,0,1,1.24990173621434,-0.949427804800615,0.613228385730558
3926660,"Kola Аbyss",2025-11-11,"2025-11",0,1,0,0,4.99,4.99,0,"USD",2,2,0,1,0,"2 user reviews",2026-09-13 05:52:22.600298,2026-09-13 20:01:01.524522,2026-09-13,2026-09-13,306,"Windows only","$0.01-$4.99",1.79009141212736,0,0,0,0,0,0,1,0,0,0,1,0,0,1,1.79009141212736,-0.212555002889199,-0.754509979703726
3926820,"Eyes & Hearts, Corazones y Ojos",2025-10-14,"2025-10",0,1,0,1,1.99,1.99,0,"USD",0,0,0,,0,"No user reviews",2026-09-13 05:52:30.949278,2026-09-13 20:01:03.698531,2026-09-13,2026-09-13,334,"Windows + Linux","$0.01-$4.99",1.0952733874026,0,0,0,0,0,0,1,0,0,0,0,0,1,0,1.0952733874026,-1.16035635402041,-0.21512020178598
3927520,"Cosmolon",2025-08-28,"2025-08",0,1,0,0,0.99,0.99,0,"USD",3,3,0,1,0,"3 user reviews",2026-09-13 05:52:48.420633,2026-09-13 20:01:05.823312,2026-09-13,2026-09-13,381,"Windows only","$0.01-$4.99",0.688134638736401,1,0,0,0,0,0,1,0,0,0,0,0,0,1,0.688134638736401,-1.71573437006504,0.690284068290236
3927680,"Steel Defence",2025-10-20,"2025-10",0,1,0,0,0.99,0.99,0,"USD",9,6,3,0.666666666666667,0,"9 user reviews",2026-09-13 05:52:52.81002,2026-09-13 20:01:07.914157,2026-09-13,2026-09-13,328,"Windows only","$0.01-$4.99",0.688134638736401,1,0,1,0,0,0,1,0,1,0,0,0,0,1,0.688134638736401,-1.71573437006504,-0.330703725625497
3927710,"ZENith Break",2025-11-07,"2025-11",0,1,0,0,4.99,4.99,0,"USD",0,0,0,,0,"No user reviews",2026-09-13 05:52:54.992085,2026-09-13 20:01:09.953377,2026-09-13,2026-09-13,310,"Windows only","$0.01-$4.99",1.79009141212736,0,0,1,0,0,0,1,0,0,0,0,0,0,0,1.79009141212736,-0.212555002889199,-0.677454297144048
3928150,"Find Me",2025-09-09,"2025-09",0,1,0,0,4.99,4.99,0,"USD",8,4,4,0.5,0,"8 user reviews",2026-09-13 05:53:09.754124,2026-09-13 20:01:12.006602,2026-09-13,2026-09-13,369,"Windows only","$0.01-$4.99",1.79009141212736,0,0,1,0,0,0,1,0,0,0,0,0,0,1,1.79009141212736,-0.212555002889199,0.459117020611202
3928200,"Horror in the forest",2025-08-21,"2025-08",0,1,0,0,29.99,29.99,0,"USD",2,0,2,0,0,"2 user reviews",2026-09-13 05:53:11.915363,2026-09-13 20:01:14.120933,2026-09-13,2026-09-13,388,"Windows only","$20.00-$29.99",3.43366457179966,1,0,0,0,0,0,0,0,0,0,0,0,0,1,3.43366457179966,2.02944334198315,0.825131512769672
3928260,"Meteor Strike",2025-09-15,"2025-09",0,1,0,0,1.99,1.99,0,"USD",0,0,0,,0,"No user reviews",2026-09-13 05:53:14.124992,2026-09-13 20:01:16.372705,2026-09-13,2026-09-13,363,"Windows only","$0.01-$4.99",1.0952733874026,1,0,1,0,0,0,0,0,0,0,0,0,0,0,1.0952733874026,-1.16035635402041,0.343533496771685
3928270,"The Barber Shop",2025-09-11,"2025-09",0,1,0,0,1.99,1.99,0,"USD",1,1,0,1,0,"1 user reviews",2026-09-13 05:53:16.206252,2026-09-13 20:01:18.546621,2026-09-13,2026-09-13,367,"Windows only","$0.01-$4.99",1.0952733874026,0,0,1,0,0,0,1,0,0,0,1,0,0,1,1.0952733874026,-1.16035635402041,0.420589179331363
3928750,"PKWAR",2025-09-11,"2025-09",1,1,0,1,,,,,0,0,0,,0,"No user reviews",2026-09-13 05:53:28.970072,2026-09-13 20:01:20.6483,2026-09-13,2026-09-13,367,"Windows + Linux","Free",,0,0,0,0,1,0,0,1,0,0,0,0,0,0,,0,0.420589179331363
3928840,"Mini PacRunner",2025-10-05,"2025-10",0,1,0,0,1.99,1.99,0,"USD",0,0,0,,0,"No user reviews",2026-09-13 05:53:31.013214,2026-09-13 20:01:22.856194,2026-09-13,2026-09-13,343,"Windows only","$0.01-$4.99",1.0952733874026,0,0,1,0,0,0,0,0,0,0,0,0,0,0,1.0952733874026,-1.16035635402041,-0.041744916026705
3928890,"AntiVirus",2025-08-25,"2025-08",0,1,0,0,1.99,1.99,0,"USD",2,1,1,0.5,0,"2 user reviews",2026-09-13 05:53:33.246626,2026-09-13 20:01:25.036995,2026-09-13,2026-09-13,384,"Windows only","$0.01-$4.99",1.0952733874026,0,0,1,0,0,0,0,0,0,0,0,0,1,1,1.0952733874026,-1.16035635402041,0.748075830209994
3928970,"ParryMaster",2025-10-21,"2025-10",0,1,0,0,2.99,2.99,0,"USD",71,53,18,0.746478873239437,6,"Mostly Positive",2026-09-13 05:53:35.437866,2026-09-13 20:01:27.047907,2026-09-13,2026-09-13,327,"Windows only","$0.01-$4.99",1.38379123090177,0,0,1,0,0,0,1,0,0,0,0,0,0,1,1.38379123090177,-0.766789128987195,-0.349967646265417
3929030,"Why Did You Leave Me Like This?",2025-09-05,"2025-09",0,1,0,0,4.99,4.99,0,"USD",2,2,0,1,0,"2 user reviews",2026-09-13 05:53:37.540364,2026-09-13 20:01:29.167824,2026-09-13,2026-09-13,373,"Windows only","$0.01-$4.99",1.79009141212736,0,1,0,0,0,0,1,0,0,0,0,0,0,1,1.79009141212736,-0.212555002889199,0.53617270317088
3929110,"EGO :: Exit Protocol",2025-08-25,"2025-08",1,1,0,0,,,,,0,0,0,,0,"No user reviews",2026-09-13 05:53:43.990312,2026-09-13 20:01:31.235391,2026-09-13,2026-09-13,384,"Windows only","Free",,0,1,0,0,1,0,0,0,0,0,0,0,0,0,,0,0.748075830209994
3929410,"Scholar Adventure: Mystery of Silence",2025-12-09,"2025-12",0,1,1,0,7.99,7.99,0,"USD",81,76,5,0.938271604938272,8,"Very Positive",2026-09-13 05:53:50.248036,2026-09-13 20:01:33.41675,2026-09-13,2026-09-13,278,"Windows + macOS","$5.00-$9.99",2.19611284848353,0,1,0,0,0,0,1,0,0,0,0,0,0,1,2.19611284848353,0.341298887298887,-1.29389975762147
3929540,"fly a kite",2025-08-24,"2025-08",0,1,0,0,29.99,29.99,0,"USD",0,0,0,,0,"No user reviews",2026-09-13 05:53:52.373674,2026-09-13 20:01:35.564183,2026-09-13,2026-09-13,385,"Windows only","$20.00-$29.99",3.43366457179966,0,0,1,0,0,0,0,0,0,0,0,0,0,0,3.43366457179966,2.02944334198315,0.767339750849914
3929610,"數論冒險譚 - 魔王與秘林迷路",2025-09-19,"2025-09",0,1,0,0,4.99,4.99,0,"USD",5,5,0,1,0,"5 user reviews",2026-09-13 05:53:54.457948,2026-09-13 20:01:37.682468,2026-09-13,2026-09-13,359,"Windows only","$0.01-$4.99",1.79009141212736,0,0,0,0,0,0,0,0,1,0,0,0,0,1,1.79009141212736,-0.212555002889199,0.266477814212007
3929740,"Tom Clancy's Splinter Cell: Pandora Tomorrow",2025-10-14,"2025-10",0,1,0,0,9.99,9.99,0,"USD",608,457,151,0.751644736842105,6,"Mostly Positive",2026-09-13 05:53:58.730269,2026-09-13 20:01:39.761085,2026-09-13,2026-09-13,334,"Windows only","$5.00-$9.99",2.39698576841553,1,0,0,0,0,0,0,0,0,0,0,0,0,1,2.39698576841553,0.615309661548216,-0.21512020178598
3929990,"Monster Looter",2025-12-15,"2025-12",1,1,1,1,,,,,0,0,0,,0,"No user reviews",2026-09-13 05:54:04.835041,2026-09-13 20:01:41.962005,2026-09-13,2026-09-13,272,"Windows + macOS + Linux","Free",,0,0,1,0,1,0,1,0,0,0,1,0,0,0,,0,-1.40948328146099
3930300,"Come out, cat",2025-08-25,"2025-08",1,1,1,0,,,,,0,0,0,,0,"No user reviews",2026-09-13 05:54:11.18123,2026-09-13 20:01:44.034727,2026-09-13,2026-09-13,384,"Windows + macOS","Free",,0,1,0,0,1,0,1,0,0,0,0,0,0,0,,0,0.748075830209994
3931080,"Addition Subtraction Multiplication Division Magician",2025-12-12,"2025-12",0,1,0,0,2.99,2.99,0,"USD",1,0,1,0,0,"1 user reviews",2026-09-13 05:54:30.243181,2026-09-13 20:01:46.101686,2026-09-13,2026-09-13,275,"Windows only","$0.01-$4.99",1.38379123090177,0,0,1,0,0,0,1,0,0,0,0,0,0,1,1.38379123090177,-0.766789128987195,-1.35169151954123
3931220,"Time and Space Legacy",2025-12-08,"2025-12",0,1,0,0,9.99,9.99,0,"USD",2,2,0,1,0,"2 user reviews",2026-09-13 05:54:34.535676,2026-09-13 20:01:48.184861,2026-09-13,2026-09-13,279,"Windows only","$5.00-$9.99",2.39698576841553,0,0,0,0,0,0,1,0,0,0,0,0,0,1,2.39698576841553,0.615309661548216,-1.27463583698155
3931290,"MangaCo",2025-09-21,"2025-09",0,1,0,0,3.99,3.99,0,"USD",3,2,1,0.666666666666667,0,"3 user reviews",2026-09-13 05:54:40.865011,2026-09-13 20:01:50.433501,2026-09-13,2026-09-13,357,"Windows only","$0.01-$4.99",1.60743590976343,0,0,1,0,0,0,0,0,0,0,1,0,0,1,1.60743590976343,-0.461715395641907,0.227949972932168
3931940,"Everslide",2025-11-03,"2025-11",0,1,0,0,2.99,2.99,0,"USD",2,2,0,1,0,"2 user reviews",2026-09-13 05:54:49.135624,2026-09-13 20:01:52.536748,2026-09-13,2026-09-13,314,"Windows only","$0.01-$4.99",1.38379123090177,0,0,1,0,0,0,1,0,0,0,0,0,1,1,1.38379123090177,-0.766789128987195,-0.60039861458437
3931960,"Nightcrawler",2025-09-26,"2025-09",0,1,0,0,0.99,0.99,0,"USD",3,3,0,1,0,"3 user reviews",2026-09-13 05:54:51.288274,2026-09-13 20:01:54.731291,2026-09-13,2026-09-13,352,"Windows only","$0.01-$4.99",0.688134638736401,0,0,1,0,0,0,1,0,0,1,0,0,0,1,0.688134638736401,-1.71573437006504,0.13163036973257
3932650,"Don't Fowl Down",2025-10-15,"2025-10",0,1,0,0,3.99,3.99,0,"USD",0,0,0,,0,"No user reviews",2026-09-13 05:55:01.612453,2026-09-13 20:01:56.89688,2026-09-13,2026-09-13,333,"Windows only","$0.01-$4.99",1.60743590976343,0,1,0,0,0,0,1,0,0,0,0,0,0,0,1.60743590976343,-0.461715395641907,-0.2343841224259
3932880,"Step Away",2025-09-10,"2025-09",1,1,0,0,,,,,1,1,0,1,0,"1 user reviews",2026-09-13 05:55:05.888835,2026-09-13 20:01:58.970375,2026-09-13,2026-09-13,368,"Windows only","Free",,0,0,1,0,1,0,1,0,0,0,0,0,0,1,,0,0.439853099971282
3932980,"Whisper Village",2025-11-10,"2025-11",0,1,0,0,2.99,2.99,0,"USD",7,3,4,0.428571428571429,0,"7 user reviews",2026-09-13 05:55:12.199235,2026-09-13 20:02:01.074679,2026-09-13,2026-09-13,307,"Windows only","$0.01-$4.99",1.38379123090177,0,1,0,0,0,0,1,0,0,0,0,0,0,1,1.38379123090177,-0.766789128987195,-0.735246059063807
3933230,"SETVR XL-Unleashed",2025-09-24,"2025-09",0,1,0,0,19.99,19.99,0,"USD",0,0,0,,0,"No user reviews",2026-09-13 05:55:18.689493,2026-09-13 20:02:03.251678,2026-09-13,2026-09-13,354,"Windows only","$10.00-$19.99",3.04404613383254,1,0,0,0,0,0,0,0,1,0,1,0,0,0,3.04404613383254,1.49796478387127,0.170158211012409
3933360,"Rock and Stone",2025-09-08,"2025-09",1,1,0,0,,,,,0,0,0,,0,"No user reviews",2026-09-13 05:55:20.876866,2026-09-13 20:02:05.340075,2026-09-13,2026-09-13,370,"Windows only","Free",,0,0,1,0,1,0,1,0,1,0,0,0,0,0,,0,0.478380941251121
3933400,"The Joy of Hand Washing",2025-10-23,"2025-10",0,1,0,0,2.99,2.99,0,"USD",19,14,5,0.736842105263158,6,"Mostly Positive",2026-09-13 05:55:22.972837,2026-09-13 20:02:07.394386,2026-09-13,2026-09-13,325,"Windows only","$0.01-$4.99",1.38379123090177,0,0,1,0,0,0,0,0,0,0,1,0,0,1,1.38379123090177,-0.766789128987195,-0.388495487545256
3933530,"Puzzle Everything",2025-10-14,"2025-10",0,1,0,0,4.99,4.99,0,"USD",0,0,0,,0,"No user reviews",2026-09-13 05:55:25.06521,2026-09-13 20:02:09.635885,2026-09-13,2026-09-13,334,"Windows only","$0.01-$4.99",1.79009141212736,0,0,1,1,0,0,0,0,0,0,0,0,0,0,1.79009141212736,-0.212555002889199,-0.21512020178598
3933710,"My Car My Life",2025-12-12,"2025-12",0,1,1,1,1.99,1.99,0,"USD",168,165,3,0.982142857142857,8,"Very Positive",2026-09-13 05:55:27.10265,2026-09-13 20:02:11.842539,2026-09-13,2026-09-13,275,"Windows + macOS + Linux","$0.01-$4.99",1.0952733874026,1,0,0,1,0,0,0,0,0,1,1,0,0,1,1.0952733874026,-1.16035635402041,-1.35169151954123
3933730,"着色 Project_Shading 技术演示demo",2025-09-26,"2025-09",0,1,0,0,5.99,5.99,0,"USD",0,0,0,,0,"No user reviews",2026-09-13 05:55:29.186646,2026-09-13 20:02:14.007569,2026-09-13,2026-09-13,352,"Windows only","$5.00-$9.99",1.94448055624572,1,1,1,0,0,0,1,0,1,0,1,0,1,0,1.94448055624572,-0.00195275282042951,0.13163036973257
3933980,"3 SECONDS REMAINING",2025-08-25,"2025-08",0,1,0,0,1.99,1.99,0,"USD",1,1,0,1,0,"1 user reviews",2026-09-13 05:55:33.498781,2026-09-13 20:02:16.081356,2026-09-13,2026-09-13,384,"Windows only","$0.01-$4.99",1.0952733874026,1,0,0,0,0,0,1,0,0,0,0,0,0,1,1.0952733874026,-1.16035635402041,0.748075830209994
3934260,"牛马模拟器",2025-12-10,"2025-12",0,1,0,0,5.99,5.99,0,"USD",2,1,1,0.5,0,"2 user reviews",2026-09-13 05:55:37.814133,2026-09-13 20:02:18.136999,2026-09-13,2026-09-13,277,"Windows only","$5.00-$9.99",1.94448055624572,1,0,1,1,0,0,0,0,1,0,1,0,1,1,1.94448055624572,-0.00195275282042951,-1.31316367826139
3934520,"The Quiet Hum of a Lonely Heart",2025-08-30,"2025-08",0,1,1,1,0.99,0.49,51,"USD",0,0,0,,0,"No user reviews",2026-09-13 05:55:41.979419,2026-09-13 20:02:20.352576,2026-09-13,2026-09-13,379,"Windows + macOS + Linux","$0.01-$4.99",0.398776119957368,0,0,0,0,0,0,1,0,0,0,1,0,0,0,0.398776119957368,-2.11044836034865,0.651756227010397
3935420,"Hotdangle",2025-09-01,"2025-09",0,1,0,0,17.99,17.99,0,"USD",11,11,0,1,7,"Positive",2026-09-13 05:55:54.840455,2026-09-13 20:02:22.396584,2026-09-13,2026-09-13,377,"Windows only","$10.00-$19.99",2.94391252482419,0,0,0,0,0,0,0,0,0,0,0,1,0,1,2.94391252482419,1.36137251577438,0.613228385730558
3935440,"SummonArk -Deck Building Roguelite-",2025-08-28,"2025-08",0,1,0,0,8.99,8.99,0,"USD",0,0,0,,0,"No user reviews",2026-09-13 05:55:57.009119,2026-09-13 20:02:24.58627,2026-09-13,2026-09-13,381,"Windows only","$5.00-$9.99",2.30158459266046,0,0,0,0,0,0,1,0,1,0,0,0,0,0,2.30158459266046,0.485172906221557,0.690284068290236
3935460,"学園迷宮 | School Corridor",2025-08-28,"2025-08",1,1,0,0,,,,,0,0,0,,0,"No user reviews",2026-09-13 05:55:59.152055,2026-09-13 20:02:26.729156,2026-09-13,2026-09-13,381,"Windows only","Free",,0,1,0,0,1,0,1,0,0,0,1,0,0,0,,0,0.690284068290236
3936030,"Visit Azores",2025-09-08,"2025-09",0,1,0,0,8.99,8.99,0,"USD",0,0,0,,0,"No user reviews",2026-09-13 05:56:05.57963,2026-09-13 20:02:28.962038,2026-09-13,2026-09-13,370,"Windows only","$5.00-$9.99",2.30158459266046,0,1,1,0,0,0,0,0,0,0,0,0,0,0,2.30158459266046,0.485172906221557,0.478380941251121
3936410,"Harvest Loop",2025-08-26,"2025-08",0,1,0,0,1.99,1.99,0,"USD",6,5,1,0.833333333333333,0,"6 user reviews",2026-09-13 05:56:16.261334,2026-09-13 20:02:31.076843,2026-09-13,2026-09-13,383,"Windows only","$0.01-$4.99",1.0952733874026,0,0,0,0,0,0,0,0,0,0,1,0,1,1,1.0952733874026,-1.16035635402041,0.728811909570075
3936890,"Saving Princess Of Mars",2025-11-05,"2025-11",0,1,0,0,14.99,14.99,0,"USD",11,11,0,1,7,"Positive",2026-09-13 05:56:28.799129,2026-09-13 20:02:33.116936,2026-09-13,2026-09-13,312,"Windows only","$10.00-$19.99",2.77196352684586,1,0,0,0,0,0,0,0,0,0,0,0,0,1,2.77196352684586,1.12681686694233,-0.638926455864209
3937150,"Cat's Rage",2025-10-23,"2025-10",0,1,0,1,7.99,7.99,0,"USD",11,10,1,0.909090909090909,7,"Positive",2026-09-13 05:56:35.279915,2026-09-13 20:02:35.330671,2026-09-13,2026-09-13,325,"Windows + Linux","$5.00-$9.99",2.19611284848353,0,1,0,0,0,0,1,0,0,0,0,0,0,1,2.19611284848353,0.341298887298887,-0.388495487545256
3937360,"Ocean Keeper Co-op Drill Multiplayer",2025-12-03,"2025-12",0,1,0,0,5.99,5.99,0,"USD",137,105,32,0.766423357664234,6,"Mostly Positive",2026-09-13 05:56:39.622889,2026-09-13 20:02:37.384048,2026-09-13,2026-09-13,284,"Windows only","$5.00-$9.99",1.94448055624572,1,1,0,0,0,0,1,0,0,0,0,0,0,1,1.94448055624572,-0.00195275282042951,-1.17831623378195
3937540,"Links",2025-09-12,"2025-09",0,1,0,0,5.99,5.99,0,"USD",1,1,0,1,0,"1 user reviews",2026-09-13 05:56:41.854388,2026-09-13 20:02:39.609734,2026-09-13,2026-09-13,366,"Windows only","$5.00-$9.99",1.94448055624572,0,0,1,0,0,0,1,0,0,0,0,0,0,1,1.94448055624572,-0.00195275282042951,0.401325258691443
3937580,"Manipulation",2025-12-01,"2025-12",0,1,1,1,5.99,5.99,0,"USD",2,2,0,1,0,"2 user reviews",2026-09-13 05:56:44.108389,2026-09-13 20:02:41.635696,2026-09-13,2026-09-13,286,"Windows + macOS + Linux","$5.00-$9.99",1.94448055624572,0,1,0,0,0,0,1,0,1,0,0,0,1,1,1.94448055624572,-0.00195275282042951,-1.13978839250212
3937900,"ReuniunO",2025-10-24,"2025-10",0,1,0,0,1.99,1.99,0,"USD",1,1,0,1,0,"1 user reviews",2026-09-13 05:56:54.693997,2026-09-13 20:02:43.880812,2026-09-13,2026-09-13,324,"Windows only","$0.01-$4.99",1.0952733874026,0,1,1,0,0,0,0,0,0,0,0,0,0,1,1.0952733874026,-1.16035635402041,-0.407759408185175
3938040,"Digging Together",2025-11-21,"2025-11",0,1,0,0,3.99,3.99,0,"USD",23,10,13,0.434782608695652,5,"Mixed",2026-09-13 05:57:03.160171,2026-09-13 20:02:45.923596,2026-09-13,2026-09-13,296,"Windows only","$0.01-$4.99",1.60743590976343,1,1,0,0,0,0,1,0,0,0,1,0,0,1,1.60743590976343,-0.461715395641907,-0.947149186102921
3938350,"Chess Go",2025-10-30,"2025-10",1,1,0,0,,,,,0,0,0,,0,"No user reviews",2026-09-13 05:57:15.930554,2026-09-13 20:02:48.178662,2026-09-13,2026-09-13,318,"Windows only","Free",,0,0,1,0,1,0,0,0,0,0,0,0,1,0,,0,-0.523342932024692
3938610,"Locally Sourced Anthology II: The Timeline",2025-09-16,"2025-09",0,1,0,0,7.99,7.99,0,"USD",1,1,0,1,0,"1 user reviews",2026-09-13 05:57:18.1742,2026-09-13 20:02:50.43837,2026-09-13,2026-09-13,362,"Windows only","$5.00-$9.99",2.19611284848353,1,1,1,0,0,0,1,0,0,0,0,0,0,1,2.19611284848353,0.341298887298887,0.324269576131765
3938670,"Spacebar X",2025-08-26,"2025-08",0,1,0,0,0.99,0.99,0,"USD",0,0,0,,0,"No user reviews",2026-09-13 05:57:20.408625,2026-09-13 20:02:52.537083,2026-09-13,2026-09-13,383,"Windows only","$0.01-$4.99",0.688134638736401,1,0,0,0,0,0,1,0,0,0,0,0,0,0,0.688134638736401,-1.71573437006504,0.728811909570075
3938690,"SQUISH Units",2025-11-14,"2025-11",0,1,0,0,5,5,0,"USD",1,1,0,1,0,"1 user reviews",2026-09-13 05:57:22.54979,2026-09-13 20:02:54.786662,2026-09-13,2026-09-13,303,"Windows only","$5.00-$9.99",1.79175946922805,0,1,1,0,0,0,1,0,0,0,1,0,1,1,1.79175946922805,-0.210279605997429,-0.812301741623485
3939000,"Free Fall",2025-08-27,"2025-08",0,1,1,0,0.99,0.49,51,"USD",2,2,0,1,0,"2 user reviews",2026-09-13 05:57:29.026988,2026-09-13 20:02:57.009288,2026-09-13,2026-09-13,382,"Windows + macOS","$0.01-$4.99",0.398776119957368,0,0,0,0,0,0,1,0,0,0,1,0,0,1,0.398776119957368,-2.11044836034865,0.709547988930155
3939010,"B-Line",2025-10-03,"2025-10",0,1,0,1,4.99,4.99,0,"USD",14,12,2,0.857142857142857,7,"Positive",2026-09-13 05:57:31.334076,2026-09-13 20:02:59.188357,2026-09-13,2026-09-13,345,"Windows + Linux","$0.01-$4.99",1.79009141212736,0,1,0,0,0,0,1,0,0,0,0,0,0,1,1.79009141212736,-0.212555002889199,-0.00321707474686604
3939080,"Ironwood Conquest",2025-12-01,"2025-12",0,1,0,0,4.99,4.99,0,"USD",1,1,0,1,0,"1 user reviews",2026-09-13 05:57:33.370428,2026-09-13 20:03:01.43293,2026-09-13,2026-09-13,286,"Windows only","$0.01-$4.99",1.79009141212736,0,0,0,0,0,0,0,0,0,0,0,0,1,1,1.79009141212736,-0.212555002889199,-1.13978839250212
3939090,"H.Z.T.",2025-10-01,"2025-10",0,1,0,0,2.99,2.99,0,"USD",5,2,3,0.4,0,"5 user reviews",2026-09-13 05:57:35.511262,2026-09-13 20:03:03.474532,2026-09-13,2026-09-13,347,"Windows only","$0.01-$4.99",1.38379123090177,1,1,0,0,0,0,1,1,0,0,0,0,0,1,1.38379123090177,-0.766789128987195,0.0353107665329729
3939630,"Bao Boi",2025-10-23,"2025-10",0,1,0,0,3.99,3.99,0,"USD",6,6,0,1,0,"6 user reviews",2026-09-13 05:57:50.445458,2026-09-13 20:03:05.509793,2026-09-13,2026-09-13,325,"Windows only","$0.01-$4.99",1.60743590976343,0,0,0,0,0,0,1,0,0,0,0,0,0,1,1.60743590976343,-0.461715395641907,-0.388495487545256
3940250,"Halloween 2048",2025-10-07,"2025-10",0,1,1,0,1.99,1.99,0,"USD",1,1,0,1,0,"1 user reviews",2026-09-13 05:58:00.969616,2026-09-13 20:03:07.645003,2026-09-13,2026-09-13,341,"Windows + macOS","$0.01-$4.99",1.0952733874026,0,0,1,0,0,0,1,0,0,0,0,0,1,1,1.0952733874026,-1.16035635402041,-0.080272757306544
3940500,"Manekin: The Lost Island",2025-11-29,"2025-11",0,1,0,0,2.99,2.99,0,"USD",4,4,0,1,0,"4 user reviews",2026-09-13 05:58:05.222547,2026-09-13 20:03:09.868947,2026-09-13,2026-09-13,288,"Windows only","$0.01-$4.99",1.38379123090177,1,1,0,0,0,0,1,0,0,0,0,0,0,1,1.38379123090177,-0.766789128987195,-1.10126055122228
3940820,"Dentist Simulator 2",2025-10-17,"2025-10",0,1,0,0,14.99,14.99,0,"USD",2,2,0,1,0,"2 user reviews",2026-09-13 05:58:11.657329,2026-09-13 20:03:11.964922,2026-09-13,2026-09-13,331,"Windows only","$10.00-$19.99",2.77196352684586,0,0,1,0,0,0,1,0,0,0,1,0,0,1,2.77196352684586,1.12681686694233,-0.272911963705739
3940900,"Swipepi",2025-08-26,"2025-08",0,1,0,0,5.99,5.99,0,"USD",3,3,0,1,0,"3 user reviews",2026-09-13 05:58:15.883999,2026-09-13 20:03:14.098654,2026-09-13,2026-09-13,383,"Windows only","$5.00-$9.99",1.94448055624572,0,0,1,0,0,0,1,0,0,0,0,0,0,1,1.94448055624572,-0.00195275282042951,0.728811909570075
3940990,"SingFever - Your Sing Game",2025-09-04,"2025-09",0,1,0,0,29.99,29.99,0,"USD",4,1,3,0.25,0,"4 user reviews",2026-09-13 05:58:22.358873,2026-09-13 20:03:16.127956,2026-09-13,2026-09-13,374,"Windows only","$20.00-$29.99",3.43366457179966,0,1,1,1,0,0,1,0,0,0,0,0,0,1,3.43366457179966,2.02944334198315,0.555436623810799
3942530,"1Second",2025-09-02,"2025-09",0,1,0,0,1.99,1.99,0,"USD",1,1,0,1,0,"1 user reviews",2026-09-13 05:58:48.019782,2026-09-13 20:03:18.350116,2026-09-13,2026-09-13,376,"Windows only","$0.01-$4.99",1.0952733874026,0,0,1,0,0,0,1,0,0,0,0,0,1,1,1.0952733874026,-1.16035635402041,0.593964465090638
3942610,"DriveWave",2025-10-23,"2025-10",1,1,1,0,,,,,0,0,0,,0,"No user reviews",2026-09-13 05:58:50.099589,2026-09-13 20:03:20.386518,2026-09-13,2026-09-13,325,"Windows + macOS","Free",,0,0,1,0,1,0,0,0,0,1,1,0,0,0,,0,-0.388495487545256
3942640,"father's love",2025-08-26,"2025-08",0,1,0,0,29.99,29.99,0,"USD",0,0,0,,0,"No user reviews",2026-09-13 05:58:54.386166,2026-09-13 20:03:22.642454,2026-09-13,2026-09-13,383,"Windows only","$20.00-$29.99",3.43366457179966,0,0,1,0,0,0,0,0,0,0,0,0,0,0,3.43366457179966,2.02944334198315,0.728811909570075
3942650,"Verbal Beatdown",2025-08-28,"2025-08",0,1,0,0,2.99,2.99,0,"USD",4,3,1,0.75,0,"4 user reviews",2026-09-13 05:58:56.439711,2026-09-13 20:03:24.849697,2026-09-13,2026-09-13,381,"Windows only","$0.01-$4.99",1.38379123090177,0,1,1,0,0,0,1,0,0,0,0,0,1,1,1.38379123090177,-0.766789128987195,0.690284068290236
3942700,"KatanaHime",2025-10-07,"2025-10",0,1,0,1,0.99,0.99,0,"USD",45,43,2,0.955555555555556,7,"Positive",2026-09-13 05:58:58.507821,2026-09-13 20:03:27.005901,2026-09-13,2026-09-13,341,"Windows + Linux","$0.01-$4.99",0.688134638736401,1,0,1,0,0,0,1,0,0,0,0,0,0,1,0.688134638736401,-1.71573437006504,-0.080272757306544
3942780,"The Cute the Baldy and the Fluffy",2025-10-07,"2025-10",0,1,0,0,6.99,6.99,0,"USD",2,2,0,1,0,"2 user reviews",2026-09-13 05:59:02.606367,2026-09-13 20:03:29.105351,2026-09-13,2026-09-13,341,"Windows only","$5.00-$9.99",2.07819075977818,1,1,0,0,0,0,1,0,1,0,0,0,0,1,2.07819075977818,0.18044135190692,-0.080272757306544
3942890,"Fantahouse",2025-08-28,"2025-08",1,1,0,0,,,,,0,0,0,,0,"No user reviews",2026-09-13 05:59:06.86241,2026-09-13 20:03:31.191631,2026-09-13,2026-09-13,381,"Windows only","Free",,0,1,1,0,1,0,0,0,0,0,0,0,0,0,,0,0.690284068290236
3943180,"DAVBOT",2025-12-10,"2025-12",0,1,1,0,1.99,1.99,0,"USD",0,0,0,,0,"No user reviews",2026-09-13 05:59:11.117884,2026-09-13 20:03:33.291928,2026-09-13,2026-09-13,277,"Windows + macOS","$0.01-$4.99",1.0952733874026,1,0,0,1,0,0,1,0,0,0,0,0,0,0,1.0952733874026,-1.16035635402041,-1.31316367826139
3943400,"Shidunzi Parkour",2025-08-28,"2025-08",1,1,1,1,,,,,0,0,0,,0,"No user reviews",2026-09-13 05:59:15.393874,2026-09-13 20:03:35.474544,2026-09-13,2026-09-13,381,"Windows + macOS + Linux","Free",,0,0,1,0,1,0,0,0,0,0,0,0,0,0,,0,0.690284068290236
3943440,"WAGAMAMA HIGH SPEC OC",2025-12-15,"2025-12",0,1,0,0,19.99,19.99,0,"USD",37,34,3,0.918918918918919,7,"Positive",2026-09-13 05:59:19.564126,2026-09-13 20:03:37.632637,2026-09-13,2026-09-13,272,"Windows only","$10.00-$19.99",3.04404613383254,0,0,1,0,0,0,0,0,1,0,0,0,0,1,3.04404613383254,1.49796478387127,-1.40948328146099
3943720,"Shelf by Shelf: Bookstore Simulator",2025-10-22,"2025-10",0,1,0,0,6.99,6.99,0,"USD",37,23,14,0.621621621621622,5,"Mixed",2026-09-13 05:59:23.739236,2026-09-13 20:03:39.829337,2026-09-13,2026-09-13,326,"Windows only","$5.00-$9.99",2.07819075977818,0,0,1,0,0,0,1,0,0,0,1,0,0,1,2.07819075977818,0.18044135190692,-0.369231566905336
3943880,"GORE",2025-10-29,"2025-10",0,1,0,0,1.99,1.99,0,"USD",132,95,37,0.71969696969697,6,"Mostly Positive",2026-09-13 05:59:29.812837,2026-09-13 20:03:41.84904,2026-09-13,2026-09-13,319,"Windows only","$0.01-$4.99",1.0952733874026,0,1,1,0,0,0,1,0,0,0,0,0,0,1,1.0952733874026,-1.16035635402041,-0.504079011384773
3944010,"Mindscorn",2025-10-28,"2025-10",0,1,0,0,4.99,4.99,0,"USD",14,13,1,0.928571428571429,7,"Positive",2026-09-13 05:59:38.222392,2026-09-13 20:03:44.076295,2026-09-13,2026-09-13,320,"Windows only","$0.01-$4.99",1.79009141212736,1,1,0,0,0,0,1,0,0,0,0,0,0,1,1.79009141212736,-0.212555002889199,-0.484815090744853
3944070,"Blunderworld",2025-10-23,"2025-10",0,1,0,0,9.99,9.99,0,"USD",26,23,3,0.884615384615385,7,"Positive",2026-09-13 05:59:40.267751,2026-09-13 20:03:46.099901,2026-09-13,2026-09-13,325,"Windows only","$5.00-$9.99",2.39698576841553,0,0,1,0,0,0,1,0,0,0,0,0,1,1,2.39698576841553,0.615309661548216,-0.388495487545256
3944230,"7 Dice Destroyers",2025-09-11,"2025-09",0,1,0,0,7.77,7.77,0,"USD",0,0,0,,0,"No user reviews",2026-09-13 05:59:42.273923,2026-09-13 20:03:48.138969,2026-09-13,2026-09-13,367,"Windows only","$5.00-$9.99",2.17133680638409,0,0,1,1,0,0,1,0,0,0,0,0,0,0,2.17133680638409,0.307501885289861,0.420589179331363
3944410,"Bank King Simulator",2025-10-01,"2025-10",0,1,0,0,9.99,9.99,0,"USD",12,5,7,0.416666666666667,5,"Mixed",2026-09-13 05:59:46.63045,2026-09-13 20:03:50.308096,2026-09-13,2026-09-13,347,"Windows only","$5.00-$9.99",2.39698576841553,0,0,1,1,0,0,1,0,0,0,1,0,0,1,2.39698576841553,0.615309661548216,0.0353107665329729
3944530,"Knockless",2025-11-14,"2025-11",0,1,0,0,2.99,2.99,0,"USD",1,0,1,0,0,"1 user reviews",2026-09-13 05:59:48.774861,2026-09-13 20:03:52.469295,2026-09-13,2026-09-13,303,"Windows only","$0.01-$4.99",1.38379123090177,1,0,1,0,0,0,1,0,0,0,0,0,0,1,1.38379123090177,-0.766789128987195,-0.812301741623485
3944850,"Statecraft",2025-09-05,"2025-09",0,1,0,0,2.99,2.99,0,"USD",3,1,2,0.333333333333333,0,"3 user reviews",2026-09-13 05:59:53.043907,2026-09-13 20:03:54.555971,2026-09-13,2026-09-13,373,"Windows only","$0.01-$4.99",1.38379123090177,0,0,1,0,0,0,1,0,0,0,1,0,1,1,1.38379123090177,-0.766789128987195,0.53617270317088
3946470,"Outwall",2025-08-27,"2025-08",0,1,0,0,0.99,0.99,0,"USD",1,0,1,0,0,"1 user reviews",2026-09-13 06:00:18.576331,2026-09-13 20:03:56.780069,2026-09-13,2026-09-13,382,"Windows only","$0.01-$4.99",0.688134638736401,0,1,1,1,0,0,1,0,0,0,0,0,0,1,0.688134638736401,-1.71573437006504,0.709547988930155
3946860,"Begin the Slaughter",2025-09-15,"2025-09",0,1,0,1,0.99,0.99,0,"USD",1,1,0,1,0,"1 user reviews",2026-09-13 06:00:39.915389,2026-09-13 20:03:58.976518,2026-09-13,2026-09-13,363,"Windows + Linux","$0.01-$4.99",0.688134638736401,1,0,0,0,0,0,0,0,0,0,0,0,0,1,0.688134638736401,-1.71573437006504,0.343533496771685
3947180,"Cube Fight",2025-11-21,"2025-11",0,1,0,0,5.99,5.99,0,"USD",0,0,0,,0,"No user reviews",2026-09-13 06:00:46.339816,2026-09-13 20:04:01.222352,2026-09-13,2026-09-13,296,"Windows only","$5.00-$9.99",1.94448055624572,1,0,1,0,0,0,1,0,0,0,0,0,0,0,1.94448055624572,-0.00195275282042951,-0.947149186102921
3947220,"Deckaroo",2025-11-03,"2025-11",0,1,0,0,12.99,12.99,0,"USD",1,1,0,1,0,"1 user reviews",2026-09-13 06:00:48.416356,2026-09-13 20:04:03.463924,2026-09-13,2026-09-13,314,"Windows only","$10.00-$19.99",2.63834278867739,1,0,1,1,0,0,1,0,0,0,1,0,1,1,2.63834278867739,0.944544801928764,-0.60039861458437
3947310,"Fungal Colony Sim 2",2025-09-11,"2025-09",0,1,0,0,7.99,7.99,0,"USD",13,8,5,0.615384615384615,5,"Mixed",2026-09-13 06:00:54.734489,2026-09-13 20:04:05.64933,2026-09-13,2026-09-13,367,"Windows only","$5.00-$9.99",2.19611284848353,0,0,1,0,0,0,1,0,0,0,1,0,0,1,2.19611284848353,0.341298887298887,0.420589179331363
3947690,"Six Mysteries and One Lie",2025-12-23,"2025-12",0,1,0,0,3.99,3.99,0,"USD",9,8,1,0.888888888888889,0,"9 user reviews",2026-09-13 06:01:03.432191,2026-09-13 20:04:07.673171,2026-09-13,2026-09-13,264,"Windows only","$0.01-$4.99",1.60743590976343,0,1,0,0,0,0,1,0,0,0,0,0,0,1,1.60743590976343,-0.461715395641907,-1.56359464658034
3947730,"Journey To Dawn",2025-09-06,"2025-09",0,1,0,0,2.99,2.99,0,"USD",1,0,1,0,0,"1 user reviews",2026-09-13 06:01:07.517657,2026-09-13 20:04:09.726586,2026-09-13,2026-09-13,372,"Windows only","$0.01-$4.99",1.38379123090177,1,1,1,0,0,0,0,0,1,0,0,0,0,1,1.38379123090177,-0.766789128987195,0.51690878253096
3948200,"PLATFORM 0",2025-11-11,"2025-11",0,1,0,0,4.99,4.99,0,"USD",19,8,11,0.421052631578947,5,"Mixed",2026-09-13 06:01:13.976711,2026-09-13 20:04:11.969104,2026-09-13,2026-09-13,306,"Windows only","$0.01-$4.99",1.79009141212736,1,1,0,1,0,0,1,0,0,0,1,0,0,1,1.79009141212736,-0.212555002889199,-0.754509979703726
3948320,"Jumbot",2025-08-30,"2025-08",0,1,0,0,2.99,2.99,0,"USD",0,0,0,,0,"No user reviews",2026-09-13 06:01:16.078915,2026-09-13 20:04:14.021074,2026-09-13,2026-09-13,379,"Windows only","$0.01-$4.99",1.38379123090177,1,1,1,0,0,0,1,0,0,0,0,0,0,0,1.38379123090177,-0.766789128987195,0.651756227010397
3948350,"Wolftown",2025-10-24,"2025-10",0,1,0,1,9.99,9.99,0,"USD",3,3,0,1,0,"3 user reviews",2026-09-13 06:01:18.123222,2026-09-13 20:04:16.242591,2026-09-13,2026-09-13,324,"Windows + Linux","$5.00-$9.99",2.39698576841553,0,0,1,0,0,0,1,0,0,0,0,0,0,1,2.39698576841553,0.615309661548216,-0.407759408185175
3948550,"Late Ming: Reborn in Flames",2025-11-14,"2025-11",0,1,0,0,4,2,50,"USD",514,287,227,0.558365758754864,5,"Mixed",2026-09-13 06:01:24.553673,2026-09-13 20:04:18.409871,2026-09-13,2026-09-13,303,"Windows only","$0.01-$4.99",1.09861228866811,0,0,1,1,0,0,0,0,1,0,1,0,0,1,1.09861228866811,-1.15580175840236,-0.812301741623485
3948620,"Luminaria",2025-09-02,"2025-09",1,1,0,0,,,,,3,0,3,0,0,"3 user reviews",2026-09-13 06:01:28.585652,2026-09-13 20:04:20.530308,2026-09-13,2026-09-13,376,"Windows only","Free",,0,1,0,0,1,0,1,0,0,0,0,0,0,1,,0,0.593964465090638
3948650,"Breathbound",2025-12-02,"2025-12",0,1,0,0,9.99,9.99,0,"USD",4,2,2,0.5,0,"4 user reviews",2026-09-13 06:01:30.724319,2026-09-13 20:04:22.756965,2026-09-13,2026-09-13,285,"Windows only","$5.00-$9.99",2.39698576841553,0,1,0,0,0,0,0,0,1,0,0,0,0,1,2.39698576841553,0.615309661548216,-1.15905231314204
3948840,"Fatebreaker",2025-11-06,"2025-11",0,1,0,0,18.99,18.99,0,"USD",2,2,0,1,0,"2 user reviews",2026-09-13 06:01:32.845872,2026-09-13 20:04:25.026408,2026-09-13,2026-09-13,311,"Windows only","$10.00-$19.99",2.99523214851231,0,0,0,0,0,0,1,0,1,0,0,0,0,1,2.99523214851231,1.43137762062238,-0.658190376504129
3948890,"Employee 925",2025-09-25,"2025-09",0,1,0,0,4.99,4.99,0,"USD",18,18,0,1,7,"Positive",2026-09-13 06:01:35.04767,2026-09-13 20:04:27.036225,2026-09-13,2026-09-13,353,"Windows only","$0.01-$4.99",1.79009141212736,0,1,0,0,0,0,1,0,0,0,0,0,0,1,1.79009141212736,-0.212555002889199,0.15089429037249
3948980,"Age of Damnation",2025-10-27,"2025-10",0,1,0,0,6.99,6.99,0,"USD",6,2,4,0.333333333333333,0,"6 user reviews",2026-09-13 06:01:37.158979,2026-09-13 20:04:29.083132,2026-09-13,2026-09-13,321,"Windows only","$5.00-$9.99",2.07819075977818,0,0,0,0,0,0,1,0,0,0,0,0,1,1,2.07819075977818,0.18044135190692,-0.465551170104934
3949080,"These Are Them",2025-09-03,"2025-09",0,1,0,0,0.99,0.99,0,"USD",1,1,0,1,0,"1 user reviews",2026-09-13 06:01:43.528851,2026-09-13 20:04:31.266734,2026-09-13,2026-09-13,375,"Windows only","$0.01-$4.99",0.688134638736401,1,1,1,0,0,0,1,0,0,0,0,0,1,1,0.688134638736401,-1.71573437006504,0.574700544450719
3949750,"(BURIED TAPES) The Parking",2025-10-10,"2025-10",1,1,1,0,,,,,0,0,0,,0,"No user reviews",2026-09-13 06:01:56.402967,2026-09-13 20:04:33.309299,2026-09-13,2026-09-13,338,"Windows + macOS","Free",,0,0,1,0,1,0,1,0,0,0,1,0,0,0,,0,-0.138064519226302
3949860,"Typing Challenge",2025-12-08,"2025-12",0,1,0,0,0.99,0.99,0,"USD",0,0,0,,0,"No user reviews",2026-09-13 06:02:04.969973,2026-09-13 20:04:35.540064,2026-09-13,2026-09-13,279,"Windows only","$0.01-$4.99",0.688134638736401,0,0,1,0,0,0,1,0,0,0,0,0,0,0,0.688134638736401,-1.71573437006504,-1.27463583698155
3951630,"The Day of the Jellyfish",2025-09-16,"2025-09",1,1,1,1,,,,,0,0,0,,0,"No user reviews",2026-09-13 06:02:55.897857,2026-09-13 20:04:37.704943,2026-09-13,2026-09-13,362,"Windows + macOS + Linux","Free",,0,1,0,0,1,0,1,0,0,0,0,0,0,0,,0,0.324269576131765
3952050,"Turtle Game",2025-10-15,"2025-10",0,1,1,0,2.99,2.99,0,"USD",18,18,0,1,7,"Positive",2026-09-13 06:03:06.419283,2026-09-13 20:04:39.929914,2026-09-13,2026-09-13,333,"Windows + macOS","$0.01-$4.99",1.38379123090177,0,0,1,1,0,0,1,0,0,0,0,0,0,1,1.38379123090177,-0.766789128987195,-0.2343841224259
3952230,"3000m to Whatever’s Up There",2025-10-24,"2025-10",0,1,0,0,7.99,7.99,0,"USD",5,5,0,1,0,"5 user reviews",2026-09-13 06:03:12.7649,2026-09-13 20:04:42.132778,2026-09-13,2026-09-13,324,"Windows only","$5.00-$9.99",2.19611284848353,1,1,0,0,0,0,1,0,0,0,0,0,0,1,2.19611284848353,0.341298887298887,-0.407759408185175
3952640,"Virtual Fighter Maneuvers",2025-12-19,"2025-12",0,1,0,0,14.99,14.99,0,"USD",137,130,7,0.948905109489051,8,"Very Positive",2026-09-13 06:03:17.128655,2026-09-13 20:04:44.393067,2026-09-13,2026-09-13,268,"Windows only","$10.00-$19.99",2.77196352684586,1,0,0,0,0,0,0,0,0,0,1,0,0,1,2.77196352684586,1.12681686694233,-1.48653896402067
3952680,"Backrooms Maze 2D",2025-09-01,"2025-09",0,1,0,0,1.99,1.99,0,"USD",2,2,0,1,0,"2 user reviews",2026-09-13 06:03:19.274594,2026-09-13 20:04:46.553138,2026-09-13,2026-09-13,377,"Windows only","$0.01-$4.99",1.0952733874026,0,1,1,0,0,0,1,0,0,0,0,0,0,1,1.0952733874026,-1.16035635402041,0.613228385730558
3952930,"仙旅异闻录",2025-11-06,"2025-11",0,1,0,0,3.99,3.99,0,"USD",148,118,30,0.797297297297297,6,"Mostly Positive",2026-09-13 06:03:21.28772,2026-09-13 20:04:48.625695,2026-09-13,2026-09-13,311,"Windows only","$0.01-$4.99",1.60743590976343,0,0,0,0,0,0,1,0,1,0,0,0,1,1,1.60743590976343,-0.461715395641907,-0.658190376504129
3953060,"Galaxy Defense War",2025-12-15,"2025-12",0,1,0,0,7.72,7.72,0,"USD",111,108,3,0.972972972972973,8,"Very Positive",2026-09-13 06:03:25.470158,2026-09-13 20:04:50.714264,2026-09-13,2026-09-13,272,"Windows only","$5.00-$9.99",2.16561923792089,0,0,1,0,0,0,1,0,0,0,0,0,1,1,2.16561923792089,0.299702549461238,-1.40948328146099
3953080,"Melon Bounce",2025-09-10,"2025-09",0,1,0,0,0.99,0.99,0,"USD",6,6,0,1,0,"6 user reviews",2026-09-13 06:03:27.699154,2026-09-13 20:04:52.962259,2026-09-13,2026-09-13,368,"Windows only","$0.01-$4.99",0.688134638736401,0,0,1,0,0,0,1,0,0,0,0,0,0,1,0.688134638736401,-1.71573437006504,0.439853099971282
3953280,"BIRDHOUSE",2025-09-12,"2025-09",1,1,0,0,,,,,0,0,0,,0,"No user reviews",2026-09-13 06:03:33.947126,2026-09-13 20:04:55.08084,2026-09-13,2026-09-13,366,"Windows only","Free",,0,0,0,0,1,0,1,0,1,0,0,0,0,0,,0,0.401325258691443
3953840,"Baduk Challenge (Go Challenge)",2025-09-02,"2025-09",0,1,0,0,10.99,10.99,0,"USD",4,2,2,0.5,0,"4 user reviews",2026-09-13 06:03:52.744967,2026-09-13 20:04:57.091048,2026-09-13,2026-09-13,376,"Windows only","$10.00-$19.99",2.48407296903942,0,0,0,0,0,0,0,0,0,0,1,1,1,1,2.48407296903942,0.734105322398058,0.593964465090638
3953850,"Obscurinth",2025-10-22,"2025-10",0,1,0,0,7.39,7.39,0,"USD",0,0,0,,0,"No user reviews",2026-09-13 06:03:54.910263,2026-09-13 20:04:59.157374,2026-09-13,2026-09-13,326,"Windows only","$5.00-$9.99",2.12704052047911,0,1,0,0,0,0,1,0,1,0,0,0,0,0,2.12704052047911,0.247077316356921,-0.369231566905336
3954070,"Session Notes: Route 404",2025-11-07,"2025-11",0,1,0,0,2.99,2.24,25,"USD",64,46,18,0.71875,6,"Mostly Positive",2026-09-13 06:03:57.025038,2026-09-13 20:05:01.298253,2026-09-13,2026-09-13,310,"Windows only","$0.01-$4.99",1.17557332980424,1,1,0,0,0,0,1,0,0,0,1,0,0,1,1.17557332980424,-1.05081919292821,-0.677454297144048
3955000,"Mars Training Camp",2025-09-18,"2025-09",0,1,0,0,9.99,9.99,0,"USD",0,0,0,,0,"No user reviews",2026-09-13 06:04:16.331065,2026-09-13 20:05:03.400664,2026-09-13,2026-09-13,360,"Windows only","$5.00-$9.99",2.39698576841553,0,0,0,0,0,0,0,0,0,0,1,0,0,0,2.39698576841553,0.615309661548216,0.285741734851926
3955050,"Shadow President",2025-09-27,"2025-09",0,1,0,0,5.99,5.99,0,"USD",12,12,0,1,7,"Positive",2026-09-13 06:04:18.570087,2026-09-13 20:05:05.496937,2026-09-13,2026-09-13,351,"Windows only","$5.00-$9.99",1.94448055624572,0,0,0,0,0,0,0,0,1,0,1,0,1,1,1.94448055624572,-0.00195275282042951,0.112366449092651
3955170,"Exclusive Cars",2025-10-01,"2025-10",0,1,0,0,0.99,0.99,0,"USD",3,3,0,1,0,"3 user reviews",2026-09-13 06:04:27.062198,2026-09-13 20:05:07.582067,2026-09-13,2026-09-13,347,"Windows only","$0.01-$4.99",0.688134638736401,1,0,0,0,0,0,0,0,0,1,1,0,0,1,0.688134638736401,-1.71573437006504,0.0353107665329729
3955280,"Escape The Buildings",2025-10-08,"2025-10",0,1,0,0,0.99,0.99,0,"USD",2,2,0,1,0,"2 user reviews",2026-09-13 06:04:31.203569,2026-09-13 20:05:09.640828,2026-09-13,2026-09-13,340,"Windows only","$0.01-$4.99",0.688134638736401,0,0,0,0,0,0,1,0,0,0,0,0,1,1,0.688134638736401,-1.71573437006504,-0.0995366779464635
3955460,"NewMonster",2025-09-14,"2025-09",0,1,0,0,2.99,2.99,0,"USD",0,0,0,,0,"No user reviews",2026-09-13 06:04:35.393947,2026-09-13 20:05:11.723148,2026-09-13,2026-09-13,364,"Windows only","$0.01-$4.99",1.38379123090177,1,0,0,0,0,0,1,0,1,0,0,0,0,0,1.38379123090177,-0.766789128987195,0.362797417411604
3955620,"Tob One",2025-11-09,"2025-11",0,1,0,0,5.99,5.99,0,"USD",0,0,0,,0,"No user reviews",2026-09-13 06:04:41.790152,2026-09-13 20:05:13.88512,2026-09-13,2026-09-13,308,"Windows only","$5.00-$9.99",1.94448055624572,1,1,0,0,0,0,1,0,0,0,0,0,0,0,1.94448055624572,-0.00195275282042951,-0.715982138423887
3956340,"Max Manos 2",2025-11-13,"2025-11",0,1,0,0,5.99,5.99,0,"USD",143,102,41,0.713286713286713,6,"Mostly Positive",2026-09-13 06:04:58.574867,2026-09-13 20:05:16.13799,2026-09-13,2026-09-13,304,"Windows only","$5.00-$9.99",1.94448055624572,1,0,1,0,0,0,1,0,0,0,1,0,0,1,1.94448055624572,-0.00195275282042951,-0.793037820983565
3956600,"They won't get our eggs!",2025-09-02,"2025-09",0,1,0,0,3.99,3.99,0,"USD",0,0,0,,0,"No user reviews",2026-09-13 06:05:13.35215,2026-09-13 20:05:18.278512,2026-09-13,2026-09-13,376,"Windows only","$0.01-$4.99",1.60743590976343,1,1,1,0,0,0,1,0,1,0,0,0,0,0,1.60743590976343,-0.461715395641907,0.593964465090638
3957270,"Bozimer's Rage Game",2025-10-15,"2025-10",0,1,0,0,1.99,1.99,0,"USD",0,0,0,,0,"No user reviews",2026-09-13 06:05:23.882699,2026-09-13 20:05:20.317193,2026-09-13,2026-09-13,333,"Windows only","$0.01-$4.99",1.0952733874026,0,0,0,0,0,0,1,0,0,0,0,0,0,0,1.0952733874026,-1.16035635402041,-0.2343841224259
3957480,"Western Gun Shop Simulator",2025-09-14,"2025-09",0,1,0,0,6.99,2.02,71,"USD",21,16,5,0.761904761904762,6,"Mostly Positive",2026-09-13 06:05:30.13165,2026-09-13 20:05:22.376801,2026-09-13,2026-09-13,364,"Windows only","$0.01-$4.99",1.10525683138678,0,0,1,0,0,0,1,0,0,0,1,0,0,1,1.10525683138678,-1.14673793688032,0.362797417411604
3957580,"Monster Survival",2025-11-03,"2025-11",0,1,0,0,7.99,7.99,0,"USD",0,0,0,,0,"No user reviews",2026-09-13 06:05:32.348348,2026-09-13 20:05:24.509469,2026-09-13,2026-09-13,314,"Windows only","$5.00-$9.99",2.19611284848353,1,0,1,0,0,0,1,0,0,0,0,0,0,0,2.19611284848353,0.341298887298887,-0.60039861458437
3958510,"The evil mouse",2025-11-14,"2025-11",0,1,0,0,3,3,0,"USD",6,6,0,1,0,"6 user reviews",2026-09-13 06:05:53.402153,2026-09-13 20:05:26.546532,2026-09-13,2026-09-13,303,"Windows only","$0.01-$4.99",1.38629436111989,0,1,0,0,0,0,1,0,0,0,0,0,0,1,1.38629436111989,-0.76337460875547,-0.812301741623485
3959110,"DOOM Dawn",2025-10-31,"2025-10",0,1,0,0,1.99,0.99,50,"USD",14,12,2,0.857142857142857,7,"Positive",2026-09-13 06:06:02.43251,2026-09-13 20:05:28.694957,2026-09-13,2026-09-13,317,"Windows only","$0.01-$4.99",0.688134638736401,1,1,1,0,0,0,1,0,1,1,0,0,0,1,0.688134638736401,-1.71573437006504,-0.542606852664612
3960120,"ZeroZeta",2025-09-15,"2025-09",0,1,0,1,3.99,3.99,0,"USD",2,2,0,1,0,"2 user reviews",2026-09-13 06:06:17.534329,2026-09-13 20:05:30.762042,2026-09-13,2026-09-13,363,"Windows + Linux","$0.01-$4.99",1.60743590976343,0,0,1,0,0,0,1,0,0,1,0,0,0,1,1.60743590976343,-0.461715395641907,0.343533496771685
3960240,"Cat Merge",2025-11-11,"2025-11",0,1,0,0,0.99,0.99,0,"USD",5,5,0,1,0,"5 user reviews",2026-09-13 06:06:26.063309,2026-09-13 20:05:32.941237,2026-09-13,2026-09-13,306,"Windows only","$0.01-$4.99",0.688134638736401,0,0,1,0,0,0,1,0,0,0,0,0,1,1,0.688134638736401,-1.71573437006504,-0.754509979703726
3960750,"Demon with a Pickaxe",2025-10-22,"2025-10",0,1,0,0,4.99,4.99,0,"USD",13,11,2,0.846153846153846,7,"Positive",2026-09-13 06:06:38.798636,2026-09-13 20:05:34.97831,2026-09-13,2026-09-13,326,"Windows only","$0.01-$4.99",1.79009141212736,0,1,0,0,0,0,1,0,0,0,0,0,0,1,1.79009141212736,-0.212555002889199,-0.369231566905336
3960930,"Umbral Crown: Mark",2025-10-17,"2025-10",1,1,0,0,,,,,0,0,0,,0,"No user reviews",2026-09-13 06:06:47.062164,2026-09-13 20:05:37.100946,2026-09-13,2026-09-13,331,"Windows only","Free",,0,1,1,0,1,0,1,0,1,0,0,0,0,0,,0,-0.272911963705739
3961220,"VADE RETRO SATANA",2025-11-20,"2025-11",0,1,0,0,7.99,7.99,0,"USD",2,1,1,0.5,0,"2 user reviews",2026-09-13 06:06:53.422089,2026-09-13 20:05:39.266682,2026-09-13,2026-09-13,297,"Windows only","$5.00-$9.99",2.19611284848353,0,0,0,0,0,0,0,0,1,0,0,0,0,1,2.19611284848353,0.341298887298887,-0.927885265463002
3961630,"Eidolon: Fate of Fools",2025-09-26,"2025-09",1,1,0,0,,,,,0,0,0,,0,"No user reviews",2026-09-13 06:07:01.944174,2026-09-13 20:05:41.305022,2026-09-13,2026-09-13,352,"Windows only","Free",,1,0,0,0,1,0,0,0,0,0,0,0,0,0,,0,0.13163036973257
3961710,"Prosrochennyy",2025-09-30,"2025-09",1,1,0,0,,,,,0,0,0,,0,"No user reviews",2026-09-13 06:07:06.289377,2026-09-13 20:05:43.52646,2026-09-13,2026-09-13,348,"Windows only","Free",,0,0,0,0,1,0,1,0,0,0,0,0,0,0,,0,0.0545746871728924
3961740,"PaJinko",2025-11-30,"2025-11",0,1,1,0,0.99,0.99,0,"USD",2,2,0,1,0,"2 user reviews",2026-09-13 06:07:08.304519,2026-09-13 20:05:45.785519,2026-09-13,2026-09-13,287,"Windows + macOS","$0.01-$4.99",0.688134638736401,0,0,1,0,0,0,0,0,0,0,0,0,0,1,0.688134638736401,-1.71573437006504,-1.1205244718622
3962200,"The Soul Collector 2 - Idle Game",2025-12-16,"2025-12",0,1,0,1,4.95,4.95,0,"USD",4,0,4,0,0,"4 user reviews",2026-09-13 06:07:18.93375,2026-09-13 20:05:47.871291,2026-09-13,2026-09-13,271,"Windows + Linux","$0.01-$4.99",1.78339121955754,0,0,1,0,0,0,1,0,0,0,1,0,0,1,1.78339121955754,-0.221694736379893,-1.42874720210091
3962470,"Coaster Crash Course",2025-12-10,"2025-12",0,1,0,0,4.99,2.99,40,"USD",29,27,2,0.931034482758621,7,"Positive",2026-09-13 06:07:27.401447,2026-09-13 20:05:49.881854,2026-09-13,2026-09-13,277,"Windows only","$0.01-$4.99",1.38379123090177,0,0,0,0,0,0,0,0,0,0,1,0,0,1,1.38379123090177,-0.766789128987195,-1.31316367826139
3962740,"Pediluvium",2025-10-29,"2025-10",0,1,0,0,0.99,0.99,0,"USD",8,7,1,0.875,0,"8 user reviews",2026-09-13 06:07:29.645297,2026-09-13 20:05:51.967185,2026-09-13,2026-09-13,319,"Windows only","$0.01-$4.99",0.688134638736401,0,0,0,0,0,0,1,0,0,0,1,0,0,1,0.688134638736401,-1.71573437006504,-0.504079011384773
3963200,"Whodunnit: the Midnight Murder Mystery Files",2025-10-24,"2025-10",0,1,0,0,7.99,7.99,0,"USD",1,0,1,0,0,"1 user reviews",2026-09-13 06:07:40.12417,2026-09-13 20:05:54.147306,2026-09-13,2026-09-13,324,"Windows only","$5.00-$9.99",2.19611284848353,0,0,1,0,0,0,1,0,0,0,0,0,1,1,2.19611284848353,0.341298887298887,-0.407759408185175
3963830,"The Drowned Deal",2025-10-02,"2025-10",0,1,0,0,3.99,3.99,0,"USD",1,0,1,0,0,"1 user reviews",2026-09-13 06:07:57.252092,2026-09-13 20:05:56.231141,2026-09-13,2026-09-13,346,"Windows only","$0.01-$4.99",1.60743590976343,0,0,1,0,0,0,1,0,0,0,0,0,1,1,1.60743590976343,-0.461715395641907,0.0160468458930535
3964050,"Midnight's Curse",2025-09-20,"2025-09",0,1,0,0,0.99,0.59,40,"USD",31,23,8,0.741935483870968,6,"Mostly Positive",2026-09-13 06:08:03.697722,2026-09-13 20:05:58.345018,2026-09-13,2026-09-13,358,"Windows only","$0.01-$4.99",0.46373401623214,1,1,0,0,0,0,0,0,1,0,1,1,1,1,0.46373401623214,-2.02183928622416,0.247213893572087
3964640,"Nomad Nightmare - Episode 1: Awakening",2025-09-25,"2025-09",0,1,0,0,1.49,1.49,0,"USD",10,7,3,0.7,6,"Mostly Positive",2026-09-13 06:08:24.413397,2026-09-13 20:06:00.570389,2026-09-13,2026-09-13,353,"Windows only","$0.01-$4.99",0.912282710476616,0,1,0,0,0,0,1,0,0,0,0,0,0,1,0.912282710476616,-1.40997395843353,0.15089429037249
3965520,"Sacred World",2025-10-21,"2025-10",0,1,0,0,6.99,6.99,0,"USD",9,6,3,0.666666666666667,0,"9 user reviews",2026-09-13 06:08:43.910296,2026-09-13 20:06:02.674631,2026-09-13,2026-09-13,327,"Windows only","$5.00-$9.99",2.07819075977818,0,0,1,0,0,0,1,0,1,0,0,0,1,1,2.07819075977818,0.18044135190692,-0.349967646265417
3965620,"Heart Snatcher",2025-10-03,"2025-10",1,1,0,1,,,,,0,0,0,,0,"No user reviews",2026-09-13 06:08:48.319629,2026-09-13 20:06:04.914329,2026-09-13,2026-09-13,345,"Windows + Linux","Free",,0,0,0,0,1,0,1,0,0,0,0,0,1,0,,0,-0.00321707474686604
3965930,"Puzzle Parasite",2025-12-03,"2025-12",0,1,0,0,14.99,14.99,0,"USD",29,27,2,0.931034482758621,7,"Positive",2026-09-13 06:08:56.91933,2026-09-13 20:06:06.994515,2026-09-13,2026-09-13,284,"Windows only","$10.00-$19.99",2.77196352684586,1,1,0,0,0,0,1,0,0,0,0,0,0,1,2.77196352684586,1.12681686694233,-1.17831623378195
3966010,"Soul Demon Hunters",2025-12-11,"2025-12",0,1,0,0,11.99,11.99,0,"USD",17,15,2,0.882352941176471,7,"Positive",2026-09-13 06:08:59.010901,2026-09-13 20:06:09.208741,2026-09-13,2026-09-13,276,"Windows only","$10.00-$19.99",2.56417983068251,1,0,0,0,0,0,1,0,1,0,0,0,1,1,2.56417983068251,0.843379102004269,-1.33242759890131
3966090,"The Mushroom Adventrue:Call of Distant Realms",2025-10-27,"2025-10",0,1,0,0,17.99,17.99,0,"USD",0,0,0,,0,"No user reviews",2026-09-13 06:09:05.34598,2026-09-13 20:06:11.263693,2026-09-13,2026-09-13,321,"Windows only","$10.00-$19.99",2.94391252482419,0,1,1,1,0,0,1,0,1,0,1,0,1,0,2.94391252482419,1.36137251577438,-0.465551170104934
3966170,"Type Drivers",2025-12-02,"2025-12",0,1,0,0,5.99,5.99,0,"USD",3,2,1,0.666666666666667,0,"3 user reviews",2026-09-13 06:09:09.511943,2026-09-13 20:06:13.407901,2026-09-13,2026-09-13,285,"Windows only","$5.00-$9.99",1.94448055624572,0,0,1,0,0,0,1,0,0,1,0,1,0,1,1.94448055624572,-0.00195275282042951,-1.15905231314204
3966360,"After School Grounds (<U+BC29><U+ACFC><U+D6C4><U+C6B4><U+B3D9><U+C7A5>)",2025-11-03,"2025-11",0,1,0,0,3.99,3.99,0,"USD",160,159,1,0.99375,8,"Very Positive",2026-09-13 06:09:11.714982,2026-09-13 20:06:15.581024,2026-09-13,2026-09-13,314,"Windows only","$0.01-$4.99",1.60743590976343,0,0,1,0,0,0,1,0,0,0,0,0,0,1,1.60743590976343,-0.461715395641907,-0.60039861458437
3966870,"Liminal Explorer",2025-11-28,"2025-11",0,1,0,0,4.99,4.99,0,"USD",8,7,1,0.875,0,"8 user reviews",2026-09-13 06:09:17.920135,2026-09-13 20:06:17.664836,2026-09-13,2026-09-13,289,"Windows only","$0.01-$4.99",1.79009141212736,0,0,1,0,0,0,1,0,0,0,0,0,0,1,1.79009141212736,-0.212555002889199,-1.08199663058236
3966950,"Cute Warrior Girl 2 (<U+D050><U+D2B8> <U+C5EC><U+C804><U+C0AC> 2)",2025-09-07,"2025-09",1,1,0,0,,,,,0,0,0,,0,"No user reviews",2026-09-13 06:09:19.966421,2026-09-13 20:06:19.80298,2026-09-13,2026-09-13,371,"Windows only","Free",,0,1,0,0,1,0,0,0,1,0,0,0,0,0,,0,0.497644861891041
3967160,"Chair Debiti",2025-09-15,"2025-09",0,1,0,0,2,2,0,"USD",22,22,0,1,7,"Positive",2026-09-13 06:09:24.257031,2026-09-13 20:06:21.903134,2026-09-13,2026-09-13,363,"Windows only","$0.01-$4.99",1.09861228866811,0,0,0,0,0,0,0,0,0,0,0,0,1,1,1.09861228866811,-1.15580175840236,0.343533496771685
3967240,"Pursuit",2025-11-12,"2025-11",0,1,0,0,4.99,4.99,0,"USD",14,8,6,0.571428571428571,5,"Mixed",2026-09-13 06:09:26.359246,2026-09-13 20:06:23.958551,2026-09-13,2026-09-13,305,"Windows only","$0.01-$4.99",1.79009141212736,1,1,0,1,0,0,0,0,0,1,0,0,0,1,1.79009141212736,-0.212555002889199,-0.773773900343646
3967430,"Defend the Town",2025-11-10,"2025-11",0,1,0,0,0.99,0.99,0,"USD",2,2,0,1,0,"2 user reviews",2026-09-13 06:09:30.549189,2026-09-13 20:06:26.121544,2026-09-13,2026-09-13,307,"Windows only","$0.01-$4.99",0.688134638736401,0,0,1,0,0,0,1,0,1,0,1,0,1,1,0.688134638736401,-1.71573437006504,-0.735246059063807
3967950,"Spookie Dookie",2025-10-10,"2025-10",0,1,0,0,3.99,3.99,0,"USD",24,23,1,0.958333333333333,7,"Positive",2026-09-13 06:09:36.917624,2026-09-13 20:06:28.238727,2026-09-13,2026-09-13,338,"Windows only","$0.01-$4.99",1.60743590976343,0,0,0,1,0,0,1,0,0,0,0,0,1,1,1.60743590976343,-0.461715395641907,-0.138064519226302
3968380,"Arachnaut",2025-09-16,"2025-09",0,1,1,0,3.99,3.99,0,"USD",0,0,0,,0,"No user reviews",2026-09-13 06:09:43.311385,2026-09-13 20:06:30.244689,2026-09-13,2026-09-13,362,"Windows + macOS","$0.01-$4.99",1.60743590976343,0,0,1,0,0,0,1,0,0,0,0,0,0,0,1.60743590976343,-0.461715395641907,0.324269576131765
3968450,"Darko",2025-11-14,"2025-11",0,1,0,0,7.99,7.99,0,"USD",2,2,0,1,0,"2 user reviews",2026-09-13 06:09:47.628442,2026-09-13 20:06:32.489067,2026-09-13,2026-09-13,303,"Windows only","$5.00-$9.99",2.19611284848353,1,0,0,0,0,0,1,0,0,0,0,0,0,1,2.19611284848353,0.341298887298887,-0.812301741623485
3968810,"Old Ninja : UnderWorld",2025-09-19,"2025-09",0,1,0,0,2.99,2.99,0,"USD",2,0,2,0,0,"2 user reviews",2026-09-13 06:09:49.715114,2026-09-13 20:06:34.618239,2026-09-13,2026-09-13,359,"Windows only","$0.01-$4.99",1.38379123090177,1,1,0,0,0,0,1,0,0,0,0,0,0,1,1.38379123090177,-0.766789128987195,0.266477814212007
3969280,"Where the Roads Die",2025-11-10,"2025-11",0,1,0,0,4.99,4.99,0,"USD",0,0,0,,0,"No user reviews",2026-09-13 06:09:58.143171,2026-09-13 20:06:36.658597,2026-09-13,2026-09-13,307,"Windows only","$0.01-$4.99",1.79009141212736,0,1,0,0,0,0,1,0,0,0,0,0,0,0,1.79009141212736,-0.212555002889199,-0.735246059063807
3969700,"RIBBITS",2025-10-07,"2025-10",1,1,0,0,,,,,0,0,0,,0,"No user reviews",2026-09-13 06:10:02.450645,2026-09-13 20:06:38.79431,2026-09-13,2026-09-13,341,"Windows only","Free",,0,0,1,0,1,0,1,0,0,0,0,0,0,0,,0,-0.080272757306544
3969950,"For What",2025-10-03,"2025-10",0,1,0,0,1.99,1.99,0,"USD",1,1,0,1,0,"1 user reviews",2026-09-13 06:10:04.584495,2026-09-13 20:06:40.906886,2026-09-13,2026-09-13,345,"Windows only","$0.01-$4.99",1.0952733874026,0,1,0,0,0,0,1,0,0,0,0,0,0,1,1.0952733874026,-1.16035635402041,-0.00321707474686604
3970920,"Cats Visiting El Dorado",2025-11-19,"2025-11",1,1,0,0,,,,,0,0,0,,0,"No user reviews",2026-09-13 06:10:15.030821,2026-09-13 20:06:42.978604,2026-09-13,2026-09-13,298,"Windows only","Free",,0,0,1,0,1,0,1,0,0,0,0,0,0,0,,0,-0.908621344823082
3971080,"Monstra Cap",2025-12-03,"2025-12",0,1,0,0,14.99,14.99,0,"USD",0,0,0,,0,"No user reviews",2026-09-13 06:10:21.486983,2026-09-13 20:06:45.003147,2026-09-13,2026-09-13,284,"Windows only","$10.00-$19.99",2.77196352684586,1,0,0,1,0,0,1,0,1,0,0,0,0,0,2.77196352684586,1.12681686694233,-1.17831623378195
3971370,"Blackthorne's Manor",2025-12-09,"2025-12",1,1,0,0,,,,,0,0,0,,0,"No user reviews",2026-09-13 06:10:27.601876,2026-09-13 20:06:47.110753,2026-09-13,2026-09-13,278,"Windows only","Free",,0,1,0,0,1,0,1,0,0,0,0,0,0,0,,0,-1.29389975762147
3971630,"Triple Swap Tower",2025-11-06,"2025-11",0,1,0,0,7.99,7.99,0,"USD",5,5,0,1,0,"5 user reviews",2026-09-13 06:10:34.015053,2026-09-13 20:06:49.146084,2026-09-13,2026-09-13,311,"Windows only","$5.00-$9.99",2.19611284848353,1,1,0,0,0,0,0,0,1,0,0,0,0,1,2.19611284848353,0.341298887298887,-0.658190376504129
3972960,"奶奶的菜园子",2025-10-22,"2025-10",0,1,0,0,29.99,29.99,0,"USD",0,0,0,,0,"No user reviews",2026-09-13 06:10:52.895511,2026-09-13 20:06:51.321126,2026-09-13,2026-09-13,326,"Windows only","$20.00-$29.99",3.43366457179966,0,0,1,0,0,0,0,0,0,0,0,0,0,0,3.43366457179966,2.02944334198315,-0.369231566905336
3973090,"GravityMan",2025-09-16,"2025-09",0,1,0,0,3.99,3.99,0,"USD",0,0,0,,0,"No user reviews",2026-09-13 06:10:54.979351,2026-09-13 20:06:53.571871,2026-09-13,2026-09-13,362,"Windows only","$0.01-$4.99",1.60743590976343,1,0,0,0,0,0,1,0,0,0,0,0,0,0,1.60743590976343,-0.461715395641907,0.324269576131765
3973760,"Drift Off",2025-09-22,"2025-09",0,1,0,0,2.99,2.99,0,"USD",0,0,0,,0,"No user reviews",2026-09-13 06:11:05.383693,2026-09-13 20:06:55.662241,2026-09-13,2026-09-13,356,"Windows only","$0.01-$4.99",1.38379123090177,1,0,1,0,0,0,1,0,0,1,0,0,0,0,1.38379123090177,-0.766789128987195,0.208686052292248
3973790,"The Last Detour",2025-11-22,"2025-11",0,1,0,0,2.99,2.99,0,"USD",4,4,0,1,0,"4 user reviews",2026-09-13 06:11:07.505268,2026-09-13 20:06:57.842316,2026-09-13,2026-09-13,295,"Windows only","$0.01-$4.99",1.38379123090177,1,0,1,0,0,0,1,0,0,0,0,0,0,1,1.38379123090177,-0.766789128987195,-0.966413106742841
3973880,"The Mysterious Mansion",2025-09-20,"2025-09",0,1,0,0,4.99,4.99,0,"USD",2,0,2,0,0,"2 user reviews",2026-09-13 06:11:11.794849,2026-09-13 20:06:59.932351,2026-09-13,2026-09-13,358,"Windows only","$0.01-$4.99",1.79009141212736,0,0,0,0,0,0,1,0,0,0,1,0,0,1,1.79009141212736,-0.212555002889199,0.247213893572087
3974050,"HeroField: Game Craft",2025-09-18,"2025-09",0,1,0,0,12.99,12.99,0,"USD",0,0,0,,0,"No user reviews",2026-09-13 06:11:15.999485,2026-09-13 20:07:02.024136,2026-09-13,2026-09-13,360,"Windows only","$10.00-$19.99",2.63834278867739,0,0,1,0,0,0,0,0,1,0,0,0,0,0,2.63834278867739,0.944544801928764,0.285741734851926
3974510,"Mindcraft",2025-10-23,"2025-10",0,1,0,0,3.99,3.99,0,"USD",0,0,0,,0,"No user reviews",2026-09-13 06:11:20.292854,2026-09-13 20:07:04.141451,2026-09-13,2026-09-13,325,"Windows only","$0.01-$4.99",1.60743590976343,0,0,1,0,0,0,0,0,0,0,0,0,0,0,1.60743590976343,-0.461715395641907,-0.388495487545256
3975330,"Exit Casino",2025-09-18,"2025-09",0,1,1,0,4.99,4.99,0,"USD",4,0,4,0,0,"4 user reviews",2026-09-13 06:11:28.783403,2026-09-13 20:07:06.291545,2026-09-13,2026-09-13,360,"Windows + macOS","$0.01-$4.99",1.79009141212736,0,1,0,0,0,0,1,0,0,0,1,0,0,1,1.79009141212736,-0.212555002889199,0.285741734851926
3975930,"Road to Karatl",2025-10-06,"2025-10",0,1,0,0,2.99,2.99,0,"USD",12,8,4,0.666666666666667,5,"Mixed",2026-09-13 06:11:37.19914,2026-09-13 20:07:08.463288,2026-09-13,2026-09-13,342,"Windows only","$0.01-$4.99",1.38379123090177,0,1,0,0,0,0,0,0,0,0,0,0,0,1,1.38379123090177,-0.766789128987195,-0.0610088366666245
3976540,"Defense X",2025-09-10,"2025-09",0,1,0,0,99.99,99.99,0,"USD",1,0,1,0,0,"1 user reviews",2026-09-13 06:11:52.720386,2026-09-13 20:07:10.473166,2026-09-13,2026-09-13,368,"Windows only","$30.00+",4.61502150203847,0,0,0,0,0,0,0,0,0,0,1,0,1,1,4.61502150203847,3.64093247266898,0.439853099971282
3976820,"ROBSYBOT KAIJU MAZE",2025-11-20,"2025-11",0,1,0,0,4.99,4.99,0,"USD",0,0,0,,0,"No user reviews",2026-09-13 06:11:56.811048,2026-09-13 20:07:12.666153,2026-09-13,2026-09-13,297,"Windows only","$0.01-$4.99",1.79009141212736,1,1,1,0,0,0,1,0,0,0,0,0,0,0,1.79009141212736,-0.212555002889199,-0.927885265463002
3977490,"Crush Point",2025-10-14,"2025-10",0,1,0,0,3.99,3.99,0,"USD",1,1,0,1,0,"1 user reviews",2026-09-13 06:12:23.934441,2026-09-13 20:07:14.690668,2026-09-13,2026-09-13,334,"Windows only","$0.01-$4.99",1.60743590976343,1,0,1,0,0,0,1,0,0,0,0,0,0,1,1.60743590976343,-0.461715395641907,-0.21512020178598
3977750,"Truck Parking World",2025-09-16,"2025-09",0,1,0,0,7.99,7.99,0,"USD",6,3,3,0.5,0,"6 user reviews",2026-09-13 06:12:30.367081,2026-09-13 20:07:16.91862,2026-09-13,2026-09-13,362,"Windows only","$5.00-$9.99",2.19611284848353,0,0,0,1,0,0,1,0,0,0,1,0,1,1,2.19611284848353,0.341298887298887,0.324269576131765
3977940,"Astranded",2025-11-02,"2025-11",0,1,0,0,14.99,14.99,0,"USD",2,1,1,0.5,0,"2 user reviews",2026-09-13 06:12:36.508189,2026-09-13 20:07:19.032943,2026-09-13,2026-09-13,315,"Windows only","$10.00-$19.99",2.77196352684586,1,1,0,0,0,0,1,0,0,0,0,0,0,1,2.77196352684586,1.12681686694233,-0.581134693944451
3978020,"Spirit's Shadow Maze: The Path of Possession 灵影迷宫：附身之途",2025-10-31,"2025-10",0,1,0,0,4.99,4.99,0,"USD",0,0,0,,0,"No user reviews",2026-09-13 06:12:38.697093,2026-09-13 20:07:21.093707,2026-09-13,2026-09-13,317,"Windows only","$0.01-$4.99",1.79009141212736,1,1,1,0,0,0,1,0,0,0,0,0,0,0,1.79009141212736,-0.212555002889199,-0.542606852664612
3978700,"Soul Redemption",2025-10-23,"2025-10",0,1,0,0,3.99,3.99,0,"USD",4,4,0,1,0,"4 user reviews",2026-09-13 06:12:54.121967,2026-09-13 20:07:23.197983,2026-09-13,2026-09-13,325,"Windows only","$0.01-$4.99",1.60743590976343,0,0,0,0,0,0,1,0,1,0,0,0,1,1,1.60743590976343,-0.461715395641907,-0.388495487545256
3978710,"Your Friend Wiggles",2025-10-27,"2025-10",0,1,0,0,2.99,2.99,0,"USD",25,24,1,0.96,7,"Positive",2026-09-13 06:12:56.203794,2026-09-13 20:07:25.299619,2026-09-13,2026-09-13,321,"Windows only","$0.01-$4.99",1.38379123090177,0,1,0,0,0,0,1,0,0,0,0,0,0,1,1.38379123090177,-0.766789128987195,-0.465551170104934
3979100,"Packonomy",2025-11-18,"2025-11",0,1,0,1,2.99,2.99,0,"USD",7,6,1,0.857142857142857,0,"7 user reviews",2026-09-13 06:13:00.531675,2026-09-13 20:07:27.550271,2026-09-13,2026-09-13,299,"Windows + Linux","$0.01-$4.99",1.38379123090177,0,0,1,0,0,0,1,0,0,0,1,0,1,1,1.38379123090177,-0.766789128987195,-0.889357424183163
3979220,"YUNHANZHI",2025-09-12,"2025-09",0,1,1,0,4.99,4.99,0,"USD",1,1,0,1,0,"1 user reviews",2026-09-13 06:13:06.839907,2026-09-13 20:07:29.781477,2026-09-13,2026-09-13,366,"Windows + macOS","$0.01-$4.99",1.79009141212736,1,1,0,0,0,0,1,0,1,0,0,0,0,1,1.79009141212736,-0.212555002889199,0.401325258691443
3979310,"FIND KITTENS 6: After us",2025-11-05,"2025-11",1,1,1,1,,,,,6,6,0,1,0,"6 user reviews",2026-09-13 06:13:13.071054,2026-09-13 20:07:31.886081,2026-09-13,2026-09-13,312,"Windows + macOS + Linux","Free",,0,1,1,0,1,0,1,0,0,0,0,0,0,1,,0,-0.638926455864209
3979880,"Secret File",2025-11-26,"2025-11",0,1,0,0,4.99,4.99,0,"USD",1,1,0,1,0,"1 user reviews",2026-09-13 06:13:30.68435,2026-09-13 20:07:34.049563,2026-09-13,2026-09-13,291,"Windows only","$0.01-$4.99",1.79009141212736,1,0,0,0,0,0,1,0,0,0,0,0,1,1,1.79009141212736,-0.212555002889199,-1.04346878930252
3980000,"欺心恋曲/亵渎神明的少女 Deceptiive Love Ballad The Blasphemer 偽りの恋の旋律/神を冒涜する少女",2025-09-20,"2025-09",0,1,0,0,2.5,2.5,0,"USD",7,7,0,1,0,"7 user reviews",2026-09-13 06:13:32.694808,2026-09-13 20:07:36.066883,2026-09-13,2026-09-13,358,"Windows only","$0.01-$4.99",1.25276296849537,0,0,1,0,0,0,1,0,1,0,1,0,1,1,1.25276296849537,-0.94552479750178,0.247213893572087
3980820,"Malicd tower",2025-09-29,"2025-09",0,1,0,0,1.99,1.99,0,"USD",0,0,0,,0,"No user reviews",2026-09-13 06:13:45.34504,2026-09-13 20:07:38.212553,2026-09-13,2026-09-13,349,"Windows only","$0.01-$4.99",1.0952733874026,0,1,1,0,0,0,1,0,0,0,0,0,0,0,1.0952733874026,-1.16035635402041,0.0738386078128119
3981060,"The Vanishing Train | ワンマン列車",2025-11-27,"2025-11",0,1,0,0,2.99,2.99,0,"USD",42,28,14,0.666666666666667,5,"Mixed",2026-09-13 06:13:51.640774,2026-09-13 20:07:40.258682,2026-09-13,2026-09-13,290,"Windows only","$0.01-$4.99",1.38379123090177,0,0,0,0,0,0,1,0,0,0,0,0,0,1,1.38379123090177,-0.766789128987195,-1.06273270994244
3981100,"Leaf it Alone",2025-10-30,"2025-10",0,1,0,0,5.99,5.99,0,"USD",6170,5899,271,0.956077795786062,9,"Overwhelmingly Positive",2026-09-13 06:13:53.715102,2026-09-13 20:07:42.507724,2026-09-13,2026-09-13,318,"Windows only","$5.00-$9.99",1.94448055624572,0,0,1,0,0,0,1,0,0,0,1,0,0,1,1.94448055624572,-0.00195275282042951,-0.523342932024692
3981140,"Happy Day",2025-11-17,"2025-11",0,1,1,0,2.99,2.99,0,"USD",0,0,0,,0,"No user reviews",2026-09-13 06:13:55.800887,2026-09-13 20:07:44.590562,2026-09-13,2026-09-13,300,"Windows + macOS","$0.01-$4.99",1.38379123090177,0,0,1,0,0,0,1,0,0,0,0,0,1,0,1.38379123090177,-0.766789128987195,-0.870093503543243
3981230,"咸鱼侠大战b宫怪",2025-09-26,"2025-09",0,1,0,0,1.99,1.99,0,"USD",38,38,0,1,7,"Positive",2026-09-13 06:14:00.226299,2026-09-13 20:07:46.834711,2026-09-13,2026-09-13,352,"Windows only","$0.01-$4.99",1.0952733874026,0,1,1,0,0,0,1,0,1,0,0,0,0,1,1.0952733874026,-1.16035635402041,0.13163036973257
3981780,"The Beautiful World",2025-10-24,"2025-10",0,1,0,0,1.99,1.99,0,"USD",4,4,0,1,0,"4 user reviews",2026-09-13 06:14:17.155772,2026-09-13 20:07:49.034897,2026-09-13,2026-09-13,324,"Windows only","$0.01-$4.99",1.0952733874026,0,0,0,0,0,0,1,0,0,0,0,0,0,1,1.0952733874026,-1.16035635402041,-0.407759408185175
3982040,"The Faith of Sin",2025-11-21,"2025-11",0,1,0,0,0.99,0.99,0,"USD",10,6,4,0.6,5,"Mixed",2026-09-13 06:14:23.693344,2026-09-13 20:07:51.24371,2026-09-13,2026-09-13,296,"Windows only","$0.01-$4.99",0.688134638736401,0,1,1,0,0,0,1,0,0,0,0,0,0,1,0.688134638736401,-1.71573437006504,-0.947149186102921
3982060,"Ark of Isolation",2025-11-28,"2025-11",0,1,0,0,0.99,0.99,0,"USD",5,5,0,1,0,"5 user reviews",2026-09-13 06:14:25.755631,2026-09-13 20:07:53.440976,2026-09-13,2026-09-13,289,"Windows only","$0.01-$4.99",0.688134638736401,0,1,1,0,0,0,1,0,0,0,0,0,0,1,0.688134638736401,-1.71573437006504,-1.08199663058236
3982130,"Hijong Park's Defender Patrol",2025-10-24,"2025-10",0,1,0,0,4.99,4.99,0,"USD",72,71,1,0.986111111111111,8,"Very Positive",2026-09-13 06:14:27.96374,2026-09-13 20:07:55.56011,2026-09-13,2026-09-13,324,"Windows only","$0.01-$4.99",1.79009141212736,1,0,0,0,0,0,1,0,0,0,1,0,0,1,1.79009141212736,-0.212555002889199,-0.407759408185175
3982420,"Going To High School With Lira",2025-09-19,"2025-09",0,1,0,0,0.99,0.99,0,"USD",1,1,0,1,0,"1 user reviews",2026-09-13 06:14:34.22972,2026-09-13 20:07:57.767302,2026-09-13,2026-09-13,359,"Windows only","$0.01-$4.99",0.688134638736401,0,0,0,0,0,0,1,0,0,0,0,0,0,1,0.688134638736401,-1.71573437006504,0.266477814212007
3983230,"The Cubiw Dungeon",2025-09-24,"2025-09",1,1,0,0,,,,,0,0,0,,0,"No user reviews",2026-09-13 06:14:49.119185,2026-09-13 20:08:00.005733,2026-09-13,2026-09-13,354,"Windows only","Free",,1,0,0,1,1,0,1,0,0,0,0,0,0,0,,0,0.170158211012409
3983420,"JAGAR - Just a game about a rectangle",2025-09-13,"2025-09",0,1,0,0,4.99,4.99,0,"USD",2,1,1,0.5,0,"2 user reviews",2026-09-13 06:14:51.176631,2026-09-13 20:08:02.079774,2026-09-13,2026-09-13,365,"Windows only","$0.01-$4.99",1.79009141212736,0,0,0,0,0,0,1,0,0,0,0,0,0,1,1.79009141212736,-0.212555002889199,0.382061338051524
3983490,"Purgatory",2025-12-16,"2025-12",0,1,0,0,1.99,1.99,0,"USD",0,0,0,,0,"No user reviews",2026-09-13 06:14:53.175985,2026-09-13 20:08:04.275406,2026-09-13,2026-09-13,271,"Windows only","$0.01-$4.99",1.0952733874026,0,0,1,0,0,0,0,0,0,0,0,0,0,0,1.0952733874026,-1.16035635402041,-1.42874720210091
3983700,"Nightmare Train",2025-09-29,"2025-09",0,1,0,0,1.99,0.69,65,"USD",1,1,0,1,0,"1 user reviews",2026-09-13 06:14:59.606413,2026-09-13 20:08:06.509102,2026-09-13,2026-09-13,349,"Windows only","$0.01-$4.99",0.524728528934982,1,0,0,0,0,0,0,0,0,0,1,0,0,1,0.524728528934982,-1.93863666410703,0.0738386078128119
3984440,"Beguile",2025-10-29,"2025-10",0,1,0,0,4.99,4.99,0,"USD",10,10,0,1,7,"Positive",2026-09-13 06:15:16.922393,2026-09-13 20:08:08.534626,2026-09-13,2026-09-13,319,"Windows only","$0.01-$4.99",1.79009141212736,0,0,1,0,0,0,1,0,0,0,1,0,1,1,1.79009141212736,-0.212555002889199,-0.504079011384773
3984670,"My Local Bee Cult",2025-10-10,"2025-10",0,1,0,0,1.99,1.99,0,"USD",6,6,0,1,0,"6 user reviews",2026-09-13 06:15:27.644201,2026-09-13 20:08:10.6709,2026-09-13,2026-09-13,338,"Windows only","$0.01-$4.99",1.0952733874026,0,0,1,0,0,0,0,0,0,0,0,0,0,1,1.0952733874026,-1.16035635402041,-0.138064519226302
3984970,"Platoon",2025-10-23,"2025-10",0,1,0,0,9.99,9.99,0,"USD",3,1,2,0.333333333333333,0,"3 user reviews",2026-09-13 06:15:34.031911,2026-09-13 20:08:12.87686,2026-09-13,2026-09-13,325,"Windows only","$5.00-$9.99",2.39698576841553,0,0,0,0,0,0,0,0,0,0,0,0,1,1,2.39698576841553,0.615309661548216,-0.388495487545256
3985480,"Nadia's Revenge",2025-10-22,"2025-10",0,1,0,0,4.99,4.99,0,"USD",1,0,1,0,0,"1 user reviews",2026-09-13 06:15:51.12141,2026-09-13 20:08:15.065863,2026-09-13,2026-09-13,326,"Windows only","$0.01-$4.99",1.79009141212736,1,1,0,0,0,0,1,0,0,0,0,0,0,1,1.79009141212736,-0.212555002889199,-0.369231566905336
3985730,"<U+0110><U+1ED3>ng C<U+1ECF> Lau - The Reed Field",2025-12-08,"2025-12",0,1,0,0,7.99,7.99,0,"USD",10,3,7,0.3,4,"Mostly Negative",2026-09-13 06:16:03.8677,2026-09-13 20:08:17.262653,2026-09-13,2026-09-13,279,"Windows only","$5.00-$9.99",2.19611284848353,1,1,0,1,0,0,1,0,0,0,0,0,0,1,2.19611284848353,0.341298887298887,-1.27463583698155
3985770,"Arrow Spire: Tower Defense",2025-12-31,"2025-12",0,1,1,1,2.99,2.09,30,"USD",53,35,18,0.660377358490566,5,"Mixed",2026-09-13 06:16:05.874819,2026-09-13 20:08:19.378438,2026-09-13,2026-09-13,256,"Windows + macOS + Linux","$0.01-$4.99",1.12817109090965,0,0,1,0,0,0,1,0,0,0,0,0,0,1,1.12817109090965,-1.115480592708,-1.7177060116997
3986020,"Jupiter's Orbit",2025-12-05,"2025-12",0,1,1,0,4.99,4.99,0,"USD",1,1,0,1,0,"1 user reviews",2026-09-13 06:16:12.44052,2026-09-13 20:08:21.432762,2026-09-13,2026-09-13,282,"Windows + macOS","$0.01-$4.99",1.79009141212736,0,1,1,0,0,0,1,0,0,0,0,0,0,1,1.79009141212736,-0.212555002889199,-1.21684407506179
3986350,"Frogshot Adventure",2025-11-13,"2025-11",0,1,0,0,5.99,5.99,0,"USD",1,1,0,1,0,"1 user reviews",2026-09-13 06:16:18.845244,2026-09-13 20:08:23.550293,2026-09-13,2026-09-13,304,"Windows only","$5.00-$9.99",1.94448055624572,0,0,1,0,0,0,1,0,0,0,0,0,0,1,1.94448055624572,-0.00195275282042951,-0.793037820983565
3987620,"Love Limit",2025-12-09,"2025-12",1,1,1,1,,,,,0,0,0,,0,"No user reviews",2026-09-13 06:16:39.981581,2026-09-13 20:08:25.591581,2026-09-13,2026-09-13,278,"Windows + macOS + Linux","Free",,0,1,1,0,1,0,1,0,0,0,1,0,0,0,,0,-1.29389975762147
3987810,"Pleasure Cruise",2025-11-17,"2025-11",0,1,0,0,5.99,3.89,35,"USD",230,184,46,0.8,8,"Very Positive",2026-09-13 06:16:46.432694,2026-09-13 20:08:27.849972,2026-09-13,2026-09-13,300,"Windows only","$0.01-$4.99",1.58719230348678,0,0,0,0,1,0,0,0,1,0,0,0,0,1,1.58719230348678,-0.489329701399698,-0.870093503543243
3988370,"Rise & Pop!",2025-10-27,"2025-10",0,1,0,0,3.99,3.99,0,"USD",32,31,1,0.96875,7,"Positive",2026-09-13 06:16:54.687501,2026-09-13 20:08:29.997124,2026-09-13,2026-09-13,321,"Windows only","$0.01-$4.99",1.60743590976343,1,0,1,0,0,0,1,0,0,0,1,0,0,1,1.60743590976343,-0.461715395641907,-0.465551170104934
3988390,"New Yankee: Pirate Trap",2025-09-17,"2025-09",0,1,0,0,6.99,6.99,0,"USD",11,9,2,0.818181818181818,7,"Positive",2026-09-13 06:16:59.020257,2026-09-13 20:08:32.18208,2026-09-13,2026-09-13,361,"Windows only","$5.00-$9.99",2.07819075977818,0,1,1,0,0,0,1,0,0,0,0,0,1,1,2.07819075977818,0.18044135190692,0.305005655491846
3988540,"The Last Zone",2025-11-07,"2025-11",0,1,0,0,9.99,9.99,0,"USD",2,2,0,1,0,"2 user reviews",2026-09-13 06:17:03.379912,2026-09-13 20:08:34.427418,2026-09-13,2026-09-13,310,"Windows only","$5.00-$9.99",2.39698576841553,1,0,0,1,0,0,1,0,0,0,0,0,1,1,2.39698576841553,0.615309661548216,-0.677454297144048
3988830,"Crystal of Death",2025-10-24,"2025-10",0,1,0,0,5.99,5.99,0,"USD",3,3,0,1,0,"3 user reviews",2026-09-13 06:17:09.920845,2026-09-13 20:08:36.556118,2026-09-13,2026-09-13,324,"Windows only","$5.00-$9.99",1.94448055624572,0,0,0,1,0,0,0,0,0,0,1,0,0,1,1.94448055624572,-0.00195275282042951,-0.407759408185175
3989410,"Shablon: Color Patterns",2025-09-22,"2025-09",0,1,1,0,4.99,4.99,0,"USD",6,6,0,1,0,"6 user reviews",2026-09-13 06:17:22.342879,2026-09-13 20:08:38.579477,2026-09-13,2026-09-13,356,"Windows + macOS","$0.01-$4.99",1.79009141212736,0,0,1,0,0,0,1,0,0,0,0,0,0,1,1.79009141212736,-0.212555002889199,0.208686052292248
3989860,"Jonny's Medieval Adventure",2025-09-12,"2025-09",0,1,0,0,5.99,5.99,0,"USD",0,0,0,,0,"No user reviews",2026-09-13 06:17:26.66914,2026-09-13 20:08:40.761511,2026-09-13,2026-09-13,366,"Windows only","$5.00-$9.99",1.94448055624572,0,1,1,0,0,0,0,0,1,0,0,0,0,0,1.94448055624572,-0.00195275282042951,0.401325258691443
3990040,"Ants March TD",2025-10-21,"2025-10",0,1,0,0,1.99,1.99,0,"USD",3,3,0,1,0,"3 user reviews",2026-09-13 06:17:31.105906,2026-09-13 20:08:42.893905,2026-09-13,2026-09-13,327,"Windows only","$0.01-$4.99",1.0952733874026,0,0,1,1,0,0,1,0,0,0,0,0,1,1,1.0952733874026,-1.16035635402041,-0.349967646265417
3990400,"Big BEAUTIFUL Van Derby Racing",2025-09-12,"2025-09",0,1,0,0,0.99,0.49,51,"USD",1,1,0,1,0,"1 user reviews",2026-09-13 06:17:37.771354,2026-09-13 20:08:44.965296,2026-09-13,2026-09-13,366,"Windows only","$0.01-$4.99",0.398776119957368,0,0,1,0,0,0,0,0,0,1,0,0,0,1,0.398776119957368,-2.11044836034865,0.401325258691443
3990520,"LEARNMOOR: Kids Academy",2025-12-07,"2025-12",0,1,0,0,2.99,2.99,0,"USD",2,2,0,1,0,"2 user reviews",2026-09-13 06:17:44.28659,2026-09-13 20:08:47.033081,2026-09-13,2026-09-13,280,"Windows only","$0.01-$4.99",1.38379123090177,0,0,1,0,0,0,0,0,0,0,0,0,0,1,1.38379123090177,-0.766789128987195,-1.25537191634163
3991100,"Meowment",2025-10-16,"2025-10",1,1,0,0,,,,,0,0,0,,0,"No user reviews",2026-09-13 06:17:52.626985,2026-09-13 20:08:49.277452,2026-09-13,2026-09-13,332,"Windows only","Free",,1,1,0,0,1,0,0,0,0,0,0,0,0,0,,0,-0.253648043065819
3991120,"Mariposa",2025-10-05,"2025-10",1,1,1,0,,,,,0,0,0,,0,"No user reviews",2026-09-13 06:17:54.874259,2026-09-13 20:08:51.412724,2026-09-13,2026-09-13,343,"Windows + macOS","Free",,0,1,1,0,1,0,1,0,1,0,0,0,0,0,,0,-0.041744916026705
3991210,"Survive From Museum",2025-10-25,"2025-10",1,1,0,0,,,,,0,0,0,,0,"No user reviews",2026-09-13 06:17:56.941291,2026-09-13 20:08:53.474605,2026-09-13,2026-09-13,323,"Windows only","Free",,1,0,0,0,1,0,1,0,0,0,0,0,0,0,,0,-0.427023328825095
3991280,"Empire’s Supreme Command",2025-09-23,"2025-09",0,1,1,0,7.99,7.99,0,"USD",0,0,0,,0,"No user reviews",2026-09-13 06:17:59.146239,2026-09-13 20:08:55.509135,2026-09-13,2026-09-13,355,"Windows + macOS","$5.00-$9.99",2.19611284848353,1,0,1,1,0,0,1,0,0,0,1,0,1,0,2.19611284848353,0.341298887298887,0.189422131652329
3991340,"BoxMaster",2025-09-18,"2025-09",0,1,0,0,0.99,0.99,0,"USD",0,0,0,,0,"No user reviews",2026-09-13 06:18:01.911057,2026-09-13 20:08:57.576936,2026-09-13,2026-09-13,360,"Windows only","$0.01-$4.99",0.688134638736401,0,0,1,0,0,0,0,0,0,0,0,0,0,0,0.688134638736401,-1.71573437006504,0.285741734851926
3991720,"Sisters Connect",2025-12-10,"2025-12",0,1,0,0,15.99,15.99,0,"USD",73,64,9,0.876712328767123,8,"Very Positive",2026-09-13 06:18:06.276268,2026-09-13 20:08:59.602764,2026-09-13,2026-09-13,277,"Windows only","$10.00-$19.99",2.83262493568384,0,0,0,0,0,0,1,0,1,0,1,0,0,1,2.83262493568384,1.20956510203731,-1.31316367826139
3992650,"Buttons Deathline",2025-11-09,"2025-11",0,1,0,0,0.99,0.99,0,"USD",0,0,0,,0,"No user reviews",2026-09-13 06:18:36.03859,2026-09-13 20:09:01.716801,2026-09-13,2026-09-13,308,"Windows only","$0.01-$4.99",0.688134638736401,1,0,1,0,0,0,1,0,0,0,0,0,1,0,0.688134638736401,-1.71573437006504,-0.715982138423887
3992910,"Undead World Order",2025-09-25,"2025-09",0,1,0,0,0.99,0.99,0,"USD",2,2,0,1,0,"2 user reviews",2026-09-13 06:18:40.240192,2026-09-13 20:09:03.859994,2026-09-13,2026-09-13,353,"Windows only","$0.01-$4.99",0.688134638736401,1,0,1,0,0,0,1,0,0,0,0,0,0,1,0.688134638736401,-1.71573437006504,0.15089429037249
3993060,"Gamblers Chess",2025-11-21,"2025-11",0,1,0,0,3.99,3.99,0,"USD",2,2,0,1,0,"2 user reviews",2026-09-13 06:18:42.438119,2026-09-13 20:09:05.912943,2026-09-13,2026-09-13,296,"Windows only","$0.01-$4.99",1.60743590976343,0,0,0,1,0,0,1,0,0,0,0,0,1,1,1.60743590976343,-0.461715395641907,-0.947149186102921
3993620,"SCULPTURE",2025-10-02,"2025-10",0,1,0,0,3.99,3.99,0,"USD",16,8,8,0.5,5,"Mixed",2026-09-13 06:18:53.056736,2026-09-13 20:09:08.107687,2026-09-13,2026-09-13,346,"Windows only","$0.01-$4.99",1.60743590976343,0,1,0,0,0,0,1,0,0,0,0,0,0,1,1.60743590976343,-0.461715395641907,0.0160468458930535
3994200,"Enchanted Broom",2025-11-12,"2025-11",0,1,0,0,3.99,3.99,0,"USD",1,1,0,1,0,"1 user reviews",2026-09-13 06:19:05.784178,2026-09-13 20:09:10.189087,2026-09-13,2026-09-13,305,"Windows only","$0.01-$4.99",1.60743590976343,0,0,1,0,0,0,1,0,0,0,0,0,0,1,1.60743590976343,-0.461715395641907,-0.773773900343646
3994250,"S K Y R I S E",2025-10-22,"2025-10",0,1,0,0,4.99,4.99,0,"USD",1,1,0,1,0,"1 user reviews",2026-09-13 06:19:07.936548,2026-09-13 20:09:12.377143,2026-09-13,2026-09-13,326,"Windows only","$0.01-$4.99",1.79009141212736,1,0,0,1,0,0,0,0,0,0,0,0,0,1,1.79009141212736,-0.212555002889199,-0.369231566905336
3994290,"Circle Shoot",2025-10-07,"2025-10",0,1,0,0,2.99,2.99,0,"USD",0,0,0,,0,"No user reviews",2026-09-13 06:19:10.102175,2026-09-13 20:09:14.601784,2026-09-13,2026-09-13,341,"Windows only","$0.01-$4.99",1.38379123090177,1,0,0,0,0,0,1,0,0,0,0,0,0,0,1.38379123090177,-0.766789128987195,-0.080272757306544
3994440,"The Legend of the Valkyrie - <U+16C1><U+16A2><U+16CA><U+16DF><U+16CF><U+16DC><U+16BE><U+16DE><U+16CA><U+16CF><U+16CB>",2025-10-22,"2025-10",0,1,0,0,10.99,10.99,0,"USD",0,0,0,,0,"No user reviews",2026-09-13 06:19:14.255082,2026-09-13 20:09:16.827559,2026-09-13,2026-09-13,326,"Windows only","$10.00-$19.99",2.48407296903942,1,1,1,0,0,0,1,0,0,0,0,0,1,0,2.48407296903942,0.734105322398058,-0.369231566905336
3994690,"Alpine Skater",2025-10-17,"2025-10",0,1,0,0,9.99,9.99,0,"USD",1,0,1,0,0,"1 user reviews",2026-09-13 06:19:18.447031,2026-09-13 20:09:18.949561,2026-09-13,2026-09-13,331,"Windows only","$5.00-$9.99",2.39698576841553,0,1,0,0,0,0,0,0,0,0,1,1,0,1,2.39698576841553,0.615309661548216,-0.272911963705739
3994710,"Mr Toffee's Slow-Thermo Sudoku Puzzles",2025-10-19,"2025-10",0,0,1,1,5.99,5.99,0,"USD",0,0,0,,0,"No user reviews",2026-09-13 06:19:20.626656,2026-09-13 20:09:21.114071,2026-09-13,2026-09-13,329,"Other","$5.00-$9.99",1.94448055624572,0,0,1,0,0,0,1,0,0,0,0,0,0,0,1.94448055624572,-0.00195275282042951,-0.311439804985578
3994850,"SAKA SHAHEEDI Chandni Chowk 1675",2025-11-03,"2025-11",0,1,0,0,149.99,149.99,0,"USD",0,0,0,,0,"No user reviews",2026-09-13 06:19:24.959808,2026-09-13 20:09:23.10745,2026-09-13,2026-09-13,314,"Windows only","$30.00+",5.01721360945638,0,0,1,0,0,0,1,0,0,0,1,0,0,0,5.01721360945638,4.18956277479163,-0.60039861458437
3995320,"Weird Store",2025-11-07,"2025-11",0,1,0,0,3.99,3.99,0,"USD",2,2,0,1,0,"2 user reviews",2026-09-13 06:19:31.325566,2026-09-13 20:09:25.216118,2026-09-13,2026-09-13,310,"Windows only","$0.01-$4.99",1.60743590976343,1,1,1,0,0,0,1,0,0,0,1,0,0,1,1.60743590976343,-0.461715395641907,-0.677454297144048
3995560,"Real Puzzles - Paris",2025-11-04,"2025-11",0,1,0,0,3.99,3.99,0,"USD",3,3,0,1,0,"3 user reviews",2026-09-13 06:19:37.798931,2026-09-13 20:09:27.378429,2026-09-13,2026-09-13,313,"Windows only","$0.01-$4.99",1.60743590976343,0,0,1,0,0,0,0,0,0,0,0,0,0,1,1.60743590976343,-0.461715395641907,-0.61966253522429
3996120,"Second Death",2025-11-10,"2025-11",0,1,0,0,9.99,9.99,0,"USD",1,1,0,1,0,"1 user reviews",2026-09-13 06:19:56.728634,2026-09-13 20:09:29.541775,2026-09-13,2026-09-13,307,"Windows only","$5.00-$9.99",2.39698576841553,1,1,1,0,0,0,1,0,0,0,0,0,0,1,2.39698576841553,0.615309661548216,-0.735246059063807
3996530,"Maggie's Farmyard Adventure",2025-12-26,"2025-12",0,1,0,0,9.99,9.99,0,"USD",0,0,0,,0,"No user reviews",2026-09-13 06:20:05.175257,2026-09-13 20:09:31.781388,2026-09-13,2026-09-13,261,"Windows only","$5.00-$9.99",2.39698576841553,0,0,1,0,0,0,0,0,0,0,0,0,0,0,2.39698576841553,0.615309661548216,-1.6213864085001
3996650,"跳来跳去 Hop Around",2025-09-23,"2025-09",0,1,0,0,9.99,9.99,0,"USD",0,0,0,,0,"No user reviews",2026-09-13 06:20:07.306375,2026-09-13 20:09:33.820956,2026-09-13,2026-09-13,355,"Windows only","$5.00-$9.99",2.39698576841553,1,1,1,0,0,0,1,0,0,0,0,0,0,0,2.39698576841553,0.615309661548216,0.189422131652329
3997110,"雷霆之眼",2025-11-17,"2025-11",0,1,0,0,7.99,7.99,0,"USD",2,1,1,0.5,0,"2 user reviews",2026-09-13 06:20:18.167308,2026-09-13 20:09:36.061277,2026-09-13,2026-09-13,300,"Windows only","$5.00-$9.99",2.19611284848353,1,1,0,0,0,0,0,0,0,1,1,0,0,1,2.19611284848353,0.341298887298887,-0.870093503543243
3997430,"Little Brave Adventurer",2025-10-03,"2025-10",0,1,0,0,5.99,5.99,0,"USD",0,0,0,,0,"No user reviews",2026-09-13 06:20:28.590094,2026-09-13 20:09:38.126932,2026-09-13,2026-09-13,345,"Windows only","$5.00-$9.99",1.94448055624572,0,1,1,1,0,0,0,0,0,0,0,0,0,0,1.94448055624572,-0.00195275282042951,-0.00321707474686604
3997950,"Hooked",2025-11-09,"2025-11",0,1,0,0,9.99,9.99,0,"USD",1,1,0,1,0,"1 user reviews",2026-09-13 06:20:43.446187,2026-09-13 20:09:40.198597,2026-09-13,2026-09-13,308,"Windows only","$5.00-$9.99",2.39698576841553,1,0,1,1,0,0,1,0,0,0,0,0,0,1,2.39698576841553,0.615309661548216,-0.715982138423887
3998090,"Dungeon & Rogue",2025-09-22,"2025-09",0,1,1,1,1.98,1.98,0,"USD",1,1,0,1,0,"1 user reviews",2026-09-13 06:20:45.592569,2026-09-13 20:09:42.253862,2026-09-13,2026-09-13,356,"Windows + macOS + Linux","$0.01-$4.99",1.09192330051731,0,1,0,0,0,0,0,0,1,0,0,0,1,1,1.09192330051731,-1.16492620794372,0.208686052292248
3998630,"Puzzle Pleasant",2025-09-21,"2025-09",0,1,0,0,0.99,0.99,0,"USD",3,3,0,1,0,"3 user reviews",2026-09-13 06:20:49.704768,2026-09-13 20:09:44.3828,2026-09-13,2026-09-13,357,"Windows only","$0.01-$4.99",0.688134638736401,0,0,1,0,0,0,1,0,0,0,0,0,0,1,0.688134638736401,-1.71573437006504,0.227949972932168
3998650,"CHICK POP!",2025-09-25,"2025-09",0,1,0,0,4.99,4.99,0,"USD",0,0,0,,0,"No user reviews",2026-09-13 06:20:51.79549,2026-09-13 20:09:46.402579,2026-09-13,2026-09-13,353,"Windows only","$0.01-$4.99",1.79009141212736,1,0,1,0,0,0,1,0,0,0,0,0,0,0,1.79009141212736,-0.212555002889199,0.15089429037249
3998740,"mini challenge 01/100 Tower",2025-09-27,"2025-09",0,1,0,0,0.99,0.79,20,"USD",0,0,0,,0,"No user reviews",2026-09-13 06:20:54.007745,2026-09-13 20:09:48.547676,2026-09-13,2026-09-13,351,"Windows only","$0.01-$4.99",0.582215619852664,1,1,1,0,0,0,1,0,1,0,0,0,0,0,0.582215619852664,-1.86021851646908,0.112366449092651
3998890,"We Used to Play Here",2025-12-19,"2025-12",0,1,0,0,3.99,3.99,0,"USD",83,61,22,0.734939759036145,6,"Mostly Positive",2026-09-13 06:21:00.177687,2026-09-13 20:09:50.649557,2026-09-13,2026-09-13,268,"Windows only","$0.01-$4.99",1.60743590976343,1,1,0,0,0,0,1,0,0,0,0,0,0,1,1.60743590976343,-0.461715395641907,-1.48653896402067
3998910,"Creepy Fishing",2025-09-26,"2025-09",0,1,0,0,1.99,1.99,0,"USD",32,21,11,0.65625,5,"Mixed",2026-09-13 06:21:02.378436,2026-09-13 20:09:52.706575,2026-09-13,2026-09-13,352,"Windows only","$0.01-$4.99",1.0952733874026,0,0,0,0,0,0,1,0,1,0,0,0,0,1,1.0952733874026,-1.16035635402041,0.13163036973257
3999150,"HyperDissonance",2025-11-06,"2025-11",0,1,0,0,4.99,2.99,40,"USD",9,8,1,0.888888888888889,0,"9 user reviews",2026-09-13 06:21:10.6857,2026-09-13 20:09:54.763667,2026-09-13,2026-09-13,311,"Windows only","$0.01-$4.99",1.38379123090177,1,0,0,0,0,0,1,0,0,0,1,0,0,1,1.38379123090177,-0.766789128987195,-0.658190376504129
3999290,"Remember Me",2025-10-04,"2025-10",0,1,0,0,2.99,2.99,0,"USD",2,1,1,0.5,0,"2 user reviews",2026-09-13 06:21:12.85666,2026-09-13 20:09:56.956204,2026-09-13,2026-09-13,344,"Windows only","$0.01-$4.99",1.38379123090177,0,1,1,0,0,0,1,0,0,0,0,0,0,1,1.38379123090177,-0.766789128987195,-0.0224809953867855
3999430,"Sanity Break",2025-11-11,"2025-11",0,1,0,0,4.99,4.99,0,"USD",2,1,1,0.5,0,"2 user reviews",2026-09-13 06:21:17.021976,2026-09-13 20:09:59.056753,2026-09-13,2026-09-13,306,"Windows only","$0.01-$4.99",1.79009141212736,1,0,0,0,0,0,1,0,1,0,0,0,0,1,1.79009141212736,-0.212555002889199,-0.754509979703726
3999490,"Toxic Harvest",2025-11-14,"2025-11",1,1,0,0,,,,,0,0,0,,0,"No user reviews",2026-09-13 06:21:23.17639,2026-09-13 20:10:01.314726,2026-09-13,2026-09-13,303,"Windows only","Free",,1,1,0,0,1,0,1,0,0,0,0,0,1,0,,0,-0.812301741623485
4000040,"Rusted Flesh",2025-11-24,"2025-11",0,1,0,0,9.99,9.99,0,"USD",0,0,0,,0,"No user reviews",2026-09-13 06:21:31.551604,2026-09-13 20:10:03.465141,2026-09-13,2026-09-13,293,"Windows only","$5.00-$9.99",2.39698576841553,1,0,0,0,0,0,1,0,0,0,0,0,0,0,2.39698576841553,0.615309661548216,-1.00494094802268
4000060,"Eight Strange Corridors",2025-09-25,"2025-09",0,1,0,0,3.99,3.99,0,"USD",4,4,0,1,0,"4 user reviews",2026-09-13 06:21:33.686625,2026-09-13 20:10:05.569847,2026-09-13,2026-09-13,353,"Windows only","$0.01-$4.99",1.60743590976343,1,1,1,0,0,0,1,0,0,0,0,0,0,1,1.60743590976343,-0.461715395641907,0.15089429037249
4000360,"Red Chair",2025-11-22,"2025-11",0,1,0,0,9.99,9.99,0,"USD",14,3,11,0.214285714285714,4,"Mostly Negative",2026-09-13 06:21:44.101767,2026-09-13 20:10:07.685298,2026-09-13,2026-09-13,295,"Windows only","$5.00-$9.99",2.39698576841553,0,0,1,1,0,0,1,0,1,0,1,0,0,1,2.39698576841553,0.615309661548216,-0.966413106742841
4000480,"Boffins History Quiz Reel",2025-12-27,"2025-12",0,1,0,0,1.99,1.99,0,"USD",2,2,0,1,0,"2 user reviews",2026-09-13 06:21:48.368535,2026-09-13 20:10:09.738104,2026-09-13,2026-09-13,260,"Windows only","$0.01-$4.99",1.0952733874026,0,0,1,0,0,0,1,0,0,0,0,0,0,1,1.0952733874026,-1.16035635402041,-1.64065032914002
4000510,"Your Teacher",2025-10-26,"2025-10",0,1,0,0,0.99,0.99,0,"USD",4,3,1,0.75,0,"4 user reviews",2026-09-13 06:21:50.49925,2026-09-13 20:10:11.978976,2026-09-13,2026-09-13,322,"Windows only","$0.01-$4.99",0.688134638736401,0,0,1,0,0,0,1,0,0,0,0,0,0,1,0.688134638736401,-1.71573437006504,-0.446287249465014
4001120,"The Glitch prison Together",2025-12-11,"2025-12",0,1,0,0,4.99,4.99,0,"USD",3,3,0,1,0,"3 user reviews",2026-09-13 06:21:54.722537,2026-09-13 20:10:14.209191,2026-09-13,2026-09-13,276,"Windows only","$0.01-$4.99",1.79009141212736,1,1,0,0,0,0,0,0,0,1,0,0,0,1,1.79009141212736,-0.212555002889199,-1.33242759890131
4001140,"Sandrotten: Ekera",2025-10-07,"2025-10",1,1,0,0,,,,,0,0,0,,0,"No user reviews",2026-09-13 06:21:58.976,2026-09-13 20:10:16.274877,2026-09-13,2026-09-13,341,"Windows only","Free",,1,0,1,0,1,0,0,0,0,0,0,0,0,0,,0,-0.080272757306544
4001380,"Word Quest",2025-10-22,"2025-10",1,1,0,0,,,,,0,0,0,,0,"No user reviews",2026-09-13 06:22:01.210741,2026-09-13 20:10:18.483387,2026-09-13,2026-09-13,326,"Windows only","Free",,0,0,1,0,1,0,1,0,0,0,0,0,0,0,,0,-0.369231566905336
4001620,"Pondemonium",2025-11-14,"2025-11",0,1,0,1,3.99,3.99,0,"USD",10,10,0,1,7,"Positive",2026-09-13 06:22:09.506894,2026-09-13 20:10:20.534383,2026-09-13,2026-09-13,303,"Windows + Linux","$0.01-$4.99",1.60743590976343,1,1,0,0,0,0,1,0,0,0,0,0,0,1,1.60743590976343,-0.461715395641907,-0.812301741623485
4001950,"Office Chug",2025-09-28,"2025-09",0,1,0,0,3.99,3.99,0,"USD",1,1,0,1,0,"1 user reviews",2026-09-13 06:22:24.413429,2026-09-13 20:10:22.530328,2026-09-13,2026-09-13,350,"Windows only","$0.01-$4.99",1.60743590976343,0,0,1,0,0,0,1,0,0,0,1,0,1,1,1.60743590976343,-0.461715395641907,0.0931025284527314
4002010,"RePulse-X",2025-10-21,"2025-10",0,1,0,1,2.99,2.99,0,"USD",0,0,0,,0,"No user reviews",2026-09-13 06:22:26.421259,2026-09-13 20:10:24.60647,2026-09-13,2026-09-13,327,"Windows + Linux","$0.01-$4.99",1.38379123090177,1,0,1,0,0,0,1,0,0,0,0,0,0,0,1.38379123090177,-0.766789128987195,-0.349967646265417
4002520,"アルタイル号の殺人",2025-10-08,"2025-10",0,1,0,0,10.99,10.99,0,"USD",24,21,3,0.875,7,"Positive",2026-09-13 06:22:32.90701,2026-09-13 20:10:26.754628,2026-09-13,2026-09-13,340,"Windows only","$10.00-$19.99",2.48407296903942,0,1,0,0,0,0,0,0,0,0,0,0,0,1,2.48407296903942,0.734105322398058,-0.0995366779464635
4002530,"Trialspire",2025-11-15,"2025-11",0,1,0,0,2.99,2.99,0,"USD",2,1,1,0.5,0,"2 user reviews",2026-09-13 06:22:35.112817,2026-09-13 20:10:28.891208,2026-09-13,2026-09-13,302,"Windows only","$0.01-$4.99",1.38379123090177,1,1,0,0,0,0,1,0,0,0,0,0,0,1,1.38379123090177,-0.766789128987195,-0.831565662263404
4002550,"a.sector",2025-11-10,"2025-11",1,1,1,0,,,,,0,0,0,,0,"No user reviews",2026-09-13 06:22:37.131819,2026-09-13 20:10:30.914755,2026-09-13,2026-09-13,307,"Windows + macOS","Free",,1,1,0,0,1,0,1,0,0,0,0,0,0,0,,0,-0.735246059063807
4003220,"I woke up in the house of a fat man: he's over 30 years old and loves beer and games",2025-12-08,"2025-12",0,1,0,0,2.99,1.49,50,"USD",98,79,19,0.806122448979592,8,"Very Positive",2026-09-13 06:22:49.84865,2026-09-13 20:10:32.946583,2026-09-13,2026-09-13,279,"Windows only","$0.01-$4.99",0.912282710476616,1,0,0,0,0,0,1,0,0,0,0,0,0,1,0.912282710476616,-1.40997395843353,-1.27463583698155
4003500,"Tom Dahl",2025-10-01,"2025-10",0,1,0,0,4.99,4.99,0,"USD",44,39,5,0.886363636363636,7,"Positive",2026-09-13 06:22:56.417925,2026-09-13 20:10:34.997275,2026-09-13,2026-09-13,347,"Windows only","$0.01-$4.99",1.79009141212736,0,0,1,0,0,0,1,0,0,0,0,0,0,1,1.79009141212736,-0.212555002889199,0.0353107665329729
4003520,"Blimblau: Kill Them All!",2025-09-26,"2025-09",0,1,0,0,4.99,4.99,0,"USD",14,13,1,0.928571428571429,7,"Positive",2026-09-13 06:22:58.514989,2026-09-13 20:10:37.11164,2026-09-13,2026-09-13,352,"Windows only","$0.01-$4.99",1.79009141212736,1,0,0,0,0,0,1,0,0,0,0,0,0,1,1.79009141212736,-0.212555002889199,0.13163036973257
4003700,"He is Outside",2025-09-22,"2025-09",0,1,0,0,4.99,4.99,0,"USD",7,6,1,0.857142857142857,0,"7 user reviews",2026-09-13 06:23:00.577435,2026-09-13 20:10:39.228256,2026-09-13,2026-09-13,356,"Windows only","$0.01-$4.99",1.79009141212736,0,0,0,0,0,0,1,0,0,0,0,0,0,1,1.79009141212736,-0.212555002889199,0.208686052292248
4004380,"Fridge",2025-10-02,"2025-10",0,1,1,1,0.99,0.99,0,"USD",12,12,0,1,7,"Positive",2026-09-13 06:23:15.315466,2026-09-13 20:10:41.251434,2026-09-13,2026-09-13,346,"Windows + macOS + Linux","$0.01-$4.99",0.688134638736401,0,0,1,0,0,0,0,0,0,0,0,0,1,1,0.688134638736401,-1.71573437006504,0.0160468458930535
4004650,"Pharma R&D Manager",2025-10-27,"2025-10",0,1,0,0,49.99,49.99,0,"USD",3,2,1,0.666666666666667,0,"3 user reviews",2026-09-13 06:23:21.58682,2026-09-13 20:10:43.361735,2026-09-13,2026-09-13,321,"Windows only","$30.00+",3.93162953506706,0,0,0,0,0,0,0,0,0,0,1,0,1,1,3.93162953506706,2.70871740829398,-0.465551170104934
4005240,"Spirit-Capture Net",2025-10-22,"2025-10",0,1,0,0,0.99,0.99,0,"USD",1,1,0,1,0,"1 user reviews",2026-09-13 06:23:30.079948,2026-09-13 20:10:45.565641,2026-09-13,2026-09-13,326,"Windows only","$0.01-$4.99",0.688134638736401,0,0,1,0,0,0,0,0,0,0,0,0,0,1,0.688134638736401,-1.71573437006504,-0.369231566905336
4005510,"My Liminal Nightmare",2025-10-03,"2025-10",0,1,0,0,1.5,1.5,0,"USD",2,2,0,1,0,"2 user reviews",2026-09-13 06:23:34.399414,2026-09-13 20:10:47.665379,2026-09-13,2026-09-13,345,"Windows only","$0.01-$4.99",0.916290731874155,0,0,0,0,0,0,1,0,0,0,0,0,0,1,0.916290731874155,-1.40450661596289,-0.00321707474686604
4005700,"Orbital Frenzy",2025-11-20,"2025-11",0,1,0,0,0.99,0.99,0,"USD",0,0,0,,0,"No user reviews",2026-09-13 06:23:45.213808,2026-09-13 20:10:49.704392,2026-09-13,2026-09-13,297,"Windows only","$0.01-$4.99",0.688134638736401,1,0,1,0,0,0,1,0,0,0,0,0,0,0,0.688134638736401,-1.71573437006504,-0.927885265463002
4006160,"20 Days",2025-09-25,"2025-09",0,1,0,0,4.99,1.99,60,"USD",0,0,0,,0,"No user reviews",2026-09-13 06:23:55.645351,2026-09-13 20:10:51.727006,2026-09-13,2026-09-13,353,"Windows only","$0.01-$4.99",1.0952733874026,0,0,1,0,0,0,1,0,0,0,0,0,1,0,1.0952733874026,-1.16035635402041,0.15089429037249
4006240,"Banner Tactics",2025-11-06,"2025-11",0,1,0,0,17.99,17.99,0,"USD",3,2,1,0.666666666666667,0,"3 user reviews",2026-09-13 06:24:00.042399,2026-09-13 20:10:53.746511,2026-09-13,2026-09-13,311,"Windows only","$10.00-$19.99",2.94391252482419,0,0,0,0,0,0,0,0,1,0,0,0,1,1,2.94391252482419,1.36137251577438,-0.658190376504129
4006580,"Geospatial Exploration - Explore the real world in 3D and VR",2025-10-07,"2025-10",0,1,0,0,19.99,19.99,0,"USD",0,0,0,,0,"No user reviews",2026-09-13 06:24:06.510363,2026-09-13 20:10:56.006864,2026-09-13,2026-09-13,341,"Windows only","$10.00-$19.99",3.04404613383254,0,0,1,0,0,0,1,0,0,0,1,0,0,0,3.04404613383254,1.49796478387127,-0.080272757306544
4007780,"Autumn Rail",2025-10-15,"2025-10",0,1,1,0,5.99,5.99,0,"USD",2,1,1,0.5,0,"2 user reviews",2026-09-13 06:24:32.387539,2026-09-13 20:10:58.042156,2026-09-13,2026-09-13,333,"Windows + macOS","$5.00-$9.99",1.94448055624572,0,1,0,0,0,0,1,0,0,0,0,0,0,1,1.94448055624572,-0.00195275282042951,-0.2343841224259
4008720,"Not Raised By Wolves",2025-10-01,"2025-10",1,1,0,0,,,,,0,0,0,,0,"No user reviews",2026-09-13 06:24:45.066302,2026-09-13 20:11:00.285492,2026-09-13,2026-09-13,347,"Windows only","Free",,1,0,0,0,1,0,0,0,0,0,0,0,0,0,,0,0.0353107665329729
4008740,"Cython Cat",2025-11-30,"2025-11",1,1,1,1,,,,,0,0,0,,0,"No user reviews",2026-09-13 06:24:47.2241,2026-09-13 20:11:02.307684,2026-09-13,2026-09-13,287,"Windows + macOS + Linux","Free",,1,1,0,0,1,0,1,0,0,0,0,0,0,0,,0,-1.1205244718622
4009360,"Elevation Tower Defense",2025-10-02,"2025-10",0,1,0,0,4.99,4.99,0,"USD",0,0,0,,0,"No user reviews",2026-09-13 06:24:59.967681,2026-09-13 20:11:04.319874,2026-09-13,2026-09-13,346,"Windows only","$0.01-$4.99",1.79009141212736,0,0,0,0,0,0,0,0,0,0,0,0,1,0,1.79009141212736,-0.212555002889199,0.0160468458930535
4010140,"BumpBot",2025-10-30,"2025-10",0,1,0,0,2.99,2.99,0,"USD",0,0,0,,0,"No user reviews",2026-09-13 06:25:19.091673,2026-09-13 20:11:06.452427,2026-09-13,2026-09-13,318,"Windows only","$0.01-$4.99",1.38379123090177,1,0,1,0,0,0,1,0,0,1,1,1,0,0,1.38379123090177,-0.766789128987195,-0.523342932024692
4010330,"Sabbatical In Merzouga",2025-10-24,"2025-10",0,1,1,0,5.99,5.99,0,"USD",1,0,1,0,0,"1 user reviews",2026-09-13 06:25:23.237148,2026-09-13 20:11:08.539122,2026-09-13,2026-09-13,324,"Windows + macOS","$5.00-$9.99",1.94448055624572,0,1,0,0,0,0,1,0,1,0,0,0,0,1,1.94448055624572,-0.00195275282042951,-0.407759408185175
4010520,"Parasitism",2025-12-05,"2025-12",1,1,0,0,,,,,0,0,0,,0,"No user reviews",2026-09-13 06:25:25.444472,2026-09-13 20:11:10.562588,2026-09-13,2026-09-13,282,"Windows only","Free",,1,1,1,0,1,0,1,0,0,0,0,0,0,0,,0,-1.21684407506179
4010780,"OLYEN",2025-11-19,"2025-11",0,1,0,0,5.99,5.99,0,"USD",8,7,1,0.875,0,"8 user reviews",2026-09-13 06:25:29.81359,2026-09-13 20:11:12.729385,2026-09-13,2026-09-13,298,"Windows only","$5.00-$9.99",1.94448055624572,0,1,0,0,0,0,0,0,0,0,0,0,0,1,1.94448055624572,-0.00195275282042951,-0.908621344823082
4011240,"Assassin Of Goblin",2025-09-24,"2025-09",0,1,0,0,3.99,3.99,0,"USD",12,8,4,0.666666666666667,5,"Mixed",2026-09-13 06:25:31.87452,2026-09-13 20:11:14.788727,2026-09-13,2026-09-13,354,"Windows only","$0.01-$4.99",1.60743590976343,0,1,0,0,0,0,1,0,0,0,0,0,0,1,1.60743590976343,-0.461715395641907,0.170158211012409
4011780,"/trace",2025-12-12,"2025-12",0,1,0,1,3.99,3.99,0,"USD",0,0,0,,0,"No user reviews",2026-09-13 06:25:38.320418,2026-09-13 20:11:16.995675,2026-09-13,2026-09-13,275,"Windows + Linux","$0.01-$4.99",1.60743590976343,0,0,1,0,0,0,1,0,0,0,0,0,0,0,1.60743590976343,-0.461715395641907,-1.35169151954123
4013030,"Be King",2025-10-30,"2025-10",0,1,0,0,2.99,2.99,0,"USD",2,1,1,0.5,0,"2 user reviews",2026-09-13 06:26:01.353525,2026-09-13 20:11:19.020291,2026-09-13,2026-09-13,318,"Windows only","$0.01-$4.99",1.38379123090177,0,1,1,0,0,0,1,0,0,0,0,0,1,1,1.38379123090177,-0.766789128987195,-0.523342932024692
4013680,"The Cursed Grave",2025-10-31,"2025-10",0,1,0,0,7.99,7.99,0,"USD",0,0,0,,0,"No user reviews",2026-09-13 06:26:11.734058,2026-09-13 20:11:21.063988,2026-09-13,2026-09-13,317,"Windows only","$5.00-$9.99",2.19611284848353,1,1,0,0,0,0,1,0,0,0,0,0,0,0,2.19611284848353,0.341298887298887,-0.542606852664612
4014630,"Flute of Gobelin",2025-10-09,"2025-10",0,1,0,0,4.99,4.99,0,"USD",11,10,1,0.909090909090909,7,"Positive",2026-09-13 06:26:22.683281,2026-09-13 20:11:23.214107,2026-09-13,2026-09-13,339,"Windows only","$0.01-$4.99",1.79009141212736,1,0,0,0,0,0,0,0,0,0,0,0,0,1,1.79009141212736,-0.212555002889199,-0.118800598586383
4014650,"Thirty Seconds: Slain At Home",2025-11-05,"2025-11",1,1,0,0,,,,,0,0,0,,0,"No user reviews",2026-09-13 06:26:24.885366,2026-09-13 20:11:25.303068,2026-09-13,2026-09-13,312,"Windows only","Free",,1,0,0,0,1,0,1,0,0,0,1,0,0,0,,0,-0.638926455864209
4015300,"LIMINAL WATERS - ENHANCED EDITION",2025-10-13,"2025-10",0,1,0,0,9.49,9.49,0,"USD",111,99,12,0.891891891891892,8,"Very Positive",2026-09-13 06:26:37.808148,2026-09-13 20:11:27.47433,2026-09-13,2026-09-13,335,"Windows only","$5.00-$9.99",2.35042242240821,0,1,0,0,0,0,1,0,0,0,1,0,0,1,2.35042242240821,0.551792595656878,-0.195856281146061
4015530,"MyVoiceZoo",2025-09-26,"2025-09",0,1,0,0,2.99,2.99,0,"USD",3334,3066,268,0.919616076784643,8,"Very Positive",2026-09-13 06:26:39.988495,2026-09-13 20:11:29.680686,2026-09-13,2026-09-13,352,"Windows only","$0.01-$4.99",1.38379123090177,0,0,1,0,0,0,1,0,0,0,1,0,0,1,1.38379123090177,-0.766789128987195,0.13163036973257
4015860,"Too Many Bots",2025-10-21,"2025-10",1,1,0,0,,,,,0,0,0,,0,"No user reviews",2026-09-13 06:26:44.20119,2026-09-13 20:11:31.930864,2026-09-13,2026-09-13,327,"Windows only","Free",,1,0,0,0,1,0,1,0,0,0,0,0,0,0,,0,-0.349967646265417
4016120,"Luna Anomaly",2025-09-26,"2025-09",0,1,0,0,4.99,4.99,0,"USD",6,6,0,1,0,"6 user reviews",2026-09-13 06:26:48.437447,2026-09-13 20:11:34.156625,2026-09-13,2026-09-13,352,"Windows only","$0.01-$4.99",1.79009141212736,0,0,0,0,0,0,1,0,0,0,0,0,0,1,1.79009141212736,-0.212555002889199,0.13163036973257
4016750,"Pachingo",2025-12-05,"2025-12",0,1,0,0,2.99,2.99,0,"USD",3,3,0,1,0,"3 user reviews",2026-09-13 06:27:07.373635,2026-09-13 20:11:36.362071,2026-09-13,2026-09-13,282,"Windows only","$0.01-$4.99",1.38379123090177,0,0,0,0,0,0,1,0,0,0,0,0,0,1,1.38379123090177,-0.766789128987195,-1.21684407506179
4017180,"101 Dogs Hidden in Berlin",2025-10-22,"2025-10",0,1,0,0,0.99,0.99,0,"USD",23,21,2,0.91304347826087,7,"Positive",2026-09-13 06:27:18.08749,2026-09-13 20:11:38.482402,2026-09-13,2026-09-13,326,"Windows only","$0.01-$4.99",0.688134638736401,0,0,1,0,0,0,1,0,0,0,0,0,0,1,0.688134638736401,-1.71573437006504,-0.369231566905336
4017210,"Hidden Pets: 101 Cats in Vietnam",2025-10-22,"2025-10",0,1,0,0,0.99,0.99,0,"USD",23,22,1,0.956521739130435,7,"Positive",2026-09-13 06:27:22.44679,2026-09-13 20:11:40.515718,2026-09-13,2026-09-13,326,"Windows only","$0.01-$4.99",0.688134638736401,0,0,1,0,0,0,1,0,0,0,0,0,0,1,0.688134638736401,-1.71573437006504,-0.369231566905336
4017350,"Low Noon: The Gunless Goon",2025-12-14,"2025-12",0,1,0,0,10.99,10.99,0,"USD",0,0,0,,0,"No user reviews",2026-09-13 06:27:24.676013,2026-09-13 20:11:42.754625,2026-09-13,2026-09-13,273,"Windows only","$10.00-$19.99",2.48407296903942,1,1,1,1,0,0,1,0,0,0,1,0,0,0,2.48407296903942,0.734105322398058,-1.39021936082107
4017450,"Villainy",2025-12-15,"2025-12",0,1,0,0,7.99,7.99,0,"USD",87,82,5,0.942528735632184,8,"Very Positive",2026-09-13 06:27:26.744172,2026-09-13 20:11:44.954057,2026-09-13,2026-09-13,272,"Windows only","$5.00-$9.99",2.19611284848353,1,0,0,0,0,0,0,0,0,0,0,0,0,1,2.19611284848353,0.341298887298887,-1.40948328146099
4017580,"Within The Mind",2025-10-26,"2025-10",0,1,0,0,2.99,2.99,0,"USD",0,0,0,,0,"No user reviews",2026-09-13 06:27:30.982379,2026-09-13 20:11:47.103895,2026-09-13,2026-09-13,322,"Windows only","$0.01-$4.99",1.38379123090177,0,0,1,0,0,0,1,0,0,0,0,0,0,0,1.38379123090177,-0.766789128987195,-0.446287249465014
4018050,"K-Pattern Master",2025-10-12,"2025-10",0,1,0,0,4.99,4.99,0,"USD",6,6,0,1,0,"6 user reviews",2026-09-13 06:27:37.37062,2026-09-13 20:11:49.294268,2026-09-13,2026-09-13,336,"Windows only","$0.01-$4.99",1.79009141212736,0,1,1,0,0,0,0,0,0,0,1,0,0,1,1.79009141212736,-0.212555002889199,-0.176592360506141
4018400,"Grill it! Sanma",2025-10-01,"2025-10",0,1,0,0,4.99,4.99,0,"USD",0,0,0,,0,"No user reviews",2026-09-13 06:27:45.961629,2026-09-13 20:11:51.367019,2026-09-13,2026-09-13,347,"Windows only","$0.01-$4.99",1.79009141212736,1,0,1,0,0,0,1,0,0,0,0,0,0,0,1.79009141212736,-0.212555002889199,0.0353107665329729
4018640,"SteelMechBattle",2025-10-03,"2025-10",0,1,0,0,3.99,3.99,0,"USD",0,0,0,,0,"No user reviews",2026-09-13 06:27:54.608204,2026-09-13 20:11:53.416986,2026-09-13,2026-09-13,345,"Windows only","$0.01-$4.99",1.60743590976343,1,1,0,0,0,0,1,0,0,0,0,0,0,0,1.60743590976343,-0.461715395641907,-0.00321707474686604
4018910,"Twins of the Sun",2025-10-10,"2025-10",0,1,0,0,9.99,9.99,0,"USD",3,2,1,0.666666666666667,0,"3 user reviews",2026-09-13 06:27:59.008451,2026-09-13 20:11:55.462535,2026-09-13,2026-09-13,338,"Windows only","$5.00-$9.99",2.39698576841553,1,1,0,0,0,0,0,0,0,0,0,0,0,1,2.39698576841553,0.615309661548216,-0.138064519226302
4018920,"All My Heart, Banjo",2025-10-16,"2025-10",0,1,0,1,1.99,1.99,0,"USD",1,1,0,1,0,"1 user reviews",2026-09-13 06:28:01.146997,2026-09-13 20:11:57.674844,2026-09-13,2026-09-13,332,"Windows + Linux","$0.01-$4.99",1.0952733874026,0,0,1,0,0,0,1,0,1,0,0,0,0,1,1.0952733874026,-1.16035635402041,-0.253648043065819
4019450,"OROBOROS",2025-11-21,"2025-11",0,1,1,1,1.99,1.99,0,"USD",28,28,0,1,7,"Positive",2026-09-13 06:28:03.37294,2026-09-13 20:11:59.719195,2026-09-13,2026-09-13,296,"Windows + macOS + Linux","$0.01-$4.99",1.0952733874026,1,1,1,0,0,0,1,0,0,0,0,0,0,1,1.0952733874026,-1.16035635402041,-0.947149186102921
4019860,"Iria",2025-10-07,"2025-10",1,1,0,0,,,,,0,0,0,,0,"No user reviews",2026-09-13 06:28:09.659531,2026-09-13 20:12:01.724112,2026-09-13,2026-09-13,341,"Windows only","Free",,1,1,1,1,1,0,1,0,0,0,0,0,0,0,,0,-0.080272757306544
4019890,"Wuxing Summoner",2025-10-08,"2025-10",0,1,0,0,199.99,199.99,0,"USD",0,0,0,,0,"No user reviews",2026-09-13 06:28:11.683266,2026-09-13 20:12:03.970727,2026-09-13,2026-09-13,340,"Windows only","$30.00+",5.30325515557766,0,0,0,0,0,0,0,0,0,0,0,0,1,0,5.30325515557766,4.57975208227369,-0.0995366779464635
4020630,"Blood and Dust",2025-12-03,"2025-12",0,1,0,0,9.99,9.99,0,"USD",0,0,0,,0,"No user reviews",2026-09-13 06:28:22.381978,2026-09-13 20:12:06.216939,2026-09-13,2026-09-13,284,"Windows only","$5.00-$9.99",2.39698576841553,1,1,0,1,0,0,1,0,1,0,0,0,0,0,2.39698576841553,0.615309661548216,-1.17831623378195
4020720,"Yapori Dimens<U+00F5>es",2025-10-29,"2025-10",0,1,0,0,1.99,1.99,0,"USD",1,1,0,1,0,"1 user reviews",2026-09-13 06:28:28.822358,2026-09-13 20:12:08.411305,2026-09-13,2026-09-13,319,"Windows only","$0.01-$4.99",1.0952733874026,1,1,0,0,0,0,1,0,0,0,0,0,0,1,1.0952733874026,-1.16035635402041,-0.504079011384773
4020970,"You Were There -君はそこにいた-",2025-10-12,"2025-10",1,1,0,0,,,,,0,0,0,,0,"No user reviews",2026-09-13 06:28:30.850937,2026-09-13 20:12:10.449493,2026-09-13,2026-09-13,336,"Windows only","Free",,1,1,0,0,1,0,0,0,0,0,0,0,0,0,,0,-0.176592360506141
4021380,"Absum",2025-10-23,"2025-10",0,1,0,0,4.99,3.49,30,"USD",71,66,5,0.929577464788732,8,"Very Positive",2026-09-13 06:28:35.100147,2026-09-13 20:12:12.456765,2026-09-13,2026-09-13,325,"Windows only","$0.01-$4.99",1.50185270175416,0,0,0,0,0,0,1,0,0,0,1,0,0,1,1.50185270175416,-0.605741462391672,-0.388495487545256
4021770,"Heavy Spoilers RPG 2: Your best friend is actually the great demon king",2025-11-16,"2025-11",0,1,0,0,8.99,8.99,0,"USD",121,113,8,0.933884297520661,8,"Very Positive",2026-09-13 06:28:43.631651,2026-09-13 20:12:14.692925,2026-09-13,2026-09-13,301,"Windows only","$5.00-$9.99",2.30158459266046,0,0,0,0,0,0,0,0,1,0,0,0,0,1,2.30158459266046,0.485172906221557,-0.850829582903324
4021880,"Fate of the Minotaur",2025-12-10,"2025-12",1,1,0,0,,,,,0,0,0,,0,"No user reviews",2026-09-13 06:28:47.965487,2026-09-13 20:12:16.852494,2026-09-13,2026-09-13,277,"Windows only","Free",,1,1,0,0,1,0,0,0,0,0,0,0,0,0,,0,-1.31316367826139
4021980,"Gnomes Garden: Mask of The Rat King",2025-09-22,"2025-09",0,1,0,0,14.99,14.99,0,"USD",3,1,2,0.333333333333333,0,"3 user reviews",2026-09-13 06:28:50.151098,2026-09-13 20:12:18.917684,2026-09-13,2026-09-13,356,"Windows only","$10.00-$19.99",2.77196352684586,0,1,1,0,0,0,0,0,0,0,1,0,1,1,2.77196352684586,1.12681686694233,0.208686052292248
4022150,"Gnomes on the Roam",2025-11-26,"2025-11",1,1,0,0,,,,,0,0,0,,0,"No user reviews",2026-09-13 06:28:54.40712,2026-09-13 20:12:21.155069,2026-09-13,2026-09-13,291,"Windows only","Free",,1,0,1,0,1,0,1,0,0,0,0,0,1,0,,0,-1.04346878930252
4022300,"DateBoy",2025-11-04,"2025-11",1,1,0,0,,,,,0,0,0,,0,"No user reviews",2026-09-13 06:28:56.617962,2026-09-13 20:12:23.26942,2026-09-13,2026-09-13,313,"Windows only","Free",,0,1,0,0,1,0,1,0,0,0,1,0,0,0,,0,-0.61966253522429
4022490,"Exit Dream",2025-10-21,"2025-10",1,1,0,0,,,,,0,0,0,,0,"No user reviews",2026-09-13 06:28:58.75765,2026-09-13 20:12:25.379774,2026-09-13,2026-09-13,327,"Windows only","Free",,0,1,1,0,1,0,1,0,0,0,0,0,0,0,,0,-0.349967646265417
4022550,"Sammy The Sharky",2025-11-03,"2025-11",0,1,0,0,0.99,0.99,0,"USD",10,10,0,1,7,"Positive",2026-09-13 06:29:03.129519,2026-09-13 20:12:27.428119,2026-09-13,2026-09-13,314,"Windows only","$0.01-$4.99",0.688134638736401,0,0,1,0,0,0,0,0,0,0,0,0,0,1,0.688134638736401,-1.71573437006504,-0.60039861458437
4022650,"Wanech's Z.O.O.",2025-09-29,"2025-09",0,1,0,0,0.99,0.99,0,"USD",1,0,1,0,0,"1 user reviews",2026-09-13 06:29:09.51718,2026-09-13 20:12:29.622648,2026-09-13,2026-09-13,349,"Windows only","$0.01-$4.99",0.688134638736401,0,0,1,0,0,0,1,0,0,0,1,0,0,1,0.688134638736401,-1.71573437006504,0.0738386078128119
4022710,"Shadows Of Thornkeep",2025-11-03,"2025-11",0,1,0,0,9.99,9.99,0,"USD",6,5,1,0.833333333333333,0,"6 user reviews",2026-09-13 06:29:11.658233,2026-09-13 20:12:31.826309,2026-09-13,2026-09-13,314,"Windows only","$5.00-$9.99",2.39698576841553,1,0,0,1,0,0,1,0,1,0,0,0,0,1,2.39698576841553,0.615309661548216,-0.60039861458437
4022780,"GreySpire",2025-10-03,"2025-10",0,1,0,1,0.99,0.99,0,"USD",1,1,0,1,0,"1 user reviews",2026-09-13 06:29:18.248683,2026-09-13 20:12:33.942186,2026-09-13,2026-09-13,345,"Windows + Linux","$0.01-$4.99",0.688134638736401,0,0,1,0,0,0,0,0,0,0,0,0,1,1,0.688134638736401,-1.71573437006504,-0.00321707474686604
4022880,"<U+AD70><U+B300><U+D0C8><U+CD9C>",2025-10-18,"2025-10",0,1,0,0,3.99,3.99,0,"USD",4,2,2,0.5,0,"4 user reviews",2026-09-13 06:29:22.552062,2026-09-13 20:12:36.061168,2026-09-13,2026-09-13,330,"Windows only","$0.01-$4.99",1.60743590976343,0,0,1,0,0,0,1,0,0,0,1,0,1,1,1.60743590976343,-0.461715395641907,-0.292175884345658
4023200,"Penelope Syndrome",2025-10-27,"2025-10",0,1,0,0,4.99,4.99,0,"USD",4,4,0,1,0,"4 user reviews",2026-09-13 06:29:31.002192,2026-09-13 20:12:38.086378,2026-09-13,2026-09-13,321,"Windows only","$0.01-$4.99",1.79009141212736,1,1,0,0,0,0,1,0,0,0,0,0,0,1,1.79009141212736,-0.212555002889199,-0.465551170104934
4023250,"Proto-GO-a",2025-10-08,"2025-10",0,1,1,0,2.99,2.99,0,"USD",0,0,0,,0,"No user reviews",2026-09-13 06:29:33.098505,2026-09-13 20:12:40.109533,2026-09-13,2026-09-13,340,"Windows + macOS","$0.01-$4.99",1.38379123090177,0,0,1,0,0,0,1,0,0,0,1,0,0,0,1.38379123090177,-0.766789128987195,-0.0995366779464635
4023900,"Nightmare Visions Chapter 2",2025-10-31,"2025-10",0,1,0,0,1.99,1.99,0,"USD",4,1,3,0.25,0,"4 user reviews",2026-09-13 06:29:52.411454,2026-09-13 20:12:42.237251,2026-09-13,2026-09-13,317,"Windows only","$0.01-$4.99",1.0952733874026,0,0,1,0,0,0,1,0,0,0,0,0,0,1,1.0952733874026,-1.16035635402041,-0.542606852664612
4024130,"Charm&Clue",2025-09-16,"2025-09",0,1,0,0,14.99,4.49,70,"USD",1,0,1,0,0,"1 user reviews",2026-09-13 06:29:58.641989,2026-09-13 20:12:44.34396,2026-09-13,2026-09-13,362,"Windows only","$0.01-$4.99",1.70292825552144,0,0,1,0,0,0,0,0,0,0,1,0,0,1,1.70292825552144,-0.331454275303262,0.324269576131765
4024900,"潜水员吞泡泡",2025-09-30,"2025-09",0,1,0,0,1.99,1.99,0,"USD",0,0,0,,0,"No user reviews",2026-09-13 06:30:11.305752,2026-09-13 20:12:46.58513,2026-09-13,2026-09-13,348,"Windows only","$0.01-$4.99",1.0952733874026,0,0,1,0,0,0,0,0,0,0,0,0,0,0,1.0952733874026,-1.16035635402041,0.0545746871728924
4025330,"林葬屋前传：冥声",2025-10-25,"2025-10",0,1,1,0,6.99,6.99,0,"USD",133,111,22,0.834586466165414,8,"Very Positive",2026-09-13 06:30:21.759724,2026-09-13 20:12:48.854657,2026-09-13,2026-09-13,323,"Windows + macOS","$5.00-$9.99",2.07819075977818,0,1,1,0,0,0,1,0,1,0,1,0,0,1,2.07819075977818,0.18044135190692,-0.427023328825095
4025420,"P.I.S.",2025-12-19,"2025-12",0,1,0,0,2.99,2.99,0,"USD",21,19,2,0.904761904761905,7,"Positive",2026-09-13 06:30:23.968255,2026-09-13 20:12:50.972994,2026-09-13,2026-09-13,268,"Windows only","$0.01-$4.99",1.38379123090177,0,1,0,0,0,0,1,0,0,0,0,0,0,1,1.38379123090177,-0.766789128987195,-1.48653896402067
4025760,"Chimera Circuit",2025-10-02,"2025-10",0,1,1,0,4.99,4.99,0,"USD",3,2,1,0.666666666666667,0,"3 user reviews",2026-09-13 06:30:26.000784,2026-09-13 20:12:53.060247,2026-09-13,2026-09-13,346,"Windows + macOS","$0.01-$4.99",1.79009141212736,0,0,1,0,0,0,1,0,1,1,0,0,0,1,1.79009141212736,-0.212555002889199,0.0160468458930535
4025860,"Kesselgrad",2025-11-14,"2025-11",1,1,0,0,,,,,0,0,0,,0,"No user reviews",2026-09-13 06:30:28.042953,2026-09-13 20:12:55.230542,2026-09-13,2026-09-13,303,"Windows only","Free",,1,0,0,0,1,0,1,0,0,0,0,0,0,0,,0,-0.812301741623485
4026690,"Spray N' Pray",2025-10-03,"2025-10",1,1,0,0,,,,,0,0,0,,0,"No user reviews",2026-09-13 06:30:40.83849,2026-09-13 20:12:57.271551,2026-09-13,2026-09-13,345,"Windows only","Free",,0,0,0,0,1,0,0,0,0,0,0,0,0,0,,0,-0.00321707474686604
4027120,"Farmer Fowl's Farmhouse",2025-10-27,"2025-10",0,1,0,0,2.99,2.99,0,"USD",7,7,0,1,0,"7 user reviews",2026-09-13 06:30:45.055381,2026-09-13 20:12:59.369162,2026-09-13,2026-09-13,321,"Windows only","$0.01-$4.99",1.38379123090177,0,0,0,0,0,0,1,0,0,0,0,0,0,1,1.38379123090177,-0.766789128987195,-0.465551170104934
4027680,"CoThrust",2025-11-11,"2025-11",0,1,0,0,1.99,1.99,0,"USD",14,14,0,1,7,"Positive",2026-09-13 06:30:51.465182,2026-09-13 20:13:01.447678,2026-09-13,2026-09-13,306,"Windows only","$0.01-$4.99",1.0952733874026,0,0,1,0,0,0,1,0,0,0,0,0,0,1,1.0952733874026,-1.16035635402041,-0.754509979703726
4028620,"Alibi for love",2025-11-21,"2025-11",0,1,0,0,0.99,0.99,0,"USD",3,2,1,0.666666666666667,0,"3 user reviews",2026-09-13 06:31:02.013589,2026-09-13 20:13:03.469462,2026-09-13,2026-09-13,296,"Windows only","$0.01-$4.99",0.688134638736401,0,0,1,0,0,0,0,0,1,0,0,0,0,1,0.688134638736401,-1.71573437006504,-0.947149186102921
4028870,"The Adventures of Emilie in Paris",2025-10-22,"2025-10",0,1,0,1,9.99,9.99,0,"USD",22,22,0,1,7,"Positive",2026-09-13 06:31:06.15128,2026-09-13 20:13:05.575223,2026-09-13,2026-09-13,326,"Windows + Linux","$5.00-$9.99",2.39698576841553,0,0,0,0,0,0,1,0,0,0,0,0,0,1,2.39698576841553,0.615309661548216,-0.369231566905336
4029000,"YKick",2025-11-30,"2025-11",0,1,0,0,3.99,3.99,0,"USD",1,1,0,1,0,"1 user reviews",2026-09-13 06:31:14.030106,2026-09-13 20:13:07.811993,2026-09-13,2026-09-13,287,"Windows only","$0.01-$4.99",1.60743590976343,1,1,0,0,0,0,1,0,0,0,0,0,0,1,1.60743590976343,-0.461715395641907,-1.1205244718622
4029210,"WAVEBEAM",2025-10-15,"2025-10",1,1,1,0,,,,,0,0,0,,0,"No user reviews",2026-09-13 06:31:18.291769,2026-09-13 20:13:09.977027,2026-09-13,2026-09-13,333,"Windows + macOS","Free",,1,0,0,0,1,0,1,0,0,0,0,0,0,0,,0,-0.2343841224259
4029480,"Axol's Quest",2025-10-03,"2025-10",0,1,0,0,6.99,6.99,0,"USD",12,11,1,0.916666666666667,7,"Positive",2026-09-13 06:31:24.833881,2026-09-13 20:13:11.989554,2026-09-13,2026-09-13,345,"Windows only","$5.00-$9.99",2.07819075977818,0,0,0,0,0,0,1,0,1,0,0,0,0,1,2.07819075977818,0.18044135190692,-0.00321707474686604
4030060,"Why Is Driving So Hard?",2025-10-11,"2025-10",0,1,0,0,4.99,4.99,0,"USD",8,7,1,0.875,0,"8 user reviews",2026-09-13 06:31:28.982906,2026-09-13 20:13:14.007762,2026-09-13,2026-09-13,337,"Windows only","$0.01-$4.99",1.79009141212736,0,0,1,0,0,0,0,0,0,1,0,0,0,1,1.79009141212736,-0.212555002889199,-0.157328439866222
4030310,"Sweet Dreams",2025-10-09,"2025-10",1,1,0,0,,,,,0,0,0,,0,"No user reviews",2026-09-13 06:31:33.23767,2026-09-13 20:13:16.152202,2026-09-13,2026-09-13,339,"Windows only","Free",,1,0,0,0,1,0,1,0,0,0,0,0,0,0,,0,-0.118800598586383
4030450,"Halloween Trouble 7: The Apprentice",2025-10-23,"2025-10",0,1,1,1,9.99,9.99,0,"USD",2,2,0,1,0,"2 user reviews",2026-09-13 06:31:37.451942,2026-09-13 20:13:18.273971,2026-09-13,2026-09-13,325,"Windows + macOS + Linux","$5.00-$9.99",2.39698576841553,0,0,1,0,0,0,0,0,0,0,0,0,0,1,2.39698576841553,0.615309661548216,-0.388495487545256
4031390,"Funimal: Fusion Animal",2025-11-20,"2025-11",0,1,0,0,3.48,3.48,0,"USD",2,1,1,0.5,0,"2 user reviews",2026-09-13 06:31:47.758815,2026-09-13 20:13:20.335559,2026-09-13,2026-09-13,297,"Windows only","$0.01-$4.99",1.49962304642689,0,0,1,0,0,0,0,0,0,0,0,0,0,1,1.49962304642689,-0.608782935491883,-0.927885265463002
4032250,"Tiempo",2025-10-03,"2025-10",1,1,0,0,,,,,0,0,0,,0,"No user reviews",2026-09-13 06:32:07.244822,2026-09-13 20:13:22.450529,2026-09-13,2026-09-13,345,"Windows only","Free",,1,0,0,0,1,0,0,0,0,0,0,0,0,0,,0,-0.00321707474686604
4032260,"Rock Clicker",2025-10-15,"2025-10",1,1,0,0,,,,,0,0,0,,0,"No user reviews",2026-09-13 06:32:09.468263,2026-09-13 20:13:24.619784,2026-09-13,2026-09-13,333,"Windows only","Free",,0,0,1,0,1,0,1,0,0,0,0,0,0,0,,0,-0.2343841224259
4032270,"Terra Request",2025-12-12,"2025-12",0,1,0,0,3.99,3.99,0,"USD",3,2,1,0.666666666666667,0,"3 user reviews",2026-09-13 06:32:11.572787,2026-09-13 20:13:26.719169,2026-09-13,2026-09-13,275,"Windows only","$0.01-$4.99",1.60743590976343,0,0,0,0,0,0,1,0,0,0,0,0,1,1,1.60743590976343,-0.461715395641907,-1.35169151954123
4032670,"Arnaud Thion’s Dragons",2025-11-19,"2025-11",0,1,0,0,2.99,2.99,0,"USD",1,1,0,1,0,"1 user reviews",2026-09-13 06:32:15.98624,2026-09-13 20:13:28.927635,2026-09-13,2026-09-13,298,"Windows only","$0.01-$4.99",1.38379123090177,1,0,0,0,0,0,0,0,0,0,0,0,1,1,1.38379123090177,-0.766789128987195,-0.908621344823082
4032820,"靴下物語ー大門ジゲンの靴下店ー",2025-12-18,"2025-12",0,1,0,0,0.99,0.99,0,"USD",1,1,0,1,0,"1 user reviews",2026-09-13 06:32:22.315499,2026-09-13 20:13:31.138539,2026-09-13,2026-09-13,269,"Windows only","$0.01-$4.99",0.688134638736401,0,1,1,0,0,0,0,0,0,0,0,0,0,1,0.688134638736401,-1.71573437006504,-1.46727504338075
4033120,"emerald",2025-11-02,"2025-11",1,1,1,1,,,,,0,0,0,,0,"No user reviews",2026-09-13 06:32:26.533149,2026-09-13 20:13:33.314563,2026-09-13,2026-09-13,315,"Windows + macOS + Linux","Free",,0,1,1,0,1,0,1,0,1,0,0,0,0,0,,0,-0.581134693944451
4033140,"歐特在庫比城 Alter in Cube City",2025-10-03,"2025-10",0,1,1,0,3.99,3.99,0,"USD",1,1,0,1,0,"1 user reviews",2026-09-13 06:32:28.753562,2026-09-13 20:13:35.549556,2026-09-13,2026-09-13,345,"Windows + macOS","$0.01-$4.99",1.60743590976343,0,1,0,0,0,0,1,0,1,0,0,0,0,1,1.60743590976343,-0.461715395641907,-0.00321707474686604
4033240,"Pentamania: Alchemy Madness",2025-10-26,"2025-10",1,1,0,0,,,,,0,0,0,,0,"No user reviews",2026-09-13 06:32:33.092507,2026-09-13 20:13:37.64616,2026-09-13,2026-09-13,322,"Windows only","Free",,0,0,1,0,1,0,1,0,0,0,1,0,0,0,,0,-0.446287249465014
4033260,"Unlimited Top - up",2025-10-23,"2025-10",0,1,0,0,9.99,9.99,0,"USD",7,3,4,0.428571428571429,0,"7 user reviews",2026-09-13 06:32:35.197435,2026-09-13 20:13:39.787174,2026-09-13,2026-09-13,325,"Windows only","$5.00-$9.99",2.39698576841553,0,0,1,0,0,0,1,0,1,0,0,0,1,1,2.39698576841553,0.615309661548216,-0.388495487545256
4033410,"The Rite Holds",2025-10-21,"2025-10",0,1,0,0,4.99,4.99,0,"USD",3,2,1,0.666666666666667,0,"3 user reviews",2026-09-13 06:32:39.548584,2026-09-13 20:13:41.788731,2026-09-13,2026-09-13,327,"Windows only","$0.01-$4.99",1.79009141212736,0,1,0,0,0,0,0,0,0,0,0,0,0,1,1.79009141212736,-0.212555002889199,-0.349967646265417
4033430,"My Peephole: Hotel Harborview",2025-10-23,"2025-10",0,1,0,0,5.99,5.99,0,"USD",45,42,3,0.933333333333333,7,"Positive",2026-09-13 06:32:41.623996,2026-09-13 20:13:44.013315,2026-09-13,2026-09-13,325,"Windows only","$5.00-$9.99",1.94448055624572,0,0,0,0,0,0,1,0,0,0,1,0,0,1,1.94448055624572,-0.00195275282042951,-0.388495487545256
4033820,"Spot The Word",2025-10-17,"2025-10",0,1,0,0,0.99,0.99,0,"USD",3,3,0,1,0,"3 user reviews",2026-09-13 06:32:46.026154,2026-09-13 20:13:46.216823,2026-09-13,2026-09-13,331,"Windows only","$0.01-$4.99",0.688134638736401,0,0,1,1,0,0,1,0,0,0,0,0,1,1,0.688134638736401,-1.71573437006504,-0.272911963705739
4034000,"Box of Broken Nails",2025-11-11,"2025-11",0,1,0,0,4.99,4.99,0,"USD",178,173,5,0.971910112359551,8,"Very Positive",2026-09-13 06:32:52.322889,2026-09-13 20:13:48.341341,2026-09-13,2026-09-13,306,"Windows only","$0.01-$4.99",1.79009141212736,1,1,0,0,0,0,1,0,0,0,1,0,0,1,1.79009141212736,-0.212555002889199,-0.754509979703726
4034240,"Primora",2025-10-08,"2025-10",0,1,0,0,4.99,4.99,0,"USD",0,0,0,,0,"No user reviews",2026-09-13 06:32:56.523293,2026-09-13 20:13:50.395057,2026-09-13,2026-09-13,340,"Windows only","$0.01-$4.99",1.79009141212736,1,0,1,0,0,0,1,0,0,0,0,0,1,0,1.79009141212736,-0.212555002889199,-0.0995366779464635
4034310,"Missing Pac: Pandemic Adventure",2025-11-06,"2025-11",0,1,0,0,10.99,10.99,0,"USD",0,0,0,,0,"No user reviews",2026-09-13 06:33:00.982296,2026-09-13 20:13:52.433063,2026-09-13,2026-09-13,311,"Windows only","$10.00-$19.99",2.48407296903942,1,1,0,0,0,0,1,0,0,0,0,0,0,0,2.48407296903942,0.734105322398058,-0.658190376504129
4034390,"Meta Lines 2",2025-12-12,"2025-12",0,1,0,0,3.99,3.99,0,"USD",2,2,0,1,0,"2 user reviews",2026-09-13 06:33:05.091457,2026-09-13 20:13:54.440734,2026-09-13,2026-09-13,275,"Windows only","$0.01-$4.99",1.60743590976343,0,0,1,1,0,0,1,0,0,0,0,0,1,1,1.60743590976343,-0.461715395641907,-1.35169151954123
4035130,"Landomayzer",2025-10-20,"2025-10",0,1,0,0,2.99,2.99,0,"USD",18,5,13,0.277777777777778,4,"Mostly Negative",2026-09-13 06:33:17.846731,2026-09-13 20:13:56.540924,2026-09-13,2026-09-13,328,"Windows only","$0.01-$4.99",1.38379123090177,0,1,1,0,0,0,1,0,0,0,0,0,0,1,1.38379123090177,-0.766789128987195,-0.330703725625497
4035270,"Space Rock Breaker",2025-12-19,"2025-12",0,1,0,0,2.99,2.99,0,"USD",4621,4448,173,0.962562215970569,9,"Overwhelmingly Positive",2026-09-13 06:33:19.981668,2026-09-13 20:13:58.622365,2026-09-13,2026-09-13,268,"Windows only","$0.01-$4.99",1.38379123090177,0,0,1,0,0,0,0,0,0,0,0,0,0,1,1.38379123090177,-0.766789128987195,-1.48653896402067
4035390,"Alexia Zero",2025-10-11,"2025-10",0,1,0,0,2.99,2.99,0,"USD",1,1,0,1,0,"1 user reviews",2026-09-13 06:33:26.063147,2026-09-13 20:14:00.853665,2026-09-13,2026-09-13,337,"Windows only","$0.01-$4.99",1.38379123090177,1,0,0,0,0,0,1,0,0,0,0,0,0,1,1.38379123090177,-0.766789128987195,-0.157328439866222
4036810,"Monster Market Simulator Modavuj Multiplayer",2025-10-09,"2025-10",0,1,0,0,0.99,0.99,0,"USD",2,2,0,1,0,"2 user reviews",2026-09-13 06:33:47.598212,2026-09-13 20:14:03.086135,2026-09-13,2026-09-13,339,"Windows only","$0.01-$4.99",0.688134638736401,0,1,1,0,0,0,1,0,0,0,1,0,1,1,0.688134638736401,-1.71573437006504,-0.118800598586383
4037070,"Jumping Eras",2025-12-16,"2025-12",0,1,0,0,1.99,1.99,0,"USD",2,2,0,1,0,"2 user reviews",2026-09-13 06:33:53.910978,2026-09-13 20:14:05.248279,2026-09-13,2026-09-13,271,"Windows only","$0.01-$4.99",1.0952733874026,0,0,1,0,0,0,1,0,0,0,0,0,0,1,1.0952733874026,-1.16035635402041,-1.42874720210091
4037590,"Rocks In Space",2025-10-13,"2025-10",0,1,1,0,0.99,0.99,0,"USD",3,1,2,0.333333333333333,0,"3 user reviews",2026-09-13 06:34:04.511469,2026-09-13 20:14:07.300769,2026-09-13,2026-09-13,335,"Windows + macOS","$0.01-$4.99",0.688134638736401,1,0,0,0,0,0,1,0,0,0,0,0,0,1,0.688134638736401,-1.71573437006504,-0.195856281146061
4037650,"Unknown Fluffy Object",2025-10-03,"2025-10",1,1,0,0,,,,,0,0,0,,0,"No user reviews",2026-09-13 06:34:06.533648,2026-09-13 20:14:09.339155,2026-09-13,2026-09-13,345,"Windows only","Free",,0,0,1,0,1,0,0,0,0,0,0,0,0,0,,0,-0.00321707474686604
4037960,"hilda",2025-11-27,"2025-11",0,1,1,1,1.99,1.99,0,"USD",5,5,0,1,0,"5 user reviews",2026-09-13 06:34:10.831066,2026-09-13 20:14:11.393645,2026-09-13,2026-09-13,290,"Windows + macOS + Linux","$0.01-$4.99",1.0952733874026,0,0,1,0,0,0,1,0,0,0,1,0,0,1,1.0952733874026,-1.16035635402041,-1.06273270994244
4038000,"Don’t Make Her Open Her Eyes!",2025-10-08,"2025-10",0,1,1,1,2.99,2.99,0,"USD",5,2,3,0.4,0,"5 user reviews",2026-09-13 06:34:12.832281,2026-09-13 20:14:13.64389,2026-09-13,2026-09-13,340,"Windows + macOS + Linux","$0.01-$4.99",1.38379123090177,0,0,0,0,0,0,1,0,0,0,0,0,0,1,1.38379123090177,-0.766789128987195,-0.0995366779464635
4038570,"Shopping Cart Pusher",2025-10-10,"2025-10",0,1,1,0,2.99,2.99,0,"USD",2,2,0,1,0,"2 user reviews",2026-09-13 06:34:21.430871,2026-09-13 20:14:15.747522,2026-09-13,2026-09-13,338,"Windows + macOS","$0.01-$4.99",1.38379123090177,0,0,1,1,0,0,1,0,0,0,1,0,0,1,1.38379123090177,-0.766789128987195,-0.138064519226302
4038680,"ARTDINK GAME LOG: Tail of the Sun",2025-12-15,"2025-12",0,1,0,0,19.99,19.99,0,"USD",14,14,0,1,7,"Positive",2026-09-13 06:34:25.650622,2026-09-13 20:14:17.907785,2026-09-13,2026-09-13,272,"Windows only","$10.00-$19.99",3.04404613383254,1,0,0,0,0,0,0,0,0,0,0,0,0,1,3.04404613383254,1.49796478387127,-1.40948328146099
4038910,"A Home Is Safe",2025-10-28,"2025-10",0,1,1,0,7.99,7.99,0,"USD",5,4,1,0.8,0,"5 user reviews",2026-09-13 06:34:34.225354,2026-09-13 20:14:19.931768,2026-09-13,2026-09-13,320,"Windows + macOS","$5.00-$9.99",2.19611284848353,1,0,0,0,0,0,1,0,0,0,0,0,0,1,2.19611284848353,0.341298887298887,-0.484815090744853
4038990,"Crusaders Quest : Mini",2025-11-19,"2025-11",1,1,0,0,,,,,0,0,0,,0,"No user reviews",2026-09-13 06:34:36.272748,2026-09-13 20:14:21.974581,2026-09-13,2026-09-13,298,"Windows only","Free",,0,0,1,0,1,0,1,0,1,0,1,0,0,0,,0,-0.908621344823082
4039100,"Table Battle Simulator: Prologue",2025-10-27,"2025-10",1,1,0,0,,,,,0,0,0,,0,"No user reviews",2026-09-13 06:34:38.485378,2026-09-13 20:14:23.983892,2026-09-13,2026-09-13,321,"Windows only","Free",,0,0,1,0,1,0,1,0,0,0,1,0,1,0,,0,-0.465551170104934
4039420,"Galaxy Card Game",2025-10-17,"2025-10",1,1,0,0,,,,,0,0,0,,0,"No user reviews",2026-09-13 06:34:46.944475,2026-09-13 20:14:26.175646,2026-09-13,2026-09-13,331,"Windows only","Free",,0,0,0,1,1,0,1,0,0,0,0,0,1,0,,0,-0.272911963705739
4039490,"The Versailles Village",2025-10-12,"2025-10",0,1,1,1,9.99,9.99,0,"USD",0,0,0,,0,"No user reviews",2026-09-13 06:34:51.09617,2026-09-13 20:14:28.288374,2026-09-13,2026-09-13,336,"Windows + macOS + Linux","$5.00-$9.99",2.39698576841553,1,1,1,0,0,0,1,0,0,0,0,0,0,0,2.39698576841553,0.615309661548216,-0.176592360506141
4039840,"Workhorse Desktop",2025-10-31,"2025-10",0,1,0,0,2.99,2.99,0,"USD",16,15,1,0.9375,7,"Positive",2026-09-13 06:34:53.277251,2026-09-13 20:14:30.380912,2026-09-13,2026-09-13,317,"Windows only","$0.01-$4.99",1.38379123090177,0,0,1,0,0,0,0,0,0,0,0,0,0,1,1.38379123090177,-0.766789128987195,-0.542606852664612
4040220,"Mad Stacks",2025-10-09,"2025-10",0,1,0,0,2.5,2.5,0,"USD",1,1,0,1,0,"1 user reviews",2026-09-13 06:35:01.979438,2026-09-13 20:14:32.621973,2026-09-13,2026-09-13,339,"Windows only","$0.01-$4.99",1.25276296849537,0,0,0,0,0,0,0,0,0,0,0,0,1,1,1.25276296849537,-0.94552479750178,-0.118800598586383
4040240,"Gocha Sura Dash: Countdown Puzzle",2025-10-10,"2025-10",0,1,0,0,3.99,3.99,0,"USD",0,0,0,,0,"No user reviews",2026-09-13 06:35:04.030753,2026-09-13 20:14:34.665424,2026-09-13,2026-09-13,338,"Windows only","$0.01-$4.99",1.60743590976343,1,0,1,0,0,0,1,0,0,0,0,0,0,0,1.60743590976343,-0.461715395641907,-0.138064519226302
4041280,"For Humanity",2025-11-28,"2025-11",0,1,0,0,4.99,4.99,0,"USD",8,5,3,0.625,0,"8 user reviews",2026-09-13 06:35:27.656444,2026-09-13 20:14:36.925849,2026-09-13,2026-09-13,289,"Windows only","$0.01-$4.99",1.79009141212736,1,1,0,1,0,0,1,0,0,0,0,0,0,1,1.79009141212736,-0.212555002889199,-1.08199663058236
4041800,"Mystic Archipelago",2025-10-14,"2025-10",0,1,0,0,4.99,4.99,0,"USD",1,0,1,0,0,"1 user reviews",2026-09-13 06:35:38.067181,2026-09-13 20:14:38.996533,2026-09-13,2026-09-13,334,"Windows only","$0.01-$4.99",1.79009141212736,0,1,1,0,0,0,1,0,1,0,0,0,0,1,1.79009141212736,-0.212555002889199,-0.21512020178598
4041870,"BANE-FALL",2025-10-24,"2025-10",0,1,0,0,4.99,4.99,0,"USD",4,3,1,0.75,0,"4 user reviews",2026-09-13 06:35:40.081446,2026-09-13 20:14:41.019269,2026-09-13,2026-09-13,324,"Windows only","$0.01-$4.99",1.79009141212736,1,0,0,0,0,0,1,0,0,0,0,0,0,1,1.79009141212736,-0.212555002889199,-0.407759408185175
4041900,"Haze",2025-10-09,"2025-10",1,1,0,0,,,,,0,0,0,,0,"No user reviews",2026-09-13 06:35:44.213958,2026-09-13 20:14:43.183418,2026-09-13,2026-09-13,339,"Windows only","Free",,0,1,1,0,1,0,1,0,0,0,0,0,1,0,,0,-0.118800598586383
4042100,"Boomerang Survivor Collection",2025-11-26,"2025-11",0,1,0,0,3.99,3.99,0,"USD",1,1,0,1,0,"1 user reviews",2026-09-13 06:35:50.426124,2026-09-13 20:14:45.269993,2026-09-13,2026-09-13,291,"Windows only","$0.01-$4.99",1.60743590976343,1,0,1,0,0,0,0,0,0,0,0,0,0,1,1.60743590976343,-0.461715395641907,-1.04346878930252
4042190,"Lola Maria",2025-10-11,"2025-10",0,1,0,0,5.99,5.99,0,"USD",15,11,4,0.733333333333333,6,"Mostly Positive",2026-09-13 06:35:52.574165,2026-09-13 20:14:47.358452,2026-09-13,2026-09-13,337,"Windows only","$5.00-$9.99",1.94448055624572,1,1,0,0,0,0,1,0,0,0,0,0,0,1,1.94448055624572,-0.00195275282042951,-0.157328439866222
4042220,"Assassin of Monsters",2025-10-05,"2025-10",0,1,0,0,3.99,3.99,0,"USD",14,11,3,0.785714285714286,6,"Mostly Positive",2026-09-13 06:35:54.645559,2026-09-13 20:14:49.473376,2026-09-13,2026-09-13,343,"Windows only","$0.01-$4.99",1.60743590976343,1,1,0,0,0,0,1,0,0,0,0,0,0,1,1.60743590976343,-0.461715395641907,-0.041744916026705
4043270,"EmberStride",2025-10-10,"2025-10",0,1,0,0,29.99,1.49,95,"USD",12,11,1,0.916666666666667,7,"Positive",2026-09-13 06:36:17.871201,2026-09-13 20:14:51.562643,2026-09-13,2026-09-13,338,"Windows only","$0.01-$4.99",0.912282710476616,1,1,1,0,0,0,0,0,0,0,1,1,1,1,0.912282710476616,-1.40997395843353,-0.138064519226302
4043620,"Romb",2025-11-03,"2025-11",0,1,0,0,1.99,1.99,0,"USD",4,4,0,1,0,"4 user reviews",2026-09-13 06:36:24.151506,2026-09-13 20:14:53.709195,2026-09-13,2026-09-13,314,"Windows only","$0.01-$4.99",1.0952733874026,0,1,1,0,0,0,1,0,0,0,0,0,0,1,1.0952733874026,-1.16035635402041,-0.60039861458437
4043890,"Monroe Murders",2025-12-22,"2025-12",0,1,0,0,5.99,5.99,0,"USD",2,2,0,1,0,"2 user reviews",2026-09-13 06:36:28.466655,2026-09-13 20:14:55.837729,2026-09-13,2026-09-13,265,"Windows only","$5.00-$9.99",1.94448055624572,0,0,0,0,0,0,1,0,1,0,0,0,1,1,1.94448055624572,-0.00195275282042951,-1.54433072594043
4045140,"Slug Survival",2025-12-16,"2025-12",1,1,1,0,,,,,0,0,0,,0,"No user reviews",2026-09-13 06:36:43.208818,2026-09-13 20:14:58.019599,2026-09-13,2026-09-13,271,"Windows + macOS","Free",,1,0,1,0,1,0,1,0,0,0,0,0,0,0,,0,-1.42874720210091
4045150,"FEEDING YUYUKO",2025-10-14,"2025-10",0,1,0,0,0.99,0.99,0,"USD",48,46,2,0.958333333333333,7,"Positive",2026-09-13 06:36:45.311543,2026-09-13 20:15:00.032265,2026-09-13,2026-09-13,334,"Windows only","$0.01-$4.99",0.688134638736401,0,0,1,0,0,0,1,0,1,0,0,0,0,1,0.688134638736401,-1.71573437006504,-0.21512020178598
4045300,"The Trolling Adventure",2025-12-18,"2025-12",0,1,0,0,1.99,1.99,0,"USD",3,2,1,0.666666666666667,0,"3 user reviews",2026-09-13 06:36:47.433178,2026-09-13 20:15:02.105878,2026-09-13,2026-09-13,269,"Windows only","$0.01-$4.99",1.0952733874026,0,1,1,0,0,0,0,0,0,0,0,0,0,1,1.0952733874026,-1.16035635402041,-1.46727504338075
4045890,"Caveman Caravan",2025-10-06,"2025-10",1,1,1,1,,,,,16,15,1,0.9375,7,"Positive",2026-09-13 06:36:56.045181,2026-09-13 20:15:04.193442,2026-09-13,2026-09-13,342,"Windows + macOS + Linux","Free",,0,0,0,0,1,0,1,0,0,0,0,0,1,1,,0,-0.0610088366666245
4045970,"Farm Simulator",2025-10-13,"2025-10",0,1,1,1,3,3,0,"USD",4,4,0,1,0,"4 user reviews",2026-09-13 06:36:58.287809,2026-09-13 20:15:06.355384,2026-09-13,2026-09-13,335,"Windows + macOS + Linux","$0.01-$4.99",1.38629436111989,0,0,1,0,0,0,1,0,0,0,1,0,0,1,1.38629436111989,-0.76337460875547,-0.195856281146061
4047260,"Gamma Burst",2025-11-12,"2025-11",0,1,0,0,4.99,4.99,0,"USD",1,1,0,1,0,"1 user reviews",2026-09-13 06:37:13.207763,2026-09-13 20:15:08.441192,2026-09-13,2026-09-13,305,"Windows only","$0.01-$4.99",1.79009141212736,1,0,0,1,0,0,0,0,0,0,0,0,0,1,1.79009141212736,-0.212555002889199,-0.773773900343646
4047290,"机械傀儡(DollMachine)",2025-10-10,"2025-10",0,1,0,0,0.99,0.99,0,"USD",2,2,0,1,0,"2 user reviews",2026-09-13 06:37:15.329825,2026-09-13 20:15:10.459261,2026-09-13,2026-09-13,338,"Windows only","$0.01-$4.99",0.688134638736401,1,0,0,0,0,0,1,0,0,0,0,0,0,1,0.688134638736401,-1.71573437006504,-0.138064519226302
4047760,"Eggshit",2025-12-18,"2025-12",1,1,0,0,,,,,0,0,0,,0,"No user reviews",2026-09-13 06:37:25.81674,2026-09-13 20:15:12.559892,2026-09-13,2026-09-13,269,"Windows only","Free",,0,0,0,0,1,0,0,0,0,0,0,0,0,0,,0,-1.46727504338075
4047950,"WAR!",2025-11-05,"2025-11",0,1,0,0,4.99,4.99,0,"USD",0,0,0,,0,"No user reviews",2026-09-13 06:37:32.264525,2026-09-13 20:15:14.755867,2026-09-13,2026-09-13,312,"Windows only","$0.01-$4.99",1.79009141212736,1,0,0,1,0,0,1,0,0,0,0,0,0,0,1.79009141212736,-0.212555002889199,-0.638926455864209
4048080,"Normis Simulator",2025-10-22,"2025-10",0,1,0,0,0.99,0.99,0,"USD",64,58,6,0.90625,8,"Very Positive",2026-09-13 06:37:36.402846,2026-09-13 20:15:16.844772,2026-09-13,2026-09-13,326,"Windows only","$0.01-$4.99",0.688134638736401,1,1,1,0,0,0,1,0,1,0,1,0,0,1,0.688134638736401,-1.71573437006504,-0.369231566905336
4048550,"Zombie Diner Simulator <U+0001F969> <U+0001F480>",2025-12-13,"2025-12",0,1,0,0,14.99,14.99,0,"USD",67,48,19,0.716417910447761,6,"Mostly Positive",2026-09-13 06:37:42.684533,2026-09-13 20:15:19.004103,2026-09-13,2026-09-13,274,"Windows only","$10.00-$19.99",2.77196352684586,1,1,0,0,0,0,0,0,0,0,1,0,0,1,2.77196352684586,1.12681686694233,-1.37095544018115
4048960,"Mysteerie",2025-11-27,"2025-11",0,1,0,0,5.99,5.99,0,"USD",2,2,0,1,0,"2 user reviews",2026-09-13 06:37:51.312195,2026-09-13 20:15:21.134982,2026-09-13,2026-09-13,290,"Windows only","$5.00-$9.99",1.94448055624572,0,0,0,0,0,0,0,0,1,0,0,0,0,1,1.94448055624572,-0.00195275282042951,-1.06273270994244
4049140,"The House She Haunts",2025-10-12,"2025-10",0,1,0,0,1.5,1.5,0,"USD",0,0,0,,0,"No user reviews",2026-09-13 06:37:53.355067,2026-09-13 20:15:23.341944,2026-09-13,2026-09-13,336,"Windows only","$0.01-$4.99",0.916290731874155,1,1,0,0,0,0,1,0,0,0,0,0,0,0,0.916290731874155,-1.40450661596289,-0.176592360506141
4049240,"A Haunting Novel: Burton Hotel Collector's Edition",2025-09-30,"2025-09",0,1,1,0,19.99,19.99,0,"USD",0,0,0,,0,"No user reviews",2026-09-13 06:37:55.489371,2026-09-13 20:15:25.517257,2026-09-13,2026-09-13,348,"Windows + macOS","$10.00-$19.99",3.04404613383254,0,1,1,0,0,0,0,0,0,0,0,0,0,0,3.04404613383254,1.49796478387127,0.0545746871728924
4049780,"RFX Enduro: 8th Day",2025-11-18,"2025-11",0,1,0,0,4.99,4.99,0,"USD",1,1,0,1,0,"1 user reviews",2026-09-13 06:38:08.397665,2026-09-13 20:15:27.56955,2026-09-13,2026-09-13,299,"Windows only","$0.01-$4.99",1.79009141212736,1,0,1,0,0,0,1,0,0,1,0,0,0,1,1.79009141212736,-0.212555002889199,-0.889357424183163
4050190,"Speed Tactic Ninja",2025-12-01,"2025-12",0,1,0,1,4.99,4.99,0,"USD",0,0,0,,0,"No user reviews",2026-09-13 06:38:12.640072,2026-09-13 20:15:29.798348,2026-09-13,2026-09-13,286,"Windows + Linux","$0.01-$4.99",1.79009141212736,1,0,0,0,0,0,1,0,0,0,0,0,1,0,1.79009141212736,-0.212555002889199,-1.13978839250212
4050330,"Project Monster",2025-11-05,"2025-11",1,1,0,0,,,,,0,0,0,,0,"No user reviews",2026-09-13 06:38:16.765784,2026-09-13 20:15:32.008937,2026-09-13,2026-09-13,312,"Windows only","Free",,0,0,0,0,1,0,0,0,0,0,0,0,1,0,,0,-0.638926455864209
4050410,"Laser Hell",2025-10-23,"2025-10",0,1,0,0,0.99,0.99,0,"USD",1,1,0,1,0,"1 user reviews",2026-09-13 06:38:18.960223,2026-09-13 20:15:34.160475,2026-09-13,2026-09-13,325,"Windows only","$0.01-$4.99",0.688134638736401,1,0,0,0,0,0,1,0,0,0,0,0,0,1,0.688134638736401,-1.71573437006504,-0.388495487545256
4050600,"Darkzan Adventure",2025-10-30,"2025-10",1,1,0,0,,,,,0,0,0,,0,"No user reviews",2026-09-13 06:38:23.141943,2026-09-13 20:15:36.230654,2026-09-13,2026-09-13,318,"Windows only","Free",,1,1,1,0,1,0,1,0,1,0,0,0,0,0,,0,-0.523342932024692
4050690,"GRIBOUILLE",2025-12-01,"2025-12",0,1,0,0,9.99,9.99,0,"USD",1,1,0,1,0,"1 user reviews",2026-09-13 06:38:29.51336,2026-09-13 20:15:38.430373,2026-09-13,2026-09-13,286,"Windows only","$5.00-$9.99",2.39698576841553,0,1,0,0,0,0,1,0,0,0,0,0,0,1,2.39698576841553,0.615309661548216,-1.13978839250212
4050900,"DVK",2025-11-05,"2025-11",0,1,0,0,2.99,2.99,0,"USD",2,2,0,1,0,"2 user reviews",2026-09-13 06:38:33.753514,2026-09-13 20:15:40.488961,2026-09-13,2026-09-13,312,"Windows only","$0.01-$4.99",1.38379123090177,0,0,1,0,0,0,0,0,0,0,0,0,0,1,1.38379123090177,-0.766789128987195,-0.638926455864209
4050920,"Moonlight Chess",2025-11-13,"2025-11",0,1,0,0,7.99,7.99,0,"USD",35,27,8,0.771428571428571,6,"Mostly Positive",2026-09-13 06:38:35.988538,2026-09-13 20:15:42.529711,2026-09-13,2026-09-13,304,"Windows only","$5.00-$9.99",2.19611284848353,0,1,0,0,0,0,1,0,0,0,0,0,1,1,2.19611284848353,0.341298887298887,-0.793037820983565
4051050,"Genesis",2025-10-12,"2025-10",1,1,0,0,,,,,0,0,0,,0,"No user reviews",2026-09-13 06:38:42.173268,2026-09-13 20:15:44.570128,2026-09-13,2026-09-13,336,"Windows only","Free",,1,0,0,0,1,0,0,0,0,0,0,0,0,0,,0,-0.176592360506141
4051060,"Shattered Delirium",2025-10-22,"2025-10",0,1,0,0,1.99,1.99,0,"USD",1,1,0,1,0,"1 user reviews",2026-09-13 06:38:44.253351,2026-09-13 20:15:46.626596,2026-09-13,2026-09-13,326,"Windows only","$0.01-$4.99",1.0952733874026,1,0,0,1,0,0,0,0,0,0,0,0,0,1,1.0952733874026,-1.16035635402041,-0.369231566905336
4051880,"Penalty Shooters 2",2025-10-20,"2025-10",0,1,0,0,2.99,2.99,0,"USD",1,1,0,1,0,"1 user reviews",2026-09-13 06:38:57.015991,2026-09-13 20:15:48.807458,2026-09-13,2026-09-13,328,"Windows only","$0.01-$4.99",1.38379123090177,0,0,0,0,0,0,0,0,0,0,0,1,0,1,1.38379123090177,-0.766789128987195,-0.330703725625497
4052020,"Trigwa",2025-11-28,"2025-11",0,1,0,0,3.99,3.99,0,"USD",3,3,0,1,0,"3 user reviews",2026-09-13 06:39:03.45047,2026-09-13 20:15:51.029464,2026-09-13,2026-09-13,289,"Windows only","$0.01-$4.99",1.60743590976343,0,1,0,0,0,0,1,0,0,0,0,0,0,1,1.60743590976343,-0.461715395641907,-1.08199663058236
4052630,"Boss Battle Arena",2025-10-13,"2025-10",0,1,0,0,0.99,0.99,0,"USD",4,4,0,1,0,"4 user reviews",2026-09-13 06:39:16.228519,2026-09-13 20:15:53.042614,2026-09-13,2026-09-13,335,"Windows only","$0.01-$4.99",0.688134638736401,1,0,1,1,0,0,1,0,0,0,0,0,0,1,0.688134638736401,-1.71573437006504,-0.195856281146061
4052780,"The Invasive Plant",2025-10-10,"2025-10",0,1,0,0,0.99,0.99,0,"USD",4,3,1,0.75,0,"4 user reviews",2026-09-13 06:39:18.434359,2026-09-13 20:15:55.300438,2026-09-13,2026-09-13,338,"Windows only","$0.01-$4.99",0.688134638736401,1,1,1,0,0,0,1,0,0,0,0,0,0,1,0.688134638736401,-1.71573437006504,-0.138064519226302
4053140,"Catgirl Gemfall",2025-12-09,"2025-12",0,1,0,0,4.99,4.99,0,"USD",3,1,2,0.333333333333333,0,"3 user reviews",2026-09-13 06:39:26.873921,2026-09-13 20:15:57.541899,2026-09-13,2026-09-13,278,"Windows only","$0.01-$4.99",1.79009141212736,0,0,1,1,0,0,1,0,0,0,0,0,0,1,1.79009141212736,-0.212555002889199,-1.29389975762147
4053490,"SQUARE PILL ESCAPE !!",2025-12-03,"2025-12",0,1,0,0,8.99,8.99,0,"USD",1,1,0,1,0,"1 user reviews",2026-09-13 06:39:37.345471,2026-09-13 20:15:59.810366,2026-09-13,2026-09-13,284,"Windows only","$5.00-$9.99",2.30158459266046,1,1,0,0,0,0,1,0,0,0,0,0,0,1,2.30158459266046,0.485172906221557,-1.17831623378195
4054110,"DarkOrbit Reloaded",2025-12-03,"2025-12",1,1,0,0,,,,,0,0,0,,0,"No user reviews",2026-09-13 06:39:43.821387,2026-09-13 20:16:01.864052,2026-09-13,2026-09-13,284,"Windows only","Free",,1,1,0,0,1,0,0,1,1,0,0,0,0,0,,0,-1.17831623378195
4055130,"Have You Seen This Man?",2025-11-16,"2025-11",0,1,0,0,2.99,2.99,0,"USD",4,1,3,0.25,0,"4 user reviews",2026-09-13 06:40:09.387161,2026-09-13 20:16:03.98985,2026-09-13,2026-09-13,301,"Windows only","$0.01-$4.99",1.38379123090177,1,1,1,0,0,0,1,0,0,0,0,0,0,1,1.38379123090177,-0.766789128987195,-0.850829582903324
4055490,"Ressolve Steps",2025-10-29,"2025-10",1,1,0,0,,,,,0,0,0,,0,"No user reviews",2026-09-13 06:40:13.459465,2026-09-13 20:16:06.053775,2026-09-13,2026-09-13,319,"Windows only","Free",,1,0,1,0,1,0,1,0,0,0,0,0,1,0,,0,-0.504079011384773
4055860,"RATMOUSE",2025-10-14,"2025-10",1,1,0,0,,,,,0,0,0,,0,"No user reviews",2026-09-13 06:40:24.307796,2026-09-13 20:16:08.242607,2026-09-13,2026-09-13,334,"Windows only","Free",,1,0,0,0,1,0,1,0,0,0,1,0,0,0,,0,-0.21512020178598
4055950,"Curved World",2025-11-24,"2025-11",0,1,0,0,3.99,3.99,0,"USD",2,2,0,1,0,"2 user reviews",2026-09-13 06:40:30.902465,2026-09-13 20:16:10.29158,2026-09-13,2026-09-13,293,"Windows only","$0.01-$4.99",1.60743590976343,0,1,0,0,0,0,1,0,0,0,0,0,0,1,1.60743590976343,-0.461715395641907,-1.00494094802268
4055970,"Shadow Of Winter",2025-11-02,"2025-11",1,1,0,0,,,,,0,0,0,,0,"No user reviews",2026-09-13 06:40:33.128277,2026-09-13 20:16:12.522302,2026-09-13,2026-09-13,315,"Windows only","Free",,0,1,0,0,1,0,1,0,0,0,0,0,0,0,,0,-0.581134693944451
4055990,"Graviton Flux",2025-10-19,"2025-10",0,1,0,0,4.99,4.99,0,"USD",0,0,0,,0,"No user reviews",2026-09-13 06:40:35.24888,2026-09-13 20:16:14.654478,2026-09-13,2026-09-13,329,"Windows only","$0.01-$4.99",1.79009141212736,1,0,1,0,0,0,1,0,0,0,0,0,0,0,1.79009141212736,-0.212555002889199,-0.311439804985578
4056230,"Cosmic Cargo",2025-10-10,"2025-10",1,1,0,0,,,,,0,0,0,,0,"No user reviews",2026-09-13 06:40:41.575776,2026-09-13 20:16:16.869656,2026-09-13,2026-09-13,338,"Windows only","Free",,1,1,0,0,1,0,0,0,0,0,0,0,0,0,,0,-0.138064519226302
4056350,"Serene Night Dreamlight",2025-12-13,"2025-12",1,1,1,1,,,,,0,0,0,,0,"No user reviews",2026-09-13 06:40:43.674264,2026-09-13 20:16:18.902707,2026-09-13,2026-09-13,274,"Windows + macOS + Linux","Free",,0,0,1,0,1,0,0,0,1,0,0,0,0,0,,0,-1.37095544018115
4056470,"Rhythm Ball",2025-12-01,"2025-12",0,1,0,0,1.99,1.99,0,"USD",0,0,0,,0,"No user reviews",2026-09-13 06:40:47.868752,2026-09-13 20:16:21.110725,2026-09-13,2026-09-13,286,"Windows only","$0.01-$4.99",1.0952733874026,0,0,1,0,0,0,1,0,0,0,0,0,0,0,1.0952733874026,-1.16035635402041,-1.13978839250212
4056480,"<U+200B>Survivor: Gunfire",2025-10-23,"2025-10",0,1,0,0,2.99,2.99,0,"USD",16,16,0,1,7,"Positive",2026-09-13 06:40:49.937924,2026-09-13 20:16:23.36145,2026-09-13,2026-09-13,325,"Windows only","$0.01-$4.99",1.38379123090177,1,0,1,0,0,0,1,0,0,0,0,0,0,1,1.38379123090177,-0.766789128987195,-0.388495487545256
4056560,"Arthur's 1st Grade",2025-10-24,"2025-10",0,1,0,0,9.99,9.99,0,"USD",0,0,0,,0,"No user reviews",2026-09-13 06:40:52.163338,2026-09-13 20:16:25.503291,2026-09-13,2026-09-13,324,"Windows only","$5.00-$9.99",2.39698576841553,0,0,1,0,0,0,0,0,0,0,0,0,0,0,2.39698576841553,0.615309661548216,-0.407759408185175
4056580,"Arthur's Kindergarten",2025-10-24,"2025-10",0,1,0,0,9.99,9.99,0,"USD",1,1,0,1,0,"1 user reviews",2026-09-13 06:40:56.286978,2026-09-13 20:16:27.579793,2026-09-13,2026-09-13,324,"Windows only","$5.00-$9.99",2.39698576841553,0,0,1,0,0,0,0,0,0,0,0,0,0,1,2.39698576841553,0.615309661548216,-0.407759408185175
4056630,"Harry and the Haunted House",2025-12-26,"2025-12",0,1,1,1,9.99,9.99,0,"USD",1,1,0,1,0,"1 user reviews",2026-09-13 06:41:04.650139,2026-09-13 20:16:29.730645,2026-09-13,2026-09-13,261,"Windows + macOS + Linux","$5.00-$9.99",2.39698576841553,0,0,1,0,0,0,0,0,0,0,0,0,0,1,2.39698576841553,0.615309661548216,-1.6213864085001
4056910,"Parnitha: Patient 66",2025-12-05,"2025-12",0,1,0,0,5.99,5.99,0,"USD",22,18,4,0.818181818181818,7,"Positive",2026-09-13 06:41:15.021165,2026-09-13 20:16:31.93125,2026-09-13,2026-09-13,282,"Windows only","$5.00-$9.99",1.94448055624572,0,1,0,0,0,0,1,0,0,0,1,0,0,1,1.94448055624572,-0.00195275282042951,-1.21684407506179
4056960,"Drone Feeder",2025-11-10,"2025-11",0,1,0,1,2.99,2.99,0,"USD",1,1,0,1,0,"1 user reviews",2026-09-13 06:41:19.112919,2026-09-13 20:16:34.165923,2026-09-13,2026-09-13,307,"Windows + Linux","$0.01-$4.99",1.38379123090177,0,0,1,0,0,0,1,0,0,0,0,0,0,1,1.38379123090177,-0.766789128987195,-0.735246059063807
4057000,"遥豊のサレテ",2025-11-25,"2025-11",0,1,0,0,4.99,4.99,0,"USD",0,0,0,,0,"No user reviews",2026-09-13 06:41:21.169489,2026-09-13 20:16:36.26418,2026-09-13,2026-09-13,292,"Windows only","$0.01-$4.99",1.79009141212736,1,0,0,0,0,0,1,0,1,0,0,0,0,0,1.79009141212736,-0.212555002889199,-1.0242048686626
4059360,"The Salesman",2025-11-13,"2025-11",0,1,1,1,4.99,4.99,0,"USD",713,584,129,0.819074333800841,8,"Very Positive",2026-09-13 06:41:39.962634,2026-09-13 20:16:38.505951,2026-09-13,2026-09-13,304,"Windows + macOS + Linux","$0.01-$4.99",1.79009141212736,0,1,0,0,0,0,1,0,0,0,1,0,0,1,1.79009141212736,-0.212555002889199,-0.793037820983565
4059600,"Coffee Fox: Kim Sam-wol",2025-12-22,"2025-12",0,1,0,0,16.99,16.99,0,"USD",1,1,0,1,0,"1 user reviews",2026-09-13 06:41:44.16438,2026-09-13 20:16:40.721012,2026-09-13,2026-09-13,265,"Windows only","$10.00-$19.99",2.88981604796244,0,1,1,0,0,0,1,0,0,0,1,0,0,1,2.88981604796244,1.28757950517809,-1.54433072594043
4062210,"Do It Together",2025-11-14,"2025-11",0,1,0,0,7.99,7.99,0,"USD",2,1,1,0.5,0,"2 user reviews",2026-09-13 06:42:18.155273,2026-09-13 20:16:42.961514,2026-09-13,2026-09-13,303,"Windows only","$5.00-$9.99",2.19611284848353,0,0,0,0,0,0,0,0,0,0,1,0,0,1,2.19611284848353,0.341298887298887,-0.812301741623485
4062770,"SUBJECT 33",2025-11-29,"2025-11",0,1,0,0,1.99,1.99,0,"USD",4,2,2,0.5,0,"4 user reviews",2026-09-13 06:42:22.521197,2026-09-13 20:16:45.118023,2026-09-13,2026-09-13,288,"Windows only","$0.01-$4.99",1.0952733874026,1,1,0,0,0,0,1,0,0,0,0,0,0,1,1.0952733874026,-1.16035635402041,-1.10126055122228
4062800,"PORTERS",2025-12-21,"2025-12",0,1,0,0,1.99,1.99,0,"USD",1,1,0,1,0,"1 user reviews",2026-09-13 06:42:26.617746,2026-09-13 20:16:47.267938,2026-09-13,2026-09-13,266,"Windows only","$0.01-$4.99",1.0952733874026,0,1,1,0,0,0,1,0,0,0,1,0,0,1,1.0952733874026,-1.16035635402041,-1.52506680530051
4065010,"Forget Her",2025-10-16,"2025-10",0,1,0,0,7.99,7.99,0,"USD",5,0,5,0,0,"5 user reviews",2026-09-13 06:43:00.328913,2026-09-13 20:16:49.511531,2026-09-13,2026-09-13,332,"Windows only","$5.00-$9.99",2.19611284848353,0,0,0,0,0,0,1,0,0,0,1,0,0,1,2.19611284848353,0.341298887298887,-0.253648043065819
4067310,"Memory Matrix Pro",2025-11-13,"2025-11",0,1,0,0,3.49,3.49,0,"USD",1,1,0,1,0,"1 user reviews",2026-09-13 06:43:44.531506,2026-09-13 20:16:51.766853,2026-09-13,2026-09-13,304,"Windows only","$0.01-$4.99",1.50185270175416,0,0,1,0,0,0,0,0,0,0,0,0,0,1,1.50185270175416,-0.605741462391672,-0.793037820983565
4067390,"LuminousStoria",2025-10-14,"2025-10",0,1,0,0,13.99,13.99,0,"USD",6,2,4,0.333333333333333,0,"6 user reviews",2026-09-13 06:43:48.794112,2026-09-13 20:16:53.897017,2026-09-13,2026-09-13,334,"Windows only","$10.00-$19.99",2.70738331211451,1,0,0,0,0,0,0,0,0,0,0,0,0,1,2.70738331211451,1.03872298825665,-0.21512020178598
4067490,"SpinGrid: Core Block Puzzle",2025-11-06,"2025-11",0,1,0,0,1.99,1.99,0,"USD",2,2,0,1,0,"2 user reviews",2026-09-13 06:43:55.183016,2026-09-13 20:16:56.148666,2026-09-13,2026-09-13,311,"Windows only","$0.01-$4.99",1.0952733874026,0,0,1,0,0,0,1,0,0,0,0,0,0,1,1.0952733874026,-1.16035635402041,-0.658190376504129
4067540,"Vacubot",2025-10-15,"2025-10",1,1,0,0,,,,,0,0,0,,0,"No user reviews",2026-09-13 06:43:59.470636,2026-09-13 20:16:58.173942,2026-09-13,2026-09-13,333,"Windows only","Free",,1,0,0,0,1,0,1,0,0,0,0,0,0,0,,0,-0.2343841224259
4068510,"Detective Modo",2025-11-10,"2025-11",0,1,0,1,4.99,4.99,0,"USD",1,1,0,1,0,"1 user reviews",2026-09-13 06:44:08.105515,2026-09-13 20:17:00.258244,2026-09-13,2026-09-13,307,"Windows + Linux","$0.01-$4.99",1.79009141212736,0,1,0,1,0,0,1,0,0,0,0,0,0,1,1.79009141212736,-0.212555002889199,-0.735246059063807
4068630,"Pumpkin Patch Simulator",2025-10-22,"2025-10",0,1,1,0,4.99,4.99,0,"USD",1,0,1,0,0,"1 user reviews",2026-09-13 06:44:16.658085,2026-09-13 20:17:02.440747,2026-09-13,2026-09-13,326,"Windows + macOS","$0.01-$4.99",1.79009141212736,0,0,1,1,0,0,1,0,0,0,1,0,0,1,1.79009141212736,-0.212555002889199,-0.369231566905336
4068860,"Lost my Collection of Fish 2",2025-10-17,"2025-10",0,1,0,0,1.2,1.2,0,"USD",1,1,0,1,0,"1 user reviews",2026-09-13 06:44:22.861878,2026-09-13 20:17:04.626243,2026-09-13,2026-09-13,331,"Windows only","$0.01-$4.99",0.78845736036427,0,0,1,0,0,0,1,0,0,0,0,0,0,1,0.78845736036427,-1.5788841334211,-0.272911963705739
4069860,"There's No Differences: Santa",2025-12-11,"2025-12",0,1,1,1,3.99,3.99,0,"USD",18,18,0,1,7,"Positive",2026-09-13 06:44:37.809063,2026-09-13 20:17:06.729061,2026-09-13,2026-09-13,276,"Windows + macOS + Linux","$0.01-$4.99",1.60743590976343,0,0,1,0,0,0,1,0,0,0,0,0,0,1,1.60743590976343,-0.461715395641907,-1.33242759890131
4070160,"Project Dungeons",2025-11-13,"2025-11",0,1,0,0,4.99,4.99,0,"USD",0,0,0,,0,"No user reviews",2026-09-13 06:44:46.312905,2026-09-13 20:17:08.983943,2026-09-13,2026-09-13,304,"Windows only","$0.01-$4.99",1.79009141212736,1,0,0,0,0,0,1,0,0,0,0,0,0,0,1.79009141212736,-0.212555002889199,-0.793037820983565
4072280,"Avatars",2025-11-10,"2025-11",0,1,0,0,1.99,0.99,50,"USD",4,4,0,1,0,"4 user reviews",2026-09-13 06:45:22.385796,2026-09-13 20:17:11.147221,2026-09-13,2026-09-13,307,"Windows only","$0.01-$4.99",0.688134638736401,0,0,1,0,0,0,1,0,0,0,0,0,0,1,0.688134638736401,-1.71573437006504,-0.735246059063807
4072790,"Lily's Lil Barn Yard!",2025-11-04,"2025-11",0,1,0,0,3.99,3.99,0,"USD",29,29,0,1,7,"Positive",2026-09-13 06:45:35.257136,2026-09-13 20:17:13.226435,2026-09-13,2026-09-13,313,"Windows only","$0.01-$4.99",1.60743590976343,0,1,1,0,0,0,0,0,0,0,1,0,1,1,1.60743590976343,-0.461715395641907,-0.61966253522429
4073160,"Gilroy's Grove",2025-12-17,"2025-12",1,1,0,0,,,,,0,0,0,,0,"No user reviews",2026-09-13 06:45:39.428676,2026-09-13 20:17:15.239931,2026-09-13,2026-09-13,270,"Windows only","Free",,0,1,1,0,1,0,0,0,0,0,0,0,0,0,,0,-1.44801112274083
4073470,"Critterking",2025-10-31,"2025-10",0,1,0,0,4.99,4.99,0,"USD",2,2,0,1,0,"2 user reviews",2026-09-13 06:45:43.727805,2026-09-13 20:17:17.403254,2026-09-13,2026-09-13,317,"Windows only","$0.01-$4.99",1.79009141212736,0,0,0,0,0,0,0,0,0,0,0,0,1,1,1.79009141212736,-0.212555002889199,-0.542606852664612
4073530,"Incursion",2025-12-22,"2025-12",0,1,0,0,0.99,0.99,0,"USD",2,2,0,1,0,"2 user reviews",2026-09-13 06:45:45.927015,2026-09-13 20:17:19.565588,2026-09-13,2026-09-13,265,"Windows only","$0.01-$4.99",0.688134638736401,1,0,0,0,0,0,0,0,0,0,0,0,0,1,0.688134638736401,-1.71573437006504,-1.54433072594043
4074140,"深渊旅人",2025-11-07,"2025-11",1,1,0,0,,,,,0,0,0,,0,"No user reviews",2026-09-13 06:45:58.580639,2026-09-13 20:17:21.770787,2026-09-13,2026-09-13,310,"Windows only","Free",,0,1,0,0,1,0,0,0,1,0,0,0,0,0,,0,-0.677454297144048
4074220,"Back From Earth",2025-11-11,"2025-11",0,1,1,1,14.99,14.99,0,"USD",0,0,0,,0,"No user reviews",2026-09-13 06:46:00.801807,2026-09-13 20:17:23.804572,2026-09-13,2026-09-13,306,"Windows + macOS + Linux","$10.00-$19.99",2.77196352684586,0,1,0,0,0,0,1,0,0,0,0,0,0,0,2.77196352684586,1.12681686694233,-0.754509979703726
4075080,"The Roach Hotel",2025-10-17,"2025-10",1,1,0,0,,,,,0,0,0,,0,"No user reviews",2026-09-13 06:46:09.50512,2026-09-13 20:17:25.906425,2026-09-13,2026-09-13,331,"Windows only","Free",,1,1,0,0,1,0,1,0,0,0,0,0,1,0,,0,-0.272911963705739
4075370,"RainBullet",2025-10-23,"2025-10",0,1,0,0,2.99,2.99,0,"USD",0,0,0,,0,"No user reviews",2026-09-13 06:46:15.881369,2026-09-13 20:17:28.022706,2026-09-13,2026-09-13,325,"Windows only","$0.01-$4.99",1.38379123090177,1,0,1,0,0,0,1,0,0,0,0,0,1,0,1.38379123090177,-0.766789128987195,-0.388495487545256
4076360,"ThroneBreaker : Iron Crown",2025-11-03,"2025-11",0,1,0,0,2.99,2.99,0,"USD",2,1,1,0.5,0,"2 user reviews",2026-09-13 06:46:28.475257,2026-09-13 20:17:30.127384,2026-09-13,2026-09-13,314,"Windows only","$0.01-$4.99",1.38379123090177,0,0,0,0,0,0,1,0,1,0,0,0,0,1,1.38379123090177,-0.766789128987195,-0.60039861458437
4076470,"La Fille aux Pommes / The Apple Girl",2025-11-28,"2025-11",0,1,0,0,4.99,4.99,0,"USD",18,18,0,1,7,"Positive",2026-09-13 06:46:30.607169,2026-09-13 20:17:32.347884,2026-09-13,2026-09-13,289,"Windows only","$0.01-$4.99",1.79009141212736,0,0,0,0,0,0,1,0,0,0,0,0,0,1,1.79009141212736,-0.212555002889199,-1.08199663058236
4076810,"The Keyless: Beyond the Door",2025-11-10,"2025-11",0,1,0,0,2.99,2.99,0,"USD",1,1,0,1,0,"1 user reviews",2026-09-13 06:46:32.849033,2026-09-13 20:17:34.554141,2026-09-13,2026-09-13,307,"Windows only","$0.01-$4.99",1.38379123090177,1,1,0,0,0,0,1,0,0,0,0,0,0,1,1.38379123090177,-0.766789128987195,-0.735246059063807
4077020,"Split Racing",2025-11-17,"2025-11",1,1,0,0,,,,,0,0,0,,0,"No user reviews",2026-09-13 06:46:37.045962,2026-09-13 20:17:36.667894,2026-09-13,2026-09-13,300,"Windows only","Free",,1,0,0,0,1,0,1,0,0,1,0,0,0,0,,0,-0.870093503543243
4077070,"BLACKHAT espionage",2025-11-20,"2025-11",0,1,0,0,0.99,0.99,0,"USD",0,0,0,,0,"No user reviews",2026-09-13 06:46:39.083716,2026-09-13 20:17:38.709793,2026-09-13,2026-09-13,297,"Windows only","$0.01-$4.99",0.688134638736401,0,1,0,0,0,0,1,0,1,0,0,0,0,0,0.688134638736401,-1.71573437006504,-0.927885265463002
4078030,"EVERY MORNING MY ALARM CLOCK KILLS ME",2025-11-01,"2025-11",0,1,0,0,0.99,0.59,40,"USD",41,30,11,0.731707317073171,6,"Mostly Positive",2026-09-13 06:46:49.872755,2026-09-13 20:17:40.866537,2026-09-13,2026-09-13,316,"Windows only","$0.01-$4.99",0.46373401623214,0,1,1,0,0,0,1,0,1,0,1,0,0,1,0.46373401623214,-2.02183928622416,-0.561870773304531
4078150,"Nekotype Keyboard Cat Simulator",2025-12-11,"2025-12",0,1,0,0,3.99,3.99,0,"USD",42,42,0,1,7,"Positive",2026-09-13 06:46:51.916952,2026-09-13 20:17:42.998457,2026-09-13,2026-09-13,276,"Windows only","$0.01-$4.99",1.60743590976343,0,0,1,0,0,0,1,0,0,0,1,0,0,1,1.60743590976343,-0.461715395641907,-1.33242759890131
4079330,"Chamberlore",2025-12-07,"2025-12",0,1,0,0,5.99,5.99,0,"USD",2,1,1,0.5,0,"2 user reviews",2026-09-13 06:47:13.468547,2026-09-13 20:17:45.179185,2026-09-13,2026-09-13,280,"Windows only","$5.00-$9.99",1.94448055624572,1,1,1,0,0,0,1,0,0,0,0,0,0,1,1.94448055624572,-0.00195275282042951,-1.25537191634163
4080150,"Y.E.L.L.",2025-11-28,"2025-11",0,1,0,0,4.99,4.99,0,"USD",1,1,0,1,0,"1 user reviews",2026-09-13 06:47:23.936185,2026-09-13 20:17:47.361704,2026-09-13,2026-09-13,289,"Windows only","$0.01-$4.99",1.79009141212736,1,0,0,0,0,0,0,0,0,0,0,0,0,1,1.79009141212736,-0.212555002889199,-1.08199663058236
4080230,"GLOBAL CONTROL COUNTRIES",2025-11-04,"2025-11",0,1,0,0,14.99,14.99,0,"USD",1,0,1,0,0,"1 user reviews",2026-09-13 06:47:26.106452,2026-09-13 20:17:49.491429,2026-09-13,2026-09-13,313,"Windows only","$10.00-$19.99",2.77196352684586,0,0,0,0,0,0,1,0,0,0,1,0,1,1,2.77196352684586,1.12681686694233,-0.61966253522429
4081960,"Push and Plunder",2025-12-27,"2025-12",0,1,0,0,4.99,4.99,0,"USD",0,0,0,,0,"No user reviews",2026-09-13 06:47:49.357958,2026-09-13 20:17:51.584639,2026-09-13,2026-09-13,260,"Windows only","$0.01-$4.99",1.79009141212736,0,0,1,0,0,0,1,0,0,0,0,0,0,0,1.79009141212736,-0.212555002889199,-1.64065032914002
4083160,"SlayBall Brick Breaker",2025-12-18,"2025-12",0,1,0,0,3.99,3.99,0,"USD",0,0,0,,0,"No user reviews",2026-09-13 06:47:57.861985,2026-09-13 20:17:53.641432,2026-09-13,2026-09-13,269,"Windows only","$0.01-$4.99",1.60743590976343,0,0,1,0,0,0,1,0,0,0,0,0,0,0,1.60743590976343,-0.461715395641907,-1.46727504338075
4083540,"Cozy Cat",2025-10-29,"2025-10",0,1,0,0,0.99,0.99,0,"USD",1,1,0,1,0,"1 user reviews",2026-09-13 06:48:06.584808,2026-09-13 20:17:55.864081,2026-09-13,2026-09-13,319,"Windows only","$0.01-$4.99",0.688134638736401,0,0,1,1,0,0,1,0,0,0,1,0,0,1,0.688134638736401,-1.71573437006504,-0.504079011384773
4084320,"Overblooming",2025-11-14,"2025-11",0,1,0,0,4.99,4.99,0,"USD",0,0,0,,0,"No user reviews",2026-09-13 06:48:19.465977,2026-09-13 20:17:58.045174,2026-09-13,2026-09-13,303,"Windows only","$0.01-$4.99",1.79009141212736,0,1,1,0,0,0,1,0,0,0,0,0,0,0,1.79009141212736,-0.212555002889199,-0.812301741623485
4084730,"Ass Kicker",2025-12-10,"2025-12",0,1,0,0,1.99,1.99,0,"USD",1,1,0,1,0,"1 user reviews",2026-09-13 06:48:25.864854,2026-09-13 20:18:00.236557,2026-09-13,2026-09-13,277,"Windows only","$0.01-$4.99",1.0952733874026,0,1,0,0,0,0,0,0,0,0,0,0,0,1,1.0952733874026,-1.16035635402041,-1.31316367826139
4085510,"Captain Sharkbait: Voyage for Treasure",2025-11-04,"2025-11",0,1,0,0,0.99,0.99,0,"USD",5,4,1,0.8,0,"5 user reviews",2026-09-13 06:48:30.169462,2026-09-13 20:18:02.44161,2026-09-13,2026-09-13,313,"Windows only","$0.01-$4.99",0.688134638736401,1,1,1,0,0,0,1,0,0,0,0,0,1,1,0.688134638736401,-1.71573437006504,-0.61966253522429
4086070,"Toledo Park Quest",2025-12-03,"2025-12",0,1,1,0,2.99,2.99,0,"USD",0,0,0,,0,"No user reviews",2026-09-13 06:48:36.567737,2026-09-13 20:18:04.866817,2026-09-13,2026-09-13,284,"Windows + macOS","$0.01-$4.99",1.38379123090177,0,0,1,0,0,0,0,0,0,0,0,0,0,0,1.38379123090177,-0.766789128987195,-1.17831623378195
4086240,"WRITHING",2025-12-05,"2025-12",0,1,0,1,12.99,12.99,0,"USD",3,3,0,1,0,"3 user reviews",2026-09-13 06:48:41.023733,2026-09-13 20:18:07.098751,2026-09-13,2026-09-13,282,"Windows + Linux","$10.00-$19.99",2.63834278867739,1,1,0,0,0,0,1,0,0,0,0,0,0,1,2.63834278867739,0.944544801928764,-1.21684407506179
4086260,"Guess The Password",2025-11-03,"2025-11",0,1,0,1,2.99,2.99,0,"USD",2,0,2,0,0,"2 user reviews",2026-09-13 06:48:43.258307,2026-09-13 20:18:09.199874,2026-09-13,2026-09-13,314,"Windows + Linux","$0.01-$4.99",1.38379123090177,0,0,1,0,0,0,1,0,0,0,0,0,1,1,1.38379123090177,-0.766789128987195,-0.60039861458437
4086350,"Easy Running",2025-11-12,"2025-11",0,1,0,0,8.99,8.99,0,"USD",9,7,2,0.777777777777778,0,"9 user reviews",2026-09-13 06:48:47.469504,2026-09-13 20:18:11.237035,2026-09-13,2026-09-13,305,"Windows only","$5.00-$9.99",2.30158459266046,1,0,0,0,0,0,1,0,0,1,0,1,0,1,2.30158459266046,0.485172906221557,-0.773773900343646
4087610,"Maou's Crucible",2025-10-31,"2025-10",1,1,0,0,,,,,0,0,0,,0,"No user reviews",2026-09-13 06:49:02.83742,2026-09-13 20:18:13.28401,2026-09-13,2026-09-13,317,"Windows only","Free",,1,0,0,0,1,0,0,0,0,0,0,0,0,0,,0,-0.542606852664612
4089540,"to the",2025-11-07,"2025-11",0,1,0,0,3.99,3.99,0,"USD",4,3,1,0.75,0,"4 user reviews",2026-09-13 06:49:34.789496,2026-09-13 20:18:15.487368,2026-09-13,2026-09-13,310,"Windows only","$0.01-$4.99",1.60743590976343,0,1,1,0,0,0,1,0,0,0,0,0,0,1,1.60743590976343,-0.461715395641907,-0.677454297144048
4090500,"8th period: Music",2025-11-11,"2025-11",0,1,0,0,3.99,3.99,0,"USD",0,0,0,,0,"No user reviews",2026-09-13 06:49:43.232842,2026-09-13 20:18:17.72585,2026-09-13,2026-09-13,306,"Windows only","$0.01-$4.99",1.60743590976343,0,0,1,0,0,0,1,0,0,0,0,0,0,0,1.60743590976343,-0.461715395641907,-0.754509979703726
4091700,"Max’s Adventures: Christmas Edition",2025-11-21,"2025-11",0,1,1,0,5.99,5.99,0,"USD",2,2,0,1,0,"2 user reviews",2026-09-13 06:49:54.016301,2026-09-13 20:18:19.811091,2026-09-13,2026-09-13,296,"Windows + macOS","$5.00-$9.99",1.94448055624572,1,1,1,0,0,0,1,0,1,0,0,0,0,1,1.94448055624572,-0.00195275282042951,-0.947149186102921
4092400,"Humerous (REBOOT)",2025-11-23,"2025-11",0,1,0,0,2.99,2.99,0,"USD",7,7,0,1,0,"7 user reviews",2026-09-13 06:50:00.644413,2026-09-13 20:18:21.972977,2026-09-13,2026-09-13,294,"Windows only","$0.01-$4.99",1.38379123090177,0,1,0,0,0,0,0,0,1,0,0,0,0,1,1.38379123090177,-0.766789128987195,-0.98567702738276
4093400,"Sisterly Bliss ~Don't Let Mom Find Out~",2025-12-03,"2025-12",0,1,1,1,24.99,24.99,0,"USD",68,64,4,0.941176470588235,8,"Very Positive",2026-09-13 06:50:15.731367,2026-09-13 20:18:24.019155,2026-09-13,2026-09-13,284,"Windows + macOS + Linux","$20.00-$29.99",3.2577118486534,0,1,0,0,0,0,1,0,0,0,0,0,0,1,3.2577118486534,1.78942621116778,-1.17831623378195
4093550,"熵减协议-The Entropy Directive",2025-12-02,"2025-12",0,1,0,0,0.99,0.99,0,"USD",10,10,0,1,7,"Positive",2026-09-13 06:50:19.933608,2026-09-13 20:18:26.14111,2026-09-13,2026-09-13,285,"Windows only","$0.01-$4.99",0.688134638736401,0,0,1,1,0,0,1,0,0,0,0,0,1,1,0.688134638736401,-1.71573437006504,-1.15905231314204
4094260,"After... Prologue",2025-12-17,"2025-12",0,1,0,0,1.99,1.99,0,"USD",2,0,2,0,0,"2 user reviews",2026-09-13 06:50:34.961613,2026-09-13 20:18:28.350633,2026-09-13,2026-09-13,270,"Windows only","$0.01-$4.99",1.0952733874026,0,1,0,0,0,0,1,0,0,0,0,0,0,1,1.0952733874026,-1.16035635402041,-1.44801112274083
4094400,"Romcab Puzzle",2025-11-08,"2025-11",0,1,0,0,9.99,9.99,0,"USD",0,0,0,,0,"No user reviews",2026-09-13 06:50:41.392698,2026-09-13 20:18:30.381452,2026-09-13,2026-09-13,309,"Windows only","$5.00-$9.99",2.39698576841553,0,0,1,0,0,0,1,0,0,0,0,0,1,0,2.39698576841553,0.615309661548216,-0.696718217783968
4094490,"Pixelpolis Neon",2025-11-14,"2025-11",0,1,0,0,4.99,4.99,0,"USD",9,7,2,0.777777777777778,0,"9 user reviews",2026-09-13 06:50:50.071507,2026-09-13 20:18:32.609487,2026-09-13,2026-09-13,303,"Windows only","$0.01-$4.99",1.79009141212736,0,0,1,1,0,0,0,0,0,0,0,0,0,1,1.79009141212736,-0.212555002889199,-0.812301741623485
4096000,"Crossroads: Fatal Truths Collector's Edition",2025-11-04,"2025-11",0,1,1,0,19.99,19.99,0,"USD",5,1,4,0.2,0,"5 user reviews",2026-09-13 06:51:05.048917,2026-09-13 20:18:34.685545,2026-09-13,2026-09-13,313,"Windows + macOS","$10.00-$19.99",3.04404613383254,0,1,1,0,0,0,0,0,0,0,0,0,0,1,3.04404613383254,1.49796478387127,-0.61966253522429
4097370,"Out of Place: Origin",2025-11-17,"2025-11",0,1,0,0,4.99,0.74,85,"USD",7,6,1,0.857142857142857,0,"7 user reviews",2026-09-13 06:51:28.516737,2026-09-13 20:18:36.81523,2026-09-13,2026-09-13,300,"Windows only","$0.01-$4.99",0.553885113226438,0,0,0,0,0,0,1,0,0,0,0,0,0,1,0.553885113226438,-1.89886416396679,-0.870093503543243
4097410,"Aero",2025-11-08,"2025-11",0,1,0,0,2.99,2.99,0,"USD",2,1,1,0.5,0,"2 user reviews",2026-09-13 06:51:30.552719,2026-09-13 20:18:39.034605,2026-09-13,2026-09-13,309,"Windows only","$0.01-$4.99",1.38379123090177,1,0,1,1,0,0,1,0,0,0,0,0,0,1,1.38379123090177,-0.766789128987195,-0.696718217783968
4097500,"AI UPRISING",2025-11-28,"2025-11",0,1,1,0,3.99,3.99,0,"USD",6,5,1,0.833333333333333,0,"6 user reviews",2026-09-13 06:51:34.87377,2026-09-13 20:18:41.192937,2026-09-13,2026-09-13,289,"Windows + macOS","$0.01-$4.99",1.60743590976343,0,0,0,1,0,0,1,0,0,0,0,0,0,1,1.60743590976343,-0.461715395641907,-1.08199663058236
4097890,"Sweetie Candy Maze: Pink Raspberry",2025-10-29,"2025-10",0,1,0,0,1.99,1.99,0,"USD",1,1,0,1,0,"1 user reviews",2026-09-13 06:51:39.053244,2026-09-13 20:18:43.327521,2026-09-13,2026-09-13,319,"Windows only","$0.01-$4.99",1.0952733874026,0,0,1,0,0,0,1,0,0,0,0,0,0,1,1.0952733874026,-1.16035635402041,-0.504079011384773
4098650,"Sauce Factory Tycoon",2025-11-05,"2025-11",0,1,0,0,4.99,4.99,0,"USD",0,0,0,,0,"No user reviews",2026-09-13 06:51:45.519729,2026-09-13 20:18:45.567257,2026-09-13,2026-09-13,312,"Windows only","$0.01-$4.99",1.79009141212736,0,0,0,0,0,0,0,0,0,0,1,0,1,0,1.79009141212736,-0.212555002889199,-0.638926455864209
4098670,"怪異ジャッジ<U+30FB>ドリーミー",2025-10-31,"2025-10",1,1,0,0,,,,,0,0,0,,0,"No user reviews",2026-09-13 06:51:47.652987,2026-09-13 20:18:47.7144,2026-09-13,2026-09-13,317,"Windows only","Free",,0,1,1,0,1,0,0,0,0,0,0,0,0,0,,0,-0.542606852664612
4099110,"Brasília Defense",2025-11-18,"2025-11",1,1,0,0,,,,,0,0,0,,0,"No user reviews",2026-09-13 06:51:58.268854,2026-09-13 20:18:49.844583,2026-09-13,2026-09-13,299,"Windows only","Free",,0,0,0,0,1,0,0,0,0,0,0,0,1,0,,0,-0.889357424183163
4099640,"Gully Champ",2025-12-11,"2025-12",0,1,0,0,9.99,9.99,0,"USD",0,0,0,,0,"No user reviews",2026-09-13 06:52:06.59958,2026-09-13 20:18:51.868829,2026-09-13,2026-09-13,276,"Windows only","$5.00-$9.99",2.39698576841553,0,0,0,0,0,0,0,0,0,0,0,1,1,0,2.39698576841553,0.615309661548216,-1.33242759890131
4100330,"Galactic Gardener",2025-12-10,"2025-12",0,1,0,1,2.99,2.99,0,"USD",0,0,0,,0,"No user reviews",2026-09-13 06:52:10.764857,2026-09-13 20:18:54.108411,2026-09-13,2026-09-13,277,"Windows + Linux","$0.01-$4.99",1.38379123090177,0,0,0,0,0,0,1,0,0,0,0,0,0,0,1.38379123090177,-0.766789128987195,-1.31316367826139
4101050,"Retail Therapy",2025-11-04,"2025-11",0,1,0,0,6.99,6.99,0,"USD",7,7,0,1,0,"7 user reviews",2026-09-13 06:52:15.160516,2026-09-13 20:18:56.156449,2026-09-13,2026-09-13,313,"Windows only","$5.00-$9.99",2.07819075977818,1,0,0,0,0,0,1,0,0,0,0,0,0,1,2.07819075977818,0.18044135190692,-0.61966253522429
4101990,"Harsh Reality of Being a Hamster",2025-11-20,"2025-11",0,1,0,0,1.99,1.99,0,"USD",2,2,0,1,0,"2 user reviews",2026-09-13 06:52:30.105925,2026-09-13 20:18:58.299757,2026-09-13,2026-09-13,297,"Windows only","$0.01-$4.99",1.0952733874026,0,0,1,0,0,0,1,0,0,0,1,0,0,1,1.0952733874026,-1.16035635402041,-0.927885265463002
4103080,"SCHOLA SPIRITUS",2025-10-31,"2025-10",0,1,0,0,4.99,4.99,0,"USD",1,1,0,1,0,"1 user reviews",2026-09-13 06:52:40.773271,2026-09-13 20:19:00.50474,2026-09-13,2026-09-13,317,"Windows only","$0.01-$4.99",1.79009141212736,0,0,1,0,0,0,1,0,1,0,0,0,0,1,1.79009141212736,-0.212555002889199,-0.542606852664612
4103510,"The Unseen Fears: Inner Darkness Collector's Edition",2025-10-24,"2025-10",0,1,1,0,19.99,19.99,0,"USD",2,2,0,1,0,"2 user reviews",2026-09-13 06:52:45.190884,2026-09-13 20:19:02.662265,2026-09-13,2026-09-13,324,"Windows + macOS","$10.00-$19.99",3.04404613383254,0,1,1,0,0,0,0,0,0,0,0,0,0,1,3.04404613383254,1.49796478387127,-0.407759408185175
4103720,"...Vincent: Mansion of The Dead",2025-11-07,"2025-11",0,1,0,1,4.99,4.99,0,"USD",5,5,0,1,0,"5 user reviews",2026-09-13 06:52:55.450689,2026-09-13 20:19:04.850589,2026-09-13,2026-09-13,310,"Windows + Linux","$0.01-$4.99",1.79009141212736,1,0,1,0,0,0,1,0,0,0,0,0,0,1,1.79009141212736,-0.212555002889199,-0.677454297144048
4104030,"Highway 11",2025-11-11,"2025-11",0,1,0,0,2.99,2.99,0,"USD",3,1,2,0.333333333333333,0,"3 user reviews",2026-09-13 06:53:01.631135,2026-09-13 20:19:06.930297,2026-09-13,2026-09-13,306,"Windows only","$0.01-$4.99",1.38379123090177,0,1,0,0,0,0,1,0,0,0,0,0,0,1,1.38379123090177,-0.766789128987195,-0.754509979703726
4104220,"Anders III: Coast Of Pain",2025-12-09,"2025-12",0,1,0,0,2.99,2.99,0,"USD",2,1,1,0.5,0,"2 user reviews",2026-09-13 06:53:05.97236,2026-09-13 20:19:09.118405,2026-09-13,2026-09-13,278,"Windows only","$0.01-$4.99",1.38379123090177,1,1,0,0,0,0,0,0,0,0,0,0,0,1,1.38379123090177,-0.766789128987195,-1.29389975762147
4104260,"Tidy Up",2025-11-21,"2025-11",0,1,0,0,1.99,1.99,0,"USD",2,1,1,0.5,0,"2 user reviews",2026-09-13 06:53:08.143969,2026-09-13 20:19:11.214493,2026-09-13,2026-09-13,296,"Windows only","$0.01-$4.99",1.0952733874026,0,0,1,0,0,0,1,0,0,0,0,0,0,1,1.0952733874026,-1.16035635402041,-0.947149186102921
4104830,"Calvin's Gallery",2025-11-30,"2025-11",0,1,0,0,4.99,4.99,0,"USD",2,2,0,1,0,"2 user reviews",2026-09-13 06:53:18.89857,2026-09-13 20:19:13.329736,2026-09-13,2026-09-13,287,"Windows only","$0.01-$4.99",1.79009141212736,0,1,1,1,0,0,1,0,1,0,0,0,0,1,1.79009141212736,-0.212555002889199,-1.1205244718622
4104970,"Legend of the Wonderfish",2025-12-10,"2025-12",0,1,0,0,1.99,1.99,0,"USD",0,0,0,,0,"No user reviews",2026-09-13 06:53:23.136121,2026-09-13 20:19:15.401368,2026-09-13,2026-09-13,277,"Windows only","$0.01-$4.99",1.0952733874026,0,1,1,0,0,0,1,0,1,0,0,0,0,0,1.0952733874026,-1.16035635402041,-1.31316367826139
4105120,"[omni-dissonance]",2025-12-01,"2025-12",0,1,0,0,4.99,4.99,0,"USD",20,19,1,0.95,7,"Positive",2026-09-13 06:53:25.168463,2026-09-13 20:19:17.483084,2026-09-13,2026-09-13,286,"Windows only","$0.01-$4.99",1.79009141212736,0,1,0,0,0,0,1,0,0,0,0,0,0,1,1.79009141212736,-0.212555002889199,-1.13978839250212
4105170,"Disturbulence",2025-12-04,"2025-12",0,1,0,0,3.99,3.99,0,"USD",1,1,0,1,0,"1 user reviews",2026-09-13 06:53:27.180341,2026-09-13 20:19:19.675948,2026-09-13,2026-09-13,283,"Windows only","$0.01-$4.99",1.60743590976343,0,1,0,0,0,0,0,0,0,0,0,0,0,1,1.60743590976343,-0.461715395641907,-1.19758015442187
4105390,"ZUMANU Trip",2025-11-12,"2025-11",0,1,0,0,0.99,0.99,0,"USD",2,2,0,1,0,"2 user reviews",2026-09-13 06:53:33.433401,2026-09-13 20:19:21.694384,2026-09-13,2026-09-13,305,"Windows only","$0.01-$4.99",0.688134638736401,0,0,1,0,0,0,1,0,0,0,0,0,0,1,0.688134638736401,-1.71573437006504,-0.773773900343646
4105570,"FUSHA2  Nocturnal Fishing",2025-11-24,"2025-11",0,1,0,0,1.99,1.99,0,"USD",6,5,1,0.833333333333333,0,"6 user reviews",2026-09-13 06:53:37.655205,2026-09-13 20:19:23.789417,2026-09-13,2026-09-13,293,"Windows only","$0.01-$4.99",1.0952733874026,0,1,1,0,0,0,1,0,1,0,0,0,0,1,1.0952733874026,-1.16035635402041,-1.00494094802268
4105760,"1-DC",2025-10-31,"2025-10",0,1,0,1,4.99,2.49,50,"USD",0,0,0,,0,"No user reviews",2026-09-13 06:53:46.194321,2026-09-13 20:19:26.002892,2026-09-13,2026-09-13,317,"Windows + Linux","$0.01-$4.99",1.24990173621434,0,0,0,0,0,0,0,0,0,0,1,0,0,0,1.24990173621434,-0.949427804800615,-0.542606852664612
4106530,"PUNCH FOREVER",2025-11-04,"2025-11",1,1,1,0,,,,,0,0,0,,0,"No user reviews",2026-09-13 06:54:05.40609,2026-09-13 20:19:28.21696,2026-09-13,2026-09-13,313,"Windows + macOS","Free",,1,0,1,0,1,0,1,1,0,0,0,1,0,0,,0,-0.61966253522429
4108010,"The Girl In White",2025-11-12,"2025-11",0,1,0,0,7.99,7.99,0,"USD",2,1,1,0.5,0,"2 user reviews",2026-09-13 06:54:24.431138,2026-09-13 20:19:30.438783,2026-09-13,2026-09-13,305,"Windows only","$5.00-$9.99",2.19611284848353,0,0,0,0,0,0,0,0,1,0,0,0,0,1,2.19611284848353,0.341298887298887,-0.773773900343646
4108710,"Knight and Code",2025-12-05,"2025-12",0,1,0,0,2.99,2.99,0,"USD",3,2,1,0.666666666666667,0,"3 user reviews",2026-09-13 06:54:26.677363,2026-09-13 20:19:32.543388,2026-09-13,2026-09-13,282,"Windows only","$0.01-$4.99",1.38379123090177,1,1,1,0,0,0,0,0,1,0,0,0,0,1,1.38379123090177,-0.766789128987195,-1.21684407506179
4109200,"WorkParadise",2025-11-04,"2025-11",0,1,0,0,3.99,3.99,0,"USD",1,1,0,1,0,"1 user reviews",2026-09-13 06:54:35.935829,2026-09-13 20:19:34.78118,2026-09-13,2026-09-13,313,"Windows only","$0.01-$4.99",1.60743590976343,0,0,1,0,0,0,1,0,0,0,1,0,0,1,1.60743590976343,-0.461715395641907,-0.61966253522429
4109440,"It's Not You, It's M.E",2025-12-01,"2025-12",0,1,0,0,1.99,1.99,0,"USD",10,10,0,1,7,"Positive",2026-09-13 06:54:40.10866,2026-09-13 20:19:36.882458,2026-09-13,2026-09-13,286,"Windows only","$0.01-$4.99",1.0952733874026,0,0,1,0,0,0,1,0,0,0,1,0,0,1,1.0952733874026,-1.16035635402041,-1.13978839250212
4109740,"Feast of Fools",2025-10-30,"2025-10",1,1,1,0,,,,,0,0,0,,0,"No user reviews",2026-09-13 06:54:46.470682,2026-09-13 20:19:39.097711,2026-09-13,2026-09-13,318,"Windows + macOS","Free",,0,0,0,0,1,0,0,0,1,0,0,0,1,0,,0,-0.523342932024692
4109760,"Level Denied",2025-11-16,"2025-11",0,1,0,0,3.99,3.99,0,"USD",3,3,0,1,0,"3 user reviews",2026-09-13 06:54:48.593798,2026-09-13 20:19:41.330972,2026-09-13,2026-09-13,301,"Windows only","$0.01-$4.99",1.60743590976343,1,0,1,0,0,0,1,0,0,0,0,0,1,1,1.60743590976343,-0.461715395641907,-0.850829582903324
4109900,"hongshui river",2025-10-31,"2025-10",0,1,0,0,1.99,1.99,0,"USD",0,0,0,,0,"No user reviews",2026-09-13 06:54:55.041839,2026-09-13 20:19:43.569831,2026-09-13,2026-09-13,317,"Windows only","$0.01-$4.99",1.0952733874026,0,0,1,0,0,0,0,0,0,0,0,0,0,0,1.0952733874026,-1.16035635402041,-0.542606852664612
4110260,"Karma Jump 2",2025-11-09,"2025-11",0,1,0,0,0.99,0.99,0,"USD",0,0,0,,0,"No user reviews",2026-09-13 06:55:01.683296,2026-09-13 20:19:45.762918,2026-09-13,2026-09-13,308,"Windows only","$0.01-$4.99",0.688134638736401,0,1,1,0,0,0,1,0,0,0,0,0,0,0,0.688134638736401,-1.71573437006504,-0.715982138423887
4110690,"The Electric Bots",2025-11-11,"2025-11",1,1,0,0,,,,,0,0,0,,0,"No user reviews",2026-09-13 06:55:10.284573,2026-09-13 20:19:47.946381,2026-09-13,2026-09-13,306,"Windows only","Free",,1,0,0,0,1,0,0,0,0,0,0,0,0,0,,0,-0.754509979703726
4111100,"Northbound",2025-12-04,"2025-12",0,1,0,0,9.99,9.99,0,"USD",1,0,1,0,0,"1 user reviews",2026-09-13 06:55:20.918651,2026-09-13 20:19:50.182118,2026-09-13,2026-09-13,283,"Windows only","$5.00-$9.99",2.39698576841553,0,0,0,0,0,0,1,0,1,0,0,0,0,1,2.39698576841553,0.615309661548216,-1.19758015442187
4111120,"The Underpass",2025-11-03,"2025-11",0,1,0,0,2.99,2.99,0,"USD",0,0,0,,0,"No user reviews",2026-09-13 06:55:25.347098,2026-09-13 20:19:52.355207,2026-09-13,2026-09-13,314,"Windows only","$0.01-$4.99",1.38379123090177,0,1,0,0,0,0,1,0,0,0,1,0,0,0,1.38379123090177,-0.766789128987195,-0.60039861458437
4111190,"Showdown next week!",2025-11-17,"2025-11",0,1,0,0,2.99,2.99,0,"USD",24,24,0,1,7,"Positive",2026-09-13 06:55:29.507473,2026-09-13 20:19:54.49121,2026-09-13,2026-09-13,300,"Windows only","$0.01-$4.99",1.38379123090177,0,1,1,0,0,0,1,0,0,0,0,0,0,1,1.38379123090177,-0.766789128987195,-0.870093503543243
4111490,"Dual Magic Universe:YONG XINGYING",2025-12-02,"2025-12",0,1,0,0,4.99,4.99,0,"USD",0,0,0,,0,"No user reviews",2026-09-13 06:55:40.386355,2026-09-13 20:19:56.649922,2026-09-13,2026-09-13,285,"Windows only","$0.01-$4.99",1.79009141212736,0,0,0,0,0,0,1,0,0,0,0,0,0,0,1.79009141212736,-0.212555002889199,-1.15905231314204
4111920,"Spirit Magician",2025-11-07,"2025-11",0,1,0,0,5.99,5.99,0,"USD",3,2,1,0.666666666666667,0,"3 user reviews",2026-09-13 06:55:44.708972,2026-09-13 20:19:58.901969,2026-09-13,2026-09-13,310,"Windows only","$5.00-$9.99",1.94448055624572,1,1,0,0,0,0,1,0,0,0,0,0,0,1,1.94448055624572,-0.00195275282042951,-0.677454297144048
4112630,"H4CT0PL45M",2025-12-29,"2025-12",0,1,0,1,4.99,4.99,0,"USD",3,3,0,1,0,"3 user reviews",2026-09-13 06:55:55.45568,2026-09-13 20:20:01.00889,2026-09-13,2026-09-13,258,"Windows + Linux","$0.01-$4.99",1.79009141212736,0,0,0,0,0,0,1,0,0,0,0,0,0,1,1.79009141212736,-0.212555002889199,-1.67917817041986
4113200,"Aeons of Rebirth",2025-12-17,"2025-12",0,1,0,0,4.99,4.99,0,"USD",42,28,14,0.666666666666667,5,"Mixed",2026-09-13 06:56:05.961833,2026-09-13 20:20:03.17977,2026-09-13,2026-09-13,270,"Windows only","$0.01-$4.99",1.79009141212736,0,0,1,0,0,0,1,0,0,0,0,0,0,1,1.79009141212736,-0.212555002889199,-1.44801112274083
4113410,"Sad Virus Deathland",2025-11-04,"2025-11",0,1,0,0,0.99,0.99,0,"USD",14,13,1,0.928571428571429,7,"Positive",2026-09-13 06:56:07.99515,2026-09-13 20:20:05.198697,2026-09-13,2026-09-13,313,"Windows only","$0.01-$4.99",0.688134638736401,0,1,1,0,0,0,1,0,0,0,0,0,0,1,0.688134638736401,-1.71573437006504,-0.61966253522429
4113470,"魔王跳 《More Jump》",2025-11-27,"2025-11",0,1,0,0,6.99,6.99,0,"USD",97,97,0,1,8,"Very Positive",2026-09-13 06:56:12.250307,2026-09-13 20:20:07.266566,2026-09-13,2026-09-13,290,"Windows only","$5.00-$9.99",2.07819075977818,1,1,1,0,0,0,1,0,0,0,0,0,0,1,2.07819075977818,0.18044135190692,-1.06273270994244
4113500,"Guild Manager",2025-11-04,"2025-11",0,1,0,0,9.99,9.99,0,"USD",4,1,3,0.25,0,"4 user reviews",2026-09-13 06:56:14.320557,2026-09-13 20:20:09.475468,2026-09-13,2026-09-13,313,"Windows only","$5.00-$9.99",2.39698576841553,0,0,0,0,0,0,1,0,1,0,1,1,1,1,2.39698576841553,0.615309661548216,-0.61966253522429
4113920,"Prometheus in a jar",2025-11-14,"2025-11",1,1,0,0,,,,,0,0,0,,0,"No user reviews",2026-09-13 06:56:20.526636,2026-09-13 20:20:11.693224,2026-09-13,2026-09-13,303,"Windows only","Free",,0,1,1,0,1,0,1,0,1,0,0,0,0,0,,0,-0.812301741623485
4115350,"HorrorDungeon",2025-11-09,"2025-11",0,1,0,0,2.99,2.99,0,"USD",3,2,1,0.666666666666667,0,"3 user reviews",2026-09-13 06:56:44.012666,2026-09-13 20:20:13.898687,2026-09-13,2026-09-13,308,"Windows only","$0.01-$4.99",1.38379123090177,1,1,0,0,0,0,0,0,0,0,0,0,0,1,1.38379123090177,-0.766789128987195,-0.715982138423887
4116900,"Cali and the Kingdom of the Yard",2025-12-11,"2025-12",0,1,1,0,1.99,1.99,0,"USD",1,1,0,1,0,"1 user reviews",2026-09-13 06:57:03.086998,2026-09-13 20:20:16.153873,2026-09-13,2026-09-13,276,"Windows + macOS","$0.01-$4.99",1.0952733874026,0,0,1,0,0,0,1,0,0,0,0,0,0,1,1.0952733874026,-1.16035635402041,-1.33242759890131
4116930,"Pill Bird Remastered",2025-12-03,"2025-12",0,1,0,1,0.99,0.99,0,"USD",0,0,0,,0,"No user reviews",2026-09-13 06:57:05.224605,2026-09-13 20:20:18.351047,2026-09-13,2026-09-13,284,"Windows + Linux","$0.01-$4.99",0.688134638736401,0,0,1,0,0,0,1,0,0,1,0,0,0,0,0.688134638736401,-1.71573437006504,-1.17831623378195
4117360,"Edgar Dreams and the Way of Light",2025-11-19,"2025-11",0,1,0,0,14.99,14.99,0,"USD",1,1,0,1,0,"1 user reviews",2026-09-13 06:57:16.161007,2026-09-13 20:20:20.464341,2026-09-13,2026-09-13,298,"Windows only","$10.00-$19.99",2.77196352684586,0,1,0,0,0,0,1,0,0,0,0,0,0,1,2.77196352684586,1.12681686694233,-0.908621344823082
4117500,"AYBABTU",2025-11-05,"2025-11",0,1,0,0,0.99,0.99,0,"USD",1,1,0,1,0,"1 user reviews",2026-09-13 06:57:18.339712,2026-09-13 20:20:22.588703,2026-09-13,2026-09-13,312,"Windows only","$0.01-$4.99",0.688134638736401,0,0,0,0,0,0,1,0,0,0,0,0,0,1,0.688134638736401,-1.71573437006504,-0.638926455864209
4117930,"Blue Balls",2025-11-13,"2025-11",0,1,0,1,1.99,1.99,0,"USD",1,1,0,1,0,"1 user reviews",2026-09-13 06:57:28.979117,2026-09-13 20:20:24.715082,2026-09-13,2026-09-13,304,"Windows + Linux","$0.01-$4.99",1.0952733874026,0,1,0,0,0,0,0,0,0,0,0,0,0,1,1.0952733874026,-1.16035635402041,-0.793037820983565
4121010,"Locum Tenens",2025-12-18,"2025-12",0,1,0,1,2.99,2.99,0,"USD",8,8,0,1,0,"8 user reviews",2026-09-13 06:58:19.870465,2026-09-13 20:20:26.945354,2026-09-13,2026-09-13,269,"Windows + Linux","$0.01-$4.99",1.38379123090177,1,0,0,0,0,0,0,0,0,0,0,0,0,1,1.38379123090177,-0.766789128987195,-1.46727504338075
4121040,"World Sprint",2025-12-10,"2025-12",0,1,0,0,4.99,4.99,0,"USD",1,1,0,1,0,"1 user reviews",2026-09-13 06:58:21.950189,2026-09-13 20:20:29.040335,2026-09-13,2026-09-13,277,"Windows only","$0.01-$4.99",1.79009141212736,1,0,1,0,0,0,1,0,0,0,0,0,0,1,1.79009141212736,-0.212555002889199,-1.31316367826139
4121390,"Warrior Guild",2025-11-11,"2025-11",0,1,0,0,9.99,9.99,0,"USD",0,0,0,,0,"No user reviews",2026-09-13 06:58:28.286838,2026-09-13 20:20:31.057315,2026-09-13,2026-09-13,306,"Windows only","$5.00-$9.99",2.39698576841553,1,1,0,1,0,0,1,0,1,0,0,0,0,0,2.39698576841553,0.615309661548216,-0.754509979703726
4121420,"Battle Kittens",2025-11-17,"2025-11",0,1,0,0,1.99,1.99,0,"USD",0,0,0,,0,"No user reviews",2026-09-13 06:58:32.550844,2026-09-13 20:20:33.215508,2026-09-13,2026-09-13,300,"Windows only","$0.01-$4.99",1.0952733874026,0,0,0,0,0,0,1,0,0,0,0,0,1,0,1.0952733874026,-1.16035635402041,-0.870093503543243
4121710,"Falling Ball",2025-11-11,"2025-11",0,1,0,0,1.99,1.99,0,"USD",0,0,0,,0,"No user reviews",2026-09-13 06:58:36.776679,2026-09-13 20:20:35.453665,2026-09-13,2026-09-13,306,"Windows only","$0.01-$4.99",1.0952733874026,0,0,1,0,0,0,1,0,0,1,0,0,1,0,1.0952733874026,-1.16035635402041,-0.754509979703726
4122180,"Truck Company",2025-12-20,"2025-12",1,1,0,0,,,,,0,0,0,,0,"No user reviews",2026-09-13 06:58:40.933232,2026-09-13 20:20:37.646162,2026-09-13,2026-09-13,267,"Windows only","Free",,0,0,0,0,1,0,0,1,0,0,0,0,1,0,,0,-1.50580288466059
4122210,"Mini Heroes: Squad Online",2025-11-09,"2025-11",0,1,1,0,0.99,0.99,0,"USD",9,8,1,0.888888888888889,0,"9 user reviews",2026-09-13 06:58:42.990715,2026-09-13 20:20:39.90638,2026-09-13,2026-09-13,308,"Windows + macOS","$0.01-$4.99",0.688134638736401,1,0,1,0,0,0,1,0,0,0,0,0,0,1,0.688134638736401,-1.71573437006504,-0.715982138423887
4122320,"Animal Coloring Books for Kids & Toddlers - Dinosaurs",2025-11-11,"2025-11",0,1,0,0,4.99,4.99,0,"USD",0,0,0,,0,"No user reviews",2026-09-13 06:58:47.387078,2026-09-13 20:20:42.064131,2026-09-13,2026-09-13,306,"Windows only","$0.01-$4.99",1.79009141212736,0,0,1,0,0,0,1,0,0,0,1,0,0,0,1.79009141212736,-0.212555002889199,-0.754509979703726
4122860,"Z.A.T.O. // I Love the World and Everything In It",2025-11-10,"2025-11",1,1,1,1,,,,,24,23,1,0.958333333333333,7,"Positive",2026-09-13 06:58:53.857401,2026-09-13 20:20:44.112792,2026-09-13,2026-09-13,307,"Windows + macOS + Linux","Free",,0,1,0,0,1,0,1,0,0,0,0,0,0,1,,0,-0.735246059063807
4123050,"Little White: Chromatic Clash",2025-11-12,"2025-11",0,1,0,0,3.99,3.99,0,"USD",10,9,1,0.9,7,"Positive",2026-09-13 06:58:55.909392,2026-09-13 20:20:46.163318,2026-09-13,2026-09-13,305,"Windows only","$0.01-$4.99",1.60743590976343,1,0,0,1,0,0,0,0,0,0,0,0,0,1,1.60743590976343,-0.461715395641907,-0.773773900343646
4123500,"Samurai Ace",2025-12-30,"2025-12",0,1,0,0,9.99,9.99,0,"USD",5,5,0,1,0,"5 user reviews",2026-09-13 06:59:04.299818,2026-09-13 20:20:48.370683,2026-09-13,2026-09-13,257,"Windows only","$5.00-$9.99",2.39698576841553,1,0,0,0,0,0,0,0,0,0,0,0,0,1,2.39698576841553,0.615309661548216,-1.69844209105978
4123890,"Pallet Jack Racing",2025-12-14,"2025-12",0,1,0,0,0.99,0.59,40,"USD",56,53,3,0.946428571428571,8,"Very Positive",2026-09-13 06:59:19.348483,2026-09-13 20:20:50.402077,2026-09-13,2026-09-13,273,"Windows only","$0.01-$4.99",0.46373401623214,1,0,1,0,0,0,0,1,0,1,1,1,0,1,0.46373401623214,-2.02183928622416,-1.39021936082107
4124510,"Archetypes Festival",2025-11-17,"2025-11",0,1,0,0,2.99,2.99,0,"USD",0,0,0,,0,"No user reviews",2026-09-13 06:59:31.918359,2026-09-13 20:20:52.597271,2026-09-13,2026-09-13,300,"Windows only","$0.01-$4.99",1.38379123090177,1,1,0,0,0,0,1,0,0,0,0,0,0,0,1.38379123090177,-0.766789128987195,-0.870093503543243
4125150,"Fish Go",2025-12-15,"2025-12",0,1,0,0,0.99,0.99,0,"USD",4,4,0,1,0,"4 user reviews",2026-09-13 06:59:42.769218,2026-09-13 20:20:54.787564,2026-09-13,2026-09-13,272,"Windows only","$0.01-$4.99",0.688134638736401,1,1,1,0,0,0,1,0,0,0,1,1,0,1,0.688134638736401,-1.71573437006504,-1.40948328146099
4125970,"Pixel Game Maker Series Stray Witch and the Ghost Train",2025-11-26,"2025-11",0,1,0,0,8.99,8.99,0,"USD",2,1,1,0.5,0,"2 user reviews",2026-09-13 07:00:04.258703,2026-09-13 20:20:57.006857,2026-09-13,2026-09-13,291,"Windows only","$5.00-$9.99",2.30158459266046,1,1,1,0,0,0,1,0,0,0,0,0,0,1,2.30158459266046,0.485172906221557,-1.04346878930252
4126270,"That's Not My Kind",2025-11-13,"2025-11",0,1,1,0,2.99,2.99,0,"USD",1,1,0,1,0,"1 user reviews",2026-09-13 07:00:10.756412,2026-09-13 20:20:59.214842,2026-09-13,2026-09-13,304,"Windows + macOS","$0.01-$4.99",1.38379123090177,0,0,0,0,0,0,1,0,0,0,0,0,0,1,1.38379123090177,-0.766789128987195,-0.793037820983565
4127400,"Tic Tac Rogue",2025-11-18,"2025-11",0,1,0,0,1.99,1.99,0,"USD",3,3,0,1,0,"3 user reviews",2026-09-13 07:00:21.476715,2026-09-13 20:21:01.300159,2026-09-13,2026-09-13,299,"Windows only","$0.01-$4.99",1.0952733874026,0,0,1,1,0,0,1,0,1,0,0,0,1,1,1.0952733874026,-1.16035635402041,-0.889357424183163
4127870,"Gamers Club Repeat",2025-12-07,"2025-12",0,1,0,0,6.99,6.99,0,"USD",1,1,0,1,0,"1 user reviews",2026-09-13 07:00:30.177812,2026-09-13 20:21:03.494304,2026-09-13,2026-09-13,280,"Windows only","$5.00-$9.99",2.07819075977818,0,1,0,0,0,0,1,0,1,0,0,0,1,1,2.07819075977818,0.18044135190692,-1.25537191634163
4128150,"The Riese Project",2025-11-30,"2025-11",0,1,0,0,14.99,14.99,0,"USD",21,16,5,0.761904761904762,6,"Mostly Positive",2026-09-13 07:00:34.312256,2026-09-13 20:21:05.594299,2026-09-13,2026-09-13,287,"Windows only","$10.00-$19.99",2.77196352684586,1,1,0,1,0,0,1,0,0,0,0,0,0,1,2.77196352684586,1.12681686694233,-1.1205244718622
4129000,"Yuletide Regicide",2025-12-01,"2025-12",1,1,0,0,,,,,0,0,0,,0,"No user reviews",2026-09-13 07:00:44.873248,2026-09-13 20:21:07.781234,2026-09-13,2026-09-13,286,"Windows only","Free",,0,1,1,0,1,0,1,0,0,0,0,0,0,0,,0,-1.13978839250212
4129410,"Twistingo: Tree of Life Collector’s Edition",2025-12-01,"2025-12",0,1,1,0,9.99,9.99,0,"USD",6,5,1,0.833333333333333,0,"6 user reviews",2026-09-13 07:00:46.975074,2026-09-13 20:21:09.932918,2026-09-13,2026-09-13,286,"Windows + macOS","$5.00-$9.99",2.39698576841553,0,0,1,0,0,0,0,0,0,0,0,0,0,1,2.39698576841553,0.615309661548216,-1.13978839250212
4129570,"Final Orbit",2025-11-13,"2025-11",0,1,0,0,3.99,3.99,0,"USD",1,1,0,1,0,"1 user reviews",2026-09-13 07:00:55.347133,2026-09-13 20:21:12.091276,2026-09-13,2026-09-13,304,"Windows only","$0.01-$4.99",1.60743590976343,1,1,0,0,0,0,0,0,0,0,0,0,1,1,1.60743590976343,-0.461715395641907,-0.793037820983565
4129640,"Until the Fields: Farmageddon",2025-12-12,"2025-12",1,1,0,0,,,,,0,0,0,,0,"No user reviews",2026-09-13 07:00:57.517513,2026-09-13 20:21:14.206543,2026-09-13,2026-09-13,275,"Windows only","Free",,0,1,1,0,1,0,1,0,0,0,0,0,0,0,,0,-1.35169151954123
4129690,"Veteran Racer",2025-11-27,"2025-11",0,1,0,0,17.99,1.07,94,"USD",1,0,1,0,0,"1 user reviews",2026-09-13 07:00:59.707129,2026-09-13 20:21:16.242587,2026-09-13,2026-09-13,290,"Windows only","$0.01-$4.99",0.727548607277278,1,1,0,0,0,0,0,0,0,1,0,0,0,1,0.727548607277278,-1.66196977083593,-1.06273270994244
4129780,"Max Overeater",2025-11-12,"2025-11",0,1,0,0,0.99,0.99,0,"USD",0,0,0,,0,"No user reviews",2026-09-13 07:01:01.762594,2026-09-13 20:21:18.344359,2026-09-13,2026-09-13,305,"Windows only","$0.01-$4.99",0.688134638736401,0,0,1,0,0,0,1,0,0,0,0,0,0,0,0.688134638736401,-1.71573437006504,-0.773773900343646
4130720,"Pulse Grid",2025-12-31,"2025-12",0,1,0,0,4.99,4.99,0,"USD",0,0,0,,0,"No user reviews",2026-09-13 07:01:03.91637,2026-09-13 20:21:20.370478,2026-09-13,2026-09-13,256,"Windows only","$0.01-$4.99",1.79009141212736,0,0,1,0,0,0,0,0,0,0,0,0,0,0,1.79009141212736,-0.212555002889199,-1.7177060116997
4131140,"TheParcelEscape",2025-11-24,"2025-11",0,1,0,0,3.99,3.99,0,"USD",6,1,5,0.166666666666667,0,"6 user reviews",2026-09-13 07:04:57.578644,2026-09-13 20:21:22.54548,2026-09-13,2026-09-13,293,"Windows only","$0.01-$4.99",1.60743590976343,0,0,0,0,0,0,0,0,0,0,1,0,0,1,1.60743590976343,-0.461715395641907,-1.00494094802268
4131200,"Tippy's Quest",2025-11-29,"2025-11",1,1,0,0,,,,,0,0,0,,0,"No user reviews",2026-09-13 07:05:00.648243,2026-09-13 20:21:24.705494,2026-09-13,2026-09-13,288,"Windows only","Free",,1,1,0,1,1,0,1,0,1,0,0,0,0,0,,0,-1.10126055122228
4131270,"Final battle in zhifudao",2025-12-15,"2025-12",0,1,0,0,1.99,1.99,0,"USD",0,0,0,,0,"No user reviews",2026-09-13 07:05:05.086694,2026-09-13 20:21:26.771653,2026-09-13,2026-09-13,272,"Windows only","$0.01-$4.99",1.0952733874026,0,0,0,0,0,0,0,0,1,0,0,0,0,0,1.0952733874026,-1.16035635402041,-1.40948328146099
4132020,"Shengtang Mountain in Jinxiu County",2025-11-10,"2025-11",0,1,0,0,1.99,1.99,0,"USD",0,0,0,,0,"No user reviews",2026-09-13 07:05:17.800789,2026-09-13 20:21:28.881462,2026-09-13,2026-09-13,307,"Windows only","$0.01-$4.99",1.0952733874026,0,0,1,0,0,0,0,0,0,0,0,0,0,0,1.0952733874026,-1.16035635402041,-0.735246059063807
4132780,"on Titan",2025-11-25,"2025-11",0,1,0,0,18.99,18.99,0,"USD",3,3,0,1,0,"3 user reviews",2026-09-13 07:05:30.494569,2026-09-13 20:21:30.980846,2026-09-13,2026-09-13,292,"Windows only","$10.00-$19.99",2.99523214851231,1,0,1,0,0,0,1,0,0,0,1,1,0,1,2.99523214851231,1.43137762062238,-1.0242048686626
4132800,"BLADE.EXE",2025-11-25,"2025-11",0,1,0,0,4.99,4.99,0,"USD",13,7,6,0.538461538461538,5,"Mixed",2026-09-13 07:05:32.59668,2026-09-13 20:21:33.014344,2026-09-13,2026-09-13,292,"Windows only","$0.01-$4.99",1.79009141212736,1,0,0,0,0,0,1,0,0,0,0,0,0,1,1.79009141212736,-0.212555002889199,-1.0242048686626
4133370,"Pixel Mart",2025-12-08,"2025-12",0,1,0,0,4.99,4.99,0,"USD",4,4,0,1,0,"4 user reviews",2026-09-13 07:05:38.8281,2026-09-13 20:21:35.186573,2026-09-13,2026-09-13,279,"Windows only","$0.01-$4.99",1.79009141212736,0,0,1,0,0,0,1,0,0,0,1,0,0,1,1.79009141212736,-0.212555002889199,-1.27463583698155
4133400,"SMBH : Super Massive Black Hole",2025-12-11,"2025-12",0,1,0,0,3.99,3.99,0,"USD",0,0,0,,0,"No user reviews",2026-09-13 07:05:40.842653,2026-09-13 20:21:37.254749,2026-09-13,2026-09-13,276,"Windows only","$0.01-$4.99",1.60743590976343,0,0,1,0,0,0,1,0,0,0,0,0,0,0,1.60743590976343,-0.461715395641907,-1.33242759890131
4133950,"Agyaat",2025-12-22,"2025-12",0,1,0,0,2.99,2.99,0,"USD",1,0,1,0,0,"1 user reviews",2026-09-13 07:05:47.178054,2026-09-13 20:21:39.301541,2026-09-13,2026-09-13,265,"Windows only","$0.01-$4.99",1.38379123090177,0,0,0,0,0,0,1,0,0,0,0,0,0,1,1.38379123090177,-0.766789128987195,-1.54433072594043
4133980,"Bazterka - Urik Gabeko Herria",2025-12-02,"2025-12",0,1,0,0,13.99,13.99,0,"USD",2,2,0,1,0,"2 user reviews",2026-09-13 07:05:49.18347,2026-09-13 20:21:41.333209,2026-09-13,2026-09-13,285,"Windows only","$10.00-$19.99",2.70738331211451,0,1,0,0,0,0,1,0,0,0,0,0,0,1,2.70738331211451,1.03872298825665,-1.15905231314204
4134640,"A Date With Yuika",2025-11-26,"2025-11",0,1,1,0,5.99,5.99,0,"USD",0,0,0,,0,"No user reviews",2026-09-13 07:06:01.747393,2026-09-13 20:21:43.40641,2026-09-13,2026-09-13,291,"Windows + macOS","$5.00-$9.99",1.94448055624572,0,1,1,0,0,0,0,0,0,0,0,0,0,0,1.94448055624572,-0.00195275282042951,-1.04346878930252
4135730,"GoGDoD",2025-12-26,"2025-12",0,1,1,1,4.99,4.99,0,"USD",1,1,0,1,0,"1 user reviews",2026-09-13 07:06:20.917984,2026-09-13 20:21:45.507486,2026-09-13,2026-09-13,261,"Windows + macOS + Linux","$0.01-$4.99",1.79009141212736,0,0,1,1,0,0,1,0,0,0,0,0,1,1,1.79009141212736,-0.212555002889199,-1.6213864085001
4137880,"Express No. 6",2025-12-09,"2025-12",0,1,0,0,4.99,2.99,40,"USD",128,107,21,0.8359375,8,"Very Positive",2026-09-13 07:06:55.863329,2026-09-13 20:21:47.559151,2026-09-13,2026-09-13,278,"Windows only","$0.01-$4.99",1.38379123090177,0,0,0,0,0,0,1,0,0,0,0,0,0,1,1.38379123090177,-0.766789128987195,-1.29389975762147
4138560,"devasion 0.5",2025-11-28,"2025-11",1,1,0,0,,,,,0,0,0,,0,"No user reviews",2026-09-13 07:07:02.12269,2026-09-13 20:21:49.793587,2026-09-13,2026-09-13,289,"Windows only","Free",,0,0,0,0,1,0,1,0,0,0,0,0,0,0,,0,-1.08199663058236
4139030,"发现时代 Age Of Discovery",2025-11-21,"2025-11",0,1,1,0,3.99,3.99,0,"USD",7,7,0,1,0,"7 user reviews",2026-09-13 07:07:12.613854,2026-09-13 20:21:51.953645,2026-09-13,2026-09-13,296,"Windows + macOS","$0.01-$4.99",1.60743590976343,0,0,1,0,0,0,1,0,1,0,1,0,1,1,1.60743590976343,-0.461715395641907,-0.947149186102921
4139400,"Apee Escapee",2025-12-11,"2025-12",0,1,0,0,0.99,0.99,0,"USD",0,0,0,,0,"No user reviews",2026-09-13 07:07:17.107996,2026-09-13 20:21:54.034564,2026-09-13,2026-09-13,276,"Windows only","$0.01-$4.99",0.688134638736401,1,0,1,0,0,0,1,0,0,0,0,0,0,0,0.688134638736401,-1.71573437006504,-1.33242759890131
4139910,"Kaya The Dog",2025-12-12,"2025-12",1,1,0,0,,,,,0,0,0,,0,"No user reviews",2026-09-13 07:07:27.538259,2026-09-13 20:21:56.212264,2026-09-13,2026-09-13,275,"Windows only","Free",,0,0,0,1,1,0,0,0,0,0,1,0,0,0,,0,-1.35169151954123
4140080,"Russian prison",2025-12-25,"2025-12",0,1,0,0,4.99,4.99,0,"USD",2,2,0,1,0,"2 user reviews",2026-09-13 07:07:29.688256,2026-09-13 20:21:58.259896,2026-09-13,2026-09-13,262,"Windows only","$0.01-$4.99",1.79009141212736,1,1,0,0,0,0,0,0,0,0,0,0,0,1,1.79009141212736,-0.212555002889199,-1.60212248786018
4140140,"Pernicious",2025-11-23,"2025-11",0,1,0,0,19.99,19.99,0,"USD",0,0,0,,0,"No user reviews",2026-09-13 07:07:31.756435,2026-09-13 20:22:00.383163,2026-09-13,2026-09-13,294,"Windows only","$10.00-$19.99",3.04404613383254,0,1,0,0,0,0,0,0,0,1,0,0,0,0,3.04404613383254,1.49796478387127,-0.98567702738276
4140370,"Lang Ops: Korean (intro to learn language)",2025-12-24,"2025-12",0,1,0,0,5.7,5.7,0,"USD",1,1,0,1,0,"1 user reviews",2026-09-13 07:07:35.310397,2026-09-13 20:22:02.603245,2026-09-13,2026-09-13,263,"Windows only","$5.00-$9.99",1.90210752639692,0,1,1,0,0,0,1,0,1,0,0,0,0,1,1.90210752639692,-0.0597538079357213,-1.58285856722026
4141140,"Dark Nights - Reflections",2025-12-12,"2025-12",0,1,1,0,7.2,7.2,0,"USD",34,33,1,0.970588235294118,7,"Positive",2026-09-13 07:07:45.865674,2026-09-13 20:22:04.849741,2026-09-13,2026-09-13,275,"Windows + macOS","$5.00-$9.99",2.10413415427021,0,0,0,0,0,0,1,0,0,0,0,0,0,1,2.10413415427021,0.215830739455135,-1.35169151954123
4142630,"Bane of Darkness",2025-12-04,"2025-12",1,1,0,0,,,,,0,0,0,,0,"No user reviews",2026-09-13 07:08:07.493155,2026-09-13 20:22:07.009604,2026-09-13,2026-09-13,283,"Windows only","Free",,1,0,1,0,1,0,1,0,1,0,0,0,0,0,,0,-1.19758015442187
4143570,"Black Signal",2025-11-21,"2025-11",0,1,1,0,4.99,4.99,0,"USD",1,0,1,0,0,"1 user reviews",2026-09-13 07:08:22.704536,2026-09-13 20:22:09.090864,2026-09-13,2026-09-13,296,"Windows + macOS","$0.01-$4.99",1.79009141212736,1,0,0,0,0,0,0,0,1,0,0,0,1,1,1.79009141212736,-0.212555002889199,-0.947149186102921
4144840,"Doctor Visit",2025-11-26,"2025-11",0,1,1,0,5.99,5.99,0,"USD",1,0,1,0,0,"1 user reviews",2026-09-13 07:08:44.150458,2026-09-13 20:22:11.275714,2026-09-13,2026-09-13,291,"Windows + macOS","$5.00-$9.99",1.94448055624572,0,1,1,0,0,0,0,0,0,0,0,0,0,1,1.94448055624572,-0.00195275282042951,-1.04346878930252
4147730,"Survivors of Cloudacre",2025-11-27,"2025-11",0,1,0,0,7.99,7.99,0,"USD",4,4,0,1,0,"4 user reviews",2026-09-13 07:09:24.694161,2026-09-13 20:22:13.432479,2026-09-13,2026-09-13,290,"Windows only","$5.00-$9.99",2.19611284848353,1,0,0,1,0,0,1,0,1,0,0,0,0,1,2.19611284848353,0.341298887298887,-1.06273270994244
4148020,"Desktop Dream Car",2025-11-27,"2025-11",0,1,0,0,2.99,2.99,0,"USD",1,1,0,1,0,"1 user reviews",2026-09-13 07:09:35.147301,2026-09-13 20:22:15.477173,2026-09-13,2026-09-13,290,"Windows only","$0.01-$4.99",1.38379123090177,0,0,1,0,0,0,1,0,0,1,1,1,0,1,1.38379123090177,-0.766789128987195,-1.06273270994244
4148290,"Escape Exit: Floor 10",2025-11-20,"2025-11",0,1,0,0,3.99,3.99,0,"USD",2,1,1,0.5,0,"2 user reviews",2026-09-13 07:09:37.299135,2026-09-13 20:22:17.714863,2026-09-13,2026-09-13,297,"Windows only","$0.01-$4.99",1.60743590976343,0,1,0,0,0,0,1,0,0,0,1,0,0,1,1.60743590976343,-0.461715395641907,-0.927885265463002
4148480,"Message: Read at Your Own Risk",2025-12-15,"2025-12",0,1,0,0,9.99,9.99,0,"USD",0,0,0,,0,"No user reviews",2026-09-13 07:09:39.318788,2026-09-13 20:22:19.766797,2026-09-13,2026-09-13,272,"Windows only","$5.00-$9.99",2.39698576841553,0,1,0,0,0,0,0,0,0,0,1,0,1,0,2.39698576841553,0.615309661548216,-1.40948328146099
4148960,"Seven Scarecrows",2025-12-01,"2025-12",0,1,0,0,8.99,8.99,0,"USD",1,1,0,1,0,"1 user reviews",2026-09-13 07:09:43.57156,2026-09-13 20:22:22.005273,2026-09-13,2026-09-13,286,"Windows only","$5.00-$9.99",2.30158459266046,0,1,0,0,0,0,0,0,0,0,0,0,0,1,2.30158459266046,0.485172906221557,-1.13978839250212
4149960,"Dead Feed",2025-11-28,"2025-11",0,1,0,0,2.99,2.99,0,"USD",51,38,13,0.745098039215686,6,"Mostly Positive",2026-09-13 07:09:58.387157,2026-09-13 20:22:24.179314,2026-09-13,2026-09-13,289,"Windows only","$0.01-$4.99",1.38379123090177,0,0,0,0,0,0,0,0,0,0,1,0,0,1,1.38379123090177,-0.766789128987195,-1.08199663058236
4150260,"Fanjing Mountain in Guizhou",2025-11-18,"2025-11",0,1,0,0,1.99,1.99,0,"USD",1,1,0,1,0,"1 user reviews",2026-09-13 07:10:00.592737,2026-09-13 20:22:26.430047,2026-09-13,2026-09-13,299,"Windows only","$0.01-$4.99",1.0952733874026,0,0,1,0,0,0,0,0,0,0,0,0,0,1,1.0952733874026,-1.16035635402041,-0.889357424183163
4150680,"拾光绘喵 Paws & Pastels",2025-12-02,"2025-12",0,1,0,0,3.99,3.99,0,"USD",3,2,1,0.666666666666667,0,"3 user reviews",2026-09-13 07:10:06.797676,2026-09-13 20:22:28.447567,2026-09-13,2026-09-13,285,"Windows only","$0.01-$4.99",1.60743590976343,0,0,1,0,0,0,0,0,0,0,0,0,0,1,1.60743590976343,-0.461715395641907,-1.15905231314204
4151420,"Santa with Gun",2025-11-22,"2025-11",0,1,0,0,3.99,3.99,0,"USD",0,0,0,,0,"No user reviews",2026-09-13 07:10:19.531894,2026-09-13 20:22:30.582566,2026-09-13,2026-09-13,295,"Windows only","$0.01-$4.99",1.60743590976343,1,1,1,0,0,0,1,0,0,0,0,0,0,0,1.60743590976343,-0.461715395641907,-0.966413106742841
4152310,"Bush 1022",2025-12-18,"2025-12",0,1,0,1,6.15,6.15,0,"USD",94,93,1,0.98936170212766,8,"Very Positive",2026-09-13 07:10:32.489267,2026-09-13 20:22:32.831525,2026-09-13,2026-09-13,269,"Windows + Linux","$5.00-$9.99",1.96711235670592,0,0,0,0,0,0,1,0,0,0,1,0,0,1,1.96711235670592,0.0289192889105028,-1.46727504338075
4153370,"Core Destroyer",2025-11-19,"2025-11",0,1,0,0,0.99,0.99,0,"USD",4,3,1,0.75,0,"4 user reviews",2026-09-13 07:10:49.026428,2026-09-13 20:22:35.032451,2026-09-13,2026-09-13,298,"Windows only","$0.01-$4.99",0.688134638736401,1,0,0,0,0,0,1,0,0,0,0,0,0,1,0.688134638736401,-1.71573437006504,-0.908621344823082
4153670,"Until Death",2025-12-03,"2025-12",0,1,0,0,0.99,0.99,0,"USD",0,0,0,,0,"No user reviews",2026-09-13 07:10:57.657905,2026-09-13 20:22:37.178021,2026-09-13,2026-09-13,284,"Windows only","$0.01-$4.99",0.688134638736401,1,0,1,0,0,0,1,0,0,0,0,0,0,0,0.688134638736401,-1.71573437006504,-1.17831623378195
4153890,"Clapism",2025-11-20,"2025-11",0,1,0,0,2.99,2.99,0,"USD",28,24,4,0.857142857142857,7,"Positive",2026-09-13 07:11:01.868992,2026-09-13 20:22:39.288847,2026-09-13,2026-09-13,297,"Windows only","$0.01-$4.99",1.38379123090177,0,1,0,0,0,0,1,0,0,0,1,0,0,1,1.38379123090177,-0.766789128987195,-0.927885265463002
4154110,"Beyond The Second Hour",2025-12-16,"2025-12",0,1,0,0,1.25,1.25,0,"USD",2,1,1,0.5,0,"2 user reviews",2026-09-13 07:11:04.08117,2026-09-13 20:22:41.538453,2026-09-13,2026-09-13,271,"Windows only","$0.01-$4.99",0.810930216216329,1,1,0,0,0,0,0,0,0,0,0,0,1,1,0.810930216216329,-1.54822890804926,-1.42874720210091
4154280,"百鬼图鉴-国风·挂机·卡牌·游戏",2025-11-20,"2025-11",1,1,0,0,,,,,0,0,0,,0,"No user reviews",2026-09-13 07:11:06.318261,2026-09-13 20:22:43.732692,2026-09-13,2026-09-13,297,"Windows only","Free",,0,0,0,0,1,0,0,0,1,0,0,0,1,0,,0,-0.927885265463002
4154430,"BOD EFSANESI: PARS",2025-12-14,"2025-12",1,1,0,0,,,,,3,2,1,0.666666666666667,0,"3 user reviews",2026-09-13 07:11:10.385731,2026-09-13 20:22:45.878954,2026-09-13,2026-09-13,273,"Windows only","Free",,1,1,0,0,1,0,1,0,0,0,0,0,0,1,,0,-1.39021936082107
4154760,"Win The Election",2025-11-20,"2025-11",0,1,0,0,5.99,5.99,0,"USD",1,0,1,0,0,"1 user reviews",2026-09-13 07:11:16.858164,2026-09-13 20:22:47.898378,2026-09-13,2026-09-13,297,"Windows only","$5.00-$9.99",1.94448055624572,0,0,1,0,0,0,1,0,0,0,1,0,1,1,1.94448055624572,-0.00195275282042951,-0.927885265463002
4155130,"Exovore",2025-12-17,"2025-12",0,1,0,1,4.99,4.99,0,"USD",1,1,0,1,0,"1 user reviews",2026-09-13 07:11:23.470338,2026-09-13 20:22:49.904814,2026-09-13,2026-09-13,270,"Windows + Linux","$0.01-$4.99",1.79009141212736,1,0,1,0,0,0,1,0,0,0,0,0,0,1,1.79009141212736,-0.212555002889199,-1.44801112274083
4155500,"Elezion",2025-12-05,"2025-12",0,1,1,1,3.99,0.99,75,"USD",1,1,0,1,0,"1 user reviews",2026-09-13 07:11:27.886074,2026-09-13 20:22:51.973295,2026-09-13,2026-09-13,282,"Windows + macOS + Linux","$0.01-$4.99",0.688134638736401,0,1,1,0,0,0,1,0,0,0,0,0,0,1,0.688134638736401,-1.71573437006504,-1.21684407506179
4156550,"The Haunted Spot",2025-11-19,"2025-11",0,1,0,1,3.99,3.99,0,"USD",0,0,0,,0,"No user reviews",2026-09-13 07:11:44.588068,2026-09-13 20:22:54.115242,2026-09-13,2026-09-13,298,"Windows + Linux","$0.01-$4.99",1.60743590976343,0,1,1,0,0,0,1,0,0,0,0,0,0,0,1.60743590976343,-0.461715395641907,-0.908621344823082
4157640,"BUDUKUTUA",2025-12-05,"2025-12",0,1,0,0,4.99,4.99,0,"USD",1,1,0,1,0,"1 user reviews",2026-09-13 07:11:51.139905,2026-09-13 20:22:56.196378,2026-09-13,2026-09-13,282,"Windows only","$0.01-$4.99",1.79009141212736,1,1,0,0,0,0,1,0,0,0,0,0,0,1,1.79009141212736,-0.212555002889199,-1.21684407506179
4157780,"Manchester's Crimes: The Beginnings",2025-12-13,"2025-12",1,1,0,0,,,,,0,0,0,,0,"No user reviews",2026-09-13 07:11:53.382315,2026-09-13 20:22:58.437268,2026-09-13,2026-09-13,274,"Windows only","Free",,0,1,1,0,1,0,0,0,0,0,0,0,0,0,,0,-1.37095544018115
4158400,"Clockwork Cleanup",2025-12-08,"2025-12",1,1,0,0,,,,,0,0,0,,0,"No user reviews",2026-09-13 07:11:57.642327,2026-09-13 20:23:00.679395,2026-09-13,2026-09-13,279,"Windows only","Free",,0,0,1,0,1,0,1,0,0,0,0,0,1,0,,0,-1.27463583698155
4158430,"Linker Vibe",2025-12-01,"2025-12",0,1,0,0,4.99,4.99,0,"USD",1,1,0,1,0,"1 user reviews",2026-09-13 07:11:59.706536,2026-09-13 20:23:02.757161,2026-09-13,2026-09-13,286,"Windows only","$0.01-$4.99",1.79009141212736,0,0,1,1,0,0,1,0,0,0,0,0,0,1,1.79009141212736,-0.212555002889199,-1.13978839250212
4158540,"Crossroads Farming Co.",2025-12-04,"2025-12",0,1,0,0,5.99,5.99,0,"USD",0,0,0,,0,"No user reviews",2026-09-13 07:12:01.743846,2026-09-13 20:23:04.956849,2026-09-13,2026-09-13,283,"Windows only","$5.00-$9.99",1.94448055624572,0,1,1,1,0,0,1,0,1,0,1,0,1,0,1.94448055624572,-0.00195275282042951,-1.19758015442187
4160160,"Dumbubu",2025-12-19,"2025-12",1,1,0,0,,,,,0,0,0,,0,"No user reviews",2026-09-13 07:12:28.328224,2026-09-13 20:23:07.124334,2026-09-13,2026-09-13,268,"Windows only","Free",,0,0,1,0,1,0,1,0,0,0,1,0,0,0,,0,-1.48653896402067
4160320,"Pigment",2025-12-01,"2025-12",1,1,0,0,,,,,0,0,0,,0,"No user reviews",2026-09-13 07:12:32.489981,2026-09-13 20:23:09.22741,2026-09-13,2026-09-13,286,"Windows only","Free",,1,1,0,0,1,0,1,0,0,0,0,0,0,0,,0,-1.13978839250212
4160960,"EGGMART",2025-11-26,"2025-11",0,1,0,0,8.99,8.99,0,"USD",7,4,3,0.571428571428571,0,"7 user reviews",2026-09-13 07:12:39.00602,2026-09-13 20:23:11.419316,2026-09-13,2026-09-13,291,"Windows only","$5.00-$9.99",2.30158459266046,0,0,0,0,0,0,1,0,0,0,1,0,0,1,2.30158459266046,0.485172906221557,-1.04346878930252
4161290,"Home Cooked Spaghetti Western",2025-12-04,"2025-12",0,1,0,0,4.99,4.99,0,"USD",1,1,0,1,0,"1 user reviews",2026-09-13 07:12:45.143011,2026-09-13 20:23:13.668132,2026-09-13,2026-09-13,283,"Windows only","$0.01-$4.99",1.79009141212736,0,0,0,0,0,0,1,0,1,0,0,0,0,1,1.79009141212736,-0.212555002889199,-1.19758015442187
4161370,"The Entity Within",2025-12-20,"2025-12",0,1,0,0,2.99,2.99,0,"USD",1,0,1,0,0,"1 user reviews",2026-09-13 07:12:51.729766,2026-09-13 20:23:15.800342,2026-09-13,2026-09-13,267,"Windows only","$0.01-$4.99",1.38379123090177,1,1,0,0,0,0,0,0,0,0,0,0,0,1,1.38379123090177,-0.766789128987195,-1.50580288466059
4161490,"Tatvalok",2025-11-28,"2025-11",0,1,0,0,3.99,3.99,0,"USD",1,1,0,1,0,"1 user reviews",2026-09-13 07:12:58.138515,2026-09-13 20:23:17.956465,2026-09-13,2026-09-13,289,"Windows only","$0.01-$4.99",1.60743590976343,1,1,0,1,0,0,1,0,1,0,0,0,0,1,1.60743590976343,-0.461715395641907,-1.08199663058236
4161930,"A taste of home",2025-12-04,"2025-12",0,1,0,0,2.99,2.99,0,"USD",90,85,5,0.944444444444444,8,"Very Positive",2026-09-13 07:13:04.465414,2026-09-13 20:23:20.072562,2026-09-13,2026-09-13,283,"Windows only","$0.01-$4.99",1.38379123090177,1,1,0,0,0,0,1,0,0,0,1,0,0,1,1.38379123090177,-0.766789128987195,-1.19758015442187
4162160,"新盗墓笔记（南派三叔正版授权）",2025-11-28,"2025-11",1,1,0,0,,,,,0,0,0,,0,"No user reviews",2026-09-13 07:13:12.874669,2026-09-13 20:23:22.205997,2026-09-13,2026-09-13,289,"Windows only","Free",,1,0,0,0,1,0,0,1,1,0,0,0,1,0,,0,-1.08199663058236
4162240,"圈套scheme",2025-11-30,"2025-11",0,1,0,0,0.99,0.99,0,"USD",1,1,0,1,0,"1 user reviews",2026-09-13 07:13:17.049961,2026-09-13 20:23:24.304401,2026-09-13,2026-09-13,287,"Windows only","$0.01-$4.99",0.688134638736401,0,0,1,0,0,0,1,0,0,0,1,0,1,1,0.688134638736401,-1.71573437006504,-1.1205244718622
4162270,"Poop Game【Suika-Style Falling Puzzle】",2025-11-27,"2025-11",0,1,0,0,0.99,0.99,0,"USD",6,4,2,0.666666666666667,0,"6 user reviews",2026-09-13 07:13:19.136466,2026-09-13 20:23:26.354534,2026-09-13,2026-09-13,290,"Windows only","$0.01-$4.99",0.688134638736401,0,0,1,0,0,0,1,0,0,0,0,0,0,1,0.688134638736401,-1.71573437006504,-1.06273270994244
4162280,"Sad Virus Forest",2025-11-21,"2025-11",0,1,0,0,0.99,0.99,0,"USD",8,7,1,0.875,0,"8 user reviews",2026-09-13 07:13:21.362058,2026-09-13 20:23:28.41974,2026-09-13,2026-09-13,296,"Windows only","$0.01-$4.99",0.688134638736401,0,0,0,0,0,0,1,0,0,0,1,0,0,1,0.688134638736401,-1.71573437006504,-0.947149186102921
4162300,"Obsessed : Trace",2025-12-22,"2025-12",0,1,0,0,4.99,4.99,0,"USD",77,66,11,0.857142857142857,8,"Very Positive",2026-09-13 07:13:23.564339,2026-09-13 20:23:30.56157,2026-09-13,2026-09-13,265,"Windows only","$0.01-$4.99",1.79009141212736,0,1,0,0,0,0,1,0,0,0,0,0,0,1,1.79009141212736,-0.212555002889199,-1.54433072594043
4162750,"GogRun",2025-11-28,"2025-11",0,1,0,0,3.99,3.99,0,"USD",0,0,0,,0,"No user reviews",2026-09-13 07:13:27.584272,2026-09-13 20:23:32.76846,2026-09-13,2026-09-13,289,"Windows only","$0.01-$4.99",1.60743590976343,1,0,0,0,0,0,0,0,0,0,0,0,0,0,1.60743590976343,-0.461715395641907,-1.08199663058236
4163080,"Unlimited Farm Tycoon - Cozy Idle Farm Game",2025-11-24,"2025-11",0,1,0,0,4.99,1.24,75,"USD",17,15,2,0.882352941176471,7,"Positive",2026-09-13 07:13:38.311835,2026-09-13 20:23:34.788757,2026-09-13,2026-09-13,293,"Windows only","$0.01-$4.99",0.806475865866949,0,0,1,0,0,0,1,0,0,0,1,0,1,1,0.806475865866949,-1.55430508789682,-1.00494094802268
4163440,"Cognitive Displacement",2025-12-08,"2025-12",0,1,0,0,1.99,1.99,0,"USD",1,1,0,1,0,"1 user reviews",2026-09-13 07:13:44.756622,2026-09-13 20:23:36.857259,2026-09-13,2026-09-13,279,"Windows only","$0.01-$4.99",1.0952733874026,0,1,0,1,0,0,1,0,0,0,0,0,0,1,1.0952733874026,-1.16035635402041,-1.27463583698155
4164340,"Sakushapara Baseball",2025-12-02,"2025-12",0,1,0,0,8.99,8.99,0,"USD",0,0,0,,0,"No user reviews",2026-09-13 07:13:53.281173,2026-09-13 20:23:38.90973,2026-09-13,2026-09-13,285,"Windows only","$5.00-$9.99",2.30158459266046,0,0,0,0,0,0,0,0,0,0,0,1,0,0,2.30158459266046,0.485172906221557,-1.15905231314204
4164370,"JU,QI,PAO",2025-11-27,"2025-11",0,1,0,0,1.99,1.99,0,"USD",0,0,0,,0,"No user reviews",2026-09-13 07:13:55.487163,2026-09-13 20:23:41.082962,2026-09-13,2026-09-13,290,"Windows only","$0.01-$4.99",1.0952733874026,0,0,1,0,0,0,1,0,0,0,0,0,1,0,1.0952733874026,-1.16035635402041,-1.06273270994244
4164440,"Meow Time Machine: VAN GOGH Plus",2025-12-30,"2025-12",0,1,0,0,5.99,5.99,0,"USD",1,0,1,0,0,"1 user reviews",2026-09-13 07:13:59.657889,2026-09-13 20:23:43.211444,2026-09-13,2026-09-13,257,"Windows only","$5.00-$9.99",1.94448055624572,0,0,1,0,0,0,0,0,0,0,0,0,0,1,1.94448055624572,-0.00195275282042951,-1.69844209105978
4164950,"Legitimate Space Corp Simulator LLC - Prologue",2025-12-09,"2025-12",1,1,0,0,,,,,0,0,0,,0,"No user reviews",2026-09-13 07:14:12.655922,2026-09-13 20:23:45.468672,2026-09-13,2026-09-13,278,"Windows only","Free",,0,0,1,0,1,0,1,0,0,0,1,0,0,0,,0,-1.29389975762147
4165690,"House in a Meadow VR",2025-12-12,"2025-12",0,1,0,0,179.99,179.99,0,"USD",0,0,0,,0,"No user reviews",2026-09-13 07:14:25.355893,2026-09-13 20:23:47.634585,2026-09-13,2026-09-13,275,"Windows only","$30.00+",5.19844178112078,0,0,0,0,0,0,0,0,0,0,1,0,0,0,5.19844178112078,4.43677614556536,-1.35169151954123
4166750,"SANTAQUEST",2025-12-16,"2025-12",0,1,0,0,0.99,0.99,0,"USD",0,0,0,,0,"No user reviews",2026-09-13 07:14:31.844315,2026-09-13 20:23:49.738014,2026-09-13,2026-09-13,271,"Windows only","$0.01-$4.99",0.688134638736401,0,0,1,0,0,0,1,0,1,0,0,0,0,0,0.688134638736401,-1.71573437006504,-1.42874720210091
4167940,"Stealth Employee",2025-12-05,"2025-12",0,1,0,0,3.99,3.99,0,"USD",0,0,0,,0,"No user reviews",2026-09-13 07:14:48.958285,2026-09-13 20:23:51.77344,2026-09-13,2026-09-13,282,"Windows only","$0.01-$4.99",1.60743590976343,1,1,0,0,0,0,1,0,0,0,0,0,0,0,1.60743590976343,-0.461715395641907,-1.21684407506179
4168670,"Maelslime",2025-12-30,"2025-12",0,1,0,0,0.99,0.99,0,"USD",3,3,0,1,0,"3 user reviews",2026-09-13 07:14:55.307506,2026-09-13 20:23:53.830639,2026-09-13,2026-09-13,257,"Windows only","$0.01-$4.99",0.688134638736401,1,0,0,0,0,0,1,0,0,0,0,0,0,1,0.688134638736401,-1.71573437006504,-1.69844209105978
4168750,"One More 6ix",2025-12-02,"2025-12",0,1,1,0,1.99,1.99,0,"USD",150,149,1,0.993333333333333,8,"Very Positive",2026-09-13 07:14:57.379587,2026-09-13 20:23:56.081451,2026-09-13,2026-09-13,285,"Windows + macOS","$0.01-$4.99",1.0952733874026,0,0,1,0,0,0,1,0,0,0,1,0,0,1,1.0952733874026,-1.16035635402041,-1.15905231314204
4169210,"101 Dogs Hidden in Brazil",2025-12-09,"2025-12",0,1,0,0,0.99,0.99,0,"USD",18,17,1,0.944444444444444,7,"Positive",2026-09-13 07:15:08.006193,2026-09-13 20:23:58.281726,2026-09-13,2026-09-13,278,"Windows only","$0.01-$4.99",0.688134638736401,0,0,1,0,0,0,1,0,0,0,0,0,0,1,0.688134638736401,-1.71573437006504,-1.29389975762147
4169300,"Operation: Outbreak",2025-12-20,"2025-12",1,1,0,0,,,,,0,0,0,,0,"No user reviews",2026-09-13 07:15:14.31759,2026-09-13 20:24:00.296853,2026-09-13,2026-09-13,267,"Windows only","Free",,1,0,0,0,1,0,0,0,0,0,0,0,0,0,,0,-1.50580288466059
4170730,"ElDorado",2025-12-21,"2025-12",0,1,0,0,2.99,2.99,0,"USD",2,2,0,1,0,"2 user reviews",2026-09-13 07:15:33.641445,2026-09-13 20:24:02.320494,2026-09-13,2026-09-13,266,"Windows only","$0.01-$4.99",1.38379123090177,0,1,1,0,0,0,0,0,0,0,0,0,0,1,1.38379123090177,-0.766789128987195,-1.52506680530051
4170820,"Poly Canker",2025-12-08,"2025-12",0,1,0,0,3.99,3.99,0,"USD",0,0,0,,0,"No user reviews",2026-09-13 07:15:35.693633,2026-09-13 20:24:04.466673,2026-09-13,2026-09-13,279,"Windows only","$0.01-$4.99",1.60743590976343,1,0,0,0,0,0,1,0,0,0,0,0,0,0,1.60743590976343,-0.461715395641907,-1.27463583698155
4171330,"Miracle Vibe Show VR",2025-12-01,"2025-12",0,1,0,0,10.99,10.99,0,"USD",1,1,0,1,0,"1 user reviews",2026-09-13 07:15:39.934642,2026-09-13 20:24:06.549749,2026-09-13,2026-09-13,286,"Windows only","$10.00-$19.99",2.48407296903942,0,0,0,0,0,0,1,0,0,0,1,0,0,1,2.48407296903942,0.734105322398058,-1.13978839250212
4171420,"Circuit Overload",2025-12-03,"2025-12",0,1,0,0,2.99,2.99,0,"USD",11,11,0,1,7,"Positive",2026-09-13 07:15:42.002855,2026-09-13 20:24:08.733773,2026-09-13,2026-09-13,284,"Windows only","$0.01-$4.99",1.38379123090177,1,0,1,0,0,0,1,0,0,0,0,0,0,1,1.38379123090177,-0.766789128987195,-1.17831623378195
4172330,"魔塔三国之曹操传奇",2025-12-03,"2025-12",0,1,0,0,0.99,0.99,0,"USD",1,1,0,1,0,"1 user reviews",2026-09-13 07:15:46.179275,2026-09-13 20:24:10.981578,2026-09-13,2026-09-13,284,"Windows only","$0.01-$4.99",0.688134638736401,0,0,1,0,0,0,1,0,1,0,0,0,1,1,0.688134638736401,-1.71573437006504,-1.17831623378195
4172680,"Skinwalkers Valley",2025-11-29,"2025-11",0,1,0,0,3.99,3.99,0,"USD",57,42,15,0.736842105263158,6,"Mostly Positive",2026-09-13 07:15:52.483595,2026-09-13 20:24:13.090917,2026-09-13,2026-09-13,288,"Windows only","$0.01-$4.99",1.60743590976343,0,1,0,0,0,0,1,0,1,0,0,0,0,1,1.60743590976343,-0.461715395641907,-1.10126055122228
4172720,"ISLET GARDEN",2025-12-15,"2025-12",0,1,0,0,6.99,6.99,0,"USD",21,21,0,1,7,"Positive",2026-09-13 07:15:54.600151,2026-09-13 20:24:15.271083,2026-09-13,2026-09-13,272,"Windows only","$5.00-$9.99",2.07819075977818,0,0,1,0,0,0,0,0,0,0,1,0,0,1,2.07819075977818,0.18044135190692,-1.40948328146099
4173740,"Ace of Rubies",2025-12-18,"2025-12",0,1,0,0,1.99,1.99,0,"USD",0,0,0,,0,"No user reviews",2026-09-13 07:16:05.046906,2026-09-13 20:24:17.368224,2026-09-13,2026-09-13,269,"Windows only","$0.01-$4.99",1.0952733874026,0,1,0,0,0,0,1,0,1,0,0,0,1,0,1.0952733874026,-1.16035635402041,-1.46727504338075
4174060,"Hardcore and Death",2025-12-05,"2025-12",0,1,0,0,1.99,1.99,0,"USD",64,54,10,0.84375,8,"Very Positive",2026-09-13 07:16:11.322283,2026-09-13 20:24:19.547145,2026-09-13,2026-09-13,282,"Windows only","$0.01-$4.99",1.0952733874026,1,1,1,0,0,0,1,0,0,0,0,0,0,1,1.0952733874026,-1.16035635402041,-1.21684407506179
4174350,"DarkSpase",2025-12-13,"2025-12",0,1,0,0,9.99,9.99,0,"USD",0,0,0,,0,"No user reviews",2026-09-13 07:16:13.577963,2026-09-13 20:24:21.630781,2026-09-13,2026-09-13,274,"Windows only","$5.00-$9.99",2.39698576841553,1,0,0,1,0,0,1,0,0,1,1,0,0,0,2.39698576841553,0.615309661548216,-1.37095544018115
4174530,"UsadaMAZE",2025-11-27,"2025-11",0,1,0,0,2.99,2.99,0,"USD",15,9,6,0.6,5,"Mixed",2026-09-13 07:16:15.629753,2026-09-13 20:24:23.640817,2026-09-13,2026-09-13,290,"Windows only","$0.01-$4.99",1.38379123090177,0,1,1,0,0,0,1,0,0,0,0,0,0,1,1.38379123090177,-0.766789128987195,-1.06273270994244
4175070,"Space Force Bargain Bin",2025-12-17,"2025-12",0,1,0,1,4.99,4.99,0,"USD",4,4,0,1,0,"4 user reviews",2026-09-13 07:16:26.017158,2026-09-13 20:24:25.835181,2026-09-13,2026-09-13,270,"Windows + Linux","$0.01-$4.99",1.79009141212736,1,0,0,0,0,0,1,0,0,0,0,0,0,1,1.79009141212736,-0.212555002889199,-1.44801112274083
4175790,"Grenzg<U+00E4>nger - Aus der DDR in den Westen",2025-12-19,"2025-12",1,1,1,0,,,,,0,0,0,,0,"No user reviews",2026-09-13 07:16:38.731599,2026-09-13 20:24:28.052663,2026-09-13,2026-09-13,268,"Windows + macOS","Free",,0,1,0,0,1,0,1,0,0,0,0,0,0,0,,0,-1.48653896402067
4177540,"NOVA ATLANTIS",2025-12-26,"2025-12",0,1,0,0,4.99,4.99,0,"USD",0,0,0,,0,"No user reviews",2026-09-13 07:16:53.53624,2026-09-13 20:24:30.258889,2026-09-13,2026-09-13,261,"Windows only","$0.01-$4.99",1.79009141212736,0,0,0,0,0,0,0,0,0,0,1,0,1,0,1.79009141212736,-0.212555002889199,-1.6213864085001
4178160,"Janky Golf with Stream",2025-11-28,"2025-11",1,1,0,0,,,,,0,0,0,,0,"No user reviews",2026-09-13 07:16:57.739983,2026-09-13 20:24:32.305598,2026-09-13,2026-09-13,289,"Windows only","Free",,0,0,1,0,1,0,1,0,0,0,0,1,0,0,,0,-1.08199663058236
4178660,"Blastoids",2025-12-12,"2025-12",0,1,0,0,4.99,4.99,0,"USD",1,0,1,0,0,"1 user reviews",2026-09-13 07:17:06.392021,2026-09-13 20:24:34.456361,2026-09-13,2026-09-13,275,"Windows only","$0.01-$4.99",1.79009141212736,0,0,1,0,0,0,1,0,0,0,0,0,0,1,1.79009141212736,-0.212555002889199,-1.35169151954123
4178780,"TheDrippingSound",2025-12-22,"2025-12",0,1,0,0,2.99,2.99,0,"USD",1,1,0,1,0,"1 user reviews",2026-09-13 07:17:12.918199,2026-09-13 20:24:36.521396,2026-09-13,2026-09-13,265,"Windows only","$0.01-$4.99",1.38379123090177,0,1,0,0,0,0,1,0,0,0,0,0,0,1,1.38379123090177,-0.766789128987195,-1.54433072594043
4180250,"Chronomaze: Gravity Maze",2025-12-08,"2025-12",1,1,1,1,,,,,0,0,0,,0,"No user reviews",2026-09-13 07:17:19.115937,2026-09-13 20:24:38.72875,2026-09-13,2026-09-13,279,"Windows + macOS + Linux","Free",,0,0,1,0,1,0,1,0,0,0,0,0,0,0,,0,-1.27463583698155
4181930,"Idle Defragmenter 95",2025-12-11,"2025-12",0,1,0,0,2.99,2.99,0,"USD",8,6,2,0.75,0,"8 user reviews",2026-09-13 07:17:39.877192,2026-09-13 20:24:40.981009,2026-09-13,2026-09-13,276,"Windows only","$0.01-$4.99",1.38379123090177,0,0,1,0,0,0,1,0,0,0,1,0,0,1,1.38379123090177,-0.766789128987195,-1.33242759890131
4182160,"Defend The General",2025-12-23,"2025-12",0,1,0,0,0.99,0.99,0,"USD",2,2,0,1,0,"2 user reviews",2026-09-13 07:17:42.117347,2026-09-13 20:24:43.160232,2026-09-13,2026-09-13,264,"Windows only","$0.01-$4.99",0.688134638736401,0,0,1,0,0,0,1,0,1,0,0,0,1,1,0.688134638736401,-1.71573437006504,-1.56359464658034
4182310,"DARK",2025-12-14,"2025-12",0,1,0,0,4.99,4.99,0,"USD",2,1,1,0.5,0,"2 user reviews",2026-09-13 07:17:46.482362,2026-09-13 20:24:45.395354,2026-09-13,2026-09-13,273,"Windows only","$0.01-$4.99",1.79009141212736,1,0,0,0,0,0,1,0,0,0,0,0,0,1,1.79009141212736,-0.212555002889199,-1.39021936082107
4182560,"Marble Odyssey: Sandbox",2025-12-05,"2025-12",0,1,0,0,10.99,10.99,0,"USD",9,9,0,1,0,"9 user reviews",2026-09-13 07:17:52.856185,2026-09-13 20:24:47.587353,2026-09-13,2026-09-13,282,"Windows only","$10.00-$19.99",2.48407296903942,0,0,1,0,0,0,1,0,0,0,1,0,0,1,2.48407296903942,0.734105322398058,-1.21684407506179
4186410,"Retail Therapy",2025-12-11,"2025-12",0,1,1,0,3.99,3.99,0,"USD",3,3,0,1,0,"3 user reviews",2026-09-13 07:18:36.687979,2026-09-13 20:24:49.805768,2026-09-13,2026-09-13,276,"Windows + macOS","$0.01-$4.99",1.60743590976343,1,0,0,0,0,0,0,0,0,0,0,0,0,1,1.60743590976343,-0.461715395641907,-1.33242759890131
4186480,"На недельку до второго",2025-12-14,"2025-12",0,1,1,1,4.99,2.49,50,"USD",26,26,0,1,7,"Positive",2026-09-13 07:18:40.866781,2026-09-13 20:24:51.86441,2026-09-13,2026-09-13,273,"Windows + macOS + Linux","$0.01-$4.99",1.24990173621434,0,0,1,0,0,0,1,0,0,0,0,0,0,1,1.24990173621434,-0.949427804800615,-1.39021936082107
4186500,"Devil in my head",2025-12-08,"2025-12",0,1,0,0,3.99,3.99,0,"USD",1,0,1,0,0,"1 user reviews",2026-09-13 07:18:42.930533,2026-09-13 20:24:54.050009,2026-09-13,2026-09-13,279,"Windows only","$0.01-$4.99",1.60743590976343,0,0,0,0,0,0,1,0,0,0,0,0,0,1,1.60743590976343,-0.461715395641907,-1.27463583698155
4187170,"Burger Daily Mate",2025-12-14,"2025-12",0,1,0,0,0.99,0.99,0,"USD",0,0,0,,0,"No user reviews",2026-09-13 07:18:47.007093,2026-09-13 20:24:56.25787,2026-09-13,2026-09-13,273,"Windows only","$0.01-$4.99",0.688134638736401,0,0,0,1,0,0,1,0,0,0,1,0,0,0,0.688134638736401,-1.71573437006504,-1.39021936082107
4187520,"Periodic Table Game",2025-12-31,"2025-12",0,1,0,1,1.99,1.99,0,"USD",0,0,0,,0,"No user reviews",2026-09-13 07:18:53.060128,2026-09-13 20:24:58.317544,2026-09-13,2026-09-13,256,"Windows + Linux","$0.01-$4.99",1.0952733874026,0,0,1,0,0,0,1,0,0,0,0,0,0,0,1.0952733874026,-1.16035635402041,-1.7177060116997
4188280,"Balls2",2025-12-25,"2025-12",0,1,0,1,4.99,4.99,0,"USD",5,5,0,1,0,"5 user reviews",2026-09-13 07:19:07.600455,2026-09-13 20:25:00.433907,2026-09-13,2026-09-13,262,"Windows + Linux","$0.01-$4.99",1.79009141212736,0,0,1,1,0,0,1,0,0,0,0,0,0,1,1.79009141212736,-0.212555002889199,-1.60212248786018
4189740,"Los Pilarcitos",2025-12-10,"2025-12",1,1,0,0,,,,,0,0,0,,0,"No user reviews",2026-09-13 07:19:24.52835,2026-09-13 20:25:02.621676,2026-09-13,2026-09-13,277,"Windows only","Free",,0,1,0,0,1,0,1,0,0,0,0,0,0,0,,0,-1.31316367826139
4189820,"Head in the Cloud",2025-12-17,"2025-12",0,1,0,0,8.99,8.99,0,"USD",0,0,0,,0,"No user reviews",2026-09-13 07:19:28.764804,2026-09-13 20:25:04.812709,2026-09-13,2026-09-13,270,"Windows only","$5.00-$9.99",2.30158459266046,0,1,1,0,0,0,1,0,0,0,0,0,0,0,2.30158459266046,0.485172906221557,-1.44801112274083
4190740,"MergeShift",2025-12-10,"2025-12",0,1,0,0,1.99,0.65,67,"USD",0,0,0,,0,"No user reviews",2026-09-13 07:19:39.481708,2026-09-13 20:25:06.876202,2026-09-13,2026-09-13,277,"Windows only","$0.01-$4.99",0.500775287912489,0,0,1,0,0,0,1,0,0,0,0,0,1,0,0.500775287912489,-1.971311283068,-1.31316367826139
4191440,"Seoul Bridge",2025-12-12,"2025-12",1,1,0,0,,,,,0,0,0,,0,"No user reviews",2026-09-13 07:19:52.219675,2026-09-13 20:25:09.058241,2026-09-13,2026-09-13,275,"Windows only","Free",,0,1,0,0,1,0,1,0,0,0,1,0,0,0,,0,-1.35169151954123
4191720,"Molodoy Simulator",2025-12-03,"2025-12",0,1,0,0,0.99,0.99,0,"USD",2,1,1,0.5,0,"2 user reviews",2026-09-13 07:19:54.283196,2026-09-13 20:25:11.096385,2026-09-13,2026-09-13,284,"Windows only","$0.01-$4.99",0.688134638736401,1,1,0,0,0,0,1,0,0,0,1,0,0,1,0.688134638736401,-1.71573437006504,-1.17831623378195
4192310,"Reindeer Wrangler",2025-12-09,"2025-12",0,1,0,0,6.99,6.99,0,"USD",1,1,0,1,0,"1 user reviews",2026-09-13 07:20:04.899356,2026-09-13 20:25:13.271062,2026-09-13,2026-09-13,278,"Windows only","$5.00-$9.99",2.07819075977818,0,0,1,0,0,0,1,0,0,0,0,0,0,1,2.07819075977818,0.18044135190692,-1.29389975762147
4192900,"Terria Tactics",2025-12-04,"2025-12",0,1,1,0,6.99,4.89,30,"USD",2,2,0,1,0,"2 user reviews",2026-09-13 07:20:11.306777,2026-09-13 20:25:15.473927,2026-09-13,2026-09-13,283,"Windows + macOS","$0.01-$4.99",1.7732559976635,0,0,0,0,0,0,1,0,0,0,1,0,1,1,1.7732559976635,-0.23552019378508,-1.19758015442187
4193830,"Robot Space Frenzy",2025-12-08,"2025-12",0,1,0,0,4.99,4.99,0,"USD",7,7,0,1,0,"7 user reviews",2026-09-13 07:20:24.111408,2026-09-13 20:25:17.701728,2026-09-13,2026-09-13,279,"Windows only","$0.01-$4.99",1.79009141212736,1,0,1,0,0,0,0,0,0,0,0,0,0,1,1.79009141212736,-0.212555002889199,-1.27463583698155
4194710,"Pro Stone Curling",2025-12-10,"2025-12",0,1,0,0,3.99,3.99,0,"USD",18,18,0,1,7,"Positive",2026-09-13 07:20:32.518377,2026-09-13 20:25:19.897849,2026-09-13,2026-09-13,277,"Windows only","$0.01-$4.99",1.60743590976343,0,0,1,0,0,0,0,0,0,0,1,1,0,1,1.60743590976343,-0.461715395641907,-1.31316367826139
4194980,"Dungeonfall",2025-12-19,"2025-12",0,1,1,1,3.99,3.99,0,"USD",6,6,0,1,0,"6 user reviews",2026-09-13 07:20:34.695181,2026-09-13 20:25:21.91899,2026-09-13,2026-09-13,268,"Windows + macOS + Linux","$0.01-$4.99",1.60743590976343,1,1,1,1,0,0,1,0,1,0,0,0,0,1,1.60743590976343,-0.461715395641907,-1.48653896402067
4196660,"Christmas Wonderland 16: Collector's Edition",2025-12-12,"2025-12",0,1,0,0,9.99,9.99,0,"USD",4,4,0,1,0,"4 user reviews",2026-09-13 07:20:53.751184,2026-09-13 20:25:24.013867,2026-09-13,2026-09-13,275,"Windows only","$5.00-$9.99",2.39698576841553,0,1,1,0,0,0,1,0,0,0,0,0,0,1,2.39698576841553,0.615309661548216,-1.35169151954123
4197130,"the Changjiang Gorges",2025-12-06,"2025-12",0,1,0,0,1.99,1.99,0,"USD",0,0,0,,0,"No user reviews",2026-09-13 07:21:00.254615,2026-09-13 20:25:26.079797,2026-09-13,2026-09-13,281,"Windows only","$0.01-$4.99",1.0952733874026,0,0,1,0,0,0,0,0,0,0,0,0,0,0,1.0952733874026,-1.16035635402041,-1.23610799570171
4198310,"A Haunting Novel: Surfaced Secrets Collector's Edition",2025-12-09,"2025-12",0,1,1,0,19.99,19.99,0,"USD",2,2,0,1,0,"2 user reviews",2026-09-13 07:21:08.995245,2026-09-13 20:25:28.147631,2026-09-13,2026-09-13,278,"Windows + macOS","$10.00-$19.99",3.04404613383254,0,1,1,0,0,0,0,0,0,0,0,0,0,1,3.04404613383254,1.49796478387127,-1.29389975762147
4199340,"Neon Fantasy: Fairies",2025-12-06,"2025-12",0,1,0,0,1.99,1.99,0,"USD",0,0,0,,0,"No user reviews",2026-09-13 07:21:19.65593,2026-09-13 20:25:30.374453,2026-09-13,2026-09-13,281,"Windows only","$0.01-$4.99",1.0952733874026,0,0,1,0,0,0,1,0,0,0,0,0,0,0,1.0952733874026,-1.16035635402041,-1.23610799570171
4199400,"Rock Paper Scissors: The Roguelike Puzzle Game",2025-12-23,"2025-12",0,1,0,0,2.99,2.99,0,"USD",2,2,0,1,0,"2 user reviews",2026-09-13 07:21:21.735905,2026-09-13 20:25:32.486391,2026-09-13,2026-09-13,264,"Windows only","$0.01-$4.99",1.38379123090177,0,0,0,0,0,0,1,0,0,0,0,0,0,1,1.38379123090177,-0.766789128987195,-1.56359464658034
4199750,"Escape Game Room Collection Vol.1",2025-12-19,"2025-12",0,1,0,0,12.99,12.99,0,"USD",4,3,1,0.75,0,"4 user reviews",2026-09-13 07:21:25.972131,2026-09-13 20:25:34.492921,2026-09-13,2026-09-13,268,"Windows only","$10.00-$19.99",2.63834278867739,0,1,0,0,0,0,1,0,0,0,0,0,0,1,2.63834278867739,0.944544801928764,-1.48653896402067
4201160,"Compass & Straightedge",2025-12-10,"2025-12",0,1,0,0,3.99,0.99,75,"USD",3,3,0,1,0,"3 user reviews",2026-09-13 07:21:32.405038,2026-09-13 20:25:36.61999,2026-09-13,2026-09-13,277,"Windows only","$0.01-$4.99",0.688134638736401,0,0,1,0,0,0,1,0,0,0,0,0,0,1,0.688134638736401,-1.71573437006504,-1.31316367826139
4201500,"Ba B<U+1ECB>",2025-12-12,"2025-12",0,1,0,1,4.99,4.99,0,"USD",42,42,0,1,7,"Positive",2026-09-13 07:21:36.637046,2026-09-13 20:25:38.736219,2026-09-13,2026-09-13,275,"Windows + Linux","$0.01-$4.99",1.79009141212736,0,0,0,0,0,0,1,0,0,0,1,0,1,1,1.79009141212736,-0.212555002889199,-1.35169151954123
4201780,"The Cradle",2025-12-11,"2025-12",0,1,0,0,0.99,0.99,0,"USD",20,13,7,0.65,5,"Mixed",2026-09-13 07:21:40.885995,2026-09-13 20:25:40.823382,2026-09-13,2026-09-13,276,"Windows only","$0.01-$4.99",0.688134638736401,1,1,0,0,0,0,1,0,0,0,1,0,0,1,0.688134638736401,-1.71573437006504,-1.33242759890131
4202580,"Dollemma",2025-12-15,"2025-12",1,1,0,0,,,,,0,0,0,,0,"No user reviews",2026-09-13 07:21:55.962831,2026-09-13 20:25:42.960677,2026-09-13,2026-09-13,272,"Windows only","Free",,0,0,1,0,1,0,0,0,0,0,0,0,0,0,,0,-1.40948328146099
4202920,"Nightshift - The School Janitor",2025-12-18,"2025-12",0,1,0,0,4.99,4.99,0,"USD",2,1,1,0.5,0,"2 user reviews",2026-09-13 07:22:00.283152,2026-09-13 20:25:45.209461,2026-09-13,2026-09-13,269,"Windows only","$0.01-$4.99",1.79009141212736,0,0,0,0,0,0,1,0,0,0,0,0,0,1,1.79009141212736,-0.212555002889199,-1.46727504338075
4203490,"Typing English",2025-12-23,"2025-12",0,1,0,0,7.99,7.99,0,"USD",3,3,0,1,0,"3 user reviews",2026-09-13 07:22:06.698586,2026-09-13 20:25:47.245488,2026-09-13,2026-09-13,264,"Windows only","$5.00-$9.99",2.19611284848353,0,0,1,0,0,0,1,0,0,0,0,0,0,1,2.19611284848353,0.341298887298887,-1.56359464658034
4203610,"Last Gate",2025-12-25,"2025-12",0,1,0,0,4.99,4.99,0,"USD",1,1,0,1,0,"1 user reviews",2026-09-13 07:22:08.810833,2026-09-13 20:25:49.410225,2026-09-13,2026-09-13,262,"Windows only","$0.01-$4.99",1.79009141212736,1,1,0,0,0,0,1,0,1,0,0,0,0,1,1.79009141212736,-0.212555002889199,-1.60212248786018
4203690,"思い出せ！更生日記女苑ちゃん！！",2025-12-12,"2025-12",0,1,0,0,6.99,6.99,0,"USD",23,22,1,0.956521739130435,7,"Positive",2026-09-13 07:22:10.995554,2026-09-13 20:25:51.529585,2026-09-13,2026-09-13,275,"Windows only","$5.00-$9.99",2.07819075977818,0,0,1,0,0,0,0,0,0,0,0,0,0,1,2.07819075977818,0.18044135190692,-1.35169151954123
4204190,"Taiping Heavenly Kingdom",2025-12-18,"2025-12",0,1,0,0,3.99,3.99,0,"USD",15,10,5,0.666666666666667,5,"Mixed",2026-09-13 07:22:21.716334,2026-09-13 20:25:53.602041,2026-09-13,2026-09-13,269,"Windows only","$0.01-$4.99",1.60743590976343,0,0,0,0,0,0,0,0,0,0,0,0,1,1,1.60743590976343,-0.461715395641907,-1.46727504338075
4204320,"Wugong Mountain in Jiangxi",2025-12-09,"2025-12",0,1,0,0,1.99,1.99,0,"USD",0,0,0,,0,"No user reviews",2026-09-13 07:22:23.917644,2026-09-13 20:25:55.807833,2026-09-13,2026-09-13,278,"Windows only","$0.01-$4.99",1.0952733874026,0,0,1,0,0,0,0,0,0,0,0,0,0,0,1.0952733874026,-1.16035635402041,-1.29389975762147
4204950,"Marshmallow's Adventure",2025-12-11,"2025-12",0,1,0,0,4.99,4.99,0,"USD",1,1,0,1,0,"1 user reviews",2026-09-13 07:22:30.11468,2026-09-13 20:25:57.995407,2026-09-13,2026-09-13,276,"Windows only","$0.01-$4.99",1.79009141212736,0,1,0,0,0,0,1,0,0,0,0,0,0,1,1.79009141212736,-0.212555002889199,-1.33242759890131
4205860,"World Without",2025-12-28,"2025-12",0,1,0,0,14.99,14.99,0,"USD",1,1,0,1,0,"1 user reviews",2026-09-13 07:22:34.288133,2026-09-13 20:26:00.174021,2026-09-13,2026-09-13,259,"Windows only","$10.00-$19.99",2.77196352684586,1,1,0,0,0,0,0,0,0,0,0,0,0,1,2.77196352684586,1.12681686694233,-1.65991424977994
4207860,"エレベーション",2025-12-22,"2025-12",1,1,0,0,,,,,0,0,0,,0,"No user reviews",2026-09-13 07:22:40.410954,2026-09-13 20:26:02.324566,2026-09-13,2026-09-13,265,"Windows only","Free",,0,1,0,0,1,0,1,0,0,0,0,0,0,0,,0,-1.54433072594043
4209810,"Cadentia Farnese",2025-12-11,"2025-12",1,1,0,0,,,,,0,0,0,,0,"No user reviews",2026-09-13 07:23:08.799059,2026-09-13 20:26:04.455645,2026-09-13,2026-09-13,276,"Windows only","Free",,0,0,0,0,1,0,0,0,0,0,0,0,0,0,,0,-1.33242759890131
4211070,"Puppy Link - Tile Connect",2025-12-11,"2025-12",0,1,1,0,2.99,2.99,0,"USD",17,15,2,0.882352941176471,7,"Positive",2026-09-13 07:23:21.59756,2026-09-13 20:26:06.634162,2026-09-13,2026-09-13,276,"Windows + macOS","$0.01-$4.99",1.38379123090177,0,0,1,0,0,0,1,0,0,0,0,0,0,1,1.38379123090177,-0.766789128987195,-1.33242759890131
4211780,"Tales of Evion: Forgotten Dreams",2025-12-18,"2025-12",0,1,0,0,15.99,15.99,0,"USD",0,0,0,,0,"No user reviews",2026-09-13 07:23:25.807557,2026-09-13 20:26:08.733499,2026-09-13,2026-09-13,269,"Windows only","$10.00-$19.99",2.83262493568384,1,1,0,0,0,0,1,0,1,0,0,0,1,0,2.83262493568384,1.20956510203731,-1.46727504338075
4212070,"只有文字的挂机刷宝游戏",2025-12-17,"2025-12",0,1,0,1,0.99,0.99,0,"USD",59,44,15,0.745762711864407,6,"Mostly Positive",2026-09-13 07:23:36.415758,2026-09-13 20:26:10.991958,2026-09-13,2026-09-13,270,"Windows + Linux","$0.01-$4.99",0.688134638736401,0,0,1,0,0,0,1,0,0,0,0,0,0,1,0.688134638736401,-1.71573437006504,-1.44801112274083
4212740,"Fable Infinity",2025-12-19,"2025-12",0,1,0,0,69.99,69.99,0,"USD",0,0,0,,0,"No user reviews",2026-09-13 07:23:44.939892,2026-09-13 20:26:13.222708,2026-09-13,2026-09-13,268,"Windows only","$30.00+",4.26253902205129,0,0,1,0,0,0,0,0,0,0,0,0,0,0,4.26253902205129,3.16011107930594,-1.48653896402067
4212900,"Super Sticker Studio - Creative Fun for Everyone",2025-12-22,"2025-12",0,1,0,0,7.99,7.99,0,"USD",0,0,0,,0,"No user reviews",2026-09-13 07:23:47.015817,2026-09-13 20:26:15.331669,2026-09-13,2026-09-13,265,"Windows only","$5.00-$9.99",2.19611284848353,0,0,1,0,0,0,1,0,0,0,1,0,0,0,2.19611284848353,0.341298887298887,-1.54433072594043
4213000,"Argonauts Agency:  Patterns of Morpheus",2025-12-07,"2025-12",0,1,0,0,14.99,14.99,0,"USD",1,1,0,1,0,"1 user reviews",2026-09-13 07:23:51.29508,2026-09-13 20:26:17.413592,2026-09-13,2026-09-13,280,"Windows only","$10.00-$19.99",2.77196352684586,0,0,1,0,0,0,0,0,0,0,0,0,1,1,2.77196352684586,1.12681686694233,-1.25537191634163
4213300,"Sweetie Candy Maze: Purple Grape",2025-12-11,"2025-12",0,1,0,0,1.99,1.99,0,"USD",2,1,1,0.5,0,"2 user reviews",2026-09-13 07:23:53.373863,2026-09-13 20:26:19.538096,2026-09-13,2026-09-13,276,"Windows only","$0.01-$4.99",1.0952733874026,0,0,1,0,0,0,1,0,0,0,0,0,0,1,1.0952733874026,-1.16035635402041,-1.33242759890131
4213650,"Hazen's Children",2025-12-25,"2025-12",0,1,0,0,4.99,4.99,0,"USD",1,1,0,1,0,"1 user reviews",2026-09-13 07:23:57.476537,2026-09-13 20:26:21.664997,2026-09-13,2026-09-13,262,"Windows only","$0.01-$4.99",1.79009141212736,0,0,0,0,0,0,0,0,1,0,0,0,0,1,1.79009141212736,-0.212555002889199,-1.60212248786018
4214010,"A.I. P.I.",2025-12-13,"2025-12",0,1,0,0,0.99,0.99,0,"USD",1,1,0,1,0,"1 user reviews",2026-09-13 07:24:01.721399,2026-09-13 20:26:23.922048,2026-09-13,2026-09-13,274,"Windows only","$0.01-$4.99",0.688134638736401,0,1,1,0,0,0,1,0,0,0,0,0,0,1,0.688134638736401,-1.71573437006504,-1.37095544018115
4214660,"At the Mount Leng of madness",2025-12-18,"2025-12",0,1,0,0,6.99,6.99,0,"USD",4,4,0,1,0,"4 user reviews",2026-09-13 07:24:10.529842,2026-09-13 20:26:26.147129,2026-09-13,2026-09-13,269,"Windows only","$5.00-$9.99",2.07819075977818,0,1,1,0,0,0,0,0,0,0,0,0,0,1,2.07819075977818,0.18044135190692,-1.46727504338075
4215840,"The beach in Sanya",2025-12-12,"2025-12",0,1,0,0,0.99,0.99,0,"USD",0,0,0,,0,"No user reviews",2026-09-13 07:24:16.720137,2026-09-13 20:26:28.248451,2026-09-13,2026-09-13,275,"Windows only","$0.01-$4.99",0.688134638736401,0,0,1,0,0,0,0,0,0,0,0,0,0,0,0.688134638736401,-1.71573437006504,-1.35169151954123
4216090,"Clash of Peaks: Dynasty in Your Grasp",2025-12-16,"2025-12",0,1,0,0,1.99,1.99,0,"USD",9,9,0,1,0,"9 user reviews",2026-09-13 07:24:18.816972,2026-09-13 20:26:30.398024,2026-09-13,2026-09-13,271,"Windows only","$0.01-$4.99",1.0952733874026,1,0,1,0,0,0,0,0,1,0,1,1,0,1,1.0952733874026,-1.16035635402041,-1.42874720210091
4217330,"Six Seals",2025-12-29,"2025-12",0,1,0,0,3.99,0.79,80,"USD",4,3,1,0.75,0,"4 user reviews",2026-09-13 07:24:23.172111,2026-09-13 20:26:32.454603,2026-09-13,2026-09-13,258,"Windows only","$0.01-$4.99",0.582215619852664,0,1,1,0,0,0,1,0,0,0,0,0,0,1,0.582215619852664,-1.86021851646908,-1.67917817041986
4217660,"Small Hero",2025-12-17,"2025-12",0,1,0,0,0.99,0.99,0,"USD",78,67,11,0.858974358974359,8,"Very Positive",2026-09-13 07:24:25.426667,2026-09-13 20:26:34.570077,2026-09-13,2026-09-13,270,"Windows only","$0.01-$4.99",0.688134638736401,0,0,1,0,0,0,1,0,1,0,0,0,0,1,0.688134638736401,-1.71573437006504,-1.44801112274083
4217800,"Sweeper",2025-12-31,"2025-12",0,1,0,0,4.99,4.99,0,"USD",7,4,3,0.571428571428571,0,"7 user reviews",2026-09-13 07:24:27.519356,2026-09-13 20:26:36.81051,2026-09-13,2026-09-13,256,"Windows only","$0.01-$4.99",1.79009141212736,0,0,0,0,0,0,1,0,0,0,0,0,1,1,1.79009141212736,-0.212555002889199,-1.7177060116997
4217990,"Sugoroku New Year's Party",2025-12-24,"2025-12",0,1,0,0,11.99,11.99,0,"USD",2,2,0,1,0,"2 user reviews",2026-09-13 07:24:29.669843,2026-09-13 20:26:39.033764,2026-09-13,2026-09-13,263,"Windows only","$10.00-$19.99",2.56417983068251,0,0,1,0,0,0,1,0,0,0,0,0,0,1,2.56417983068251,0.843379102004269,-1.58285856722026
4219930,"Encore!",2025-12-18,"2025-12",1,1,1,0,,,,,0,0,0,,0,"No user reviews",2026-09-13 07:24:53.088885,2026-09-13 20:26:41.037613,2026-09-13,2026-09-13,269,"Windows + macOS","Free",,1,0,1,0,1,0,1,0,0,0,0,0,0,0,,0,-1.46727504338075
4220940,"Five Nights In Saransk",2025-12-27,"2025-12",0,1,0,0,0.99,0.99,0,"USD",101,59,42,0.584158415841584,5,"Mixed",2026-09-13 07:25:05.756672,2026-09-13 20:26:43.22819,2026-09-13,2026-09-13,260,"Windows only","$0.01-$4.99",0.688134638736401,1,1,1,0,0,0,1,0,1,0,1,0,0,1,0.688134638736401,-1.71573437006504,-1.64065032914002
4220960,"LOST IN TRANSIT",2025-12-18,"2025-12",0,1,0,0,4.99,4.99,0,"USD",18,18,0,1,7,"Positive",2026-09-13 07:25:07.968782,2026-09-13 20:26:45.265147,2026-09-13,2026-09-13,269,"Windows only","$0.01-$4.99",1.79009141212736,0,1,0,0,0,0,1,0,0,0,0,0,0,1,1.79009141212736,-0.212555002889199,-1.46727504338075
4221760,"Endless Tiles",2025-12-28,"2025-12",0,1,0,0,5.99,5.99,0,"USD",2,0,2,0,0,"2 user reviews",2026-09-13 07:25:20.622899,2026-09-13 20:26:47.465509,2026-09-13,2026-09-13,259,"Windows only","$5.00-$9.99",1.94448055624572,0,0,0,0,0,0,0,0,0,0,0,0,1,1,1.94448055624572,-0.00195275282042951,-1.65991424977994
4221860,"Sycophant",2025-12-31,"2025-12",0,1,0,0,34.99,34.99,0,"USD",0,0,0,,0,"No user reviews",2026-09-13 07:25:24.748021,2026-09-13 20:26:49.563212,2026-09-13,2026-09-13,256,"Windows only","$30.00+",3.58324112209094,0,0,1,0,0,0,0,0,1,0,0,0,0,0,3.58324112209094,2.23348073223332,-1.7177060116997
4222270,"Dear Lighthouse",2025-12-29,"2025-12",0,1,0,0,5.99,5.99,0,"USD",3,3,0,1,0,"3 user reviews",2026-09-13 07:25:29.182845,2026-09-13 20:26:51.712525,2026-09-13,2026-09-13,258,"Windows only","$5.00-$9.99",1.94448055624572,0,1,0,0,0,0,1,0,0,0,0,0,0,1,1.94448055624572,-0.00195275282042951,-1.67917817041986
4222340,"Denpa Nightmares",2025-12-25,"2025-12",1,1,0,0,,,,,0,0,0,,0,"No user reviews",2026-09-13 07:25:33.438089,2026-09-13 20:26:53.738704,2026-09-13,2026-09-13,262,"Windows only","Free",,0,0,0,0,1,0,1,0,1,0,1,0,0,0,,0,-1.60212248786018
4223750,"Glowing Hexagon",2025-12-18,"2025-12",0,1,0,0,0.99,0.99,0,"USD",1,1,0,1,0,"1 user reviews",2026-09-13 07:25:46.140753,2026-09-13 20:26:55.986023,2026-09-13,2026-09-13,269,"Windows only","$0.01-$4.99",0.688134638736401,0,0,1,0,0,0,1,0,0,0,0,0,0,1,0.688134638736401,-1.71573437006504,-1.46727504338075
4224640,"Vらいふ",2025-12-19,"2025-12",0,1,0,0,4.99,4.99,0,"USD",7,7,0,1,0,"7 user reviews",2026-09-13 07:25:50.408798,2026-09-13 20:26:58.200557,2026-09-13,2026-09-13,268,"Windows only","$0.01-$4.99",1.79009141212736,0,0,0,0,0,0,1,0,0,0,1,0,0,1,1.79009141212736,-0.212555002889199,-1.48653896402067
4226540,"Hidden Paradise: Kiwi Christmas Collector's Edition",2025-12-30,"2025-12",0,1,0,0,11.99,11.99,0,"USD",0,0,0,,0,"No user reviews",2026-09-13 07:26:03.006005,2026-09-13 20:27:00.294457,2026-09-13,2026-09-13,257,"Windows only","$10.00-$19.99",2.56417983068251,0,1,1,0,0,0,0,0,0,0,0,0,0,0,2.56417983068251,0.843379102004269,-1.69844209105978
4227580,"Field Pong: Gamesforfarm",2025-12-18,"2025-12",0,1,0,0,0.99,0.59,40,"USD",11,11,0,1,7,"Positive",2026-09-13 07:26:11.505442,2026-09-13 20:27:02.373416,2026-09-13,2026-09-13,269,"Windows only","$0.01-$4.99",0.46373401623214,1,0,1,0,0,0,1,1,1,0,1,1,0,1,0.46373401623214,-2.02183928622416,-1.46727504338075
4229050,"Error: Girlfriend Not Found",2025-12-22,"2025-12",0,1,1,1,0.99,0.99,0,"USD",13,13,0,1,7,"Positive",2026-09-13 07:26:22.077466,2026-09-13 20:27:04.382254,2026-09-13,2026-09-13,265,"Windows + macOS + Linux","$0.01-$4.99",0.688134638736401,0,0,1,0,0,0,1,0,0,0,0,0,0,1,0.688134638736401,-1.71573437006504,-1.54433072594043
4230400,"Cubio",2025-12-23,"2025-12",0,1,0,0,0.99,0.99,0,"USD",5,5,0,1,0,"5 user reviews",2026-09-13 07:26:26.242492,2026-09-13 20:27:06.501165,2026-09-13,2026-09-13,264,"Windows only","$0.01-$4.99",0.688134638736401,0,0,1,0,0,0,1,0,0,0,0,0,0,1,0.688134638736401,-1.71573437006504,-1.56359464658034
4231540,"SportsBlitz",2025-12-29,"2025-12",1,1,0,0,,,,,0,0,0,,0,"No user reviews",2026-09-13 07:26:34.843864,2026-09-13 20:27:08.512805,2026-09-13,2026-09-13,258,"Windows only","Free",,0,0,0,0,1,0,1,0,0,0,0,1,0,0,,0,-1.67917817041986
4231650,"SwingJump",2025-12-23,"2025-12",0,1,1,0,0.99,0.99,0,"USD",0,0,0,,0,"No user reviews",2026-09-13 07:26:37.058989,2026-09-13 20:27:10.678148,2026-09-13,2026-09-13,264,"Windows + macOS","$0.01-$4.99",0.688134638736401,0,0,1,0,0,0,1,0,0,0,0,0,0,0,0.688134638736401,-1.71573437006504,-1.56359464658034
4232360,"Buttons Up!",2025-12-31,"2025-12",0,1,1,1,1.99,1.99,0,"USD",51,43,8,0.843137254901961,8,"Very Positive",2026-09-13 07:26:43.443354,2026-09-13 20:27:12.844052,2026-09-13,2026-09-13,256,"Windows + macOS + Linux","$0.01-$4.99",1.0952733874026,0,0,1,0,0,0,1,0,0,0,0,0,1,1,1.0952733874026,-1.16035635402041,-1.7177060116997
4232770,"Driver Night Trip",2025-12-25,"2025-12",0,1,0,0,5.99,1.19,80,"USD",2,1,1,0.5,0,"2 user reviews",2026-09-13 07:26:47.63722,2026-09-13 20:27:14.991406,2026-09-13,2026-09-13,262,"Windows only","$0.01-$4.99",0.783901543828409,0,0,1,0,0,0,0,0,0,1,0,0,0,1,0.783901543828409,-1.58509872330585,-1.60212248786018
4233260,"Cybersoul",2025-12-25,"2025-12",1,1,0,0,,,,,1,1,0,1,0,"1 user reviews",2026-09-13 07:26:49.678865,2026-09-13 20:27:17.091226,2026-09-13,2026-09-13,262,"Windows only","Free",,1,0,1,0,1,0,1,0,1,0,1,1,1,1,,0,-1.60212248786018
4234540,"Children's Future",2025-12-25,"2025-12",0,1,0,0,0.99,0.99,0,"USD",0,0,0,,0,"No user reviews",2026-09-13 07:26:57.934785,2026-09-13 20:27:19.21846,2026-09-13,2026-09-13,262,"Windows only","$0.01-$4.99",0.688134638736401,0,1,0,0,0,0,0,0,0,0,0,0,0,0,0.688134638736401,-1.71573437006504,-1.60212248786018
4235540,"宝姉妹 | スクラッチシミュレーター",2025-12-24,"2025-12",1,1,0,0,,,,,0,0,0,,0,"No user reviews",2026-09-13 07:27:04.487238,2026-09-13 20:27:21.285123,2026-09-13,2026-09-13,263,"Windows only","Free",,0,0,1,0,1,0,1,0,0,0,1,0,0,0,,0,-1.58285856722026
4236590,"world of Y",2025-12-25,"2025-12",0,1,0,0,9.99,9.99,0,"USD",1,1,0,1,0,"1 user reviews",2026-09-13 07:27:10.751563,2026-09-13 20:27:23.383456,2026-09-13,2026-09-13,262,"Windows only","$5.00-$9.99",2.39698576841553,0,0,0,0,0,0,0,0,1,0,0,0,0,1,2.39698576841553,0.615309661548216,-1.60212248786018
4236610,"Halls of the damned",2025-12-24,"2025-12",0,1,0,0,0.99,0.99,0,"USD",4,1,3,0.25,0,"4 user reviews",2026-09-13 07:27:12.876562,2026-09-13 20:27:25.485544,2026-09-13,2026-09-13,263,"Windows only","$0.01-$4.99",0.688134638736401,1,1,0,0,0,0,0,0,1,0,0,0,0,1,0.688134638736401,-1.71573437006504,-1.58285856722026
4240940,"Gnomophobia",2025-12-26,"2025-12",0,1,0,0,2.99,2.99,0,"USD",4,3,1,0.75,0,"4 user reviews",2026-09-13 07:27:31.939577,2026-09-13 20:27:27.660592,2026-09-13,2026-09-13,261,"Windows only","$0.01-$4.99",1.38379123090177,0,1,0,0,0,0,0,0,0,0,0,0,0,1,1.38379123090177,-0.766789128987195,-1.6213864085001
4241940,"Sundered Soul: Chains of the Undying",2025-12-31,"2025-12",0,1,0,0,7.99,7.99,0,"USD",11,11,0,1,7,"Positive",2026-09-13 07:27:42.635558,2026-09-13 20:27:29.818948,2026-09-13,2026-09-13,256,"Windows only","$5.00-$9.99",2.19611284848353,1,0,0,0,0,0,1,0,1,0,0,0,0,1,2.19611284848353,0.341298887298887,-1.7177060116997
4249550,"The Frog That Leapt Too Far",2025-12-29,"2025-12",1,1,0,1,,,,,1,1,0,1,0,"1 user reviews",2026-09-13 07:28:01.97865,2026-09-13 20:27:31.855418,2026-09-13,2026-09-13,258,"Windows + Linux","Free",,0,0,0,0,1,0,1,0,0,0,0,0,1,1,,0,-1.67917817041986
4256310,"S.P.E.C.T.O.R 01",2025-12-30,"2025-12",1,1,0,0,,,,,0,0,0,,0,"No user reviews",2026-09-13 07:28:12.660811,2026-09-13 20:27:34.043403,2026-09-13,2026-09-13,257,"Windows only","Free",,1,0,0,0,1,0,1,0,0,0,0,0,0,0,,0,-1.69844209105978
